{
	"sourceDataInfo": {
		"newsID": "ET_M03_494318",
		"newsCategory": "연예",
		"newsSubcategory": "연예가화제",
		"newsTitle": "한국당 “문재인 정권, 언론에 재갈 물리려는 폭압적 행태 중단해야”",
		"newsSubTitle": "",
		"newsContent": "자유한국당은 29일 청와대의 ‘조선일보 및 TV조선 보도 관련 대변인 논평’에 대해 “언론에 대한 선전포고이자 재갈을 물리려는 폭압적 행태”라고 반발했다.\n장제원 수석대변인은 이날 논평을 통해 “특정 언론의 보도를 사실 보도가 아니라는 전제로 거짓이라고 단정한 것도 문제이지만 향후 남북미 정세와 관련된 보도 자체에 대해 단호히 대처하겠다는 입장은 언론에 대한 선전포고이자 재갈을 물리려는 폭압적 행태나 다름없다”고 주장했다.\n이어 “정부에 대한 언론의 비판을 발목잡기로 인식하는 문재인 정권의 언론관은 민주주의를 심각하게 위협하는 것”이라며 “특히 국가의 안위와 국민의 생명과 직결되는 북핵 문제에 대한 언론의 비판을 원천봉쇄하는 것은 대한민국을 더욱 위태롭게 하는 것”이라고 비판했다.\n장 수석대변인은 “언론이 남북미 정세에 끼치는 영향을 그렇게 걱정하면서 정작 북한이 대한민국 야당 지도자를 비난하며 남남갈등을 조장하고 미국을 원색적으로 비난하며 한반도 정세를 악화시킬 때 청와대는 말 한마디라도 대응했는가”라고 반문했다.\n또 “북한 언론의 보도 자유는 그렇게도 존중하면서 대한민국의 언론에 대해서는 ‘책임’ 운운하며 대놓고 ‘말조심하라’는 청와대 대변인의 엄포는 지난 2001년 김대중 정권의 언론 통제를 상기시킨다”며 “2001년 언론이 남북정상회담을 비판하는 등 반여 분위기를 조성하자 청와대가 보수언론을 ‘세무조사’로 압박하며 언론에 재갈을 물렸다는 의혹은 여전하다”고 지적했다.\n장 수석대변인은 “언론의 다양하고 자유로운 보도는 국민의 알 권리의 기본이며 그것이 곧 자유민주주의의 근간”이라며 “청와대는 권력에 의한 언론 통제는 대한민국의 자유민주주의에 더 큰 비수로 돌아올 것이라는 점을 명심하고 언론에 대한 선전포고를 즉시 중단해야 할 것”이라고 목소리를 높였다.\n앞서 김의겸 청와대 대변인은 이날 자신 명의의 논평을 통해 최근 조선일보가 보도한 “한미 정상회담 끝난 날, 국정원 팀이 평양으로 달려갔다(5월28일)”과 TV조선이 보도한 “ 풍계리 갱도 폭파 안 해…연막탄 피운 흔적 발견(5월24일)”, “ 북, 미 언론에 ‘풍계리 폭파’ 취재비 1만달러 요구(5월19일)”를 거론하며 “사실이 아닐 뿐만 아니라 비수 같은 위험성을 품고 있는 기사들”이라며 “앞으로 단호하게 대처할 수밖에 없음을 알려드린다”고 밝혔다.\n장제원 자유한국당 수석대변인 29일 논평 전문. ■ 문재인 정권은 언론에 대한 선전포고를 즉각 중단하라.\n청와대가 오늘(29일) 김의겸 대변인이 특정 언론사를 거론하며 비수 같은 위험성을 품고 있는 기사들이 남북미 상황에 대한 위태로움을 키우고 있다고 정면 비판했다.\n특정 언론의 보도를 ‘사실보도’가 아니라는 전제로 거짓이라고 단정한 것도 문제이지만 향후 남북미 정세와 관련된 보도 자체에 대해 단호히 대처하겠다는 입장은 언론에 대한 선전포고이자 재갈을 물리려는 폭압적 행태나 다름없다.\n정부에 대한 언론의 비판을 발목잡기로 인식하는 문재인 정권의 언론관은 민주주의를 심각하게 위협하는 것이다.\n특히, 국가의 안위와 국민의 생명과 직결되는 북핵 문제에 대한 언론의 비판을 원천봉쇄하는 것은 대한민국을 더욱 위태롭게 하는 것이다.\n언론이 남북미 정세에 끼치는 영향을 그렇게 걱정하면서 정작 북한이 대한민국 야당 지도자를 비난하며 남남갈등을 조장하고, 미국을 원색적으로 비난하며 한반도 정세를 악화시킬 때 청와대는 말 한마디라도 대응했는가?\n북한 언론의 보도 자유는 그렇게도 존중하면서 대한민국의 언론에 대해서는 ‘책임’ 운운하며 대놓고 ‘말조심 하라’는 청와대 대변인의 엄포는 지난 2001년 김대중 정권의 언론 통제를 상기시킨다. 2001년 언론이 남북정상회담을 비판하는 등 반여 분위기를 조성하자 청와대가 보수언론을 ‘세무조사’로 압박하며 언론에 재갈을 물렸다는 의혹은 여전하다.\n전례가 있는 만큼 청와대의 이번 논평이 그 수순은 아닌지 우려하지 않을 수 없다.\n언론의 다양하고 자유로운 보도는 국민의 알권리의 기본이며, 그것이 곧 자유민주주의의 근간이다.\n청와대는 권력에 의한 언론 통제는 대한민국의 자유민주주의에 더 큰 비수로 돌아올 것이라는 점을 명심하고 언론에 대한 선전포고를 즉시 중단해야 할 것이다.",
		"partNum": "P2",
		"useType": 0,
		"processType": "A",
		"processPattern": "99",
		"processLevel": "하",
		"sentenceCount": 17,
		"processSentencenum": 4,
		"sentenceInfo": [
			{
				"sentenceNo": 1,
				"sentenceContent": "자유한국당은 29일 청와대의 ‘조선일보 및 TV조선 보도 관련 대변인 논평’에 대해 “언론에 대한 선전포고이자 재갈을 물리려는 폭압적 행태”라고 반발했다.",
				"sentenceSize": 86
			},
			{
				"sentenceNo": 2,
				"sentenceContent": "장제원 수석대변인은 이날 논평을 통해 “특정 언론의 보도를 사실 보도가 아니라는 전제로 거짓이라고 단정한 것도 문제이지만 향후 남북미 정세와 관련된 보도 자체에 대해 단호히 대처하겠다는 입장은 언론에 대한 선전포고이자 재갈을 물리려는 폭압적 행태나 다름없다”고 주장했다.",
				"sentenceSize": 151
			},
			{
				"sentenceNo": 3,
				"sentenceContent": "이어 “정부에 대한 언론의 비판을 발목잡기로 인식하는 문재인 정권의 언론관은 민주주의를 심각하게 위협하는 것”이라며 “특히 국가의 안위와 국민의 생명과 직결되는 북핵 문제에 대한 언론의 비판을 원천봉쇄하는 것은 대한민국을 더욱 위태롭게 하는 것”이라고 비판했다.",
				"sentenceSize": 146
			},
			{
				"sentenceNo": 4,
				"sentenceContent": "장 수석대변인은 “언론이 남북미 정세에 끼치는 영향을 그렇게 걱정하면서 정작 북한이 대한민국 야당 지도자를 비난하며 남남갈등을 조장하고 미국을 원색적으로 비난하며 한반도 정세를 악화시킬 때 청와대는 말 한마디라도 대응했는가”라고 반문했다.",
				"sentenceSize": 133
			},
			{
				"sentenceNo": 5,
				"sentenceContent": "또 “북한 언론의 보도 자유는 그렇게도 존중하면서 대한민국의 언론에 대해서는 ‘책임’ 운운하며 대놓고 ‘말조심하라’는 청와대 대변인의 엄포는 지난 2001년 김대중 정권의 언론 통제를 상기시킨다”며 “2001년 언론이 남북정상회담을 비판하는 등 반여 분위기를 조성하자 청와대가 보수언론을 ‘세무조사’로 압박하며 언론에 재갈을 물렸다는 의혹은 여전하다”고 지적했다.",
				"sentenceSize": 203
			},
			{
				"sentenceNo": 6,
				"sentenceContent": "장 수석대변인은 “언론의 다양하고 자유로운 보도는 국민의 알 권리의 기본이며 그것이 곧 자유민주주의의 근간”이라며 “청와대는 권력에 의한 언론 통제는 대한민국의 자유민주주의에 더 큰 비수로 돌아올 것이라는 점을 명심하고 언론에 대한 선전포고를 즉시 중단해야 할 것”이라고 목소리를 높였다.",
				"sentenceSize": 161
			},
			{
				"sentenceNo": 7,
				"sentenceContent": "앞서 김의겸 청와대 대변인은 이날 자신 명의의 논평을 통해 최근 조선일보가 보도한 “한미 정상회담 끝난 날, 국정원 팀이 평양으로 달려갔다(5월28일)”과 TV조선이 보도한 “ 풍계리 갱도 폭파 안 해…연막탄 피운 흔적 발견(5월24일)”, “ 북, 미 언론에 ‘풍계리 폭파’ 취재비 1만달러 요구(5월19일)”를 거론하며 “사실이 아닐 뿐만 아니라 비수 같은 위험성을 품고 있는 기사들”이라며 “앞으로 단호하게 대처할 수밖에 없음을 알려드린다”고 밝혔다.",
				"sentenceSize": 255
			},
			{
				"sentenceNo": 8,
				"sentenceContent": "장제원 자유한국당 수석대변인 29일 논평 전문. ■ 문재인 정권은 언론에 대한 선전포고를 즉각 중단하라.",
				"sentenceSize": 58
			},
			{
				"sentenceNo": 9,
				"sentenceContent": "청와대가 오늘(29일) 김의겸 대변인이 특정 언론사를 거론하며 비수 같은 위험성을 품고 있는 기사들이 남북미 상황에 대한 위태로움을 키우고 있다고 정면 비판했다.",
				"sentenceSize": 90
			},
			{
				"sentenceNo": 10,
				"sentenceContent": "특정 언론의 보도를 ‘사실보도’가 아니라는 전제로 거짓이라고 단정한 것도 문제이지만 향후 남북미 정세와 관련된 보도 자체에 대해 단호히 대처하겠다는 입장은 언론에 대한 선전포고이자 재갈을 물리려는 폭압적 행태나 다름없다.",
				"sentenceSize": 123
			},
			{
				"sentenceNo": 11,
				"sentenceContent": "정부에 대한 언론의 비판을 발목잡기로 인식하는 문재인 정권의 언론관은 민주주의를 심각하게 위협하는 것이다.",
				"sentenceSize": 59
			},
			{
				"sentenceNo": 12,
				"sentenceContent": "특히, 국가의 안위와 국민의 생명과 직결되는 북핵 문제에 대한 언론의 비판을 원천봉쇄하는 것은 대한민국을 더욱 위태롭게 하는 것이다.",
				"sentenceSize": 74
			},
			{
				"sentenceNo": 13,
				"sentenceContent": "언론이 남북미 정세에 끼치는 영향을 그렇게 걱정하면서 정작 북한이 대한민국 야당 지도자를 비난하며 남남갈등을 조장하고, 미국을 원색적으로 비난하며 한반도 정세를 악화시킬 때 청와대는 말 한마디라도 대응했는가?",
				"sentenceSize": 116
			},
			{
				"sentenceNo": 14,
				"sentenceContent": "북한 언론의 보도 자유는 그렇게도 존중하면서 대한민국의 언론에 대해서는 ‘책임’ 운운하며 대놓고 ‘말조심 하라’는 청와대 대변인의 엄포는 지난 2001년 김대중 정권의 언론 통제를 상기시킨다. 2001년 언론이 남북정상회담을 비판하는 등 반여 분위기를 조성하자 청와대가 보수언론을 ‘세무조사’로 압박하며 언론에 재갈을 물렸다는 의혹은 여전하다.",
				"sentenceSize": 192
			},
			{
				"sentenceNo": 15,
				"sentenceContent": "전례가 있는 만큼 청와대의 이번 논평이 그 수순은 아닌지 우려하지 않을 수 없다.",
				"sentenceSize": 45
			},
			{
				"sentenceNo": 16,
				"sentenceContent": "언론의 다양하고 자유로운 보도는 국민의 알권리의 기본이며, 그것이 곧 자유민주주의의 근간이다.",
				"sentenceSize": 52
			},
			{
				"sentenceNo": 17,
				"sentenceContent": "청와대는 권력에 의한 언론 통제는 대한민국의 자유민주주의에 더 큰 비수로 돌아올 것이라는 점을 명심하고 언론에 대한 선전포고를 즉시 중단해야 할 것이다.",
				"sentenceSize": 85
			}
		]
	},
	"labeledDataInfo": {
		"processSentenceInfo": [
			{
				"sentenceNo": 1,
				"sentenceContent": "자유한국당은 29일 청와대의 ‘조선일보 및 TV조선 보도 관련 대변인 논평’에 대해 “언론에 대한 선전포고이자 재갈을 물리려는 폭압적 행태”라고 반발했다.",
				"subjectConsistencyYn": "Y"
			},
			{
				"sentenceNo": 2,
				"sentenceContent": "장제원 수석대변인은 이날 논평을 통해 “특정 언론의 보도를 사실 보도가 아니라는 전제로 거짓이라고 단정한 것도 문제이지만 향후 남북미 정세와 관련된 보도 자체에 대해 단호히 대처하겠다는 입장은 언론에 대한 선전포고이자 재갈을 물리려는 폭압적 행태나 다름없다”고 주장했다.",
				"subjectConsistencyYn": "Y"
			},
			{
				"sentenceNo": 3,
				"sentenceContent": "이어 “정부에 대한 언론의 비판을 발목잡기로 인식하는 문재인 정권의 언론관은 민주주의를 심각하게 위협하는 것”이라며 “특히 국가의 안위와 국민의 생명과 직결되는 북핵 문제에 대한 언론의 비판을 원천봉쇄하는 것은 대한민국을 더욱 위태롭게 하는 것”이라고 비판했다.",
				"subjectConsistencyYn": "Y"
			},
			{
				"sentenceNo": 4,
				"sentenceContent": "장 수석대변인은 “언론이 남북미 정세에 끼치는 영향을 그렇게 걱정하면서 정작 북한이 대한민국 야당 지도자를 비난하며 남남갈등을 조장하고 미국을 원색적으로 비난하며 한반도 정세를 악화시킬 때 청와대는 말 한마디라도 대응했는가”라고 반문했다.",
				"subjectConsistencyYn": "Y"
			},
			{
				"sentenceNo": 5,
				"sentenceContent": "또 “북한 언론의 보도 자유는 그렇게도 존중하면서 대한민국의 언론에 대해서는 ‘책임’ 운운하며 대놓고 ‘말조심하라’는 청와대 대변인의 엄포는 지난 2001년 김대중 정권의 언론 통제를 상기시킨다”며 “2001년 언론이 남북정상회담을 비판하는 등 반여 분위기를 조성하자 청와대가 보수언론을 ‘세무조사’로 압박하며 언론에 재갈을 물렸다는 의혹은 여전하다”고 지적했다.",
				"subjectConsistencyYn": "Y"
			},
			{
				"sentenceNo": 6,
				"sentenceContent": "장 수석대변인은 “언론의 다양하고 자유로운 보도는 국민의 알 권리의 기본이며 그것이 곧 자유민주주의의 근간”이라며 “청와대는 권력에 의한 언론 통제는 대한민국의 자유민주주의에 더 큰 비수로 돌아올 것이라는 점을 명심하고 언론에 대한 선전포고를 즉시 중단해야 할 것”이라고 목소리를 높였다.",
				"subjectConsistencyYn": "Y"
			},
			{
				"sentenceNo": 7,
				"sentenceContent": "앞서 김의겸 청와대 대변인은 이날 자신 명의의 논평을 통해 최근 조선일보가 보도한 “한미 정상회담 끝난 날, 국정원 팀이 평양으로 달려갔다(5월28일)”과 TV조선이 보도한 “ 풍계리 갱도 폭파 안 해…연막탄 피운 흔적 발견(5월24일)”, “ 북, 미 언론에 ‘풍계리 폭파’ 취재비 1만달러 요구(5월19일)”를 거론하며 “사실이 아닐 뿐만 아니라 비수 같은 위험성을 품고 있는 기사들”이라며 “앞으로 단호하게 대처할 수밖에 없음을 알려드린다”고 밝혔다.",
				"subjectConsistencyYn": "Y"
			},
			{
				"sentenceNo": 8,
				"sentenceContent": "장제원 자유한국당 수석대변인 29일 논평 전문. ■ 문재인 정권은 언론에 대한 선전포고를 즉각 중단하라.",
				"subjectConsistencyYn": "Y"
			},
			{
				"sentenceNo": 9,
				"sentenceContent": "청와대가 오늘(29일) 김의겸 대변인이 특정 언론사를 거론하며 비수 같은 위험성을 품고 있는 기사들이 남북미 상황에 대한 위태로움을 키우고 있다고 정면 비판했다.",
				"subjectConsistencyYn": "Y"
			},
			{
				"sentenceNo": 10,
				"sentenceContent": "특정 언론의 보도를 ‘사실보도’가 아니라는 전제로 거짓이라고 단정한 것도 문제이지만 향후 남북미 정세와 관련된 보도 자체에 대해 단호히 대처하겠다는 입장은 언론에 대한 선전포고이자 재갈을 물리려는 폭압적 행태나 다름없다.",
				"subjectConsistencyYn": "Y"
			},
			{
				"sentenceNo": 11,
				"sentenceContent": "정부에 대한 언론의 비판을 발목잡기로 인식하는 문재인 정권의 언론관은 민주주의를 심각하게 위협하는 것이다.",
				"subjectConsistencyYn": "Y"
			},
			{
				"sentenceNo": 12,
				"sentenceContent": "특히, 국가의 안위와 국민의 생명과 직결되는 북핵 문제에 대한 언론의 비판을 원천봉쇄하는 것은 대한민국을 더욱 위태롭게 하는 것이다.",
				"subjectConsistencyYn": "Y"
			},
			{
				"sentenceNo": 13,
				"sentenceContent": "언론이 남북미 정세에 끼치는 영향을 그렇게 걱정하면서 정작 북한이 대한민국 야당 지도자를 비난하며 남남갈등을 조장하고, 미국을 원색적으로 비난하며 한반도 정세를 악화시킬 때 청와대는 말 한마디라도 대응했는가?",
				"subjectConsistencyYn": "Y"
			},
			{
				"sentenceNo": 14,
				"sentenceContent": "이제 아이만 DNA검사를 받아서 비교하면 친자 확인이 될 것이므로, 지난 월요일 김현중이 DNA검사 사실을 알리고 아이에 대한 DNA검사를 받을 것을 요구했다”고 말했다.",
				"subjectConsistencyYn": "N"
			},
			{
				"sentenceNo": 15,
				"sentenceContent": "이어“김현중은 산모를 위해 산후조리원으로 출장 DNA검사를 준비하고 검사를 받을 수 있게 조치를 취했지만 상대방은 공정성을 위해 김현중과 아이가 함께 가야만 검사를 받겠다며 DNA검사를 거부하고 있는 상황이다”라고 전했다. '김현중 친자확인' 온라인 중앙일보 [사진 중앙 DB] '김현중 친자확인'",
				"subjectConsistencyYn": "N"
			}
		],
		"clickbaitClass": 0
	}
}