{
	"sourceDataInfo": {
		"newsID": "ET_M03_494336",
		"newsCategory": "연예",
		"newsSubcategory": "영화",
		"newsTitle": "‘네오리얼리즘’ 거장, 타비아니 감독, 88세 일기로 별세",
		"newsSubTitle": "",
		"newsContent": "칸 영화제와 베를린 영화제를 석권한 이탈리아 네오리얼리즘 영화의 거장 비토리오 타비아니(Vittorio Taviani) 감독이 88세의 일기로 세상을 떠났다.\n15일 현지 언론에 따르면 그가 오랜 투병 끝에 로마에서 숨을 거뒀다.\n작고한 타비아니는 그 역시 영화 감독인 동생 파올로와 함께 ‘타비아니 형제’로 불리며 15편이 넘는 영화를 공동으로 연출했다.\n이들 형제가 만든 영화 중 1977년 작품 ‘파드레, 파드로네’(Padre, Padrone)는 그해 베를린국제영화제 인터필름 그랑프리와 칸국제영화제 황금종려상을 받기도 했다.\n까막눈 목동(牧童)에서 언어학자가 된 인물 ‘가비로 레다’(GavinoLedda)의 자전적 소설을 각색한 작품으로 ‘사운드 몽타주’ 모범적 사례로 꼽히는 영화다.\n타비아니는 최근까지도 활발한 작품 활동을 벌여왔다.\n특히 지난 2012년 타비아니 형제가 제작한 ‘시저는 죽어야 한다’(Cesare devemorire)는 베를린영화제에서 황금곰상을 타는 등 말년에도 관록과 연륜이 묻어나는 수작으로 관객과 만났다. ‘시저는 죽어야 한다’는 실제 교도소에 수감 중인 중범죄자를 주연으로 기용하는 등 실험적인 성격의 작품이다.\n이 영화에서 주연을 맡은 세 배우는 이듬해 열린 팜 스프링스 국제 영화제에서 남우주연상을 수상하는 쾌거를 올리는 등 화제를 모았다.",
		"partNum": "P2",
		"useType": 0,
		"processType": "A",
		"processPattern": "99",
		"processLevel": "하",
		"sentenceCount": 8,
		"processSentencenum": 1,
		"sentenceInfo": [
			{
				"sentenceNo": 1,
				"sentenceContent": "칸 영화제와 베를린 영화제를 석권한 이탈리아 네오리얼리즘 영화의 거장 비토리오 타비아니(Vittorio Taviani) 감독이 88세의 일기로 세상을 떠났다.",
				"sentenceSize": 88
			},
			{
				"sentenceNo": 2,
				"sentenceContent": "15일 현지 언론에 따르면 그가 오랜 투병 끝에 로마에서 숨을 거뒀다.",
				"sentenceSize": 39
			},
			{
				"sentenceNo": 3,
				"sentenceContent": "작고한 타비아니는 그 역시 영화 감독인 동생 파올로와 함께 ‘타비아니 형제’로 불리며 15편이 넘는 영화를 공동으로 연출했다.",
				"sentenceSize": 70
			},
			{
				"sentenceNo": 4,
				"sentenceContent": "이들 형제가 만든 영화 중 1977년 작품 ‘파드레, 파드로네’(Padre, Padrone)는 그해 베를린국제영화제 인터필름 그랑프리와 칸국제영화제 황금종려상을 받기도 했다.",
				"sentenceSize": 97
			},
			{
				"sentenceNo": 5,
				"sentenceContent": "까막눈 목동(牧童)에서 언어학자가 된 인물 ‘가비로 레다’(GavinoLedda)의 자전적 소설을 각색한 작품으로 ‘사운드 몽타주’ 모범적 사례로 꼽히는 영화다.",
				"sentenceSize": 90
			},
			{
				"sentenceNo": 6,
				"sentenceContent": "타비아니는 최근까지도 활발한 작품 활동을 벌여왔다.",
				"sentenceSize": 28
			},
			{
				"sentenceNo": 7,
				"sentenceContent": "특히 지난 2012년 타비아니 형제가 제작한 ‘시저는 죽어야 한다’(Cesare devemorire)는 베를린영화제에서 황금곰상을 타는 등 말년에도 관록과 연륜이 묻어나는 수작으로 관객과 만났다. ‘시저는 죽어야 한다’는 실제 교도소에 수감 중인 중범죄자를 주연으로 기용하는 등 실험적인 성격의 작품이다.",
				"sentenceSize": 170
			},
			{
				"sentenceNo": 8,
				"sentenceContent": "이 영화에서 주연을 맡은 세 배우는 이듬해 열린 팜 스프링스 국제 영화제에서 남우주연상을 수상하는 쾌거를 올리는 등 화제를 모았다.",
				"sentenceSize": 73
			}
		]
	},
	"labeledDataInfo": {
		"processSentenceInfo": [
			{
				"sentenceNo": 1,
				"sentenceContent": "칸 영화제와 베를린 영화제를 석권한 이탈리아 네오리얼리즘 영화의 거장 비토리오 타비아니(Vittorio Taviani) 감독이 88세의 일기로 세상을 떠났다.",
				"subjectConsistencyYn": "Y"
			},
			{
				"sentenceNo": 2,
				"sentenceContent": "15일 현지 언론에 따르면 그가 오랜 투병 끝에 로마에서 숨을 거뒀다.",
				"subjectConsistencyYn": "Y"
			},
			{
				"sentenceNo": 3,
				"sentenceContent": "작고한 타비아니는 그 역시 영화 감독인 동생 파올로와 함께 ‘타비아니 형제’로 불리며 15편이 넘는 영화를 공동으로 연출했다.",
				"subjectConsistencyYn": "Y"
			},
			{
				"sentenceNo": 4,
				"sentenceContent": "이들 형제가 만든 영화 중 1977년 작품 ‘파드레, 파드로네’(Padre, Padrone)는 그해 베를린국제영화제 인터필름 그랑프리와 칸국제영화제 황금종려상을 받기도 했다.",
				"subjectConsistencyYn": "Y"
			},
			{
				"sentenceNo": 5,
				"sentenceContent": "까막눈 목동(牧童)에서 언어학자가 된 인물 ‘가비로 레다’(GavinoLedda)의 자전적 소설을 각색한 작품으로 ‘사운드 몽타주’ 모범적 사례로 꼽히는 영화다.",
				"subjectConsistencyYn": "Y"
			},
			{
				"sentenceNo": 6,
				"sentenceContent": "타비아니는 최근까지도 활발한 작품 활동을 벌여왔다.",
				"subjectConsistencyYn": "Y"
			},
			{
				"sentenceNo": 7,
				"sentenceContent": "특히 지난 2012년 타비아니 형제가 제작한 ‘시저는 죽어야 한다’(Cesare devemorire)는 베를린영화제에서 황금곰상을 타는 등 말년에도 관록과 연륜이 묻어나는 수작으로 관객과 만났다. ‘시저는 죽어야 한다’는 실제 교도소에 수감 중인 중범죄자를 주연으로 기용하는 등 실험적인 성격의 작품이다.",
				"subjectConsistencyYn": "Y"
			},
			{
				"sentenceNo": 8,
				"sentenceContent": "이에 유연석은 \\\"이경규 대표님이 장인이 되면 참 좋을 것 같다. 성공하는 데 발판이 될 수 있을 것 같아서\\\"라고 답해 웃음을 자아내고 있다.",
				"subjectConsistencyYn": "N"
			},
			{
				"sentenceNo": 9,
				"sentenceContent": "한편, 이예림과 김영찬은 지인의 소개로 만나 1년 째 사랑을 가꿔오고 있는 중인 것으로 알려졌다.",
				"subjectConsistencyYn": "N"
			}
		],
		"clickbaitClass": 0
	}
}