{
	"sourceDataInfo": {
		"newsID": "ET_M03_494567",
		"newsCategory": "연예",
		"newsSubcategory": "연예가화제",
		"newsTitle": "이하이의 故 종현 추모곡 '한숨' 듣다 눈물 흘린 태연",
		"newsSubTitle": "",
		"newsContent": "샤이니 종현을 그리워하는 가수들의 추모는 골든디스크 둘째 날에도 계속됐다.\n제32회 골든디스크 음반무문 시상식이 11일 오후 경기도 고양시 킨텍스 제1 전시장에서 개최됐다.\n이날 이하이는 故종현을 추모하는 '한숨' 무대에서 참아온 눈물을 흘렸다.\n이하이는 한동안 노래를 부르지 못했고 노래 없이 반주가 이어졌다.\n이하이는 마음을 가다듬고 다시 노래를 시작했다.\n무대를 바라보던 소녀시대 태연도 눈시울을 붉혔다.\n태연은 표정 변화 없이 눈물만 간신히 닦아내다 결국은 손으로 얼굴을 만지며 울음을 터뜨리고 말았다.\n한편 이하이가 부른 종현의 '한숨'은 종현이 작사·작곡한 곡으로, 지난 달 이하이는 자신의 인스타그램에 한숨의 가사를 게재하며 \\\"어쩌면 이 노래는 다른 사람들에게 듣고 싶었던 말들을 가사로 적은 곡인가봐요\\\"라고 말하며 종현을 추모했다.",
		"partNum": "P2",
		"useType": 0,
		"processType": "A",
		"processPattern": "99",
		"processLevel": "하",
		"sentenceCount": 8,
		"processSentencenum": 2,
		"sentenceInfo": [
			{
				"sentenceNo": 1,
				"sentenceContent": "샤이니 종현을 그리워하는 가수들의 추모는 골든디스크 둘째 날에도 계속됐다.",
				"sentenceSize": 41
			},
			{
				"sentenceNo": 2,
				"sentenceContent": "제32회 골든디스크 음반무문 시상식이 11일 오후 경기도 고양시 킨텍스 제1 전시장에서 개최됐다.",
				"sentenceSize": 54
			},
			{
				"sentenceNo": 3,
				"sentenceContent": "이날 이하이는 故종현을 추모하는 '한숨' 무대에서 참아온 눈물을 흘렸다.",
				"sentenceSize": 40
			},
			{
				"sentenceNo": 4,
				"sentenceContent": "이하이는 한동안 노래를 부르지 못했고 노래 없이 반주가 이어졌다.",
				"sentenceSize": 36
			},
			{
				"sentenceNo": 5,
				"sentenceContent": "이하이는 마음을 가다듬고 다시 노래를 시작했다.",
				"sentenceSize": 26
			},
			{
				"sentenceNo": 6,
				"sentenceContent": "무대를 바라보던 소녀시대 태연도 눈시울을 붉혔다.",
				"sentenceSize": 27
			},
			{
				"sentenceNo": 7,
				"sentenceContent": "태연은 표정 변화 없이 눈물만 간신히 닦아내다 결국은 손으로 얼굴을 만지며 울음을 터뜨리고 말았다.",
				"sentenceSize": 55
			},
			{
				"sentenceNo": 8,
				"sentenceContent": "한편 이하이가 부른 종현의 '한숨'은 종현이 작사·작곡한 곡으로, 지난 달 이하이는 자신의 인스타그램에 한숨의 가사를 게재하며 \\\"어쩌면 이 노래는 다른 사람들에게 듣고 싶었던 말들을 가사로 적은 곡인가봐요\\\"라고 말하며 종현을 추모했다.",
				"sentenceSize": 133
			}
		]
	},
	"labeledDataInfo": {
		"processSentenceInfo": [
			{
				"sentenceNo": 1,
				"sentenceContent": "샤이니 종현을 그리워하는 가수들의 추모는 골든디스크 둘째 날에도 계속됐다.",
				"subjectConsistencyYn": "Y"
			},
			{
				"sentenceNo": 2,
				"sentenceContent": "제32회 골든디스크 음반무문 시상식이 11일 오후 경기도 고양시 킨텍스 제1 전시장에서 개최됐다.",
				"subjectConsistencyYn": "Y"
			},
			{
				"sentenceNo": 3,
				"sentenceContent": "이날 이하이는 故종현을 추모하는 '한숨' 무대에서 참아온 눈물을 흘렸다.",
				"subjectConsistencyYn": "Y"
			},
			{
				"sentenceNo": 4,
				"sentenceContent": "이하이는 한동안 노래를 부르지 못했고 노래 없이 반주가 이어졌다.",
				"subjectConsistencyYn": "Y"
			},
			{
				"sentenceNo": 5,
				"sentenceContent": "이하이는 마음을 가다듬고 다시 노래를 시작했다.",
				"subjectConsistencyYn": "Y"
			},
			{
				"sentenceNo": 6,
				"sentenceContent": "무대를 바라보던 소녀시대 태연도 눈시울을 붉혔다.",
				"subjectConsistencyYn": "Y"
			},
			{
				"sentenceNo": 7,
				"sentenceContent": "그는 “작년 말에 제왕절개수술을 하고선 휠체어를 친정엄마가 밀고 니큐(신생아 집중 치료실)에 갔었을 때, 간호사가 부모만 면회가 되니 조부모는 나가라며 쏘아붙이듯 얘기한 게 너무 기분이 나빴었다”며 “우린 안됐고 연예인에겐 허락이 됐다는 사실에 많은 이른둥이 엄마들이 화가 난 것 같다”고 했다.",
				"subjectConsistencyYn": "N"
			},
			{
				"sentenceNo": 8,
				"sentenceContent": "또 “글을 쓴 뒤 박수진씨가 직접 사과와 해명을 하고 싶다고 전화를 걸어왔다”며 “둘째를 임신 중이라고 하셨는데 목소리가 굉장히 안 좋았다. 첫째도 조산했는데 둘째도 조산하면 걱정되기도 한다. 차별 대우를 받은 점은 속상하지만 박수진 씨에게 악성 댓글 남기는 건 말아달라”고 덧붙였다.",
				"subjectConsistencyYn": "N"
			}
		],
		"clickbaitClass": 0
	}
}