{
	"sourceDataInfo": {
		"newsID": "ET_M03_494720",
		"newsCategory": "연예",
		"newsSubcategory": "연예가화제",
		"newsTitle": "윤계상 측 \\\"탈세 아냐, 침대 할인받은 것…추후 세금납부\\\"",
		"newsSubTitle": "",
		"newsContent": "배우 윤계상 측이 탈세 논란에 대해 입장을 전했다.\n윤계상의 소속사 법률 대리를 맡고 있는 법무법인 지평의 김문희 변호사는 \\\"윤계상이 탈세를 했다는 내용으로 악성 루머를 유포하고 있는 사람은 침대업체 에르OOO과 분쟁 중인 사람\\\"이라며 \\\"유포자는 위 업체와 여러 건의 민, 형사 소송들을 진행 중에 있으며 위 분쟁에서 유리하게 이용하기 위해 위 업체의 고객인 윤계상에 대한 허위사실을 유포하고 있는 것\\\"이라고 전했다.\n이어 \\\"윤계상은 위 업체의 침대를 구입하면서 일부 할인을 받고 위 업체의 SNS에 구입인증용 사진을 올리도록 허락한 사실이 있다\\\"며 \\\"그런데 이후 배우나 소속사의 동의없이구입 사실 인증을 위한 용도가 아닌, 업체의 홍보행사에 상업적 목적으로 사진이 무단사용된 사실을 파악하고 이에 대해 항의를 하여 사진을 삭제했고, 소속사는 당시 초상권의 무단 침해로만 인식하고 사진의 삭제조치만을 취하였으나, 저희 법무법인의 법률 검토에 따라 홍보행사에 사용된 위 사진이 향후 위 업체의 광고로 인식될 가능성을 배제할 수 없다는판단 하에 즉시 침대를 구입할 당시 할인받은 금액에 대한 세금을 모두 신고 납부했다\\\"고 전했다.\n법률대리인은 \\\"따라서 윤계상은 세무적인 부분에 있어 아무런 문제가 없다\\\"며 \\\"유포자의 주장은 모두 허위사실에 기반한 악의적인 주장\\\"이라며 \\\"해당 유포자가 루머를 계속 확산시키는 이상 그에 대한 추가적인 민, 형사상의 조치를 취할 예정\\\"이라고 전했다.\n한편 최근 윤계상은 온라인 커뮤니티와 SNS에 '윤계상 탈세'를 했다고 주장하는 글을 지속적으로 게재한 네티즌 A씨를 '허위사실 적시에 관한 명예훼손'으로 고소했다.\n현재 서울 마포경찰서에서 해당 사건을 수사 중이다.\n이하 공식입장 전문 안녕하세요.\n배우 윤계상과 소속사 사람엔터테인먼트를 대리하고 있는 법무법인 지평의 김문희 변호사입니다.\n윤계상 관련 악성 루머 유포자 및 현재 진행 중인 형사고소건에 대한 공식 입장을 전달 드립니다.\n윤계상이 탈세를 했다는 내용으로 악성 루머를 유포하고 있는 사람은 침대업체 에르OOO과 분쟁 중인 사람입니다.\n유포자는 위 업체와 여러 건의 민, 형사 소송들을 진행 중에 있으며 위 분쟁에서 유리하게 이용하기 위해 위 업체의 고객인 윤계상에 대한 허위사실을 유포하고 있는 것입니다.\n윤계상은 위 업체의 침대를 구입하면서 일부 할인을 받고 위 업체의 SNS에 구입인증용 사진을 올리도록 허락한 사실이 있습니다.\n그런데 이후 배우나 소속사의 동의없이구입 사실 인증을 위한 용도가 아닌, 업체의 홍보행사에 상업적 목적으로 사진이 무단사용된 사실을 파악하고 이에 대해 항의를 하여 사진을 삭제하였습니다.\n소속사는 당시 초상권의 무단 침해로만 인식하고 사진의 삭제조치만을 취하였으나, 저희 법무법인의 법률 검토에 따라 홍보행사에 사용된 위 사진이 향후 위 업체의 광고로 인식될 가능성을 배제할 수 없다는판단 하에 즉시 침대를 구입할 당시 할인받은 금액에 대한 세금을 모두 신고 납부한 바 있습니다.\n따라서 윤계상은 세무적인 부분에 있어 아무런 문제가 없습니다.\n그럼에도 위 유포자는 마치 윤계상이 탈세를 하였다는 듯이 인터넷 댓글이나 SNS에 루머를 퍼뜨리고 있는바, 이러한 위 유포자의 주장은 모두 허위사실에 기반한 악의적인 주장으로서 아무런 근거가 없습니다.\n소속사는 근거 없이 확산되는 루머로 인해 소속 배우 윤계상의 명예가 심각하게 훼손되었다고 판단, 해당 최초 유포자를 정보통신망 이용촉진 및 정보보호 등에 관한 법률위반(명예훼손) 혐의로 형사고소하였고, 현재 경찰에서 수사가 진행되고 있습니다.\n또한 저희 법무법인은 해당 유포자가 루머를 계속 확산시키는 이상 그에 대한 추가적인 민, 형사상의 조치를 취할 예정입니다.",
		"partNum": "P2",
		"useType": 0,
		"processType": "A",
		"processPattern": "99",
		"processLevel": "하",
		"sentenceCount": 18,
		"processSentencenum": 1,
		"sentenceInfo": [
			{
				"sentenceNo": 1,
				"sentenceContent": "배우 윤계상 측이 탈세 논란에 대해 입장을 전했다.",
				"sentenceSize": 28
			},
			{
				"sentenceNo": 2,
				"sentenceContent": "윤계상의 소속사 법률 대리를 맡고 있는 법무법인 지평의 김문희 변호사는 \\\"윤계상이 탈세를 했다는 내용으로 악성 루머를 유포하고 있는 사람은 침대업체 에르OOO과 분쟁 중인 사람\\\"이라며 \\\"유포자는 위 업체와 여러 건의 민, 형사 소송들을 진행 중에 있으며 위 분쟁에서 유리하게 이용하기 위해 위 업체의 고객인 윤계상에 대한 허위사실을 유포하고 있는 것\\\"이라고 전했다.",
				"sentenceSize": 208
			},
			{
				"sentenceNo": 3,
				"sentenceContent": "이어 \\\"윤계상은 위 업체의 침대를 구입하면서 일부 할인을 받고 위 업체의 SNS에 구입인증용 사진을 올리도록 허락한 사실이 있다\\\"며 \\\"그런데 이후 배우나 소속사의 동의없이구입 사실 인증을 위한 용도가 아닌, 업체의 홍보행사에 상업적 목적으로 사진이 무단사용된 사실을 파악하고 이에 대해 항의를 하여 사진을 삭제했고, 소속사는 당시 초상권의 무단 침해로만 인식하고 사진의 삭제조치만을 취하였으나, 저희 법무법인의 법률 검토에 따라 홍보행사에 사용된 위 사진이 향후 위 업체의 광고로 인식될 가능성을 배제할 수 없다는판단 하에 즉시 침대를 구입할 당시 할인받은 금액에 대한 세금을 모두 신고 납부했다\\\"고 전했다.",
				"sentenceSize": 344
			},
			{
				"sentenceNo": 4,
				"sentenceContent": "법률대리인은 \\\"따라서 윤계상은 세무적인 부분에 있어 아무런 문제가 없다\\\"며 \\\"유포자의 주장은 모두 허위사실에 기반한 악의적인 주장\\\"이라며 \\\"해당 유포자가 루머를 계속 확산시키는 이상 그에 대한 추가적인 민, 형사상의 조치를 취할 예정\\\"이라고 전했다.",
				"sentenceSize": 145
			},
			{
				"sentenceNo": 5,
				"sentenceContent": "한편 최근 윤계상은 온라인 커뮤니티와 SNS에 '윤계상 탈세'를 했다고 주장하는 글을 지속적으로 게재한 네티즌 A씨를 '허위사실 적시에 관한 명예훼손'으로 고소했다.",
				"sentenceSize": 92
			},
			{
				"sentenceNo": 6,
				"sentenceContent": "현재 서울 마포경찰서에서 해당 사건을 수사 중이다.",
				"sentenceSize": 28
			},
			{
				"sentenceNo": 7,
				"sentenceContent": "이하 공식입장 전문 안녕하세요.",
				"sentenceSize": 17
			},
			{
				"sentenceNo": 8,
				"sentenceContent": "배우 윤계상과 소속사 사람엔터테인먼트를 대리하고 있는 법무법인 지평의 김문희 변호사입니다.",
				"sentenceSize": 50
			},
			{
				"sentenceNo": 9,
				"sentenceContent": "윤계상 관련 악성 루머 유포자 및 현재 진행 중인 형사고소건에 대한 공식 입장을 전달 드립니다.",
				"sentenceSize": 53
			},
			{
				"sentenceNo": 10,
				"sentenceContent": "윤계상이 탈세를 했다는 내용으로 악성 루머를 유포하고 있는 사람은 침대업체 에르OOO과 분쟁 중인 사람입니다.",
				"sentenceSize": 61
			},
			{
				"sentenceNo": 11,
				"sentenceContent": "유포자는 위 업체와 여러 건의 민, 형사 소송들을 진행 중에 있으며 위 분쟁에서 유리하게 이용하기 위해 위 업체의 고객인 윤계상에 대한 허위사실을 유포하고 있는 것입니다.",
				"sentenceSize": 95
			},
			{
				"sentenceNo": 12,
				"sentenceContent": "윤계상은 위 업체의 침대를 구입하면서 일부 할인을 받고 위 업체의 SNS에 구입인증용 사진을 올리도록 허락한 사실이 있습니다.",
				"sentenceSize": 70
			},
			{
				"sentenceNo": 13,
				"sentenceContent": "그런데 이후 배우나 소속사의 동의없이구입 사실 인증을 위한 용도가 아닌, 업체의 홍보행사에 상업적 목적으로 사진이 무단사용된 사실을 파악하고 이에 대해 항의를 하여 사진을 삭제하였습니다.",
				"sentenceSize": 104
			},
			{
				"sentenceNo": 14,
				"sentenceContent": "소속사는 당시 초상권의 무단 침해로만 인식하고 사진의 삭제조치만을 취하였으나, 저희 법무법인의 법률 검토에 따라 홍보행사에 사용된 위 사진이 향후 위 업체의 광고로 인식될 가능성을 배제할 수 없다는판단 하에 즉시 침대를 구입할 당시 할인받은 금액에 대한 세금을 모두 신고 납부한 바 있습니다.",
				"sentenceSize": 163
			},
			{
				"sentenceNo": 15,
				"sentenceContent": "따라서 윤계상은 세무적인 부분에 있어 아무런 문제가 없습니다.",
				"sentenceSize": 34
			},
			{
				"sentenceNo": 16,
				"sentenceContent": "그럼에도 위 유포자는 마치 윤계상이 탈세를 하였다는 듯이 인터넷 댓글이나 SNS에 루머를 퍼뜨리고 있는바, 이러한 위 유포자의 주장은 모두 허위사실에 기반한 악의적인 주장으로서 아무런 근거가 없습니다.",
				"sentenceSize": 112
			},
			{
				"sentenceNo": 17,
				"sentenceContent": "소속사는 근거 없이 확산되는 루머로 인해 소속 배우 윤계상의 명예가 심각하게 훼손되었다고 판단, 해당 최초 유포자를 정보통신망 이용촉진 및 정보보호 등에 관한 법률위반(명예훼손) 혐의로 형사고소하였고, 현재 경찰에서 수사가 진행되고 있습니다.",
				"sentenceSize": 135
			},
			{
				"sentenceNo": 18,
				"sentenceContent": "또한 저희 법무법인은 해당 유포자가 루머를 계속 확산시키는 이상 그에 대한 추가적인 민, 형사상의 조치를 취할 예정입니다.",
				"sentenceSize": 68
			}
		]
	},
	"labeledDataInfo": {
		"processSentenceInfo": [
			{
				"sentenceNo": 1,
				"sentenceContent": "배우 윤계상 측이 탈세 논란에 대해 입장을 전했다.",
				"subjectConsistencyYn": "Y"
			},
			{
				"sentenceNo": 2,
				"sentenceContent": "윤계상의 소속사 법률 대리를 맡고 있는 법무법인 지평의 김문희 변호사는 \\\"윤계상이 탈세를 했다는 내용으로 악성 루머를 유포하고 있는 사람은 침대업체 에르OOO과 분쟁 중인 사람\\\"이라며 \\\"유포자는 위 업체와 여러 건의 민, 형사 소송들을 진행 중에 있으며 위 분쟁에서 유리하게 이용하기 위해 위 업체의 고객인 윤계상에 대한 허위사실을 유포하고 있는 것\\\"이라고 전했다.",
				"subjectConsistencyYn": "Y"
			},
			{
				"sentenceNo": 3,
				"sentenceContent": "이어 \\\"윤계상은 위 업체의 침대를 구입하면서 일부 할인을 받고 위 업체의 SNS에 구입인증용 사진을 올리도록 허락한 사실이 있다\\\"며 \\\"그런데 이후 배우나 소속사의 동의없이구입 사실 인증을 위한 용도가 아닌, 업체의 홍보행사에 상업적 목적으로 사진이 무단사용된 사실을 파악하고 이에 대해 항의를 하여 사진을 삭제했고, 소속사는 당시 초상권의 무단 침해로만 인식하고 사진의 삭제조치만을 취하였으나, 저희 법무법인의 법률 검토에 따라 홍보행사에 사용된 위 사진이 향후 위 업체의 광고로 인식될 가능성을 배제할 수 없다는판단 하에 즉시 침대를 구입할 당시 할인받은 금액에 대한 세금을 모두 신고 납부했다\\\"고 전했다.",
				"subjectConsistencyYn": "Y"
			},
			{
				"sentenceNo": 4,
				"sentenceContent": "법률대리인은 \\\"따라서 윤계상은 세무적인 부분에 있어 아무런 문제가 없다\\\"며 \\\"유포자의 주장은 모두 허위사실에 기반한 악의적인 주장\\\"이라며 \\\"해당 유포자가 루머를 계속 확산시키는 이상 그에 대한 추가적인 민, 형사상의 조치를 취할 예정\\\"이라고 전했다.",
				"subjectConsistencyYn": "Y"
			},
			{
				"sentenceNo": 5,
				"sentenceContent": "한편 최근 윤계상은 온라인 커뮤니티와 SNS에 '윤계상 탈세'를 했다고 주장하는 글을 지속적으로 게재한 네티즌 A씨를 '허위사실 적시에 관한 명예훼손'으로 고소했다.",
				"subjectConsistencyYn": "Y"
			},
			{
				"sentenceNo": 6,
				"sentenceContent": "현재 서울 마포경찰서에서 해당 사건을 수사 중이다.",
				"subjectConsistencyYn": "Y"
			},
			{
				"sentenceNo": 7,
				"sentenceContent": "이하 공식입장 전문 안녕하세요.",
				"subjectConsistencyYn": "Y"
			},
			{
				"sentenceNo": 8,
				"sentenceContent": "배우 윤계상과 소속사 사람엔터테인먼트를 대리하고 있는 법무법인 지평의 김문희 변호사입니다.",
				"subjectConsistencyYn": "Y"
			},
			{
				"sentenceNo": 9,
				"sentenceContent": "윤계상 관련 악성 루머 유포자 및 현재 진행 중인 형사고소건에 대한 공식 입장을 전달 드립니다.",
				"subjectConsistencyYn": "Y"
			},
			{
				"sentenceNo": 10,
				"sentenceContent": "윤계상이 탈세를 했다는 내용으로 악성 루머를 유포하고 있는 사람은 침대업체 에르OOO과 분쟁 중인 사람입니다.",
				"subjectConsistencyYn": "Y"
			},
			{
				"sentenceNo": 11,
				"sentenceContent": "유포자는 위 업체와 여러 건의 민, 형사 소송들을 진행 중에 있으며 위 분쟁에서 유리하게 이용하기 위해 위 업체의 고객인 윤계상에 대한 허위사실을 유포하고 있는 것입니다.",
				"subjectConsistencyYn": "Y"
			},
			{
				"sentenceNo": 12,
				"sentenceContent": "윤계상은 위 업체의 침대를 구입하면서 일부 할인을 받고 위 업체의 SNS에 구입인증용 사진을 올리도록 허락한 사실이 있습니다.",
				"subjectConsistencyYn": "Y"
			},
			{
				"sentenceNo": 13,
				"sentenceContent": "그런데 이후 배우나 소속사의 동의없이구입 사실 인증을 위한 용도가 아닌, 업체의 홍보행사에 상업적 목적으로 사진이 무단사용된 사실을 파악하고 이에 대해 항의를 하여 사진을 삭제하였습니다.",
				"subjectConsistencyYn": "Y"
			},
			{
				"sentenceNo": 14,
				"sentenceContent": "소속사는 당시 초상권의 무단 침해로만 인식하고 사진의 삭제조치만을 취하였으나, 저희 법무법인의 법률 검토에 따라 홍보행사에 사용된 위 사진이 향후 위 업체의 광고로 인식될 가능성을 배제할 수 없다는판단 하에 즉시 침대를 구입할 당시 할인받은 금액에 대한 세금을 모두 신고 납부한 바 있습니다.",
				"subjectConsistencyYn": "Y"
			},
			{
				"sentenceNo": 15,
				"sentenceContent": "따라서 윤계상은 세무적인 부분에 있어 아무런 문제가 없습니다.",
				"subjectConsistencyYn": "Y"
			},
			{
				"sentenceNo": 16,
				"sentenceContent": "그럼에도 위 유포자는 마치 윤계상이 탈세를 하였다는 듯이 인터넷 댓글이나 SNS에 루머를 퍼뜨리고 있는바, 이러한 위 유포자의 주장은 모두 허위사실에 기반한 악의적인 주장으로서 아무런 근거가 없습니다.",
				"subjectConsistencyYn": "Y"
			},
			{
				"sentenceNo": 17,
				"sentenceContent": "소속사는 근거 없이 확산되는 루머로 인해 소속 배우 윤계상의 명예가 심각하게 훼손되었다고 판단, 해당 최초 유포자를 정보통신망 이용촉진 및 정보보호 등에 관한 법률위반(명예훼손) 혐의로 형사고소하였고, 현재 경찰에서 수사가 진행되고 있습니다.",
				"subjectConsistencyYn": "Y"
			},
			{
				"sentenceNo": 18,
				"sentenceContent": "한편, 퍼플키스의 데뷔 첫 윈터송 ‘My My’는 오는 18일 오후 6시 각종 음원 사이트를 통해 공개된다.",
				"subjectConsistencyYn": "N"
			}
		],
		"clickbaitClass": 0
	}
}