{
	"sourceDataInfo": {
		"newsID": "ET_M03_494714",
		"newsCategory": "연예",
		"newsSubcategory": "연예가화제",
		"newsTitle": "고3 학생 위해 졸업식 무료 공연 응모받는 SG워너비 김진호",
		"newsSubTitle": "",
		"newsContent": "그룹 'SG워너비'의 김진호가 올해 2월에 이어 또다시 고등학교 졸업식 무료 공연을 열 계획이다.\n6일 김진호는 자신의 인스타그램에 \\\"작년부터 시작한 고3 친구들의 졸업식 공연 응모를 받으려고요\\\"라며 글을 올린 의도를 밝혔다.\n김진호는 \\\"재능기부가 아니에요. 성인이 되기 전 마지막 10대의 추억, 우리 친구들과 나눌 수 있는 영광을 제가 받으러 가요\\\"라며 \\\"노래는 '가족사진'과 '졸업사진' 불러드려요\\\"라고 전했다.\n이어 \\\"졸업시즌이 겹 쳐있고 하루에 한 학교만 갈 수 있기에 공연은 한정되어있지만, 뽑히지 못해도 그동안 함께 고생한 다른 10대 친구들의 졸업식 축하해준다는 마음으로 예쁘게 이해해줄 거라 믿어요\\\"라며 응모에 선정되지 못한 고등학생들에게 미리 양해를 구했다.\n또한 \\\"전 팬들 덕분에 제 10대, 20대 참 따뜻하게 보냈어요. 우리 팬들이 준 그 마음만큼은 못해도 제가 받은 감정들 나누러 갈게요\\\"라며 팬들에게 감사하는 것도 잊지 않았다.\n김진호는 현재 페이스북 페이지와 인스타그램을 통해 졸업식 공연을 원하는 학생들에게 응모를 받고 있다.\n김진호는 올해 2월 서울, 인천, 부산 등 전국 곳곳의 졸업식 공연에 나서 화제를 모은 바 있다.\n김진호는 \\\"졸업 후 사회생활을 바로 시작하는 상업고등학교나 공업고등학교의 경우 친구들과의 졸업여행이 어렵다고 들어 그 아쉬움을 달래주기 위해 시작했다\\\"고 말했다.\n모든 무대는 자신이 기획해 무료로 진행했음을 밝히기도 했다.",
		"partNum": "P2",
		"useType": 0,
		"processType": "A",
		"processPattern": "99",
		"processLevel": "하",
		"sentenceCount": 9,
		"processSentencenum": 2,
		"sentenceInfo": [
			{
				"sentenceNo": 1,
				"sentenceContent": "그룹 'SG워너비'의 김진호가 올해 2월에 이어 또다시 고등학교 졸업식 무료 공연을 열 계획이다.",
				"sentenceSize": 54
			},
			{
				"sentenceNo": 2,
				"sentenceContent": "6일 김진호는 자신의 인스타그램에 \\\"작년부터 시작한 고3 친구들의 졸업식 공연 응모를 받으려고요\\\"라며 글을 올린 의도를 밝혔다.",
				"sentenceSize": 73
			},
			{
				"sentenceNo": 3,
				"sentenceContent": "김진호는 \\\"재능기부가 아니에요. 성인이 되기 전 마지막 10대의 추억, 우리 친구들과 나눌 수 있는 영광을 제가 받으러 가요\\\"라며 \\\"노래는 '가족사진'과 '졸업사진' 불러드려요\\\"라고 전했다.",
				"sentenceSize": 110
			},
			{
				"sentenceNo": 4,
				"sentenceContent": "이어 \\\"졸업시즌이 겹 쳐있고 하루에 한 학교만 갈 수 있기에 공연은 한정되어있지만, 뽑히지 못해도 그동안 함께 고생한 다른 10대 친구들의 졸업식 축하해준다는 마음으로 예쁘게 이해해줄 거라 믿어요\\\"라며 응모에 선정되지 못한 고등학생들에게 미리 양해를 구했다.",
				"sentenceSize": 146
			},
			{
				"sentenceNo": 5,
				"sentenceContent": "또한 \\\"전 팬들 덕분에 제 10대, 20대 참 따뜻하게 보냈어요. 우리 팬들이 준 그 마음만큼은 못해도 제가 받은 감정들 나누러 갈게요\\\"라며 팬들에게 감사하는 것도 잊지 않았다.",
				"sentenceSize": 101
			},
			{
				"sentenceNo": 6,
				"sentenceContent": "김진호는 현재 페이스북 페이지와 인스타그램을 통해 졸업식 공연을 원하는 학생들에게 응모를 받고 있다.",
				"sentenceSize": 56
			},
			{
				"sentenceNo": 7,
				"sentenceContent": "김진호는 올해 2월 서울, 인천, 부산 등 전국 곳곳의 졸업식 공연에 나서 화제를 모은 바 있다.",
				"sentenceSize": 54
			},
			{
				"sentenceNo": 8,
				"sentenceContent": "김진호는 \\\"졸업 후 사회생활을 바로 시작하는 상업고등학교나 공업고등학교의 경우 친구들과의 졸업여행이 어렵다고 들어 그 아쉬움을 달래주기 위해 시작했다\\\"고 말했다.",
				"sentenceSize": 92
			},
			{
				"sentenceNo": 9,
				"sentenceContent": "모든 무대는 자신이 기획해 무료로 진행했음을 밝히기도 했다.",
				"sentenceSize": 33
			}
		]
	},
	"labeledDataInfo": {
		"processSentenceInfo": [
			{
				"sentenceNo": 1,
				"sentenceContent": "그룹 'SG워너비'의 김진호가 올해 2월에 이어 또다시 고등학교 졸업식 무료 공연을 열 계획이다.",
				"subjectConsistencyYn": "Y"
			},
			{
				"sentenceNo": 2,
				"sentenceContent": "6일 김진호는 자신의 인스타그램에 \\\"작년부터 시작한 고3 친구들의 졸업식 공연 응모를 받으려고요\\\"라며 글을 올린 의도를 밝혔다.",
				"subjectConsistencyYn": "Y"
			},
			{
				"sentenceNo": 3,
				"sentenceContent": "김진호는 \\\"재능기부가 아니에요. 성인이 되기 전 마지막 10대의 추억, 우리 친구들과 나눌 수 있는 영광을 제가 받으러 가요\\\"라며 \\\"노래는 '가족사진'과 '졸업사진' 불러드려요\\\"라고 전했다.",
				"subjectConsistencyYn": "Y"
			},
			{
				"sentenceNo": 4,
				"sentenceContent": "이어 \\\"졸업시즌이 겹 쳐있고 하루에 한 학교만 갈 수 있기에 공연은 한정되어있지만, 뽑히지 못해도 그동안 함께 고생한 다른 10대 친구들의 졸업식 축하해준다는 마음으로 예쁘게 이해해줄 거라 믿어요\\\"라며 응모에 선정되지 못한 고등학생들에게 미리 양해를 구했다.",
				"subjectConsistencyYn": "Y"
			},
			{
				"sentenceNo": 5,
				"sentenceContent": "또한 \\\"전 팬들 덕분에 제 10대, 20대 참 따뜻하게 보냈어요. 우리 팬들이 준 그 마음만큼은 못해도 제가 받은 감정들 나누러 갈게요\\\"라며 팬들에게 감사하는 것도 잊지 않았다.",
				"subjectConsistencyYn": "Y"
			},
			{
				"sentenceNo": 6,
				"sentenceContent": "김진호는 현재 페이스북 페이지와 인스타그램을 통해 졸업식 공연을 원하는 학생들에게 응모를 받고 있다.",
				"subjectConsistencyYn": "Y"
			},
			{
				"sentenceNo": 7,
				"sentenceContent": "김진호는 올해 2월 서울, 인천, 부산 등 전국 곳곳의 졸업식 공연에 나서 화제를 모은 바 있다.",
				"subjectConsistencyYn": "Y"
			},
			{
				"sentenceNo": 8,
				"sentenceContent": "마지막으로 라비는 멤버들이 준비한 가족사진을 찍은 후, “시청자 여러분, 지난 3년 동안 많이 예뻐해 주시고 사랑해 주셔서 정말 좋은 행복한 시간 보냈다. 다시 꼭 찾아뵙겠다”고 마지막 인사를 전하며 약 3년간의 대장정을 마무리했다.",
				"subjectConsistencyYn": "N"
			},
			{
				"sentenceNo": 9,
				"sentenceContent": "라비는 아쉬운 ‘1박 2일’ 하차 후 소속사 그루블린을 통해 “‘1박 2일’을 만나 인생이 정말 많이 달라졌다. 좋은 형들과 인우 그리고 제작진을 만나서 가능했던 일 같다”며 “살면서 이렇게 편하게 웃고 장난치는 일이 또 있을까 싶었던 소중한 순간들이었다. 여러분의 ‘도라비’일 수 있어서 행복했다. 감사드린다”고 소감을 밝혔다.",
				"subjectConsistencyYn": "N"
			}
		],
		"clickbaitClass": 0
	}
}