{
	"sourceDataInfo": {
		"newsID": "ET_M03_494445",
		"newsCategory": "연예",
		"newsSubcategory": "연예가화제",
		"newsTitle": "“내 여자친구한테 인사해” 전현무의 고백에 ‘나 혼자 산다’ 멤버들의 반응",
		"newsSubTitle": "",
		"newsContent": "“내 여자친구한테 인사해.” 여자친구 한혜진에 대한 전현무의 박력 넘치는 소개가 ‘나 혼자 산다’ 출연진들을 당황하게 했다.\n2일 방송된 MBC ‘나 혼자 산다’에서는 최근 열애 사실을 공식 인정한 전현무와 한혜진의 열애 비하인드 스토리가 공개됐다.\n전현무와 한혜진의 열애설이 보도된 직후 두 사람을 비롯해 기안84, 이시언, 박나래 등 ‘나 혼자 산다’ 멤버들은 긴급 회동을 가졌다.\n때마침 해외에 있어 자리를 함께하지 못한 헨리가 영상통화를 걸어왔고, 전현무는 헨리에게 “인사해. 내 여자친구야”라고 말하며 열애 사실을 알렸다.\n이를 들은 멤버들은 얼굴을 감싸거나 자리에서 벌떡 일어나는 등 당황한 모습을 보였다.\n이시언은 “가족끼리 그러면 안 된다고”라고 읍소(?)했고, 한혜진 역시 이 상황이 쑥스러운 듯 대기실 밖을 나가려 했다.\n또 “혜진씨가 굉장히 귀여운 구석이 있다”며 자신의 휴대전화에 ‘겸둥이’라고 이름을 저장했다는 전현무의 말에 멤버들은 만감이 교차한 듯 할 말을 잃은 표정을 지어 웃음을 자아냈다.\n전현무는 한혜진과의 열애 시작 시점에 대해 “작년 크리스마스 때 한혜진이 ‘가시나’ 안무 연습을 하고 나서 밥을 먹자고 했다”며 “너무 고생하는 것 같아서 곱창집으로 데려갔고 많은 이야기를 했다. 그때가 거의 1일이나 다름 없었다”고 털어놨다.",
		"partNum": "P2",
		"useType": 0,
		"processType": "A",
		"processPattern": "99",
		"processLevel": "하",
		"sentenceCount": 8,
		"processSentencenum": 1,
		"sentenceInfo": [
			{
				"sentenceNo": 1,
				"sentenceContent": "“내 여자친구한테 인사해.” 여자친구 한혜진에 대한 전현무의 박력 넘치는 소개가 ‘나 혼자 산다’ 출연진들을 당황하게 했다.",
				"sentenceSize": 69
			},
			{
				"sentenceNo": 2,
				"sentenceContent": "2일 방송된 MBC ‘나 혼자 산다’에서는 최근 열애 사실을 공식 인정한 전현무와 한혜진의 열애 비하인드 스토리가 공개됐다.",
				"sentenceSize": 69
			},
			{
				"sentenceNo": 3,
				"sentenceContent": "전현무와 한혜진의 열애설이 보도된 직후 두 사람을 비롯해 기안84, 이시언, 박나래 등 ‘나 혼자 산다’ 멤버들은 긴급 회동을 가졌다.",
				"sentenceSize": 75
			},
			{
				"sentenceNo": 4,
				"sentenceContent": "때마침 해외에 있어 자리를 함께하지 못한 헨리가 영상통화를 걸어왔고, 전현무는 헨리에게 “인사해. 내 여자친구야”라고 말하며 열애 사실을 알렸다.",
				"sentenceSize": 81
			},
			{
				"sentenceNo": 5,
				"sentenceContent": "이를 들은 멤버들은 얼굴을 감싸거나 자리에서 벌떡 일어나는 등 당황한 모습을 보였다.",
				"sentenceSize": 47
			},
			{
				"sentenceNo": 6,
				"sentenceContent": "이시언은 “가족끼리 그러면 안 된다고”라고 읍소(?)했고, 한혜진 역시 이 상황이 쑥스러운 듯 대기실 밖을 나가려 했다.",
				"sentenceSize": 67
			},
			{
				"sentenceNo": 7,
				"sentenceContent": "또 “혜진씨가 굉장히 귀여운 구석이 있다”며 자신의 휴대전화에 ‘겸둥이’라고 이름을 저장했다는 전현무의 말에 멤버들은 만감이 교차한 듯 할 말을 잃은 표정을 지어 웃음을 자아냈다.",
				"sentenceSize": 100
			},
			{
				"sentenceNo": 8,
				"sentenceContent": "전현무는 한혜진과의 열애 시작 시점에 대해 “작년 크리스마스 때 한혜진이 ‘가시나’ 안무 연습을 하고 나서 밥을 먹자고 했다”며 “너무 고생하는 것 같아서 곱창집으로 데려갔고 많은 이야기를 했다. 그때가 거의 1일이나 다름 없었다”고 털어놨다.",
				"sentenceSize": 136
			}
		]
	},
	"labeledDataInfo": {
		"processSentenceInfo": [
			{
				"sentenceNo": 1,
				"sentenceContent": "“내 여자친구한테 인사해.” 여자친구 한혜진에 대한 전현무의 박력 넘치는 소개가 ‘나 혼자 산다’ 출연진들을 당황하게 했다.",
				"subjectConsistencyYn": "Y"
			},
			{
				"sentenceNo": 2,
				"sentenceContent": "2일 방송된 MBC ‘나 혼자 산다’에서는 최근 열애 사실을 공식 인정한 전현무와 한혜진의 열애 비하인드 스토리가 공개됐다.",
				"subjectConsistencyYn": "Y"
			},
			{
				"sentenceNo": 3,
				"sentenceContent": "전현무와 한혜진의 열애설이 보도된 직후 두 사람을 비롯해 기안84, 이시언, 박나래 등 ‘나 혼자 산다’ 멤버들은 긴급 회동을 가졌다.",
				"subjectConsistencyYn": "Y"
			},
			{
				"sentenceNo": 4,
				"sentenceContent": "때마침 해외에 있어 자리를 함께하지 못한 헨리가 영상통화를 걸어왔고, 전현무는 헨리에게 “인사해. 내 여자친구야”라고 말하며 열애 사실을 알렸다.",
				"subjectConsistencyYn": "Y"
			},
			{
				"sentenceNo": 5,
				"sentenceContent": "이를 들은 멤버들은 얼굴을 감싸거나 자리에서 벌떡 일어나는 등 당황한 모습을 보였다.",
				"subjectConsistencyYn": "Y"
			},
			{
				"sentenceNo": 6,
				"sentenceContent": "이시언은 “가족끼리 그러면 안 된다고”라고 읍소(?)했고, 한혜진 역시 이 상황이 쑥스러운 듯 대기실 밖을 나가려 했다.",
				"subjectConsistencyYn": "Y"
			},
			{
				"sentenceNo": 7,
				"sentenceContent": "또 “혜진씨가 굉장히 귀여운 구석이 있다”며 자신의 휴대전화에 ‘겸둥이’라고 이름을 저장했다는 전현무의 말에 멤버들은 만감이 교차한 듯 할 말을 잃은 표정을 지어 웃음을 자아냈다.",
				"subjectConsistencyYn": "Y"
			},
			{
				"sentenceNo": 8,
				"sentenceContent": "김새론은 \\\"열심히 하겠다. 많이 사랑해달라\\\"고 밝혔다.",
				"subjectConsistencyYn": "N"
			},
			{
				"sentenceNo": 9,
				"sentenceContent": "온라인 중앙일보 '김새론 김민재 오늘부터 우리는 '",
				"subjectConsistencyYn": "N"
			}
		],
		"clickbaitClass": 0
	}
}