{
	"sourceDataInfo": {
		"newsID": "ET_M03_494441",
		"newsCategory": "연예",
		"newsSubcategory": "연예가화제",
		"newsTitle": "웃는 입매 그대로라는 아이유 어린 시절 사진",
		"newsSubTitle": "",
		"newsContent": "가수 아이유(본명 이지은)가 어린 시절 사진을 공개했다.\n4일 아이유는 자신의 인스타그램에 \\\"축하한다\\\"는 말과 함께 사진 한장을 올렸다.\n여기에는 어린 시절 아이유가 카메라를 향해 미소를 짓는 모습이 담겨 있다.\n아이유가 글과 함께 사용한 이모티콘으로 미뤄 보아 부모님의 결혼기념일을 축하한 것이라고 네티즌은 추측하고 있다.\n한 네티즌은 \\\"아이유 사촌 오빠가 결혼식을 한다고 들었다. 사촌 오빠를 축하하는 것 같다\\\"고도 했다.\n이를 본 팬들은 \\\"지금과 똑같다\\\" \\\"귀엽다\\\" 등과 같은 반응을 보였다.",
		"partNum": "P2",
		"useType": 0,
		"processType": "A",
		"processPattern": "99",
		"processLevel": "하",
		"sentenceCount": 6,
		"processSentencenum": 1,
		"sentenceInfo": [
			{
				"sentenceNo": 1,
				"sentenceContent": "가수 아이유(본명 이지은)가 어린 시절 사진을 공개했다.",
				"sentenceSize": 31
			},
			{
				"sentenceNo": 2,
				"sentenceContent": "4일 아이유는 자신의 인스타그램에 \\\"축하한다\\\"는 말과 함께 사진 한장을 올렸다.",
				"sentenceSize": 46
			},
			{
				"sentenceNo": 3,
				"sentenceContent": "여기에는 어린 시절 아이유가 카메라를 향해 미소를 짓는 모습이 담겨 있다.",
				"sentenceSize": 41
			},
			{
				"sentenceNo": 4,
				"sentenceContent": "아이유가 글과 함께 사용한 이모티콘으로 미뤄 보아 부모님의 결혼기념일을 축하한 것이라고 네티즌은 추측하고 있다.",
				"sentenceSize": 62
			},
			{
				"sentenceNo": 5,
				"sentenceContent": "한 네티즌은 \\\"아이유 사촌 오빠가 결혼식을 한다고 들었다. 사촌 오빠를 축하하는 것 같다\\\"고도 했다.",
				"sentenceSize": 58
			},
			{
				"sentenceNo": 6,
				"sentenceContent": "이를 본 팬들은 \\\"지금과 똑같다\\\" \\\"귀엽다\\\" 등과 같은 반응을 보였다.",
				"sentenceSize": 43
			}
		]
	},
	"labeledDataInfo": {
		"processSentenceInfo": [
			{
				"sentenceNo": 1,
				"sentenceContent": "가수 아이유(본명 이지은)가 어린 시절 사진을 공개했다.",
				"subjectConsistencyYn": "Y"
			},
			{
				"sentenceNo": 2,
				"sentenceContent": "4일 아이유는 자신의 인스타그램에 \\\"축하한다\\\"는 말과 함께 사진 한장을 올렸다.",
				"subjectConsistencyYn": "Y"
			},
			{
				"sentenceNo": 3,
				"sentenceContent": "여기에는 어린 시절 아이유가 카메라를 향해 미소를 짓는 모습이 담겨 있다.",
				"subjectConsistencyYn": "Y"
			},
			{
				"sentenceNo": 4,
				"sentenceContent": "아이유가 글과 함께 사용한 이모티콘으로 미뤄 보아 부모님의 결혼기념일을 축하한 것이라고 네티즌은 추측하고 있다.",
				"subjectConsistencyYn": "Y"
			},
			{
				"sentenceNo": 5,
				"sentenceContent": "한 네티즌은 \\\"아이유 사촌 오빠가 결혼식을 한다고 들었다. 사촌 오빠를 축하하는 것 같다\\\"고도 했다.",
				"subjectConsistencyYn": "Y"
			},
			{
				"sentenceNo": 6,
				"sentenceContent": "배용준은 결혼식 당일 떨리는 소감을 밝혔다.",
				"subjectConsistencyYn": "N"
			},
			{
				"sentenceNo": 7,
				"sentenceContent": "배용준은 이날 자신의 인스타그램에 ‘식장으로 향하는 길입니다. 떨리면서도 설레는 마음입니다. 가족 여러분의 염려와 축복은 언제나 저에게 큰 힘이 됩니다. 함께하지 못해서 미안합니다. 하지만 당신들께 배운 사랑을 기억하며, 이제 한 가정의 가장으로도 잘 해내겠습니다. 행복한 모습 자주 전할게요.^^ 고맙습니다! 여러분도 항상 행복하세요!’라고 글을 남겼다.",
				"subjectConsistencyYn": "N"
			},
			{
				"sentenceNo": 8,
				"sentenceContent": "두 사람의 소속사 키이스트는 지난 5월 14일 “두 사람은 이전부터 알고 지내던 선후배 사이였지만 올 2월부터 이성적인 호감을 가지며 연인관계로 발전하게 됐다. 두 사람의 교제기간은 그리 길지 않았으나 공통적인 관심사가 많아 대화가 잘 통했다”라며 “두 사람은 서로를 배려하고 격려하면서 서로에 대한 믿음과 사랑에 확신을 가지게 되었고 최근 자연스럽게 결혼을 약속하게 됐다”고 밝혔다.",
				"subjectConsistencyYn": "N"
			}
		],
		"clickbaitClass": 0
	}
}