{
	"sourceDataInfo": {
		"newsID": "ET_M03_494400",
		"newsCategory": "연예",
		"newsSubcategory": "연예가화제",
		"newsTitle": "이태임, 임신 3개월…\\\"출산 후 연상 사업가와 결혼…연예계 은퇴\\\"",
		"newsSubTitle": "1년여 계약 기간 남았지만 이태임 측이 위약금 내고 해지",
		"newsContent": "배우 이태임(32)이 현재 임신 3개월이며, 연예계를 은퇴한다고 소속사가 21일 밝혔다.\n이태임의 소속사 매니지먼트해냄은 이날 \\\"이태임이 임신 3개월로 출산 후 결혼식을 올릴 것\\\"이라며 \\\"이로써 연예계는 은퇴한다\\\"고 밝혔다.\n해냄 측은 이태임의 남자친구에 대해서는 \\\"연상의 사업가\\\"라며 \\\"항간에 떠도는 소문은 사실이 아니다\\\"라고 덧붙였다.\n앞서 이태임은 지난 19일 자신의 인스타그램에 \\\"여러 생각과 고통 속에서 지난날 너무 힘들었다\\\"며 \\\"저는 앞으로 평범한 삶을 살아가기로 결정했다. 그동안 저를 사랑해주셨던 분들 잊지 않고 살아가겠다\\\"는 글을 올리며 연예계 은퇴 의사를 밝혔다.\n그러나 이 글을 이태임이 소속사와 상의없이 올렸다는 게 알려지고, 소속사가 상황 파악에 나서면서 여러 가지 루머를 낳았다.\n그중에는 이태임이 임신 3개월이며 아기의 아빠는 이명박 전 대통령의 아들 이시형씨라는 내용도 있었다.\n소속사는 \\\"이태임과 오늘 만나 입장을 정리했다\\\"고 밝혔다.\n이에 대해 스포츠조선은 해냄 관계자가 \\\"이태임의 남자친구는 루머에 나왔던 이시형 씨는 절대 아니다\\\"라며 \\\"이태임은 현재 소속사와는 계약이 1년여 남아 있었지만, 이태임측이 위약금을 내고 원만히 정리했다\\\"고 보도했다.\n이태임의 남자친구는 1974년생의 M&A 전문가로 알려졌다.\n이태임은 2008년 MBC TV 드라마 '내 인생의 황금기'로 데뷔해 '황제를 위하여'(2014) 등 영화와 '품위있는 그녀'(2017) 등 드라마에 출연했다.\n최근에는 MBN '비행소녀'와 JTBC '교칙위반 수학여행' 등 예능에서도 활약했다.\n그는 2015년 MBC TV 예능 '띠동갑내기 과외하기'에 쥬얼리 예원과 함께 출연했다가 불화 및 욕설 논란 등을 겪은 것을 시작으로, 최근 여러 루머에 시달리며 구설에 올랐다.",
		"partNum": "P2",
		"useType": 0,
		"processType": "A",
		"processPattern": "99",
		"processLevel": "하",
		"sentenceCount": 12,
		"processSentencenum": 1,
		"sentenceInfo": [
			{
				"sentenceNo": 1,
				"sentenceContent": "배우 이태임(32)이 현재 임신 3개월이며, 연예계를 은퇴한다고 소속사가 21일 밝혔다.",
				"sentenceSize": 49
			},
			{
				"sentenceNo": 2,
				"sentenceContent": "이태임의 소속사 매니지먼트해냄은 이날 \\\"이태임이 임신 3개월로 출산 후 결혼식을 올릴 것\\\"이라며 \\\"이로써 연예계는 은퇴한다\\\"고 밝혔다.",
				"sentenceSize": 79
			},
			{
				"sentenceNo": 3,
				"sentenceContent": "해냄 측은 이태임의 남자친구에 대해서는 \\\"연상의 사업가\\\"라며 \\\"항간에 떠도는 소문은 사실이 아니다\\\"라고 덧붙였다.",
				"sentenceSize": 67
			},
			{
				"sentenceNo": 4,
				"sentenceContent": "앞서 이태임은 지난 19일 자신의 인스타그램에 \\\"여러 생각과 고통 속에서 지난날 너무 힘들었다\\\"며 \\\"저는 앞으로 평범한 삶을 살아가기로 결정했다. 그동안 저를 사랑해주셨던 분들 잊지 않고 살아가겠다\\\"는 글을 올리며 연예계 은퇴 의사를 밝혔다.",
				"sentenceSize": 139
			},
			{
				"sentenceNo": 5,
				"sentenceContent": "그러나 이 글을 이태임이 소속사와 상의없이 올렸다는 게 알려지고, 소속사가 상황 파악에 나서면서 여러 가지 루머를 낳았다.",
				"sentenceSize": 68
			},
			{
				"sentenceNo": 6,
				"sentenceContent": "그중에는 이태임이 임신 3개월이며 아기의 아빠는 이명박 전 대통령의 아들 이시형씨라는 내용도 있었다.",
				"sentenceSize": 56
			},
			{
				"sentenceNo": 7,
				"sentenceContent": "소속사는 \\\"이태임과 오늘 만나 입장을 정리했다\\\"고 밝혔다.",
				"sentenceSize": 34
			},
			{
				"sentenceNo": 8,
				"sentenceContent": "이에 대해 스포츠조선은 해냄 관계자가 \\\"이태임의 남자친구는 루머에 나왔던 이시형 씨는 절대 아니다\\\"라며 \\\"이태임은 현재 소속사와는 계약이 1년여 남아 있었지만, 이태임측이 위약금을 내고 원만히 정리했다\\\"고 보도했다.",
				"sentenceSize": 124
			},
			{
				"sentenceNo": 9,
				"sentenceContent": "이태임의 남자친구는 1974년생의 M&A 전문가로 알려졌다.",
				"sentenceSize": 33
			},
			{
				"sentenceNo": 10,
				"sentenceContent": "이태임은 2008년 MBC TV 드라마 '내 인생의 황금기'로 데뷔해 '황제를 위하여'(2014) 등 영화와 '품위있는 그녀'(2017) 등 드라마에 출연했다.",
				"sentenceSize": 89
			},
			{
				"sentenceNo": 11,
				"sentenceContent": "최근에는 MBN '비행소녀'와 JTBC '교칙위반 수학여행' 등 예능에서도 활약했다.",
				"sentenceSize": 47
			},
			{
				"sentenceNo": 12,
				"sentenceContent": "그는 2015년 MBC TV 예능 '띠동갑내기 과외하기'에 쥬얼리 예원과 함께 출연했다가 불화 및 욕설 논란 등을 겪은 것을 시작으로, 최근 여러 루머에 시달리며 구설에 올랐다.",
				"sentenceSize": 99
			}
		]
	},
	"labeledDataInfo": {
		"processSentenceInfo": [
			{
				"sentenceNo": 1,
				"sentenceContent": "배우 이태임(32)이 현재 임신 3개월이며, 연예계를 은퇴한다고 소속사가 21일 밝혔다.",
				"subjectConsistencyYn": "Y"
			},
			{
				"sentenceNo": 2,
				"sentenceContent": "이태임의 소속사 매니지먼트해냄은 이날 \\\"이태임이 임신 3개월로 출산 후 결혼식을 올릴 것\\\"이라며 \\\"이로써 연예계는 은퇴한다\\\"고 밝혔다.",
				"subjectConsistencyYn": "Y"
			},
			{
				"sentenceNo": 3,
				"sentenceContent": "해냄 측은 이태임의 남자친구에 대해서는 \\\"연상의 사업가\\\"라며 \\\"항간에 떠도는 소문은 사실이 아니다\\\"라고 덧붙였다.",
				"subjectConsistencyYn": "Y"
			},
			{
				"sentenceNo": 4,
				"sentenceContent": "앞서 이태임은 지난 19일 자신의 인스타그램에 \\\"여러 생각과 고통 속에서 지난날 너무 힘들었다\\\"며 \\\"저는 앞으로 평범한 삶을 살아가기로 결정했다. 그동안 저를 사랑해주셨던 분들 잊지 않고 살아가겠다\\\"는 글을 올리며 연예계 은퇴 의사를 밝혔다.",
				"subjectConsistencyYn": "Y"
			},
			{
				"sentenceNo": 5,
				"sentenceContent": "그러나 이 글을 이태임이 소속사와 상의없이 올렸다는 게 알려지고, 소속사가 상황 파악에 나서면서 여러 가지 루머를 낳았다.",
				"subjectConsistencyYn": "Y"
			},
			{
				"sentenceNo": 6,
				"sentenceContent": "그중에는 이태임이 임신 3개월이며 아기의 아빠는 이명박 전 대통령의 아들 이시형씨라는 내용도 있었다.",
				"subjectConsistencyYn": "Y"
			},
			{
				"sentenceNo": 7,
				"sentenceContent": "소속사는 \\\"이태임과 오늘 만나 입장을 정리했다\\\"고 밝혔다.",
				"subjectConsistencyYn": "Y"
			},
			{
				"sentenceNo": 8,
				"sentenceContent": "이에 대해 스포츠조선은 해냄 관계자가 \\\"이태임의 남자친구는 루머에 나왔던 이시형 씨는 절대 아니다\\\"라며 \\\"이태임은 현재 소속사와는 계약이 1년여 남아 있었지만, 이태임측이 위약금을 내고 원만히 정리했다\\\"고 보도했다.",
				"subjectConsistencyYn": "Y"
			},
			{
				"sentenceNo": 9,
				"sentenceContent": "이태임의 남자친구는 1974년생의 M&A 전문가로 알려졌다.",
				"subjectConsistencyYn": "Y"
			},
			{
				"sentenceNo": 10,
				"sentenceContent": "이태임은 2008년 MBC TV 드라마 '내 인생의 황금기'로 데뷔해 '황제를 위하여'(2014) 등 영화와 '품위있는 그녀'(2017) 등 드라마에 출연했다.",
				"subjectConsistencyYn": "Y"
			},
			{
				"sentenceNo": 11,
				"sentenceContent": "최근에는 MBN '비행소녀'와 JTBC '교칙위반 수학여행' 등 예능에서도 활약했다.",
				"subjectConsistencyYn": "Y"
			},
			{
				"sentenceNo": 12,
				"sentenceContent": "이번엔 반대로 오민석이 3주 전에 지인으로부터 강예원을 클럽에서 봤다는 말을 들었다고 말했다.",
				"subjectConsistencyYn": "N"
			},
			{
				"sentenceNo": 13,
				"sentenceContent": "오민석은 “여자 4명과 와서 놀다가 술 한 잔 하고 헤어졌다더라”고 구체적인 설명까지 더했다.",
				"subjectConsistencyYn": "N"
			},
			{
				"sentenceNo": 14,
				"sentenceContent": "하지만 강예원은 전혀 그런 적이 없다며 목소리를 높이며 “어두우니까 누구 닮았다고 하면 오해할 수 있는 상황”이라며 “앞으로 이런 얘기 들으면 바로 말하라. 작은 일이라고 넘어가다 보면 문제가 커질 수 있다”고 뒤늦게 말한 남편에 대해 서운함을 표했다.",
				"subjectConsistencyYn": "N"
			}
		],
		"clickbaitClass": 0
	}
}