{
	"sourceDataInfo": {
		"newsID": "ET_M03_494443",
		"newsCategory": "연예",
		"newsSubcategory": "연예가화제",
		"newsTitle": "위키미키 최유정이 수화로 안무를 연습한 까닭",
		"newsSubTitle": "",
		"newsContent": "걸그룹 위키미키가 2018 평창 올림픽을 맞아 발표한 디지털 싱글 '버터플라이(Butterfly)'의 숨겨진 비밀이 눈길을 끌고 있다.\n위키미키는 최근 2009년 개봉한 영화 '국가대표' OST였던 '버터플라이'를 리메이크했다.\n위키미키의 '버터플라이'는 안무가 모두 수화로 이뤄져 있다.\n지난달 21일 열린 위키미키 두 번째 미니앨범 쇼케이스에서 멤버 수연은 '버터플라이'에 대해 \\\"패럴림픽을 겨냥한 부분이 있다. 패럴림픽에 저희 노래가 나오면 감사할 것 같다. 수화 연습을 한 달 정도 했다\\\"고 말했다.\n멤버 최유정은 \\\"이 노래로 패럴림픽을 응원할 수 있는 무대에 서고 싶다\\\"고 했다.\n최유정의 이같은 바람은 결국 이뤄졌다.\n3일 위키미키는 평창 패럴림픽 축하 공연 무대에 올랐다.",
		"partNum": "P2",
		"useType": 0,
		"processType": "A",
		"processPattern": "99",
		"processLevel": "하",
		"sentenceCount": 7,
		"processSentencenum": 2,
		"sentenceInfo": [
			{
				"sentenceNo": 1,
				"sentenceContent": "걸그룹 위키미키가 2018 평창 올림픽을 맞아 발표한 디지털 싱글 '버터플라이(Butterfly)'의 숨겨진 비밀이 눈길을 끌고 있다.",
				"sentenceSize": 75
			},
			{
				"sentenceNo": 2,
				"sentenceContent": "위키미키는 최근 2009년 개봉한 영화 '국가대표' OST였던 '버터플라이'를 리메이크했다.",
				"sentenceSize": 51
			},
			{
				"sentenceNo": 3,
				"sentenceContent": "위키미키의 '버터플라이'는 안무가 모두 수화로 이뤄져 있다.",
				"sentenceSize": 33
			},
			{
				"sentenceNo": 4,
				"sentenceContent": "지난달 21일 열린 위키미키 두 번째 미니앨범 쇼케이스에서 멤버 수연은 '버터플라이'에 대해 \\\"패럴림픽을 겨냥한 부분이 있다. 패럴림픽에 저희 노래가 나오면 감사할 것 같다. 수화 연습을 한 달 정도 했다\\\"고 말했다.",
				"sentenceSize": 123
			},
			{
				"sentenceNo": 5,
				"sentenceContent": "멤버 최유정은 \\\"이 노래로 패럴림픽을 응원할 수 있는 무대에 서고 싶다\\\"고 했다.",
				"sentenceSize": 47
			},
			{
				"sentenceNo": 6,
				"sentenceContent": "최유정의 이같은 바람은 결국 이뤄졌다.",
				"sentenceSize": 21
			},
			{
				"sentenceNo": 7,
				"sentenceContent": "3일 위키미키는 평창 패럴림픽 축하 공연 무대에 올랐다.",
				"sentenceSize": 31
			}
		]
	},
	"labeledDataInfo": {
		"processSentenceInfo": [
			{
				"sentenceNo": 1,
				"sentenceContent": "걸그룹 위키미키가 2018 평창 올림픽을 맞아 발표한 디지털 싱글 '버터플라이(Butterfly)'의 숨겨진 비밀이 눈길을 끌고 있다.",
				"subjectConsistencyYn": "Y"
			},
			{
				"sentenceNo": 2,
				"sentenceContent": "위키미키는 최근 2009년 개봉한 영화 '국가대표' OST였던 '버터플라이'를 리메이크했다.",
				"subjectConsistencyYn": "Y"
			},
			{
				"sentenceNo": 3,
				"sentenceContent": "위키미키의 '버터플라이'는 안무가 모두 수화로 이뤄져 있다.",
				"subjectConsistencyYn": "Y"
			},
			{
				"sentenceNo": 4,
				"sentenceContent": "지난달 21일 열린 위키미키 두 번째 미니앨범 쇼케이스에서 멤버 수연은 '버터플라이'에 대해 \\\"패럴림픽을 겨냥한 부분이 있다. 패럴림픽에 저희 노래가 나오면 감사할 것 같다. 수화 연습을 한 달 정도 했다\\\"고 말했다.",
				"subjectConsistencyYn": "Y"
			},
			{
				"sentenceNo": 5,
				"sentenceContent": "멤버 최유정은 \\\"이 노래로 패럴림픽을 응원할 수 있는 무대에 서고 싶다\\\"고 했다.",
				"subjectConsistencyYn": "Y"
			},
			{
				"sentenceNo": 6,
				"sentenceContent": "특히 박재범·로꼬 팀 릴보이, 지구인, Sik-K, 데이비드킴이 선보인 '리스펙트(Respect)'는 음원 발매와 동시에 주요 음원 차트 1위를 휩쓸어 눈길을 끌었다.",
				"subjectConsistencyYn": "N"
			}
		],
		"clickbaitClass": 0
	}
}