{
	"sourceDataInfo": {
		"newsID": "ET_M03_494203",
		"newsCategory": "연예",
		"newsSubcategory": "연예가화제",
		"newsTitle": "김순옥ㆍ임성한 맞대결 어땠나…'펜트하우스' 웃었다",
		"newsSubTitle": "김순옥, 임성한 토요일 밤 나란히 선보여 돌아온 '펜트하우스' 첫주부터 20% 넘겨 '결혼작사 이혼작곡'은 2월 들어 최저치",
		"newsContent": "다시 펼쳐진 '펜트하우스'의 세계는 여전했다.\n19일 시즌2로 돌아온 '펜트하우스'는 특유의 빠르고 반전을 거듭하는 전개와 수위 높은 장면들로 꽉 채웠다.\n시청률은 첫주만에 20%대를 넘어섰다.\n시즌2의 출발은 시즌 1과 흡사했다.\n시즌 2로부터 2년 뒤. 제28회 청아예술제의 막이 오르고 행사의 하이라이트인 대상 수상자를 발표하려는 순간, 비명과 함께 한 여학생이 돌계단에서 추락하면서 시작된다.\n곧이어 '5개월 전'이라는 자막과 함께 헤라팰리스에 사는 주요 인물들의 삶이 비쳐진다.\n천서진과 주단태는 결혼을 추진하고 이규진은 국회의원이 되어 국회 앞에서 단식 농성을 벌이고 있다.\n또 오윤희는 심수련 살인사건의 누명을 쓴 채 도주생활을 벌이고 오윤희의 딸 배로나는 학교에서 '살인자의 딸'이라며 왕따를 당하는 신세다.\n하지만 곧 오윤희는 로건리의 도움으로 사건에서 벗어나게 되고, 미국에서 바이오사업가로 성공한 하윤철과 결혼해 헤라팰리스에 다시 입주하면서 파란을 예고한다.\n과거 이웃 사이에 꼬여버린 결혼관계, 피가 난무하는 폭력과 음독자살, 개연성을 찾기 어려운 흐름 등 '흠'도 분명히 보였지만 시청률은 환호로 답했다.\n1회와 2회 시청률은 각각 19.1%와 20.4%(닐슨코리아 기준)를 기록해 동시대 모든 장르의 프로그램을 제치고 1위에 올랐다.\n이는 최근 가장 큰 흥행작으로 꼽히는 '태양의 후예'(KBS·첫주 시청률 14.3%, 15.5%)나 '별에서 온 그대'(SBS·15.6%, 18.3%)보다도 높은 수치다. '펜트하우스'의 복귀는 소위 '막장드라마'의 대표격인 김순옥, 임성한 작가의 맞대결이 성사됐다는 점에서도 관심을 모았다.\n시즌 1에서 월화드라마였던 '펜트하우스'가 금토로 자리를 옮기면서 TV조선의 '결혼작사 이혼작곡'(토일)과 비교가 불가피해진 것. 임성한 작가는 '인어 아가씨'(MBC·2002~2003)·'아현동 마님'(MBC·2007~2008), '신기생뎐'(SBS·2011) 등을 통해 출생의 비밀, 불치병, 불륜, 복수 등의 코드를 버무리는 '막장드라마' 시대를 열었다.\n이에 대한 비판도 컸지만 '시청률 보증수표'로 통하기도 했다.\n임 작가보다 늦게 출발한 김순옥 작가는 '아내의 유혹'(SBS·2008~2009)으로 본격 출발했으며, 이후 '왔다 장보리'(MBC·2014), '내딸 금사월'(MBC·2015~2016), '황후의 품격'(SBS·2018~2019)로 '막장'계의 새로운 강자로 떠올랐다.\n출생의 비밀, 불륜, 복수 등으로 채워진 두 작가의 작품은 비슷한 전개 같지만 차이도 있다.\n정덕현 대중문화평론가는 \\\"김순옥 작가는 원래 자극적 요소를 치밀하지 않은 구성에 담지만, 속도감 있는 전개로 이를 극복해나간다. 또 강력한 서사를 앞세워 이야기를 풀어나가기 때문에 첫 회부터 다양한 이야기가 쉴 틈 없이 쏟아져 나온다\\\"고 말했다.\n임성한 작가에 대해선 \\\"일단 인물이나 배경 설정을 단단히 해두고 이를 전복하는 구성이다. 완벽해 보이는 가정을 보여준 뒤 이것을 철저하게 무너뜨리는 식이다. 그래서 의외로 초반엔 막장이라고 부를만한 자극성이 적은 편\\\"이라고 말했다.\n두 작가가 같은 기간에 작품으로 진검승부를 벌이는 것은 이번이 처음이다.\n김 작가가 한창 주가를 올리던 2010년대 들어 임 작가가 6년여 활동을 중단하기도 했고, 같은 해에 작품을 올려도 주말드라마와 일일드라마로 편성되는 등 미묘하게 엇갈렸다.\n이번 맞대결이 비록 시간대는 오후 9시('결혼작사 이혼작곡')와 오후 10시('펜트하우스')로 다르지만 같은 날 저녁 시간대 올라오는 것만으로도 화제가 된 이유다.\n20일 만난 두 드라마의 시청률은 '펜트하우스'의 승리였다. '펜트하우스'(2회)가 20.4%(닐슨코리아 기준)의 시청률을 기록한 반면'결혼작사 이혼작곡'(9회)은 7.7%에 머물렀다.\n2월 들어 가장 낮은 시청률이다.\n화제성의 한 지표인 포털사이트 검색량도 마찬가지다.\n네이버의 검색 횟수를 비교해 보여주는 네이버트렌드에 따르면 20일 '결혼작사 이혼작곡'의 검색량은 '펜트하우스'의 52.3%에 그쳤다.\n방송계의 한 관계자는 \\\"'펜트하우스'의 팬층이 워낙 단단하다 보니 시즌 2 시작과 동시에 주말 드라마 이슈를 잠식하고 있다\\\"며 \\\"비록 시간대가 똑같은 건 아니지만, 포털 검색어를 비롯한 화제성에서 영향을 받지 않을 수 없다\\\"고 말했다.",
		"partNum": "P2",
		"useType": 0,
		"processType": "A",
		"processPattern": "99",
		"processLevel": "하",
		"sentenceCount": 26,
		"processSentencenum": 6,
		"sentenceInfo": [
			{
				"sentenceNo": 1,
				"sentenceContent": "다시 펼쳐진 '펜트하우스'의 세계는 여전했다.",
				"sentenceSize": 25
			},
			{
				"sentenceNo": 2,
				"sentenceContent": "19일 시즌2로 돌아온 '펜트하우스'는 특유의 빠르고 반전을 거듭하는 전개와 수위 높은 장면들로 꽉 채웠다.",
				"sentenceSize": 60
			},
			{
				"sentenceNo": 3,
				"sentenceContent": "시청률은 첫주만에 20%대를 넘어섰다.",
				"sentenceSize": 21
			},
			{
				"sentenceNo": 4,
				"sentenceContent": "시즌2의 출발은 시즌 1과 흡사했다.",
				"sentenceSize": 20
			},
			{
				"sentenceNo": 5,
				"sentenceContent": "시즌 2로부터 2년 뒤. 제28회 청아예술제의 막이 오르고 행사의 하이라이트인 대상 수상자를 발표하려는 순간, 비명과 함께 한 여학생이 돌계단에서 추락하면서 시작된다.",
				"sentenceSize": 93
			},
			{
				"sentenceNo": 6,
				"sentenceContent": "곧이어 '5개월 전'이라는 자막과 함께 헤라팰리스에 사는 주요 인물들의 삶이 비쳐진다.",
				"sentenceSize": 48
			},
			{
				"sentenceNo": 7,
				"sentenceContent": "천서진과 주단태는 결혼을 추진하고 이규진은 국회의원이 되어 국회 앞에서 단식 농성을 벌이고 있다.",
				"sentenceSize": 54
			},
			{
				"sentenceNo": 8,
				"sentenceContent": "또 오윤희는 심수련 살인사건의 누명을 쓴 채 도주생활을 벌이고 오윤희의 딸 배로나는 학교에서 '살인자의 딸'이라며 왕따를 당하는 신세다.",
				"sentenceSize": 76
			},
			{
				"sentenceNo": 9,
				"sentenceContent": "하지만 곧 오윤희는 로건리의 도움으로 사건에서 벗어나게 되고, 미국에서 바이오사업가로 성공한 하윤철과 결혼해 헤라팰리스에 다시 입주하면서 파란을 예고한다.",
				"sentenceSize": 86
			},
			{
				"sentenceNo": 10,
				"sentenceContent": "과거 이웃 사이에 꼬여버린 결혼관계, 피가 난무하는 폭력과 음독자살, 개연성을 찾기 어려운 흐름 등 '흠'도 분명히 보였지만 시청률은 환호로 답했다.",
				"sentenceSize": 83
			},
			{
				"sentenceNo": 11,
				"sentenceContent": "1회와 2회 시청률은 각각 19.1%와 20.4%(닐슨코리아 기준)를 기록해 동시대 모든 장르의 프로그램을 제치고 1위에 올랐다.",
				"sentenceSize": 72
			},
			{
				"sentenceNo": 12,
				"sentenceContent": "이는 최근 가장 큰 흥행작으로 꼽히는 '태양의 후예'(KBS·첫주 시청률 14.3%, 15.5%)나 '별에서 온 그대'(SBS·15.6%, 18.3%)보다도 높은 수치다. '펜트하우스'의 복귀는 소위 '막장드라마'의 대표격인 김순옥, 임성한 작가의 맞대결이 성사됐다는 점에서도 관심을 모았다.",
				"sentenceSize": 163
			},
			{
				"sentenceNo": 13,
				"sentenceContent": "시즌 1에서 월화드라마였던 '펜트하우스'가 금토로 자리를 옮기면서 TV조선의 '결혼작사 이혼작곡'(토일)과 비교가 불가피해진 것. 임성한 작가는 '인어 아가씨'(MBC·2002~2003)·'아현동 마님'(MBC·2007~2008), '신기생뎐'(SBS·2011) 등을 통해 출생의 비밀, 불치병, 불륜, 복수 등의 코드를 버무리는 '막장드라마' 시대를 열었다.",
				"sentenceSize": 201
			},
			{
				"sentenceNo": 14,
				"sentenceContent": "이에 대한 비판도 컸지만 '시청률 보증수표'로 통하기도 했다.",
				"sentenceSize": 34
			},
			{
				"sentenceNo": 15,
				"sentenceContent": "임 작가보다 늦게 출발한 김순옥 작가는 '아내의 유혹'(SBS·2008~2009)으로 본격 출발했으며, 이후 '왔다 장보리'(MBC·2014), '내딸 금사월'(MBC·2015~2016), '황후의 품격'(SBS·2018~2019)로 '막장'계의 새로운 강자로 떠올랐다.",
				"sentenceSize": 151
			},
			{
				"sentenceNo": 16,
				"sentenceContent": "출생의 비밀, 불륜, 복수 등으로 채워진 두 작가의 작품은 비슷한 전개 같지만 차이도 있다.",
				"sentenceSize": 51
			},
			{
				"sentenceNo": 17,
				"sentenceContent": "정덕현 대중문화평론가는 \\\"김순옥 작가는 원래 자극적 요소를 치밀하지 않은 구성에 담지만, 속도감 있는 전개로 이를 극복해나간다. 또 강력한 서사를 앞세워 이야기를 풀어나가기 때문에 첫 회부터 다양한 이야기가 쉴 틈 없이 쏟아져 나온다\\\"고 말했다.",
				"sentenceSize": 139
			},
			{
				"sentenceNo": 18,
				"sentenceContent": "임성한 작가에 대해선 \\\"일단 인물이나 배경 설정을 단단히 해두고 이를 전복하는 구성이다. 완벽해 보이는 가정을 보여준 뒤 이것을 철저하게 무너뜨리는 식이다. 그래서 의외로 초반엔 막장이라고 부를만한 자극성이 적은 편\\\"이라고 말했다.",
				"sentenceSize": 131
			},
			{
				"sentenceNo": 19,
				"sentenceContent": "두 작가가 같은 기간에 작품으로 진검승부를 벌이는 것은 이번이 처음이다.",
				"sentenceSize": 40
			},
			{
				"sentenceNo": 20,
				"sentenceContent": "김 작가가 한창 주가를 올리던 2010년대 들어 임 작가가 6년여 활동을 중단하기도 했고, 같은 해에 작품을 올려도 주말드라마와 일일드라마로 편성되는 등 미묘하게 엇갈렸다.",
				"sentenceSize": 96
			},
			{
				"sentenceNo": 21,
				"sentenceContent": "이번 맞대결이 비록 시간대는 오후 9시('결혼작사 이혼작곡')와 오후 10시('펜트하우스')로 다르지만 같은 날 저녁 시간대 올라오는 것만으로도 화제가 된 이유다.",
				"sentenceSize": 91
			},
			{
				"sentenceNo": 22,
				"sentenceContent": "20일 만난 두 드라마의 시청률은 '펜트하우스'의 승리였다. '펜트하우스'(2회)가 20.4%(닐슨코리아 기준)의 시청률을 기록한 반면'결혼작사 이혼작곡'(9회)은 7.7%에 머물렀다.",
				"sentenceSize": 103
			},
			{
				"sentenceNo": 23,
				"sentenceContent": "2월 들어 가장 낮은 시청률이다.",
				"sentenceSize": 18
			},
			{
				"sentenceNo": 24,
				"sentenceContent": "화제성의 한 지표인 포털사이트 검색량도 마찬가지다.",
				"sentenceSize": 28
			},
			{
				"sentenceNo": 25,
				"sentenceContent": "네이버의 검색 횟수를 비교해 보여주는 네이버트렌드에 따르면 20일 '결혼작사 이혼작곡'의 검색량은 '펜트하우스'의 52.3%에 그쳤다.",
				"sentenceSize": 75
			},
			{
				"sentenceNo": 26,
				"sentenceContent": "방송계의 한 관계자는 \\\"'펜트하우스'의 팬층이 워낙 단단하다 보니 시즌 2 시작과 동시에 주말 드라마 이슈를 잠식하고 있다\\\"며 \\\"비록 시간대가 똑같은 건 아니지만, 포털 검색어를 비롯한 화제성에서 영향을 받지 않을 수 없다\\\"고 말했다.",
				"sentenceSize": 135
			}
		]
	},
	"labeledDataInfo": {
		"processSentenceInfo": [
			{
				"sentenceNo": 1,
				"sentenceContent": "다시 펼쳐진 '펜트하우스'의 세계는 여전했다.",
				"subjectConsistencyYn": "Y"
			},
			{
				"sentenceNo": 2,
				"sentenceContent": "19일 시즌2로 돌아온 '펜트하우스'는 특유의 빠르고 반전을 거듭하는 전개와 수위 높은 장면들로 꽉 채웠다.",
				"subjectConsistencyYn": "Y"
			},
			{
				"sentenceNo": 3,
				"sentenceContent": "시청률은 첫주만에 20%대를 넘어섰다.",
				"subjectConsistencyYn": "Y"
			},
			{
				"sentenceNo": 4,
				"sentenceContent": "시즌2의 출발은 시즌 1과 흡사했다.",
				"subjectConsistencyYn": "Y"
			},
			{
				"sentenceNo": 5,
				"sentenceContent": "시즌 2로부터 2년 뒤. 제28회 청아예술제의 막이 오르고 행사의 하이라이트인 대상 수상자를 발표하려는 순간, 비명과 함께 한 여학생이 돌계단에서 추락하면서 시작된다.",
				"subjectConsistencyYn": "Y"
			},
			{
				"sentenceNo": 6,
				"sentenceContent": "곧이어 '5개월 전'이라는 자막과 함께 헤라팰리스에 사는 주요 인물들의 삶이 비쳐진다.",
				"subjectConsistencyYn": "Y"
			},
			{
				"sentenceNo": 7,
				"sentenceContent": "천서진과 주단태는 결혼을 추진하고 이규진은 국회의원이 되어 국회 앞에서 단식 농성을 벌이고 있다.",
				"subjectConsistencyYn": "Y"
			},
			{
				"sentenceNo": 8,
				"sentenceContent": "또 오윤희는 심수련 살인사건의 누명을 쓴 채 도주생활을 벌이고 오윤희의 딸 배로나는 학교에서 '살인자의 딸'이라며 왕따를 당하는 신세다.",
				"subjectConsistencyYn": "Y"
			},
			{
				"sentenceNo": 9,
				"sentenceContent": "하지만 곧 오윤희는 로건리의 도움으로 사건에서 벗어나게 되고, 미국에서 바이오사업가로 성공한 하윤철과 결혼해 헤라팰리스에 다시 입주하면서 파란을 예고한다.",
				"subjectConsistencyYn": "Y"
			},
			{
				"sentenceNo": 10,
				"sentenceContent": "과거 이웃 사이에 꼬여버린 결혼관계, 피가 난무하는 폭력과 음독자살, 개연성을 찾기 어려운 흐름 등 '흠'도 분명히 보였지만 시청률은 환호로 답했다.",
				"subjectConsistencyYn": "Y"
			},
			{
				"sentenceNo": 11,
				"sentenceContent": "1회와 2회 시청률은 각각 19.1%와 20.4%(닐슨코리아 기준)를 기록해 동시대 모든 장르의 프로그램을 제치고 1위에 올랐다.",
				"subjectConsistencyYn": "Y"
			},
			{
				"sentenceNo": 12,
				"sentenceContent": "이는 최근 가장 큰 흥행작으로 꼽히는 '태양의 후예'(KBS·첫주 시청률 14.3%, 15.5%)나 '별에서 온 그대'(SBS·15.6%, 18.3%)보다도 높은 수치다. '펜트하우스'의 복귀는 소위 '막장드라마'의 대표격인 김순옥, 임성한 작가의 맞대결이 성사됐다는 점에서도 관심을 모았다.",
				"subjectConsistencyYn": "Y"
			},
			{
				"sentenceNo": 13,
				"sentenceContent": "시즌 1에서 월화드라마였던 '펜트하우스'가 금토로 자리를 옮기면서 TV조선의 '결혼작사 이혼작곡'(토일)과 비교가 불가피해진 것. 임성한 작가는 '인어 아가씨'(MBC·2002~2003)·'아현동 마님'(MBC·2007~2008), '신기생뎐'(SBS·2011) 등을 통해 출생의 비밀, 불치병, 불륜, 복수 등의 코드를 버무리는 '막장드라마' 시대를 열었다.",
				"subjectConsistencyYn": "Y"
			},
			{
				"sentenceNo": 14,
				"sentenceContent": "이에 대한 비판도 컸지만 '시청률 보증수표'로 통하기도 했다.",
				"subjectConsistencyYn": "Y"
			},
			{
				"sentenceNo": 15,
				"sentenceContent": "임 작가보다 늦게 출발한 김순옥 작가는 '아내의 유혹'(SBS·2008~2009)으로 본격 출발했으며, 이후 '왔다 장보리'(MBC·2014), '내딸 금사월'(MBC·2015~2016), '황후의 품격'(SBS·2018~2019)로 '막장'계의 새로운 강자로 떠올랐다.",
				"subjectConsistencyYn": "Y"
			},
			{
				"sentenceNo": 16,
				"sentenceContent": "출생의 비밀, 불륜, 복수 등으로 채워진 두 작가의 작품은 비슷한 전개 같지만 차이도 있다.",
				"subjectConsistencyYn": "Y"
			},
			{
				"sentenceNo": 17,
				"sentenceContent": "정덕현 대중문화평론가는 \\\"김순옥 작가는 원래 자극적 요소를 치밀하지 않은 구성에 담지만, 속도감 있는 전개로 이를 극복해나간다. 또 강력한 서사를 앞세워 이야기를 풀어나가기 때문에 첫 회부터 다양한 이야기가 쉴 틈 없이 쏟아져 나온다\\\"고 말했다.",
				"subjectConsistencyYn": "Y"
			},
			{
				"sentenceNo": 18,
				"sentenceContent": "임성한 작가에 대해선 \\\"일단 인물이나 배경 설정을 단단히 해두고 이를 전복하는 구성이다. 완벽해 보이는 가정을 보여준 뒤 이것을 철저하게 무너뜨리는 식이다. 그래서 의외로 초반엔 막장이라고 부를만한 자극성이 적은 편\\\"이라고 말했다.",
				"subjectConsistencyYn": "Y"
			},
			{
				"sentenceNo": 19,
				"sentenceContent": "두 작가가 같은 기간에 작품으로 진검승부를 벌이는 것은 이번이 처음이다.",
				"subjectConsistencyYn": "Y"
			},
			{
				"sentenceNo": 20,
				"sentenceContent": "김 작가가 한창 주가를 올리던 2010년대 들어 임 작가가 6년여 활동을 중단하기도 했고, 같은 해에 작품을 올려도 주말드라마와 일일드라마로 편성되는 등 미묘하게 엇갈렸다.",
				"subjectConsistencyYn": "Y"
			},
			{
				"sentenceNo": 21,
				"sentenceContent": "이들은 거의 다 타버린 스파클러 폭죽처럼, 모두 죽음을 선고받았다.",
				"subjectConsistencyYn": "N"
			},
			{
				"sentenceNo": 22,
				"sentenceContent": "이왕 죽는 김에 나쁜 놈 한 명만 데려가겠다고 덤볐다가 아주 특별한 여정을 함께하게 된다고. 그 과정에서 달콤살벌한 워맨스를 꽃 피우며 혼자에서 ‘우리’가 되어가는 세 사람의 이야기는 ‘한 사람만’의 핵심 포인트가 될 전망이다.",
				"subjectConsistencyYn": "N"
			},
			{
				"sentenceNo": 23,
				"sentenceContent": "제작진은 “오는 12월 20일, 운명공동체로 엮인 세 여자들의 기적 같은 여정이 시작된다”며 “삶의 끝자락에서 만난 인숙, 세연, 미도가 일련의 사건들을 통해 ‘우리’가 되어가는 아주 특별한 순간을 함께 해달라”고 전했다. ‘한 사람만’은 ‘최고의 이혼’으로 섬세한 감정 묘사에 탁월함을 입증한 문정민 작가와 MBC 드라마 ‘역도요정 김복주’, ‘투깝스’, ‘그 남자의 기억법’ 등을 통해 로맨스 서사를 감각적인 영상으로 담아내는 세련된 연출력을 선보인 오현종 감독이 의기투합한 작품이다. ‘한 사람만’은 오는 20일 오후 11시 JTBC에서 첫 방송된다.",
				"subjectConsistencyYn": "N"
			}
		],
		"clickbaitClass": 0
	}
}