{
	"sourceDataInfo": {
		"newsID": "ET_M03_494473",
		"newsCategory": "연예",
		"newsSubcategory": "연예가화제",
		"newsTitle": "후배 가수가 본 아이유가 진짜 슈퍼스타가 될 수 있었던 비결",
		"newsSubTitle": "",
		"newsContent": "어떤 분야에서든 최고가 되려면 '꼼꼼함'과 '체력'은 필수인 것 같다.\n아이유의 후배 가수 정승환이 아이유와 함께 작업을 한 소감을 밝혔다.\n19일 정승환이 서울 강남구 청담동에 위치한 일지아트홀에서 첫 정규앨범 '그리고 봄' 발매 기념 쇼케이스를 개최했다.\n이날 정승환은 아이유가 작사에 참여한 선공개곡 '눈사람'에 대해 \\\"일단 되게 바쁘신 와중에도, 자리에 함께 하지 못하는 상황이 오면 문자로 세세하게 디렉팅과 조언을 해주셨다\\\"고 운을 뗐다.\n이어 \\\"스타는 정말 아무나 되는 게 아니라고 생각했다\\\"며 \\\"그 꼼꼼함과 체력이 대단하다고 생각했다\\\"고 말했다.\n마지막으로 정승환은 \\\"정말 덕분에 좋은 노랫말로 노래할 수 있게 돼서 너무 감사하다. 앞으로도 좋은 기회가 많았으면 좋겠다. 너무 감사드린다\\\"고 덧붙였다.\n한편 정승환의 첫 번째 정규앨범 '그리고 봄'에는 타이틀곡 '비가 온다'를 포함해 '다시, 봄' '눈사람' '변명' '사뿐' '타임라인' '제자리' '오뚝이' '바람 같은 노래를' '이 노래가' 까지 총 10곡이 수록됐다.",
		"partNum": "P2",
		"useType": 0,
		"processType": "A",
		"processPattern": "99",
		"processLevel": "하",
		"sentenceCount": 7,
		"processSentencenum": 2,
		"sentenceInfo": [
			{
				"sentenceNo": 1,
				"sentenceContent": "어떤 분야에서든 최고가 되려면 '꼼꼼함'과 '체력'은 필수인 것 같다.",
				"sentenceSize": 39
			},
			{
				"sentenceNo": 2,
				"sentenceContent": "아이유의 후배 가수 정승환이 아이유와 함께 작업을 한 소감을 밝혔다.",
				"sentenceSize": 38
			},
			{
				"sentenceNo": 3,
				"sentenceContent": "19일 정승환이 서울 강남구 청담동에 위치한 일지아트홀에서 첫 정규앨범 '그리고 봄' 발매 기념 쇼케이스를 개최했다.",
				"sentenceSize": 65
			},
			{
				"sentenceNo": 4,
				"sentenceContent": "이날 정승환은 아이유가 작사에 참여한 선공개곡 '눈사람'에 대해 \\\"일단 되게 바쁘신 와중에도, 자리에 함께 하지 못하는 상황이 오면 문자로 세세하게 디렉팅과 조언을 해주셨다\\\"고 운을 뗐다.",
				"sentenceSize": 107
			},
			{
				"sentenceNo": 5,
				"sentenceContent": "이어 \\\"스타는 정말 아무나 되는 게 아니라고 생각했다\\\"며 \\\"그 꼼꼼함과 체력이 대단하다고 생각했다\\\"고 말했다.",
				"sentenceSize": 65
			},
			{
				"sentenceNo": 6,
				"sentenceContent": "마지막으로 정승환은 \\\"정말 덕분에 좋은 노랫말로 노래할 수 있게 돼서 너무 감사하다. 앞으로도 좋은 기회가 많았으면 좋겠다. 너무 감사드린다\\\"고 덧붙였다.",
				"sentenceSize": 88
			},
			{
				"sentenceNo": 7,
				"sentenceContent": "한편 정승환의 첫 번째 정규앨범 '그리고 봄'에는 타이틀곡 '비가 온다'를 포함해 '다시, 봄' '눈사람' '변명' '사뿐' '타임라인' '제자리' '오뚝이' '바람 같은 노래를' '이 노래가' 까지 총 10곡이 수록됐다.",
				"sentenceSize": 124
			}
		]
	},
	"labeledDataInfo": {
		"processSentenceInfo": [
			{
				"sentenceNo": 1,
				"sentenceContent": "어떤 분야에서든 최고가 되려면 '꼼꼼함'과 '체력'은 필수인 것 같다.",
				"subjectConsistencyYn": "Y"
			},
			{
				"sentenceNo": 2,
				"sentenceContent": "아이유의 후배 가수 정승환이 아이유와 함께 작업을 한 소감을 밝혔다.",
				"subjectConsistencyYn": "Y"
			},
			{
				"sentenceNo": 3,
				"sentenceContent": "19일 정승환이 서울 강남구 청담동에 위치한 일지아트홀에서 첫 정규앨범 '그리고 봄' 발매 기념 쇼케이스를 개최했다.",
				"subjectConsistencyYn": "Y"
			},
			{
				"sentenceNo": 4,
				"sentenceContent": "이날 정승환은 아이유가 작사에 참여한 선공개곡 '눈사람'에 대해 \\\"일단 되게 바쁘신 와중에도, 자리에 함께 하지 못하는 상황이 오면 문자로 세세하게 디렉팅과 조언을 해주셨다\\\"고 운을 뗐다.",
				"subjectConsistencyYn": "Y"
			},
			{
				"sentenceNo": 5,
				"sentenceContent": "이어 \\\"스타는 정말 아무나 되는 게 아니라고 생각했다\\\"며 \\\"그 꼼꼼함과 체력이 대단하다고 생각했다\\\"고 말했다.",
				"subjectConsistencyYn": "Y"
			},
			{
				"sentenceNo": 6,
				"sentenceContent": "서로의 마음을 다시 확인한 여진과 태현(주원)이 해피엔딩을 맞을 수 있을지에 대한 관심이 집중되고 있다.",
				"subjectConsistencyYn": "N"
			},
			{
				"sentenceNo": 7,
				"sentenceContent": "′용팔이′ 마지막회는 10월1일 오늘 밤 10시 방송된다.",
				"subjectConsistencyYn": "N"
			}
		],
		"clickbaitClass": 0
	}
}