{
	"sourceDataInfo": {
		"newsID": "ET_M03_494716",
		"newsCategory": "연예",
		"newsSubcategory": "연예가화제",
		"newsTitle": "현아의 섹시댄스를 눈 앞에서 본 걸그룹 멤버들의 반응",
		"newsSubTitle": "",
		"newsContent": "현아의 파격적인 신곡 무대를 본 걸그룹 레드벨벳과 여자친구의 반응이 온라인에서 화제다.\n지난 2일 오후 서울 구로구 고척스카이돔에서는 '2017 멜론 뮤직어워드(MMA)'가 개최됐다.\n현아는 이날 신곡 '립앤힙(Lip & Hip)' 무대를 꾸몄다.\n본격적 퍼포먼스가 시작되기 전 오토바이 여러 대가 나와 무대 위를 휘저으며 관객들에게 기대감을 안겼다.\n현아는 번호판 대신 'Lip & Hip'이 적힌 자동차 보닛 위에서 요염한 자세를 취하며 등장했다.\n노래가 시작되자 격렬한 안무로 좌중을 휘어잡은 현아는 특유의 섹시한 안무로 눈을 뗄 수 없게 만들었다.\n이 무대를 본 레드벨벳과 여자친구의 반응이 한 팬의 카메라에 담겼다.\n박자에 맞춰 고개를 끄떡이기도 하고, 흥겨운 듯 몸을 흔들기도 했다.\n나온 지 얼마 되지 않은 노래임에도 불구하고 노래를 따라부르는 모습도 보였다.\n특히 이날 현아가 선보인 파격적 안무 중 혀로 손등을 핥는 동작을 본 여자친구 멤버들은 입을 다물지 못하고 감탄했다.\n이후 양손으로 가슴을 받쳐 드는 동작이 나오자 레드벨벳 멤버들은 서로를 바라보며 민망한지 웃음을 터뜨리기도 했다.",
		"partNum": "P2",
		"useType": 0,
		"processType": "A",
		"processPattern": "99",
		"processLevel": "하",
		"sentenceCount": 11,
		"processSentencenum": 1,
		"sentenceInfo": [
			{
				"sentenceNo": 1,
				"sentenceContent": "현아의 파격적인 신곡 무대를 본 걸그룹 레드벨벳과 여자친구의 반응이 온라인에서 화제다.",
				"sentenceSize": 48
			},
			{
				"sentenceNo": 2,
				"sentenceContent": "지난 2일 오후 서울 구로구 고척스카이돔에서는 '2017 멜론 뮤직어워드(MMA)'가 개최됐다.",
				"sentenceSize": 53
			},
			{
				"sentenceNo": 3,
				"sentenceContent": "현아는 이날 신곡 '립앤힙(Lip & Hip)' 무대를 꾸몄다.",
				"sentenceSize": 35
			},
			{
				"sentenceNo": 4,
				"sentenceContent": "본격적 퍼포먼스가 시작되기 전 오토바이 여러 대가 나와 무대 위를 휘저으며 관객들에게 기대감을 안겼다.",
				"sentenceSize": 57
			},
			{
				"sentenceNo": 5,
				"sentenceContent": "현아는 번호판 대신 'Lip & Hip'이 적힌 자동차 보닛 위에서 요염한 자세를 취하며 등장했다.",
				"sentenceSize": 55
			},
			{
				"sentenceNo": 6,
				"sentenceContent": "노래가 시작되자 격렬한 안무로 좌중을 휘어잡은 현아는 특유의 섹시한 안무로 눈을 뗄 수 없게 만들었다.",
				"sentenceSize": 57
			},
			{
				"sentenceNo": 7,
				"sentenceContent": "이 무대를 본 레드벨벳과 여자친구의 반응이 한 팬의 카메라에 담겼다.",
				"sentenceSize": 38
			},
			{
				"sentenceNo": 8,
				"sentenceContent": "박자에 맞춰 고개를 끄떡이기도 하고, 흥겨운 듯 몸을 흔들기도 했다.",
				"sentenceSize": 38
			},
			{
				"sentenceNo": 9,
				"sentenceContent": "나온 지 얼마 되지 않은 노래임에도 불구하고 노래를 따라부르는 모습도 보였다.",
				"sentenceSize": 43
			},
			{
				"sentenceNo": 10,
				"sentenceContent": "특히 이날 현아가 선보인 파격적 안무 중 혀로 손등을 핥는 동작을 본 여자친구 멤버들은 입을 다물지 못하고 감탄했다.",
				"sentenceSize": 65
			},
			{
				"sentenceNo": 11,
				"sentenceContent": "이후 양손으로 가슴을 받쳐 드는 동작이 나오자 레드벨벳 멤버들은 서로를 바라보며 민망한지 웃음을 터뜨리기도 했다.",
				"sentenceSize": 63
			}
		]
	},
	"labeledDataInfo": {
		"processSentenceInfo": [
			{
				"sentenceNo": 1,
				"sentenceContent": "현아의 파격적인 신곡 무대를 본 걸그룹 레드벨벳과 여자친구의 반응이 온라인에서 화제다.",
				"subjectConsistencyYn": "Y"
			},
			{
				"sentenceNo": 2,
				"sentenceContent": "지난 2일 오후 서울 구로구 고척스카이돔에서는 '2017 멜론 뮤직어워드(MMA)'가 개최됐다.",
				"subjectConsistencyYn": "Y"
			},
			{
				"sentenceNo": 3,
				"sentenceContent": "현아는 이날 신곡 '립앤힙(Lip & Hip)' 무대를 꾸몄다.",
				"subjectConsistencyYn": "Y"
			},
			{
				"sentenceNo": 4,
				"sentenceContent": "본격적 퍼포먼스가 시작되기 전 오토바이 여러 대가 나와 무대 위를 휘저으며 관객들에게 기대감을 안겼다.",
				"subjectConsistencyYn": "Y"
			},
			{
				"sentenceNo": 5,
				"sentenceContent": "현아는 번호판 대신 'Lip & Hip'이 적힌 자동차 보닛 위에서 요염한 자세를 취하며 등장했다.",
				"subjectConsistencyYn": "Y"
			},
			{
				"sentenceNo": 6,
				"sentenceContent": "노래가 시작되자 격렬한 안무로 좌중을 휘어잡은 현아는 특유의 섹시한 안무로 눈을 뗄 수 없게 만들었다.",
				"subjectConsistencyYn": "Y"
			},
			{
				"sentenceNo": 7,
				"sentenceContent": "이 무대를 본 레드벨벳과 여자친구의 반응이 한 팬의 카메라에 담겼다.",
				"subjectConsistencyYn": "Y"
			},
			{
				"sentenceNo": 8,
				"sentenceContent": "박자에 맞춰 고개를 끄떡이기도 하고, 흥겨운 듯 몸을 흔들기도 했다.",
				"subjectConsistencyYn": "Y"
			},
			{
				"sentenceNo": 9,
				"sentenceContent": "나온 지 얼마 되지 않은 노래임에도 불구하고 노래를 따라부르는 모습도 보였다.",
				"subjectConsistencyYn": "Y"
			},
			{
				"sentenceNo": 10,
				"sentenceContent": "특히 이날 현아가 선보인 파격적 안무 중 혀로 손등을 핥는 동작을 본 여자친구 멤버들은 입을 다물지 못하고 감탄했다.",
				"subjectConsistencyYn": "Y"
			},
			{
				"sentenceNo": 11,
				"sentenceContent": "한편, 한예슬과 정려원의 화보와 인터뷰는 코스모폴리탄 9월호와 공식 홈페이지를 통해 만나볼 수 있다.",
				"subjectConsistencyYn": "N"
			}
		],
		"clickbaitClass": 0
	}
}