{
	"sourceDataInfo": {
		"newsID": "ET_M03_494727",
		"newsCategory": "연예",
		"newsSubcategory": "연예가화제",
		"newsTitle": "'2017년 최악의 논란에 휩싸인 연예인' 투표 결과 1위는 빅뱅 탑",
		"newsSubTitle": "",
		"newsContent": "빅뱅 멤버 탑이 2017년 최악의 논란에 휩싸였던 연예인으로 선정됐다.\n대형 온라인 커뮤니티 디시인사이드의 '익사이팅디시'에서 지난 11월 26일부터 12월 2일까지 '2017년 최악의 논란에 휩싸였던 연예인은?'이란 주제로 투표를 시행한 결과 탑이 1위, 유아인이 2위, 박유천이 3위에 올랐다.\n1위 탑 총 2만 5157표 중 2711표(10.8%)로 1위를 차지한 탑은 지난해 10월 9~14일 서울 용산구 자택에서 가수 연습생 한모씨와 4차례 대마를 흡연한 혐의(마약류관리법 위반)로 재판에 넘겨져 1심에서 징역 10개월에 집행유예 2년을 선고받았다.\n탑은 당시 선고 결과에 대해 \\\"모든 잘못을 인정하고 받아들이겠다. 잘못은 반성하고 있다\\\"며 \\\"다시는 이런 일이 생기지 않도록 인생의 교훈으로 삼아 후회하고 새로운 마음으로 살아가겠다\\\"고 심경을 밝혔다.\n2위 유아인 2위로는 2357표(9.4%)를 받은 유아인이 이름을 올렸다.\n유아인은 지난 6월 건강상의 이유로 병역 의무가 면제되며 논란에 오른 바 있다.\n그리고 지난 11월 약 일주일간 이어진 네티즌과의 SNS 설전으로 연일 각종 포털사이트의 검색어 순위를 독식하기도 했다.\n이로 인해 유아인의 관련 검색어는 '애호박', '페미니스트', '트위터' 등으로 전면 교체됐다.\n3위 박유천 3위로는 2034표(8.1%)로 그룹 JYJ의 박유천이 꼽혔다.\n박유천은 지난해 성폭행 및 성매매 논란에 휩싸였다가 무혐의 처분을 받았다.\n또한 올해 9월 결혼할 예정이었으나 이를 연기하며 의문을 자아냈다.\n이외 순위에서는 샤이니 온유, 뉴이스트 강동호, 슈퍼주니어 강인, 슈퍼주니어 최시원 등이 이름을 올렸다.",
		"partNum": "P2",
		"useType": 0,
		"processType": "A",
		"processPattern": "99",
		"processLevel": "하",
		"sentenceCount": 12,
		"processSentencenum": 1,
		"sentenceInfo": [
			{
				"sentenceNo": 1,
				"sentenceContent": "빅뱅 멤버 탑이 2017년 최악의 논란에 휩싸였던 연예인으로 선정됐다.",
				"sentenceSize": 39
			},
			{
				"sentenceNo": 2,
				"sentenceContent": "대형 온라인 커뮤니티 디시인사이드의 '익사이팅디시'에서 지난 11월 26일부터 12월 2일까지 '2017년 최악의 논란에 휩싸였던 연예인은?'이란 주제로 투표를 시행한 결과 탑이 1위, 유아인이 2위, 박유천이 3위에 올랐다.",
				"sentenceSize": 126
			},
			{
				"sentenceNo": 3,
				"sentenceContent": "1위 탑 총 2만 5157표 중 2711표(10.8%)로 1위를 차지한 탑은 지난해 10월 9~14일 서울 용산구 자택에서 가수 연습생 한모씨와 4차례 대마를 흡연한 혐의(마약류관리법 위반)로 재판에 넘겨져 1심에서 징역 10개월에 집행유예 2년을 선고받았다.",
				"sentenceSize": 145
			},
			{
				"sentenceNo": 4,
				"sentenceContent": "탑은 당시 선고 결과에 대해 \\\"모든 잘못을 인정하고 받아들이겠다. 잘못은 반성하고 있다\\\"며 \\\"다시는 이런 일이 생기지 않도록 인생의 교훈으로 삼아 후회하고 새로운 마음으로 살아가겠다\\\"고 심경을 밝혔다.",
				"sentenceSize": 116
			},
			{
				"sentenceNo": 5,
				"sentenceContent": "2위 유아인 2위로는 2357표(9.4%)를 받은 유아인이 이름을 올렸다.",
				"sentenceSize": 41
			},
			{
				"sentenceNo": 6,
				"sentenceContent": "유아인은 지난 6월 건강상의 이유로 병역 의무가 면제되며 논란에 오른 바 있다.",
				"sentenceSize": 44
			},
			{
				"sentenceNo": 7,
				"sentenceContent": "그리고 지난 11월 약 일주일간 이어진 네티즌과의 SNS 설전으로 연일 각종 포털사이트의 검색어 순위를 독식하기도 했다.",
				"sentenceSize": 67
			},
			{
				"sentenceNo": 8,
				"sentenceContent": "이로 인해 유아인의 관련 검색어는 '애호박', '페미니스트', '트위터' 등으로 전면 교체됐다.",
				"sentenceSize": 53
			},
			{
				"sentenceNo": 9,
				"sentenceContent": "3위 박유천 3위로는 2034표(8.1%)로 그룹 JYJ의 박유천이 꼽혔다.",
				"sentenceSize": 42
			},
			{
				"sentenceNo": 10,
				"sentenceContent": "박유천은 지난해 성폭행 및 성매매 논란에 휩싸였다가 무혐의 처분을 받았다.",
				"sentenceSize": 41
			},
			{
				"sentenceNo": 11,
				"sentenceContent": "또한 올해 9월 결혼할 예정이었으나 이를 연기하며 의문을 자아냈다.",
				"sentenceSize": 37
			},
			{
				"sentenceNo": 12,
				"sentenceContent": "이외 순위에서는 샤이니 온유, 뉴이스트 강동호, 슈퍼주니어 강인, 슈퍼주니어 최시원 등이 이름을 올렸다.",
				"sentenceSize": 58
			}
		]
	},
	"labeledDataInfo": {
		"processSentenceInfo": [
			{
				"sentenceNo": 1,
				"sentenceContent": "빅뱅 멤버 탑이 2017년 최악의 논란에 휩싸였던 연예인으로 선정됐다.",
				"subjectConsistencyYn": "Y"
			},
			{
				"sentenceNo": 2,
				"sentenceContent": "대형 온라인 커뮤니티 디시인사이드의 '익사이팅디시'에서 지난 11월 26일부터 12월 2일까지 '2017년 최악의 논란에 휩싸였던 연예인은?'이란 주제로 투표를 시행한 결과 탑이 1위, 유아인이 2위, 박유천이 3위에 올랐다.",
				"subjectConsistencyYn": "Y"
			},
			{
				"sentenceNo": 3,
				"sentenceContent": "1위 탑 총 2만 5157표 중 2711표(10.8%)로 1위를 차지한 탑은 지난해 10월 9~14일 서울 용산구 자택에서 가수 연습생 한모씨와 4차례 대마를 흡연한 혐의(마약류관리법 위반)로 재판에 넘겨져 1심에서 징역 10개월에 집행유예 2년을 선고받았다.",
				"subjectConsistencyYn": "Y"
			},
			{
				"sentenceNo": 4,
				"sentenceContent": "탑은 당시 선고 결과에 대해 \\\"모든 잘못을 인정하고 받아들이겠다. 잘못은 반성하고 있다\\\"며 \\\"다시는 이런 일이 생기지 않도록 인생의 교훈으로 삼아 후회하고 새로운 마음으로 살아가겠다\\\"고 심경을 밝혔다.",
				"subjectConsistencyYn": "Y"
			},
			{
				"sentenceNo": 5,
				"sentenceContent": "2위 유아인 2위로는 2357표(9.4%)를 받은 유아인이 이름을 올렸다.",
				"subjectConsistencyYn": "Y"
			},
			{
				"sentenceNo": 6,
				"sentenceContent": "유아인은 지난 6월 건강상의 이유로 병역 의무가 면제되며 논란에 오른 바 있다.",
				"subjectConsistencyYn": "Y"
			},
			{
				"sentenceNo": 7,
				"sentenceContent": "그리고 지난 11월 약 일주일간 이어진 네티즌과의 SNS 설전으로 연일 각종 포털사이트의 검색어 순위를 독식하기도 했다.",
				"subjectConsistencyYn": "Y"
			},
			{
				"sentenceNo": 8,
				"sentenceContent": "이로 인해 유아인의 관련 검색어는 '애호박', '페미니스트', '트위터' 등으로 전면 교체됐다.",
				"subjectConsistencyYn": "Y"
			},
			{
				"sentenceNo": 9,
				"sentenceContent": "3위 박유천 3위로는 2034표(8.1%)로 그룹 JYJ의 박유천이 꼽혔다.",
				"subjectConsistencyYn": "Y"
			},
			{
				"sentenceNo": 10,
				"sentenceContent": "박유천은 지난해 성폭행 및 성매매 논란에 휩싸였다가 무혐의 처분을 받았다.",
				"subjectConsistencyYn": "Y"
			},
			{
				"sentenceNo": 11,
				"sentenceContent": "또한 올해 9월 결혼할 예정이었으나 이를 연기하며 의문을 자아냈다.",
				"subjectConsistencyYn": "Y"
			},
			{
				"sentenceNo": 12,
				"sentenceContent": "정신적인 고통을 받고 있지만, 스콧 디식과 클로이 바르톨리를 향한 질투를 제어하기 위해 자기 관리 중인 것으로 알려졌다.",
				"subjectConsistencyYn": "N"
			}
		],
		"clickbaitClass": 0
	}
}