{
	"sourceDataInfo": {
		"newsID": "ET_M03_494622",
		"newsCategory": "연예",
		"newsSubcategory": "연예가화제",
		"newsTitle": "수지, LA서 뮤직비디오 촬영 … 1월 말 가요계 컴백",
		"newsSubTitle": "",
		"newsContent": "가수 수지가 1월 컴백을 목표로 앨범 작업에 박차를 가하고 있다고 일간스포츠가 단독 보도했다.\n2일 복수의 관계자에 따르면 수지는 미국 LA에서 신곡 뮤직비디오 촬영을 진행한다.\n지난 1일 수수한 민낯으로 인천공항을 출국하며 목적지를 밝히지 않았는데, 이는 사실 신보 작업을 위한 출국길이었다.\nLA의 화창한 날씨로 표현할 수지의 신곡 컨셉트에 관심이 쏠린다.\n수지는 지난해 1월 발표한 첫 솔로앨범 '예스? 노?(Yes? No?)' 이후 1년 만인 올 1월 말 가요계 컴백을 확정했다. '행복한 척' '예스 노 베이비'로 활동하며 사랑받은 가수 수지의 또 다른 변신이 기대를 모은다.\nSBS '박진영의 파티피플', '그랜드민트페스티벌 2017' 등 다양한 무대에서 솔로 가수의 역량을 펼쳐온 수지는 지난해부터 곡 작업을 해오며 신보에 공을 들여왔다.\n연기와 노래 등 다재다능한 매력을 가진 수지의 컴백 소식에 팬들의 반응이 벌써 뜨겁다.",
		"partNum": "P2",
		"useType": 0,
		"processType": "A",
		"processPattern": "99",
		"processLevel": "하",
		"sentenceCount": 7,
		"processSentencenum": 1,
		"sentenceInfo": [
			{
				"sentenceNo": 1,
				"sentenceContent": "가수 수지가 1월 컴백을 목표로 앨범 작업에 박차를 가하고 있다고 일간스포츠가 단독 보도했다.",
				"sentenceSize": 52
			},
			{
				"sentenceNo": 2,
				"sentenceContent": "2일 복수의 관계자에 따르면 수지는 미국 LA에서 신곡 뮤직비디오 촬영을 진행한다.",
				"sentenceSize": 46
			},
			{
				"sentenceNo": 3,
				"sentenceContent": "지난 1일 수수한 민낯으로 인천공항을 출국하며 목적지를 밝히지 않았는데, 이는 사실 신보 작업을 위한 출국길이었다.",
				"sentenceSize": 64
			},
			{
				"sentenceNo": 4,
				"sentenceContent": "LA의 화창한 날씨로 표현할 수지의 신곡 컨셉트에 관심이 쏠린다.",
				"sentenceSize": 36
			},
			{
				"sentenceNo": 5,
				"sentenceContent": "수지는 지난해 1월 발표한 첫 솔로앨범 '예스? 노?(Yes? No?)' 이후 1년 만인 올 1월 말 가요계 컴백을 확정했다. '행복한 척' '예스 노 베이비'로 활동하며 사랑받은 가수 수지의 또 다른 변신이 기대를 모은다.",
				"sentenceSize": 125
			},
			{
				"sentenceNo": 6,
				"sentenceContent": "SBS '박진영의 파티피플', '그랜드민트페스티벌 2017' 등 다양한 무대에서 솔로 가수의 역량을 펼쳐온 수지는 지난해부터 곡 작업을 해오며 신보에 공을 들여왔다.",
				"sentenceSize": 92
			},
			{
				"sentenceNo": 7,
				"sentenceContent": "연기와 노래 등 다재다능한 매력을 가진 수지의 컴백 소식에 팬들의 반응이 벌써 뜨겁다.",
				"sentenceSize": 48
			}
		]
	},
	"labeledDataInfo": {
		"processSentenceInfo": [
			{
				"sentenceNo": 1,
				"sentenceContent": "가수 수지가 1월 컴백을 목표로 앨범 작업에 박차를 가하고 있다고 일간스포츠가 단독 보도했다.",
				"subjectConsistencyYn": "Y"
			},
			{
				"sentenceNo": 2,
				"sentenceContent": "2일 복수의 관계자에 따르면 수지는 미국 LA에서 신곡 뮤직비디오 촬영을 진행한다.",
				"subjectConsistencyYn": "Y"
			},
			{
				"sentenceNo": 3,
				"sentenceContent": "지난 1일 수수한 민낯으로 인천공항을 출국하며 목적지를 밝히지 않았는데, 이는 사실 신보 작업을 위한 출국길이었다.",
				"subjectConsistencyYn": "Y"
			},
			{
				"sentenceNo": 4,
				"sentenceContent": "LA의 화창한 날씨로 표현할 수지의 신곡 컨셉트에 관심이 쏠린다.",
				"subjectConsistencyYn": "Y"
			},
			{
				"sentenceNo": 5,
				"sentenceContent": "수지는 지난해 1월 발표한 첫 솔로앨범 '예스? 노?(Yes? No?)' 이후 1년 만인 올 1월 말 가요계 컴백을 확정했다. '행복한 척' '예스 노 베이비'로 활동하며 사랑받은 가수 수지의 또 다른 변신이 기대를 모은다.",
				"subjectConsistencyYn": "Y"
			},
			{
				"sentenceNo": 6,
				"sentenceContent": "SBS '박진영의 파티피플', '그랜드민트페스티벌 2017' 등 다양한 무대에서 솔로 가수의 역량을 펼쳐온 수지는 지난해부터 곡 작업을 해오며 신보에 공을 들여왔다.",
				"subjectConsistencyYn": "Y"
			},
			{
				"sentenceNo": 7,
				"sentenceContent": "정씨는 7년 넘게 한씨 사랑을 받아 주지 않았으나 그의 지고지순한 마음에 결국 마음을 열었다.",
				"subjectConsistencyYn": "N"
			},
			{
				"sentenceNo": 8,
				"sentenceContent": "다만 한씨는 방송에서 \\\"어쩔 수 없이 어머니 마음을 아프게 해 죄송하다\\\"고 죄송한 마음을 감추지 못했다.",
				"subjectConsistencyYn": "N"
			},
			{
				"sentenceNo": 9,
				"sentenceContent": "한편 '진짜 사랑 리턴즈'는 세상에서 가장 가깝지만, 때론 가장 멀게 느껴지는 가족의 진짜 사랑 이야기를 모큐멘터리(다큐멘터리 형식으로 재연하는 제작 기법) 형식으로 보여 주는 프로그램이다.",
				"subjectConsistencyYn": "N"
			},
			{
				"sentenceNo": 10,
				"sentenceContent": "2013년부터 3년간 여섯 개의 시즌을 방송하며 사랑을 받았고 2015년 12월 사실상 종영했지만, 두달 만에 누적 조회 수 2000만을 돌파하는 등 유튜브에서 폭발적인 인기를 얻으며 지난 3월부터 다시 방송에 들어갔다.",
				"subjectConsistencyYn": "N"
			}
		],
		"clickbaitClass": 0
	}
}