{
	"sourceDataInfo": {
		"newsID": "ET_M03_494685",
		"newsCategory": "연예",
		"newsSubcategory": "연예가화제",
		"newsTitle": "유재석, 6년 연속 ‘올해의 개그맨’ 1위…2위는?",
		"newsSubTitle": "",
		"newsContent": "개그맨 유재석이 6년 연속 올해를 빛낸 개그맨 1위에 올랐다.\n한국갤럽은 지난달 8일부터 28일까지 전국(제주 제외) 만 13세 이상 남녀 1700명을 대상으로 올해 가장 뛰어난 활약을 한 코미디언을 조사해 집계한 순위를 11일 발표했다.\n1위는 38.3%의 지지를 받은 유재석이 차지했다.\n유재석은 현재 MBC ‘무한도전’, SBS ‘일요일이 좋다-런닝맨’, KBS2 ‘해피투게더3’ 등에 출연 중이다.\n2005년부터 2009년까지 5년 연속 1위를 차지했던 유재석은 2010년과 2011년 잠시 2위에 머물렀다가 2012년부터 다시 6년 연속 1위에 올랐다.\n10년 넘게 ‘국민 MC’로 불리고 있다.\n23.3%의 지지를 받은 강호동이 뒤를 이었다.\n그는 현재 JTBC ‘아는 형님’, ‘한끼줍쇼’, tvN ‘신서유기’, ‘섬총사’ 등을 통해 활약 중이다.\n그는 유재석과 양대 국민 MC로 명성을 떨치다 2011년 잠정 은퇴를 선언했다.\n이후 2012년 복귀해 2013년부터 5년 연속 5위권에 들었다.\n갤럽은 “2012년 이후 작년까지 ‘유재석 시대’가 이어졌지만, 복귀 후 활동 범위를 넓히고 있는 강호동이 2013년 4위, 2014년 5위, 2015~2016년 3위, 올해 2위로 상승해 과거 팽팽했던 ‘양강 구도’가 재현될지 주목된다”고 분석했다.\n3위는 박나래(15.9%)가 이름을 올렸다.\n그는 여성 코미디언 중 유일하게 10위 안에 이름을 올렸다.\ntvN ‘코미디 빅리그’에서 분장 개그로 큰 웃음을 준 박나래는 MBC ‘나 혼자 산다’, MBC에브리원 ‘비디오스타’, 온스타일 ‘겟잇뷰티’ 등 프로그램에서 진행자로 활약 중이다.\n이 밖에 신동엽, 이경규, 이수근, 김준호, 양세형, 김준현, 김병만이 4위부터 10위를 차지했다.",
		"partNum": "P2",
		"useType": 0,
		"processType": "A",
		"processPattern": "99",
		"processLevel": "하",
		"sentenceCount": 15,
		"processSentencenum": 2,
		"sentenceInfo": [
			{
				"sentenceNo": 1,
				"sentenceContent": "개그맨 유재석이 6년 연속 올해를 빛낸 개그맨 1위에 올랐다.",
				"sentenceSize": 34
			},
			{
				"sentenceNo": 2,
				"sentenceContent": "한국갤럽은 지난달 8일부터 28일까지 전국(제주 제외) 만 13세 이상 남녀 1700명을 대상으로 올해 가장 뛰어난 활약을 한 코미디언을 조사해 집계한 순위를 11일 발표했다.",
				"sentenceSize": 98
			},
			{
				"sentenceNo": 3,
				"sentenceContent": "1위는 38.3%의 지지를 받은 유재석이 차지했다.",
				"sentenceSize": 28
			},
			{
				"sentenceNo": 4,
				"sentenceContent": "유재석은 현재 MBC ‘무한도전’, SBS ‘일요일이 좋다-런닝맨’, KBS2 ‘해피투게더3’ 등에 출연 중이다.",
				"sentenceSize": 63
			},
			{
				"sentenceNo": 5,
				"sentenceContent": "2005년부터 2009년까지 5년 연속 1위를 차지했던 유재석은 2010년과 2011년 잠시 2위에 머물렀다가 2012년부터 다시 6년 연속 1위에 올랐다.",
				"sentenceSize": 87
			},
			{
				"sentenceNo": 6,
				"sentenceContent": "10년 넘게 ‘국민 MC’로 불리고 있다.",
				"sentenceSize": 23
			},
			{
				"sentenceNo": 7,
				"sentenceContent": "23.3%의 지지를 받은 강호동이 뒤를 이었다.",
				"sentenceSize": 26
			},
			{
				"sentenceNo": 8,
				"sentenceContent": "그는 현재 JTBC ‘아는 형님’, ‘한끼줍쇼’, tvN ‘신서유기’, ‘섬총사’ 등을 통해 활약 중이다.",
				"sentenceSize": 59
			},
			{
				"sentenceNo": 9,
				"sentenceContent": "그는 유재석과 양대 국민 MC로 명성을 떨치다 2011년 잠정 은퇴를 선언했다.",
				"sentenceSize": 44
			},
			{
				"sentenceNo": 10,
				"sentenceContent": "이후 2012년 복귀해 2013년부터 5년 연속 5위권에 들었다.",
				"sentenceSize": 36
			},
			{
				"sentenceNo": 11,
				"sentenceContent": "갤럽은 “2012년 이후 작년까지 ‘유재석 시대’가 이어졌지만, 복귀 후 활동 범위를 넓히고 있는 강호동이 2013년 4위, 2014년 5위, 2015~2016년 3위, 올해 2위로 상승해 과거 팽팽했던 ‘양강 구도’가 재현될지 주목된다”고 분석했다.",
				"sentenceSize": 140
			},
			{
				"sentenceNo": 12,
				"sentenceContent": "3위는 박나래(15.9%)가 이름을 올렸다.",
				"sentenceSize": 24
			},
			{
				"sentenceNo": 13,
				"sentenceContent": "그는 여성 코미디언 중 유일하게 10위 안에 이름을 올렸다.",
				"sentenceSize": 33
			},
			{
				"sentenceNo": 14,
				"sentenceContent": "tvN ‘코미디 빅리그’에서 분장 개그로 큰 웃음을 준 박나래는 MBC ‘나 혼자 산다’, MBC에브리원 ‘비디오스타’, 온스타일 ‘겟잇뷰티’ 등 프로그램에서 진행자로 활약 중이다.",
				"sentenceSize": 101
			},
			{
				"sentenceNo": 15,
				"sentenceContent": "이 밖에 신동엽, 이경규, 이수근, 김준호, 양세형, 김준현, 김병만이 4위부터 10위를 차지했다.",
				"sentenceSize": 55
			}
		]
	},
	"labeledDataInfo": {
		"processSentenceInfo": [
			{
				"sentenceNo": 1,
				"sentenceContent": "개그맨 유재석이 6년 연속 올해를 빛낸 개그맨 1위에 올랐다.",
				"subjectConsistencyYn": "Y"
			},
			{
				"sentenceNo": 2,
				"sentenceContent": "한국갤럽은 지난달 8일부터 28일까지 전국(제주 제외) 만 13세 이상 남녀 1700명을 대상으로 올해 가장 뛰어난 활약을 한 코미디언을 조사해 집계한 순위를 11일 발표했다.",
				"subjectConsistencyYn": "Y"
			},
			{
				"sentenceNo": 3,
				"sentenceContent": "1위는 38.3%의 지지를 받은 유재석이 차지했다.",
				"subjectConsistencyYn": "Y"
			},
			{
				"sentenceNo": 4,
				"sentenceContent": "유재석은 현재 MBC ‘무한도전’, SBS ‘일요일이 좋다-런닝맨’, KBS2 ‘해피투게더3’ 등에 출연 중이다.",
				"subjectConsistencyYn": "Y"
			},
			{
				"sentenceNo": 5,
				"sentenceContent": "2005년부터 2009년까지 5년 연속 1위를 차지했던 유재석은 2010년과 2011년 잠시 2위에 머물렀다가 2012년부터 다시 6년 연속 1위에 올랐다.",
				"subjectConsistencyYn": "Y"
			},
			{
				"sentenceNo": 6,
				"sentenceContent": "10년 넘게 ‘국민 MC’로 불리고 있다.",
				"subjectConsistencyYn": "Y"
			},
			{
				"sentenceNo": 7,
				"sentenceContent": "23.3%의 지지를 받은 강호동이 뒤를 이었다.",
				"subjectConsistencyYn": "Y"
			},
			{
				"sentenceNo": 8,
				"sentenceContent": "그는 현재 JTBC ‘아는 형님’, ‘한끼줍쇼’, tvN ‘신서유기’, ‘섬총사’ 등을 통해 활약 중이다.",
				"subjectConsistencyYn": "Y"
			},
			{
				"sentenceNo": 9,
				"sentenceContent": "그는 유재석과 양대 국민 MC로 명성을 떨치다 2011년 잠정 은퇴를 선언했다.",
				"subjectConsistencyYn": "Y"
			},
			{
				"sentenceNo": 10,
				"sentenceContent": "이후 2012년 복귀해 2013년부터 5년 연속 5위권에 들었다.",
				"subjectConsistencyYn": "Y"
			},
			{
				"sentenceNo": 11,
				"sentenceContent": "갤럽은 “2012년 이후 작년까지 ‘유재석 시대’가 이어졌지만, 복귀 후 활동 범위를 넓히고 있는 강호동이 2013년 4위, 2014년 5위, 2015~2016년 3위, 올해 2위로 상승해 과거 팽팽했던 ‘양강 구도’가 재현될지 주목된다”고 분석했다.",
				"subjectConsistencyYn": "Y"
			},
			{
				"sentenceNo": 12,
				"sentenceContent": "3위는 박나래(15.9%)가 이름을 올렸다.",
				"subjectConsistencyYn": "Y"
			},
			{
				"sentenceNo": 13,
				"sentenceContent": "그는 여성 코미디언 중 유일하게 10위 안에 이름을 올렸다.",
				"subjectConsistencyYn": "Y"
			},
			{
				"sentenceNo": 14,
				"sentenceContent": "한편 ‘한번 더 해피엔딩’은 서른이 훌쩍 넘어버린 1세대 요정 걸그룹의 그 후, 그리고 그녀들과 엮이는 바람에 다시 한 번 사랑을 시작하는 남자들의 이야기로 20일 오후 10시 첫 방송된다.",
				"subjectConsistencyYn": "N"
			}
		],
		"clickbaitClass": 0
	}
}