{
	"sourceDataInfo": {
		"newsID": "ET_M03_494592",
		"newsCategory": "연예",
		"newsSubcategory": "연예가화제",
		"newsTitle": "귀여움 터진다는 4인 4색 '블랙핑크'의 라멘 먹방",
		"newsSubTitle": "",
		"newsContent": "그룹 블랙핑크의 리얼리티 프로그램 '블핑하우스'에서 멤버들이 4인 4색 라멘 먹방을 선보였다.\n지난 6일 블랙핑크의 첫 번째 리얼리티 프로그램 '블핑하우스' 1화가 유튜브를 통해 공개됐다.\n새로운 집에 입주하게 된 블랙핑크 멤버들은 직접 만든 마카롱을 선물하기 위해 홍대 거리로 나섰다.\n마카롱을 돌리던 블랙핑크 멤버들의 발걸음이 닿은 곳은 같은 소속사 빅뱅 멤버 승리가 운영하는 라멘 집. 블랙핑크 멤버들은 라멘집에서 배가 고팠는지 '폭풍먹방'을 선보였다.\n그리고 멤버별 식사 스타일이 확연히 다른 점이 팬들의 눈에 띄었다.\n지수 지수는 얌전하고 차분하게 수저를 들고 라멘을 맛봤다.\n로제 로제는 면을 한 젓가락 들어 호호 불며 입이 데지 않게 조심스레 라멘을 먹었다.\n제니 제니는 배가 고팠는지 '호로록' 소리를 내며 일단 입 안으로 면을 순식간에 집어넣었다.\n리사 리사는 숟가락을 삼킬 기세로 음식을 털어 넣었다.\n네티즌들은 \\\"너무 귀엽다\\\" \\\"제니 볼이 다람쥐같다\\\" \\\"승리 라멘집에서 맛있게 먹는 걸 보니 기분 좋다\\\" 등의 반응을 보였다.",
		"partNum": "P2",
		"useType": 0,
		"processType": "A",
		"processPattern": "99",
		"processLevel": "하",
		"sentenceCount": 10,
		"processSentencenum": 2,
		"sentenceInfo": [
			{
				"sentenceNo": 1,
				"sentenceContent": "그룹 블랙핑크의 리얼리티 프로그램 '블핑하우스'에서 멤버들이 4인 4색 라멘 먹방을 선보였다.",
				"sentenceSize": 52
			},
			{
				"sentenceNo": 2,
				"sentenceContent": "지난 6일 블랙핑크의 첫 번째 리얼리티 프로그램 '블핑하우스' 1화가 유튜브를 통해 공개됐다.",
				"sentenceSize": 52
			},
			{
				"sentenceNo": 3,
				"sentenceContent": "새로운 집에 입주하게 된 블랙핑크 멤버들은 직접 만든 마카롱을 선물하기 위해 홍대 거리로 나섰다.",
				"sentenceSize": 54
			},
			{
				"sentenceNo": 4,
				"sentenceContent": "마카롱을 돌리던 블랙핑크 멤버들의 발걸음이 닿은 곳은 같은 소속사 빅뱅 멤버 승리가 운영하는 라멘 집. 블랙핑크 멤버들은 라멘집에서 배가 고팠는지 '폭풍먹방'을 선보였다.",
				"sentenceSize": 95
			},
			{
				"sentenceNo": 5,
				"sentenceContent": "그리고 멤버별 식사 스타일이 확연히 다른 점이 팬들의 눈에 띄었다.",
				"sentenceSize": 37
			},
			{
				"sentenceNo": 6,
				"sentenceContent": "지수 지수는 얌전하고 차분하게 수저를 들고 라멘을 맛봤다.",
				"sentenceSize": 32
			},
			{
				"sentenceNo": 7,
				"sentenceContent": "로제 로제는 면을 한 젓가락 들어 호호 불며 입이 데지 않게 조심스레 라멘을 먹었다.",
				"sentenceSize": 47
			},
			{
				"sentenceNo": 8,
				"sentenceContent": "제니 제니는 배가 고팠는지 '호로록' 소리를 내며 일단 입 안으로 면을 순식간에 집어넣었다.",
				"sentenceSize": 51
			},
			{
				"sentenceNo": 9,
				"sentenceContent": "리사 리사는 숟가락을 삼킬 기세로 음식을 털어 넣었다.",
				"sentenceSize": 30
			},
			{
				"sentenceNo": 10,
				"sentenceContent": "네티즌들은 \\\"너무 귀엽다\\\" \\\"제니 볼이 다람쥐같다\\\" \\\"승리 라멘집에서 맛있게 먹는 걸 보니 기분 좋다\\\" 등의 반응을 보였다.",
				"sentenceSize": 75
			}
		]
	},
	"labeledDataInfo": {
		"processSentenceInfo": [
			{
				"sentenceNo": 1,
				"sentenceContent": "그룹 블랙핑크의 리얼리티 프로그램 '블핑하우스'에서 멤버들이 4인 4색 라멘 먹방을 선보였다.",
				"subjectConsistencyYn": "Y"
			},
			{
				"sentenceNo": 2,
				"sentenceContent": "지난 6일 블랙핑크의 첫 번째 리얼리티 프로그램 '블핑하우스' 1화가 유튜브를 통해 공개됐다.",
				"subjectConsistencyYn": "Y"
			},
			{
				"sentenceNo": 3,
				"sentenceContent": "새로운 집에 입주하게 된 블랙핑크 멤버들은 직접 만든 마카롱을 선물하기 위해 홍대 거리로 나섰다.",
				"subjectConsistencyYn": "Y"
			},
			{
				"sentenceNo": 4,
				"sentenceContent": "마카롱을 돌리던 블랙핑크 멤버들의 발걸음이 닿은 곳은 같은 소속사 빅뱅 멤버 승리가 운영하는 라멘 집. 블랙핑크 멤버들은 라멘집에서 배가 고팠는지 '폭풍먹방'을 선보였다.",
				"subjectConsistencyYn": "Y"
			},
			{
				"sentenceNo": 5,
				"sentenceContent": "그리고 멤버별 식사 스타일이 확연히 다른 점이 팬들의 눈에 띄었다.",
				"subjectConsistencyYn": "Y"
			},
			{
				"sentenceNo": 6,
				"sentenceContent": "지수 지수는 얌전하고 차분하게 수저를 들고 라멘을 맛봤다.",
				"subjectConsistencyYn": "Y"
			},
			{
				"sentenceNo": 7,
				"sentenceContent": "로제 로제는 면을 한 젓가락 들어 호호 불며 입이 데지 않게 조심스레 라멘을 먹었다.",
				"subjectConsistencyYn": "Y"
			},
			{
				"sentenceNo": 8,
				"sentenceContent": "제니 제니는 배가 고팠는지 '호로록' 소리를 내며 일단 입 안으로 면을 순식간에 집어넣었다.",
				"subjectConsistencyYn": "Y"
			},
			{
				"sentenceNo": 9,
				"sentenceContent": "한편, 전도연과 레이양이 출연하는 '굿 와이프'는 승승장구하던 검사 남편이 정치 스캔들과 부정부패로 구속되자 결혼 이후 일을 그만두었던 아내가 가정의 생계를 책임지기 위해 변호사로 복귀하면서 자신의 진정한 정체성을 찾아가는 법정 수사 드라마. 오는 7월 8일 첫 방송. 온라인 중앙일보 [사진 레이양 인스타그램]",
				"subjectConsistencyYn": "N"
			}
		],
		"clickbaitClass": 0
	}
}