{
	"sourceDataInfo": {
		"newsID": "ET_M03_494741",
		"newsCategory": "연예",
		"newsSubcategory": "연예가화제",
		"newsTitle": "유역비, 디즈니 영화 ‘뮬란' 실사판 주인공 확정",
		"newsSubTitle": "",
		"newsContent": "중화권 톱스타 유역비가 디즈니 실사 영화 ‘뮬란’의 주인공으로 결정됐다.\n11월 29일 할리우드 리포터 등 미국 매체의 보도에 따르면 디즈니의 새로운 실사영화 ‘뮬란’의 주인공 '뮬란' 역에 유역비가 낙점됐다.\n뮬란은 1998년 애니메이션으로도 개봉해 많은 사랑을 받은 작품이다.\n디즈니는 뮬란 역을 위해 5개의 대륙을 넘나들며 1000여명에 육박하는 배우들의 오디션을 진행한 것으로 알려졌다.\n뮬란 역을 얻기 위해서는 중국인이어야 하고 믿을만한 수준의 무술 능력과 영어 구사 능력이 요구됐다.\n유역비는 성룡, 이연걸과 함께 출연한 영화 ‘포비든 킹덤 – 전설의 마스터를 찾아서’를 통해 할리우드에 첫발을 내디뎠고 다수의 드라마에서 무술을 선보인 바 있어 뮬란 역에 적합한 배우였던 것으로 보인다. ‘뮬란’은 연로한 아버지를 대신해 남장을 하고 입영하는 뮬란이 위험으로부터 황제를 구해낸다는 이야기를 담았다.\n니키 카로(Niki Caro)가 감독을 맡았고 나머지 주요 배역들 역시 중국인으로 캐스팅할 것으로 알려졌다.\n한편 오랜 캐스팅이 마무리 단계에 이른 디즈니의 새 실사영화 ‘뮬란’은 오는 2019년 개봉 예정이다.",
		"partNum": "P2",
		"useType": 0,
		"processType": "A",
		"processPattern": "99",
		"processLevel": "하",
		"sentenceCount": 8,
		"processSentencenum": 2,
		"sentenceInfo": [
			{
				"sentenceNo": 1,
				"sentenceContent": "중화권 톱스타 유역비가 디즈니 실사 영화 ‘뮬란’의 주인공으로 결정됐다.",
				"sentenceSize": 40
			},
			{
				"sentenceNo": 2,
				"sentenceContent": "11월 29일 할리우드 리포터 등 미국 매체의 보도에 따르면 디즈니의 새로운 실사영화 ‘뮬란’의 주인공 '뮬란' 역에 유역비가 낙점됐다.",
				"sentenceSize": 76
			},
			{
				"sentenceNo": 3,
				"sentenceContent": "뮬란은 1998년 애니메이션으로도 개봉해 많은 사랑을 받은 작품이다.",
				"sentenceSize": 38
			},
			{
				"sentenceNo": 4,
				"sentenceContent": "디즈니는 뮬란 역을 위해 5개의 대륙을 넘나들며 1000여명에 육박하는 배우들의 오디션을 진행한 것으로 알려졌다.",
				"sentenceSize": 63
			},
			{
				"sentenceNo": 5,
				"sentenceContent": "뮬란 역을 얻기 위해서는 중국인이어야 하고 믿을만한 수준의 무술 능력과 영어 구사 능력이 요구됐다.",
				"sentenceSize": 55
			},
			{
				"sentenceNo": 6,
				"sentenceContent": "유역비는 성룡, 이연걸과 함께 출연한 영화 ‘포비든 킹덤 – 전설의 마스터를 찾아서’를 통해 할리우드에 첫발을 내디뎠고 다수의 드라마에서 무술을 선보인 바 있어 뮬란 역에 적합한 배우였던 것으로 보인다. ‘뮬란’은 연로한 아버지를 대신해 남장을 하고 입영하는 뮬란이 위험으로부터 황제를 구해낸다는 이야기를 담았다.",
				"sentenceSize": 175
			},
			{
				"sentenceNo": 7,
				"sentenceContent": "니키 카로(Niki Caro)가 감독을 맡았고 나머지 주요 배역들 역시 중국인으로 캐스팅할 것으로 알려졌다.",
				"sentenceSize": 60
			},
			{
				"sentenceNo": 8,
				"sentenceContent": "한편 오랜 캐스팅이 마무리 단계에 이른 디즈니의 새 실사영화 ‘뮬란’은 오는 2019년 개봉 예정이다.",
				"sentenceSize": 57
			}
		]
	},
	"labeledDataInfo": {
		"processSentenceInfo": [
			{
				"sentenceNo": 1,
				"sentenceContent": "중화권 톱스타 유역비가 디즈니 실사 영화 ‘뮬란’의 주인공으로 결정됐다.",
				"subjectConsistencyYn": "Y"
			},
			{
				"sentenceNo": 2,
				"sentenceContent": "11월 29일 할리우드 리포터 등 미국 매체의 보도에 따르면 디즈니의 새로운 실사영화 ‘뮬란’의 주인공 '뮬란' 역에 유역비가 낙점됐다.",
				"subjectConsistencyYn": "Y"
			},
			{
				"sentenceNo": 3,
				"sentenceContent": "뮬란은 1998년 애니메이션으로도 개봉해 많은 사랑을 받은 작품이다.",
				"subjectConsistencyYn": "Y"
			},
			{
				"sentenceNo": 4,
				"sentenceContent": "디즈니는 뮬란 역을 위해 5개의 대륙을 넘나들며 1000여명에 육박하는 배우들의 오디션을 진행한 것으로 알려졌다.",
				"subjectConsistencyYn": "Y"
			},
			{
				"sentenceNo": 5,
				"sentenceContent": "뮬란 역을 얻기 위해서는 중국인이어야 하고 믿을만한 수준의 무술 능력과 영어 구사 능력이 요구됐다.",
				"subjectConsistencyYn": "Y"
			},
			{
				"sentenceNo": 6,
				"sentenceContent": "유역비는 성룡, 이연걸과 함께 출연한 영화 ‘포비든 킹덤 – 전설의 마스터를 찾아서’를 통해 할리우드에 첫발을 내디뎠고 다수의 드라마에서 무술을 선보인 바 있어 뮬란 역에 적합한 배우였던 것으로 보인다. ‘뮬란’은 연로한 아버지를 대신해 남장을 하고 입영하는 뮬란이 위험으로부터 황제를 구해낸다는 이야기를 담았다.",
				"subjectConsistencyYn": "Y"
			},
			{
				"sentenceNo": 7,
				"sentenceContent": "공개된 론칭 포스터는 유태오라는 세계에 로그 인을 알리는 스페셜한 비주얼이 궁금증을 유발한다.",
				"subjectConsistencyYn": "N"
			},
			{
				"sentenceNo": 8,
				"sentenceContent": "모두가 알지만 누구도 몰랐던 진짜 유태오의 일상과 가상을 오가는 기록은 유태오만의 다재다능한 아티스트적 면모를 다시금 확인시키며 유태오의 팬들은 물론 영화 팬들에게 기분 좋은 서프라이즈를 선물할 것이다..",
				"subjectConsistencyYn": "N"
			}
		],
		"clickbaitClass": 0
	}
}