{
	"sourceDataInfo": {
		"newsID": "ET_M03_494216",
		"newsCategory": "연예",
		"newsSubcategory": "연예가화제",
		"newsTitle": "배우 박병은이 전한 제주 '마이삭' 상황…\\\"이런 태풍 처음\\\"",
		"newsSubTitle": "",
		"newsContent": "배우 박병은이 제9호 태풍 '마이삭' 영향권에 있는 제주 현지 상황을 전했다.\n박병은은 2일 오후 자신의 인스타그램에 \\\"지금 내 시점\\\"이라는 글과 함께 검은 화면의 사진을 올렸다.\n그는 \\\"정전되고 물 끊기고 플래시나 초도 없다\\\"며 \\\"계속 식탁하고 쇼파에 부딪친다\\\"고 적었다.\n이어 \\\"창 밖은 바람에 비가 비가…이렇게 센 태풍은 난생 처음\\\"이라며 \\\"진심으로 아무 피해 없이 지나가길 빈다\\\"고 언급했다.\n그러면서 \\\"이 어둠 속에서 밤새 홀로 무얼해야 하는가\\\"라고 덧붙였다.\n이에 네티즌들은 \\\"지금 제주도 태풍이 심한가 보다\\\" \\\"조심하라\\\" \\\"피해 없길 바란다\\\" 등의 댓글을 남겼다.\n현재 제주는 태풍 마이삭에 의한 강풍·폭우로 일부 지역에 주민 대피령이 내려진 상황이다.\n제주에서 1년 살기 중인 박병은은 지난달 31일 방송된 tvN 예능프로그램 '온앤오프'에서 자신의 일상을 공개하기도 했다.",
		"partNum": "P2",
		"useType": 0,
		"processType": "A",
		"processPattern": "99",
		"processLevel": "하",
		"sentenceCount": 8,
		"processSentencenum": 1,
		"sentenceInfo": [
			{
				"sentenceNo": 1,
				"sentenceContent": "배우 박병은이 제9호 태풍 '마이삭' 영향권에 있는 제주 현지 상황을 전했다.",
				"sentenceSize": 43
			},
			{
				"sentenceNo": 2,
				"sentenceContent": "박병은은 2일 오후 자신의 인스타그램에 \\\"지금 내 시점\\\"이라는 글과 함께 검은 화면의 사진을 올렸다.",
				"sentenceSize": 58
			},
			{
				"sentenceNo": 3,
				"sentenceContent": "그는 \\\"정전되고 물 끊기고 플래시나 초도 없다\\\"며 \\\"계속 식탁하고 쇼파에 부딪친다\\\"고 적었다.",
				"sentenceSize": 56
			},
			{
				"sentenceNo": 4,
				"sentenceContent": "이어 \\\"창 밖은 바람에 비가 비가…이렇게 센 태풍은 난생 처음\\\"이라며 \\\"진심으로 아무 피해 없이 지나가길 빈다\\\"고 언급했다.",
				"sentenceSize": 73
			},
			{
				"sentenceNo": 5,
				"sentenceContent": "그러면서 \\\"이 어둠 속에서 밤새 홀로 무얼해야 하는가\\\"라고 덧붙였다.",
				"sentenceSize": 40
			},
			{
				"sentenceNo": 6,
				"sentenceContent": "이에 네티즌들은 \\\"지금 제주도 태풍이 심한가 보다\\\" \\\"조심하라\\\" \\\"피해 없길 바란다\\\" 등의 댓글을 남겼다.",
				"sentenceSize": 65
			},
			{
				"sentenceNo": 7,
				"sentenceContent": "현재 제주는 태풍 마이삭에 의한 강풍·폭우로 일부 지역에 주민 대피령이 내려진 상황이다.",
				"sentenceSize": 49
			},
			{
				"sentenceNo": 8,
				"sentenceContent": "제주에서 1년 살기 중인 박병은은 지난달 31일 방송된 tvN 예능프로그램 '온앤오프'에서 자신의 일상을 공개하기도 했다.",
				"sentenceSize": 68
			}
		]
	},
	"labeledDataInfo": {
		"processSentenceInfo": [
			{
				"sentenceNo": 1,
				"sentenceContent": "배우 박병은이 제9호 태풍 '마이삭' 영향권에 있는 제주 현지 상황을 전했다.",
				"subjectConsistencyYn": "Y"
			},
			{
				"sentenceNo": 2,
				"sentenceContent": "박병은은 2일 오후 자신의 인스타그램에 \\\"지금 내 시점\\\"이라는 글과 함께 검은 화면의 사진을 올렸다.",
				"subjectConsistencyYn": "Y"
			},
			{
				"sentenceNo": 3,
				"sentenceContent": "그는 \\\"정전되고 물 끊기고 플래시나 초도 없다\\\"며 \\\"계속 식탁하고 쇼파에 부딪친다\\\"고 적었다.",
				"subjectConsistencyYn": "Y"
			},
			{
				"sentenceNo": 4,
				"sentenceContent": "이어 \\\"창 밖은 바람에 비가 비가…이렇게 센 태풍은 난생 처음\\\"이라며 \\\"진심으로 아무 피해 없이 지나가길 빈다\\\"고 언급했다.",
				"subjectConsistencyYn": "Y"
			},
			{
				"sentenceNo": 5,
				"sentenceContent": "그러면서 \\\"이 어둠 속에서 밤새 홀로 무얼해야 하는가\\\"라고 덧붙였다.",
				"subjectConsistencyYn": "Y"
			},
			{
				"sentenceNo": 6,
				"sentenceContent": "이에 네티즌들은 \\\"지금 제주도 태풍이 심한가 보다\\\" \\\"조심하라\\\" \\\"피해 없길 바란다\\\" 등의 댓글을 남겼다.",
				"subjectConsistencyYn": "Y"
			},
			{
				"sentenceNo": 7,
				"sentenceContent": "현재 제주는 태풍 마이삭에 의한 강풍·폭우로 일부 지역에 주민 대피령이 내려진 상황이다.",
				"subjectConsistencyYn": "Y"
			},
			{
				"sentenceNo": 8,
				"sentenceContent": "래원은 엠넷 ‘쇼미더머니6’ ‘쇼미더머니8’ ‘쇼미더머니9’에 출연해 얼굴을 알렸다.",
				"subjectConsistencyYn": "N"
			}
		],
		"clickbaitClass": 0
	}
}