{
	"sourceDataInfo": {
		"newsID": "ET_M03_494664",
		"newsCategory": "연예",
		"newsSubcategory": "연예가화제",
		"newsTitle": "23년 만에 밝혀진 '명탐정 코난'을 작게 만든 검은 조직 보스의 정체",
		"newsSubTitle": "",
		"newsContent": "인기 만화 '명탐정 코난' 작가 아오야마 고쇼(青山剛昌)가 건강상 이유로 장기 휴재에 들어간다고 12일 밝혔다.\n그는 \\\"장기간 충전을 위해 휴재한다\\\"고 알렸다. '명탐정 코난'은 일본의 만화 잡지인 '주간 소년 선데이'에 실리는 추리 만화로 1994년부터 23년째 연재되고 있다.\n동명의 TV·영화 애니메이션도 큰 사랑을 받고 있다.\n아오야마 고쇼가 장기 휴재를 알리자 전 세계 팬들은 안타까운 목소리를 내고 있다.\n대부분 \\\"푹 쉬다 좋은 만화로 돌아오길 바란다\\\"는 내용이다.\n이날은 '명탐정 코난'의 1008화가 공개된 날이었다.\n해당화에서는 주인공 코난(쿠도 신이치)를 어린아이의 몸으로 만든 검은 조직의 보스 정체도 공개됐다.\n1008화 마지막 페이지에서 코난의 아버지 쿠도 유사쿠는 \\\"보스의 정체는 카라스마 렌야일 것\\\"이라고 내다봤다. '카라스마 렌야'는 '명탐정 코난' 단행본 30권, 애니메이션 219화(일본 기준)에 나오는 인물인 것으로 전해진다.\n어머니에게 물려받은 저택에 어마어마한 보물이 있다는 사실이 알게 된 그는 저택으로 그 비밀을 풀 학자들을 초대했으나 계획대로 되지 않자 이들을 잔인하게 살해했다.\n13년째 수많은 팬을 궁금하게 만들었던 검은 조직의 보스 정체가 카라스마 렌야로 밝혀지자 이날 수많은 온라인 커뮤니티들은 들썩거렸다.\n국내 온라인 커뮤니티 디시인사이드 '명탐정 코난 마이너 갤러리'에는 지난 2월 '보스의 정체는 카라스마 렌야같다'는 글이 올라온 바 있어 이 글이 '성지순례' 글로 떠오르기도 했다.\n이 글은 13일 오후 10만회에 가까운 조회 수를 기록하고 있다.\n많은 네티즌이 \\\"대학 합격하게 해주세요\\\" \\\"로또 당첨 되게 해주세요\\\" 등과 같은 댓글을 남겼다.",
		"partNum": "P2",
		"useType": 0,
		"processType": "A",
		"processPattern": "99",
		"processLevel": "하",
		"sentenceCount": 13,
		"processSentencenum": 1,
		"sentenceInfo": [
			{
				"sentenceNo": 1,
				"sentenceContent": "인기 만화 '명탐정 코난' 작가 아오야마 고쇼(青山剛昌)가 건강상 이유로 장기 휴재에 들어간다고 12일 밝혔다.",
				"sentenceSize": 62
			},
			{
				"sentenceNo": 2,
				"sentenceContent": "그는 \\\"장기간 충전을 위해 휴재한다\\\"고 알렸다. '명탐정 코난'은 일본의 만화 잡지인 '주간 소년 선데이'에 실리는 추리 만화로 1994년부터 23년째 연재되고 있다.",
				"sentenceSize": 95
			},
			{
				"sentenceNo": 3,
				"sentenceContent": "동명의 TV·영화 애니메이션도 큰 사랑을 받고 있다.",
				"sentenceSize": 29
			},
			{
				"sentenceNo": 4,
				"sentenceContent": "아오야마 고쇼가 장기 휴재를 알리자 전 세계 팬들은 안타까운 목소리를 내고 있다.",
				"sentenceSize": 45
			},
			{
				"sentenceNo": 5,
				"sentenceContent": "대부분 \\\"푹 쉬다 좋은 만화로 돌아오길 바란다\\\"는 내용이다.",
				"sentenceSize": 35
			},
			{
				"sentenceNo": 6,
				"sentenceContent": "이날은 '명탐정 코난'의 1008화가 공개된 날이었다.",
				"sentenceSize": 30
			},
			{
				"sentenceNo": 7,
				"sentenceContent": "해당화에서는 주인공 코난(쿠도 신이치)를 어린아이의 몸으로 만든 검은 조직의 보스 정체도 공개됐다.",
				"sentenceSize": 55
			},
			{
				"sentenceNo": 8,
				"sentenceContent": "1008화 마지막 페이지에서 코난의 아버지 쿠도 유사쿠는 \\\"보스의 정체는 카라스마 렌야일 것\\\"이라고 내다봤다. '카라스마 렌야'는 '명탐정 코난' 단행본 30권, 애니메이션 219화(일본 기준)에 나오는 인물인 것으로 전해진다.",
				"sentenceSize": 129
			},
			{
				"sentenceNo": 9,
				"sentenceContent": "어머니에게 물려받은 저택에 어마어마한 보물이 있다는 사실이 알게 된 그는 저택으로 그 비밀을 풀 학자들을 초대했으나 계획대로 되지 않자 이들을 잔인하게 살해했다.",
				"sentenceSize": 90
			},
			{
				"sentenceNo": 10,
				"sentenceContent": "13년째 수많은 팬을 궁금하게 만들었던 검은 조직의 보스 정체가 카라스마 렌야로 밝혀지자 이날 수많은 온라인 커뮤니티들은 들썩거렸다.",
				"sentenceSize": 74
			},
			{
				"sentenceNo": 11,
				"sentenceContent": "국내 온라인 커뮤니티 디시인사이드 '명탐정 코난 마이너 갤러리'에는 지난 2월 '보스의 정체는 카라스마 렌야같다'는 글이 올라온 바 있어 이 글이 '성지순례' 글로 떠오르기도 했다.",
				"sentenceSize": 101
			},
			{
				"sentenceNo": 12,
				"sentenceContent": "이 글은 13일 오후 10만회에 가까운 조회 수를 기록하고 있다.",
				"sentenceSize": 36
			},
			{
				"sentenceNo": 13,
				"sentenceContent": "많은 네티즌이 \\\"대학 합격하게 해주세요\\\" \\\"로또 당첨 되게 해주세요\\\" 등과 같은 댓글을 남겼다.",
				"sentenceSize": 57
			}
		]
	},
	"labeledDataInfo": {
		"processSentenceInfo": [
			{
				"sentenceNo": 1,
				"sentenceContent": "인기 만화 '명탐정 코난' 작가 아오야마 고쇼(青山剛昌)가 건강상 이유로 장기 휴재에 들어간다고 12일 밝혔다.",
				"subjectConsistencyYn": "Y"
			},
			{
				"sentenceNo": 2,
				"sentenceContent": "그는 \\\"장기간 충전을 위해 휴재한다\\\"고 알렸다. '명탐정 코난'은 일본의 만화 잡지인 '주간 소년 선데이'에 실리는 추리 만화로 1994년부터 23년째 연재되고 있다.",
				"subjectConsistencyYn": "Y"
			},
			{
				"sentenceNo": 3,
				"sentenceContent": "동명의 TV·영화 애니메이션도 큰 사랑을 받고 있다.",
				"subjectConsistencyYn": "Y"
			},
			{
				"sentenceNo": 4,
				"sentenceContent": "아오야마 고쇼가 장기 휴재를 알리자 전 세계 팬들은 안타까운 목소리를 내고 있다.",
				"subjectConsistencyYn": "Y"
			},
			{
				"sentenceNo": 5,
				"sentenceContent": "대부분 \\\"푹 쉬다 좋은 만화로 돌아오길 바란다\\\"는 내용이다.",
				"subjectConsistencyYn": "Y"
			},
			{
				"sentenceNo": 6,
				"sentenceContent": "이날은 '명탐정 코난'의 1008화가 공개된 날이었다.",
				"subjectConsistencyYn": "Y"
			},
			{
				"sentenceNo": 7,
				"sentenceContent": "해당화에서는 주인공 코난(쿠도 신이치)를 어린아이의 몸으로 만든 검은 조직의 보스 정체도 공개됐다.",
				"subjectConsistencyYn": "Y"
			},
			{
				"sentenceNo": 8,
				"sentenceContent": "1008화 마지막 페이지에서 코난의 아버지 쿠도 유사쿠는 \\\"보스의 정체는 카라스마 렌야일 것\\\"이라고 내다봤다. '카라스마 렌야'는 '명탐정 코난' 단행본 30권, 애니메이션 219화(일본 기준)에 나오는 인물인 것으로 전해진다.",
				"subjectConsistencyYn": "Y"
			},
			{
				"sentenceNo": 9,
				"sentenceContent": "어머니에게 물려받은 저택에 어마어마한 보물이 있다는 사실이 알게 된 그는 저택으로 그 비밀을 풀 학자들을 초대했으나 계획대로 되지 않자 이들을 잔인하게 살해했다.",
				"subjectConsistencyYn": "Y"
			},
			{
				"sentenceNo": 10,
				"sentenceContent": "13년째 수많은 팬을 궁금하게 만들었던 검은 조직의 보스 정체가 카라스마 렌야로 밝혀지자 이날 수많은 온라인 커뮤니티들은 들썩거렸다.",
				"subjectConsistencyYn": "Y"
			},
			{
				"sentenceNo": 11,
				"sentenceContent": "국내 온라인 커뮤니티 디시인사이드 '명탐정 코난 마이너 갤러리'에는 지난 2월 '보스의 정체는 카라스마 렌야같다'는 글이 올라온 바 있어 이 글이 '성지순례' 글로 떠오르기도 했다.",
				"subjectConsistencyYn": "Y"
			},
			{
				"sentenceNo": 12,
				"sentenceContent": "이 글은 13일 오후 10만회에 가까운 조회 수를 기록하고 있다.",
				"subjectConsistencyYn": "Y"
			},
			{
				"sentenceNo": 13,
				"sentenceContent": "김풍은 흡족함을 표했다.",
				"subjectConsistencyYn": "N"
			},
			{
				"sentenceNo": 14,
				"sentenceContent": "어리바리한 모습으로 어설픔의 1인자였던 김풍은 도우미로도, 셰프로도 손색이 없을 만큼 뛰어난 실력자가 됐다.",
				"subjectConsistencyYn": "N"
			},
			{
				"sentenceNo": 15,
				"sentenceContent": "노력하는 이가 아름답다는 말을 증명한 순간이었다.",
				"subjectConsistencyYn": "N"
			}
		],
		"clickbaitClass": 0
	}
}