{
	"sourceDataInfo": {
		"newsID": "ET_M03_494540",
		"newsCategory": "연예",
		"newsSubcategory": "연예가화제",
		"newsTitle": "샤이니 종현의 유작 앨범·뮤비 공개됐다",
		"newsSubTitle": "",
		"newsContent": "지난달 세상을 떠난 샤이니 종현의 유작앨범 ‘포에트 아티스트’(Poet Artist)가 23일 음원 사이트에 공개됐다.\n이 앨범에는 종현이 작사ㆍ작곡한 타이틀곡 ‘빛이 나’(Shinin)를 비롯해 총 11곡이 수록됐다.\n지난달 9일부터 10일까지 진행됐던 종현의 생전 마지막 콘서트 ‘종현 솔로 콘서트 인스파이어드’에서 선보인 신곡 5곡도 수록됐다.\n일렉트로 신스 팝 곡 ‘환상통’(Only One You Need), 미디엄 템포 R&B 스타일의 ‘와플’(#Hashtag), 팝 발라드 장르의 ‘테이크 더 다이브’(Take The Dive), 펑크 소울 장르의 ‘사람 구경 중’(Sightseeing), 팝과 R&B, 퓨처베이스 등 여러 장르를 혼합한 ‘어떤 기분이 들까’(I’m so curious) 등이다.\n퓨처 R&B곡 ‘기름때’(Grease), 퓨처 개러지 스타일의 ‘리와인드’(Rewind), 어쿠스틱 기타와 트로피컬 비트가 어우러진 ‘하루만이라도’(Just for a day), 미디엄템포 솔 장르의 ‘센티멘털’(Sentimental), 어쿠스틱 발라드 ‘우린 봄이 오기 전에’(Before Our Spring) 등도 수록됐다.\n전체 수록곡 중 ‘테이크 더 다이브’를 제외한 전곡은 종현이 직접 가사를 썼다.\n작곡 역시 ‘환상통’만 켄드릭 딘 등이 하고 종현이 10곡을 만들었다.\n고인의 생전 소속사 SM엔터테인먼트는 “누구보다 음악을 사랑하고 음악을 통해 소통하고자 노력한 종현의 마음이 여러분께 잘 전해지기를 바란다”며 앨범 발매 소회를 밝혔다.\n이어 “앨범 수익금은 모두 종현의 어머니에게 전달돼 어려운 환경에 처한 분들을 돕는 재단 설립의 밑거름이 될 예정”이라고 전했다.\n종현의 앨범은 24일부터 오프라인에서 구매할 수 있다.",
		"partNum": "P2",
		"useType": 0,
		"processType": "A",
		"processPattern": "99",
		"processLevel": "하",
		"sentenceCount": 10,
		"processSentencenum": 2,
		"sentenceInfo": [
			{
				"sentenceNo": 1,
				"sentenceContent": "지난달 세상을 떠난 샤이니 종현의 유작앨범 ‘포에트 아티스트’(Poet Artist)가 23일 음원 사이트에 공개됐다.",
				"sentenceSize": 66
			},
			{
				"sentenceNo": 2,
				"sentenceContent": "이 앨범에는 종현이 작사ㆍ작곡한 타이틀곡 ‘빛이 나’(Shinin)를 비롯해 총 11곡이 수록됐다.",
				"sentenceSize": 55
			},
			{
				"sentenceNo": 3,
				"sentenceContent": "지난달 9일부터 10일까지 진행됐던 종현의 생전 마지막 콘서트 ‘종현 솔로 콘서트 인스파이어드’에서 선보인 신곡 5곡도 수록됐다.",
				"sentenceSize": 72
			},
			{
				"sentenceNo": 4,
				"sentenceContent": "일렉트로 신스 팝 곡 ‘환상통’(Only One You Need), 미디엄 템포 R&B 스타일의 ‘와플’(#Hashtag), 팝 발라드 장르의 ‘테이크 더 다이브’(Take The Dive), 펑크 소울 장르의 ‘사람 구경 중’(Sightseeing), 팝과 R&B, 퓨처베이스 등 여러 장르를 혼합한 ‘어떤 기분이 들까’(I’m so curious) 등이다.",
				"sentenceSize": 201
			},
			{
				"sentenceNo": 5,
				"sentenceContent": "퓨처 R&B곡 ‘기름때’(Grease), 퓨처 개러지 스타일의 ‘리와인드’(Rewind), 어쿠스틱 기타와 트로피컬 비트가 어우러진 ‘하루만이라도’(Just for a day), 미디엄템포 솔 장르의 ‘센티멘털’(Sentimental), 어쿠스틱 발라드 ‘우린 봄이 오기 전에’(Before Our Spring) 등도 수록됐다.",
				"sentenceSize": 183
			},
			{
				"sentenceNo": 6,
				"sentenceContent": "전체 수록곡 중 ‘테이크 더 다이브’를 제외한 전곡은 종현이 직접 가사를 썼다.",
				"sentenceSize": 44
			},
			{
				"sentenceNo": 7,
				"sentenceContent": "작곡 역시 ‘환상통’만 켄드릭 딘 등이 하고 종현이 10곡을 만들었다.",
				"sentenceSize": 39
			},
			{
				"sentenceNo": 8,
				"sentenceContent": "고인의 생전 소속사 SM엔터테인먼트는 “누구보다 음악을 사랑하고 음악을 통해 소통하고자 노력한 종현의 마음이 여러분께 잘 전해지기를 바란다”며 앨범 발매 소회를 밝혔다.",
				"sentenceSize": 94
			},
			{
				"sentenceNo": 9,
				"sentenceContent": "이어 “앨범 수익금은 모두 종현의 어머니에게 전달돼 어려운 환경에 처한 분들을 돕는 재단 설립의 밑거름이 될 예정”이라고 전했다.",
				"sentenceSize": 72
			},
			{
				"sentenceNo": 10,
				"sentenceContent": "종현의 앨범은 24일부터 오프라인에서 구매할 수 있다.",
				"sentenceSize": 30
			}
		]
	},
	"labeledDataInfo": {
		"processSentenceInfo": [
			{
				"sentenceNo": 1,
				"sentenceContent": "지난달 세상을 떠난 샤이니 종현의 유작앨범 ‘포에트 아티스트’(Poet Artist)가 23일 음원 사이트에 공개됐다.",
				"subjectConsistencyYn": "Y"
			},
			{
				"sentenceNo": 2,
				"sentenceContent": "이 앨범에는 종현이 작사ㆍ작곡한 타이틀곡 ‘빛이 나’(Shinin)를 비롯해 총 11곡이 수록됐다.",
				"subjectConsistencyYn": "Y"
			},
			{
				"sentenceNo": 3,
				"sentenceContent": "지난달 9일부터 10일까지 진행됐던 종현의 생전 마지막 콘서트 ‘종현 솔로 콘서트 인스파이어드’에서 선보인 신곡 5곡도 수록됐다.",
				"subjectConsistencyYn": "Y"
			},
			{
				"sentenceNo": 4,
				"sentenceContent": "일렉트로 신스 팝 곡 ‘환상통’(Only One You Need), 미디엄 템포 R&B 스타일의 ‘와플’(#Hashtag), 팝 발라드 장르의 ‘테이크 더 다이브’(Take The Dive), 펑크 소울 장르의 ‘사람 구경 중’(Sightseeing), 팝과 R&B, 퓨처베이스 등 여러 장르를 혼합한 ‘어떤 기분이 들까’(I’m so curious) 등이다.",
				"subjectConsistencyYn": "Y"
			},
			{
				"sentenceNo": 5,
				"sentenceContent": "퓨처 R&B곡 ‘기름때’(Grease), 퓨처 개러지 스타일의 ‘리와인드’(Rewind), 어쿠스틱 기타와 트로피컬 비트가 어우러진 ‘하루만이라도’(Just for a day), 미디엄템포 솔 장르의 ‘센티멘털’(Sentimental), 어쿠스틱 발라드 ‘우린 봄이 오기 전에’(Before Our Spring) 등도 수록됐다.",
				"subjectConsistencyYn": "Y"
			},
			{
				"sentenceNo": 6,
				"sentenceContent": "전체 수록곡 중 ‘테이크 더 다이브’를 제외한 전곡은 종현이 직접 가사를 썼다.",
				"subjectConsistencyYn": "Y"
			},
			{
				"sentenceNo": 7,
				"sentenceContent": "작곡 역시 ‘환상통’만 켄드릭 딘 등이 하고 종현이 10곡을 만들었다.",
				"subjectConsistencyYn": "Y"
			},
			{
				"sentenceNo": 8,
				"sentenceContent": "고인의 생전 소속사 SM엔터테인먼트는 “누구보다 음악을 사랑하고 음악을 통해 소통하고자 노력한 종현의 마음이 여러분께 잘 전해지기를 바란다”며 앨범 발매 소회를 밝혔다.",
				"subjectConsistencyYn": "Y"
			},
			{
				"sentenceNo": 9,
				"sentenceContent": "유재석은 의뢰인의 사연에 “책임감 갖고 먹어야겠다”며 굳은 의지를 드러내는가 하면 어린 시절 특별한 날 가족들과 함께 찾았던 중국집을 떠올리며 멤버들과 애틋한 시간을 보냈다.",
				"subjectConsistencyYn": "N"
			},
			{
				"sentenceNo": 10,
				"sentenceContent": "유재석, 정준하, 하하, 신봉선, 미주가 함께한 ‘위드 유+’ 현장은 오는 13일 저녁 6시 25분에 방송되는 ‘놀면 뭐하니?’를 통해 확인할 수 있다.",
				"subjectConsistencyYn": "N"
			}
		],
		"clickbaitClass": 0
	}
}