{
	"sourceDataInfo": {
		"newsID": "ET_M03_494276",
		"newsCategory": "연예",
		"newsSubcategory": "연예가화제",
		"newsTitle": "이정렬 \\\"노이즈마케팅? '오늘밤 김제동' 소송 걸겠다\\\"",
		"newsSubTitle": "",
		"newsContent": "KBS 1TV '오늘밤 김제동' 측과 이재명 경기지사 부인 김혜경씨 관련 편파 방송 논란 후 섭외 문제를 놓고 공방을 벌인 이정렬 변호사가 \\\"소송 쪽으로 방향을 잡아야겠다\\\"며 법적 대응을 예고했다.\n이 변호사는 10일 자신의 트위터에 '오늘밤 김제동' 인스타그램 계정에 게재된 한 게시물을 언급하며 \\\"노이즈 마케팅이라? 어쩔 수 없네\\\"라고 적었다.\n이어 \\\"소송쪽으로 방향을 잡아야겠군. 민사뿐만 아니라 형사까지. 너 때문인 줄 알아라\\\"고 밝혔다.\n이 변호사가 지적한 게시물은 지난 5일 '오늘밤 김제동' 인스타그램 계정에 올라온 것으로 \\\"어제는 전원책 변호사 오늘은 이정렬 변호사.. 아휴 힘들다 힘들어\\\"라고 적었다.\n이어 '변호사님들 왜 그래요' '나름 노이즈마케팅?' '억울하다 진짜' 등의 해시태그도 달았다.\n이 변호사와 '오늘밤 김제동' 제작진의 공방은 지난달 19일 해당 프로그램에서 '혜경궁 김씨 일파만파, 어디까지 번지나'라는 주제로 이 지사의 부인 김씨를 둘러싼 논란을 다루면서 불거졌다.\n방송 후 일부 시청자가 시청자 게시판에 \\\"김혜경씨 측 법률 대리인인 나승철 변호사와 화상 연결을 통해 김혜경 씨의 입장만 보도하고 이정렬 변호사의 입장은 보도하지 않았다\\\"며 편파적이라고 지적했다.\n이에 제작진은 \\\"이재명 경기지사 측 의견을 먼저 들어보는 것이 중요하다고 판단했고 이정렬 변호사의 의견을 듣기 위해 섭외 요청 중\\\"이라고 밝혔다.\n그러나 이 변호사는 \\\"섭외 요청은 무슨! 11월 26일 이후로 아무 연락도 없으면서. 시청자한테 이런 거짓말을 서슴없이 하다니\\\"라고 반박했다.\n이에 제작진은 \\\"고발인 측의 의견을 듣고, 방송 여부를 판단하기 위해 수차례 연락을 하고 메모를 남겨놓은 상황임 (11월 20일 현재)\\\"라고 답변 내용을 일부 수정했다.\n그러자 이 변호사는 \\\"12월 3일에 글을 올리면서 섭외요청 기준일은 11월 20일인가. 어느 정도 비슷한 시기여야 설득력이 있는 거지\\\"라며 \\\"이런 식으로 답변을 수정해놓으면 마치 내가 11월 20일에 섭외 요청을 받고도 12월 3일까지 답을 안 한 것처럼 비치지 않나\\\"라고 지적했다.\n논란이 커지자 제작진은 4일 공식입장을 내고 \\\"11월 20일 이정렬 변호사는 고발인 조사를 받으러 검찰에 출석했다. '오늘밤 김제동'은 이정렬 변호사에게 고발인 조사 내용에 대한 인터뷰를 신청하기 위해 휴대전화 통화 시도 9회, 문자 1회, 카카오톡 메시지 3회, 사무실 통화 연결 2회 등 접촉을 시도했으나 방송 시간까지 이정렬 변호사의 답을 듣지 못했다\\\"고 밝혔다.\n이후 지난 8일 이 변호사는 KBS '오늘밤 김제동' 작가와 주고받은 카톡 메시지를 공개하며 KBS 작가가 \\\"나승철 변호사만 급작스럽게 연락이 되어서\\\"라고 해명한 부분을 문제 삼기도 했다.",
		"partNum": "P2",
		"useType": 0,
		"processType": "A",
		"processPattern": "99",
		"processLevel": "하",
		"sentenceCount": 13,
		"processSentencenum": 1,
		"sentenceInfo": [
			{
				"sentenceNo": 1,
				"sentenceContent": "KBS 1TV '오늘밤 김제동' 측과 이재명 경기지사 부인 김혜경씨 관련 편파 방송 논란 후 섭외 문제를 놓고 공방을 벌인 이정렬 변호사가 \\\"소송 쪽으로 방향을 잡아야겠다\\\"며 법적 대응을 예고했다.",
				"sentenceSize": 112
			},
			{
				"sentenceNo": 2,
				"sentenceContent": "이 변호사는 10일 자신의 트위터에 '오늘밤 김제동' 인스타그램 계정에 게재된 한 게시물을 언급하며 \\\"노이즈 마케팅이라? 어쩔 수 없네\\\"라고 적었다.",
				"sentenceSize": 85
			},
			{
				"sentenceNo": 3,
				"sentenceContent": "이어 \\\"소송쪽으로 방향을 잡아야겠군. 민사뿐만 아니라 형사까지. 너 때문인 줄 알아라\\\"고 밝혔다.",
				"sentenceSize": 56
			},
			{
				"sentenceNo": 4,
				"sentenceContent": "이 변호사가 지적한 게시물은 지난 5일 '오늘밤 김제동' 인스타그램 계정에 올라온 것으로 \\\"어제는 전원책 변호사 오늘은 이정렬 변호사.. 아휴 힘들다 힘들어\\\"라고 적었다.",
				"sentenceSize": 97
			},
			{
				"sentenceNo": 5,
				"sentenceContent": "이어 '변호사님들 왜 그래요' '나름 노이즈마케팅?' '억울하다 진짜' 등의 해시태그도 달았다.",
				"sentenceSize": 53
			},
			{
				"sentenceNo": 6,
				"sentenceContent": "이 변호사와 '오늘밤 김제동' 제작진의 공방은 지난달 19일 해당 프로그램에서 '혜경궁 김씨 일파만파, 어디까지 번지나'라는 주제로 이 지사의 부인 김씨를 둘러싼 논란을 다루면서 불거졌다.",
				"sentenceSize": 105
			},
			{
				"sentenceNo": 7,
				"sentenceContent": "방송 후 일부 시청자가 시청자 게시판에 \\\"김혜경씨 측 법률 대리인인 나승철 변호사와 화상 연결을 통해 김혜경 씨의 입장만 보도하고 이정렬 변호사의 입장은 보도하지 않았다\\\"며 편파적이라고 지적했다.",
				"sentenceSize": 111
			},
			{
				"sentenceNo": 8,
				"sentenceContent": "이에 제작진은 \\\"이재명 경기지사 측 의견을 먼저 들어보는 것이 중요하다고 판단했고 이정렬 변호사의 의견을 듣기 위해 섭외 요청 중\\\"이라고 밝혔다.",
				"sentenceSize": 83
			},
			{
				"sentenceNo": 9,
				"sentenceContent": "그러나 이 변호사는 \\\"섭외 요청은 무슨! 11월 26일 이후로 아무 연락도 없으면서. 시청자한테 이런 거짓말을 서슴없이 하다니\\\"라고 반박했다.",
				"sentenceSize": 81
			},
			{
				"sentenceNo": 10,
				"sentenceContent": "이에 제작진은 \\\"고발인 측의 의견을 듣고, 방송 여부를 판단하기 위해 수차례 연락을 하고 메모를 남겨놓은 상황임 (11월 20일 현재)\\\"라고 답변 내용을 일부 수정했다.",
				"sentenceSize": 96
			},
			{
				"sentenceNo": 11,
				"sentenceContent": "그러자 이 변호사는 \\\"12월 3일에 글을 올리면서 섭외요청 기준일은 11월 20일인가. 어느 정도 비슷한 시기여야 설득력이 있는 거지\\\"라며 \\\"이런 식으로 답변을 수정해놓으면 마치 내가 11월 20일에 섭외 요청을 받고도 12월 3일까지 답을 안 한 것처럼 비치지 않나\\\"라고 지적했다.",
				"sentenceSize": 162
			},
			{
				"sentenceNo": 12,
				"sentenceContent": "논란이 커지자 제작진은 4일 공식입장을 내고 \\\"11월 20일 이정렬 변호사는 고발인 조사를 받으러 검찰에 출석했다. '오늘밤 김제동'은 이정렬 변호사에게 고발인 조사 내용에 대한 인터뷰를 신청하기 위해 휴대전화 통화 시도 9회, 문자 1회, 카카오톡 메시지 3회, 사무실 통화 연결 2회 등 접촉을 시도했으나 방송 시간까지 이정렬 변호사의 답을 듣지 못했다\\\"고 밝혔다.",
				"sentenceSize": 208
			},
			{
				"sentenceNo": 13,
				"sentenceContent": "이후 지난 8일 이 변호사는 KBS '오늘밤 김제동' 작가와 주고받은 카톡 메시지를 공개하며 KBS 작가가 \\\"나승철 변호사만 급작스럽게 연락이 되어서\\\"라고 해명한 부분을 문제 삼기도 했다.",
				"sentenceSize": 107
			}
		]
	},
	"labeledDataInfo": {
		"processSentenceInfo": [
			{
				"sentenceNo": 1,
				"sentenceContent": "KBS 1TV '오늘밤 김제동' 측과 이재명 경기지사 부인 김혜경씨 관련 편파 방송 논란 후 섭외 문제를 놓고 공방을 벌인 이정렬 변호사가 \\\"소송 쪽으로 방향을 잡아야겠다\\\"며 법적 대응을 예고했다.",
				"subjectConsistencyYn": "Y"
			},
			{
				"sentenceNo": 2,
				"sentenceContent": "이 변호사는 10일 자신의 트위터에 '오늘밤 김제동' 인스타그램 계정에 게재된 한 게시물을 언급하며 \\\"노이즈 마케팅이라? 어쩔 수 없네\\\"라고 적었다.",
				"subjectConsistencyYn": "Y"
			},
			{
				"sentenceNo": 3,
				"sentenceContent": "이어 \\\"소송쪽으로 방향을 잡아야겠군. 민사뿐만 아니라 형사까지. 너 때문인 줄 알아라\\\"고 밝혔다.",
				"subjectConsistencyYn": "Y"
			},
			{
				"sentenceNo": 4,
				"sentenceContent": "이 변호사가 지적한 게시물은 지난 5일 '오늘밤 김제동' 인스타그램 계정에 올라온 것으로 \\\"어제는 전원책 변호사 오늘은 이정렬 변호사.. 아휴 힘들다 힘들어\\\"라고 적었다.",
				"subjectConsistencyYn": "Y"
			},
			{
				"sentenceNo": 5,
				"sentenceContent": "이어 '변호사님들 왜 그래요' '나름 노이즈마케팅?' '억울하다 진짜' 등의 해시태그도 달았다.",
				"subjectConsistencyYn": "Y"
			},
			{
				"sentenceNo": 6,
				"sentenceContent": "이 변호사와 '오늘밤 김제동' 제작진의 공방은 지난달 19일 해당 프로그램에서 '혜경궁 김씨 일파만파, 어디까지 번지나'라는 주제로 이 지사의 부인 김씨를 둘러싼 논란을 다루면서 불거졌다.",
				"subjectConsistencyYn": "Y"
			},
			{
				"sentenceNo": 7,
				"sentenceContent": "방송 후 일부 시청자가 시청자 게시판에 \\\"김혜경씨 측 법률 대리인인 나승철 변호사와 화상 연결을 통해 김혜경 씨의 입장만 보도하고 이정렬 변호사의 입장은 보도하지 않았다\\\"며 편파적이라고 지적했다.",
				"subjectConsistencyYn": "Y"
			},
			{
				"sentenceNo": 8,
				"sentenceContent": "이에 제작진은 \\\"이재명 경기지사 측 의견을 먼저 들어보는 것이 중요하다고 판단했고 이정렬 변호사의 의견을 듣기 위해 섭외 요청 중\\\"이라고 밝혔다.",
				"subjectConsistencyYn": "Y"
			},
			{
				"sentenceNo": 9,
				"sentenceContent": "그러나 이 변호사는 \\\"섭외 요청은 무슨! 11월 26일 이후로 아무 연락도 없으면서. 시청자한테 이런 거짓말을 서슴없이 하다니\\\"라고 반박했다.",
				"subjectConsistencyYn": "Y"
			},
			{
				"sentenceNo": 10,
				"sentenceContent": "이에 제작진은 \\\"고발인 측의 의견을 듣고, 방송 여부를 판단하기 위해 수차례 연락을 하고 메모를 남겨놓은 상황임 (11월 20일 현재)\\\"라고 답변 내용을 일부 수정했다.",
				"subjectConsistencyYn": "Y"
			},
			{
				"sentenceNo": 11,
				"sentenceContent": "그러자 이 변호사는 \\\"12월 3일에 글을 올리면서 섭외요청 기준일은 11월 20일인가. 어느 정도 비슷한 시기여야 설득력이 있는 거지\\\"라며 \\\"이런 식으로 답변을 수정해놓으면 마치 내가 11월 20일에 섭외 요청을 받고도 12월 3일까지 답을 안 한 것처럼 비치지 않나\\\"라고 지적했다.",
				"subjectConsistencyYn": "Y"
			},
			{
				"sentenceNo": 12,
				"sentenceContent": "논란이 커지자 제작진은 4일 공식입장을 내고 \\\"11월 20일 이정렬 변호사는 고발인 조사를 받으러 검찰에 출석했다. '오늘밤 김제동'은 이정렬 변호사에게 고발인 조사 내용에 대한 인터뷰를 신청하기 위해 휴대전화 통화 시도 9회, 문자 1회, 카카오톡 메시지 3회, 사무실 통화 연결 2회 등 접촉을 시도했으나 방송 시간까지 이정렬 변호사의 답을 듣지 못했다\\\"고 밝혔다.",
				"subjectConsistencyYn": "Y"
			},
			{
				"sentenceNo": 13,
				"sentenceContent": "이와 함께 굿데이터 코퍼레이션이 제공하는 11월 1주 차 화제성 지수에서 비드라마 TV 부문 화제성 9위와 비드라마 검색반응 1위, 넷플릭스 한국 콘텐츠 2위를 기록하는 등 인기 상승세를 입증하고 있다.",
				"subjectConsistencyYn": "N"
			},
			{
				"sentenceNo": 14,
				"sentenceContent": "폭발적인 관심에 힘입어 ‘돌싱글즈2’는 ‘돌싱 빌리지’에서의 미방송 분량을 전격 공개한다.",
				"subjectConsistencyYn": "N"
			},
			{
				"sentenceNo": 15,
				"sentenceContent": "본방송 직전 시간인 14일 밤 8시, ‘네이버 나우’ 스트리밍 서비스에서 돌싱남녀 8인의 데이트 미공개분을 1시간 동안 만나볼 수 있다. ‘돌싱글즈2’ 5회는 14일 밤 9시 20분 MBN에서 방송된다.",
				"subjectConsistencyYn": "N"
			}
		],
		"clickbaitClass": 0
	}
}