{
	"sourceDataInfo": {
		"newsID": "ET_M03_494316",
		"newsCategory": "연예",
		"newsSubcategory": "연예가화제",
		"newsTitle": "수지·이동욱 4개월 만에 결별…\\\"바쁜 스케줄 때문\\\" (공식)",
		"newsSubTitle": "",
		"newsContent": "배우 이동욱(36)과 수지(23)가 결별했다.\n2일 수지의 소속사 JYP엔터테인먼트 측은 \\\"스케줄이 바빠 최근 자연스럽게 이별하게 됐다\\\"고 밝혔다.\n이동욱의 소속사도 \\\"바쁜 스케줄로 헤어지게 됐다\\\"고 인정했다.\n현재 이동욱은 23일 첫 방송되는 JTBC 드라마 '라이프' 촬영에 한창이다.\n수지는 드라마 '배가본드'에 출연을 확정했다.\n두 사람은 지난 3월 열애 사실을 인정했으나 4개월 만에 결별하게 됐다.\n이동욱은 1999년 MBC 드라마 '베스트극장'으로 데뷔했다.\n수지는 2010년 그룹 미쓰에이로 데뷔한 후 영화 '건축학 개론' 등에 출연하며 활동을 이어왔다.",
		"partNum": "P2",
		"useType": 0,
		"processType": "A",
		"processPattern": "99",
		"processLevel": "하",
		"sentenceCount": 8,
		"processSentencenum": 2,
		"sentenceInfo": [
			{
				"sentenceNo": 1,
				"sentenceContent": "배우 이동욱(36)과 수지(23)가 결별했다.",
				"sentenceSize": 25
			},
			{
				"sentenceNo": 2,
				"sentenceContent": "2일 수지의 소속사 JYP엔터테인먼트 측은 \\\"스케줄이 바빠 최근 자연스럽게 이별하게 됐다\\\"고 밝혔다.",
				"sentenceSize": 58
			},
			{
				"sentenceNo": 3,
				"sentenceContent": "이동욱의 소속사도 \\\"바쁜 스케줄로 헤어지게 됐다\\\"고 인정했다.",
				"sentenceSize": 36
			},
			{
				"sentenceNo": 4,
				"sentenceContent": "현재 이동욱은 23일 첫 방송되는 JTBC 드라마 '라이프' 촬영에 한창이다.",
				"sentenceSize": 43
			},
			{
				"sentenceNo": 5,
				"sentenceContent": "수지는 드라마 '배가본드'에 출연을 확정했다.",
				"sentenceSize": 25
			},
			{
				"sentenceNo": 6,
				"sentenceContent": "두 사람은 지난 3월 열애 사실을 인정했으나 4개월 만에 결별하게 됐다.",
				"sentenceSize": 40
			},
			{
				"sentenceNo": 7,
				"sentenceContent": "이동욱은 1999년 MBC 드라마 '베스트극장'으로 데뷔했다.",
				"sentenceSize": 34
			},
			{
				"sentenceNo": 8,
				"sentenceContent": "수지는 2010년 그룹 미쓰에이로 데뷔한 후 영화 '건축학 개론' 등에 출연하며 활동을 이어왔다.",
				"sentenceSize": 54
			}
		]
	},
	"labeledDataInfo": {
		"processSentenceInfo": [
			{
				"sentenceNo": 1,
				"sentenceContent": "배우 이동욱(36)과 수지(23)가 결별했다.",
				"subjectConsistencyYn": "Y"
			},
			{
				"sentenceNo": 2,
				"sentenceContent": "2일 수지의 소속사 JYP엔터테인먼트 측은 \\\"스케줄이 바빠 최근 자연스럽게 이별하게 됐다\\\"고 밝혔다.",
				"subjectConsistencyYn": "Y"
			},
			{
				"sentenceNo": 3,
				"sentenceContent": "이동욱의 소속사도 \\\"바쁜 스케줄로 헤어지게 됐다\\\"고 인정했다.",
				"subjectConsistencyYn": "Y"
			},
			{
				"sentenceNo": 4,
				"sentenceContent": "현재 이동욱은 23일 첫 방송되는 JTBC 드라마 '라이프' 촬영에 한창이다.",
				"subjectConsistencyYn": "Y"
			},
			{
				"sentenceNo": 5,
				"sentenceContent": "수지는 드라마 '배가본드'에 출연을 확정했다.",
				"subjectConsistencyYn": "Y"
			},
			{
				"sentenceNo": 6,
				"sentenceContent": "두 사람은 지난 3월 열애 사실을 인정했으나 4개월 만에 결별하게 됐다.",
				"subjectConsistencyYn": "Y"
			},
			{
				"sentenceNo": 7,
				"sentenceContent": "백종원이 선택한 요리명인 3인을 스튜디오로 초대, 3인 3색의 요리쇼를 선보인다.",
				"subjectConsistencyYn": "N"
			}
		],
		"clickbaitClass": 0
	}
}