{
	"sourceDataInfo": {
		"newsID": "ET_M03_494674",
		"newsCategory": "연예",
		"newsSubcategory": "연예가화제",
		"newsTitle": "방탄소년단, 12월 초 한남동 최고급 숙소로 이사",
		"newsSubTitle": "",
		"newsContent": "방탄소년단이 12월 초 한남동의 최고급 아파트 단지인 한남더힐로 숙소를 옮긴 것으로 알려졌다.\n연예계 관계자는 \\\"방시혁 대표의 배려였다. 매입은 아니다. 일정 기간 계약을 했다. 11월에 계약했다. 모두가 만족해하는 숙소다\\\"고 밝혔다.\n한남더힐은 ‘서울에서 가장 비싼 아파트’로 불린다.\n국토교통부 아파트 실거래가 자료에 따르면 2017년 1월부터 11월까지 서울에서 거래된 아파트 가운데 매매가 최상위 10위권은 모두 이곳이 차지했다.\n총 600가구 규모로 2016년 전용면적 244.78㎡가 82억원에 거래되기도 했다.\n재벌총수를 비롯해 많은 재계·정계 인사 그리고 연예인으로는 가수 이승철과 배우 안성기, 한효주가 거주하고 있다.\n최근에는 배우 추자현이 이 아파트를 매입해 화제가 된 바 있다.\n방탄소년단의 새로운 숙소가 화제인 이유는 멤버들이 흩어지지 않고 함께 한다는 데 있다.\n보통은 오랜 활동을 하거나 멤버들이 많은 부를 축적하게 될 경우 독립해 각자 생활하는 것이 일반적이다.\n하지만 방탄소년단의 경우, 멤버들이 오랜 시간 동안 숙소생활을 하면서 더 각별해졌다.\n또한 이들의 자연스러운 모습을 SNS에 공개하며 전 세계 팬들과 소통하는 것에 의의를 둔 만큼 숙소생활을 계속 이어가고 있다.\n무엇보다 사생활 보호와 조망이 좋다는 게 숙소를 옮긴 큰 이유였다는 게 관계자들의 설명이다.\n국내는 물론 해외 활동이 잦아지면서 멤버들의 조용한 휴식이 절실했다는 것. 특히 외곽에서부터 외부인의 무단침입을 사전에 방지할 수 있다는 점이 크게 작용했다고 한다.\n방탄소년단은 한 때 7명 전원이 한방을 쓰던 시절도 있었다.\n당시 방탄소년단 멤버들은 좁은 방 바닥에 앉아서 생일 파티를 해 팬들의 마음을 짠하게 하기도 했다.\n방탄소년단은 11월 아메리칸 뮤직 어워드(American Music Awards)에 케이팝 그룹 최초로 초청받아 글로벌한 영향력을 과시하고 있다.\n또한 12월 11일 미국 빌보드가 발표한 ‘2017 올해의 톱 아티스트(top 10 artists of the year)’ 10위에 이름을 올리는 등 주목받는 행보를 이어가고 있다.",
		"partNum": "P2",
		"useType": 0,
		"processType": "A",
		"processPattern": "99",
		"processLevel": "하",
		"sentenceCount": 17,
		"processSentencenum": 5,
		"sentenceInfo": [
			{
				"sentenceNo": 1,
				"sentenceContent": "방탄소년단이 12월 초 한남동의 최고급 아파트 단지인 한남더힐로 숙소를 옮긴 것으로 알려졌다.",
				"sentenceSize": 52
			},
			{
				"sentenceNo": 2,
				"sentenceContent": "연예계 관계자는 \\\"방시혁 대표의 배려였다. 매입은 아니다. 일정 기간 계약을 했다. 11월에 계약했다. 모두가 만족해하는 숙소다\\\"고 밝혔다.",
				"sentenceSize": 80
			},
			{
				"sentenceNo": 3,
				"sentenceContent": "한남더힐은 ‘서울에서 가장 비싼 아파트’로 불린다.",
				"sentenceSize": 28
			},
			{
				"sentenceNo": 4,
				"sentenceContent": "국토교통부 아파트 실거래가 자료에 따르면 2017년 1월부터 11월까지 서울에서 거래된 아파트 가운데 매매가 최상위 10위권은 모두 이곳이 차지했다.",
				"sentenceSize": 83
			},
			{
				"sentenceNo": 5,
				"sentenceContent": "총 600가구 규모로 2016년 전용면적 244.78㎡가 82억원에 거래되기도 했다.",
				"sentenceSize": 47
			},
			{
				"sentenceNo": 6,
				"sentenceContent": "재벌총수를 비롯해 많은 재계·정계 인사 그리고 연예인으로는 가수 이승철과 배우 안성기, 한효주가 거주하고 있다.",
				"sentenceSize": 62
			},
			{
				"sentenceNo": 7,
				"sentenceContent": "최근에는 배우 추자현이 이 아파트를 매입해 화제가 된 바 있다.",
				"sentenceSize": 35
			},
			{
				"sentenceNo": 8,
				"sentenceContent": "방탄소년단의 새로운 숙소가 화제인 이유는 멤버들이 흩어지지 않고 함께 한다는 데 있다.",
				"sentenceSize": 48
			},
			{
				"sentenceNo": 9,
				"sentenceContent": "보통은 오랜 활동을 하거나 멤버들이 많은 부를 축적하게 될 경우 독립해 각자 생활하는 것이 일반적이다.",
				"sentenceSize": 57
			},
			{
				"sentenceNo": 10,
				"sentenceContent": "하지만 방탄소년단의 경우, 멤버들이 오랜 시간 동안 숙소생활을 하면서 더 각별해졌다.",
				"sentenceSize": 47
			},
			{
				"sentenceNo": 11,
				"sentenceContent": "또한 이들의 자연스러운 모습을 SNS에 공개하며 전 세계 팬들과 소통하는 것에 의의를 둔 만큼 숙소생활을 계속 이어가고 있다.",
				"sentenceSize": 70
			},
			{
				"sentenceNo": 12,
				"sentenceContent": "무엇보다 사생활 보호와 조망이 좋다는 게 숙소를 옮긴 큰 이유였다는 게 관계자들의 설명이다.",
				"sentenceSize": 51
			},
			{
				"sentenceNo": 13,
				"sentenceContent": "국내는 물론 해외 활동이 잦아지면서 멤버들의 조용한 휴식이 절실했다는 것. 특히 외곽에서부터 외부인의 무단침입을 사전에 방지할 수 있다는 점이 크게 작용했다고 한다.",
				"sentenceSize": 92
			},
			{
				"sentenceNo": 14,
				"sentenceContent": "방탄소년단은 한 때 7명 전원이 한방을 쓰던 시절도 있었다.",
				"sentenceSize": 33
			},
			{
				"sentenceNo": 15,
				"sentenceContent": "당시 방탄소년단 멤버들은 좁은 방 바닥에 앉아서 생일 파티를 해 팬들의 마음을 짠하게 하기도 했다.",
				"sentenceSize": 55
			},
			{
				"sentenceNo": 16,
				"sentenceContent": "방탄소년단은 11월 아메리칸 뮤직 어워드(American Music Awards)에 케이팝 그룹 최초로 초청받아 글로벌한 영향력을 과시하고 있다.",
				"sentenceSize": 81
			},
			{
				"sentenceNo": 17,
				"sentenceContent": "또한 12월 11일 미국 빌보드가 발표한 ‘2017 올해의 톱 아티스트(top 10 artists of the year)’ 10위에 이름을 올리는 등 주목받는 행보를 이어가고 있다.",
				"sentenceSize": 101
			}
		]
	},
	"labeledDataInfo": {
		"processSentenceInfo": [
			{
				"sentenceNo": 1,
				"sentenceContent": "방탄소년단이 12월 초 한남동의 최고급 아파트 단지인 한남더힐로 숙소를 옮긴 것으로 알려졌다.",
				"subjectConsistencyYn": "Y"
			},
			{
				"sentenceNo": 2,
				"sentenceContent": "연예계 관계자는 \\\"방시혁 대표의 배려였다. 매입은 아니다. 일정 기간 계약을 했다. 11월에 계약했다. 모두가 만족해하는 숙소다\\\"고 밝혔다.",
				"subjectConsistencyYn": "Y"
			},
			{
				"sentenceNo": 3,
				"sentenceContent": "한남더힐은 ‘서울에서 가장 비싼 아파트’로 불린다.",
				"subjectConsistencyYn": "Y"
			},
			{
				"sentenceNo": 4,
				"sentenceContent": "국토교통부 아파트 실거래가 자료에 따르면 2017년 1월부터 11월까지 서울에서 거래된 아파트 가운데 매매가 최상위 10위권은 모두 이곳이 차지했다.",
				"subjectConsistencyYn": "Y"
			},
			{
				"sentenceNo": 5,
				"sentenceContent": "총 600가구 규모로 2016년 전용면적 244.78㎡가 82억원에 거래되기도 했다.",
				"subjectConsistencyYn": "Y"
			},
			{
				"sentenceNo": 6,
				"sentenceContent": "재벌총수를 비롯해 많은 재계·정계 인사 그리고 연예인으로는 가수 이승철과 배우 안성기, 한효주가 거주하고 있다.",
				"subjectConsistencyYn": "Y"
			},
			{
				"sentenceNo": 7,
				"sentenceContent": "최근에는 배우 추자현이 이 아파트를 매입해 화제가 된 바 있다.",
				"subjectConsistencyYn": "Y"
			},
			{
				"sentenceNo": 8,
				"sentenceContent": "방탄소년단의 새로운 숙소가 화제인 이유는 멤버들이 흩어지지 않고 함께 한다는 데 있다.",
				"subjectConsistencyYn": "Y"
			},
			{
				"sentenceNo": 9,
				"sentenceContent": "보통은 오랜 활동을 하거나 멤버들이 많은 부를 축적하게 될 경우 독립해 각자 생활하는 것이 일반적이다.",
				"subjectConsistencyYn": "Y"
			},
			{
				"sentenceNo": 10,
				"sentenceContent": "하지만 방탄소년단의 경우, 멤버들이 오랜 시간 동안 숙소생활을 하면서 더 각별해졌다.",
				"subjectConsistencyYn": "Y"
			},
			{
				"sentenceNo": 11,
				"sentenceContent": "또한 이들의 자연스러운 모습을 SNS에 공개하며 전 세계 팬들과 소통하는 것에 의의를 둔 만큼 숙소생활을 계속 이어가고 있다.",
				"subjectConsistencyYn": "Y"
			},
			{
				"sentenceNo": 12,
				"sentenceContent": "무엇보다 사생활 보호와 조망이 좋다는 게 숙소를 옮긴 큰 이유였다는 게 관계자들의 설명이다.",
				"subjectConsistencyYn": "Y"
			},
			{
				"sentenceNo": 13,
				"sentenceContent": "그루비룸은 “기대 반, 걱정 반이지만 최대한 재미있게 임하려 한다”며 “좋은 음악을 많이 만들고 싶고 새로운 아티스트를 많이 찾고 싶다”고 각오를 전했다.",
				"subjectConsistencyYn": "N"
			},
			{
				"sentenceNo": 14,
				"sentenceContent": "앞서 ‘쇼미더머니11’은 ‘체육관 예선’과 ‘미국 예선’ 부활 등 새로운 변신을 예고한 바 있다. 11번째 시즌만의 색다른 모습은 하반기 Mnet에서 확인할 수 있다.",
				"subjectConsistencyYn": "N"
			}
		],
		"clickbaitClass": 0
	}
}