{
	"sourceDataInfo": {
		"newsID": "ET_M03_494519",
		"newsCategory": "연예",
		"newsSubcategory": "영화",
		"newsTitle": "연상호 감독, '부산행' 좀비떼 이어 초능력 아저씨 그린 이유는",
		"newsSubTitle": "영화 '염력' 감독 인터뷰",
		"newsContent": "도심 재개발 구역의 화염에 휩싸인 상가 건물. 옥상까지 내몰린 철거민과 경찰마저 위험해진 일촉즉발의 순간, 어디선가 ‘날아온’ 후줄근한 사내 석헌(류승룡 분)이 사람들을 구하기 시작한다. 31일 개봉한 ‘염력’은 평범한 점퍼 차림의 아저씨가 초능력을 발휘하는 한국형 히어로 영화다.\n2년 전 국내에 낯선 좀비 재난 영화 ‘부산행’으로 1000만 관객을 모은 연상호 감독의 신작이다.\n개봉을 앞두고 서울 삼청동에서 미리 만난 연상호 감독은 “20대 때부터 철거촌에 있는 초인 이야기를 블랙코미디로 만들어보고 싶었지만, ‘굳이 이렇게 불편한 주제로 코미디를 해야 하느냐’는 우려 탓에 투자가 수월하지 않았다”면서 “‘부산행’이 잘되지 않았다면 ‘염력’을 만들지 못했을 것”이라고 했다.\n사실 과감한 장르 문법을 메스 삼아 ‘헬조선’의 현실을 해부하는 건 ‘돼지의 왕’ ‘사이비’ 등 애니메이션을 만들던 시절부터 이어져 온 연상호 감독의 장기다. ‘염력’은 소시민 초능력자를 통해 웃음을 더한다.\n석헌이 어설프게 염력을 부릴 때의 슬랩스틱 코미디나 철부지 같은 면모는 류승룡의 촐싹맞은 몸놀림과도 어우러져 타율 높은 웃음을 자아낸다.\n경비원으로 일하다 약수를 먹고 하루아침에 초능력자가 된 석헌은 사회정의 같은 데는 조금도 관심이 없다.\n생각만으로 물체를 움직이는 염력을 활용해 유리 겔라 같은 마술쇼로 돈을 벌 생각에 나이트클럽부터 찾아간다.\n연상호 감독은 “1990년대 여균동 감독의 ‘맨’, 장선우 감독의 ‘너에게 나를 보낸다’ 같은 영화에서 2000년대 초 김지운 감독의 ‘조용한 가족’ ‘반칙왕’, 장준환 감독의 ‘지구를 지켜라’” 등을 열거하며 “사회적 메시지가 강한 B급 코미디 정서를 불어넣고 싶었다”고 밝혔다.\n이런 석헌의 초능력은 딸 루미(심은경 분)로 인해 재개발 현장에서 위력을 발휘하기 시작한다. 10년전 석헌이 빚 때문에 가출, 엄마와 단둘이 살며 어렵게 치킨집을 꾸린 루미는 청년 장사꾼으로 미디어의 주목을 받은 것도 잠시뿐, 상가 재개발로 모든 것을 잃을 처지가 됐다.\n극 중 화염병과 물대포, 특히 컨테이너 박스를 이용한 경찰의 진압작전 등은 2009년 용산참사의 기억을 생생히 불러낸다.\n연상호 감독은 “도시 개발은 국가나 다수의 이득을 위해 소수자의 손해를 강요한다는 점에서 민주주의적 관점으로 가장 합의에 도달하기 힘든 문제”라며 “한국 근대화 과정에서 이뤄진 도시 개발이라는 보편적인 시스템과 인간적인 히어로의 싸움을 그리고 싶었다”고 했다.\n그는 “여전히 규명되지 않았음에도 대중에게 점점 잊혀가는 용산의 비극을 대중에게 다시 각인시켜야 한다고 생각했다”며 “용산을 큰 줄기로 쌍용차 파업 진압 등 몇몇 실제 사건을 모델로 했다”고 덧붙였다. '부산행'이 득달같이 달려드는 좀비 떼를 동력으로 질주했다면 ‘염력’은 후반부 딸을 구하려 날아가는 장면에서 한꺼번에 대형 액션이 터져나온다.\n서툰 초능력 탓에 도시 곳곳에 몸을 부딪치는 석헌의 다급한 모습은 현실에서 구하지 못한 안타까운 목숨들을 판타지로나마 구하려는 애타는 몸부림처럼 보이기도 한다.\n연상호 감독은 “이전에 소심한 의도로만 염력을 쓰던 석헌이 딸을 살리기 위해 폭발하듯 날아가는 과정은 어찌 보면 불완전하고 누군가는 민폐로 여기지만 그 자신에겐 너무도 절박하다”며 이를 “평범한 소시민들이 너무도 궁지에 몰려 절박감에 나서는 시위”에 비유했다.\n그는 “어쩌면 이 영화 전체가 그런 시위에 대한 우화”라고 했다.\n※ 사진 아래부터 '염력'에 대한 약간의 스포일러가 있습니다.\n현실에서 소환한 비극의 무게가 조심스러워서일까. ‘염력’은 장르영화로서 쾌감을 끝까지 밀어붙이지 못하고 자주 머뭇댄다.\n갈등의 연료가 돼야 할 악역의 위력이 연상호 감독의 전작들에 비해 미미한 것도 요인이다.\n재개발 건설회사의 홍상무(정유미 분), 용역깡패 두목 민사장(김민재 분) 등은 캐릭터가 다소 코믹하게 변주된 탓인지 배후에 도사린 권력의 존재감을 살갗으로 와 닿게 구현하지 못한다.\n결말에 대해서도 비판적인 반응이 나온다.\n연상호 감독은 “체제가 승리해서 얻은 옛 재개발 구역의 빈 공터, 체제에 패배했지만 연대와 화합을 얻은 사람들의 모습을 대비하고 싶었다”고 했다.\n그러나 김형석 영화저널리스트는 “‘염력’이 연상시키는 실제 용산참사의 트라우마는 여전히 회복되지 않았는데도, 영화의 엔딩은 그 고통을 완전히 잊은 듯이 그려져 느닷없이 느껴졌다”고 했다.\n중심인물이 아버지와 딸이라는 것도 그렇다.\n애니메이션 ‘사이비’부터 ‘부산행’ ‘염력’까지 연상호 감독의 필모그래피에서 잇달아 등장한 바다.\n허남웅 영화평론가는 “왜 위기를 극복하고 앞으로 나아가는 사람은 항상 남성이고 여성은 상대적으로 무기력하게 그려지는지 의문”이라고 지적했다.\n연상호 감독은 “주인공이 가족관계로 구상하려 했을 뿐 아버지와 딸의 구도가 반복된 건 완벽히 우연”이라고 말했다.",
		"partNum": "P2",
		"useType": 0,
		"processType": "A",
		"processPattern": "99",
		"processLevel": "하",
		"sentenceCount": 26,
		"processSentencenum": 6,
		"sentenceInfo": [
			{
				"sentenceNo": 1,
				"sentenceContent": "도심 재개발 구역의 화염에 휩싸인 상가 건물. 옥상까지 내몰린 철거민과 경찰마저 위험해진 일촉즉발의 순간, 어디선가 ‘날아온’ 후줄근한 사내 석헌(류승룡 분)이 사람들을 구하기 시작한다. 31일 개봉한 ‘염력’은 평범한 점퍼 차림의 아저씨가 초능력을 발휘하는 한국형 히어로 영화다.",
				"sentenceSize": 157
			},
			{
				"sentenceNo": 2,
				"sentenceContent": "2년 전 국내에 낯선 좀비 재난 영화 ‘부산행’으로 1000만 관객을 모은 연상호 감독의 신작이다.",
				"sentenceSize": 55
			},
			{
				"sentenceNo": 3,
				"sentenceContent": "개봉을 앞두고 서울 삼청동에서 미리 만난 연상호 감독은 “20대 때부터 철거촌에 있는 초인 이야기를 블랙코미디로 만들어보고 싶었지만, ‘굳이 이렇게 불편한 주제로 코미디를 해야 하느냐’는 우려 탓에 투자가 수월하지 않았다”면서 “‘부산행’이 잘되지 않았다면 ‘염력’을 만들지 못했을 것”이라고 했다.",
				"sentenceSize": 167
			},
			{
				"sentenceNo": 4,
				"sentenceContent": "사실 과감한 장르 문법을 메스 삼아 ‘헬조선’의 현실을 해부하는 건 ‘돼지의 왕’ ‘사이비’ 등 애니메이션을 만들던 시절부터 이어져 온 연상호 감독의 장기다. ‘염력’은 소시민 초능력자를 통해 웃음을 더한다.",
				"sentenceSize": 116
			},
			{
				"sentenceNo": 5,
				"sentenceContent": "석헌이 어설프게 염력을 부릴 때의 슬랩스틱 코미디나 철부지 같은 면모는 류승룡의 촐싹맞은 몸놀림과도 어우러져 타율 높은 웃음을 자아낸다.",
				"sentenceSize": 76
			},
			{
				"sentenceNo": 6,
				"sentenceContent": "경비원으로 일하다 약수를 먹고 하루아침에 초능력자가 된 석헌은 사회정의 같은 데는 조금도 관심이 없다.",
				"sentenceSize": 57
			},
			{
				"sentenceNo": 7,
				"sentenceContent": "생각만으로 물체를 움직이는 염력을 활용해 유리 겔라 같은 마술쇼로 돈을 벌 생각에 나이트클럽부터 찾아간다.",
				"sentenceSize": 59
			},
			{
				"sentenceNo": 8,
				"sentenceContent": "연상호 감독은 “1990년대 여균동 감독의 ‘맨’, 장선우 감독의 ‘너에게 나를 보낸다’ 같은 영화에서 2000년대 초 김지운 감독의 ‘조용한 가족’ ‘반칙왕’, 장준환 감독의 ‘지구를 지켜라’” 등을 열거하며 “사회적 메시지가 강한 B급 코미디 정서를 불어넣고 싶었다”고 밝혔다.",
				"sentenceSize": 157
			},
			{
				"sentenceNo": 9,
				"sentenceContent": "이런 석헌의 초능력은 딸 루미(심은경 분)로 인해 재개발 현장에서 위력을 발휘하기 시작한다. 10년전 석헌이 빚 때문에 가출, 엄마와 단둘이 살며 어렵게 치킨집을 꾸린 루미는 청년 장사꾼으로 미디어의 주목을 받은 것도 잠시뿐, 상가 재개발로 모든 것을 잃을 처지가 됐다.",
				"sentenceSize": 151
			},
			{
				"sentenceNo": 10,
				"sentenceContent": "극 중 화염병과 물대포, 특히 컨테이너 박스를 이용한 경찰의 진압작전 등은 2009년 용산참사의 기억을 생생히 불러낸다.",
				"sentenceSize": 67
			},
			{
				"sentenceNo": 11,
				"sentenceContent": "연상호 감독은 “도시 개발은 국가나 다수의 이득을 위해 소수자의 손해를 강요한다는 점에서 민주주의적 관점으로 가장 합의에 도달하기 힘든 문제”라며 “한국 근대화 과정에서 이뤄진 도시 개발이라는 보편적인 시스템과 인간적인 히어로의 싸움을 그리고 싶었다”고 했다.",
				"sentenceSize": 145
			},
			{
				"sentenceNo": 12,
				"sentenceContent": "그는 “여전히 규명되지 않았음에도 대중에게 점점 잊혀가는 용산의 비극을 대중에게 다시 각인시켜야 한다고 생각했다”며 “용산을 큰 줄기로 쌍용차 파업 진압 등 몇몇 실제 사건을 모델로 했다”고 덧붙였다. '부산행'이 득달같이 달려드는 좀비 떼를 동력으로 질주했다면 ‘염력’은 후반부 딸을 구하려 날아가는 장면에서 한꺼번에 대형 액션이 터져나온다.",
				"sentenceSize": 192
			},
			{
				"sentenceNo": 13,
				"sentenceContent": "서툰 초능력 탓에 도시 곳곳에 몸을 부딪치는 석헌의 다급한 모습은 현실에서 구하지 못한 안타까운 목숨들을 판타지로나마 구하려는 애타는 몸부림처럼 보이기도 한다.",
				"sentenceSize": 89
			},
			{
				"sentenceNo": 14,
				"sentenceContent": "연상호 감독은 “이전에 소심한 의도로만 염력을 쓰던 석헌이 딸을 살리기 위해 폭발하듯 날아가는 과정은 어찌 보면 불완전하고 누군가는 민폐로 여기지만 그 자신에겐 너무도 절박하다”며 이를 “평범한 소시민들이 너무도 궁지에 몰려 절박감에 나서는 시위”에 비유했다.",
				"sentenceSize": 145
			},
			{
				"sentenceNo": 15,
				"sentenceContent": "그는 “어쩌면 이 영화 전체가 그런 시위에 대한 우화”라고 했다.",
				"sentenceSize": 36
			},
			{
				"sentenceNo": 16,
				"sentenceContent": "※ 사진 아래부터 '염력'에 대한 약간의 스포일러가 있습니다.",
				"sentenceSize": 34
			},
			{
				"sentenceNo": 17,
				"sentenceContent": "현실에서 소환한 비극의 무게가 조심스러워서일까. ‘염력’은 장르영화로서 쾌감을 끝까지 밀어붙이지 못하고 자주 머뭇댄다.",
				"sentenceSize": 66
			},
			{
				"sentenceNo": 18,
				"sentenceContent": "갈등의 연료가 돼야 할 악역의 위력이 연상호 감독의 전작들에 비해 미미한 것도 요인이다.",
				"sentenceSize": 49
			},
			{
				"sentenceNo": 19,
				"sentenceContent": "재개발 건설회사의 홍상무(정유미 분), 용역깡패 두목 민사장(김민재 분) 등은 캐릭터가 다소 코믹하게 변주된 탓인지 배후에 도사린 권력의 존재감을 살갗으로 와 닿게 구현하지 못한다.",
				"sentenceSize": 101
			},
			{
				"sentenceNo": 20,
				"sentenceContent": "결말에 대해서도 비판적인 반응이 나온다.",
				"sentenceSize": 22
			},
			{
				"sentenceNo": 21,
				"sentenceContent": "연상호 감독은 “체제가 승리해서 얻은 옛 재개발 구역의 빈 공터, 체제에 패배했지만 연대와 화합을 얻은 사람들의 모습을 대비하고 싶었다”고 했다.",
				"sentenceSize": 81
			},
			{
				"sentenceNo": 22,
				"sentenceContent": "그러나 김형석 영화저널리스트는 “‘염력’이 연상시키는 실제 용산참사의 트라우마는 여전히 회복되지 않았는데도, 영화의 엔딩은 그 고통을 완전히 잊은 듯이 그려져 느닷없이 느껴졌다”고 했다.",
				"sentenceSize": 104
			},
			{
				"sentenceNo": 23,
				"sentenceContent": "중심인물이 아버지와 딸이라는 것도 그렇다.",
				"sentenceSize": 23
			},
			{
				"sentenceNo": 24,
				"sentenceContent": "애니메이션 ‘사이비’부터 ‘부산행’ ‘염력’까지 연상호 감독의 필모그래피에서 잇달아 등장한 바다.",
				"sentenceSize": 54
			},
			{
				"sentenceNo": 25,
				"sentenceContent": "허남웅 영화평론가는 “왜 위기를 극복하고 앞으로 나아가는 사람은 항상 남성이고 여성은 상대적으로 무기력하게 그려지는지 의문”이라고 지적했다.",
				"sentenceSize": 78
			},
			{
				"sentenceNo": 26,
				"sentenceContent": "연상호 감독은 “주인공이 가족관계로 구상하려 했을 뿐 아버지와 딸의 구도가 반복된 건 완벽히 우연”이라고 말했다.",
				"sentenceSize": 63
			}
		]
	},
	"labeledDataInfo": {
		"processSentenceInfo": [
			{
				"sentenceNo": 1,
				"sentenceContent": "도심 재개발 구역의 화염에 휩싸인 상가 건물. 옥상까지 내몰린 철거민과 경찰마저 위험해진 일촉즉발의 순간, 어디선가 ‘날아온’ 후줄근한 사내 석헌(류승룡 분)이 사람들을 구하기 시작한다. 31일 개봉한 ‘염력’은 평범한 점퍼 차림의 아저씨가 초능력을 발휘하는 한국형 히어로 영화다.",
				"subjectConsistencyYn": "Y"
			},
			{
				"sentenceNo": 2,
				"sentenceContent": "2년 전 국내에 낯선 좀비 재난 영화 ‘부산행’으로 1000만 관객을 모은 연상호 감독의 신작이다.",
				"subjectConsistencyYn": "Y"
			},
			{
				"sentenceNo": 3,
				"sentenceContent": "개봉을 앞두고 서울 삼청동에서 미리 만난 연상호 감독은 “20대 때부터 철거촌에 있는 초인 이야기를 블랙코미디로 만들어보고 싶었지만, ‘굳이 이렇게 불편한 주제로 코미디를 해야 하느냐’는 우려 탓에 투자가 수월하지 않았다”면서 “‘부산행’이 잘되지 않았다면 ‘염력’을 만들지 못했을 것”이라고 했다.",
				"subjectConsistencyYn": "Y"
			},
			{
				"sentenceNo": 4,
				"sentenceContent": "사실 과감한 장르 문법을 메스 삼아 ‘헬조선’의 현실을 해부하는 건 ‘돼지의 왕’ ‘사이비’ 등 애니메이션을 만들던 시절부터 이어져 온 연상호 감독의 장기다. ‘염력’은 소시민 초능력자를 통해 웃음을 더한다.",
				"subjectConsistencyYn": "Y"
			},
			{
				"sentenceNo": 5,
				"sentenceContent": "석헌이 어설프게 염력을 부릴 때의 슬랩스틱 코미디나 철부지 같은 면모는 류승룡의 촐싹맞은 몸놀림과도 어우러져 타율 높은 웃음을 자아낸다.",
				"subjectConsistencyYn": "Y"
			},
			{
				"sentenceNo": 6,
				"sentenceContent": "경비원으로 일하다 약수를 먹고 하루아침에 초능력자가 된 석헌은 사회정의 같은 데는 조금도 관심이 없다.",
				"subjectConsistencyYn": "Y"
			},
			{
				"sentenceNo": 7,
				"sentenceContent": "생각만으로 물체를 움직이는 염력을 활용해 유리 겔라 같은 마술쇼로 돈을 벌 생각에 나이트클럽부터 찾아간다.",
				"subjectConsistencyYn": "Y"
			},
			{
				"sentenceNo": 8,
				"sentenceContent": "연상호 감독은 “1990년대 여균동 감독의 ‘맨’, 장선우 감독의 ‘너에게 나를 보낸다’ 같은 영화에서 2000년대 초 김지운 감독의 ‘조용한 가족’ ‘반칙왕’, 장준환 감독의 ‘지구를 지켜라’” 등을 열거하며 “사회적 메시지가 강한 B급 코미디 정서를 불어넣고 싶었다”고 밝혔다.",
				"subjectConsistencyYn": "Y"
			},
			{
				"sentenceNo": 9,
				"sentenceContent": "이런 석헌의 초능력은 딸 루미(심은경 분)로 인해 재개발 현장에서 위력을 발휘하기 시작한다. 10년전 석헌이 빚 때문에 가출, 엄마와 단둘이 살며 어렵게 치킨집을 꾸린 루미는 청년 장사꾼으로 미디어의 주목을 받은 것도 잠시뿐, 상가 재개발로 모든 것을 잃을 처지가 됐다.",
				"subjectConsistencyYn": "Y"
			},
			{
				"sentenceNo": 10,
				"sentenceContent": "극 중 화염병과 물대포, 특히 컨테이너 박스를 이용한 경찰의 진압작전 등은 2009년 용산참사의 기억을 생생히 불러낸다.",
				"subjectConsistencyYn": "Y"
			},
			{
				"sentenceNo": 11,
				"sentenceContent": "연상호 감독은 “도시 개발은 국가나 다수의 이득을 위해 소수자의 손해를 강요한다는 점에서 민주주의적 관점으로 가장 합의에 도달하기 힘든 문제”라며 “한국 근대화 과정에서 이뤄진 도시 개발이라는 보편적인 시스템과 인간적인 히어로의 싸움을 그리고 싶었다”고 했다.",
				"subjectConsistencyYn": "Y"
			},
			{
				"sentenceNo": 12,
				"sentenceContent": "그는 “여전히 규명되지 않았음에도 대중에게 점점 잊혀가는 용산의 비극을 대중에게 다시 각인시켜야 한다고 생각했다”며 “용산을 큰 줄기로 쌍용차 파업 진압 등 몇몇 실제 사건을 모델로 했다”고 덧붙였다. '부산행'이 득달같이 달려드는 좀비 떼를 동력으로 질주했다면 ‘염력’은 후반부 딸을 구하려 날아가는 장면에서 한꺼번에 대형 액션이 터져나온다.",
				"subjectConsistencyYn": "Y"
			},
			{
				"sentenceNo": 13,
				"sentenceContent": "서툰 초능력 탓에 도시 곳곳에 몸을 부딪치는 석헌의 다급한 모습은 현실에서 구하지 못한 안타까운 목숨들을 판타지로나마 구하려는 애타는 몸부림처럼 보이기도 한다.",
				"subjectConsistencyYn": "Y"
			},
			{
				"sentenceNo": 14,
				"sentenceContent": "연상호 감독은 “이전에 소심한 의도로만 염력을 쓰던 석헌이 딸을 살리기 위해 폭발하듯 날아가는 과정은 어찌 보면 불완전하고 누군가는 민폐로 여기지만 그 자신에겐 너무도 절박하다”며 이를 “평범한 소시민들이 너무도 궁지에 몰려 절박감에 나서는 시위”에 비유했다.",
				"subjectConsistencyYn": "Y"
			},
			{
				"sentenceNo": 15,
				"sentenceContent": "그는 “어쩌면 이 영화 전체가 그런 시위에 대한 우화”라고 했다.",
				"subjectConsistencyYn": "Y"
			},
			{
				"sentenceNo": 16,
				"sentenceContent": "※ 사진 아래부터 '염력'에 대한 약간의 스포일러가 있습니다.",
				"subjectConsistencyYn": "Y"
			},
			{
				"sentenceNo": 17,
				"sentenceContent": "현실에서 소환한 비극의 무게가 조심스러워서일까. ‘염력’은 장르영화로서 쾌감을 끝까지 밀어붙이지 못하고 자주 머뭇댄다.",
				"subjectConsistencyYn": "Y"
			},
			{
				"sentenceNo": 18,
				"sentenceContent": "갈등의 연료가 돼야 할 악역의 위력이 연상호 감독의 전작들에 비해 미미한 것도 요인이다.",
				"subjectConsistencyYn": "Y"
			},
			{
				"sentenceNo": 19,
				"sentenceContent": "재개발 건설회사의 홍상무(정유미 분), 용역깡패 두목 민사장(김민재 분) 등은 캐릭터가 다소 코믹하게 변주된 탓인지 배후에 도사린 권력의 존재감을 살갗으로 와 닿게 구현하지 못한다.",
				"subjectConsistencyYn": "Y"
			},
			{
				"sentenceNo": 20,
				"sentenceContent": "결말에 대해서도 비판적인 반응이 나온다.",
				"subjectConsistencyYn": "Y"
			},
			{
				"sentenceNo": 21,
				"sentenceContent": "미디움 템포의 팝 곡으로 태연이 데뷔 후 처음으로 작사에도 참여, 화려한 스포트라이트 속에 감춰진 진솔한 감정과 앞으로의 다짐 등 자전적인 이야기를 가사에 담아 기대감을 더욱 높이고 있다. '태연 I 공개' 온라인 중앙일보",
				"subjectConsistencyYn": "N"
			}
		],
		"clickbaitClass": 0
	}
}