{
	"sourceDataInfo": {
		"newsID": "ET_M03_494569",
		"newsCategory": "연예",
		"newsSubcategory": "연예가화제",
		"newsTitle": "방탄소년단 멤버들의 성격이 드러나는 5인 5색 감사 인사",
		"newsSubTitle": "",
		"newsContent": "방탄소년단이 10일 골든디스크 음원 부문 본상을 수상한 가운데 방탄소년단 멤버들이 팬들에게 감사 인사를 남겼다.\n이날 방탄소년단 공식 트위터에는 진, 지민, 제이홉, 슈가, RM의 수상 소감이 올라왔다.\n━ 1. 로맨틱 '진' 귀공자 느낌의 푸른빛 셔츠를 입은 진은 팬클럽인 '아미'를 마치 연인처럼 대하는 듯 스윗한 면모를 보여줬다.\n\\\"아미, 상 받게 해줘서 고마워요. 다음엔 더 멋진 말로 멘트해야지. 아미로 이행시 하려 했는데 슈가가 숙소에서 뭐라 할까봐 안했어요\\\"라고 말했다.\n━ 2. 다정다감 '지민' 지민은 유쾌하고 다정다감한 스타일의 인사법을 보였다.\n지민은 손을 흔들며 인사하는 셀카 영상을 게재하며 \\\"음원시상식이 있는 날 공연해서 너무 즐거웠어요. 상까지 받게 해주셔서 진심으로 고마워요. 내일 봐요\\\"라며 '우리 아미 상 받았네'라는 말을 해시태그로 달았다.\n━ 3. 깔끔 '제이홉' 제이홉은 깔끔한 인삿말을 남겼다.\n\\\"사랑하는 아미에게 감사의 인사를\\\"이라는 짧은 문구와 함께 셀카 사진을 두 장 남겼다.\n제이홉은 검정색 재킷을 입은 클래식한 모습과 흰색 스웨터를 입은 캐주얼한 모습을 모두 사랑스러운 미소로 소화했다.\n팬들이 자신의 '셀카 선물'을 얼마나 좋아하는지 잘 아는 듯하다.\n━ 4. 진중한 '슈가' 슈가는 아직 하루 더 남은 시상식을 의식하는 듯 진중한 모습을 보였다.\n다른 멤버들과 달리 사진이나 영상을 남기지 않았고 대신 \\\"음원 음반 모두 출연할 수 있는 가수가 된 것에 감사합니다, 아미! 고맙고 내일 또 봐요\\\"라며 다음 날 있을 시상식을 기대하는 말을 남겼다.\n━ 5. 유쾌한 'RM' RM은 \\\"음원 본상 감사합니다\\\"라는 가장 짧은 인삿말을 남겼다.\n하지만 영상은 결코 짧지 않았다.\nRM은 반려견 '랩몬'과 자신의 엄마가 등장(목소리 뿐이지만)하는 영상을 게재하면서 반려견에게 기습 뽀뽀를 당하는 모습을 담은 영상을 게재, 팬들에게 '보는 즐거움'을 선사했다.\n11일 열리는 골든디스크 음반 부문에도 출격하는 방탄소년단은 현재 가장 강력한 대상 후보다.\n골든디스크는 한 해 동안 가장 영향력있는 음원과 음반을 낸 가수에게 상을 주는 국내에서 가장 영향력 있는 시상식이다.",
		"partNum": "P2",
		"useType": 0,
		"processType": "A",
		"processPattern": "99",
		"processLevel": "하",
		"sentenceCount": 17,
		"processSentencenum": 3,
		"sentenceInfo": [
			{
				"sentenceNo": 1,
				"sentenceContent": "방탄소년단이 10일 골든디스크 음원 부문 본상을 수상한 가운데 방탄소년단 멤버들이 팬들에게 감사 인사를 남겼다.",
				"sentenceSize": 62
			},
			{
				"sentenceNo": 2,
				"sentenceContent": "이날 방탄소년단 공식 트위터에는 진, 지민, 제이홉, 슈가, RM의 수상 소감이 올라왔다.",
				"sentenceSize": 50
			},
			{
				"sentenceNo": 3,
				"sentenceContent": "━ 1. 로맨틱 '진' 귀공자 느낌의 푸른빛 셔츠를 입은 진은 팬클럽인 '아미'를 마치 연인처럼 대하는 듯 스윗한 면모를 보여줬다.",
				"sentenceSize": 73
			},
			{
				"sentenceNo": 4,
				"sentenceContent": "\\\"아미, 상 받게 해줘서 고마워요. 다음엔 더 멋진 말로 멘트해야지. 아미로 이행시 하려 했는데 슈가가 숙소에서 뭐라 할까봐 안했어요\\\"라고 말했다.",
				"sentenceSize": 84
			},
			{
				"sentenceNo": 5,
				"sentenceContent": "━ 2. 다정다감 '지민' 지민은 유쾌하고 다정다감한 스타일의 인사법을 보였다.",
				"sentenceSize": 44
			},
			{
				"sentenceNo": 6,
				"sentenceContent": "지민은 손을 흔들며 인사하는 셀카 영상을 게재하며 \\\"음원시상식이 있는 날 공연해서 너무 즐거웠어요. 상까지 받게 해주셔서 진심으로 고마워요. 내일 봐요\\\"라며 '우리 아미 상 받았네'라는 말을 해시태그로 달았다.",
				"sentenceSize": 119
			},
			{
				"sentenceNo": 7,
				"sentenceContent": "━ 3. 깔끔 '제이홉' 제이홉은 깔끔한 인삿말을 남겼다.",
				"sentenceSize": 32
			},
			{
				"sentenceNo": 8,
				"sentenceContent": "\\\"사랑하는 아미에게 감사의 인사를\\\"이라는 짧은 문구와 함께 셀카 사진을 두 장 남겼다.",
				"sentenceSize": 50
			},
			{
				"sentenceNo": 9,
				"sentenceContent": "제이홉은 검정색 재킷을 입은 클래식한 모습과 흰색 스웨터를 입은 캐주얼한 모습을 모두 사랑스러운 미소로 소화했다.",
				"sentenceSize": 63
			},
			{
				"sentenceNo": 10,
				"sentenceContent": "팬들이 자신의 '셀카 선물'을 얼마나 좋아하는지 잘 아는 듯하다.",
				"sentenceSize": 36
			},
			{
				"sentenceNo": 11,
				"sentenceContent": "━ 4. 진중한 '슈가' 슈가는 아직 하루 더 남은 시상식을 의식하는 듯 진중한 모습을 보였다.",
				"sentenceSize": 53
			},
			{
				"sentenceNo": 12,
				"sentenceContent": "다른 멤버들과 달리 사진이나 영상을 남기지 않았고 대신 \\\"음원 음반 모두 출연할 수 있는 가수가 된 것에 감사합니다, 아미! 고맙고 내일 또 봐요\\\"라며 다음 날 있을 시상식을 기대하는 말을 남겼다.",
				"sentenceSize": 112
			},
			{
				"sentenceNo": 13,
				"sentenceContent": "━ 5. 유쾌한 'RM' RM은 \\\"음원 본상 감사합니다\\\"라는 가장 짧은 인삿말을 남겼다.",
				"sentenceSize": 51
			},
			{
				"sentenceNo": 14,
				"sentenceContent": "하지만 영상은 결코 짧지 않았다.",
				"sentenceSize": 18
			},
			{
				"sentenceNo": 15,
				"sentenceContent": "RM은 반려견 '랩몬'과 자신의 엄마가 등장(목소리 뿐이지만)하는 영상을 게재하면서 반려견에게 기습 뽀뽀를 당하는 모습을 담은 영상을 게재, 팬들에게 '보는 즐거움'을 선사했다.",
				"sentenceSize": 99
			},
			{
				"sentenceNo": 16,
				"sentenceContent": "11일 열리는 골든디스크 음반 부문에도 출격하는 방탄소년단은 현재 가장 강력한 대상 후보다.",
				"sentenceSize": 51
			},
			{
				"sentenceNo": 17,
				"sentenceContent": "골든디스크는 한 해 동안 가장 영향력있는 음원과 음반을 낸 가수에게 상을 주는 국내에서 가장 영향력 있는 시상식이다.",
				"sentenceSize": 65
			}
		]
	},
	"labeledDataInfo": {
		"processSentenceInfo": [
			{
				"sentenceNo": 1,
				"sentenceContent": "방탄소년단이 10일 골든디스크 음원 부문 본상을 수상한 가운데 방탄소년단 멤버들이 팬들에게 감사 인사를 남겼다.",
				"subjectConsistencyYn": "Y"
			},
			{
				"sentenceNo": 2,
				"sentenceContent": "이날 방탄소년단 공식 트위터에는 진, 지민, 제이홉, 슈가, RM의 수상 소감이 올라왔다.",
				"subjectConsistencyYn": "Y"
			},
			{
				"sentenceNo": 3,
				"sentenceContent": "━ 1. 로맨틱 '진' 귀공자 느낌의 푸른빛 셔츠를 입은 진은 팬클럽인 '아미'를 마치 연인처럼 대하는 듯 스윗한 면모를 보여줬다.",
				"subjectConsistencyYn": "Y"
			},
			{
				"sentenceNo": 4,
				"sentenceContent": "\\\"아미, 상 받게 해줘서 고마워요. 다음엔 더 멋진 말로 멘트해야지. 아미로 이행시 하려 했는데 슈가가 숙소에서 뭐라 할까봐 안했어요\\\"라고 말했다.",
				"subjectConsistencyYn": "Y"
			},
			{
				"sentenceNo": 5,
				"sentenceContent": "━ 2. 다정다감 '지민' 지민은 유쾌하고 다정다감한 스타일의 인사법을 보였다.",
				"subjectConsistencyYn": "Y"
			},
			{
				"sentenceNo": 6,
				"sentenceContent": "지민은 손을 흔들며 인사하는 셀카 영상을 게재하며 \\\"음원시상식이 있는 날 공연해서 너무 즐거웠어요. 상까지 받게 해주셔서 진심으로 고마워요. 내일 봐요\\\"라며 '우리 아미 상 받았네'라는 말을 해시태그로 달았다.",
				"subjectConsistencyYn": "Y"
			},
			{
				"sentenceNo": 7,
				"sentenceContent": "━ 3. 깔끔 '제이홉' 제이홉은 깔끔한 인삿말을 남겼다.",
				"subjectConsistencyYn": "Y"
			},
			{
				"sentenceNo": 8,
				"sentenceContent": "\\\"사랑하는 아미에게 감사의 인사를\\\"이라는 짧은 문구와 함께 셀카 사진을 두 장 남겼다.",
				"subjectConsistencyYn": "Y"
			},
			{
				"sentenceNo": 9,
				"sentenceContent": "제이홉은 검정색 재킷을 입은 클래식한 모습과 흰색 스웨터를 입은 캐주얼한 모습을 모두 사랑스러운 미소로 소화했다.",
				"subjectConsistencyYn": "Y"
			},
			{
				"sentenceNo": 10,
				"sentenceContent": "팬들이 자신의 '셀카 선물'을 얼마나 좋아하는지 잘 아는 듯하다.",
				"subjectConsistencyYn": "Y"
			},
			{
				"sentenceNo": 11,
				"sentenceContent": "━ 4. 진중한 '슈가' 슈가는 아직 하루 더 남은 시상식을 의식하는 듯 진중한 모습을 보였다.",
				"subjectConsistencyYn": "Y"
			},
			{
				"sentenceNo": 12,
				"sentenceContent": "다른 멤버들과 달리 사진이나 영상을 남기지 않았고 대신 \\\"음원 음반 모두 출연할 수 있는 가수가 된 것에 감사합니다, 아미! 고맙고 내일 또 봐요\\\"라며 다음 날 있을 시상식을 기대하는 말을 남겼다.",
				"subjectConsistencyYn": "Y"
			},
			{
				"sentenceNo": 13,
				"sentenceContent": "━ 5. 유쾌한 'RM' RM은 \\\"음원 본상 감사합니다\\\"라는 가장 짧은 인삿말을 남겼다.",
				"subjectConsistencyYn": "Y"
			},
			{
				"sentenceNo": 14,
				"sentenceContent": "하지만 영상은 결코 짧지 않았다.",
				"subjectConsistencyYn": "Y"
			},
			{
				"sentenceNo": 15,
				"sentenceContent": "한편 중년특집으로 화제몰이를 하고 있는 ‘일밤-진짜 사나이’도 12.2%로 두 자릿수 시청률을 기록했다.",
				"subjectConsistencyYn": "N"
			},
			{
				"sentenceNo": 16,
				"sentenceContent": "박찬호, 우지원 등 8명이 짝을 지어 입대한 ‘동반입대 특집’으로 방송된 ‘일밤-진짜 사나이’역시 입소과정과 체력검정 등에서 이들의 매력이 빛나며 화제를 모았다. ‘일밤-복면가왕’은 매주 일요일 오후 4시 50분부터, ‘일밤-진짜 사나이’는 6시 45분에 방송된다.",
				"subjectConsistencyYn": "N"
			}
		],
		"clickbaitClass": 0
	}
}