{
	"sourceDataInfo": {
		"newsID": "ET_M03_494448",
		"newsCategory": "연예",
		"newsSubcategory": "연예가화제",
		"newsTitle": "“권리 없는 사람들은 말하지 말라” 콘서트서 논란 언급한 정용화",
		"newsSubTitle": "",
		"newsContent": "경희대 박사과정에 ‘부정 입학’했다는 혐의를 받고 있는 가수 정용화가 입대 전 콘서트를 열고 팬들과 작별 인사를 나눴다.\n정용화는 2일 오후 고려대학교 화정체육관에서 진행한 공연 ‘STAY 622’에서 “군대 가기 전 제대로 된 마지막 인사를 하고 싶었다”며 “최선을 다해서 좋은 추억을 만들겠다”고 말했다.\n그는 자신을 둘러싼 의혹에 대해 “오늘 낮에도 글을 올렸지만, 잘못한 부분은 잘못했고 그 이외의 부분은 제 말만 믿어주면 된다”며 “내 인생에 권리 없는 사람들은 말하지 말라”고 솔직한 심경을 전했다.\n앞서 서울지방경찰청 지능범죄수사대는 업무방해 혐의로 정용화 등 부정입학자들을 불구속 기소 의견으로 서울중앙지검에 송치했다.\n경찰에 따르면 정용화는 경희대 국제캠퍼스 일반대학원 예술 관련 학과의 박사과정 2017학년도 수시전형에서 면접에 불참하고도 입학을 허가받았다.\n정용화는 오는 5일 강원도 화천군에 위치한 15사단 승리신병교육대에서 군 복무를 시작할 예정이다.",
		"partNum": "P2",
		"useType": 0,
		"processType": "A",
		"processPattern": "99",
		"processLevel": "하",
		"sentenceCount": 6,
		"processSentencenum": 1,
		"sentenceInfo": [
			{
				"sentenceNo": 1,
				"sentenceContent": "경희대 박사과정에 ‘부정 입학’했다는 혐의를 받고 있는 가수 정용화가 입대 전 콘서트를 열고 팬들과 작별 인사를 나눴다.",
				"sentenceSize": 67
			},
			{
				"sentenceNo": 2,
				"sentenceContent": "정용화는 2일 오후 고려대학교 화정체육관에서 진행한 공연 ‘STAY 622’에서 “군대 가기 전 제대로 된 마지막 인사를 하고 싶었다”며 “최선을 다해서 좋은 추억을 만들겠다”고 말했다.",
				"sentenceSize": 104
			},
			{
				"sentenceNo": 3,
				"sentenceContent": "그는 자신을 둘러싼 의혹에 대해 “오늘 낮에도 글을 올렸지만, 잘못한 부분은 잘못했고 그 이외의 부분은 제 말만 믿어주면 된다”며 “내 인생에 권리 없는 사람들은 말하지 말라”고 솔직한 심경을 전했다.",
				"sentenceSize": 112
			},
			{
				"sentenceNo": 4,
				"sentenceContent": "앞서 서울지방경찰청 지능범죄수사대는 업무방해 혐의로 정용화 등 부정입학자들을 불구속 기소 의견으로 서울중앙지검에 송치했다.",
				"sentenceSize": 68
			},
			{
				"sentenceNo": 5,
				"sentenceContent": "경찰에 따르면 정용화는 경희대 국제캠퍼스 일반대학원 예술 관련 학과의 박사과정 2017학년도 수시전형에서 면접에 불참하고도 입학을 허가받았다.",
				"sentenceSize": 79
			},
			{
				"sentenceNo": 6,
				"sentenceContent": "정용화는 오는 5일 강원도 화천군에 위치한 15사단 승리신병교육대에서 군 복무를 시작할 예정이다.",
				"sentenceSize": 54
			}
		]
	},
	"labeledDataInfo": {
		"processSentenceInfo": [
			{
				"sentenceNo": 1,
				"sentenceContent": "경희대 박사과정에 ‘부정 입학’했다는 혐의를 받고 있는 가수 정용화가 입대 전 콘서트를 열고 팬들과 작별 인사를 나눴다.",
				"subjectConsistencyYn": "Y"
			},
			{
				"sentenceNo": 2,
				"sentenceContent": "정용화는 2일 오후 고려대학교 화정체육관에서 진행한 공연 ‘STAY 622’에서 “군대 가기 전 제대로 된 마지막 인사를 하고 싶었다”며 “최선을 다해서 좋은 추억을 만들겠다”고 말했다.",
				"subjectConsistencyYn": "Y"
			},
			{
				"sentenceNo": 3,
				"sentenceContent": "그는 자신을 둘러싼 의혹에 대해 “오늘 낮에도 글을 올렸지만, 잘못한 부분은 잘못했고 그 이외의 부분은 제 말만 믿어주면 된다”며 “내 인생에 권리 없는 사람들은 말하지 말라”고 솔직한 심경을 전했다.",
				"subjectConsistencyYn": "Y"
			},
			{
				"sentenceNo": 4,
				"sentenceContent": "앞서 서울지방경찰청 지능범죄수사대는 업무방해 혐의로 정용화 등 부정입학자들을 불구속 기소 의견으로 서울중앙지검에 송치했다.",
				"subjectConsistencyYn": "Y"
			},
			{
				"sentenceNo": 5,
				"sentenceContent": "경찰에 따르면 정용화는 경희대 국제캠퍼스 일반대학원 예술 관련 학과의 박사과정 2017학년도 수시전형에서 면접에 불참하고도 입학을 허가받았다.",
				"subjectConsistencyYn": "Y"
			},
			{
				"sentenceNo": 6,
				"sentenceContent": "제작진 측은 “작은 단서도 잡아내는 송재림의 날카로운 추리력과 화통한 입담으로 인해 모두가 숨 죽여 집중할 수밖에 없었다”며 “미스터리와 심리, 치정과 스릴러가 완벽하게 결합된 신개념 범죄 심리 추리쇼 ‘미친. 사랑.X’의 마력이 2회에선 더욱 강력해진다. 본방송을 통해 확인하시길 바란다”고 전했다.",
				"subjectConsistencyYn": "N"
			},
			{
				"sentenceNo": 7,
				"sentenceContent": "한편 ‘치정 스릴러’ 예능 프로그램 ‘미친.사랑.X’ 2회는 10일(오늘) 밤 10시에 방송된다.",
				"subjectConsistencyYn": "N"
			}
		],
		"clickbaitClass": 0
	}
}