{
	"sourceDataInfo": {
		"newsID": "ET_M03_494469",
		"newsCategory": "연예",
		"newsSubcategory": "연예가화제",
		"newsTitle": "서민정이 전한 뉴욕 이상기온 \\\"스케이트장이 물바다\\\"",
		"newsSubTitle": "",
		"newsContent": "미국 뉴욕의 21일(현지시간) 낮 최고 기온이 섭씨 25도를 기록하는 등 겨울철 비정상적으로 따뜻한 날씨가 이어지고 있다.\n방송인 서민정 역시 이를 공개했는데, \\\"여름 날씨라 스케이트장이 다 녹았다\\\"고 했다.\n서민정은 이날 인스타그램에 글을 올리고 \\\"스케이트 타러 왔는데 오늘 화씨 78도. 여름 날씨라 스케이트장이 물바다에요\\\"라고 말했다.\n이날 로이터통신 등에 따르면 뉴욕은 이틀 연속 기록적인 따뜻한 겨울 날씨를보이고 있다.\n뉴욕 맨해튼 등지에서 시민들은 반소매와 반바지를 입고 운동을 한다.\n서민정은 인스타그램 댓글을 통해 \\\"내일은 다시 추워진다고 한다\\\"고 전했다.",
		"partNum": "P2",
		"useType": 0,
		"processType": "A",
		"processPattern": "99",
		"processLevel": "하",
		"sentenceCount": 6,
		"processSentencenum": 1,
		"sentenceInfo": [
			{
				"sentenceNo": 1,
				"sentenceContent": "미국 뉴욕의 21일(현지시간) 낮 최고 기온이 섭씨 25도를 기록하는 등 겨울철 비정상적으로 따뜻한 날씨가 이어지고 있다.",
				"sentenceSize": 68
			},
			{
				"sentenceNo": 2,
				"sentenceContent": "방송인 서민정 역시 이를 공개했는데, \\\"여름 날씨라 스케이트장이 다 녹았다\\\"고 했다.",
				"sentenceSize": 49
			},
			{
				"sentenceNo": 3,
				"sentenceContent": "서민정은 이날 인스타그램에 글을 올리고 \\\"스케이트 타러 왔는데 오늘 화씨 78도. 여름 날씨라 스케이트장이 물바다에요\\\"라고 말했다.",
				"sentenceSize": 75
			},
			{
				"sentenceNo": 4,
				"sentenceContent": "이날 로이터통신 등에 따르면 뉴욕은 이틀 연속 기록적인 따뜻한 겨울 날씨를보이고 있다.",
				"sentenceSize": 48
			},
			{
				"sentenceNo": 5,
				"sentenceContent": "뉴욕 맨해튼 등지에서 시민들은 반소매와 반바지를 입고 운동을 한다.",
				"sentenceSize": 37
			},
			{
				"sentenceNo": 6,
				"sentenceContent": "서민정은 인스타그램 댓글을 통해 \\\"내일은 다시 추워진다고 한다\\\"고 전했다.",
				"sentenceSize": 43
			}
		]
	},
	"labeledDataInfo": {
		"processSentenceInfo": [
			{
				"sentenceNo": 1,
				"sentenceContent": "미국 뉴욕의 21일(현지시간) 낮 최고 기온이 섭씨 25도를 기록하는 등 겨울철 비정상적으로 따뜻한 날씨가 이어지고 있다.",
				"subjectConsistencyYn": "Y"
			},
			{
				"sentenceNo": 2,
				"sentenceContent": "방송인 서민정 역시 이를 공개했는데, \\\"여름 날씨라 스케이트장이 다 녹았다\\\"고 했다.",
				"subjectConsistencyYn": "Y"
			},
			{
				"sentenceNo": 3,
				"sentenceContent": "서민정은 이날 인스타그램에 글을 올리고 \\\"스케이트 타러 왔는데 오늘 화씨 78도. 여름 날씨라 스케이트장이 물바다에요\\\"라고 말했다.",
				"subjectConsistencyYn": "Y"
			},
			{
				"sentenceNo": 4,
				"sentenceContent": "이날 로이터통신 등에 따르면 뉴욕은 이틀 연속 기록적인 따뜻한 겨울 날씨를보이고 있다.",
				"subjectConsistencyYn": "Y"
			},
			{
				"sentenceNo": 5,
				"sentenceContent": "뉴욕 맨해튼 등지에서 시민들은 반소매와 반바지를 입고 운동을 한다.",
				"subjectConsistencyYn": "Y"
			},
			{
				"sentenceNo": 6,
				"sentenceContent": "한편 김주나가 김수현의 이복동생인 것으로 알려지자 누리꾼들은 \\\"김수현 이복동생 김주나...피는 못 속여\\\" \\\"김수현 이복동생 김주나...이쁘네\\\" \\\"김수현 이복동생 김주나...가정사가 있었구나\\\" 등의 반응을 보였다. '김수현 이복동생 김주나' 온라인 중앙일보 [사진 중앙포토] '김수현 이복동생 김주나'",
				"subjectConsistencyYn": "N"
			}
		],
		"clickbaitClass": 0
	}
}