{
	"sourceDataInfo": {
		"newsID": "ET_M03_494468",
		"newsCategory": "연예",
		"newsSubcategory": "연예가화제",
		"newsTitle": "‘영미야~’ 컬링 신드롬에 무릎꿇은 ‘윤식당2’…시청률 반토막",
		"newsSubTitle": "",
		"newsContent": "평창 겨울올림픽에서 신드롬을 써내려가고 있는 여자 컬링팀의 선전에 예능 프로그램의 새 역사를 써내려가던 tvN ‘윤식당2’가 무릎을 꿇었다.\n24일 시청률조사회사 닐슨코리아에 따르면 전날 오후 8~11시 지상파 방송 3사가 중계한 여자 컬링 준결승전의 시청률은 총 46.1%로 집계됐다.\n채널별로는 SBS 16.1%, MBC 16%, KBS 2TV 14.0%로 나타났다.\nMBC는 8시5분부터, SBS와 KBS 2TV는 8시22분부터 중계를 시작해 나란히 11시7분에 마쳤다.\n하지만 이날 컬링 준결승전 중계가 한창이던 오후 9시50분 방송된 ‘윤식당2’ 7회는 8.5%의 시청률을 기록했다고 tvN은 밝혔다.\n시청률이 16%까지 치솟으며 인기를 구가하던 윤식당2가 컬링에 밀려 시청률이 반 토막 났다.\n방송 3사 예능프로그램은 올림픽 중계로 일부 결방했지만, 컬링 경기 이후 편성된 SBS ‘백종원의 골목식당’은 4.4%-6.6%, KBS 2TV ‘배틀트립’은 3.3%, MBC TV ‘발칙한 동거 빈방있음’은 3.0%를 기록했다.\n한편 이날 김은정 스킵이 이끄는 여자 컬링 대표팀은 연장전 끝에 일본을 8-7로 제압하고 은메달을 확보했다.",
		"partNum": "P2",
		"useType": 0,
		"processType": "A",
		"processPattern": "99",
		"processLevel": "하",
		"sentenceCount": 8,
		"processSentencenum": 2,
		"sentenceInfo": [
			{
				"sentenceNo": 1,
				"sentenceContent": "평창 겨울올림픽에서 신드롬을 써내려가고 있는 여자 컬링팀의 선전에 예능 프로그램의 새 역사를 써내려가던 tvN ‘윤식당2’가 무릎을 꿇었다.",
				"sentenceSize": 78
			},
			{
				"sentenceNo": 2,
				"sentenceContent": "24일 시청률조사회사 닐슨코리아에 따르면 전날 오후 8~11시 지상파 방송 3사가 중계한 여자 컬링 준결승전의 시청률은 총 46.1%로 집계됐다.",
				"sentenceSize": 81
			},
			{
				"sentenceNo": 3,
				"sentenceContent": "채널별로는 SBS 16.1%, MBC 16%, KBS 2TV 14.0%로 나타났다.",
				"sentenceSize": 46
			},
			{
				"sentenceNo": 4,
				"sentenceContent": "MBC는 8시5분부터, SBS와 KBS 2TV는 8시22분부터 중계를 시작해 나란히 11시7분에 마쳤다.",
				"sentenceSize": 58
			},
			{
				"sentenceNo": 5,
				"sentenceContent": "하지만 이날 컬링 준결승전 중계가 한창이던 오후 9시50분 방송된 ‘윤식당2’ 7회는 8.5%의 시청률을 기록했다고 tvN은 밝혔다.",
				"sentenceSize": 74
			},
			{
				"sentenceNo": 6,
				"sentenceContent": "시청률이 16%까지 치솟으며 인기를 구가하던 윤식당2가 컬링에 밀려 시청률이 반 토막 났다.",
				"sentenceSize": 51
			},
			{
				"sentenceNo": 7,
				"sentenceContent": "방송 3사 예능프로그램은 올림픽 중계로 일부 결방했지만, 컬링 경기 이후 편성된 SBS ‘백종원의 골목식당’은 4.4%-6.6%, KBS 2TV ‘배틀트립’은 3.3%, MBC TV ‘발칙한 동거 빈방있음’은 3.0%를 기록했다.",
				"sentenceSize": 128
			},
			{
				"sentenceNo": 8,
				"sentenceContent": "한편 이날 김은정 스킵이 이끄는 여자 컬링 대표팀은 연장전 끝에 일본을 8-7로 제압하고 은메달을 확보했다.",
				"sentenceSize": 60
			}
		]
	},
	"labeledDataInfo": {
		"processSentenceInfo": [
			{
				"sentenceNo": 1,
				"sentenceContent": "평창 겨울올림픽에서 신드롬을 써내려가고 있는 여자 컬링팀의 선전에 예능 프로그램의 새 역사를 써내려가던 tvN ‘윤식당2’가 무릎을 꿇었다.",
				"subjectConsistencyYn": "Y"
			},
			{
				"sentenceNo": 2,
				"sentenceContent": "24일 시청률조사회사 닐슨코리아에 따르면 전날 오후 8~11시 지상파 방송 3사가 중계한 여자 컬링 준결승전의 시청률은 총 46.1%로 집계됐다.",
				"subjectConsistencyYn": "Y"
			},
			{
				"sentenceNo": 3,
				"sentenceContent": "채널별로는 SBS 16.1%, MBC 16%, KBS 2TV 14.0%로 나타났다.",
				"subjectConsistencyYn": "Y"
			},
			{
				"sentenceNo": 4,
				"sentenceContent": "MBC는 8시5분부터, SBS와 KBS 2TV는 8시22분부터 중계를 시작해 나란히 11시7분에 마쳤다.",
				"subjectConsistencyYn": "Y"
			},
			{
				"sentenceNo": 5,
				"sentenceContent": "하지만 이날 컬링 준결승전 중계가 한창이던 오후 9시50분 방송된 ‘윤식당2’ 7회는 8.5%의 시청률을 기록했다고 tvN은 밝혔다.",
				"subjectConsistencyYn": "Y"
			},
			{
				"sentenceNo": 6,
				"sentenceContent": "시청률이 16%까지 치솟으며 인기를 구가하던 윤식당2가 컬링에 밀려 시청률이 반 토막 났다.",
				"subjectConsistencyYn": "Y"
			},
			{
				"sentenceNo": 7,
				"sentenceContent": "프로듀서들은 쿤타를 선택했고, 이어 자이언티와 슬롬 팀이 ‘프로듀서 패스’를 사용하며 언오피셜보이까지 다음 라운드 진출을 확정했다.",
				"subjectConsistencyYn": "N"
			},
			{
				"sentenceNo": 8,
				"sentenceContent": "벌써부터 프로듀서 간 이른 영입 경쟁까지 펼쳐지며 ‘쇼미더머니10’ 래퍼들이 어떤 무대들을 그려갈지 귀추가 주목되고 있다.",
				"subjectConsistencyYn": "N"
			},
			{
				"sentenceNo": 9,
				"sentenceContent": "한편, 조광일이 배틀 상대 지목에 나선 가운데, 과연 그와 키츠요지의 운명적인 만남은 성사될 수 있을지, 또 다시 시험대에 오른 베이식과 산이의 운명은 어떻게 될지 관심이 모아진다.",
				"subjectConsistencyYn": "N"
			},
			{
				"sentenceNo": 10,
				"sentenceContent": "Mnet ‘쇼미더머니10’은 매주 금요일 밤 11시에 방송된다.",
				"subjectConsistencyYn": "N"
			}
		],
		"clickbaitClass": 0
	}
}