{
	"sourceDataInfo": {
		"newsID": "ET_M03_494427",
		"newsCategory": "연예",
		"newsSubcategory": "연예가화제",
		"newsTitle": "아이유 노려보던(?) 효리네민박 고양이가 박보검을 만나자 보인 반응",
		"newsSubTitle": "",
		"newsContent": "박보검이 '효리네민박2'에 등장했다.\n11일 방송된 JTBC '효리네민박2'에서는 이상순의 빈자리를 대신할 단기 알바생으로 박보검이 들어왔다.\n박보검이 등장하자 가장 기뻐한 건 이효리였다.\n이효리는 박보검의 등장 전부터 \\\"보검이의 이상형이 나라던데\\\"라며 직접 인터뷰 기사를 검색하는 등 설레는 마음을 감추지 못했다.\n실제 박보검이 나타나자 이효리는 어쩔 줄 몰라하며 버선발로 뛰어나갔다.\n자신이 '내추럴한 상태'라는 것을 깨닫고 부끄러워하는 소녀로 돌아갔다.\n이효리는 \\\"보검아 너는 가만히 있어도 돼. 너는 존재 자체가 도움이야\\\"라고 말하는 등 애정을 드러냈다.\n박보검은 '효리네민박' 명물인 고양이 미미도 변화시켰다.\n미미는 앞서 효리네민박 시즌1에서 알바생으로 온 아이유와 '기싸움'을 하는 모습으로 시청자들을 즐겁게 했다.\n식탁에 우두커니 앉아 혼자 밥을 먹고 있는 아이유를 '노려보듯' 심술궂은 표정으로 쳐다보던 것. 이후에도 아이유와 미미의 기싸움은 계속됐다.\n아이유가 혼자 밥을 먹을 때마다 미미는 옆에 앉아 심술궂은 표정으로 쳐다봤고 아이유가 미미의 표정을 따라 하자 새침하게 고개를 돌리는 모습도 보였다.\n그런 미미가 박보검 앞에서는 다른 태도를 보였다.\n박보검이 미미의 마음을 사로잡은 방법은 뭘까?\n박보검은 먼저 식탁 위에 앉아있는 미미에게 다가와 \\\"미미야 안녕?\\\"이라며 얼굴을 들이밀며 '초밀착 아이컨택' 인사를 건넸다.\n이후 미미는 달라졌다.\n박보검이 테이블에 앉아 이야기를 나누는 사이 다가와 박보검의 손을 얌전히 핥은 것. 효리네민박 제작진은 '미미가침바른 남자'라는 자막을 띄워 웃음을 줬다.\n심술궂은 고양이도 첫눈에 반하게 하는 박보검의 매력은 어디까지일까.\nJTBC '효리네민박2'에서 확인해보자.",
		"partNum": "P2",
		"useType": 0,
		"processType": "A",
		"processPattern": "99",
		"processLevel": "하",
		"sentenceCount": 18,
		"processSentencenum": 1,
		"sentenceInfo": [
			{
				"sentenceNo": 1,
				"sentenceContent": "박보검이 '효리네민박2'에 등장했다.",
				"sentenceSize": 20
			},
			{
				"sentenceNo": 2,
				"sentenceContent": "11일 방송된 JTBC '효리네민박2'에서는 이상순의 빈자리를 대신할 단기 알바생으로 박보검이 들어왔다.",
				"sentenceSize": 58
			},
			{
				"sentenceNo": 3,
				"sentenceContent": "박보검이 등장하자 가장 기뻐한 건 이효리였다.",
				"sentenceSize": 25
			},
			{
				"sentenceNo": 4,
				"sentenceContent": "이효리는 박보검의 등장 전부터 \\\"보검이의 이상형이 나라던데\\\"라며 직접 인터뷰 기사를 검색하는 등 설레는 마음을 감추지 못했다.",
				"sentenceSize": 72
			},
			{
				"sentenceNo": 5,
				"sentenceContent": "실제 박보검이 나타나자 이효리는 어쩔 줄 몰라하며 버선발로 뛰어나갔다.",
				"sentenceSize": 39
			},
			{
				"sentenceNo": 6,
				"sentenceContent": "자신이 '내추럴한 상태'라는 것을 깨닫고 부끄러워하는 소녀로 돌아갔다.",
				"sentenceSize": 39
			},
			{
				"sentenceNo": 7,
				"sentenceContent": "이효리는 \\\"보검아 너는 가만히 있어도 돼. 너는 존재 자체가 도움이야\\\"라고 말하는 등 애정을 드러냈다.",
				"sentenceSize": 59
			},
			{
				"sentenceNo": 8,
				"sentenceContent": "박보검은 '효리네민박' 명물인 고양이 미미도 변화시켰다.",
				"sentenceSize": 31
			},
			{
				"sentenceNo": 9,
				"sentenceContent": "미미는 앞서 효리네민박 시즌1에서 알바생으로 온 아이유와 '기싸움'을 하는 모습으로 시청자들을 즐겁게 했다.",
				"sentenceSize": 60
			},
			{
				"sentenceNo": 10,
				"sentenceContent": "식탁에 우두커니 앉아 혼자 밥을 먹고 있는 아이유를 '노려보듯' 심술궂은 표정으로 쳐다보던 것. 이후에도 아이유와 미미의 기싸움은 계속됐다.",
				"sentenceSize": 78
			},
			{
				"sentenceNo": 11,
				"sentenceContent": "아이유가 혼자 밥을 먹을 때마다 미미는 옆에 앉아 심술궂은 표정으로 쳐다봤고 아이유가 미미의 표정을 따라 하자 새침하게 고개를 돌리는 모습도 보였다.",
				"sentenceSize": 83
			},
			{
				"sentenceNo": 12,
				"sentenceContent": "그런 미미가 박보검 앞에서는 다른 태도를 보였다.",
				"sentenceSize": 27
			},
			{
				"sentenceNo": 13,
				"sentenceContent": "박보검이 미미의 마음을 사로잡은 방법은 뭘까?",
				"sentenceSize": 25
			},
			{
				"sentenceNo": 14,
				"sentenceContent": "박보검은 먼저 식탁 위에 앉아있는 미미에게 다가와 \\\"미미야 안녕?\\\"이라며 얼굴을 들이밀며 '초밀착 아이컨택' 인사를 건넸다.",
				"sentenceSize": 71
			},
			{
				"sentenceNo": 15,
				"sentenceContent": "이후 미미는 달라졌다.",
				"sentenceSize": 12
			},
			{
				"sentenceNo": 16,
				"sentenceContent": "박보검이 테이블에 앉아 이야기를 나누는 사이 다가와 박보검의 손을 얌전히 핥은 것. 효리네민박 제작진은 '미미가침바른 남자'라는 자막을 띄워 웃음을 줬다.",
				"sentenceSize": 86
			},
			{
				"sentenceNo": 17,
				"sentenceContent": "심술궂은 고양이도 첫눈에 반하게 하는 박보검의 매력은 어디까지일까.",
				"sentenceSize": 37
			},
			{
				"sentenceNo": 18,
				"sentenceContent": "JTBC '효리네민박2'에서 확인해보자.",
				"sentenceSize": 22
			}
		]
	},
	"labeledDataInfo": {
		"processSentenceInfo": [
			{
				"sentenceNo": 1,
				"sentenceContent": "박보검이 '효리네민박2'에 등장했다.",
				"subjectConsistencyYn": "Y"
			},
			{
				"sentenceNo": 2,
				"sentenceContent": "11일 방송된 JTBC '효리네민박2'에서는 이상순의 빈자리를 대신할 단기 알바생으로 박보검이 들어왔다.",
				"subjectConsistencyYn": "Y"
			},
			{
				"sentenceNo": 3,
				"sentenceContent": "박보검이 등장하자 가장 기뻐한 건 이효리였다.",
				"subjectConsistencyYn": "Y"
			},
			{
				"sentenceNo": 4,
				"sentenceContent": "이효리는 박보검의 등장 전부터 \\\"보검이의 이상형이 나라던데\\\"라며 직접 인터뷰 기사를 검색하는 등 설레는 마음을 감추지 못했다.",
				"subjectConsistencyYn": "Y"
			},
			{
				"sentenceNo": 5,
				"sentenceContent": "실제 박보검이 나타나자 이효리는 어쩔 줄 몰라하며 버선발로 뛰어나갔다.",
				"subjectConsistencyYn": "Y"
			},
			{
				"sentenceNo": 6,
				"sentenceContent": "자신이 '내추럴한 상태'라는 것을 깨닫고 부끄러워하는 소녀로 돌아갔다.",
				"subjectConsistencyYn": "Y"
			},
			{
				"sentenceNo": 7,
				"sentenceContent": "이효리는 \\\"보검아 너는 가만히 있어도 돼. 너는 존재 자체가 도움이야\\\"라고 말하는 등 애정을 드러냈다.",
				"subjectConsistencyYn": "Y"
			},
			{
				"sentenceNo": 8,
				"sentenceContent": "박보검은 '효리네민박' 명물인 고양이 미미도 변화시켰다.",
				"subjectConsistencyYn": "Y"
			},
			{
				"sentenceNo": 9,
				"sentenceContent": "미미는 앞서 효리네민박 시즌1에서 알바생으로 온 아이유와 '기싸움'을 하는 모습으로 시청자들을 즐겁게 했다.",
				"subjectConsistencyYn": "Y"
			},
			{
				"sentenceNo": 10,
				"sentenceContent": "식탁에 우두커니 앉아 혼자 밥을 먹고 있는 아이유를 '노려보듯' 심술궂은 표정으로 쳐다보던 것. 이후에도 아이유와 미미의 기싸움은 계속됐다.",
				"subjectConsistencyYn": "Y"
			},
			{
				"sentenceNo": 11,
				"sentenceContent": "아이유가 혼자 밥을 먹을 때마다 미미는 옆에 앉아 심술궂은 표정으로 쳐다봤고 아이유가 미미의 표정을 따라 하자 새침하게 고개를 돌리는 모습도 보였다.",
				"subjectConsistencyYn": "Y"
			},
			{
				"sentenceNo": 12,
				"sentenceContent": "그런 미미가 박보검 앞에서는 다른 태도를 보였다.",
				"subjectConsistencyYn": "Y"
			},
			{
				"sentenceNo": 13,
				"sentenceContent": "박보검이 미미의 마음을 사로잡은 방법은 뭘까?",
				"subjectConsistencyYn": "Y"
			},
			{
				"sentenceNo": 14,
				"sentenceContent": "박보검은 먼저 식탁 위에 앉아있는 미미에게 다가와 \\\"미미야 안녕?\\\"이라며 얼굴을 들이밀며 '초밀착 아이컨택' 인사를 건넸다.",
				"subjectConsistencyYn": "Y"
			},
			{
				"sentenceNo": 15,
				"sentenceContent": "이후 미미는 달라졌다.",
				"subjectConsistencyYn": "Y"
			},
			{
				"sentenceNo": 16,
				"sentenceContent": "박보검이 테이블에 앉아 이야기를 나누는 사이 다가와 박보검의 손을 얌전히 핥은 것. 효리네민박 제작진은 '미미가침바른 남자'라는 자막을 띄워 웃음을 줬다.",
				"subjectConsistencyYn": "Y"
			},
			{
				"sentenceNo": 17,
				"sentenceContent": "심술궂은 고양이도 첫눈에 반하게 하는 박보검의 매력은 어디까지일까.",
				"subjectConsistencyYn": "Y"
			},
			{
				"sentenceNo": 18,
				"sentenceContent": "온라인중앙일보 예림이네 만물트럭 유재환",
				"subjectConsistencyYn": "N"
			}
		],
		"clickbaitClass": 0
	}
}