{
	"sourceDataInfo": {
		"newsID": "ET_M03_494596",
		"newsCategory": "연예",
		"newsSubcategory": "연예가화제",
		"newsTitle": "박하선♥류수영 부부 \\\"떡두꺼비 딸램\\\" 공개",
		"newsSubTitle": "",
		"newsContent": "지난해 1월 배우 류수영과 결혼 소식을 알렸던 배우 박하선이 출산 이후 딸의 사진을 처음으로 공개했다.\n지난달 26일 박하선은 자신의 인스타그램에 \\\"메리 크리스마스였다\\\"며 딸 사진을 공개했다.\n이어 \\\"이 세상 모든 걸 준다 해도 너랑은 안 바꿀 것 같다\\\"고 썼다. '#루돌프아기이' '#떡두꺼비딸램' 등의 해시태그를 덧붙였다.\n얼굴이 직접 드러나지는 않았지만, 스타 부부의 딸을 향한 팬들의 관심은 뜨거웠다.\n네티즌들은 \\\"뒷모습만 봐도 너무 귀엽다\\\" \\\"엄마 아빠를 꼭 닮아 이쁘게 자랐으면 좋겠다\\\" 등의 반응을 보였다.\n박하선은 딸의 사진을 올린 다음날 자신의 셀카도 공개했다.\n박하선은 \\\"오랜만, 봄은 언제 오려나\\\"라며 출산 후에도 변함없는 미모로 근황을 전했다.\n박하선 류수영 부부는 지난해 8월 서울의 한 산부인과에서 첫 딸을 출산했다.\n당시 박하선은 소속사를 통해 \\\"기다리고 기다리던 예쁜 딸을 만나게 되어 벅차다. 출산 소속에 주위의 많은 분이 축복해주고 있는데, 진심으로 감사드린다\\\"고 소감을 전했다.",
		"partNum": "P2",
		"useType": 0,
		"processType": "A",
		"processPattern": "99",
		"processLevel": "하",
		"sentenceCount": 9,
		"processSentencenum": 1,
		"sentenceInfo": [
			{
				"sentenceNo": 1,
				"sentenceContent": "지난해 1월 배우 류수영과 결혼 소식을 알렸던 배우 박하선이 출산 이후 딸의 사진을 처음으로 공개했다.",
				"sentenceSize": 57
			},
			{
				"sentenceNo": 2,
				"sentenceContent": "지난달 26일 박하선은 자신의 인스타그램에 \\\"메리 크리스마스였다\\\"며 딸 사진을 공개했다.",
				"sentenceSize": 51
			},
			{
				"sentenceNo": 3,
				"sentenceContent": "이어 \\\"이 세상 모든 걸 준다 해도 너랑은 안 바꿀 것 같다\\\"고 썼다. '#루돌프아기이' '#떡두꺼비딸램' 등의 해시태그를 덧붙였다.",
				"sentenceSize": 76
			},
			{
				"sentenceNo": 4,
				"sentenceContent": "얼굴이 직접 드러나지는 않았지만, 스타 부부의 딸을 향한 팬들의 관심은 뜨거웠다.",
				"sentenceSize": 45
			},
			{
				"sentenceNo": 5,
				"sentenceContent": "네티즌들은 \\\"뒷모습만 봐도 너무 귀엽다\\\" \\\"엄마 아빠를 꼭 닮아 이쁘게 자랐으면 좋겠다\\\" 등의 반응을 보였다.",
				"sentenceSize": 65
			},
			{
				"sentenceNo": 6,
				"sentenceContent": "박하선은 딸의 사진을 올린 다음날 자신의 셀카도 공개했다.",
				"sentenceSize": 32
			},
			{
				"sentenceNo": 7,
				"sentenceContent": "박하선은 \\\"오랜만, 봄은 언제 오려나\\\"라며 출산 후에도 변함없는 미모로 근황을 전했다.",
				"sentenceSize": 50
			},
			{
				"sentenceNo": 8,
				"sentenceContent": "박하선 류수영 부부는 지난해 8월 서울의 한 산부인과에서 첫 딸을 출산했다.",
				"sentenceSize": 42
			},
			{
				"sentenceNo": 9,
				"sentenceContent": "당시 박하선은 소속사를 통해 \\\"기다리고 기다리던 예쁜 딸을 만나게 되어 벅차다. 출산 소속에 주위의 많은 분이 축복해주고 있는데, 진심으로 감사드린다\\\"고 소감을 전했다.",
				"sentenceSize": 96
			}
		]
	},
	"labeledDataInfo": {
		"processSentenceInfo": [
			{
				"sentenceNo": 1,
				"sentenceContent": "지난해 1월 배우 류수영과 결혼 소식을 알렸던 배우 박하선이 출산 이후 딸의 사진을 처음으로 공개했다.",
				"subjectConsistencyYn": "Y"
			},
			{
				"sentenceNo": 2,
				"sentenceContent": "지난달 26일 박하선은 자신의 인스타그램에 \\\"메리 크리스마스였다\\\"며 딸 사진을 공개했다.",
				"subjectConsistencyYn": "Y"
			},
			{
				"sentenceNo": 3,
				"sentenceContent": "이어 \\\"이 세상 모든 걸 준다 해도 너랑은 안 바꿀 것 같다\\\"고 썼다. '#루돌프아기이' '#떡두꺼비딸램' 등의 해시태그를 덧붙였다.",
				"subjectConsistencyYn": "Y"
			},
			{
				"sentenceNo": 4,
				"sentenceContent": "얼굴이 직접 드러나지는 않았지만, 스타 부부의 딸을 향한 팬들의 관심은 뜨거웠다.",
				"subjectConsistencyYn": "Y"
			},
			{
				"sentenceNo": 5,
				"sentenceContent": "네티즌들은 \\\"뒷모습만 봐도 너무 귀엽다\\\" \\\"엄마 아빠를 꼭 닮아 이쁘게 자랐으면 좋겠다\\\" 등의 반응을 보였다.",
				"subjectConsistencyYn": "Y"
			},
			{
				"sentenceNo": 6,
				"sentenceContent": "박하선은 딸의 사진을 올린 다음날 자신의 셀카도 공개했다.",
				"subjectConsistencyYn": "Y"
			},
			{
				"sentenceNo": 7,
				"sentenceContent": "박하선은 \\\"오랜만, 봄은 언제 오려나\\\"라며 출산 후에도 변함없는 미모로 근황을 전했다.",
				"subjectConsistencyYn": "Y"
			},
			{
				"sentenceNo": 8,
				"sentenceContent": "박하선 류수영 부부는 지난해 8월 서울의 한 산부인과에서 첫 딸을 출산했다.",
				"subjectConsistencyYn": "Y"
			},
			{
				"sentenceNo": 9,
				"sentenceContent": "호주 셰프 조셉과 일일 조수 데이비드의 좌충우돌 양봉체험은 11월 11일 목요일 저녁 8시 30분 MBC에브리원 ‘어서와 한국은 처음이지’에서 방송된다.",
				"subjectConsistencyYn": "N"
			}
		],
		"clickbaitClass": 0
	}
}