{
	"sourceDataInfo": {
		"newsID": "ET_M03_494707",
		"newsCategory": "연예",
		"newsSubcategory": "영화",
		"newsTitle": "서툰 사회초년생 커플의 낯설고 험난한 결혼기 '초행'",
		"newsSubTitle": "[매거진M] '초행' 영화 리뷰",
		"newsContent": "감독·각본·편집 김대환 | 출연 김새벽, 조현철, 기주봉, 조경숙, 정도원, 문창길, 길해연 | 프로듀서·각색 장우진 | 촬영 손진용 | 미술 정보람 | 장르 드라마 | 상영 시간 100분 | 등급 12세 관람가 ★★★☆ [매거진M] 방송국 계약직으로 일하고 있는 지영(김새벽)과 미술강사 수현(조현철)은 동거 중인 7년 차 커플이다.\n지영은 어느 날 생리가 끊긴 것을 느끼고 임신 테스트기를 산다.\n진지하게 결혼 생각을 하기 시작한 두 사람. 영화는 이 커플이 3일 동안 양가 부모님을 만나러 송도와 삼척을 오가며 겪은 이야기를 담담하게 풀어낸다.\n굳이 ‘삼포세대’(연애, 결혼, 출산을 포기한 세대)를 거론하지 않더라도, 지금 젊은 세대에게 결혼은 쉽게 선택하기 어려운 답안이다.\n천정부지로 치솟은 집값, 불안정한 일자리, 내 한 몸 간수하기도 어려운 세상에 결혼하고 아이를 낳아 가정을 꾸린다는 것은 큰 위험부담을 감수하는 일이다.\n지금 한국 사회의 평균적인 커플처럼 보이는 지영과 수현은 결혼이라는, 험난한 미래 앞에서 주저하고 망설인다.\n김대환 감독은 두 사람이 함께 걸어가거나, 차를 타고 앞으로 향하는 모습을 뒤에서 자주 비춘다.\n한 편의 로드무비 같은 여정은 대체로 불안하고 막막하다.\n송도로, 삼척으로 가는 길은 낯설기 그지없고, 지금 가는 길의 의미가 무엇인지도 잘 모르겠다.\n심지어 양가 부모는 두 사람을 축복하기보다, 반항심과 회의감이 들게 한다.\n지영의 엄마(조경숙)는 지영이 남들처럼 좋은 직장을 갖고 번듯한 남자와 빨리 결혼하지 않는 것을 나무라고, 별거 중인 수현의 부모는 처음 만나는 지영 앞에서 독한 말을 주고받으며 싸운다.\n결혼의 미래는 이토록 초라하다.\n양가를 다녀와 서로의 민낯을 보게 된 두 사람. 이들은 어디로 향하게 될까.\n영화는 그 지리멸렬했던 3일을 함께 보낸 두 사람이 비로소 다시 시작할 수 있게 되었다고 말한다.\n서툴지만 함께 했던 초행은 두 사람에게 용기와 희망을 줬다.\n비록 앞으로 펼쳐질 길이 녹록지 않겠지만, 내 옆에 같이 걸어갈 사람이 있다는 것의 소중함을 깨달았다고 할까.\n김 감독의 자전적인 이야기가 투영된 만큼 영화를 보고 나면 지영과 수현이 서울 어딘가에 살고 있을 것 같은 기분이 든다.\n그리고 그들의 미래를 응원하고 싶어진다. ‘철원기행’(2016)을 통해 가족이란 징글징글한 애증 관계를 사실적으로 풀어낸 김 감독은 ‘초행’을 통해서 또 한 번 가족의 맨얼굴을 들여다보는 데 성공했다. ‘철원기행’이 가족의 해체였고, ‘초행’이 가족의 탄생이었다면 그다음은 어디로 향하게 될까.\n가족 3부작의 세 번째 작품이 벌써 궁금해진다.\nTIP ‘철원기행’에서 인상적인 연기를 보여준 문창길 배우가 이번엔 수현의 아버지로 깜짝 출연한다.",
		"partNum": "P2",
		"useType": 0,
		"processType": "A",
		"processPattern": "99",
		"processLevel": "하",
		"sentenceCount": 20,
		"processSentencenum": 4,
		"sentenceInfo": [
			{
				"sentenceNo": 1,
				"sentenceContent": "감독·각본·편집 김대환 | 출연 김새벽, 조현철, 기주봉, 조경숙, 정도원, 문창길, 길해연 | 프로듀서·각색 장우진 | 촬영 손진용 | 미술 정보람 | 장르 드라마 | 상영 시간 100분 | 등급 12세 관람가 ★★★☆ [매거진M] 방송국 계약직으로 일하고 있는 지영(김새벽)과 미술강사 수현(조현철)은 동거 중인 7년 차 커플이다.",
				"sentenceSize": 187
			},
			{
				"sentenceNo": 2,
				"sentenceContent": "지영은 어느 날 생리가 끊긴 것을 느끼고 임신 테스트기를 산다.",
				"sentenceSize": 35
			},
			{
				"sentenceNo": 3,
				"sentenceContent": "진지하게 결혼 생각을 하기 시작한 두 사람. 영화는 이 커플이 3일 동안 양가 부모님을 만나러 송도와 삼척을 오가며 겪은 이야기를 담담하게 풀어낸다.",
				"sentenceSize": 83
			},
			{
				"sentenceNo": 4,
				"sentenceContent": "굳이 ‘삼포세대’(연애, 결혼, 출산을 포기한 세대)를 거론하지 않더라도, 지금 젊은 세대에게 결혼은 쉽게 선택하기 어려운 답안이다.",
				"sentenceSize": 74
			},
			{
				"sentenceNo": 5,
				"sentenceContent": "천정부지로 치솟은 집값, 불안정한 일자리, 내 한 몸 간수하기도 어려운 세상에 결혼하고 아이를 낳아 가정을 꾸린다는 것은 큰 위험부담을 감수하는 일이다.",
				"sentenceSize": 85
			},
			{
				"sentenceNo": 6,
				"sentenceContent": "지금 한국 사회의 평균적인 커플처럼 보이는 지영과 수현은 결혼이라는, 험난한 미래 앞에서 주저하고 망설인다.",
				"sentenceSize": 60
			},
			{
				"sentenceNo": 7,
				"sentenceContent": "김대환 감독은 두 사람이 함께 걸어가거나, 차를 타고 앞으로 향하는 모습을 뒤에서 자주 비춘다.",
				"sentenceSize": 53
			},
			{
				"sentenceNo": 8,
				"sentenceContent": "한 편의 로드무비 같은 여정은 대체로 불안하고 막막하다.",
				"sentenceSize": 31
			},
			{
				"sentenceNo": 9,
				"sentenceContent": "송도로, 삼척으로 가는 길은 낯설기 그지없고, 지금 가는 길의 의미가 무엇인지도 잘 모르겠다.",
				"sentenceSize": 52
			},
			{
				"sentenceNo": 10,
				"sentenceContent": "심지어 양가 부모는 두 사람을 축복하기보다, 반항심과 회의감이 들게 한다.",
				"sentenceSize": 41
			},
			{
				"sentenceNo": 11,
				"sentenceContent": "지영의 엄마(조경숙)는 지영이 남들처럼 좋은 직장을 갖고 번듯한 남자와 빨리 결혼하지 않는 것을 나무라고, 별거 중인 수현의 부모는 처음 만나는 지영 앞에서 독한 말을 주고받으며 싸운다.",
				"sentenceSize": 104
			},
			{
				"sentenceNo": 12,
				"sentenceContent": "결혼의 미래는 이토록 초라하다.",
				"sentenceSize": 17
			},
			{
				"sentenceNo": 13,
				"sentenceContent": "양가를 다녀와 서로의 민낯을 보게 된 두 사람. 이들은 어디로 향하게 될까.",
				"sentenceSize": 42
			},
			{
				"sentenceNo": 14,
				"sentenceContent": "영화는 그 지리멸렬했던 3일을 함께 보낸 두 사람이 비로소 다시 시작할 수 있게 되었다고 말한다.",
				"sentenceSize": 54
			},
			{
				"sentenceNo": 15,
				"sentenceContent": "서툴지만 함께 했던 초행은 두 사람에게 용기와 희망을 줬다.",
				"sentenceSize": 33
			},
			{
				"sentenceNo": 16,
				"sentenceContent": "비록 앞으로 펼쳐질 길이 녹록지 않겠지만, 내 옆에 같이 걸어갈 사람이 있다는 것의 소중함을 깨달았다고 할까.",
				"sentenceSize": 61
			},
			{
				"sentenceNo": 17,
				"sentenceContent": "김 감독의 자전적인 이야기가 투영된 만큼 영화를 보고 나면 지영과 수현이 서울 어딘가에 살고 있을 것 같은 기분이 든다.",
				"sentenceSize": 67
			},
			{
				"sentenceNo": 18,
				"sentenceContent": "그리고 그들의 미래를 응원하고 싶어진다. ‘철원기행’(2016)을 통해 가족이란 징글징글한 애증 관계를 사실적으로 풀어낸 김 감독은 ‘초행’을 통해서 또 한 번 가족의 맨얼굴을 들여다보는 데 성공했다. ‘철원기행’이 가족의 해체였고, ‘초행’이 가족의 탄생이었다면 그다음은 어디로 향하게 될까.",
				"sentenceSize": 164
			},
			{
				"sentenceNo": 19,
				"sentenceContent": "가족 3부작의 세 번째 작품이 벌써 궁금해진다.",
				"sentenceSize": 26
			},
			{
				"sentenceNo": 20,
				"sentenceContent": "TIP ‘철원기행’에서 인상적인 연기를 보여준 문창길 배우가 이번엔 수현의 아버지로 깜짝 출연한다.",
				"sentenceSize": 55
			}
		]
	},
	"labeledDataInfo": {
		"processSentenceInfo": [
			{
				"sentenceNo": 1,
				"sentenceContent": "감독·각본·편집 김대환 | 출연 김새벽, 조현철, 기주봉, 조경숙, 정도원, 문창길, 길해연 | 프로듀서·각색 장우진 | 촬영 손진용 | 미술 정보람 | 장르 드라마 | 상영 시간 100분 | 등급 12세 관람가 ★★★☆ [매거진M] 방송국 계약직으로 일하고 있는 지영(김새벽)과 미술강사 수현(조현철)은 동거 중인 7년 차 커플이다.",
				"subjectConsistencyYn": "Y"
			},
			{
				"sentenceNo": 2,
				"sentenceContent": "지영은 어느 날 생리가 끊긴 것을 느끼고 임신 테스트기를 산다.",
				"subjectConsistencyYn": "Y"
			},
			{
				"sentenceNo": 3,
				"sentenceContent": "진지하게 결혼 생각을 하기 시작한 두 사람. 영화는 이 커플이 3일 동안 양가 부모님을 만나러 송도와 삼척을 오가며 겪은 이야기를 담담하게 풀어낸다.",
				"subjectConsistencyYn": "Y"
			},
			{
				"sentenceNo": 4,
				"sentenceContent": "굳이 ‘삼포세대’(연애, 결혼, 출산을 포기한 세대)를 거론하지 않더라도, 지금 젊은 세대에게 결혼은 쉽게 선택하기 어려운 답안이다.",
				"subjectConsistencyYn": "Y"
			},
			{
				"sentenceNo": 5,
				"sentenceContent": "천정부지로 치솟은 집값, 불안정한 일자리, 내 한 몸 간수하기도 어려운 세상에 결혼하고 아이를 낳아 가정을 꾸린다는 것은 큰 위험부담을 감수하는 일이다.",
				"subjectConsistencyYn": "Y"
			},
			{
				"sentenceNo": 6,
				"sentenceContent": "지금 한국 사회의 평균적인 커플처럼 보이는 지영과 수현은 결혼이라는, 험난한 미래 앞에서 주저하고 망설인다.",
				"subjectConsistencyYn": "Y"
			},
			{
				"sentenceNo": 7,
				"sentenceContent": "김대환 감독은 두 사람이 함께 걸어가거나, 차를 타고 앞으로 향하는 모습을 뒤에서 자주 비춘다.",
				"subjectConsistencyYn": "Y"
			},
			{
				"sentenceNo": 8,
				"sentenceContent": "한 편의 로드무비 같은 여정은 대체로 불안하고 막막하다.",
				"subjectConsistencyYn": "Y"
			},
			{
				"sentenceNo": 9,
				"sentenceContent": "송도로, 삼척으로 가는 길은 낯설기 그지없고, 지금 가는 길의 의미가 무엇인지도 잘 모르겠다.",
				"subjectConsistencyYn": "Y"
			},
			{
				"sentenceNo": 10,
				"sentenceContent": "심지어 양가 부모는 두 사람을 축복하기보다, 반항심과 회의감이 들게 한다.",
				"subjectConsistencyYn": "Y"
			},
			{
				"sentenceNo": 11,
				"sentenceContent": "지영의 엄마(조경숙)는 지영이 남들처럼 좋은 직장을 갖고 번듯한 남자와 빨리 결혼하지 않는 것을 나무라고, 별거 중인 수현의 부모는 처음 만나는 지영 앞에서 독한 말을 주고받으며 싸운다.",
				"subjectConsistencyYn": "Y"
			},
			{
				"sentenceNo": 12,
				"sentenceContent": "결혼의 미래는 이토록 초라하다.",
				"subjectConsistencyYn": "Y"
			},
			{
				"sentenceNo": 13,
				"sentenceContent": "양가를 다녀와 서로의 민낯을 보게 된 두 사람. 이들은 어디로 향하게 될까.",
				"subjectConsistencyYn": "Y"
			},
			{
				"sentenceNo": 14,
				"sentenceContent": "영화는 그 지리멸렬했던 3일을 함께 보낸 두 사람이 비로소 다시 시작할 수 있게 되었다고 말한다.",
				"subjectConsistencyYn": "Y"
			},
			{
				"sentenceNo": 15,
				"sentenceContent": "서툴지만 함께 했던 초행은 두 사람에게 용기와 희망을 줬다.",
				"subjectConsistencyYn": "Y"
			},
			{
				"sentenceNo": 16,
				"sentenceContent": "비록 앞으로 펼쳐질 길이 녹록지 않겠지만, 내 옆에 같이 걸어갈 사람이 있다는 것의 소중함을 깨달았다고 할까.",
				"subjectConsistencyYn": "Y"
			},
			{
				"sentenceNo": 17,
				"sentenceContent": "또한, 이날 이아현은 재혼 의향이 없다고 밝혀 화제를 모으기도 했다.",
				"subjectConsistencyYn": "N"
			},
			{
				"sentenceNo": 18,
				"sentenceContent": "2006년 연예기획사 대표와 재혼했던 탤런트 이아현은 2011년에 이혼해 두 딸을 키웠다.",
				"subjectConsistencyYn": "N"
			},
			{
				"sentenceNo": 19,
				"sentenceContent": "MC 유재석은 이아현에게 \\\"아이들을 키우고 계시지만 결혼을 생각해본 적이 있냐\\\"고 물었다.",
				"subjectConsistencyYn": "N"
			},
			{
				"sentenceNo": 20,
				"sentenceContent": "이에 이아현은 \\\"결혼 안하고 싶다\\\"고 답해 시선을 집중시켰다.",
				"subjectConsistencyYn": "N"
			},
			{
				"sentenceNo": 21,
				"sentenceContent": "이아현은 \\\"주변에서도 다 하지 말라고 한다. 박준금 언니가 '여자 나이 50이면 여자로 취급 안해준다'고 하더라. 저도 좀 있으면 50살이 되니까 애들이랑 (시간을) 같이, 아이들 시집도 보내고 싶다\\\"고 말했다. '해투 이아현' 온라인 중앙일보 [사진 KBS2 '해피투게더3' 캡처, 중앙DB]",
				"subjectConsistencyYn": "N"
			}
		],
		"clickbaitClass": 0
	}
}