{
	"sourceDataInfo": {
		"newsID": "ET_M03_494460",
		"newsCategory": "연예",
		"newsSubcategory": "연예가화제",
		"newsTitle": "김성태 원내대표가 박원순 시장에 직접 만든 ‘도시락’ 선물한 이유",
		"newsSubTitle": "",
		"newsContent": "김성태 자유한국당 원내대표가 박원순 서울시장에게 직접 만든 도시락을 선물했다.\n김 원내대표는 26일 방송된 tvN ‘우리가 남이가’에 출연해 박원순 시장에게 전달할 잡채와 주먹밥 등이 담긴 도시락을 정성스레 만들었다.\n김 원내대표는 박 시장과의 인연에 대해 “시장이 되기 전 사회 운동할 때부터 알았다”며 “저는 노동 운동을 하고, 그분은 사회 운동을 했기 때문에 오랜 세월 친분이 있었다. 하지만 서로 다른 정치 길을 걷기 되면서 경쟁적인 관계로 바뀌었다”고 했다.\n도시락을 선물하는 이유에 대해선 “같은 정치인으로서 잘 이겨내 가길 바라고, (박 시장이) 서울 시민이 하나가 되고 차별과 불평등이 해소되는 그런 시정을 펼쳐나가길 바라는 마음에서 준비했다”고 설명했다.\n이어 박 시장을 향해 “지난 시절에 힘들고 어려웠던 시간도 많이 있었다. 싸울 때는 정말 어떻게 보내버릴까 격한 감정이 있을 때도 있었지만 저는 뒤끝이 없는 사람”이라고 농을 던지며 “요새 마음고생 많이 할텐데 준비한 음식 드시고 앞으로 시정 더욱 잘해서 칭송받는 시장으로 길이 남길 바란다”고 했다.\n박 시장은 이에 대해 “사실 김 원내대표가 해주는 말씀은 지역을 위해서 하신 것이 많다. 옆에서 쓴소리해야지 뭐가 잘 된다. 당이 달라서 서로 싸울 때도 있지만 크게 보면 함께 가는 것”이라며 “너무 감사한 일이다. 잘 먹겠다”고 화답했다.",
		"partNum": "P2",
		"useType": 0,
		"processType": "A",
		"processPattern": "99",
		"processLevel": "하",
		"sentenceCount": 6,
		"processSentencenum": 1,
		"sentenceInfo": [
			{
				"sentenceNo": 1,
				"sentenceContent": "김성태 자유한국당 원내대표가 박원순 서울시장에게 직접 만든 도시락을 선물했다.",
				"sentenceSize": 43
			},
			{
				"sentenceNo": 2,
				"sentenceContent": "김 원내대표는 26일 방송된 tvN ‘우리가 남이가’에 출연해 박원순 시장에게 전달할 잡채와 주먹밥 등이 담긴 도시락을 정성스레 만들었다.",
				"sentenceSize": 77
			},
			{
				"sentenceNo": 3,
				"sentenceContent": "김 원내대표는 박 시장과의 인연에 대해 “시장이 되기 전 사회 운동할 때부터 알았다”며 “저는 노동 운동을 하고, 그분은 사회 운동을 했기 때문에 오랜 세월 친분이 있었다. 하지만 서로 다른 정치 길을 걷기 되면서 경쟁적인 관계로 바뀌었다”고 했다.",
				"sentenceSize": 139
			},
			{
				"sentenceNo": 4,
				"sentenceContent": "도시락을 선물하는 이유에 대해선 “같은 정치인으로서 잘 이겨내 가길 바라고, (박 시장이) 서울 시민이 하나가 되고 차별과 불평등이 해소되는 그런 시정을 펼쳐나가길 바라는 마음에서 준비했다”고 설명했다.",
				"sentenceSize": 113
			},
			{
				"sentenceNo": 5,
				"sentenceContent": "이어 박 시장을 향해 “지난 시절에 힘들고 어려웠던 시간도 많이 있었다. 싸울 때는 정말 어떻게 보내버릴까 격한 감정이 있을 때도 있었지만 저는 뒤끝이 없는 사람”이라고 농을 던지며 “요새 마음고생 많이 할텐데 준비한 음식 드시고 앞으로 시정 더욱 잘해서 칭송받는 시장으로 길이 남길 바란다”고 했다.",
				"sentenceSize": 168
			},
			{
				"sentenceNo": 6,
				"sentenceContent": "박 시장은 이에 대해 “사실 김 원내대표가 해주는 말씀은 지역을 위해서 하신 것이 많다. 옆에서 쓴소리해야지 뭐가 잘 된다. 당이 달라서 서로 싸울 때도 있지만 크게 보면 함께 가는 것”이라며 “너무 감사한 일이다. 잘 먹겠다”고 화답했다.",
				"sentenceSize": 134
			}
		]
	},
	"labeledDataInfo": {
		"processSentenceInfo": [
			{
				"sentenceNo": 1,
				"sentenceContent": "김성태 자유한국당 원내대표가 박원순 서울시장에게 직접 만든 도시락을 선물했다.",
				"subjectConsistencyYn": "Y"
			},
			{
				"sentenceNo": 2,
				"sentenceContent": "김 원내대표는 26일 방송된 tvN ‘우리가 남이가’에 출연해 박원순 시장에게 전달할 잡채와 주먹밥 등이 담긴 도시락을 정성스레 만들었다.",
				"subjectConsistencyYn": "Y"
			},
			{
				"sentenceNo": 3,
				"sentenceContent": "김 원내대표는 박 시장과의 인연에 대해 “시장이 되기 전 사회 운동할 때부터 알았다”며 “저는 노동 운동을 하고, 그분은 사회 운동을 했기 때문에 오랜 세월 친분이 있었다. 하지만 서로 다른 정치 길을 걷기 되면서 경쟁적인 관계로 바뀌었다”고 했다.",
				"subjectConsistencyYn": "Y"
			},
			{
				"sentenceNo": 4,
				"sentenceContent": "도시락을 선물하는 이유에 대해선 “같은 정치인으로서 잘 이겨내 가길 바라고, (박 시장이) 서울 시민이 하나가 되고 차별과 불평등이 해소되는 그런 시정을 펼쳐나가길 바라는 마음에서 준비했다”고 설명했다.",
				"subjectConsistencyYn": "Y"
			},
			{
				"sentenceNo": 5,
				"sentenceContent": "이어 박 시장을 향해 “지난 시절에 힘들고 어려웠던 시간도 많이 있었다. 싸울 때는 정말 어떻게 보내버릴까 격한 감정이 있을 때도 있었지만 저는 뒤끝이 없는 사람”이라고 농을 던지며 “요새 마음고생 많이 할텐데 준비한 음식 드시고 앞으로 시정 더욱 잘해서 칭송받는 시장으로 길이 남길 바란다”고 했다.",
				"subjectConsistencyYn": "Y"
			},
			{
				"sentenceNo": 6,
				"sentenceContent": "재개를 맞아 라이브 공간과 음향 등을 재정비한 ‘리슨 스테이지’는 지난달 정인과 윤종신에 이어 이달 손태진과 민서의 무대로 이어지며 음악 팬들에게 좋은 반응을 얻고 있다.",
				"subjectConsistencyYn": "N"
			},
			{
				"sentenceNo": 7,
				"sentenceContent": "정인, 윤종신, 손태진이 각자 자신의 색깔을 살린 멋진 공연을 선보인 만큼 민서는 어떤 무대를 꾸밀지 관심이 모아진다. ‘미스틱 커넥트’는 ‘리슨 스테이지’를 포함한 뮤지션들의 라이브 무대를 비롯해 오픈 플랫폼으로서 다양한 브랜드와의 컬레버레이션을 확대해나갈 계획이다.",
				"subjectConsistencyYn": "N"
			}
		],
		"clickbaitClass": 0
	}
}