{
	"sourceDataInfo": {
		"newsID": "ET_M03_494219",
		"newsCategory": "연예",
		"newsSubcategory": "연예가화제",
		"newsTitle": "소속사 '임영웅 홀대 논란' 사과 \\\"SNS 운영 미숙했다\\\"",
		"newsSubTitle": "",
		"newsContent": "'미스터트롯' 출신 가수 임영웅 소속사 뉴에라프로젝트(이하 뉴에라)가 '임영웅 홀대 논란'에 사과했다.\n뉴에라는 20일 공식 팬카페를 통해 \\\"인스타그램 운영에 있어서 미숙함이 있었다\\\"며 \\\"정식으로 사과의 말씀을 드린다\\\"고 밝혔다.\n뉴에라는 \\\"해시태그를 잘못 표기한 것은 업무자의 실수\\\"라고 해명했다.\n그러면서 \\\"유사 실수가 발생하지 않도록 운영 시스템을 보완했다\\\"고 전했다.\n또 \\\"교통방송 라디오 현장은 사전에 협의되지 않은 미디어 취재로 매니저들이 현장 관리에 집중하게 된 상황에서 방송사의 관리 통제를 따르다 보니 적극적인 사진 촬영이 쉽지 않았다\\\"고 당시 상황을 전했다.\n끝으로 뉴에라 측은 \\\"일련의 상황을 통해서 SNS 운영에 대한 저희의 부족함이 드러났고, 팬 여러분의 질책을 통해서 보다 정확하고 깊이 있게 저희를 되돌아볼 수 있었다\\\"며 \\\"일주일 안으로 SNS 운영 방안에 대하여 새로운 시스템을 계획하고 아티스트와 원소속사와 협의하고 확정하여 팬 여러분께 안내해 드리도록 하겠다\\\"고 밝혔다.\n앞서 뉴에라는 공식 SNS에 임영웅, 이찬원, 장민호가 출연한 방송 프로그램 사진을 게재하면서 임영웅의 사진만 누락했다.\n영탁, 이찬원, 장민호의 피자 광고 사진에 타사 모델로 활동 중인 임영웅의 해시태그를 붙여 '임영웅 홀대론'에 휩싸였다. [뉴에라프로젝트 공식입장 전문] 안녕하세요.\n뉴에라프로젝트입니다 우선 임영웅님과 임영웅님의 팬분들께 사과의 말씀을 드립니다.\n인스타그램 운영에 있어서 미숙함이 있었습니다.\n또한 실수에 대한 조치를 취함에 있어서 팬분들의 마음을 정확하게 헤아리지 못한 모습을 보였습니다.\n정식으로 사과의 말씀을 드립니다.\n1. SNS상 해시태그를 잘못 표기한 것은 저희 업무자의 실수입니다.\n해시태그를 잘못 작성한 업무자에게 비록 1분여의 잘못된 표기였지만 그 실수의 책임은 무거울 수 있음에 대해서 논의하고 교육하였으며 유사 실수가 다시 발생하지 않도록 운영 시스템을 보완하였습니다.\n2. 교통방송 라디오 현장 사진이 없었음은 죄송하다는 말씀과 함께 팬 여러분의 상황적 이해를 부탁드립니다.\n당일 현장에는 방송사 관계자분들의 많은 참여로 매우 복잡한 상황이 있었으며, 사전에 협의되지 않은 미디어 취재 등이 발생하여 매니저들은 이러한 현장 관리에 집중하게 되었습니다.\n또한 생방송 현장에서는 방송사의 관리와 통제를 따라야 해서 적극적인 사진 촬영 등이 쉽지 않은 상황이 있었습니다.\n그럼에도 불구하고 좀 더 적극적으로 사진을 확보하거나 또는 그렇지 못한 상황에서 SNS에 소식을 전함에 있어서 깊은 배려와 세심함으로 임영웅님과 팬 여러분께 부족함이 없었어야 한다고 생각합니다.\n이에 대한 보완 방안을 세웠습니다.\n3. 실수 상황에 대한 조치를 취함에 있어서 미숙함이 있었습니다.\n임영웅님의 팬에 대한 이해에 부족함이 있었고, 이로 인해 일상적인 SNS 소통 방식을 택하는 미숙함이 있었습니다.\n또한 당황한 업무자가 성급한 조치를 취함은 적절하지 못한 대처로 이어졌고 팬 분들의 상심을 확대하는 결과를 만들었습니다.\n이러한 상황에 대해서 업무자들 모두와 긴 시간의 토론을 통한 교육의 과정을 가졌으며 성찰과 개선의 기회로 삼았습니다.\n그 외에도 모두 열거하지 못한 일련의 상황을 통해서 SNS 운영에 대한 저희의 부족함이 드러났고, 팬 여러분의 질책을 통해서 보다 정확하고 깊이 있게 저희를 되돌아볼 수 있었습니다.\n이러한 모든 실수와, 미흡함으로 인한 아티스트와 팬분들의 속상함은 모두 관리자인 저의 부족함 때문입니다.\n더 깊이 돌아보고 보다 좋은 방향과 시스템으로 임영웅, 영탁, 이찬원, 정동원, 장민호, 김희재 님의 매니지먼트 업무를 실행할 수 있도록 노력하겠습니다.\n관리자의 부족함에 사과의 말씀을 드립니다.\n저희는 지난 주말부터 오늘까지 팬 여러분의 많은 의견을 바탕으로 SNS 운영에 대한 개선 방안에 대해서 논의했습니다.\n일주일 안으로 SNS 운영 방안에 대하여 새로운 시스템을 계획하고 아티스트와 원소속사와 협의하고 확정하여 팬 여러분께 안내 드리도록 하겠습니다.\n저희는 임영웅님의 팬을 비롯하여 영탁, 이찬원, 정동원, 장민호, 김희재 님의 모든 팬 분들의 목소리를 겸허히 그리고 감사한 마음으로 받고 있습니다.\n앞으로 뉴에라프로젝트는 미스터트롯 아티스트 분들에게 최상의 서비스를 제공할 수 있도록 노력하고 발전하겠습니다.\n그 과정에서 팬 여러분께서 지켜 봐주시고 좋은 지혜 많이 나누어 주십시오.\n항상 깊이 감사드립니다.",
		"partNum": "P2",
		"useType": 0,
		"processType": "A",
		"processPattern": "99",
		"processLevel": "하",
		"sentenceCount": 33,
		"processSentencenum": 1,
		"sentenceInfo": [
			{
				"sentenceNo": 1,
				"sentenceContent": "'미스터트롯' 출신 가수 임영웅 소속사 뉴에라프로젝트(이하 뉴에라)가 '임영웅 홀대 논란'에 사과했다.",
				"sentenceSize": 57
			},
			{
				"sentenceNo": 2,
				"sentenceContent": "뉴에라는 20일 공식 팬카페를 통해 \\\"인스타그램 운영에 있어서 미숙함이 있었다\\\"며 \\\"정식으로 사과의 말씀을 드린다\\\"고 밝혔다.",
				"sentenceSize": 74
			},
			{
				"sentenceNo": 3,
				"sentenceContent": "뉴에라는 \\\"해시태그를 잘못 표기한 것은 업무자의 실수\\\"라고 해명했다.",
				"sentenceSize": 40
			},
			{
				"sentenceNo": 4,
				"sentenceContent": "그러면서 \\\"유사 실수가 발생하지 않도록 운영 시스템을 보완했다\\\"고 전했다.",
				"sentenceSize": 43
			},
			{
				"sentenceNo": 5,
				"sentenceContent": "또 \\\"교통방송 라디오 현장은 사전에 협의되지 않은 미디어 취재로 매니저들이 현장 관리에 집중하게 된 상황에서 방송사의 관리 통제를 따르다 보니 적극적인 사진 촬영이 쉽지 않았다\\\"고 당시 상황을 전했다.",
				"sentenceSize": 114
			},
			{
				"sentenceNo": 6,
				"sentenceContent": "끝으로 뉴에라 측은 \\\"일련의 상황을 통해서 SNS 운영에 대한 저희의 부족함이 드러났고, 팬 여러분의 질책을 통해서 보다 정확하고 깊이 있게 저희를 되돌아볼 수 있었다\\\"며 \\\"일주일 안으로 SNS 운영 방안에 대하여 새로운 시스템을 계획하고 아티스트와 원소속사와 협의하고 확정하여 팬 여러분께 안내해 드리도록 하겠다\\\"고 밝혔다.",
				"sentenceSize": 186
			},
			{
				"sentenceNo": 7,
				"sentenceContent": "앞서 뉴에라는 공식 SNS에 임영웅, 이찬원, 장민호가 출연한 방송 프로그램 사진을 게재하면서 임영웅의 사진만 누락했다.",
				"sentenceSize": 67
			},
			{
				"sentenceNo": 8,
				"sentenceContent": "영탁, 이찬원, 장민호의 피자 광고 사진에 타사 모델로 활동 중인 임영웅의 해시태그를 붙여 '임영웅 홀대론'에 휩싸였다. [뉴에라프로젝트 공식입장 전문] 안녕하세요.",
				"sentenceSize": 92
			},
			{
				"sentenceNo": 9,
				"sentenceContent": "뉴에라프로젝트입니다 우선 임영웅님과 임영웅님의 팬분들께 사과의 말씀을 드립니다.",
				"sentenceSize": 44
			},
			{
				"sentenceNo": 10,
				"sentenceContent": "인스타그램 운영에 있어서 미숙함이 있었습니다.",
				"sentenceSize": 25
			},
			{
				"sentenceNo": 11,
				"sentenceContent": "또한 실수에 대한 조치를 취함에 있어서 팬분들의 마음을 정확하게 헤아리지 못한 모습을 보였습니다.",
				"sentenceSize": 54
			},
			{
				"sentenceNo": 12,
				"sentenceContent": "정식으로 사과의 말씀을 드립니다.",
				"sentenceSize": 18
			},
			{
				"sentenceNo": 13,
				"sentenceContent": "1. SNS상 해시태그를 잘못 표기한 것은 저희 업무자의 실수입니다.",
				"sentenceSize": 38
			},
			{
				"sentenceNo": 14,
				"sentenceContent": "해시태그를 잘못 작성한 업무자에게 비록 1분여의 잘못된 표기였지만 그 실수의 책임은 무거울 수 있음에 대해서 논의하고 교육하였으며 유사 실수가 다시 발생하지 않도록 운영 시스템을 보완하였습니다.",
				"sentenceSize": 108
			},
			{
				"sentenceNo": 15,
				"sentenceContent": "2. 교통방송 라디오 현장 사진이 없었음은 죄송하다는 말씀과 함께 팬 여러분의 상황적 이해를 부탁드립니다.",
				"sentenceSize": 59
			},
			{
				"sentenceNo": 16,
				"sentenceContent": "당일 현장에는 방송사 관계자분들의 많은 참여로 매우 복잡한 상황이 있었으며, 사전에 협의되지 않은 미디어 취재 등이 발생하여 매니저들은 이러한 현장 관리에 집중하게 되었습니다.",
				"sentenceSize": 98
			},
			{
				"sentenceNo": 17,
				"sentenceContent": "또한 생방송 현장에서는 방송사의 관리와 통제를 따라야 해서 적극적인 사진 촬영 등이 쉽지 않은 상황이 있었습니다.",
				"sentenceSize": 63
			},
			{
				"sentenceNo": 18,
				"sentenceContent": "그럼에도 불구하고 좀 더 적극적으로 사진을 확보하거나 또는 그렇지 못한 상황에서 SNS에 소식을 전함에 있어서 깊은 배려와 세심함으로 임영웅님과 팬 여러분께 부족함이 없었어야 한다고 생각합니다.",
				"sentenceSize": 108
			},
			{
				"sentenceNo": 19,
				"sentenceContent": "이에 대한 보완 방안을 세웠습니다.",
				"sentenceSize": 19
			},
			{
				"sentenceNo": 20,
				"sentenceContent": "3. 실수 상황에 대한 조치를 취함에 있어서 미숙함이 있었습니다.",
				"sentenceSize": 36
			},
			{
				"sentenceNo": 21,
				"sentenceContent": "임영웅님의 팬에 대한 이해에 부족함이 있었고, 이로 인해 일상적인 SNS 소통 방식을 택하는 미숙함이 있었습니다.",
				"sentenceSize": 63
			},
			{
				"sentenceNo": 22,
				"sentenceContent": "또한 당황한 업무자가 성급한 조치를 취함은 적절하지 못한 대처로 이어졌고 팬 분들의 상심을 확대하는 결과를 만들었습니다.",
				"sentenceSize": 67
			},
			{
				"sentenceNo": 23,
				"sentenceContent": "이러한 상황에 대해서 업무자들 모두와 긴 시간의 토론을 통한 교육의 과정을 가졌으며 성찰과 개선의 기회로 삼았습니다.",
				"sentenceSize": 65
			},
			{
				"sentenceNo": 24,
				"sentenceContent": "그 외에도 모두 열거하지 못한 일련의 상황을 통해서 SNS 운영에 대한 저희의 부족함이 드러났고, 팬 여러분의 질책을 통해서 보다 정확하고 깊이 있게 저희를 되돌아볼 수 있었습니다.",
				"sentenceSize": 101
			},
			{
				"sentenceNo": 25,
				"sentenceContent": "이러한 모든 실수와, 미흡함으로 인한 아티스트와 팬분들의 속상함은 모두 관리자인 저의 부족함 때문입니다.",
				"sentenceSize": 58
			},
			{
				"sentenceNo": 26,
				"sentenceContent": "더 깊이 돌아보고 보다 좋은 방향과 시스템으로 임영웅, 영탁, 이찬원, 정동원, 장민호, 김희재 님의 매니지먼트 업무를 실행할 수 있도록 노력하겠습니다.",
				"sentenceSize": 85
			},
			{
				"sentenceNo": 27,
				"sentenceContent": "관리자의 부족함에 사과의 말씀을 드립니다.",
				"sentenceSize": 23
			},
			{
				"sentenceNo": 28,
				"sentenceContent": "저희는 지난 주말부터 오늘까지 팬 여러분의 많은 의견을 바탕으로 SNS 운영에 대한 개선 방안에 대해서 논의했습니다.",
				"sentenceSize": 65
			},
			{
				"sentenceNo": 29,
				"sentenceContent": "일주일 안으로 SNS 운영 방안에 대하여 새로운 시스템을 계획하고 아티스트와 원소속사와 협의하고 확정하여 팬 여러분께 안내 드리도록 하겠습니다.",
				"sentenceSize": 80
			},
			{
				"sentenceNo": 30,
				"sentenceContent": "저희는 임영웅님의 팬을 비롯하여 영탁, 이찬원, 정동원, 장민호, 김희재 님의 모든 팬 분들의 목소리를 겸허히 그리고 감사한 마음으로 받고 있습니다.",
				"sentenceSize": 83
			},
			{
				"sentenceNo": 31,
				"sentenceContent": "앞으로 뉴에라프로젝트는 미스터트롯 아티스트 분들에게 최상의 서비스를 제공할 수 있도록 노력하고 발전하겠습니다.",
				"sentenceSize": 61
			},
			{
				"sentenceNo": 32,
				"sentenceContent": "그 과정에서 팬 여러분께서 지켜 봐주시고 좋은 지혜 많이 나누어 주십시오.",
				"sentenceSize": 41
			},
			{
				"sentenceNo": 33,
				"sentenceContent": "항상 깊이 감사드립니다.",
				"sentenceSize": 13
			}
		]
	},
	"labeledDataInfo": {
		"processSentenceInfo": [
			{
				"sentenceNo": 1,
				"sentenceContent": "'미스터트롯' 출신 가수 임영웅 소속사 뉴에라프로젝트(이하 뉴에라)가 '임영웅 홀대 논란'에 사과했다.",
				"subjectConsistencyYn": "Y"
			},
			{
				"sentenceNo": 2,
				"sentenceContent": "뉴에라는 20일 공식 팬카페를 통해 \\\"인스타그램 운영에 있어서 미숙함이 있었다\\\"며 \\\"정식으로 사과의 말씀을 드린다\\\"고 밝혔다.",
				"subjectConsistencyYn": "Y"
			},
			{
				"sentenceNo": 3,
				"sentenceContent": "뉴에라는 \\\"해시태그를 잘못 표기한 것은 업무자의 실수\\\"라고 해명했다.",
				"subjectConsistencyYn": "Y"
			},
			{
				"sentenceNo": 4,
				"sentenceContent": "그러면서 \\\"유사 실수가 발생하지 않도록 운영 시스템을 보완했다\\\"고 전했다.",
				"subjectConsistencyYn": "Y"
			},
			{
				"sentenceNo": 5,
				"sentenceContent": "또 \\\"교통방송 라디오 현장은 사전에 협의되지 않은 미디어 취재로 매니저들이 현장 관리에 집중하게 된 상황에서 방송사의 관리 통제를 따르다 보니 적극적인 사진 촬영이 쉽지 않았다\\\"고 당시 상황을 전했다.",
				"subjectConsistencyYn": "Y"
			},
			{
				"sentenceNo": 6,
				"sentenceContent": "끝으로 뉴에라 측은 \\\"일련의 상황을 통해서 SNS 운영에 대한 저희의 부족함이 드러났고, 팬 여러분의 질책을 통해서 보다 정확하고 깊이 있게 저희를 되돌아볼 수 있었다\\\"며 \\\"일주일 안으로 SNS 운영 방안에 대하여 새로운 시스템을 계획하고 아티스트와 원소속사와 협의하고 확정하여 팬 여러분께 안내해 드리도록 하겠다\\\"고 밝혔다.",
				"subjectConsistencyYn": "Y"
			},
			{
				"sentenceNo": 7,
				"sentenceContent": "앞서 뉴에라는 공식 SNS에 임영웅, 이찬원, 장민호가 출연한 방송 프로그램 사진을 게재하면서 임영웅의 사진만 누락했다.",
				"subjectConsistencyYn": "Y"
			},
			{
				"sentenceNo": 8,
				"sentenceContent": "영탁, 이찬원, 장민호의 피자 광고 사진에 타사 모델로 활동 중인 임영웅의 해시태그를 붙여 '임영웅 홀대론'에 휩싸였다. [뉴에라프로젝트 공식입장 전문] 안녕하세요.",
				"subjectConsistencyYn": "Y"
			},
			{
				"sentenceNo": 9,
				"sentenceContent": "뉴에라프로젝트입니다 우선 임영웅님과 임영웅님의 팬분들께 사과의 말씀을 드립니다.",
				"subjectConsistencyYn": "Y"
			},
			{
				"sentenceNo": 10,
				"sentenceContent": "인스타그램 운영에 있어서 미숙함이 있었습니다.",
				"subjectConsistencyYn": "Y"
			},
			{
				"sentenceNo": 11,
				"sentenceContent": "또한 실수에 대한 조치를 취함에 있어서 팬분들의 마음을 정확하게 헤아리지 못한 모습을 보였습니다.",
				"subjectConsistencyYn": "Y"
			},
			{
				"sentenceNo": 12,
				"sentenceContent": "정식으로 사과의 말씀을 드립니다.",
				"subjectConsistencyYn": "Y"
			},
			{
				"sentenceNo": 13,
				"sentenceContent": "1. SNS상 해시태그를 잘못 표기한 것은 저희 업무자의 실수입니다.",
				"subjectConsistencyYn": "Y"
			},
			{
				"sentenceNo": 14,
				"sentenceContent": "해시태그를 잘못 작성한 업무자에게 비록 1분여의 잘못된 표기였지만 그 실수의 책임은 무거울 수 있음에 대해서 논의하고 교육하였으며 유사 실수가 다시 발생하지 않도록 운영 시스템을 보완하였습니다.",
				"subjectConsistencyYn": "Y"
			},
			{
				"sentenceNo": 15,
				"sentenceContent": "2. 교통방송 라디오 현장 사진이 없었음은 죄송하다는 말씀과 함께 팬 여러분의 상황적 이해를 부탁드립니다.",
				"subjectConsistencyYn": "Y"
			},
			{
				"sentenceNo": 16,
				"sentenceContent": "당일 현장에는 방송사 관계자분들의 많은 참여로 매우 복잡한 상황이 있었으며, 사전에 협의되지 않은 미디어 취재 등이 발생하여 매니저들은 이러한 현장 관리에 집중하게 되었습니다.",
				"subjectConsistencyYn": "Y"
			},
			{
				"sentenceNo": 17,
				"sentenceContent": "또한 생방송 현장에서는 방송사의 관리와 통제를 따라야 해서 적극적인 사진 촬영 등이 쉽지 않은 상황이 있었습니다.",
				"subjectConsistencyYn": "Y"
			},
			{
				"sentenceNo": 18,
				"sentenceContent": "그럼에도 불구하고 좀 더 적극적으로 사진을 확보하거나 또는 그렇지 못한 상황에서 SNS에 소식을 전함에 있어서 깊은 배려와 세심함으로 임영웅님과 팬 여러분께 부족함이 없었어야 한다고 생각합니다.",
				"subjectConsistencyYn": "Y"
			},
			{
				"sentenceNo": 19,
				"sentenceContent": "이에 대한 보완 방안을 세웠습니다.",
				"subjectConsistencyYn": "Y"
			},
			{
				"sentenceNo": 20,
				"sentenceContent": "3. 실수 상황에 대한 조치를 취함에 있어서 미숙함이 있었습니다.",
				"subjectConsistencyYn": "Y"
			},
			{
				"sentenceNo": 21,
				"sentenceContent": "임영웅님의 팬에 대한 이해에 부족함이 있었고, 이로 인해 일상적인 SNS 소통 방식을 택하는 미숙함이 있었습니다.",
				"subjectConsistencyYn": "Y"
			},
			{
				"sentenceNo": 22,
				"sentenceContent": "또한 당황한 업무자가 성급한 조치를 취함은 적절하지 못한 대처로 이어졌고 팬 분들의 상심을 확대하는 결과를 만들었습니다.",
				"subjectConsistencyYn": "Y"
			},
			{
				"sentenceNo": 23,
				"sentenceContent": "이러한 상황에 대해서 업무자들 모두와 긴 시간의 토론을 통한 교육의 과정을 가졌으며 성찰과 개선의 기회로 삼았습니다.",
				"subjectConsistencyYn": "Y"
			},
			{
				"sentenceNo": 24,
				"sentenceContent": "그 외에도 모두 열거하지 못한 일련의 상황을 통해서 SNS 운영에 대한 저희의 부족함이 드러났고, 팬 여러분의 질책을 통해서 보다 정확하고 깊이 있게 저희를 되돌아볼 수 있었습니다.",
				"subjectConsistencyYn": "Y"
			},
			{
				"sentenceNo": 25,
				"sentenceContent": "이러한 모든 실수와, 미흡함으로 인한 아티스트와 팬분들의 속상함은 모두 관리자인 저의 부족함 때문입니다.",
				"subjectConsistencyYn": "Y"
			},
			{
				"sentenceNo": 26,
				"sentenceContent": "더 깊이 돌아보고 보다 좋은 방향과 시스템으로 임영웅, 영탁, 이찬원, 정동원, 장민호, 김희재 님의 매니지먼트 업무를 실행할 수 있도록 노력하겠습니다.",
				"subjectConsistencyYn": "Y"
			},
			{
				"sentenceNo": 27,
				"sentenceContent": "관리자의 부족함에 사과의 말씀을 드립니다.",
				"subjectConsistencyYn": "Y"
			},
			{
				"sentenceNo": 28,
				"sentenceContent": "저희는 지난 주말부터 오늘까지 팬 여러분의 많은 의견을 바탕으로 SNS 운영에 대한 개선 방안에 대해서 논의했습니다.",
				"subjectConsistencyYn": "Y"
			},
			{
				"sentenceNo": 29,
				"sentenceContent": "일주일 안으로 SNS 운영 방안에 대하여 새로운 시스템을 계획하고 아티스트와 원소속사와 협의하고 확정하여 팬 여러분께 안내 드리도록 하겠습니다.",
				"subjectConsistencyYn": "Y"
			},
			{
				"sentenceNo": 30,
				"sentenceContent": "저희는 임영웅님의 팬을 비롯하여 영탁, 이찬원, 정동원, 장민호, 김희재 님의 모든 팬 분들의 목소리를 겸허히 그리고 감사한 마음으로 받고 있습니다.",
				"subjectConsistencyYn": "Y"
			},
			{
				"sentenceNo": 31,
				"sentenceContent": "앞으로 뉴에라프로젝트는 미스터트롯 아티스트 분들에게 최상의 서비스를 제공할 수 있도록 노력하고 발전하겠습니다.",
				"subjectConsistencyYn": "Y"
			},
			{
				"sentenceNo": 32,
				"sentenceContent": "그 과정에서 팬 여러분께서 지켜 봐주시고 좋은 지혜 많이 나누어 주십시오.",
				"subjectConsistencyYn": "Y"
			},
			{
				"sentenceNo": 33,
				"sentenceContent": "가세연은 전날 방송에서 “이 대표가 2013년도 아이카이스트 김성진 대표로부터 대전의 한 호텔에서 성접대를 받았다. 대전지검 수사자료를 통해 이를 확인했다”며 의혹을 제기 했었다.",
				"subjectConsistencyYn": "N"
			}
		],
		"clickbaitClass": 0
	}
}