{
	"sourceDataInfo": {
		"newsID": "ET_M03_494269",
		"newsCategory": "연예",
		"newsSubcategory": "연예가화제",
		"newsTitle": "‘승리 연예인’ 후폭풍…“SNS서 승리 흔적 지워” “알려지면 난리 나”",
		"newsSubTitle": "",
		"newsContent": "해외 투자자 성매매 알선 의혹 등이 제기된 그룹 빅뱅 멤버 승리(29·본명 이승현)가 정식 입건되면서 연예계가 후폭풍에 긴장하고 있다.\n11일 승리의 성매매 알선 의혹 등이 담긴 카카오톡 대화방에 다른 연예인들이 함께 있었고, 이들 중 일부가 참고인 신분으로 경찰 조사를 받았다는 사실이 알려지면서다.\n━ 연예계 불똥 튈까 ‘긴장’ 이날 연합뉴스에 따르면 대화방에 있는 가수 겸 방송인 A씨 소속사 관계자들은 이날 오전부터 전화를 일절 받지 않았다.\n대화 내용이 처음 보도된 당시 거론된 또 다른 가수 B씨 소속사는 “B가 아니다. 잘못 소문이 난 것”이라고 부인했다.\n연예계 관계자는 이날 뉴시스에 “승리와 한때 가깝게 지냈던 이들이 벌벌 떨고 있다는 소식이 들려온다”면서 “혹시나 소셜네트워크서비스(SNS)에 승리와 관련된 흔적이 있으면 의심을 살까 이를 몰래 지우는 이들도 있다는 이야기를 들었다”고 말했다.\n━ 연예인은 누구? 이 대화방에 다른 연예인 여러 명도 함께 있었던 것으로 확인되면서 이날 인터넷은 승리 관련 글로 점령되다시피 하고 있다. ‘승리 연예인’이라는 단어가 이날 오후 포털사이트 실시간 검색어 상위권에 등장했을 정도다.\n김복준 한국범죄학연구소 연구위원은 이날 오후 채널A ‘사건상황실’에 출연해 “(승리가 있던 카카오톡 단체방에서) 대화를 나눈 모든 사람 중 연예인이 3~4명 된다고 하는데, (이들이 누군지) 대강 아는데 꽤 유명하다”고 말했다.\n이어 “(이들이 누군지) 알려지면 난리 날 것”이라며 “그 사람들은 참고인 자격으로 불렀다. 경찰이 ‘대화 내용이 사실이냐’를 물어봤을 텐데, 어느 정도 의미 있는 대답이 있었기 때문에 승리가 피내사자 신분에서 피의자로 입건된 것”이라고 설명했다.\n김 연구위원은 “수사 과정에서 소기의 성과가 있었다는 경찰의 판단이 있었을 것”이라고 덧붙였다.\n한편 이날 경찰은 승리가 있던 카카오톡 대화방에서 불법 촬영물로 의심되는 동영상이 공유된 사실을 확인하고 이에 대한 내사에 착수했다.\n경찰 관계자는 “경찰이 확보한 대화 내용에 동영상 관련한 부분이 있어 내사에 착수했다”며 “해당 동영상이 어떻게 촬영돼 공유됐는지를 살펴볼 계획”이라고 말했다.\n이날 SBS funE는 승리가 포함된 카카오톡 대화방에서 남녀가 성관계하는 모습을 찍은 영상과 사진이 공유됐다고 보도했다.\n이 매체에 따르면 이 대화방엔 남성 가수 2명이 있었다.\n앞서 경찰은 지난 10일 승리를 성매매알선 등 행위의 처벌에 관한 법률 위반 혐의로 입건했다.\n지난달 말 공개된 카카오톡 대화 내용에 등장한 이들도 같은 혐의로 함께 입건했다.\n이 대화엔 2015년 12월 승리가 누군가에게 “C씨(외국인 투자자)가 원하는 대로 다 해주고 아레나(강남 클럽) 메인 3, 4(테이블) 잡고. 대만에서 손님이 온 모양”이라고 지시하는 내용 등이 담겼다.",
		"partNum": "P2",
		"useType": 0,
		"processType": "A",
		"processPattern": "99",
		"processLevel": "하",
		"sentenceCount": 16,
		"processSentencenum": 1,
		"sentenceInfo": [
			{
				"sentenceNo": 1,
				"sentenceContent": "해외 투자자 성매매 알선 의혹 등이 제기된 그룹 빅뱅 멤버 승리(29·본명 이승현)가 정식 입건되면서 연예계가 후폭풍에 긴장하고 있다.",
				"sentenceSize": 75
			},
			{
				"sentenceNo": 2,
				"sentenceContent": "11일 승리의 성매매 알선 의혹 등이 담긴 카카오톡 대화방에 다른 연예인들이 함께 있었고, 이들 중 일부가 참고인 신분으로 경찰 조사를 받았다는 사실이 알려지면서다.",
				"sentenceSize": 92
			},
			{
				"sentenceNo": 3,
				"sentenceContent": "━ 연예계 불똥 튈까 ‘긴장’ 이날 연합뉴스에 따르면 대화방에 있는 가수 겸 방송인 A씨 소속사 관계자들은 이날 오전부터 전화를 일절 받지 않았다.",
				"sentenceSize": 82
			},
			{
				"sentenceNo": 4,
				"sentenceContent": "대화 내용이 처음 보도된 당시 거론된 또 다른 가수 B씨 소속사는 “B가 아니다. 잘못 소문이 난 것”이라고 부인했다.",
				"sentenceSize": 66
			},
			{
				"sentenceNo": 5,
				"sentenceContent": "연예계 관계자는 이날 뉴시스에 “승리와 한때 가깝게 지냈던 이들이 벌벌 떨고 있다는 소식이 들려온다”면서 “혹시나 소셜네트워크서비스(SNS)에 승리와 관련된 흔적이 있으면 의심을 살까 이를 몰래 지우는 이들도 있다는 이야기를 들었다”고 말했다.",
				"sentenceSize": 136
			},
			{
				"sentenceNo": 6,
				"sentenceContent": "━ 연예인은 누구? 이 대화방에 다른 연예인 여러 명도 함께 있었던 것으로 확인되면서 이날 인터넷은 승리 관련 글로 점령되다시피 하고 있다. ‘승리 연예인’이라는 단어가 이날 오후 포털사이트 실시간 검색어 상위권에 등장했을 정도다.",
				"sentenceSize": 129
			},
			{
				"sentenceNo": 7,
				"sentenceContent": "김복준 한국범죄학연구소 연구위원은 이날 오후 채널A ‘사건상황실’에 출연해 “(승리가 있던 카카오톡 단체방에서) 대화를 나눈 모든 사람 중 연예인이 3~4명 된다고 하는데, (이들이 누군지) 대강 아는데 꽤 유명하다”고 말했다.",
				"sentenceSize": 127
			},
			{
				"sentenceNo": 8,
				"sentenceContent": "이어 “(이들이 누군지) 알려지면 난리 날 것”이라며 “그 사람들은 참고인 자격으로 불렀다. 경찰이 ‘대화 내용이 사실이냐’를 물어봤을 텐데, 어느 정도 의미 있는 대답이 있었기 때문에 승리가 피내사자 신분에서 피의자로 입건된 것”이라고 설명했다.",
				"sentenceSize": 138
			},
			{
				"sentenceNo": 9,
				"sentenceContent": "김 연구위원은 “수사 과정에서 소기의 성과가 있었다는 경찰의 판단이 있었을 것”이라고 덧붙였다.",
				"sentenceSize": 53
			},
			{
				"sentenceNo": 10,
				"sentenceContent": "한편 이날 경찰은 승리가 있던 카카오톡 대화방에서 불법 촬영물로 의심되는 동영상이 공유된 사실을 확인하고 이에 대한 내사에 착수했다.",
				"sentenceSize": 74
			},
			{
				"sentenceNo": 11,
				"sentenceContent": "경찰 관계자는 “경찰이 확보한 대화 내용에 동영상 관련한 부분이 있어 내사에 착수했다”며 “해당 동영상이 어떻게 촬영돼 공유됐는지를 살펴볼 계획”이라고 말했다.",
				"sentenceSize": 89
			},
			{
				"sentenceNo": 12,
				"sentenceContent": "이날 SBS funE는 승리가 포함된 카카오톡 대화방에서 남녀가 성관계하는 모습을 찍은 영상과 사진이 공유됐다고 보도했다.",
				"sentenceSize": 68
			},
			{
				"sentenceNo": 13,
				"sentenceContent": "이 매체에 따르면 이 대화방엔 남성 가수 2명이 있었다.",
				"sentenceSize": 31
			},
			{
				"sentenceNo": 14,
				"sentenceContent": "앞서 경찰은 지난 10일 승리를 성매매알선 등 행위의 처벌에 관한 법률 위반 혐의로 입건했다.",
				"sentenceSize": 52
			},
			{
				"sentenceNo": 15,
				"sentenceContent": "지난달 말 공개된 카카오톡 대화 내용에 등장한 이들도 같은 혐의로 함께 입건했다.",
				"sentenceSize": 45
			},
			{
				"sentenceNo": 16,
				"sentenceContent": "이 대화엔 2015년 12월 승리가 누군가에게 “C씨(외국인 투자자)가 원하는 대로 다 해주고 아레나(강남 클럽) 메인 3, 4(테이블) 잡고. 대만에서 손님이 온 모양”이라고 지시하는 내용 등이 담겼다.",
				"sentenceSize": 114
			}
		]
	},
	"labeledDataInfo": {
		"processSentenceInfo": [
			{
				"sentenceNo": 1,
				"sentenceContent": "해외 투자자 성매매 알선 의혹 등이 제기된 그룹 빅뱅 멤버 승리(29·본명 이승현)가 정식 입건되면서 연예계가 후폭풍에 긴장하고 있다.",
				"subjectConsistencyYn": "Y"
			},
			{
				"sentenceNo": 2,
				"sentenceContent": "11일 승리의 성매매 알선 의혹 등이 담긴 카카오톡 대화방에 다른 연예인들이 함께 있었고, 이들 중 일부가 참고인 신분으로 경찰 조사를 받았다는 사실이 알려지면서다.",
				"subjectConsistencyYn": "Y"
			},
			{
				"sentenceNo": 3,
				"sentenceContent": "━ 연예계 불똥 튈까 ‘긴장’ 이날 연합뉴스에 따르면 대화방에 있는 가수 겸 방송인 A씨 소속사 관계자들은 이날 오전부터 전화를 일절 받지 않았다.",
				"subjectConsistencyYn": "Y"
			},
			{
				"sentenceNo": 4,
				"sentenceContent": "대화 내용이 처음 보도된 당시 거론된 또 다른 가수 B씨 소속사는 “B가 아니다. 잘못 소문이 난 것”이라고 부인했다.",
				"subjectConsistencyYn": "Y"
			},
			{
				"sentenceNo": 5,
				"sentenceContent": "연예계 관계자는 이날 뉴시스에 “승리와 한때 가깝게 지냈던 이들이 벌벌 떨고 있다는 소식이 들려온다”면서 “혹시나 소셜네트워크서비스(SNS)에 승리와 관련된 흔적이 있으면 의심을 살까 이를 몰래 지우는 이들도 있다는 이야기를 들었다”고 말했다.",
				"subjectConsistencyYn": "Y"
			},
			{
				"sentenceNo": 6,
				"sentenceContent": "━ 연예인은 누구? 이 대화방에 다른 연예인 여러 명도 함께 있었던 것으로 확인되면서 이날 인터넷은 승리 관련 글로 점령되다시피 하고 있다. ‘승리 연예인’이라는 단어가 이날 오후 포털사이트 실시간 검색어 상위권에 등장했을 정도다.",
				"subjectConsistencyYn": "Y"
			},
			{
				"sentenceNo": 7,
				"sentenceContent": "김복준 한국범죄학연구소 연구위원은 이날 오후 채널A ‘사건상황실’에 출연해 “(승리가 있던 카카오톡 단체방에서) 대화를 나눈 모든 사람 중 연예인이 3~4명 된다고 하는데, (이들이 누군지) 대강 아는데 꽤 유명하다”고 말했다.",
				"subjectConsistencyYn": "Y"
			},
			{
				"sentenceNo": 8,
				"sentenceContent": "이어 “(이들이 누군지) 알려지면 난리 날 것”이라며 “그 사람들은 참고인 자격으로 불렀다. 경찰이 ‘대화 내용이 사실이냐’를 물어봤을 텐데, 어느 정도 의미 있는 대답이 있었기 때문에 승리가 피내사자 신분에서 피의자로 입건된 것”이라고 설명했다.",
				"subjectConsistencyYn": "Y"
			},
			{
				"sentenceNo": 9,
				"sentenceContent": "김 연구위원은 “수사 과정에서 소기의 성과가 있었다는 경찰의 판단이 있었을 것”이라고 덧붙였다.",
				"subjectConsistencyYn": "Y"
			},
			{
				"sentenceNo": 10,
				"sentenceContent": "한편 이날 경찰은 승리가 있던 카카오톡 대화방에서 불법 촬영물로 의심되는 동영상이 공유된 사실을 확인하고 이에 대한 내사에 착수했다.",
				"subjectConsistencyYn": "Y"
			},
			{
				"sentenceNo": 11,
				"sentenceContent": "경찰 관계자는 “경찰이 확보한 대화 내용에 동영상 관련한 부분이 있어 내사에 착수했다”며 “해당 동영상이 어떻게 촬영돼 공유됐는지를 살펴볼 계획”이라고 말했다.",
				"subjectConsistencyYn": "Y"
			},
			{
				"sentenceNo": 12,
				"sentenceContent": "이날 SBS funE는 승리가 포함된 카카오톡 대화방에서 남녀가 성관계하는 모습을 찍은 영상과 사진이 공유됐다고 보도했다.",
				"subjectConsistencyYn": "Y"
			},
			{
				"sentenceNo": 13,
				"sentenceContent": "이 매체에 따르면 이 대화방엔 남성 가수 2명이 있었다.",
				"subjectConsistencyYn": "Y"
			},
			{
				"sentenceNo": 14,
				"sentenceContent": "앞서 경찰은 지난 10일 승리를 성매매알선 등 행위의 처벌에 관한 법률 위반 혐의로 입건했다.",
				"subjectConsistencyYn": "Y"
			},
			{
				"sentenceNo": 15,
				"sentenceContent": "지난달 말 공개된 카카오톡 대화 내용에 등장한 이들도 같은 혐의로 함께 입건했다.",
				"subjectConsistencyYn": "Y"
			},
			{
				"sentenceNo": 16,
				"sentenceContent": "한편 인기 만화를 원작으로 한 '암살교실'은 학생들에게 암살을 가르치는 정체불명 문어 형태 '살선생'과 학교에서 낙오자 취급을 받는 3-E반 학생들의 암살 이야기를 담고 있다.",
				"subjectConsistencyYn": "N"
			},
			{
				"sentenceNo": 17,
				"sentenceContent": "이 중 강지영은 금발의 여교사로 고용된 암살자 이리나 옐라비치 역을 맡았다.",
				"subjectConsistencyYn": "N"
			}
		],
		"clickbaitClass": 0
	}
}