{
	"sourceDataInfo": {
		"newsID": "ET_M03_494391",
		"newsCategory": "연예",
		"newsSubcategory": "연예가화제",
		"newsTitle": "이순재, 서민정 부부에게 \\\"싸움 후엔 야동을 보는 것도\\\" 조언",
		"newsSubTitle": "",
		"newsContent": "이순재가 '하이킥' 이후 오랜 만에 만난 서민정에게 부부 백년해로 비결을 전수했다.\n24일 방송된 JTBC 예능 프로그램 '이방인'에서는 서민정과 이순재의 11년만의 만남이 공개됐다.\n이날 방송에서 서민정과 안상훈 부부는 서울 데이트를 했다.\n부부는 명동 데이트에 이어 대학로로 자리를 옮겼다. '하이킥'에서 호흡을 맞췄던 대선배 이순재를 만나기 위한 것이었다.\n서민정은 이순재를 만나자 \\\"드라마 촬영 때문에 결혼식 못오셔서 신랑을 못보여드렸는데 지금 보니 어떠시냐\\\"고 물었고, 이순재는 \\\"아주 후덕하게 잘생겼다\\\"고 말했다.\n이순재는 부부에게 덕담을 아끼지 않았다.\n이순재는 \\\"사소한 갈등이 있을수 있다. 그건 큰 문제가 아니다. 평생 살겠다고 생각했다면 상대방에 대한 양보가 먼저다. 살다 보면 서로 다투고 등 돌리고 잘 때 도 있는데 그날을 넘기면 안된다. 야동을 봐도 괜찮다\\\"고 조언했다.\n이순재는 시트콤 촬영 당시 시청자들에게 '야동 순재'라는 별명으로 불렸다.\n남편 안상훈은 이순재의 조언을 잘 이해하지 못했다.\n안상훈은 제작진과의 인터뷰에서 \\\"부부싸움하고 야동을 볼 것 같지는 않다\\\"라고 의아하다는 듯 말했고 이에 제작진이 \\\"부부싸움 했을 때 그런걸 봐서라도 부부관계를 좋게 하라는 뜻\\\"이라고 설명하자 얼굴을 붉혔다.",
		"partNum": "P2",
		"useType": 0,
		"processType": "A",
		"processPattern": "99",
		"processLevel": "하",
		"sentenceCount": 10,
		"processSentencenum": 1,
		"sentenceInfo": [
			{
				"sentenceNo": 1,
				"sentenceContent": "이순재가 '하이킥' 이후 오랜 만에 만난 서민정에게 부부 백년해로 비결을 전수했다.",
				"sentenceSize": 46
			},
			{
				"sentenceNo": 2,
				"sentenceContent": "24일 방송된 JTBC 예능 프로그램 '이방인'에서는 서민정과 이순재의 11년만의 만남이 공개됐다.",
				"sentenceSize": 55
			},
			{
				"sentenceNo": 3,
				"sentenceContent": "이날 방송에서 서민정과 안상훈 부부는 서울 데이트를 했다.",
				"sentenceSize": 32
			},
			{
				"sentenceNo": 4,
				"sentenceContent": "부부는 명동 데이트에 이어 대학로로 자리를 옮겼다. '하이킥'에서 호흡을 맞췄던 대선배 이순재를 만나기 위한 것이었다.",
				"sentenceSize": 66
			},
			{
				"sentenceNo": 5,
				"sentenceContent": "서민정은 이순재를 만나자 \\\"드라마 촬영 때문에 결혼식 못오셔서 신랑을 못보여드렸는데 지금 보니 어떠시냐\\\"고 물었고, 이순재는 \\\"아주 후덕하게 잘생겼다\\\"고 말했다.",
				"sentenceSize": 94
			},
			{
				"sentenceNo": 6,
				"sentenceContent": "이순재는 부부에게 덕담을 아끼지 않았다.",
				"sentenceSize": 22
			},
			{
				"sentenceNo": 7,
				"sentenceContent": "이순재는 \\\"사소한 갈등이 있을수 있다. 그건 큰 문제가 아니다. 평생 살겠다고 생각했다면 상대방에 대한 양보가 먼저다. 살다 보면 서로 다투고 등 돌리고 잘 때 도 있는데 그날을 넘기면 안된다. 야동을 봐도 괜찮다\\\"고 조언했다.",
				"sentenceSize": 129
			},
			{
				"sentenceNo": 8,
				"sentenceContent": "이순재는 시트콤 촬영 당시 시청자들에게 '야동 순재'라는 별명으로 불렸다.",
				"sentenceSize": 41
			},
			{
				"sentenceNo": 9,
				"sentenceContent": "남편 안상훈은 이순재의 조언을 잘 이해하지 못했다.",
				"sentenceSize": 28
			},
			{
				"sentenceNo": 10,
				"sentenceContent": "안상훈은 제작진과의 인터뷰에서 \\\"부부싸움하고 야동을 볼 것 같지는 않다\\\"라고 의아하다는 듯 말했고 이에 제작진이 \\\"부부싸움 했을 때 그런걸 봐서라도 부부관계를 좋게 하라는 뜻\\\"이라고 설명하자 얼굴을 붉혔다.",
				"sentenceSize": 119
			}
		]
	},
	"labeledDataInfo": {
		"processSentenceInfo": [
			{
				"sentenceNo": 1,
				"sentenceContent": "이순재가 '하이킥' 이후 오랜 만에 만난 서민정에게 부부 백년해로 비결을 전수했다.",
				"subjectConsistencyYn": "Y"
			},
			{
				"sentenceNo": 2,
				"sentenceContent": "24일 방송된 JTBC 예능 프로그램 '이방인'에서는 서민정과 이순재의 11년만의 만남이 공개됐다.",
				"subjectConsistencyYn": "Y"
			},
			{
				"sentenceNo": 3,
				"sentenceContent": "이날 방송에서 서민정과 안상훈 부부는 서울 데이트를 했다.",
				"subjectConsistencyYn": "Y"
			},
			{
				"sentenceNo": 4,
				"sentenceContent": "부부는 명동 데이트에 이어 대학로로 자리를 옮겼다. '하이킥'에서 호흡을 맞췄던 대선배 이순재를 만나기 위한 것이었다.",
				"subjectConsistencyYn": "Y"
			},
			{
				"sentenceNo": 5,
				"sentenceContent": "서민정은 이순재를 만나자 \\\"드라마 촬영 때문에 결혼식 못오셔서 신랑을 못보여드렸는데 지금 보니 어떠시냐\\\"고 물었고, 이순재는 \\\"아주 후덕하게 잘생겼다\\\"고 말했다.",
				"subjectConsistencyYn": "Y"
			},
			{
				"sentenceNo": 6,
				"sentenceContent": "이순재는 부부에게 덕담을 아끼지 않았다.",
				"subjectConsistencyYn": "Y"
			},
			{
				"sentenceNo": 7,
				"sentenceContent": "이순재는 \\\"사소한 갈등이 있을수 있다. 그건 큰 문제가 아니다. 평생 살겠다고 생각했다면 상대방에 대한 양보가 먼저다. 살다 보면 서로 다투고 등 돌리고 잘 때 도 있는데 그날을 넘기면 안된다. 야동을 봐도 괜찮다\\\"고 조언했다.",
				"subjectConsistencyYn": "Y"
			},
			{
				"sentenceNo": 8,
				"sentenceContent": "이순재는 시트콤 촬영 당시 시청자들에게 '야동 순재'라는 별명으로 불렸다.",
				"subjectConsistencyYn": "Y"
			},
			{
				"sentenceNo": 9,
				"sentenceContent": "남편 안상훈은 이순재의 조언을 잘 이해하지 못했다.",
				"subjectConsistencyYn": "Y"
			},
			{
				"sentenceNo": 10,
				"sentenceContent": "A. 내 법률대리인에게 연락이 왔다.",
				"subjectConsistencyYn": "N"
			},
			{
				"sentenceNo": 11,
				"sentenceContent": "내 주장이 모두 허위사실에 기반한 것이며 이 사실이 언론에 알려질 경우 효원 측 추정손해가 100억 이상이라며, 강예원에 대한 부분(밝힐 수 없지만)도 명백한 허위사실로서 강예원 대표에게 막대한 피해가 예상되는 상황이라고 했다.",
				"subjectConsistencyYn": "N"
			},
			{
				"sentenceNo": 12,
				"sentenceContent": "그러면서 ‘효원CNC 및 강예원이 하지 않은 일로 3억 이상 금액을 지급하는 건 너무 과하다. 1억 정도로 협의하는 게 어떠냐’고 했다.",
				"subjectConsistencyYn": "N"
			},
			{
				"sentenceNo": 13,
				"sentenceContent": "하지 않은 일이라면 당당할텐데 왜 협의를 하자는 건지 이해할 수 없다.",
				"subjectConsistencyYn": "N"
			},
			{
				"sentenceNo": 14,
				"sentenceContent": "정말 어이가 없어서 끝까지 싸울 것이다.",
				"subjectConsistencyYn": "N"
			},
			{
				"sentenceNo": 15,
				"sentenceContent": "Q. 마지막으로 한마디 한다면? A. 효원CNC 측은 지난 4년간 정산이 투명하게 되지 않은 것을 인정하고 다른 브랜드 매입계산서도 투명하게 공개하길 바란다.",
				"subjectConsistencyYn": "N"
			},
			{
				"sentenceNo": 16,
				"sentenceContent": "그리고 지금까지 내가 정산 못 받은 것을 지급하고, 정신적 피해에 대한 보상도 해주길 원한다.",
				"subjectConsistencyYn": "N"
			},
			{
				"sentenceNo": 17,
				"sentenceContent": "효원CNC는 배우 강예원과 김효진 대표가 의기투합해 설립한 커머스 기업이다. ‘가품 착용’으로 논란을 빚었던 송지아를 비롯해 ‘하트시그널’ 박지현 등이 소속돼있는 인플루언서 매니지먼트사이기도 하다. ▶▶ [단독①] ‘송지아 소속사’ 효원CNC, 3억원대 피소…'정산 미지급 의혹'",
				"subjectConsistencyYn": "N"
			}
		],
		"clickbaitClass": 0
	}
}