{
	"sourceDataInfo": {
		"newsID": "ET_M03_494291",
		"newsCategory": "연예",
		"newsSubcategory": "연예가화제",
		"newsTitle": "유혜주 결혼 소식에 온라인 들썩…유부녀된 얼짱들 모아 보니",
		"newsSubTitle": "",
		"newsContent": "과거 코미디TV 예능 프로그램 '얼짱 시대'에 출연했던 쇼핑몰 CEO 유혜주가 결혼을 앞두고 있다는 소식이 알려져 포털사이트 실시간 검색어 1위에 오르는 등 큰 관심을 받고 있다. '얼짱 시대'에 출연했던 이들 중 결혼 소식을 전한 이들을 모아봤다.\n━ 1. 유혜주 유혜주는 지난 28일 자신의 인스타그램에 \\\"저 결혼한답니다\\\"라는 내용을 담은 장문의 글을 올렸다.\n그는 내년 4월 식을 올릴 예정이다.\n유혜주 예비 신랑은 한 항공사에 근무 중인 것으로 알려졌다.\n유혜주는 \\\"누군가는 저를 추억의 한 페이지로 기억해주시고 또 어떤 이들은 지금까지도 저에게 관심을 가져주셔서 이렇게 인스타를 통해서라도 기쁜 소식을 전하는 게 좋다고 생각했다\\\"고 말했다.\n유혜주는 2011년 '얼짱 시대5'에 출연했다.\nMC 김태현은 당시 방송에서 \\\"드디어 부산 레전드 얼짱이 출연한다\\\"고 그를 소개했다.\n유혜주는 현재 인터넷 쇼핑몰을 운영하고 있다.\n그의 인스타그램 팔로어 수는 40만명을 넘어선다.\n━ 2. 홍영기 '얼짱 시대' 시리즈 다수에 출연한 홍영기는 지난 2014년 21세 나이에 당시 18세이던 얼짱 출신 이세용과 결혼했다.\n홍영기는 지난 13일 방송된 MBN '동치미'에 출연해 이런 사실을 언급해 화제를 모으기도 했다.\n그는 방송에서 \\\"(결혼과 출산을) 대중적으로 알린 시기는 아이가 돌이 지나고 나서, 남편이 고등학교를 졸업한 이후\\\"라고 말했다.\n홍영기는 재원·제트 군을 슬하에 두고 있다.\n인터넷 쇼핑몰을 운영하고 있으며 그의 인스타그램 팔로어 수는 70만명을 넘어선다.\n━ 3. 유보화 '얼짱 시대'에 출연했던 유보화는 2016년 9월 한 살 연하 남편 김모씨와 결혼했다.\n유보화는 지난해 언론 인터뷰를 통해 \\\"연애 시작 약 9개월 만에 결혼하게 됐다\\\"는 사연을 공개한 바 있다.\n유보화는 MBC '나 혼자 산다'에 출연 중인 웹툰 작가 기안84의 지인으로 잘 알려져 있기도 하다.\n기안84의 웹툰 '복학왕'에 등장하는 봉지은 일부 그림은 그를 따 만들었다.\n현재 인터넷 쇼핑몰을 운영하고 있으며 그의 인스타그램 팔로어 수는 18만명을 넘어선다.",
		"partNum": "P2",
		"useType": 0,
		"processType": "A",
		"processPattern": "99",
		"processLevel": "하",
		"sentenceCount": 19,
		"processSentencenum": 1,
		"sentenceInfo": [
			{
				"sentenceNo": 1,
				"sentenceContent": "과거 코미디TV 예능 프로그램 '얼짱 시대'에 출연했던 쇼핑몰 CEO 유혜주가 결혼을 앞두고 있다는 소식이 알려져 포털사이트 실시간 검색어 1위에 오르는 등 큰 관심을 받고 있다. '얼짱 시대'에 출연했던 이들 중 결혼 소식을 전한 이들을 모아봤다.",
				"sentenceSize": 139
			},
			{
				"sentenceNo": 2,
				"sentenceContent": "━ 1. 유혜주 유혜주는 지난 28일 자신의 인스타그램에 \\\"저 결혼한답니다\\\"라는 내용을 담은 장문의 글을 올렸다.",
				"sentenceSize": 65
			},
			{
				"sentenceNo": 3,
				"sentenceContent": "그는 내년 4월 식을 올릴 예정이다.",
				"sentenceSize": 20
			},
			{
				"sentenceNo": 4,
				"sentenceContent": "유혜주 예비 신랑은 한 항공사에 근무 중인 것으로 알려졌다.",
				"sentenceSize": 33
			},
			{
				"sentenceNo": 5,
				"sentenceContent": "유혜주는 \\\"누군가는 저를 추억의 한 페이지로 기억해주시고 또 어떤 이들은 지금까지도 저에게 관심을 가져주셔서 이렇게 인스타를 통해서라도 기쁜 소식을 전하는 게 좋다고 생각했다\\\"고 말했다.",
				"sentenceSize": 106
			},
			{
				"sentenceNo": 6,
				"sentenceContent": "유혜주는 2011년 '얼짱 시대5'에 출연했다.",
				"sentenceSize": 26
			},
			{
				"sentenceNo": 7,
				"sentenceContent": "MC 김태현은 당시 방송에서 \\\"드디어 부산 레전드 얼짱이 출연한다\\\"고 그를 소개했다.",
				"sentenceSize": 49
			},
			{
				"sentenceNo": 8,
				"sentenceContent": "유혜주는 현재 인터넷 쇼핑몰을 운영하고 있다.",
				"sentenceSize": 25
			},
			{
				"sentenceNo": 9,
				"sentenceContent": "그의 인스타그램 팔로어 수는 40만명을 넘어선다.",
				"sentenceSize": 27
			},
			{
				"sentenceNo": 10,
				"sentenceContent": "━ 2. 홍영기 '얼짱 시대' 시리즈 다수에 출연한 홍영기는 지난 2014년 21세 나이에 당시 18세이던 얼짱 출신 이세용과 결혼했다.",
				"sentenceSize": 76
			},
			{
				"sentenceNo": 11,
				"sentenceContent": "홍영기는 지난 13일 방송된 MBN '동치미'에 출연해 이런 사실을 언급해 화제를 모으기도 했다.",
				"sentenceSize": 54
			},
			{
				"sentenceNo": 12,
				"sentenceContent": "그는 방송에서 \\\"(결혼과 출산을) 대중적으로 알린 시기는 아이가 돌이 지나고 나서, 남편이 고등학교를 졸업한 이후\\\"라고 말했다.",
				"sentenceSize": 73
			},
			{
				"sentenceNo": 13,
				"sentenceContent": "홍영기는 재원·제트 군을 슬하에 두고 있다.",
				"sentenceSize": 24
			},
			{
				"sentenceNo": 14,
				"sentenceContent": "인터넷 쇼핑몰을 운영하고 있으며 그의 인스타그램 팔로어 수는 70만명을 넘어선다.",
				"sentenceSize": 45
			},
			{
				"sentenceNo": 15,
				"sentenceContent": "━ 3. 유보화 '얼짱 시대'에 출연했던 유보화는 2016년 9월 한 살 연하 남편 김모씨와 결혼했다.",
				"sentenceSize": 57
			},
			{
				"sentenceNo": 16,
				"sentenceContent": "유보화는 지난해 언론 인터뷰를 통해 \\\"연애 시작 약 9개월 만에 결혼하게 됐다\\\"는 사연을 공개한 바 있다.",
				"sentenceSize": 61
			},
			{
				"sentenceNo": 17,
				"sentenceContent": "유보화는 MBC '나 혼자 산다'에 출연 중인 웹툰 작가 기안84의 지인으로 잘 알려져 있기도 하다.",
				"sentenceSize": 56
			},
			{
				"sentenceNo": 18,
				"sentenceContent": "기안84의 웹툰 '복학왕'에 등장하는 봉지은 일부 그림은 그를 따 만들었다.",
				"sentenceSize": 42
			},
			{
				"sentenceNo": 19,
				"sentenceContent": "현재 인터넷 쇼핑몰을 운영하고 있으며 그의 인스타그램 팔로어 수는 18만명을 넘어선다.",
				"sentenceSize": 48
			}
		]
	},
	"labeledDataInfo": {
		"processSentenceInfo": [
			{
				"sentenceNo": 1,
				"sentenceContent": "과거 코미디TV 예능 프로그램 '얼짱 시대'에 출연했던 쇼핑몰 CEO 유혜주가 결혼을 앞두고 있다는 소식이 알려져 포털사이트 실시간 검색어 1위에 오르는 등 큰 관심을 받고 있다. '얼짱 시대'에 출연했던 이들 중 결혼 소식을 전한 이들을 모아봤다.",
				"subjectConsistencyYn": "Y"
			},
			{
				"sentenceNo": 2,
				"sentenceContent": "━ 1. 유혜주 유혜주는 지난 28일 자신의 인스타그램에 \\\"저 결혼한답니다\\\"라는 내용을 담은 장문의 글을 올렸다.",
				"subjectConsistencyYn": "Y"
			},
			{
				"sentenceNo": 3,
				"sentenceContent": "그는 내년 4월 식을 올릴 예정이다.",
				"subjectConsistencyYn": "Y"
			},
			{
				"sentenceNo": 4,
				"sentenceContent": "유혜주 예비 신랑은 한 항공사에 근무 중인 것으로 알려졌다.",
				"subjectConsistencyYn": "Y"
			},
			{
				"sentenceNo": 5,
				"sentenceContent": "유혜주는 \\\"누군가는 저를 추억의 한 페이지로 기억해주시고 또 어떤 이들은 지금까지도 저에게 관심을 가져주셔서 이렇게 인스타를 통해서라도 기쁜 소식을 전하는 게 좋다고 생각했다\\\"고 말했다.",
				"subjectConsistencyYn": "Y"
			},
			{
				"sentenceNo": 6,
				"sentenceContent": "유혜주는 2011년 '얼짱 시대5'에 출연했다.",
				"subjectConsistencyYn": "Y"
			},
			{
				"sentenceNo": 7,
				"sentenceContent": "MC 김태현은 당시 방송에서 \\\"드디어 부산 레전드 얼짱이 출연한다\\\"고 그를 소개했다.",
				"subjectConsistencyYn": "Y"
			},
			{
				"sentenceNo": 8,
				"sentenceContent": "유혜주는 현재 인터넷 쇼핑몰을 운영하고 있다.",
				"subjectConsistencyYn": "Y"
			},
			{
				"sentenceNo": 9,
				"sentenceContent": "그의 인스타그램 팔로어 수는 40만명을 넘어선다.",
				"subjectConsistencyYn": "Y"
			},
			{
				"sentenceNo": 10,
				"sentenceContent": "━ 2. 홍영기 '얼짱 시대' 시리즈 다수에 출연한 홍영기는 지난 2014년 21세 나이에 당시 18세이던 얼짱 출신 이세용과 결혼했다.",
				"subjectConsistencyYn": "Y"
			},
			{
				"sentenceNo": 11,
				"sentenceContent": "홍영기는 지난 13일 방송된 MBN '동치미'에 출연해 이런 사실을 언급해 화제를 모으기도 했다.",
				"subjectConsistencyYn": "Y"
			},
			{
				"sentenceNo": 12,
				"sentenceContent": "그는 방송에서 \\\"(결혼과 출산을) 대중적으로 알린 시기는 아이가 돌이 지나고 나서, 남편이 고등학교를 졸업한 이후\\\"라고 말했다.",
				"subjectConsistencyYn": "Y"
			},
			{
				"sentenceNo": 13,
				"sentenceContent": "홍영기는 재원·제트 군을 슬하에 두고 있다.",
				"subjectConsistencyYn": "Y"
			},
			{
				"sentenceNo": 14,
				"sentenceContent": "인터넷 쇼핑몰을 운영하고 있으며 그의 인스타그램 팔로어 수는 70만명을 넘어선다.",
				"subjectConsistencyYn": "Y"
			},
			{
				"sentenceNo": 15,
				"sentenceContent": "━ 3. 유보화 '얼짱 시대'에 출연했던 유보화는 2016년 9월 한 살 연하 남편 김모씨와 결혼했다.",
				"subjectConsistencyYn": "Y"
			},
			{
				"sentenceNo": 16,
				"sentenceContent": "유보화는 지난해 언론 인터뷰를 통해 \\\"연애 시작 약 9개월 만에 결혼하게 됐다\\\"는 사연을 공개한 바 있다.",
				"subjectConsistencyYn": "Y"
			},
			{
				"sentenceNo": 17,
				"sentenceContent": "유보화는 MBC '나 혼자 산다'에 출연 중인 웹툰 작가 기안84의 지인으로 잘 알려져 있기도 하다.",
				"subjectConsistencyYn": "Y"
			},
			{
				"sentenceNo": 18,
				"sentenceContent": "기안84의 웹툰 '복학왕'에 등장하는 봉지은 일부 그림은 그를 따 만들었다.",
				"subjectConsistencyYn": "Y"
			},
			{
				"sentenceNo": 19,
				"sentenceContent": "12일 밤 10시 방송된다.",
				"subjectConsistencyYn": "N"
			},
			{
				"sentenceNo": 20,
				"sentenceContent": "밤을 걷는 선비 심창민 온라인 중앙일보 [사진=MBC 밤을 걷는 선비 방송캡처]",
				"subjectConsistencyYn": "N"
			}
		],
		"clickbaitClass": 0
	}
}