{
	"sourceDataInfo": {
		"newsID": "ET_M03_494211",
		"newsCategory": "연예",
		"newsSubcategory": "연예가화제",
		"newsTitle": "김한길 “제가 누린 자리 중 제일 괜찮은 자리는 최명길 신랑 자리”",
		"newsSubTitle": "",
		"newsContent": "김한길(67)-최명길(58) 부부가 예능 프로그램에 출연해 첫 만남과 김한길 전 의원의 폐암 투병 후 근황 등에 대해 털어놓았다.\n두 사람은 20일 방송된 KBS 2TV '옥탑방의 문제아들'에서 김 전 의원이 폐암 말기 진단을 받고 투병 생활을 했던 과정을 언급했다.\n김 전 의원은 “작년 초만 하더라도 제가 중환자실에서 의식도 없이 2주 정도를 있었다”며 “인공호흡기도 끼고 있었는데 그 당시를 잘 기억하지 못한다”고 말했다.\n그러면서 “오래 중환자실에 있다가 나오니까 온몸에 근육이 없어져 걷지 못하는 것은 물론이고 목도 제대로 가누지 못했다”며 “이 사람이 떠먹여 주지 않으면 음식도 먹지 못하고 갓난아기 같았다”고 했다.\n김 전 의원은 “이렇게 잘 보살펴줘서 요즘에는 많이 좋아졌다”며 “이 사람 말로는 아프기 전보다 더 건강해졌다. 이제는 자전거를 타고 출근하기도 한다”고 덧붙였다.\n이날 두 사람은 김 전 의원이 중환자실에서 의식을 되찾았을 때 두 번째 프러포즈를 연 사실도 공개했다.\n김 전 의원은 “중환자실에서 의식이 없다가 눈을 뜨고 몽롱한 상태로 있는데 옆에 있던 이 사람이 20여년 전 결혼 당시 주고받았던 은반지를 병원으로 가져와서 내게 줬다”고 말했다.\n이어 “의식 불명인 상태에 있다가 의식이 돌아오자마자 그런 걸 받으니까 굉장히 뭉클했다”며 “결혼반지를 찾아서 다시 가져다주는 게 무언가 새롭게 인생을 시작하는 느낌을 받았다. 정말 눈물이 나려고 했다”고 덧붙였다.\n이에 최명길은 “고통스러웠던 얼굴이 반지를 받더니 웃는 모습으로 변했다”며 “해맑게 웃는 모습을 보고 ‘내가 생각했던 것보다 더 좋아하네’ 라는 생각이 들었다”고 말했다.\n두 사람은 이날 1995년 첫 만남부터 결혼에 이르기까지의 과정도 공유했다.\n김 전 의원은 “제가 생방송에서 최명길씨에게 ‘몇 살입니까?’ ‘왜 결혼 안 했나요?’ ‘남자친구 있나요?’ ‘머리카락 흰 사람도 괜찮나요?’라고 물어봤다”고 운을 뗐다.\n최명길은 “당시에는 여배우에게 나이를 묻는 게 실례였다”며 “조금 당황스러웠고 그때는 호감이고 뭐고 ‘어휴, 왜 이러실까’라고 생각했다. 첫인상은마흔셋이라고 해서 깜짝 놀랐다”고 회상했다.\n김 전 의원은 “그리고 며칠 뒤 제가 저녁을 먹자고 했더니 바쁘다고 하더라”며 “그래서 제가 전화번호를 알려달라고 했더니 집 번호를 써주면서 ‘밤 12시에 하면 받을 수 있다’고 했다”고 말했다.\n이어 “그래서 12시에 전화를 했더니 신호가 몇 번 울리기 전에 바로 받더라. ‘어떻게 전화하셨냐?’라고 묻기에 제가 ‘최명길씨 나한테 시집오지 그래요’라고 말했다”고 했다.\n최명길은 “첫 전화에서 ‘최명길씨 불행 끝, 행복 시작. 나한테 시집와요’라고 하기에 너무 웃었다”고 말했다.\n이어 두 사람은 하루에 두 세시간씩 매일 새벽 전화를 하다 한 두 달이 지나서야 다시 만남을 가졌다.\n김 전 의원은 “‘어른끼리 이게 뭐하는 거예요. 우리 만납시다’ 해서 새벽 2시에 한 골목에서 만났다”며 “골목에 차를 대고 서 있었더니 새벽 2시에 차가 한 대 섰고 사람이 내려와서 봤더니 황신혜였다”고 말했다.\n그러면서 “다른 쪽 문을 열고 최명길이 나왔고 무슨 이야기를 해야 하는데 전화로 너무 많은 이야기를 한 상황이라 제가 한참 있다 ‘뽀뽀나 하지’ 해버렸다”고 했다.\n이에 최명길은 “당시 황신혜와 같이 드라마를 촬영했었다”며 “제가 이러이러한 일이 있다고 하니까 친구인 황신혜가 도와준다고 해서 같이 나갔다”고 부연했다.\n김 전 의원은 “그게 첫 만남이었고 이후 다음 주쯤 점심을 같이 먹었는데 신문에 대문짝만하게 결혼설 기사가 나와서 그다음 날 결혼 발표를 했다”며 “만난 지 4개월 만이었다”고 했다.\n이날 김 전 의원은 또 “소설가, 방송인, 국회의원, 문화부 장관 등 여러 종류의 일을 해봤지만 결론적으로 힘들지 않은 일이 없고 항상 지금 하는 일이 가장 어렵다”고 말했다.\n이에 진행자들이 그럼 가장 좋았던 직업은 무엇이냐고 묻자 “그래도 제가 누린 자리 중 제일 괜찮은 자리는 최명길 신랑 자리”라고 답했다.",
		"partNum": "P2",
		"useType": 0,
		"processType": "A",
		"processPattern": "99",
		"processLevel": "하",
		"sentenceCount": 22,
		"processSentencenum": 5,
		"sentenceInfo": [
			{
				"sentenceNo": 1,
				"sentenceContent": "김한길(67)-최명길(58) 부부가 예능 프로그램에 출연해 첫 만남과 김한길 전 의원의 폐암 투병 후 근황 등에 대해 털어놓았다.",
				"sentenceSize": 72
			},
			{
				"sentenceNo": 2,
				"sentenceContent": "두 사람은 20일 방송된 KBS 2TV '옥탑방의 문제아들'에서 김 전 의원이 폐암 말기 진단을 받고 투병 생활을 했던 과정을 언급했다.",
				"sentenceSize": 76
			},
			{
				"sentenceNo": 3,
				"sentenceContent": "김 전 의원은 “작년 초만 하더라도 제가 중환자실에서 의식도 없이 2주 정도를 있었다”며 “인공호흡기도 끼고 있었는데 그 당시를 잘 기억하지 못한다”고 말했다.",
				"sentenceSize": 89
			},
			{
				"sentenceNo": 4,
				"sentenceContent": "그러면서 “오래 중환자실에 있다가 나오니까 온몸에 근육이 없어져 걷지 못하는 것은 물론이고 목도 제대로 가누지 못했다”며 “이 사람이 떠먹여 주지 않으면 음식도 먹지 못하고 갓난아기 같았다”고 했다.",
				"sentenceSize": 111
			},
			{
				"sentenceNo": 5,
				"sentenceContent": "김 전 의원은 “이렇게 잘 보살펴줘서 요즘에는 많이 좋아졌다”며 “이 사람 말로는 아프기 전보다 더 건강해졌다. 이제는 자전거를 타고 출근하기도 한다”고 덧붙였다.",
				"sentenceSize": 91
			},
			{
				"sentenceNo": 6,
				"sentenceContent": "이날 두 사람은 김 전 의원이 중환자실에서 의식을 되찾았을 때 두 번째 프러포즈를 연 사실도 공개했다.",
				"sentenceSize": 57
			},
			{
				"sentenceNo": 7,
				"sentenceContent": "김 전 의원은 “중환자실에서 의식이 없다가 눈을 뜨고 몽롱한 상태로 있는데 옆에 있던 이 사람이 20여년 전 결혼 당시 주고받았던 은반지를 병원으로 가져와서 내게 줬다”고 말했다.",
				"sentenceSize": 100
			},
			{
				"sentenceNo": 8,
				"sentenceContent": "이어 “의식 불명인 상태에 있다가 의식이 돌아오자마자 그런 걸 받으니까 굉장히 뭉클했다”며 “결혼반지를 찾아서 다시 가져다주는 게 무언가 새롭게 인생을 시작하는 느낌을 받았다. 정말 눈물이 나려고 했다”고 덧붙였다.",
				"sentenceSize": 120
			},
			{
				"sentenceNo": 9,
				"sentenceContent": "이에 최명길은 “고통스러웠던 얼굴이 반지를 받더니 웃는 모습으로 변했다”며 “해맑게 웃는 모습을 보고 ‘내가 생각했던 것보다 더 좋아하네’ 라는 생각이 들었다”고 말했다.",
				"sentenceSize": 95
			},
			{
				"sentenceNo": 10,
				"sentenceContent": "두 사람은 이날 1995년 첫 만남부터 결혼에 이르기까지의 과정도 공유했다.",
				"sentenceSize": 42
			},
			{
				"sentenceNo": 11,
				"sentenceContent": "김 전 의원은 “제가 생방송에서 최명길씨에게 ‘몇 살입니까?’ ‘왜 결혼 안 했나요?’ ‘남자친구 있나요?’ ‘머리카락 흰 사람도 괜찮나요?’라고 물어봤다”고 운을 뗐다.",
				"sentenceSize": 95
			},
			{
				"sentenceNo": 12,
				"sentenceContent": "최명길은 “당시에는 여배우에게 나이를 묻는 게 실례였다”며 “조금 당황스러웠고 그때는 호감이고 뭐고 ‘어휴, 왜 이러실까’라고 생각했다. 첫인상은마흔셋이라고 해서 깜짝 놀랐다”고 회상했다.",
				"sentenceSize": 105
			},
			{
				"sentenceNo": 13,
				"sentenceContent": "김 전 의원은 “그리고 며칠 뒤 제가 저녁을 먹자고 했더니 바쁘다고 하더라”며 “그래서 제가 전화번호를 알려달라고 했더니 집 번호를 써주면서 ‘밤 12시에 하면 받을 수 있다’고 했다”고 말했다.",
				"sentenceSize": 109
			},
			{
				"sentenceNo": 14,
				"sentenceContent": "이어 “그래서 12시에 전화를 했더니 신호가 몇 번 울리기 전에 바로 받더라. ‘어떻게 전화하셨냐?’라고 묻기에 제가 ‘최명길씨 나한테 시집오지 그래요’라고 말했다”고 했다.",
				"sentenceSize": 97
			},
			{
				"sentenceNo": 15,
				"sentenceContent": "최명길은 “첫 전화에서 ‘최명길씨 불행 끝, 행복 시작. 나한테 시집와요’라고 하기에 너무 웃었다”고 말했다.",
				"sentenceSize": 61
			},
			{
				"sentenceNo": 16,
				"sentenceContent": "이어 두 사람은 하루에 두 세시간씩 매일 새벽 전화를 하다 한 두 달이 지나서야 다시 만남을 가졌다.",
				"sentenceSize": 56
			},
			{
				"sentenceNo": 17,
				"sentenceContent": "김 전 의원은 “‘어른끼리 이게 뭐하는 거예요. 우리 만납시다’ 해서 새벽 2시에 한 골목에서 만났다”며 “골목에 차를 대고 서 있었더니 새벽 2시에 차가 한 대 섰고 사람이 내려와서 봤더니 황신혜였다”고 말했다.",
				"sentenceSize": 119
			},
			{
				"sentenceNo": 18,
				"sentenceContent": "그러면서 “다른 쪽 문을 열고 최명길이 나왔고 무슨 이야기를 해야 하는데 전화로 너무 많은 이야기를 한 상황이라 제가 한참 있다 ‘뽀뽀나 하지’ 해버렸다”고 했다.",
				"sentenceSize": 91
			},
			{
				"sentenceNo": 19,
				"sentenceContent": "이에 최명길은 “당시 황신혜와 같이 드라마를 촬영했었다”며 “제가 이러이러한 일이 있다고 하니까 친구인 황신혜가 도와준다고 해서 같이 나갔다”고 부연했다.",
				"sentenceSize": 86
			},
			{
				"sentenceNo": 20,
				"sentenceContent": "김 전 의원은 “그게 첫 만남이었고 이후 다음 주쯤 점심을 같이 먹었는데 신문에 대문짝만하게 결혼설 기사가 나와서 그다음 날 결혼 발표를 했다”며 “만난 지 4개월 만이었다”고 했다.",
				"sentenceSize": 102
			},
			{
				"sentenceNo": 21,
				"sentenceContent": "이날 김 전 의원은 또 “소설가, 방송인, 국회의원, 문화부 장관 등 여러 종류의 일을 해봤지만 결론적으로 힘들지 않은 일이 없고 항상 지금 하는 일이 가장 어렵다”고 말했다.",
				"sentenceSize": 98
			},
			{
				"sentenceNo": 22,
				"sentenceContent": "이에 진행자들이 그럼 가장 좋았던 직업은 무엇이냐고 묻자 “그래도 제가 누린 자리 중 제일 괜찮은 자리는 최명길 신랑 자리”라고 답했다.",
				"sentenceSize": 76
			}
		]
	},
	"labeledDataInfo": {
		"processSentenceInfo": [
			{
				"sentenceNo": 1,
				"sentenceContent": "김한길(67)-최명길(58) 부부가 예능 프로그램에 출연해 첫 만남과 김한길 전 의원의 폐암 투병 후 근황 등에 대해 털어놓았다.",
				"subjectConsistencyYn": "Y"
			},
			{
				"sentenceNo": 2,
				"sentenceContent": "두 사람은 20일 방송된 KBS 2TV '옥탑방의 문제아들'에서 김 전 의원이 폐암 말기 진단을 받고 투병 생활을 했던 과정을 언급했다.",
				"subjectConsistencyYn": "Y"
			},
			{
				"sentenceNo": 3,
				"sentenceContent": "김 전 의원은 “작년 초만 하더라도 제가 중환자실에서 의식도 없이 2주 정도를 있었다”며 “인공호흡기도 끼고 있었는데 그 당시를 잘 기억하지 못한다”고 말했다.",
				"subjectConsistencyYn": "Y"
			},
			{
				"sentenceNo": 4,
				"sentenceContent": "그러면서 “오래 중환자실에 있다가 나오니까 온몸에 근육이 없어져 걷지 못하는 것은 물론이고 목도 제대로 가누지 못했다”며 “이 사람이 떠먹여 주지 않으면 음식도 먹지 못하고 갓난아기 같았다”고 했다.",
				"subjectConsistencyYn": "Y"
			},
			{
				"sentenceNo": 5,
				"sentenceContent": "김 전 의원은 “이렇게 잘 보살펴줘서 요즘에는 많이 좋아졌다”며 “이 사람 말로는 아프기 전보다 더 건강해졌다. 이제는 자전거를 타고 출근하기도 한다”고 덧붙였다.",
				"subjectConsistencyYn": "Y"
			},
			{
				"sentenceNo": 6,
				"sentenceContent": "이날 두 사람은 김 전 의원이 중환자실에서 의식을 되찾았을 때 두 번째 프러포즈를 연 사실도 공개했다.",
				"subjectConsistencyYn": "Y"
			},
			{
				"sentenceNo": 7,
				"sentenceContent": "김 전 의원은 “중환자실에서 의식이 없다가 눈을 뜨고 몽롱한 상태로 있는데 옆에 있던 이 사람이 20여년 전 결혼 당시 주고받았던 은반지를 병원으로 가져와서 내게 줬다”고 말했다.",
				"subjectConsistencyYn": "Y"
			},
			{
				"sentenceNo": 8,
				"sentenceContent": "이어 “의식 불명인 상태에 있다가 의식이 돌아오자마자 그런 걸 받으니까 굉장히 뭉클했다”며 “결혼반지를 찾아서 다시 가져다주는 게 무언가 새롭게 인생을 시작하는 느낌을 받았다. 정말 눈물이 나려고 했다”고 덧붙였다.",
				"subjectConsistencyYn": "Y"
			},
			{
				"sentenceNo": 9,
				"sentenceContent": "이에 최명길은 “고통스러웠던 얼굴이 반지를 받더니 웃는 모습으로 변했다”며 “해맑게 웃는 모습을 보고 ‘내가 생각했던 것보다 더 좋아하네’ 라는 생각이 들었다”고 말했다.",
				"subjectConsistencyYn": "Y"
			},
			{
				"sentenceNo": 10,
				"sentenceContent": "두 사람은 이날 1995년 첫 만남부터 결혼에 이르기까지의 과정도 공유했다.",
				"subjectConsistencyYn": "Y"
			},
			{
				"sentenceNo": 11,
				"sentenceContent": "김 전 의원은 “제가 생방송에서 최명길씨에게 ‘몇 살입니까?’ ‘왜 결혼 안 했나요?’ ‘남자친구 있나요?’ ‘머리카락 흰 사람도 괜찮나요?’라고 물어봤다”고 운을 뗐다.",
				"subjectConsistencyYn": "Y"
			},
			{
				"sentenceNo": 12,
				"sentenceContent": "최명길은 “당시에는 여배우에게 나이를 묻는 게 실례였다”며 “조금 당황스러웠고 그때는 호감이고 뭐고 ‘어휴, 왜 이러실까’라고 생각했다. 첫인상은마흔셋이라고 해서 깜짝 놀랐다”고 회상했다.",
				"subjectConsistencyYn": "Y"
			},
			{
				"sentenceNo": 13,
				"sentenceContent": "김 전 의원은 “그리고 며칠 뒤 제가 저녁을 먹자고 했더니 바쁘다고 하더라”며 “그래서 제가 전화번호를 알려달라고 했더니 집 번호를 써주면서 ‘밤 12시에 하면 받을 수 있다’고 했다”고 말했다.",
				"subjectConsistencyYn": "Y"
			},
			{
				"sentenceNo": 14,
				"sentenceContent": "이어 “그래서 12시에 전화를 했더니 신호가 몇 번 울리기 전에 바로 받더라. ‘어떻게 전화하셨냐?’라고 묻기에 제가 ‘최명길씨 나한테 시집오지 그래요’라고 말했다”고 했다.",
				"subjectConsistencyYn": "Y"
			},
			{
				"sentenceNo": 15,
				"sentenceContent": "최명길은 “첫 전화에서 ‘최명길씨 불행 끝, 행복 시작. 나한테 시집와요’라고 하기에 너무 웃었다”고 말했다.",
				"subjectConsistencyYn": "Y"
			},
			{
				"sentenceNo": 16,
				"sentenceContent": "이어 두 사람은 하루에 두 세시간씩 매일 새벽 전화를 하다 한 두 달이 지나서야 다시 만남을 가졌다.",
				"subjectConsistencyYn": "Y"
			},
			{
				"sentenceNo": 17,
				"sentenceContent": "김 전 의원은 “‘어른끼리 이게 뭐하는 거예요. 우리 만납시다’ 해서 새벽 2시에 한 골목에서 만났다”며 “골목에 차를 대고 서 있었더니 새벽 2시에 차가 한 대 섰고 사람이 내려와서 봤더니 황신혜였다”고 말했다.",
				"subjectConsistencyYn": "Y"
			},
			{
				"sentenceNo": 18,
				"sentenceContent": "또 백종원은 아내 소유진의 떡볶이 취향을 언급하기도 했다.",
				"subjectConsistencyYn": "N"
			},
			{
				"sentenceNo": 19,
				"sentenceContent": "백종원이 “나는 촉촉한게 좋아서 밀떡이 좋다”고 말하자 MC들은 “부인 소유진 씨는 어떤 떡을 좋아하시느냐”고 물었다.",
				"subjectConsistencyYn": "N"
			}
		],
		"clickbaitClass": 0
	}
}