{
	"sourceDataInfo": {
		"newsID": "ET_M03_494290",
		"newsCategory": "연예",
		"newsSubcategory": "연예가화제",
		"newsTitle": "“한국 연예인 100명 중 99명이 성형” 강한나 발언 논란",
		"newsSubTitle": "",
		"newsContent": "일본에서 활동 중인 방송인 강한나(37)가 발언 논란에 휩싸였다.\n강한나는 최근 방송된 일본 요미우리TV 예능프로그램 ‘도쿠모리 요시모토’에 출연해 “한국에서는 연예인뿐만 아니라 일반인 사이에서도 성형이 성행하고 있다”며 “한국 연예인 100명 중 99명이 성형을 한다”고 말했다.\n또 “한국 연예인 친구들을 만날 때마다 얼굴이 변해 있다”고도 했다.\n이어 “코가 작다는 말을 많이 듣고 성형을 권유받기도 했다”면서 자신은 성형수술을 하지 않았다고 덧붙였다.\n강한나는 2001년 ‘생방송 세상의 모든 아침’ 등의 프로그램에서 리포터로 활약했다.\n그러다 지난 2007년 일본 웨더뉴스 기상캐스터로 일본에서 방송 활동을 시작, 현재 일본 호리프로 소속으로 각종 프로그램에 출연 중이다. ‘동경 하늘 동경’ ‘교토 휴’ 등의 책을 발간한 작가이기도 하다.",
		"partNum": "P2",
		"useType": 0,
		"processType": "A",
		"processPattern": "99",
		"processLevel": "하",
		"sentenceCount": 6,
		"processSentencenum": 1,
		"sentenceInfo": [
			{
				"sentenceNo": 1,
				"sentenceContent": "일본에서 활동 중인 방송인 강한나(37)가 발언 논란에 휩싸였다.",
				"sentenceSize": 36
			},
			{
				"sentenceNo": 2,
				"sentenceContent": "강한나는 최근 방송된 일본 요미우리TV 예능프로그램 ‘도쿠모리 요시모토’에 출연해 “한국에서는 연예인뿐만 아니라 일반인 사이에서도 성형이 성행하고 있다”며 “한국 연예인 100명 중 99명이 성형을 한다”고 말했다.",
				"sentenceSize": 120
			},
			{
				"sentenceNo": 3,
				"sentenceContent": "또 “한국 연예인 친구들을 만날 때마다 얼굴이 변해 있다”고도 했다.",
				"sentenceSize": 38
			},
			{
				"sentenceNo": 4,
				"sentenceContent": "이어 “코가 작다는 말을 많이 듣고 성형을 권유받기도 했다”면서 자신은 성형수술을 하지 않았다고 덧붙였다.",
				"sentenceSize": 59
			},
			{
				"sentenceNo": 5,
				"sentenceContent": "강한나는 2001년 ‘생방송 세상의 모든 아침’ 등의 프로그램에서 리포터로 활약했다.",
				"sentenceSize": 47
			},
			{
				"sentenceNo": 6,
				"sentenceContent": "그러다 지난 2007년 일본 웨더뉴스 기상캐스터로 일본에서 방송 활동을 시작, 현재 일본 호리프로 소속으로 각종 프로그램에 출연 중이다. ‘동경 하늘 동경’ ‘교토 휴’ 등의 책을 발간한 작가이기도 하다.",
				"sentenceSize": 114
			}
		]
	},
	"labeledDataInfo": {
		"processSentenceInfo": [
			{
				"sentenceNo": 1,
				"sentenceContent": "일본에서 활동 중인 방송인 강한나(37)가 발언 논란에 휩싸였다.",
				"subjectConsistencyYn": "Y"
			},
			{
				"sentenceNo": 2,
				"sentenceContent": "강한나는 최근 방송된 일본 요미우리TV 예능프로그램 ‘도쿠모리 요시모토’에 출연해 “한국에서는 연예인뿐만 아니라 일반인 사이에서도 성형이 성행하고 있다”며 “한국 연예인 100명 중 99명이 성형을 한다”고 말했다.",
				"subjectConsistencyYn": "Y"
			},
			{
				"sentenceNo": 3,
				"sentenceContent": "또 “한국 연예인 친구들을 만날 때마다 얼굴이 변해 있다”고도 했다.",
				"subjectConsistencyYn": "Y"
			},
			{
				"sentenceNo": 4,
				"sentenceContent": "이어 “코가 작다는 말을 많이 듣고 성형을 권유받기도 했다”면서 자신은 성형수술을 하지 않았다고 덧붙였다.",
				"subjectConsistencyYn": "Y"
			},
			{
				"sentenceNo": 5,
				"sentenceContent": "강한나는 2001년 ‘생방송 세상의 모든 아침’ 등의 프로그램에서 리포터로 활약했다.",
				"subjectConsistencyYn": "Y"
			},
			{
				"sentenceNo": 6,
				"sentenceContent": "기초대사량이 올라가면 과로 같은 극한 상황을 겪은 후 몸 상태가 정상으로 회복되는 속도가 빨라진다.",
				"subjectConsistencyYn": "N"
			}
		],
		"clickbaitClass": 0
	}
}