{
	"sourceDataInfo": {
		"newsID": "ET_M03_494252",
		"newsCategory": "연예",
		"newsSubcategory": "연예가화제",
		"newsTitle": "개그맨 김철민 “폐암 말기 판정…눈물이 앞을 가린다” 고백",
		"newsSubTitle": "",
		"newsContent": "개그맨 김철민(52·본명 김철순)이 폐암 말기로 투병 중이라고 밝혔다.\n김철민은 지난 7일 페이스북에 “오늘 아침 9시 폐암 말기 판정을 받았다”며 “이별을 해야하기에 슬픔의 눈물이 앞을 가린다”고 적었다.\n그는 “한편으로는 먼저 이별을 하신 부모님과 형님을 다시 만날 수 있다는 생각을 하니 그리 슬프지만은 않다”며 “남은 시간 여력이 있다면 끝까지 기타를 두르고 무대에서 노래를 부르고 싶다”고 덧붙였다.\n그는 폐암 4기 진단을 받고 서울 원자력병원에서 입원 치료를 받고 있는 것으로 전해졌다.\n김철민은 1994년 MBC 공채 5기 개그맨으로 데뷔해 MBC ‘개그야’ 등에 출연했다.\n가수 나훈아의 모창가수 ‘너훈아’라는 예명으로 활동하다 지난 2014년 간암으로 세상을 떠난 고(故) 김갑순의 친동생이기도 하다.",
		"partNum": "P2",
		"useType": 0,
		"processType": "A",
		"processPattern": "99",
		"processLevel": "하",
		"sentenceCount": 6,
		"processSentencenum": 1,
		"sentenceInfo": [
			{
				"sentenceNo": 1,
				"sentenceContent": "개그맨 김철민(52·본명 김철순)이 폐암 말기로 투병 중이라고 밝혔다.",
				"sentenceSize": 39
			},
			{
				"sentenceNo": 2,
				"sentenceContent": "김철민은 지난 7일 페이스북에 “오늘 아침 9시 폐암 말기 판정을 받았다”며 “이별을 해야하기에 슬픔의 눈물이 앞을 가린다”고 적었다.",
				"sentenceSize": 75
			},
			{
				"sentenceNo": 3,
				"sentenceContent": "그는 “한편으로는 먼저 이별을 하신 부모님과 형님을 다시 만날 수 있다는 생각을 하니 그리 슬프지만은 않다”며 “남은 시간 여력이 있다면 끝까지 기타를 두르고 무대에서 노래를 부르고 싶다”고 덧붙였다.",
				"sentenceSize": 112
			},
			{
				"sentenceNo": 4,
				"sentenceContent": "그는 폐암 4기 진단을 받고 서울 원자력병원에서 입원 치료를 받고 있는 것으로 전해졌다.",
				"sentenceSize": 49
			},
			{
				"sentenceNo": 5,
				"sentenceContent": "김철민은 1994년 MBC 공채 5기 개그맨으로 데뷔해 MBC ‘개그야’ 등에 출연했다.",
				"sentenceSize": 49
			},
			{
				"sentenceNo": 6,
				"sentenceContent": "가수 나훈아의 모창가수 ‘너훈아’라는 예명으로 활동하다 지난 2014년 간암으로 세상을 떠난 고(故) 김갑순의 친동생이기도 하다.",
				"sentenceSize": 72
			}
		]
	},
	"labeledDataInfo": {
		"processSentenceInfo": [
			{
				"sentenceNo": 1,
				"sentenceContent": "개그맨 김철민(52·본명 김철순)이 폐암 말기로 투병 중이라고 밝혔다.",
				"subjectConsistencyYn": "Y"
			},
			{
				"sentenceNo": 2,
				"sentenceContent": "김철민은 지난 7일 페이스북에 “오늘 아침 9시 폐암 말기 판정을 받았다”며 “이별을 해야하기에 슬픔의 눈물이 앞을 가린다”고 적었다.",
				"subjectConsistencyYn": "Y"
			},
			{
				"sentenceNo": 3,
				"sentenceContent": "그는 “한편으로는 먼저 이별을 하신 부모님과 형님을 다시 만날 수 있다는 생각을 하니 그리 슬프지만은 않다”며 “남은 시간 여력이 있다면 끝까지 기타를 두르고 무대에서 노래를 부르고 싶다”고 덧붙였다.",
				"subjectConsistencyYn": "Y"
			},
			{
				"sentenceNo": 4,
				"sentenceContent": "그는 폐암 4기 진단을 받고 서울 원자력병원에서 입원 치료를 받고 있는 것으로 전해졌다.",
				"subjectConsistencyYn": "Y"
			},
			{
				"sentenceNo": 5,
				"sentenceContent": "김철민은 1994년 MBC 공채 5기 개그맨으로 데뷔해 MBC ‘개그야’ 등에 출연했다.",
				"subjectConsistencyYn": "Y"
			},
			{
				"sentenceNo": 6,
				"sentenceContent": "금잔디는 KBS1 ‘가요무대’ 등 다양한 방송 프로그램과 무대에서 활약했으며, 현재 MBN ‘헬로트로트’에서 프로 서포터로 강렬한 존재감을 뽐내고 있다.",
				"subjectConsistencyYn": "N"
			},
			{
				"sentenceNo": 7,
				"sentenceContent": "금잔디 신곡 ‘지름길’은 각종 음원사이트에서 확인할 수 있다.",
				"subjectConsistencyYn": "N"
			}
		],
		"clickbaitClass": 0
	}
}