{
	"sourceDataInfo": {
		"newsID": "ET_M03_494367",
		"newsCategory": "연예",
		"newsSubcategory": "연예가화제",
		"newsTitle": "‘트와이스’ 장제원vs‘레드벨벳’ 표창원, 대세 걸그룹 놓고 설전?",
		"newsSubTitle": "",
		"newsContent": "‘정치계 브로맨스’ 장제원 자유한국당 의원과 표창원 더불어민주당이 맞붙었다.\n대세 걸그룹을 놓고서다.\n봄 개편을 맞아 새롭게 시작되는 MBC 토론프로그램 ‘100분 토론’은 2일 이 같은 내용의 예고영상을 공개했다.\n영상에는 장 의원과 표 의원이 마주 앉아 설전을 펼치는 모습이 그려졌다. “트와이스는 넘사벽”이라는 장 의원과 “레드벨벳이 대세”라는 두 의원 간 유쾌한 논쟁은 웃음을 자아냈다.\n앞서 지난달 26일 공개된 예고 영상에는 맛칼럼니스트 황교익과 MBC 최승호 사장이 탕수육 소스를 부어 먹는지 찍어 먹는지를 놓고 한차례 설전을 벌이는 모습이 담겼다.\n토론 프로그램이 지닌 특유의 딱딱한 분위기는 한층 가볍고 유쾌해졌다.",
		"partNum": "P2",
		"useType": 0,
		"processType": "A",
		"processPattern": "99",
		"processLevel": "하",
		"sentenceCount": 6,
		"processSentencenum": 1,
		"sentenceInfo": [
			{
				"sentenceNo": 1,
				"sentenceContent": "‘정치계 브로맨스’ 장제원 자유한국당 의원과 표창원 더불어민주당이 맞붙었다.",
				"sentenceSize": 42
			},
			{
				"sentenceNo": 2,
				"sentenceContent": "대세 걸그룹을 놓고서다.",
				"sentenceSize": 13
			},
			{
				"sentenceNo": 3,
				"sentenceContent": "봄 개편을 맞아 새롭게 시작되는 MBC 토론프로그램 ‘100분 토론’은 2일 이 같은 내용의 예고영상을 공개했다.",
				"sentenceSize": 63
			},
			{
				"sentenceNo": 4,
				"sentenceContent": "영상에는 장 의원과 표 의원이 마주 앉아 설전을 펼치는 모습이 그려졌다. “트와이스는 넘사벽”이라는 장 의원과 “레드벨벳이 대세”라는 두 의원 간 유쾌한 논쟁은 웃음을 자아냈다.",
				"sentenceSize": 99
			},
			{
				"sentenceNo": 5,
				"sentenceContent": "앞서 지난달 26일 공개된 예고 영상에는 맛칼럼니스트 황교익과 MBC 최승호 사장이 탕수육 소스를 부어 먹는지 찍어 먹는지를 놓고 한차례 설전을 벌이는 모습이 담겼다.",
				"sentenceSize": 93
			},
			{
				"sentenceNo": 6,
				"sentenceContent": "토론 프로그램이 지닌 특유의 딱딱한 분위기는 한층 가볍고 유쾌해졌다.",
				"sentenceSize": 38
			}
		]
	},
	"labeledDataInfo": {
		"processSentenceInfo": [
			{
				"sentenceNo": 1,
				"sentenceContent": "‘정치계 브로맨스’ 장제원 자유한국당 의원과 표창원 더불어민주당이 맞붙었다.",
				"subjectConsistencyYn": "Y"
			},
			{
				"sentenceNo": 2,
				"sentenceContent": "대세 걸그룹을 놓고서다.",
				"subjectConsistencyYn": "Y"
			},
			{
				"sentenceNo": 3,
				"sentenceContent": "봄 개편을 맞아 새롭게 시작되는 MBC 토론프로그램 ‘100분 토론’은 2일 이 같은 내용의 예고영상을 공개했다.",
				"subjectConsistencyYn": "Y"
			},
			{
				"sentenceNo": 4,
				"sentenceContent": "영상에는 장 의원과 표 의원이 마주 앉아 설전을 펼치는 모습이 그려졌다. “트와이스는 넘사벽”이라는 장 의원과 “레드벨벳이 대세”라는 두 의원 간 유쾌한 논쟁은 웃음을 자아냈다.",
				"subjectConsistencyYn": "Y"
			},
			{
				"sentenceNo": 5,
				"sentenceContent": "앞서 지난달 26일 공개된 예고 영상에는 맛칼럼니스트 황교익과 MBC 최승호 사장이 탕수육 소스를 부어 먹는지 찍어 먹는지를 놓고 한차례 설전을 벌이는 모습이 담겼다.",
				"subjectConsistencyYn": "Y"
			},
			{
				"sentenceNo": 6,
				"sentenceContent": "그는 \\\"수습 아닙니다 다른 가사를 찾아보았고 논란이 일어날만 하다고 생각이 들었고 다시 생각해보니 제 행동이 너무나 잘못되었다고 느껴지더라구요. 그래서 꼭 사과를 하고 싶었습니다. 그냥 글만 지우고 넘어가기엔 실망하신 분들이 많고 스스로의 행동이 부끄러워서요\\\"라고 거듭 사과의 뜻을 밝히며 일단락했다.",
				"subjectConsistencyYn": "N"
			}
		],
		"clickbaitClass": 0
	}
}