{
	"sourceDataInfo": {
		"newsID": "ET_M03_494626",
		"newsCategory": "연예",
		"newsSubcategory": "연예가화제",
		"newsTitle": "트와이스, 한해 음악방송 '36관왕', 역대급 기록 달성",
		"newsSubTitle": "",
		"newsContent": "SBS '인기가요'가 공식 홈페이지를 통해 공개한 12월 5주차 '인기가요' 차트에서 트와이스의 '하트 셰이커'가 1위로 올랐다.\n이로써 트와이스는 올해 음악방송에서만 36관왕으로 역대 최다 기록을 경신하며 2017년을 화려하게 마무리했다.\n올해 트와이스는 'TT'로 첫 트로피를 거머쥔 뒤, '낙낙(KNOCK KNOCK)'으로 9관왕, '시그널(SIGNAL)'로 12관왕, '라이키(Likey)'로 7관왕, '하트 셰이커'로 7관왕을 차지해 36관왕에 올랐다.\n이는 현 가요계 보이그룹과 걸그룹을 통틀어 한해 음악방송 1위 역대 최다 기록이다.\n트와이스는 이날 밤 일본대표 연말 특집 프로그램 NHK '홍백가합전'에 한국 가수로는 6년 만에 유일하게 출연해 눈길을 끌었다.\n트와이스는 'TT'의 일본어 버전을 선보이며 상큼하고 발랄한 매력을 뽐냈다.\n또한 내년 2월 7일 트와이스는 일본서 두 번째 싱글 '캔디 팝(Candy Pop)'을 발표하며 현지 팬들의 뜨거운 관심에 보답할 예정이다.",
		"partNum": "P2",
		"useType": 0,
		"processType": "A",
		"processPattern": "99",
		"processLevel": "하",
		"sentenceCount": 7,
		"processSentencenum": 1,
		"sentenceInfo": [
			{
				"sentenceNo": 1,
				"sentenceContent": "SBS '인기가요'가 공식 홈페이지를 통해 공개한 12월 5주차 '인기가요' 차트에서 트와이스의 '하트 셰이커'가 1위로 올랐다.",
				"sentenceSize": 72
			},
			{
				"sentenceNo": 2,
				"sentenceContent": "이로써 트와이스는 올해 음악방송에서만 36관왕으로 역대 최다 기록을 경신하며 2017년을 화려하게 마무리했다.",
				"sentenceSize": 61
			},
			{
				"sentenceNo": 3,
				"sentenceContent": "올해 트와이스는 'TT'로 첫 트로피를 거머쥔 뒤, '낙낙(KNOCK KNOCK)'으로 9관왕, '시그널(SIGNAL)'로 12관왕, '라이키(Likey)'로 7관왕, '하트 셰이커'로 7관왕을 차지해 36관왕에 올랐다.",
				"sentenceSize": 123
			},
			{
				"sentenceNo": 4,
				"sentenceContent": "이는 현 가요계 보이그룹과 걸그룹을 통틀어 한해 음악방송 1위 역대 최다 기록이다.",
				"sentenceSize": 46
			},
			{
				"sentenceNo": 5,
				"sentenceContent": "트와이스는 이날 밤 일본대표 연말 특집 프로그램 NHK '홍백가합전'에 한국 가수로는 6년 만에 유일하게 출연해 눈길을 끌었다.",
				"sentenceSize": 71
			},
			{
				"sentenceNo": 6,
				"sentenceContent": "트와이스는 'TT'의 일본어 버전을 선보이며 상큼하고 발랄한 매력을 뽐냈다.",
				"sentenceSize": 42
			},
			{
				"sentenceNo": 7,
				"sentenceContent": "또한 내년 2월 7일 트와이스는 일본서 두 번째 싱글 '캔디 팝(Candy Pop)'을 발표하며 현지 팬들의 뜨거운 관심에 보답할 예정이다.",
				"sentenceSize": 78
			}
		]
	},
	"labeledDataInfo": {
		"processSentenceInfo": [
			{
				"sentenceNo": 1,
				"sentenceContent": "SBS '인기가요'가 공식 홈페이지를 통해 공개한 12월 5주차 '인기가요' 차트에서 트와이스의 '하트 셰이커'가 1위로 올랐다.",
				"subjectConsistencyYn": "Y"
			},
			{
				"sentenceNo": 2,
				"sentenceContent": "이로써 트와이스는 올해 음악방송에서만 36관왕으로 역대 최다 기록을 경신하며 2017년을 화려하게 마무리했다.",
				"subjectConsistencyYn": "Y"
			},
			{
				"sentenceNo": 3,
				"sentenceContent": "올해 트와이스는 'TT'로 첫 트로피를 거머쥔 뒤, '낙낙(KNOCK KNOCK)'으로 9관왕, '시그널(SIGNAL)'로 12관왕, '라이키(Likey)'로 7관왕, '하트 셰이커'로 7관왕을 차지해 36관왕에 올랐다.",
				"subjectConsistencyYn": "Y"
			},
			{
				"sentenceNo": 4,
				"sentenceContent": "이는 현 가요계 보이그룹과 걸그룹을 통틀어 한해 음악방송 1위 역대 최다 기록이다.",
				"subjectConsistencyYn": "Y"
			},
			{
				"sentenceNo": 5,
				"sentenceContent": "트와이스는 이날 밤 일본대표 연말 특집 프로그램 NHK '홍백가합전'에 한국 가수로는 6년 만에 유일하게 출연해 눈길을 끌었다.",
				"subjectConsistencyYn": "Y"
			},
			{
				"sentenceNo": 6,
				"sentenceContent": "트와이스는 'TT'의 일본어 버전을 선보이며 상큼하고 발랄한 매력을 뽐냈다.",
				"subjectConsistencyYn": "Y"
			},
			{
				"sentenceNo": 7,
				"sentenceContent": "또 “어렸을 때는 감정 표현에 적극적이었다”며 “지금은 ‘슬프면 울어도 되나 기쁘면 웃어도 되나’를 고민 할 정도로 감정이 변화하는 폭이 달라졌다. 그것이 노래에 고스란히 들어가는 것 같다”고 말했다. ‘히든싱어4 김진호’ ‘히든싱어4 김진호’ 온라인 중앙일보 [사진 JTBC ‘히든싱어4’ 캡처]",
				"subjectConsistencyYn": "N"
			}
		],
		"clickbaitClass": 0
	}
}