{
	"sourceDataInfo": {
		"newsID": "ET_M03_494329",
		"newsCategory": "연예",
		"newsSubcategory": "연예가화제",
		"newsTitle": "매니저 실수로 부를 노래 4→10곡으로 늘어난 홍진영의 반응",
		"newsSubTitle": "",
		"newsContent": "가수 홍진영(33)이 경북 안동의 한 행사장에서 노래를 한 시간 동안 10곡을 불러야 했던 사연이 소개됐다.\n매니저의 일정 조율 실수 때문이었다.\n21일 방송된 MBC ‘전지적 참견 시점’에선 홍진영이 이 같은 상황에서도 여유를 잃지 않는 모습이 공개됐다.\n최근 경북 안동의 한 행사장에 방문한 홍진영은 차 안에서 “4곡만 부르면 된다”는 설명을 매니저에게서 들었다.\n하지만 행사장 대기실에서 기다리던 홍진영은 매니저의 일정 조율 실수로 10곡을 부르기로 했다는 얘기를 듣게 됐다.\n당황한 매니저는 “우리 노래 많이 해야 되거든요”라는 말만 더듬었다.\n매니저가 당황해 어쩔 줄 몰라 하는 모습을 본 홍진영은 오히려 매니저 옆에 다가가 \\\"괜찮다\\\"며 노래를 불러줬다.\n그러면서 본인 노래를 따라하라고 매니저를 이끌었다.\n매니저는 홍진영의 권유에 못 이겨 노래를 따라하다가도 다시 당황한 모습으로 돌아가는 일이 반복됐다.\n홍진영은 곧 매니저와 함께 이어질 무대에서 부를 10곡의 목록을 정리했다.\n이를 스튜디오에서 지켜본 유병재는 “너무 보기 좋다”고 했다.\n이영자도 “저게 (가수와 매니저의) 합이거든”이라며 “홍진영 다시봤다”며 치켜세웠다.",
		"partNum": "P2",
		"useType": 0,
		"processType": "A",
		"processPattern": "99",
		"processLevel": "하",
		"sentenceCount": 12,
		"processSentencenum": 3,
		"sentenceInfo": [
			{
				"sentenceNo": 1,
				"sentenceContent": "가수 홍진영(33)이 경북 안동의 한 행사장에서 노래를 한 시간 동안 10곡을 불러야 했던 사연이 소개됐다.",
				"sentenceSize": 60
			},
			{
				"sentenceNo": 2,
				"sentenceContent": "매니저의 일정 조율 실수 때문이었다.",
				"sentenceSize": 20
			},
			{
				"sentenceNo": 3,
				"sentenceContent": "21일 방송된 MBC ‘전지적 참견 시점’에선 홍진영이 이 같은 상황에서도 여유를 잃지 않는 모습이 공개됐다.",
				"sentenceSize": 61
			},
			{
				"sentenceNo": 4,
				"sentenceContent": "최근 경북 안동의 한 행사장에 방문한 홍진영은 차 안에서 “4곡만 부르면 된다”는 설명을 매니저에게서 들었다.",
				"sentenceSize": 61
			},
			{
				"sentenceNo": 5,
				"sentenceContent": "하지만 행사장 대기실에서 기다리던 홍진영은 매니저의 일정 조율 실수로 10곡을 부르기로 했다는 얘기를 듣게 됐다.",
				"sentenceSize": 63
			},
			{
				"sentenceNo": 6,
				"sentenceContent": "당황한 매니저는 “우리 노래 많이 해야 되거든요”라는 말만 더듬었다.",
				"sentenceSize": 38
			},
			{
				"sentenceNo": 7,
				"sentenceContent": "매니저가 당황해 어쩔 줄 몰라 하는 모습을 본 홍진영은 오히려 매니저 옆에 다가가 \\\"괜찮다\\\"며 노래를 불러줬다.",
				"sentenceSize": 64
			},
			{
				"sentenceNo": 8,
				"sentenceContent": "그러면서 본인 노래를 따라하라고 매니저를 이끌었다.",
				"sentenceSize": 28
			},
			{
				"sentenceNo": 9,
				"sentenceContent": "매니저는 홍진영의 권유에 못 이겨 노래를 따라하다가도 다시 당황한 모습으로 돌아가는 일이 반복됐다.",
				"sentenceSize": 55
			},
			{
				"sentenceNo": 10,
				"sentenceContent": "홍진영은 곧 매니저와 함께 이어질 무대에서 부를 10곡의 목록을 정리했다.",
				"sentenceSize": 41
			},
			{
				"sentenceNo": 11,
				"sentenceContent": "이를 스튜디오에서 지켜본 유병재는 “너무 보기 좋다”고 했다.",
				"sentenceSize": 34
			},
			{
				"sentenceNo": 12,
				"sentenceContent": "이영자도 “저게 (가수와 매니저의) 합이거든”이라며 “홍진영 다시봤다”며 치켜세웠다.",
				"sentenceSize": 47
			}
		]
	},
	"labeledDataInfo": {
		"processSentenceInfo": [
			{
				"sentenceNo": 1,
				"sentenceContent": "가수 홍진영(33)이 경북 안동의 한 행사장에서 노래를 한 시간 동안 10곡을 불러야 했던 사연이 소개됐다.",
				"subjectConsistencyYn": "Y"
			},
			{
				"sentenceNo": 2,
				"sentenceContent": "매니저의 일정 조율 실수 때문이었다.",
				"subjectConsistencyYn": "Y"
			},
			{
				"sentenceNo": 3,
				"sentenceContent": "21일 방송된 MBC ‘전지적 참견 시점’에선 홍진영이 이 같은 상황에서도 여유를 잃지 않는 모습이 공개됐다.",
				"subjectConsistencyYn": "Y"
			},
			{
				"sentenceNo": 4,
				"sentenceContent": "최근 경북 안동의 한 행사장에 방문한 홍진영은 차 안에서 “4곡만 부르면 된다”는 설명을 매니저에게서 들었다.",
				"subjectConsistencyYn": "Y"
			},
			{
				"sentenceNo": 5,
				"sentenceContent": "하지만 행사장 대기실에서 기다리던 홍진영은 매니저의 일정 조율 실수로 10곡을 부르기로 했다는 얘기를 듣게 됐다.",
				"subjectConsistencyYn": "Y"
			},
			{
				"sentenceNo": 6,
				"sentenceContent": "당황한 매니저는 “우리 노래 많이 해야 되거든요”라는 말만 더듬었다.",
				"subjectConsistencyYn": "Y"
			},
			{
				"sentenceNo": 7,
				"sentenceContent": "매니저가 당황해 어쩔 줄 몰라 하는 모습을 본 홍진영은 오히려 매니저 옆에 다가가 \\\"괜찮다\\\"며 노래를 불러줬다.",
				"subjectConsistencyYn": "Y"
			},
			{
				"sentenceNo": 8,
				"sentenceContent": "그러면서 본인 노래를 따라하라고 매니저를 이끌었다.",
				"subjectConsistencyYn": "Y"
			},
			{
				"sentenceNo": 9,
				"sentenceContent": "매니저는 홍진영의 권유에 못 이겨 노래를 따라하다가도 다시 당황한 모습으로 돌아가는 일이 반복됐다.",
				"subjectConsistencyYn": "Y"
			},
			{
				"sentenceNo": 10,
				"sentenceContent": "이뿐만 아니라 송혜교는 섬세한 로맨스, 친구들과 끈끈한 우정, 그리고 일을 향한 가슴 뜨거운 열정도 보여줬다.",
				"subjectConsistencyYn": "N"
			},
			{
				"sentenceNo": 11,
				"sentenceContent": "누군가의 선택에 따라 좌지우지되는 것이 아니라, 스스로 결정하는 주체적인 여자의 모습을 보여주며 많은 여성 시청자의 환호를 받고 있다.",
				"subjectConsistencyYn": "N"
			},
			{
				"sentenceNo": 12,
				"sentenceContent": "남은 3회 동안 ‘지헤중’에서 송혜교가 어떤 연기, 어떤 매력을 보여줄지 관심이 쏠린다. ‘지헤중’은 매주 금, 토요일 밤 10시 방송된다.",
				"subjectConsistencyYn": "N"
			}
		],
		"clickbaitClass": 0
	}
}