{
	"sourceDataInfo": {
		"newsID": "ET_M03_494419",
		"newsCategory": "연예",
		"newsSubcategory": "연예가화제",
		"newsTitle": "[공식입장] MBC \\\"무한도전 멤버 전원 하차…시즌2 아닌 새 포맷\\\"",
		"newsSubTitle": "",
		"newsContent": "31일 종영하는 무한도전의 출연 멤버들이 후속 작품에 출연하지 않는 것이 확정됐다.\nMBC측은 13일 보도자료를 통해 \\\"‘무한도전’은 변화에 대해서 여러 가지 방안을 두고 논의한 끝에 3월말 시즌을 마감하고 휴식기를 가지기로 결정했습니다\\\"라며 \\\"김태호PD는 당분간 준비할 시간을 갖고 가을 이후 ‘무한도전’ 새 시즌 또는 새 기획으로 다시 돌아올 예정입니다\\\"라고 밝혔다.\n이어 \\\"최행호PD가 준비 중인 ‘무한도전’ 후속 프로그램에는 ‘무한도전’ 멤버들은 참여하지 않습니다. 이는 출연자들의 의견과 여론을 따른 결정입니다. 후속 프로그램은 ‘무한도전’ 시즌2가 아닌 새 출연자와 새 포맷으로 새로운 프로그램이며, 오는 4월 방송 예정입니다\\\"라고 전했다.\n무한도전과 후속 프로그램 관련 MBC 공식입장. ‘무한도전’과 후속 프로그램 관련해 알려드립니다. ‘무한도전’은 변화에 대해서 여러 가지 방안을 두고 논의한 끝에 3월말 시즌을 마감하고 휴식기를 가지기로 결정했습니다.\n김태호PD는 당분간 준비할 시간을 갖고 가을 이후 ‘무한도전’ 새 시즌 또는 새 기획으로 다시 돌아올 예정입니다.\n최행호PD가 준비 중인 ‘무한도전’ 후속 프로그램에는 ‘무한도전’ 멤버들은 참여하지 않습니다.\n이는 출연자들의 의견과 여론을 따른 결정입니다.\n후속 프로그램은 ‘무한도전’ 시즌2가 아닌 새 출연자와 새 포맷으로 새로운 프로그램이며, 오는 4월 방송 예정입니다.\n앞으로도 ‘무한도전’의 새로운 도전과 후속 프로그램에 많은 관심과 사랑 부탁드립니다.",
		"partNum": "P2",
		"useType": 0,
		"processType": "A",
		"processPattern": "99",
		"processLevel": "하",
		"sentenceCount": 9,
		"processSentencenum": 2,
		"sentenceInfo": [
			{
				"sentenceNo": 1,
				"sentenceContent": "31일 종영하는 무한도전의 출연 멤버들이 후속 작품에 출연하지 않는 것이 확정됐다.",
				"sentenceSize": 46
			},
			{
				"sentenceNo": 2,
				"sentenceContent": "MBC측은 13일 보도자료를 통해 \\\"‘무한도전’은 변화에 대해서 여러 가지 방안을 두고 논의한 끝에 3월말 시즌을 마감하고 휴식기를 가지기로 결정했습니다\\\"라며 \\\"김태호PD는 당분간 준비할 시간을 갖고 가을 이후 ‘무한도전’ 새 시즌 또는 새 기획으로 다시 돌아올 예정입니다\\\"라고 밝혔다.",
				"sentenceSize": 164
			},
			{
				"sentenceNo": 3,
				"sentenceContent": "이어 \\\"최행호PD가 준비 중인 ‘무한도전’ 후속 프로그램에는 ‘무한도전’ 멤버들은 참여하지 않습니다. 이는 출연자들의 의견과 여론을 따른 결정입니다. 후속 프로그램은 ‘무한도전’ 시즌2가 아닌 새 출연자와 새 포맷으로 새로운 프로그램이며, 오는 4월 방송 예정입니다\\\"라고 전했다.",
				"sentenceSize": 158
			},
			{
				"sentenceNo": 4,
				"sentenceContent": "무한도전과 후속 프로그램 관련 MBC 공식입장. ‘무한도전’과 후속 프로그램 관련해 알려드립니다. ‘무한도전’은 변화에 대해서 여러 가지 방안을 두고 논의한 끝에 3월말 시즌을 마감하고 휴식기를 가지기로 결정했습니다.",
				"sentenceSize": 121
			},
			{
				"sentenceNo": 5,
				"sentenceContent": "김태호PD는 당분간 준비할 시간을 갖고 가을 이후 ‘무한도전’ 새 시즌 또는 새 기획으로 다시 돌아올 예정입니다.",
				"sentenceSize": 63
			},
			{
				"sentenceNo": 6,
				"sentenceContent": "최행호PD가 준비 중인 ‘무한도전’ 후속 프로그램에는 ‘무한도전’ 멤버들은 참여하지 않습니다.",
				"sentenceSize": 52
			},
			{
				"sentenceNo": 7,
				"sentenceContent": "이는 출연자들의 의견과 여론을 따른 결정입니다.",
				"sentenceSize": 26
			},
			{
				"sentenceNo": 8,
				"sentenceContent": "후속 프로그램은 ‘무한도전’ 시즌2가 아닌 새 출연자와 새 포맷으로 새로운 프로그램이며, 오는 4월 방송 예정입니다.",
				"sentenceSize": 65
			},
			{
				"sentenceNo": 9,
				"sentenceContent": "앞으로도 ‘무한도전’의 새로운 도전과 후속 프로그램에 많은 관심과 사랑 부탁드립니다.",
				"sentenceSize": 47
			}
		]
	},
	"labeledDataInfo": {
		"processSentenceInfo": [
			{
				"sentenceNo": 1,
				"sentenceContent": "31일 종영하는 무한도전의 출연 멤버들이 후속 작품에 출연하지 않는 것이 확정됐다.",
				"subjectConsistencyYn": "Y"
			},
			{
				"sentenceNo": 2,
				"sentenceContent": "MBC측은 13일 보도자료를 통해 \\\"‘무한도전’은 변화에 대해서 여러 가지 방안을 두고 논의한 끝에 3월말 시즌을 마감하고 휴식기를 가지기로 결정했습니다\\\"라며 \\\"김태호PD는 당분간 준비할 시간을 갖고 가을 이후 ‘무한도전’ 새 시즌 또는 새 기획으로 다시 돌아올 예정입니다\\\"라고 밝혔다.",
				"subjectConsistencyYn": "Y"
			},
			{
				"sentenceNo": 3,
				"sentenceContent": "이어 \\\"최행호PD가 준비 중인 ‘무한도전’ 후속 프로그램에는 ‘무한도전’ 멤버들은 참여하지 않습니다. 이는 출연자들의 의견과 여론을 따른 결정입니다. 후속 프로그램은 ‘무한도전’ 시즌2가 아닌 새 출연자와 새 포맷으로 새로운 프로그램이며, 오는 4월 방송 예정입니다\\\"라고 전했다.",
				"subjectConsistencyYn": "Y"
			},
			{
				"sentenceNo": 4,
				"sentenceContent": "무한도전과 후속 프로그램 관련 MBC 공식입장. ‘무한도전’과 후속 프로그램 관련해 알려드립니다. ‘무한도전’은 변화에 대해서 여러 가지 방안을 두고 논의한 끝에 3월말 시즌을 마감하고 휴식기를 가지기로 결정했습니다.",
				"subjectConsistencyYn": "Y"
			},
			{
				"sentenceNo": 5,
				"sentenceContent": "김태호PD는 당분간 준비할 시간을 갖고 가을 이후 ‘무한도전’ 새 시즌 또는 새 기획으로 다시 돌아올 예정입니다.",
				"subjectConsistencyYn": "Y"
			},
			{
				"sentenceNo": 6,
				"sentenceContent": "최행호PD가 준비 중인 ‘무한도전’ 후속 프로그램에는 ‘무한도전’ 멤버들은 참여하지 않습니다.",
				"subjectConsistencyYn": "Y"
			},
			{
				"sentenceNo": 7,
				"sentenceContent": "이는 출연자들의 의견과 여론을 따른 결정입니다.",
				"subjectConsistencyYn": "Y"
			},
			{
				"sentenceNo": 8,
				"sentenceContent": "아이의 이름으로 만나 자신의 이름을 되찾아가는 엄마들의 이야기를 다룬 ‘그린마더스클럽’은 초등 커뮤니티의 위험한 민낯과 엄마들의 수상한 관계망을 그리며 몰입감을 불어넣었다.",
				"subjectConsistencyYn": "N"
			},
			{
				"sentenceNo": 9,
				"sentenceContent": "무엇보다 자신의 비밀을 지키기 위한 엄마들의 치열한 심리전은 매회 차원이 다른 긴장감을 선사하며 다음 이야기를 기다려지게 했다.",
				"subjectConsistencyYn": "N"
			},
			{
				"sentenceNo": 10,
				"sentenceContent": "뿐만 아니라 대한민국 엄마라면 누구도 피할 수 없는 초등 커뮤니티의 생태계를 반영해 깊은 공감대를 형성했다.",
				"subjectConsistencyYn": "N"
			},
			{
				"sentenceNo": 11,
				"sentenceContent": "여기에는 배우 이요원(이은표 역), 추자현(변춘희 역), 김규리(서진하 역), 장혜진(김영미 역), 주민경(박윤주 역)의 쫀쫀한 연기 호흡과 감각적인 연출, 분위기를 배가시켜주는 음악까지 극을 이루는 모든 요소가 어우러져 캐릭터와 서사에 힘을 더했다.",
				"subjectConsistencyYn": "N"
			},
			{
				"sentenceNo": 12,
				"sentenceContent": "이렇게 다시 시작된 엄마들의 평범한 일상으로 깊은 여운을 남긴 JTBC 수목드라마 ‘그린마더스클럽’은 ‘어른들도 목적 없이 친구가 될 수 있다’는 답을 제시하며 ‘신입맘’의 긴 여정을 해피엔딩으로 매듭지었다.",
				"subjectConsistencyYn": "N"
			}
		],
		"clickbaitClass": 0
	}
}