{
	"sourceDataInfo": {
		"newsID": "ET_M03_494481",
		"newsCategory": "연예",
		"newsSubcategory": "연예가화제",
		"newsTitle": "콘서트에서 눈물 흘리며 노래하는 백지영",
		"newsSubTitle": "",
		"newsContent": "가수 백지영(42)이 자신의 콘서트 도중 눈물을 흘리는 모습이 네티즌 사이에서 화제다.\n15일 인스타그램 등 소셜네트워크서비스(SNS)에는 백지영의 콘서트 영상이 올라왔다.\n한 네티즌이 올린 이 영상은 게재 하루 만인 16일 오전 기준 인스타그램에서 조회 수 150만회를 넘어섰다.\n백지영은 10일 오후 3시와 오후 7시 올림픽공원 올림픽홀에서 콘서트 '웰컴 백'을 열었다.\n백지영은 콘서트를 하루 앞둔 9일 남편인 배우 정석원(33)이 마약 투약 혐의로 경찰에 긴급체포됐다는 사실이 알려져 많은 이들이 백지영을 걱정했었다.\n그러나 그는 \\\"콘서트는 관객과의 약속\\\"이라며 콘서트를 예정대로 진행했다.\n공개된 영상에 따르면 백지영은 자신의 히트곡 '잊지 말아요'를 부르고 있다.\n목이 메 노래를 부르지 못하자 관객들이 박수를 보냈다.\n또 다른 영상에 따르면 그는 히트곡 '사랑 안 해'를 부르면서는 객석 곳곳을 돌아다니며 관객들과 인사했다.\n백지영은 이날 콘서트에서 \\\"기사를 통해 소식을 접하고 아무것도 모른 채 10년 같은 시간을 보냈다\\\"며 \\\"남편의 큰 잘못으로 염려를 끼치고 실망 드린 점 아내로서 동반자로서 정말 죄송하다. 같이 반성하겠다\\\"고 사과했다.",
		"partNum": "P2",
		"useType": 0,
		"processType": "A",
		"processPattern": "99",
		"processLevel": "하",
		"sentenceCount": 10,
		"processSentencenum": 1,
		"sentenceInfo": [
			{
				"sentenceNo": 1,
				"sentenceContent": "가수 백지영(42)이 자신의 콘서트 도중 눈물을 흘리는 모습이 네티즌 사이에서 화제다.",
				"sentenceSize": 48
			},
			{
				"sentenceNo": 2,
				"sentenceContent": "15일 인스타그램 등 소셜네트워크서비스(SNS)에는 백지영의 콘서트 영상이 올라왔다.",
				"sentenceSize": 47
			},
			{
				"sentenceNo": 3,
				"sentenceContent": "한 네티즌이 올린 이 영상은 게재 하루 만인 16일 오전 기준 인스타그램에서 조회 수 150만회를 넘어섰다.",
				"sentenceSize": 60
			},
			{
				"sentenceNo": 4,
				"sentenceContent": "백지영은 10일 오후 3시와 오후 7시 올림픽공원 올림픽홀에서 콘서트 '웰컴 백'을 열었다.",
				"sentenceSize": 51
			},
			{
				"sentenceNo": 5,
				"sentenceContent": "백지영은 콘서트를 하루 앞둔 9일 남편인 배우 정석원(33)이 마약 투약 혐의로 경찰에 긴급체포됐다는 사실이 알려져 많은 이들이 백지영을 걱정했었다.",
				"sentenceSize": 83
			},
			{
				"sentenceNo": 6,
				"sentenceContent": "그러나 그는 \\\"콘서트는 관객과의 약속\\\"이라며 콘서트를 예정대로 진행했다.",
				"sentenceSize": 42
			},
			{
				"sentenceNo": 7,
				"sentenceContent": "공개된 영상에 따르면 백지영은 자신의 히트곡 '잊지 말아요'를 부르고 있다.",
				"sentenceSize": 42
			},
			{
				"sentenceNo": 8,
				"sentenceContent": "목이 메 노래를 부르지 못하자 관객들이 박수를 보냈다.",
				"sentenceSize": 30
			},
			{
				"sentenceNo": 9,
				"sentenceContent": "또 다른 영상에 따르면 그는 히트곡 '사랑 안 해'를 부르면서는 객석 곳곳을 돌아다니며 관객들과 인사했다.",
				"sentenceSize": 59
			},
			{
				"sentenceNo": 10,
				"sentenceContent": "백지영은 이날 콘서트에서 \\\"기사를 통해 소식을 접하고 아무것도 모른 채 10년 같은 시간을 보냈다\\\"며 \\\"남편의 큰 잘못으로 염려를 끼치고 실망 드린 점 아내로서 동반자로서 정말 죄송하다. 같이 반성하겠다\\\"고 사과했다.",
				"sentenceSize": 125
			}
		]
	},
	"labeledDataInfo": {
		"processSentenceInfo": [
			{
				"sentenceNo": 1,
				"sentenceContent": "가수 백지영(42)이 자신의 콘서트 도중 눈물을 흘리는 모습이 네티즌 사이에서 화제다.",
				"subjectConsistencyYn": "Y"
			},
			{
				"sentenceNo": 2,
				"sentenceContent": "15일 인스타그램 등 소셜네트워크서비스(SNS)에는 백지영의 콘서트 영상이 올라왔다.",
				"subjectConsistencyYn": "Y"
			},
			{
				"sentenceNo": 3,
				"sentenceContent": "한 네티즌이 올린 이 영상은 게재 하루 만인 16일 오전 기준 인스타그램에서 조회 수 150만회를 넘어섰다.",
				"subjectConsistencyYn": "Y"
			},
			{
				"sentenceNo": 4,
				"sentenceContent": "백지영은 10일 오후 3시와 오후 7시 올림픽공원 올림픽홀에서 콘서트 '웰컴 백'을 열었다.",
				"subjectConsistencyYn": "Y"
			},
			{
				"sentenceNo": 5,
				"sentenceContent": "백지영은 콘서트를 하루 앞둔 9일 남편인 배우 정석원(33)이 마약 투약 혐의로 경찰에 긴급체포됐다는 사실이 알려져 많은 이들이 백지영을 걱정했었다.",
				"subjectConsistencyYn": "Y"
			},
			{
				"sentenceNo": 6,
				"sentenceContent": "그러나 그는 \\\"콘서트는 관객과의 약속\\\"이라며 콘서트를 예정대로 진행했다.",
				"subjectConsistencyYn": "Y"
			},
			{
				"sentenceNo": 7,
				"sentenceContent": "공개된 영상에 따르면 백지영은 자신의 히트곡 '잊지 말아요'를 부르고 있다.",
				"subjectConsistencyYn": "Y"
			},
			{
				"sentenceNo": 8,
				"sentenceContent": "목이 메 노래를 부르지 못하자 관객들이 박수를 보냈다.",
				"subjectConsistencyYn": "Y"
			},
			{
				"sentenceNo": 9,
				"sentenceContent": "또 다른 영상에 따르면 그는 히트곡 '사랑 안 해'를 부르면서는 객석 곳곳을 돌아다니며 관객들과 인사했다.",
				"subjectConsistencyYn": "Y"
			},
			{
				"sentenceNo": 10,
				"sentenceContent": "누리꾼들은 \\\"언프리티 랩스타 시즌2 예지, 멋지다\\\", \\\"언프리티 랩스타 시즌2 예지, 대박이네\\\", \\\"언프리티 랩스타 시즌2 예지, 멋지다\\\" 등 다양한 반응을 보였다.",
				"subjectConsistencyYn": "N"
			}
		],
		"clickbaitClass": 0
	}
}