{
	"sourceDataInfo": {
		"newsID": "ET_M03_494334",
		"newsCategory": "연예",
		"newsSubcategory": "연예가화제",
		"newsTitle": "방통심의위, 차명진 ‘떼놈’ 발언 내보낸 MBN “문제없음” 결정",
		"newsSubTitle": "",
		"newsContent": "중국 정부를 ‘떼놈’이라고 비하한 차명진 전 의원의 발언을 내보낸 MBN에 대해 방통위가 ‘문제없음’ 결정을 내렸다.\n방송통신심의위원회 방송심의소위원회는 12일 오후 회의에서 지난해 12월 15일 방영된 MBN ‘뉴스와이드’에 대해 전원합의로 이같이 결정했다.\n차명진 전 의원은 당시 방송에서 문재인 대통령의 방중 성과에 대해 대담을 나눴다.\n차 전 의원은 “떼놈이 지금 우리 보고 절 하라는거 아닙니까?”라며 중국을 비하했다.\n방송소위는 차 전 의원이 문제가 있는 발언을 했지만 진행자가 제지했고, 당사자가 즉각적으로 사과한 점을 감안해 MBN에 대해 ‘문제 없음’으로 의결했다는 입장이다.\nMBN이 차명진 전 의원에 대해 ‘일정 기간 출연금지 조치’를 내린 점도 심의에 반영된 것으로 알려졌다.\n차 전 의원은 종합편성채널에 단골 패널로 출연하면서 여러차례 막말 논란을 일으켰다.\n2015년 5월 2일 TV조선 ‘이봉규의 정치옥타곤’에 출연했을 당시에는 “문재인 의원이 얘기하고 행동하는 걸 보면 꼭 대학교 3학년 운동권 같다” “탈레반 정신이다. 나라를 이끌어 가기에 문제가 있다”고 비난해 논란이 됐다.\n차 전 의원은 2014년 10월31일 채널A ‘뉴스특급’에 출연해 성남시 환풍구 사고에 대한 이재명 시장 책임론을 제기하며 “종북논란이 있는 사람에게 수의계약을 체결할 수 있도록 도움을 줬다” “사이가 안 좋다는 이유로 친형을 정신병원에 입원시켰다”는 발언을 했다.\n이후 차명진 전 의원은 이재명 시장으로부터 고소를 당해 패소했다.",
		"partNum": "P2",
		"useType": 0,
		"processType": "A",
		"processPattern": "99",
		"processLevel": "하",
		"sentenceCount": 10,
		"processSentencenum": 1,
		"sentenceInfo": [
			{
				"sentenceNo": 1,
				"sentenceContent": "중국 정부를 ‘떼놈’이라고 비하한 차명진 전 의원의 발언을 내보낸 MBN에 대해 방통위가 ‘문제없음’ 결정을 내렸다.",
				"sentenceSize": 65
			},
			{
				"sentenceNo": 2,
				"sentenceContent": "방송통신심의위원회 방송심의소위원회는 12일 오후 회의에서 지난해 12월 15일 방영된 MBN ‘뉴스와이드’에 대해 전원합의로 이같이 결정했다.",
				"sentenceSize": 79
			},
			{
				"sentenceNo": 3,
				"sentenceContent": "차명진 전 의원은 당시 방송에서 문재인 대통령의 방중 성과에 대해 대담을 나눴다.",
				"sentenceSize": 45
			},
			{
				"sentenceNo": 4,
				"sentenceContent": "차 전 의원은 “떼놈이 지금 우리 보고 절 하라는거 아닙니까?”라며 중국을 비하했다.",
				"sentenceSize": 47
			},
			{
				"sentenceNo": 5,
				"sentenceContent": "방송소위는 차 전 의원이 문제가 있는 발언을 했지만 진행자가 제지했고, 당사자가 즉각적으로 사과한 점을 감안해 MBN에 대해 ‘문제 없음’으로 의결했다는 입장이다.",
				"sentenceSize": 91
			},
			{
				"sentenceNo": 6,
				"sentenceContent": "MBN이 차명진 전 의원에 대해 ‘일정 기간 출연금지 조치’를 내린 점도 심의에 반영된 것으로 알려졌다.",
				"sentenceSize": 58
			},
			{
				"sentenceNo": 7,
				"sentenceContent": "차 전 의원은 종합편성채널에 단골 패널로 출연하면서 여러차례 막말 논란을 일으켰다.",
				"sentenceSize": 46
			},
			{
				"sentenceNo": 8,
				"sentenceContent": "2015년 5월 2일 TV조선 ‘이봉규의 정치옥타곤’에 출연했을 당시에는 “문재인 의원이 얘기하고 행동하는 걸 보면 꼭 대학교 3학년 운동권 같다” “탈레반 정신이다. 나라를 이끌어 가기에 문제가 있다”고 비난해 논란이 됐다.",
				"sentenceSize": 126
			},
			{
				"sentenceNo": 9,
				"sentenceContent": "차 전 의원은 2014년 10월31일 채널A ‘뉴스특급’에 출연해 성남시 환풍구 사고에 대한 이재명 시장 책임론을 제기하며 “종북논란이 있는 사람에게 수의계약을 체결할 수 있도록 도움을 줬다” “사이가 안 좋다는 이유로 친형을 정신병원에 입원시켰다”는 발언을 했다.",
				"sentenceSize": 148
			},
			{
				"sentenceNo": 10,
				"sentenceContent": "이후 차명진 전 의원은 이재명 시장으로부터 고소를 당해 패소했다.",
				"sentenceSize": 36
			}
		]
	},
	"labeledDataInfo": {
		"processSentenceInfo": [
			{
				"sentenceNo": 1,
				"sentenceContent": "중국 정부를 ‘떼놈’이라고 비하한 차명진 전 의원의 발언을 내보낸 MBN에 대해 방통위가 ‘문제없음’ 결정을 내렸다.",
				"subjectConsistencyYn": "Y"
			},
			{
				"sentenceNo": 2,
				"sentenceContent": "방송통신심의위원회 방송심의소위원회는 12일 오후 회의에서 지난해 12월 15일 방영된 MBN ‘뉴스와이드’에 대해 전원합의로 이같이 결정했다.",
				"subjectConsistencyYn": "Y"
			},
			{
				"sentenceNo": 3,
				"sentenceContent": "차명진 전 의원은 당시 방송에서 문재인 대통령의 방중 성과에 대해 대담을 나눴다.",
				"subjectConsistencyYn": "Y"
			},
			{
				"sentenceNo": 4,
				"sentenceContent": "차 전 의원은 “떼놈이 지금 우리 보고 절 하라는거 아닙니까?”라며 중국을 비하했다.",
				"subjectConsistencyYn": "Y"
			},
			{
				"sentenceNo": 5,
				"sentenceContent": "방송소위는 차 전 의원이 문제가 있는 발언을 했지만 진행자가 제지했고, 당사자가 즉각적으로 사과한 점을 감안해 MBN에 대해 ‘문제 없음’으로 의결했다는 입장이다.",
				"subjectConsistencyYn": "Y"
			},
			{
				"sentenceNo": 6,
				"sentenceContent": "MBN이 차명진 전 의원에 대해 ‘일정 기간 출연금지 조치’를 내린 점도 심의에 반영된 것으로 알려졌다.",
				"subjectConsistencyYn": "Y"
			},
			{
				"sentenceNo": 7,
				"sentenceContent": "차 전 의원은 종합편성채널에 단골 패널로 출연하면서 여러차례 막말 논란을 일으켰다.",
				"subjectConsistencyYn": "Y"
			},
			{
				"sentenceNo": 8,
				"sentenceContent": "2015년 5월 2일 TV조선 ‘이봉규의 정치옥타곤’에 출연했을 당시에는 “문재인 의원이 얘기하고 행동하는 걸 보면 꼭 대학교 3학년 운동권 같다” “탈레반 정신이다. 나라를 이끌어 가기에 문제가 있다”고 비난해 논란이 됐다.",
				"subjectConsistencyYn": "Y"
			},
			{
				"sentenceNo": 9,
				"sentenceContent": "차 전 의원은 2014년 10월31일 채널A ‘뉴스특급’에 출연해 성남시 환풍구 사고에 대한 이재명 시장 책임론을 제기하며 “종북논란이 있는 사람에게 수의계약을 체결할 수 있도록 도움을 줬다” “사이가 안 좋다는 이유로 친형을 정신병원에 입원시켰다”는 발언을 했다.",
				"subjectConsistencyYn": "Y"
			},
			{
				"sentenceNo": 10,
				"sentenceContent": "오랫동안 아프리카 자선 사업가로 활동해 온 마라의 실제 모습이 묻어나는 수작이다.",
				"subjectConsistencyYn": "N"
			},
			{
				"sentenceNo": 11,
				"sentenceContent": "6 마라의 출세작을 한 편만 꼽자면 단연 ‘밀레니엄:여자를 증오한 남자들’(2011, 데이비드 핀처 감독·사진 6-2)이다.",
				"subjectConsistencyYn": "N"
			},
			{
				"sentenceNo": 12,
				"sentenceContent": "펑크와 고딕이 뒤섞인 패션 스타일에 새카맣게 염색한 머리, 눈썹 탈색, 양쪽 귀와 이마 등 네 차례의 실제 피어싱까지. 마라는 원작 소설을 찢고 나온 듯 외모까지 완벽하게 재현한 천재 해커 리스베트 역으로 단숨에 세계적 스타덤에 올랐다.",
				"subjectConsistencyYn": "N"
			},
			{
				"sentenceNo": 13,
				"sentenceContent": "캐스팅 후보로 거론됐던 나탈리 포트먼·스칼렛 요한슨 등 쟁쟁한 경쟁자들을 제칠 만했다.",
				"subjectConsistencyYn": "N"
			},
			{
				"sentenceNo": 14,
				"sentenceContent": "마라의 변신 욕구는 ‘피터팬’ 스토리를 비튼 영화 ‘팬’(2015, 조 라이트 감독·사진 6-1)의 타이거 릴리 역에서 또 다시 발휘됐다.",
				"subjectConsistencyYn": "N"
			}
		],
		"clickbaitClass": 0
	}
}