{
	"sourceDataInfo": {
		"newsID": "ET_M03_494582",
		"newsCategory": "연예",
		"newsSubcategory": "연예가화제",
		"newsTitle": "연예계 데뷔 준비했었다는 얼짱 치어리더 이주희",
		"newsSubTitle": "",
		"newsContent": "경기장을 찾은 팬들에게 즐거움을 주는 것은 파워풀한 농구경기뿐만 아니다.\n화려한 안무를 선보이며 응원을 돕는 치어리더는 경기를 몇 배 더 재미있게 만들어준다.\n지난해 10월 KBL이 개막하고 각 구단의 치어리더팀 신인들이 대거 등장했다.\n그중에서도 인천 전자랜드 엘리펀츠의 치어리더팀 팜팜의 이주희가 특히 팬들의 이목을 샀다.\n이주희는 치어리더로 데뷔하기 전 기획사를 통해 연예계 데뷔를 준비했다고 알려졌다.\n이 때문에 자신의 경험을 살려 치어리더로 데뷔하게 됐다.\n올해 24살의 이주희는 170㎝의 길고 날씬한 몸매의 소유자다.\n하지만 매우 어려 보이는 반전 페이스를 가지고 있다.\n이주희가 코트에 등장하자 그녀의 SNS에는 그녀를 응원하는 팬들이 여럿 나타났다.\n그녀의 일상 사진, 치어리딩 현장 사진 게시물에 팬들은 \\\"오늘부터 전자랜드 팬이다\\\" \\\"너무 귀여워요! 응원하겠습니다\\\" \\\"직관했는데 심장이 멎을뻔했다\\\" 등의 반응을 보였다.",
		"partNum": "P2",
		"useType": 0,
		"processType": "A",
		"processPattern": "99",
		"processLevel": "하",
		"sentenceCount": 10,
		"processSentencenum": 1,
		"sentenceInfo": [
			{
				"sentenceNo": 1,
				"sentenceContent": "경기장을 찾은 팬들에게 즐거움을 주는 것은 파워풀한 농구경기뿐만 아니다.",
				"sentenceSize": 40
			},
			{
				"sentenceNo": 2,
				"sentenceContent": "화려한 안무를 선보이며 응원을 돕는 치어리더는 경기를 몇 배 더 재미있게 만들어준다.",
				"sentenceSize": 47
			},
			{
				"sentenceNo": 3,
				"sentenceContent": "지난해 10월 KBL이 개막하고 각 구단의 치어리더팀 신인들이 대거 등장했다.",
				"sentenceSize": 43
			},
			{
				"sentenceNo": 4,
				"sentenceContent": "그중에서도 인천 전자랜드 엘리펀츠의 치어리더팀 팜팜의 이주희가 특히 팬들의 이목을 샀다.",
				"sentenceSize": 49
			},
			{
				"sentenceNo": 5,
				"sentenceContent": "이주희는 치어리더로 데뷔하기 전 기획사를 통해 연예계 데뷔를 준비했다고 알려졌다.",
				"sentenceSize": 45
			},
			{
				"sentenceNo": 6,
				"sentenceContent": "이 때문에 자신의 경험을 살려 치어리더로 데뷔하게 됐다.",
				"sentenceSize": 31
			},
			{
				"sentenceNo": 7,
				"sentenceContent": "올해 24살의 이주희는 170㎝의 길고 날씬한 몸매의 소유자다.",
				"sentenceSize": 35
			},
			{
				"sentenceNo": 8,
				"sentenceContent": "하지만 매우 어려 보이는 반전 페이스를 가지고 있다.",
				"sentenceSize": 29
			},
			{
				"sentenceNo": 9,
				"sentenceContent": "이주희가 코트에 등장하자 그녀의 SNS에는 그녀를 응원하는 팬들이 여럿 나타났다.",
				"sentenceSize": 45
			},
			{
				"sentenceNo": 10,
				"sentenceContent": "그녀의 일상 사진, 치어리딩 현장 사진 게시물에 팬들은 \\\"오늘부터 전자랜드 팬이다\\\" \\\"너무 귀여워요! 응원하겠습니다\\\" \\\"직관했는데 심장이 멎을뻔했다\\\" 등의 반응을 보였다.",
				"sentenceSize": 101
			}
		]
	},
	"labeledDataInfo": {
		"processSentenceInfo": [
			{
				"sentenceNo": 1,
				"sentenceContent": "경기장을 찾은 팬들에게 즐거움을 주는 것은 파워풀한 농구경기뿐만 아니다.",
				"subjectConsistencyYn": "Y"
			},
			{
				"sentenceNo": 2,
				"sentenceContent": "화려한 안무를 선보이며 응원을 돕는 치어리더는 경기를 몇 배 더 재미있게 만들어준다.",
				"subjectConsistencyYn": "Y"
			},
			{
				"sentenceNo": 3,
				"sentenceContent": "지난해 10월 KBL이 개막하고 각 구단의 치어리더팀 신인들이 대거 등장했다.",
				"subjectConsistencyYn": "Y"
			},
			{
				"sentenceNo": 4,
				"sentenceContent": "그중에서도 인천 전자랜드 엘리펀츠의 치어리더팀 팜팜의 이주희가 특히 팬들의 이목을 샀다.",
				"subjectConsistencyYn": "Y"
			},
			{
				"sentenceNo": 5,
				"sentenceContent": "이주희는 치어리더로 데뷔하기 전 기획사를 통해 연예계 데뷔를 준비했다고 알려졌다.",
				"subjectConsistencyYn": "Y"
			},
			{
				"sentenceNo": 6,
				"sentenceContent": "이 때문에 자신의 경험을 살려 치어리더로 데뷔하게 됐다.",
				"subjectConsistencyYn": "Y"
			},
			{
				"sentenceNo": 7,
				"sentenceContent": "올해 24살의 이주희는 170㎝의 길고 날씬한 몸매의 소유자다.",
				"subjectConsistencyYn": "Y"
			},
			{
				"sentenceNo": 8,
				"sentenceContent": "하지만 매우 어려 보이는 반전 페이스를 가지고 있다.",
				"subjectConsistencyYn": "Y"
			},
			{
				"sentenceNo": 9,
				"sentenceContent": "이주희가 코트에 등장하자 그녀의 SNS에는 그녀를 응원하는 팬들이 여럿 나타났다.",
				"subjectConsistencyYn": "Y"
			},
			{
				"sentenceNo": 10,
				"sentenceContent": "이 악플러들은 베이커리 주문을 받고 있는 메신저를 통해 악성 메시지를 보낸 것으로 알려졌다.",
				"subjectConsistencyYn": "N"
			},
			{
				"sentenceNo": 11,
				"sentenceContent": "이에 대해 조민아는 자신의 소셜네트워크서비스(SNS)에 “입에 담을 수조차 없는 성적 모독이나 인격을 말살하는 욕설 등의 언어폭력에 대해서 더는 참고 고통받을 수 없어 법적 대응을 하게 되었다”고 밝혔다.",
				"subjectConsistencyYn": "N"
			}
		],
		"clickbaitClass": 0
	}
}