{
	"sourceDataInfo": {
		"newsID": "ET_M03_494325",
		"newsCategory": "연예",
		"newsSubcategory": "연예가화제",
		"newsTitle": "홍지민 29㎏ 감량 인증…다이어트 비법 보니",
		"newsSubTitle": "",
		"newsContent": "뮤지컬 배우 홍지민(44)이 29㎏을 감량했다고 밝혀 화제다.\n홍지민은 23일 자신의 인스타그램에 \\\"내 인생 최고의 작품 '드림걸즈' 때와 지금\\\"이라며 비교 사진을 올렸다.\n홍지민은 2009년 뮤지컬 '드림걸즈'로 제15회 한국뮤지컬대상 여우주연상을 받았다.\n그로부터 9년 후 홍지민은 29㎏을 감량했다.\n홍지민은 \\\"같은 옷 다른 사람\\\"이라며 \\\"내가 했다면 누구나 다할 수 있다\\\"고 했다.\n이와 함께 홍지민은 뮤지컬 '브로드웨이 42번가' 촬영 컷을 공개하기도 했다.\n홍지민은 과거 다이어트 비결을 묻는 한 네티즌 질문에 ▶칼로리 계산해서 먹기 ▶러닝머신 스피드 5.5에 놓고 30분 이상 걷기 ▶금주 라고 답한 적 있다고 한다.",
		"partNum": "P2",
		"useType": 0,
		"processType": "A",
		"processPattern": "99",
		"processLevel": "하",
		"sentenceCount": 7,
		"processSentencenum": 2,
		"sentenceInfo": [
			{
				"sentenceNo": 1,
				"sentenceContent": "뮤지컬 배우 홍지민(44)이 29㎏을 감량했다고 밝혀 화제다.",
				"sentenceSize": 34
			},
			{
				"sentenceNo": 2,
				"sentenceContent": "홍지민은 23일 자신의 인스타그램에 \\\"내 인생 최고의 작품 '드림걸즈' 때와 지금\\\"이라며 비교 사진을 올렸다.",
				"sentenceSize": 63
			},
			{
				"sentenceNo": 3,
				"sentenceContent": "홍지민은 2009년 뮤지컬 '드림걸즈'로 제15회 한국뮤지컬대상 여우주연상을 받았다.",
				"sentenceSize": 47
			},
			{
				"sentenceNo": 4,
				"sentenceContent": "그로부터 9년 후 홍지민은 29㎏을 감량했다.",
				"sentenceSize": 25
			},
			{
				"sentenceNo": 5,
				"sentenceContent": "홍지민은 \\\"같은 옷 다른 사람\\\"이라며 \\\"내가 했다면 누구나 다할 수 있다\\\"고 했다.",
				"sentenceSize": 50
			},
			{
				"sentenceNo": 6,
				"sentenceContent": "이와 함께 홍지민은 뮤지컬 '브로드웨이 42번가' 촬영 컷을 공개하기도 했다.",
				"sentenceSize": 43
			},
			{
				"sentenceNo": 7,
				"sentenceContent": "홍지민은 과거 다이어트 비결을 묻는 한 네티즌 질문에 ▶칼로리 계산해서 먹기 ▶러닝머신 스피드 5.5에 놓고 30분 이상 걷기 ▶금주 라고 답한 적 있다고 한다.",
				"sentenceSize": 90
			}
		]
	},
	"labeledDataInfo": {
		"processSentenceInfo": [
			{
				"sentenceNo": 1,
				"sentenceContent": "뮤지컬 배우 홍지민(44)이 29㎏을 감량했다고 밝혀 화제다.",
				"subjectConsistencyYn": "Y"
			},
			{
				"sentenceNo": 2,
				"sentenceContent": "홍지민은 23일 자신의 인스타그램에 \\\"내 인생 최고의 작품 '드림걸즈' 때와 지금\\\"이라며 비교 사진을 올렸다.",
				"subjectConsistencyYn": "Y"
			},
			{
				"sentenceNo": 3,
				"sentenceContent": "홍지민은 2009년 뮤지컬 '드림걸즈'로 제15회 한국뮤지컬대상 여우주연상을 받았다.",
				"subjectConsistencyYn": "Y"
			},
			{
				"sentenceNo": 4,
				"sentenceContent": "그로부터 9년 후 홍지민은 29㎏을 감량했다.",
				"subjectConsistencyYn": "Y"
			},
			{
				"sentenceNo": 5,
				"sentenceContent": "홍지민은 \\\"같은 옷 다른 사람\\\"이라며 \\\"내가 했다면 누구나 다할 수 있다\\\"고 했다.",
				"subjectConsistencyYn": "Y"
			},
			{
				"sentenceNo": 6,
				"sentenceContent": "이날 방송을 본 네티즌들은 “슈퍼맨 추사랑 유토, 귀여워” “슈퍼맨 추사랑 유토, 너무 잘 어울리네” “슈퍼맨 추사랑 유토, 우정 오래가길” 등의 반응을 보였다. ‘슈퍼맨 추사랑 유토’ 온라인 중앙일보 [사진 야노시호 인스타그램] ‘슈퍼맨 추사랑 유토’",
				"subjectConsistencyYn": "N"
			}
		],
		"clickbaitClass": 0
	}
}