{
	"sourceDataInfo": {
		"newsID": "ET_M03_494542",
		"newsCategory": "연예",
		"newsSubcategory": "영화",
		"newsTitle": "‘하지원 동생’ 전태수, 21일 사망, 소속사 입장은",
		"newsSubTitle": "",
		"newsContent": "배우 하지원의 동생인 전태수가 21일 사망했다.\n소속사 해와달 엔터테인먼트는 이날 “전태수가 1월 21일, 향년 34세의 나이로 운명을 달리하게 되었다”고 밝혔다.\n소속사에 따르면 고인은 평소 우울증 증세로 꾸준히 치료를 받던 중, 상태가 호전돼 최근까지도 연기자로서의 복귀를 구체적으로 논의하던 중이었다.\n갑작스러운 비보를 접한 유족과 지인들은 현재 비통함 속에 고인을 애도하고 있는 것으로 전해졌다.\n소속사는 “장례는 가족 친지들과 지인들이 참석하여 최대한 조용하게 치를 예정”이라며 “가슴 아픈 소식을 전하게 되어 비통하고 죄송한 마음이다. 다시 한번 고인의 가는 길에 삼가 조의를 표한다”고 전했다.\n배우 전태수 씨가 1월 21일, 향년 34세의 나이로 운명을 달리하게 되었습니다.\n고인은 평소 우울증 증세로 꾸준히 치료를 받던 중, 상태가 호전되어 최근까지도 연기자로서의 복귀를 구체적으로 논의하던 중이었습니다.\n갑작스러운 비보에 유족들과 지인들 모두 비통함 속에 고인을 애도하고 있습니다.\n연기에 대한 열정이 남달랐던 전태수 씨는 미술 등 다양한 분야에도 조예가 깊던 순수한 아티스트였습니다.\n모쪼록 추측성 기사나 악성 댓글 등을 자제해 주시길 간곡하게 부탁드립니다.\n장례는 가족 친지들과 지인들이 참석하여 최대한 조용하게 치를 예정입니다.\n고인의 마지막 가는 길을 경건하게 추모할 수 있도록, 장례식장에서의 취재 또한 금하여 주시길 간곡히 부탁드리겠습니다.\n가슴 아픈 소식을 전하게 되어 비통하고 죄송한 마음입니다.\n다시 한번 고인의 가는 길에 삼가 조의를 표합니다.",
		"partNum": "P2",
		"useType": 0,
		"processType": "A",
		"processPattern": "99",
		"processLevel": "하",
		"sentenceCount": 14,
		"processSentencenum": 3,
		"sentenceInfo": [
			{
				"sentenceNo": 1,
				"sentenceContent": "배우 하지원의 동생인 전태수가 21일 사망했다.",
				"sentenceSize": 26
			},
			{
				"sentenceNo": 2,
				"sentenceContent": "소속사 해와달 엔터테인먼트는 이날 “전태수가 1월 21일, 향년 34세의 나이로 운명을 달리하게 되었다”고 밝혔다.",
				"sentenceSize": 64
			},
			{
				"sentenceNo": 3,
				"sentenceContent": "소속사에 따르면 고인은 평소 우울증 증세로 꾸준히 치료를 받던 중, 상태가 호전돼 최근까지도 연기자로서의 복귀를 구체적으로 논의하던 중이었다.",
				"sentenceSize": 79
			},
			{
				"sentenceNo": 4,
				"sentenceContent": "갑작스러운 비보를 접한 유족과 지인들은 현재 비통함 속에 고인을 애도하고 있는 것으로 전해졌다.",
				"sentenceSize": 53
			},
			{
				"sentenceNo": 5,
				"sentenceContent": "소속사는 “장례는 가족 친지들과 지인들이 참석하여 최대한 조용하게 치를 예정”이라며 “가슴 아픈 소식을 전하게 되어 비통하고 죄송한 마음이다. 다시 한번 고인의 가는 길에 삼가 조의를 표한다”고 전했다.",
				"sentenceSize": 113
			},
			{
				"sentenceNo": 6,
				"sentenceContent": "배우 전태수 씨가 1월 21일, 향년 34세의 나이로 운명을 달리하게 되었습니다.",
				"sentenceSize": 45
			},
			{
				"sentenceNo": 7,
				"sentenceContent": "고인은 평소 우울증 증세로 꾸준히 치료를 받던 중, 상태가 호전되어 최근까지도 연기자로서의 복귀를 구체적으로 논의하던 중이었습니다.",
				"sentenceSize": 73
			},
			{
				"sentenceNo": 8,
				"sentenceContent": "갑작스러운 비보에 유족들과 지인들 모두 비통함 속에 고인을 애도하고 있습니다.",
				"sentenceSize": 43
			},
			{
				"sentenceNo": 9,
				"sentenceContent": "연기에 대한 열정이 남달랐던 전태수 씨는 미술 등 다양한 분야에도 조예가 깊던 순수한 아티스트였습니다.",
				"sentenceSize": 57
			},
			{
				"sentenceNo": 10,
				"sentenceContent": "모쪼록 추측성 기사나 악성 댓글 등을 자제해 주시길 간곡하게 부탁드립니다.",
				"sentenceSize": 41
			},
			{
				"sentenceNo": 11,
				"sentenceContent": "장례는 가족 친지들과 지인들이 참석하여 최대한 조용하게 치를 예정입니다.",
				"sentenceSize": 40
			},
			{
				"sentenceNo": 12,
				"sentenceContent": "고인의 마지막 가는 길을 경건하게 추모할 수 있도록, 장례식장에서의 취재 또한 금하여 주시길 간곡히 부탁드리겠습니다.",
				"sentenceSize": 65
			},
			{
				"sentenceNo": 13,
				"sentenceContent": "가슴 아픈 소식을 전하게 되어 비통하고 죄송한 마음입니다.",
				"sentenceSize": 32
			},
			{
				"sentenceNo": 14,
				"sentenceContent": "다시 한번 고인의 가는 길에 삼가 조의를 표합니다.",
				"sentenceSize": 28
			}
		]
	},
	"labeledDataInfo": {
		"processSentenceInfo": [
			{
				"sentenceNo": 1,
				"sentenceContent": "배우 하지원의 동생인 전태수가 21일 사망했다.",
				"subjectConsistencyYn": "Y"
			},
			{
				"sentenceNo": 2,
				"sentenceContent": "소속사 해와달 엔터테인먼트는 이날 “전태수가 1월 21일, 향년 34세의 나이로 운명을 달리하게 되었다”고 밝혔다.",
				"subjectConsistencyYn": "Y"
			},
			{
				"sentenceNo": 3,
				"sentenceContent": "소속사에 따르면 고인은 평소 우울증 증세로 꾸준히 치료를 받던 중, 상태가 호전돼 최근까지도 연기자로서의 복귀를 구체적으로 논의하던 중이었다.",
				"subjectConsistencyYn": "Y"
			},
			{
				"sentenceNo": 4,
				"sentenceContent": "갑작스러운 비보를 접한 유족과 지인들은 현재 비통함 속에 고인을 애도하고 있는 것으로 전해졌다.",
				"subjectConsistencyYn": "Y"
			},
			{
				"sentenceNo": 5,
				"sentenceContent": "소속사는 “장례는 가족 친지들과 지인들이 참석하여 최대한 조용하게 치를 예정”이라며 “가슴 아픈 소식을 전하게 되어 비통하고 죄송한 마음이다. 다시 한번 고인의 가는 길에 삼가 조의를 표한다”고 전했다.",
				"subjectConsistencyYn": "Y"
			},
			{
				"sentenceNo": 6,
				"sentenceContent": "배우 전태수 씨가 1월 21일, 향년 34세의 나이로 운명을 달리하게 되었습니다.",
				"subjectConsistencyYn": "Y"
			},
			{
				"sentenceNo": 7,
				"sentenceContent": "고인은 평소 우울증 증세로 꾸준히 치료를 받던 중, 상태가 호전되어 최근까지도 연기자로서의 복귀를 구체적으로 논의하던 중이었습니다.",
				"subjectConsistencyYn": "Y"
			},
			{
				"sentenceNo": 8,
				"sentenceContent": "갑작스러운 비보에 유족들과 지인들 모두 비통함 속에 고인을 애도하고 있습니다.",
				"subjectConsistencyYn": "Y"
			},
			{
				"sentenceNo": 9,
				"sentenceContent": "연기에 대한 열정이 남달랐던 전태수 씨는 미술 등 다양한 분야에도 조예가 깊던 순수한 아티스트였습니다.",
				"subjectConsistencyYn": "Y"
			},
			{
				"sentenceNo": 10,
				"sentenceContent": "모쪼록 추측성 기사나 악성 댓글 등을 자제해 주시길 간곡하게 부탁드립니다.",
				"subjectConsistencyYn": "Y"
			},
			{
				"sentenceNo": 11,
				"sentenceContent": "장례는 가족 친지들과 지인들이 참석하여 최대한 조용하게 치를 예정입니다.",
				"subjectConsistencyYn": "Y"
			},
			{
				"sentenceNo": 12,
				"sentenceContent": "한편, 이은지는 활발한 활동을 이어나갈 예정이다.",
				"subjectConsistencyYn": "N"
			}
		],
		"clickbaitClass": 0
	}
}