{
	"sourceDataInfo": {
		"newsID": "ET_M03_494502",
		"newsCategory": "연예",
		"newsSubcategory": "연예가화제",
		"newsTitle": "방탄소년단 멤버들이 말하는 순정파 & 바람둥이 멤버",
		"newsSubTitle": "",
		"newsContent": "7인 7색 매력을 자랑하는 방탄소년단. 당연히 연애 스타일도 다 다르겠죠?\n방탄소년단이 서로 중 '순정파'일 것 같은 멤버와 '바람둥이'일 것 같은 멤버를 지목한 적 있다는데요.\n누가 '순정파'고 누가 '바람둥이'로 꼽혔을까요?\n방탄소년단은 과거 한 라디오 프로그램에 출연해 이 같은 질문에 답을 했다고 합니다.\nDJ가 \\\"서로서로 연애 다 알죠?\\\"라고 묻자 뷔는 \\\"저희는 비밀이 없어요\\\"라고 입을 열었는데요.\n\\\"누가 제일 순정파에요?\\\"라는 질문에 뷔는 순간 \\\"순정파 없(어요)\\\"라고 답해 웃음을 유발했는데요.\n제이홉이 \\\"지민이. 지민이\\\"라고 '순정파' 멤버로 꼽자 RM도 \\\"지민이\\\"라고 인정했습니다. '순정파'로 뽑힌 지민은 \\\"감사합니다\\\"라고 인사했습니다.\nRM은 \\\"(지민은) 한 여자만 바라보는 순정파라 연애 경험이 굉장히 없을 수 있다\\\"고 강조했습니다. '바람둥이는 누구냐'는 질문에는 해당하는 사람을 멤버들이 손가락으로 지목하기로 했는데요.\n지민은 \\\"RM형\\\"이라고 말했습니다.\nRM은 \\\"저 아니에요\\\"라고 부인했지만 분위기는 RM으로 몰아갔죠.\nRM은 \\\"생일선물을 이런 식으로 받냐\\\"고 억울해하면서도 \\\"섹시한 여성을 좋아한다\\\"고 말했습니다.\n슈가는 \\\"RM이 이상형에 대해 확고하다\\\"고 거들었습니다.",
		"partNum": "P2",
		"useType": 0,
		"processType": "A",
		"processPattern": "99",
		"processLevel": "하",
		"sentenceCount": 12,
		"processSentencenum": 3,
		"sentenceInfo": [
			{
				"sentenceNo": 1,
				"sentenceContent": "7인 7색 매력을 자랑하는 방탄소년단. 당연히 연애 스타일도 다 다르겠죠?",
				"sentenceSize": 41
			},
			{
				"sentenceNo": 2,
				"sentenceContent": "방탄소년단이 서로 중 '순정파'일 것 같은 멤버와 '바람둥이'일 것 같은 멤버를 지목한 적 있다는데요.",
				"sentenceSize": 57
			},
			{
				"sentenceNo": 3,
				"sentenceContent": "누가 '순정파'고 누가 '바람둥이'로 꼽혔을까요?",
				"sentenceSize": 27
			},
			{
				"sentenceNo": 4,
				"sentenceContent": "방탄소년단은 과거 한 라디오 프로그램에 출연해 이 같은 질문에 답을 했다고 합니다.",
				"sentenceSize": 46
			},
			{
				"sentenceNo": 5,
				"sentenceContent": "DJ가 \\\"서로서로 연애 다 알죠?\\\"라고 묻자 뷔는 \\\"저희는 비밀이 없어요\\\"라고 입을 열었는데요.",
				"sentenceSize": 57
			},
			{
				"sentenceNo": 6,
				"sentenceContent": "\\\"누가 제일 순정파에요?\\\"라는 질문에 뷔는 순간 \\\"순정파 없(어요)\\\"라고 답해 웃음을 유발했는데요.",
				"sentenceSize": 59
			},
			{
				"sentenceNo": 7,
				"sentenceContent": "제이홉이 \\\"지민이. 지민이\\\"라고 '순정파' 멤버로 꼽자 RM도 \\\"지민이\\\"라고 인정했습니다. '순정파'로 뽑힌 지민은 \\\"감사합니다\\\"라고 인사했습니다.",
				"sentenceSize": 88
			},
			{
				"sentenceNo": 8,
				"sentenceContent": "RM은 \\\"(지민은) 한 여자만 바라보는 순정파라 연애 경험이 굉장히 없을 수 있다\\\"고 강조했습니다. '바람둥이는 누구냐'는 질문에는 해당하는 사람을 멤버들이 손가락으로 지목하기로 했는데요.",
				"sentenceSize": 107
			},
			{
				"sentenceNo": 9,
				"sentenceContent": "지민은 \\\"RM형\\\"이라고 말했습니다.",
				"sentenceSize": 21
			},
			{
				"sentenceNo": 10,
				"sentenceContent": "RM은 \\\"저 아니에요\\\"라고 부인했지만 분위기는 RM으로 몰아갔죠.",
				"sentenceSize": 38
			},
			{
				"sentenceNo": 11,
				"sentenceContent": "RM은 \\\"생일선물을 이런 식으로 받냐\\\"고 억울해하면서도 \\\"섹시한 여성을 좋아한다\\\"고 말했습니다.",
				"sentenceSize": 57
			},
			{
				"sentenceNo": 12,
				"sentenceContent": "슈가는 \\\"RM이 이상형에 대해 확고하다\\\"고 거들었습니다.",
				"sentenceSize": 33
			}
		]
	},
	"labeledDataInfo": {
		"processSentenceInfo": [
			{
				"sentenceNo": 1,
				"sentenceContent": "7인 7색 매력을 자랑하는 방탄소년단. 당연히 연애 스타일도 다 다르겠죠?",
				"subjectConsistencyYn": "Y"
			},
			{
				"sentenceNo": 2,
				"sentenceContent": "방탄소년단이 서로 중 '순정파'일 것 같은 멤버와 '바람둥이'일 것 같은 멤버를 지목한 적 있다는데요.",
				"subjectConsistencyYn": "Y"
			},
			{
				"sentenceNo": 3,
				"sentenceContent": "누가 '순정파'고 누가 '바람둥이'로 꼽혔을까요?",
				"subjectConsistencyYn": "Y"
			},
			{
				"sentenceNo": 4,
				"sentenceContent": "방탄소년단은 과거 한 라디오 프로그램에 출연해 이 같은 질문에 답을 했다고 합니다.",
				"subjectConsistencyYn": "Y"
			},
			{
				"sentenceNo": 5,
				"sentenceContent": "DJ가 \\\"서로서로 연애 다 알죠?\\\"라고 묻자 뷔는 \\\"저희는 비밀이 없어요\\\"라고 입을 열었는데요.",
				"subjectConsistencyYn": "Y"
			},
			{
				"sentenceNo": 6,
				"sentenceContent": "\\\"누가 제일 순정파에요?\\\"라는 질문에 뷔는 순간 \\\"순정파 없(어요)\\\"라고 답해 웃음을 유발했는데요.",
				"subjectConsistencyYn": "Y"
			},
			{
				"sentenceNo": 7,
				"sentenceContent": "제이홉이 \\\"지민이. 지민이\\\"라고 '순정파' 멤버로 꼽자 RM도 \\\"지민이\\\"라고 인정했습니다. '순정파'로 뽑힌 지민은 \\\"감사합니다\\\"라고 인사했습니다.",
				"subjectConsistencyYn": "Y"
			},
			{
				"sentenceNo": 8,
				"sentenceContent": "RM은 \\\"(지민은) 한 여자만 바라보는 순정파라 연애 경험이 굉장히 없을 수 있다\\\"고 강조했습니다. '바람둥이는 누구냐'는 질문에는 해당하는 사람을 멤버들이 손가락으로 지목하기로 했는데요.",
				"subjectConsistencyYn": "Y"
			},
			{
				"sentenceNo": 9,
				"sentenceContent": "지민은 \\\"RM형\\\"이라고 말했습니다.",
				"subjectConsistencyYn": "Y"
			},
			{
				"sentenceNo": 10,
				"sentenceContent": "한편 장근석과 여진구의 출연으로 화제가 되고 있는 SBS 새 드라마 '대박'은 '육룡이 나르샤'의 후속작으로 3월 28일 첫 방송을 앞두고 있다.",
				"subjectConsistencyYn": "N"
			},
			{
				"sentenceNo": 11,
				"sentenceContent": "온라인 중앙일보 사진: 일간스포츠",
				"subjectConsistencyYn": "N"
			}
		],
		"clickbaitClass": 0
	}
}