{
	"sourceDataInfo": {
		"newsID": "ET_M03_494712",
		"newsCategory": "연예",
		"newsSubcategory": "영화",
		"newsTitle": "[넷플릭스 특집]①'기묘한 이야기' 속 초능력 소녀 정체는?",
		"newsSubTitle": "2017 넷플릭스 화제작 속 빛나는 배우들 '기묘한 이야기' 밀리 바비 브라운",
		"newsContent": "[매거진M] 이런 호사가 있나 싶다.\n극장에서나 볼 법한 배우들의 명품 연기를 언제 어디서든 감상할 수 있으니 말이다.\n온라인 스트리밍의 절대 강자, 넷플릭스의 오리지널 시리즈에서 발견한 보석 같은 배우들을 소개한다.\n넷플릭스 최고 인기 시리즈 ‘기묘한 이야기’(2016~)를 이끌어 가는 청소년 배우들. (왼쪽부터) 윌 역의 노아 슈나프(13), 루카스 역의 케일럽 맥러플린(16), 일레븐 역의 밀리 바비 브라운(13), 더스틴 역의 게이튼 마타라조(15), 마이크 역의 핀 울프하드(15)다.\n우리가 사는 세상 이면의 ‘뒤집힌 세계(The Upside Down)’. 여기서 발견되는 이상 징후를 맨 먼저 감지하는 건 바로 이들이다.\n진지함과 귀여움 사이를 오가며 매력을 뽐낸 배우들 중 가장 눈에 띄는 건 역시 밀리 바비 브라운. 영국 출신인 브라운은 초능력을 갖게 된 일레븐을 카리스마 넘치게 연기했다.\n시즌 2에서 그는 더욱 농도 짙은 감정 연기를 선보인다.\n호킨스 지역 한 구석에 갇혀, 마이크와 얼굴도 모르는 엄마를 그리워하는 일레븐. 답답함과 외로움에, 성난 짐승처럼 울부짖는 모습은 팔을 뻗어 안아주고 싶을 정도다.\n이 작품으로 브라운은 할리우드의 러브콜을 받아 ‘고질라2 : 킹 오브 몬스터스’(2019년 개봉 예정, 마이클 도허티 감독)에 합류했다.\n소녀의 강렬한 눈빛은 괴수 앞에서 어떻게 변모할까.",
		"partNum": "P2",
		"useType": 0,
		"processType": "A",
		"processPattern": "99",
		"processLevel": "하",
		"sentenceCount": 10,
		"processSentencenum": 2,
		"sentenceInfo": [
			{
				"sentenceNo": 1,
				"sentenceContent": "[매거진M] 이런 호사가 있나 싶다.",
				"sentenceSize": 20
			},
			{
				"sentenceNo": 2,
				"sentenceContent": "극장에서나 볼 법한 배우들의 명품 연기를 언제 어디서든 감상할 수 있으니 말이다.",
				"sentenceSize": 45
			},
			{
				"sentenceNo": 3,
				"sentenceContent": "온라인 스트리밍의 절대 강자, 넷플릭스의 오리지널 시리즈에서 발견한 보석 같은 배우들을 소개한다.",
				"sentenceSize": 54
			},
			{
				"sentenceNo": 4,
				"sentenceContent": "넷플릭스 최고 인기 시리즈 ‘기묘한 이야기’(2016~)를 이끌어 가는 청소년 배우들. (왼쪽부터) 윌 역의 노아 슈나프(13), 루카스 역의 케일럽 맥러플린(16), 일레븐 역의 밀리 바비 브라운(13), 더스틴 역의 게이튼 마타라조(15), 마이크 역의 핀 울프하드(15)다.",
				"sentenceSize": 156
			},
			{
				"sentenceNo": 5,
				"sentenceContent": "우리가 사는 세상 이면의 ‘뒤집힌 세계(The Upside Down)’. 여기서 발견되는 이상 징후를 맨 먼저 감지하는 건 바로 이들이다.",
				"sentenceSize": 77
			},
			{
				"sentenceNo": 6,
				"sentenceContent": "진지함과 귀여움 사이를 오가며 매력을 뽐낸 배우들 중 가장 눈에 띄는 건 역시 밀리 바비 브라운. 영국 출신인 브라운은 초능력을 갖게 된 일레븐을 카리스마 넘치게 연기했다.",
				"sentenceSize": 96
			},
			{
				"sentenceNo": 7,
				"sentenceContent": "시즌 2에서 그는 더욱 농도 짙은 감정 연기를 선보인다.",
				"sentenceSize": 31
			},
			{
				"sentenceNo": 8,
				"sentenceContent": "호킨스 지역 한 구석에 갇혀, 마이크와 얼굴도 모르는 엄마를 그리워하는 일레븐. 답답함과 외로움에, 성난 짐승처럼 울부짖는 모습은 팔을 뻗어 안아주고 싶을 정도다.",
				"sentenceSize": 91
			},
			{
				"sentenceNo": 9,
				"sentenceContent": "이 작품으로 브라운은 할리우드의 러브콜을 받아 ‘고질라2 : 킹 오브 몬스터스’(2019년 개봉 예정, 마이클 도허티 감독)에 합류했다.",
				"sentenceSize": 76
			},
			{
				"sentenceNo": 10,
				"sentenceContent": "소녀의 강렬한 눈빛은 괴수 앞에서 어떻게 변모할까.",
				"sentenceSize": 28
			}
		]
	},
	"labeledDataInfo": {
		"processSentenceInfo": [
			{
				"sentenceNo": 1,
				"sentenceContent": "[매거진M] 이런 호사가 있나 싶다.",
				"subjectConsistencyYn": "Y"
			},
			{
				"sentenceNo": 2,
				"sentenceContent": "극장에서나 볼 법한 배우들의 명품 연기를 언제 어디서든 감상할 수 있으니 말이다.",
				"subjectConsistencyYn": "Y"
			},
			{
				"sentenceNo": 3,
				"sentenceContent": "온라인 스트리밍의 절대 강자, 넷플릭스의 오리지널 시리즈에서 발견한 보석 같은 배우들을 소개한다.",
				"subjectConsistencyYn": "Y"
			},
			{
				"sentenceNo": 4,
				"sentenceContent": "넷플릭스 최고 인기 시리즈 ‘기묘한 이야기’(2016~)를 이끌어 가는 청소년 배우들. (왼쪽부터) 윌 역의 노아 슈나프(13), 루카스 역의 케일럽 맥러플린(16), 일레븐 역의 밀리 바비 브라운(13), 더스틴 역의 게이튼 마타라조(15), 마이크 역의 핀 울프하드(15)다.",
				"subjectConsistencyYn": "Y"
			},
			{
				"sentenceNo": 5,
				"sentenceContent": "우리가 사는 세상 이면의 ‘뒤집힌 세계(The Upside Down)’. 여기서 발견되는 이상 징후를 맨 먼저 감지하는 건 바로 이들이다.",
				"subjectConsistencyYn": "Y"
			},
			{
				"sentenceNo": 6,
				"sentenceContent": "진지함과 귀여움 사이를 오가며 매력을 뽐낸 배우들 중 가장 눈에 띄는 건 역시 밀리 바비 브라운. 영국 출신인 브라운은 초능력을 갖게 된 일레븐을 카리스마 넘치게 연기했다.",
				"subjectConsistencyYn": "Y"
			},
			{
				"sentenceNo": 7,
				"sentenceContent": "시즌 2에서 그는 더욱 농도 짙은 감정 연기를 선보인다.",
				"subjectConsistencyYn": "Y"
			},
			{
				"sentenceNo": 8,
				"sentenceContent": "호킨스 지역 한 구석에 갇혀, 마이크와 얼굴도 모르는 엄마를 그리워하는 일레븐. 답답함과 외로움에, 성난 짐승처럼 울부짖는 모습은 팔을 뻗어 안아주고 싶을 정도다.",
				"subjectConsistencyYn": "Y"
			},
			{
				"sentenceNo": 9,
				"sentenceContent": "이 노래는 미국 빌보드 메인 차트인 '핫(HOT) 100'에 K팝 그룹 최고 기록인 28위로 진입한 이후 6주 동안 머무는 등 큰 사랑을 받고 있다.",
				"subjectConsistencyYn": "N"
			}
		],
		"clickbaitClass": 0
	}
}