{
	"sourceDataInfo": {
		"newsID": "ET_M03_494235",
		"newsCategory": "연예",
		"newsSubcategory": "연예가화제",
		"newsTitle": "영화 '기생충' 일본 매출 477억원 돌파",
		"newsSubTitle": "",
		"newsContent": "봉준호 감독의 영화 '기생충'이 일본에서 누적 매출 40억엔을 돌파했다고 CJ ENM이 9일 전했다.\nCJ ENM에 따르면 '기생충'은 일본에서 8일 기준 40억4716만엔(한화 약 477억원)의 매출을 올렸다.\n종전 1위인 2005년 '내 머릿속의 지우개'(30억엔)를 훌쩍 뛰어넘은 최고 흥행 기록이다.\n일본 영화 전문사이트 에이가닷컴(eiga.com)에 따르면 '기생충'은 지난 주말(6∼8일)에는 1억 3370만엔의 수입을 올려 4주 연속 박스오피스 1위를 지켰다.\n한국 영화가 일본 박스오피스 정상에 오른 것도 '내 머릿속의 지우개' 이후 15년 만이다.\n한편 '기생충'은 지난달 10일 한국 영화 최초로 미국 아카데미 시상식에서 작품상 등 4관왕을 휩쓸었다.",
		"partNum": "P2",
		"useType": 0,
		"processType": "A",
		"processPattern": "99",
		"processLevel": "하",
		"sentenceCount": 6,
		"processSentencenum": 1,
		"sentenceInfo": [
			{
				"sentenceNo": 1,
				"sentenceContent": "봉준호 감독의 영화 '기생충'이 일본에서 누적 매출 40억엔을 돌파했다고 CJ ENM이 9일 전했다.",
				"sentenceSize": 56
			},
			{
				"sentenceNo": 2,
				"sentenceContent": "CJ ENM에 따르면 '기생충'은 일본에서 8일 기준 40억4716만엔(한화 약 477억원)의 매출을 올렸다.",
				"sentenceSize": 61
			},
			{
				"sentenceNo": 3,
				"sentenceContent": "종전 1위인 2005년 '내 머릿속의 지우개'(30억엔)를 훌쩍 뛰어넘은 최고 흥행 기록이다.",
				"sentenceSize": 52
			},
			{
				"sentenceNo": 4,
				"sentenceContent": "일본 영화 전문사이트 에이가닷컴(eiga.com)에 따르면 '기생충'은 지난 주말(6∼8일)에는 1억 3370만엔의 수입을 올려 4주 연속 박스오피스 1위를 지켰다.",
				"sentenceSize": 92
			},
			{
				"sentenceNo": 5,
				"sentenceContent": "한국 영화가 일본 박스오피스 정상에 오른 것도 '내 머릿속의 지우개' 이후 15년 만이다.",
				"sentenceSize": 50
			},
			{
				"sentenceNo": 6,
				"sentenceContent": "한편 '기생충'은 지난달 10일 한국 영화 최초로 미국 아카데미 시상식에서 작품상 등 4관왕을 휩쓸었다.",
				"sentenceSize": 58
			}
		]
	},
	"labeledDataInfo": {
		"processSentenceInfo": [
			{
				"sentenceNo": 1,
				"sentenceContent": "봉준호 감독의 영화 '기생충'이 일본에서 누적 매출 40억엔을 돌파했다고 CJ ENM이 9일 전했다.",
				"subjectConsistencyYn": "Y"
			},
			{
				"sentenceNo": 2,
				"sentenceContent": "CJ ENM에 따르면 '기생충'은 일본에서 8일 기준 40억4716만엔(한화 약 477억원)의 매출을 올렸다.",
				"subjectConsistencyYn": "Y"
			},
			{
				"sentenceNo": 3,
				"sentenceContent": "종전 1위인 2005년 '내 머릿속의 지우개'(30억엔)를 훌쩍 뛰어넘은 최고 흥행 기록이다.",
				"subjectConsistencyYn": "Y"
			},
			{
				"sentenceNo": 4,
				"sentenceContent": "일본 영화 전문사이트 에이가닷컴(eiga.com)에 따르면 '기생충'은 지난 주말(6∼8일)에는 1억 3370만엔의 수입을 올려 4주 연속 박스오피스 1위를 지켰다.",
				"subjectConsistencyYn": "Y"
			},
			{
				"sentenceNo": 5,
				"sentenceContent": "한국 영화가 일본 박스오피스 정상에 오른 것도 '내 머릿속의 지우개' 이후 15년 만이다.",
				"subjectConsistencyYn": "Y"
			},
			{
				"sentenceNo": 6,
				"sentenceContent": "한편 여자친구의 두 번째 미니앨범 ‘플라워 버드(Flower Bud)’의 음원과 타이틀곡 ‘오늘부터 우리는’의 뮤직비디오는 23일 정오에 동시 공개될 예정이다.",
				"subjectConsistencyYn": "N"
			},
			{
				"sentenceNo": 7,
				"sentenceContent": "온라인 중앙일보 ‘여자친구 오늘부터 우리는’ [사진 오늘부터 우리는 티저영상]",
				"subjectConsistencyYn": "N"
			}
		],
		"clickbaitClass": 0
	}
}