{
	"sourceDataInfo": {
		"newsID": "ET_M03_494442",
		"newsCategory": "연예",
		"newsSubcategory": "연예가화제",
		"newsTitle": "조관우, 15년만에 정규 9집 앨범으로 컴백",
		"newsSubTitle": "",
		"newsContent": "가수 조관우(53)가 15년 만에 정규 앨범으로 컴백한다.\n소속사 소그노엔터테인먼트는 2일 “조관우 씨가 18일 정규 9집 ‘다시 시작’(Begin Again)을 선보인다”고 밝혔다.\n조관우의 정규 앨범은 2003년 발표한 8집 ‘임프레션’(Impression)이후 15년 만이다.\n몇년간 소속사 문제 등으로 어려움을 겪으며 슬럼프에 빠졌던 그는 9집 ‘다시 시작’으로 앨범 제목처럼 재기에 나선다.\n이번에 선보이는 9집 앨범은 모두 새로 작곡한 신곡들이다.\n조관우는 18일 쇼케이스를 열고 신곡과 뮤직비디오를 공개할 예정이다.",
		"partNum": "P2",
		"useType": 0,
		"processType": "A",
		"processPattern": "99",
		"processLevel": "하",
		"sentenceCount": 6,
		"processSentencenum": 1,
		"sentenceInfo": [
			{
				"sentenceNo": 1,
				"sentenceContent": "가수 조관우(53)가 15년 만에 정규 앨범으로 컴백한다.",
				"sentenceSize": 32
			},
			{
				"sentenceNo": 2,
				"sentenceContent": "소속사 소그노엔터테인먼트는 2일 “조관우 씨가 18일 정규 9집 ‘다시 시작’(Begin Again)을 선보인다”고 밝혔다.",
				"sentenceSize": 69
			},
			{
				"sentenceNo": 3,
				"sentenceContent": "조관우의 정규 앨범은 2003년 발표한 8집 ‘임프레션’(Impression)이후 15년 만이다.",
				"sentenceSize": 54
			},
			{
				"sentenceNo": 4,
				"sentenceContent": "몇년간 소속사 문제 등으로 어려움을 겪으며 슬럼프에 빠졌던 그는 9집 ‘다시 시작’으로 앨범 제목처럼 재기에 나선다.",
				"sentenceSize": 65
			},
			{
				"sentenceNo": 5,
				"sentenceContent": "이번에 선보이는 9집 앨범은 모두 새로 작곡한 신곡들이다.",
				"sentenceSize": 32
			},
			{
				"sentenceNo": 6,
				"sentenceContent": "조관우는 18일 쇼케이스를 열고 신곡과 뮤직비디오를 공개할 예정이다.",
				"sentenceSize": 38
			}
		]
	},
	"labeledDataInfo": {
		"processSentenceInfo": [
			{
				"sentenceNo": 1,
				"sentenceContent": "가수 조관우(53)가 15년 만에 정규 앨범으로 컴백한다.",
				"subjectConsistencyYn": "Y"
			},
			{
				"sentenceNo": 2,
				"sentenceContent": "소속사 소그노엔터테인먼트는 2일 “조관우 씨가 18일 정규 9집 ‘다시 시작’(Begin Again)을 선보인다”고 밝혔다.",
				"subjectConsistencyYn": "Y"
			},
			{
				"sentenceNo": 3,
				"sentenceContent": "조관우의 정규 앨범은 2003년 발표한 8집 ‘임프레션’(Impression)이후 15년 만이다.",
				"subjectConsistencyYn": "Y"
			},
			{
				"sentenceNo": 4,
				"sentenceContent": "몇년간 소속사 문제 등으로 어려움을 겪으며 슬럼프에 빠졌던 그는 9집 ‘다시 시작’으로 앨범 제목처럼 재기에 나선다.",
				"subjectConsistencyYn": "Y"
			},
			{
				"sentenceNo": 5,
				"sentenceContent": "이번에 선보이는 9집 앨범은 모두 새로 작곡한 신곡들이다.",
				"subjectConsistencyYn": "Y"
			},
			{
				"sentenceNo": 6,
				"sentenceContent": "90% 가까이 익었을 때 뚜껑을 씌우고 불을 약하게 조절하고, 3~6분 정도 있으면 완성. 마지막으로 파와 참기름, 깨를 첨가하면 더 맛있는 ‘백종원 달걀찜’를 즐길 수 있다.",
				"subjectConsistencyYn": "N"
			}
		],
		"clickbaitClass": 0
	}
}