{
	"sourceDataInfo": {
		"newsID": "ET_M03_494401",
		"newsCategory": "연예",
		"newsSubcategory": "연예가화제",
		"newsTitle": "빅뱅 승리 라멘집 공장이 야마가타에…방사능 안전한가",
		"newsSubTitle": "",
		"newsContent": "빅뱅의 멤버 승리가 운영하는 일본라멘집 '아오리의 행방불명'의 라멘육수를 제조하는 공장이 야마가타에 있다는 내용이 온라인 상에 공개됐다.\n가수 승리는 지난해 자신의 인스타그램에 아오리라멘의라멘육수공장을 방문한 사진을 게시했다.\n그러면서 해시태그로 야마가타현을 적었다.\n이에 한 독자는 \\\"야마가타가 방사능에 안전한 지역인지 의문이 든다\\\"고 전했다.\n일본 동북지방에 위치한 야마가타의 방사능 정보는 '주센다이대한민국총영사관'에서 확인할 수 있다.\n주센다이대한민국총영사관이 공개한 13일 기준 자료에 따르면 야마가타시청(야마가타시)은 0.030 마이크로시버트/h(μSv/h)로 정상 범주에 들어간다.\n야마가타공항도 0.024 마이크로시버트/h(μSv/h)로 정상 범주다.\n또 외교부에서는 철수 권고 지역으로 후쿠시마의 원전 지역 30km 이내로 설정하고 있다.\n야마가타는 후쿠시마와 150km 이상 떨어져 있다.",
		"partNum": "P2",
		"useType": 0,
		"processType": "A",
		"processPattern": "99",
		"processLevel": "하",
		"sentenceCount": 9,
		"processSentencenum": 1,
		"sentenceInfo": [
			{
				"sentenceNo": 1,
				"sentenceContent": "빅뱅의 멤버 승리가 운영하는 일본라멘집 '아오리의 행방불명'의 라멘육수를 제조하는 공장이 야마가타에 있다는 내용이 온라인 상에 공개됐다.",
				"sentenceSize": 76
			},
			{
				"sentenceNo": 2,
				"sentenceContent": "가수 승리는 지난해 자신의 인스타그램에 아오리라멘의라멘육수공장을 방문한 사진을 게시했다.",
				"sentenceSize": 49
			},
			{
				"sentenceNo": 3,
				"sentenceContent": "그러면서 해시태그로 야마가타현을 적었다.",
				"sentenceSize": 22
			},
			{
				"sentenceNo": 4,
				"sentenceContent": "이에 한 독자는 \\\"야마가타가 방사능에 안전한 지역인지 의문이 든다\\\"고 전했다.",
				"sentenceSize": 45
			},
			{
				"sentenceNo": 5,
				"sentenceContent": "일본 동북지방에 위치한 야마가타의 방사능 정보는 '주센다이대한민국총영사관'에서 확인할 수 있다.",
				"sentenceSize": 53
			},
			{
				"sentenceNo": 6,
				"sentenceContent": "주센다이대한민국총영사관이 공개한 13일 기준 자료에 따르면 야마가타시청(야마가타시)은 0.030 마이크로시버트/h(μSv/h)로 정상 범주에 들어간다.",
				"sentenceSize": 84
			},
			{
				"sentenceNo": 7,
				"sentenceContent": "야마가타공항도 0.024 마이크로시버트/h(μSv/h)로 정상 범주다.",
				"sentenceSize": 39
			},
			{
				"sentenceNo": 8,
				"sentenceContent": "또 외교부에서는 철수 권고 지역으로 후쿠시마의 원전 지역 30km 이내로 설정하고 있다.",
				"sentenceSize": 49
			},
			{
				"sentenceNo": 9,
				"sentenceContent": "야마가타는 후쿠시마와 150km 이상 떨어져 있다.",
				"sentenceSize": 28
			}
		]
	},
	"labeledDataInfo": {
		"processSentenceInfo": [
			{
				"sentenceNo": 1,
				"sentenceContent": "빅뱅의 멤버 승리가 운영하는 일본라멘집 '아오리의 행방불명'의 라멘육수를 제조하는 공장이 야마가타에 있다는 내용이 온라인 상에 공개됐다.",
				"subjectConsistencyYn": "Y"
			},
			{
				"sentenceNo": 2,
				"sentenceContent": "가수 승리는 지난해 자신의 인스타그램에 아오리라멘의라멘육수공장을 방문한 사진을 게시했다.",
				"subjectConsistencyYn": "Y"
			},
			{
				"sentenceNo": 3,
				"sentenceContent": "그러면서 해시태그로 야마가타현을 적었다.",
				"subjectConsistencyYn": "Y"
			},
			{
				"sentenceNo": 4,
				"sentenceContent": "이에 한 독자는 \\\"야마가타가 방사능에 안전한 지역인지 의문이 든다\\\"고 전했다.",
				"subjectConsistencyYn": "Y"
			},
			{
				"sentenceNo": 5,
				"sentenceContent": "일본 동북지방에 위치한 야마가타의 방사능 정보는 '주센다이대한민국총영사관'에서 확인할 수 있다.",
				"subjectConsistencyYn": "Y"
			},
			{
				"sentenceNo": 6,
				"sentenceContent": "주센다이대한민국총영사관이 공개한 13일 기준 자료에 따르면 야마가타시청(야마가타시)은 0.030 마이크로시버트/h(μSv/h)로 정상 범주에 들어간다.",
				"subjectConsistencyYn": "Y"
			},
			{
				"sentenceNo": 7,
				"sentenceContent": "야마가타공항도 0.024 마이크로시버트/h(μSv/h)로 정상 범주다.",
				"subjectConsistencyYn": "Y"
			},
			{
				"sentenceNo": 8,
				"sentenceContent": "또 외교부에서는 철수 권고 지역으로 후쿠시마의 원전 지역 30km 이내로 설정하고 있다.",
				"subjectConsistencyYn": "Y"
			},
			{
				"sentenceNo": 9,
				"sentenceContent": "놓쳐서는 안 될 몬스타엑스의 영화 <MONSTA X : THE DREAMING>은 11월 4일부터 일부 국가에서 티켓 판매를 시작한다.",
				"subjectConsistencyYn": "N"
			},
			{
				"sentenceNo": 10,
				"sentenceContent": "자세한 사항은 몬스타엑스 공식 SNS 채널 및 www.MONSTAXTheDreaming.com 을 통해 안내될 예정이다.",
				"subjectConsistencyYn": "N"
			}
		],
		"clickbaitClass": 0
	}
}