{
	"sourceDataInfo": {
		"newsID": "ET_M03_494722",
		"newsCategory": "연예",
		"newsSubcategory": "연예가화제",
		"newsTitle": "후원 모금 논란 빚은 한서희, 쇼핑몰 오픈",
		"newsSubTitle": "",
		"newsContent": "빅뱅 탑과 대마초를 흡연한 혐의로 집행유예를 선고받은 가수 연습생 한서희가 페미니즘 굿즈 쇼핑몰을 오픈했다.\n한서희는 5일 자신의 인스타그램에 올린 글에서 “이제 통신판매업 신고만 하면 끝. 홈페이지도 개설될 예정”이라며 사전 예고했던 쇼핑몰 오픈 소식을 알렸다.\n앞서 한서희는 쇼핑몰 후원에 대한 모금을 진행했다가 뒤늦게 환불하는 해프닝을 빚은 바 있다.\n당시 그는 인스타그램에 “페미니즘 관련 문구가 들어간 의류를 만들고 이후에는 직접 옷을 디자인해서 팔고 싶다”고 글을 남긴 뒤 곧이어 계좌를 공개하면서 후원을 받았다.\n그러나 집행유예 기간에 모금행위가 법적으로 제한된 터라 후원모금은 금세 중단됐다.\n한서희는 “성급하게 일을 진행했는데 불편함을 느꼈다면 죄송하다. 다시는 모금 같은 거 절대 하지 않겠다”며 후원받은 비용 100여만원 대부분을 돌려줬다고 밝혔다.\n그러나 그는 이후에도 자신의 인스타그램 소개글에 카카오뱅크 계좌를 올려놓기도 해 또 한 번 후원모금 논란에 휩싸였다.\n한서희는 마약류 관리에 관한 법률 위반 혐의로 구속기소 된 후 지난 9월 징역 3년에 집행유예 4년, 120시간의 약물치료 강의, 87만원의 추징금을 선고받았다.\n최근엔 ‘자칭 페미니스트’로 하리수, 유아인 등과 설전을 벌여 대중의 관심을 받았다.",
		"partNum": "P2",
		"useType": 0,
		"processType": "A",
		"processPattern": "99",
		"processLevel": "하",
		"sentenceCount": 9,
		"processSentencenum": 1,
		"sentenceInfo": [
			{
				"sentenceNo": 1,
				"sentenceContent": "빅뱅 탑과 대마초를 흡연한 혐의로 집행유예를 선고받은 가수 연습생 한서희가 페미니즘 굿즈 쇼핑몰을 오픈했다.",
				"sentenceSize": 60
			},
			{
				"sentenceNo": 2,
				"sentenceContent": "한서희는 5일 자신의 인스타그램에 올린 글에서 “이제 통신판매업 신고만 하면 끝. 홈페이지도 개설될 예정”이라며 사전 예고했던 쇼핑몰 오픈 소식을 알렸다.",
				"sentenceSize": 86
			},
			{
				"sentenceNo": 3,
				"sentenceContent": "앞서 한서희는 쇼핑몰 후원에 대한 모금을 진행했다가 뒤늦게 환불하는 해프닝을 빚은 바 있다.",
				"sentenceSize": 51
			},
			{
				"sentenceNo": 4,
				"sentenceContent": "당시 그는 인스타그램에 “페미니즘 관련 문구가 들어간 의류를 만들고 이후에는 직접 옷을 디자인해서 팔고 싶다”고 글을 남긴 뒤 곧이어 계좌를 공개하면서 후원을 받았다.",
				"sentenceSize": 93
			},
			{
				"sentenceNo": 5,
				"sentenceContent": "그러나 집행유예 기간에 모금행위가 법적으로 제한된 터라 후원모금은 금세 중단됐다.",
				"sentenceSize": 45
			},
			{
				"sentenceNo": 6,
				"sentenceContent": "한서희는 “성급하게 일을 진행했는데 불편함을 느꼈다면 죄송하다. 다시는 모금 같은 거 절대 하지 않겠다”며 후원받은 비용 100여만원 대부분을 돌려줬다고 밝혔다.",
				"sentenceSize": 90
			},
			{
				"sentenceNo": 7,
				"sentenceContent": "그러나 그는 이후에도 자신의 인스타그램 소개글에 카카오뱅크 계좌를 올려놓기도 해 또 한 번 후원모금 논란에 휩싸였다.",
				"sentenceSize": 65
			},
			{
				"sentenceNo": 8,
				"sentenceContent": "한서희는 마약류 관리에 관한 법률 위반 혐의로 구속기소 된 후 지난 9월 징역 3년에 집행유예 4년, 120시간의 약물치료 강의, 87만원의 추징금을 선고받았다.",
				"sentenceSize": 90
			},
			{
				"sentenceNo": 9,
				"sentenceContent": "최근엔 ‘자칭 페미니스트’로 하리수, 유아인 등과 설전을 벌여 대중의 관심을 받았다.",
				"sentenceSize": 47
			}
		]
	},
	"labeledDataInfo": {
		"processSentenceInfo": [
			{
				"sentenceNo": 1,
				"sentenceContent": "빅뱅 탑과 대마초를 흡연한 혐의로 집행유예를 선고받은 가수 연습생 한서희가 페미니즘 굿즈 쇼핑몰을 오픈했다.",
				"subjectConsistencyYn": "Y"
			},
			{
				"sentenceNo": 2,
				"sentenceContent": "한서희는 5일 자신의 인스타그램에 올린 글에서 “이제 통신판매업 신고만 하면 끝. 홈페이지도 개설될 예정”이라며 사전 예고했던 쇼핑몰 오픈 소식을 알렸다.",
				"subjectConsistencyYn": "Y"
			},
			{
				"sentenceNo": 3,
				"sentenceContent": "앞서 한서희는 쇼핑몰 후원에 대한 모금을 진행했다가 뒤늦게 환불하는 해프닝을 빚은 바 있다.",
				"subjectConsistencyYn": "Y"
			},
			{
				"sentenceNo": 4,
				"sentenceContent": "당시 그는 인스타그램에 “페미니즘 관련 문구가 들어간 의류를 만들고 이후에는 직접 옷을 디자인해서 팔고 싶다”고 글을 남긴 뒤 곧이어 계좌를 공개하면서 후원을 받았다.",
				"subjectConsistencyYn": "Y"
			},
			{
				"sentenceNo": 5,
				"sentenceContent": "그러나 집행유예 기간에 모금행위가 법적으로 제한된 터라 후원모금은 금세 중단됐다.",
				"subjectConsistencyYn": "Y"
			},
			{
				"sentenceNo": 6,
				"sentenceContent": "한서희는 “성급하게 일을 진행했는데 불편함을 느꼈다면 죄송하다. 다시는 모금 같은 거 절대 하지 않겠다”며 후원받은 비용 100여만원 대부분을 돌려줬다고 밝혔다.",
				"subjectConsistencyYn": "Y"
			},
			{
				"sentenceNo": 7,
				"sentenceContent": "그러나 그는 이후에도 자신의 인스타그램 소개글에 카카오뱅크 계좌를 올려놓기도 해 또 한 번 후원모금 논란에 휩싸였다.",
				"subjectConsistencyYn": "Y"
			},
			{
				"sentenceNo": 8,
				"sentenceContent": "한서희는 마약류 관리에 관한 법률 위반 혐의로 구속기소 된 후 지난 9월 징역 3년에 집행유예 4년, 120시간의 약물치료 강의, 87만원의 추징금을 선고받았다.",
				"subjectConsistencyYn": "Y"
			},
			{
				"sentenceNo": 9,
				"sentenceContent": "이영국은 “그건 조 실장 누나가 아이들 놀란다고, 특히 재니 사춘기라고 기말 끝나고 말하자고 했잖아요”라고 물었고 조사라는 이재니가 반대할 생각에 한숨을 내쉬었다.",
				"subjectConsistencyYn": "N"
			},
			{
				"sentenceNo": 10,
				"sentenceContent": "방에서 답답함을 드러내던 조사라의 방에 이세찬(유준서)이 등장했다.",
				"subjectConsistencyYn": "N"
			},
			{
				"sentenceNo": 11,
				"sentenceContent": "이세찬은 조사라가 박단단을 출퇴근으로 바꾸려고 했냐고 물으며 “조 실장 아줌마가 함부로 마음대로 이러시는 건 아니죠. 선생님 우리한테는 소중한 분이고 나가시려고 하는 거 우리가 붙잡았는데. 다시는 우리 선생님 일 이래라저래라 하지 말아주세요. 조 실장 아줌마가 우리 선생님께 월급 주는 거 아니잖아요”라고 소리치고 나가버렸다.",
				"subjectConsistencyYn": "N"
			},
			{
				"sentenceNo": 12,
				"sentenceContent": "한편 KBS2 주말드라마 ‘신사와 아가씨’는 오후 7시 55분에 만나볼 수 있다.",
				"subjectConsistencyYn": "N"
			}
		],
		"clickbaitClass": 0
	}
}