{
	"sourceDataInfo": {
		"newsID": "ET_M03_494560",
		"newsCategory": "연예",
		"newsSubcategory": "연예가화제",
		"newsTitle": "BTS, 美 최대 라디오 방송사 뮤직 어워즈 2개 부문 노미네이트",
		"newsSubTitle": "",
		"newsContent": "방탄소년단과 엑소가 미국 최대 라디오·TV 방송사의 유명 뮤직 어워즈에 초대됐다.\n방탄은 2개 부문에 노미네이트됐다.\n아이하트라디오(iHeartRADIO)는 10일(현지 시간) 2018 아이하트라디오 뮤직 어워즈에서 방탄소년단과 엑소가 노미네이트 됐다고 밝혔다.\n방탄소년단은 최고의 팬 군단(Best Fan Army)과 베스트 보이 밴드(Best Boy Band) 2개 부문에, 엑소는 최고의 팬 군단 1개 부문에 노미네이트 됐다.\n방탄소년단과 함께 후보로 선정된 보이 밴드는 CNCO, The Vamps, Why Don't we 등이 있다.\n아이하트라디오 뮤직 어워즈는 2014년부터 5년째 열리는 인터넷 라디오 방송국, 아이하트라디오가 주관하는 미국 음악 시상식이다.\n미국에서 매월 2억 5000만명 이상이 청취하는 아이하트미디어는 미국에서 가장 큰 전국 규모의 라디오와 텔레비전을 송출하고 있다.\n150여개 지역에 라디오 방송국 858개를 소유하고 있다.\n이번 시상식은 오는 3월 11일 오후 5시(현지 시간) LA에서 열리며 TBS·TNT·truTV 가 생중계한다.\n방탄소년단은 지난 한 해 엘런쇼, 제임스 콜든의 더 레이트 레이트 쇼, 지미 킴멜 라이브 등에 출연하며 미국 전역에서 인지도를 쌓았다.\n그런 가운데 이번 뮤직 어워즈 출연으로 2018년에도 미국 활동을 힘차게 출발하게 됐다.",
		"partNum": "P2",
		"useType": 0,
		"processType": "A",
		"processPattern": "99",
		"processLevel": "하",
		"sentenceCount": 11,
		"processSentencenum": 2,
		"sentenceInfo": [
			{
				"sentenceNo": 1,
				"sentenceContent": "방탄소년단과 엑소가 미국 최대 라디오·TV 방송사의 유명 뮤직 어워즈에 초대됐다.",
				"sentenceSize": 45
			},
			{
				"sentenceNo": 2,
				"sentenceContent": "방탄은 2개 부문에 노미네이트됐다.",
				"sentenceSize": 19
			},
			{
				"sentenceNo": 3,
				"sentenceContent": "아이하트라디오(iHeartRADIO)는 10일(현지 시간) 2018 아이하트라디오 뮤직 어워즈에서 방탄소년단과 엑소가 노미네이트 됐다고 밝혔다.",
				"sentenceSize": 80
			},
			{
				"sentenceNo": 4,
				"sentenceContent": "방탄소년단은 최고의 팬 군단(Best Fan Army)과 베스트 보이 밴드(Best Boy Band) 2개 부문에, 엑소는 최고의 팬 군단 1개 부문에 노미네이트 됐다.",
				"sentenceSize": 94
			},
			{
				"sentenceNo": 5,
				"sentenceContent": "방탄소년단과 함께 후보로 선정된 보이 밴드는 CNCO, The Vamps, Why Don't we 등이 있다.",
				"sentenceSize": 61
			},
			{
				"sentenceNo": 6,
				"sentenceContent": "아이하트라디오 뮤직 어워즈는 2014년부터 5년째 열리는 인터넷 라디오 방송국, 아이하트라디오가 주관하는 미국 음악 시상식이다.",
				"sentenceSize": 71
			},
			{
				"sentenceNo": 7,
				"sentenceContent": "미국에서 매월 2억 5000만명 이상이 청취하는 아이하트미디어는 미국에서 가장 큰 전국 규모의 라디오와 텔레비전을 송출하고 있다.",
				"sentenceSize": 72
			},
			{
				"sentenceNo": 8,
				"sentenceContent": "150여개 지역에 라디오 방송국 858개를 소유하고 있다.",
				"sentenceSize": 32
			},
			{
				"sentenceNo": 9,
				"sentenceContent": "이번 시상식은 오는 3월 11일 오후 5시(현지 시간) LA에서 열리며 TBS·TNT·truTV 가 생중계한다.",
				"sentenceSize": 62
			},
			{
				"sentenceNo": 10,
				"sentenceContent": "방탄소년단은 지난 한 해 엘런쇼, 제임스 콜든의 더 레이트 레이트 쇼, 지미 킴멜 라이브 등에 출연하며 미국 전역에서 인지도를 쌓았다.",
				"sentenceSize": 75
			},
			{
				"sentenceNo": 11,
				"sentenceContent": "그런 가운데 이번 뮤직 어워즈 출연으로 2018년에도 미국 활동을 힘차게 출발하게 됐다.",
				"sentenceSize": 49
			}
		]
	},
	"labeledDataInfo": {
		"processSentenceInfo": [
			{
				"sentenceNo": 1,
				"sentenceContent": "방탄소년단과 엑소가 미국 최대 라디오·TV 방송사의 유명 뮤직 어워즈에 초대됐다.",
				"subjectConsistencyYn": "Y"
			},
			{
				"sentenceNo": 2,
				"sentenceContent": "방탄은 2개 부문에 노미네이트됐다.",
				"subjectConsistencyYn": "Y"
			},
			{
				"sentenceNo": 3,
				"sentenceContent": "아이하트라디오(iHeartRADIO)는 10일(현지 시간) 2018 아이하트라디오 뮤직 어워즈에서 방탄소년단과 엑소가 노미네이트 됐다고 밝혔다.",
				"subjectConsistencyYn": "Y"
			},
			{
				"sentenceNo": 4,
				"sentenceContent": "방탄소년단은 최고의 팬 군단(Best Fan Army)과 베스트 보이 밴드(Best Boy Band) 2개 부문에, 엑소는 최고의 팬 군단 1개 부문에 노미네이트 됐다.",
				"subjectConsistencyYn": "Y"
			},
			{
				"sentenceNo": 5,
				"sentenceContent": "방탄소년단과 함께 후보로 선정된 보이 밴드는 CNCO, The Vamps, Why Don't we 등이 있다.",
				"subjectConsistencyYn": "Y"
			},
			{
				"sentenceNo": 6,
				"sentenceContent": "아이하트라디오 뮤직 어워즈는 2014년부터 5년째 열리는 인터넷 라디오 방송국, 아이하트라디오가 주관하는 미국 음악 시상식이다.",
				"subjectConsistencyYn": "Y"
			},
			{
				"sentenceNo": 7,
				"sentenceContent": "미국에서 매월 2억 5000만명 이상이 청취하는 아이하트미디어는 미국에서 가장 큰 전국 규모의 라디오와 텔레비전을 송출하고 있다.",
				"subjectConsistencyYn": "Y"
			},
			{
				"sentenceNo": 8,
				"sentenceContent": "150여개 지역에 라디오 방송국 858개를 소유하고 있다.",
				"subjectConsistencyYn": "Y"
			},
			{
				"sentenceNo": 9,
				"sentenceContent": "이번 시상식은 오는 3월 11일 오후 5시(현지 시간) LA에서 열리며 TBS·TNT·truTV 가 생중계한다.",
				"subjectConsistencyYn": "Y"
			},
			{
				"sentenceNo": 10,
				"sentenceContent": "하이량은 앨범 활동 및 각종 무대와 방송을 통해 대중들을 만날 예정이다.",
				"subjectConsistencyYn": "N"
			}
		],
		"clickbaitClass": 0
	}
}