{
	"sourceDataInfo": {
		"newsID": "ET_M03_494240",
		"newsCategory": "연예",
		"newsSubcategory": "연예가화제",
		"newsTitle": "김승현, 다음달 12일 '알토란' 작가 장정윤씨와 결혼",
		"newsSubTitle": "",
		"newsContent": "탤런트 김승현(39)이 다음 달 결혼한다.\n김승현 측 관계자는 \\\"김승현과 방송작가 장정윤씨가 다음 달 12일 서울 마포구 한 호텔에서 결혼식을 올린다\\\"고 16일 밝혔다.\n결혼식은 비공개로 진행되는 것으로 전해졌다.\n김승현과 장 작가는 앞서 MBN 예능 프로그램 '알토란'에서 만나 올해 연인으로 발전했다.\n장 작가의 나이는 30대 중반으로 알려졌다.\n김승현은 이날 방송된 MBC 예능 '언니네 쌀롱'에 출연해 \\\"나라는 사람을 만나줘서 너무 고맙다. 우리 앞으로 행복하게 잘 살았으면 좋겠다\\\"며 장 작가에게 영상 편지를 보내기도 했다.\n1997년 잡지 '렛츠' 모델로 데뷔한 김승현은 청춘스타로 주목받았다.\n직접 미혼부라는 사실을 밝혀 연예계 활동에 위기를 맞은 적도 있었으나 KBS 2TV 예능 '살림하는 남자들 시즌2'로 재기에 성공했다.",
		"partNum": "P2",
		"useType": 0,
		"processType": "A",
		"processPattern": "99",
		"processLevel": "하",
		"sentenceCount": 8,
		"processSentencenum": 2,
		"sentenceInfo": [
			{
				"sentenceNo": 1,
				"sentenceContent": "탤런트 김승현(39)이 다음 달 결혼한다.",
				"sentenceSize": 23
			},
			{
				"sentenceNo": 2,
				"sentenceContent": "김승현 측 관계자는 \\\"김승현과 방송작가 장정윤씨가 다음 달 12일 서울 마포구 한 호텔에서 결혼식을 올린다\\\"고 16일 밝혔다.",
				"sentenceSize": 72
			},
			{
				"sentenceNo": 3,
				"sentenceContent": "결혼식은 비공개로 진행되는 것으로 전해졌다.",
				"sentenceSize": 24
			},
			{
				"sentenceNo": 4,
				"sentenceContent": "김승현과 장 작가는 앞서 MBN 예능 프로그램 '알토란'에서 만나 올해 연인으로 발전했다.",
				"sentenceSize": 50
			},
			{
				"sentenceNo": 5,
				"sentenceContent": "장 작가의 나이는 30대 중반으로 알려졌다.",
				"sentenceSize": 24
			},
			{
				"sentenceNo": 6,
				"sentenceContent": "김승현은 이날 방송된 MBC 예능 '언니네 쌀롱'에 출연해 \\\"나라는 사람을 만나줘서 너무 고맙다. 우리 앞으로 행복하게 잘 살았으면 좋겠다\\\"며 장 작가에게 영상 편지를 보내기도 했다.",
				"sentenceSize": 104
			},
			{
				"sentenceNo": 7,
				"sentenceContent": "1997년 잡지 '렛츠' 모델로 데뷔한 김승현은 청춘스타로 주목받았다.",
				"sentenceSize": 39
			},
			{
				"sentenceNo": 8,
				"sentenceContent": "직접 미혼부라는 사실을 밝혀 연예계 활동에 위기를 맞은 적도 있었으나 KBS 2TV 예능 '살림하는 남자들 시즌2'로 재기에 성공했다.",
				"sentenceSize": 75
			}
		]
	},
	"labeledDataInfo": {
		"processSentenceInfo": [
			{
				"sentenceNo": 1,
				"sentenceContent": "탤런트 김승현(39)이 다음 달 결혼한다.",
				"subjectConsistencyYn": "Y"
			},
			{
				"sentenceNo": 2,
				"sentenceContent": "김승현 측 관계자는 \\\"김승현과 방송작가 장정윤씨가 다음 달 12일 서울 마포구 한 호텔에서 결혼식을 올린다\\\"고 16일 밝혔다.",
				"subjectConsistencyYn": "Y"
			},
			{
				"sentenceNo": 3,
				"sentenceContent": "결혼식은 비공개로 진행되는 것으로 전해졌다.",
				"subjectConsistencyYn": "Y"
			},
			{
				"sentenceNo": 4,
				"sentenceContent": "김승현과 장 작가는 앞서 MBN 예능 프로그램 '알토란'에서 만나 올해 연인으로 발전했다.",
				"subjectConsistencyYn": "Y"
			},
			{
				"sentenceNo": 5,
				"sentenceContent": "장 작가의 나이는 30대 중반으로 알려졌다.",
				"subjectConsistencyYn": "Y"
			},
			{
				"sentenceNo": 6,
				"sentenceContent": "김승현은 이날 방송된 MBC 예능 '언니네 쌀롱'에 출연해 \\\"나라는 사람을 만나줘서 너무 고맙다. 우리 앞으로 행복하게 잘 살았으면 좋겠다\\\"며 장 작가에게 영상 편지를 보내기도 했다.",
				"subjectConsistencyYn": "Y"
			},
			{
				"sentenceNo": 7,
				"sentenceContent": "컴백 티아라 온라인 중앙일보 [사진 일간스포츠] 컴백 티아라",
				"subjectConsistencyYn": "N"
			}
		],
		"clickbaitClass": 0
	}
}