{
	"sourceDataInfo": {
		"newsID": "ET_M03_494597",
		"newsCategory": "연예",
		"newsSubcategory": "연예가화제",
		"newsTitle": "'연기대상(?)' 소식 기뻐하는 김영철에 달린 \\\"극혐\\\" 댓글",
		"newsSubTitle": "",
		"newsContent": "'2017 KBS 연기대상' 수상자 목록에 엉뚱하게도 개그맨 김영철의 사진이 올라갔다.\n이에 개그맨 김영철이 즐거운 듯 글을 남기자 개그맨 김수용이 '극혐'이란 댓글을 달았다.\n1일 한때 포털사이트 네이버 ‘2017 KBS 연기대상’ 수상자 목록에 ‘배우’ 김영철이 아닌 ‘개그맨’ 김영철의 사진이 뜨는 해프닝이 벌어졌다.\n현재 오류는 수정된 상태다.\n대상 수상자에 자신의 사진이 올라간 것을 발견한 개그맨 김영철은 자신의 인스타그램에 \\\"이거 당분간 놔두시면 안 돼요?ㅋㅋㅋ 혼자 얼굴 튀는 것 좀 봐!\\\"라며 즐거운 듯 글을 남겼다.\n이어 원래 수상자인 배우 김영철에게 \\\"그리고 저랑 이름 똑같은 김영철 선배님 축하드려요!\\\"라며 축하 인사를 덧붙였다.\n해당 글에 평소 친한 사이인 김수용이 '극혐'이라고 댓글을 달았다.\n네티즌들은 \\\"수드래곤(김수용의 별명) 너무 웃기다\\\" \\\"극혐vs핵노잼의 대결이다\\\" 등의 반응을 보였다.\n실제로 이 둘은 서로 '극혐', '핵노잼'이라고 서로 놀리는 사이다.\n지난해 10월 김영철은 자신의 인스타그램에 김수용과 만남을 인증하는 사진을 올리며 \\\"#핵노잼 vs #그극혐 만남\\\"이라고 문구를 달기도 했다.",
		"partNum": "P2",
		"useType": 0,
		"processType": "A",
		"processPattern": "99",
		"processLevel": "하",
		"sentenceCount": 10,
		"processSentencenum": 2,
		"sentenceInfo": [
			{
				"sentenceNo": 1,
				"sentenceContent": "'2017 KBS 연기대상' 수상자 목록에 엉뚱하게도 개그맨 김영철의 사진이 올라갔다.",
				"sentenceSize": 48
			},
			{
				"sentenceNo": 2,
				"sentenceContent": "이에 개그맨 김영철이 즐거운 듯 글을 남기자 개그맨 김수용이 '극혐'이란 댓글을 달았다.",
				"sentenceSize": 49
			},
			{
				"sentenceNo": 3,
				"sentenceContent": "1일 한때 포털사이트 네이버 ‘2017 KBS 연기대상’ 수상자 목록에 ‘배우’ 김영철이 아닌 ‘개그맨’ 김영철의 사진이 뜨는 해프닝이 벌어졌다.",
				"sentenceSize": 81
			},
			{
				"sentenceNo": 4,
				"sentenceContent": "현재 오류는 수정된 상태다.",
				"sentenceSize": 15
			},
			{
				"sentenceNo": 5,
				"sentenceContent": "대상 수상자에 자신의 사진이 올라간 것을 발견한 개그맨 김영철은 자신의 인스타그램에 \\\"이거 당분간 놔두시면 안 돼요?ㅋㅋㅋ 혼자 얼굴 튀는 것 좀 봐!\\\"라며 즐거운 듯 글을 남겼다.",
				"sentenceSize": 103
			},
			{
				"sentenceNo": 6,
				"sentenceContent": "이어 원래 수상자인 배우 김영철에게 \\\"그리고 저랑 이름 똑같은 김영철 선배님 축하드려요!\\\"라며 축하 인사를 덧붙였다.",
				"sentenceSize": 67
			},
			{
				"sentenceNo": 7,
				"sentenceContent": "해당 글에 평소 친한 사이인 김수용이 '극혐'이라고 댓글을 달았다.",
				"sentenceSize": 37
			},
			{
				"sentenceNo": 8,
				"sentenceContent": "네티즌들은 \\\"수드래곤(김수용의 별명) 너무 웃기다\\\" \\\"극혐vs핵노잼의 대결이다\\\" 등의 반응을 보였다.",
				"sentenceSize": 60
			},
			{
				"sentenceNo": 9,
				"sentenceContent": "실제로 이 둘은 서로 '극혐', '핵노잼'이라고 서로 놀리는 사이다.",
				"sentenceSize": 38
			},
			{
				"sentenceNo": 10,
				"sentenceContent": "지난해 10월 김영철은 자신의 인스타그램에 김수용과 만남을 인증하는 사진을 올리며 \\\"#핵노잼 vs #그극혐 만남\\\"이라고 문구를 달기도 했다.",
				"sentenceSize": 80
			}
		]
	},
	"labeledDataInfo": {
		"processSentenceInfo": [
			{
				"sentenceNo": 1,
				"sentenceContent": "'2017 KBS 연기대상' 수상자 목록에 엉뚱하게도 개그맨 김영철의 사진이 올라갔다.",
				"subjectConsistencyYn": "Y"
			},
			{
				"sentenceNo": 2,
				"sentenceContent": "이에 개그맨 김영철이 즐거운 듯 글을 남기자 개그맨 김수용이 '극혐'이란 댓글을 달았다.",
				"subjectConsistencyYn": "Y"
			},
			{
				"sentenceNo": 3,
				"sentenceContent": "1일 한때 포털사이트 네이버 ‘2017 KBS 연기대상’ 수상자 목록에 ‘배우’ 김영철이 아닌 ‘개그맨’ 김영철의 사진이 뜨는 해프닝이 벌어졌다.",
				"subjectConsistencyYn": "Y"
			},
			{
				"sentenceNo": 4,
				"sentenceContent": "현재 오류는 수정된 상태다.",
				"subjectConsistencyYn": "Y"
			},
			{
				"sentenceNo": 5,
				"sentenceContent": "대상 수상자에 자신의 사진이 올라간 것을 발견한 개그맨 김영철은 자신의 인스타그램에 \\\"이거 당분간 놔두시면 안 돼요?ㅋㅋㅋ 혼자 얼굴 튀는 것 좀 봐!\\\"라며 즐거운 듯 글을 남겼다.",
				"subjectConsistencyYn": "Y"
			},
			{
				"sentenceNo": 6,
				"sentenceContent": "이어 원래 수상자인 배우 김영철에게 \\\"그리고 저랑 이름 똑같은 김영철 선배님 축하드려요!\\\"라며 축하 인사를 덧붙였다.",
				"subjectConsistencyYn": "Y"
			},
			{
				"sentenceNo": 7,
				"sentenceContent": "해당 글에 평소 친한 사이인 김수용이 '극혐'이라고 댓글을 달았다.",
				"subjectConsistencyYn": "Y"
			},
			{
				"sentenceNo": 8,
				"sentenceContent": "네티즌들은 \\\"수드래곤(김수용의 별명) 너무 웃기다\\\" \\\"극혐vs핵노잼의 대결이다\\\" 등의 반응을 보였다.",
				"subjectConsistencyYn": "Y"
			},
			{
				"sentenceNo": 9,
				"sentenceContent": "서은광을 비롯해 이창섭, 임현식, 육성재 등 보컬라인 4명이 출동한 비투비는 ‘님에게’를 열창해 우승했다.",
				"subjectConsistencyYn": "N"
			},
			{
				"sentenceNo": 10,
				"sentenceContent": "온라인 중앙일보 [사진 인스타그램]",
				"subjectConsistencyYn": "N"
			}
		],
		"clickbaitClass": 0
	}
}