{
	"sourceDataInfo": {
		"newsID": "ET_M03_494382",
		"newsCategory": "연예",
		"newsSubcategory": "연예가화제",
		"newsTitle": "KBS 새 드라마 여주인공, 최지우 아닌 김현주 캐스팅 된 이유",
		"newsSubTitle": "",
		"newsContent": "29일 서울 영등포 타임스퀘어에서는 KBS 새 월화드라마 '우리가 만난 기적' 제작발표회 겸 기자간담회가 열렸다.\n드라마 극본을 맡은 백미경 작가는 이날 최지우가 드라마에 캐스팅이 되지 않은 것에 대해 언급했다.\n백 작가는 이날 간담회에서 여주인공 '선혜진 역'에 김현주에 앞서 최지우가 캐스팅됐던 것을 언급했다.\n백 작가는 \\\"최지우 씨는 오늘 결혼 기사도 났는데 (결혼) 스케줄 때문에…\\\"라며 개인적인 일정 때문에 최지우와 함께할 수 없었다고 밝혔다.\n최지우는 이날 오후 약 1년간 만난 일반인 직장인과 결혼식을 한다.\n백 작가는 이어 \\\"김현주가 2순위가 아니라 최지우가 감독님과의 인연으로 얘기가 나왔었다\\\" 며 \\\"김현주는 최고의 배우고, 감독님과 김현주에 대해 얘기하면서 대안이 없을 정도로 너무 좋아했다\\\"면서 김현주에 대한 기대감을 드러냈다.\n그러면서 \\\"김현주를 너무 좋아했었다\\\"며 \\\"정말로 훌륭한 배우라고 생각한다\\\"고 덧붙였다.\n연출을 맡은 이형민 PD도 \\\"김현주가 최지우가 캐스팅 됐던 것을 알 수도 있는데, (김현주는) 정말 선헤진에 맞는 배우\\\"라며 \\\"(김현주에게)상처 주지 않았으면 한다\\\"고 말했다. '우리가 만난 기적'은 '라디오 로맨스' 후속으로 4월 2일 처음 방송된다.\n김현주를 비롯해 김명민, 라미란 등이 출연한다.",
		"partNum": "P2",
		"useType": 0,
		"processType": "A",
		"processPattern": "99",
		"processLevel": "하",
		"sentenceCount": 9,
		"processSentencenum": 1,
		"sentenceInfo": [
			{
				"sentenceNo": 1,
				"sentenceContent": "29일 서울 영등포 타임스퀘어에서는 KBS 새 월화드라마 '우리가 만난 기적' 제작발표회 겸 기자간담회가 열렸다.",
				"sentenceSize": 63
			},
			{
				"sentenceNo": 2,
				"sentenceContent": "드라마 극본을 맡은 백미경 작가는 이날 최지우가 드라마에 캐스팅이 되지 않은 것에 대해 언급했다.",
				"sentenceSize": 54
			},
			{
				"sentenceNo": 3,
				"sentenceContent": "백 작가는 이날 간담회에서 여주인공 '선혜진 역'에 김현주에 앞서 최지우가 캐스팅됐던 것을 언급했다.",
				"sentenceSize": 56
			},
			{
				"sentenceNo": 4,
				"sentenceContent": "백 작가는 \\\"최지우 씨는 오늘 결혼 기사도 났는데 (결혼) 스케줄 때문에…\\\"라며 개인적인 일정 때문에 최지우와 함께할 수 없었다고 밝혔다.",
				"sentenceSize": 79
			},
			{
				"sentenceNo": 5,
				"sentenceContent": "최지우는 이날 오후 약 1년간 만난 일반인 직장인과 결혼식을 한다.",
				"sentenceSize": 37
			},
			{
				"sentenceNo": 6,
				"sentenceContent": "백 작가는 이어 \\\"김현주가 2순위가 아니라 최지우가 감독님과의 인연으로 얘기가 나왔었다\\\" 며 \\\"김현주는 최고의 배우고, 감독님과 김현주에 대해 얘기하면서 대안이 없을 정도로 너무 좋아했다\\\"면서 김현주에 대한 기대감을 드러냈다.",
				"sentenceSize": 130
			},
			{
				"sentenceNo": 7,
				"sentenceContent": "그러면서 \\\"김현주를 너무 좋아했었다\\\"며 \\\"정말로 훌륭한 배우라고 생각한다\\\"고 덧붙였다.",
				"sentenceSize": 52
			},
			{
				"sentenceNo": 8,
				"sentenceContent": "연출을 맡은 이형민 PD도 \\\"김현주가 최지우가 캐스팅 됐던 것을 알 수도 있는데, (김현주는) 정말 선헤진에 맞는 배우\\\"라며 \\\"(김현주에게)상처 주지 않았으면 한다\\\"고 말했다. '우리가 만난 기적'은 '라디오 로맨스' 후속으로 4월 2일 처음 방송된다.",
				"sentenceSize": 145
			},
			{
				"sentenceNo": 9,
				"sentenceContent": "김현주를 비롯해 김명민, 라미란 등이 출연한다.",
				"sentenceSize": 26
			}
		]
	},
	"labeledDataInfo": {
		"processSentenceInfo": [
			{
				"sentenceNo": 1,
				"sentenceContent": "29일 서울 영등포 타임스퀘어에서는 KBS 새 월화드라마 '우리가 만난 기적' 제작발표회 겸 기자간담회가 열렸다.",
				"subjectConsistencyYn": "Y"
			},
			{
				"sentenceNo": 2,
				"sentenceContent": "드라마 극본을 맡은 백미경 작가는 이날 최지우가 드라마에 캐스팅이 되지 않은 것에 대해 언급했다.",
				"subjectConsistencyYn": "Y"
			},
			{
				"sentenceNo": 3,
				"sentenceContent": "백 작가는 이날 간담회에서 여주인공 '선혜진 역'에 김현주에 앞서 최지우가 캐스팅됐던 것을 언급했다.",
				"subjectConsistencyYn": "Y"
			},
			{
				"sentenceNo": 4,
				"sentenceContent": "백 작가는 \\\"최지우 씨는 오늘 결혼 기사도 났는데 (결혼) 스케줄 때문에…\\\"라며 개인적인 일정 때문에 최지우와 함께할 수 없었다고 밝혔다.",
				"subjectConsistencyYn": "Y"
			},
			{
				"sentenceNo": 5,
				"sentenceContent": "최지우는 이날 오후 약 1년간 만난 일반인 직장인과 결혼식을 한다.",
				"subjectConsistencyYn": "Y"
			},
			{
				"sentenceNo": 6,
				"sentenceContent": "백 작가는 이어 \\\"김현주가 2순위가 아니라 최지우가 감독님과의 인연으로 얘기가 나왔었다\\\" 며 \\\"김현주는 최고의 배우고, 감독님과 김현주에 대해 얘기하면서 대안이 없을 정도로 너무 좋아했다\\\"면서 김현주에 대한 기대감을 드러냈다.",
				"subjectConsistencyYn": "Y"
			},
			{
				"sentenceNo": 7,
				"sentenceContent": "그러면서 \\\"김현주를 너무 좋아했었다\\\"며 \\\"정말로 훌륭한 배우라고 생각한다\\\"고 덧붙였다.",
				"subjectConsistencyYn": "Y"
			},
			{
				"sentenceNo": 8,
				"sentenceContent": "연출을 맡은 이형민 PD도 \\\"김현주가 최지우가 캐스팅 됐던 것을 알 수도 있는데, (김현주는) 정말 선헤진에 맞는 배우\\\"라며 \\\"(김현주에게)상처 주지 않았으면 한다\\\"고 말했다. '우리가 만난 기적'은 '라디오 로맨스' 후속으로 4월 2일 처음 방송된다.",
				"subjectConsistencyYn": "Y"
			},
			{
				"sentenceNo": 9,
				"sentenceContent": "이희준과 이혜정은 최근 지인과의 식사자리에서 만남을 가진 뒤 관심사가 맞아 연인으로 발전한 것으로 전해졌다.",
				"subjectConsistencyYn": "N"
			},
			{
				"sentenceNo": 10,
				"sentenceContent": "온라인 중앙일보 ‘이희준과 열애 이혜정’. [사진 이혜정 인스타그램]",
				"subjectConsistencyYn": "N"
			}
		],
		"clickbaitClass": 0
	}
}