{
	"sourceDataInfo": {
		"newsID": "ET_M03_494222",
		"newsCategory": "연예",
		"newsSubcategory": "연예가화제",
		"newsTitle": "앨범 힘 못써도 BTS 제쳤다…'유튜브 최강자' 블랙핑크 전략",
		"newsSubTitle": "BTS의 'DNA'보다 높은 조회수 팬덤보다는 글로벌 대중성 모색 '군무 따라하기'로 반복시청 유도",
		"newsContent": "블랙핑크의 거침없는 질주가 계속되고 있다.\n26일 미국 NBC의 간판 프로그램 ‘더 투나잇 쇼 스타링 지미 팰런’에 출연해 신곡 ‘하우 유 라이크 댓(How You Like That)’를 공개한 데 이어, 아이튠즈 내 미국 포함 64개국에서 동시 1위를 차지하는 등 K팝 걸그룹 역사를 다시 쓰고 있다.\n해외 반응도 뜨겁다. ‘더 투나잇 쇼’를 진행하는 지미 펠런은 블랙핑크에 대해 “현재 세계에서 가장 뜨거운 반응을 얻고 있는 그룹”이라며 “‘현상’(phenomenon)이라는 말로 표현이 되지 않는다”고 극찬했고, 미국 연예잡지 ‘버라이어티’는 “금주 최고의 싱글”이라고 호평했다.\n뮤직비디오 역시 최단시간(32시간 23분) 유튜브 1억뷰를 기록하는 등 분위기가 달아오르고 있다.\n그런데 이런 블랙핑크도 앨범 판매량에서만큼은 작아진다.\n앨범의 판매량 여부를 가늠하는 주요 척도인 초동 판매량에서 여실히 드러난다.\n역대 걸그룹 음반 초동 판매량 1~10위 중 블랙핑크는 ‘킬 디스 러브’(2019년ㆍ5위)만 올랐다.\n경쟁 그룹인 아이즈원(1ㆍ2ㆍ7위)이나 트와이스(3ㆍ4ㆍ8~10위)에 비교하면 상대적으로 초라한 결과다.\n20위까지 확장해도 블랙핑크의 앨범은 ‘SQUARE UP’(2018년ㆍ15위) 한 곡만 더 오를 뿐이다.\n하지만 무대를 유튜브로 옮기면 상황은 정반대가 된다.\n지금까지 블랙핑크가 낸 뮤직비디오(7곡)는 모두 유튜브 조회수가 2억뷰를 넘었으며, 이 가운데 5곡은 5억뷰 이상을 기록했다.\n또 블랙핑크의 ‘뚜두뚜두’(12억 244만건)는 걸그룹 중 유일하게 10억뷰를 넘긴 곡인 동시에 방탄소년단의 최다 조회수를 기록한 ‘DNA’(10억 2605만건)보다 높은 곡이기도 하다.\n유튜브에서만큼은 블랙핑크가 단연 최강자다.\n이러한 블랙핑크의 유튜브에서의 강력함은 어디서 오는 것인지 전문가들에게 들어봤다.\n①서사 대신 군무=YG엔터테인먼트의 한 관계자는 “다른 걸그룹에 비해 뮤직비디오에서 서사보다 군무의 비중이 높다. 블랙핑크의 안무를 따라 하는 팬들이 몇 차례 반복해서 보게 하는 전략 중 하나”라고 말했다.\n트와이스가 각 멤버에 일정한 역할을 부여해 캐릭터를 부각하거나 레드벨벳이 다중적 해석이 가능한 몽환적 서사를 펼치는 것과는 다른 방식이다.\n지난해 『K팝 걸그룹 댄스 동작 분류 체계 및 시각화 구현』이라는 논문을 낸 박성제 중앙대 무용학과 교수는 “블랙핑크 등 걸그룹의 안무는 보이그룹보다 격렬하지 않고 하체보다 상체 위주로 반복적인 동작이 많다”며 “보이그룹보다 상대적으로 따라 하기 좋기 때문에 해외에서 커버댄스와 플래시몹 등 다양한 형태로 소비된다”고 설명했다.\n②여성들의 워너비, 패셔니스타 멤버들=블랙핑크는 멤버들이 패셔니스타로 유명하다.\n여성 패션 브랜드 샤넬의 앰배서더로 활동하는 제니를 비롯해 지수(디오르 뷰티 뮤즈), 리사(셀린느 뮤즈), 로제(이브생로랑 글로벌 앰배서더) 모두 유명 패션 브랜드에서 호감도가 높은 셀러브리티다.\n지난 26일 블랙핑크의 컴백일에 맞춰 인터뷰 기사를 내보냈던 영국 패션지 보그는 지난달 30일에도 블랙핑크 패션 관련 기사를 통해 \\\"블랙핑크가 주요 패션쇼의 맨 앞줄에 앉아 자신들의 패션을 돋보이게 했다\\\"며 이들이 행사에서 착용한 패션 아이템과 브랜드를 자세히 소개하기도 했다.\n뮤직비디오에 등장한 멤버의 패션 또한 많은 주목을 받는다.\n특히 이번 곡에선 현대적으로 재해석한 한복이 많은 주목을 받았다.\n이들의 한복을 제작한 ‘단하주단’ 측에선 “전 세계에서 의상에 대한 문의와 구매가 이어지고 있다”고 말했다.\n③팬덤 아닌 글로벌 대중성=폭발적인 유튜브 조회수와 상대적으로 저조한 앨범 판매량은 블랙핑크라는 ‘동전’을 설명하는 양면과도 같다.\n김진우 가온차트 수석연구위원은 “방탄소년단(BTS)을 비롯한 K팝 아이돌이 강력한 팬덤을 구축한 뒤 세를 확장한 것과 달리 블랙핑크는 출발부터 국내 영역을 벗어나 글로벌 대중성을 지향하는 전략을 썼다”고 설명했다.\n실제로 앨범 초동판매량에서 1ㆍ2위를 기록한 아이즈원이지만 뮤직비디오 7곡 중 유튜브에서 조회 수 1억건을 넘은 건 ‘라비앙로즈’(1억2791만건) 뿐이다.\n이중 음악프로그램에서 가장 많이 1위에 오른 ‘비올레타’(7회)도 유튜브 조휘 수는 6592만 건이다.\n한·일 시장에 집중하는 아이즈원과 글로벌 시장을 공략하는 블랙핑크의 차이가 명확해지는 부분이다.\n또 데뷔부터 일찌감치 걸크러시 스타일을 선보인 것도 한·일 시장 보다는 서구 시장을 겨냥한 포인트 중 하나다.\n구글트렌드를 통해 블랙핑크를 검색해봐도 한국ㆍ일본보다는 동남아 국가에서 강세를 보인다. ‘하우 유 라이크 댓’의 유튜브 검색량도 마찬가지로 동남아시아나 유럽 등에서 더 높은 집중도가 나타난다.\n김 수석위원은“태국 출신인 리사 뿐 아니라 로제와 제니 등이 해외 경험으로 영어 소통이 자유롭고, 블랙핑크가 서구 팝에 가까운 음악 스타일을 추구한다는 점도 이런 현상에 기여하고 있다“고 덧붙였다.",
		"partNum": "P2",
		"useType": 0,
		"processType": "A",
		"processPattern": "99",
		"processLevel": "하",
		"sentenceCount": 31,
		"processSentencenum": 6,
		"sentenceInfo": [
			{
				"sentenceNo": 1,
				"sentenceContent": "블랙핑크의 거침없는 질주가 계속되고 있다.",
				"sentenceSize": 23
			},
			{
				"sentenceNo": 2,
				"sentenceContent": "26일 미국 NBC의 간판 프로그램 ‘더 투나잇 쇼 스타링 지미 팰런’에 출연해 신곡 ‘하우 유 라이크 댓(How You Like That)’를 공개한 데 이어, 아이튠즈 내 미국 포함 64개국에서 동시 1위를 차지하는 등 K팝 걸그룹 역사를 다시 쓰고 있다.",
				"sentenceSize": 145
			},
			{
				"sentenceNo": 3,
				"sentenceContent": "해외 반응도 뜨겁다. ‘더 투나잇 쇼’를 진행하는 지미 펠런은 블랙핑크에 대해 “현재 세계에서 가장 뜨거운 반응을 얻고 있는 그룹”이라며 “‘현상’(phenomenon)이라는 말로 표현이 되지 않는다”고 극찬했고, 미국 연예잡지 ‘버라이어티’는 “금주 최고의 싱글”이라고 호평했다.",
				"sentenceSize": 157
			},
			{
				"sentenceNo": 4,
				"sentenceContent": "뮤직비디오 역시 최단시간(32시간 23분) 유튜브 1억뷰를 기록하는 등 분위기가 달아오르고 있다.",
				"sentenceSize": 54
			},
			{
				"sentenceNo": 5,
				"sentenceContent": "그런데 이런 블랙핑크도 앨범 판매량에서만큼은 작아진다.",
				"sentenceSize": 30
			},
			{
				"sentenceNo": 6,
				"sentenceContent": "앨범의 판매량 여부를 가늠하는 주요 척도인 초동 판매량에서 여실히 드러난다.",
				"sentenceSize": 42
			},
			{
				"sentenceNo": 7,
				"sentenceContent": "역대 걸그룹 음반 초동 판매량 1~10위 중 블랙핑크는 ‘킬 디스 러브’(2019년ㆍ5위)만 올랐다.",
				"sentenceSize": 56
			},
			{
				"sentenceNo": 8,
				"sentenceContent": "경쟁 그룹인 아이즈원(1ㆍ2ㆍ7위)이나 트와이스(3ㆍ4ㆍ8~10위)에 비교하면 상대적으로 초라한 결과다.",
				"sentenceSize": 58
			},
			{
				"sentenceNo": 9,
				"sentenceContent": "20위까지 확장해도 블랙핑크의 앨범은 ‘SQUARE UP’(2018년ㆍ15위) 한 곡만 더 오를 뿐이다.",
				"sentenceSize": 58
			},
			{
				"sentenceNo": 10,
				"sentenceContent": "하지만 무대를 유튜브로 옮기면 상황은 정반대가 된다.",
				"sentenceSize": 29
			},
			{
				"sentenceNo": 11,
				"sentenceContent": "지금까지 블랙핑크가 낸 뮤직비디오(7곡)는 모두 유튜브 조회수가 2억뷰를 넘었으며, 이 가운데 5곡은 5억뷰 이상을 기록했다.",
				"sentenceSize": 70
			},
			{
				"sentenceNo": 12,
				"sentenceContent": "또 블랙핑크의 ‘뚜두뚜두’(12억 244만건)는 걸그룹 중 유일하게 10억뷰를 넘긴 곡인 동시에 방탄소년단의 최다 조회수를 기록한 ‘DNA’(10억 2605만건)보다 높은 곡이기도 하다.",
				"sentenceSize": 104
			},
			{
				"sentenceNo": 13,
				"sentenceContent": "유튜브에서만큼은 블랙핑크가 단연 최강자다.",
				"sentenceSize": 23
			},
			{
				"sentenceNo": 14,
				"sentenceContent": "이러한 블랙핑크의 유튜브에서의 강력함은 어디서 오는 것인지 전문가들에게 들어봤다.",
				"sentenceSize": 45
			},
			{
				"sentenceNo": 15,
				"sentenceContent": "①서사 대신 군무=YG엔터테인먼트의 한 관계자는 “다른 걸그룹에 비해 뮤직비디오에서 서사보다 군무의 비중이 높다. 블랙핑크의 안무를 따라 하는 팬들이 몇 차례 반복해서 보게 하는 전략 중 하나”라고 말했다.",
				"sentenceSize": 115
			},
			{
				"sentenceNo": 16,
				"sentenceContent": "트와이스가 각 멤버에 일정한 역할을 부여해 캐릭터를 부각하거나 레드벨벳이 다중적 해석이 가능한 몽환적 서사를 펼치는 것과는 다른 방식이다.",
				"sentenceSize": 77
			},
			{
				"sentenceNo": 17,
				"sentenceContent": "지난해 『K팝 걸그룹 댄스 동작 분류 체계 및 시각화 구현』이라는 논문을 낸 박성제 중앙대 무용학과 교수는 “블랙핑크 등 걸그룹의 안무는 보이그룹보다 격렬하지 않고 하체보다 상체 위주로 반복적인 동작이 많다”며 “보이그룹보다 상대적으로 따라 하기 좋기 때문에 해외에서 커버댄스와 플래시몹 등 다양한 형태로 소비된다”고 설명했다.",
				"sentenceSize": 183
			},
			{
				"sentenceNo": 18,
				"sentenceContent": "②여성들의 워너비, 패셔니스타 멤버들=블랙핑크는 멤버들이 패셔니스타로 유명하다.",
				"sentenceSize": 44
			},
			{
				"sentenceNo": 19,
				"sentenceContent": "여성 패션 브랜드 샤넬의 앰배서더로 활동하는 제니를 비롯해 지수(디오르 뷰티 뮤즈), 리사(셀린느 뮤즈), 로제(이브생로랑 글로벌 앰배서더) 모두 유명 패션 브랜드에서 호감도가 높은 셀러브리티다.",
				"sentenceSize": 109
			},
			{
				"sentenceNo": 20,
				"sentenceContent": "지난 26일 블랙핑크의 컴백일에 맞춰 인터뷰 기사를 내보냈던 영국 패션지 보그는 지난달 30일에도 블랙핑크 패션 관련 기사를 통해 \\\"블랙핑크가 주요 패션쇼의 맨 앞줄에 앉아 자신들의 패션을 돋보이게 했다\\\"며 이들이 행사에서 착용한 패션 아이템과 브랜드를 자세히 소개하기도 했다.",
				"sentenceSize": 157
			},
			{
				"sentenceNo": 21,
				"sentenceContent": "뮤직비디오에 등장한 멤버의 패션 또한 많은 주목을 받는다.",
				"sentenceSize": 32
			},
			{
				"sentenceNo": 22,
				"sentenceContent": "특히 이번 곡에선 현대적으로 재해석한 한복이 많은 주목을 받았다.",
				"sentenceSize": 36
			},
			{
				"sentenceNo": 23,
				"sentenceContent": "이들의 한복을 제작한 ‘단하주단’ 측에선 “전 세계에서 의상에 대한 문의와 구매가 이어지고 있다”고 말했다.",
				"sentenceSize": 60
			},
			{
				"sentenceNo": 24,
				"sentenceContent": "③팬덤 아닌 글로벌 대중성=폭발적인 유튜브 조회수와 상대적으로 저조한 앨범 판매량은 블랙핑크라는 ‘동전’을 설명하는 양면과도 같다.",
				"sentenceSize": 73
			},
			{
				"sentenceNo": 25,
				"sentenceContent": "김진우 가온차트 수석연구위원은 “방탄소년단(BTS)을 비롯한 K팝 아이돌이 강력한 팬덤을 구축한 뒤 세를 확장한 것과 달리 블랙핑크는 출발부터 국내 영역을 벗어나 글로벌 대중성을 지향하는 전략을 썼다”고 설명했다.",
				"sentenceSize": 119
			},
			{
				"sentenceNo": 26,
				"sentenceContent": "실제로 앨범 초동판매량에서 1ㆍ2위를 기록한 아이즈원이지만 뮤직비디오 7곡 중 유튜브에서 조회 수 1억건을 넘은 건 ‘라비앙로즈’(1억2791만건) 뿐이다.",
				"sentenceSize": 87
			},
			{
				"sentenceNo": 27,
				"sentenceContent": "이중 음악프로그램에서 가장 많이 1위에 오른 ‘비올레타’(7회)도 유튜브 조휘 수는 6592만 건이다.",
				"sentenceSize": 57
			},
			{
				"sentenceNo": 28,
				"sentenceContent": "한·일 시장에 집중하는 아이즈원과 글로벌 시장을 공략하는 블랙핑크의 차이가 명확해지는 부분이다.",
				"sentenceSize": 53
			},
			{
				"sentenceNo": 29,
				"sentenceContent": "또 데뷔부터 일찌감치 걸크러시 스타일을 선보인 것도 한·일 시장 보다는 서구 시장을 겨냥한 포인트 중 하나다.",
				"sentenceSize": 61
			},
			{
				"sentenceNo": 30,
				"sentenceContent": "구글트렌드를 통해 블랙핑크를 검색해봐도 한국ㆍ일본보다는 동남아 국가에서 강세를 보인다. ‘하우 유 라이크 댓’의 유튜브 검색량도 마찬가지로 동남아시아나 유럽 등에서 더 높은 집중도가 나타난다.",
				"sentenceSize": 107
			},
			{
				"sentenceNo": 31,
				"sentenceContent": "김 수석위원은“태국 출신인 리사 뿐 아니라 로제와 제니 등이 해외 경험으로 영어 소통이 자유롭고, 블랙핑크가 서구 팝에 가까운 음악 스타일을 추구한다는 점도 이런 현상에 기여하고 있다“고 덧붙였다.",
				"sentenceSize": 110
			}
		]
	},
	"labeledDataInfo": {
		"processSentenceInfo": [
			{
				"sentenceNo": 1,
				"sentenceContent": "블랙핑크의 거침없는 질주가 계속되고 있다.",
				"subjectConsistencyYn": "Y"
			},
			{
				"sentenceNo": 2,
				"sentenceContent": "26일 미국 NBC의 간판 프로그램 ‘더 투나잇 쇼 스타링 지미 팰런’에 출연해 신곡 ‘하우 유 라이크 댓(How You Like That)’를 공개한 데 이어, 아이튠즈 내 미국 포함 64개국에서 동시 1위를 차지하는 등 K팝 걸그룹 역사를 다시 쓰고 있다.",
				"subjectConsistencyYn": "Y"
			},
			{
				"sentenceNo": 3,
				"sentenceContent": "해외 반응도 뜨겁다. ‘더 투나잇 쇼’를 진행하는 지미 펠런은 블랙핑크에 대해 “현재 세계에서 가장 뜨거운 반응을 얻고 있는 그룹”이라며 “‘현상’(phenomenon)이라는 말로 표현이 되지 않는다”고 극찬했고, 미국 연예잡지 ‘버라이어티’는 “금주 최고의 싱글”이라고 호평했다.",
				"subjectConsistencyYn": "Y"
			},
			{
				"sentenceNo": 4,
				"sentenceContent": "뮤직비디오 역시 최단시간(32시간 23분) 유튜브 1억뷰를 기록하는 등 분위기가 달아오르고 있다.",
				"subjectConsistencyYn": "Y"
			},
			{
				"sentenceNo": 5,
				"sentenceContent": "그런데 이런 블랙핑크도 앨범 판매량에서만큼은 작아진다.",
				"subjectConsistencyYn": "Y"
			},
			{
				"sentenceNo": 6,
				"sentenceContent": "앨범의 판매량 여부를 가늠하는 주요 척도인 초동 판매량에서 여실히 드러난다.",
				"subjectConsistencyYn": "Y"
			},
			{
				"sentenceNo": 7,
				"sentenceContent": "역대 걸그룹 음반 초동 판매량 1~10위 중 블랙핑크는 ‘킬 디스 러브’(2019년ㆍ5위)만 올랐다.",
				"subjectConsistencyYn": "Y"
			},
			{
				"sentenceNo": 8,
				"sentenceContent": "경쟁 그룹인 아이즈원(1ㆍ2ㆍ7위)이나 트와이스(3ㆍ4ㆍ8~10위)에 비교하면 상대적으로 초라한 결과다.",
				"subjectConsistencyYn": "Y"
			},
			{
				"sentenceNo": 9,
				"sentenceContent": "20위까지 확장해도 블랙핑크의 앨범은 ‘SQUARE UP’(2018년ㆍ15위) 한 곡만 더 오를 뿐이다.",
				"subjectConsistencyYn": "Y"
			},
			{
				"sentenceNo": 10,
				"sentenceContent": "하지만 무대를 유튜브로 옮기면 상황은 정반대가 된다.",
				"subjectConsistencyYn": "Y"
			},
			{
				"sentenceNo": 11,
				"sentenceContent": "지금까지 블랙핑크가 낸 뮤직비디오(7곡)는 모두 유튜브 조회수가 2억뷰를 넘었으며, 이 가운데 5곡은 5억뷰 이상을 기록했다.",
				"subjectConsistencyYn": "Y"
			},
			{
				"sentenceNo": 12,
				"sentenceContent": "또 블랙핑크의 ‘뚜두뚜두’(12억 244만건)는 걸그룹 중 유일하게 10억뷰를 넘긴 곡인 동시에 방탄소년단의 최다 조회수를 기록한 ‘DNA’(10억 2605만건)보다 높은 곡이기도 하다.",
				"subjectConsistencyYn": "Y"
			},
			{
				"sentenceNo": 13,
				"sentenceContent": "유튜브에서만큼은 블랙핑크가 단연 최강자다.",
				"subjectConsistencyYn": "Y"
			},
			{
				"sentenceNo": 14,
				"sentenceContent": "이러한 블랙핑크의 유튜브에서의 강력함은 어디서 오는 것인지 전문가들에게 들어봤다.",
				"subjectConsistencyYn": "Y"
			},
			{
				"sentenceNo": 15,
				"sentenceContent": "①서사 대신 군무=YG엔터테인먼트의 한 관계자는 “다른 걸그룹에 비해 뮤직비디오에서 서사보다 군무의 비중이 높다. 블랙핑크의 안무를 따라 하는 팬들이 몇 차례 반복해서 보게 하는 전략 중 하나”라고 말했다.",
				"subjectConsistencyYn": "Y"
			},
			{
				"sentenceNo": 16,
				"sentenceContent": "트와이스가 각 멤버에 일정한 역할을 부여해 캐릭터를 부각하거나 레드벨벳이 다중적 해석이 가능한 몽환적 서사를 펼치는 것과는 다른 방식이다.",
				"subjectConsistencyYn": "Y"
			},
			{
				"sentenceNo": 17,
				"sentenceContent": "지난해 『K팝 걸그룹 댄스 동작 분류 체계 및 시각화 구현』이라는 논문을 낸 박성제 중앙대 무용학과 교수는 “블랙핑크 등 걸그룹의 안무는 보이그룹보다 격렬하지 않고 하체보다 상체 위주로 반복적인 동작이 많다”며 “보이그룹보다 상대적으로 따라 하기 좋기 때문에 해외에서 커버댄스와 플래시몹 등 다양한 형태로 소비된다”고 설명했다.",
				"subjectConsistencyYn": "Y"
			},
			{
				"sentenceNo": 18,
				"sentenceContent": "②여성들의 워너비, 패셔니스타 멤버들=블랙핑크는 멤버들이 패셔니스타로 유명하다.",
				"subjectConsistencyYn": "Y"
			},
			{
				"sentenceNo": 19,
				"sentenceContent": "여성 패션 브랜드 샤넬의 앰배서더로 활동하는 제니를 비롯해 지수(디오르 뷰티 뮤즈), 리사(셀린느 뮤즈), 로제(이브생로랑 글로벌 앰배서더) 모두 유명 패션 브랜드에서 호감도가 높은 셀러브리티다.",
				"subjectConsistencyYn": "Y"
			},
			{
				"sentenceNo": 20,
				"sentenceContent": "지난 26일 블랙핑크의 컴백일에 맞춰 인터뷰 기사를 내보냈던 영국 패션지 보그는 지난달 30일에도 블랙핑크 패션 관련 기사를 통해 \\\"블랙핑크가 주요 패션쇼의 맨 앞줄에 앉아 자신들의 패션을 돋보이게 했다\\\"며 이들이 행사에서 착용한 패션 아이템과 브랜드를 자세히 소개하기도 했다.",
				"subjectConsistencyYn": "Y"
			},
			{
				"sentenceNo": 21,
				"sentenceContent": "뮤직비디오에 등장한 멤버의 패션 또한 많은 주목을 받는다.",
				"subjectConsistencyYn": "Y"
			},
			{
				"sentenceNo": 22,
				"sentenceContent": "특히 이번 곡에선 현대적으로 재해석한 한복이 많은 주목을 받았다.",
				"subjectConsistencyYn": "Y"
			},
			{
				"sentenceNo": 23,
				"sentenceContent": "이들의 한복을 제작한 ‘단하주단’ 측에선 “전 세계에서 의상에 대한 문의와 구매가 이어지고 있다”고 말했다.",
				"subjectConsistencyYn": "Y"
			},
			{
				"sentenceNo": 24,
				"sentenceContent": "③팬덤 아닌 글로벌 대중성=폭발적인 유튜브 조회수와 상대적으로 저조한 앨범 판매량은 블랙핑크라는 ‘동전’을 설명하는 양면과도 같다.",
				"subjectConsistencyYn": "Y"
			},
			{
				"sentenceNo": 25,
				"sentenceContent": "김진우 가온차트 수석연구위원은 “방탄소년단(BTS)을 비롯한 K팝 아이돌이 강력한 팬덤을 구축한 뒤 세를 확장한 것과 달리 블랙핑크는 출발부터 국내 영역을 벗어나 글로벌 대중성을 지향하는 전략을 썼다”고 설명했다.",
				"subjectConsistencyYn": "Y"
			},
			{
				"sentenceNo": 26,
				"sentenceContent": "코리아 그랜드 세일에는 문화체육관광부를 비롯한 기획재정부, 산업통상자원부, 국토교통부, 보건복지부, 관세청 등 관련부처와 한국관광공사, 한국공항공사, 인천국제공항공사, 전국경제인연합회 등의 유관기관 및 단체, 그리고 관광업계의 적극적으로 참여한다 코리아 그랜드 세일에 네티즌들은 \\\"코리아 그랜드 세일, 사러가야지\\\" \\\"코리아 그랜드 세일, 이런 행사도 있구나\\\" \\\"코리아 그랜드 세일, 대박이다\\\" 등의 반응을 보였다. ‘코리아 그랜드 세일’ 온라인 중앙일보 [사진 코리아그랜드세일 홈페이지] ‘코리아 그랜드 세일’",
				"subjectConsistencyYn": "N"
			}
		],
		"clickbaitClass": 0
	}
}