{
	"sourceDataInfo": {
		"newsID": "ET_M03_494256",
		"newsCategory": "연예",
		"newsSubcategory": "영화",
		"newsTitle": "[와칭]슈퍼맨 각성제, 미국에선 마약이 상비약?",
		"newsSubTitle": "",
		"newsContent": "현대인들은 다양한 약물과 식이요법, 음료로 몸과 정신을 깨운다.\n아침이면 아메리카노나 라떼를 들고 출근하고, 잠을 쫓아야 할 때는 에너지 음료를 마신다.\n홍삼이나 인삼이 들어간 간편한 한약도 마찬가지. 그런데 미국에선 애더럴이란 알약 하나로 간단히 해결한다.\n소위 '머리가 좋아지는 약', '슈퍼맨이 되는 각성제'로 불리는 애더럴은 명문대 재학생 3명 중 1명이 복용할 정도로 미국에선 흔한 약이다.\n쉽게 처방전을 받을 수 있지만 사실 암페타민이라는 마약 성분이 주성분이다.\n마약인데 쉽게 처방을 받을 수 있다고? 그것도 마약과의 전쟁을 벌이는 미국에서 합법적인 처방으로? 도대체 이게 무슨 이야기일까?\n상비약이 되어가는 마약 \\\"일어나자마자 먹어요. 40분쯤 지나면 땀이 나고 심장 박동수가 급격히 올라가죠.\\\" \\\"이거 5알이면 더 빨리 일을 처리할 수 있어요. 월요일엔 10알씩 먹기도 하죠\\\" \\\"문이 1만 개 있는 방에 들어선 기분이에요. 모든 문 뒤엔 정말 멋진 게 숨겨져 있죠.\\\" \\\"따뜻한 빛처럼 행복이 밀려 들어와요.\\\" \\\"몸과 정신의 감각이 살아나는 느낌이었어요.\\\" 애더럴을 복용한 사람들은 하나같이 최고의 컨디션과 기분을 유지한다고 말한다.\n이들은 단지 더 좋은 성적을 받고 싶고 사회적으로 성공하고 싶은 평범한 사람들이다.\n우울하거나 절망적인 상황에서 에더럴은 그들에게 희망을 가져다 주었다.\n생산적이고 근면해지고자 하는 인간의 욕구와 욕망을 이 약은 손쉽게 해결해 주었다.\n부모는 자신의 아이가 최대한의 능력을 발휘하며 천재성을 발휘하길 바라고 아이들은 경쟁사회에서 살아남기 위해 이 약을 선택한다.\n단지 태생이 마약이었을 뿐 상비약이 되어가는 중이다.\n시작은 마약이었으나 끝은 창창하리라 고든 앨리스라는 젊은 생화학자가 알레르기약을 만들려다가 합성하게 된 암페타민은 초기엔 코막힘 약으로 사용됐다.\n복용하면 강한 각성 상태가 유지되는데, 집중력과 인지능력이 향상되고 황홀한 기분이 유지된다.\n생산력이 올라가다 보니 초기에는 노동자들을 비롯해 다양한 창작자들이 사용했다.\n국가도 암페타민 복용을 권장했다.\n간단한 처방전만 받으면 구할 수 있었기에 1960년대까지 폭발적으로 성장하게 된다.\n그러다가 1970년대 들어 암페타민과 메스암페타민(필로폰, 뽕)의 부작용으로 후유증과 심각한 중독증세가 나타나자 국가에서 금지하기 시작한다.\n그런데 그렇게 좋은 것이 쉽게 없어질까?\n이 약물은 현대에 들어오며 주의력결핍 과잉행동 장애(ADHD) 치료 약인 애더럴로 돌아오게 되었고, 병원에서 ADHD 진단만 받으면 누구든지 처방받을 수 있게 되었다.\n이 약을 먹으면 지치지 않고 20시간 또는 밤을 새우며 일해도 끄떡없고, 운동선수는 경기장에서 날아다니며 신기록을 세운다.\n어려웠던 문제들이 도전적이고 재밌어 보이면서 뭐든지 잘할 수 있을 것 같은 기분이 든다고 한다.\n한마디로 ‘슈퍼맨'이 되는 기분이랄까. 당신이라면 과연 이 유혹을 피할 수 있을까? 큰 힘에는 큰 책임이 따른 법 넷플릭스의 오리지널 다큐멘터리 (슈퍼맨 각성제)에선 학생, 프로그래머, 월 스트리트 브로커, 운동선수 등 애더럴을 복용했던 다양한 사람들의 인터뷰를 볼 수 있다. 이 사람들이 애더럴을 먹게 된 이유는 한 마디로 ‘경쟁'이었다. 경쟁은 어느 나라나 마찬가지다 한국도 역시 태어나면서부터 죽을 때까지 남과 비교당하며 끊임없이 '경쟁'에 내몰린다.\n그렇다면 그런 경쟁에서 남보다 쉽게 우위에 설 수 있는 약을 먹는 것은 정당한 방법일까?\n돈이 있으면 더 좋은 과외를 받을 수 있고 돈이 있다면 누구보다 쉽게 병을 치료할 수 있는데 그까짓 알약 하나가 문제가 될까?\n만약 문제가 된다면 공정한 경쟁을 위해선 이러한 약물을 금지해야 할까? (슈퍼맨 각성제)는 이러한 형평성의 문제부터 경쟁사회의 불합리함과 아이러니를 깊이 있게 들여다본다.\n중독성, 관련 범죄, 약에 의존해 힘을 갖게 된 사람들의 처절한 결말이 다양하게 등장한다.\n애더럴의 효과와 먹었을 때의 감정, 이후 그에 중독되고 종속되는 과정을 감각적인 화면으로 보여주기에 그다지 지루하지 않게 볼 수 있다.\n볼만한 다큐멘터리를 찾는 이들에게 강추한다.\n와칭(watchin')와칭(watchin')은 중앙일보 뉴스랩이 만든 리뷰 서비스입니다. 넷플릭스 리뷰 모아놓은 곳, 믿을 만한 영드·미드·영화 추천을 찾으신다면 watching.joins.com으로 오세요. 취향이 다른 에디터들의 리뷰를 읽고, 나만의 리뷰도 남겨보세요. 제목 슈퍼맨 각성제(Take Your Pills)연출 엘리슨 클레이만 출연 타즈 마할, 켑모, 보니 레이트, 에릭 클립튼 관람 넷플릭스 평점 IMDb 6.4 로튼토마토 62% 에디터 꿀잼 김광혁·와칭 에디터",
		"partNum": "P2",
		"useType": 0,
		"processType": "A",
		"processPattern": "99",
		"processLevel": "하",
		"sentenceCount": 30,
		"processSentencenum": 9,
		"sentenceInfo": [
			{
				"sentenceNo": 1,
				"sentenceContent": "현대인들은 다양한 약물과 식이요법, 음료로 몸과 정신을 깨운다.",
				"sentenceSize": 35
			},
			{
				"sentenceNo": 2,
				"sentenceContent": "아침이면 아메리카노나 라떼를 들고 출근하고, 잠을 쫓아야 할 때는 에너지 음료를 마신다.",
				"sentenceSize": 49
			},
			{
				"sentenceNo": 3,
				"sentenceContent": "홍삼이나 인삼이 들어간 간편한 한약도 마찬가지. 그런데 미국에선 애더럴이란 알약 하나로 간단히 해결한다.",
				"sentenceSize": 58
			},
			{
				"sentenceNo": 4,
				"sentenceContent": "소위 '머리가 좋아지는 약', '슈퍼맨이 되는 각성제'로 불리는 애더럴은 명문대 재학생 3명 중 1명이 복용할 정도로 미국에선 흔한 약이다.",
				"sentenceSize": 78
			},
			{
				"sentenceNo": 5,
				"sentenceContent": "쉽게 처방전을 받을 수 있지만 사실 암페타민이라는 마약 성분이 주성분이다.",
				"sentenceSize": 41
			},
			{
				"sentenceNo": 6,
				"sentenceContent": "마약인데 쉽게 처방을 받을 수 있다고? 그것도 마약과의 전쟁을 벌이는 미국에서 합법적인 처방으로? 도대체 이게 무슨 이야기일까?",
				"sentenceSize": 71
			},
			{
				"sentenceNo": 7,
				"sentenceContent": "상비약이 되어가는 마약 \\\"일어나자마자 먹어요. 40분쯤 지나면 땀이 나고 심장 박동수가 급격히 올라가죠.\\\" \\\"이거 5알이면 더 빨리 일을 처리할 수 있어요. 월요일엔 10알씩 먹기도 하죠\\\" \\\"문이 1만 개 있는 방에 들어선 기분이에요. 모든 문 뒤엔 정말 멋진 게 숨겨져 있죠.\\\" \\\"따뜻한 빛처럼 행복이 밀려 들어와요.\\\" \\\"몸과 정신의 감각이 살아나는 느낌이었어요.\\\" 애더럴을 복용한 사람들은 하나같이 최고의 컨디션과 기분을 유지한다고 말한다.",
				"sentenceSize": 258
			},
			{
				"sentenceNo": 8,
				"sentenceContent": "이들은 단지 더 좋은 성적을 받고 싶고 사회적으로 성공하고 싶은 평범한 사람들이다.",
				"sentenceSize": 46
			},
			{
				"sentenceNo": 9,
				"sentenceContent": "우울하거나 절망적인 상황에서 에더럴은 그들에게 희망을 가져다 주었다.",
				"sentenceSize": 38
			},
			{
				"sentenceNo": 10,
				"sentenceContent": "생산적이고 근면해지고자 하는 인간의 욕구와 욕망을 이 약은 손쉽게 해결해 주었다.",
				"sentenceSize": 45
			},
			{
				"sentenceNo": 11,
				"sentenceContent": "부모는 자신의 아이가 최대한의 능력을 발휘하며 천재성을 발휘하길 바라고 아이들은 경쟁사회에서 살아남기 위해 이 약을 선택한다.",
				"sentenceSize": 70
			},
			{
				"sentenceNo": 12,
				"sentenceContent": "단지 태생이 마약이었을 뿐 상비약이 되어가는 중이다.",
				"sentenceSize": 29
			},
			{
				"sentenceNo": 13,
				"sentenceContent": "시작은 마약이었으나 끝은 창창하리라 고든 앨리스라는 젊은 생화학자가 알레르기약을 만들려다가 합성하게 된 암페타민은 초기엔 코막힘 약으로 사용됐다.",
				"sentenceSize": 81
			},
			{
				"sentenceNo": 14,
				"sentenceContent": "복용하면 강한 각성 상태가 유지되는데, 집중력과 인지능력이 향상되고 황홀한 기분이 유지된다.",
				"sentenceSize": 51
			},
			{
				"sentenceNo": 15,
				"sentenceContent": "생산력이 올라가다 보니 초기에는 노동자들을 비롯해 다양한 창작자들이 사용했다.",
				"sentenceSize": 43
			},
			{
				"sentenceNo": 16,
				"sentenceContent": "국가도 암페타민 복용을 권장했다.",
				"sentenceSize": 18
			},
			{
				"sentenceNo": 17,
				"sentenceContent": "간단한 처방전만 받으면 구할 수 있었기에 1960년대까지 폭발적으로 성장하게 된다.",
				"sentenceSize": 46
			},
			{
				"sentenceNo": 18,
				"sentenceContent": "그러다가 1970년대 들어 암페타민과 메스암페타민(필로폰, 뽕)의 부작용으로 후유증과 심각한 중독증세가 나타나자 국가에서 금지하기 시작한다.",
				"sentenceSize": 78
			},
			{
				"sentenceNo": 19,
				"sentenceContent": "그런데 그렇게 좋은 것이 쉽게 없어질까?",
				"sentenceSize": 22
			},
			{
				"sentenceNo": 20,
				"sentenceContent": "이 약물은 현대에 들어오며 주의력결핍 과잉행동 장애(ADHD) 치료 약인 애더럴로 돌아오게 되었고, 병원에서 ADHD 진단만 받으면 누구든지 처방받을 수 있게 되었다.",
				"sentenceSize": 93
			},
			{
				"sentenceNo": 21,
				"sentenceContent": "이 약을 먹으면 지치지 않고 20시간 또는 밤을 새우며 일해도 끄떡없고, 운동선수는 경기장에서 날아다니며 신기록을 세운다.",
				"sentenceSize": 68
			},
			{
				"sentenceNo": 22,
				"sentenceContent": "어려웠던 문제들이 도전적이고 재밌어 보이면서 뭐든지 잘할 수 있을 것 같은 기분이 든다고 한다.",
				"sentenceSize": 53
			},
			{
				"sentenceNo": 23,
				"sentenceContent": "한마디로 ‘슈퍼맨'이 되는 기분이랄까. 당신이라면 과연 이 유혹을 피할 수 있을까? 큰 힘에는 큰 책임이 따른 법 넷플릭스의 오리지널 다큐멘터리 (슈퍼맨 각성제)에선 학생, 프로그래머, 월 스트리트 브로커, 운동선수 등 애더럴을 복용했던 다양한 사람들의 인터뷰를 볼 수 있다. 이 사람들이 애더럴을 먹게 된 이유는 한 마디로 ‘경쟁'이었다. 경쟁은 어느 나라나 마찬가지다 한국도 역시 태어나면서부터 죽을 때까지 남과 비교당하며 끊임없이 '경쟁'에 내몰린다.",
				"sentenceSize": 255
			},
			{
				"sentenceNo": 24,
				"sentenceContent": "그렇다면 그런 경쟁에서 남보다 쉽게 우위에 설 수 있는 약을 먹는 것은 정당한 방법일까?",
				"sentenceSize": 49
			},
			{
				"sentenceNo": 25,
				"sentenceContent": "돈이 있으면 더 좋은 과외를 받을 수 있고 돈이 있다면 누구보다 쉽게 병을 치료할 수 있는데 그까짓 알약 하나가 문제가 될까?",
				"sentenceSize": 70
			},
			{
				"sentenceNo": 26,
				"sentenceContent": "만약 문제가 된다면 공정한 경쟁을 위해선 이러한 약물을 금지해야 할까? (슈퍼맨 각성제)는 이러한 형평성의 문제부터 경쟁사회의 불합리함과 아이러니를 깊이 있게 들여다본다.",
				"sentenceSize": 95
			},
			{
				"sentenceNo": 27,
				"sentenceContent": "중독성, 관련 범죄, 약에 의존해 힘을 갖게 된 사람들의 처절한 결말이 다양하게 등장한다.",
				"sentenceSize": 50
			},
			{
				"sentenceNo": 28,
				"sentenceContent": "애더럴의 효과와 먹었을 때의 감정, 이후 그에 중독되고 종속되는 과정을 감각적인 화면으로 보여주기에 그다지 지루하지 않게 볼 수 있다.",
				"sentenceSize": 75
			},
			{
				"sentenceNo": 29,
				"sentenceContent": "볼만한 다큐멘터리를 찾는 이들에게 강추한다.",
				"sentenceSize": 24
			},
			{
				"sentenceNo": 30,
				"sentenceContent": "와칭(watchin')와칭(watchin')은 중앙일보 뉴스랩이 만든 리뷰 서비스입니다. 넷플릭스 리뷰 모아놓은 곳, 믿을 만한 영드·미드·영화 추천을 찾으신다면 watching.joins.com으로 오세요. 취향이 다른 에디터들의 리뷰를 읽고, 나만의 리뷰도 남겨보세요. 제목 슈퍼맨 각성제(Take Your Pills)연출 엘리슨 클레이만 출연 타즈 마할, 켑모, 보니 레이트, 에릭 클립튼 관람 넷플릭스 평점 IMDb 6.4 로튼토마토 62% 에디터 꿀잼 김광혁·와칭 에디터",
				"sentenceSize": 268
			}
		]
	},
	"labeledDataInfo": {
		"processSentenceInfo": [
			{
				"sentenceNo": 1,
				"sentenceContent": "현대인들은 다양한 약물과 식이요법, 음료로 몸과 정신을 깨운다.",
				"subjectConsistencyYn": "Y"
			},
			{
				"sentenceNo": 2,
				"sentenceContent": "아침이면 아메리카노나 라떼를 들고 출근하고, 잠을 쫓아야 할 때는 에너지 음료를 마신다.",
				"subjectConsistencyYn": "Y"
			},
			{
				"sentenceNo": 3,
				"sentenceContent": "홍삼이나 인삼이 들어간 간편한 한약도 마찬가지. 그런데 미국에선 애더럴이란 알약 하나로 간단히 해결한다.",
				"subjectConsistencyYn": "Y"
			},
			{
				"sentenceNo": 4,
				"sentenceContent": "소위 '머리가 좋아지는 약', '슈퍼맨이 되는 각성제'로 불리는 애더럴은 명문대 재학생 3명 중 1명이 복용할 정도로 미국에선 흔한 약이다.",
				"subjectConsistencyYn": "Y"
			},
			{
				"sentenceNo": 5,
				"sentenceContent": "쉽게 처방전을 받을 수 있지만 사실 암페타민이라는 마약 성분이 주성분이다.",
				"subjectConsistencyYn": "Y"
			},
			{
				"sentenceNo": 6,
				"sentenceContent": "마약인데 쉽게 처방을 받을 수 있다고? 그것도 마약과의 전쟁을 벌이는 미국에서 합법적인 처방으로? 도대체 이게 무슨 이야기일까?",
				"subjectConsistencyYn": "Y"
			},
			{
				"sentenceNo": 7,
				"sentenceContent": "상비약이 되어가는 마약 \\\"일어나자마자 먹어요. 40분쯤 지나면 땀이 나고 심장 박동수가 급격히 올라가죠.\\\" \\\"이거 5알이면 더 빨리 일을 처리할 수 있어요. 월요일엔 10알씩 먹기도 하죠\\\" \\\"문이 1만 개 있는 방에 들어선 기분이에요. 모든 문 뒤엔 정말 멋진 게 숨겨져 있죠.\\\" \\\"따뜻한 빛처럼 행복이 밀려 들어와요.\\\" \\\"몸과 정신의 감각이 살아나는 느낌이었어요.\\\" 애더럴을 복용한 사람들은 하나같이 최고의 컨디션과 기분을 유지한다고 말한다.",
				"subjectConsistencyYn": "Y"
			},
			{
				"sentenceNo": 8,
				"sentenceContent": "이들은 단지 더 좋은 성적을 받고 싶고 사회적으로 성공하고 싶은 평범한 사람들이다.",
				"subjectConsistencyYn": "Y"
			},
			{
				"sentenceNo": 9,
				"sentenceContent": "우울하거나 절망적인 상황에서 에더럴은 그들에게 희망을 가져다 주었다.",
				"subjectConsistencyYn": "Y"
			},
			{
				"sentenceNo": 10,
				"sentenceContent": "생산적이고 근면해지고자 하는 인간의 욕구와 욕망을 이 약은 손쉽게 해결해 주었다.",
				"subjectConsistencyYn": "Y"
			},
			{
				"sentenceNo": 11,
				"sentenceContent": "부모는 자신의 아이가 최대한의 능력을 발휘하며 천재성을 발휘하길 바라고 아이들은 경쟁사회에서 살아남기 위해 이 약을 선택한다.",
				"subjectConsistencyYn": "Y"
			},
			{
				"sentenceNo": 12,
				"sentenceContent": "단지 태생이 마약이었을 뿐 상비약이 되어가는 중이다.",
				"subjectConsistencyYn": "Y"
			},
			{
				"sentenceNo": 13,
				"sentenceContent": "시작은 마약이었으나 끝은 창창하리라 고든 앨리스라는 젊은 생화학자가 알레르기약을 만들려다가 합성하게 된 암페타민은 초기엔 코막힘 약으로 사용됐다.",
				"subjectConsistencyYn": "Y"
			},
			{
				"sentenceNo": 14,
				"sentenceContent": "복용하면 강한 각성 상태가 유지되는데, 집중력과 인지능력이 향상되고 황홀한 기분이 유지된다.",
				"subjectConsistencyYn": "Y"
			},
			{
				"sentenceNo": 15,
				"sentenceContent": "생산력이 올라가다 보니 초기에는 노동자들을 비롯해 다양한 창작자들이 사용했다.",
				"subjectConsistencyYn": "Y"
			},
			{
				"sentenceNo": 16,
				"sentenceContent": "국가도 암페타민 복용을 권장했다.",
				"subjectConsistencyYn": "Y"
			},
			{
				"sentenceNo": 17,
				"sentenceContent": "간단한 처방전만 받으면 구할 수 있었기에 1960년대까지 폭발적으로 성장하게 된다.",
				"subjectConsistencyYn": "Y"
			},
			{
				"sentenceNo": 18,
				"sentenceContent": "그러다가 1970년대 들어 암페타민과 메스암페타민(필로폰, 뽕)의 부작용으로 후유증과 심각한 중독증세가 나타나자 국가에서 금지하기 시작한다.",
				"subjectConsistencyYn": "Y"
			},
			{
				"sentenceNo": 19,
				"sentenceContent": "그런데 그렇게 좋은 것이 쉽게 없어질까?",
				"subjectConsistencyYn": "Y"
			},
			{
				"sentenceNo": 20,
				"sentenceContent": "이 약물은 현대에 들어오며 주의력결핍 과잉행동 장애(ADHD) 치료 약인 애더럴로 돌아오게 되었고, 병원에서 ADHD 진단만 받으면 누구든지 처방받을 수 있게 되었다.",
				"subjectConsistencyYn": "Y"
			},
			{
				"sentenceNo": 21,
				"sentenceContent": "이 약을 먹으면 지치지 않고 20시간 또는 밤을 새우며 일해도 끄떡없고, 운동선수는 경기장에서 날아다니며 신기록을 세운다.",
				"subjectConsistencyYn": "Y"
			},
			{
				"sentenceNo": 22,
				"sentenceContent": "근육 통증을 호소한 오정연이 골키퍼로 나섰고, 기존 골키퍼 신아영을 최전방 공격수로 배치하며 승부수를 띄웠다.",
				"subjectConsistencyYn": "N"
			},
			{
				"sentenceNo": 23,
				"sentenceContent": "양발 공격수 윤태진과 피지컬 좋은 신아영이 연속해서 좋은 기회를 만들며 호시탐탐 골문을 노렸으나 아유미의 동물적인 선방에 번번이 막히고 말았다.",
				"subjectConsistencyYn": "N"
			},
			{
				"sentenceNo": 24,
				"sentenceContent": "설상가상 에이스로 활약하던 윤태진마저 종아리 근육 경련을 일으켜 골키퍼로 교체되어 기동력이 둔화되었고, 마지막까지 쐐기골 욕심을 버리지 않은 간미연은 기습 슈팅으로 FC 아나콘다의 간담을 서늘하게 했다.",
				"subjectConsistencyYn": "N"
			},
			{
				"sentenceNo": 25,
				"sentenceContent": "이 장면은 분당 최고 시청률 9.5%로 최고의 1분을 차지했다.",
				"subjectConsistencyYn": "N"
			}
		],
		"clickbaitClass": 0
	}
}