{
	"sourceDataInfo": {
		"newsID": "ET_M03_494274",
		"newsCategory": "연예",
		"newsSubcategory": "연예가화제",
		"newsTitle": "메릴 스트립·나탈리 포트먼 거쳐간 그 연극…영화로 나온 '갈매기'",
		"newsSubTitle": "13일 개봉 새 영화…체호프 희곡 토대 아름다운 호숫가 저택에서 여배우 치정극 아네트 베닝?시얼샤 로넌…열연 돋보여",
		"newsContent": "셰익스피어에 견줄 세계적 극작가로 19세기 러시아 사실주의를 대표하는 문호 안톤 체호프(1860~1904)가 있다.\n그의 4대 희곡에 꼽히는 『갈매기』가 동명 할리우드 영화(13일 개봉)로 나왔다.\n제정 러시아 시대 아름다운 시골 호숫가 저택이 무대. 유명 배우인 어머니 이리나(아네트 베닝 분)의 그늘에 가려 열등감에 시달리던 젊은 작가 콘스탄틴(빌리 하울 분)은 배우 지망생인 연인 니나(시얼샤 로넌 분)와 첫 공연을 올리지만, 이리나의 비웃음 탓에 망치고 만다.\n설상가상 니나조차 모스크바에서 온 인기 작가 보리스(코리 스톨 분)에게 더 관심을 보인다.\n━ 메릴 스트립·나탈리 포트먼도 반한 역할… 여러 남녀의 엇갈린 치정극에 부모·자식 간 애증, 젊음과 늙음, 명성을 향한 욕망이 뒤엉킨다.\n1896년 발표된 이야기지만, 인물들이 처한 입장과 감정은 시대를 초월해 와 닿는다.\n무엇보다 캐스팅의 힘이 크다.\n최근 미국 아트 하우스 영화계에서 제2의 전성기를 만난 ‘러브 어페어’(1994) 스타 아네트 베닝과 ‘그랜드 부다페스트 호텔’(2014) ‘레이디 버드’(2018) 등 작가주의 영화의 차세대 뮤즈 시얼샤 로넌. 두 배우가 이번 영화 속에서도 배우 역할을 맡아 최정상을 향한 명예욕과 젊음에 대한 질투, 무대에의 열망을 호소력 있게 연기했다.\n배우로서 예술적 성취를 욕망하는 두 여성의 삶을 내밀하게 묘사한 점은 체호프의 희곡이 그동안 당대 최고 배우들과 관객에게 사랑받은 지점이기도 하다.\n이리나 역엔 메릴 스트립, 주디 덴치, 크리스틴 스콧 토마스 등이, 니나 역엔 나탈리 포트먼, 캐리 멀리건 등이 연극 무대를 통해 거쳐 갔다.\n삶의 의지를 잃어가는 유약한 예술가 콘스탄틴 역 배우 빌리 하울도 눈여겨볼 만하다.\n올해 개봉한 멜로영화 ‘체실 비치에서’에서 연인 역을 맡았던 시얼샤 로넌과 재회해, 찰진 호흡을 보여준다.\n━ 연극적 색채 짙어…화려한 미술·의상 볼거리 이번 영화의 연출은 브로드웨이 뮤지컬 ‘스프링 어웨이크닝’으로 토니상 수상 등 세계적 성공을 거둔 마이클 메이어 감독이 나섰다. ‘스프링 어웨이크닝’은 그가 19세기 독일 희곡을 현대적 뮤지컬로 재해석해 10대의 임신과 낙태, 동성애 등 민감한 소재를 폭발력 있게 다뤄낸 작품. 이번 영화에선 체호프의 원작을 생동감 있게 스크린에 옮기는 데 충실했다.\n다소 구어체적인 대사와 연극 무대의 동선을 따른 듯한 장면 진행 탓에 영화보단 연극에 가깝단 인상도 준다.\n올해 초 영화제 등에서 먼저 본 외신들이 “캐스팅과 연기는 훌륭하나 영화적 완성도는 낮다”(뉴욕타임즈) 등 아쉬움을 표한 이유다.\n그럼에도 체호프의 고전을 이처럼 화려한 캐스팅, 미학적인 시대극 화면을 통해 만날 수 있다는 건 반갑다. ‘잉글리시 페이션트’(1997) ‘맘마미아!’(2008) 등에 참여한 의상감독 앤 로스의 매혹적인 드레스도 볼거리다.\n━ 아무것도 원치 않는 삶은 죽어있는 것과 같다 체호프는 400편 넘는 중단편 소설로도 이름을 알렸다. 『갈매기』는 그가 극작가로서 재능을 처음 인정받은 작품. 초연엔 실패했지만 이후 이 희곡을 눈여겨본 연극 연출가 스타니 슬라브스키에 의해 모스크바에서 공연되며 큰 성공을 거뒀다.\n체호프는 모스크바 빈민가 출신으로 의사가 되기까지 유머 단편을 써 생계를 잇는 등 삶에 곡절이 많았다.\n1890년 시베리아와 사할린을 여행하며 꿈과 현실 사이에 놓인 인간의 본질을 깊이 탐구했다고 알려지는데, 『갈매기』에도 그 영향이 배어있다.\n등장인물들은 저마다 꿈꾸는 삶에 집착하지만 실제 현실은 그에 턱없이 못 미친다.\n이런 간극은 그들을 덧없는 파국으로 이끈다.\n자유로이 날아가던 갈매기가 총탄에 추락하듯 꿈에 부푼 순진한 젊음을 파멸시키는 일은 너무나도 손쉽게 그려진다.\n그렇다고 그런 고통을 거세하려 그 어느 것도 원하지 않는 삶은 죽어있는 것과 다를 바가 없다고 체호프는 말한다.\n극중 콘스탄틴을 열렬히 짝사랑하던 여인 마샤가 택한 결말이 그 예다.\n마샤 역은 지난해 칸영화제 황금종려상 수상작 ‘더 스퀘어’ 등에서 주연한 엘리자베스 모스가 맡아 강한 인상을 남긴다.",
		"partNum": "P2",
		"useType": 0,
		"processType": "A",
		"processPattern": "99",
		"processLevel": "하",
		"sentenceCount": 25,
		"processSentencenum": 6,
		"sentenceInfo": [
			{
				"sentenceNo": 1,
				"sentenceContent": "셰익스피어에 견줄 세계적 극작가로 19세기 러시아 사실주의를 대표하는 문호 안톤 체호프(1860~1904)가 있다.",
				"sentenceSize": 64
			},
			{
				"sentenceNo": 2,
				"sentenceContent": "그의 4대 희곡에 꼽히는 『갈매기』가 동명 할리우드 영화(13일 개봉)로 나왔다.",
				"sentenceSize": 45
			},
			{
				"sentenceNo": 3,
				"sentenceContent": "제정 러시아 시대 아름다운 시골 호숫가 저택이 무대. 유명 배우인 어머니 이리나(아네트 베닝 분)의 그늘에 가려 열등감에 시달리던 젊은 작가 콘스탄틴(빌리 하울 분)은 배우 지망생인 연인 니나(시얼샤 로넌 분)와 첫 공연을 올리지만, 이리나의 비웃음 탓에 망치고 만다.",
				"sentenceSize": 150
			},
			{
				"sentenceNo": 4,
				"sentenceContent": "설상가상 니나조차 모스크바에서 온 인기 작가 보리스(코리 스톨 분)에게 더 관심을 보인다.",
				"sentenceSize": 50
			},
			{
				"sentenceNo": 5,
				"sentenceContent": "━ 메릴 스트립·나탈리 포트먼도 반한 역할… 여러 남녀의 엇갈린 치정극에 부모·자식 간 애증, 젊음과 늙음, 명성을 향한 욕망이 뒤엉킨다.",
				"sentenceSize": 77
			},
			{
				"sentenceNo": 6,
				"sentenceContent": "1896년 발표된 이야기지만, 인물들이 처한 입장과 감정은 시대를 초월해 와 닿는다.",
				"sentenceSize": 47
			},
			{
				"sentenceNo": 7,
				"sentenceContent": "무엇보다 캐스팅의 힘이 크다.",
				"sentenceSize": 16
			},
			{
				"sentenceNo": 8,
				"sentenceContent": "최근 미국 아트 하우스 영화계에서 제2의 전성기를 만난 ‘러브 어페어’(1994) 스타 아네트 베닝과 ‘그랜드 부다페스트 호텔’(2014) ‘레이디 버드’(2018) 등 작가주의 영화의 차세대 뮤즈 시얼샤 로넌. 두 배우가 이번 영화 속에서도 배우 역할을 맡아 최정상을 향한 명예욕과 젊음에 대한 질투, 무대에의 열망을 호소력 있게 연기했다.",
				"sentenceSize": 191
			},
			{
				"sentenceNo": 9,
				"sentenceContent": "배우로서 예술적 성취를 욕망하는 두 여성의 삶을 내밀하게 묘사한 점은 체호프의 희곡이 그동안 당대 최고 배우들과 관객에게 사랑받은 지점이기도 하다.",
				"sentenceSize": 82
			},
			{
				"sentenceNo": 10,
				"sentenceContent": "이리나 역엔 메릴 스트립, 주디 덴치, 크리스틴 스콧 토마스 등이, 니나 역엔 나탈리 포트먼, 캐리 멀리건 등이 연극 무대를 통해 거쳐 갔다.",
				"sentenceSize": 79
			},
			{
				"sentenceNo": 11,
				"sentenceContent": "삶의 의지를 잃어가는 유약한 예술가 콘스탄틴 역 배우 빌리 하울도 눈여겨볼 만하다.",
				"sentenceSize": 46
			},
			{
				"sentenceNo": 12,
				"sentenceContent": "올해 개봉한 멜로영화 ‘체실 비치에서’에서 연인 역을 맡았던 시얼샤 로넌과 재회해, 찰진 호흡을 보여준다.",
				"sentenceSize": 59
			},
			{
				"sentenceNo": 13,
				"sentenceContent": "━ 연극적 색채 짙어…화려한 미술·의상 볼거리 이번 영화의 연출은 브로드웨이 뮤지컬 ‘스프링 어웨이크닝’으로 토니상 수상 등 세계적 성공을 거둔 마이클 메이어 감독이 나섰다. ‘스프링 어웨이크닝’은 그가 19세기 독일 희곡을 현대적 뮤지컬로 재해석해 10대의 임신과 낙태, 동성애 등 민감한 소재를 폭발력 있게 다뤄낸 작품. 이번 영화에선 체호프의 원작을 생동감 있게 스크린에 옮기는 데 충실했다.",
				"sentenceSize": 222
			},
			{
				"sentenceNo": 14,
				"sentenceContent": "다소 구어체적인 대사와 연극 무대의 동선을 따른 듯한 장면 진행 탓에 영화보단 연극에 가깝단 인상도 준다.",
				"sentenceSize": 59
			},
			{
				"sentenceNo": 15,
				"sentenceContent": "올해 초 영화제 등에서 먼저 본 외신들이 “캐스팅과 연기는 훌륭하나 영화적 완성도는 낮다”(뉴욕타임즈) 등 아쉬움을 표한 이유다.",
				"sentenceSize": 72
			},
			{
				"sentenceNo": 16,
				"sentenceContent": "그럼에도 체호프의 고전을 이처럼 화려한 캐스팅, 미학적인 시대극 화면을 통해 만날 수 있다는 건 반갑다. ‘잉글리시 페이션트’(1997) ‘맘마미아!’(2008) 등에 참여한 의상감독 앤 로스의 매혹적인 드레스도 볼거리다.",
				"sentenceSize": 124
			},
			{
				"sentenceNo": 17,
				"sentenceContent": "━ 아무것도 원치 않는 삶은 죽어있는 것과 같다 체호프는 400편 넘는 중단편 소설로도 이름을 알렸다. 『갈매기』는 그가 극작가로서 재능을 처음 인정받은 작품. 초연엔 실패했지만 이후 이 희곡을 눈여겨본 연극 연출가 스타니 슬라브스키에 의해 모스크바에서 공연되며 큰 성공을 거뒀다.",
				"sentenceSize": 157
			},
			{
				"sentenceNo": 18,
				"sentenceContent": "체호프는 모스크바 빈민가 출신으로 의사가 되기까지 유머 단편을 써 생계를 잇는 등 삶에 곡절이 많았다.",
				"sentenceSize": 57
			},
			{
				"sentenceNo": 19,
				"sentenceContent": "1890년 시베리아와 사할린을 여행하며 꿈과 현실 사이에 놓인 인간의 본질을 깊이 탐구했다고 알려지는데, 『갈매기』에도 그 영향이 배어있다.",
				"sentenceSize": 78
			},
			{
				"sentenceNo": 20,
				"sentenceContent": "등장인물들은 저마다 꿈꾸는 삶에 집착하지만 실제 현실은 그에 턱없이 못 미친다.",
				"sentenceSize": 44
			},
			{
				"sentenceNo": 21,
				"sentenceContent": "이런 간극은 그들을 덧없는 파국으로 이끈다.",
				"sentenceSize": 24
			},
			{
				"sentenceNo": 22,
				"sentenceContent": "자유로이 날아가던 갈매기가 총탄에 추락하듯 꿈에 부푼 순진한 젊음을 파멸시키는 일은 너무나도 손쉽게 그려진다.",
				"sentenceSize": 61
			},
			{
				"sentenceNo": 23,
				"sentenceContent": "그렇다고 그런 고통을 거세하려 그 어느 것도 원하지 않는 삶은 죽어있는 것과 다를 바가 없다고 체호프는 말한다.",
				"sentenceSize": 62
			},
			{
				"sentenceNo": 24,
				"sentenceContent": "극중 콘스탄틴을 열렬히 짝사랑하던 여인 마샤가 택한 결말이 그 예다.",
				"sentenceSize": 38
			},
			{
				"sentenceNo": 25,
				"sentenceContent": "마샤 역은 지난해 칸영화제 황금종려상 수상작 ‘더 스퀘어’ 등에서 주연한 엘리자베스 모스가 맡아 강한 인상을 남긴다.",
				"sentenceSize": 65
			}
		]
	},
	"labeledDataInfo": {
		"processSentenceInfo": [
			{
				"sentenceNo": 1,
				"sentenceContent": "셰익스피어에 견줄 세계적 극작가로 19세기 러시아 사실주의를 대표하는 문호 안톤 체호프(1860~1904)가 있다.",
				"subjectConsistencyYn": "Y"
			},
			{
				"sentenceNo": 2,
				"sentenceContent": "그의 4대 희곡에 꼽히는 『갈매기』가 동명 할리우드 영화(13일 개봉)로 나왔다.",
				"subjectConsistencyYn": "Y"
			},
			{
				"sentenceNo": 3,
				"sentenceContent": "제정 러시아 시대 아름다운 시골 호숫가 저택이 무대. 유명 배우인 어머니 이리나(아네트 베닝 분)의 그늘에 가려 열등감에 시달리던 젊은 작가 콘스탄틴(빌리 하울 분)은 배우 지망생인 연인 니나(시얼샤 로넌 분)와 첫 공연을 올리지만, 이리나의 비웃음 탓에 망치고 만다.",
				"subjectConsistencyYn": "Y"
			},
			{
				"sentenceNo": 4,
				"sentenceContent": "설상가상 니나조차 모스크바에서 온 인기 작가 보리스(코리 스톨 분)에게 더 관심을 보인다.",
				"subjectConsistencyYn": "Y"
			},
			{
				"sentenceNo": 5,
				"sentenceContent": "━ 메릴 스트립·나탈리 포트먼도 반한 역할… 여러 남녀의 엇갈린 치정극에 부모·자식 간 애증, 젊음과 늙음, 명성을 향한 욕망이 뒤엉킨다.",
				"subjectConsistencyYn": "Y"
			},
			{
				"sentenceNo": 6,
				"sentenceContent": "1896년 발표된 이야기지만, 인물들이 처한 입장과 감정은 시대를 초월해 와 닿는다.",
				"subjectConsistencyYn": "Y"
			},
			{
				"sentenceNo": 7,
				"sentenceContent": "무엇보다 캐스팅의 힘이 크다.",
				"subjectConsistencyYn": "Y"
			},
			{
				"sentenceNo": 8,
				"sentenceContent": "최근 미국 아트 하우스 영화계에서 제2의 전성기를 만난 ‘러브 어페어’(1994) 스타 아네트 베닝과 ‘그랜드 부다페스트 호텔’(2014) ‘레이디 버드’(2018) 등 작가주의 영화의 차세대 뮤즈 시얼샤 로넌. 두 배우가 이번 영화 속에서도 배우 역할을 맡아 최정상을 향한 명예욕과 젊음에 대한 질투, 무대에의 열망을 호소력 있게 연기했다.",
				"subjectConsistencyYn": "Y"
			},
			{
				"sentenceNo": 9,
				"sentenceContent": "배우로서 예술적 성취를 욕망하는 두 여성의 삶을 내밀하게 묘사한 점은 체호프의 희곡이 그동안 당대 최고 배우들과 관객에게 사랑받은 지점이기도 하다.",
				"subjectConsistencyYn": "Y"
			},
			{
				"sentenceNo": 10,
				"sentenceContent": "이리나 역엔 메릴 스트립, 주디 덴치, 크리스틴 스콧 토마스 등이, 니나 역엔 나탈리 포트먼, 캐리 멀리건 등이 연극 무대를 통해 거쳐 갔다.",
				"subjectConsistencyYn": "Y"
			},
			{
				"sentenceNo": 11,
				"sentenceContent": "삶의 의지를 잃어가는 유약한 예술가 콘스탄틴 역 배우 빌리 하울도 눈여겨볼 만하다.",
				"subjectConsistencyYn": "Y"
			},
			{
				"sentenceNo": 12,
				"sentenceContent": "올해 개봉한 멜로영화 ‘체실 비치에서’에서 연인 역을 맡았던 시얼샤 로넌과 재회해, 찰진 호흡을 보여준다.",
				"subjectConsistencyYn": "Y"
			},
			{
				"sentenceNo": 13,
				"sentenceContent": "━ 연극적 색채 짙어…화려한 미술·의상 볼거리 이번 영화의 연출은 브로드웨이 뮤지컬 ‘스프링 어웨이크닝’으로 토니상 수상 등 세계적 성공을 거둔 마이클 메이어 감독이 나섰다. ‘스프링 어웨이크닝’은 그가 19세기 독일 희곡을 현대적 뮤지컬로 재해석해 10대의 임신과 낙태, 동성애 등 민감한 소재를 폭발력 있게 다뤄낸 작품. 이번 영화에선 체호프의 원작을 생동감 있게 스크린에 옮기는 데 충실했다.",
				"subjectConsistencyYn": "Y"
			},
			{
				"sentenceNo": 14,
				"sentenceContent": "다소 구어체적인 대사와 연극 무대의 동선을 따른 듯한 장면 진행 탓에 영화보단 연극에 가깝단 인상도 준다.",
				"subjectConsistencyYn": "Y"
			},
			{
				"sentenceNo": 15,
				"sentenceContent": "올해 초 영화제 등에서 먼저 본 외신들이 “캐스팅과 연기는 훌륭하나 영화적 완성도는 낮다”(뉴욕타임즈) 등 아쉬움을 표한 이유다.",
				"subjectConsistencyYn": "Y"
			},
			{
				"sentenceNo": 16,
				"sentenceContent": "그럼에도 체호프의 고전을 이처럼 화려한 캐스팅, 미학적인 시대극 화면을 통해 만날 수 있다는 건 반갑다. ‘잉글리시 페이션트’(1997) ‘맘마미아!’(2008) 등에 참여한 의상감독 앤 로스의 매혹적인 드레스도 볼거리다.",
				"subjectConsistencyYn": "Y"
			},
			{
				"sentenceNo": 17,
				"sentenceContent": "━ 아무것도 원치 않는 삶은 죽어있는 것과 같다 체호프는 400편 넘는 중단편 소설로도 이름을 알렸다. 『갈매기』는 그가 극작가로서 재능을 처음 인정받은 작품. 초연엔 실패했지만 이후 이 희곡을 눈여겨본 연극 연출가 스타니 슬라브스키에 의해 모스크바에서 공연되며 큰 성공을 거뒀다.",
				"subjectConsistencyYn": "Y"
			},
			{
				"sentenceNo": 18,
				"sentenceContent": "체호프는 모스크바 빈민가 출신으로 의사가 되기까지 유머 단편을 써 생계를 잇는 등 삶에 곡절이 많았다.",
				"subjectConsistencyYn": "Y"
			},
			{
				"sentenceNo": 19,
				"sentenceContent": "1890년 시베리아와 사할린을 여행하며 꿈과 현실 사이에 놓인 인간의 본질을 깊이 탐구했다고 알려지는데, 『갈매기』에도 그 영향이 배어있다.",
				"subjectConsistencyYn": "Y"
			},
			{
				"sentenceNo": 20,
				"sentenceContent": "이어 남편은 “저는 이전과 차이가 없어요. 몸무게도 그대로고”라며 자신있어 했지만, 아내는 “남편은...근육만 싹 빠진 죽어가는 나무?”라는 신박한 표현으로 반격해 MC들의 폭소를 자아냈다.",
				"subjectConsistencyYn": "N"
			},
			{
				"sentenceNo": 21,
				"sentenceContent": "과연 서로의 비주얼에 대해 끝없는 공격을 펼치는 이 부부의 속사정이 어떤 방향으로 흘러갈지는 본방송에서 공개된다. ‘짐승 같은 인간들’ 때문에 고통받는 아내의 사연, 그리고 ‘혼후순결’이 되어버린 부부의 속사정은 12월 18일 토요일 밤 11시 SKY채널과 채널A에서 방송될 본격 19금 부부 토크쇼 ‘애로부부’에서 공개된다.",
				"subjectConsistencyYn": "N"
			}
		],
		"clickbaitClass": 0
	}
}