{
	"sourceDataInfo": {
		"newsID": "ET_M03_494380",
		"newsCategory": "연예",
		"newsSubcategory": "연예가화제",
		"newsTitle": "하리수 \\\"내 존재 자체가 잘못…눈 감고 못 떴으면\\\" 악플 고통 호소",
		"newsSubTitle": "",
		"newsContent": "최근 악플러를 고소할 예정이라고 밝힌 하리수가 악플로 인한 고통을 SNS에 토로했다.\n하리수는 29일 자신의 SNS에 \\\"세상 사는게 참…내가 사랑하는 사람이 나로 인해 더럽다는 말을 듣고, 날 사랑한다는 이유로 주변에서 손가락질 당하고 하던일이 엉망이 된다라면… 정말 내가 사랑하는 사람을 위해 할수 있는게 뭘까\\\"라는 말로 의미심장한 글을 시작했다.\n이어 \\\"내 존재 자체가 잘못인거겠지. 눈을 감은채 다시 뜨지 않으면 좋겠다. 내 스스로 나에게 드는 모멸감과 슬픔…지금껏 열심히 살아왔다고 착하게 살아왔다고 생각했는데, 세상은 열심히 착하게 살면 안된다고 말하는거 같다\\\"라고 덧붙였다.\n끝으로 \\\"이제 그만할까봐. 그만 좀 쉴까\\\"라고 말해 악플로 인한 고통을 심하게 겪고 있음을 드러냈다.\n하리수는 지난달 한 연예 정보 프로그램에 출연해 악플러들을 고소하게 된 배경을 설명했다.\n하리수는 \\\"18년 동안 악플에 시달려서 넘겨오기도 했었지만 성형한 것은 성형했다고 말한다. 아저씨, 삼촌이라는 반응은 웃어 넘기지만 성적 비하는 넘길 수 없었다\\\"고 말했다.\n그러면서 \\\"지금은 이혼을 했지만 남편과 있을 때도 정말 심한 악성 댓글에 시달려야 했다. 죽고 싶은 생각도 들었다\\\"며 \\\"나를 왜 죽이고 싶은지…(나도) 같은 대한민국 국민이다\\\"라며 호소했다.\n최근 컴백을 준비해 온 하리수는 현재 컴백을 중단한 상태다.\n하리수가 남긴 심경 전문 세상사는게 참.. 내가 사랑하는 사람이 나로인해 더럽다는 말을듣고.. 날 사랑한다는 이유로 주변에서 손가락질 당하고 하던일이 엉망이 된다라면.. 정말 내가 사랑하는 사람을 위해 할수 있는게 뭘까..\n내 존재자체가 잘못인거겠지..\n눈을 감은채 다시 뜨지 않으면 좋겠다.\n내 스스로 나에게 드는 모멸감과 슬픔.. 지금껏 열심히 살아왔다고.. 착하게 살아왔다고 생각했는데..\n세상은 열심히 착하게 살면 안된다고 말하는거 같다.",
		"partNum": "P2",
		"useType": 0,
		"processType": "A",
		"processPattern": "99",
		"processLevel": "하",
		"sentenceCount": 13,
		"processSentencenum": 2,
		"sentenceInfo": [
			{
				"sentenceNo": 1,
				"sentenceContent": "최근 악플러를 고소할 예정이라고 밝힌 하리수가 악플로 인한 고통을 SNS에 토로했다.",
				"sentenceSize": 47
			},
			{
				"sentenceNo": 2,
				"sentenceContent": "하리수는 29일 자신의 SNS에 \\\"세상 사는게 참…내가 사랑하는 사람이 나로 인해 더럽다는 말을 듣고, 날 사랑한다는 이유로 주변에서 손가락질 당하고 하던일이 엉망이 된다라면… 정말 내가 사랑하는 사람을 위해 할수 있는게 뭘까\\\"라는 말로 의미심장한 글을 시작했다.",
				"sentenceSize": 149
			},
			{
				"sentenceNo": 3,
				"sentenceContent": "이어 \\\"내 존재 자체가 잘못인거겠지. 눈을 감은채 다시 뜨지 않으면 좋겠다. 내 스스로 나에게 드는 모멸감과 슬픔…지금껏 열심히 살아왔다고 착하게 살아왔다고 생각했는데, 세상은 열심히 착하게 살면 안된다고 말하는거 같다\\\"라고 덧붙였다.",
				"sentenceSize": 133
			},
			{
				"sentenceNo": 4,
				"sentenceContent": "끝으로 \\\"이제 그만할까봐. 그만 좀 쉴까\\\"라고 말해 악플로 인한 고통을 심하게 겪고 있음을 드러냈다.",
				"sentenceSize": 58
			},
			{
				"sentenceNo": 5,
				"sentenceContent": "하리수는 지난달 한 연예 정보 프로그램에 출연해 악플러들을 고소하게 된 배경을 설명했다.",
				"sentenceSize": 49
			},
			{
				"sentenceNo": 6,
				"sentenceContent": "하리수는 \\\"18년 동안 악플에 시달려서 넘겨오기도 했었지만 성형한 것은 성형했다고 말한다. 아저씨, 삼촌이라는 반응은 웃어 넘기지만 성적 비하는 넘길 수 없었다\\\"고 말했다.",
				"sentenceSize": 98
			},
			{
				"sentenceNo": 7,
				"sentenceContent": "그러면서 \\\"지금은 이혼을 했지만 남편과 있을 때도 정말 심한 악성 댓글에 시달려야 했다. 죽고 싶은 생각도 들었다\\\"며 \\\"나를 왜 죽이고 싶은지…(나도) 같은 대한민국 국민이다\\\"라며 호소했다.",
				"sentenceSize": 110
			},
			{
				"sentenceNo": 8,
				"sentenceContent": "최근 컴백을 준비해 온 하리수는 현재 컴백을 중단한 상태다.",
				"sentenceSize": 33
			},
			{
				"sentenceNo": 9,
				"sentenceContent": "하리수가 남긴 심경 전문 세상사는게 참.. 내가 사랑하는 사람이 나로인해 더럽다는 말을듣고.. 날 사랑한다는 이유로 주변에서 손가락질 당하고 하던일이 엉망이 된다라면.. 정말 내가 사랑하는 사람을 위해 할수 있는게 뭘까..",
				"sentenceSize": 124
			},
			{
				"sentenceNo": 10,
				"sentenceContent": "내 존재자체가 잘못인거겠지..",
				"sentenceSize": 16
			},
			{
				"sentenceNo": 11,
				"sentenceContent": "눈을 감은채 다시 뜨지 않으면 좋겠다.",
				"sentenceSize": 21
			},
			{
				"sentenceNo": 12,
				"sentenceContent": "내 스스로 나에게 드는 모멸감과 슬픔.. 지금껏 열심히 살아왔다고.. 착하게 살아왔다고 생각했는데..",
				"sentenceSize": 56
			},
			{
				"sentenceNo": 13,
				"sentenceContent": "세상은 열심히 착하게 살면 안된다고 말하는거 같다.",
				"sentenceSize": 28
			}
		]
	},
	"labeledDataInfo": {
		"processSentenceInfo": [
			{
				"sentenceNo": 1,
				"sentenceContent": "최근 악플러를 고소할 예정이라고 밝힌 하리수가 악플로 인한 고통을 SNS에 토로했다.",
				"subjectConsistencyYn": "Y"
			},
			{
				"sentenceNo": 2,
				"sentenceContent": "하리수는 29일 자신의 SNS에 \\\"세상 사는게 참…내가 사랑하는 사람이 나로 인해 더럽다는 말을 듣고, 날 사랑한다는 이유로 주변에서 손가락질 당하고 하던일이 엉망이 된다라면… 정말 내가 사랑하는 사람을 위해 할수 있는게 뭘까\\\"라는 말로 의미심장한 글을 시작했다.",
				"subjectConsistencyYn": "Y"
			},
			{
				"sentenceNo": 3,
				"sentenceContent": "이어 \\\"내 존재 자체가 잘못인거겠지. 눈을 감은채 다시 뜨지 않으면 좋겠다. 내 스스로 나에게 드는 모멸감과 슬픔…지금껏 열심히 살아왔다고 착하게 살아왔다고 생각했는데, 세상은 열심히 착하게 살면 안된다고 말하는거 같다\\\"라고 덧붙였다.",
				"subjectConsistencyYn": "Y"
			},
			{
				"sentenceNo": 4,
				"sentenceContent": "끝으로 \\\"이제 그만할까봐. 그만 좀 쉴까\\\"라고 말해 악플로 인한 고통을 심하게 겪고 있음을 드러냈다.",
				"subjectConsistencyYn": "Y"
			},
			{
				"sentenceNo": 5,
				"sentenceContent": "하리수는 지난달 한 연예 정보 프로그램에 출연해 악플러들을 고소하게 된 배경을 설명했다.",
				"subjectConsistencyYn": "Y"
			},
			{
				"sentenceNo": 6,
				"sentenceContent": "하리수는 \\\"18년 동안 악플에 시달려서 넘겨오기도 했었지만 성형한 것은 성형했다고 말한다. 아저씨, 삼촌이라는 반응은 웃어 넘기지만 성적 비하는 넘길 수 없었다\\\"고 말했다.",
				"subjectConsistencyYn": "Y"
			},
			{
				"sentenceNo": 7,
				"sentenceContent": "그러면서 \\\"지금은 이혼을 했지만 남편과 있을 때도 정말 심한 악성 댓글에 시달려야 했다. 죽고 싶은 생각도 들었다\\\"며 \\\"나를 왜 죽이고 싶은지…(나도) 같은 대한민국 국민이다\\\"라며 호소했다.",
				"subjectConsistencyYn": "Y"
			},
			{
				"sentenceNo": 8,
				"sentenceContent": "최근 컴백을 준비해 온 하리수는 현재 컴백을 중단한 상태다.",
				"subjectConsistencyYn": "Y"
			},
			{
				"sentenceNo": 9,
				"sentenceContent": "하리수가 남긴 심경 전문 세상사는게 참.. 내가 사랑하는 사람이 나로인해 더럽다는 말을듣고.. 날 사랑한다는 이유로 주변에서 손가락질 당하고 하던일이 엉망이 된다라면.. 정말 내가 사랑하는 사람을 위해 할수 있는게 뭘까..",
				"subjectConsistencyYn": "Y"
			},
			{
				"sentenceNo": 10,
				"sentenceContent": "내 존재자체가 잘못인거겠지..",
				"subjectConsistencyYn": "Y"
			},
			{
				"sentenceNo": 11,
				"sentenceContent": "눈을 감은채 다시 뜨지 않으면 좋겠다.",
				"subjectConsistencyYn": "Y"
			},
			{
				"sentenceNo": 12,
				"sentenceContent": "현재 또다른 크리스마스 상징곡인 왬(WHAM!)의 ‘Last Christmas’와 앤디 윌리엄스(Andy Williams)의 ‘It’s The MostWonderful Time Of The Year’가 머라이어 캐리를 추격 중이다.",
				"subjectConsistencyYn": "N"
			},
			{
				"sentenceNo": 13,
				"sentenceContent": "더불어 전세계의 환영을 받으며 귀환한 아델(Adele)의 ‘Easy On Me’, 2021년 최대 히트곡 더 키드 라로이(The Kid Laroi)의 ‘Stay’, 글로벌 힙합씬을 접수한 릴 나스 엑스(Lil Nas X)의 ‘Industry Baby’ 역시 그 기세가 만만치 않다. ‘All I Want For Christmas Is You’는 크리스마스 시즌이면 전세계 어디서나 즐길 수 있다.",
				"subjectConsistencyYn": "N"
			},
			{
				"sentenceNo": 14,
				"sentenceContent": "국내에서도 크리스마스 시즌과 맞물려 TV, 라디오 등 다양한 매체를 통해 소개될 예정이다.",
				"subjectConsistencyYn": "N"
			},
			{
				"sentenceNo": 15,
				"sentenceContent": "크리스마스의 여왕 머라이어 캐리의 ‘All I Want For Christmas Is You’는 현재 국내 모든 음원 스트리밍 서비스에서 감상 가능하다.",
				"subjectConsistencyYn": "N"
			}
		],
		"clickbaitClass": 0
	}
}