{
	"sourceDataInfo": {
		"newsID": "ET_M03_494671",
		"newsCategory": "연예",
		"newsSubcategory": "연예가화제",
		"newsTitle": "올해 유튜브 최고 K팝 뮤직비디오는 블랙핑크 '마지막처럼'",
		"newsSubTitle": "",
		"newsContent": "블랙핑크의 '마지막처럼' 뮤직비디오가 2017년 전 세계에서 가장 많은 사랑을 받은 K팝 비디오로 선정됐다.\n13일 유튜브에 따르면, 블랙핑크의 히트곡 '마지막처럼'은 올해 전 세계에서 가장 많은 사랑을 받은 K팝 비디오 1위에 이름을 올렸다.\n현지 '마지막처럼' 공식 뮤직비디오는 1억 9838만 뷰를 넘어서며 2억 뷰 돌파를 앞두고 있다.\n지난 9월 미국 빌보드가 발표한 올여름을 강타한 '유튜브 최고의 곡 TOP 25'에도 블랙핑크의 '마지막처럼'이 랭크된 적도 있다.\n당시 블랙핑크는 세계 각국을 대표하는 인기 뮤지션들 가운데 유일한 한국 가수로 눈길을 사로잡았다.\n한편 블랙핑크는 내년 1월 가요계 컴백을 예고하고 있다.\n컴백과 더불어 데뷔 이후 첫 단독 리얼리티 프로그램 '블핑하우스'를 통해 팬들을 만날 예정이다.",
		"partNum": "P2",
		"useType": 0,
		"processType": "A",
		"processPattern": "99",
		"processLevel": "하",
		"sentenceCount": 7,
		"processSentencenum": 2,
		"sentenceInfo": [
			{
				"sentenceNo": 1,
				"sentenceContent": "블랙핑크의 '마지막처럼' 뮤직비디오가 2017년 전 세계에서 가장 많은 사랑을 받은 K팝 비디오로 선정됐다.",
				"sentenceSize": 60
			},
			{
				"sentenceNo": 2,
				"sentenceContent": "13일 유튜브에 따르면, 블랙핑크의 히트곡 '마지막처럼'은 올해 전 세계에서 가장 많은 사랑을 받은 K팝 비디오 1위에 이름을 올렸다.",
				"sentenceSize": 75
			},
			{
				"sentenceNo": 3,
				"sentenceContent": "현지 '마지막처럼' 공식 뮤직비디오는 1억 9838만 뷰를 넘어서며 2억 뷰 돌파를 앞두고 있다.",
				"sentenceSize": 54
			},
			{
				"sentenceNo": 4,
				"sentenceContent": "지난 9월 미국 빌보드가 발표한 올여름을 강타한 '유튜브 최고의 곡 TOP 25'에도 블랙핑크의 '마지막처럼'이 랭크된 적도 있다.",
				"sentenceSize": 73
			},
			{
				"sentenceNo": 5,
				"sentenceContent": "당시 블랙핑크는 세계 각국을 대표하는 인기 뮤지션들 가운데 유일한 한국 가수로 눈길을 사로잡았다.",
				"sentenceSize": 54
			},
			{
				"sentenceNo": 6,
				"sentenceContent": "한편 블랙핑크는 내년 1월 가요계 컴백을 예고하고 있다.",
				"sentenceSize": 31
			},
			{
				"sentenceNo": 7,
				"sentenceContent": "컴백과 더불어 데뷔 이후 첫 단독 리얼리티 프로그램 '블핑하우스'를 통해 팬들을 만날 예정이다.",
				"sentenceSize": 53
			}
		]
	},
	"labeledDataInfo": {
		"processSentenceInfo": [
			{
				"sentenceNo": 1,
				"sentenceContent": "블랙핑크의 '마지막처럼' 뮤직비디오가 2017년 전 세계에서 가장 많은 사랑을 받은 K팝 비디오로 선정됐다.",
				"subjectConsistencyYn": "Y"
			},
			{
				"sentenceNo": 2,
				"sentenceContent": "13일 유튜브에 따르면, 블랙핑크의 히트곡 '마지막처럼'은 올해 전 세계에서 가장 많은 사랑을 받은 K팝 비디오 1위에 이름을 올렸다.",
				"subjectConsistencyYn": "Y"
			},
			{
				"sentenceNo": 3,
				"sentenceContent": "현지 '마지막처럼' 공식 뮤직비디오는 1억 9838만 뷰를 넘어서며 2억 뷰 돌파를 앞두고 있다.",
				"subjectConsistencyYn": "Y"
			},
			{
				"sentenceNo": 4,
				"sentenceContent": "지난 9월 미국 빌보드가 발표한 올여름을 강타한 '유튜브 최고의 곡 TOP 25'에도 블랙핑크의 '마지막처럼'이 랭크된 적도 있다.",
				"subjectConsistencyYn": "Y"
			},
			{
				"sentenceNo": 5,
				"sentenceContent": "당시 블랙핑크는 세계 각국을 대표하는 인기 뮤지션들 가운데 유일한 한국 가수로 눈길을 사로잡았다.",
				"subjectConsistencyYn": "Y"
			},
			{
				"sentenceNo": 6,
				"sentenceContent": "이민호는 “감독님들이 배우들을 믿고 신뢰해줬다. 배우들이 감정에 젖어있을 때 섬세하게 잘 팔로우 해주셨다”며 감독들과 제작진들에게 감사함을 드러냈다.",
				"subjectConsistencyYn": "N"
			},
			{
				"sentenceNo": 7,
				"sentenceContent": "끝으로 이민호는 “‘파친코’는 특정 국가와 언어를 넘어서 모두가 공감할 수 있는 이야기로 많은 분들에게 울림을 줄 수 있길 바란다”며 작품에 대한 기대감을 높였다.",
				"subjectConsistencyYn": "N"
			},
			{
				"sentenceNo": 8,
				"sentenceContent": "한편 한국과 일본, 그리고 미국을 오가며 펼쳐지는 대서사시를 그린 작품으로 금지된 사랑에서 시작해 전쟁과 평화, 사랑과 이별, 승리와 심판에 대한 잊을 수 없는 연대기를 그린 ‘파친코’는 오는 25일 애플TV+에서 첫 공개 된다.",
				"subjectConsistencyYn": "N"
			}
		],
		"clickbaitClass": 0
	}
}