{
	"sourceDataInfo": {
		"newsID": "ET_M03_494504",
		"newsCategory": "연예",
		"newsSubcategory": "연예가화제",
		"newsTitle": "'걸그룹 맞아?' 소리 절로 나오는 졸업사진의 주인공",
		"newsSubTitle": "",
		"newsContent": "걸그룹 모모랜드 주이(본명 이주원)의 졸업사진이 공개됐다.\n통통 튀고 발랄한 그의 이미지 그대로다.\n주이는 에너지 넘치는 성격과 재치 있는 입담으로 각종 예능 프로그램에 출연하고 단독 CF를 꿰차며 '대세 아이돌'로 자리를 잡아가고 있다.\n6일 한 온라인 커뮤니티에는 주이의 초등학교·중학교·고등학교 졸업 사진이 올라왔다.\n주이는 초등학교를 졸업하면서는 친구들에게 \\\"20년 후면 넌 아마 결혼을 했나?ㅎ 난 결혼하기 싫은데~뭐 그건 나야 모르고 넌 멋진 디자이너가 돼 있을 거야. 아니면 말고…그럼 빠2\\\"라는 말을 남겼다.\n또 다른 사진에 따르면 \\\"얘들아 살 빼고 키 좀 커서 교복 입자\\\"라는 말을 남겼다고 한다.\n그의 쾌활한 성격이 그대로 느껴지는 졸업사진에 많은 네티즌은 \\\"귀엽다\\\" \\\"한결같다\\\" 등과 같은 반응을 보였다.",
		"partNum": "P2",
		"useType": 0,
		"processType": "A",
		"processPattern": "99",
		"processLevel": "하",
		"sentenceCount": 7,
		"processSentencenum": 1,
		"sentenceInfo": [
			{
				"sentenceNo": 1,
				"sentenceContent": "걸그룹 모모랜드 주이(본명 이주원)의 졸업사진이 공개됐다.",
				"sentenceSize": 32
			},
			{
				"sentenceNo": 2,
				"sentenceContent": "통통 튀고 발랄한 그의 이미지 그대로다.",
				"sentenceSize": 22
			},
			{
				"sentenceNo": 3,
				"sentenceContent": "주이는 에너지 넘치는 성격과 재치 있는 입담으로 각종 예능 프로그램에 출연하고 단독 CF를 꿰차며 '대세 아이돌'로 자리를 잡아가고 있다.",
				"sentenceSize": 77
			},
			{
				"sentenceNo": 4,
				"sentenceContent": "6일 한 온라인 커뮤니티에는 주이의 초등학교·중학교·고등학교 졸업 사진이 올라왔다.",
				"sentenceSize": 46
			},
			{
				"sentenceNo": 5,
				"sentenceContent": "주이는 초등학교를 졸업하면서는 친구들에게 \\\"20년 후면 넌 아마 결혼을 했나?ㅎ 난 결혼하기 싫은데~뭐 그건 나야 모르고 넌 멋진 디자이너가 돼 있을 거야. 아니면 말고…그럼 빠2\\\"라는 말을 남겼다.",
				"sentenceSize": 113
			},
			{
				"sentenceNo": 6,
				"sentenceContent": "또 다른 사진에 따르면 \\\"얘들아 살 빼고 키 좀 커서 교복 입자\\\"라는 말을 남겼다고 한다.",
				"sentenceSize": 52
			},
			{
				"sentenceNo": 7,
				"sentenceContent": "그의 쾌활한 성격이 그대로 느껴지는 졸업사진에 많은 네티즌은 \\\"귀엽다\\\" \\\"한결같다\\\" 등과 같은 반응을 보였다.",
				"sentenceSize": 65
			}
		]
	},
	"labeledDataInfo": {
		"processSentenceInfo": [
			{
				"sentenceNo": 1,
				"sentenceContent": "걸그룹 모모랜드 주이(본명 이주원)의 졸업사진이 공개됐다.",
				"subjectConsistencyYn": "Y"
			},
			{
				"sentenceNo": 2,
				"sentenceContent": "통통 튀고 발랄한 그의 이미지 그대로다.",
				"subjectConsistencyYn": "Y"
			},
			{
				"sentenceNo": 3,
				"sentenceContent": "주이는 에너지 넘치는 성격과 재치 있는 입담으로 각종 예능 프로그램에 출연하고 단독 CF를 꿰차며 '대세 아이돌'로 자리를 잡아가고 있다.",
				"subjectConsistencyYn": "Y"
			},
			{
				"sentenceNo": 4,
				"sentenceContent": "6일 한 온라인 커뮤니티에는 주이의 초등학교·중학교·고등학교 졸업 사진이 올라왔다.",
				"subjectConsistencyYn": "Y"
			},
			{
				"sentenceNo": 5,
				"sentenceContent": "주이는 초등학교를 졸업하면서는 친구들에게 \\\"20년 후면 넌 아마 결혼을 했나?ㅎ 난 결혼하기 싫은데~뭐 그건 나야 모르고 넌 멋진 디자이너가 돼 있을 거야. 아니면 말고…그럼 빠2\\\"라는 말을 남겼다.",
				"subjectConsistencyYn": "Y"
			},
			{
				"sentenceNo": 6,
				"sentenceContent": "또 다른 사진에 따르면 \\\"얘들아 살 빼고 키 좀 커서 교복 입자\\\"라는 말을 남겼다고 한다.",
				"subjectConsistencyYn": "Y"
			},
			{
				"sentenceNo": 7,
				"sentenceContent": "하지만 배우의 이름값이 더 이상 크게 유효하지 않다는 사실을 알게 된 시장의 반응은 충분히 흥미롭다.",
				"subjectConsistencyYn": "N"
			},
			{
				"sentenceNo": 8,
				"sentenceContent": "이러한 경향은 내년에도 더욱 짙어질 것 같다.",
				"subjectConsistencyYn": "N"
			}
		],
		"clickbaitClass": 0
	}
}