{
	"sourceDataInfo": {
		"newsID": "ET_M03_494501",
		"newsCategory": "연예",
		"newsSubcategory": "영화",
		"newsTitle": "'신과함께', '명량' 이어 역대 흥행 2위 초읽기",
		"newsSubTitle": "",
		"newsContent": "판타지 영화 ‘신과함께-죄와 벌’(감독 김용화, 이하 '신과함께')이 역대 국내 극장가 흥행 2위 초읽기에 들어갔다.\n영화관입장권 통합전산망에 따르면 이 영화는 개봉 49일째인 6일까지 누적 관객 1423만 명을 기록하며 기존 2위 ‘국제시장’(2014)의 관객 수 1426만 명에 바짝 다가섰다.\n2014년 1761만 관객을 동원하며 역대 흥행 1위 자리를 지키고 있는 ‘명량’과는 330만명 가량 차이가 난다.\n정의롭게 죽은 소방관이 49일간 저승에서 겪는 재판 과정을 그린 '신과함께'는 개봉 16일 만인 지난달 4일 ‘명량’의 12일에 이어 역대 두 번째 빠른 속도로 1000만 영화로 등극했다.\n최근에는 ‘그것만이 내 세상’ ‘염력’등 신작에 박스오피스 상위권을 내주고 지난 주말 5위로 내려서며 흥행 기세가 한풀 꺾였다.\n그럼에도 전국 500개 스크린에서 평일 하루 2만 명, 주말에는 하루 5만 명 안팎의 관객을 꾸준히 동원하고 있다. ‘신과함께’의 역대 흥행 2위 등극은 빠르면 7일, 늦어도 8일 성사될 것으로 보인다.",
		"partNum": "P2",
		"useType": 0,
		"processType": "A",
		"processPattern": "99",
		"processLevel": "하",
		"sentenceCount": 6,
		"processSentencenum": 1,
		"sentenceInfo": [
			{
				"sentenceNo": 1,
				"sentenceContent": "판타지 영화 ‘신과함께-죄와 벌’(감독 김용화, 이하 '신과함께')이 역대 국내 극장가 흥행 2위 초읽기에 들어갔다.",
				"sentenceSize": 65
			},
			{
				"sentenceNo": 2,
				"sentenceContent": "영화관입장권 통합전산망에 따르면 이 영화는 개봉 49일째인 6일까지 누적 관객 1423만 명을 기록하며 기존 2위 ‘국제시장’(2014)의 관객 수 1426만 명에 바짝 다가섰다.",
				"sentenceSize": 100
			},
			{
				"sentenceNo": 3,
				"sentenceContent": "2014년 1761만 관객을 동원하며 역대 흥행 1위 자리를 지키고 있는 ‘명량’과는 330만명 가량 차이가 난다.",
				"sentenceSize": 64
			},
			{
				"sentenceNo": 4,
				"sentenceContent": "정의롭게 죽은 소방관이 49일간 저승에서 겪는 재판 과정을 그린 '신과함께'는 개봉 16일 만인 지난달 4일 ‘명량’의 12일에 이어 역대 두 번째 빠른 속도로 1000만 영화로 등극했다.",
				"sentenceSize": 105
			},
			{
				"sentenceNo": 5,
				"sentenceContent": "최근에는 ‘그것만이 내 세상’ ‘염력’등 신작에 박스오피스 상위권을 내주고 지난 주말 5위로 내려서며 흥행 기세가 한풀 꺾였다.",
				"sentenceSize": 71
			},
			{
				"sentenceNo": 6,
				"sentenceContent": "그럼에도 전국 500개 스크린에서 평일 하루 2만 명, 주말에는 하루 5만 명 안팎의 관객을 꾸준히 동원하고 있다. ‘신과함께’의 역대 흥행 2위 등극은 빠르면 7일, 늦어도 8일 성사될 것으로 보인다.",
				"sentenceSize": 113
			}
		]
	},
	"labeledDataInfo": {
		"processSentenceInfo": [
			{
				"sentenceNo": 1,
				"sentenceContent": "판타지 영화 ‘신과함께-죄와 벌’(감독 김용화, 이하 '신과함께')이 역대 국내 극장가 흥행 2위 초읽기에 들어갔다.",
				"subjectConsistencyYn": "Y"
			},
			{
				"sentenceNo": 2,
				"sentenceContent": "영화관입장권 통합전산망에 따르면 이 영화는 개봉 49일째인 6일까지 누적 관객 1423만 명을 기록하며 기존 2위 ‘국제시장’(2014)의 관객 수 1426만 명에 바짝 다가섰다.",
				"subjectConsistencyYn": "Y"
			},
			{
				"sentenceNo": 3,
				"sentenceContent": "2014년 1761만 관객을 동원하며 역대 흥행 1위 자리를 지키고 있는 ‘명량’과는 330만명 가량 차이가 난다.",
				"subjectConsistencyYn": "Y"
			},
			{
				"sentenceNo": 4,
				"sentenceContent": "정의롭게 죽은 소방관이 49일간 저승에서 겪는 재판 과정을 그린 '신과함께'는 개봉 16일 만인 지난달 4일 ‘명량’의 12일에 이어 역대 두 번째 빠른 속도로 1000만 영화로 등극했다.",
				"subjectConsistencyYn": "Y"
			},
			{
				"sentenceNo": 5,
				"sentenceContent": "최근에는 ‘그것만이 내 세상’ ‘염력’등 신작에 박스오피스 상위권을 내주고 지난 주말 5위로 내려서며 흥행 기세가 한풀 꺾였다.",
				"subjectConsistencyYn": "Y"
			},
			{
				"sentenceNo": 6,
				"sentenceContent": "이와 관련 ‘악의 마음을 읽는 자들’ 제작진은 “극 중 김남길과 김소진은 각자의 스타일대로 범인을 쫓는다. 두 사람의 스타일이 달라 자칫 부딪히는 것처럼 보일 수 있다. 그러나 범인을 쫓겠다는 마음만큼은 똑같다. 삐걱대는 것 같지만 누구보다 치열하게 범인에게 다가서는 두 사람의 모습, 두 사람의 관계성, 이를 그리는 두 배우의 연기 호흡이 재미를 더할 것이다”라고 전했다.",
				"subjectConsistencyYn": "N"
			},
			{
				"sentenceNo": 7,
				"sentenceContent": "장르물의 명가 SBS가 2022년 야심 차게 선보이는 첫 드라마이자, 웰메이드 범죄 심리 수사극 SBS 새 금토드라마 ‘악의 마음을 읽는 자들’은 ‘지금, 헤어지는 중입니다’ 후속으로 2022년 1월 14일 금요일 밤 10시 첫 방송된다.",
				"subjectConsistencyYn": "N"
			}
		],
		"clickbaitClass": 0
	}
}