{
	"sourceDataInfo": {
		"newsID": "ET_M03_494434",
		"newsCategory": "연예",
		"newsSubcategory": "연예가화제",
		"newsTitle": "전현무·한혜진 열애 인정 후 서로에게 나타난 변화",
		"newsSubTitle": "",
		"newsContent": "방송인 전현무와 모델 한혜진은 지난달 27일 열애 사실을 인정했다.\n이들은 MBC '나 혼자 산다'를 통해 연인으로 발전했다.\n열애 인정 후 두 사람에게서 나타나고 있는 변화 등을 살펴본다.\n━ 1. 인상이 순해진 한혜진? ▶열애 인정 전 ▶열애 인정 후 2일 방송된 '나 혼자 산다'에서 전현무·한혜진은 열애 인정 후 최초로 자신의 러브스토리를 털어놨다.\n방송 이후 온라인에서는 '한혜진의 인상이 달라진 것 같다'는 얘기가 나왔다.\n일각에서는 한혜진이 최근 눈썹 모양을 다듬었다는 의견도 있다.\n눈썹 산을 살렸던 눈썹 모양을 살짝 내려 전보다는 순한 인상으로 거듭났다는 분석이다.\n━ 2. 패셔니스타로 거듭한 전현무? ▶열애 인정 전 ▶열애 인정 후 전현무는 7일 MBC '전지적 참견 시점' 제작발표회에서 \\\"혜진씨가 절 패션 테러리스트로 꼽았었는데 이젠 '사랑'이 돼서 그런지 머리끝부터 발끝까지 다 참견한다\\\"며 \\\"혜진씨가 아예 자신의 스타일리스트를 제게 붙였다. 그래서 그 스타일리스트는 저와 혜진씨만 담당한다\\\"고 말했다.\n톱모델 한혜진의 스타일리스트가 전현무를 담당해서일까. 최근 그의 스타일이 전보다는 많이 좋아졌다고 한다.\n전현무·한혜진 측은 지난달 27일 \\\"현재 좋은 감정을 가지고 서로에 대해 알아가고 있는 단계\\\"라며 따뜻한 시선으로 지켜봐 주시면 감사하겠다\\\"고 밝히며 열애 사실을 인정했다.",
		"partNum": "P2",
		"useType": 0,
		"processType": "A",
		"processPattern": "99",
		"processLevel": "하",
		"sentenceCount": 10,
		"processSentencenum": 3,
		"sentenceInfo": [
			{
				"sentenceNo": 1,
				"sentenceContent": "방송인 전현무와 모델 한혜진은 지난달 27일 열애 사실을 인정했다.",
				"sentenceSize": 37
			},
			{
				"sentenceNo": 2,
				"sentenceContent": "이들은 MBC '나 혼자 산다'를 통해 연인으로 발전했다.",
				"sentenceSize": 32
			},
			{
				"sentenceNo": 3,
				"sentenceContent": "열애 인정 후 두 사람에게서 나타나고 있는 변화 등을 살펴본다.",
				"sentenceSize": 35
			},
			{
				"sentenceNo": 4,
				"sentenceContent": "━ 1. 인상이 순해진 한혜진? ▶열애 인정 전 ▶열애 인정 후 2일 방송된 '나 혼자 산다'에서 전현무·한혜진은 열애 인정 후 최초로 자신의 러브스토리를 털어놨다.",
				"sentenceSize": 92
			},
			{
				"sentenceNo": 5,
				"sentenceContent": "방송 이후 온라인에서는 '한혜진의 인상이 달라진 것 같다'는 얘기가 나왔다.",
				"sentenceSize": 42
			},
			{
				"sentenceNo": 6,
				"sentenceContent": "일각에서는 한혜진이 최근 눈썹 모양을 다듬었다는 의견도 있다.",
				"sentenceSize": 34
			},
			{
				"sentenceNo": 7,
				"sentenceContent": "눈썹 산을 살렸던 눈썹 모양을 살짝 내려 전보다는 순한 인상으로 거듭났다는 분석이다.",
				"sentenceSize": 47
			},
			{
				"sentenceNo": 8,
				"sentenceContent": "━ 2. 패셔니스타로 거듭한 전현무? ▶열애 인정 전 ▶열애 인정 후 전현무는 7일 MBC '전지적 참견 시점' 제작발표회에서 \\\"혜진씨가 절 패션 테러리스트로 꼽았었는데 이젠 '사랑'이 돼서 그런지 머리끝부터 발끝까지 다 참견한다\\\"며 \\\"혜진씨가 아예 자신의 스타일리스트를 제게 붙였다. 그래서 그 스타일리스트는 저와 혜진씨만 담당한다\\\"고 말했다.",
				"sentenceSize": 197
			},
			{
				"sentenceNo": 9,
				"sentenceContent": "톱모델 한혜진의 스타일리스트가 전현무를 담당해서일까. 최근 그의 스타일이 전보다는 많이 좋아졌다고 한다.",
				"sentenceSize": 58
			},
			{
				"sentenceNo": 10,
				"sentenceContent": "전현무·한혜진 측은 지난달 27일 \\\"현재 좋은 감정을 가지고 서로에 대해 알아가고 있는 단계\\\"라며 따뜻한 시선으로 지켜봐 주시면 감사하겠다\\\"고 밝히며 열애 사실을 인정했다.",
				"sentenceSize": 99
			}
		]
	},
	"labeledDataInfo": {
		"processSentenceInfo": [
			{
				"sentenceNo": 1,
				"sentenceContent": "방송인 전현무와 모델 한혜진은 지난달 27일 열애 사실을 인정했다.",
				"subjectConsistencyYn": "Y"
			},
			{
				"sentenceNo": 2,
				"sentenceContent": "이들은 MBC '나 혼자 산다'를 통해 연인으로 발전했다.",
				"subjectConsistencyYn": "Y"
			},
			{
				"sentenceNo": 3,
				"sentenceContent": "열애 인정 후 두 사람에게서 나타나고 있는 변화 등을 살펴본다.",
				"subjectConsistencyYn": "Y"
			},
			{
				"sentenceNo": 4,
				"sentenceContent": "━ 1. 인상이 순해진 한혜진? ▶열애 인정 전 ▶열애 인정 후 2일 방송된 '나 혼자 산다'에서 전현무·한혜진은 열애 인정 후 최초로 자신의 러브스토리를 털어놨다.",
				"subjectConsistencyYn": "Y"
			},
			{
				"sentenceNo": 5,
				"sentenceContent": "방송 이후 온라인에서는 '한혜진의 인상이 달라진 것 같다'는 얘기가 나왔다.",
				"subjectConsistencyYn": "Y"
			},
			{
				"sentenceNo": 6,
				"sentenceContent": "일각에서는 한혜진이 최근 눈썹 모양을 다듬었다는 의견도 있다.",
				"subjectConsistencyYn": "Y"
			},
			{
				"sentenceNo": 7,
				"sentenceContent": "눈썹 산을 살렸던 눈썹 모양을 살짝 내려 전보다는 순한 인상으로 거듭났다는 분석이다.",
				"subjectConsistencyYn": "Y"
			},
			{
				"sentenceNo": 8,
				"sentenceContent": "온라인 중앙일보 '비정상회담 나경원'",
				"subjectConsistencyYn": "N"
			}
		],
		"clickbaitClass": 0
	}
}