{
	"sourceDataInfo": {
		"newsID": "ET_M03_494527",
		"newsCategory": "연예",
		"newsSubcategory": "연예가화제",
		"newsTitle": "소트니코바 금메달 사진 ‘좋아요’ 누른 손연재, 결국 SNS 닫았다",
		"newsSubTitle": "",
		"newsContent": "러시아 피겨스케이팅 선수 아델리나 소트니코바의 금메달 사진에 ‘좋아요’를 눌렀다가 뭇매를 맞은 전 리듬체조 국가대표 손연재가 결국 소셜네트워크서비스(SNS) 계정을 닫았다.\n손연재의 인스타그램은 29일 기준 ‘죄송합니다. 페이지를 사용할 수 없습니다’는 문구와 함께 이용할 수 없는 상태다.\n그의 인스타그램 계정은 전날까지 열려있었지만 논란 직후 일부 네티즌들의 거센 항의가 이어지면서 중단한 것으로 보인다.\n손연재는 지난 28일 온라인커뮤니티를 중심으로 그가 소트니코바의 팬 계정에 올라온 사진에 ‘좋아요’를 눌렀던 사실이 알려지면서 논란에 휩싸였다.\n해당 사진은 2014년 소치 겨울올림픽에서 소트니코바가 금메달을 깨물고 있는 모습이 담겼다.\n당시 소트니코바는 한국 피겨스케이팅 선수 김연아를 제치고 금메달을 땄지만, 편파판정 논란에 휘말린 바 있다.\n특히 김연아가 소치 올림픽을 끝으로 은퇴하면서 이 같은 판정은 국내 팬들의 큰 아쉬움을 샀다.\n한편, 손연재는 지난해 3월 은퇴한 이후 KBS 2TV ‘발레교습소 백조클럽’에 출연하는 등 다양한 방송활동을 펼치고 있다.",
		"partNum": "P2",
		"useType": 0,
		"processType": "A",
		"processPattern": "99",
		"processLevel": "하",
		"sentenceCount": 8,
		"processSentencenum": 2,
		"sentenceInfo": [
			{
				"sentenceNo": 1,
				"sentenceContent": "러시아 피겨스케이팅 선수 아델리나 소트니코바의 금메달 사진에 ‘좋아요’를 눌렀다가 뭇매를 맞은 전 리듬체조 국가대표 손연재가 결국 소셜네트워크서비스(SNS) 계정을 닫았다.",
				"sentenceSize": 96
			},
			{
				"sentenceNo": 2,
				"sentenceContent": "손연재의 인스타그램은 29일 기준 ‘죄송합니다. 페이지를 사용할 수 없습니다’는 문구와 함께 이용할 수 없는 상태다.",
				"sentenceSize": 65
			},
			{
				"sentenceNo": 3,
				"sentenceContent": "그의 인스타그램 계정은 전날까지 열려있었지만 논란 직후 일부 네티즌들의 거센 항의가 이어지면서 중단한 것으로 보인다.",
				"sentenceSize": 65
			},
			{
				"sentenceNo": 4,
				"sentenceContent": "손연재는 지난 28일 온라인커뮤니티를 중심으로 그가 소트니코바의 팬 계정에 올라온 사진에 ‘좋아요’를 눌렀던 사실이 알려지면서 논란에 휩싸였다.",
				"sentenceSize": 80
			},
			{
				"sentenceNo": 5,
				"sentenceContent": "해당 사진은 2014년 소치 겨울올림픽에서 소트니코바가 금메달을 깨물고 있는 모습이 담겼다.",
				"sentenceSize": 51
			},
			{
				"sentenceNo": 6,
				"sentenceContent": "당시 소트니코바는 한국 피겨스케이팅 선수 김연아를 제치고 금메달을 땄지만, 편파판정 논란에 휘말린 바 있다.",
				"sentenceSize": 60
			},
			{
				"sentenceNo": 7,
				"sentenceContent": "특히 김연아가 소치 올림픽을 끝으로 은퇴하면서 이 같은 판정은 국내 팬들의 큰 아쉬움을 샀다.",
				"sentenceSize": 52
			},
			{
				"sentenceNo": 8,
				"sentenceContent": "한편, 손연재는 지난해 3월 은퇴한 이후 KBS 2TV ‘발레교습소 백조클럽’에 출연하는 등 다양한 방송활동을 펼치고 있다.",
				"sentenceSize": 69
			}
		]
	},
	"labeledDataInfo": {
		"processSentenceInfo": [
			{
				"sentenceNo": 1,
				"sentenceContent": "러시아 피겨스케이팅 선수 아델리나 소트니코바의 금메달 사진에 ‘좋아요’를 눌렀다가 뭇매를 맞은 전 리듬체조 국가대표 손연재가 결국 소셜네트워크서비스(SNS) 계정을 닫았다.",
				"subjectConsistencyYn": "Y"
			},
			{
				"sentenceNo": 2,
				"sentenceContent": "손연재의 인스타그램은 29일 기준 ‘죄송합니다. 페이지를 사용할 수 없습니다’는 문구와 함께 이용할 수 없는 상태다.",
				"subjectConsistencyYn": "Y"
			},
			{
				"sentenceNo": 3,
				"sentenceContent": "그의 인스타그램 계정은 전날까지 열려있었지만 논란 직후 일부 네티즌들의 거센 항의가 이어지면서 중단한 것으로 보인다.",
				"subjectConsistencyYn": "Y"
			},
			{
				"sentenceNo": 4,
				"sentenceContent": "손연재는 지난 28일 온라인커뮤니티를 중심으로 그가 소트니코바의 팬 계정에 올라온 사진에 ‘좋아요’를 눌렀던 사실이 알려지면서 논란에 휩싸였다.",
				"subjectConsistencyYn": "Y"
			},
			{
				"sentenceNo": 5,
				"sentenceContent": "해당 사진은 2014년 소치 겨울올림픽에서 소트니코바가 금메달을 깨물고 있는 모습이 담겼다.",
				"subjectConsistencyYn": "Y"
			},
			{
				"sentenceNo": 6,
				"sentenceContent": "당시 소트니코바는 한국 피겨스케이팅 선수 김연아를 제치고 금메달을 땄지만, 편파판정 논란에 휘말린 바 있다.",
				"subjectConsistencyYn": "Y"
			},
			{
				"sentenceNo": 7,
				"sentenceContent": "좌석 점유율은 63%에 이른다. ‘미이라’가 새로 쓴 흥행 기록들 1. 역대 박스오피스 최고 오프닝 2. 역대 할리우드 영화 최고 오프닝 3. 2017년 개봉 영화 최고 오프닝! 4. 역대 6월 개봉 영화 최고 오프닝 5. 톰 크루즈 주연 영화 최고 오프닝 ‘미이라’는 유니버설 픽쳐스의 시네마틱 유니버스 프로젝트 ‘다크 유니버스’의 새로운 시작을 알리는 작품이다.",
				"subjectConsistencyYn": "N"
			},
			{
				"sentenceNo": 8,
				"sentenceContent": "영화는 수천 년 만에 깨어난 절대적 존재 미라 아마네트(소피아 부텔라)의 이야기를 그린다.",
				"subjectConsistencyYn": "N"
			},
			{
				"sentenceNo": 9,
				"sentenceContent": "톰 크루즈가 미라를 막으려는 주인공 닉으로 활약한다.",
				"subjectConsistencyYn": "N"
			}
		],
		"clickbaitClass": 0
	}
}