{
	"sourceDataInfo": {
		"newsID": "ET_M03_494260",
		"newsCategory": "연예",
		"newsSubcategory": "연예가화제",
		"newsTitle": "\\\"갈수록 40대 같아 보여\\\"…외모 지적 댓글에 강민경이 보인 반응",
		"newsSubTitle": "",
		"newsContent": "그룹 다비치의 강민경(29)이 \\\"40대 같아 보인\\\"다는 댓글에 직접 답변글을 남겼다.\n강민경은 19일 자신의 인스타그램에 다비치의 신곡 '너에게 못했던 내 마지막 말은'을 부르는 영상을 게재했다.\n이 게시물에 한 네티즌은 \\\"갈수록 40대 같아 보인다\\\"는 댓글을 남겼다.\n이에 강민경은 \\\"허허허. 감사합니다. 저희의 노래가 더욱 깊어졌다는 의미라고 생각할게요\\\"라고 답글을 달았다.\n강민경은 해당 댓글 외에도 다른 몇몇 네티즌들의 댓글에 답글을 달아 눈길을 끌었다.\n한편 다비치는 17일 신곡 '너에게 못했던 내 마지막 말은'을 공개했다.\n20일 오전 10시 45분 기준 다비치의 신곡은 멜론 실시간 차트에서 6위를 기록했다.",
		"partNum": "P2",
		"useType": 0,
		"processType": "A",
		"processPattern": "99",
		"processLevel": "하",
		"sentenceCount": 7,
		"processSentencenum": 1,
		"sentenceInfo": [
			{
				"sentenceNo": 1,
				"sentenceContent": "그룹 다비치의 강민경(29)이 \\\"40대 같아 보인\\\"다는 댓글에 직접 답변글을 남겼다.",
				"sentenceSize": 49
			},
			{
				"sentenceNo": 2,
				"sentenceContent": "강민경은 19일 자신의 인스타그램에 다비치의 신곡 '너에게 못했던 내 마지막 말은'을 부르는 영상을 게재했다.",
				"sentenceSize": 61
			},
			{
				"sentenceNo": 3,
				"sentenceContent": "이 게시물에 한 네티즌은 \\\"갈수록 40대 같아 보인다\\\"는 댓글을 남겼다.",
				"sentenceSize": 42
			},
			{
				"sentenceNo": 4,
				"sentenceContent": "이에 강민경은 \\\"허허허. 감사합니다. 저희의 노래가 더욱 깊어졌다는 의미라고 생각할게요\\\"라고 답글을 달았다.",
				"sentenceSize": 62
			},
			{
				"sentenceNo": 5,
				"sentenceContent": "강민경은 해당 댓글 외에도 다른 몇몇 네티즌들의 댓글에 답글을 달아 눈길을 끌었다.",
				"sentenceSize": 46
			},
			{
				"sentenceNo": 6,
				"sentenceContent": "한편 다비치는 17일 신곡 '너에게 못했던 내 마지막 말은'을 공개했다.",
				"sentenceSize": 40
			},
			{
				"sentenceNo": 7,
				"sentenceContent": "20일 오전 10시 45분 기준 다비치의 신곡은 멜론 실시간 차트에서 6위를 기록했다.",
				"sentenceSize": 48
			}
		]
	},
	"labeledDataInfo": {
		"processSentenceInfo": [
			{
				"sentenceNo": 1,
				"sentenceContent": "그룹 다비치의 강민경(29)이 \\\"40대 같아 보인\\\"다는 댓글에 직접 답변글을 남겼다.",
				"subjectConsistencyYn": "Y"
			},
			{
				"sentenceNo": 2,
				"sentenceContent": "강민경은 19일 자신의 인스타그램에 다비치의 신곡 '너에게 못했던 내 마지막 말은'을 부르는 영상을 게재했다.",
				"subjectConsistencyYn": "Y"
			},
			{
				"sentenceNo": 3,
				"sentenceContent": "이 게시물에 한 네티즌은 \\\"갈수록 40대 같아 보인다\\\"는 댓글을 남겼다.",
				"subjectConsistencyYn": "Y"
			},
			{
				"sentenceNo": 4,
				"sentenceContent": "이에 강민경은 \\\"허허허. 감사합니다. 저희의 노래가 더욱 깊어졌다는 의미라고 생각할게요\\\"라고 답글을 달았다.",
				"subjectConsistencyYn": "Y"
			},
			{
				"sentenceNo": 5,
				"sentenceContent": "강민경은 해당 댓글 외에도 다른 몇몇 네티즌들의 댓글에 답글을 달아 눈길을 끌었다.",
				"subjectConsistencyYn": "Y"
			},
			{
				"sentenceNo": 6,
				"sentenceContent": "한편 다비치는 17일 신곡 '너에게 못했던 내 마지막 말은'을 공개했다.",
				"subjectConsistencyYn": "Y"
			},
			{
				"sentenceNo": 7,
				"sentenceContent": "온라인 중앙일보 티아라 태도 논란 [사진 일간스포츠]",
				"subjectConsistencyYn": "N"
			}
		],
		"clickbaitClass": 0
	}
}