{
	"sourceDataInfo": {
		"newsID": "ET_M03_494389",
		"newsCategory": "연예",
		"newsSubcategory": "연예가화제",
		"newsTitle": "'리턴 중도 하차' 고현정, 주연 맡은 영화 시사회 불참",
		"newsSubTitle": "",
		"newsContent": "SBS 드라마 '리턴'에서 중도 하차한 배우 고현정이 결국 자신이 주연을 맡은 영화의 시사회에 불참한다고 스포츠조선이 26일 보도했다.\n보도에 따르면 고현정은 다음달 2일 진행되는 영화 '호랑이보다 무서운 겨울 손님' 언론시사회 및 기자간담회에 불참을 최종 결정했다.\n시사회 이후 진행되는 영화 홍보 매체 인터뷰도 진행하지 않는다.\n고현정과 함께 주연을 맡은 이진욱, 그리고 조연을 맡은 서현우가 시사회 참석 및 매체 인터뷰를 진행한다.\n영화 '호랑이보다 무서운 겨울 손님'은 다음달 12일 개봉이다.\n이 영화는 동물원에서 호랑이가 탈출하던 어느 겨울날 갑작스레 여자친구에게 버림받은 경유(이진욱)과 경유 앞에 불현듯 나타난 소설가 유정(고현정)의 이야기를 담았다.\n제22회 부산국제영화제를 시작으로 제43회 서울독립영화제 초청에 이어 제47회 로테르담국제영화제와 제24회 브졸국제아시아영화제에 연달아 초청받으며 주목받고 있다.",
		"partNum": "P2",
		"useType": 0,
		"processType": "A",
		"processPattern": "99",
		"processLevel": "하",
		"sentenceCount": 7,
		"processSentencenum": 1,
		"sentenceInfo": [
			{
				"sentenceNo": 1,
				"sentenceContent": "SBS 드라마 '리턴'에서 중도 하차한 배우 고현정이 결국 자신이 주연을 맡은 영화의 시사회에 불참한다고 스포츠조선이 26일 보도했다.",
				"sentenceSize": 75
			},
			{
				"sentenceNo": 2,
				"sentenceContent": "보도에 따르면 고현정은 다음달 2일 진행되는 영화 '호랑이보다 무서운 겨울 손님' 언론시사회 및 기자간담회에 불참을 최종 결정했다.",
				"sentenceSize": 73
			},
			{
				"sentenceNo": 3,
				"sentenceContent": "시사회 이후 진행되는 영화 홍보 매체 인터뷰도 진행하지 않는다.",
				"sentenceSize": 35
			},
			{
				"sentenceNo": 4,
				"sentenceContent": "고현정과 함께 주연을 맡은 이진욱, 그리고 조연을 맡은 서현우가 시사회 참석 및 매체 인터뷰를 진행한다.",
				"sentenceSize": 58
			},
			{
				"sentenceNo": 5,
				"sentenceContent": "영화 '호랑이보다 무서운 겨울 손님'은 다음달 12일 개봉이다.",
				"sentenceSize": 35
			},
			{
				"sentenceNo": 6,
				"sentenceContent": "이 영화는 동물원에서 호랑이가 탈출하던 어느 겨울날 갑작스레 여자친구에게 버림받은 경유(이진욱)과 경유 앞에 불현듯 나타난 소설가 유정(고현정)의 이야기를 담았다.",
				"sentenceSize": 91
			},
			{
				"sentenceNo": 7,
				"sentenceContent": "제22회 부산국제영화제를 시작으로 제43회 서울독립영화제 초청에 이어 제47회 로테르담국제영화제와 제24회 브졸국제아시아영화제에 연달아 초청받으며 주목받고 있다.",
				"sentenceSize": 90
			}
		]
	},
	"labeledDataInfo": {
		"processSentenceInfo": [
			{
				"sentenceNo": 1,
				"sentenceContent": "SBS 드라마 '리턴'에서 중도 하차한 배우 고현정이 결국 자신이 주연을 맡은 영화의 시사회에 불참한다고 스포츠조선이 26일 보도했다.",
				"subjectConsistencyYn": "Y"
			},
			{
				"sentenceNo": 2,
				"sentenceContent": "보도에 따르면 고현정은 다음달 2일 진행되는 영화 '호랑이보다 무서운 겨울 손님' 언론시사회 및 기자간담회에 불참을 최종 결정했다.",
				"subjectConsistencyYn": "Y"
			},
			{
				"sentenceNo": 3,
				"sentenceContent": "시사회 이후 진행되는 영화 홍보 매체 인터뷰도 진행하지 않는다.",
				"subjectConsistencyYn": "Y"
			},
			{
				"sentenceNo": 4,
				"sentenceContent": "고현정과 함께 주연을 맡은 이진욱, 그리고 조연을 맡은 서현우가 시사회 참석 및 매체 인터뷰를 진행한다.",
				"subjectConsistencyYn": "Y"
			},
			{
				"sentenceNo": 5,
				"sentenceContent": "영화 '호랑이보다 무서운 겨울 손님'은 다음달 12일 개봉이다.",
				"subjectConsistencyYn": "Y"
			},
			{
				"sentenceNo": 6,
				"sentenceContent": "이 영화는 동물원에서 호랑이가 탈출하던 어느 겨울날 갑작스레 여자친구에게 버림받은 경유(이진욱)과 경유 앞에 불현듯 나타난 소설가 유정(고현정)의 이야기를 담았다.",
				"subjectConsistencyYn": "Y"
			},
			{
				"sentenceNo": 7,
				"sentenceContent": "어머니 죽음에 얽힌 가슴 아픈 사연을 지녔기에 누구에게든 비극으로 남는 갑-을 고리를 이제는 그만 끊고자 하는 태현과, 지난 3년의 시간을 지옥 같은 트라우마로 가슴에 새기며 한 맺힌 설욕의지를 다지고 있는 여진은 과연 접점을 찾을 수 있을지, 3회 남은 ‘용팔이’ 결말이 주목된다.",
				"subjectConsistencyYn": "N"
			},
			{
				"sentenceNo": 8,
				"sentenceContent": "한편 ‘용팔이’는 ‘장소불문·환자불문’ 고액의 돈만 준다면 조폭도 마다하지 않는 실력 최고의 돌팔이 외과의사 ‘용팔이’가 병원에 잠들어 있는 재벌 상속녀 ‘잠자는 숲속의 마녀’를 만나며 벌어지는 이야기를 그리는 스펙터클 멜로드라마다.",
				"subjectConsistencyYn": "N"
			},
			{
				"sentenceNo": 9,
				"sentenceContent": "배우 주원, 김태희 등이 출연하며 2015년 미니시리즈 최고 시청률을 경신하고 있다. '용팔이 주원 김태희' 온라인 중앙일보",
				"subjectConsistencyYn": "N"
			}
		],
		"clickbaitClass": 0
	}
}