{
	"sourceDataInfo": {
		"newsID": "ET_M03_494328",
		"newsCategory": "연예",
		"newsSubcategory": "연예가화제",
		"newsTitle": "차범근이 '예비 며느리' 한채아에게 남긴 편지",
		"newsSubTitle": "",
		"newsContent": "차범근(64) 전 축구 국가대표팀 감독이 다음 달 차남 차세찌(32)와 결혼을 앞둔 '예비 며느리' 배우 한채아(36)에게 편지를 남겼다.\n23일 다음스포츠 '차범근의 따뜻한 축구'를 통해서다.\n이 글에 따르면 차 전 감독은 지난해 장남 차두리로부터 차세찌와 한채아의 교제 사실을 전해 듣게 됐다.\n당시 두 사람은 서로 알고 지낸지는 5~6년, 사귄 지는 1년 정도 됐을 때였다.\n차 전 감독은 \\\"한채아는 처음 집으로 인사 오는 날 운동복을 입고 나타났다\\\"며 \\\"처음에는 '사정이 있겠지' 생각했었는데 다음에도 그다음에도 운동복을 입고 왔다\\\"고 당시를 회상했다.\n그는 한채아에게 \\\"넌 배우라면서 그렇게 운동복만 입고 다니냐?\\\"고 물은 적도 있다고 했다.\n그러면서 \\\"(한채아가) 촬영을 마치고 와 화장을 하고 온 모습을 보면 이젠 이상하고 어색할 정도\\\"라고 했다.\n차 전 감독은 \\\"한채아라는 배우를 잘 몰라서 '사람들이 너를 알아보냐'고 물어본 적 있는데, '화장 안 하고 다니면 못 알아본다'고 답했다\\\"며 \\\"세상 관심을 받고 사는 어려움을 누구보다 잘 알기 때문에 걱정이 많다. 나의 걱정을 잘 알아들어 줘 고맙다\\\"고 했다.\n그는 \\\"잘 살 거라 믿었던 두리가 저렇게 되고 나니 솔직히 두렵다\\\"며 \\\"결혼 날이 다가오는 만큼 두 사람이 열심히 정직하게 살아주길 바랄 뿐\\\"이라는 말로 글을 마쳤다.",
		"partNum": "P2",
		"useType": 0,
		"processType": "A",
		"processPattern": "99",
		"processLevel": "하",
		"sentenceCount": 9,
		"processSentencenum": 2,
		"sentenceInfo": [
			{
				"sentenceNo": 1,
				"sentenceContent": "차범근(64) 전 축구 국가대표팀 감독이 다음 달 차남 차세찌(32)와 결혼을 앞둔 '예비 며느리' 배우 한채아(36)에게 편지를 남겼다.",
				"sentenceSize": 77
			},
			{
				"sentenceNo": 2,
				"sentenceContent": "23일 다음스포츠 '차범근의 따뜻한 축구'를 통해서다.",
				"sentenceSize": 30
			},
			{
				"sentenceNo": 3,
				"sentenceContent": "이 글에 따르면 차 전 감독은 지난해 장남 차두리로부터 차세찌와 한채아의 교제 사실을 전해 듣게 됐다.",
				"sentenceSize": 57
			},
			{
				"sentenceNo": 4,
				"sentenceContent": "당시 두 사람은 서로 알고 지낸지는 5~6년, 사귄 지는 1년 정도 됐을 때였다.",
				"sentenceSize": 45
			},
			{
				"sentenceNo": 5,
				"sentenceContent": "차 전 감독은 \\\"한채아는 처음 집으로 인사 오는 날 운동복을 입고 나타났다\\\"며 \\\"처음에는 '사정이 있겠지' 생각했었는데 다음에도 그다음에도 운동복을 입고 왔다\\\"고 당시를 회상했다.",
				"sentenceSize": 104
			},
			{
				"sentenceNo": 6,
				"sentenceContent": "그는 한채아에게 \\\"넌 배우라면서 그렇게 운동복만 입고 다니냐?\\\"고 물은 적도 있다고 했다.",
				"sentenceSize": 52
			},
			{
				"sentenceNo": 7,
				"sentenceContent": "그러면서 \\\"(한채아가) 촬영을 마치고 와 화장을 하고 온 모습을 보면 이젠 이상하고 어색할 정도\\\"라고 했다.",
				"sentenceSize": 62
			},
			{
				"sentenceNo": 8,
				"sentenceContent": "차 전 감독은 \\\"한채아라는 배우를 잘 몰라서 '사람들이 너를 알아보냐'고 물어본 적 있는데, '화장 안 하고 다니면 못 알아본다'고 답했다\\\"며 \\\"세상 관심을 받고 사는 어려움을 누구보다 잘 알기 때문에 걱정이 많다. 나의 걱정을 잘 알아들어 줘 고맙다\\\"고 했다.",
				"sentenceSize": 150
			},
			{
				"sentenceNo": 9,
				"sentenceContent": "그는 \\\"잘 살 거라 믿었던 두리가 저렇게 되고 나니 솔직히 두렵다\\\"며 \\\"결혼 날이 다가오는 만큼 두 사람이 열심히 정직하게 살아주길 바랄 뿐\\\"이라는 말로 글을 마쳤다.",
				"sentenceSize": 97
			}
		]
	},
	"labeledDataInfo": {
		"processSentenceInfo": [
			{
				"sentenceNo": 1,
				"sentenceContent": "차범근(64) 전 축구 국가대표팀 감독이 다음 달 차남 차세찌(32)와 결혼을 앞둔 '예비 며느리' 배우 한채아(36)에게 편지를 남겼다.",
				"subjectConsistencyYn": "Y"
			},
			{
				"sentenceNo": 2,
				"sentenceContent": "23일 다음스포츠 '차범근의 따뜻한 축구'를 통해서다.",
				"subjectConsistencyYn": "Y"
			},
			{
				"sentenceNo": 3,
				"sentenceContent": "이 글에 따르면 차 전 감독은 지난해 장남 차두리로부터 차세찌와 한채아의 교제 사실을 전해 듣게 됐다.",
				"subjectConsistencyYn": "Y"
			},
			{
				"sentenceNo": 4,
				"sentenceContent": "당시 두 사람은 서로 알고 지낸지는 5~6년, 사귄 지는 1년 정도 됐을 때였다.",
				"subjectConsistencyYn": "Y"
			},
			{
				"sentenceNo": 5,
				"sentenceContent": "차 전 감독은 \\\"한채아는 처음 집으로 인사 오는 날 운동복을 입고 나타났다\\\"며 \\\"처음에는 '사정이 있겠지' 생각했었는데 다음에도 그다음에도 운동복을 입고 왔다\\\"고 당시를 회상했다.",
				"subjectConsistencyYn": "Y"
			},
			{
				"sentenceNo": 6,
				"sentenceContent": "그는 한채아에게 \\\"넌 배우라면서 그렇게 운동복만 입고 다니냐?\\\"고 물은 적도 있다고 했다.",
				"subjectConsistencyYn": "Y"
			},
			{
				"sentenceNo": 7,
				"sentenceContent": "그러면서 \\\"(한채아가) 촬영을 마치고 와 화장을 하고 온 모습을 보면 이젠 이상하고 어색할 정도\\\"라고 했다.",
				"subjectConsistencyYn": "Y"
			},
			{
				"sentenceNo": 8,
				"sentenceContent": "그는 힘든 나머지 눈물을 보이며 \\\"살면서 이렇게 노력해본 적이 없다. 잘하는 친구에게 매달려서 도와달라고 노력하기도 했는데 잘 안된다. 그래도 포기는 안 한다\\\"고 말해 안타까운 마음이 들게 했다.",
				"subjectConsistencyYn": "N"
			},
			{
				"sentenceNo": 9,
				"sentenceContent": "팬들은 그의 도전을 응원한다.",
				"subjectConsistencyYn": "N"
			},
			{
				"sentenceNo": 10,
				"sentenceContent": "권현빈의 모델 시절부터 팬이었다고 밝힌 한 네티즌은 \\\"권현빈은 빽빽하던 쇼, 광고스케줄, 해외진출 다 포기하고 모델 일 다시 하지 못할 각오로 나온 거다. 모델 때부터 팬인데 진짜 눈물 난다\\\"며 속상해하는 모습을 보이기도 했지만 \\\"어리니까 하고 싶은 거 다 해 보는 모습이 보기 좋다\\\"는 반응도 보였다.",
				"subjectConsistencyYn": "N"
			}
		],
		"clickbaitClass": 0
	}
}