{
	"sourceDataInfo": {
		"newsID": "ET_M03_494598",
		"newsCategory": "연예",
		"newsSubcategory": "연예가화제",
		"newsTitle": "달라진 레드 카펫...까만 드레스 빛나다",
		"newsSubTitle": "제75회 골든글로브 시상식",
		"newsContent": "레드카펫이 달라졌다.\n제75회 골든글로브 시상식 레드카펫이 블랙으로 물들었다.\n한국 시간으로 8일 오전(미국 현시 지간 7일 오후)미국 LA 베벌리힐튼호텔에서 열리고 있는 올해 골든글로브 시상식 레드카펫에서 여성 스타들은 일제히 블랙 드레스 차림으로 등장했다.\n이는 지난해 거물 제작자 하비 와인스타인 성추문 사태를 시작으로, 폭로가 이어진 할리우드 내 성폭행과 성차별에 항의하는 의미다.\n할리우드 내에서 차별받지 않을 권리에 대해 목소리를 높여온 메릴 스트립과 리즈 위더스푼을 비롯해 안젤리나 졸리, 나탈리 포트먼, 엠마 스톤, 시얼샤 로넌, 마고 로비, 다이앤 크루거, 제인 캠피온 감독 등 대다수 여성 영화인이 블랙 드레스 행렬에 동참했다.\n와인스타인에게 당한 성추행 피해 경험을 폭로했던 애슐리 저드는 시상식에 앞서 트위터에 타임스업(Time’s Up‧이젠 끝났다) 해시태그와 함께 또 다른 해시태그‘우리는 왜 블랙을 입는가(#WhyWeWearBlack)를 달고 “성추행과 성폭력이 심각하고 이제는 그것을 끝장내야 하기 때문에 우리는 블랙을 입는다”고 썼다.\n새해 첫날 할리우드 여성들은 반(反) 성폭력‧성차별 단체‘타임스업’을 결성하고 적극적인 대응 운동에 나섰다.\n7일 골든글로브 시상식에서는 이완 맥그리거, 저스틴 팀버레이크를 비롯한 남성 배우들도 이를 지지하는 의미로‘타임스업’뱃지를 달고 참석하기도 했다.",
		"partNum": "P2",
		"useType": 0,
		"processType": "A",
		"processPattern": "99",
		"processLevel": "하",
		"sentenceCount": 8,
		"processSentencenum": 1,
		"sentenceInfo": [
			{
				"sentenceNo": 1,
				"sentenceContent": "레드카펫이 달라졌다.",
				"sentenceSize": 11
			},
			{
				"sentenceNo": 2,
				"sentenceContent": "제75회 골든글로브 시상식 레드카펫이 블랙으로 물들었다.",
				"sentenceSize": 31
			},
			{
				"sentenceNo": 3,
				"sentenceContent": "한국 시간으로 8일 오전(미국 현시 지간 7일 오후)미국 LA 베벌리힐튼호텔에서 열리고 있는 올해 골든글로브 시상식 레드카펫에서 여성 스타들은 일제히 블랙 드레스 차림으로 등장했다.",
				"sentenceSize": 101
			},
			{
				"sentenceNo": 4,
				"sentenceContent": "이는 지난해 거물 제작자 하비 와인스타인 성추문 사태를 시작으로, 폭로가 이어진 할리우드 내 성폭행과 성차별에 항의하는 의미다.",
				"sentenceSize": 71
			},
			{
				"sentenceNo": 5,
				"sentenceContent": "할리우드 내에서 차별받지 않을 권리에 대해 목소리를 높여온 메릴 스트립과 리즈 위더스푼을 비롯해 안젤리나 졸리, 나탈리 포트먼, 엠마 스톤, 시얼샤 로넌, 마고 로비, 다이앤 크루거, 제인 캠피온 감독 등 대다수 여성 영화인이 블랙 드레스 행렬에 동참했다.",
				"sentenceSize": 143
			},
			{
				"sentenceNo": 6,
				"sentenceContent": "와인스타인에게 당한 성추행 피해 경험을 폭로했던 애슐리 저드는 시상식에 앞서 트위터에 타임스업(Time’s Up‧이젠 끝났다) 해시태그와 함께 또 다른 해시태그‘우리는 왜 블랙을 입는가(#WhyWeWearBlack)를 달고 “성추행과 성폭력이 심각하고 이제는 그것을 끝장내야 하기 때문에 우리는 블랙을 입는다”고 썼다.",
				"sentenceSize": 178
			},
			{
				"sentenceNo": 7,
				"sentenceContent": "새해 첫날 할리우드 여성들은 반(反) 성폭력‧성차별 단체‘타임스업’을 결성하고 적극적인 대응 운동에 나섰다.",
				"sentenceSize": 60
			},
			{
				"sentenceNo": 8,
				"sentenceContent": "7일 골든글로브 시상식에서는 이완 맥그리거, 저스틴 팀버레이크를 비롯한 남성 배우들도 이를 지지하는 의미로‘타임스업’뱃지를 달고 참석하기도 했다.",
				"sentenceSize": 81
			}
		]
	},
	"labeledDataInfo": {
		"processSentenceInfo": [
			{
				"sentenceNo": 1,
				"sentenceContent": "레드카펫이 달라졌다.",
				"subjectConsistencyYn": "Y"
			},
			{
				"sentenceNo": 2,
				"sentenceContent": "제75회 골든글로브 시상식 레드카펫이 블랙으로 물들었다.",
				"subjectConsistencyYn": "Y"
			},
			{
				"sentenceNo": 3,
				"sentenceContent": "한국 시간으로 8일 오전(미국 현시 지간 7일 오후)미국 LA 베벌리힐튼호텔에서 열리고 있는 올해 골든글로브 시상식 레드카펫에서 여성 스타들은 일제히 블랙 드레스 차림으로 등장했다.",
				"subjectConsistencyYn": "Y"
			},
			{
				"sentenceNo": 4,
				"sentenceContent": "이는 지난해 거물 제작자 하비 와인스타인 성추문 사태를 시작으로, 폭로가 이어진 할리우드 내 성폭행과 성차별에 항의하는 의미다.",
				"subjectConsistencyYn": "Y"
			},
			{
				"sentenceNo": 5,
				"sentenceContent": "할리우드 내에서 차별받지 않을 권리에 대해 목소리를 높여온 메릴 스트립과 리즈 위더스푼을 비롯해 안젤리나 졸리, 나탈리 포트먼, 엠마 스톤, 시얼샤 로넌, 마고 로비, 다이앤 크루거, 제인 캠피온 감독 등 대다수 여성 영화인이 블랙 드레스 행렬에 동참했다.",
				"subjectConsistencyYn": "Y"
			},
			{
				"sentenceNo": 6,
				"sentenceContent": "와인스타인에게 당한 성추행 피해 경험을 폭로했던 애슐리 저드는 시상식에 앞서 트위터에 타임스업(Time’s Up‧이젠 끝났다) 해시태그와 함께 또 다른 해시태그‘우리는 왜 블랙을 입는가(#WhyWeWearBlack)를 달고 “성추행과 성폭력이 심각하고 이제는 그것을 끝장내야 하기 때문에 우리는 블랙을 입는다”고 썼다.",
				"subjectConsistencyYn": "Y"
			},
			{
				"sentenceNo": 7,
				"sentenceContent": "새해 첫날 할리우드 여성들은 반(反) 성폭력‧성차별 단체‘타임스업’을 결성하고 적극적인 대응 운동에 나섰다.",
				"subjectConsistencyYn": "Y"
			},
			{
				"sentenceNo": 8,
				"sentenceContent": "박지윤은 '연쇄쇼핑가족'을 통해서 본인의 쇼핑 노하우를 속시원히 이야기할 예정이다.",
				"subjectConsistencyYn": "N"
			},
			{
				"sentenceNo": 9,
				"sentenceContent": "한편 '연쇄쇼핑가족'은 선택장애에 빠진 현대인들의 소비 욕망을 낱낱이 분석하는 신개념 쇼핑 심리토크쇼로 이영자, 박명수, 박지윤, 써니(소녀시대), 박원이 진행을 맡았다.",
				"subjectConsistencyYn": "N"
			}
		],
		"clickbaitClass": 0
	}
}