{
	"sourceDataInfo": {
		"newsID": "ET_M03_494303",
		"newsCategory": "연예",
		"newsSubcategory": "연예가화제",
		"newsTitle": "고현정 '입금 완료'?…'리턴' 논란 후 복귀 앞두고 다이어트 성공",
		"newsSubTitle": "",
		"newsContent": "배우 고현정이 약 9개월 만에 공식 석상에 모습을 드러내 온라인이 뜨겁다.\n다이어트를 성공한 듯한 모습에 네티즌 사이에서는 '입금 완료'라는 우스갯소리도 나왔다.\n고현정 스타일리스트는 14일 인스타그램에 \\\"무사히 잘 끝났습니다\\\"라는 말과 함께 고현정이 담겨 있는 사진 여러 장을 올렸다.\n고현정은 전날 제23회 부산국제영화제 폐막식에 '올해의 배우상' 심사위원 자격으로 참석했다.\n사진 속 고현정은 지난 1월 SBS드라마 '리턴' 제작발표회 때와 비교했을 때 살이 많이 빠져있는 것으로 보인다.\n고현정의 이런 모습에 그의 이름은 사진 공개 다음 날인 15일 오후까지 포털사이트 실시간 검색어에 오르내리고 있다.\n고현정은 앞서 '리턴'에서 제작진과 마찰로 중도 하차했다.\n차기작은 내년 1월 방송 예정인 KBS 2TV 드라마 '동네변호사 조들호2'다.\n배우 박신양과 호흡을 맞출 예정이다.",
		"partNum": "P2",
		"useType": 0,
		"processType": "A",
		"processPattern": "99",
		"processLevel": "하",
		"sentenceCount": 9,
		"processSentencenum": 1,
		"sentenceInfo": [
			{
				"sentenceNo": 1,
				"sentenceContent": "배우 고현정이 약 9개월 만에 공식 석상에 모습을 드러내 온라인이 뜨겁다.",
				"sentenceSize": 41
			},
			{
				"sentenceNo": 2,
				"sentenceContent": "다이어트를 성공한 듯한 모습에 네티즌 사이에서는 '입금 완료'라는 우스갯소리도 나왔다.",
				"sentenceSize": 48
			},
			{
				"sentenceNo": 3,
				"sentenceContent": "고현정 스타일리스트는 14일 인스타그램에 \\\"무사히 잘 끝났습니다\\\"라는 말과 함께 고현정이 담겨 있는 사진 여러 장을 올렸다.",
				"sentenceSize": 71
			},
			{
				"sentenceNo": 4,
				"sentenceContent": "고현정은 전날 제23회 부산국제영화제 폐막식에 '올해의 배우상' 심사위원 자격으로 참석했다.",
				"sentenceSize": 51
			},
			{
				"sentenceNo": 5,
				"sentenceContent": "사진 속 고현정은 지난 1월 SBS드라마 '리턴' 제작발표회 때와 비교했을 때 살이 많이 빠져있는 것으로 보인다.",
				"sentenceSize": 63
			},
			{
				"sentenceNo": 6,
				"sentenceContent": "고현정의 이런 모습에 그의 이름은 사진 공개 다음 날인 15일 오후까지 포털사이트 실시간 검색어에 오르내리고 있다.",
				"sentenceSize": 64
			},
			{
				"sentenceNo": 7,
				"sentenceContent": "고현정은 앞서 '리턴'에서 제작진과 마찰로 중도 하차했다.",
				"sentenceSize": 32
			},
			{
				"sentenceNo": 8,
				"sentenceContent": "차기작은 내년 1월 방송 예정인 KBS 2TV 드라마 '동네변호사 조들호2'다.",
				"sentenceSize": 44
			},
			{
				"sentenceNo": 9,
				"sentenceContent": "배우 박신양과 호흡을 맞출 예정이다.",
				"sentenceSize": 20
			}
		]
	},
	"labeledDataInfo": {
		"processSentenceInfo": [
			{
				"sentenceNo": 1,
				"sentenceContent": "배우 고현정이 약 9개월 만에 공식 석상에 모습을 드러내 온라인이 뜨겁다.",
				"subjectConsistencyYn": "Y"
			},
			{
				"sentenceNo": 2,
				"sentenceContent": "다이어트를 성공한 듯한 모습에 네티즌 사이에서는 '입금 완료'라는 우스갯소리도 나왔다.",
				"subjectConsistencyYn": "Y"
			},
			{
				"sentenceNo": 3,
				"sentenceContent": "고현정 스타일리스트는 14일 인스타그램에 \\\"무사히 잘 끝났습니다\\\"라는 말과 함께 고현정이 담겨 있는 사진 여러 장을 올렸다.",
				"subjectConsistencyYn": "Y"
			},
			{
				"sentenceNo": 4,
				"sentenceContent": "고현정은 전날 제23회 부산국제영화제 폐막식에 '올해의 배우상' 심사위원 자격으로 참석했다.",
				"subjectConsistencyYn": "Y"
			},
			{
				"sentenceNo": 5,
				"sentenceContent": "사진 속 고현정은 지난 1월 SBS드라마 '리턴' 제작발표회 때와 비교했을 때 살이 많이 빠져있는 것으로 보인다.",
				"subjectConsistencyYn": "Y"
			},
			{
				"sentenceNo": 6,
				"sentenceContent": "고현정의 이런 모습에 그의 이름은 사진 공개 다음 날인 15일 오후까지 포털사이트 실시간 검색어에 오르내리고 있다.",
				"subjectConsistencyYn": "Y"
			},
			{
				"sentenceNo": 7,
				"sentenceContent": "고현정은 앞서 '리턴'에서 제작진과 마찰로 중도 하차했다.",
				"subjectConsistencyYn": "Y"
			},
			{
				"sentenceNo": 8,
				"sentenceContent": "차기작은 내년 1월 방송 예정인 KBS 2TV 드라마 '동네변호사 조들호2'다.",
				"subjectConsistencyYn": "Y"
			},
			{
				"sentenceNo": 9,
				"sentenceContent": "편곡에는 프로듀서 ‘Drei’가 함께해 곡의 완성도를 높였다.",
				"subjectConsistencyYn": "N"
			}
		],
		"clickbaitClass": 0
	}
}