{
	"sourceDataInfo": {
		"newsID": "ET_M03_494210",
		"newsCategory": "연예",
		"newsSubcategory": "연예가화제",
		"newsTitle": "김희선 “‘앨리스’ 끝나고 한시간 울어…1인2역 어렵지만 뿌듯”",
		"newsSubTitle": "당당함과 모성애 동시에 보여주며 호평 “SF 어렵지만 쉽게 다가가려 노력했다” 21년 전 ‘토마토’ 활용 스타일링도 화제 “이제 길 알 것 같아…다양한 도전할 것”",
		"newsContent": "“마지막 방송 끝나고 한 시간을 울었어요. 그동안 작품이 끝나면 시원섭섭했는데 이번에는 후회가 많이 남더라고요. 스스로 좀 서운했다고 해야 할까. 다른 분들이 저 때문에 손해 본 것 같은 생각도 들고. 그래도 이렇게 인터뷰 요청이 많은 걸 보면 선방한 거 맞죠? 하하.” 28일 화상으로 만난 배우 김희선(43)이 밝힌 SBS 드라마 ‘앨리스’ 종영 소감이다.\n데뷔 27년 만에 처음으로 1인 2역에 도전했지만 한국대 물리학과 최연소 교수 윤태이와 자신이 만든 시간 여행 때문에 죽음을 맞게 되는 박선영을 오가며 연기하기가 쉽지 않았던 탓이다.\n그는 “드라마 제작 여건을 탓하는 건 아니지만 촬영 장소 대여 및 제작비 등 여러 가지 문제로 시간이 다소 촉박했다”며 “가슴에 아직 선영이가 남아있어서 태이에게 갈 준비가 안 됐는데 2~3시간 안에 두 사람 분량을 연기해야 하는 상황 때문에 조금 아쉬웠다”고 말했다.\n━ “칭찬 감사…앞으로 20대 연기는 못할 듯” 그럼에도 이번 작품을 통해 김희선을 다시 봤다는 시청 후기가 쏟아졌다.\n1999년 최고 시청률 52.7%를 기록한 드라마 ‘토마토’ 시절을 연상케 하는 대학생 시절부터 아들 박진겸(주원)을 지키기 위해 자신의 목숨까지 내놓는 엄마의 모습을 자연스럽게 소화하면서 연기력에 대한 칭찬이 이어진 것. 그는 “나잇대에 맞춰 화장이나 헤어스타일은 물론 목소리 톤까지 다르게 하려고 신경을 많이 썼다”며 “1인 2역은 찍을 때는 힘들어도 한 화면에 같이 나오는 모습을 보니 신기하고 재밌었다”고 말했다. ‘토마토’에서 선보였던 헤어밴드와 곱창밴드 등을 활용하는 것은 백수찬 PD의 아이디어였다고. “‘공룡선생’(1993~1995), ‘미스터Q’(1998), ‘토마토’ 모두 이희명 작가님 작품인데 두 분이 친분이 있더라고요. 백 감독님이 전화해서 ‘형, ‘토마토’ 모습 좀 잠깐 빌려 쓸게’라고 말씀하셨대요. 사실 CG 힘을 빌릴 수도 있었겠지만, 아무래도 그때 제 모습을 기억하는 분들이 많으시잖아요. ‘토마토’ 때랑 똑같다는 말씀을 많이 해주셔서 감사하긴 한데 이제 대학생 연기는 못할 것 같아요. 일단 목소리가 너무 다르고 저 스스로 나이가 들었구나 하고 느껴지더라고요.” ━ “아이 키우는 엄마 입장에서 모성애 집중” 평행세계가 존재한다는 설정 하에 시간여행을 오가는 SF 판타지물이라는 점은 이 작품을 매력적으로 만드는 동시에 어렵게 만드는 요소이기도 했다.\n극 초반에는 휴먼 드라마를 더해 한국적 SF의 가능성을 보여줬지만, 후반부로 갈수록 양자얽힘현상 등 새로운 설정이 계속 추가되면서 진입장벽이 높아졌다.\n시청률도 4회 자체 최고인 10.6%(닐슨코리아 기준)를 기록했지만, 후반부로 갈수록 떨어지면서 16회 9.1%로 종영했다.\n김희선은 “시청률에 불만이 많다. 화제성이 높아서 당연히 15%는 넘을 줄 알았다”며 “미니시리즈 중 1위라는 걸 위안으로 삼았다”고 말했다. “SF도 있고 장르물이긴 하지만 저는 기본적으로 휴먼 드라마라고 생각했어요. 특히 선영이는 모성애가 꼭 살았으면 좋겠다고 생각했죠. 저도 초등학교 5학년 딸을 키우는 엄마 입장에서 아이 혼자 두고 죽는 게 얼마나 가슴 아플까 싶기도 하고. 극 중 슈퍼 블루문이 뜨는 제 생일날이 제가 죽는 날이거든요. 소품팀에서 똑같은 생일 케이크를 20개 정도 준비해 놨더라고요. 도대체 몇 번을 죽었는지…덕분에 저 오래 살 것 같아요. 태이는 물리학 용어들이 좀 어렵긴 했지만, 시청자들과 함께 시간여행에 대한 궁금증을 풀어간다는 느낌으로 연기했어요. 대본 볼 때마다 여기선 왜 그런 거예요 물어보면서.” ━ “시간여행 가능하면 유치원 때로 가고파” 시간여행을 할 수 있다면 언제로 가고 싶냐는 질문에 그는 “현재가 가장 좋다”고 했다.",
		"partNum": "P2",
		"useType": 0,
		"processType": "A",
		"processPattern": "99",
		"processLevel": "하",
		"sentenceCount": 8,
		"processSentencenum": 1,
		"sentenceInfo": [
			{
				"sentenceNo": 1,
				"sentenceContent": "“마지막 방송 끝나고 한 시간을 울었어요. 그동안 작품이 끝나면 시원섭섭했는데 이번에는 후회가 많이 남더라고요. 스스로 좀 서운했다고 해야 할까. 다른 분들이 저 때문에 손해 본 것 같은 생각도 들고. 그래도 이렇게 인터뷰 요청이 많은 걸 보면 선방한 거 맞죠? 하하.” 28일 화상으로 만난 배우 김희선(43)이 밝힌 SBS 드라마 ‘앨리스’ 종영 소감이다.",
				"sentenceSize": 201
			},
			{
				"sentenceNo": 2,
				"sentenceContent": "데뷔 27년 만에 처음으로 1인 2역에 도전했지만 한국대 물리학과 최연소 교수 윤태이와 자신이 만든 시간 여행 때문에 죽음을 맞게 되는 박선영을 오가며 연기하기가 쉽지 않았던 탓이다.",
				"sentenceSize": 102
			},
			{
				"sentenceNo": 3,
				"sentenceContent": "그는 “드라마 제작 여건을 탓하는 건 아니지만 촬영 장소 대여 및 제작비 등 여러 가지 문제로 시간이 다소 촉박했다”며 “가슴에 아직 선영이가 남아있어서 태이에게 갈 준비가 안 됐는데 2~3시간 안에 두 사람 분량을 연기해야 하는 상황 때문에 조금 아쉬웠다”고 말했다.",
				"sentenceSize": 150
			},
			{
				"sentenceNo": 4,
				"sentenceContent": "━ “칭찬 감사…앞으로 20대 연기는 못할 듯” 그럼에도 이번 작품을 통해 김희선을 다시 봤다는 시청 후기가 쏟아졌다.",
				"sentenceSize": 66
			},
			{
				"sentenceNo": 5,
				"sentenceContent": "1999년 최고 시청률 52.7%를 기록한 드라마 ‘토마토’ 시절을 연상케 하는 대학생 시절부터 아들 박진겸(주원)을 지키기 위해 자신의 목숨까지 내놓는 엄마의 모습을 자연스럽게 소화하면서 연기력에 대한 칭찬이 이어진 것. 그는 “나잇대에 맞춰 화장이나 헤어스타일은 물론 목소리 톤까지 다르게 하려고 신경을 많이 썼다”며 “1인 2역은 찍을 때는 힘들어도 한 화면에 같이 나오는 모습을 보니 신기하고 재밌었다”고 말했다. ‘토마토’에서 선보였던 헤어밴드와 곱창밴드 등을 활용하는 것은 백수찬 PD의 아이디어였다고. “‘공룡선생’(1993~1995), ‘미스터Q’(1998), ‘토마토’ 모두 이희명 작가님 작품인데 두 분이 친분이 있더라고요. 백 감독님이 전화해서 ‘형, ‘토마토’ 모습 좀 잠깐 빌려 쓸게’라고 말씀하셨대요. 사실 CG 힘을 빌릴 수도 있었겠지만, 아무래도 그때 제 모습을 기억하는 분들이 많으시잖아요. ‘토마토’ 때랑 똑같다는 말씀을 많이 해주셔서 감사하긴 한데 이제 대학생 연기는 못할 것 같아요. 일단 목소리가 너무 다르고 저 스스로 나이가 들었구나 하고 느껴지더라고요.” ━ “아이 키우는 엄마 입장에서 모성애 집중” 평행세계가 존재한다는 설정 하에 시간여행을 오가는 SF 판타지물이라는 점은 이 작품을 매력적으로 만드는 동시에 어렵게 만드는 요소이기도 했다.",
				"sentenceSize": 663
			},
			{
				"sentenceNo": 6,
				"sentenceContent": "극 초반에는 휴먼 드라마를 더해 한국적 SF의 가능성을 보여줬지만, 후반부로 갈수록 양자얽힘현상 등 새로운 설정이 계속 추가되면서 진입장벽이 높아졌다.",
				"sentenceSize": 84
			},
			{
				"sentenceNo": 7,
				"sentenceContent": "시청률도 4회 자체 최고인 10.6%(닐슨코리아 기준)를 기록했지만, 후반부로 갈수록 떨어지면서 16회 9.1%로 종영했다.",
				"sentenceSize": 69
			},
			{
				"sentenceNo": 8,
				"sentenceContent": "김희선은 “시청률에 불만이 많다. 화제성이 높아서 당연히 15%는 넘을 줄 알았다”며 “미니시리즈 중 1위라는 걸 위안으로 삼았다”고 말했다. “SF도 있고 장르물이긴 하지만 저는 기본적으로 휴먼 드라마라고 생각했어요. 특히 선영이는 모성애가 꼭 살았으면 좋겠다고 생각했죠. 저도 초등학교 5학년 딸을 키우는 엄마 입장에서 아이 혼자 두고 죽는 게 얼마나 가슴 아플까 싶기도 하고. 극 중 슈퍼 블루문이 뜨는 제 생일날이 제가 죽는 날이거든요. 소품팀에서 똑같은 생일 케이크를 20개 정도 준비해 놨더라고요. 도대체 몇 번을 죽었는지…덕분에 저 오래 살 것 같아요. 태이는 물리학 용어들이 좀 어렵긴 했지만, 시청자들과 함께 시간여행에 대한 궁금증을 풀어간다는 느낌으로 연기했어요. 대본 볼 때마다 여기선 왜 그런 거예요 물어보면서.” ━ “시간여행 가능하면 유치원 때로 가고파” 시간여행을 할 수 있다면 언제로 가고 싶냐는 질문에 그는 “현재가 가장 좋다”고 했다.",
				"sentenceSize": 485
			}
		]
	},
	"labeledDataInfo": {
		"processSentenceInfo": [
			{
				"sentenceNo": 1,
				"sentenceContent": "“마지막 방송 끝나고 한 시간을 울었어요. 그동안 작품이 끝나면 시원섭섭했는데 이번에는 후회가 많이 남더라고요. 스스로 좀 서운했다고 해야 할까. 다른 분들이 저 때문에 손해 본 것 같은 생각도 들고. 그래도 이렇게 인터뷰 요청이 많은 걸 보면 선방한 거 맞죠? 하하.” 28일 화상으로 만난 배우 김희선(43)이 밝힌 SBS 드라마 ‘앨리스’ 종영 소감이다.",
				"subjectConsistencyYn": "Y"
			},
			{
				"sentenceNo": 2,
				"sentenceContent": "데뷔 27년 만에 처음으로 1인 2역에 도전했지만 한국대 물리학과 최연소 교수 윤태이와 자신이 만든 시간 여행 때문에 죽음을 맞게 되는 박선영을 오가며 연기하기가 쉽지 않았던 탓이다.",
				"subjectConsistencyYn": "Y"
			},
			{
				"sentenceNo": 3,
				"sentenceContent": "그는 “드라마 제작 여건을 탓하는 건 아니지만 촬영 장소 대여 및 제작비 등 여러 가지 문제로 시간이 다소 촉박했다”며 “가슴에 아직 선영이가 남아있어서 태이에게 갈 준비가 안 됐는데 2~3시간 안에 두 사람 분량을 연기해야 하는 상황 때문에 조금 아쉬웠다”고 말했다.",
				"subjectConsistencyYn": "Y"
			},
			{
				"sentenceNo": 4,
				"sentenceContent": "━ “칭찬 감사…앞으로 20대 연기는 못할 듯” 그럼에도 이번 작품을 통해 김희선을 다시 봤다는 시청 후기가 쏟아졌다.",
				"subjectConsistencyYn": "Y"
			},
			{
				"sentenceNo": 5,
				"sentenceContent": "1999년 최고 시청률 52.7%를 기록한 드라마 ‘토마토’ 시절을 연상케 하는 대학생 시절부터 아들 박진겸(주원)을 지키기 위해 자신의 목숨까지 내놓는 엄마의 모습을 자연스럽게 소화하면서 연기력에 대한 칭찬이 이어진 것. 그는 “나잇대에 맞춰 화장이나 헤어스타일은 물론 목소리 톤까지 다르게 하려고 신경을 많이 썼다”며 “1인 2역은 찍을 때는 힘들어도 한 화면에 같이 나오는 모습을 보니 신기하고 재밌었다”고 말했다. ‘토마토’에서 선보였던 헤어밴드와 곱창밴드 등을 활용하는 것은 백수찬 PD의 아이디어였다고. “‘공룡선생’(1993~1995), ‘미스터Q’(1998), ‘토마토’ 모두 이희명 작가님 작품인데 두 분이 친분이 있더라고요. 백 감독님이 전화해서 ‘형, ‘토마토’ 모습 좀 잠깐 빌려 쓸게’라고 말씀하셨대요. 사실 CG 힘을 빌릴 수도 있었겠지만, 아무래도 그때 제 모습을 기억하는 분들이 많으시잖아요. ‘토마토’ 때랑 똑같다는 말씀을 많이 해주셔서 감사하긴 한데 이제 대학생 연기는 못할 것 같아요. 일단 목소리가 너무 다르고 저 스스로 나이가 들었구나 하고 느껴지더라고요.” ━ “아이 키우는 엄마 입장에서 모성애 집중” 평행세계가 존재한다는 설정 하에 시간여행을 오가는 SF 판타지물이라는 점은 이 작품을 매력적으로 만드는 동시에 어렵게 만드는 요소이기도 했다.",
				"subjectConsistencyYn": "Y"
			},
			{
				"sentenceNo": 6,
				"sentenceContent": "극 초반에는 휴먼 드라마를 더해 한국적 SF의 가능성을 보여줬지만, 후반부로 갈수록 양자얽힘현상 등 새로운 설정이 계속 추가되면서 진입장벽이 높아졌다.",
				"subjectConsistencyYn": "Y"
			},
			{
				"sentenceNo": 7,
				"sentenceContent": "시청률도 4회 자체 최고인 10.6%(닐슨코리아 기준)를 기록했지만, 후반부로 갈수록 떨어지면서 16회 9.1%로 종영했다.",
				"subjectConsistencyYn": "Y"
			},
			{
				"sentenceNo": 8,
				"sentenceContent": "한편, 이천수는 SBS ‘골 때리는 그녀들’에서 FC 원더우먼을 이끄는 감독으로, MBC 에브리원 ‘브래드PT&GYM캐리’에서 아내 심하은의 다이어트를 돕는 구독자로 출연해 활약하고 있다.",
				"subjectConsistencyYn": "N"
			}
		],
		"clickbaitClass": 0
	}
}