{
	"sourceDataInfo": {
		"newsID": "ET_M03_494372",
		"newsCategory": "연예",
		"newsSubcategory": "연예가화제",
		"newsTitle": "'첫 정산' 받은 강다니엘, \\\"돈은 내가 직접 관리한다\\\" 이유 보니",
		"newsSubTitle": "",
		"newsContent": "대한민국에서 가장 핫한 보이그룹 워너원이 '첫 정산'을 받은 일에 대해 언급했다.\n워너원은 29일 방송된 KBS2 예능프로그램 '해피투게더 3'에 출연해 아이돌계 선배 하이라이트와 '돈 관리'에 대해 이야기를 나눴다.\n워너원 황민현은 \\\"첫 정산 금액을 부모님께 다 드렸다\\\"며 \\\"너무 좋아하시더라\\\"고 말했다. '정산'은 무뚝뚝한 부모님 마저 미소를 띠게 했다.\n김재환은 \\\"부모님이 웃음이 많지 않으셨는데 미소를 보이셨다. 여유가 많이 생기셨다\\\"고 말하며 뿌듯해했다.\n배진영 역시 \\\"저도 부모님께 다 드렸다. 어머니한테 금목걸이를 하나 사라고 말씀드렸다\\\"고 밝혔다.\n대부분의 멤버가 처음으로 번 돈을 부모님께 드렸다고 밝힌 가운데 강다니엘은 다른 멤버들과 다른 대답을 내놨다.\n강다니엘은 \\\"돈은 내가 관리하고 용돈을 많이 드렸다\\\"고 운을 뗐다.\n돈을 직접 관리하는 이유에 대해서도 말했다.\n강다니엘은 \\\"아버지가 사업에 실패하신 적이 있다. 내가 빨리 알면 나중에 가정에 도움이 될 것 같아서 내가 한다\\\"고 설명했다.\n이 얘기를 들은 하이라이트 이기광은 \\\"저는 아직까지 어머니가 관리해주신다\\\"고 덧붙였고, 양요섭 역시 \\\"저도 그렇다. 강다니엘이 대단하다\\\"고 칭찬했다.",
		"partNum": "P2",
		"useType": 0,
		"processType": "A",
		"processPattern": "99",
		"processLevel": "하",
		"sentenceCount": 10,
		"processSentencenum": 3,
		"sentenceInfo": [
			{
				"sentenceNo": 1,
				"sentenceContent": "대한민국에서 가장 핫한 보이그룹 워너원이 '첫 정산'을 받은 일에 대해 언급했다.",
				"sentenceSize": 45
			},
			{
				"sentenceNo": 2,
				"sentenceContent": "워너원은 29일 방송된 KBS2 예능프로그램 '해피투게더 3'에 출연해 아이돌계 선배 하이라이트와 '돈 관리'에 대해 이야기를 나눴다.",
				"sentenceSize": 75
			},
			{
				"sentenceNo": 3,
				"sentenceContent": "워너원 황민현은 \\\"첫 정산 금액을 부모님께 다 드렸다\\\"며 \\\"너무 좋아하시더라\\\"고 말했다. '정산'은 무뚝뚝한 부모님 마저 미소를 띠게 했다.",
				"sentenceSize": 82
			},
			{
				"sentenceNo": 4,
				"sentenceContent": "김재환은 \\\"부모님이 웃음이 많지 않으셨는데 미소를 보이셨다. 여유가 많이 생기셨다\\\"고 말하며 뿌듯해했다.",
				"sentenceSize": 60
			},
			{
				"sentenceNo": 5,
				"sentenceContent": "배진영 역시 \\\"저도 부모님께 다 드렸다. 어머니한테 금목걸이를 하나 사라고 말씀드렸다\\\"고 밝혔다.",
				"sentenceSize": 56
			},
			{
				"sentenceNo": 6,
				"sentenceContent": "대부분의 멤버가 처음으로 번 돈을 부모님께 드렸다고 밝힌 가운데 강다니엘은 다른 멤버들과 다른 대답을 내놨다.",
				"sentenceSize": 61
			},
			{
				"sentenceNo": 7,
				"sentenceContent": "강다니엘은 \\\"돈은 내가 관리하고 용돈을 많이 드렸다\\\"고 운을 뗐다.",
				"sentenceSize": 39
			},
			{
				"sentenceNo": 8,
				"sentenceContent": "돈을 직접 관리하는 이유에 대해서도 말했다.",
				"sentenceSize": 24
			},
			{
				"sentenceNo": 9,
				"sentenceContent": "강다니엘은 \\\"아버지가 사업에 실패하신 적이 있다. 내가 빨리 알면 나중에 가정에 도움이 될 것 같아서 내가 한다\\\"고 설명했다.",
				"sentenceSize": 72
			},
			{
				"sentenceNo": 10,
				"sentenceContent": "이 얘기를 들은 하이라이트 이기광은 \\\"저는 아직까지 어머니가 관리해주신다\\\"고 덧붙였고, 양요섭 역시 \\\"저도 그렇다. 강다니엘이 대단하다\\\"고 칭찬했다.",
				"sentenceSize": 87
			}
		]
	},
	"labeledDataInfo": {
		"processSentenceInfo": [
			{
				"sentenceNo": 1,
				"sentenceContent": "대한민국에서 가장 핫한 보이그룹 워너원이 '첫 정산'을 받은 일에 대해 언급했다.",
				"subjectConsistencyYn": "Y"
			},
			{
				"sentenceNo": 2,
				"sentenceContent": "워너원은 29일 방송된 KBS2 예능프로그램 '해피투게더 3'에 출연해 아이돌계 선배 하이라이트와 '돈 관리'에 대해 이야기를 나눴다.",
				"subjectConsistencyYn": "Y"
			},
			{
				"sentenceNo": 3,
				"sentenceContent": "워너원 황민현은 \\\"첫 정산 금액을 부모님께 다 드렸다\\\"며 \\\"너무 좋아하시더라\\\"고 말했다. '정산'은 무뚝뚝한 부모님 마저 미소를 띠게 했다.",
				"subjectConsistencyYn": "Y"
			},
			{
				"sentenceNo": 4,
				"sentenceContent": "김재환은 \\\"부모님이 웃음이 많지 않으셨는데 미소를 보이셨다. 여유가 많이 생기셨다\\\"고 말하며 뿌듯해했다.",
				"subjectConsistencyYn": "Y"
			},
			{
				"sentenceNo": 5,
				"sentenceContent": "배진영 역시 \\\"저도 부모님께 다 드렸다. 어머니한테 금목걸이를 하나 사라고 말씀드렸다\\\"고 밝혔다.",
				"subjectConsistencyYn": "Y"
			},
			{
				"sentenceNo": 6,
				"sentenceContent": "대부분의 멤버가 처음으로 번 돈을 부모님께 드렸다고 밝힌 가운데 강다니엘은 다른 멤버들과 다른 대답을 내놨다.",
				"subjectConsistencyYn": "Y"
			},
			{
				"sentenceNo": 7,
				"sentenceContent": "강다니엘은 \\\"돈은 내가 관리하고 용돈을 많이 드렸다\\\"고 운을 뗐다.",
				"subjectConsistencyYn": "Y"
			},
			{
				"sentenceNo": 8,
				"sentenceContent": "박선영은 날카로운 눈빛으로 연기를 소화해내며 앞으로 무슨 일이 벌어질지 궁금증을 끌어올렸다. ‘엉클’은 누나의 청천벽력 이혼으로 얼결에 초딩조카를 떠맡은 쓰레기루저 뮤지션 삼촌의 코믹 유쾌 성장 생존기다.",
				"subjectConsistencyYn": "N"
			},
			{
				"sentenceNo": 9,
				"sentenceContent": "한편, 박선영이 출연하는 TV CHOSUN 새 토일미니시리즈 ‘엉클’은 매주 토, 일요일 오후 9시에 방송된다.",
				"subjectConsistencyYn": "N"
			}
		],
		"clickbaitClass": 0
	}
}