{
	"sourceDataInfo": {
		"newsID": "ET_M03_494433",
		"newsCategory": "연예",
		"newsSubcategory": "연예가화제",
		"newsTitle": "'사직서 제출' 보도에 배현진, 문자로 전한 현재 상태",
		"newsSubTitle": "",
		"newsContent": "배현진 \\\"현재까지 발령대기 상태…사직서 제출\\\" 배현진(35) MBC 아나운서가 사직서를 낸 것으로 확인됐다.\n8일 연합뉴스에 따르면 배현진 아나운서는 이 매체에 문자 메시지를 보내고 \\\"저는 현재까지 업무 발령대기 상태로 소속부서가 없다\\\"며 \\\"그래서 어제 보도본부장께 직접 사직서를 제출하고 문서 확인하신 것을 전달받았다\\\"고 밝혔다.\n2008년 MBC에 입사한 배현진 아나운서는 '5시 뉴스' '100분 토론' 등 여러 프로그램을 진행했다.\n2010년부터 2017년까지 7년 동안 MBC 간판 뉴스인 '뉴스데스크'를 진행했으며, 지난해 MBC 장기 파업 후 경영진이 교체되고 파업에 참여했던 직원들이 대거 복귀하면서 발령대기 상태가 됐다.\n앞서 7일 한 매체는 배현진 아나운서가 MBC에 사직서를 제출했다고 보도했다.\n이에 김세의 MBC 기자는 이날 자신의 페이스북에 \\\"누구보다도 힘든 시간을 보냈을 배현진 앵커를 이렇게 떠나보내게 돼 너무 마음이 아프다\\\"고 적었다.",
		"partNum": "P2",
		"useType": 0,
		"processType": "A",
		"processPattern": "99",
		"processLevel": "하",
		"sentenceCount": 6,
		"processSentencenum": 1,
		"sentenceInfo": [
			{
				"sentenceNo": 1,
				"sentenceContent": "배현진 \\\"현재까지 발령대기 상태…사직서 제출\\\" 배현진(35) MBC 아나운서가 사직서를 낸 것으로 확인됐다.",
				"sentenceSize": 62
			},
			{
				"sentenceNo": 2,
				"sentenceContent": "8일 연합뉴스에 따르면 배현진 아나운서는 이 매체에 문자 메시지를 보내고 \\\"저는 현재까지 업무 발령대기 상태로 소속부서가 없다\\\"며 \\\"그래서 어제 보도본부장께 직접 사직서를 제출하고 문서 확인하신 것을 전달받았다\\\"고 밝혔다.",
				"sentenceSize": 128
			},
			{
				"sentenceNo": 3,
				"sentenceContent": "2008년 MBC에 입사한 배현진 아나운서는 '5시 뉴스' '100분 토론' 등 여러 프로그램을 진행했다.",
				"sentenceSize": 59
			},
			{
				"sentenceNo": 4,
				"sentenceContent": "2010년부터 2017년까지 7년 동안 MBC 간판 뉴스인 '뉴스데스크'를 진행했으며, 지난해 MBC 장기 파업 후 경영진이 교체되고 파업에 참여했던 직원들이 대거 복귀하면서 발령대기 상태가 됐다.",
				"sentenceSize": 110
			},
			{
				"sentenceNo": 5,
				"sentenceContent": "앞서 7일 한 매체는 배현진 아나운서가 MBC에 사직서를 제출했다고 보도했다.",
				"sentenceSize": 43
			},
			{
				"sentenceNo": 6,
				"sentenceContent": "이에 김세의 MBC 기자는 이날 자신의 페이스북에 \\\"누구보다도 힘든 시간을 보냈을 배현진 앵커를 이렇게 떠나보내게 돼 너무 마음이 아프다\\\"고 적었다.",
				"sentenceSize": 85
			}
		]
	},
	"labeledDataInfo": {
		"processSentenceInfo": [
			{
				"sentenceNo": 1,
				"sentenceContent": "배현진 \\\"현재까지 발령대기 상태…사직서 제출\\\" 배현진(35) MBC 아나운서가 사직서를 낸 것으로 확인됐다.",
				"subjectConsistencyYn": "Y"
			},
			{
				"sentenceNo": 2,
				"sentenceContent": "8일 연합뉴스에 따르면 배현진 아나운서는 이 매체에 문자 메시지를 보내고 \\\"저는 현재까지 업무 발령대기 상태로 소속부서가 없다\\\"며 \\\"그래서 어제 보도본부장께 직접 사직서를 제출하고 문서 확인하신 것을 전달받았다\\\"고 밝혔다.",
				"subjectConsistencyYn": "Y"
			},
			{
				"sentenceNo": 3,
				"sentenceContent": "2008년 MBC에 입사한 배현진 아나운서는 '5시 뉴스' '100분 토론' 등 여러 프로그램을 진행했다.",
				"subjectConsistencyYn": "Y"
			},
			{
				"sentenceNo": 4,
				"sentenceContent": "2010년부터 2017년까지 7년 동안 MBC 간판 뉴스인 '뉴스데스크'를 진행했으며, 지난해 MBC 장기 파업 후 경영진이 교체되고 파업에 참여했던 직원들이 대거 복귀하면서 발령대기 상태가 됐다.",
				"subjectConsistencyYn": "Y"
			},
			{
				"sentenceNo": 5,
				"sentenceContent": "앞서 7일 한 매체는 배현진 아나운서가 MBC에 사직서를 제출했다고 보도했다.",
				"subjectConsistencyYn": "Y"
			},
			{
				"sentenceNo": 6,
				"sentenceContent": "특히 맞춤옷을 입은 듯 더욱 성숙해진 연기력을 선보인 손은서가 성공적인 연기 변신으로 호평을 받은 가운데, 앞으로 그녀가 보여줄 무궁무진한 모습에 많은 기대가 모아지고 있다. ‘별난 며느리 종영’ 온라인 중앙일보",
				"subjectConsistencyYn": "N"
			}
		],
		"clickbaitClass": 0
	}
}