{
	"sourceDataInfo": {
		"newsID": "ET_M03_494429",
		"newsCategory": "연예",
		"newsSubcategory": "연예가화제",
		"newsTitle": "최사랑 “허경영 열애설, 진실 밝힐 것…지지자에 모욕” 9일 기자회견",
		"newsSubTitle": "",
		"newsContent": "허경영 전 민주공화당 총재와 열애설에 휩싸인 가수 최사랑이 입장을 밝힌다. 9일 최사랑 측은 보도자료를 내고 이날 오후 3시 허경영과의 열애설 등에 대한 기자회견을 갖는다고 밝혔다.\n최사랑 측은 “지난 1월 24일 허경영과 최사랑의 열애설이 보도되고 난 뒤 최사랑은 허경영 측 지지자들에게 사실이 아닌 열애를 통해 이익을 노린다는 모욕적인 언사와 위협을 받았다”고 지적했다.\n이어 “허경영 측에서도 열애설에 대해 사실이 아니라고 발표하면서 최사랑은 지지자들 및 대중들에게 허경영을 쫓아다니는 이상한 여자로 인식되며 많은 상처와 명예훼손을 입었다”고 주장했다.\n이에 최사랑 측은 “(이날 기자회견에서) 자신에 대한 억측과 불명예스러운 루머들에 대해 밝히고, 허경영과의 실제 관계에 대한 진실과 최사랑의 입장을 표명할 것”이라고 전했다.\n그러면서 “허경영의 지지자들과 일부 대중의 오해를 풀고, 최사랑에 대한 위협을 멈추고자 호소하려 한다”고 강조했다.\n앞서 최사랑은 모 언론들과의 인터뷰에서 허경영과의 열애설은 사실이었다면서도 현재는 결별 상태라고 밝혔다.",
		"partNum": "P2",
		"useType": 0,
		"processType": "A",
		"processPattern": "99",
		"processLevel": "하",
		"sentenceCount": 6,
		"processSentencenum": 1,
		"sentenceInfo": [
			{
				"sentenceNo": 1,
				"sentenceContent": "허경영 전 민주공화당 총재와 열애설에 휩싸인 가수 최사랑이 입장을 밝힌다. 9일 최사랑 측은 보도자료를 내고 이날 오후 3시 허경영과의 열애설 등에 대한 기자회견을 갖는다고 밝혔다.",
				"sentenceSize": 101
			},
			{
				"sentenceNo": 2,
				"sentenceContent": "최사랑 측은 “지난 1월 24일 허경영과 최사랑의 열애설이 보도되고 난 뒤 최사랑은 허경영 측 지지자들에게 사실이 아닌 열애를 통해 이익을 노린다는 모욕적인 언사와 위협을 받았다”고 지적했다.",
				"sentenceSize": 107
			},
			{
				"sentenceNo": 3,
				"sentenceContent": "이어 “허경영 측에서도 열애설에 대해 사실이 아니라고 발표하면서 최사랑은 지지자들 및 대중들에게 허경영을 쫓아다니는 이상한 여자로 인식되며 많은 상처와 명예훼손을 입었다”고 주장했다.",
				"sentenceSize": 102
			},
			{
				"sentenceNo": 4,
				"sentenceContent": "이에 최사랑 측은 “(이날 기자회견에서) 자신에 대한 억측과 불명예스러운 루머들에 대해 밝히고, 허경영과의 실제 관계에 대한 진실과 최사랑의 입장을 표명할 것”이라고 전했다.",
				"sentenceSize": 97
			},
			{
				"sentenceNo": 5,
				"sentenceContent": "그러면서 “허경영의 지지자들과 일부 대중의 오해를 풀고, 최사랑에 대한 위협을 멈추고자 호소하려 한다”고 강조했다.",
				"sentenceSize": 64
			},
			{
				"sentenceNo": 6,
				"sentenceContent": "앞서 최사랑은 모 언론들과의 인터뷰에서 허경영과의 열애설은 사실이었다면서도 현재는 결별 상태라고 밝혔다.",
				"sentenceSize": 58
			}
		]
	},
	"labeledDataInfo": {
		"processSentenceInfo": [
			{
				"sentenceNo": 1,
				"sentenceContent": "허경영 전 민주공화당 총재와 열애설에 휩싸인 가수 최사랑이 입장을 밝힌다. 9일 최사랑 측은 보도자료를 내고 이날 오후 3시 허경영과의 열애설 등에 대한 기자회견을 갖는다고 밝혔다.",
				"subjectConsistencyYn": "Y"
			},
			{
				"sentenceNo": 2,
				"sentenceContent": "최사랑 측은 “지난 1월 24일 허경영과 최사랑의 열애설이 보도되고 난 뒤 최사랑은 허경영 측 지지자들에게 사실이 아닌 열애를 통해 이익을 노린다는 모욕적인 언사와 위협을 받았다”고 지적했다.",
				"subjectConsistencyYn": "Y"
			},
			{
				"sentenceNo": 3,
				"sentenceContent": "이어 “허경영 측에서도 열애설에 대해 사실이 아니라고 발표하면서 최사랑은 지지자들 및 대중들에게 허경영을 쫓아다니는 이상한 여자로 인식되며 많은 상처와 명예훼손을 입었다”고 주장했다.",
				"subjectConsistencyYn": "Y"
			},
			{
				"sentenceNo": 4,
				"sentenceContent": "이에 최사랑 측은 “(이날 기자회견에서) 자신에 대한 억측과 불명예스러운 루머들에 대해 밝히고, 허경영과의 실제 관계에 대한 진실과 최사랑의 입장을 표명할 것”이라고 전했다.",
				"subjectConsistencyYn": "Y"
			},
			{
				"sentenceNo": 5,
				"sentenceContent": "그러면서 “허경영의 지지자들과 일부 대중의 오해를 풀고, 최사랑에 대한 위협을 멈추고자 호소하려 한다”고 강조했다.",
				"subjectConsistencyYn": "Y"
			},
			{
				"sentenceNo": 6,
				"sentenceContent": "이날 방송을 본 네티즌들은 “식사하셨서요 이정진, 귀엽다” “식사하셨서요 이정진, 맛집투어라니 멋있다” “식사하셨서요 이정진, 잘생겼네” 등의 반응을 보였다. ‘식사하셨어요 이정진’ [사진 SBS '식사하셨어요' 캡처] ‘식사하셨어요 이정진’",
				"subjectConsistencyYn": "N"
			}
		],
		"clickbaitClass": 0
	}
}