{
	"sourceDataInfo": {
		"newsID": "ET_M03_494462",
		"newsCategory": "연예",
		"newsSubcategory": "연예가화제",
		"newsTitle": "'조민기 성추행' 피해자 5명 진술 확보…경찰 소환 임박한 듯",
		"newsSubTitle": "",
		"newsContent": "경찰이 배우 겸 대학교수 조민기(52)씨에게 성추행을 당했다는 피해자 진술을 확보해 수사에 속도를 내고 있다.\n충북지방경찰청은 26일 조씨에게 성추행 등 피해를 봤다는 학과 졸업생 5명의 진술을 확보해 수사하고 있다고 밝혔다.\n조씨에 대한 미투 선언이 잇따르자 내사에 착수한 경찰은 지난주 정식 수사로 전환했다.\n경찰은 피해 진술을 추가로 확보한 뒤 범죄 혐의가 구체적으로 드러나면 조씨를 입건할 방침이다.\n지난 20일 새벽 디씨인사이드 사이트에 익명 게시글 작성자는 \\\"청주의 한 대학 연극학과 교수가 수년간 여학생들을 성추행했다\\\"고 폭로했다.\n이후 페이스북 등에 조 전 교수에게 성추행을 당했다는 졸업생들 폭로가 이어졌다.\n조씨는 2004년 대학 겸임교수를 시작으로 2010년 연극학과 조교수로 부임해 지난해까지 학생을 가르쳤다.",
		"partNum": "P2",
		"useType": 0,
		"processType": "A",
		"processPattern": "99",
		"processLevel": "하",
		"sentenceCount": 7,
		"processSentencenum": 2,
		"sentenceInfo": [
			{
				"sentenceNo": 1,
				"sentenceContent": "경찰이 배우 겸 대학교수 조민기(52)씨에게 성추행을 당했다는 피해자 진술을 확보해 수사에 속도를 내고 있다.",
				"sentenceSize": 61
			},
			{
				"sentenceNo": 2,
				"sentenceContent": "충북지방경찰청은 26일 조씨에게 성추행 등 피해를 봤다는 학과 졸업생 5명의 진술을 확보해 수사하고 있다고 밝혔다.",
				"sentenceSize": 64
			},
			{
				"sentenceNo": 3,
				"sentenceContent": "조씨에 대한 미투 선언이 잇따르자 내사에 착수한 경찰은 지난주 정식 수사로 전환했다.",
				"sentenceSize": 47
			},
			{
				"sentenceNo": 4,
				"sentenceContent": "경찰은 피해 진술을 추가로 확보한 뒤 범죄 혐의가 구체적으로 드러나면 조씨를 입건할 방침이다.",
				"sentenceSize": 52
			},
			{
				"sentenceNo": 5,
				"sentenceContent": "지난 20일 새벽 디씨인사이드 사이트에 익명 게시글 작성자는 \\\"청주의 한 대학 연극학과 교수가 수년간 여학생들을 성추행했다\\\"고 폭로했다.",
				"sentenceSize": 78
			},
			{
				"sentenceNo": 6,
				"sentenceContent": "이후 페이스북 등에 조 전 교수에게 성추행을 당했다는 졸업생들 폭로가 이어졌다.",
				"sentenceSize": 44
			},
			{
				"sentenceNo": 7,
				"sentenceContent": "조씨는 2004년 대학 겸임교수를 시작으로 2010년 연극학과 조교수로 부임해 지난해까지 학생을 가르쳤다.",
				"sentenceSize": 59
			}
		]
	},
	"labeledDataInfo": {
		"processSentenceInfo": [
			{
				"sentenceNo": 1,
				"sentenceContent": "경찰이 배우 겸 대학교수 조민기(52)씨에게 성추행을 당했다는 피해자 진술을 확보해 수사에 속도를 내고 있다.",
				"subjectConsistencyYn": "Y"
			},
			{
				"sentenceNo": 2,
				"sentenceContent": "충북지방경찰청은 26일 조씨에게 성추행 등 피해를 봤다는 학과 졸업생 5명의 진술을 확보해 수사하고 있다고 밝혔다.",
				"subjectConsistencyYn": "Y"
			},
			{
				"sentenceNo": 3,
				"sentenceContent": "조씨에 대한 미투 선언이 잇따르자 내사에 착수한 경찰은 지난주 정식 수사로 전환했다.",
				"subjectConsistencyYn": "Y"
			},
			{
				"sentenceNo": 4,
				"sentenceContent": "경찰은 피해 진술을 추가로 확보한 뒤 범죄 혐의가 구체적으로 드러나면 조씨를 입건할 방침이다.",
				"subjectConsistencyYn": "Y"
			},
			{
				"sentenceNo": 5,
				"sentenceContent": "지난 20일 새벽 디씨인사이드 사이트에 익명 게시글 작성자는 \\\"청주의 한 대학 연극학과 교수가 수년간 여학생들을 성추행했다\\\"고 폭로했다.",
				"subjectConsistencyYn": "Y"
			},
			{
				"sentenceNo": 6,
				"sentenceContent": "전작이 남긴 오랜 미스터리 ‘데커드는 인간이냐, 리플리컨트냐’에 대한 의문은 풀릴까.",
				"subjectConsistencyYn": "N"
			},
			{
				"sentenceNo": 7,
				"sentenceContent": "빌뇌브 감독은 “원작 소설을 읽으며 블레이드 러너와 리플리컨트의 복잡한 관계, 그들의 모호한 정체성에 매료됐었다. 나 역시 명확히 해답을 내리기보다는 의구심을 남기는 영화를 선호하는 편”이라며 직접적인 답을 피했다. ‘블레이드 러너 2049’는 블레이드 러너 K(라이언 고슬링)가 자신의 비밀을 풀기 위해 옛 블레이드 러너 데커드(해리슨 포드)를 찾아 나서며 벌어지는 이야기를 그릴 예정. 영화는 10월 12일 국내 개봉을 앞두고 있다.",
				"subjectConsistencyYn": "N"
			}
		],
		"clickbaitClass": 0
	}
}