{
	"sourceDataInfo": {
		"newsID": "ET_M03_494573",
		"newsCategory": "연예",
		"newsSubcategory": "연예가화제",
		"newsTitle": "선배의 무대에 홀로 '기립박수' 친 '대상 가수' 아이유",
		"newsSubTitle": "",
		"newsContent": "'대상 가수' 아이유가 선배 윤종신의 열창에 홀로 기립박수를 치는 모습이 포착됐다.\n10일 경기도 일산 킨텍스에서 제32회 골든디스크 디지털 음원 부문 시상식이 열렸다.\n이날 아이유의 '밤편지'가 대상을 탄 가운데 아이유를 비롯 방탄소년단, 트와이스, 레드벨벳, 볼빨간 사춘기, 악동뮤지션 등이 본상을 받았다.\n11팀이 본상을 받은 가운데 눈에 띄는 가수가 있었다.\n바로 40대 가수 윤종신이었다.\n윤종신은 최근 공개한 디지털 음원 '좋니'로 본상을 수상, 열띤 무대를 꾸몄다.\n아이유는 '대선배' 윤종신이 '좋니'를 열창하자 가수석에서 홀로 일어나 기립박수를 쳤고 이 모습은 현장에 있던 한 팬의 카메라에 담겨 온라인 상에 공개됐다.\n모든 아이돌들이 앉아 있는 가운데 홀로 우뚝 서서 무대를 향해 박수를 보내는 아이유의 모습은 보는 이들에게 감동을 주고 있다.\n한편 윤종신은 이날 수상 소감에서 \\\"'좋니'를 열창해주신 많은 구 남친들에게 감사하다\\\"고 밝혀 웃음을 자아냈다.\n또, 시상식 이후 자신의 인스타그램에 \\\"감사합니다. 그리고 미안해요. 어른이 너무 나서서\\\"라는 말을 남기기도 했다.",
		"partNum": "P2",
		"useType": 0,
		"processType": "A",
		"processPattern": "99",
		"processLevel": "하",
		"sentenceCount": 10,
		"processSentencenum": 1,
		"sentenceInfo": [
			{
				"sentenceNo": 1,
				"sentenceContent": "'대상 가수' 아이유가 선배 윤종신의 열창에 홀로 기립박수를 치는 모습이 포착됐다.",
				"sentenceSize": 46
			},
			{
				"sentenceNo": 2,
				"sentenceContent": "10일 경기도 일산 킨텍스에서 제32회 골든디스크 디지털 음원 부문 시상식이 열렸다.",
				"sentenceSize": 47
			},
			{
				"sentenceNo": 3,
				"sentenceContent": "이날 아이유의 '밤편지'가 대상을 탄 가운데 아이유를 비롯 방탄소년단, 트와이스, 레드벨벳, 볼빨간 사춘기, 악동뮤지션 등이 본상을 받았다.",
				"sentenceSize": 78
			},
			{
				"sentenceNo": 4,
				"sentenceContent": "11팀이 본상을 받은 가운데 눈에 띄는 가수가 있었다.",
				"sentenceSize": 30
			},
			{
				"sentenceNo": 5,
				"sentenceContent": "바로 40대 가수 윤종신이었다.",
				"sentenceSize": 17
			},
			{
				"sentenceNo": 6,
				"sentenceContent": "윤종신은 최근 공개한 디지털 음원 '좋니'로 본상을 수상, 열띤 무대를 꾸몄다.",
				"sentenceSize": 44
			},
			{
				"sentenceNo": 7,
				"sentenceContent": "아이유는 '대선배' 윤종신이 '좋니'를 열창하자 가수석에서 홀로 일어나 기립박수를 쳤고 이 모습은 현장에 있던 한 팬의 카메라에 담겨 온라인 상에 공개됐다.",
				"sentenceSize": 87
			},
			{
				"sentenceNo": 8,
				"sentenceContent": "모든 아이돌들이 앉아 있는 가운데 홀로 우뚝 서서 무대를 향해 박수를 보내는 아이유의 모습은 보는 이들에게 감동을 주고 있다.",
				"sentenceSize": 70
			},
			{
				"sentenceNo": 9,
				"sentenceContent": "한편 윤종신은 이날 수상 소감에서 \\\"'좋니'를 열창해주신 많은 구 남친들에게 감사하다\\\"고 밝혀 웃음을 자아냈다.",
				"sentenceSize": 64
			},
			{
				"sentenceNo": 10,
				"sentenceContent": "또, 시상식 이후 자신의 인스타그램에 \\\"감사합니다. 그리고 미안해요. 어른이 너무 나서서\\\"라는 말을 남기기도 했다.",
				"sentenceSize": 66
			}
		]
	},
	"labeledDataInfo": {
		"processSentenceInfo": [
			{
				"sentenceNo": 1,
				"sentenceContent": "'대상 가수' 아이유가 선배 윤종신의 열창에 홀로 기립박수를 치는 모습이 포착됐다.",
				"subjectConsistencyYn": "Y"
			},
			{
				"sentenceNo": 2,
				"sentenceContent": "10일 경기도 일산 킨텍스에서 제32회 골든디스크 디지털 음원 부문 시상식이 열렸다.",
				"subjectConsistencyYn": "Y"
			},
			{
				"sentenceNo": 3,
				"sentenceContent": "이날 아이유의 '밤편지'가 대상을 탄 가운데 아이유를 비롯 방탄소년단, 트와이스, 레드벨벳, 볼빨간 사춘기, 악동뮤지션 등이 본상을 받았다.",
				"subjectConsistencyYn": "Y"
			},
			{
				"sentenceNo": 4,
				"sentenceContent": "11팀이 본상을 받은 가운데 눈에 띄는 가수가 있었다.",
				"subjectConsistencyYn": "Y"
			},
			{
				"sentenceNo": 5,
				"sentenceContent": "바로 40대 가수 윤종신이었다.",
				"subjectConsistencyYn": "Y"
			},
			{
				"sentenceNo": 6,
				"sentenceContent": "윤종신은 최근 공개한 디지털 음원 '좋니'로 본상을 수상, 열띤 무대를 꾸몄다.",
				"subjectConsistencyYn": "Y"
			},
			{
				"sentenceNo": 7,
				"sentenceContent": "아이유는 '대선배' 윤종신이 '좋니'를 열창하자 가수석에서 홀로 일어나 기립박수를 쳤고 이 모습은 현장에 있던 한 팬의 카메라에 담겨 온라인 상에 공개됐다.",
				"subjectConsistencyYn": "Y"
			},
			{
				"sentenceNo": 8,
				"sentenceContent": "모든 아이돌들이 앉아 있는 가운데 홀로 우뚝 서서 무대를 향해 박수를 보내는 아이유의 모습은 보는 이들에게 감동을 주고 있다.",
				"subjectConsistencyYn": "Y"
			},
			{
				"sentenceNo": 9,
				"sentenceContent": "한편 윤종신은 이날 수상 소감에서 \\\"'좋니'를 열창해주신 많은 구 남친들에게 감사하다\\\"고 밝혀 웃음을 자아냈다.",
				"subjectConsistencyYn": "Y"
			},
			{
				"sentenceNo": 10,
				"sentenceContent": "이날 조정민은 \\\"1승을 해보는 게 목표다. 열심히 하겠다\\\"면서 가수 왁스의 '오빠'를 선곡했다.",
				"subjectConsistencyYn": "N"
			}
		],
		"clickbaitClass": 0
	}
}