{
	"sourceDataInfo": {
		"newsID": "ET_M03_494531",
		"newsCategory": "연예",
		"newsSubcategory": "연예가화제",
		"newsTitle": "기안84가 '복학왕' 수요 웹툰 1위서 밀리자 내놓은 '특급' 비책",
		"newsSubTitle": "",
		"newsContent": "웹툰 작가 기안84(본명 김희민)가 자신이 포털 사이트 네이버 웹툰에 수요일마다 연재하고 있는 웹툰 『복학왕』에 등장한 방송인 전현무·한혜진을 언급했다.\n26일 오후 방송된 MBC '나 혼자 산다'에서 무지개 회원들은 기안84의 근황을 두고 얘기를 나눴다.\n전현무는 \\\"기안84가 최근 화장품 광고를 찍었다\\\"며 추켜세웠다.\n기안84는 \\\"조만간 회식 한 번 하자\\\"며 거들먹거렸다.\n대화를 이어가던 중 전현무는 \\\"좋은 일이 있으면 또 나쁜 일도 있다고 기안84의 『복학왕』이 수요 웹툰 1위 자리를 밀렸다고 한다\\\"고 했다.\n기안84는 \\\"4년 동안 1위였는데 좀 떨어졌다\\\"고 아쉬워했다.\n그러자 배우 이시언은 최근 『복학왕』에서 전현무·한혜진이 등장했음을 언급했다.\n이시언은 \\\"이 두 사람이 나온 이유는 (기안84가) 그만큼 힘들다는 뜻이다\\\"라고 했다.\n한혜진은 \\\"아무리 힘들어도 그렇지\\\"라고 기안84를 타박했다.\n회원들은 만화에서 우스꽝스럽게 등장한 전현무와 한혜진을 보며 크게 웃었다.",
		"partNum": "P2",
		"useType": 0,
		"processType": "A",
		"processPattern": "99",
		"processLevel": "하",
		"sentenceCount": 10,
		"processSentencenum": 3,
		"sentenceInfo": [
			{
				"sentenceNo": 1,
				"sentenceContent": "웹툰 작가 기안84(본명 김희민)가 자신이 포털 사이트 네이버 웹툰에 수요일마다 연재하고 있는 웹툰 『복학왕』에 등장한 방송인 전현무·한혜진을 언급했다.",
				"sentenceSize": 85
			},
			{
				"sentenceNo": 2,
				"sentenceContent": "26일 오후 방송된 MBC '나 혼자 산다'에서 무지개 회원들은 기안84의 근황을 두고 얘기를 나눴다.",
				"sentenceSize": 57
			},
			{
				"sentenceNo": 3,
				"sentenceContent": "전현무는 \\\"기안84가 최근 화장품 광고를 찍었다\\\"며 추켜세웠다.",
				"sentenceSize": 37
			},
			{
				"sentenceNo": 4,
				"sentenceContent": "기안84는 \\\"조만간 회식 한 번 하자\\\"며 거들먹거렸다.",
				"sentenceSize": 32
			},
			{
				"sentenceNo": 5,
				"sentenceContent": "대화를 이어가던 중 전현무는 \\\"좋은 일이 있으면 또 나쁜 일도 있다고 기안84의 『복학왕』이 수요 웹툰 1위 자리를 밀렸다고 한다\\\"고 했다.",
				"sentenceSize": 80
			},
			{
				"sentenceNo": 6,
				"sentenceContent": "기안84는 \\\"4년 동안 1위였는데 좀 떨어졌다\\\"고 아쉬워했다.",
				"sentenceSize": 36
			},
			{
				"sentenceNo": 7,
				"sentenceContent": "그러자 배우 이시언은 최근 『복학왕』에서 전현무·한혜진이 등장했음을 언급했다.",
				"sentenceSize": 43
			},
			{
				"sentenceNo": 8,
				"sentenceContent": "이시언은 \\\"이 두 사람이 나온 이유는 (기안84가) 그만큼 힘들다는 뜻이다\\\"라고 했다.",
				"sentenceSize": 50
			},
			{
				"sentenceNo": 9,
				"sentenceContent": "한혜진은 \\\"아무리 힘들어도 그렇지\\\"라고 기안84를 타박했다.",
				"sentenceSize": 35
			},
			{
				"sentenceNo": 10,
				"sentenceContent": "회원들은 만화에서 우스꽝스럽게 등장한 전현무와 한혜진을 보며 크게 웃었다.",
				"sentenceSize": 41
			}
		]
	},
	"labeledDataInfo": {
		"processSentenceInfo": [
			{
				"sentenceNo": 1,
				"sentenceContent": "웹툰 작가 기안84(본명 김희민)가 자신이 포털 사이트 네이버 웹툰에 수요일마다 연재하고 있는 웹툰 『복학왕』에 등장한 방송인 전현무·한혜진을 언급했다.",
				"subjectConsistencyYn": "Y"
			},
			{
				"sentenceNo": 2,
				"sentenceContent": "26일 오후 방송된 MBC '나 혼자 산다'에서 무지개 회원들은 기안84의 근황을 두고 얘기를 나눴다.",
				"subjectConsistencyYn": "Y"
			},
			{
				"sentenceNo": 3,
				"sentenceContent": "전현무는 \\\"기안84가 최근 화장품 광고를 찍었다\\\"며 추켜세웠다.",
				"subjectConsistencyYn": "Y"
			},
			{
				"sentenceNo": 4,
				"sentenceContent": "기안84는 \\\"조만간 회식 한 번 하자\\\"며 거들먹거렸다.",
				"subjectConsistencyYn": "Y"
			},
			{
				"sentenceNo": 5,
				"sentenceContent": "대화를 이어가던 중 전현무는 \\\"좋은 일이 있으면 또 나쁜 일도 있다고 기안84의 『복학왕』이 수요 웹툰 1위 자리를 밀렸다고 한다\\\"고 했다.",
				"subjectConsistencyYn": "Y"
			},
			{
				"sentenceNo": 6,
				"sentenceContent": "기안84는 \\\"4년 동안 1위였는데 좀 떨어졌다\\\"고 아쉬워했다.",
				"subjectConsistencyYn": "Y"
			},
			{
				"sentenceNo": 7,
				"sentenceContent": "그러자 배우 이시언은 최근 『복학왕』에서 전현무·한혜진이 등장했음을 언급했다.",
				"subjectConsistencyYn": "Y"
			},
			{
				"sentenceNo": 8,
				"sentenceContent": "인기상은 100% 팬 투표로 결정되는 의미 있는 상인 만큼 음악 팬들의 뜨거운 관심이 이어지고 있다.",
				"subjectConsistencyYn": "N"
			},
			{
				"sentenceNo": 9,
				"sentenceContent": "시상식 티켓은 하나티켓에서 단독 판매된다.",
				"subjectConsistencyYn": "N"
			}
		],
		"clickbaitClass": 0
	}
}