{
	"sourceDataInfo": {
		"newsID": "ET_M03_494563",
		"newsCategory": "연예",
		"newsSubcategory": "연예가화제",
		"newsTitle": "‘형이 왜 여기서 나와’…기상캐스터로 변신한 조세호",
		"newsSubTitle": "",
		"newsContent": "개그맨 조세호가 MBC 아침 뉴스 기상캐스터로 깜짝 변신했다.\n12일 오전 방송된 MBC ‘뉴스투데이’의 박경추 아나운서는 6시 48분쯤 “서울 최저기온이 영하 15도까지 떨어지면서 올겨울 최악의 한파가 찾아왔다. 특별한 일일 기상캐스터 한 분을 모셨다”며 조세호를 소개했다.\n추운 날씨에 상기된 얼굴의 조세호는 “오늘같이 추운 날 여러분께 날씨를 전달해드리면 좋지 않을까 하는 생각에 한걸음에 뛰어나왔다”고 기상캐스터로 나선 이유를 설명했다.\n이른 아침 생방송 탓인지 조세호는 현장 상황을 전하며 다소 긴장한 듯한 모습이었다.\nCG로 전국 한파 상황이 전해지고 있었으나 그는 이미 횡성과 파주, 전주의 기온을 모두 전한 후였다.\n조세호는 또 “오늘은 다른 때보다 유독 혹시 외출을 마치고 돌아오는 가족들에게는 조금 더 따뜻하게 오늘 하루 정말 추운 날씨에 고생 많았다고 따뜻한 말 한마디를 건네주신다면 좀 더 따뜻한 밤을 보낼 수 있지 않을까 하는 생각을 해 보고 있고요”라며 유독 ‘따뜻’이라는 말을 반복하기도 했다.\n하지만 7시쯤 다시 등장한 조세호는 이전보다 훨씬 안정된 모습이었다. ‘동장군’ 분장을 하고 나온 조세호는 추운 날씨를 표현하기 위해 소품까지 준비했다.\n그는 “불과 30분 전 물에 젖은 청바지를 야외에 내놓아봤다. 그런데 이렇게 얼어붙었다”며 꽁꽁 언 청바지를 땅에 내리치며 강추위를 시청자들에게 고스란히 전했다.\n이어 “오늘 하루 정말 주변 친구들에게 이 추운 날 ‘잘 지내니’라는 따뜻한 문자 한마디 어떨까 생각해봅니다”라며 날씨 방송을 마쳤다.\n조세호의 이번 기상캐스터 변신은 MBC 예능프로그램 ‘무한도전’의 일환으로 전해졌다.",
		"partNum": "P2",
		"useType": 0,
		"processType": "A",
		"processPattern": "99",
		"processLevel": "하",
		"sentenceCount": 10,
		"processSentencenum": 3,
		"sentenceInfo": [
			{
				"sentenceNo": 1,
				"sentenceContent": "개그맨 조세호가 MBC 아침 뉴스 기상캐스터로 깜짝 변신했다.",
				"sentenceSize": 34
			},
			{
				"sentenceNo": 2,
				"sentenceContent": "12일 오전 방송된 MBC ‘뉴스투데이’의 박경추 아나운서는 6시 48분쯤 “서울 최저기온이 영하 15도까지 떨어지면서 올겨울 최악의 한파가 찾아왔다. 특별한 일일 기상캐스터 한 분을 모셨다”며 조세호를 소개했다.",
				"sentenceSize": 119
			},
			{
				"sentenceNo": 3,
				"sentenceContent": "추운 날씨에 상기된 얼굴의 조세호는 “오늘같이 추운 날 여러분께 날씨를 전달해드리면 좋지 않을까 하는 생각에 한걸음에 뛰어나왔다”고 기상캐스터로 나선 이유를 설명했다.",
				"sentenceSize": 93
			},
			{
				"sentenceNo": 4,
				"sentenceContent": "이른 아침 생방송 탓인지 조세호는 현장 상황을 전하며 다소 긴장한 듯한 모습이었다.",
				"sentenceSize": 46
			},
			{
				"sentenceNo": 5,
				"sentenceContent": "CG로 전국 한파 상황이 전해지고 있었으나 그는 이미 횡성과 파주, 전주의 기온을 모두 전한 후였다.",
				"sentenceSize": 56
			},
			{
				"sentenceNo": 6,
				"sentenceContent": "조세호는 또 “오늘은 다른 때보다 유독 혹시 외출을 마치고 돌아오는 가족들에게는 조금 더 따뜻하게 오늘 하루 정말 추운 날씨에 고생 많았다고 따뜻한 말 한마디를 건네주신다면 좀 더 따뜻한 밤을 보낼 수 있지 않을까 하는 생각을 해 보고 있고요”라며 유독 ‘따뜻’이라는 말을 반복하기도 했다.",
				"sentenceSize": 162
			},
			{
				"sentenceNo": 7,
				"sentenceContent": "하지만 7시쯤 다시 등장한 조세호는 이전보다 훨씬 안정된 모습이었다. ‘동장군’ 분장을 하고 나온 조세호는 추운 날씨를 표현하기 위해 소품까지 준비했다.",
				"sentenceSize": 85
			},
			{
				"sentenceNo": 8,
				"sentenceContent": "그는 “불과 30분 전 물에 젖은 청바지를 야외에 내놓아봤다. 그런데 이렇게 얼어붙었다”며 꽁꽁 언 청바지를 땅에 내리치며 강추위를 시청자들에게 고스란히 전했다.",
				"sentenceSize": 90
			},
			{
				"sentenceNo": 9,
				"sentenceContent": "이어 “오늘 하루 정말 주변 친구들에게 이 추운 날 ‘잘 지내니’라는 따뜻한 문자 한마디 어떨까 생각해봅니다”라며 날씨 방송을 마쳤다.",
				"sentenceSize": 75
			},
			{
				"sentenceNo": 10,
				"sentenceContent": "조세호의 이번 기상캐스터 변신은 MBC 예능프로그램 ‘무한도전’의 일환으로 전해졌다.",
				"sentenceSize": 47
			}
		]
	},
	"labeledDataInfo": {
		"processSentenceInfo": [
			{
				"sentenceNo": 1,
				"sentenceContent": "개그맨 조세호가 MBC 아침 뉴스 기상캐스터로 깜짝 변신했다.",
				"subjectConsistencyYn": "Y"
			},
			{
				"sentenceNo": 2,
				"sentenceContent": "12일 오전 방송된 MBC ‘뉴스투데이’의 박경추 아나운서는 6시 48분쯤 “서울 최저기온이 영하 15도까지 떨어지면서 올겨울 최악의 한파가 찾아왔다. 특별한 일일 기상캐스터 한 분을 모셨다”며 조세호를 소개했다.",
				"subjectConsistencyYn": "Y"
			},
			{
				"sentenceNo": 3,
				"sentenceContent": "추운 날씨에 상기된 얼굴의 조세호는 “오늘같이 추운 날 여러분께 날씨를 전달해드리면 좋지 않을까 하는 생각에 한걸음에 뛰어나왔다”고 기상캐스터로 나선 이유를 설명했다.",
				"subjectConsistencyYn": "Y"
			},
			{
				"sentenceNo": 4,
				"sentenceContent": "이른 아침 생방송 탓인지 조세호는 현장 상황을 전하며 다소 긴장한 듯한 모습이었다.",
				"subjectConsistencyYn": "Y"
			},
			{
				"sentenceNo": 5,
				"sentenceContent": "CG로 전국 한파 상황이 전해지고 있었으나 그는 이미 횡성과 파주, 전주의 기온을 모두 전한 후였다.",
				"subjectConsistencyYn": "Y"
			},
			{
				"sentenceNo": 6,
				"sentenceContent": "조세호는 또 “오늘은 다른 때보다 유독 혹시 외출을 마치고 돌아오는 가족들에게는 조금 더 따뜻하게 오늘 하루 정말 추운 날씨에 고생 많았다고 따뜻한 말 한마디를 건네주신다면 좀 더 따뜻한 밤을 보낼 수 있지 않을까 하는 생각을 해 보고 있고요”라며 유독 ‘따뜻’이라는 말을 반복하기도 했다.",
				"subjectConsistencyYn": "Y"
			},
			{
				"sentenceNo": 7,
				"sentenceContent": "하지만 7시쯤 다시 등장한 조세호는 이전보다 훨씬 안정된 모습이었다. ‘동장군’ 분장을 하고 나온 조세호는 추운 날씨를 표현하기 위해 소품까지 준비했다.",
				"subjectConsistencyYn": "Y"
			},
			{
				"sentenceNo": 8,
				"sentenceContent": "후즈팬은 이번 투표에서 1위에 등극한 엔하이픈 선우를 위해 기획 기사 발행과 일주일간 앱 내 팝업 광고를 진행할 예정이다.",
				"subjectConsistencyYn": "N"
			},
			{
				"sentenceNo": 9,
				"sentenceContent": "한편, 글로벌 케이팝 팬덤 플랫폼 후즈팬은 2020년 5월 22일 공식 론칭 이후 글로벌 케이팝 팬덤의 성원 아래에 1년 만에 550만 유저 확보에 성공, 최근에는 630만 유저를 돌파했다.",
				"subjectConsistencyYn": "N"
			}
		],
		"clickbaitClass": 0
	}
}