{
	"sourceDataInfo": {
		"newsID": "ET_M03_494353",
		"newsCategory": "연예",
		"newsSubcategory": "영화",
		"newsTitle": "롯데 영화사업부문, 6월 독립하며 OTT 사업도 진출",
		"newsSubTitle": "",
		"newsContent": "영화 ‘신과함께’를 배급한 ‘롯데쇼핑(주) 시네마사업본부’가 오는 6월 1일부터 새로운 법인 ‘롯데컬처웍스(주)(LOTTE CULTUREWORKS Co. Ltd.)’로 독립한다.\n이와 함께 오는 2022년까지 동남아시아 시장 내 140개 영화관 오픈을 목표로 삼고, 또 OTT(Over The Top: 인터넷 망을 이용한 영상 콘텐츠 서비스) 등 신규 사업을 다각적으로 확대해 종합 엔터테인먼트 전문 기업으로서 역량 강화에 집중한다는 계획이다.\n6일 롯데쇼핑(주) 정기이사회는 시네마사업본부의 분할계획 승인 및 임시주주총회를 소집한다는 내용의 안건을 승인했다.\n현재 롯데쇼핑(주) 시네마사업본부는 롯데시네마와 롯데엔터테인먼트를 운영하고 있다. '롯데시네마'는 '롯데시네마 월드타워'를 포함해 국내 113개, 해외 45개를 보유하고 있는 멀티플렉스 체인이다. '롯데엔터테인먼트'는 ‘신과함께’ 등 연간 10여 편의 한국영화와 할리우드 대형 배급사 '파라마운트 픽처스'의 영화를 국내에 배급하는 투자배급사다.\n시네마사업본부는 본격적인 엔터테인먼트 사업 확대를 위해 지난해부터 컨설팅회사 ‘아서 더 리틀’, ‘롯데미래전략연구소’과 더불어 중장기 비전을 수립하고 분리 독립을 준비해왔다.\n롯데시네마 관계자는 \\\"이번 분리를 통해 엔터테인먼트 사업에 대한 경쟁력을 강화하고 국내 및 해외 시장에서 독자적인 법인으로서 브랜드 이미지를 구축할 것\\\"이라며 \\\"새로운 사업영역에도 진출해 업계를 선도하는 기업으로 성장해 나아갈 것\\\"이라고 밝혔다.\n새로운 회사 이름 ‘롯데컬처웍스’는 ‘유연하고 다양한 즐거움을 만들어가는 컬처 메이커스 기업’이라는 의미를 담고 있다.",
		"partNum": "P2",
		"useType": 0,
		"processType": "A",
		"processPattern": "99",
		"processLevel": "하",
		"sentenceCount": 7,
		"processSentencenum": 2,
		"sentenceInfo": [
			{
				"sentenceNo": 1,
				"sentenceContent": "영화 ‘신과함께’를 배급한 ‘롯데쇼핑(주) 시네마사업본부’가 오는 6월 1일부터 새로운 법인 ‘롯데컬처웍스(주)(LOTTE CULTUREWORKS Co. Ltd.)’로 독립한다.",
				"sentenceSize": 99
			},
			{
				"sentenceNo": 2,
				"sentenceContent": "이와 함께 오는 2022년까지 동남아시아 시장 내 140개 영화관 오픈을 목표로 삼고, 또 OTT(Over The Top: 인터넷 망을 이용한 영상 콘텐츠 서비스) 등 신규 사업을 다각적으로 확대해 종합 엔터테인먼트 전문 기업으로서 역량 강화에 집중한다는 계획이다.",
				"sentenceSize": 148
			},
			{
				"sentenceNo": 3,
				"sentenceContent": "6일 롯데쇼핑(주) 정기이사회는 시네마사업본부의 분할계획 승인 및 임시주주총회를 소집한다는 내용의 안건을 승인했다.",
				"sentenceSize": 64
			},
			{
				"sentenceNo": 4,
				"sentenceContent": "현재 롯데쇼핑(주) 시네마사업본부는 롯데시네마와 롯데엔터테인먼트를 운영하고 있다. '롯데시네마'는 '롯데시네마 월드타워'를 포함해 국내 113개, 해외 45개를 보유하고 있는 멀티플렉스 체인이다. '롯데엔터테인먼트'는 ‘신과함께’ 등 연간 10여 편의 한국영화와 할리우드 대형 배급사 '파라마운트 픽처스'의 영화를 국내에 배급하는 투자배급사다.",
				"sentenceSize": 192
			},
			{
				"sentenceNo": 5,
				"sentenceContent": "시네마사업본부는 본격적인 엔터테인먼트 사업 확대를 위해 지난해부터 컨설팅회사 ‘아서 더 리틀’, ‘롯데미래전략연구소’과 더불어 중장기 비전을 수립하고 분리 독립을 준비해왔다.",
				"sentenceSize": 97
			},
			{
				"sentenceNo": 6,
				"sentenceContent": "롯데시네마 관계자는 \\\"이번 분리를 통해 엔터테인먼트 사업에 대한 경쟁력을 강화하고 국내 및 해외 시장에서 독자적인 법인으로서 브랜드 이미지를 구축할 것\\\"이라며 \\\"새로운 사업영역에도 진출해 업계를 선도하는 기업으로 성장해 나아갈 것\\\"이라고 밝혔다.",
				"sentenceSize": 141
			},
			{
				"sentenceNo": 7,
				"sentenceContent": "새로운 회사 이름 ‘롯데컬처웍스’는 ‘유연하고 다양한 즐거움을 만들어가는 컬처 메이커스 기업’이라는 의미를 담고 있다.",
				"sentenceSize": 66
			}
		]
	},
	"labeledDataInfo": {
		"processSentenceInfo": [
			{
				"sentenceNo": 1,
				"sentenceContent": "영화 ‘신과함께’를 배급한 ‘롯데쇼핑(주) 시네마사업본부’가 오는 6월 1일부터 새로운 법인 ‘롯데컬처웍스(주)(LOTTE CULTUREWORKS Co. Ltd.)’로 독립한다.",
				"subjectConsistencyYn": "Y"
			},
			{
				"sentenceNo": 2,
				"sentenceContent": "이와 함께 오는 2022년까지 동남아시아 시장 내 140개 영화관 오픈을 목표로 삼고, 또 OTT(Over The Top: 인터넷 망을 이용한 영상 콘텐츠 서비스) 등 신규 사업을 다각적으로 확대해 종합 엔터테인먼트 전문 기업으로서 역량 강화에 집중한다는 계획이다.",
				"subjectConsistencyYn": "Y"
			},
			{
				"sentenceNo": 3,
				"sentenceContent": "6일 롯데쇼핑(주) 정기이사회는 시네마사업본부의 분할계획 승인 및 임시주주총회를 소집한다는 내용의 안건을 승인했다.",
				"subjectConsistencyYn": "Y"
			},
			{
				"sentenceNo": 4,
				"sentenceContent": "현재 롯데쇼핑(주) 시네마사업본부는 롯데시네마와 롯데엔터테인먼트를 운영하고 있다. '롯데시네마'는 '롯데시네마 월드타워'를 포함해 국내 113개, 해외 45개를 보유하고 있는 멀티플렉스 체인이다. '롯데엔터테인먼트'는 ‘신과함께’ 등 연간 10여 편의 한국영화와 할리우드 대형 배급사 '파라마운트 픽처스'의 영화를 국내에 배급하는 투자배급사다.",
				"subjectConsistencyYn": "Y"
			},
			{
				"sentenceNo": 5,
				"sentenceContent": "시네마사업본부는 본격적인 엔터테인먼트 사업 확대를 위해 지난해부터 컨설팅회사 ‘아서 더 리틀’, ‘롯데미래전략연구소’과 더불어 중장기 비전을 수립하고 분리 독립을 준비해왔다.",
				"subjectConsistencyYn": "Y"
			},
			{
				"sentenceNo": 6,
				"sentenceContent": "이에 대해 임강성의 소속사 디오르골엔터테인먼트 관계자는 \\\"두 사람이 아직 (이혼) 도장을 찍지는 않은 상태\\\"라고 말했다.",
				"subjectConsistencyYn": "N"
			}
		],
		"clickbaitClass": 0
	}
}