{
	"sourceDataInfo": {
		"newsID": "ET_M03_494292",
		"newsCategory": "연예",
		"newsSubcategory": "연예가화제",
		"newsTitle": "법원, 왕진진에 ‘낸시랭 접근 금지’ 명령",
		"newsSubTitle": "",
		"newsContent": "팝아티스트 낸시랭(본명 박혜령)이 임시보호를 받는다.\n서울가정법원은 최근 낸시랭에 대해 임시보호명령 조치를 내렸다.\n법원은 왕진진에게 ▶낸시랭의 집에서 갈 수 없고 ▶집과 직장 등에 100m 이내로 접근할 수 없으며 ▶전화를 걸거나 문자, 음성, 영상 등을 보내지 말 것을 명령했다.\n이를 어길 경우 2년 이하의 징역이나 2000만 원 이하의 벌금형에 처할 수 있다.\n낸시랭과 왕진진은 지난해 12월 혼인신고하며 부부가 됐지만, 10개월 만에 파경을 맞았다.\n낸시랭은 왕진진이 폭언과 감금, 폭행했다고 주장했다.\n또 사생활이 담긴 영상을 보내고 “네 인생은 끝이다”고 협박한 것으로 알려졌다.\n반면 왕진진은 “폭행과 감금으로 인해 이혼을 결심했다는데 어처구니가 없다. 날 기만하고 배신했다”고 반박했다.\n동영상을 낸시랭에게 보낸 것도 협박이 아니라 ‘폭행 감금하는 사이로 볼 수 없음을 입증하는 증거’라는 뜻으로 보냈다고 해명했다.",
		"partNum": "P2",
		"useType": 0,
		"processType": "A",
		"processPattern": "99",
		"processLevel": "하",
		"sentenceCount": 9,
		"processSentencenum": 2,
		"sentenceInfo": [
			{
				"sentenceNo": 1,
				"sentenceContent": "팝아티스트 낸시랭(본명 박혜령)이 임시보호를 받는다.",
				"sentenceSize": 29
			},
			{
				"sentenceNo": 2,
				"sentenceContent": "서울가정법원은 최근 낸시랭에 대해 임시보호명령 조치를 내렸다.",
				"sentenceSize": 34
			},
			{
				"sentenceNo": 3,
				"sentenceContent": "법원은 왕진진에게 ▶낸시랭의 집에서 갈 수 없고 ▶집과 직장 등에 100m 이내로 접근할 수 없으며 ▶전화를 걸거나 문자, 음성, 영상 등을 보내지 말 것을 명령했다.",
				"sentenceSize": 93
			},
			{
				"sentenceNo": 4,
				"sentenceContent": "이를 어길 경우 2년 이하의 징역이나 2000만 원 이하의 벌금형에 처할 수 있다.",
				"sentenceSize": 46
			},
			{
				"sentenceNo": 5,
				"sentenceContent": "낸시랭과 왕진진은 지난해 12월 혼인신고하며 부부가 됐지만, 10개월 만에 파경을 맞았다.",
				"sentenceSize": 50
			},
			{
				"sentenceNo": 6,
				"sentenceContent": "낸시랭은 왕진진이 폭언과 감금, 폭행했다고 주장했다.",
				"sentenceSize": 29
			},
			{
				"sentenceNo": 7,
				"sentenceContent": "또 사생활이 담긴 영상을 보내고 “네 인생은 끝이다”고 협박한 것으로 알려졌다.",
				"sentenceSize": 44
			},
			{
				"sentenceNo": 8,
				"sentenceContent": "반면 왕진진은 “폭행과 감금으로 인해 이혼을 결심했다는데 어처구니가 없다. 날 기만하고 배신했다”고 반박했다.",
				"sentenceSize": 61
			},
			{
				"sentenceNo": 9,
				"sentenceContent": "동영상을 낸시랭에게 보낸 것도 협박이 아니라 ‘폭행 감금하는 사이로 볼 수 없음을 입증하는 증거’라는 뜻으로 보냈다고 해명했다.",
				"sentenceSize": 71
			}
		]
	},
	"labeledDataInfo": {
		"processSentenceInfo": [
			{
				"sentenceNo": 1,
				"sentenceContent": "팝아티스트 낸시랭(본명 박혜령)이 임시보호를 받는다.",
				"subjectConsistencyYn": "Y"
			},
			{
				"sentenceNo": 2,
				"sentenceContent": "서울가정법원은 최근 낸시랭에 대해 임시보호명령 조치를 내렸다.",
				"subjectConsistencyYn": "Y"
			},
			{
				"sentenceNo": 3,
				"sentenceContent": "법원은 왕진진에게 ▶낸시랭의 집에서 갈 수 없고 ▶집과 직장 등에 100m 이내로 접근할 수 없으며 ▶전화를 걸거나 문자, 음성, 영상 등을 보내지 말 것을 명령했다.",
				"subjectConsistencyYn": "Y"
			},
			{
				"sentenceNo": 4,
				"sentenceContent": "이를 어길 경우 2년 이하의 징역이나 2000만 원 이하의 벌금형에 처할 수 있다.",
				"subjectConsistencyYn": "Y"
			},
			{
				"sentenceNo": 5,
				"sentenceContent": "낸시랭과 왕진진은 지난해 12월 혼인신고하며 부부가 됐지만, 10개월 만에 파경을 맞았다.",
				"subjectConsistencyYn": "Y"
			},
			{
				"sentenceNo": 6,
				"sentenceContent": "낸시랭은 왕진진이 폭언과 감금, 폭행했다고 주장했다.",
				"subjectConsistencyYn": "Y"
			},
			{
				"sentenceNo": 7,
				"sentenceContent": "또 사생활이 담긴 영상을 보내고 “네 인생은 끝이다”고 협박한 것으로 알려졌다.",
				"subjectConsistencyYn": "Y"
			},
			{
				"sentenceNo": 8,
				"sentenceContent": "드레이크의 정규 6집 ‘Certified Lover Boy’는 3일 오후 1시 각종 온라인 음원 사이트를 통해 발매됐다.",
				"subjectConsistencyYn": "N"
			}
		],
		"clickbaitClass": 0
	}
}