{
	"sourceDataInfo": {
		"newsID": "ET_M03_494231",
		"newsCategory": "연예",
		"newsSubcategory": "연예가화제",
		"newsTitle": "만파식적과 평행세계가 왜?… ‘어색한 퍼즐’ 된 '더 킹'의 역사조합",
		"newsSubTitle": "",
		"newsContent": "김은숙 작가의 신작으로 기대를 모았던 ‘더 킹-영원의 군주’(SBS)의 출발이 시원치 않다.\n17일 11.4%의 시청률로 스타트를 끊은 '더 킹'은 11.6%(2화)-9.0%(3화)-9.7%(4화)를 기록하며 2주차에 오히려 시청률이 하락했다.\n최근 10년간 김 작가의 작품이 2주차에 시청률이 되려 하락한 것은 '더 킹'이 처음이다.\n상반기 최대 기대작으로 꼽혔던 것에 비하면 아쉬운 수치다.\n직전에 내놓은 '쓸쓸하고 찬란하신 도깨비'나 '미스터 션샤인'이 연이어 대중성과 작품성에서 모두 호평을 받았던 것에 비하면 의외의 반응이기도 하다. ‘더 킹’의 고전에는 주연 배우들의 식상한 캐릭터와 평행세계를 둘러싼 초반의 난해한 전개 등과 함께 역사 차용의 어색한 시도가 꼽힌다.\n역사코드는 제대로 쓰면 대중적 공감대를 넓히는 조미료 역할을 톡톡히 하지만 잘못 쓸 땐 되려 작품의 공감을 방해하는 이물질이 되기도 한다.\n김 작가는 전작 '미스터 션샤인'에서 역사로 톡톡히 재미를 본 적이 있다.\n구한말을 배경으로 조선인 출신 유진 초이가 미 해병대 장교로 돌아와 의병 투쟁을 돕는다는 설정은 반일 의식과 결합해 큰 호응을 얻었다.\n유진 초이는 가상의 인물이지만 당시 유색 인종이 미군에서 장교를 하는 사례도 있었기 때문에 신선한 발상으로 인정받았다.\n또 애신이 사용하는 윈체스터 M1894(소총)이나 유진의 모신나강(소총) 등의 무기 고증도 비교적 좋은 평가를 얻었다. '더 킹'은 만파식적과 소현세자를 내세워 작품의 주요 설정인 평행세계를 구성하고 있다.\n하지만 이런 역사 설정과 고증은 전작만큼 작품과의 화학적 반응을 일으키진 못하고 있다.\n①'차원의 문'을 여는 만파식적=만파식적(萬波息笛)은 '더 킹'에 등장하는 두 개의 평행세계 중 하나인 대한제국의 보물이다.\n선황제를 살해한 동생 이림과 현재 황제인 이곤이 한 조각씩 갖고 있으며, 대한민국으로 이동하는 '차원의 문'을 여는 도구가 된다.\n작품을 이해하는 핵심 열쇠인 셈이다.\n실제 만파식적은『삼국유사』에 기록된 신라의 피리다.\n낮이면 갈라져 둘이 되고, 밤이면 하나로 합쳐지는 대나무로 만들었으며, 이것을 불면 나라의 걱정근심이 해결됐다고 전해진다. 『삼국유사』에선 일본 사신이 만파식적을 보기 위해 금 1000냥을 제안했다는 내용도 나온다.\n만파식적은 현존하지 않기 때문에 실제 여부가 확인된 적은 없다. 『삼국유사』에서 모티브를 따왔지만 정작 만파식적의 설화와 '더 킹'의 평행세계가 연결되는 개연성이나 설득력은 낮은 편이다.\n고대의 판타지 요소를 지닌 만파식적이라는 소재를 꺼내 든 건 좋았지만 ‘왜?’라는 질문엔 충분한 답을 내놓지 못하는 것은 아쉬운 지점이다.\n첫 주엔 평행세계를 둘러싸고 '내용을 이해하기 어렵다'는 시청자들의 불만도 나왔다.\n하재근 문화평론가는 \\\"만파식적을 사극 판타지에 사용하는 것은 영화 '전우치'를 비롯해 몇 차례 전례가 있다\\\"면서도 \\\"다만 '더 킹'은 평행세계라는 설정과 전개가 기대만큼 매끄럽진 않다. 조금 더 지켜봐야 할 것 같다\\\"고 말했다.\n②호란을 막은 소현세자?='더 킹'은 대한제국과 대한민국이라는 두 개의 평행세계가 등장한다.\n대한제국에서 대한민국으로 건너온 황제 이곤(이민호) 형사 정태을(김고은)에게 \\\"두 대한의 역사는 소현세자부터 달라졌다\\\"며 \\\"네의 세계에선 일찍이 돌아가셨고 내 역사에선 영종으로 역사에 남으셨어. 호란을 막아냈거든\\\"이라고 설명한다.\n즉, 소현세자의 등극과 호란에서의 승리가 두 세계의 갈림길이 된 셈이다.\n그런데 이같은 설정은 다소 어색한 면이 있다.\n소현세자는 조선 16대왕 인조의 장남으로 병자호란 패배 후 청나라 수도 심양으로 끌려갔다.\n그는 이곳에서 청나라 인사들과 교류하는 한편 서양인 신부와 접촉하며 서양 문물에도 깊은 관심을 보였다.\n귀국 후에도 '반청(反淸)' 의식이 고조된 조정 분위기와 달리 청나라와의 교류를 선호했던 것으로 알려진 인물이다.\n이미 호란이 끝난 데다 굳이 구분하자면 반청(反淸)보다는 '친청(親淸)'에 가까웠던 소현세자가 호란을 막아낸 영웅적 군주로 설정된 것이 어색한 이유다.\n소현세자는 귀국 후 두 달 만에 급사했는데, 학계 일각에선 그가 청나라와 가까운 것을 못마땅하게 여긴 인조가 이같은 죽음을 기획했다는 설도 내놓고 있다.\n또 소현세자의 동생 봉림대군이 왕위(효종)에 올라 북벌을 추진했지만 어디까지나 대내적 정치 구호였을 뿐 실제로 이어진 적은 없다.\n당시 육성한 조총부대는 오히려 청나라를 지원하기 위해 나선정벌에 참여해 러시아군을 물리쳤다.\n③수도 부산엔 일본 스타일 궁성=대한제국의 왕궁은 부산에 있다.\n여전히 일촉즉발의 위기인 한일 관계 때문이다.\n일본을 최전선에서 막는다는 상징적 의미로 왕궁을 부산 '동백섬'에 지었고, 충무공 이순신의 동상도 서울 광화문이 아닌 동백섬에 있다.\n하지만 이처럼 반일 이슈를 활용하면서도 정작 인트로 영상에 등장하는 대한제국의 옛 모습엔 일본식 사원을 등장시켰다는 논란이 불거졌다.\n구체적으로는 일본 나라현 소재의 도다이지(東大寺)와 고후쿠지(興福寺)의 사원과 탑과 비슷하다는 지적이 나왔다.\n제작사 측에선 “백제5층목탑과 우리나라 사찰, 중국 궁의 특징을 베이스로 가상의 목조건물을 만드는 과정에서 일본 사찰의 일부 특징적인 부분이 사용됐음을 확인했다”고 사과했다.",
		"partNum": "P2",
		"useType": 0,
		"processType": "A",
		"processPattern": "99",
		"processLevel": "하",
		"sentenceCount": 37,
		"processSentencenum": 8,
		"sentenceInfo": [
			{
				"sentenceNo": 1,
				"sentenceContent": "김은숙 작가의 신작으로 기대를 모았던 ‘더 킹-영원의 군주’(SBS)의 출발이 시원치 않다.",
				"sentenceSize": 51
			},
			{
				"sentenceNo": 2,
				"sentenceContent": "17일 11.4%의 시청률로 스타트를 끊은 '더 킹'은 11.6%(2화)-9.0%(3화)-9.7%(4화)를 기록하며 2주차에 오히려 시청률이 하락했다.",
				"sentenceSize": 84
			},
			{
				"sentenceNo": 3,
				"sentenceContent": "최근 10년간 김 작가의 작품이 2주차에 시청률이 되려 하락한 것은 '더 킹'이 처음이다.",
				"sentenceSize": 50
			},
			{
				"sentenceNo": 4,
				"sentenceContent": "상반기 최대 기대작으로 꼽혔던 것에 비하면 아쉬운 수치다.",
				"sentenceSize": 32
			},
			{
				"sentenceNo": 5,
				"sentenceContent": "직전에 내놓은 '쓸쓸하고 찬란하신 도깨비'나 '미스터 션샤인'이 연이어 대중성과 작품성에서 모두 호평을 받았던 것에 비하면 의외의 반응이기도 하다. ‘더 킹’의 고전에는 주연 배우들의 식상한 캐릭터와 평행세계를 둘러싼 초반의 난해한 전개 등과 함께 역사 차용의 어색한 시도가 꼽힌다.",
				"sentenceSize": 158
			},
			{
				"sentenceNo": 6,
				"sentenceContent": "역사코드는 제대로 쓰면 대중적 공감대를 넓히는 조미료 역할을 톡톡히 하지만 잘못 쓸 땐 되려 작품의 공감을 방해하는 이물질이 되기도 한다.",
				"sentenceSize": 77
			},
			{
				"sentenceNo": 7,
				"sentenceContent": "김 작가는 전작 '미스터 션샤인'에서 역사로 톡톡히 재미를 본 적이 있다.",
				"sentenceSize": 41
			},
			{
				"sentenceNo": 8,
				"sentenceContent": "구한말을 배경으로 조선인 출신 유진 초이가 미 해병대 장교로 돌아와 의병 투쟁을 돕는다는 설정은 반일 의식과 결합해 큰 호응을 얻었다.",
				"sentenceSize": 75
			},
			{
				"sentenceNo": 9,
				"sentenceContent": "유진 초이는 가상의 인물이지만 당시 유색 인종이 미군에서 장교를 하는 사례도 있었기 때문에 신선한 발상으로 인정받았다.",
				"sentenceSize": 66
			},
			{
				"sentenceNo": 10,
				"sentenceContent": "또 애신이 사용하는 윈체스터 M1894(소총)이나 유진의 모신나강(소총) 등의 무기 고증도 비교적 좋은 평가를 얻었다. '더 킹'은 만파식적과 소현세자를 내세워 작품의 주요 설정인 평행세계를 구성하고 있다.",
				"sentenceSize": 115
			},
			{
				"sentenceNo": 11,
				"sentenceContent": "하지만 이런 역사 설정과 고증은 전작만큼 작품과의 화학적 반응을 일으키진 못하고 있다.",
				"sentenceSize": 48
			},
			{
				"sentenceNo": 12,
				"sentenceContent": "①'차원의 문'을 여는 만파식적=만파식적(萬波息笛)은 '더 킹'에 등장하는 두 개의 평행세계 중 하나인 대한제국의 보물이다.",
				"sentenceSize": 69
			},
			{
				"sentenceNo": 13,
				"sentenceContent": "선황제를 살해한 동생 이림과 현재 황제인 이곤이 한 조각씩 갖고 있으며, 대한민국으로 이동하는 '차원의 문'을 여는 도구가 된다.",
				"sentenceSize": 72
			},
			{
				"sentenceNo": 14,
				"sentenceContent": "작품을 이해하는 핵심 열쇠인 셈이다.",
				"sentenceSize": 20
			},
			{
				"sentenceNo": 15,
				"sentenceContent": "실제 만파식적은『삼국유사』에 기록된 신라의 피리다.",
				"sentenceSize": 28
			},
			{
				"sentenceNo": 16,
				"sentenceContent": "낮이면 갈라져 둘이 되고, 밤이면 하나로 합쳐지는 대나무로 만들었으며, 이것을 불면 나라의 걱정근심이 해결됐다고 전해진다. 『삼국유사』에선 일본 사신이 만파식적을 보기 위해 금 1000냥을 제안했다는 내용도 나온다.",
				"sentenceSize": 120
			},
			{
				"sentenceNo": 17,
				"sentenceContent": "만파식적은 현존하지 않기 때문에 실제 여부가 확인된 적은 없다. 『삼국유사』에서 모티브를 따왔지만 정작 만파식적의 설화와 '더 킹'의 평행세계가 연결되는 개연성이나 설득력은 낮은 편이다.",
				"sentenceSize": 104
			},
			{
				"sentenceNo": 18,
				"sentenceContent": "고대의 판타지 요소를 지닌 만파식적이라는 소재를 꺼내 든 건 좋았지만 ‘왜?’라는 질문엔 충분한 답을 내놓지 못하는 것은 아쉬운 지점이다.",
				"sentenceSize": 77
			},
			{
				"sentenceNo": 19,
				"sentenceContent": "첫 주엔 평행세계를 둘러싸고 '내용을 이해하기 어렵다'는 시청자들의 불만도 나왔다.",
				"sentenceSize": 46
			},
			{
				"sentenceNo": 20,
				"sentenceContent": "하재근 문화평론가는 \\\"만파식적을 사극 판타지에 사용하는 것은 영화 '전우치'를 비롯해 몇 차례 전례가 있다\\\"면서도 \\\"다만 '더 킹'은 평행세계라는 설정과 전개가 기대만큼 매끄럽진 않다. 조금 더 지켜봐야 할 것 같다\\\"고 말했다.",
				"sentenceSize": 131
			},
			{
				"sentenceNo": 21,
				"sentenceContent": "②호란을 막은 소현세자?='더 킹'은 대한제국과 대한민국이라는 두 개의 평행세계가 등장한다.",
				"sentenceSize": 51
			},
			{
				"sentenceNo": 22,
				"sentenceContent": "대한제국에서 대한민국으로 건너온 황제 이곤(이민호) 형사 정태을(김고은)에게 \\\"두 대한의 역사는 소현세자부터 달라졌다\\\"며 \\\"네의 세계에선 일찍이 돌아가셨고 내 역사에선 영종으로 역사에 남으셨어. 호란을 막아냈거든\\\"이라고 설명한다.",
				"sentenceSize": 132
			},
			{
				"sentenceNo": 23,
				"sentenceContent": "즉, 소현세자의 등극과 호란에서의 승리가 두 세계의 갈림길이 된 셈이다.",
				"sentenceSize": 40
			},
			{
				"sentenceNo": 24,
				"sentenceContent": "그런데 이같은 설정은 다소 어색한 면이 있다.",
				"sentenceSize": 25
			},
			{
				"sentenceNo": 25,
				"sentenceContent": "소현세자는 조선 16대왕 인조의 장남으로 병자호란 패배 후 청나라 수도 심양으로 끌려갔다.",
				"sentenceSize": 50
			},
			{
				"sentenceNo": 26,
				"sentenceContent": "그는 이곳에서 청나라 인사들과 교류하는 한편 서양인 신부와 접촉하며 서양 문물에도 깊은 관심을 보였다.",
				"sentenceSize": 57
			},
			{
				"sentenceNo": 27,
				"sentenceContent": "귀국 후에도 '반청(反淸)' 의식이 고조된 조정 분위기와 달리 청나라와의 교류를 선호했던 것으로 알려진 인물이다.",
				"sentenceSize": 63
			},
			{
				"sentenceNo": 28,
				"sentenceContent": "이미 호란이 끝난 데다 굳이 구분하자면 반청(反淸)보다는 '친청(親淸)'에 가까웠던 소현세자가 호란을 막아낸 영웅적 군주로 설정된 것이 어색한 이유다.",
				"sentenceSize": 84
			},
			{
				"sentenceNo": 29,
				"sentenceContent": "소현세자는 귀국 후 두 달 만에 급사했는데, 학계 일각에선 그가 청나라와 가까운 것을 못마땅하게 여긴 인조가 이같은 죽음을 기획했다는 설도 내놓고 있다.",
				"sentenceSize": 85
			},
			{
				"sentenceNo": 30,
				"sentenceContent": "또 소현세자의 동생 봉림대군이 왕위(효종)에 올라 북벌을 추진했지만 어디까지나 대내적 정치 구호였을 뿐 실제로 이어진 적은 없다.",
				"sentenceSize": 72
			},
			{
				"sentenceNo": 31,
				"sentenceContent": "당시 육성한 조총부대는 오히려 청나라를 지원하기 위해 나선정벌에 참여해 러시아군을 물리쳤다.",
				"sentenceSize": 51
			},
			{
				"sentenceNo": 32,
				"sentenceContent": "③수도 부산엔 일본 스타일 궁성=대한제국의 왕궁은 부산에 있다.",
				"sentenceSize": 35
			},
			{
				"sentenceNo": 33,
				"sentenceContent": "여전히 일촉즉발의 위기인 한일 관계 때문이다.",
				"sentenceSize": 25
			},
			{
				"sentenceNo": 34,
				"sentenceContent": "일본을 최전선에서 막는다는 상징적 의미로 왕궁을 부산 '동백섬'에 지었고, 충무공 이순신의 동상도 서울 광화문이 아닌 동백섬에 있다.",
				"sentenceSize": 74
			},
			{
				"sentenceNo": 35,
				"sentenceContent": "하지만 이처럼 반일 이슈를 활용하면서도 정작 인트로 영상에 등장하는 대한제국의 옛 모습엔 일본식 사원을 등장시켰다는 논란이 불거졌다.",
				"sentenceSize": 74
			},
			{
				"sentenceNo": 36,
				"sentenceContent": "구체적으로는 일본 나라현 소재의 도다이지(東大寺)와 고후쿠지(興福寺)의 사원과 탑과 비슷하다는 지적이 나왔다.",
				"sentenceSize": 61
			},
			{
				"sentenceNo": 37,
				"sentenceContent": "제작사 측에선 “백제5층목탑과 우리나라 사찰, 중국 궁의 특징을 베이스로 가상의 목조건물을 만드는 과정에서 일본 사찰의 일부 특징적인 부분이 사용됐음을 확인했다”고 사과했다.",
				"sentenceSize": 97
			}
		]
	},
	"labeledDataInfo": {
		"processSentenceInfo": [
			{
				"sentenceNo": 1,
				"sentenceContent": "김은숙 작가의 신작으로 기대를 모았던 ‘더 킹-영원의 군주’(SBS)의 출발이 시원치 않다.",
				"subjectConsistencyYn": "Y"
			},
			{
				"sentenceNo": 2,
				"sentenceContent": "17일 11.4%의 시청률로 스타트를 끊은 '더 킹'은 11.6%(2화)-9.0%(3화)-9.7%(4화)를 기록하며 2주차에 오히려 시청률이 하락했다.",
				"subjectConsistencyYn": "Y"
			},
			{
				"sentenceNo": 3,
				"sentenceContent": "최근 10년간 김 작가의 작품이 2주차에 시청률이 되려 하락한 것은 '더 킹'이 처음이다.",
				"subjectConsistencyYn": "Y"
			},
			{
				"sentenceNo": 4,
				"sentenceContent": "상반기 최대 기대작으로 꼽혔던 것에 비하면 아쉬운 수치다.",
				"subjectConsistencyYn": "Y"
			},
			{
				"sentenceNo": 5,
				"sentenceContent": "직전에 내놓은 '쓸쓸하고 찬란하신 도깨비'나 '미스터 션샤인'이 연이어 대중성과 작품성에서 모두 호평을 받았던 것에 비하면 의외의 반응이기도 하다. ‘더 킹’의 고전에는 주연 배우들의 식상한 캐릭터와 평행세계를 둘러싼 초반의 난해한 전개 등과 함께 역사 차용의 어색한 시도가 꼽힌다.",
				"subjectConsistencyYn": "Y"
			},
			{
				"sentenceNo": 6,
				"sentenceContent": "역사코드는 제대로 쓰면 대중적 공감대를 넓히는 조미료 역할을 톡톡히 하지만 잘못 쓸 땐 되려 작품의 공감을 방해하는 이물질이 되기도 한다.",
				"subjectConsistencyYn": "Y"
			},
			{
				"sentenceNo": 7,
				"sentenceContent": "김 작가는 전작 '미스터 션샤인'에서 역사로 톡톡히 재미를 본 적이 있다.",
				"subjectConsistencyYn": "Y"
			},
			{
				"sentenceNo": 8,
				"sentenceContent": "구한말을 배경으로 조선인 출신 유진 초이가 미 해병대 장교로 돌아와 의병 투쟁을 돕는다는 설정은 반일 의식과 결합해 큰 호응을 얻었다.",
				"subjectConsistencyYn": "Y"
			},
			{
				"sentenceNo": 9,
				"sentenceContent": "유진 초이는 가상의 인물이지만 당시 유색 인종이 미군에서 장교를 하는 사례도 있었기 때문에 신선한 발상으로 인정받았다.",
				"subjectConsistencyYn": "Y"
			},
			{
				"sentenceNo": 10,
				"sentenceContent": "또 애신이 사용하는 윈체스터 M1894(소총)이나 유진의 모신나강(소총) 등의 무기 고증도 비교적 좋은 평가를 얻었다. '더 킹'은 만파식적과 소현세자를 내세워 작품의 주요 설정인 평행세계를 구성하고 있다.",
				"subjectConsistencyYn": "Y"
			},
			{
				"sentenceNo": 11,
				"sentenceContent": "하지만 이런 역사 설정과 고증은 전작만큼 작품과의 화학적 반응을 일으키진 못하고 있다.",
				"subjectConsistencyYn": "Y"
			},
			{
				"sentenceNo": 12,
				"sentenceContent": "①'차원의 문'을 여는 만파식적=만파식적(萬波息笛)은 '더 킹'에 등장하는 두 개의 평행세계 중 하나인 대한제국의 보물이다.",
				"subjectConsistencyYn": "Y"
			},
			{
				"sentenceNo": 13,
				"sentenceContent": "선황제를 살해한 동생 이림과 현재 황제인 이곤이 한 조각씩 갖고 있으며, 대한민국으로 이동하는 '차원의 문'을 여는 도구가 된다.",
				"subjectConsistencyYn": "Y"
			},
			{
				"sentenceNo": 14,
				"sentenceContent": "작품을 이해하는 핵심 열쇠인 셈이다.",
				"subjectConsistencyYn": "Y"
			},
			{
				"sentenceNo": 15,
				"sentenceContent": "실제 만파식적은『삼국유사』에 기록된 신라의 피리다.",
				"subjectConsistencyYn": "Y"
			},
			{
				"sentenceNo": 16,
				"sentenceContent": "낮이면 갈라져 둘이 되고, 밤이면 하나로 합쳐지는 대나무로 만들었으며, 이것을 불면 나라의 걱정근심이 해결됐다고 전해진다. 『삼국유사』에선 일본 사신이 만파식적을 보기 위해 금 1000냥을 제안했다는 내용도 나온다.",
				"subjectConsistencyYn": "Y"
			},
			{
				"sentenceNo": 17,
				"sentenceContent": "만파식적은 현존하지 않기 때문에 실제 여부가 확인된 적은 없다. 『삼국유사』에서 모티브를 따왔지만 정작 만파식적의 설화와 '더 킹'의 평행세계가 연결되는 개연성이나 설득력은 낮은 편이다.",
				"subjectConsistencyYn": "Y"
			},
			{
				"sentenceNo": 18,
				"sentenceContent": "고대의 판타지 요소를 지닌 만파식적이라는 소재를 꺼내 든 건 좋았지만 ‘왜?’라는 질문엔 충분한 답을 내놓지 못하는 것은 아쉬운 지점이다.",
				"subjectConsistencyYn": "Y"
			},
			{
				"sentenceNo": 19,
				"sentenceContent": "첫 주엔 평행세계를 둘러싸고 '내용을 이해하기 어렵다'는 시청자들의 불만도 나왔다.",
				"subjectConsistencyYn": "Y"
			},
			{
				"sentenceNo": 20,
				"sentenceContent": "하재근 문화평론가는 \\\"만파식적을 사극 판타지에 사용하는 것은 영화 '전우치'를 비롯해 몇 차례 전례가 있다\\\"면서도 \\\"다만 '더 킹'은 평행세계라는 설정과 전개가 기대만큼 매끄럽진 않다. 조금 더 지켜봐야 할 것 같다\\\"고 말했다.",
				"subjectConsistencyYn": "Y"
			},
			{
				"sentenceNo": 21,
				"sentenceContent": "②호란을 막은 소현세자?='더 킹'은 대한제국과 대한민국이라는 두 개의 평행세계가 등장한다.",
				"subjectConsistencyYn": "Y"
			},
			{
				"sentenceNo": 22,
				"sentenceContent": "대한제국에서 대한민국으로 건너온 황제 이곤(이민호) 형사 정태을(김고은)에게 \\\"두 대한의 역사는 소현세자부터 달라졌다\\\"며 \\\"네의 세계에선 일찍이 돌아가셨고 내 역사에선 영종으로 역사에 남으셨어. 호란을 막아냈거든\\\"이라고 설명한다.",
				"subjectConsistencyYn": "Y"
			},
			{
				"sentenceNo": 23,
				"sentenceContent": "즉, 소현세자의 등극과 호란에서의 승리가 두 세계의 갈림길이 된 셈이다.",
				"subjectConsistencyYn": "Y"
			},
			{
				"sentenceNo": 24,
				"sentenceContent": "그런데 이같은 설정은 다소 어색한 면이 있다.",
				"subjectConsistencyYn": "Y"
			},
			{
				"sentenceNo": 25,
				"sentenceContent": "소현세자는 조선 16대왕 인조의 장남으로 병자호란 패배 후 청나라 수도 심양으로 끌려갔다.",
				"subjectConsistencyYn": "Y"
			},
			{
				"sentenceNo": 26,
				"sentenceContent": "그는 이곳에서 청나라 인사들과 교류하는 한편 서양인 신부와 접촉하며 서양 문물에도 깊은 관심을 보였다.",
				"subjectConsistencyYn": "Y"
			},
			{
				"sentenceNo": 27,
				"sentenceContent": "귀국 후에도 '반청(反淸)' 의식이 고조된 조정 분위기와 달리 청나라와의 교류를 선호했던 것으로 알려진 인물이다.",
				"subjectConsistencyYn": "Y"
			},
			{
				"sentenceNo": 28,
				"sentenceContent": "이미 호란이 끝난 데다 굳이 구분하자면 반청(反淸)보다는 '친청(親淸)'에 가까웠던 소현세자가 호란을 막아낸 영웅적 군주로 설정된 것이 어색한 이유다.",
				"subjectConsistencyYn": "Y"
			},
			{
				"sentenceNo": 29,
				"sentenceContent": "소현세자는 귀국 후 두 달 만에 급사했는데, 학계 일각에선 그가 청나라와 가까운 것을 못마땅하게 여긴 인조가 이같은 죽음을 기획했다는 설도 내놓고 있다.",
				"subjectConsistencyYn": "Y"
			},
			{
				"sentenceNo": 30,
				"sentenceContent": "이렇듯 캐릭터와 완벽하게 하나 된 차주영은 스토리에 힘을 더한 것은 물론 아슬아슬한 긴장감까지 불어넣으며 작품을 더욱 풍성하게 만들었다.",
				"subjectConsistencyYn": "N"
			},
			{
				"sentenceNo": 31,
				"sentenceContent": "한편, 차주영 주연의 OCN 토일드라마 ‘키마이라’는 매주 토, 일 오후 10시 30분에 방송된다.",
				"subjectConsistencyYn": "N"
			}
		],
		"clickbaitClass": 0
	}
}