{
	"sourceDataInfo": {
		"newsID": "ET_M03_494254",
		"newsCategory": "연예",
		"newsSubcategory": "연예가화제",
		"newsTitle": "이다 도시 “8월10일 노르망디서 재혼”",
		"newsSubTitle": "",
		"newsContent": "프랑스 출신 방송인 이다 도시가 오는 10일 결혼한다.\n이다 도시는 5일 자신의 소셜네트워크서비스(SNS)를 통해 예비 신랑과 찍은 사진을 공개하고 “다음 토요일(10일)에는 노르망디에서 재혼한다”고 밝혔다.\n이다 도시는 SNS에서 영어와 프랑스어, 한국어로 자신의 결혼 소식을 알리며 재혼만남, 재혼, 육인가족, 사랑, 행복 등의 해시태그를 붙였다.\n이다 도시는 1993년 한국 남성과 결혼 후 2010년 이혼했다.\n현재 둘째 아들과 한국에서 지내며 숙명여대 불어불문학과 교수로 재직 중이다.\n첫째 아들은 비행사 공부를 위해 프랑스에서 유학 중이다.",
		"partNum": "P2",
		"useType": 0,
		"processType": "A",
		"processPattern": "99",
		"processLevel": "하",
		"sentenceCount": 6,
		"processSentencenum": 1,
		"sentenceInfo": [
			{
				"sentenceNo": 1,
				"sentenceContent": "프랑스 출신 방송인 이다 도시가 오는 10일 결혼한다.",
				"sentenceSize": 30
			},
			{
				"sentenceNo": 2,
				"sentenceContent": "이다 도시는 5일 자신의 소셜네트워크서비스(SNS)를 통해 예비 신랑과 찍은 사진을 공개하고 “다음 토요일(10일)에는 노르망디에서 재혼한다”고 밝혔다.",
				"sentenceSize": 85
			},
			{
				"sentenceNo": 3,
				"sentenceContent": "이다 도시는 SNS에서 영어와 프랑스어, 한국어로 자신의 결혼 소식을 알리며 재혼만남, 재혼, 육인가족, 사랑, 행복 등의 해시태그를 붙였다.",
				"sentenceSize": 79
			},
			{
				"sentenceNo": 4,
				"sentenceContent": "이다 도시는 1993년 한국 남성과 결혼 후 2010년 이혼했다.",
				"sentenceSize": 36
			},
			{
				"sentenceNo": 5,
				"sentenceContent": "현재 둘째 아들과 한국에서 지내며 숙명여대 불어불문학과 교수로 재직 중이다.",
				"sentenceSize": 42
			},
			{
				"sentenceNo": 6,
				"sentenceContent": "첫째 아들은 비행사 공부를 위해 프랑스에서 유학 중이다.",
				"sentenceSize": 31
			}
		]
	},
	"labeledDataInfo": {
		"processSentenceInfo": [
			{
				"sentenceNo": 1,
				"sentenceContent": "프랑스 출신 방송인 이다 도시가 오는 10일 결혼한다.",
				"subjectConsistencyYn": "Y"
			},
			{
				"sentenceNo": 2,
				"sentenceContent": "이다 도시는 5일 자신의 소셜네트워크서비스(SNS)를 통해 예비 신랑과 찍은 사진을 공개하고 “다음 토요일(10일)에는 노르망디에서 재혼한다”고 밝혔다.",
				"subjectConsistencyYn": "Y"
			},
			{
				"sentenceNo": 3,
				"sentenceContent": "이다 도시는 SNS에서 영어와 프랑스어, 한국어로 자신의 결혼 소식을 알리며 재혼만남, 재혼, 육인가족, 사랑, 행복 등의 해시태그를 붙였다.",
				"subjectConsistencyYn": "Y"
			},
			{
				"sentenceNo": 4,
				"sentenceContent": "이다 도시는 1993년 한국 남성과 결혼 후 2010년 이혼했다.",
				"subjectConsistencyYn": "Y"
			},
			{
				"sentenceNo": 5,
				"sentenceContent": "현재 둘째 아들과 한국에서 지내며 숙명여대 불어불문학과 교수로 재직 중이다.",
				"subjectConsistencyYn": "Y"
			},
			{
				"sentenceNo": 6,
				"sentenceContent": "이처럼 태항호는 가슴 먹먹한 부자 케미부터 적재적소에 소식통 역할까지 도맡아하며 묵묵하게 극을 끌어가고 있다.",
				"subjectConsistencyYn": "N"
			},
			{
				"sentenceNo": 7,
				"sentenceContent": "나이를 뛰어넘는 높은 캐릭터 싱크로율과 소화력을 보여주며 없어서는 안 되는 감초 역할을 완벽히 해내고 있는 태항호가 또 어떤 활약을 보여줄지 기대가 모아진다.",
				"subjectConsistencyYn": "N"
			},
			{
				"sentenceNo": 8,
				"sentenceContent": "한편, ‘태종 이방원’은 매주 토, 일요일 오후 9시 40분에 방송된다.",
				"subjectConsistencyYn": "N"
			}
		],
		"clickbaitClass": 0
	}
}