{
	"sourceDataInfo": {
		"newsID": "ET_M03_494518",
		"newsCategory": "연예",
		"newsSubcategory": "연예,공연",
		"newsTitle": "故 종현 유작앨범, 美 '빌보드 200' 첫 진입",
		"newsSubTitle": "",
		"newsContent": "故 종현의 유작 앨범이 미국 빌보드 메인 차트 중 하나인 '빌보드 200'에 진입했다.\n30일(현지시간) 미국 빌보드가 발표한 2월 3일 자 최신 차트에 따르면 종현의 유작 앨범 '포에트ㅣ아티스트(Poet l Artist)'는 '빌보드 200'에 177위로 진입했다. '빌보드 200'은 한 주간 미국 내에서 가장 인기 있는 앨범 순위로 전통적인 앨범 판매, 디지털 음원 판매량 환산 음반 판매량(Track equivalent albums, TEA), 스트리밍 횟수 환산 음반 판매량(Streaming equivalent albums, SEA)을 기준으로 집계한다.\n이로써 종현은 '빌보드 200'에 진입한 네 번째 한국 솔로 아티스트가 됐다.\n앞서 '빌보드 200'에는 보아, 지드래곤, 태양이 이름을 올린 바 있다.\n또 종현은 빌보드 '월드 앨범' 차트에서는 1위에 오르기도 했다.\n앞서 지드래곤, 태양이 이 차트에서 1위를 기록한 바 있다.\n이번 앨범 수익은 종현의 어머니께 전달된다.\n종현의 어머니는 어려운 환경에 처한 이들을 돕는 재단을 설립할 예정이다.\n종현은 지난해 12월18일 오후 6시 10분쯤 서울 강남구 청담동의 한 레지던스에서 쓰러진 채 발견됐다.\n병원으로 이송됐지만 결국 사망했다.",
		"partNum": "P2",
		"useType": 0,
		"processType": "A",
		"processPattern": "99",
		"processLevel": "하",
		"sentenceCount": 10,
		"processSentencenum": 2,
		"sentenceInfo": [
			{
				"sentenceNo": 1,
				"sentenceContent": "故 종현의 유작 앨범이 미국 빌보드 메인 차트 중 하나인 '빌보드 200'에 진입했다.",
				"sentenceSize": 48
			},
			{
				"sentenceNo": 2,
				"sentenceContent": "30일(현지시간) 미국 빌보드가 발표한 2월 3일 자 최신 차트에 따르면 종현의 유작 앨범 '포에트ㅣ아티스트(Poet l Artist)'는 '빌보드 200'에 177위로 진입했다. '빌보드 200'은 한 주간 미국 내에서 가장 인기 있는 앨범 순위로 전통적인 앨범 판매, 디지털 음원 판매량 환산 음반 판매량(Track equivalent albums, TEA), 스트리밍 횟수 환산 음반 판매량(Streaming equivalent albums, SEA)을 기준으로 집계한다.",
				"sentenceSize": 267
			},
			{
				"sentenceNo": 3,
				"sentenceContent": "이로써 종현은 '빌보드 200'에 진입한 네 번째 한국 솔로 아티스트가 됐다.",
				"sentenceSize": 43
			},
			{
				"sentenceNo": 4,
				"sentenceContent": "앞서 '빌보드 200'에는 보아, 지드래곤, 태양이 이름을 올린 바 있다.",
				"sentenceSize": 41
			},
			{
				"sentenceNo": 5,
				"sentenceContent": "또 종현은 빌보드 '월드 앨범' 차트에서는 1위에 오르기도 했다.",
				"sentenceSize": 36
			},
			{
				"sentenceNo": 6,
				"sentenceContent": "앞서 지드래곤, 태양이 이 차트에서 1위를 기록한 바 있다.",
				"sentenceSize": 33
			},
			{
				"sentenceNo": 7,
				"sentenceContent": "이번 앨범 수익은 종현의 어머니께 전달된다.",
				"sentenceSize": 24
			},
			{
				"sentenceNo": 8,
				"sentenceContent": "종현의 어머니는 어려운 환경에 처한 이들을 돕는 재단을 설립할 예정이다.",
				"sentenceSize": 40
			},
			{
				"sentenceNo": 9,
				"sentenceContent": "종현은 지난해 12월18일 오후 6시 10분쯤 서울 강남구 청담동의 한 레지던스에서 쓰러진 채 발견됐다.",
				"sentenceSize": 58
			},
			{
				"sentenceNo": 10,
				"sentenceContent": "병원으로 이송됐지만 결국 사망했다.",
				"sentenceSize": 19
			}
		]
	},
	"labeledDataInfo": {
		"processSentenceInfo": [
			{
				"sentenceNo": 1,
				"sentenceContent": "故 종현의 유작 앨범이 미국 빌보드 메인 차트 중 하나인 '빌보드 200'에 진입했다.",
				"subjectConsistencyYn": "Y"
			},
			{
				"sentenceNo": 2,
				"sentenceContent": "30일(현지시간) 미국 빌보드가 발표한 2월 3일 자 최신 차트에 따르면 종현의 유작 앨범 '포에트ㅣ아티스트(Poet l Artist)'는 '빌보드 200'에 177위로 진입했다. '빌보드 200'은 한 주간 미국 내에서 가장 인기 있는 앨범 순위로 전통적인 앨범 판매, 디지털 음원 판매량 환산 음반 판매량(Track equivalent albums, TEA), 스트리밍 횟수 환산 음반 판매량(Streaming equivalent albums, SEA)을 기준으로 집계한다.",
				"subjectConsistencyYn": "Y"
			},
			{
				"sentenceNo": 3,
				"sentenceContent": "이로써 종현은 '빌보드 200'에 진입한 네 번째 한국 솔로 아티스트가 됐다.",
				"subjectConsistencyYn": "Y"
			},
			{
				"sentenceNo": 4,
				"sentenceContent": "앞서 '빌보드 200'에는 보아, 지드래곤, 태양이 이름을 올린 바 있다.",
				"subjectConsistencyYn": "Y"
			},
			{
				"sentenceNo": 5,
				"sentenceContent": "또 종현은 빌보드 '월드 앨범' 차트에서는 1위에 오르기도 했다.",
				"subjectConsistencyYn": "Y"
			},
			{
				"sentenceNo": 6,
				"sentenceContent": "앞서 지드래곤, 태양이 이 차트에서 1위를 기록한 바 있다.",
				"subjectConsistencyYn": "Y"
			},
			{
				"sentenceNo": 7,
				"sentenceContent": "이번 앨범 수익은 종현의 어머니께 전달된다.",
				"subjectConsistencyYn": "Y"
			},
			{
				"sentenceNo": 8,
				"sentenceContent": "종현의 어머니는 어려운 환경에 처한 이들을 돕는 재단을 설립할 예정이다.",
				"subjectConsistencyYn": "Y"
			},
			{
				"sentenceNo": 9,
				"sentenceContent": "또한 김태원에게는 “제가 (김태원을) 되게 좋아하는데 외모에서 풍기는 이미지가 대비마마 느낌이다”고 말해 웃음을 자아냈다.",
				"subjectConsistencyYn": "N"
			}
		],
		"clickbaitClass": 0
	}
}