{
	"sourceDataInfo": {
		"newsID": "ET_M03_494686",
		"newsCategory": "연예",
		"newsSubcategory": "연예가화제",
		"newsTitle": "MBC '뉴스데스크' 새 앵커에 박성호·손정은 낙점",
		"newsSubTitle": "",
		"newsContent": "최승호 신임 사장을 맞은 MBC가 간판 뉴스 프로그램 '뉴스데스크' 새 앵커로 박성호(45) 기자와 손정은 (37) 아나운서를 내정했다.\nMBC는 지난 7일 최 사장이 취임한 다음 날부터 뉴스 개편 작업에 들어가 배현진 앵커를 하차시키고 김수지 아나운서를 투입, '뉴스데스크'가 아닌 'MBC 뉴스'라는 이름으로 오후 8시 뉴스를 채우고 있다.\n11일 MBC 관계자에 따르면 박 기자와 손 아나운서는 평일 '뉴스데스크' 진행자로 내정됐다.\n주말은 김 아나운서가 책임진다.\n박 기자와 손 아나운서는 이르면 18일부터 '뉴스데스크'를 진행할 것으로 알려졌다.\n아울러 아침 뉴스 '뉴스투데이'는 박경추(48) 아나운서가 진행한다.\n박 기자는 MBC 기자협회장을 지냈고, 2012년 파업을 주도했다는 사유로 해고됐다가 최 사장과 함께 5년 만에 복직했다.\n손 아나운서는 2008년 김주하 전 MBC 아나운서에 이어 주말 '뉴스데스크' 앵커로 발탁되며 주목받았다.\n손 아나운서와 박 아나운서는 파업 이후 오랫동안 뉴스 진행을 하지 못했다.\n5년 만에 '아나운서'로서 카메라 앞에 선다.\n손 아나운서는 10월 25일 오후 서울광장에서 열린 '다시 만나도 좋은 친구' MBC 파업 콘서트에서 \\\"지난 5년 동안 제가 마이크를 잡지 못했던 것도 사실 슬펐지만 아나운서국 12명이 떠나는 모습을 보면서 사실 정말 괴로웠다\\\"며 눈물을 흘린 바 있다.",
		"partNum": "P2",
		"useType": 0,
		"processType": "A",
		"processPattern": "99",
		"processLevel": "하",
		"sentenceCount": 11,
		"processSentencenum": 3,
		"sentenceInfo": [
			{
				"sentenceNo": 1,
				"sentenceContent": "최승호 신임 사장을 맞은 MBC가 간판 뉴스 프로그램 '뉴스데스크' 새 앵커로 박성호(45) 기자와 손정은 (37) 아나운서를 내정했다.",
				"sentenceSize": 76
			},
			{
				"sentenceNo": 2,
				"sentenceContent": "MBC는 지난 7일 최 사장이 취임한 다음 날부터 뉴스 개편 작업에 들어가 배현진 앵커를 하차시키고 김수지 아나운서를 투입, '뉴스데스크'가 아닌 'MBC 뉴스'라는 이름으로 오후 8시 뉴스를 채우고 있다.",
				"sentenceSize": 115
			},
			{
				"sentenceNo": 3,
				"sentenceContent": "11일 MBC 관계자에 따르면 박 기자와 손 아나운서는 평일 '뉴스데스크' 진행자로 내정됐다.",
				"sentenceSize": 52
			},
			{
				"sentenceNo": 4,
				"sentenceContent": "주말은 김 아나운서가 책임진다.",
				"sentenceSize": 17
			},
			{
				"sentenceNo": 5,
				"sentenceContent": "박 기자와 손 아나운서는 이르면 18일부터 '뉴스데스크'를 진행할 것으로 알려졌다.",
				"sentenceSize": 46
			},
			{
				"sentenceNo": 6,
				"sentenceContent": "아울러 아침 뉴스 '뉴스투데이'는 박경추(48) 아나운서가 진행한다.",
				"sentenceSize": 38
			},
			{
				"sentenceNo": 7,
				"sentenceContent": "박 기자는 MBC 기자협회장을 지냈고, 2012년 파업을 주도했다는 사유로 해고됐다가 최 사장과 함께 5년 만에 복직했다.",
				"sentenceSize": 68
			},
			{
				"sentenceNo": 8,
				"sentenceContent": "손 아나운서는 2008년 김주하 전 MBC 아나운서에 이어 주말 '뉴스데스크' 앵커로 발탁되며 주목받았다.",
				"sentenceSize": 59
			},
			{
				"sentenceNo": 9,
				"sentenceContent": "손 아나운서와 박 아나운서는 파업 이후 오랫동안 뉴스 진행을 하지 못했다.",
				"sentenceSize": 41
			},
			{
				"sentenceNo": 10,
				"sentenceContent": "5년 만에 '아나운서'로서 카메라 앞에 선다.",
				"sentenceSize": 25
			},
			{
				"sentenceNo": 11,
				"sentenceContent": "손 아나운서는 10월 25일 오후 서울광장에서 열린 '다시 만나도 좋은 친구' MBC 파업 콘서트에서 \\\"지난 5년 동안 제가 마이크를 잡지 못했던 것도 사실 슬펐지만 아나운서국 12명이 떠나는 모습을 보면서 사실 정말 괴로웠다\\\"며 눈물을 흘린 바 있다.",
				"sentenceSize": 143
			}
		]
	},
	"labeledDataInfo": {
		"processSentenceInfo": [
			{
				"sentenceNo": 1,
				"sentenceContent": "최승호 신임 사장을 맞은 MBC가 간판 뉴스 프로그램 '뉴스데스크' 새 앵커로 박성호(45) 기자와 손정은 (37) 아나운서를 내정했다.",
				"subjectConsistencyYn": "Y"
			},
			{
				"sentenceNo": 2,
				"sentenceContent": "MBC는 지난 7일 최 사장이 취임한 다음 날부터 뉴스 개편 작업에 들어가 배현진 앵커를 하차시키고 김수지 아나운서를 투입, '뉴스데스크'가 아닌 'MBC 뉴스'라는 이름으로 오후 8시 뉴스를 채우고 있다.",
				"subjectConsistencyYn": "Y"
			},
			{
				"sentenceNo": 3,
				"sentenceContent": "11일 MBC 관계자에 따르면 박 기자와 손 아나운서는 평일 '뉴스데스크' 진행자로 내정됐다.",
				"subjectConsistencyYn": "Y"
			},
			{
				"sentenceNo": 4,
				"sentenceContent": "주말은 김 아나운서가 책임진다.",
				"subjectConsistencyYn": "Y"
			},
			{
				"sentenceNo": 5,
				"sentenceContent": "박 기자와 손 아나운서는 이르면 18일부터 '뉴스데스크'를 진행할 것으로 알려졌다.",
				"subjectConsistencyYn": "Y"
			},
			{
				"sentenceNo": 6,
				"sentenceContent": "아울러 아침 뉴스 '뉴스투데이'는 박경추(48) 아나운서가 진행한다.",
				"subjectConsistencyYn": "Y"
			},
			{
				"sentenceNo": 7,
				"sentenceContent": "박 기자는 MBC 기자협회장을 지냈고, 2012년 파업을 주도했다는 사유로 해고됐다가 최 사장과 함께 5년 만에 복직했다.",
				"subjectConsistencyYn": "Y"
			},
			{
				"sentenceNo": 8,
				"sentenceContent": "손 아나운서는 2008년 김주하 전 MBC 아나운서에 이어 주말 '뉴스데스크' 앵커로 발탁되며 주목받았다.",
				"subjectConsistencyYn": "Y"
			},
			{
				"sentenceNo": 9,
				"sentenceContent": "그렇게 휘는 대전의 문턱을 넘어 도열한 대소신료 사이를 걸어들어가 담담히 옥좌에 앉았다.",
				"subjectConsistencyYn": "N"
			},
			{
				"sentenceNo": 10,
				"sentenceContent": "KBS 2TV ‘연모’ 14회는 오늘(23일) 화요일 밤 9시30분에 방송된다.",
				"subjectConsistencyYn": "N"
			}
		],
		"clickbaitClass": 0
	}
}