{
	"sourceDataInfo": {
		"newsID": "ET_M03_494701",
		"newsCategory": "연예",
		"newsSubcategory": "영화",
		"newsTitle": "악당에 대처하는 비밀요원의 냉혹한 자세 ‘어쌔신:더 비기닝’",
		"newsSubTitle": "[매거진M] '어쌔신:더 비기닝' 영화 리뷰",
		"newsContent": "감독 마이클 쿠에스타 | 장르 액션, 스릴러 | 상영 시간 112분 | 등급 15세 관람가 ★★★ [매거진M] 휴양지 해변에서 여자친구에게 청혼한 청년 미치 랩(딜런 오브라이언). 그는 갑작스런 테러리스트의 공격에 여자친구를 잃는다.\n테러 집단에 복수하기 위해 긴 시간 수련해 온 미치는 전설적인 CIA 교관 스탠 헐리(마이클 키튼)를 만나 최정예 비밀요원으로 거듭난다.\n2015년 튀니지 해변 테러를 연상시키는 오프닝은 몹시 충격적이다.\n미치가 복수심을 다지는 과정도 설득력 있게 그려졌다.\n문제는 미치가 비밀요원이 된 이후의 상황. 격렬하고 스펙터클한 액션에 비해 이야기는 지루하고 진부하게 흘러간다.\n오락영화로는 그럭저럭 손색없지만, 이 영화만의 독창성은 거의 찾아보기 힘들다.\nTIP 빈스 플린의 스파이소설 『미치 랩』 시리즈가 원작이다.",
		"partNum": "P2",
		"useType": 0,
		"processType": "A",
		"processPattern": "99",
		"processLevel": "하",
		"sentenceCount": 7,
		"processSentencenum": 1,
		"sentenceInfo": [
			{
				"sentenceNo": 1,
				"sentenceContent": "감독 마이클 쿠에스타 | 장르 액션, 스릴러 | 상영 시간 112분 | 등급 15세 관람가 ★★★ [매거진M] 휴양지 해변에서 여자친구에게 청혼한 청년 미치 랩(딜런 오브라이언). 그는 갑작스런 테러리스트의 공격에 여자친구를 잃는다.",
				"sentenceSize": 130
			},
			{
				"sentenceNo": 2,
				"sentenceContent": "테러 집단에 복수하기 위해 긴 시간 수련해 온 미치는 전설적인 CIA 교관 스탠 헐리(마이클 키튼)를 만나 최정예 비밀요원으로 거듭난다.",
				"sentenceSize": 76
			},
			{
				"sentenceNo": 3,
				"sentenceContent": "2015년 튀니지 해변 테러를 연상시키는 오프닝은 몹시 충격적이다.",
				"sentenceSize": 37
			},
			{
				"sentenceNo": 4,
				"sentenceContent": "미치가 복수심을 다지는 과정도 설득력 있게 그려졌다.",
				"sentenceSize": 29
			},
			{
				"sentenceNo": 5,
				"sentenceContent": "문제는 미치가 비밀요원이 된 이후의 상황. 격렬하고 스펙터클한 액션에 비해 이야기는 지루하고 진부하게 흘러간다.",
				"sentenceSize": 62
			},
			{
				"sentenceNo": 6,
				"sentenceContent": "오락영화로는 그럭저럭 손색없지만, 이 영화만의 독창성은 거의 찾아보기 힘들다.",
				"sentenceSize": 43
			},
			{
				"sentenceNo": 7,
				"sentenceContent": "TIP 빈스 플린의 스파이소설 『미치 랩』 시리즈가 원작이다.",
				"sentenceSize": 34
			}
		]
	},
	"labeledDataInfo": {
		"processSentenceInfo": [
			{
				"sentenceNo": 1,
				"sentenceContent": "감독 마이클 쿠에스타 | 장르 액션, 스릴러 | 상영 시간 112분 | 등급 15세 관람가 ★★★ [매거진M] 휴양지 해변에서 여자친구에게 청혼한 청년 미치 랩(딜런 오브라이언). 그는 갑작스런 테러리스트의 공격에 여자친구를 잃는다.",
				"subjectConsistencyYn": "Y"
			},
			{
				"sentenceNo": 2,
				"sentenceContent": "테러 집단에 복수하기 위해 긴 시간 수련해 온 미치는 전설적인 CIA 교관 스탠 헐리(마이클 키튼)를 만나 최정예 비밀요원으로 거듭난다.",
				"subjectConsistencyYn": "Y"
			},
			{
				"sentenceNo": 3,
				"sentenceContent": "2015년 튀니지 해변 테러를 연상시키는 오프닝은 몹시 충격적이다.",
				"subjectConsistencyYn": "Y"
			},
			{
				"sentenceNo": 4,
				"sentenceContent": "미치가 복수심을 다지는 과정도 설득력 있게 그려졌다.",
				"subjectConsistencyYn": "Y"
			},
			{
				"sentenceNo": 5,
				"sentenceContent": "문제는 미치가 비밀요원이 된 이후의 상황. 격렬하고 스펙터클한 액션에 비해 이야기는 지루하고 진부하게 흘러간다.",
				"subjectConsistencyYn": "Y"
			},
			{
				"sentenceNo": 6,
				"sentenceContent": "오락영화로는 그럭저럭 손색없지만, 이 영화만의 독창성은 거의 찾아보기 힘들다.",
				"subjectConsistencyYn": "Y"
			},
			{
				"sentenceNo": 7,
				"sentenceContent": "라비의 ‘애니’ 챌린지는 오는 21일까지 진행되며, 챌린지 영상은 라비 틱톡 공식 계정을 통해 확인할 수 있다.",
				"subjectConsistencyYn": "N"
			}
		],
		"clickbaitClass": 0
	}
}