{
	"sourceDataInfo": {
		"newsID": "ET_M03_494528",
		"newsCategory": "연예",
		"newsSubcategory": "연예가화제",
		"newsTitle": "'부인상' 송해가 아내에게 전하는 마지막 메시지",
		"newsSubTitle": "",
		"newsContent": "방송인 송해(90)가 아내에게 마지막 인사를 건넸다.\n26일 오후 방송된 KBS '연예가 중계'에서는 송해의 아내 고(故) 석옥이씨의 발인식 모습이 그려졌다.\n석씨는 지난 20일 사망했다.\n향년 83세. 송해는 아내에게 \\\"'여보'하면 지금이라도 한걸음에 달려와 내가 그동안에 못했던 이야기가 너무 많구려. 마지막이라도 그 얘기라도 한 번 할게. 보고 싶어\\\"라고 말했다.\n그러면서 \\\"그 흔하게들 가는 여행 한 번을 따뜻하게 못 가서 팔도를 물론이고 전 세계를 돌아다니면서 동행 한 번 못했던 게 정말 한이 되는구려. 단숨에 달려와 마지막으로라도 그 얘기 한 번 할게. 보고 싶어\\\"라고 했다.\n또 \\\"헤어지는 아픔이 이렇게 아플 수가 있소. '밤이 깊었소'하면 '어서 주무시오.' (하던 소리) 정말 고마웠소\\\"라고 말하며 눈물을 흘렸다.\n송해와 석씨는 1952년 부부의 연을 맺었다.\n두 사람은 결혼 63년 만이던 2015년 결혼식을 올린 바 있다.",
		"partNum": "P2",
		"useType": 0,
		"processType": "A",
		"processPattern": "99",
		"processLevel": "하",
		"sentenceCount": 8,
		"processSentencenum": 2,
		"sentenceInfo": [
			{
				"sentenceNo": 1,
				"sentenceContent": "방송인 송해(90)가 아내에게 마지막 인사를 건넸다.",
				"sentenceSize": 29
			},
			{
				"sentenceNo": 2,
				"sentenceContent": "26일 오후 방송된 KBS '연예가 중계'에서는 송해의 아내 고(故) 석옥이씨의 발인식 모습이 그려졌다.",
				"sentenceSize": 58
			},
			{
				"sentenceNo": 3,
				"sentenceContent": "석씨는 지난 20일 사망했다.",
				"sentenceSize": 16
			},
			{
				"sentenceNo": 4,
				"sentenceContent": "향년 83세. 송해는 아내에게 \\\"'여보'하면 지금이라도 한걸음에 달려와 내가 그동안에 못했던 이야기가 너무 많구려. 마지막이라도 그 얘기라도 한 번 할게. 보고 싶어\\\"라고 말했다.",
				"sentenceSize": 102
			},
			{
				"sentenceNo": 5,
				"sentenceContent": "그러면서 \\\"그 흔하게들 가는 여행 한 번을 따뜻하게 못 가서 팔도를 물론이고 전 세계를 돌아다니면서 동행 한 번 못했던 게 정말 한이 되는구려. 단숨에 달려와 마지막으로라도 그 얘기 한 번 할게. 보고 싶어\\\"라고 했다.",
				"sentenceSize": 124
			},
			{
				"sentenceNo": 6,
				"sentenceContent": "또 \\\"헤어지는 아픔이 이렇게 아플 수가 있소. '밤이 깊었소'하면 '어서 주무시오.' (하던 소리) 정말 고마웠소\\\"라고 말하며 눈물을 흘렸다.",
				"sentenceSize": 81
			},
			{
				"sentenceNo": 7,
				"sentenceContent": "송해와 석씨는 1952년 부부의 연을 맺었다.",
				"sentenceSize": 25
			},
			{
				"sentenceNo": 8,
				"sentenceContent": "두 사람은 결혼 63년 만이던 2015년 결혼식을 올린 바 있다.",
				"sentenceSize": 36
			}
		]
	},
	"labeledDataInfo": {
		"processSentenceInfo": [
			{
				"sentenceNo": 1,
				"sentenceContent": "방송인 송해(90)가 아내에게 마지막 인사를 건넸다.",
				"subjectConsistencyYn": "Y"
			},
			{
				"sentenceNo": 2,
				"sentenceContent": "26일 오후 방송된 KBS '연예가 중계'에서는 송해의 아내 고(故) 석옥이씨의 발인식 모습이 그려졌다.",
				"subjectConsistencyYn": "Y"
			},
			{
				"sentenceNo": 3,
				"sentenceContent": "석씨는 지난 20일 사망했다.",
				"subjectConsistencyYn": "Y"
			},
			{
				"sentenceNo": 4,
				"sentenceContent": "향년 83세. 송해는 아내에게 \\\"'여보'하면 지금이라도 한걸음에 달려와 내가 그동안에 못했던 이야기가 너무 많구려. 마지막이라도 그 얘기라도 한 번 할게. 보고 싶어\\\"라고 말했다.",
				"subjectConsistencyYn": "Y"
			},
			{
				"sentenceNo": 5,
				"sentenceContent": "그러면서 \\\"그 흔하게들 가는 여행 한 번을 따뜻하게 못 가서 팔도를 물론이고 전 세계를 돌아다니면서 동행 한 번 못했던 게 정말 한이 되는구려. 단숨에 달려와 마지막으로라도 그 얘기 한 번 할게. 보고 싶어\\\"라고 했다.",
				"subjectConsistencyYn": "Y"
			},
			{
				"sentenceNo": 6,
				"sentenceContent": "또 \\\"헤어지는 아픔이 이렇게 아플 수가 있소. '밤이 깊었소'하면 '어서 주무시오.' (하던 소리) 정말 고마웠소\\\"라고 말하며 눈물을 흘렸다.",
				"subjectConsistencyYn": "Y"
			},
			{
				"sentenceNo": 7,
				"sentenceContent": "또 수술적 치료로 그 부위를 째고 병변을 긁어내는 시술도 있다.",
				"subjectConsistencyYn": "N"
			}
		],
		"clickbaitClass": 0
	}
}