{
	"sourceDataInfo": {
		"newsID": "ET_M03_494745",
		"newsCategory": "연예",
		"newsSubcategory": "연예가화제",
		"newsTitle": "\\\"사장이 더 많이 먹는\\\" 강식당 첫 예고편 공개",
		"newsSubTitle": "",
		"newsContent": "11월 29일 tvN '신서유기 외전 강식당' 예고편이 처음 공개됐다.\n예고편에는 개업 준비를 시작하는 '신서유기' 멤버 이수근, 은지원, 안재현, 송민호의 모습이 그려졌다.\n나영석 PD는 사전 모임에서 부담감을 토로하는 강호동에게 \\\"형이 메인 셰프\\\"라고 말했다.\n강호동은 \\\"평생을 먹는 것만 한 사람이다. 난 계란 프라이도 못 한다\\\"며 \\\"이런 걸 재미있어하는 걸 아는데 그래도 이건 아니다\\\"라며 걱정했다.\n이어 예고편에서는 남기지 않고 먹을 수 있을까 걱정되는 초대형 사이즈의 '강호동까스'의 압도적인 자태에 손님들이 깜짝 놀라는 모습이 공개됐다.\n또한 첫 영업에서 적자를 보고 실의에 잠긴 강호동의 모습도 그려졌다.\n이수근은 옆에서 \\\"재료 사 온 게 38만 원인데 22만 원 팔았다\\\"며 \\\"'신서유기'나 열심히 하자\\\"고 말해 웃음을 자아냈다. '강식당'에서 강호동은 주방장, 이수근-안재현 씨는 주방 보조, 은지원-송민호 씨는 홀서빙을 담당한다. '강식당'은 첫 방송은 12월 5일 오후 10시 50분 방영된다.\n한편 소식을 접한 네티즌들은 \\\"강호동까스 정말 먹어보고 싶다\\\" \\\"돈까스가 사람 몸통만 하다\\\" \\\"예고편만 봐도 재밌을 것 같다\\\" 등 방송이 기대된다는 반응을 보였다.",
		"partNum": "P2",
		"useType": 0,
		"processType": "A",
		"processPattern": "99",
		"processLevel": "하",
		"sentenceCount": 8,
		"processSentencenum": 1,
		"sentenceInfo": [
			{
				"sentenceNo": 1,
				"sentenceContent": "11월 29일 tvN '신서유기 외전 강식당' 예고편이 처음 공개됐다.",
				"sentenceSize": 39
			},
			{
				"sentenceNo": 2,
				"sentenceContent": "예고편에는 개업 준비를 시작하는 '신서유기' 멤버 이수근, 은지원, 안재현, 송민호의 모습이 그려졌다.",
				"sentenceSize": 57
			},
			{
				"sentenceNo": 3,
				"sentenceContent": "나영석 PD는 사전 모임에서 부담감을 토로하는 강호동에게 \\\"형이 메인 셰프\\\"라고 말했다.",
				"sentenceSize": 51
			},
			{
				"sentenceNo": 4,
				"sentenceContent": "강호동은 \\\"평생을 먹는 것만 한 사람이다. 난 계란 프라이도 못 한다\\\"며 \\\"이런 걸 재미있어하는 걸 아는데 그래도 이건 아니다\\\"라며 걱정했다.",
				"sentenceSize": 83
			},
			{
				"sentenceNo": 5,
				"sentenceContent": "이어 예고편에서는 남기지 않고 먹을 수 있을까 걱정되는 초대형 사이즈의 '강호동까스'의 압도적인 자태에 손님들이 깜짝 놀라는 모습이 공개됐다.",
				"sentenceSize": 79
			},
			{
				"sentenceNo": 6,
				"sentenceContent": "또한 첫 영업에서 적자를 보고 실의에 잠긴 강호동의 모습도 그려졌다.",
				"sentenceSize": 38
			},
			{
				"sentenceNo": 7,
				"sentenceContent": "이수근은 옆에서 \\\"재료 사 온 게 38만 원인데 22만 원 팔았다\\\"며 \\\"'신서유기'나 열심히 하자\\\"고 말해 웃음을 자아냈다. '강식당'에서 강호동은 주방장, 이수근-안재현 씨는 주방 보조, 은지원-송민호 씨는 홀서빙을 담당한다. '강식당'은 첫 방송은 12월 5일 오후 10시 50분 방영된다.",
				"sentenceSize": 168
			},
			{
				"sentenceNo": 8,
				"sentenceContent": "한편 소식을 접한 네티즌들은 \\\"강호동까스 정말 먹어보고 싶다\\\" \\\"돈까스가 사람 몸통만 하다\\\" \\\"예고편만 봐도 재밌을 것 같다\\\" 등 방송이 기대된다는 반응을 보였다.",
				"sentenceSize": 97
			}
		]
	},
	"labeledDataInfo": {
		"processSentenceInfo": [
			{
				"sentenceNo": 1,
				"sentenceContent": "11월 29일 tvN '신서유기 외전 강식당' 예고편이 처음 공개됐다.",
				"subjectConsistencyYn": "Y"
			},
			{
				"sentenceNo": 2,
				"sentenceContent": "예고편에는 개업 준비를 시작하는 '신서유기' 멤버 이수근, 은지원, 안재현, 송민호의 모습이 그려졌다.",
				"subjectConsistencyYn": "Y"
			},
			{
				"sentenceNo": 3,
				"sentenceContent": "나영석 PD는 사전 모임에서 부담감을 토로하는 강호동에게 \\\"형이 메인 셰프\\\"라고 말했다.",
				"subjectConsistencyYn": "Y"
			},
			{
				"sentenceNo": 4,
				"sentenceContent": "강호동은 \\\"평생을 먹는 것만 한 사람이다. 난 계란 프라이도 못 한다\\\"며 \\\"이런 걸 재미있어하는 걸 아는데 그래도 이건 아니다\\\"라며 걱정했다.",
				"subjectConsistencyYn": "Y"
			},
			{
				"sentenceNo": 5,
				"sentenceContent": "이어 예고편에서는 남기지 않고 먹을 수 있을까 걱정되는 초대형 사이즈의 '강호동까스'의 압도적인 자태에 손님들이 깜짝 놀라는 모습이 공개됐다.",
				"subjectConsistencyYn": "Y"
			},
			{
				"sentenceNo": 6,
				"sentenceContent": "또한 첫 영업에서 적자를 보고 실의에 잠긴 강호동의 모습도 그려졌다.",
				"subjectConsistencyYn": "Y"
			},
			{
				"sentenceNo": 7,
				"sentenceContent": "이수근은 옆에서 \\\"재료 사 온 게 38만 원인데 22만 원 팔았다\\\"며 \\\"'신서유기'나 열심히 하자\\\"고 말해 웃음을 자아냈다. '강식당'에서 강호동은 주방장, 이수근-안재현 씨는 주방 보조, 은지원-송민호 씨는 홀서빙을 담당한다. '강식당'은 첫 방송은 12월 5일 오후 10시 50분 방영된다.",
				"subjectConsistencyYn": "Y"
			},
			{
				"sentenceNo": 8,
				"sentenceContent": "이에 박 씨의 소속사 씨제스엔터테인먼트는 보도자료를 통해 \\\"유명인 흠집내기를 담보로 한 악의적인 공갈 협박에 타협하지 않을 것이다. 아직 경찰 측으로부터 공식적으로 피소 사실을 받은 바 없다\\\"는 공식입장을 밝혔다.",
				"subjectConsistencyYn": "N"
			}
		],
		"clickbaitClass": 0
	}
}