{
	"sourceDataInfo": {
		"newsID": "ET_M03_494678",
		"newsCategory": "연예",
		"newsSubcategory": "연예가화제",
		"newsTitle": "찰떡같은 소화력으로 '인간 구찌' 소리 듣는 방탄소년단 뷔",
		"newsSubTitle": "",
		"newsContent": "방탄소년단 뷔는 찰떡같은 소화력으로 팬들 사이에서 '인간 구찌'라는 별명까지 얻었다.\n브랜드 특유의 디자인을 잘 소화해내는 모습에 팬들이 붙여준 별명이다.\n작년 발매된 방탄소년단 앨범 'WINGS'의 컨셉포토에서 구찌 스타일링을 한 뷔의 모습이 크게 화제를 모은 바 있다.\n지난달 '아메리칸 뮤직 어워드(AMA)'에서 무대를 펼쳤을 당시에도 구찌와 함께였다.\n미국 CBS를 대표하는 유명 토크쇼 '더 레이트 레이트 쇼'에서도 구찌 헤드밴드와 넥타이로 스타일링했다.\n이 외 화제를 모았던 뷔의 의상들. 넥타이 신발 가방 네티즌들은 \\\"굉장히 튀는 스타일이지만 뷔의 이목구비가 또렷해 더욱 잘 어울리는 것 같다\\\" \\\"얼굴이 화려해서 화려한 의상이 찰떡이다\\\" \\\"잘생겨서 사실 어떻게 입던 잘 어울릴 것 같다\\\" 등의 반응을 보였다.",
		"partNum": "P2",
		"useType": 0,
		"processType": "A",
		"processPattern": "99",
		"processLevel": "하",
		"sentenceCount": 6,
		"processSentencenum": 1,
		"sentenceInfo": [
			{
				"sentenceNo": 1,
				"sentenceContent": "방탄소년단 뷔는 찰떡같은 소화력으로 팬들 사이에서 '인간 구찌'라는 별명까지 얻었다.",
				"sentenceSize": 47
			},
			{
				"sentenceNo": 2,
				"sentenceContent": "브랜드 특유의 디자인을 잘 소화해내는 모습에 팬들이 붙여준 별명이다.",
				"sentenceSize": 38
			},
			{
				"sentenceNo": 3,
				"sentenceContent": "작년 발매된 방탄소년단 앨범 'WINGS'의 컨셉포토에서 구찌 스타일링을 한 뷔의 모습이 크게 화제를 모은 바 있다.",
				"sentenceSize": 65
			},
			{
				"sentenceNo": 4,
				"sentenceContent": "지난달 '아메리칸 뮤직 어워드(AMA)'에서 무대를 펼쳤을 당시에도 구찌와 함께였다.",
				"sentenceSize": 47
			},
			{
				"sentenceNo": 5,
				"sentenceContent": "미국 CBS를 대표하는 유명 토크쇼 '더 레이트 레이트 쇼'에서도 구찌 헤드밴드와 넥타이로 스타일링했다.",
				"sentenceSize": 58
			},
			{
				"sentenceNo": 6,
				"sentenceContent": "이 외 화제를 모았던 뷔의 의상들. 넥타이 신발 가방 네티즌들은 \\\"굉장히 튀는 스타일이지만 뷔의 이목구비가 또렷해 더욱 잘 어울리는 것 같다\\\" \\\"얼굴이 화려해서 화려한 의상이 찰떡이다\\\" \\\"잘생겨서 사실 어떻게 입던 잘 어울릴 것 같다\\\" 등의 반응을 보였다.",
				"sentenceSize": 149
			}
		]
	},
	"labeledDataInfo": {
		"processSentenceInfo": [
			{
				"sentenceNo": 1,
				"sentenceContent": "방탄소년단 뷔는 찰떡같은 소화력으로 팬들 사이에서 '인간 구찌'라는 별명까지 얻었다.",
				"subjectConsistencyYn": "Y"
			},
			{
				"sentenceNo": 2,
				"sentenceContent": "브랜드 특유의 디자인을 잘 소화해내는 모습에 팬들이 붙여준 별명이다.",
				"subjectConsistencyYn": "Y"
			},
			{
				"sentenceNo": 3,
				"sentenceContent": "작년 발매된 방탄소년단 앨범 'WINGS'의 컨셉포토에서 구찌 스타일링을 한 뷔의 모습이 크게 화제를 모은 바 있다.",
				"subjectConsistencyYn": "Y"
			},
			{
				"sentenceNo": 4,
				"sentenceContent": "지난달 '아메리칸 뮤직 어워드(AMA)'에서 무대를 펼쳤을 당시에도 구찌와 함께였다.",
				"subjectConsistencyYn": "Y"
			},
			{
				"sentenceNo": 5,
				"sentenceContent": "미국 CBS를 대표하는 유명 토크쇼 '더 레이트 레이트 쇼'에서도 구찌 헤드밴드와 넥타이로 스타일링했다.",
				"subjectConsistencyYn": "Y"
			},
			{
				"sentenceNo": 6,
				"sentenceContent": "온라인 중앙일보 대종상 이유영[사진 영화 '간신' 캡처]",
				"subjectConsistencyYn": "N"
			}
		],
		"clickbaitClass": 0
	}
}