{
	"sourceDataInfo": {
		"newsID": "ET_M03_494416",
		"newsCategory": "연예",
		"newsSubcategory": "연예가화제",
		"newsTitle": "기안84 웹툰에 뜬금 등장한 ‘1일인거야~’ 문구",
		"newsSubTitle": "",
		"newsContent": "웹툰작가 기안84가 자신의 웹툰에 의미심장 문구를 남겼다.\n14일 올라온 기안84의 웹툰 ‘복학왕’ 졸업식 편에 나온 한 장면에서는 내용상 무관한 문구가 포착됐다.\n13학번 선배가 “학번은 이래도 마음은 청춘이야”라고 말하는 장면에서 “1일인 거야~”라는 문구가 하단에 숨겨져 있었다.\n이를 두고 열애를 시작한 기안84가 상대에게 마음을 표현한 것이 아니냐는 추측이 나왔다.\n특히 기안84의 열애 상대로 최근 예능 프로그램 ‘나 혼자 산다’에서 그와 러브라인을 형성하고 있는 방송인 박나래가 지목됐다.\n그러나 두 사람의 열애를 응원하는 팬들의 기대와 달리 단순 편집 실수였던 것으로 알려졌다. ‘나 혼자 산다’ 관계자는 이에 대해 “본인에게 확인한 결과 편집 수정 과정에서 생긴 단순 실수라고 한다”고 말했다.",
		"partNum": "P2",
		"useType": 0,
		"processType": "A",
		"processPattern": "99",
		"processLevel": "하",
		"sentenceCount": 6,
		"processSentencenum": 1,
		"sentenceInfo": [
			{
				"sentenceNo": 1,
				"sentenceContent": "웹툰작가 기안84가 자신의 웹툰에 의미심장 문구를 남겼다.",
				"sentenceSize": 32
			},
			{
				"sentenceNo": 2,
				"sentenceContent": "14일 올라온 기안84의 웹툰 ‘복학왕’ 졸업식 편에 나온 한 장면에서는 내용상 무관한 문구가 포착됐다.",
				"sentenceSize": 58
			},
			{
				"sentenceNo": 3,
				"sentenceContent": "13학번 선배가 “학번은 이래도 마음은 청춘이야”라고 말하는 장면에서 “1일인 거야~”라는 문구가 하단에 숨겨져 있었다.",
				"sentenceSize": 67
			},
			{
				"sentenceNo": 4,
				"sentenceContent": "이를 두고 열애를 시작한 기안84가 상대에게 마음을 표현한 것이 아니냐는 추측이 나왔다.",
				"sentenceSize": 49
			},
			{
				"sentenceNo": 5,
				"sentenceContent": "특히 기안84의 열애 상대로 최근 예능 프로그램 ‘나 혼자 산다’에서 그와 러브라인을 형성하고 있는 방송인 박나래가 지목됐다.",
				"sentenceSize": 70
			},
			{
				"sentenceNo": 6,
				"sentenceContent": "그러나 두 사람의 열애를 응원하는 팬들의 기대와 달리 단순 편집 실수였던 것으로 알려졌다. ‘나 혼자 산다’ 관계자는 이에 대해 “본인에게 확인한 결과 편집 수정 과정에서 생긴 단순 실수라고 한다”고 말했다.",
				"sentenceSize": 116
			}
		]
	},
	"labeledDataInfo": {
		"processSentenceInfo": [
			{
				"sentenceNo": 1,
				"sentenceContent": "웹툰작가 기안84가 자신의 웹툰에 의미심장 문구를 남겼다.",
				"subjectConsistencyYn": "Y"
			},
			{
				"sentenceNo": 2,
				"sentenceContent": "14일 올라온 기안84의 웹툰 ‘복학왕’ 졸업식 편에 나온 한 장면에서는 내용상 무관한 문구가 포착됐다.",
				"subjectConsistencyYn": "Y"
			},
			{
				"sentenceNo": 3,
				"sentenceContent": "13학번 선배가 “학번은 이래도 마음은 청춘이야”라고 말하는 장면에서 “1일인 거야~”라는 문구가 하단에 숨겨져 있었다.",
				"subjectConsistencyYn": "Y"
			},
			{
				"sentenceNo": 4,
				"sentenceContent": "이를 두고 열애를 시작한 기안84가 상대에게 마음을 표현한 것이 아니냐는 추측이 나왔다.",
				"subjectConsistencyYn": "Y"
			},
			{
				"sentenceNo": 5,
				"sentenceContent": "특히 기안84의 열애 상대로 최근 예능 프로그램 ‘나 혼자 산다’에서 그와 러브라인을 형성하고 있는 방송인 박나래가 지목됐다.",
				"subjectConsistencyYn": "Y"
			},
			{
				"sentenceNo": 6,
				"sentenceContent": "2012년 신소연이 부산 사직구장에서 열린 경기에 시구자로 참석했을 당시 강민호가 먼저 호감을 느껴 점차 가까워진 것으로 알려졌다.",
				"subjectConsistencyYn": "N"
			}
		],
		"clickbaitClass": 0
	}
}