{
	"sourceDataInfo": {
		"newsID": "ET_M03_494600",
		"newsCategory": "연예",
		"newsSubcategory": "영화",
		"newsTitle": "골든글로브 시상식 나선 여배우들 ‘검은 드레스’ 물결 이유는",
		"newsSubTitle": "하비 웨인스타인 '성폭력' 논란에 항의하는 의미",
		"newsContent": "할리우드 여배우들이 7일(현지시간) 열린 골든글로브 시상식에서 검은 드레스로 현장을 물들였다.\nCNN 등에 따르면 이날 캘리포니아주 로스앤젤레스(LA) 베벌리힐튼호텔에서 열리고 있는 제75회 골든글로브 시상식장에서 여배우들이 일제히 블랙 드레스 차림으로 참석하고 있다.\n이는 지난해 거물 영화제작자 하비 웨인스타인 사태로 촉발된 할리우드 영화계 성폭력 논란에 항의하는 의미다.\n일부 여성들은 보석 대신 가슴에 ‘타임즈 업(Time‘s Up)’이란 핀을 달기도 했다. ‘타임즈 업’은 여배우, 프로듀서, 작가 등 할리우드 업계에서 일하는 여성 300여명이 업계는 물론 미국 사회에서 성추행과 성폭력, 성차별을 없애기 위해서 결성한 단체 이름이다.\n하비 웨인스타인으로부터 성추행을 당한 경험을 폭로했던 애슐리 저드는 이날 시상식에 참석하기에 앞서 인스타그램을 통해 ‘왜 우리는 검은 옷을 입는가( #WhyWeWearBlack)’라는 태그를 달기도 했다.\n배우 리즈 위더스푼, 케리 워싱턴, 브리 라슨 등도 7일 소셜미디어에 글과 사진, 동영상 등을 올려 연대를 표시했다.\n3월 열리는 아카데미 시상식의 전초전이라 불리는 골든글로브 시상식은 할리우드 외신 기자 협히가 주관하며, 뮤지컬ㆍ코미디 부문ㆍ드라마 부문으로 나눠 시상을 진행한다.\n현지시간으로 7일 오후, 한국시간으로 8일 오전 10시부터 열리고 있다.",
		"partNum": "P2",
		"useType": 0,
		"processType": "A",
		"processPattern": "99",
		"processLevel": "하",
		"sentenceCount": 8,
		"processSentencenum": 2,
		"sentenceInfo": [
			{
				"sentenceNo": 1,
				"sentenceContent": "할리우드 여배우들이 7일(현지시간) 열린 골든글로브 시상식에서 검은 드레스로 현장을 물들였다.",
				"sentenceSize": 52
			},
			{
				"sentenceNo": 2,
				"sentenceContent": "CNN 등에 따르면 이날 캘리포니아주 로스앤젤레스(LA) 베벌리힐튼호텔에서 열리고 있는 제75회 골든글로브 시상식장에서 여배우들이 일제히 블랙 드레스 차림으로 참석하고 있다.",
				"sentenceSize": 97
			},
			{
				"sentenceNo": 3,
				"sentenceContent": "이는 지난해 거물 영화제작자 하비 웨인스타인 사태로 촉발된 할리우드 영화계 성폭력 논란에 항의하는 의미다.",
				"sentenceSize": 59
			},
			{
				"sentenceNo": 4,
				"sentenceContent": "일부 여성들은 보석 대신 가슴에 ‘타임즈 업(Time‘s Up)’이란 핀을 달기도 했다. ‘타임즈 업’은 여배우, 프로듀서, 작가 등 할리우드 업계에서 일하는 여성 300여명이 업계는 물론 미국 사회에서 성추행과 성폭력, 성차별을 없애기 위해서 결성한 단체 이름이다.",
				"sentenceSize": 149
			},
			{
				"sentenceNo": 5,
				"sentenceContent": "하비 웨인스타인으로부터 성추행을 당한 경험을 폭로했던 애슐리 저드는 이날 시상식에 참석하기에 앞서 인스타그램을 통해 ‘왜 우리는 검은 옷을 입는가( #WhyWeWearBlack)’라는 태그를 달기도 했다.",
				"sentenceSize": 114
			},
			{
				"sentenceNo": 6,
				"sentenceContent": "배우 리즈 위더스푼, 케리 워싱턴, 브리 라슨 등도 7일 소셜미디어에 글과 사진, 동영상 등을 올려 연대를 표시했다.",
				"sentenceSize": 65
			},
			{
				"sentenceNo": 7,
				"sentenceContent": "3월 열리는 아카데미 시상식의 전초전이라 불리는 골든글로브 시상식은 할리우드 외신 기자 협히가 주관하며, 뮤지컬ㆍ코미디 부문ㆍ드라마 부문으로 나눠 시상을 진행한다.",
				"sentenceSize": 91
			},
			{
				"sentenceNo": 8,
				"sentenceContent": "현지시간으로 7일 오후, 한국시간으로 8일 오전 10시부터 열리고 있다.",
				"sentenceSize": 40
			}
		]
	},
	"labeledDataInfo": {
		"processSentenceInfo": [
			{
				"sentenceNo": 1,
				"sentenceContent": "할리우드 여배우들이 7일(현지시간) 열린 골든글로브 시상식에서 검은 드레스로 현장을 물들였다.",
				"subjectConsistencyYn": "Y"
			},
			{
				"sentenceNo": 2,
				"sentenceContent": "CNN 등에 따르면 이날 캘리포니아주 로스앤젤레스(LA) 베벌리힐튼호텔에서 열리고 있는 제75회 골든글로브 시상식장에서 여배우들이 일제히 블랙 드레스 차림으로 참석하고 있다.",
				"subjectConsistencyYn": "Y"
			},
			{
				"sentenceNo": 3,
				"sentenceContent": "이는 지난해 거물 영화제작자 하비 웨인스타인 사태로 촉발된 할리우드 영화계 성폭력 논란에 항의하는 의미다.",
				"subjectConsistencyYn": "Y"
			},
			{
				"sentenceNo": 4,
				"sentenceContent": "일부 여성들은 보석 대신 가슴에 ‘타임즈 업(Time‘s Up)’이란 핀을 달기도 했다. ‘타임즈 업’은 여배우, 프로듀서, 작가 등 할리우드 업계에서 일하는 여성 300여명이 업계는 물론 미국 사회에서 성추행과 성폭력, 성차별을 없애기 위해서 결성한 단체 이름이다.",
				"subjectConsistencyYn": "Y"
			},
			{
				"sentenceNo": 5,
				"sentenceContent": "하비 웨인스타인으로부터 성추행을 당한 경험을 폭로했던 애슐리 저드는 이날 시상식에 참석하기에 앞서 인스타그램을 통해 ‘왜 우리는 검은 옷을 입는가( #WhyWeWearBlack)’라는 태그를 달기도 했다.",
				"subjectConsistencyYn": "Y"
			},
			{
				"sentenceNo": 6,
				"sentenceContent": "배우 리즈 위더스푼, 케리 워싱턴, 브리 라슨 등도 7일 소셜미디어에 글과 사진, 동영상 등을 올려 연대를 표시했다.",
				"subjectConsistencyYn": "Y"
			},
			{
				"sentenceNo": 7,
				"sentenceContent": "한편 김주나가 김수현의 이복동생인 것으로 알려지자 누리꾼들은 \\\"김수현 이복동생 김주나...피는 못 속여\\\" \\\"김수현 이복동생 김주나...이쁘네\\\" \\\"김수현 이복동생 김주나...가정사가 있었구나\\\" 등의 반응을 보였다. '김수현 이복동생 김주나' 온라인 중앙일보 [사진 중앙포토] '김수현 이복동생 김주나'",
				"subjectConsistencyYn": "N"
			}
		],
		"clickbaitClass": 0
	}
}