{
	"sourceDataInfo": {
		"newsID": "ET_M03_494673",
		"newsCategory": "연예",
		"newsSubcategory": "연예가화제",
		"newsTitle": "헬로비너스 나라 '나의 아저씨' 출연 확정…아이유와 호흡",
		"newsSubTitle": "",
		"newsContent": "아이돌 그룹 헬로비너스 멤버 나라가 드라마 '나의 아저씨'에 출연한다.\n헬로비너스 나라 소속사 판타지오는 tvN 새 드라마 '나의 아저씨'에 나라가 출연한다고 밝혔다.\n극 중에서 나라는 영화배우 유라 역을 연기한다.\n유라는 영화감독 박기훈 역의 송새벽과 티격태격 러브라인을 형성하는 캐릭터다. '나의 아저씨'는 '미생' '시그널'의 김원석 PD와 '또 오해영'의 박해영 작가가 참여하는 것으로 화제를 모은 바 있다.\n이선균, 아이유, 나문희, 오달수, 송새벽 등 특급 배우들이 출연한다. '나의 아저씨'는 각자의 방법으로 삶의 무게를 무던히 버텨내고 있는 아저씨 삼형제와, 그들과는 다르지만 마찬가지로 삶의 고단함을 겪어왔던 거칠고 차가운 여자가 상대방의 삶을 바라보며 서로를 치유하게 되는 이야기를 그린다.\n드라마 '마더'의 후속으로 내년 상반기 처음 방송될 예정이다.",
		"partNum": "P2",
		"useType": 0,
		"processType": "A",
		"processPattern": "99",
		"processLevel": "하",
		"sentenceCount": 6,
		"processSentencenum": 1,
		"sentenceInfo": [
			{
				"sentenceNo": 1,
				"sentenceContent": "아이돌 그룹 헬로비너스 멤버 나라가 드라마 '나의 아저씨'에 출연한다.",
				"sentenceSize": 39
			},
			{
				"sentenceNo": 2,
				"sentenceContent": "헬로비너스 나라 소속사 판타지오는 tvN 새 드라마 '나의 아저씨'에 나라가 출연한다고 밝혔다.",
				"sentenceSize": 53
			},
			{
				"sentenceNo": 3,
				"sentenceContent": "극 중에서 나라는 영화배우 유라 역을 연기한다.",
				"sentenceSize": 26
			},
			{
				"sentenceNo": 4,
				"sentenceContent": "유라는 영화감독 박기훈 역의 송새벽과 티격태격 러브라인을 형성하는 캐릭터다. '나의 아저씨'는 '미생' '시그널'의 김원석 PD와 '또 오해영'의 박해영 작가가 참여하는 것으로 화제를 모은 바 있다.",
				"sentenceSize": 111
			},
			{
				"sentenceNo": 5,
				"sentenceContent": "이선균, 아이유, 나문희, 오달수, 송새벽 등 특급 배우들이 출연한다. '나의 아저씨'는 각자의 방법으로 삶의 무게를 무던히 버텨내고 있는 아저씨 삼형제와, 그들과는 다르지만 마찬가지로 삶의 고단함을 겪어왔던 거칠고 차가운 여자가 상대방의 삶을 바라보며 서로를 치유하게 되는 이야기를 그린다.",
				"sentenceSize": 163
			},
			{
				"sentenceNo": 6,
				"sentenceContent": "드라마 '마더'의 후속으로 내년 상반기 처음 방송될 예정이다.",
				"sentenceSize": 34
			}
		]
	},
	"labeledDataInfo": {
		"processSentenceInfo": [
			{
				"sentenceNo": 1,
				"sentenceContent": "아이돌 그룹 헬로비너스 멤버 나라가 드라마 '나의 아저씨'에 출연한다.",
				"subjectConsistencyYn": "Y"
			},
			{
				"sentenceNo": 2,
				"sentenceContent": "헬로비너스 나라 소속사 판타지오는 tvN 새 드라마 '나의 아저씨'에 나라가 출연한다고 밝혔다.",
				"subjectConsistencyYn": "Y"
			},
			{
				"sentenceNo": 3,
				"sentenceContent": "극 중에서 나라는 영화배우 유라 역을 연기한다.",
				"subjectConsistencyYn": "Y"
			},
			{
				"sentenceNo": 4,
				"sentenceContent": "유라는 영화감독 박기훈 역의 송새벽과 티격태격 러브라인을 형성하는 캐릭터다. '나의 아저씨'는 '미생' '시그널'의 김원석 PD와 '또 오해영'의 박해영 작가가 참여하는 것으로 화제를 모은 바 있다.",
				"subjectConsistencyYn": "Y"
			},
			{
				"sentenceNo": 5,
				"sentenceContent": "이선균, 아이유, 나문희, 오달수, 송새벽 등 특급 배우들이 출연한다. '나의 아저씨'는 각자의 방법으로 삶의 무게를 무던히 버텨내고 있는 아저씨 삼형제와, 그들과는 다르지만 마찬가지로 삶의 고단함을 겪어왔던 거칠고 차가운 여자가 상대방의 삶을 바라보며 서로를 치유하게 되는 이야기를 그린다.",
				"subjectConsistencyYn": "Y"
			},
			{
				"sentenceNo": 6,
				"sentenceContent": "뿐만 아니라 범죄 심리 수사극 장르에 걸맞게 달라진 김남길의 연기와 아우라 또한 깊은 인상을 남겼다. ‘악의 마음을 읽는 자들’은 오는 14일 오후 10시 첫 방송된다.",
				"subjectConsistencyYn": "N"
			}
		],
		"clickbaitClass": 0
	}
}