{
	"sourceDataInfo": {
		"newsID": "ET_M03_494580",
		"newsCategory": "연예",
		"newsSubcategory": "연예가화제",
		"newsTitle": "'먹방'의 달인 하정우를 바라보는 스태프의 시선",
		"newsSubTitle": "",
		"newsContent": "'먹는 연기'하면 머릿속에 가장 먼저 떠오르는 배우가 있다.\n하정우가 그 주인공이다.\n영화 '아가씨' 촬영 중 하정우가 선보인 '먹방' 연기에 스태프들이 웃음바다가 된 장면이 다시금 화제가 됐다.\n지난해 5월, SBS 프로그램 '접속! 무비월드'에서는 영화 '아가씨' 촬영 현장을 생생하게 전달했다.\n네티즌들의 눈을 사로잡은 것은 평소 맛있게 먹는 연기로 유명한 하정우가 복숭아 먹방을 선보이는 장면이었다.\n극 중에서 하정우는 하녀에게 복숭아를 대접받아 대충 한입 깨물고는 \\\"잘 익은 것 같구나\\\"라고 일본어로 나지막이 말했다.\n평범하게 촬영할 수 있는 장면이었지만, 하정우는 복숭아 과즙이 사방으로 튈 정도로 알찬 '먹방'을 선보였다.\n이를 지켜보던 스태프들은 폭소를 터뜨렸다.\n촬영된 장면을 지켜보던 하정우도 허탈한 듯 웃어 보였다.\n화기애애한 영화 촬영 현장을 본 네티즌들은 \\\"'복숭아 톡톡'을 외치는 특정 음료 광고가 생각난다\\\" \\\"촬영 현장 분위기가 너무 좋다\\\" \\\"하정우가 아니면 저런 느낌을 낼 수 없을 것 같다\\\" 등의 반응을 보였다.",
		"partNum": "P2",
		"useType": 0,
		"processType": "A",
		"processPattern": "99",
		"processLevel": "하",
		"sentenceCount": 10,
		"processSentencenum": 1,
		"sentenceInfo": [
			{
				"sentenceNo": 1,
				"sentenceContent": "'먹는 연기'하면 머릿속에 가장 먼저 떠오르는 배우가 있다.",
				"sentenceSize": 33
			},
			{
				"sentenceNo": 2,
				"sentenceContent": "하정우가 그 주인공이다.",
				"sentenceSize": 13
			},
			{
				"sentenceNo": 3,
				"sentenceContent": "영화 '아가씨' 촬영 중 하정우가 선보인 '먹방' 연기에 스태프들이 웃음바다가 된 장면이 다시금 화제가 됐다.",
				"sentenceSize": 61
			},
			{
				"sentenceNo": 4,
				"sentenceContent": "지난해 5월, SBS 프로그램 '접속! 무비월드'에서는 영화 '아가씨' 촬영 현장을 생생하게 전달했다.",
				"sentenceSize": 57
			},
			{
				"sentenceNo": 5,
				"sentenceContent": "네티즌들의 눈을 사로잡은 것은 평소 맛있게 먹는 연기로 유명한 하정우가 복숭아 먹방을 선보이는 장면이었다.",
				"sentenceSize": 59
			},
			{
				"sentenceNo": 6,
				"sentenceContent": "극 중에서 하정우는 하녀에게 복숭아를 대접받아 대충 한입 깨물고는 \\\"잘 익은 것 같구나\\\"라고 일본어로 나지막이 말했다.",
				"sentenceSize": 68
			},
			{
				"sentenceNo": 7,
				"sentenceContent": "평범하게 촬영할 수 있는 장면이었지만, 하정우는 복숭아 과즙이 사방으로 튈 정도로 알찬 '먹방'을 선보였다.",
				"sentenceSize": 60
			},
			{
				"sentenceNo": 8,
				"sentenceContent": "이를 지켜보던 스태프들은 폭소를 터뜨렸다.",
				"sentenceSize": 23
			},
			{
				"sentenceNo": 9,
				"sentenceContent": "촬영된 장면을 지켜보던 하정우도 허탈한 듯 웃어 보였다.",
				"sentenceSize": 31
			},
			{
				"sentenceNo": 10,
				"sentenceContent": "화기애애한 영화 촬영 현장을 본 네티즌들은 \\\"'복숭아 톡톡'을 외치는 특정 음료 광고가 생각난다\\\" \\\"촬영 현장 분위기가 너무 좋다\\\" \\\"하정우가 아니면 저런 느낌을 낼 수 없을 것 같다\\\" 등의 반응을 보였다.",
				"sentenceSize": 121
			}
		]
	},
	"labeledDataInfo": {
		"processSentenceInfo": [
			{
				"sentenceNo": 1,
				"sentenceContent": "'먹는 연기'하면 머릿속에 가장 먼저 떠오르는 배우가 있다.",
				"subjectConsistencyYn": "Y"
			},
			{
				"sentenceNo": 2,
				"sentenceContent": "하정우가 그 주인공이다.",
				"subjectConsistencyYn": "Y"
			},
			{
				"sentenceNo": 3,
				"sentenceContent": "영화 '아가씨' 촬영 중 하정우가 선보인 '먹방' 연기에 스태프들이 웃음바다가 된 장면이 다시금 화제가 됐다.",
				"subjectConsistencyYn": "Y"
			},
			{
				"sentenceNo": 4,
				"sentenceContent": "지난해 5월, SBS 프로그램 '접속! 무비월드'에서는 영화 '아가씨' 촬영 현장을 생생하게 전달했다.",
				"subjectConsistencyYn": "Y"
			},
			{
				"sentenceNo": 5,
				"sentenceContent": "네티즌들의 눈을 사로잡은 것은 평소 맛있게 먹는 연기로 유명한 하정우가 복숭아 먹방을 선보이는 장면이었다.",
				"subjectConsistencyYn": "Y"
			},
			{
				"sentenceNo": 6,
				"sentenceContent": "극 중에서 하정우는 하녀에게 복숭아를 대접받아 대충 한입 깨물고는 \\\"잘 익은 것 같구나\\\"라고 일본어로 나지막이 말했다.",
				"subjectConsistencyYn": "Y"
			},
			{
				"sentenceNo": 7,
				"sentenceContent": "평범하게 촬영할 수 있는 장면이었지만, 하정우는 복숭아 과즙이 사방으로 튈 정도로 알찬 '먹방'을 선보였다.",
				"subjectConsistencyYn": "Y"
			},
			{
				"sentenceNo": 8,
				"sentenceContent": "이를 지켜보던 스태프들은 폭소를 터뜨렸다.",
				"subjectConsistencyYn": "Y"
			},
			{
				"sentenceNo": 9,
				"sentenceContent": "촬영된 장면을 지켜보던 하정우도 허탈한 듯 웃어 보였다.",
				"subjectConsistencyYn": "Y"
			},
			{
				"sentenceNo": 10,
				"sentenceContent": "연말 가요계에 신선한 바람을 일으킨 록킹돌은 Z세대의 취향을 저격하는 다양한 콘텐츠를 공개하며 꾸준한 소통을 이어나간다.",
				"subjectConsistencyYn": "N"
			}
		],
		"clickbaitClass": 0
	}
}