{
	"sourceDataInfo": {
		"newsID": "ET_M03_494410",
		"newsCategory": "연예",
		"newsSubcategory": "연예가화제",
		"newsTitle": "조현재, 5년 열애 끝에 결혼한다…예비신부는 프로골퍼 출신 사업가",
		"newsSubTitle": "",
		"newsContent": "배우 조현재(38)가 결혼한다.\n조현재는 18일 자신의 팬카페를 통해 결혼 소식을 밝히며, 심경을 전했다.\n조현재는 “여러분들과 같은 마음으로 옆에서 가족처럼 힘이 되어주고 응원해주는 한 사람과 5년이라는 시간 동안 서로 알아가고 함께 사랑을 키워왔다. 그래서 이제 서로의 뜻을 같이해 혼인서약을 맺을 준비를 하고 있음을여러분께 조금이나마 먼저 알려드리고자 한다”고 밝혔다.\n조현재의 예비 신부는 프로골퍼 출신의 사업가로, 두 사람은 오랜 시간 만남을 이어오다 결혼의 결실을 보게 됐다.\n조현재는 “일이나 방송이 아닌 사적인 부분이고 반려자가 될 사람이 비연예인이기 때문에 사생활을 지켜주고 싶은 마음에 이렇게 소식이 늦은 점 양해부탁드린다”며 “여러분들과 함께 지내온 신뢰와 사랑의 시간처럼 저도 충만한 가정을 꾸리려 한다. 인생의 중대사를 맞아 각오를 새롭게 하고 새로운 시작이라 생각하며 가정이나, 배우의 자리에서 모두 열심히 최선을 다하겠다”고 했다.\n조현재는 2000년 음료 광고로 데뷔한 후 드라마 ‘첫사랑’ ‘온리유’ ‘49일’ ‘용팔이’ 등 다양한 작품에 출연했다.",
		"partNum": "P2",
		"useType": 0,
		"processType": "A",
		"processPattern": "99",
		"processLevel": "하",
		"sentenceCount": 6,
		"processSentencenum": 1,
		"sentenceInfo": [
			{
				"sentenceNo": 1,
				"sentenceContent": "배우 조현재(38)가 결혼한다.",
				"sentenceSize": 17
			},
			{
				"sentenceNo": 2,
				"sentenceContent": "조현재는 18일 자신의 팬카페를 통해 결혼 소식을 밝히며, 심경을 전했다.",
				"sentenceSize": 41
			},
			{
				"sentenceNo": 3,
				"sentenceContent": "조현재는 “여러분들과 같은 마음으로 옆에서 가족처럼 힘이 되어주고 응원해주는 한 사람과 5년이라는 시간 동안 서로 알아가고 함께 사랑을 키워왔다. 그래서 이제 서로의 뜻을 같이해 혼인서약을 맺을 준비를 하고 있음을여러분께 조금이나마 먼저 알려드리고자 한다”고 밝혔다.",
				"sentenceSize": 149
			},
			{
				"sentenceNo": 4,
				"sentenceContent": "조현재의 예비 신부는 프로골퍼 출신의 사업가로, 두 사람은 오랜 시간 만남을 이어오다 결혼의 결실을 보게 됐다.",
				"sentenceSize": 62
			},
			{
				"sentenceNo": 5,
				"sentenceContent": "조현재는 “일이나 방송이 아닌 사적인 부분이고 반려자가 될 사람이 비연예인이기 때문에 사생활을 지켜주고 싶은 마음에 이렇게 소식이 늦은 점 양해부탁드린다”며 “여러분들과 함께 지내온 신뢰와 사랑의 시간처럼 저도 충만한 가정을 꾸리려 한다. 인생의 중대사를 맞아 각오를 새롭게 하고 새로운 시작이라 생각하며 가정이나, 배우의 자리에서 모두 열심히 최선을 다하겠다”고 했다.",
				"sentenceSize": 207
			},
			{
				"sentenceNo": 6,
				"sentenceContent": "조현재는 2000년 음료 광고로 데뷔한 후 드라마 ‘첫사랑’ ‘온리유’ ‘49일’ ‘용팔이’ 등 다양한 작품에 출연했다.",
				"sentenceSize": 67
			}
		]
	},
	"labeledDataInfo": {
		"processSentenceInfo": [
			{
				"sentenceNo": 1,
				"sentenceContent": "배우 조현재(38)가 결혼한다.",
				"subjectConsistencyYn": "Y"
			},
			{
				"sentenceNo": 2,
				"sentenceContent": "조현재는 18일 자신의 팬카페를 통해 결혼 소식을 밝히며, 심경을 전했다.",
				"subjectConsistencyYn": "Y"
			},
			{
				"sentenceNo": 3,
				"sentenceContent": "조현재는 “여러분들과 같은 마음으로 옆에서 가족처럼 힘이 되어주고 응원해주는 한 사람과 5년이라는 시간 동안 서로 알아가고 함께 사랑을 키워왔다. 그래서 이제 서로의 뜻을 같이해 혼인서약을 맺을 준비를 하고 있음을여러분께 조금이나마 먼저 알려드리고자 한다”고 밝혔다.",
				"subjectConsistencyYn": "Y"
			},
			{
				"sentenceNo": 4,
				"sentenceContent": "조현재의 예비 신부는 프로골퍼 출신의 사업가로, 두 사람은 오랜 시간 만남을 이어오다 결혼의 결실을 보게 됐다.",
				"subjectConsistencyYn": "Y"
			},
			{
				"sentenceNo": 5,
				"sentenceContent": "조현재는 “일이나 방송이 아닌 사적인 부분이고 반려자가 될 사람이 비연예인이기 때문에 사생활을 지켜주고 싶은 마음에 이렇게 소식이 늦은 점 양해부탁드린다”며 “여러분들과 함께 지내온 신뢰와 사랑의 시간처럼 저도 충만한 가정을 꾸리려 한다. 인생의 중대사를 맞아 각오를 새롭게 하고 새로운 시작이라 생각하며 가정이나, 배우의 자리에서 모두 열심히 최선을 다하겠다”고 했다.",
				"subjectConsistencyYn": "Y"
			},
			{
				"sentenceNo": 6,
				"sentenceContent": "2015년 5월 다정하게 손을 잡고 뉴욕 거리를 걷는 모습이 발견된 것. 그러나 사망하기 전까지 교제한 것으로 알려진 것과 달리 카트리나 화이트는 유서를 통해 짐 캐리와 헤어졌다고 밝혔다.",
				"subjectConsistencyYn": "N"
			},
			{
				"sentenceNo": 7,
				"sentenceContent": "한편 두 번의 이혼을 겪은 짐 캐리는 지난 2000년 영화배우 르네 젤위거와 파혼한 후 플레이보이 모델 출신 제니 매커시·카트리나 화이트·인도 출신 여대생 등과 열애했다.",
				"subjectConsistencyYn": "N"
			}
		],
		"clickbaitClass": 0
	}
}