{
	"sourceDataInfo": {
		"newsID": "ET_M03_494233",
		"newsCategory": "연예",
		"newsSubcategory": "연예가화제",
		"newsTitle": "전 세계 아미 방구석 찾아간 BTS 방방콘…이틀간 5059만뷰",
		"newsSubTitle": "24시간 동안 공연 실황 8편 릴레이 공개 ‘방에서 즐기는 방탄소년단 콘서트’ 성황 ",
		"newsContent": "방탄소년단(BTS)이 ‘언택트’ 공연 역사를 새로 썼다.\n지난 18~19일 정오부터 자정까지 유튜브 채널 ‘방탄TV’를 통해 공개한 온라인 스트리밍 축제 ‘방에서 즐기는 방탄소년단 콘서트’(이하 방방콘)가 24시간 동안 조회 수 5059만건을 기록한 것. 20일 소속사 빅히트엔터테인먼트에 따르면 전 세계 162개 지역에서 온라인으로 방방콘을 즐긴 동시 접속자 수는 최대 224만명에 달했다.\n이는 2018~2019년 진행된 월드투어 ‘러브 유어셀프’와 확장판인 ‘러브 유어셀프: 스피크 유어셀프’가 전 세계 23개 도시에서 만난 206만 관객보다 많은 수치다.\n신종 코로나바이러스 감염증(코로나19)의 여파로 이달 시작 예정이었던 월드투어 ‘맵 오브 더 솔 투어’가 연기된 대신 집에서 전 세계 팬들과 함께 공연을 즐길 수 있는 새로운 방식을 제시했다.\n이번 행사를 통해 공개된 공연 8편의 라인업도 화제를 모았다.\n첫날인 18일에는 ‘화양연화 온 스테이지’(2015), ‘화양연화 온 스테이지: 에필로그’(2016), ‘라이브 트릴로지: 에피소드 Ⅱ 더 레드불릿’(2014) 등 콘서트 3편과 3기 머스터 ‘아미집+’(2016) 등 팬미팅 실황을 연속으로 선보였다.\n둘째 날인 19일에는 ‘라이브 트릴로지 에피소드 Ⅲ 더 윙스 투어’(2017)와 ‘더 윙스 투어 더 파이널’(2017), ‘러브 유어셀프 서울’(2018) 등 콘서트 3편과 4기 머스터 ‘해피 에버애프터’(2018) 등이 공개됐다.\n뒤늦게 방탄소년단에 빠진 팬들이라면 놓칠 수 없는 선물 꾸러미였다.\n실시간으로 색깔이 바뀌는 응원봉(아미밤) 연출도 실제 공연장 같은 기분을 더했다.\n빅히트엔터테인먼트가 만든 커뮤니티 플랫폼 위버스에 블루투스 모드로 아미밤을 연결하면 영상 오디오 신호에 따라 색깔이 바뀌는 식이다.\n공연 중간중간 인터미션 영상도 준비됐다. “공연 중 음식물 섭취가 가능하고 자리 이동을 해도 괜찮다”(진)라거나 “공연 중 흥에 못 이겨 일어나거나 춤을 춰도 완전 괜찮다”(제이홉) 등 멤버들이 등장해 흥을 돋웠다.\n덕분에 이틀간 약 50만개의 아미밤이 연동됐고, 위버스와 트위터에는 관련 게시물 646만건가량이 올라왔다.\n데뷔 초부터 유튜브 등 소셜네트워크서비스(SNS)를 적극적으로 활용해온 이들은 또 다른 온라인 콘텐트도 예고했다.\nRM은 17일 유튜브 라이브를 통해 “이런 시기에도 우리가 서로 연결돼 있고 여러 가지를 같이 나눠 보고 싶다”며 “앞으로 일주일에 한 번씩 우리의 일상을 공유해보려 한다”고 말했다.\n이날 첫 주자로 등장한 그는 “새 앨범이 나올 것이다. 준비 과정도 공유할 것”이라고 귀띔했다.\n방탄소년단의 영상 콘텐트는 매주 목요일 오후 11시 JTBC에서도 만나볼 수 있다. 16일 ‘브링 더 소울: 더 무비’(2019)를 시작으로 23일부터 3주간은 ‘브링 더 소울: 다큐 시리즈’, 5월 14일에는 ‘러브 유어셀프 인 서울’이 공개된다.",
		"partNum": "P2",
		"useType": 0,
		"processType": "A",
		"processPattern": "99",
		"processLevel": "하",
		"sentenceCount": 16,
		"processSentencenum": 2,
		"sentenceInfo": [
			{
				"sentenceNo": 1,
				"sentenceContent": "방탄소년단(BTS)이 ‘언택트’ 공연 역사를 새로 썼다.",
				"sentenceSize": 31
			},
			{
				"sentenceNo": 2,
				"sentenceContent": "지난 18~19일 정오부터 자정까지 유튜브 채널 ‘방탄TV’를 통해 공개한 온라인 스트리밍 축제 ‘방에서 즐기는 방탄소년단 콘서트’(이하 방방콘)가 24시간 동안 조회 수 5059만건을 기록한 것. 20일 소속사 빅히트엔터테인먼트에 따르면 전 세계 162개 지역에서 온라인으로 방방콘을 즐긴 동시 접속자 수는 최대 224만명에 달했다.",
				"sentenceSize": 187
			},
			{
				"sentenceNo": 3,
				"sentenceContent": "이는 2018~2019년 진행된 월드투어 ‘러브 유어셀프’와 확장판인 ‘러브 유어셀프: 스피크 유어셀프’가 전 세계 23개 도시에서 만난 206만 관객보다 많은 수치다.",
				"sentenceSize": 94
			},
			{
				"sentenceNo": 4,
				"sentenceContent": "신종 코로나바이러스 감염증(코로나19)의 여파로 이달 시작 예정이었던 월드투어 ‘맵 오브 더 솔 투어’가 연기된 대신 집에서 전 세계 팬들과 함께 공연을 즐길 수 있는 새로운 방식을 제시했다.",
				"sentenceSize": 107
			},
			{
				"sentenceNo": 5,
				"sentenceContent": "이번 행사를 통해 공개된 공연 8편의 라인업도 화제를 모았다.",
				"sentenceSize": 34
			},
			{
				"sentenceNo": 6,
				"sentenceContent": "첫날인 18일에는 ‘화양연화 온 스테이지’(2015), ‘화양연화 온 스테이지: 에필로그’(2016), ‘라이브 트릴로지: 에피소드 Ⅱ 더 레드불릿’(2014) 등 콘서트 3편과 3기 머스터 ‘아미집+’(2016) 등 팬미팅 실황을 연속으로 선보였다.",
				"sentenceSize": 140
			},
			{
				"sentenceNo": 7,
				"sentenceContent": "둘째 날인 19일에는 ‘라이브 트릴로지 에피소드 Ⅲ 더 윙스 투어’(2017)와 ‘더 윙스 투어 더 파이널’(2017), ‘러브 유어셀프 서울’(2018) 등 콘서트 3편과 4기 머스터 ‘해피 에버애프터’(2018) 등이 공개됐다.",
				"sentenceSize": 129
			},
			{
				"sentenceNo": 8,
				"sentenceContent": "뒤늦게 방탄소년단에 빠진 팬들이라면 놓칠 수 없는 선물 꾸러미였다.",
				"sentenceSize": 37
			},
			{
				"sentenceNo": 9,
				"sentenceContent": "실시간으로 색깔이 바뀌는 응원봉(아미밤) 연출도 실제 공연장 같은 기분을 더했다.",
				"sentenceSize": 45
			},
			{
				"sentenceNo": 10,
				"sentenceContent": "빅히트엔터테인먼트가 만든 커뮤니티 플랫폼 위버스에 블루투스 모드로 아미밤을 연결하면 영상 오디오 신호에 따라 색깔이 바뀌는 식이다.",
				"sentenceSize": 73
			},
			{
				"sentenceNo": 11,
				"sentenceContent": "공연 중간중간 인터미션 영상도 준비됐다. “공연 중 음식물 섭취가 가능하고 자리 이동을 해도 괜찮다”(진)라거나 “공연 중 흥에 못 이겨 일어나거나 춤을 춰도 완전 괜찮다”(제이홉) 등 멤버들이 등장해 흥을 돋웠다.",
				"sentenceSize": 120
			},
			{
				"sentenceNo": 12,
				"sentenceContent": "덕분에 이틀간 약 50만개의 아미밤이 연동됐고, 위버스와 트위터에는 관련 게시물 646만건가량이 올라왔다.",
				"sentenceSize": 59
			},
			{
				"sentenceNo": 13,
				"sentenceContent": "데뷔 초부터 유튜브 등 소셜네트워크서비스(SNS)를 적극적으로 활용해온 이들은 또 다른 온라인 콘텐트도 예고했다.",
				"sentenceSize": 63
			},
			{
				"sentenceNo": 14,
				"sentenceContent": "RM은 17일 유튜브 라이브를 통해 “이런 시기에도 우리가 서로 연결돼 있고 여러 가지를 같이 나눠 보고 싶다”며 “앞으로 일주일에 한 번씩 우리의 일상을 공유해보려 한다”고 말했다.",
				"sentenceSize": 102
			},
			{
				"sentenceNo": 15,
				"sentenceContent": "이날 첫 주자로 등장한 그는 “새 앨범이 나올 것이다. 준비 과정도 공유할 것”이라고 귀띔했다.",
				"sentenceSize": 53
			},
			{
				"sentenceNo": 16,
				"sentenceContent": "방탄소년단의 영상 콘텐트는 매주 목요일 오후 11시 JTBC에서도 만나볼 수 있다. 16일 ‘브링 더 소울: 더 무비’(2019)를 시작으로 23일부터 3주간은 ‘브링 더 소울: 다큐 시리즈’, 5월 14일에는 ‘러브 유어셀프 인 서울’이 공개된다.",
				"sentenceSize": 139
			}
		]
	},
	"labeledDataInfo": {
		"processSentenceInfo": [
			{
				"sentenceNo": 1,
				"sentenceContent": "방탄소년단(BTS)이 ‘언택트’ 공연 역사를 새로 썼다.",
				"subjectConsistencyYn": "Y"
			},
			{
				"sentenceNo": 2,
				"sentenceContent": "지난 18~19일 정오부터 자정까지 유튜브 채널 ‘방탄TV’를 통해 공개한 온라인 스트리밍 축제 ‘방에서 즐기는 방탄소년단 콘서트’(이하 방방콘)가 24시간 동안 조회 수 5059만건을 기록한 것. 20일 소속사 빅히트엔터테인먼트에 따르면 전 세계 162개 지역에서 온라인으로 방방콘을 즐긴 동시 접속자 수는 최대 224만명에 달했다.",
				"subjectConsistencyYn": "Y"
			},
			{
				"sentenceNo": 3,
				"sentenceContent": "이는 2018~2019년 진행된 월드투어 ‘러브 유어셀프’와 확장판인 ‘러브 유어셀프: 스피크 유어셀프’가 전 세계 23개 도시에서 만난 206만 관객보다 많은 수치다.",
				"subjectConsistencyYn": "Y"
			},
			{
				"sentenceNo": 4,
				"sentenceContent": "신종 코로나바이러스 감염증(코로나19)의 여파로 이달 시작 예정이었던 월드투어 ‘맵 오브 더 솔 투어’가 연기된 대신 집에서 전 세계 팬들과 함께 공연을 즐길 수 있는 새로운 방식을 제시했다.",
				"subjectConsistencyYn": "Y"
			},
			{
				"sentenceNo": 5,
				"sentenceContent": "이번 행사를 통해 공개된 공연 8편의 라인업도 화제를 모았다.",
				"subjectConsistencyYn": "Y"
			},
			{
				"sentenceNo": 6,
				"sentenceContent": "첫날인 18일에는 ‘화양연화 온 스테이지’(2015), ‘화양연화 온 스테이지: 에필로그’(2016), ‘라이브 트릴로지: 에피소드 Ⅱ 더 레드불릿’(2014) 등 콘서트 3편과 3기 머스터 ‘아미집+’(2016) 등 팬미팅 실황을 연속으로 선보였다.",
				"subjectConsistencyYn": "Y"
			},
			{
				"sentenceNo": 7,
				"sentenceContent": "둘째 날인 19일에는 ‘라이브 트릴로지 에피소드 Ⅲ 더 윙스 투어’(2017)와 ‘더 윙스 투어 더 파이널’(2017), ‘러브 유어셀프 서울’(2018) 등 콘서트 3편과 4기 머스터 ‘해피 에버애프터’(2018) 등이 공개됐다.",
				"subjectConsistencyYn": "Y"
			},
			{
				"sentenceNo": 8,
				"sentenceContent": "뒤늦게 방탄소년단에 빠진 팬들이라면 놓칠 수 없는 선물 꾸러미였다.",
				"subjectConsistencyYn": "Y"
			},
			{
				"sentenceNo": 9,
				"sentenceContent": "실시간으로 색깔이 바뀌는 응원봉(아미밤) 연출도 실제 공연장 같은 기분을 더했다.",
				"subjectConsistencyYn": "Y"
			},
			{
				"sentenceNo": 10,
				"sentenceContent": "빅히트엔터테인먼트가 만든 커뮤니티 플랫폼 위버스에 블루투스 모드로 아미밤을 연결하면 영상 오디오 신호에 따라 색깔이 바뀌는 식이다.",
				"subjectConsistencyYn": "Y"
			},
			{
				"sentenceNo": 11,
				"sentenceContent": "공연 중간중간 인터미션 영상도 준비됐다. “공연 중 음식물 섭취가 가능하고 자리 이동을 해도 괜찮다”(진)라거나 “공연 중 흥에 못 이겨 일어나거나 춤을 춰도 완전 괜찮다”(제이홉) 등 멤버들이 등장해 흥을 돋웠다.",
				"subjectConsistencyYn": "Y"
			},
			{
				"sentenceNo": 12,
				"sentenceContent": "덕분에 이틀간 약 50만개의 아미밤이 연동됐고, 위버스와 트위터에는 관련 게시물 646만건가량이 올라왔다.",
				"subjectConsistencyYn": "Y"
			},
			{
				"sentenceNo": 13,
				"sentenceContent": "데뷔 초부터 유튜브 등 소셜네트워크서비스(SNS)를 적극적으로 활용해온 이들은 또 다른 온라인 콘텐트도 예고했다.",
				"subjectConsistencyYn": "Y"
			},
			{
				"sentenceNo": 14,
				"sentenceContent": "RM은 17일 유튜브 라이브를 통해 “이런 시기에도 우리가 서로 연결돼 있고 여러 가지를 같이 나눠 보고 싶다”며 “앞으로 일주일에 한 번씩 우리의 일상을 공유해보려 한다”고 말했다.",
				"subjectConsistencyYn": "Y"
			},
			{
				"sentenceNo": 15,
				"sentenceContent": "그는 “아픈 손가락이다. 아이를 못 낳지 않느냐. 다른 것은 다 괜찮은데 임신만 못 한다”며 “한번은 ‘수술하기 전에 아기를 낳고 수술할 걸 그랬다’고 말했더니 ‘그러면 그 아기가 얼마나 불쌍하냐, 자기 같은 부모 두고 있으면 스트레스 받아서 정상으로 못 산다’고 하더라. 내가 죽고 나서 걱정이다. 내가 죽으면 혼자가 되니까”라며 눈시울을 붉혔다.",
				"subjectConsistencyYn": "N"
			},
			{
				"sentenceNo": 16,
				"sentenceContent": "한편, 하리수는 트로트 가수에 도전 한다고 밝혀 눈길을 끌었다.",
				"subjectConsistencyYn": "N"
			},
			{
				"sentenceNo": 17,
				"sentenceContent": "그는 “제 나이에 내공을 쌓고 더 깊은 것들을 보여주고 표현할 줄 알아야 한다”며 “엄마가 내 노래를 좋아하지만 따라 부를 수 있는 노래가 없더라. 엄마가 쉽게 부를 수 있는 노래가 부르고 싶다”고 의지를 다졌다.",
				"subjectConsistencyYn": "N"
			}
		],
		"clickbaitClass": 0
	}
}