{
	"sourceDataInfo": {
		"newsID": "ET_M03_494641",
		"newsCategory": "연예",
		"newsSubcategory": "연예가화제",
		"newsTitle": "현재 박보검 소속사 인스타그램이 난리난 이유",
		"newsSubTitle": "",
		"newsContent": "배우 박보검의 소속사 블러썸 엔터테인먼트의 인스타그램이 팬들의 항의로 빗발치고 있다.\n박보검이 24일 일본에서 팬미팅을 개최한 가운데, 관련 소식이 전혀 나오지 않고 있어서다.\n실제로 박보검의 일본 팬미팅에 관한 기사는 일주일 전에 나온 예고 기사 이후 보이지 않는다.\n일부 팬들은 “박보검은 일본에서 팬미팅도 성공적으로 개최했고, 굉장한 탑배우인데 소속사가 너무 홍보를 안한다는 생각이 든다”며 “‘팬미팅 성공 개최’같은 기본적인 소식도 제대로 전하지 않으면 어떻게 하냐\\\"며 불만을 표하고 있다. 또, 소속사가 배우의 이력이나 공적을 축소 보도, 과소평가한다는 의혹도 제기했다. “(소속사가) 박보검의 성공 이유에 대해 ‘20대 배우가 없어 시나리오가 쏠린다’고 말했다”, “대상 시상을 부탁 받았는데 신인상을 시상하는 게 더 맞다고 했다”등의 예시를 들며 ‘소속사가 안티처럼 행동한다’고 주장했다.\n한편 박보검은 소속사 인스타그램을 통해 새해 인사를 남겼다.\n박보검은“2018년, 새해가 밝았습니다!\n새로운 마음으로 준비하고 노력하는 모든 일들이 좋은 결실을 맺는 한해가 되길 소망합니다.\n날마다 행복하세요.\n모두 축복합니다”라는 인삿말이 담긴 팻말을 들고 사진을 찍었다.\n일주일 전에 게재된 이 사진에도“팬미팅 사진을 올려달라”는 팬들의 항의는 여전히 빗발치고 있다.",
		"partNum": "P2",
		"useType": 0,
		"processType": "A",
		"processPattern": "99",
		"processLevel": "하",
		"sentenceCount": 10,
		"processSentencenum": 1,
		"sentenceInfo": [
			{
				"sentenceNo": 1,
				"sentenceContent": "배우 박보검의 소속사 블러썸 엔터테인먼트의 인스타그램이 팬들의 항의로 빗발치고 있다.",
				"sentenceSize": 47
			},
			{
				"sentenceNo": 2,
				"sentenceContent": "박보검이 24일 일본에서 팬미팅을 개최한 가운데, 관련 소식이 전혀 나오지 않고 있어서다.",
				"sentenceSize": 50
			},
			{
				"sentenceNo": 3,
				"sentenceContent": "실제로 박보검의 일본 팬미팅에 관한 기사는 일주일 전에 나온 예고 기사 이후 보이지 않는다.",
				"sentenceSize": 51
			},
			{
				"sentenceNo": 4,
				"sentenceContent": "일부 팬들은 “박보검은 일본에서 팬미팅도 성공적으로 개최했고, 굉장한 탑배우인데 소속사가 너무 홍보를 안한다는 생각이 든다”며 “‘팬미팅 성공 개최’같은 기본적인 소식도 제대로 전하지 않으면 어떻게 하냐\\\"며 불만을 표하고 있다. 또, 소속사가 배우의 이력이나 공적을 축소 보도, 과소평가한다는 의혹도 제기했다. “(소속사가) 박보검의 성공 이유에 대해 ‘20대 배우가 없어 시나리오가 쏠린다’고 말했다”, “대상 시상을 부탁 받았는데 신인상을 시상하는 게 더 맞다고 했다”등의 예시를 들며 ‘소속사가 안티처럼 행동한다’고 주장했다.",
				"sentenceSize": 298
			},
			{
				"sentenceNo": 5,
				"sentenceContent": "한편 박보검은 소속사 인스타그램을 통해 새해 인사를 남겼다.",
				"sentenceSize": 33
			},
			{
				"sentenceNo": 6,
				"sentenceContent": "박보검은“2018년, 새해가 밝았습니다!",
				"sentenceSize": 22
			},
			{
				"sentenceNo": 7,
				"sentenceContent": "새로운 마음으로 준비하고 노력하는 모든 일들이 좋은 결실을 맺는 한해가 되길 소망합니다.",
				"sentenceSize": 49
			},
			{
				"sentenceNo": 8,
				"sentenceContent": "날마다 행복하세요.",
				"sentenceSize": 10
			},
			{
				"sentenceNo": 9,
				"sentenceContent": "모두 축복합니다”라는 인삿말이 담긴 팻말을 들고 사진을 찍었다.",
				"sentenceSize": 35
			},
			{
				"sentenceNo": 10,
				"sentenceContent": "일주일 전에 게재된 이 사진에도“팬미팅 사진을 올려달라”는 팬들의 항의는 여전히 빗발치고 있다.",
				"sentenceSize": 53
			}
		]
	},
	"labeledDataInfo": {
		"processSentenceInfo": [
			{
				"sentenceNo": 1,
				"sentenceContent": "배우 박보검의 소속사 블러썸 엔터테인먼트의 인스타그램이 팬들의 항의로 빗발치고 있다.",
				"subjectConsistencyYn": "Y"
			},
			{
				"sentenceNo": 2,
				"sentenceContent": "박보검이 24일 일본에서 팬미팅을 개최한 가운데, 관련 소식이 전혀 나오지 않고 있어서다.",
				"subjectConsistencyYn": "Y"
			},
			{
				"sentenceNo": 3,
				"sentenceContent": "실제로 박보검의 일본 팬미팅에 관한 기사는 일주일 전에 나온 예고 기사 이후 보이지 않는다.",
				"subjectConsistencyYn": "Y"
			},
			{
				"sentenceNo": 4,
				"sentenceContent": "일부 팬들은 “박보검은 일본에서 팬미팅도 성공적으로 개최했고, 굉장한 탑배우인데 소속사가 너무 홍보를 안한다는 생각이 든다”며 “‘팬미팅 성공 개최’같은 기본적인 소식도 제대로 전하지 않으면 어떻게 하냐\\\"며 불만을 표하고 있다. 또, 소속사가 배우의 이력이나 공적을 축소 보도, 과소평가한다는 의혹도 제기했다. “(소속사가) 박보검의 성공 이유에 대해 ‘20대 배우가 없어 시나리오가 쏠린다’고 말했다”, “대상 시상을 부탁 받았는데 신인상을 시상하는 게 더 맞다고 했다”등의 예시를 들며 ‘소속사가 안티처럼 행동한다’고 주장했다.",
				"subjectConsistencyYn": "Y"
			},
			{
				"sentenceNo": 5,
				"sentenceContent": "한편 박보검은 소속사 인스타그램을 통해 새해 인사를 남겼다.",
				"subjectConsistencyYn": "Y"
			},
			{
				"sentenceNo": 6,
				"sentenceContent": "박보검은“2018년, 새해가 밝았습니다!",
				"subjectConsistencyYn": "Y"
			},
			{
				"sentenceNo": 7,
				"sentenceContent": "새로운 마음으로 준비하고 노력하는 모든 일들이 좋은 결실을 맺는 한해가 되길 소망합니다.",
				"subjectConsistencyYn": "Y"
			},
			{
				"sentenceNo": 8,
				"sentenceContent": "날마다 행복하세요.",
				"subjectConsistencyYn": "Y"
			},
			{
				"sentenceNo": 9,
				"sentenceContent": "모두 축복합니다”라는 인삿말이 담긴 팻말을 들고 사진을 찍었다.",
				"subjectConsistencyYn": "Y"
			},
			{
				"sentenceNo": 10,
				"sentenceContent": "나머지 멤버들의 실력은 다음주 공개. 11명의 DJ들은 앞으로 이번 미션을 포함해 총 다섯번의 미션을 치른다.",
				"subjectConsistencyYn": "N"
			},
			{
				"sentenceNo": 11,
				"sentenceContent": "K-POP 아티스트들과 짝을 이뤄 경쟁하기 등 매회 긴장감 넘치고 흥미로운 주제로 이뤄진다.",
				"subjectConsistencyYn": "N"
			},
			{
				"sentenceNo": 12,
				"sentenceContent": "가장 열광적인 무대를 만든 DJ는 도전을 계속할 수 있지만 그렇지 못한 DJ는 탈락한다.",
				"subjectConsistencyYn": "N"
			},
			{
				"sentenceNo": 13,
				"sentenceContent": "심사는 현장에 있는 관객의 호응도와 전문 심사단의 평가로 진행된다.",
				"subjectConsistencyYn": "N"
			}
		],
		"clickbaitClass": 0
	}
}