{
	"sourceDataInfo": {
		"newsID": "ET_M03_494340",
		"newsCategory": "연예",
		"newsSubcategory": "연예가화제",
		"newsTitle": "고등래퍼2 우승자 김하온 \\\"앞으로도 계속 멋있고 새로운 것 보여드릴 것\\\"",
		"newsSubTitle": "",
		"newsContent": "13일 김하온(18)이 파이널에서 '고등래퍼2'의 우승자가 됐다.\n1차 투표에서 배연서에게 2표 뒤지면서 2위를 차지했지만, 2차 투표에서 역전하며 1위를 거머쥐었다.\n김하온은 이 날 Mnet의 랩 오디션 프로그램인 고등래퍼2 마지막회에서 최종 우승했다.\n김하온은 우승 직후 \\\"정말 정말 기분 좋은 꿈을 꾸고 있는 것 같다\\\"며 눈물을 보였다.\n그는 \\\"(고등래퍼 1에 이어) 고등래퍼 2에 지원하면서 지원서에 '제 역할을 다하기 위해서'라고 썼는데, 제 역할 아직 안 끝났고 계속해서 멋있고 새로운 걸 보여드리겠다\\\"고 소감을 전했다.\n김하온은 프로그램 초기부터 \\\"명상은 나를 비워내는 과정\\\"이라며 \\\"명상을 하면 직관적이게 되고 저에게 찾아오는 영감을 쉽게 잡아챌 수 있다\\\"고 말하는 등 나이에 비해 성숙한 철학과 가치관을 선보이며 인기를 끌었다.\n그는 파이널 무대에서 '붕붕'이란 곡으로 고민과 어려움 속에서도 즐기며 살아가는 자신의 인생을 표현했다.\n식케이가 함께 무대에 섰다.\n앞서 김하온은 마지막 무대 직전 인터뷰에서 '우승하고 싶은 욕심이 있느냐'는 질문에 \\\"제 안에 욕심은 없다. 있다면 빨리 다 보내고 후회 없이 즐기고 싶다\\\"고 말했다.\n이어 무대를 마친 김하온은 '우승과 음원 1위 중 어느 쪽을 원하느냐'는 질문에는 \\\"이번에는 속시원하게 말하겠다. 우승하겠다\\\"며 욕심을 숨기지 않았다.\n2위를 한 배연서는 개명하기 전 이름인 배연서와 이로한 두 가지 이름으로 살아온 자신의 가족사와 슬픔을 곡에 담아냈다.\n제시와 엘로가 무대를 함께 해 447표를 받았다.\n3위를 한 이병재는 우원재와 함께 자신 안에 있는 우울함을 토로하는 무대로 443표를 얻었다.\n김하온은 1차 투표에서 445점을 받아 2위를 했지만 2차 투표에서 579점을 받으며 배연서를 제치고 우승을 차지했다.\n이병재, 윤진영, 조원우가 뒤를 이었다.\n무대를 마친 직후 멘토 행주는 \\\"김하온은 고등래퍼 2를 좋은 프로그램으로 만들어 준 참가자\\\"라며 극찬했다.\n멘토 그루비룸의 이휘민은 김하온에게 \\\"잘 즐겼어?\\\"라고 묻고 \\\"우리는 그걸로 됐어. 고생했다\\\"며 소감을 전했다.\n고등래퍼2는 전국 고등학생들을 대상으로 신인 래퍼를 발굴하고 육성하는 오디션 프로그램이다.\n지난해 시즌 1에서는 양홍원이 1위를 했으며 올해도 그 인기를 이어가고 있다.\n고등학생 래퍼들의 멘토로는 래퍼 산이·치타·행주, 보이비·딥플로우, 프로듀서 그루비룸 등이 출연한다.\n우승자에게는 1000만원의 장학금과 데뷔 음원 제작 기회가 주어진다. 6일 고등래퍼2 7회에서는 각종 경연을 통해 김하온·배연서·윤진영·이병재·조원우 5명의 학생들을 파이널 무대 진출자로 확정했다.",
		"partNum": "P2",
		"useType": 0,
		"processType": "A",
		"processPattern": "99",
		"processLevel": "하",
		"sentenceCount": 21,
		"processSentencenum": 4,
		"sentenceInfo": [
			{
				"sentenceNo": 1,
				"sentenceContent": "13일 김하온(18)이 파이널에서 '고등래퍼2'의 우승자가 됐다.",
				"sentenceSize": 36
			},
			{
				"sentenceNo": 2,
				"sentenceContent": "1차 투표에서 배연서에게 2표 뒤지면서 2위를 차지했지만, 2차 투표에서 역전하며 1위를 거머쥐었다.",
				"sentenceSize": 56
			},
			{
				"sentenceNo": 3,
				"sentenceContent": "김하온은 이 날 Mnet의 랩 오디션 프로그램인 고등래퍼2 마지막회에서 최종 우승했다.",
				"sentenceSize": 48
			},
			{
				"sentenceNo": 4,
				"sentenceContent": "김하온은 우승 직후 \\\"정말 정말 기분 좋은 꿈을 꾸고 있는 것 같다\\\"며 눈물을 보였다.",
				"sentenceSize": 50
			},
			{
				"sentenceNo": 5,
				"sentenceContent": "그는 \\\"(고등래퍼 1에 이어) 고등래퍼 2에 지원하면서 지원서에 '제 역할을 다하기 위해서'라고 썼는데, 제 역할 아직 안 끝났고 계속해서 멋있고 새로운 걸 보여드리겠다\\\"고 소감을 전했다.",
				"sentenceSize": 107
			},
			{
				"sentenceNo": 6,
				"sentenceContent": "김하온은 프로그램 초기부터 \\\"명상은 나를 비워내는 과정\\\"이라며 \\\"명상을 하면 직관적이게 되고 저에게 찾아오는 영감을 쉽게 잡아챌 수 있다\\\"고 말하는 등 나이에 비해 성숙한 철학과 가치관을 선보이며 인기를 끌었다.",
				"sentenceSize": 122
			},
			{
				"sentenceNo": 7,
				"sentenceContent": "그는 파이널 무대에서 '붕붕'이란 곡으로 고민과 어려움 속에서도 즐기며 살아가는 자신의 인생을 표현했다.",
				"sentenceSize": 58
			},
			{
				"sentenceNo": 8,
				"sentenceContent": "식케이가 함께 무대에 섰다.",
				"sentenceSize": 15
			},
			{
				"sentenceNo": 9,
				"sentenceContent": "앞서 김하온은 마지막 무대 직전 인터뷰에서 '우승하고 싶은 욕심이 있느냐'는 질문에 \\\"제 안에 욕심은 없다. 있다면 빨리 다 보내고 후회 없이 즐기고 싶다\\\"고 말했다.",
				"sentenceSize": 95
			},
			{
				"sentenceNo": 10,
				"sentenceContent": "이어 무대를 마친 김하온은 '우승과 음원 1위 중 어느 쪽을 원하느냐'는 질문에는 \\\"이번에는 속시원하게 말하겠다. 우승하겠다\\\"며 욕심을 숨기지 않았다.",
				"sentenceSize": 86
			},
			{
				"sentenceNo": 11,
				"sentenceContent": "2위를 한 배연서는 개명하기 전 이름인 배연서와 이로한 두 가지 이름으로 살아온 자신의 가족사와 슬픔을 곡에 담아냈다.",
				"sentenceSize": 66
			},
			{
				"sentenceNo": 12,
				"sentenceContent": "제시와 엘로가 무대를 함께 해 447표를 받았다.",
				"sentenceSize": 27
			},
			{
				"sentenceNo": 13,
				"sentenceContent": "3위를 한 이병재는 우원재와 함께 자신 안에 있는 우울함을 토로하는 무대로 443표를 얻었다.",
				"sentenceSize": 52
			},
			{
				"sentenceNo": 14,
				"sentenceContent": "김하온은 1차 투표에서 445점을 받아 2위를 했지만 2차 투표에서 579점을 받으며 배연서를 제치고 우승을 차지했다.",
				"sentenceSize": 66
			},
			{
				"sentenceNo": 15,
				"sentenceContent": "이병재, 윤진영, 조원우가 뒤를 이었다.",
				"sentenceSize": 22
			},
			{
				"sentenceNo": 16,
				"sentenceContent": "무대를 마친 직후 멘토 행주는 \\\"김하온은 고등래퍼 2를 좋은 프로그램으로 만들어 준 참가자\\\"라며 극찬했다.",
				"sentenceSize": 61
			},
			{
				"sentenceNo": 17,
				"sentenceContent": "멘토 그루비룸의 이휘민은 김하온에게 \\\"잘 즐겼어?\\\"라고 묻고 \\\"우리는 그걸로 됐어. 고생했다\\\"며 소감을 전했다.",
				"sentenceSize": 66
			},
			{
				"sentenceNo": 18,
				"sentenceContent": "고등래퍼2는 전국 고등학생들을 대상으로 신인 래퍼를 발굴하고 육성하는 오디션 프로그램이다.",
				"sentenceSize": 50
			},
			{
				"sentenceNo": 19,
				"sentenceContent": "지난해 시즌 1에서는 양홍원이 1위를 했으며 올해도 그 인기를 이어가고 있다.",
				"sentenceSize": 43
			},
			{
				"sentenceNo": 20,
				"sentenceContent": "고등학생 래퍼들의 멘토로는 래퍼 산이·치타·행주, 보이비·딥플로우, 프로듀서 그루비룸 등이 출연한다.",
				"sentenceSize": 56
			},
			{
				"sentenceNo": 21,
				"sentenceContent": "우승자에게는 1000만원의 장학금과 데뷔 음원 제작 기회가 주어진다. 6일 고등래퍼2 7회에서는 각종 경연을 통해 김하온·배연서·윤진영·이병재·조원우 5명의 학생들을 파이널 무대 진출자로 확정했다.",
				"sentenceSize": 110
			}
		]
	},
	"labeledDataInfo": {
		"processSentenceInfo": [
			{
				"sentenceNo": 1,
				"sentenceContent": "13일 김하온(18)이 파이널에서 '고등래퍼2'의 우승자가 됐다.",
				"subjectConsistencyYn": "Y"
			},
			{
				"sentenceNo": 2,
				"sentenceContent": "1차 투표에서 배연서에게 2표 뒤지면서 2위를 차지했지만, 2차 투표에서 역전하며 1위를 거머쥐었다.",
				"subjectConsistencyYn": "Y"
			},
			{
				"sentenceNo": 3,
				"sentenceContent": "김하온은 이 날 Mnet의 랩 오디션 프로그램인 고등래퍼2 마지막회에서 최종 우승했다.",
				"subjectConsistencyYn": "Y"
			},
			{
				"sentenceNo": 4,
				"sentenceContent": "김하온은 우승 직후 \\\"정말 정말 기분 좋은 꿈을 꾸고 있는 것 같다\\\"며 눈물을 보였다.",
				"subjectConsistencyYn": "Y"
			},
			{
				"sentenceNo": 5,
				"sentenceContent": "그는 \\\"(고등래퍼 1에 이어) 고등래퍼 2에 지원하면서 지원서에 '제 역할을 다하기 위해서'라고 썼는데, 제 역할 아직 안 끝났고 계속해서 멋있고 새로운 걸 보여드리겠다\\\"고 소감을 전했다.",
				"subjectConsistencyYn": "Y"
			},
			{
				"sentenceNo": 6,
				"sentenceContent": "김하온은 프로그램 초기부터 \\\"명상은 나를 비워내는 과정\\\"이라며 \\\"명상을 하면 직관적이게 되고 저에게 찾아오는 영감을 쉽게 잡아챌 수 있다\\\"고 말하는 등 나이에 비해 성숙한 철학과 가치관을 선보이며 인기를 끌었다.",
				"subjectConsistencyYn": "Y"
			},
			{
				"sentenceNo": 7,
				"sentenceContent": "그는 파이널 무대에서 '붕붕'이란 곡으로 고민과 어려움 속에서도 즐기며 살아가는 자신의 인생을 표현했다.",
				"subjectConsistencyYn": "Y"
			},
			{
				"sentenceNo": 8,
				"sentenceContent": "식케이가 함께 무대에 섰다.",
				"subjectConsistencyYn": "Y"
			},
			{
				"sentenceNo": 9,
				"sentenceContent": "앞서 김하온은 마지막 무대 직전 인터뷰에서 '우승하고 싶은 욕심이 있느냐'는 질문에 \\\"제 안에 욕심은 없다. 있다면 빨리 다 보내고 후회 없이 즐기고 싶다\\\"고 말했다.",
				"subjectConsistencyYn": "Y"
			},
			{
				"sentenceNo": 10,
				"sentenceContent": "이어 무대를 마친 김하온은 '우승과 음원 1위 중 어느 쪽을 원하느냐'는 질문에는 \\\"이번에는 속시원하게 말하겠다. 우승하겠다\\\"며 욕심을 숨기지 않았다.",
				"subjectConsistencyYn": "Y"
			},
			{
				"sentenceNo": 11,
				"sentenceContent": "2위를 한 배연서는 개명하기 전 이름인 배연서와 이로한 두 가지 이름으로 살아온 자신의 가족사와 슬픔을 곡에 담아냈다.",
				"subjectConsistencyYn": "Y"
			},
			{
				"sentenceNo": 12,
				"sentenceContent": "제시와 엘로가 무대를 함께 해 447표를 받았다.",
				"subjectConsistencyYn": "Y"
			},
			{
				"sentenceNo": 13,
				"sentenceContent": "3위를 한 이병재는 우원재와 함께 자신 안에 있는 우울함을 토로하는 무대로 443표를 얻었다.",
				"subjectConsistencyYn": "Y"
			},
			{
				"sentenceNo": 14,
				"sentenceContent": "김하온은 1차 투표에서 445점을 받아 2위를 했지만 2차 투표에서 579점을 받으며 배연서를 제치고 우승을 차지했다.",
				"subjectConsistencyYn": "Y"
			},
			{
				"sentenceNo": 15,
				"sentenceContent": "이병재, 윤진영, 조원우가 뒤를 이었다.",
				"subjectConsistencyYn": "Y"
			},
			{
				"sentenceNo": 16,
				"sentenceContent": "무대를 마친 직후 멘토 행주는 \\\"김하온은 고등래퍼 2를 좋은 프로그램으로 만들어 준 참가자\\\"라며 극찬했다.",
				"subjectConsistencyYn": "Y"
			},
			{
				"sentenceNo": 17,
				"sentenceContent": "멘토 그루비룸의 이휘민은 김하온에게 \\\"잘 즐겼어?\\\"라고 묻고 \\\"우리는 그걸로 됐어. 고생했다\\\"며 소감을 전했다.",
				"subjectConsistencyYn": "Y"
			},
			{
				"sentenceNo": 18,
				"sentenceContent": "한편 스테파니 리는 ‘용팔이’에서 12층 상류층 고객을 담당하는 팀장 신시아 역을 맡아 김태현(주원 분)을 보좌하며 존재감을 드러냈다.",
				"subjectConsistencyYn": "N"
			}
		],
		"clickbaitClass": 0
	}
}