{
	"sourceDataInfo": {
		"newsID": "ET_M03_494403",
		"newsCategory": "연예",
		"newsSubcategory": "연예가화제",
		"newsTitle": "다이어트 성공한 스윙스, 반쪽 된 모습 근황",
		"newsSubTitle": "",
		"newsContent": "래퍼 스윙스가 체중감량에 성공한 듯 날씬해진 모습의 근황을 공개했다.\n스윙스는 19일 자신의 인스타그램에 새 앨범 발매 기념 이벤트 관련해 영상을 게재했다.\n영상 속 눈에 띄게 살이 빠진 그의 모습이 시선을 사로잡았다.\n스윙스는 그간 인스타그램을 통해 다이어트 중임을 알린 바 있다.\n그는 샐러드 위주의 식단과 다이어트 관련 서적을 인증하기도 하고 여자친구인 모델 임보라와 함께 운동하고 있는 사진을 공개하기도 했다.\n스윙스는 과거 통통한 몸매를 유지한 이유에 대해 “일부러 뚱뚱하게 살았다”며 “여자들한테 인기가 너무 많아서 피곤했었는데 음악에만 전념하기 위해 뚱뚱한 콘셉트를 했다”고 밝힌 바 있다.\n스윙스는 오는 24일 5번째 정규 앨범 ‘업그레이드3’를 발매한다.",
		"partNum": "P2",
		"useType": 0,
		"processType": "A",
		"processPattern": "99",
		"processLevel": "하",
		"sentenceCount": 7,
		"processSentencenum": 1,
		"sentenceInfo": [
			{
				"sentenceNo": 1,
				"sentenceContent": "래퍼 스윙스가 체중감량에 성공한 듯 날씬해진 모습의 근황을 공개했다.",
				"sentenceSize": 38
			},
			{
				"sentenceNo": 2,
				"sentenceContent": "스윙스는 19일 자신의 인스타그램에 새 앨범 발매 기념 이벤트 관련해 영상을 게재했다.",
				"sentenceSize": 48
			},
			{
				"sentenceNo": 3,
				"sentenceContent": "영상 속 눈에 띄게 살이 빠진 그의 모습이 시선을 사로잡았다.",
				"sentenceSize": 34
			},
			{
				"sentenceNo": 4,
				"sentenceContent": "스윙스는 그간 인스타그램을 통해 다이어트 중임을 알린 바 있다.",
				"sentenceSize": 35
			},
			{
				"sentenceNo": 5,
				"sentenceContent": "그는 샐러드 위주의 식단과 다이어트 관련 서적을 인증하기도 하고 여자친구인 모델 임보라와 함께 운동하고 있는 사진을 공개하기도 했다.",
				"sentenceSize": 74
			},
			{
				"sentenceNo": 6,
				"sentenceContent": "스윙스는 과거 통통한 몸매를 유지한 이유에 대해 “일부러 뚱뚱하게 살았다”며 “여자들한테 인기가 너무 많아서 피곤했었는데 음악에만 전념하기 위해 뚱뚱한 콘셉트를 했다”고 밝힌 바 있다.",
				"sentenceSize": 103
			},
			{
				"sentenceNo": 7,
				"sentenceContent": "스윙스는 오는 24일 5번째 정규 앨범 ‘업그레이드3’를 발매한다.",
				"sentenceSize": 37
			}
		]
	},
	"labeledDataInfo": {
		"processSentenceInfo": [
			{
				"sentenceNo": 1,
				"sentenceContent": "래퍼 스윙스가 체중감량에 성공한 듯 날씬해진 모습의 근황을 공개했다.",
				"subjectConsistencyYn": "Y"
			},
			{
				"sentenceNo": 2,
				"sentenceContent": "스윙스는 19일 자신의 인스타그램에 새 앨범 발매 기념 이벤트 관련해 영상을 게재했다.",
				"subjectConsistencyYn": "Y"
			},
			{
				"sentenceNo": 3,
				"sentenceContent": "영상 속 눈에 띄게 살이 빠진 그의 모습이 시선을 사로잡았다.",
				"subjectConsistencyYn": "Y"
			},
			{
				"sentenceNo": 4,
				"sentenceContent": "스윙스는 그간 인스타그램을 통해 다이어트 중임을 알린 바 있다.",
				"subjectConsistencyYn": "Y"
			},
			{
				"sentenceNo": 5,
				"sentenceContent": "그는 샐러드 위주의 식단과 다이어트 관련 서적을 인증하기도 하고 여자친구인 모델 임보라와 함께 운동하고 있는 사진을 공개하기도 했다.",
				"subjectConsistencyYn": "Y"
			},
			{
				"sentenceNo": 6,
				"sentenceContent": "스윙스는 과거 통통한 몸매를 유지한 이유에 대해 “일부러 뚱뚱하게 살았다”며 “여자들한테 인기가 너무 많아서 피곤했었는데 음악에만 전념하기 위해 뚱뚱한 콘셉트를 했다”고 밝힌 바 있다.",
				"subjectConsistencyYn": "Y"
			},
			{
				"sentenceNo": 7,
				"sentenceContent": "드라마 미씽나인은 주인공들이 비행기 추락 사고로 사라진 9명의 행방과 숨은 진실을 파헤쳐나가는 이야기다.",
				"subjectConsistencyYn": "N"
			}
		],
		"clickbaitClass": 0
	}
}