{
	"sourceDataInfo": {
		"newsID": "ET_M03_494584",
		"newsCategory": "연예",
		"newsSubcategory": "연예가화제",
		"newsTitle": "물 한 병도 사이 좋게 나눠먹는 방탄소년단 멤버들",
		"newsSubTitle": "",
		"newsContent": "방탄소년단 멤버들이 다른 그룹의 무대를 지켜보던 중 작은 물 한병을 차례차례 나눠 먹는 모습이 팬들의 카메라에 포착됐다.\n지난달 31일 일산 MBC 드림센터 공개홀에서 '2017 MBC 가요대제전'이 진행돼 국내 정상급 가수들이 총출동했다.\n화려한 무대와 더불어 다른 그룹의 무대를 지켜보는 아이돌들의 모습도 현장을 찾은 팬들에게는 큰 즐거움이 됐다.\n특히 자리에서 다른 이들의 무대를 지켜보던 방탄소년단 멤버들은 귀여운 행동이 팬들의 시선을 사로잡았다.\n러블리즈가 무대를 펼치던 중 목이 말랐던 방탄소년단 멤버 진은 주변을 두리번거리며 물을 찾았다.\n팀 맏형인 진이 손목을 흔들어가며 물을 찾는 듯한 모습을 보이자 멤버 지민이 일어나 물 한 병을 구해왔다.\n가장 목이 말라보였던 진이 물 한 병을 건네받아 마신 뒤 멤버들은 남은 물을 나눠 마시기 시작했다.\n진부터 시작해 제이홉, 정국, RM, 뷔, 슈가, 지민 순서대로 마지막 한 방울까지 입에 털어 넣은 멤버들은 다시 무대에 집중했다.\n이 장면을 본 팬들은 \\\"그룹 사이가 너무 보기 좋다. 물 한 병을 7명이 나눠 마시다니…\\\" \\\"지민이 마지막에 물 남은 것 확인하는 게 귀엽다\\\" \\\"친형제들을 보는 것 같다\\\" 등의 반응을 보였다.",
		"partNum": "P2",
		"useType": 0,
		"processType": "A",
		"processPattern": "99",
		"processLevel": "하",
		"sentenceCount": 9,
		"processSentencenum": 2,
		"sentenceInfo": [
			{
				"sentenceNo": 1,
				"sentenceContent": "방탄소년단 멤버들이 다른 그룹의 무대를 지켜보던 중 작은 물 한병을 차례차례 나눠 먹는 모습이 팬들의 카메라에 포착됐다.",
				"sentenceSize": 67
			},
			{
				"sentenceNo": 2,
				"sentenceContent": "지난달 31일 일산 MBC 드림센터 공개홀에서 '2017 MBC 가요대제전'이 진행돼 국내 정상급 가수들이 총출동했다.",
				"sentenceSize": 66
			},
			{
				"sentenceNo": 3,
				"sentenceContent": "화려한 무대와 더불어 다른 그룹의 무대를 지켜보는 아이돌들의 모습도 현장을 찾은 팬들에게는 큰 즐거움이 됐다.",
				"sentenceSize": 61
			},
			{
				"sentenceNo": 4,
				"sentenceContent": "특히 자리에서 다른 이들의 무대를 지켜보던 방탄소년단 멤버들은 귀여운 행동이 팬들의 시선을 사로잡았다.",
				"sentenceSize": 57
			},
			{
				"sentenceNo": 5,
				"sentenceContent": "러블리즈가 무대를 펼치던 중 목이 말랐던 방탄소년단 멤버 진은 주변을 두리번거리며 물을 찾았다.",
				"sentenceSize": 53
			},
			{
				"sentenceNo": 6,
				"sentenceContent": "팀 맏형인 진이 손목을 흔들어가며 물을 찾는 듯한 모습을 보이자 멤버 지민이 일어나 물 한 병을 구해왔다.",
				"sentenceSize": 59
			},
			{
				"sentenceNo": 7,
				"sentenceContent": "가장 목이 말라보였던 진이 물 한 병을 건네받아 마신 뒤 멤버들은 남은 물을 나눠 마시기 시작했다.",
				"sentenceSize": 55
			},
			{
				"sentenceNo": 8,
				"sentenceContent": "진부터 시작해 제이홉, 정국, RM, 뷔, 슈가, 지민 순서대로 마지막 한 방울까지 입에 털어 넣은 멤버들은 다시 무대에 집중했다.",
				"sentenceSize": 73
			},
			{
				"sentenceNo": 9,
				"sentenceContent": "이 장면을 본 팬들은 \\\"그룹 사이가 너무 보기 좋다. 물 한 병을 7명이 나눠 마시다니…\\\" \\\"지민이 마지막에 물 남은 것 확인하는 게 귀엽다\\\" \\\"친형제들을 보는 것 같다\\\" 등의 반응을 보였다.",
				"sentenceSize": 113
			}
		]
	},
	"labeledDataInfo": {
		"processSentenceInfo": [
			{
				"sentenceNo": 1,
				"sentenceContent": "방탄소년단 멤버들이 다른 그룹의 무대를 지켜보던 중 작은 물 한병을 차례차례 나눠 먹는 모습이 팬들의 카메라에 포착됐다.",
				"subjectConsistencyYn": "Y"
			},
			{
				"sentenceNo": 2,
				"sentenceContent": "지난달 31일 일산 MBC 드림센터 공개홀에서 '2017 MBC 가요대제전'이 진행돼 국내 정상급 가수들이 총출동했다.",
				"subjectConsistencyYn": "Y"
			},
			{
				"sentenceNo": 3,
				"sentenceContent": "화려한 무대와 더불어 다른 그룹의 무대를 지켜보는 아이돌들의 모습도 현장을 찾은 팬들에게는 큰 즐거움이 됐다.",
				"subjectConsistencyYn": "Y"
			},
			{
				"sentenceNo": 4,
				"sentenceContent": "특히 자리에서 다른 이들의 무대를 지켜보던 방탄소년단 멤버들은 귀여운 행동이 팬들의 시선을 사로잡았다.",
				"subjectConsistencyYn": "Y"
			},
			{
				"sentenceNo": 5,
				"sentenceContent": "러블리즈가 무대를 펼치던 중 목이 말랐던 방탄소년단 멤버 진은 주변을 두리번거리며 물을 찾았다.",
				"subjectConsistencyYn": "Y"
			},
			{
				"sentenceNo": 6,
				"sentenceContent": "팀 맏형인 진이 손목을 흔들어가며 물을 찾는 듯한 모습을 보이자 멤버 지민이 일어나 물 한 병을 구해왔다.",
				"subjectConsistencyYn": "Y"
			},
			{
				"sentenceNo": 7,
				"sentenceContent": "가장 목이 말라보였던 진이 물 한 병을 건네받아 마신 뒤 멤버들은 남은 물을 나눠 마시기 시작했다.",
				"subjectConsistencyYn": "Y"
			},
			{
				"sentenceNo": 8,
				"sentenceContent": "한편 온앤오프의 첫 단독 콘서트 ‘온앤오프(ONF) 2021 LIVE CONTACT :: CODE #1. [REVERSE]’는 12월 9일부터 12일까지 약 4일간 개최된다.",
				"subjectConsistencyYn": "N"
			},
			{
				"sentenceNo": 9,
				"sentenceContent": "9일, 10일 양일간은 오프라인 공연, 11일과 12일은 온, 오프라인 공연을 동시에 진행하여 더 많은 팬들과 만날 예정이다.",
				"subjectConsistencyYn": "N"
			}
		],
		"clickbaitClass": 0
	}
}