{
	"sourceDataInfo": {
		"newsID": "ET_M03_494579",
		"newsCategory": "연예",
		"newsSubcategory": "연예가화제",
		"newsTitle": "세계적 인지도 활용해 평창올림픽 홍보하는 똑똑한 BTS",
		"newsSubTitle": "",
		"newsContent": "방탄소년단 뷔도 다음 달 한국에서 열리는 평창겨울올림픽 응원에 합류했다.\n뷔는 방탄소년단 공식 트위터에 \\\"#평창올림픽 #수호랑\\\"이라는 글과 함께 사진을 게재했다.\n수호랑은 평창겨울올림픽 공식 마스코트 중 하나로 한국의 호랑이를 모티브로했다.\n뷔는 자신을 호랑이로 표현하기도 해 수호랑과 인연이 깊다.\n그동안 방탄소년단은 평창올림픽 굿즈 인증샷을 꾸준히 게재해왔다.\n제이홉은 8일 평창올림픽 굿즈 '손가락하트 장갑'을, 정국은 7일 평창올림픽 공식 마스코트 수호랑과 함께 찍은 사진을, 진은 5일 손가락하트장갑을 홍보했다.\n슈가와 RM도 지난 달 25일 '반다비'·'수호랑'과 함께한 사진을 게시했다.\n이날은 평창올림릭의 성공을 기원하는 SBS '가요대전'이 개최된 날이기도 하다.\n대한민국을 대표하는 아이돌 그룹으로서 무대에 섰던 방탄소년단이 무대가 끝난 뒤에서도 이용해 평창올림픽을 알리기 위해 애쓰는 모습을 보인 것. 방탄소년단은 국내 트위터 계정 중 가장 많은 팔로워수(1000만)를 보유하고 있으며, 보유 팔로워수의 일정 부분을 많은 '해외팬'들이 차지하고 있있다.\n또 방탄소년단은 트위터에서 올해 가장 많이 트윗된 계정 1위로 집계되기도 했다.\n도널드 트럼프 미국 대통령·저스틴 비버·해리 스타일스 등 글로벌 스타 가수들을 제친 놀라운 기록이다.\n방탄소년단이 게시하는 글의 평균 리트윗수 역시 20만 가량이라는 점을 감안하면 평창겨울올림픽 홍보 효과가 어느 정도인지 짐작할 수도 없다.\n한편 평창겨울올림픽은 2월 9일부터 25일까지 대한민국 평창, 강릉, 정선에서 열리며 15개 종목, 102개 경기가 펼쳐진다.",
		"partNum": "P2",
		"useType": 0,
		"processType": "A",
		"processPattern": "99",
		"processLevel": "하",
		"sentenceCount": 13,
		"processSentencenum": 1,
		"sentenceInfo": [
			{
				"sentenceNo": 1,
				"sentenceContent": "방탄소년단 뷔도 다음 달 한국에서 열리는 평창겨울올림픽 응원에 합류했다.",
				"sentenceSize": 40
			},
			{
				"sentenceNo": 2,
				"sentenceContent": "뷔는 방탄소년단 공식 트위터에 \\\"#평창올림픽 #수호랑\\\"이라는 글과 함께 사진을 게재했다.",
				"sentenceSize": 51
			},
			{
				"sentenceNo": 3,
				"sentenceContent": "수호랑은 평창겨울올림픽 공식 마스코트 중 하나로 한국의 호랑이를 모티브로했다.",
				"sentenceSize": 43
			},
			{
				"sentenceNo": 4,
				"sentenceContent": "뷔는 자신을 호랑이로 표현하기도 해 수호랑과 인연이 깊다.",
				"sentenceSize": 32
			},
			{
				"sentenceNo": 5,
				"sentenceContent": "그동안 방탄소년단은 평창올림픽 굿즈 인증샷을 꾸준히 게재해왔다.",
				"sentenceSize": 35
			},
			{
				"sentenceNo": 6,
				"sentenceContent": "제이홉은 8일 평창올림픽 굿즈 '손가락하트 장갑'을, 정국은 7일 평창올림픽 공식 마스코트 수호랑과 함께 찍은 사진을, 진은 5일 손가락하트장갑을 홍보했다.",
				"sentenceSize": 87
			},
			{
				"sentenceNo": 7,
				"sentenceContent": "슈가와 RM도 지난 달 25일 '반다비'·'수호랑'과 함께한 사진을 게시했다.",
				"sentenceSize": 43
			},
			{
				"sentenceNo": 8,
				"sentenceContent": "이날은 평창올림릭의 성공을 기원하는 SBS '가요대전'이 개최된 날이기도 하다.",
				"sentenceSize": 44
			},
			{
				"sentenceNo": 9,
				"sentenceContent": "대한민국을 대표하는 아이돌 그룹으로서 무대에 섰던 방탄소년단이 무대가 끝난 뒤에서도 이용해 평창올림픽을 알리기 위해 애쓰는 모습을 보인 것. 방탄소년단은 국내 트위터 계정 중 가장 많은 팔로워수(1000만)를 보유하고 있으며, 보유 팔로워수의 일정 부분을 많은 '해외팬'들이 차지하고 있있다.",
				"sentenceSize": 163
			},
			{
				"sentenceNo": 10,
				"sentenceContent": "또 방탄소년단은 트위터에서 올해 가장 많이 트윗된 계정 1위로 집계되기도 했다.",
				"sentenceSize": 44
			},
			{
				"sentenceNo": 11,
				"sentenceContent": "도널드 트럼프 미국 대통령·저스틴 비버·해리 스타일스 등 글로벌 스타 가수들을 제친 놀라운 기록이다.",
				"sentenceSize": 56
			},
			{
				"sentenceNo": 12,
				"sentenceContent": "방탄소년단이 게시하는 글의 평균 리트윗수 역시 20만 가량이라는 점을 감안하면 평창겨울올림픽 홍보 효과가 어느 정도인지 짐작할 수도 없다.",
				"sentenceSize": 77
			},
			{
				"sentenceNo": 13,
				"sentenceContent": "한편 평창겨울올림픽은 2월 9일부터 25일까지 대한민국 평창, 강릉, 정선에서 열리며 15개 종목, 102개 경기가 펼쳐진다.",
				"sentenceSize": 70
			}
		]
	},
	"labeledDataInfo": {
		"processSentenceInfo": [
			{
				"sentenceNo": 1,
				"sentenceContent": "방탄소년단 뷔도 다음 달 한국에서 열리는 평창겨울올림픽 응원에 합류했다.",
				"subjectConsistencyYn": "Y"
			},
			{
				"sentenceNo": 2,
				"sentenceContent": "뷔는 방탄소년단 공식 트위터에 \\\"#평창올림픽 #수호랑\\\"이라는 글과 함께 사진을 게재했다.",
				"subjectConsistencyYn": "Y"
			},
			{
				"sentenceNo": 3,
				"sentenceContent": "수호랑은 평창겨울올림픽 공식 마스코트 중 하나로 한국의 호랑이를 모티브로했다.",
				"subjectConsistencyYn": "Y"
			},
			{
				"sentenceNo": 4,
				"sentenceContent": "뷔는 자신을 호랑이로 표현하기도 해 수호랑과 인연이 깊다.",
				"subjectConsistencyYn": "Y"
			},
			{
				"sentenceNo": 5,
				"sentenceContent": "그동안 방탄소년단은 평창올림픽 굿즈 인증샷을 꾸준히 게재해왔다.",
				"subjectConsistencyYn": "Y"
			},
			{
				"sentenceNo": 6,
				"sentenceContent": "제이홉은 8일 평창올림픽 굿즈 '손가락하트 장갑'을, 정국은 7일 평창올림픽 공식 마스코트 수호랑과 함께 찍은 사진을, 진은 5일 손가락하트장갑을 홍보했다.",
				"subjectConsistencyYn": "Y"
			},
			{
				"sentenceNo": 7,
				"sentenceContent": "슈가와 RM도 지난 달 25일 '반다비'·'수호랑'과 함께한 사진을 게시했다.",
				"subjectConsistencyYn": "Y"
			},
			{
				"sentenceNo": 8,
				"sentenceContent": "이날은 평창올림릭의 성공을 기원하는 SBS '가요대전'이 개최된 날이기도 하다.",
				"subjectConsistencyYn": "Y"
			},
			{
				"sentenceNo": 9,
				"sentenceContent": "대한민국을 대표하는 아이돌 그룹으로서 무대에 섰던 방탄소년단이 무대가 끝난 뒤에서도 이용해 평창올림픽을 알리기 위해 애쓰는 모습을 보인 것. 방탄소년단은 국내 트위터 계정 중 가장 많은 팔로워수(1000만)를 보유하고 있으며, 보유 팔로워수의 일정 부분을 많은 '해외팬'들이 차지하고 있있다.",
				"subjectConsistencyYn": "Y"
			},
			{
				"sentenceNo": 10,
				"sentenceContent": "또 방탄소년단은 트위터에서 올해 가장 많이 트윗된 계정 1위로 집계되기도 했다.",
				"subjectConsistencyYn": "Y"
			},
			{
				"sentenceNo": 11,
				"sentenceContent": "도널드 트럼프 미국 대통령·저스틴 비버·해리 스타일스 등 글로벌 스타 가수들을 제친 놀라운 기록이다.",
				"subjectConsistencyYn": "Y"
			},
			{
				"sentenceNo": 12,
				"sentenceContent": "방탄소년단이 게시하는 글의 평균 리트윗수 역시 20만 가량이라는 점을 감안하면 평창겨울올림픽 홍보 효과가 어느 정도인지 짐작할 수도 없다.",
				"subjectConsistencyYn": "Y"
			},
			{
				"sentenceNo": 13,
				"sentenceContent": "현재 하성운 군은 당사와 동행의 마침표로 11월 앨범 발매를 앞두고 있습니다.",
				"subjectConsistencyYn": "N"
			},
			{
				"sentenceNo": 14,
				"sentenceContent": "긴 시간 동안 당사와 함께해 준 하성운 군에게 진심으로 깊은 감사 인사를 전합니다.",
				"subjectConsistencyYn": "N"
			},
			{
				"sentenceNo": 15,
				"sentenceContent": "그동안 아낌없는 관심과 응원을 보내주신 모든 팬분들께 감사드리며, 새로운 시작을 앞둔 하성운 군의 앞날을 항상 응원하겠습니다.",
				"subjectConsistencyYn": "N"
			}
		],
		"clickbaitClass": 0
	}
}