{
	"sourceDataInfo": {
		"newsID": "ET_M03_494449",
		"newsCategory": "연예",
		"newsSubcategory": "연예가화제",
		"newsTitle": "제자 성폭행 의혹 휩싸인 김태훈 “사귀는 사이였다”",
		"newsSubTitle": "",
		"newsContent": "20여 년 전 제자를 성폭행했다는 의혹이 제기된 김태훈 세종대 영화예술학과 교수가 28일 “책임을 통감하고 사죄하는 마음에서 세종대 교수직에서 자진 사퇴하고, 연극활동 등 일체의 활동을 중단하겠다”고 밝혔다.\n김태훈은 이날 입장문을 통해 “엄정한 도덕성을 요구하는 교수직에 있으면서 제자였거나, 제자이던 여성분과 있었던 일로 보도 등이 있었다는 것 자체에서부터 깊은 책임을 느끼고 반성하고 있다”며 이같이 말했다.\n김태훈은 1999년 가을 세종대에서 시간강사 일을 시작했을 때 해당 여성과 사제지간으로 처음 알게 됐으나, 2000년 수원여자대학교로 이직한 뒤 그해 여름 독립영화 촬영지에서 남녀 배우로 다시 만나 연인관계로 발전했다고 설명했다.\n그는 “당시 저는 배우자가 있는 사람으로서 해서는 안 되는, 비난받아 마땅한 행동을 했다”며 “이후 2001년까지 사귀다 그해 가을 헤어졌다”고 했다.\n1990년대 말 세종대 영화예술학과에 입학했다는 한 여성은 27일 온라인 게시판에 글을 올려 김태훈에게 성폭행을 당했다는 글을 올렸고, 학교 측은 이날 성폭력조사위원회를 꾸려 진상조사에 나서기로 했다.\n김태훈은 또 세종대 대학원에서 논문을 준비하던 다른 여성을 추행했다는 일부 언론 보도와 관련해서는 “상대방이 느꼈던 당시의 감정이나 상황이 제가 받아들인 그것과 달랐던 것 같다”고 사과했다.\n당시 배우자와 사별한 지 오래됐다던 김 교수는 “서로가 가진 호감의 정도를 잘못 이해하고 행동했다”며 “최근까지도 연락을 주고받으며 안부를 묻고 응원과 격려를 하는 연극 동료로 생각했는데 상대방의 아픔을 헤아리지 못했다”고 사과했다.",
		"partNum": "P2",
		"useType": 0,
		"processType": "A",
		"processPattern": "99",
		"processLevel": "하",
		"sentenceCount": 7,
		"processSentencenum": 2,
		"sentenceInfo": [
			{
				"sentenceNo": 1,
				"sentenceContent": "20여 년 전 제자를 성폭행했다는 의혹이 제기된 김태훈 세종대 영화예술학과 교수가 28일 “책임을 통감하고 사죄하는 마음에서 세종대 교수직에서 자진 사퇴하고, 연극활동 등 일체의 활동을 중단하겠다”고 밝혔다.",
				"sentenceSize": 116
			},
			{
				"sentenceNo": 2,
				"sentenceContent": "김태훈은 이날 입장문을 통해 “엄정한 도덕성을 요구하는 교수직에 있으면서 제자였거나, 제자이던 여성분과 있었던 일로 보도 등이 있었다는 것 자체에서부터 깊은 책임을 느끼고 반성하고 있다”며 이같이 말했다.",
				"sentenceSize": 114
			},
			{
				"sentenceNo": 3,
				"sentenceContent": "김태훈은 1999년 가을 세종대에서 시간강사 일을 시작했을 때 해당 여성과 사제지간으로 처음 알게 됐으나, 2000년 수원여자대학교로 이직한 뒤 그해 여름 독립영화 촬영지에서 남녀 배우로 다시 만나 연인관계로 발전했다고 설명했다.",
				"sentenceSize": 128
			},
			{
				"sentenceNo": 4,
				"sentenceContent": "그는 “당시 저는 배우자가 있는 사람으로서 해서는 안 되는, 비난받아 마땅한 행동을 했다”며 “이후 2001년까지 사귀다 그해 가을 헤어졌다”고 했다.",
				"sentenceSize": 84
			},
			{
				"sentenceNo": 5,
				"sentenceContent": "1990년대 말 세종대 영화예술학과에 입학했다는 한 여성은 27일 온라인 게시판에 글을 올려 김태훈에게 성폭행을 당했다는 글을 올렸고, 학교 측은 이날 성폭력조사위원회를 꾸려 진상조사에 나서기로 했다.",
				"sentenceSize": 112
			},
			{
				"sentenceNo": 6,
				"sentenceContent": "김태훈은 또 세종대 대학원에서 논문을 준비하던 다른 여성을 추행했다는 일부 언론 보도와 관련해서는 “상대방이 느꼈던 당시의 감정이나 상황이 제가 받아들인 그것과 달랐던 것 같다”고 사과했다.",
				"sentenceSize": 106
			},
			{
				"sentenceNo": 7,
				"sentenceContent": "당시 배우자와 사별한 지 오래됐다던 김 교수는 “서로가 가진 호감의 정도를 잘못 이해하고 행동했다”며 “최근까지도 연락을 주고받으며 안부를 묻고 응원과 격려를 하는 연극 동료로 생각했는데 상대방의 아픔을 헤아리지 못했다”고 사과했다.",
				"sentenceSize": 130
			}
		]
	},
	"labeledDataInfo": {
		"processSentenceInfo": [
			{
				"sentenceNo": 1,
				"sentenceContent": "20여 년 전 제자를 성폭행했다는 의혹이 제기된 김태훈 세종대 영화예술학과 교수가 28일 “책임을 통감하고 사죄하는 마음에서 세종대 교수직에서 자진 사퇴하고, 연극활동 등 일체의 활동을 중단하겠다”고 밝혔다.",
				"subjectConsistencyYn": "Y"
			},
			{
				"sentenceNo": 2,
				"sentenceContent": "김태훈은 이날 입장문을 통해 “엄정한 도덕성을 요구하는 교수직에 있으면서 제자였거나, 제자이던 여성분과 있었던 일로 보도 등이 있었다는 것 자체에서부터 깊은 책임을 느끼고 반성하고 있다”며 이같이 말했다.",
				"subjectConsistencyYn": "Y"
			},
			{
				"sentenceNo": 3,
				"sentenceContent": "김태훈은 1999년 가을 세종대에서 시간강사 일을 시작했을 때 해당 여성과 사제지간으로 처음 알게 됐으나, 2000년 수원여자대학교로 이직한 뒤 그해 여름 독립영화 촬영지에서 남녀 배우로 다시 만나 연인관계로 발전했다고 설명했다.",
				"subjectConsistencyYn": "Y"
			},
			{
				"sentenceNo": 4,
				"sentenceContent": "그는 “당시 저는 배우자가 있는 사람으로서 해서는 안 되는, 비난받아 마땅한 행동을 했다”며 “이후 2001년까지 사귀다 그해 가을 헤어졌다”고 했다.",
				"subjectConsistencyYn": "Y"
			},
			{
				"sentenceNo": 5,
				"sentenceContent": "1990년대 말 세종대 영화예술학과에 입학했다는 한 여성은 27일 온라인 게시판에 글을 올려 김태훈에게 성폭행을 당했다는 글을 올렸고, 학교 측은 이날 성폭력조사위원회를 꾸려 진상조사에 나서기로 했다.",
				"subjectConsistencyYn": "Y"
			},
			{
				"sentenceNo": 6,
				"sentenceContent": "영상 말미에는 본캐인 김민재, 박규영, 권율로 돌아가는 부분이 포착되었다.",
				"subjectConsistencyYn": "N"
			},
			{
				"sentenceNo": 7,
				"sentenceContent": "모든 배우들이 캐릭터 과몰입의 긴장감을 놓는 귀여운 모습으로 흐뭇한 미소를 자아냈다.",
				"subjectConsistencyYn": "N"
			},
			{
				"sentenceNo": 8,
				"sentenceContent": "박규영은 “(달리와) 닮아 있는 지점이 있다고 느꼈어요”라며 놀라운 싱크로율에 대해 전했다.",
				"subjectConsistencyYn": "N"
			},
			{
				"sentenceNo": 9,
				"sentenceContent": "권율은 “캐릭터를 위해 연구하고, 생각하고, 연기했으니 드라마에서 인사드리겠습니다”라며 방송에 대한 기대감을 수직 상승시켰다.",
				"subjectConsistencyYn": "N"
			},
			{
				"sentenceNo": 10,
				"sentenceContent": "한편 KBS 2TV‘달리와 감자탕‘은 매주 수-목 오후 9시 30분에 방송된다.",
				"subjectConsistencyYn": "N"
			}
		],
		"clickbaitClass": 0
	}
}