{
	"sourceDataInfo": {
		"newsID": "ET_M03_494554",
		"newsCategory": "연예",
		"newsSubcategory": "연예,공연",
		"newsTitle": "뚜 뚜르 뚜~ 뚜 뚜르 뚜~ … 크랜베리스 리드보컬 돌연 사망",
		"newsSubTitle": "아일랜드 싱어송라이터인 오리오던, 46세로 사망 'linger' 'dreams' 'ode to my family'…90년대 풍미 NYT \\\"툭툭 내뱉듯하면서도 단호한 음색의 소유자\\\"",
		"newsContent": "아일랜드 그룹 크랜베리스(Cranberries)의 리드싱어 돌로레스 오리오던이 영국 런던에서 46세로 사망했다.\n15일(현지시각) 그녀의 소속사는 “음악 녹음을 위해 런던에 머물던 중 갑자기 사망했다”고 발표했다.\n사망 원인은 밝히지 않았다.\n크랜베리스는 1990년대를 풍미한 그룹이었다.\n미국 음악전문 매체인 빌보드지에 따르면, 크랜베리스는 ‘켈트적 요소가 가미된 음악(Celtic-infused)’을 구사하는 얼터너티브 록 밴드였다.\n켈트 음악은 켈트 문화권인 아일랜드·스코틀랜드·웨일스 등에서 잔잔한 선율과 단순한 멜로디를 특징으로 한다.\n그러나 크랜베리스는 오리오던이라는 걸출한 보컬리스트이자 송 라이터로 특징지어졌다.\n빌보드지는 오리오던에 대해 ‘파워를 갖췄으면서도 호소력 있는(powerful and wailing)’ 목소리를 갖췄다고 평했다.\n뉴욕타임스는 ‘높고 숨소리까지 다 들리는(high and breathy), 그러나 툭툭 내뱉듯이 단호한(determined and flinty)’ 음색을 가졌다고 평가했다.\n크랜베리스는 1993년에 ‘Everybody Else Is Doing It, So Why Can’t We? ‘를 발표하며 데뷔했다. 이 앨범에서 ‘Linger’가 빌보드 싱글 차트에서 8위까지 오르며 100위권에서 24주간 머물렀다. 이 앨범의 ‘Dreams’ 역시 빌보드 싱글 차트에서 인기를 얻었다. 이곡은 임청하·양조위 주연의 영화 ‘중경삼림’에 삽입됐다. 1995년엔 앨범 ‘No Need to Argue’를 발표했다. 이 앨범에 들어간 ‘Zombie’는 북아일랜드에서 벌어진 아일랜드공화군(IRA)의 폭탄 테러를 안타까워하면서 만든 곡이다. 드라마 ‘젊은이의 양지’를 통해 한국인에게 친숙해진‘Ode to my family’도 수록돼 있다.\n오리오던은 22살인 1994년에 영국 그룹 듀란듀란의 투어 매니저였던 돈 버튼과 결혼했다.\n세 명의 아이를 두고 2014년에 이혼했다.\n그녀는 허리 통증이 심해 투어에 차질을 빚기도 했다.\n2003년에 해체됐다가 2009년에 재결합한 크랜베리스는 지난해‘Something Else’를 발표하고 유럽·북미 공연을 벌였으나 오리오던의 고질적 허리 통증으로 일정이 취소되거나 축소됐다.\n오리어던은 2014년 뉴욕에서 아일랜드로 가던 비행기 안에서 승무원 등을 폭행한 혐의로 기소돼 6000달러(639만원)의 벌금형을 선고받기도 했다.\n당시 그녀가 정신 질환을 앓고 있었다는 기록도 나왔다.\n마이클 히긴스 아일랜드 대통령은 “크랜베리스서와 오리오던은 록음악에 큰 영향을 끼쳤다”며 “그녀를 잃은 건 큰 슬픔”이라고 말했다.\n그녀의 팬들은 트위터를 통해 “그녀의 음악은 우리의 DNA이자 사운드트랙이었다”며 애도를 표했다.",
		"partNum": "P2",
		"useType": 0,
		"processType": "A",
		"processPattern": "99",
		"processLevel": "하",
		"sentenceCount": 18,
		"processSentencenum": 2,
		"sentenceInfo": [
			{
				"sentenceNo": 1,
				"sentenceContent": "아일랜드 그룹 크랜베리스(Cranberries)의 리드싱어 돌로레스 오리오던이 영국 런던에서 46세로 사망했다.",
				"sentenceSize": 62
			},
			{
				"sentenceNo": 2,
				"sentenceContent": "15일(현지시각) 그녀의 소속사는 “음악 녹음을 위해 런던에 머물던 중 갑자기 사망했다”고 발표했다.",
				"sentenceSize": 56
			},
			{
				"sentenceNo": 3,
				"sentenceContent": "사망 원인은 밝히지 않았다.",
				"sentenceSize": 15
			},
			{
				"sentenceNo": 4,
				"sentenceContent": "크랜베리스는 1990년대를 풍미한 그룹이었다.",
				"sentenceSize": 25
			},
			{
				"sentenceNo": 5,
				"sentenceContent": "미국 음악전문 매체인 빌보드지에 따르면, 크랜베리스는 ‘켈트적 요소가 가미된 음악(Celtic-infused)’을 구사하는 얼터너티브 록 밴드였다.",
				"sentenceSize": 82
			},
			{
				"sentenceNo": 6,
				"sentenceContent": "켈트 음악은 켈트 문화권인 아일랜드·스코틀랜드·웨일스 등에서 잔잔한 선율과 단순한 멜로디를 특징으로 한다.",
				"sentenceSize": 59
			},
			{
				"sentenceNo": 7,
				"sentenceContent": "그러나 크랜베리스는 오리오던이라는 걸출한 보컬리스트이자 송 라이터로 특징지어졌다.",
				"sentenceSize": 45
			},
			{
				"sentenceNo": 8,
				"sentenceContent": "빌보드지는 오리오던에 대해 ‘파워를 갖췄으면서도 호소력 있는(powerful and wailing)’ 목소리를 갖췄다고 평했다.",
				"sentenceSize": 71
			},
			{
				"sentenceNo": 9,
				"sentenceContent": "뉴욕타임스는 ‘높고 숨소리까지 다 들리는(high and breathy), 그러나 툭툭 내뱉듯이 단호한(determined and flinty)’ 음색을 가졌다고 평가했다.",
				"sentenceSize": 96
			},
			{
				"sentenceNo": 10,
				"sentenceContent": "크랜베리스는 1993년에 ‘Everybody Else Is Doing It, So Why Can’t We? ‘를 발표하며 데뷔했다. 이 앨범에서 ‘Linger’가 빌보드 싱글 차트에서 8위까지 오르며 100위권에서 24주간 머물렀다. 이 앨범의 ‘Dreams’ 역시 빌보드 싱글 차트에서 인기를 얻었다. 이곡은 임청하·양조위 주연의 영화 ‘중경삼림’에 삽입됐다. 1995년엔 앨범 ‘No Need to Argue’를 발표했다. 이 앨범에 들어간 ‘Zombie’는 북아일랜드에서 벌어진 아일랜드공화군(IRA)의 폭탄 테러를 안타까워하면서 만든 곡이다. 드라마 ‘젊은이의 양지’를 통해 한국인에게 친숙해진‘Ode to my family’도 수록돼 있다.",
				"sentenceSize": 363
			},
			{
				"sentenceNo": 11,
				"sentenceContent": "오리오던은 22살인 1994년에 영국 그룹 듀란듀란의 투어 매니저였던 돈 버튼과 결혼했다.",
				"sentenceSize": 50
			},
			{
				"sentenceNo": 12,
				"sentenceContent": "세 명의 아이를 두고 2014년에 이혼했다.",
				"sentenceSize": 24
			},
			{
				"sentenceNo": 13,
				"sentenceContent": "그녀는 허리 통증이 심해 투어에 차질을 빚기도 했다.",
				"sentenceSize": 29
			},
			{
				"sentenceNo": 14,
				"sentenceContent": "2003년에 해체됐다가 2009년에 재결합한 크랜베리스는 지난해‘Something Else’를 발표하고 유럽·북미 공연을 벌였으나 오리오던의 고질적 허리 통증으로 일정이 취소되거나 축소됐다.",
				"sentenceSize": 106
			},
			{
				"sentenceNo": 15,
				"sentenceContent": "오리어던은 2014년 뉴욕에서 아일랜드로 가던 비행기 안에서 승무원 등을 폭행한 혐의로 기소돼 6000달러(639만원)의 벌금형을 선고받기도 했다.",
				"sentenceSize": 82
			},
			{
				"sentenceNo": 16,
				"sentenceContent": "당시 그녀가 정신 질환을 앓고 있었다는 기록도 나왔다.",
				"sentenceSize": 30
			},
			{
				"sentenceNo": 17,
				"sentenceContent": "마이클 히긴스 아일랜드 대통령은 “크랜베리스서와 오리오던은 록음악에 큰 영향을 끼쳤다”며 “그녀를 잃은 건 큰 슬픔”이라고 말했다.",
				"sentenceSize": 73
			},
			{
				"sentenceNo": 18,
				"sentenceContent": "그녀의 팬들은 트위터를 통해 “그녀의 음악은 우리의 DNA이자 사운드트랙이었다”며 애도를 표했다.",
				"sentenceSize": 54
			}
		]
	},
	"labeledDataInfo": {
		"processSentenceInfo": [
			{
				"sentenceNo": 1,
				"sentenceContent": "아일랜드 그룹 크랜베리스(Cranberries)의 리드싱어 돌로레스 오리오던이 영국 런던에서 46세로 사망했다.",
				"subjectConsistencyYn": "Y"
			},
			{
				"sentenceNo": 2,
				"sentenceContent": "15일(현지시각) 그녀의 소속사는 “음악 녹음을 위해 런던에 머물던 중 갑자기 사망했다”고 발표했다.",
				"subjectConsistencyYn": "Y"
			},
			{
				"sentenceNo": 3,
				"sentenceContent": "사망 원인은 밝히지 않았다.",
				"subjectConsistencyYn": "Y"
			},
			{
				"sentenceNo": 4,
				"sentenceContent": "크랜베리스는 1990년대를 풍미한 그룹이었다.",
				"subjectConsistencyYn": "Y"
			},
			{
				"sentenceNo": 5,
				"sentenceContent": "미국 음악전문 매체인 빌보드지에 따르면, 크랜베리스는 ‘켈트적 요소가 가미된 음악(Celtic-infused)’을 구사하는 얼터너티브 록 밴드였다.",
				"subjectConsistencyYn": "Y"
			},
			{
				"sentenceNo": 6,
				"sentenceContent": "켈트 음악은 켈트 문화권인 아일랜드·스코틀랜드·웨일스 등에서 잔잔한 선율과 단순한 멜로디를 특징으로 한다.",
				"subjectConsistencyYn": "Y"
			},
			{
				"sentenceNo": 7,
				"sentenceContent": "그러나 크랜베리스는 오리오던이라는 걸출한 보컬리스트이자 송 라이터로 특징지어졌다.",
				"subjectConsistencyYn": "Y"
			},
			{
				"sentenceNo": 8,
				"sentenceContent": "빌보드지는 오리오던에 대해 ‘파워를 갖췄으면서도 호소력 있는(powerful and wailing)’ 목소리를 갖췄다고 평했다.",
				"subjectConsistencyYn": "Y"
			},
			{
				"sentenceNo": 9,
				"sentenceContent": "뉴욕타임스는 ‘높고 숨소리까지 다 들리는(high and breathy), 그러나 툭툭 내뱉듯이 단호한(determined and flinty)’ 음색을 가졌다고 평가했다.",
				"subjectConsistencyYn": "Y"
			},
			{
				"sentenceNo": 10,
				"sentenceContent": "크랜베리스는 1993년에 ‘Everybody Else Is Doing It, So Why Can’t We? ‘를 발표하며 데뷔했다. 이 앨범에서 ‘Linger’가 빌보드 싱글 차트에서 8위까지 오르며 100위권에서 24주간 머물렀다. 이 앨범의 ‘Dreams’ 역시 빌보드 싱글 차트에서 인기를 얻었다. 이곡은 임청하·양조위 주연의 영화 ‘중경삼림’에 삽입됐다. 1995년엔 앨범 ‘No Need to Argue’를 발표했다. 이 앨범에 들어간 ‘Zombie’는 북아일랜드에서 벌어진 아일랜드공화군(IRA)의 폭탄 테러를 안타까워하면서 만든 곡이다. 드라마 ‘젊은이의 양지’를 통해 한국인에게 친숙해진‘Ode to my family’도 수록돼 있다.",
				"subjectConsistencyYn": "Y"
			},
			{
				"sentenceNo": 11,
				"sentenceContent": "오리오던은 22살인 1994년에 영국 그룹 듀란듀란의 투어 매니저였던 돈 버튼과 결혼했다.",
				"subjectConsistencyYn": "Y"
			},
			{
				"sentenceNo": 12,
				"sentenceContent": "세 명의 아이를 두고 2014년에 이혼했다.",
				"subjectConsistencyYn": "Y"
			},
			{
				"sentenceNo": 13,
				"sentenceContent": "그녀는 허리 통증이 심해 투어에 차질을 빚기도 했다.",
				"subjectConsistencyYn": "Y"
			},
			{
				"sentenceNo": 14,
				"sentenceContent": "2003년에 해체됐다가 2009년에 재결합한 크랜베리스는 지난해‘Something Else’를 발표하고 유럽·북미 공연을 벌였으나 오리오던의 고질적 허리 통증으로 일정이 취소되거나 축소됐다.",
				"subjectConsistencyYn": "Y"
			},
			{
				"sentenceNo": 15,
				"sentenceContent": "오리어던은 2014년 뉴욕에서 아일랜드로 가던 비행기 안에서 승무원 등을 폭행한 혐의로 기소돼 6000달러(639만원)의 벌금형을 선고받기도 했다.",
				"subjectConsistencyYn": "Y"
			},
			{
				"sentenceNo": 16,
				"sentenceContent": "당시 그녀가 정신 질환을 앓고 있었다는 기록도 나왔다.",
				"subjectConsistencyYn": "Y"
			},
			{
				"sentenceNo": 17,
				"sentenceContent": "유희열은 \\\"유제이는 말이 안 되는 캐릭터, 어려운 곡에 도전했다. 윤복희 '여러분'이라는 곡은 긴 호흡으로 뽑아내야 하는 곡이다. 가창력이 뒷 받침되어야 하는 곡인데 잘못 부르면 올드할 수 있다. 그러나 유제이가 부른 '여러분'은 전혀 올드하지 않았다\\\"고 극찬했다.",
				"subjectConsistencyYn": "N"
			},
			{
				"sentenceNo": 18,
				"sentenceContent": "박진영은 \\\"유제이 양의 코가 막혔다 풀린 지 얼마 안 돼서 이게 베스트가 아니다. 어떤 곡이든 유제이라는 렌즈에 들어가면 그의 색깔이 담긴 곡으로 재탄생한다. 많은 재능 있는 아이들을 봤지만 유제이의 재능은 무섭다\\\"고 평가했다.",
				"subjectConsistencyYn": "N"
			}
		],
		"clickbaitClass": 0
	}
}