{
	"sourceDataInfo": {
		"newsID": "ET_M03_494558",
		"newsCategory": "연예",
		"newsSubcategory": "연예가화제",
		"newsTitle": "“걸그룹, 살 빼려고 임신 증상 나는 호르몬 주사까지 맞아”",
		"newsSubTitle": "",
		"newsContent": "걸그룹과 다이어트는 떼려야 뗄 수 없는 관계다.\n대중에게 보다 예쁜 모습을 보여주기 위해 365일 다이어트를 한다는 걸그룹들, 이 중 일부는 살을 빼기 위해 호르몬 주사까지 맞는 것으로 나타났다.\n지난 8일 밤 방송된 채널A ‘풍문으로 들었쇼’에서는 ‘아이돌의 모든 것’이라는 주제로 패널들이 이야기를 나눴다.\n이날 방송에는 걸그룹 멤버들의 다이어트 비법도 공개됐는데, 한 연예부 기자는 “소녀시대 써니와 전 애프터스쿨 유이가 몸에 전기를 통하게 하는 ‘EMS’라는 운동법으로 다이어트를 했다. 수트를 입고 패치를 붙이는 건데 미세한 전류를 흐르게 해서 운동 효과를 배로 늘리게 한다. 15분만 운동해도 30~40분 운동 효과가 나는 거다”고 설명했다.\n또 다른 연예부 기자는 “걸그룹이 많이 하는 다이어트 중에는 호르몬 다이어트가 있다”며 “임신하면 임산부 몸에 HCG라는 호르몬이 나온다. 이 호르몬 주사를 맞으면 입덧한 상황이 똑같아서 공복이 되는데 그 공복에 지방이 분해되는 거다. 그러면서 다이어트가 된다더라”고 했다.\n이어 “이런 다이어트를 누가 하냐고 생각할 수 있겠지만, 대부분의 걸그룹이 많이 하고 있다”고 덧붙였다.\n걸그룹들이 날씬한 몸매를 위해 시술이나 수술의 도움도 많이 받는 것으로 드러났다.\n허벅지 지방흡입부터 각선미를 위해 종아리 근육 제거술도 받는 것으로 알려졌다.",
		"partNum": "P2",
		"useType": 0,
		"processType": "A",
		"processPattern": "99",
		"processLevel": "하",
		"sentenceCount": 8,
		"processSentencenum": 1,
		"sentenceInfo": [
			{
				"sentenceNo": 1,
				"sentenceContent": "걸그룹과 다이어트는 떼려야 뗄 수 없는 관계다.",
				"sentenceSize": 26
			},
			{
				"sentenceNo": 2,
				"sentenceContent": "대중에게 보다 예쁜 모습을 보여주기 위해 365일 다이어트를 한다는 걸그룹들, 이 중 일부는 살을 빼기 위해 호르몬 주사까지 맞는 것으로 나타났다.",
				"sentenceSize": 82
			},
			{
				"sentenceNo": 3,
				"sentenceContent": "지난 8일 밤 방송된 채널A ‘풍문으로 들었쇼’에서는 ‘아이돌의 모든 것’이라는 주제로 패널들이 이야기를 나눴다.",
				"sentenceSize": 63
			},
			{
				"sentenceNo": 4,
				"sentenceContent": "이날 방송에는 걸그룹 멤버들의 다이어트 비법도 공개됐는데, 한 연예부 기자는 “소녀시대 써니와 전 애프터스쿨 유이가 몸에 전기를 통하게 하는 ‘EMS’라는 운동법으로 다이어트를 했다. 수트를 입고 패치를 붙이는 건데 미세한 전류를 흐르게 해서 운동 효과를 배로 늘리게 한다. 15분만 운동해도 30~40분 운동 효과가 나는 거다”고 설명했다.",
				"sentenceSize": 191
			},
			{
				"sentenceNo": 5,
				"sentenceContent": "또 다른 연예부 기자는 “걸그룹이 많이 하는 다이어트 중에는 호르몬 다이어트가 있다”며 “임신하면 임산부 몸에 HCG라는 호르몬이 나온다. 이 호르몬 주사를 맞으면 입덧한 상황이 똑같아서 공복이 되는데 그 공복에 지방이 분해되는 거다. 그러면서 다이어트가 된다더라”고 했다.",
				"sentenceSize": 153
			},
			{
				"sentenceNo": 6,
				"sentenceContent": "이어 “이런 다이어트를 누가 하냐고 생각할 수 있겠지만, 대부분의 걸그룹이 많이 하고 있다”고 덧붙였다.",
				"sentenceSize": 58
			},
			{
				"sentenceNo": 7,
				"sentenceContent": "걸그룹들이 날씬한 몸매를 위해 시술이나 수술의 도움도 많이 받는 것으로 드러났다.",
				"sentenceSize": 45
			},
			{
				"sentenceNo": 8,
				"sentenceContent": "허벅지 지방흡입부터 각선미를 위해 종아리 근육 제거술도 받는 것으로 알려졌다.",
				"sentenceSize": 43
			}
		]
	},
	"labeledDataInfo": {
		"processSentenceInfo": [
			{
				"sentenceNo": 1,
				"sentenceContent": "걸그룹과 다이어트는 떼려야 뗄 수 없는 관계다.",
				"subjectConsistencyYn": "Y"
			},
			{
				"sentenceNo": 2,
				"sentenceContent": "대중에게 보다 예쁜 모습을 보여주기 위해 365일 다이어트를 한다는 걸그룹들, 이 중 일부는 살을 빼기 위해 호르몬 주사까지 맞는 것으로 나타났다.",
				"subjectConsistencyYn": "Y"
			},
			{
				"sentenceNo": 3,
				"sentenceContent": "지난 8일 밤 방송된 채널A ‘풍문으로 들었쇼’에서는 ‘아이돌의 모든 것’이라는 주제로 패널들이 이야기를 나눴다.",
				"subjectConsistencyYn": "Y"
			},
			{
				"sentenceNo": 4,
				"sentenceContent": "이날 방송에는 걸그룹 멤버들의 다이어트 비법도 공개됐는데, 한 연예부 기자는 “소녀시대 써니와 전 애프터스쿨 유이가 몸에 전기를 통하게 하는 ‘EMS’라는 운동법으로 다이어트를 했다. 수트를 입고 패치를 붙이는 건데 미세한 전류를 흐르게 해서 운동 효과를 배로 늘리게 한다. 15분만 운동해도 30~40분 운동 효과가 나는 거다”고 설명했다.",
				"subjectConsistencyYn": "Y"
			},
			{
				"sentenceNo": 5,
				"sentenceContent": "또 다른 연예부 기자는 “걸그룹이 많이 하는 다이어트 중에는 호르몬 다이어트가 있다”며 “임신하면 임산부 몸에 HCG라는 호르몬이 나온다. 이 호르몬 주사를 맞으면 입덧한 상황이 똑같아서 공복이 되는데 그 공복에 지방이 분해되는 거다. 그러면서 다이어트가 된다더라”고 했다.",
				"subjectConsistencyYn": "Y"
			},
			{
				"sentenceNo": 6,
				"sentenceContent": "이어 “이런 다이어트를 누가 하냐고 생각할 수 있겠지만, 대부분의 걸그룹이 많이 하고 있다”고 덧붙였다.",
				"subjectConsistencyYn": "Y"
			},
			{
				"sentenceNo": 7,
				"sentenceContent": "걸그룹들이 날씬한 몸매를 위해 시술이나 수술의 도움도 많이 받는 것으로 드러났다.",
				"subjectConsistencyYn": "Y"
			},
			{
				"sentenceNo": 8,
				"sentenceContent": "EBS 건축탐구-집 <두바이 엑스포 특집 – 사막에서 만난 기적, 한국관>은 두바이 엑스포 개막을 맞이해 사막 위에 세워진 ‘한국관’을 생생히 탐험하고, 두바이를 여행하며 건축적 영감을 짚어본다.",
				"subjectConsistencyYn": "N"
			}
		],
		"clickbaitClass": 0
	}
}