{
	"sourceDataInfo": {
		"newsID": "ET_M03_494267",
		"newsCategory": "연예",
		"newsSubcategory": "연예가화제",
		"newsTitle": "사진가 김희중, 마지막 사진전은 자신의 장례식장에서",
		"newsSubTitle": "[서소문사진관] 동양인 최초 내셔널지오그랙픽 편집장 지낸 에드워드 김 별세 Good Bye My Life 제목으로 살아온 인생 사진들 빈소에 내걸어",
		"newsContent": "사진가 김희중(1940~2019) 전 상명대 석좌교수가 10일 별세했다.\n향년 79세. 김 교수의 빈소는 경기도 분당 서울대병원 장례식장에 마련됐다.\n고인의 뜻에 따라 부고는 내지 않고 친지와 지인들에게만 알렸다.\n고인의 빈소는 사진가로서의 삶을 돌아볼 수 있도록 꾸몄다.\nGood Bye My Life라는 제목으로 편집한 사진들은 고인의 성장 과정을 보여주는 사진들로부터 취재 활동, 대표작까지 두루 포함한다.\n빈소 내부는 고인의 성장 과정부터 취재 활동을 하는 모습까지 흑백사진을 전시했다.\n중고교시절부터 대학 시절까지. 젊은 시절. 카메라를 들고 온 세상을 누비던 시절의 모습. 수많은 취재현장에서 고인이 목에 걸었던 비표들. 김희중은 중고교시절부터 '사진 천재'로 소문이 났다.\n고교 시절인 50년대 영등포에서 시외버스를 타고 안양까지 가서 신작로를 걸으며 만난 할아버지들을 촬영했다. 고장 나서 길가에 서 있던 트럭에 올라가 기다렸다가 할아버지들이 다가왔을 때 셔터를 눌렀다.\n김희중의 이력 중 가장 두드러진 것은 미국의 세계적인 잡지 '내셔널 지오그래픽'에서 일한 것이다.\n1980년 10월 그는 기획위원 겸 편집팀장(Senior Editor)이 됐다.\n임원급이다.\n기획 회의는 제작 방향을 정하고 기획안의 승인과 진행을 총괄하는 곳으로 회사에서는 '별들의 모임'이라고 불린다.\n김희중은 그중에서도 권한이 가장 광범위한 편집팀장이 되었다.\n그의 빈소에 '내셔널 지오그래픽' 한권이 조문객을 맞이하고 있다.\n표지사진은 1974년 가을 고인이 남태평양에서 촬영한 것이다.\n김희중은 1973년 북한을 취재했다.\n서방 기자로는 최초였다.\n그가 직접 쓴 글과 사진은 1974년 8월호에 실렸고, 김희중은'미국 해외기자단(Overseas Press Club) 최우수 취재상을 받았다.\n퓰리처상에 버금가는 권위 있는 상이었다.\n내셔널 지오그래픽 100년 역사에서 사진으로는 수차례 그 상을 받았지만, 기사로 상을 받은 것은 처음이었다.\n김희중의 북한 취재 사진. 1973년 군사훈련을 받는 학생들을 위문하는 취주악대 소녀들. 김희중은 국내 기업인 삼성에서 고문으로 활동하며 삼성 사보를 제작한 적이 있다.\n그 당시 브라질 코파카바나 해변에서 촬영한 삼성 마이마이 광고사진. 삼성의 기업 이미지를 생각하면 파격적인 사진이었지만 이건희 회장은 \\\"좋은 사진\\\"이라고 말하며 직접 채택했다.\n이 사진은 1990년 가을 삼성 사보 가운데 대형 센터 폴더로 게재됐다.\n빈소의 고 김희중 교수. 본인이 직접 고른 영정사진이다.\n편히 쉬세요.",
		"partNum": "P2",
		"useType": 0,
		"processType": "A",
		"processPattern": "99",
		"processLevel": "하",
		"sentenceCount": 25,
		"processSentencenum": 7,
		"sentenceInfo": [
			{
				"sentenceNo": 1,
				"sentenceContent": "사진가 김희중(1940~2019) 전 상명대 석좌교수가 10일 별세했다.",
				"sentenceSize": 40
			},
			{
				"sentenceNo": 2,
				"sentenceContent": "향년 79세. 김 교수의 빈소는 경기도 분당 서울대병원 장례식장에 마련됐다.",
				"sentenceSize": 42
			},
			{
				"sentenceNo": 3,
				"sentenceContent": "고인의 뜻에 따라 부고는 내지 않고 친지와 지인들에게만 알렸다.",
				"sentenceSize": 35
			},
			{
				"sentenceNo": 4,
				"sentenceContent": "고인의 빈소는 사진가로서의 삶을 돌아볼 수 있도록 꾸몄다.",
				"sentenceSize": 32
			},
			{
				"sentenceNo": 5,
				"sentenceContent": "Good Bye My Life라는 제목으로 편집한 사진들은 고인의 성장 과정을 보여주는 사진들로부터 취재 활동, 대표작까지 두루 포함한다.",
				"sentenceSize": 77
			},
			{
				"sentenceNo": 6,
				"sentenceContent": "빈소 내부는 고인의 성장 과정부터 취재 활동을 하는 모습까지 흑백사진을 전시했다.",
				"sentenceSize": 45
			},
			{
				"sentenceNo": 7,
				"sentenceContent": "중고교시절부터 대학 시절까지. 젊은 시절. 카메라를 들고 온 세상을 누비던 시절의 모습. 수많은 취재현장에서 고인이 목에 걸었던 비표들. 김희중은 중고교시절부터 '사진 천재'로 소문이 났다.",
				"sentenceSize": 106
			},
			{
				"sentenceNo": 8,
				"sentenceContent": "고교 시절인 50년대 영등포에서 시외버스를 타고 안양까지 가서 신작로를 걸으며 만난 할아버지들을 촬영했다. 고장 나서 길가에 서 있던 트럭에 올라가 기다렸다가 할아버지들이 다가왔을 때 셔터를 눌렀다.",
				"sentenceSize": 111
			},
			{
				"sentenceNo": 9,
				"sentenceContent": "김희중의 이력 중 가장 두드러진 것은 미국의 세계적인 잡지 '내셔널 지오그래픽'에서 일한 것이다.",
				"sentenceSize": 54
			},
			{
				"sentenceNo": 10,
				"sentenceContent": "1980년 10월 그는 기획위원 겸 편집팀장(Senior Editor)이 됐다.",
				"sentenceSize": 44
			},
			{
				"sentenceNo": 11,
				"sentenceContent": "임원급이다.",
				"sentenceSize": 6
			},
			{
				"sentenceNo": 12,
				"sentenceContent": "기획 회의는 제작 방향을 정하고 기획안의 승인과 진행을 총괄하는 곳으로 회사에서는 '별들의 모임'이라고 불린다.",
				"sentenceSize": 62
			},
			{
				"sentenceNo": 13,
				"sentenceContent": "김희중은 그중에서도 권한이 가장 광범위한 편집팀장이 되었다.",
				"sentenceSize": 33
			},
			{
				"sentenceNo": 14,
				"sentenceContent": "그의 빈소에 '내셔널 지오그래픽' 한권이 조문객을 맞이하고 있다.",
				"sentenceSize": 36
			},
			{
				"sentenceNo": 15,
				"sentenceContent": "표지사진은 1974년 가을 고인이 남태평양에서 촬영한 것이다.",
				"sentenceSize": 34
			},
			{
				"sentenceNo": 16,
				"sentenceContent": "김희중은 1973년 북한을 취재했다.",
				"sentenceSize": 20
			},
			{
				"sentenceNo": 17,
				"sentenceContent": "서방 기자로는 최초였다.",
				"sentenceSize": 13
			},
			{
				"sentenceNo": 18,
				"sentenceContent": "그가 직접 쓴 글과 사진은 1974년 8월호에 실렸고, 김희중은'미국 해외기자단(Overseas Press Club) 최우수 취재상을 받았다.",
				"sentenceSize": 79
			},
			{
				"sentenceNo": 19,
				"sentenceContent": "퓰리처상에 버금가는 권위 있는 상이었다.",
				"sentenceSize": 22
			},
			{
				"sentenceNo": 20,
				"sentenceContent": "내셔널 지오그래픽 100년 역사에서 사진으로는 수차례 그 상을 받았지만, 기사로 상을 받은 것은 처음이었다.",
				"sentenceSize": 60
			},
			{
				"sentenceNo": 21,
				"sentenceContent": "김희중의 북한 취재 사진. 1973년 군사훈련을 받는 학생들을 위문하는 취주악대 소녀들. 김희중은 국내 기업인 삼성에서 고문으로 활동하며 삼성 사보를 제작한 적이 있다.",
				"sentenceSize": 94
			},
			{
				"sentenceNo": 22,
				"sentenceContent": "그 당시 브라질 코파카바나 해변에서 촬영한 삼성 마이마이 광고사진. 삼성의 기업 이미지를 생각하면 파격적인 사진이었지만 이건희 회장은 \\\"좋은 사진\\\"이라고 말하며 직접 채택했다.",
				"sentenceSize": 100
			},
			{
				"sentenceNo": 23,
				"sentenceContent": "이 사진은 1990년 가을 삼성 사보 가운데 대형 센터 폴더로 게재됐다.",
				"sentenceSize": 40
			},
			{
				"sentenceNo": 24,
				"sentenceContent": "빈소의 고 김희중 교수. 본인이 직접 고른 영정사진이다.",
				"sentenceSize": 31
			},
			{
				"sentenceNo": 25,
				"sentenceContent": "편히 쉬세요.",
				"sentenceSize": 7
			}
		]
	},
	"labeledDataInfo": {
		"processSentenceInfo": [
			{
				"sentenceNo": 1,
				"sentenceContent": "사진가 김희중(1940~2019) 전 상명대 석좌교수가 10일 별세했다.",
				"subjectConsistencyYn": "Y"
			},
			{
				"sentenceNo": 2,
				"sentenceContent": "향년 79세. 김 교수의 빈소는 경기도 분당 서울대병원 장례식장에 마련됐다.",
				"subjectConsistencyYn": "Y"
			},
			{
				"sentenceNo": 3,
				"sentenceContent": "고인의 뜻에 따라 부고는 내지 않고 친지와 지인들에게만 알렸다.",
				"subjectConsistencyYn": "Y"
			},
			{
				"sentenceNo": 4,
				"sentenceContent": "고인의 빈소는 사진가로서의 삶을 돌아볼 수 있도록 꾸몄다.",
				"subjectConsistencyYn": "Y"
			},
			{
				"sentenceNo": 5,
				"sentenceContent": "Good Bye My Life라는 제목으로 편집한 사진들은 고인의 성장 과정을 보여주는 사진들로부터 취재 활동, 대표작까지 두루 포함한다.",
				"subjectConsistencyYn": "Y"
			},
			{
				"sentenceNo": 6,
				"sentenceContent": "빈소 내부는 고인의 성장 과정부터 취재 활동을 하는 모습까지 흑백사진을 전시했다.",
				"subjectConsistencyYn": "Y"
			},
			{
				"sentenceNo": 7,
				"sentenceContent": "중고교시절부터 대학 시절까지. 젊은 시절. 카메라를 들고 온 세상을 누비던 시절의 모습. 수많은 취재현장에서 고인이 목에 걸었던 비표들. 김희중은 중고교시절부터 '사진 천재'로 소문이 났다.",
				"subjectConsistencyYn": "Y"
			},
			{
				"sentenceNo": 8,
				"sentenceContent": "고교 시절인 50년대 영등포에서 시외버스를 타고 안양까지 가서 신작로를 걸으며 만난 할아버지들을 촬영했다. 고장 나서 길가에 서 있던 트럭에 올라가 기다렸다가 할아버지들이 다가왔을 때 셔터를 눌렀다.",
				"subjectConsistencyYn": "Y"
			},
			{
				"sentenceNo": 9,
				"sentenceContent": "김희중의 이력 중 가장 두드러진 것은 미국의 세계적인 잡지 '내셔널 지오그래픽'에서 일한 것이다.",
				"subjectConsistencyYn": "Y"
			},
			{
				"sentenceNo": 10,
				"sentenceContent": "1980년 10월 그는 기획위원 겸 편집팀장(Senior Editor)이 됐다.",
				"subjectConsistencyYn": "Y"
			},
			{
				"sentenceNo": 11,
				"sentenceContent": "임원급이다.",
				"subjectConsistencyYn": "Y"
			},
			{
				"sentenceNo": 12,
				"sentenceContent": "기획 회의는 제작 방향을 정하고 기획안의 승인과 진행을 총괄하는 곳으로 회사에서는 '별들의 모임'이라고 불린다.",
				"subjectConsistencyYn": "Y"
			},
			{
				"sentenceNo": 13,
				"sentenceContent": "김희중은 그중에서도 권한이 가장 광범위한 편집팀장이 되었다.",
				"subjectConsistencyYn": "Y"
			},
			{
				"sentenceNo": 14,
				"sentenceContent": "그의 빈소에 '내셔널 지오그래픽' 한권이 조문객을 맞이하고 있다.",
				"subjectConsistencyYn": "Y"
			},
			{
				"sentenceNo": 15,
				"sentenceContent": "표지사진은 1974년 가을 고인이 남태평양에서 촬영한 것이다.",
				"subjectConsistencyYn": "Y"
			},
			{
				"sentenceNo": 16,
				"sentenceContent": "김희중은 1973년 북한을 취재했다.",
				"subjectConsistencyYn": "Y"
			},
			{
				"sentenceNo": 17,
				"sentenceContent": "서방 기자로는 최초였다.",
				"subjectConsistencyYn": "Y"
			},
			{
				"sentenceNo": 18,
				"sentenceContent": "그가 직접 쓴 글과 사진은 1974년 8월호에 실렸고, 김희중은'미국 해외기자단(Overseas Press Club) 최우수 취재상을 받았다.",
				"subjectConsistencyYn": "Y"
			},
			{
				"sentenceNo": 19,
				"sentenceContent": "한편 이소연은 지난 2003년 영화 '스캔들'로 데뷔한 이후 드라마 '내 인생의 황금기', '동이', '닥터 진', '가족의 탄생', '달래 된, 장국', 영화 '복면달호', '브라보 마이 라이프' 등 스크린과 브라운관을 오가며 다양한 작품에서 출연해왔다.",
				"subjectConsistencyYn": "N"
			}
		],
		"clickbaitClass": 0
	}
}