{
	"sourceDataInfo": {
		"newsID": "ET_M03_494575",
		"newsCategory": "연예",
		"newsSubcategory": "연예가화제",
		"newsTitle": "종현 언급한 아이유의 수상소감에 눈물 쏟은 예리",
		"newsSubTitle": "",
		"newsContent": "그룹 ‘레드벨벳’ 예리가 고 종현을 언급한 아이유의 수상 소감에 눈물을 보였다.\n레드벨벳은 10일 오후 경기도 고양시 일산서구 킨텍스에서 열린 ‘제32회 골든디스크’에 참석했다.\n이날 시상식에서 디지털 음원 부문 대상을 받은 아이유는 소감을 진행하던 중 지난달 18일 세상을 떠난 그룹 ‘샤이니’ 종현을 언급했다.\n아이유는 “사실 아직 조금 많이 슬프다”며 “사람으로, 친구로, 뮤지션으로 소중했던 한 분을 먼저 먼 곳에 보내드렸다. 왜 그분이 그렇게 힘들고 괴로웠는지 그 이유를 어느 정도는 알 것 같아서 아직도 많이 슬프고 미안한 마음이 든다”고 말했다.\n이어 “아티스트는 사람을 위로하는 직업인만큼 스스로 돌보고 다독였으면 한다. 내색하지 않으려다가 더 아파지는 일들이 진심으로 없었으면 좋겠다”고 덧붙였다.\n아이유는 이후 앵콜 무대로 노래 ‘밤편지’를 선보였고, 시상식에 참여했던 가수 전원은 무대에 올라왔다.\n무대를 감상하는 동료 가수들 사이에서 예리는 홀로 등을 돌린 채 눈물을 쏟았다.\n주변에 있던 동료들은 예리를 위로했다.\n종현과 같은 소속사 후배인 예리는 생전 고인과 절친한 사이로 알려진다.\n예리는 지난해 12월 21일 고인의 발인식에서도 끝내 눈물을 보여 안타까움을 자아냈다.",
		"partNum": "P2",
		"useType": 0,
		"processType": "A",
		"processPattern": "99",
		"processLevel": "하",
		"sentenceCount": 10,
		"processSentencenum": 3,
		"sentenceInfo": [
			{
				"sentenceNo": 1,
				"sentenceContent": "그룹 ‘레드벨벳’ 예리가 고 종현을 언급한 아이유의 수상 소감에 눈물을 보였다.",
				"sentenceSize": 44
			},
			{
				"sentenceNo": 2,
				"sentenceContent": "레드벨벳은 10일 오후 경기도 고양시 일산서구 킨텍스에서 열린 ‘제32회 골든디스크’에 참석했다.",
				"sentenceSize": 54
			},
			{
				"sentenceNo": 3,
				"sentenceContent": "이날 시상식에서 디지털 음원 부문 대상을 받은 아이유는 소감을 진행하던 중 지난달 18일 세상을 떠난 그룹 ‘샤이니’ 종현을 언급했다.",
				"sentenceSize": 75
			},
			{
				"sentenceNo": 4,
				"sentenceContent": "아이유는 “사실 아직 조금 많이 슬프다”며 “사람으로, 친구로, 뮤지션으로 소중했던 한 분을 먼저 먼 곳에 보내드렸다. 왜 그분이 그렇게 힘들고 괴로웠는지 그 이유를 어느 정도는 알 것 같아서 아직도 많이 슬프고 미안한 마음이 든다”고 말했다.",
				"sentenceSize": 136
			},
			{
				"sentenceNo": 5,
				"sentenceContent": "이어 “아티스트는 사람을 위로하는 직업인만큼 스스로 돌보고 다독였으면 한다. 내색하지 않으려다가 더 아파지는 일들이 진심으로 없었으면 좋겠다”고 덧붙였다.",
				"sentenceSize": 86
			},
			{
				"sentenceNo": 6,
				"sentenceContent": "아이유는 이후 앵콜 무대로 노래 ‘밤편지’를 선보였고, 시상식에 참여했던 가수 전원은 무대에 올라왔다.",
				"sentenceSize": 57
			},
			{
				"sentenceNo": 7,
				"sentenceContent": "무대를 감상하는 동료 가수들 사이에서 예리는 홀로 등을 돌린 채 눈물을 쏟았다.",
				"sentenceSize": 44
			},
			{
				"sentenceNo": 8,
				"sentenceContent": "주변에 있던 동료들은 예리를 위로했다.",
				"sentenceSize": 21
			},
			{
				"sentenceNo": 9,
				"sentenceContent": "종현과 같은 소속사 후배인 예리는 생전 고인과 절친한 사이로 알려진다.",
				"sentenceSize": 39
			},
			{
				"sentenceNo": 10,
				"sentenceContent": "예리는 지난해 12월 21일 고인의 발인식에서도 끝내 눈물을 보여 안타까움을 자아냈다.",
				"sentenceSize": 48
			}
		]
	},
	"labeledDataInfo": {
		"processSentenceInfo": [
			{
				"sentenceNo": 1,
				"sentenceContent": "그룹 ‘레드벨벳’ 예리가 고 종현을 언급한 아이유의 수상 소감에 눈물을 보였다.",
				"subjectConsistencyYn": "Y"
			},
			{
				"sentenceNo": 2,
				"sentenceContent": "레드벨벳은 10일 오후 경기도 고양시 일산서구 킨텍스에서 열린 ‘제32회 골든디스크’에 참석했다.",
				"subjectConsistencyYn": "Y"
			},
			{
				"sentenceNo": 3,
				"sentenceContent": "이날 시상식에서 디지털 음원 부문 대상을 받은 아이유는 소감을 진행하던 중 지난달 18일 세상을 떠난 그룹 ‘샤이니’ 종현을 언급했다.",
				"subjectConsistencyYn": "Y"
			},
			{
				"sentenceNo": 4,
				"sentenceContent": "아이유는 “사실 아직 조금 많이 슬프다”며 “사람으로, 친구로, 뮤지션으로 소중했던 한 분을 먼저 먼 곳에 보내드렸다. 왜 그분이 그렇게 힘들고 괴로웠는지 그 이유를 어느 정도는 알 것 같아서 아직도 많이 슬프고 미안한 마음이 든다”고 말했다.",
				"subjectConsistencyYn": "Y"
			},
			{
				"sentenceNo": 5,
				"sentenceContent": "이어 “아티스트는 사람을 위로하는 직업인만큼 스스로 돌보고 다독였으면 한다. 내색하지 않으려다가 더 아파지는 일들이 진심으로 없었으면 좋겠다”고 덧붙였다.",
				"subjectConsistencyYn": "Y"
			},
			{
				"sentenceNo": 6,
				"sentenceContent": "아이유는 이후 앵콜 무대로 노래 ‘밤편지’를 선보였고, 시상식에 참여했던 가수 전원은 무대에 올라왔다.",
				"subjectConsistencyYn": "Y"
			},
			{
				"sentenceNo": 7,
				"sentenceContent": "무대를 감상하는 동료 가수들 사이에서 예리는 홀로 등을 돌린 채 눈물을 쏟았다.",
				"subjectConsistencyYn": "Y"
			},
			{
				"sentenceNo": 8,
				"sentenceContent": "그녀는 은가은에게 “잘 해주셨으면 좋겠다. 배가 고프다. 너무 고프다. 공복이야. 초콜릿 좀 갖다 주시면 안 되냐”며 웃음을 자아냈다.",
				"subjectConsistencyYn": "N"
			},
			{
				"sentenceNo": 9,
				"sentenceContent": "결국 은가은이 녹색지대의 ‘준비 없는 이별’을 성공해, 둘의 대결은 끝났고 결승진출자는 은가은으로 결정됐다.",
				"subjectConsistencyYn": "N"
			},
			{
				"sentenceNo": 10,
				"sentenceContent": "온라인 중앙일보 [사진=JTBC방송화면 캡쳐] 끝까지 간다 은가은 신보라",
				"subjectConsistencyYn": "N"
			}
		],
		"clickbaitClass": 0
	}
}