{
	"sourceDataInfo": {
		"newsID": "ET_M03_494682",
		"newsCategory": "연예",
		"newsSubcategory": "연예가화제",
		"newsTitle": "\\\"데뷔할 때 망할까봐 무서웠다\\\" 고백한 방탄소년단 멤버",
		"newsSubTitle": "",
		"newsContent": "세계 19개 도시에서 40회의 공연을 성공적으로 마친 방탄소년단이 지난 8일부터 10일까지 서울 구로구 고척스카이돔에서 '방탄소년단 라이브 트릴로지 에피소드3 더 윙스투어 파이널' 콘서트를 열었다.\n그리고 콘서트 엔딩에서 방탄소년단의 리더 RM이 전한 메시지가 팬들을 크게 감동하게 했다.\n지난 10일 'DNA' '불타오르네' '피 땀 눈물'등 방탄소년단의 빼놓을 수 없는 히트곡들로 가득했던 콘서트가 진행된 뒤 윙스투어가 마무리되는 마지막 인사 자리에서 방탄소년단 멤버들은 눈물을 쏟으며 팬들에게 감사 인사를 전했다.\n그리고 방탄소년단 RM이 대표로 팬들에게 전한 감동적인 메시지가 팬들의 마음을 울렸다.\nRM은 \\\"데뷔할 때 무서웠어요. 망할까 봐\\\"라며 방탄소년단의 데뷔 초를 회상했다.\n이어 \\\"그랬었는데, 안고 갈 거예요. 잊고 싶지 않아요\\\"라고 말했다.\n팬들을 특히 감동하게 한 말은 그다음이었다.\nRM은 \\\"앞으로 분명히 아픔이 있을 거예요. 시련도 있을 거고. 근데 이제 알아요. 이렇게 많은 사람이 우리를 믿고, 좋아해 주고 있다는 걸 잘 알고 있어요. 그래서 아프지만 아프지 않고, 슬프지만 슬프지 않고, 두렵지만 두렵지 않을 겁니다. 방탄소년단은요\\\"라고 말했다. '너네(방탄소년단)가 잘 돼서 좋은데 내 삶은 내 꿈은 아직 제자리걸음이다. 너무 좋지만, 너희가 멀리 가는 것 같아 마음이 뒤숭숭하다'는 내용의 편지를 받았다는 RM은 팬들에게 위로의 말을 건네기도 했다.\nRM은 \\\"저희도 저희를 믿지 못했어요. 우리가 할 수 있을 거라고. 저희도 정말 처음에 꼬질꼬질했어요. 그런 우리를 알아봐 주신 여러분이라면 가능할 것\\\"이라고 말했다.\n그리고선 \\\"여러분의 꿈, 여러분의 삶, 여러분의 인생에 언젠가 저희의 존재가, 음악이, 무대가, 사진과 영상이 아주 조금이라도 힘이 될 수 있다면, 그것으로 저희(방탄소년단)의 존재 가치는 충분합니다. 사랑합니다\\\"라며 방탄소년단을 응원해주는 팬들에게 큰 힘이 될 메시지를 남겼다.",
		"partNum": "P2",
		"useType": 0,
		"processType": "A",
		"processPattern": "99",
		"processLevel": "하",
		"sentenceCount": 10,
		"processSentencenum": 3,
		"sentenceInfo": [
			{
				"sentenceNo": 1,
				"sentenceContent": "세계 19개 도시에서 40회의 공연을 성공적으로 마친 방탄소년단이 지난 8일부터 10일까지 서울 구로구 고척스카이돔에서 '방탄소년단 라이브 트릴로지 에피소드3 더 윙스투어 파이널' 콘서트를 열었다.",
				"sentenceSize": 110
			},
			{
				"sentenceNo": 2,
				"sentenceContent": "그리고 콘서트 엔딩에서 방탄소년단의 리더 RM이 전한 메시지가 팬들을 크게 감동하게 했다.",
				"sentenceSize": 50
			},
			{
				"sentenceNo": 3,
				"sentenceContent": "지난 10일 'DNA' '불타오르네' '피 땀 눈물'등 방탄소년단의 빼놓을 수 없는 히트곡들로 가득했던 콘서트가 진행된 뒤 윙스투어가 마무리되는 마지막 인사 자리에서 방탄소년단 멤버들은 눈물을 쏟으며 팬들에게 감사 인사를 전했다.",
				"sentenceSize": 128
			},
			{
				"sentenceNo": 4,
				"sentenceContent": "그리고 방탄소년단 RM이 대표로 팬들에게 전한 감동적인 메시지가 팬들의 마음을 울렸다.",
				"sentenceSize": 48
			},
			{
				"sentenceNo": 5,
				"sentenceContent": "RM은 \\\"데뷔할 때 무서웠어요. 망할까 봐\\\"라며 방탄소년단의 데뷔 초를 회상했다.",
				"sentenceSize": 47
			},
			{
				"sentenceNo": 6,
				"sentenceContent": "이어 \\\"그랬었는데, 안고 갈 거예요. 잊고 싶지 않아요\\\"라고 말했다.",
				"sentenceSize": 40
			},
			{
				"sentenceNo": 7,
				"sentenceContent": "팬들을 특히 감동하게 한 말은 그다음이었다.",
				"sentenceSize": 24
			},
			{
				"sentenceNo": 8,
				"sentenceContent": "RM은 \\\"앞으로 분명히 아픔이 있을 거예요. 시련도 있을 거고. 근데 이제 알아요. 이렇게 많은 사람이 우리를 믿고, 좋아해 주고 있다는 걸 잘 알고 있어요. 그래서 아프지만 아프지 않고, 슬프지만 슬프지 않고, 두렵지만 두렵지 않을 겁니다. 방탄소년단은요\\\"라고 말했다. '너네(방탄소년단)가 잘 돼서 좋은데 내 삶은 내 꿈은 아직 제자리걸음이다. 너무 좋지만, 너희가 멀리 가는 것 같아 마음이 뒤숭숭하다'는 내용의 편지를 받았다는 RM은 팬들에게 위로의 말을 건네기도 했다.",
				"sentenceSize": 269
			},
			{
				"sentenceNo": 9,
				"sentenceContent": "RM은 \\\"저희도 저희를 믿지 못했어요. 우리가 할 수 있을 거라고. 저희도 정말 처음에 꼬질꼬질했어요. 그런 우리를 알아봐 주신 여러분이라면 가능할 것\\\"이라고 말했다.",
				"sentenceSize": 95
			},
			{
				"sentenceNo": 10,
				"sentenceContent": "그리고선 \\\"여러분의 꿈, 여러분의 삶, 여러분의 인생에 언젠가 저희의 존재가, 음악이, 무대가, 사진과 영상이 아주 조금이라도 힘이 될 수 있다면, 그것으로 저희(방탄소년단)의 존재 가치는 충분합니다. 사랑합니다\\\"라며 방탄소년단을 응원해주는 팬들에게 큰 힘이 될 메시지를 남겼다.",
				"sentenceSize": 158
			}
		]
	},
	"labeledDataInfo": {
		"processSentenceInfo": [
			{
				"sentenceNo": 1,
				"sentenceContent": "세계 19개 도시에서 40회의 공연을 성공적으로 마친 방탄소년단이 지난 8일부터 10일까지 서울 구로구 고척스카이돔에서 '방탄소년단 라이브 트릴로지 에피소드3 더 윙스투어 파이널' 콘서트를 열었다.",
				"subjectConsistencyYn": "Y"
			},
			{
				"sentenceNo": 2,
				"sentenceContent": "그리고 콘서트 엔딩에서 방탄소년단의 리더 RM이 전한 메시지가 팬들을 크게 감동하게 했다.",
				"subjectConsistencyYn": "Y"
			},
			{
				"sentenceNo": 3,
				"sentenceContent": "지난 10일 'DNA' '불타오르네' '피 땀 눈물'등 방탄소년단의 빼놓을 수 없는 히트곡들로 가득했던 콘서트가 진행된 뒤 윙스투어가 마무리되는 마지막 인사 자리에서 방탄소년단 멤버들은 눈물을 쏟으며 팬들에게 감사 인사를 전했다.",
				"subjectConsistencyYn": "Y"
			},
			{
				"sentenceNo": 4,
				"sentenceContent": "그리고 방탄소년단 RM이 대표로 팬들에게 전한 감동적인 메시지가 팬들의 마음을 울렸다.",
				"subjectConsistencyYn": "Y"
			},
			{
				"sentenceNo": 5,
				"sentenceContent": "RM은 \\\"데뷔할 때 무서웠어요. 망할까 봐\\\"라며 방탄소년단의 데뷔 초를 회상했다.",
				"subjectConsistencyYn": "Y"
			},
			{
				"sentenceNo": 6,
				"sentenceContent": "이어 \\\"그랬었는데, 안고 갈 거예요. 잊고 싶지 않아요\\\"라고 말했다.",
				"subjectConsistencyYn": "Y"
			},
			{
				"sentenceNo": 7,
				"sentenceContent": "팬들을 특히 감동하게 한 말은 그다음이었다.",
				"subjectConsistencyYn": "Y"
			},
			{
				"sentenceNo": 8,
				"sentenceContent": "이에 더해 최성민은 “2002 월드컵 이후 이렇게 손에 땀을 쥔 경기는 처음입니다!”라며 감탄해 그 어디에서도 볼 수 없는 ‘제1회 노니 피구왕’ 결승전의 위력을 입증했다.",
				"subjectConsistencyYn": "N"
			},
			{
				"sentenceNo": 9,
				"sentenceContent": "과연 최종 우승을 차지하고 우승 상금 1000만 원을 가져가게 될 최종 우승팀은 어디일지 마지막 판까지 예측할 수 없는 결승전에 대한 기대감이 수직상승 하고 있다.",
				"subjectConsistencyYn": "N"
			},
			{
				"sentenceNo": 10,
				"sentenceContent": "제작진은 “12일(오늘)에 방송될 ‘제1회 노니 피구왕’ 결승전에서 시청자분들은 그 어떤 드라마보다 더한 재미와 감동을 느끼게 될 것”이라며 “대한민국 피구 대결의 한 획을 긋는 명승부를 함께 지켜봐 주시길 바란다”고 밝혔다.",
				"subjectConsistencyYn": "N"
			},
			{
				"sentenceNo": 11,
				"sentenceContent": "티캐스트 E채널 ‘노는언니2’는 매주 화요일 밤 8시 50분에 방송되며 공식 인스타그램, E채널 유튜브를 통해서도 선수들의 생생한 현장 소식을 바로 만나볼 수 있다.",
				"subjectConsistencyYn": "N"
			}
		],
		"clickbaitClass": 0
	}
}