{
	"sourceDataInfo": {
		"newsID": "ET_M03_494616",
		"newsCategory": "연예",
		"newsSubcategory": "연예가화제",
		"newsTitle": "낸시랭 지인 \\\"낸시가 왕진진 진짜 믿고 있다…그게 문제\\\"",
		"newsSubTitle": "",
		"newsContent": "낸시랭 지인이 낸시랭과 왕진진을 둘러싼 논란에 대해 언급했다.\n2일 방송된 SBS '본격연예 한밤'에서는 낸시랭과 왕진진 부부 기자회견 현장이 전파를 탔다.\n왕진진은 지난달 30일 전자발찌 착용, 전과자 등의 의혹에 대해 \\\"발찌를 착용하고 있다 없다가 왜 그렇게 궁금한지 모르겠다. 전과자는 떳떳하게 연애하고 결혼하라는 법 없나\\\"라고 말했다.\n또 장자연의 원본 편지를 가져와 보여주기도 했다.\n기자회견을 마친 후 왕진진은 자리를 떠났고, 혼자 남은 낸시랭은 \\\"모든 것을 알면서도 남편을 사랑한다. 저희 부부 열심히 잘 살겠다. 많이 응원해주시고 축복해달라\\\"고 말했다.\n사회를 본 낸시랭 지인은 \\\"낸시가 팩트를 말하지 않고 있다. 그래서 저도 좀 당황스럽다\\\"며 기자들을 향해 \\\"낸시가 진짜 믿어요. 그게 문젭니다\\\"라고 말했다.\n한편 낸시랭은 지난달 27일 자신의 SNS에 \\\"우리의 사랑 행복 이 길에 모두가 함께 행복하고 축복 된 나날이 계속되기를 진심으로 소원합니다. 축하해주시고 응원해주세요\\\"라는 글과 함께 혼인신고 인증사진을 공개했다.",
		"partNum": "P2",
		"useType": 0,
		"processType": "A",
		"processPattern": "99",
		"processLevel": "하",
		"sentenceCount": 7,
		"processSentencenum": 2,
		"sentenceInfo": [
			{
				"sentenceNo": 1,
				"sentenceContent": "낸시랭 지인이 낸시랭과 왕진진을 둘러싼 논란에 대해 언급했다.",
				"sentenceSize": 34
			},
			{
				"sentenceNo": 2,
				"sentenceContent": "2일 방송된 SBS '본격연예 한밤'에서는 낸시랭과 왕진진 부부 기자회견 현장이 전파를 탔다.",
				"sentenceSize": 52
			},
			{
				"sentenceNo": 3,
				"sentenceContent": "왕진진은 지난달 30일 전자발찌 착용, 전과자 등의 의혹에 대해 \\\"발찌를 착용하고 있다 없다가 왜 그렇게 궁금한지 모르겠다. 전과자는 떳떳하게 연애하고 결혼하라는 법 없나\\\"라고 말했다.",
				"sentenceSize": 105
			},
			{
				"sentenceNo": 4,
				"sentenceContent": "또 장자연의 원본 편지를 가져와 보여주기도 했다.",
				"sentenceSize": 27
			},
			{
				"sentenceNo": 5,
				"sentenceContent": "기자회견을 마친 후 왕진진은 자리를 떠났고, 혼자 남은 낸시랭은 \\\"모든 것을 알면서도 남편을 사랑한다. 저희 부부 열심히 잘 살겠다. 많이 응원해주시고 축복해달라\\\"고 말했다.",
				"sentenceSize": 99
			},
			{
				"sentenceNo": 6,
				"sentenceContent": "사회를 본 낸시랭 지인은 \\\"낸시가 팩트를 말하지 않고 있다. 그래서 저도 좀 당황스럽다\\\"며 기자들을 향해 \\\"낸시가 진짜 믿어요. 그게 문젭니다\\\"라고 말했다.",
				"sentenceSize": 91
			},
			{
				"sentenceNo": 7,
				"sentenceContent": "한편 낸시랭은 지난달 27일 자신의 SNS에 \\\"우리의 사랑 행복 이 길에 모두가 함께 행복하고 축복 된 나날이 계속되기를 진심으로 소원합니다. 축하해주시고 응원해주세요\\\"라는 글과 함께 혼인신고 인증사진을 공개했다.",
				"sentenceSize": 121
			}
		]
	},
	"labeledDataInfo": {
		"processSentenceInfo": [
			{
				"sentenceNo": 1,
				"sentenceContent": "낸시랭 지인이 낸시랭과 왕진진을 둘러싼 논란에 대해 언급했다.",
				"subjectConsistencyYn": "Y"
			},
			{
				"sentenceNo": 2,
				"sentenceContent": "2일 방송된 SBS '본격연예 한밤'에서는 낸시랭과 왕진진 부부 기자회견 현장이 전파를 탔다.",
				"subjectConsistencyYn": "Y"
			},
			{
				"sentenceNo": 3,
				"sentenceContent": "왕진진은 지난달 30일 전자발찌 착용, 전과자 등의 의혹에 대해 \\\"발찌를 착용하고 있다 없다가 왜 그렇게 궁금한지 모르겠다. 전과자는 떳떳하게 연애하고 결혼하라는 법 없나\\\"라고 말했다.",
				"subjectConsistencyYn": "Y"
			},
			{
				"sentenceNo": 4,
				"sentenceContent": "또 장자연의 원본 편지를 가져와 보여주기도 했다.",
				"subjectConsistencyYn": "Y"
			},
			{
				"sentenceNo": 5,
				"sentenceContent": "기자회견을 마친 후 왕진진은 자리를 떠났고, 혼자 남은 낸시랭은 \\\"모든 것을 알면서도 남편을 사랑한다. 저희 부부 열심히 잘 살겠다. 많이 응원해주시고 축복해달라\\\"고 말했다.",
				"subjectConsistencyYn": "Y"
			},
			{
				"sentenceNo": 6,
				"sentenceContent": "이후 1대 1 장르전, 라이벌 지목전, 순위 쟁탈전, 자유 조합 미션을 거쳐 실력과 개성을 마음껏 발휘한 문수진은 ‘한국판 아델’이라는 타이틀을 얻으며 시청자들의 큰 사랑과 지지를 받았다. ‘슈퍼밴드2’ 종영 이후 첫 신곡으로 돌아오는 문수진이 어떤 음악을 들려줄지 기대감이 높아진다.",
				"subjectConsistencyYn": "N"
			},
			{
				"sentenceNo": 7,
				"sentenceContent": "한편 문수진의 ‘눈동자’는 오는 31일 오후 6시 각종 온라인 음원 사이트를 통해 발매된다.",
				"subjectConsistencyYn": "N"
			}
		],
		"clickbaitClass": 0
	}
}