{
	"sourceDataInfo": {
		"newsID": "ET_M03_494610",
		"newsCategory": "연예",
		"newsSubcategory": "연예가화제",
		"newsTitle": "태양-민효린, 2월 3일 교회서 결혼식…비공개 진행",
		"newsSubTitle": "",
		"newsContent": "빅뱅 태양(30·본명 동영배)과 배우 민효린(32·본명 정은란)이 다음 달 3일 결혼한다.\n태양의 소속사 YG엔터테인먼트는 두 사람이 평소 다니던 교회에서 결혼식을 올린 뒤 인천 파라다이스시티 호텔에서 피로연을 한다고 4일 밝혔다.\n이날 행사는 모두 비공개로 진행된다.\n신혼여행은 바로 떠나지 않는다.\n태양이 상반기 입대를 앞두고 있어서다.\nYG엔터테인먼트는 “중요한 새 출발을 앞둔 두 사람에게 앞으로도 많은 격려와 축복을 당부드린다”고 밝혔다.\n2014년부터 교제해온 두 사람은 2015년 6월 열애 사실을 공개하고 만남을 이어왔다.\n지난해 8월 태양이 솔로 정규 3집 ‘화이트 나이트’(WHITE NIGHT)를 낸 직후 결별설이 나오기도 했지만, 태양은 기자간담회에서 “민효린은 영감을 주는 나의 뮤즈”라고 말해 결별설을 일축한 바 있다. 2006년 빅뱅으로 데뷔한 태양은 ‘눈, 코, 입’, ‘나만 바라봐’, ‘웨딩드레스’ 등의 히트곡을 냈다.\n민효린은 2006년 광고 모델로 데뷔해 영화 ‘써니’와 KBS 예능 ‘언니들의 슬램덩크’ 등에 출연했다.",
		"partNum": "P2",
		"useType": 0,
		"processType": "A",
		"processPattern": "99",
		"processLevel": "하",
		"sentenceCount": 9,
		"processSentencenum": 1,
		"sentenceInfo": [
			{
				"sentenceNo": 1,
				"sentenceContent": "빅뱅 태양(30·본명 동영배)과 배우 민효린(32·본명 정은란)이 다음 달 3일 결혼한다.",
				"sentenceSize": 50
			},
			{
				"sentenceNo": 2,
				"sentenceContent": "태양의 소속사 YG엔터테인먼트는 두 사람이 평소 다니던 교회에서 결혼식을 올린 뒤 인천 파라다이스시티 호텔에서 피로연을 한다고 4일 밝혔다.",
				"sentenceSize": 78
			},
			{
				"sentenceNo": 3,
				"sentenceContent": "이날 행사는 모두 비공개로 진행된다.",
				"sentenceSize": 20
			},
			{
				"sentenceNo": 4,
				"sentenceContent": "신혼여행은 바로 떠나지 않는다.",
				"sentenceSize": 17
			},
			{
				"sentenceNo": 5,
				"sentenceContent": "태양이 상반기 입대를 앞두고 있어서다.",
				"sentenceSize": 21
			},
			{
				"sentenceNo": 6,
				"sentenceContent": "YG엔터테인먼트는 “중요한 새 출발을 앞둔 두 사람에게 앞으로도 많은 격려와 축복을 당부드린다”고 밝혔다.",
				"sentenceSize": 59
			},
			{
				"sentenceNo": 7,
				"sentenceContent": "2014년부터 교제해온 두 사람은 2015년 6월 열애 사실을 공개하고 만남을 이어왔다.",
				"sentenceSize": 49
			},
			{
				"sentenceNo": 8,
				"sentenceContent": "지난해 8월 태양이 솔로 정규 3집 ‘화이트 나이트’(WHITE NIGHT)를 낸 직후 결별설이 나오기도 했지만, 태양은 기자간담회에서 “민효린은 영감을 주는 나의 뮤즈”라고 말해 결별설을 일축한 바 있다. 2006년 빅뱅으로 데뷔한 태양은 ‘눈, 코, 입’, ‘나만 바라봐’, ‘웨딩드레스’ 등의 히트곡을 냈다.",
				"sentenceSize": 175
			},
			{
				"sentenceNo": 9,
				"sentenceContent": "민효린은 2006년 광고 모델로 데뷔해 영화 ‘써니’와 KBS 예능 ‘언니들의 슬램덩크’ 등에 출연했다.",
				"sentenceSize": 58
			}
		]
	},
	"labeledDataInfo": {
		"processSentenceInfo": [
			{
				"sentenceNo": 1,
				"sentenceContent": "빅뱅 태양(30·본명 동영배)과 배우 민효린(32·본명 정은란)이 다음 달 3일 결혼한다.",
				"subjectConsistencyYn": "Y"
			},
			{
				"sentenceNo": 2,
				"sentenceContent": "태양의 소속사 YG엔터테인먼트는 두 사람이 평소 다니던 교회에서 결혼식을 올린 뒤 인천 파라다이스시티 호텔에서 피로연을 한다고 4일 밝혔다.",
				"subjectConsistencyYn": "Y"
			},
			{
				"sentenceNo": 3,
				"sentenceContent": "이날 행사는 모두 비공개로 진행된다.",
				"subjectConsistencyYn": "Y"
			},
			{
				"sentenceNo": 4,
				"sentenceContent": "신혼여행은 바로 떠나지 않는다.",
				"subjectConsistencyYn": "Y"
			},
			{
				"sentenceNo": 5,
				"sentenceContent": "태양이 상반기 입대를 앞두고 있어서다.",
				"subjectConsistencyYn": "Y"
			},
			{
				"sentenceNo": 6,
				"sentenceContent": "YG엔터테인먼트는 “중요한 새 출발을 앞둔 두 사람에게 앞으로도 많은 격려와 축복을 당부드린다”고 밝혔다.",
				"subjectConsistencyYn": "Y"
			},
			{
				"sentenceNo": 7,
				"sentenceContent": "2014년부터 교제해온 두 사람은 2015년 6월 열애 사실을 공개하고 만남을 이어왔다.",
				"subjectConsistencyYn": "Y"
			},
			{
				"sentenceNo": 8,
				"sentenceContent": "지난해 8월 태양이 솔로 정규 3집 ‘화이트 나이트’(WHITE NIGHT)를 낸 직후 결별설이 나오기도 했지만, 태양은 기자간담회에서 “민효린은 영감을 주는 나의 뮤즈”라고 말해 결별설을 일축한 바 있다. 2006년 빅뱅으로 데뷔한 태양은 ‘눈, 코, 입’, ‘나만 바라봐’, ‘웨딩드레스’ 등의 히트곡을 냈다.",
				"subjectConsistencyYn": "Y"
			},
			{
				"sentenceNo": 9,
				"sentenceContent": "시청자들의 마음을 훔칠 ‘지구in’은 16일(화) 밤 8시 30분 SBS플러스를 통해 첫 방송 된다.",
				"subjectConsistencyYn": "N"
			}
		],
		"clickbaitClass": 0
	}
}