{
	"sourceDataInfo": {
		"newsID": "ET_M03_494649",
		"newsCategory": "연예",
		"newsSubcategory": "연예가화제",
		"newsTitle": "한·일 양국서 '장기기증' 서약한 아이돌 멤버",
		"newsSubTitle": "",
		"newsContent": "걸그룹 트와이스 멤버 미나가 장기기증 서약을 했다.\n미나는 최근 보건복지부 산하 질병관리본부 장기이식센터에서 장기기증 희망 등록증을 발급받았다며 27일 인스타그램에 인증샷을 올렸다.\n또한 일본어로 적힌 '장기제공의사표시카드 2013' 등록증도 함께 공개했다.\n한국과 일본 양국에서 장기 기증 서약을 하게 된 것이다.\n미나는 \\\"오늘은 트와이스 데뷔 800일이 된 날이다. 그래서 올해 마무리로 장기기증 희망 등록증을 만들었다\\\"고 적었다.\n또한 소속사 JYP 엔터테인먼트를 통해 \\\"장기기증에 대해 처음 알게 된 건 고등학생 때였다\\\"며 \\\"최근 사람들에게 도움이 될 수 있는 일이 뭐가 있을까 생각하다 기억이 났다\\\"고 설명했다.\n이어 \\\"이런 제도가 있다는 걸 알리고 싶은 마음에 사소한 일이지만 SNS에 공개한다\\\"고 전했다.\n이에 대해 질병관리본부 장기기증지원과 관계자는 \\\"기증 희망 등록의 경우 본인 의사표시이기 때문에 외국인이어도 본인인증만 되면 감사하다\\\"며 감사를 전했다.",
		"partNum": "P2",
		"useType": 0,
		"processType": "A",
		"processPattern": "99",
		"processLevel": "하",
		"sentenceCount": 8,
		"processSentencenum": 2,
		"sentenceInfo": [
			{
				"sentenceNo": 1,
				"sentenceContent": "걸그룹 트와이스 멤버 미나가 장기기증 서약을 했다.",
				"sentenceSize": 28
			},
			{
				"sentenceNo": 2,
				"sentenceContent": "미나는 최근 보건복지부 산하 질병관리본부 장기이식센터에서 장기기증 희망 등록증을 발급받았다며 27일 인스타그램에 인증샷을 올렸다.",
				"sentenceSize": 72
			},
			{
				"sentenceNo": 3,
				"sentenceContent": "또한 일본어로 적힌 '장기제공의사표시카드 2013' 등록증도 함께 공개했다.",
				"sentenceSize": 42
			},
			{
				"sentenceNo": 4,
				"sentenceContent": "한국과 일본 양국에서 장기 기증 서약을 하게 된 것이다.",
				"sentenceSize": 31
			},
			{
				"sentenceNo": 5,
				"sentenceContent": "미나는 \\\"오늘은 트와이스 데뷔 800일이 된 날이다. 그래서 올해 마무리로 장기기증 희망 등록증을 만들었다\\\"고 적었다.",
				"sentenceSize": 68
			},
			{
				"sentenceNo": 6,
				"sentenceContent": "또한 소속사 JYP 엔터테인먼트를 통해 \\\"장기기증에 대해 처음 알게 된 건 고등학생 때였다\\\"며 \\\"최근 사람들에게 도움이 될 수 있는 일이 뭐가 있을까 생각하다 기억이 났다\\\"고 설명했다.",
				"sentenceSize": 107
			},
			{
				"sentenceNo": 7,
				"sentenceContent": "이어 \\\"이런 제도가 있다는 걸 알리고 싶은 마음에 사소한 일이지만 SNS에 공개한다\\\"고 전했다.",
				"sentenceSize": 55
			},
			{
				"sentenceNo": 8,
				"sentenceContent": "이에 대해 질병관리본부 장기기증지원과 관계자는 \\\"기증 희망 등록의 경우 본인 의사표시이기 때문에 외국인이어도 본인인증만 되면 감사하다\\\"며 감사를 전했다.",
				"sentenceSize": 87
			}
		]
	},
	"labeledDataInfo": {
		"processSentenceInfo": [
			{
				"sentenceNo": 1,
				"sentenceContent": "걸그룹 트와이스 멤버 미나가 장기기증 서약을 했다.",
				"subjectConsistencyYn": "Y"
			},
			{
				"sentenceNo": 2,
				"sentenceContent": "미나는 최근 보건복지부 산하 질병관리본부 장기이식센터에서 장기기증 희망 등록증을 발급받았다며 27일 인스타그램에 인증샷을 올렸다.",
				"subjectConsistencyYn": "Y"
			},
			{
				"sentenceNo": 3,
				"sentenceContent": "또한 일본어로 적힌 '장기제공의사표시카드 2013' 등록증도 함께 공개했다.",
				"subjectConsistencyYn": "Y"
			},
			{
				"sentenceNo": 4,
				"sentenceContent": "한국과 일본 양국에서 장기 기증 서약을 하게 된 것이다.",
				"subjectConsistencyYn": "Y"
			},
			{
				"sentenceNo": 5,
				"sentenceContent": "미나는 \\\"오늘은 트와이스 데뷔 800일이 된 날이다. 그래서 올해 마무리로 장기기증 희망 등록증을 만들었다\\\"고 적었다.",
				"subjectConsistencyYn": "Y"
			},
			{
				"sentenceNo": 6,
				"sentenceContent": "또한 소속사 JYP 엔터테인먼트를 통해 \\\"장기기증에 대해 처음 알게 된 건 고등학생 때였다\\\"며 \\\"최근 사람들에게 도움이 될 수 있는 일이 뭐가 있을까 생각하다 기억이 났다\\\"고 설명했다.",
				"subjectConsistencyYn": "Y"
			},
			{
				"sentenceNo": 7,
				"sentenceContent": "통통 튀는 대사와 요즘 연애의 매력을 담은 트렌디한 이야기, 매력적인 캐릭터들은 호평을 이끌었다.",
				"subjectConsistencyYn": "N"
			},
			{
				"sentenceNo": 8,
				"sentenceContent": "사랑이 넘치는 ‘핫’한 공유오피스를 배경으로 지금껏 본 적 없는 짜릿한 로맨스를 완성했다.",
				"subjectConsistencyYn": "N"
			},
			{
				"sentenceNo": 9,
				"sentenceContent": "또한 이학주, 하윤경, 정재광, 문유강, 장지수 등 탄탄한 연기력과 다양한 매력을 가진 배우들의 활약도 빛났다. ‘오셰어’는 신예 창작자들을 발굴하는 ‘오펜(O’PEN)’ 스토리텔러 공모전의 당선작을 방송하는 ‘오프닝(O’PENing)’의 첫 번째 작품으로 성공적인 시작을 알렸다.",
				"subjectConsistencyYn": "N"
			},
			{
				"sentenceNo": 10,
				"sentenceContent": "한편 ‘오펜(O’PEN)’은 창작자(Pen)를 꿈꾸는 이들에게 열려 있는(Open) 창작공간과 기회(Opportunity)를 제공한다는 의미를 담은 CJ ENM의 창작자 발굴·육성·지원 사업이다.",
				"subjectConsistencyYn": "N"
			},
			{
				"sentenceNo": 11,
				"sentenceContent": "CJ ENM이 신인 창작자 발굴, 콘텐츠 기획·개발, 제작·편성, 비즈매칭까지 전 과정을 통합적으로 지원한다. ‘오프닝(O‘PENing)’은 신예 창작자들이 세상의 빛을 볼 수 있도록 오펜 스토리텔러 공모전 당선작을 방송했던 tvN ‘드라마 스테이지’의 새 이름이다.",
				"subjectConsistencyYn": "N"
			}
		],
		"clickbaitClass": 0
	}
}