{
	"sourceDataInfo": {
		"newsID": "ET_M03_494499",
		"newsCategory": "연예",
		"newsSubcategory": "연예가화제",
		"newsTitle": "'리턴' 하차 고현정, 연출자 폭행설까지…소속사는 '묵묵부답'",
		"newsSubTitle": "",
		"newsContent": "배우 고현정이 SBS 수목드라마 '리턴'에서 하차하는 가운데, 고현정이 촬영장에서 PD에게 발길질했다는 보도가 나왔다.\n일간스포츠는 8일 한 드라마국 관계자의 말을 인용해 \\\"고현정이 촬영장에서 주동민 PD를 때렸다\\\"며 \\\"고현정이 스태프 모두가 마이크를 차고 있는 상황에도 욕설을 퍼부었다\\\"고 보도했다.\n이에 대해 SBS 관계자는 \\\"자세한 사항에 관해서는 확인할 수 없다\\\"면서도 \\\"제작진과 고현정 사이 화해가 불가능한 상황\\\"이라고 전했다.\n고현정의 소속사 아이오케이 측은 연락이 닿지 않고 있다.\n앞서 SBS는 이날 \\\"촬영장에서 스타들의 '갑질'이 도를 넘는 경우가 발생하고 있다\\\"며 \\\"아무리 스타 캐스팅이 중요하다지만 제작진을 무시하는 상황은 용납하기 힘들다\\\"고 고현정에게 하차를 통보했다.\n이에 고현정 소속사는 \\\"제작 과정에서 연출진과 거듭되는 의견 차이가 있었고 이를 최대한 조율해보려는 노력에도 간극을 좁힐 수 없었다\\\"고 설명했다.\n이어 \\\"많은 논의와 고심 끝에 더는 촬영을 이어 나가는 게 어렵다고 판단했다. 누구의 잘잘못을 따지기보다는 많은 사람이 함께 만들어 나가는 드라마 특성상 작품을 위해서라도 그 한 사람이 빠지는 것이 당연하다고 생각하여 SBS 하차 통보를 받아들인다\\\"고 전했다.\n이하 고현정 측 공식입장 전문. 안녕하세요.\n아이오케이컴퍼니 입니다.\n늦은 시간 공식입장을 전달드리게 되어 죄송합니다.\n우선 ‘리턴’이 많은 사랑을 받고 있는 상황에서 여러모로 심려를 끼쳐드린 점 시청자 여러분께 진심으로 사죄의 말씀 전합니다.\n배우 고현정씨가 출연 중이었던 SBS 수목 드라마 ‘리턴’에서 공식적으로 하차를 하게 되었습니다.\n그동안 고현정씨는 배우로서 책임감과 작품에 대한 큰 애정을 가지고 촬영에 임해왔습니다.\n하지만 제작 과정에서 연출진과 거듭 되는 의견차이가 있었고 이를 최대한 조율해보려는 노력에도 간극을 좁힐 수 없었습니다.\n이에 많은 논의와 고심 끝에 더 이상 촬영을 이어 나가는게 어렵다고 판단했습니다.\n또한 누구의 잘잘못을 따지기 보다는 많은 사람이 함께 만들어 나가는 드라마의 특성상 어떤 한 사람이 문제라면 작품을 위해서라도 그 한 사람이 빠지는 것이 당연하다고 생각하여 SBS 하차 통보를 받아들입니다.\n주연배우로서 끝까지 책임을 다하지 못한 점 거듭 사과 드리며, ‘리턴’의 모든 제작진과 동료 배우들에게도 죄송한 마음을 전합니다.\n드라마 ‘리턴’에 대한 시청자 여러분의 지속적인 관심과 애정 부탁 드리며 이로 인해 작품에 피해가 가지 않길 바랍니다.\n아이오케이와 고현정씨는 시청자로서 ‘리턴’에 대한 응원과 지지를 보내겠습니다.",
		"partNum": "P2",
		"useType": 0,
		"processType": "A",
		"processPattern": "99",
		"processLevel": "하",
		"sentenceCount": 19,
		"processSentencenum": 3,
		"sentenceInfo": [
			{
				"sentenceNo": 1,
				"sentenceContent": "배우 고현정이 SBS 수목드라마 '리턴'에서 하차하는 가운데, 고현정이 촬영장에서 PD에게 발길질했다는 보도가 나왔다.",
				"sentenceSize": 66
			},
			{
				"sentenceNo": 2,
				"sentenceContent": "일간스포츠는 8일 한 드라마국 관계자의 말을 인용해 \\\"고현정이 촬영장에서 주동민 PD를 때렸다\\\"며 \\\"고현정이 스태프 모두가 마이크를 차고 있는 상황에도 욕설을 퍼부었다\\\"고 보도했다.",
				"sentenceSize": 105
			},
			{
				"sentenceNo": 3,
				"sentenceContent": "이에 대해 SBS 관계자는 \\\"자세한 사항에 관해서는 확인할 수 없다\\\"면서도 \\\"제작진과 고현정 사이 화해가 불가능한 상황\\\"이라고 전했다.",
				"sentenceSize": 79
			},
			{
				"sentenceNo": 4,
				"sentenceContent": "고현정의 소속사 아이오케이 측은 연락이 닿지 않고 있다.",
				"sentenceSize": 31
			},
			{
				"sentenceNo": 5,
				"sentenceContent": "앞서 SBS는 이날 \\\"촬영장에서 스타들의 '갑질'이 도를 넘는 경우가 발생하고 있다\\\"며 \\\"아무리 스타 캐스팅이 중요하다지만 제작진을 무시하는 상황은 용납하기 힘들다\\\"고 고현정에게 하차를 통보했다.",
				"sentenceSize": 113
			},
			{
				"sentenceNo": 6,
				"sentenceContent": "이에 고현정 소속사는 \\\"제작 과정에서 연출진과 거듭되는 의견 차이가 있었고 이를 최대한 조율해보려는 노력에도 간극을 좁힐 수 없었다\\\"고 설명했다.",
				"sentenceSize": 83
			},
			{
				"sentenceNo": 7,
				"sentenceContent": "이어 \\\"많은 논의와 고심 끝에 더는 촬영을 이어 나가는 게 어렵다고 판단했다. 누구의 잘잘못을 따지기보다는 많은 사람이 함께 만들어 나가는 드라마 특성상 작품을 위해서라도 그 한 사람이 빠지는 것이 당연하다고 생각하여 SBS 하차 통보를 받아들인다\\\"고 전했다.",
				"sentenceSize": 147
			},
			{
				"sentenceNo": 8,
				"sentenceContent": "이하 고현정 측 공식입장 전문. 안녕하세요.",
				"sentenceSize": 24
			},
			{
				"sentenceNo": 9,
				"sentenceContent": "아이오케이컴퍼니 입니다.",
				"sentenceSize": 13
			},
			{
				"sentenceNo": 10,
				"sentenceContent": "늦은 시간 공식입장을 전달드리게 되어 죄송합니다.",
				"sentenceSize": 27
			},
			{
				"sentenceNo": 11,
				"sentenceContent": "우선 ‘리턴’이 많은 사랑을 받고 있는 상황에서 여러모로 심려를 끼쳐드린 점 시청자 여러분께 진심으로 사죄의 말씀 전합니다.",
				"sentenceSize": 69
			},
			{
				"sentenceNo": 12,
				"sentenceContent": "배우 고현정씨가 출연 중이었던 SBS 수목 드라마 ‘리턴’에서 공식적으로 하차를 하게 되었습니다.",
				"sentenceSize": 54
			},
			{
				"sentenceNo": 13,
				"sentenceContent": "그동안 고현정씨는 배우로서 책임감과 작품에 대한 큰 애정을 가지고 촬영에 임해왔습니다.",
				"sentenceSize": 48
			},
			{
				"sentenceNo": 14,
				"sentenceContent": "하지만 제작 과정에서 연출진과 거듭 되는 의견차이가 있었고 이를 최대한 조율해보려는 노력에도 간극을 좁힐 수 없었습니다.",
				"sentenceSize": 67
			},
			{
				"sentenceNo": 15,
				"sentenceContent": "이에 많은 논의와 고심 끝에 더 이상 촬영을 이어 나가는게 어렵다고 판단했습니다.",
				"sentenceSize": 45
			},
			{
				"sentenceNo": 16,
				"sentenceContent": "또한 누구의 잘잘못을 따지기 보다는 많은 사람이 함께 만들어 나가는 드라마의 특성상 어떤 한 사람이 문제라면 작품을 위해서라도 그 한 사람이 빠지는 것이 당연하다고 생각하여 SBS 하차 통보를 받아들입니다.",
				"sentenceSize": 115
			},
			{
				"sentenceNo": 17,
				"sentenceContent": "주연배우로서 끝까지 책임을 다하지 못한 점 거듭 사과 드리며, ‘리턴’의 모든 제작진과 동료 배우들에게도 죄송한 마음을 전합니다.",
				"sentenceSize": 72
			},
			{
				"sentenceNo": 18,
				"sentenceContent": "드라마 ‘리턴’에 대한 시청자 여러분의 지속적인 관심과 애정 부탁 드리며 이로 인해 작품에 피해가 가지 않길 바랍니다.",
				"sentenceSize": 66
			},
			{
				"sentenceNo": 19,
				"sentenceContent": "아이오케이와 고현정씨는 시청자로서 ‘리턴’에 대한 응원과 지지를 보내겠습니다.",
				"sentenceSize": 43
			}
		]
	},
	"labeledDataInfo": {
		"processSentenceInfo": [
			{
				"sentenceNo": 1,
				"sentenceContent": "배우 고현정이 SBS 수목드라마 '리턴'에서 하차하는 가운데, 고현정이 촬영장에서 PD에게 발길질했다는 보도가 나왔다.",
				"subjectConsistencyYn": "Y"
			},
			{
				"sentenceNo": 2,
				"sentenceContent": "일간스포츠는 8일 한 드라마국 관계자의 말을 인용해 \\\"고현정이 촬영장에서 주동민 PD를 때렸다\\\"며 \\\"고현정이 스태프 모두가 마이크를 차고 있는 상황에도 욕설을 퍼부었다\\\"고 보도했다.",
				"subjectConsistencyYn": "Y"
			},
			{
				"sentenceNo": 3,
				"sentenceContent": "이에 대해 SBS 관계자는 \\\"자세한 사항에 관해서는 확인할 수 없다\\\"면서도 \\\"제작진과 고현정 사이 화해가 불가능한 상황\\\"이라고 전했다.",
				"subjectConsistencyYn": "Y"
			},
			{
				"sentenceNo": 4,
				"sentenceContent": "고현정의 소속사 아이오케이 측은 연락이 닿지 않고 있다.",
				"subjectConsistencyYn": "Y"
			},
			{
				"sentenceNo": 5,
				"sentenceContent": "앞서 SBS는 이날 \\\"촬영장에서 스타들의 '갑질'이 도를 넘는 경우가 발생하고 있다\\\"며 \\\"아무리 스타 캐스팅이 중요하다지만 제작진을 무시하는 상황은 용납하기 힘들다\\\"고 고현정에게 하차를 통보했다.",
				"subjectConsistencyYn": "Y"
			},
			{
				"sentenceNo": 6,
				"sentenceContent": "이에 고현정 소속사는 \\\"제작 과정에서 연출진과 거듭되는 의견 차이가 있었고 이를 최대한 조율해보려는 노력에도 간극을 좁힐 수 없었다\\\"고 설명했다.",
				"subjectConsistencyYn": "Y"
			},
			{
				"sentenceNo": 7,
				"sentenceContent": "이어 \\\"많은 논의와 고심 끝에 더는 촬영을 이어 나가는 게 어렵다고 판단했다. 누구의 잘잘못을 따지기보다는 많은 사람이 함께 만들어 나가는 드라마 특성상 작품을 위해서라도 그 한 사람이 빠지는 것이 당연하다고 생각하여 SBS 하차 통보를 받아들인다\\\"고 전했다.",
				"subjectConsistencyYn": "Y"
			},
			{
				"sentenceNo": 8,
				"sentenceContent": "이하 고현정 측 공식입장 전문. 안녕하세요.",
				"subjectConsistencyYn": "Y"
			},
			{
				"sentenceNo": 9,
				"sentenceContent": "아이오케이컴퍼니 입니다.",
				"subjectConsistencyYn": "Y"
			},
			{
				"sentenceNo": 10,
				"sentenceContent": "늦은 시간 공식입장을 전달드리게 되어 죄송합니다.",
				"subjectConsistencyYn": "Y"
			},
			{
				"sentenceNo": 11,
				"sentenceContent": "우선 ‘리턴’이 많은 사랑을 받고 있는 상황에서 여러모로 심려를 끼쳐드린 점 시청자 여러분께 진심으로 사죄의 말씀 전합니다.",
				"subjectConsistencyYn": "Y"
			},
			{
				"sentenceNo": 12,
				"sentenceContent": "배우 고현정씨가 출연 중이었던 SBS 수목 드라마 ‘리턴’에서 공식적으로 하차를 하게 되었습니다.",
				"subjectConsistencyYn": "Y"
			},
			{
				"sentenceNo": 13,
				"sentenceContent": "그동안 고현정씨는 배우로서 책임감과 작품에 대한 큰 애정을 가지고 촬영에 임해왔습니다.",
				"subjectConsistencyYn": "Y"
			},
			{
				"sentenceNo": 14,
				"sentenceContent": "하지만 제작 과정에서 연출진과 거듭 되는 의견차이가 있었고 이를 최대한 조율해보려는 노력에도 간극을 좁힐 수 없었습니다.",
				"subjectConsistencyYn": "Y"
			},
			{
				"sentenceNo": 15,
				"sentenceContent": "이에 많은 논의와 고심 끝에 더 이상 촬영을 이어 나가는게 어렵다고 판단했습니다.",
				"subjectConsistencyYn": "Y"
			},
			{
				"sentenceNo": 16,
				"sentenceContent": "또한 누구의 잘잘못을 따지기 보다는 많은 사람이 함께 만들어 나가는 드라마의 특성상 어떤 한 사람이 문제라면 작품을 위해서라도 그 한 사람이 빠지는 것이 당연하다고 생각하여 SBS 하차 통보를 받아들입니다.",
				"subjectConsistencyYn": "Y"
			},
			{
				"sentenceNo": 17,
				"sentenceContent": "이날 방송은 ‘남자를 울려’ 특집으로 꾸며져 영화 ‘퇴마: 무녀굴’의 주연배우 유선, 차예련, 김성균, 김혜성이 출연했다. '라디오스타 차예련' 온라인 중앙일보 [사진 MBC 라디오스타 방송캡처]",
				"subjectConsistencyYn": "N"
			}
		],
		"clickbaitClass": 0
	}
}