{
	"sourceDataInfo": {
		"newsID": "ET_M03_494406",
		"newsCategory": "연예",
		"newsSubcategory": "연예가화제",
		"newsTitle": "이태임 \\\"고통스러워…앞으로 평범한 삶 살 것\\\" 은퇴 암시 [전문]",
		"newsSubTitle": "",
		"newsContent": "배우 이태임이 연예계 은퇴를 암시하는 글을 남겼다.\n19일 오전 이태임은 자신의 인스타그램에 \\\"여러 생각과 고통 속에서 지난날 너무 힘들었다\\\"며 \\\"앞으로 평범한 삶을 살아가기로 결정했다\\\"고 밝혔다.\n이어 \\\"그동안 저를 사랑해주셨던 분들 잊지 않고 살아가겠다\\\"는 말도 덧붙였다.\n이태임이 돌연 이같은 글을 올리게 된 배경은 알려지지 않았다.\n다만 지난해 9월 tvN '현장토크쇼-택시'에 출연해 증권가 찌라시로 인한 소문과 그로 인한 인신공격과 악플에 시달리면서 연예계 은퇴를 고려했다고 밝힌 바 있다.\n이태임은 예원과의 욕설 논란으로 곤욕을 치른 바 있다.\n당시 예원 측은 증권가 정보지가 돌자 \\\"이태임이 예원에게 욕설을 한 것은 맞다. 하지만 찌라시에 적힌 것만큼 심한 수준은 아니었다\\\"는 공식입장을 냈다.\n이에 대해 이태임은 \\\"인신공격성 댓글들이 심했다. 일상생활을 못할 정도로 충격이 커서 병원에 입원했다. 정신이 드니까 병원이었다\\\" 말했다.\n이어 그는 \\\"내 자신이 썩어가는 느낌이었다. 가족까지 언급해서 정말 힘들었는데, 그때 처음으로 엄마 앞에서 울었다\\\"고 털어놨다.\n이태임은 \\\"엄마만 무너지지 말아달라고, 엄마만 있으면 이겨낼 수 있다고 했다\\\"고 말하기도 했다.\n2008년 데뷔한 이태임은 최근 JTBC '교칙위반 수학여행', MBN '비행소녀' 등에 출연해왔다.\n이태임 심경 글 전문 태임입니다.\n그동안 너무 뜸했습니다.\n여러생각과 고통속에서 지난날 너무 힘들었습니다.\n저는 앞으로 평범한 삶을 살아가기로 결정했습니다.\n그동안 저를 사랑해주셨던분들 잊지않고 살아가겠습니다.",
		"partNum": "P2",
		"useType": 0,
		"processType": "A",
		"processPattern": "99",
		"processLevel": "하",
		"sentenceCount": 16,
		"processSentencenum": 1,
		"sentenceInfo": [
			{
				"sentenceNo": 1,
				"sentenceContent": "배우 이태임이 연예계 은퇴를 암시하는 글을 남겼다.",
				"sentenceSize": 28
			},
			{
				"sentenceNo": 2,
				"sentenceContent": "19일 오전 이태임은 자신의 인스타그램에 \\\"여러 생각과 고통 속에서 지난날 너무 힘들었다\\\"며 \\\"앞으로 평범한 삶을 살아가기로 결정했다\\\"고 밝혔다.",
				"sentenceSize": 85
			},
			{
				"sentenceNo": 3,
				"sentenceContent": "이어 \\\"그동안 저를 사랑해주셨던 분들 잊지 않고 살아가겠다\\\"는 말도 덧붙였다.",
				"sentenceSize": 45
			},
			{
				"sentenceNo": 4,
				"sentenceContent": "이태임이 돌연 이같은 글을 올리게 된 배경은 알려지지 않았다.",
				"sentenceSize": 34
			},
			{
				"sentenceNo": 5,
				"sentenceContent": "다만 지난해 9월 tvN '현장토크쇼-택시'에 출연해 증권가 찌라시로 인한 소문과 그로 인한 인신공격과 악플에 시달리면서 연예계 은퇴를 고려했다고 밝힌 바 있다.",
				"sentenceSize": 90
			},
			{
				"sentenceNo": 6,
				"sentenceContent": "이태임은 예원과의 욕설 논란으로 곤욕을 치른 바 있다.",
				"sentenceSize": 30
			},
			{
				"sentenceNo": 7,
				"sentenceContent": "당시 예원 측은 증권가 정보지가 돌자 \\\"이태임이 예원에게 욕설을 한 것은 맞다. 하지만 찌라시에 적힌 것만큼 심한 수준은 아니었다\\\"는 공식입장을 냈다.",
				"sentenceSize": 86
			},
			{
				"sentenceNo": 8,
				"sentenceContent": "이에 대해 이태임은 \\\"인신공격성 댓글들이 심했다. 일상생활을 못할 정도로 충격이 커서 병원에 입원했다. 정신이 드니까 병원이었다\\\" 말했다.",
				"sentenceSize": 79
			},
			{
				"sentenceNo": 9,
				"sentenceContent": "이어 그는 \\\"내 자신이 썩어가는 느낌이었다. 가족까지 언급해서 정말 힘들었는데, 그때 처음으로 엄마 앞에서 울었다\\\"고 털어놨다.",
				"sentenceSize": 73
			},
			{
				"sentenceNo": 10,
				"sentenceContent": "이태임은 \\\"엄마만 무너지지 말아달라고, 엄마만 있으면 이겨낼 수 있다고 했다\\\"고 말하기도 했다.",
				"sentenceSize": 55
			},
			{
				"sentenceNo": 11,
				"sentenceContent": "2008년 데뷔한 이태임은 최근 JTBC '교칙위반 수학여행', MBN '비행소녀' 등에 출연해왔다.",
				"sentenceSize": 56
			},
			{
				"sentenceNo": 12,
				"sentenceContent": "이태임 심경 글 전문 태임입니다.",
				"sentenceSize": 18
			},
			{
				"sentenceNo": 13,
				"sentenceContent": "그동안 너무 뜸했습니다.",
				"sentenceSize": 13
			},
			{
				"sentenceNo": 14,
				"sentenceContent": "여러생각과 고통속에서 지난날 너무 힘들었습니다.",
				"sentenceSize": 26
			},
			{
				"sentenceNo": 15,
				"sentenceContent": "저는 앞으로 평범한 삶을 살아가기로 결정했습니다.",
				"sentenceSize": 27
			},
			{
				"sentenceNo": 16,
				"sentenceContent": "그동안 저를 사랑해주셨던분들 잊지않고 살아가겠습니다.",
				"sentenceSize": 29
			}
		]
	},
	"labeledDataInfo": {
		"processSentenceInfo": [
			{
				"sentenceNo": 1,
				"sentenceContent": "배우 이태임이 연예계 은퇴를 암시하는 글을 남겼다.",
				"subjectConsistencyYn": "Y"
			},
			{
				"sentenceNo": 2,
				"sentenceContent": "19일 오전 이태임은 자신의 인스타그램에 \\\"여러 생각과 고통 속에서 지난날 너무 힘들었다\\\"며 \\\"앞으로 평범한 삶을 살아가기로 결정했다\\\"고 밝혔다.",
				"subjectConsistencyYn": "Y"
			},
			{
				"sentenceNo": 3,
				"sentenceContent": "이어 \\\"그동안 저를 사랑해주셨던 분들 잊지 않고 살아가겠다\\\"는 말도 덧붙였다.",
				"subjectConsistencyYn": "Y"
			},
			{
				"sentenceNo": 4,
				"sentenceContent": "이태임이 돌연 이같은 글을 올리게 된 배경은 알려지지 않았다.",
				"subjectConsistencyYn": "Y"
			},
			{
				"sentenceNo": 5,
				"sentenceContent": "다만 지난해 9월 tvN '현장토크쇼-택시'에 출연해 증권가 찌라시로 인한 소문과 그로 인한 인신공격과 악플에 시달리면서 연예계 은퇴를 고려했다고 밝힌 바 있다.",
				"subjectConsistencyYn": "Y"
			},
			{
				"sentenceNo": 6,
				"sentenceContent": "이태임은 예원과의 욕설 논란으로 곤욕을 치른 바 있다.",
				"subjectConsistencyYn": "Y"
			},
			{
				"sentenceNo": 7,
				"sentenceContent": "당시 예원 측은 증권가 정보지가 돌자 \\\"이태임이 예원에게 욕설을 한 것은 맞다. 하지만 찌라시에 적힌 것만큼 심한 수준은 아니었다\\\"는 공식입장을 냈다.",
				"subjectConsistencyYn": "Y"
			},
			{
				"sentenceNo": 8,
				"sentenceContent": "이에 대해 이태임은 \\\"인신공격성 댓글들이 심했다. 일상생활을 못할 정도로 충격이 커서 병원에 입원했다. 정신이 드니까 병원이었다\\\" 말했다.",
				"subjectConsistencyYn": "Y"
			},
			{
				"sentenceNo": 9,
				"sentenceContent": "이어 그는 \\\"내 자신이 썩어가는 느낌이었다. 가족까지 언급해서 정말 힘들었는데, 그때 처음으로 엄마 앞에서 울었다\\\"고 털어놨다.",
				"subjectConsistencyYn": "Y"
			},
			{
				"sentenceNo": 10,
				"sentenceContent": "이태임은 \\\"엄마만 무너지지 말아달라고, 엄마만 있으면 이겨낼 수 있다고 했다\\\"고 말하기도 했다.",
				"subjectConsistencyYn": "Y"
			},
			{
				"sentenceNo": 11,
				"sentenceContent": "2008년 데뷔한 이태임은 최근 JTBC '교칙위반 수학여행', MBN '비행소녀' 등에 출연해왔다.",
				"subjectConsistencyYn": "Y"
			},
			{
				"sentenceNo": 12,
				"sentenceContent": "이태임 심경 글 전문 태임입니다.",
				"subjectConsistencyYn": "Y"
			},
			{
				"sentenceNo": 13,
				"sentenceContent": "그동안 너무 뜸했습니다.",
				"subjectConsistencyYn": "Y"
			},
			{
				"sentenceNo": 14,
				"sentenceContent": "여러생각과 고통속에서 지난날 너무 힘들었습니다.",
				"subjectConsistencyYn": "Y"
			},
			{
				"sentenceNo": 15,
				"sentenceContent": "저는 앞으로 평범한 삶을 살아가기로 결정했습니다.",
				"subjectConsistencyYn": "Y"
			},
			{
				"sentenceNo": 16,
				"sentenceContent": "총상금은 1년 전보다 50만 달러 증액된 200만 달러(한화 약 23억 원)다.",
				"subjectConsistencyYn": "N"
			},
			{
				"sentenceNo": 17,
				"sentenceContent": "국가대표 골프채널 JTBC GOLF(대표 정경문)는 이번 대회의 1라운드를 24일 오전 1시, 2라운드는 같은날 밤 12시 45분, 3라운드는 26일 오전 3시 45분, 마지막 라운드는 같은날 밤 12시 45분부터 생중계한다.",
				"subjectConsistencyYn": "N"
			}
		],
		"clickbaitClass": 0
	}
}