{
	"sourceDataInfo": {
		"newsID": "ET_M03_494310",
		"newsCategory": "연예",
		"newsSubcategory": "영화",
		"newsTitle": "추석에 볼 <명당> <안시성> <협상>, 누가 투자했을까?",
		"newsSubTitle": "",
		"newsContent": "추석은 영화계의 ‘이삭줍기’가 활발해지는 시기다.\n남한산성, 범죄도시(이상 2017년), 밀정(2016년), 사도(2015년) 등 최근 국내 영화계의 흥행 기록을 써내려간 작품들은 추석 시즌 개봉해 흥행 발판을 마련했다.\n올해는 은행들이 추석 시즌 영화계 흥행에 한 몫을 차지할 것으로 보인다.\n최근 영화계 주요 투자자로 은행들이 떠오르고 있어서다.\n올해 추석에 맞춰 극장가에 도전장을 내미는 국내 영화들은 (안시성), (명당), (협상) 등 3개다.\n이들 영화는 지난 19일 일제히 개봉했다.\n개봉일 말고도 또 다른 공통점이 있다.\n이들 영화에 은행이 투자했다는 점이다.\n은행들로부터 가장 많은 금액을 투자받은 영화는 (안시성)이다.\n동아시아 전쟁사에서 가장 극적이고 위대한 승리로 전해지는 88일간의 안시성 전투를 재구성한 이 영화에선 김광식 감독과 배우 조인성, 남주혁, 박성웅, 배성우 등이 호흡을 맞췄다. (안시성)은 개봉일인 19일 하루 동안 14만8199명의 관객을 동원하며 박스오피스 1위를 차지했다.\n23일까지의 누적관객수는 140만명. (안시성)에 투자한 은행은 IBK기업은행과 신한은행, 우리은행 등이다.\n이들 세 곳 모두 투자조합을 통해 간접투자에 나섰다.\nIBK기업은행은 여러 곳의 간접투자조합을 통해 총 13억4000만원을 (안시성)에 투자했다.\n신한은행과 우리은행도 간접투자조합을 통해 각각 2억원과 1억5000만원을 (안시성)에 투자했다. (명당)도 은행의 투자를 받았다.\n땅의 기운을 점쳐 인간의 운명을 바꿀 수 있는 천재 지관 박재상과 왕이 될 수 있는 천하명당을 차지하려는 이들의 대립과 욕망을 그린 이 영화는 박희곤 감독이 연출했다.\n박재상 역을 맡은 주연 배우 조승우를 비롯해 지성, 김성균, 백윤식, 문채원 등 연기파 배우들이 대거 출연했다.\n개봉일인 19일 10만8832명의 관객을 동원하며 (안시성)에 이어 박스오피스 2위를 차지한 이 영화에는 기업은행이 5억원을 직접 투자했다.\n23일까지 75만 관객을 모았다. (협상) 역시 은행으로부터 투자받는 데 성공했다.\n태국에서 사상 최악의 인질극이 발생하고, 제한시간 내 인질범 민태구를 멈추기 위해 위기 협상가 하채윤이 일생일대의 협상을 시작한다는 내용의 이 영화는 추석 개봉 국내작 중 유일한 현대물이다.\n이종석 감독이 메가폰을 잡았고 배우 현빈(민태구 역)과 손예진(하채윤 역)이 주연을 맡았다. (협상) 역시 개봉일인 19일 10만5599명의 관객을 동원해 박스오피스 3위 자리를 지켰다.\n23일까지 61만명이 이 영화를 관람했다.\n이 영화에는 기업은행이 3억원을 직접 투자했다.\n최근 국내 영화계에서 은행들은 과감한 투자로 주목받고 있다.\n이번 추석 개봉작들을 대상으로 가장 큰 규모의 투자를 진행한 IBK기업은행은 이미 2013년부터 영화 투자를 위한 문화콘텐츠금융부를 만들어 (럭키), (검사외전), (관상), (명량), (국제시장) 등 각종 영화에 투자했다.\n최근엔 (신과 함께) 시리즈에 투자해 쌍 천만 기록을 세우기도 했다.\n우리은행은 지난해부터 펀드를 통한 간접 투자에 적극적으로 나서고 있다. (살인자의 기억법), (택시운전사), (1987) 등은 우리은행이 투자에 참여한 대표적인 영화다.\n신한은행도 70억원 규모의 간접투자 펀드에 50억원을 투자하는 등 영화계에 꾸준히 투자하고 있다.\n기업은행 관계자는 “문화콘텐츠 산업은 부가가치가 높고 고용창출 효과도 크지만, 리스크가 높아 금융권의 역할이 아쉽다는 의견이 있다”며 “경쟁력을 갖춘 문화콘텐츠 기업이 더 많이 나올 수 있도록 다각화된 금융 지원과 산업특성에 맞는 서비스를 제공해 문화콘텐츠의 건강한 생태계를 조성할 것”이라고 말했다.",
		"partNum": "P2",
		"useType": 0,
		"processType": "A",
		"processPattern": "99",
		"processLevel": "하",
		"sentenceCount": 28,
		"processSentencenum": 1,
		"sentenceInfo": [
			{
				"sentenceNo": 1,
				"sentenceContent": "추석은 영화계의 ‘이삭줍기’가 활발해지는 시기다.",
				"sentenceSize": 27
			},
			{
				"sentenceNo": 2,
				"sentenceContent": "남한산성, 범죄도시(이상 2017년), 밀정(2016년), 사도(2015년) 등 최근 국내 영화계의 흥행 기록을 써내려간 작품들은 추석 시즌 개봉해 흥행 발판을 마련했다.",
				"sentenceSize": 95
			},
			{
				"sentenceNo": 3,
				"sentenceContent": "올해는 은행들이 추석 시즌 영화계 흥행에 한 몫을 차지할 것으로 보인다.",
				"sentenceSize": 40
			},
			{
				"sentenceNo": 4,
				"sentenceContent": "최근 영화계 주요 투자자로 은행들이 떠오르고 있어서다.",
				"sentenceSize": 30
			},
			{
				"sentenceNo": 5,
				"sentenceContent": "올해 추석에 맞춰 극장가에 도전장을 내미는 국내 영화들은 (안시성), (명당), (협상) 등 3개다.",
				"sentenceSize": 56
			},
			{
				"sentenceNo": 6,
				"sentenceContent": "이들 영화는 지난 19일 일제히 개봉했다.",
				"sentenceSize": 23
			},
			{
				"sentenceNo": 7,
				"sentenceContent": "개봉일 말고도 또 다른 공통점이 있다.",
				"sentenceSize": 21
			},
			{
				"sentenceNo": 8,
				"sentenceContent": "이들 영화에 은행이 투자했다는 점이다.",
				"sentenceSize": 21
			},
			{
				"sentenceNo": 9,
				"sentenceContent": "은행들로부터 가장 많은 금액을 투자받은 영화는 (안시성)이다.",
				"sentenceSize": 34
			},
			{
				"sentenceNo": 10,
				"sentenceContent": "동아시아 전쟁사에서 가장 극적이고 위대한 승리로 전해지는 88일간의 안시성 전투를 재구성한 이 영화에선 김광식 감독과 배우 조인성, 남주혁, 박성웅, 배성우 등이 호흡을 맞췄다. (안시성)은 개봉일인 19일 하루 동안 14만8199명의 관객을 동원하며 박스오피스 1위를 차지했다.",
				"sentenceSize": 156
			},
			{
				"sentenceNo": 11,
				"sentenceContent": "23일까지의 누적관객수는 140만명. (안시성)에 투자한 은행은 IBK기업은행과 신한은행, 우리은행 등이다.",
				"sentenceSize": 60
			},
			{
				"sentenceNo": 12,
				"sentenceContent": "이들 세 곳 모두 투자조합을 통해 간접투자에 나섰다.",
				"sentenceSize": 29
			},
			{
				"sentenceNo": 13,
				"sentenceContent": "IBK기업은행은 여러 곳의 간접투자조합을 통해 총 13억4000만원을 (안시성)에 투자했다.",
				"sentenceSize": 51
			},
			{
				"sentenceNo": 14,
				"sentenceContent": "신한은행과 우리은행도 간접투자조합을 통해 각각 2억원과 1억5000만원을 (안시성)에 투자했다. (명당)도 은행의 투자를 받았다.",
				"sentenceSize": 72
			},
			{
				"sentenceNo": 15,
				"sentenceContent": "땅의 기운을 점쳐 인간의 운명을 바꿀 수 있는 천재 지관 박재상과 왕이 될 수 있는 천하명당을 차지하려는 이들의 대립과 욕망을 그린 이 영화는 박희곤 감독이 연출했다.",
				"sentenceSize": 93
			},
			{
				"sentenceNo": 16,
				"sentenceContent": "박재상 역을 맡은 주연 배우 조승우를 비롯해 지성, 김성균, 백윤식, 문채원 등 연기파 배우들이 대거 출연했다.",
				"sentenceSize": 62
			},
			{
				"sentenceNo": 17,
				"sentenceContent": "개봉일인 19일 10만8832명의 관객을 동원하며 (안시성)에 이어 박스오피스 2위를 차지한 이 영화에는 기업은행이 5억원을 직접 투자했다.",
				"sentenceSize": 78
			},
			{
				"sentenceNo": 18,
				"sentenceContent": "23일까지 75만 관객을 모았다. (협상) 역시 은행으로부터 투자받는 데 성공했다.",
				"sentenceSize": 46
			},
			{
				"sentenceNo": 19,
				"sentenceContent": "태국에서 사상 최악의 인질극이 발생하고, 제한시간 내 인질범 민태구를 멈추기 위해 위기 협상가 하채윤이 일생일대의 협상을 시작한다는 내용의 이 영화는 추석 개봉 국내작 중 유일한 현대물이다.",
				"sentenceSize": 106
			},
			{
				"sentenceNo": 20,
				"sentenceContent": "이종석 감독이 메가폰을 잡았고 배우 현빈(민태구 역)과 손예진(하채윤 역)이 주연을 맡았다. (협상) 역시 개봉일인 19일 10만5599명의 관객을 동원해 박스오피스 3위 자리를 지켰다.",
				"sentenceSize": 104
			},
			{
				"sentenceNo": 21,
				"sentenceContent": "23일까지 61만명이 이 영화를 관람했다.",
				"sentenceSize": 23
			},
			{
				"sentenceNo": 22,
				"sentenceContent": "이 영화에는 기업은행이 3억원을 직접 투자했다.",
				"sentenceSize": 26
			},
			{
				"sentenceNo": 23,
				"sentenceContent": "최근 국내 영화계에서 은행들은 과감한 투자로 주목받고 있다.",
				"sentenceSize": 33
			},
			{
				"sentenceNo": 24,
				"sentenceContent": "이번 추석 개봉작들을 대상으로 가장 큰 규모의 투자를 진행한 IBK기업은행은 이미 2013년부터 영화 투자를 위한 문화콘텐츠금융부를 만들어 (럭키), (검사외전), (관상), (명량), (국제시장) 등 각종 영화에 투자했다.",
				"sentenceSize": 125
			},
			{
				"sentenceNo": 25,
				"sentenceContent": "최근엔 (신과 함께) 시리즈에 투자해 쌍 천만 기록을 세우기도 했다.",
				"sentenceSize": 38
			},
			{
				"sentenceNo": 26,
				"sentenceContent": "우리은행은 지난해부터 펀드를 통한 간접 투자에 적극적으로 나서고 있다. (살인자의 기억법), (택시운전사), (1987) 등은 우리은행이 투자에 참여한 대표적인 영화다.",
				"sentenceSize": 94
			},
			{
				"sentenceNo": 27,
				"sentenceContent": "신한은행도 70억원 규모의 간접투자 펀드에 50억원을 투자하는 등 영화계에 꾸준히 투자하고 있다.",
				"sentenceSize": 54
			},
			{
				"sentenceNo": 28,
				"sentenceContent": "기업은행 관계자는 “문화콘텐츠 산업은 부가가치가 높고 고용창출 효과도 크지만, 리스크가 높아 금융권의 역할이 아쉽다는 의견이 있다”며 “경쟁력을 갖춘 문화콘텐츠 기업이 더 많이 나올 수 있도록 다각화된 금융 지원과 산업특성에 맞는 서비스를 제공해 문화콘텐츠의 건강한 생태계를 조성할 것”이라고 말했다.",
				"sentenceSize": 168
			}
		]
	},
	"labeledDataInfo": {
		"processSentenceInfo": [
			{
				"sentenceNo": 1,
				"sentenceContent": "추석은 영화계의 ‘이삭줍기’가 활발해지는 시기다.",
				"subjectConsistencyYn": "Y"
			},
			{
				"sentenceNo": 2,
				"sentenceContent": "남한산성, 범죄도시(이상 2017년), 밀정(2016년), 사도(2015년) 등 최근 국내 영화계의 흥행 기록을 써내려간 작품들은 추석 시즌 개봉해 흥행 발판을 마련했다.",
				"subjectConsistencyYn": "Y"
			},
			{
				"sentenceNo": 3,
				"sentenceContent": "올해는 은행들이 추석 시즌 영화계 흥행에 한 몫을 차지할 것으로 보인다.",
				"subjectConsistencyYn": "Y"
			},
			{
				"sentenceNo": 4,
				"sentenceContent": "최근 영화계 주요 투자자로 은행들이 떠오르고 있어서다.",
				"subjectConsistencyYn": "Y"
			},
			{
				"sentenceNo": 5,
				"sentenceContent": "올해 추석에 맞춰 극장가에 도전장을 내미는 국내 영화들은 (안시성), (명당), (협상) 등 3개다.",
				"subjectConsistencyYn": "Y"
			},
			{
				"sentenceNo": 6,
				"sentenceContent": "이들 영화는 지난 19일 일제히 개봉했다.",
				"subjectConsistencyYn": "Y"
			},
			{
				"sentenceNo": 7,
				"sentenceContent": "개봉일 말고도 또 다른 공통점이 있다.",
				"subjectConsistencyYn": "Y"
			},
			{
				"sentenceNo": 8,
				"sentenceContent": "이들 영화에 은행이 투자했다는 점이다.",
				"subjectConsistencyYn": "Y"
			},
			{
				"sentenceNo": 9,
				"sentenceContent": "은행들로부터 가장 많은 금액을 투자받은 영화는 (안시성)이다.",
				"subjectConsistencyYn": "Y"
			},
			{
				"sentenceNo": 10,
				"sentenceContent": "동아시아 전쟁사에서 가장 극적이고 위대한 승리로 전해지는 88일간의 안시성 전투를 재구성한 이 영화에선 김광식 감독과 배우 조인성, 남주혁, 박성웅, 배성우 등이 호흡을 맞췄다. (안시성)은 개봉일인 19일 하루 동안 14만8199명의 관객을 동원하며 박스오피스 1위를 차지했다.",
				"subjectConsistencyYn": "Y"
			},
			{
				"sentenceNo": 11,
				"sentenceContent": "23일까지의 누적관객수는 140만명. (안시성)에 투자한 은행은 IBK기업은행과 신한은행, 우리은행 등이다.",
				"subjectConsistencyYn": "Y"
			},
			{
				"sentenceNo": 12,
				"sentenceContent": "이들 세 곳 모두 투자조합을 통해 간접투자에 나섰다.",
				"subjectConsistencyYn": "Y"
			},
			{
				"sentenceNo": 13,
				"sentenceContent": "IBK기업은행은 여러 곳의 간접투자조합을 통해 총 13억4000만원을 (안시성)에 투자했다.",
				"subjectConsistencyYn": "Y"
			},
			{
				"sentenceNo": 14,
				"sentenceContent": "신한은행과 우리은행도 간접투자조합을 통해 각각 2억원과 1억5000만원을 (안시성)에 투자했다. (명당)도 은행의 투자를 받았다.",
				"subjectConsistencyYn": "Y"
			},
			{
				"sentenceNo": 15,
				"sentenceContent": "땅의 기운을 점쳐 인간의 운명을 바꿀 수 있는 천재 지관 박재상과 왕이 될 수 있는 천하명당을 차지하려는 이들의 대립과 욕망을 그린 이 영화는 박희곤 감독이 연출했다.",
				"subjectConsistencyYn": "Y"
			},
			{
				"sentenceNo": 16,
				"sentenceContent": "박재상 역을 맡은 주연 배우 조승우를 비롯해 지성, 김성균, 백윤식, 문채원 등 연기파 배우들이 대거 출연했다.",
				"subjectConsistencyYn": "Y"
			},
			{
				"sentenceNo": 17,
				"sentenceContent": "개봉일인 19일 10만8832명의 관객을 동원하며 (안시성)에 이어 박스오피스 2위를 차지한 이 영화에는 기업은행이 5억원을 직접 투자했다.",
				"subjectConsistencyYn": "Y"
			},
			{
				"sentenceNo": 18,
				"sentenceContent": "23일까지 75만 관객을 모았다. (협상) 역시 은행으로부터 투자받는 데 성공했다.",
				"subjectConsistencyYn": "Y"
			},
			{
				"sentenceNo": 19,
				"sentenceContent": "태국에서 사상 최악의 인질극이 발생하고, 제한시간 내 인질범 민태구를 멈추기 위해 위기 협상가 하채윤이 일생일대의 협상을 시작한다는 내용의 이 영화는 추석 개봉 국내작 중 유일한 현대물이다.",
				"subjectConsistencyYn": "Y"
			},
			{
				"sentenceNo": 20,
				"sentenceContent": "이종석 감독이 메가폰을 잡았고 배우 현빈(민태구 역)과 손예진(하채윤 역)이 주연을 맡았다. (협상) 역시 개봉일인 19일 10만5599명의 관객을 동원해 박스오피스 3위 자리를 지켰다.",
				"subjectConsistencyYn": "Y"
			},
			{
				"sentenceNo": 21,
				"sentenceContent": "23일까지 61만명이 이 영화를 관람했다.",
				"subjectConsistencyYn": "Y"
			},
			{
				"sentenceNo": 22,
				"sentenceContent": "이 영화에는 기업은행이 3억원을 직접 투자했다.",
				"subjectConsistencyYn": "Y"
			},
			{
				"sentenceNo": 23,
				"sentenceContent": "최근 국내 영화계에서 은행들은 과감한 투자로 주목받고 있다.",
				"subjectConsistencyYn": "Y"
			},
			{
				"sentenceNo": 24,
				"sentenceContent": "이번 추석 개봉작들을 대상으로 가장 큰 규모의 투자를 진행한 IBK기업은행은 이미 2013년부터 영화 투자를 위한 문화콘텐츠금융부를 만들어 (럭키), (검사외전), (관상), (명량), (국제시장) 등 각종 영화에 투자했다.",
				"subjectConsistencyYn": "Y"
			},
			{
				"sentenceNo": 25,
				"sentenceContent": "최근엔 (신과 함께) 시리즈에 투자해 쌍 천만 기록을 세우기도 했다.",
				"subjectConsistencyYn": "Y"
			},
			{
				"sentenceNo": 26,
				"sentenceContent": "우리은행은 지난해부터 펀드를 통한 간접 투자에 적극적으로 나서고 있다. (살인자의 기억법), (택시운전사), (1987) 등은 우리은행이 투자에 참여한 대표적인 영화다.",
				"subjectConsistencyYn": "Y"
			},
			{
				"sentenceNo": 27,
				"sentenceContent": "신한은행도 70억원 규모의 간접투자 펀드에 50억원을 투자하는 등 영화계에 꾸준히 투자하고 있다.",
				"subjectConsistencyYn": "Y"
			},
			{
				"sentenceNo": 28,
				"sentenceContent": "웨이브측은 “시청자분들에게 그동안 드라마에서 쉽게 접하지 못했던 ‘정치 블랙코미디’라는 장르로 기대 이상의 재미와 신선함을 안겨드릴 것을 약속드린다. ‘정치’라는 높은 진입 장벽을 허물어 모두가 즐길 수 있는 드라마 ‘청와대로 간다’를 만들고자 심혈을 기울였으니, 많은 관심과 사랑 부탁 드린다”라고 전했다. ‘청와대로 간다’는 김성령, 배해선, 백현진, 이학주의 생동감 넘치는 모습이 담긴 메인 포스터 2종으로 네 사람이 그려낼 짜릿한 현실 풍자 스토리에 대한 기대감을 높이고 있다.",
				"subjectConsistencyYn": "N"
			},
			{
				"sentenceNo": 29,
				"sentenceContent": "유쾌한 정치 블랙코미디로 올 하반기를 주름잡을 웨이브(wavve) 오리지널 드라마 ‘이렇게 된 이상 청와대로 간다’는 다음달 12일에 전편 공개된다.",
				"subjectConsistencyYn": "N"
			}
		],
		"clickbaitClass": 0
	}
}