{
	"sourceDataInfo": {
		"newsID": "ET_M03_494729",
		"newsCategory": "연예",
		"newsSubcategory": "연예가화제",
		"newsTitle": "‘중국 최고 미녀’ 판빙빙의 동생, 한국에서 아이돌 준비",
		"newsSubTitle": "",
		"newsContent": "중국 스타 판빙빙의 남동생 판청청이 국내 엔터테인먼트에서 연습생 생활 중이다.\n위에화 엔터테인먼트는 5일 “판청청이 1년째 연습 중”이라며 “차근히 실력을 쌓고 있는 상황”이라고 전했다.\n판청청의 국내 데뷔날짜는 아직 정해지지 않았으며, 중국과 한국을 오가며 트레이닝을 받는 것으로 알려졌다.\n판청청은 판빙빙과 남매 사이로, 19살 차이다.\n판빙빙은 그간 다수 예능 프로그램을 통해동생에 대한 애정을 드러내 왔다.\n판청청이 속한 위에화 엔터테인먼트에는 우주소녀, 유니크, 안형섭, 이의웅 등이 속해있다.",
		"partNum": "P2",
		"useType": 0,
		"processType": "A",
		"processPattern": "99",
		"processLevel": "하",
		"sentenceCount": 6,
		"processSentencenum": 1,
		"sentenceInfo": [
			{
				"sentenceNo": 1,
				"sentenceContent": "중국 스타 판빙빙의 남동생 판청청이 국내 엔터테인먼트에서 연습생 생활 중이다.",
				"sentenceSize": 43
			},
			{
				"sentenceNo": 2,
				"sentenceContent": "위에화 엔터테인먼트는 5일 “판청청이 1년째 연습 중”이라며 “차근히 실력을 쌓고 있는 상황”이라고 전했다.",
				"sentenceSize": 60
			},
			{
				"sentenceNo": 3,
				"sentenceContent": "판청청의 국내 데뷔날짜는 아직 정해지지 않았으며, 중국과 한국을 오가며 트레이닝을 받는 것으로 알려졌다.",
				"sentenceSize": 58
			},
			{
				"sentenceNo": 4,
				"sentenceContent": "판청청은 판빙빙과 남매 사이로, 19살 차이다.",
				"sentenceSize": 26
			},
			{
				"sentenceNo": 5,
				"sentenceContent": "판빙빙은 그간 다수 예능 프로그램을 통해동생에 대한 애정을 드러내 왔다.",
				"sentenceSize": 40
			},
			{
				"sentenceNo": 6,
				"sentenceContent": "판청청이 속한 위에화 엔터테인먼트에는 우주소녀, 유니크, 안형섭, 이의웅 등이 속해있다.",
				"sentenceSize": 49
			}
		]
	},
	"labeledDataInfo": {
		"processSentenceInfo": [
			{
				"sentenceNo": 1,
				"sentenceContent": "중국 스타 판빙빙의 남동생 판청청이 국내 엔터테인먼트에서 연습생 생활 중이다.",
				"subjectConsistencyYn": "Y"
			},
			{
				"sentenceNo": 2,
				"sentenceContent": "위에화 엔터테인먼트는 5일 “판청청이 1년째 연습 중”이라며 “차근히 실력을 쌓고 있는 상황”이라고 전했다.",
				"subjectConsistencyYn": "Y"
			},
			{
				"sentenceNo": 3,
				"sentenceContent": "판청청의 국내 데뷔날짜는 아직 정해지지 않았으며, 중국과 한국을 오가며 트레이닝을 받는 것으로 알려졌다.",
				"subjectConsistencyYn": "Y"
			},
			{
				"sentenceNo": 4,
				"sentenceContent": "판청청은 판빙빙과 남매 사이로, 19살 차이다.",
				"subjectConsistencyYn": "Y"
			},
			{
				"sentenceNo": 5,
				"sentenceContent": "판빙빙은 그간 다수 예능 프로그램을 통해동생에 대한 애정을 드러내 왔다.",
				"subjectConsistencyYn": "Y"
			},
			{
				"sentenceNo": 6,
				"sentenceContent": "7일 SM엔터테인먼트는 \\\"현재 스케줄을 최소화하며 휴식중인 설리와 향후 활동에 대해 논의, 본인의 의사를 존중해 f(x)를 탈퇴하고 연기 활동에 집중하기로 결정했다\\\"고 밝혔다.",
				"subjectConsistencyYn": "N"
			},
			{
				"sentenceNo": 7,
				"sentenceContent": "이에 따라 f(x)는 빅토리아, 루나, 엠버, 크리스탈 등 4명 멤버로 그룹 활동을 이어간다. ‘설리’ 온라인 중앙일보 [사진 일간스포츠]",
				"subjectConsistencyYn": "N"
			}
		],
		"clickbaitClass": 0
	}
}