{
	"sourceDataInfo": {
		"newsID": "ET_M03_494516",
		"newsCategory": "연예",
		"newsSubcategory": "연예가화제",
		"newsTitle": "‘엔카의 여왕’ 계은숙, 사기 혐의로 연이어 피소",
		"newsSubTitle": "",
		"newsContent": "‘엔카의 여왕’으로 불리며 일본에서 큰 인기를 누렸던 가수 계은숙이 사기 혐의로 연이어 피소된 사실이 뒤늦게 알려졌다.\n지난달 31일 한 매체에 따르면 계은숙은 지난 2017년 5월 2500만원을 빌린 후 갚지 않은 혐의(사기)로 고소를 당했다.\n고소인 A씨는“2014년 10월 2개월 뒤 갚는다는 조건으로 계은숙에게 2500만원을 빌려줬지만, 현재까지 받지 못하고 있다”고 주장했다.\n그는 “계은숙이 그간 수형 생활도 하는 등 딱한 사정을 배려해 참고 기다렸으나 구체적인 변제 계획이나 설명 없이 모르쇠로 일관하고 있어 고소장을 제출했다”고 고소 이유를 밝혔다.\n계은숙은 또 지난해 말 서울 서초구 잠원동에서 라이브 카페를 운영자 두 명으로부터도 사기 혐의로 피소됐다.\n이들은 지난 2016년 9월 자신들과 동업하는 조건으로 계은숙에게 650만원을 건넸으나 동업 계약을 이행하지 않아 큰 손실을 주었다며 그를 검찰에 고소했다.\n그러나 계은숙의 소재가 불분명해 해당 사건은 검찰로부터 이달 중순 기소중지(시한부기소중지) 처분을 받은 상태인 것으로 전해졌다.\n1979년 ‘노래하며 춤추며’로 데뷔한 계은숙은 이듬해 MBC ‘10대 가수가요제’에서 신인상을 받으며 스타덤에 올랐지만 1982년 돌연 일본으로 건너갔다.\n1985년 ‘오사카의 모정’으로 일본 가요계에 데뷔해 1988~1994년 NHK ‘홍백가합전’에 7회 연속 출연했고 1990년에는 일본 레코드 대상인 ‘앨범 대상’을 받으며 ‘엔카의 여왕’으로 군림했다.\n고이즈미 준이치로 일본 전 총리가 팬클럽 회원이었을 정도로 대중적인 사랑을 받았다.\n그러다 지난 2007년 일본에서 각성제 소지 혐의로 체포돼 징역 1년 6월에 집행유예 3년을 선고받았다.\n이후 일본의 비자 연장 거부로 2008년 26년간의 일본 생활을 정리하고 귀국했다.\n칩거하던 계은숙은 2012년 10월부터 2015년 6월까지 자신의 집과 호텔 등지에서 필로폰을 소지하거나 투약한 혐의로 구속기소 됐다.\n또 2014년 7월 자신이 소유한 서울 강남 다가구주택 세입자와 전세계약을 맺으며 선순위 보증금 액수를 속이고 허위 서류로 포르쉐를 리스해 이를 담보로 대출을 받은 혐의도 받았다.\n2016년 대법원은 계은숙에게 징역 1년 2개월과 추징금 80만원을 확정했다.",
		"partNum": "P2",
		"useType": 0,
		"processType": "A",
		"processPattern": "99",
		"processLevel": "하",
		"sentenceCount": 15,
		"processSentencenum": 4,
		"sentenceInfo": [
			{
				"sentenceNo": 1,
				"sentenceContent": "‘엔카의 여왕’으로 불리며 일본에서 큰 인기를 누렸던 가수 계은숙이 사기 혐의로 연이어 피소된 사실이 뒤늦게 알려졌다.",
				"sentenceSize": 66
			},
			{
				"sentenceNo": 2,
				"sentenceContent": "지난달 31일 한 매체에 따르면 계은숙은 지난 2017년 5월 2500만원을 빌린 후 갚지 않은 혐의(사기)로 고소를 당했다.",
				"sentenceSize": 70
			},
			{
				"sentenceNo": 3,
				"sentenceContent": "고소인 A씨는“2014년 10월 2개월 뒤 갚는다는 조건으로 계은숙에게 2500만원을 빌려줬지만, 현재까지 받지 못하고 있다”고 주장했다.",
				"sentenceSize": 77
			},
			{
				"sentenceNo": 4,
				"sentenceContent": "그는 “계은숙이 그간 수형 생활도 하는 등 딱한 사정을 배려해 참고 기다렸으나 구체적인 변제 계획이나 설명 없이 모르쇠로 일관하고 있어 고소장을 제출했다”고 고소 이유를 밝혔다.",
				"sentenceSize": 99
			},
			{
				"sentenceNo": 5,
				"sentenceContent": "계은숙은 또 지난해 말 서울 서초구 잠원동에서 라이브 카페를 운영자 두 명으로부터도 사기 혐의로 피소됐다.",
				"sentenceSize": 59
			},
			{
				"sentenceNo": 6,
				"sentenceContent": "이들은 지난 2016년 9월 자신들과 동업하는 조건으로 계은숙에게 650만원을 건넸으나 동업 계약을 이행하지 않아 큰 손실을 주었다며 그를 검찰에 고소했다.",
				"sentenceSize": 87
			},
			{
				"sentenceNo": 7,
				"sentenceContent": "그러나 계은숙의 소재가 불분명해 해당 사건은 검찰로부터 이달 중순 기소중지(시한부기소중지) 처분을 받은 상태인 것으로 전해졌다.",
				"sentenceSize": 71
			},
			{
				"sentenceNo": 8,
				"sentenceContent": "1979년 ‘노래하며 춤추며’로 데뷔한 계은숙은 이듬해 MBC ‘10대 가수가요제’에서 신인상을 받으며 스타덤에 올랐지만 1982년 돌연 일본으로 건너갔다.",
				"sentenceSize": 87
			},
			{
				"sentenceNo": 9,
				"sentenceContent": "1985년 ‘오사카의 모정’으로 일본 가요계에 데뷔해 1988~1994년 NHK ‘홍백가합전’에 7회 연속 출연했고 1990년에는 일본 레코드 대상인 ‘앨범 대상’을 받으며 ‘엔카의 여왕’으로 군림했다.",
				"sentenceSize": 113
			},
			{
				"sentenceNo": 10,
				"sentenceContent": "고이즈미 준이치로 일본 전 총리가 팬클럽 회원이었을 정도로 대중적인 사랑을 받았다.",
				"sentenceSize": 46
			},
			{
				"sentenceNo": 11,
				"sentenceContent": "그러다 지난 2007년 일본에서 각성제 소지 혐의로 체포돼 징역 1년 6월에 집행유예 3년을 선고받았다.",
				"sentenceSize": 58
			},
			{
				"sentenceNo": 12,
				"sentenceContent": "이후 일본의 비자 연장 거부로 2008년 26년간의 일본 생활을 정리하고 귀국했다.",
				"sentenceSize": 46
			},
			{
				"sentenceNo": 13,
				"sentenceContent": "칩거하던 계은숙은 2012년 10월부터 2015년 6월까지 자신의 집과 호텔 등지에서 필로폰을 소지하거나 투약한 혐의로 구속기소 됐다.",
				"sentenceSize": 75
			},
			{
				"sentenceNo": 14,
				"sentenceContent": "또 2014년 7월 자신이 소유한 서울 강남 다가구주택 세입자와 전세계약을 맺으며 선순위 보증금 액수를 속이고 허위 서류로 포르쉐를 리스해 이를 담보로 대출을 받은 혐의도 받았다.",
				"sentenceSize": 100
			},
			{
				"sentenceNo": 15,
				"sentenceContent": "2016년 대법원은 계은숙에게 징역 1년 2개월과 추징금 80만원을 확정했다.",
				"sentenceSize": 43
			}
		]
	},
	"labeledDataInfo": {
		"processSentenceInfo": [
			{
				"sentenceNo": 1,
				"sentenceContent": "‘엔카의 여왕’으로 불리며 일본에서 큰 인기를 누렸던 가수 계은숙이 사기 혐의로 연이어 피소된 사실이 뒤늦게 알려졌다.",
				"subjectConsistencyYn": "Y"
			},
			{
				"sentenceNo": 2,
				"sentenceContent": "지난달 31일 한 매체에 따르면 계은숙은 지난 2017년 5월 2500만원을 빌린 후 갚지 않은 혐의(사기)로 고소를 당했다.",
				"subjectConsistencyYn": "Y"
			},
			{
				"sentenceNo": 3,
				"sentenceContent": "고소인 A씨는“2014년 10월 2개월 뒤 갚는다는 조건으로 계은숙에게 2500만원을 빌려줬지만, 현재까지 받지 못하고 있다”고 주장했다.",
				"subjectConsistencyYn": "Y"
			},
			{
				"sentenceNo": 4,
				"sentenceContent": "그는 “계은숙이 그간 수형 생활도 하는 등 딱한 사정을 배려해 참고 기다렸으나 구체적인 변제 계획이나 설명 없이 모르쇠로 일관하고 있어 고소장을 제출했다”고 고소 이유를 밝혔다.",
				"subjectConsistencyYn": "Y"
			},
			{
				"sentenceNo": 5,
				"sentenceContent": "계은숙은 또 지난해 말 서울 서초구 잠원동에서 라이브 카페를 운영자 두 명으로부터도 사기 혐의로 피소됐다.",
				"subjectConsistencyYn": "Y"
			},
			{
				"sentenceNo": 6,
				"sentenceContent": "이들은 지난 2016년 9월 자신들과 동업하는 조건으로 계은숙에게 650만원을 건넸으나 동업 계약을 이행하지 않아 큰 손실을 주었다며 그를 검찰에 고소했다.",
				"subjectConsistencyYn": "Y"
			},
			{
				"sentenceNo": 7,
				"sentenceContent": "그러나 계은숙의 소재가 불분명해 해당 사건은 검찰로부터 이달 중순 기소중지(시한부기소중지) 처분을 받은 상태인 것으로 전해졌다.",
				"subjectConsistencyYn": "Y"
			},
			{
				"sentenceNo": 8,
				"sentenceContent": "1979년 ‘노래하며 춤추며’로 데뷔한 계은숙은 이듬해 MBC ‘10대 가수가요제’에서 신인상을 받으며 스타덤에 올랐지만 1982년 돌연 일본으로 건너갔다.",
				"subjectConsistencyYn": "Y"
			},
			{
				"sentenceNo": 9,
				"sentenceContent": "1985년 ‘오사카의 모정’으로 일본 가요계에 데뷔해 1988~1994년 NHK ‘홍백가합전’에 7회 연속 출연했고 1990년에는 일본 레코드 대상인 ‘앨범 대상’을 받으며 ‘엔카의 여왕’으로 군림했다.",
				"subjectConsistencyYn": "Y"
			},
			{
				"sentenceNo": 10,
				"sentenceContent": "고이즈미 준이치로 일본 전 총리가 팬클럽 회원이었을 정도로 대중적인 사랑을 받았다.",
				"subjectConsistencyYn": "Y"
			},
			{
				"sentenceNo": 11,
				"sentenceContent": "그러다 지난 2007년 일본에서 각성제 소지 혐의로 체포돼 징역 1년 6월에 집행유예 3년을 선고받았다.",
				"subjectConsistencyYn": "Y"
			},
			{
				"sentenceNo": 12,
				"sentenceContent": "조사라는 “괜찮아요. 그냥 이렇게 제 옆에 있어 주기만 하면 돼요. 우리 같이 기억 찾아가요. 제가 옆에서 다 도와줄게요”라며 다시 안겼고 이영국 또한 미소지으며 팔을 감싸 안았다.",
				"subjectConsistencyYn": "N"
			},
			{
				"sentenceNo": 13,
				"sentenceContent": "한편 KBS2 주말드라마 ‘신사와 아가씨’는 오후 7시 55분에 만나볼 수 있다.",
				"subjectConsistencyYn": "N"
			}
		],
		"clickbaitClass": 0
	}
}