{
	"sourceDataInfo": {
		"newsID": "ET_M03_494368",
		"newsCategory": "연예",
		"newsSubcategory": "연예가화제",
		"newsTitle": "SM 홈페이지에서 사라진 김생민의 사진",
		"newsSubTitle": "",
		"newsContent": "개그맨 김생민(45)이 과거 방송 스태프를 성추행했다는 의혹이 불거지자 이를 시인하고 사과했다.\n현재 김생민의 소속사 SM C&C 홈페이지에는 그의 프로필이 삭제된 상태다.\n2일 김생민은 성추문 보도가 나오고 약 2시간 후 SM C&C를 통해 입장문을 내고 “10년 전 출연 중이었던 프로그램의 회식 자리에서 잘못된 행동을 했다”고 인정했다.\n이후 SM C&C 홈페이지의 ‘예능 MC’ 리스트에서 김생민의 사진이 빠졌다.\n김생민은 지난해 11월 SM C&C와 전속 계약을 체결했다.\nSM C&C는 당시 “오래도록 시청자들의 사랑을 받고 싶다는 김생민씨의 바람이 실현될 수 있도록 최선을 다하겠다”며 그의 활발할 활동을 예고했으나 5개월 만에 커다란 암초를 만났다.\n앞서 한 매체는 김생민이 2008년 한 프로그램 촬영 후 회식 자리에서 스태프 2명을 상대로 성추행을 했으며 피해자 중 1명에게는 당시에, 다른 1명에게는 지난 3월 21일 사과했다고 보도했다.\n보도대로라면 김생민과 소속사는 관련 입장과 출연 중인 프로그램을 정리할 시간이 최소 2~3주 있었음에도 합당한 조처를 하지 않은 것으로 보인다.\n특히 소속사는 미리 문제를 인지하고서도 이날 기사가 터지자 부랴부랴 대응하는 모습을 보였다.\n그가 고정 출연하는 프로그램은 KBS2 ‘김생민의 영수증’ 외에도 ‘연예가중계’, MBC ‘전지적 참견 시점’과 ‘출발 비디오 여행’, SBS ‘TV 동물농장’, tvN ‘짠내투어’, MBN ‘오늘 쉴래요?’, EBS ‘호모 이코노미쿠스’, MTN ‘김생민의 비즈정보쇼’, YTN ‘원 포인트 생활상식’ 등 총 10개에 이른다.\n광고 역시 10여 편을 찍었다.\nSM C&C는 해당 프로그램과 광고를 수습하는 데 골머리를 앓고 있는 것으로 전해졌다.\n현재 소속사 관계자들은 연락을 받지 않고 있다.",
		"partNum": "P2",
		"useType": 0,
		"processType": "A",
		"processPattern": "99",
		"processLevel": "하",
		"sentenceCount": 13,
		"processSentencenum": 2,
		"sentenceInfo": [
			{
				"sentenceNo": 1,
				"sentenceContent": "개그맨 김생민(45)이 과거 방송 스태프를 성추행했다는 의혹이 불거지자 이를 시인하고 사과했다.",
				"sentenceSize": 53
			},
			{
				"sentenceNo": 2,
				"sentenceContent": "현재 김생민의 소속사 SM C&C 홈페이지에는 그의 프로필이 삭제된 상태다.",
				"sentenceSize": 42
			},
			{
				"sentenceNo": 3,
				"sentenceContent": "2일 김생민은 성추문 보도가 나오고 약 2시간 후 SM C&C를 통해 입장문을 내고 “10년 전 출연 중이었던 프로그램의 회식 자리에서 잘못된 행동을 했다”고 인정했다.",
				"sentenceSize": 94
			},
			{
				"sentenceNo": 4,
				"sentenceContent": "이후 SM C&C 홈페이지의 ‘예능 MC’ 리스트에서 김생민의 사진이 빠졌다.",
				"sentenceSize": 43
			},
			{
				"sentenceNo": 5,
				"sentenceContent": "김생민은 지난해 11월 SM C&C와 전속 계약을 체결했다.",
				"sentenceSize": 33
			},
			{
				"sentenceNo": 6,
				"sentenceContent": "SM C&C는 당시 “오래도록 시청자들의 사랑을 받고 싶다는 김생민씨의 바람이 실현될 수 있도록 최선을 다하겠다”며 그의 활발할 활동을 예고했으나 5개월 만에 커다란 암초를 만났다.",
				"sentenceSize": 101
			},
			{
				"sentenceNo": 7,
				"sentenceContent": "앞서 한 매체는 김생민이 2008년 한 프로그램 촬영 후 회식 자리에서 스태프 2명을 상대로 성추행을 했으며 피해자 중 1명에게는 당시에, 다른 1명에게는 지난 3월 21일 사과했다고 보도했다.",
				"sentenceSize": 108
			},
			{
				"sentenceNo": 8,
				"sentenceContent": "보도대로라면 김생민과 소속사는 관련 입장과 출연 중인 프로그램을 정리할 시간이 최소 2~3주 있었음에도 합당한 조처를 하지 않은 것으로 보인다.",
				"sentenceSize": 80
			},
			{
				"sentenceNo": 9,
				"sentenceContent": "특히 소속사는 미리 문제를 인지하고서도 이날 기사가 터지자 부랴부랴 대응하는 모습을 보였다.",
				"sentenceSize": 51
			},
			{
				"sentenceNo": 10,
				"sentenceContent": "그가 고정 출연하는 프로그램은 KBS2 ‘김생민의 영수증’ 외에도 ‘연예가중계’, MBC ‘전지적 참견 시점’과 ‘출발 비디오 여행’, SBS ‘TV 동물농장’, tvN ‘짠내투어’, MBN ‘오늘 쉴래요?’, EBS ‘호모 이코노미쿠스’, MTN ‘김생민의 비즈정보쇼’, YTN ‘원 포인트 생활상식’ 등 총 10개에 이른다.",
				"sentenceSize": 183
			},
			{
				"sentenceNo": 11,
				"sentenceContent": "광고 역시 10여 편을 찍었다.",
				"sentenceSize": 17
			},
			{
				"sentenceNo": 12,
				"sentenceContent": "SM C&C는 해당 프로그램과 광고를 수습하는 데 골머리를 앓고 있는 것으로 전해졌다.",
				"sentenceSize": 48
			},
			{
				"sentenceNo": 13,
				"sentenceContent": "현재 소속사 관계자들은 연락을 받지 않고 있다.",
				"sentenceSize": 26
			}
		]
	},
	"labeledDataInfo": {
		"processSentenceInfo": [
			{
				"sentenceNo": 1,
				"sentenceContent": "개그맨 김생민(45)이 과거 방송 스태프를 성추행했다는 의혹이 불거지자 이를 시인하고 사과했다.",
				"subjectConsistencyYn": "Y"
			},
			{
				"sentenceNo": 2,
				"sentenceContent": "현재 김생민의 소속사 SM C&C 홈페이지에는 그의 프로필이 삭제된 상태다.",
				"subjectConsistencyYn": "Y"
			},
			{
				"sentenceNo": 3,
				"sentenceContent": "2일 김생민은 성추문 보도가 나오고 약 2시간 후 SM C&C를 통해 입장문을 내고 “10년 전 출연 중이었던 프로그램의 회식 자리에서 잘못된 행동을 했다”고 인정했다.",
				"subjectConsistencyYn": "Y"
			},
			{
				"sentenceNo": 4,
				"sentenceContent": "이후 SM C&C 홈페이지의 ‘예능 MC’ 리스트에서 김생민의 사진이 빠졌다.",
				"subjectConsistencyYn": "Y"
			},
			{
				"sentenceNo": 5,
				"sentenceContent": "김생민은 지난해 11월 SM C&C와 전속 계약을 체결했다.",
				"subjectConsistencyYn": "Y"
			},
			{
				"sentenceNo": 6,
				"sentenceContent": "SM C&C는 당시 “오래도록 시청자들의 사랑을 받고 싶다는 김생민씨의 바람이 실현될 수 있도록 최선을 다하겠다”며 그의 활발할 활동을 예고했으나 5개월 만에 커다란 암초를 만났다.",
				"subjectConsistencyYn": "Y"
			},
			{
				"sentenceNo": 7,
				"sentenceContent": "앞서 한 매체는 김생민이 2008년 한 프로그램 촬영 후 회식 자리에서 스태프 2명을 상대로 성추행을 했으며 피해자 중 1명에게는 당시에, 다른 1명에게는 지난 3월 21일 사과했다고 보도했다.",
				"subjectConsistencyYn": "Y"
			},
			{
				"sentenceNo": 8,
				"sentenceContent": "보도대로라면 김생민과 소속사는 관련 입장과 출연 중인 프로그램을 정리할 시간이 최소 2~3주 있었음에도 합당한 조처를 하지 않은 것으로 보인다.",
				"subjectConsistencyYn": "Y"
			},
			{
				"sentenceNo": 9,
				"sentenceContent": "특히 소속사는 미리 문제를 인지하고서도 이날 기사가 터지자 부랴부랴 대응하는 모습을 보였다.",
				"subjectConsistencyYn": "Y"
			},
			{
				"sentenceNo": 10,
				"sentenceContent": "그가 고정 출연하는 프로그램은 KBS2 ‘김생민의 영수증’ 외에도 ‘연예가중계’, MBC ‘전지적 참견 시점’과 ‘출발 비디오 여행’, SBS ‘TV 동물농장’, tvN ‘짠내투어’, MBN ‘오늘 쉴래요?’, EBS ‘호모 이코노미쿠스’, MTN ‘김생민의 비즈정보쇼’, YTN ‘원 포인트 생활상식’ 등 총 10개에 이른다.",
				"subjectConsistencyYn": "Y"
			},
			{
				"sentenceNo": 11,
				"sentenceContent": "광고 역시 10여 편을 찍었다.",
				"subjectConsistencyYn": "Y"
			},
			{
				"sentenceNo": 12,
				"sentenceContent": "힐링캠프 김상중의 위아래 댄스를 본 네티즌들은 \\\"힐링 김상중 위아래, 애교폭발\\\" \\\"힐링 김상중 위아래, 완전 웃겨\\\" \\\"힐링 김상중 위아래, 반전매력 있네\\\" 등의 반응을 보였다.",
				"subjectConsistencyYn": "N"
			}
		],
		"clickbaitClass": 0
	}
}