{
	"sourceDataInfo": {
		"newsID": "ET_M03_494356",
		"newsCategory": "연예",
		"newsSubcategory": "연예가화제",
		"newsTitle": "故종현 사망 후 첫 생일…샤이니가 공개한 그의 생전 모습",
		"newsSubTitle": "",
		"newsContent": "아이돌 그룹 샤이니 멤버 故 종현이 우울증으로 세상을 떠난 뒤 첫 생일을 맞았다.\n샤이니 측은 고인의 생일인 8일 SNS에 그의 생전 모습이 담긴 사진을 공개했다.\n8일 자정 샤이니 공식 인스타그램과 페이스북에는 \\\"#SHINee #샤이니 #JONGHYUN #종현 #19900408\\\"라는 글과 함께 한 장의 사진이 게재됐다.\n사진 속에는 종현이 생전 무대에서 팬들과 함께한 모습이 담겨있다.\n샤이니 공식 페이스북과 인스타그램은 종현이라는 이름을 새긴 프로필 사진을 게재해 둔 상태다.\n이 사진은 게재된지 10시간도 지나지 않아 페이스북에서만 6만명 가까이 공감을 얻으며 1만건 이상 공유됐다.\n종현은 지난해 12월 18일 돌연 세상을 떠났다.\n종현은 평소 우울증을 앓아왔고, 유서에도 그런 고충이 담겨 있었다.\n그는 세상을 떠나면서 유작을 남겼다.\n2월에 발매된 ' Poet Artist'는 국내 각종 음반, 음원 차트에서 상위권을 차지하는 것은 물론 미국 빌보드 월드 앨범 차트 1위에 올랐다.\n또한 음악방송에서도 1위를 거머쥐었다.",
		"partNum": "P2",
		"useType": 0,
		"processType": "A",
		"processPattern": "99",
		"processLevel": "하",
		"sentenceCount": 11,
		"processSentencenum": 1,
		"sentenceInfo": [
			{
				"sentenceNo": 1,
				"sentenceContent": "아이돌 그룹 샤이니 멤버 故 종현이 우울증으로 세상을 떠난 뒤 첫 생일을 맞았다.",
				"sentenceSize": 45
			},
			{
				"sentenceNo": 2,
				"sentenceContent": "샤이니 측은 고인의 생일인 8일 SNS에 그의 생전 모습이 담긴 사진을 공개했다.",
				"sentenceSize": 45
			},
			{
				"sentenceNo": 3,
				"sentenceContent": "8일 자정 샤이니 공식 인스타그램과 페이스북에는 \\\"#SHINee #샤이니 #JONGHYUN #종현 #19900408\\\"라는 글과 함께 한 장의 사진이 게재됐다.",
				"sentenceSize": 90
			},
			{
				"sentenceNo": 4,
				"sentenceContent": "사진 속에는 종현이 생전 무대에서 팬들과 함께한 모습이 담겨있다.",
				"sentenceSize": 36
			},
			{
				"sentenceNo": 5,
				"sentenceContent": "샤이니 공식 페이스북과 인스타그램은 종현이라는 이름을 새긴 프로필 사진을 게재해 둔 상태다.",
				"sentenceSize": 51
			},
			{
				"sentenceNo": 6,
				"sentenceContent": "이 사진은 게재된지 10시간도 지나지 않아 페이스북에서만 6만명 가까이 공감을 얻으며 1만건 이상 공유됐다.",
				"sentenceSize": 60
			},
			{
				"sentenceNo": 7,
				"sentenceContent": "종현은 지난해 12월 18일 돌연 세상을 떠났다.",
				"sentenceSize": 27
			},
			{
				"sentenceNo": 8,
				"sentenceContent": "종현은 평소 우울증을 앓아왔고, 유서에도 그런 고충이 담겨 있었다.",
				"sentenceSize": 37
			},
			{
				"sentenceNo": 9,
				"sentenceContent": "그는 세상을 떠나면서 유작을 남겼다.",
				"sentenceSize": 20
			},
			{
				"sentenceNo": 10,
				"sentenceContent": "2월에 발매된 ' Poet Artist'는 국내 각종 음반, 음원 차트에서 상위권을 차지하는 것은 물론 미국 빌보드 월드 앨범 차트 1위에 올랐다.",
				"sentenceSize": 82
			},
			{
				"sentenceNo": 11,
				"sentenceContent": "또한 음악방송에서도 1위를 거머쥐었다.",
				"sentenceSize": 21
			}
		]
	},
	"labeledDataInfo": {
		"processSentenceInfo": [
			{
				"sentenceNo": 1,
				"sentenceContent": "아이돌 그룹 샤이니 멤버 故 종현이 우울증으로 세상을 떠난 뒤 첫 생일을 맞았다.",
				"subjectConsistencyYn": "Y"
			},
			{
				"sentenceNo": 2,
				"sentenceContent": "샤이니 측은 고인의 생일인 8일 SNS에 그의 생전 모습이 담긴 사진을 공개했다.",
				"subjectConsistencyYn": "Y"
			},
			{
				"sentenceNo": 3,
				"sentenceContent": "8일 자정 샤이니 공식 인스타그램과 페이스북에는 \\\"#SHINee #샤이니 #JONGHYUN #종현 #19900408\\\"라는 글과 함께 한 장의 사진이 게재됐다.",
				"subjectConsistencyYn": "Y"
			},
			{
				"sentenceNo": 4,
				"sentenceContent": "사진 속에는 종현이 생전 무대에서 팬들과 함께한 모습이 담겨있다.",
				"subjectConsistencyYn": "Y"
			},
			{
				"sentenceNo": 5,
				"sentenceContent": "샤이니 공식 페이스북과 인스타그램은 종현이라는 이름을 새긴 프로필 사진을 게재해 둔 상태다.",
				"subjectConsistencyYn": "Y"
			},
			{
				"sentenceNo": 6,
				"sentenceContent": "이 사진은 게재된지 10시간도 지나지 않아 페이스북에서만 6만명 가까이 공감을 얻으며 1만건 이상 공유됐다.",
				"subjectConsistencyYn": "Y"
			},
			{
				"sentenceNo": 7,
				"sentenceContent": "종현은 지난해 12월 18일 돌연 세상을 떠났다.",
				"subjectConsistencyYn": "Y"
			},
			{
				"sentenceNo": 8,
				"sentenceContent": "종현은 평소 우울증을 앓아왔고, 유서에도 그런 고충이 담겨 있었다.",
				"subjectConsistencyYn": "Y"
			},
			{
				"sentenceNo": 9,
				"sentenceContent": "그는 세상을 떠나면서 유작을 남겼다.",
				"subjectConsistencyYn": "Y"
			},
			{
				"sentenceNo": 10,
				"sentenceContent": "2월에 발매된 ' Poet Artist'는 국내 각종 음반, 음원 차트에서 상위권을 차지하는 것은 물론 미국 빌보드 월드 앨범 차트 1위에 올랐다.",
				"subjectConsistencyYn": "Y"
			},
			{
				"sentenceNo": 11,
				"sentenceContent": "이에 향후 연달아 공개될 콘텐츠에 관심이 쏟아진다.",
				"subjectConsistencyYn": "N"
			}
		],
		"clickbaitClass": 0
	}
}