{
	"sourceDataInfo": {
		"newsID": "ET_M03_494654",
		"newsCategory": "연예",
		"newsSubcategory": "연예가화제",
		"newsTitle": "자니윤 전 부인 “돈 때문에 결혼? 생활비 받아본 적 없어”",
		"newsSubTitle": "",
		"newsContent": "원로 코미디언 자니 윤(82·본명 윤종승)의 아내 줄리아 리(63·본명 이종운)가 최근 전 남편의 근황이 공개된 것과 관련새 심경을 밝혔다.\n26일 방송된 SBS ‘본격연예 한밤’에서는 치매로 인해 미국의 한 요양병원에서 요양 생활 중인 자니 윤의 소식이 전해졌다.\n이날 자니 윤의 근황과 함께 7여 년 전 이혼한 18살 연하 아내 줄리아 리의 인터뷰가 공개됐다.\n줄리아 리는 최근 남편이 심각한 치매로 이혼을 당해 쓸쓸한 여생을 보내고 있다는 한 보도에 대해 “너무 기가 막혀서 엉엉 울었다”며 심경을 밝혔다.\n그는 “경악을 했다. 진짜 깜짝 놀랐다. 내가 선생님을 지금까지도 보살피고 있는데 이게 도대체 무슨 뉴스냐. 7년 전에 내가 이혼을 했다”며 “이유는 선생님이 싫어서 뭐 이런 게 아니라 사실 무서워서 했다. 왜냐하면 선생님이 안 그러셨던 분인데 갑자기 화를 많이 내기 시작하더니 막 사람을 너무 난폭하게 대하더라”고 말했다.\n줄리아 리에 따르면 자니 윤은 당시엔 조울증인 줄 알고 치료를 했지만, 차도가없어 이혼했다고 한다.\n그는 한참 뒤에 자니 윤의 증상이 뇌경색이었다는 것을 알았다.\n두 사람은 자니 윤의 뇌출혈 발병 6년 전인 2010년 8월에 이혼했다.\n줄리아 리는 “‘젊은 여자가 왜 갔겠어? 돈 때문에 갔지’ 하는 데 아니다. 절대 남편한테 한 번도 생활비 받아본 적 없다”며 “그래도 돈 벌어오란 소리 안 하고, 지갑에 돈 없으면 기죽을까 봐 돈 넣어 드리고 그랬다”고 설명했다.\n또 저택 및 재산 등에 대해 결혼 전부터 본인 소유였다며 관련 서류를 보여줬다.\n이혼 사실이 알려지지 않은 것에 대해서도 “이혼한 것을 보도하지 말아 달라고 했다. 자기 자신이 너무 비참하다고 했다. 비참보다도 자존심 상하다는 것이다. 방송에서 나와서 부부 아닌 거로 나가면 곤란하다고 해서 해드렸다”고 털어놨다.\n줄리아 리는 이혼 후에도 전남편에게 헌신했다고 털어놨다.\n한국에 온 이유에 대해선 “내가 쓰러졌다. 선생님 돌보고 너무 힘들다 보니까 내가 정신을 놓아 발을 헛디뎌서 쓰러졌다”고 답했다.\n목 디스크 치료차 한국에 잠시 와있는 것이라고 했다.\n다시 미국에 가 자니 윤을 돌보느냐고 묻자 “선생님 죽을 때까지 돌보겠다고 약속했다”며 “진짜 아기 같고 유리 같은 분이다. 수단이 없어서 돈도 많이 못 벌고 사셨을 거다. 내가 안다. 사랑 많이 받았다”고 했다.",
		"partNum": "P2",
		"useType": 0,
		"processType": "A",
		"processPattern": "99",
		"processLevel": "하",
		"sentenceCount": 15,
		"processSentencenum": 2,
		"sentenceInfo": [
			{
				"sentenceNo": 1,
				"sentenceContent": "원로 코미디언 자니 윤(82·본명 윤종승)의 아내 줄리아 리(63·본명 이종운)가 최근 전 남편의 근황이 공개된 것과 관련새 심경을 밝혔다.",
				"sentenceSize": 78
			},
			{
				"sentenceNo": 2,
				"sentenceContent": "26일 방송된 SBS ‘본격연예 한밤’에서는 치매로 인해 미국의 한 요양병원에서 요양 생활 중인 자니 윤의 소식이 전해졌다.",
				"sentenceSize": 69
			},
			{
				"sentenceNo": 3,
				"sentenceContent": "이날 자니 윤의 근황과 함께 7여 년 전 이혼한 18살 연하 아내 줄리아 리의 인터뷰가 공개됐다.",
				"sentenceSize": 54
			},
			{
				"sentenceNo": 4,
				"sentenceContent": "줄리아 리는 최근 남편이 심각한 치매로 이혼을 당해 쓸쓸한 여생을 보내고 있다는 한 보도에 대해 “너무 기가 막혀서 엉엉 울었다”며 심경을 밝혔다.",
				"sentenceSize": 82
			},
			{
				"sentenceNo": 5,
				"sentenceContent": "그는 “경악을 했다. 진짜 깜짝 놀랐다. 내가 선생님을 지금까지도 보살피고 있는데 이게 도대체 무슨 뉴스냐. 7년 전에 내가 이혼을 했다”며 “이유는 선생님이 싫어서 뭐 이런 게 아니라 사실 무서워서 했다. 왜냐하면 선생님이 안 그러셨던 분인데 갑자기 화를 많이 내기 시작하더니 막 사람을 너무 난폭하게 대하더라”고 말했다.",
				"sentenceSize": 181
			},
			{
				"sentenceNo": 6,
				"sentenceContent": "줄리아 리에 따르면 자니 윤은 당시엔 조울증인 줄 알고 치료를 했지만, 차도가없어 이혼했다고 한다.",
				"sentenceSize": 55
			},
			{
				"sentenceNo": 7,
				"sentenceContent": "그는 한참 뒤에 자니 윤의 증상이 뇌경색이었다는 것을 알았다.",
				"sentenceSize": 34
			},
			{
				"sentenceNo": 8,
				"sentenceContent": "두 사람은 자니 윤의 뇌출혈 발병 6년 전인 2010년 8월에 이혼했다.",
				"sentenceSize": 40
			},
			{
				"sentenceNo": 9,
				"sentenceContent": "줄리아 리는 “‘젊은 여자가 왜 갔겠어? 돈 때문에 갔지’ 하는 데 아니다. 절대 남편한테 한 번도 생활비 받아본 적 없다”며 “그래도 돈 벌어오란 소리 안 하고, 지갑에 돈 없으면 기죽을까 봐 돈 넣어 드리고 그랬다”고 설명했다.",
				"sentenceSize": 129
			},
			{
				"sentenceNo": 10,
				"sentenceContent": "또 저택 및 재산 등에 대해 결혼 전부터 본인 소유였다며 관련 서류를 보여줬다.",
				"sentenceSize": 44
			},
			{
				"sentenceNo": 11,
				"sentenceContent": "이혼 사실이 알려지지 않은 것에 대해서도 “이혼한 것을 보도하지 말아 달라고 했다. 자기 자신이 너무 비참하다고 했다. 비참보다도 자존심 상하다는 것이다. 방송에서 나와서 부부 아닌 거로 나가면 곤란하다고 해서 해드렸다”고 털어놨다.",
				"sentenceSize": 130
			},
			{
				"sentenceNo": 12,
				"sentenceContent": "줄리아 리는 이혼 후에도 전남편에게 헌신했다고 털어놨다.",
				"sentenceSize": 31
			},
			{
				"sentenceNo": 13,
				"sentenceContent": "한국에 온 이유에 대해선 “내가 쓰러졌다. 선생님 돌보고 너무 힘들다 보니까 내가 정신을 놓아 발을 헛디뎌서 쓰러졌다”고 답했다.",
				"sentenceSize": 72
			},
			{
				"sentenceNo": 14,
				"sentenceContent": "목 디스크 치료차 한국에 잠시 와있는 것이라고 했다.",
				"sentenceSize": 29
			},
			{
				"sentenceNo": 15,
				"sentenceContent": "다시 미국에 가 자니 윤을 돌보느냐고 묻자 “선생님 죽을 때까지 돌보겠다고 약속했다”며 “진짜 아기 같고 유리 같은 분이다. 수단이 없어서 돈도 많이 못 벌고 사셨을 거다. 내가 안다. 사랑 많이 받았다”고 했다.",
				"sentenceSize": 119
			}
		]
	},
	"labeledDataInfo": {
		"processSentenceInfo": [
			{
				"sentenceNo": 1,
				"sentenceContent": "원로 코미디언 자니 윤(82·본명 윤종승)의 아내 줄리아 리(63·본명 이종운)가 최근 전 남편의 근황이 공개된 것과 관련새 심경을 밝혔다.",
				"subjectConsistencyYn": "Y"
			},
			{
				"sentenceNo": 2,
				"sentenceContent": "26일 방송된 SBS ‘본격연예 한밤’에서는 치매로 인해 미국의 한 요양병원에서 요양 생활 중인 자니 윤의 소식이 전해졌다.",
				"subjectConsistencyYn": "Y"
			},
			{
				"sentenceNo": 3,
				"sentenceContent": "이날 자니 윤의 근황과 함께 7여 년 전 이혼한 18살 연하 아내 줄리아 리의 인터뷰가 공개됐다.",
				"subjectConsistencyYn": "Y"
			},
			{
				"sentenceNo": 4,
				"sentenceContent": "줄리아 리는 최근 남편이 심각한 치매로 이혼을 당해 쓸쓸한 여생을 보내고 있다는 한 보도에 대해 “너무 기가 막혀서 엉엉 울었다”며 심경을 밝혔다.",
				"subjectConsistencyYn": "Y"
			},
			{
				"sentenceNo": 5,
				"sentenceContent": "그는 “경악을 했다. 진짜 깜짝 놀랐다. 내가 선생님을 지금까지도 보살피고 있는데 이게 도대체 무슨 뉴스냐. 7년 전에 내가 이혼을 했다”며 “이유는 선생님이 싫어서 뭐 이런 게 아니라 사실 무서워서 했다. 왜냐하면 선생님이 안 그러셨던 분인데 갑자기 화를 많이 내기 시작하더니 막 사람을 너무 난폭하게 대하더라”고 말했다.",
				"subjectConsistencyYn": "Y"
			},
			{
				"sentenceNo": 6,
				"sentenceContent": "줄리아 리에 따르면 자니 윤은 당시엔 조울증인 줄 알고 치료를 했지만, 차도가없어 이혼했다고 한다.",
				"subjectConsistencyYn": "Y"
			},
			{
				"sentenceNo": 7,
				"sentenceContent": "그는 한참 뒤에 자니 윤의 증상이 뇌경색이었다는 것을 알았다.",
				"subjectConsistencyYn": "Y"
			},
			{
				"sentenceNo": 8,
				"sentenceContent": "두 사람은 자니 윤의 뇌출혈 발병 6년 전인 2010년 8월에 이혼했다.",
				"subjectConsistencyYn": "Y"
			},
			{
				"sentenceNo": 9,
				"sentenceContent": "줄리아 리는 “‘젊은 여자가 왜 갔겠어? 돈 때문에 갔지’ 하는 데 아니다. 절대 남편한테 한 번도 생활비 받아본 적 없다”며 “그래도 돈 벌어오란 소리 안 하고, 지갑에 돈 없으면 기죽을까 봐 돈 넣어 드리고 그랬다”고 설명했다.",
				"subjectConsistencyYn": "Y"
			},
			{
				"sentenceNo": 10,
				"sentenceContent": "또 저택 및 재산 등에 대해 결혼 전부터 본인 소유였다며 관련 서류를 보여줬다.",
				"subjectConsistencyYn": "Y"
			},
			{
				"sentenceNo": 11,
				"sentenceContent": "이혼 사실이 알려지지 않은 것에 대해서도 “이혼한 것을 보도하지 말아 달라고 했다. 자기 자신이 너무 비참하다고 했다. 비참보다도 자존심 상하다는 것이다. 방송에서 나와서 부부 아닌 거로 나가면 곤란하다고 해서 해드렸다”고 털어놨다.",
				"subjectConsistencyYn": "Y"
			},
			{
				"sentenceNo": 12,
				"sentenceContent": "줄리아 리는 이혼 후에도 전남편에게 헌신했다고 털어놨다.",
				"subjectConsistencyYn": "Y"
			},
			{
				"sentenceNo": 13,
				"sentenceContent": "한국에 온 이유에 대해선 “내가 쓰러졌다. 선생님 돌보고 너무 힘들다 보니까 내가 정신을 놓아 발을 헛디뎌서 쓰러졌다”고 답했다.",
				"subjectConsistencyYn": "Y"
			},
			{
				"sentenceNo": 14,
				"sentenceContent": "한편 ‘부탁해요 엄마’는 앙숙 모녀인 임산옥(고두심 분)과 이진애(유진 분)를 통해 징글징글하면서도 짠한 모녀간 애증의 이야기를 그린 주말극이다. 'AOA 민아 부탁해요 엄마' [AOA 민아 사진=AOA 민아 인스타그램] 'AOA 민아 부탁해요 엄마' 온라인 중앙일보",
				"subjectConsistencyYn": "N"
			}
		],
		"clickbaitClass": 0
	}
}