{
	"sourceDataInfo": {
		"newsID": "ET_M03_494726",
		"newsCategory": "연예",
		"newsSubcategory": "연예가화제",
		"newsTitle": "\\\"이번 콘셉트 좀…\\\" 현아 '립 앤 힙' 신곡 두고 네티즌 갑론을박",
		"newsSubTitle": "",
		"newsContent": "가수 현아가 4일 데뷔 10주년을 맞아 팬들을 위한 땡스 싱글(Thanx Single) 'Lip & Hip'을 발매한 가운데, 뮤직비디오 콘셉트를 놓고 네티즌이 왈가왈부하고 있다.\n이날 현아는 유튜브 등을 통해 'Lip & Hip' 뮤직비디오를 공개했다. '입술'과 '엉덩이'라는 제목에 맞게 뮤직비디오는 엉덩이를 강조한다.\n현아가 짧은 바지를 입고 있는 상태에서 카메라가 밑에서 위로 훑는다거나, 속옷을 갈아입는 장면 등이 포함됐다.\n현아 뮤직비디오가 공개된 뒤 콘셉트를 거론하는 글들이 쏟아졌다.\n\\\"유튜브로 미성년자들이 뮤직비디오를 볼 수 있는데 수위가 적절하지 못하다\\\" 등 뮤직비디오 노출 수위가 심하다는 글과 \\\"어차피 15세 판정을 받고 나왔으니 상관없다\\\"는 반박이 맞섰다.\n앞서 현아는 음원 공개 전 2일 오후 서울 고척 스카이돔에서 열린 '2017 멜론 뮤직 어워드'를 통해 'Lip & Hip' 무대를 최초 공개했다.\n한편 'Lip & Hip'에서 뮤직 프로듀서로 이름을 올린 현아는 팬들과 함께 10주년 한 해를 마무리하는 선물로 이번 앨범을 준비했다.\n지난여름 '베베(BABE)'에 이어 데뷔 10주년을 뜨겁게 기념한 현아의 'Lip & Hip'은 각종 온라인 음원사이트를 통해 만날 수 있다.",
		"partNum": "P2",
		"useType": 0,
		"processType": "A",
		"processPattern": "99",
		"processLevel": "하",
		"sentenceCount": 8,
		"processSentencenum": 2,
		"sentenceInfo": [
			{
				"sentenceNo": 1,
				"sentenceContent": "가수 현아가 4일 데뷔 10주년을 맞아 팬들을 위한 땡스 싱글(Thanx Single) 'Lip & Hip'을 발매한 가운데, 뮤직비디오 콘셉트를 놓고 네티즌이 왈가왈부하고 있다.",
				"sentenceSize": 100
			},
			{
				"sentenceNo": 2,
				"sentenceContent": "이날 현아는 유튜브 등을 통해 'Lip & Hip' 뮤직비디오를 공개했다. '입술'과 '엉덩이'라는 제목에 맞게 뮤직비디오는 엉덩이를 강조한다.",
				"sentenceSize": 80
			},
			{
				"sentenceNo": 3,
				"sentenceContent": "현아가 짧은 바지를 입고 있는 상태에서 카메라가 밑에서 위로 훑는다거나, 속옷을 갈아입는 장면 등이 포함됐다.",
				"sentenceSize": 61
			},
			{
				"sentenceNo": 4,
				"sentenceContent": "현아 뮤직비디오가 공개된 뒤 콘셉트를 거론하는 글들이 쏟아졌다.",
				"sentenceSize": 35
			},
			{
				"sentenceNo": 5,
				"sentenceContent": "\\\"유튜브로 미성년자들이 뮤직비디오를 볼 수 있는데 수위가 적절하지 못하다\\\" 등 뮤직비디오 노출 수위가 심하다는 글과 \\\"어차피 15세 판정을 받고 나왔으니 상관없다\\\"는 반박이 맞섰다.",
				"sentenceSize": 105
			},
			{
				"sentenceNo": 6,
				"sentenceContent": "앞서 현아는 음원 공개 전 2일 오후 서울 고척 스카이돔에서 열린 '2017 멜론 뮤직 어워드'를 통해 'Lip & Hip' 무대를 최초 공개했다.",
				"sentenceSize": 82
			},
			{
				"sentenceNo": 7,
				"sentenceContent": "한편 'Lip & Hip'에서 뮤직 프로듀서로 이름을 올린 현아는 팬들과 함께 10주년 한 해를 마무리하는 선물로 이번 앨범을 준비했다.",
				"sentenceSize": 76
			},
			{
				"sentenceNo": 8,
				"sentenceContent": "지난여름 '베베(BABE)'에 이어 데뷔 10주년을 뜨겁게 기념한 현아의 'Lip & Hip'은 각종 온라인 음원사이트를 통해 만날 수 있다.",
				"sentenceSize": 79
			}
		]
	},
	"labeledDataInfo": {
		"processSentenceInfo": [
			{
				"sentenceNo": 1,
				"sentenceContent": "가수 현아가 4일 데뷔 10주년을 맞아 팬들을 위한 땡스 싱글(Thanx Single) 'Lip & Hip'을 발매한 가운데, 뮤직비디오 콘셉트를 놓고 네티즌이 왈가왈부하고 있다.",
				"subjectConsistencyYn": "Y"
			},
			{
				"sentenceNo": 2,
				"sentenceContent": "이날 현아는 유튜브 등을 통해 'Lip & Hip' 뮤직비디오를 공개했다. '입술'과 '엉덩이'라는 제목에 맞게 뮤직비디오는 엉덩이를 강조한다.",
				"subjectConsistencyYn": "Y"
			},
			{
				"sentenceNo": 3,
				"sentenceContent": "현아가 짧은 바지를 입고 있는 상태에서 카메라가 밑에서 위로 훑는다거나, 속옷을 갈아입는 장면 등이 포함됐다.",
				"subjectConsistencyYn": "Y"
			},
			{
				"sentenceNo": 4,
				"sentenceContent": "현아 뮤직비디오가 공개된 뒤 콘셉트를 거론하는 글들이 쏟아졌다.",
				"subjectConsistencyYn": "Y"
			},
			{
				"sentenceNo": 5,
				"sentenceContent": "\\\"유튜브로 미성년자들이 뮤직비디오를 볼 수 있는데 수위가 적절하지 못하다\\\" 등 뮤직비디오 노출 수위가 심하다는 글과 \\\"어차피 15세 판정을 받고 나왔으니 상관없다\\\"는 반박이 맞섰다.",
				"subjectConsistencyYn": "Y"
			},
			{
				"sentenceNo": 6,
				"sentenceContent": "앞서 현아는 음원 공개 전 2일 오후 서울 고척 스카이돔에서 열린 '2017 멜론 뮤직 어워드'를 통해 'Lip & Hip' 무대를 최초 공개했다.",
				"subjectConsistencyYn": "Y"
			},
			{
				"sentenceNo": 7,
				"sentenceContent": "첫째, 넷플릭스, 훌루 등 온라인 유료 영상·음원 스트리밍 서비스를 활발히 이용하는 젊은 층 사이에서 ‘정보가 공짜’라는 인식이 조금씩 바뀌고 있다는 것이다.",
				"subjectConsistencyYn": "N"
			},
			{
				"sentenceNo": 8,
				"sentenceContent": "둘째는 트럼프 대통령에 대한 반감이다.",
				"subjectConsistencyYn": "N"
			},
			{
				"sentenceNo": 9,
				"sentenceContent": "로이터 저널리즘 연구소가 발간하는 ‘로이터 디지털 뉴스 리포트’ 저자인 닉 뉴먼은 “트럼프에 반감을 가진 젊은 층이 (그에 대한 반대 입장을 표시하고자) 트럼프에 대한 방벽(bulwark)으로 여겨지는 신문을 구독하고 나서는 것”이라고 폴리티코에 밝혔다.",
				"subjectConsistencyYn": "N"
			}
		],
		"clickbaitClass": 0
	}
}