{
	"sourceDataInfo": {
		"newsID": "ET_M03_494612",
		"newsCategory": "연예",
		"newsSubcategory": "영화",
		"newsTitle": "영화 ‘1987’, 미국·호주·대만 등 해외서도 만난다",
		"newsSubTitle": "",
		"newsContent": "영화 ’1987(장준환 감독)’을 북미, 대만, 홍콩, 싱가포르 등 해외에서도 볼 수 있게 됐다. 배급사 CJ엔터테인먼트는 4일 북미와 호주, 뉴질랜드, 대만, 홍콩 등에서 영화 '1987'의 개봉을 확정했다고 발표했다. '1987'은 전두환 정권 시절 6월 민주항쟁의 기폭제가 된 1987년 1월 14일 '박종철 고문치사 사건'을 다룬 영화다.\n박종철 열사, 이한열 열사 등의 역사적 인물이 등장한다.\n가장 먼저 해외 개봉이 되는 곳은 북미다.\n지난달 29일 이미 선개봉을 해 뜨거운 반응이 이어지자 오는 12일 뉴욕·샌디에이고·댈러스·시카고·뉴저지·애틀랜타·시애틀·토론토·밴쿠버·하와이·워싱턴 DC·라스베이거스·덴버 등 북미 전역으로 확대 개봉할 예정이다.\n같은 날 대만에서도 약 30개 관에서 대만 팬들을 만난다. 18일에는 호주와 뉴질랜드에서, 다음 달 1일에는 싱가포르, 3월 8일엔 홍콩과 마카오, 올 연말에 일본까지 순차적으로 개봉할 예정이다.\n이 밖에도 유럽 등 해외 각지에서도'1987'에 대해 높은 관심을 보여 추가적으로도 해외 개봉이 이어질 수 있다.\nCJ엔터테인먼트 해외배급팀 최윤희 팀장은 \\\"영화'1987'은 민주주의를 쟁취하는 과정을 담고 있다.\n전 세계인의 보편적인 가치라는 면에서 공감 가능한 정서를 담고 있다\\\"며 \\\"무엇보다 시민들의 작은 용기가 만들어낸 드라마틱한 한국의 민주주의 역사가 강렬한 감동을 선사한다는 면에서 해외 바이어들의 관심을 샀다고 본다\\\"고 말했다.",
		"partNum": "P2",
		"useType": 0,
		"processType": "A",
		"processPattern": "99",
		"processLevel": "하",
		"sentenceCount": 8,
		"processSentencenum": 2,
		"sentenceInfo": [
			{
				"sentenceNo": 1,
				"sentenceContent": "영화 ’1987(장준환 감독)’을 북미, 대만, 홍콩, 싱가포르 등 해외에서도 볼 수 있게 됐다. 배급사 CJ엔터테인먼트는 4일 북미와 호주, 뉴질랜드, 대만, 홍콩 등에서 영화 '1987'의 개봉을 확정했다고 발표했다. '1987'은 전두환 정권 시절 6월 민주항쟁의 기폭제가 된 1987년 1월 14일 '박종철 고문치사 사건'을 다룬 영화다.",
				"sentenceSize": 193
			},
			{
				"sentenceNo": 2,
				"sentenceContent": "박종철 열사, 이한열 열사 등의 역사적 인물이 등장한다.",
				"sentenceSize": 31
			},
			{
				"sentenceNo": 3,
				"sentenceContent": "가장 먼저 해외 개봉이 되는 곳은 북미다.",
				"sentenceSize": 23
			},
			{
				"sentenceNo": 4,
				"sentenceContent": "지난달 29일 이미 선개봉을 해 뜨거운 반응이 이어지자 오는 12일 뉴욕·샌디에이고·댈러스·시카고·뉴저지·애틀랜타·시애틀·토론토·밴쿠버·하와이·워싱턴 DC·라스베이거스·덴버 등 북미 전역으로 확대 개봉할 예정이다.",
				"sentenceSize": 119
			},
			{
				"sentenceNo": 5,
				"sentenceContent": "같은 날 대만에서도 약 30개 관에서 대만 팬들을 만난다. 18일에는 호주와 뉴질랜드에서, 다음 달 1일에는 싱가포르, 3월 8일엔 홍콩과 마카오, 올 연말에 일본까지 순차적으로 개봉할 예정이다.",
				"sentenceSize": 109
			},
			{
				"sentenceNo": 6,
				"sentenceContent": "이 밖에도 유럽 등 해외 각지에서도'1987'에 대해 높은 관심을 보여 추가적으로도 해외 개봉이 이어질 수 있다.",
				"sentenceSize": 63
			},
			{
				"sentenceNo": 7,
				"sentenceContent": "CJ엔터테인먼트 해외배급팀 최윤희 팀장은 \\\"영화'1987'은 민주주의를 쟁취하는 과정을 담고 있다.",
				"sentenceSize": 56
			},
			{
				"sentenceNo": 8,
				"sentenceContent": "전 세계인의 보편적인 가치라는 면에서 공감 가능한 정서를 담고 있다\\\"며 \\\"무엇보다 시민들의 작은 용기가 만들어낸 드라마틱한 한국의 민주주의 역사가 강렬한 감동을 선사한다는 면에서 해외 바이어들의 관심을 샀다고 본다\\\"고 말했다.",
				"sentenceSize": 129
			}
		]
	},
	"labeledDataInfo": {
		"processSentenceInfo": [
			{
				"sentenceNo": 1,
				"sentenceContent": "영화 ’1987(장준환 감독)’을 북미, 대만, 홍콩, 싱가포르 등 해외에서도 볼 수 있게 됐다. 배급사 CJ엔터테인먼트는 4일 북미와 호주, 뉴질랜드, 대만, 홍콩 등에서 영화 '1987'의 개봉을 확정했다고 발표했다. '1987'은 전두환 정권 시절 6월 민주항쟁의 기폭제가 된 1987년 1월 14일 '박종철 고문치사 사건'을 다룬 영화다.",
				"subjectConsistencyYn": "Y"
			},
			{
				"sentenceNo": 2,
				"sentenceContent": "박종철 열사, 이한열 열사 등의 역사적 인물이 등장한다.",
				"subjectConsistencyYn": "Y"
			},
			{
				"sentenceNo": 3,
				"sentenceContent": "가장 먼저 해외 개봉이 되는 곳은 북미다.",
				"subjectConsistencyYn": "Y"
			},
			{
				"sentenceNo": 4,
				"sentenceContent": "지난달 29일 이미 선개봉을 해 뜨거운 반응이 이어지자 오는 12일 뉴욕·샌디에이고·댈러스·시카고·뉴저지·애틀랜타·시애틀·토론토·밴쿠버·하와이·워싱턴 DC·라스베이거스·덴버 등 북미 전역으로 확대 개봉할 예정이다.",
				"subjectConsistencyYn": "Y"
			},
			{
				"sentenceNo": 5,
				"sentenceContent": "같은 날 대만에서도 약 30개 관에서 대만 팬들을 만난다. 18일에는 호주와 뉴질랜드에서, 다음 달 1일에는 싱가포르, 3월 8일엔 홍콩과 마카오, 올 연말에 일본까지 순차적으로 개봉할 예정이다.",
				"subjectConsistencyYn": "Y"
			},
			{
				"sentenceNo": 6,
				"sentenceContent": "이 밖에도 유럽 등 해외 각지에서도'1987'에 대해 높은 관심을 보여 추가적으로도 해외 개봉이 이어질 수 있다.",
				"subjectConsistencyYn": "Y"
			},
			{
				"sentenceNo": 7,
				"sentenceContent": "오는 14일 밤 10시 첫 방송.",
				"subjectConsistencyYn": "N"
			}
		],
		"clickbaitClass": 0
	}
}