{
	"sourceDataInfo": {
		"newsID": "ET_M03_494321",
		"newsCategory": "연예",
		"newsSubcategory": "연예가화제",
		"newsTitle": "14kg 감량한 홍윤화의 다이어트 식단 \\\"30kg 감량이 목표\\\"",
		"newsSubTitle": "",
		"newsContent": "이미 14kg을 감량한 개그우먼 홍윤화가 여전히 다이어트 중인 근황을 전했다.\n홍윤화는 28일 자신의 인스타그램에 \\\"주말은 특별히 닭가슴살쌈. 추천합니다. 맛있겠다. 다이어트중!\\\"이라는 문구와 함께 음식 사진을 게재했다.\n사진에는 쌈 채소와 닭가슴살, 파프리카, 당근, 양파, 버섯, 쌈장, 김치 등으로 구성된 식단이 등장한다.\n다이어트 식단이라기에는 푸짐한 한상 차림이지만, 고도 비만 상태인 홍윤화에게는 건강한 다이어트 식단이 될 수 있다.\n홍윤화는 11월 연인 김민기와의 결혼식을 앞두고 다이어트에 돌입했다.\n최근 '건강한 다이어트를 하고 있다'며 다이어트 이후 체중 14kg이 빠졌으며 16kg 더 뺄 것이라고 밝힌 바 있다.",
		"partNum": "P2",
		"useType": 0,
		"processType": "A",
		"processPattern": "99",
		"processLevel": "하",
		"sentenceCount": 6,
		"processSentencenum": 1,
		"sentenceInfo": [
			{
				"sentenceNo": 1,
				"sentenceContent": "이미 14kg을 감량한 개그우먼 홍윤화가 여전히 다이어트 중인 근황을 전했다.",
				"sentenceSize": 43
			},
			{
				"sentenceNo": 2,
				"sentenceContent": "홍윤화는 28일 자신의 인스타그램에 \\\"주말은 특별히 닭가슴살쌈. 추천합니다. 맛있겠다. 다이어트중!\\\"이라는 문구와 함께 음식 사진을 게재했다.",
				"sentenceSize": 81
			},
			{
				"sentenceNo": 3,
				"sentenceContent": "사진에는 쌈 채소와 닭가슴살, 파프리카, 당근, 양파, 버섯, 쌈장, 김치 등으로 구성된 식단이 등장한다.",
				"sentenceSize": 59
			},
			{
				"sentenceNo": 4,
				"sentenceContent": "다이어트 식단이라기에는 푸짐한 한상 차림이지만, 고도 비만 상태인 홍윤화에게는 건강한 다이어트 식단이 될 수 있다.",
				"sentenceSize": 64
			},
			{
				"sentenceNo": 5,
				"sentenceContent": "홍윤화는 11월 연인 김민기와의 결혼식을 앞두고 다이어트에 돌입했다.",
				"sentenceSize": 38
			},
			{
				"sentenceNo": 6,
				"sentenceContent": "최근 '건강한 다이어트를 하고 있다'며 다이어트 이후 체중 14kg이 빠졌으며 16kg 더 뺄 것이라고 밝힌 바 있다.",
				"sentenceSize": 66
			}
		]
	},
	"labeledDataInfo": {
		"processSentenceInfo": [
			{
				"sentenceNo": 1,
				"sentenceContent": "이미 14kg을 감량한 개그우먼 홍윤화가 여전히 다이어트 중인 근황을 전했다.",
				"subjectConsistencyYn": "Y"
			},
			{
				"sentenceNo": 2,
				"sentenceContent": "홍윤화는 28일 자신의 인스타그램에 \\\"주말은 특별히 닭가슴살쌈. 추천합니다. 맛있겠다. 다이어트중!\\\"이라는 문구와 함께 음식 사진을 게재했다.",
				"subjectConsistencyYn": "Y"
			},
			{
				"sentenceNo": 3,
				"sentenceContent": "사진에는 쌈 채소와 닭가슴살, 파프리카, 당근, 양파, 버섯, 쌈장, 김치 등으로 구성된 식단이 등장한다.",
				"subjectConsistencyYn": "Y"
			},
			{
				"sentenceNo": 4,
				"sentenceContent": "다이어트 식단이라기에는 푸짐한 한상 차림이지만, 고도 비만 상태인 홍윤화에게는 건강한 다이어트 식단이 될 수 있다.",
				"subjectConsistencyYn": "Y"
			},
			{
				"sentenceNo": 5,
				"sentenceContent": "홍윤화는 11월 연인 김민기와의 결혼식을 앞두고 다이어트에 돌입했다.",
				"subjectConsistencyYn": "Y"
			},
			{
				"sentenceNo": 6,
				"sentenceContent": "특히 신혼부부답게 진한 키스를 나눴고, 배용준이 박수진의 엉덩이를 만지는 등 스킨쉽을 하기도 했다.",
				"subjectConsistencyYn": "N"
			},
			{
				"sentenceNo": 7,
				"sentenceContent": "네티즌들은 이를 보고 “부부인데 스킨쉽을 할 수 있는 것 아니냐”는 의견과 “사람들 앞에서 아내에 대한 배려가 부족했다”는 다양한 의견을 내놓았다.",
				"subjectConsistencyYn": "N"
			},
			{
				"sentenceNo": 8,
				"sentenceContent": "온라인 중앙일보 ‘박진영 배용준 박수진’ [사진 유투브 영상캡처]",
				"subjectConsistencyYn": "N"
			}
		],
		"clickbaitClass": 0
	}
}