{
	"sourceDataInfo": {
		"newsID": "ET_M03_494539",
		"newsCategory": "연예",
		"newsSubcategory": "연예가화제",
		"newsTitle": "아랍에도 방탄소년단 바람?…현지 음원사이트서 1000만 스트리밍 돌파",
		"newsSubTitle": "",
		"newsContent": "방탄소년단이 아랍권 음원사이트에서 1000만 스트리밍을 돌파하는 이례적인 기록을 세웠다.\n아랍의 유료 음원 스트리밍 플랫폼인 앤가미(Anghami)는 22일 공식 트위터를 통해 방탄소년단의 1000만 스트리밍 달성을 축하했다.\n앙가미의 탑 케이팝 차트에는 1위부터 5위까지 모두 방탄소년단이 차지했다. ‘마이크 드롭 리믹스’ ‘DNA’ ‘고민보다 GO’ ‘마이크 드롭’ ‘BEST OF ME’ 순이다.\n세계적인 그룹으로 성장한 방탄소년단은 연일 기록행진을 이어가고 있다.\n방탄소년단의 ‘마이크 드롭 리믹스’는 빌보드 ‘핫100’에 7주 연속 차트인했다.\n이는 케이팝 그룹 중 최장기 기록이다.\n이와 함께 ‘아티스트100’ 차트에서는 19위, ‘메인스트림 톱40 팝송’ 차트에서 27위, ‘캐나디안 핫100’ 차트 67위, ‘캐나디안 앨범’ 차트 36위, ‘인디펜던트 앨범’ 차트 12위에 이름을 올렸다. ‘월드앨범’ 차트에서 7주 연속 1위, ‘소셜50’ 차트에서도 57번째 1위라는 기록을 세우며 방탄소년단의 입지를 다지고 있다.",
		"partNum": "P2",
		"useType": 0,
		"processType": "A",
		"processPattern": "99",
		"processLevel": "하",
		"sentenceCount": 7,
		"processSentencenum": 2,
		"sentenceInfo": [
			{
				"sentenceNo": 1,
				"sentenceContent": "방탄소년단이 아랍권 음원사이트에서 1000만 스트리밍을 돌파하는 이례적인 기록을 세웠다.",
				"sentenceSize": 49
			},
			{
				"sentenceNo": 2,
				"sentenceContent": "아랍의 유료 음원 스트리밍 플랫폼인 앤가미(Anghami)는 22일 공식 트위터를 통해 방탄소년단의 1000만 스트리밍 달성을 축하했다.",
				"sentenceSize": 76
			},
			{
				"sentenceNo": 3,
				"sentenceContent": "앙가미의 탑 케이팝 차트에는 1위부터 5위까지 모두 방탄소년단이 차지했다. ‘마이크 드롭 리믹스’ ‘DNA’ ‘고민보다 GO’ ‘마이크 드롭’ ‘BEST OF ME’ 순이다.",
				"sentenceSize": 97
			},
			{
				"sentenceNo": 4,
				"sentenceContent": "세계적인 그룹으로 성장한 방탄소년단은 연일 기록행진을 이어가고 있다.",
				"sentenceSize": 38
			},
			{
				"sentenceNo": 5,
				"sentenceContent": "방탄소년단의 ‘마이크 드롭 리믹스’는 빌보드 ‘핫100’에 7주 연속 차트인했다.",
				"sentenceSize": 45
			},
			{
				"sentenceNo": 6,
				"sentenceContent": "이는 케이팝 그룹 중 최장기 기록이다.",
				"sentenceSize": 21
			},
			{
				"sentenceNo": 7,
				"sentenceContent": "이와 함께 ‘아티스트100’ 차트에서는 19위, ‘메인스트림 톱40 팝송’ 차트에서 27위, ‘캐나디안 핫100’ 차트 67위, ‘캐나디안 앨범’ 차트 36위, ‘인디펜던트 앨범’ 차트 12위에 이름을 올렸다. ‘월드앨범’ 차트에서 7주 연속 1위, ‘소셜50’ 차트에서도 57번째 1위라는 기록을 세우며 방탄소년단의 입지를 다지고 있다.",
				"sentenceSize": 189
			}
		]
	},
	"labeledDataInfo": {
		"processSentenceInfo": [
			{
				"sentenceNo": 1,
				"sentenceContent": "방탄소년단이 아랍권 음원사이트에서 1000만 스트리밍을 돌파하는 이례적인 기록을 세웠다.",
				"subjectConsistencyYn": "Y"
			},
			{
				"sentenceNo": 2,
				"sentenceContent": "아랍의 유료 음원 스트리밍 플랫폼인 앤가미(Anghami)는 22일 공식 트위터를 통해 방탄소년단의 1000만 스트리밍 달성을 축하했다.",
				"subjectConsistencyYn": "Y"
			},
			{
				"sentenceNo": 3,
				"sentenceContent": "앙가미의 탑 케이팝 차트에는 1위부터 5위까지 모두 방탄소년단이 차지했다. ‘마이크 드롭 리믹스’ ‘DNA’ ‘고민보다 GO’ ‘마이크 드롭’ ‘BEST OF ME’ 순이다.",
				"subjectConsistencyYn": "Y"
			},
			{
				"sentenceNo": 4,
				"sentenceContent": "세계적인 그룹으로 성장한 방탄소년단은 연일 기록행진을 이어가고 있다.",
				"subjectConsistencyYn": "Y"
			},
			{
				"sentenceNo": 5,
				"sentenceContent": "방탄소년단의 ‘마이크 드롭 리믹스’는 빌보드 ‘핫100’에 7주 연속 차트인했다.",
				"subjectConsistencyYn": "Y"
			},
			{
				"sentenceNo": 6,
				"sentenceContent": "네티즌의 비판이 이어지자 장미인애는 또 다른 글을 올려 \\\"고소 들어간다. 전부 참지 않을 것\\\"이라며 \\\"대한민국 더는 그만 이용하라. 난 떳떳하게 살았음에도 대한민국에 이용당했다\\\"라고 했다.",
				"subjectConsistencyYn": "N"
			}
		],
		"clickbaitClass": 0
	}
}