{
	"sourceDataInfo": {
		"newsID": "ET_M03_494494",
		"newsCategory": "연예",
		"newsSubcategory": "연예가화제",
		"newsTitle": "이민호 측 \\\"수지와 재결합 아니다\\\" (공식)",
		"newsSubTitle": "",
		"newsContent": "수지 이민호의 재결합설은 사실이 아닌 것으로 확인됐다.\n이민호 소속사 MYM엔터테인먼트 측은 9일 \\\"본인에게 확인한 결과 수지와의 재결합설은 사실이 아니다\\\"고 밝혔다.\n수지 이민호의 재결합설은 결별 소식이 전해진 지 약 3개월 만에 불거진 것이다.\n앞서 두 사람은 2015년 3월 교제 사실을 인정했으나 지난해 11월에 결별했다.\n현재 이민호는 서울 강남구청에서 공익요원으로 대체 복무 중이다.\n지난해 SBS 드라마 '당신이 잠든 사이'의 여주인공으로 활약한 수지는 지난달 미니 2집 '페이시스오브 러브(Faces of Love)'를 발표하고 가수로 돌아와 활발한 활동 중이다.",
		"partNum": "P2",
		"useType": 0,
		"processType": "A",
		"processPattern": "99",
		"processLevel": "하",
		"sentenceCount": 6,
		"processSentencenum": 1,
		"sentenceInfo": [
			{
				"sentenceNo": 1,
				"sentenceContent": "수지 이민호의 재결합설은 사실이 아닌 것으로 확인됐다.",
				"sentenceSize": 30
			},
			{
				"sentenceNo": 2,
				"sentenceContent": "이민호 소속사 MYM엔터테인먼트 측은 9일 \\\"본인에게 확인한 결과 수지와의 재결합설은 사실이 아니다\\\"고 밝혔다.",
				"sentenceSize": 64
			},
			{
				"sentenceNo": 3,
				"sentenceContent": "수지 이민호의 재결합설은 결별 소식이 전해진 지 약 3개월 만에 불거진 것이다.",
				"sentenceSize": 44
			},
			{
				"sentenceNo": 4,
				"sentenceContent": "앞서 두 사람은 2015년 3월 교제 사실을 인정했으나 지난해 11월에 결별했다.",
				"sentenceSize": 45
			},
			{
				"sentenceNo": 5,
				"sentenceContent": "현재 이민호는 서울 강남구청에서 공익요원으로 대체 복무 중이다.",
				"sentenceSize": 35
			},
			{
				"sentenceNo": 6,
				"sentenceContent": "지난해 SBS 드라마 '당신이 잠든 사이'의 여주인공으로 활약한 수지는 지난달 미니 2집 '페이시스오브 러브(Faces of Love)'를 발표하고 가수로 돌아와 활발한 활동 중이다.",
				"sentenceSize": 102
			}
		]
	},
	"labeledDataInfo": {
		"processSentenceInfo": [
			{
				"sentenceNo": 1,
				"sentenceContent": "수지 이민호의 재결합설은 사실이 아닌 것으로 확인됐다.",
				"subjectConsistencyYn": "Y"
			},
			{
				"sentenceNo": 2,
				"sentenceContent": "이민호 소속사 MYM엔터테인먼트 측은 9일 \\\"본인에게 확인한 결과 수지와의 재결합설은 사실이 아니다\\\"고 밝혔다.",
				"subjectConsistencyYn": "Y"
			},
			{
				"sentenceNo": 3,
				"sentenceContent": "수지 이민호의 재결합설은 결별 소식이 전해진 지 약 3개월 만에 불거진 것이다.",
				"subjectConsistencyYn": "Y"
			},
			{
				"sentenceNo": 4,
				"sentenceContent": "앞서 두 사람은 2015년 3월 교제 사실을 인정했으나 지난해 11월에 결별했다.",
				"subjectConsistencyYn": "Y"
			},
			{
				"sentenceNo": 5,
				"sentenceContent": "현재 이민호는 서울 강남구청에서 공익요원으로 대체 복무 중이다.",
				"subjectConsistencyYn": "Y"
			},
			{
				"sentenceNo": 6,
				"sentenceContent": "그는 이어 \\\"이혼을 했으니, 새로운 여자를 만날수도 있다. 하지만 그 분은 정말로 모르는 분\\\"이라며 \\\"정확히는 모르겠지만 그분은 임산부·노약자 전용 라인에 서시는걸 봤고, 실제로 임산부 였던걸로 기억난다. 내가 바보가 아닌 이상 나는 퍼스트 클라스에 타고 '임신한 내 여자친구'는 이코노미석에 태우겠는가\\\"라고 반문했다 이어 서세원은 \\\"현재 지인을 통해 해당기자에게 항의했으며, 책임을 물을 계획\\\"이라고 말했다.",
				"subjectConsistencyYn": "N"
			},
			{
				"sentenceNo": 7,
				"sentenceContent": "온라인 중앙일보 [사진=중앙포토DB]",
				"subjectConsistencyYn": "N"
			}
		],
		"clickbaitClass": 0
	}
}