{
	"sourceDataInfo": {
		"newsID": "ET_M03_494585",
		"newsCategory": "연예",
		"newsSubcategory": "연예가화제",
		"newsTitle": "홍윤화·김민기 연애 3135일 만에 결혼",
		"newsSubTitle": "",
		"newsContent": "개그계 오랜 장수 커플 홍윤화·김민기가 오는 11월 결혼식을 올린다.\n홍윤화 측 관계자는 9일 일간스포츠에 \\\"홍윤화와 김민기가 11월 17일 오후 6시 서울 뉴힐탑 호텔에서 결혼한다\\\"고 밝혔다.\n두 사람은 2010년 4월 19일 개그계 선후배 사이에서 연인 관계로 발전했다.\n11월 17일 결혼식을 올리면 사랑을 지켜온 지 3135일 만에 부부가 되는 것이다.\n홍윤화와 김민기는 SBS 개그 프로그램 '웃음을 찾는 사람들'을 통해 데뷔했다.\n홍윤화는 2006년, 김민기는 2년 뒤인 2008년 활동을 시작했다.",
		"partNum": "P2",
		"useType": 0,
		"processType": "A",
		"processPattern": "99",
		"processLevel": "하",
		"sentenceCount": 6,
		"processSentencenum": 1,
		"sentenceInfo": [
			{
				"sentenceNo": 1,
				"sentenceContent": "개그계 오랜 장수 커플 홍윤화·김민기가 오는 11월 결혼식을 올린다.",
				"sentenceSize": 38
			},
			{
				"sentenceNo": 2,
				"sentenceContent": "홍윤화 측 관계자는 9일 일간스포츠에 \\\"홍윤화와 김민기가 11월 17일 오후 6시 서울 뉴힐탑 호텔에서 결혼한다\\\"고 밝혔다.",
				"sentenceSize": 71
			},
			{
				"sentenceNo": 3,
				"sentenceContent": "두 사람은 2010년 4월 19일 개그계 선후배 사이에서 연인 관계로 발전했다.",
				"sentenceSize": 44
			},
			{
				"sentenceNo": 4,
				"sentenceContent": "11월 17일 결혼식을 올리면 사랑을 지켜온 지 3135일 만에 부부가 되는 것이다.",
				"sentenceSize": 47
			},
			{
				"sentenceNo": 5,
				"sentenceContent": "홍윤화와 김민기는 SBS 개그 프로그램 '웃음을 찾는 사람들'을 통해 데뷔했다.",
				"sentenceSize": 44
			},
			{
				"sentenceNo": 6,
				"sentenceContent": "홍윤화는 2006년, 김민기는 2년 뒤인 2008년 활동을 시작했다.",
				"sentenceSize": 38
			}
		]
	},
	"labeledDataInfo": {
		"processSentenceInfo": [
			{
				"sentenceNo": 1,
				"sentenceContent": "개그계 오랜 장수 커플 홍윤화·김민기가 오는 11월 결혼식을 올린다.",
				"subjectConsistencyYn": "Y"
			},
			{
				"sentenceNo": 2,
				"sentenceContent": "홍윤화 측 관계자는 9일 일간스포츠에 \\\"홍윤화와 김민기가 11월 17일 오후 6시 서울 뉴힐탑 호텔에서 결혼한다\\\"고 밝혔다.",
				"subjectConsistencyYn": "Y"
			},
			{
				"sentenceNo": 3,
				"sentenceContent": "두 사람은 2010년 4월 19일 개그계 선후배 사이에서 연인 관계로 발전했다.",
				"subjectConsistencyYn": "Y"
			},
			{
				"sentenceNo": 4,
				"sentenceContent": "11월 17일 결혼식을 올리면 사랑을 지켜온 지 3135일 만에 부부가 되는 것이다.",
				"subjectConsistencyYn": "Y"
			},
			{
				"sentenceNo": 5,
				"sentenceContent": "홍윤화와 김민기는 SBS 개그 프로그램 '웃음을 찾는 사람들'을 통해 데뷔했다.",
				"subjectConsistencyYn": "Y"
			},
			{
				"sentenceNo": 6,
				"sentenceContent": "한편 ‘밤을 걷는 선비’는 인간의 본성을 잃지 않은 뱀파이어 선비 성열이 절대 악에게 맞설 비책이 담긴 ‘정현세자비망록’을 찾으며 얽힌 남장책쾌 양선과 펼치는 목숨 담보 러브스토리로, 한 여름 밤에 오싹함과 스릴까지 안기며 매회 화제를 불러 일으키고 있다.",
				"subjectConsistencyYn": "N"
			},
			{
				"sentenceNo": 7,
				"sentenceContent": "12일 밤 10시 방송된다. '밤을 걷는 선비 이준기 심창민' 온라인 중앙일보 [사진=MBC 밤을 걷는 선비 방송캡처]",
				"subjectConsistencyYn": "N"
			}
		],
		"clickbaitClass": 0
	}
}