{
	"sourceDataInfo": {
		"newsID": "ET_M03_494614",
		"newsCategory": "연예",
		"newsSubcategory": "연예가화제",
		"newsTitle": "여배우로 폭풍성장한 ‘내 이름은 김삼순’ 아역 미주 근황",
		"newsSubTitle": "",
		"newsContent": "지난 2005년 방송된 인기 드라마 ‘내 이름은 김삼순’에 출연했던 아역배우의 근황이 눈길을 끌고 있다.\n최근 웹드라마 '사당보다 먼 의정부보다 가까운'에 출연한 배우 서지희(19)가 그 주인공. 서지희는 '내 이름은 김삼순' 방영 당시 현빈의 조카 미주 역으로 출연, 극 중 김선아와 현빈의 사랑의 메신저 역할로 시청자들의 귀여움을 받았다.\n서지희는 '내 이름은 김삼순' 후에도 꾸준히 연기 활동을 해왔다.\n드라마 '어느 멋진 날' '다함께 차차차' '세자매' 등 출연을 통해 연기경력을 쌓았다.\n2012년 MBC드라마 ‘해를 품은 달’에서 배우 윤승아의 아역 시절을 연기해 시청자의 눈길을 사로잡았다.\n서지희의 소셜네트워크서비스(SNS)를 통해 공개된 사진에는 아역시절 귀여운 모습은 여전히 간직한 채 성숙해진 분위기를 드러냈다.",
		"partNum": "P2",
		"useType": 0,
		"processType": "A",
		"processPattern": "99",
		"processLevel": "하",
		"sentenceCount": 6,
		"processSentencenum": 1,
		"sentenceInfo": [
			{
				"sentenceNo": 1,
				"sentenceContent": "지난 2005년 방송된 인기 드라마 ‘내 이름은 김삼순’에 출연했던 아역배우의 근황이 눈길을 끌고 있다.",
				"sentenceSize": 58
			},
			{
				"sentenceNo": 2,
				"sentenceContent": "최근 웹드라마 '사당보다 먼 의정부보다 가까운'에 출연한 배우 서지희(19)가 그 주인공. 서지희는 '내 이름은 김삼순' 방영 당시 현빈의 조카 미주 역으로 출연, 극 중 김선아와 현빈의 사랑의 메신저 역할로 시청자들의 귀여움을 받았다.",
				"sentenceSize": 132
			},
			{
				"sentenceNo": 3,
				"sentenceContent": "서지희는 '내 이름은 김삼순' 후에도 꾸준히 연기 활동을 해왔다.",
				"sentenceSize": 36
			},
			{
				"sentenceNo": 4,
				"sentenceContent": "드라마 '어느 멋진 날' '다함께 차차차' '세자매' 등 출연을 통해 연기경력을 쌓았다.",
				"sentenceSize": 49
			},
			{
				"sentenceNo": 5,
				"sentenceContent": "2012년 MBC드라마 ‘해를 품은 달’에서 배우 윤승아의 아역 시절을 연기해 시청자의 눈길을 사로잡았다.",
				"sentenceSize": 59
			},
			{
				"sentenceNo": 6,
				"sentenceContent": "서지희의 소셜네트워크서비스(SNS)를 통해 공개된 사진에는 아역시절 귀여운 모습은 여전히 간직한 채 성숙해진 분위기를 드러냈다.",
				"sentenceSize": 71
			}
		]
	},
	"labeledDataInfo": {
		"processSentenceInfo": [
			{
				"sentenceNo": 1,
				"sentenceContent": "지난 2005년 방송된 인기 드라마 ‘내 이름은 김삼순’에 출연했던 아역배우의 근황이 눈길을 끌고 있다.",
				"subjectConsistencyYn": "Y"
			},
			{
				"sentenceNo": 2,
				"sentenceContent": "최근 웹드라마 '사당보다 먼 의정부보다 가까운'에 출연한 배우 서지희(19)가 그 주인공. 서지희는 '내 이름은 김삼순' 방영 당시 현빈의 조카 미주 역으로 출연, 극 중 김선아와 현빈의 사랑의 메신저 역할로 시청자들의 귀여움을 받았다.",
				"subjectConsistencyYn": "Y"
			},
			{
				"sentenceNo": 3,
				"sentenceContent": "서지희는 '내 이름은 김삼순' 후에도 꾸준히 연기 활동을 해왔다.",
				"subjectConsistencyYn": "Y"
			},
			{
				"sentenceNo": 4,
				"sentenceContent": "드라마 '어느 멋진 날' '다함께 차차차' '세자매' 등 출연을 통해 연기경력을 쌓았다.",
				"subjectConsistencyYn": "Y"
			},
			{
				"sentenceNo": 5,
				"sentenceContent": "2012년 MBC드라마 ‘해를 품은 달’에서 배우 윤승아의 아역 시절을 연기해 시청자의 눈길을 사로잡았다.",
				"subjectConsistencyYn": "Y"
			},
			{
				"sentenceNo": 6,
				"sentenceContent": "한국당도 국민과 공감할 수 있는 콘텐트가 필요하다.",
				"subjectConsistencyYn": "N"
			},
			{
				"sentenceNo": 7,
				"sentenceContent": "5. 국민에게 선한 영향력을 행사할 수 있어야 한다.",
				"subjectConsistencyYn": "N"
			}
		],
		"clickbaitClass": 0
	}
}