{
	"sourceDataInfo": {
		"newsID": "ET_M03_494609",
		"newsCategory": "연예",
		"newsSubcategory": "연예가화제",
		"newsTitle": "수지 1월 29일 가요계 컴백, MV 4편 동시 공개",
		"newsSubTitle": "",
		"newsContent": "가수 수지가 가요계 컴백일을 확정했다.\n4일 소속사 JYP엔터테인먼트에 따르면 수지는 오는 29일 두 번째 미니앨범을 공개한다.\n앨범 발매에 앞서 22일에는 수록곡 한 곡을 선공개한다.\n수지는 지난해 1월 24일 첫 미니앨범을 발표했다.\n당시 수록곡 '행복한 척'과 타이틀곡 '예스 노 메이비'로 음원차트 1위를 차지하기도 했다.\n수지의 두 번째 미니앨범에는 다양한 장르의 곡들이 수록된다.\n또한 4편의 뮤직비디오도 동시에 공개될 예정이다.\nJYP는 \\\"솔로 가수 수지의 매력을 한껏 돋보이게 하는 콘텐츠들을 대거 선보이는 '블록버스터'급 컴백이 될 것\\\"이라고 기대했다.\n수지는 지난 1일 뮤직비디오를 위해 LA로 출국한 바 있다.",
		"partNum": "P2",
		"useType": 0,
		"processType": "A",
		"processPattern": "99",
		"processLevel": "하",
		"sentenceCount": 9,
		"processSentencenum": 2,
		"sentenceInfo": [
			{
				"sentenceNo": 1,
				"sentenceContent": "가수 수지가 가요계 컴백일을 확정했다.",
				"sentenceSize": 21
			},
			{
				"sentenceNo": 2,
				"sentenceContent": "4일 소속사 JYP엔터테인먼트에 따르면 수지는 오는 29일 두 번째 미니앨범을 공개한다.",
				"sentenceSize": 49
			},
			{
				"sentenceNo": 3,
				"sentenceContent": "앨범 발매에 앞서 22일에는 수록곡 한 곡을 선공개한다.",
				"sentenceSize": 31
			},
			{
				"sentenceNo": 4,
				"sentenceContent": "수지는 지난해 1월 24일 첫 미니앨범을 발표했다.",
				"sentenceSize": 28
			},
			{
				"sentenceNo": 5,
				"sentenceContent": "당시 수록곡 '행복한 척'과 타이틀곡 '예스 노 메이비'로 음원차트 1위를 차지하기도 했다.",
				"sentenceSize": 51
			},
			{
				"sentenceNo": 6,
				"sentenceContent": "수지의 두 번째 미니앨범에는 다양한 장르의 곡들이 수록된다.",
				"sentenceSize": 33
			},
			{
				"sentenceNo": 7,
				"sentenceContent": "또한 4편의 뮤직비디오도 동시에 공개될 예정이다.",
				"sentenceSize": 27
			},
			{
				"sentenceNo": 8,
				"sentenceContent": "JYP는 \\\"솔로 가수 수지의 매력을 한껏 돋보이게 하는 콘텐츠들을 대거 선보이는 '블록버스터'급 컴백이 될 것\\\"이라고 기대했다.",
				"sentenceSize": 73
			},
			{
				"sentenceNo": 9,
				"sentenceContent": "수지는 지난 1일 뮤직비디오를 위해 LA로 출국한 바 있다.",
				"sentenceSize": 33
			}
		]
	},
	"labeledDataInfo": {
		"processSentenceInfo": [
			{
				"sentenceNo": 1,
				"sentenceContent": "가수 수지가 가요계 컴백일을 확정했다.",
				"subjectConsistencyYn": "Y"
			},
			{
				"sentenceNo": 2,
				"sentenceContent": "4일 소속사 JYP엔터테인먼트에 따르면 수지는 오는 29일 두 번째 미니앨범을 공개한다.",
				"subjectConsistencyYn": "Y"
			},
			{
				"sentenceNo": 3,
				"sentenceContent": "앨범 발매에 앞서 22일에는 수록곡 한 곡을 선공개한다.",
				"subjectConsistencyYn": "Y"
			},
			{
				"sentenceNo": 4,
				"sentenceContent": "수지는 지난해 1월 24일 첫 미니앨범을 발표했다.",
				"subjectConsistencyYn": "Y"
			},
			{
				"sentenceNo": 5,
				"sentenceContent": "당시 수록곡 '행복한 척'과 타이틀곡 '예스 노 메이비'로 음원차트 1위를 차지하기도 했다.",
				"subjectConsistencyYn": "Y"
			},
			{
				"sentenceNo": 6,
				"sentenceContent": "수지의 두 번째 미니앨범에는 다양한 장르의 곡들이 수록된다.",
				"subjectConsistencyYn": "Y"
			},
			{
				"sentenceNo": 7,
				"sentenceContent": "또한 4편의 뮤직비디오도 동시에 공개될 예정이다.",
				"subjectConsistencyYn": "Y"
			},
			{
				"sentenceNo": 8,
				"sentenceContent": "백아연의 자작곡인 ‘이럴거면 그러지말지’는 자신의 경험담을 가사에 담아내면서 많은 사람들의 공감을 줘 현재 아이돌 시장에서 여성 솔로 싱어송라이터로 음원 차트 역주행을 일으켜 당당히 1위를 차지한 바 있다.",
				"subjectConsistencyYn": "N"
			},
			{
				"sentenceNo": 9,
				"sentenceContent": "이 소식을 접한 네티즌들은 “자이언티 양화대교, 노래 정말 좋다” “자이언티 양화대교, 역주행이라니 대단” “자이언티 양화대교, 역시 무한도전” 등의 반응을 보였다. ‘자이언티 양화대교’ 온라인 중앙일보 [사진 중앙포토] ‘자이언티 양화대교’",
				"subjectConsistencyYn": "N"
			}
		],
		"clickbaitClass": 0
	}
}