{
	"sourceDataInfo": {
		"newsID": "ET_M03_494331",
		"newsCategory": "연예",
		"newsSubcategory": "연예가화제",
		"newsTitle": "한예슬 집도 차병원 “인두로 지방종 제거하다 화상” 입장 발표",
		"newsSubTitle": "",
		"newsContent": "배우 한예슬(36)이 지방종 제거 수술을 받다 의료사고를 당했다고 주장한 가운데, 한예슬의 수술을 집도한 차병원이 보상을 논의 중이라고 밝혔다.\n차병원은 21일 ‘한예슬씨의 수술 경과와 치료 및 보상 논의 현황에 대해 알려 드립니다’라는 입장문을 발표했다.\n병원 측은 “인두로 지방종을 제거하는 과정에서 해당부위 피부에 화상이 발생했다”며 “성형수술을 통해 최대한 원상 회복을 지원하고 있다. 상처가 치료 된 뒤 남은 피해정도에 따라 보상할 것”이라고 밝혔다.\n차병원에 따르면 한예슬은 2일 강남차병원에서 지방종 수술을 받았다.\n차병원은 ‘흉터가 발생하지 않도록 브래지어가 지나는 부위를 절개, 지방종 부위까지 파고 들어가 인두로 지방종을 제거하는 과정에서 피부에 화상이 발생했다’고 설명했다.\n또 ‘화상 발생 직후 피부 봉합 수술을 했으나 이후 치료과정에서 (피부가) 일부 붙지 않은 부위가 확인돼 화상성형 전문병원으로 의료진이 동행해 치료를 부탁했다’고 주장햇다.\n한예슬은 20일 자신의 인스타그램에 수술 부위 사진을 올리고 “지방종 제거 수술을 받다 의료사고를 당했다”며 “수술한 지 2주가 지났는데도 병원에서는 보상에 대한 얘기는 없고 매일매일 치료를 다니는 제 마음은 한없이 무너진다. 솔직히 그 어떤 보상도 위로가 될 것 같진 않다”고 적었다.\n지방종은 몸의 지방조직에서 발생하는 성숙한 지방 세포로 구성된 양성 종양이다.\n대개 몸통, 허벅지, 팔 등과 같이 지방조직이 있는 피부 아래 조직에 가장 많이 발생한다.",
		"partNum": "P2",
		"useType": 0,
		"processType": "A",
		"processPattern": "99",
		"processLevel": "하",
		"sentenceCount": 9,
		"processSentencenum": 2,
		"sentenceInfo": [
			{
				"sentenceNo": 1,
				"sentenceContent": "배우 한예슬(36)이 지방종 제거 수술을 받다 의료사고를 당했다고 주장한 가운데, 한예슬의 수술을 집도한 차병원이 보상을 논의 중이라고 밝혔다.",
				"sentenceSize": 80
			},
			{
				"sentenceNo": 2,
				"sentenceContent": "차병원은 21일 ‘한예슬씨의 수술 경과와 치료 및 보상 논의 현황에 대해 알려 드립니다’라는 입장문을 발표했다.",
				"sentenceSize": 62
			},
			{
				"sentenceNo": 3,
				"sentenceContent": "병원 측은 “인두로 지방종을 제거하는 과정에서 해당부위 피부에 화상이 발생했다”며 “성형수술을 통해 최대한 원상 회복을 지원하고 있다. 상처가 치료 된 뒤 남은 피해정도에 따라 보상할 것”이라고 밝혔다.",
				"sentenceSize": 113
			},
			{
				"sentenceNo": 4,
				"sentenceContent": "차병원에 따르면 한예슬은 2일 강남차병원에서 지방종 수술을 받았다.",
				"sentenceSize": 37
			},
			{
				"sentenceNo": 5,
				"sentenceContent": "차병원은 ‘흉터가 발생하지 않도록 브래지어가 지나는 부위를 절개, 지방종 부위까지 파고 들어가 인두로 지방종을 제거하는 과정에서 피부에 화상이 발생했다’고 설명했다.",
				"sentenceSize": 92
			},
			{
				"sentenceNo": 6,
				"sentenceContent": "또 ‘화상 발생 직후 피부 봉합 수술을 했으나 이후 치료과정에서 (피부가) 일부 붙지 않은 부위가 확인돼 화상성형 전문병원으로 의료진이 동행해 치료를 부탁했다’고 주장햇다.",
				"sentenceSize": 96
			},
			{
				"sentenceNo": 7,
				"sentenceContent": "한예슬은 20일 자신의 인스타그램에 수술 부위 사진을 올리고 “지방종 제거 수술을 받다 의료사고를 당했다”며 “수술한 지 2주가 지났는데도 병원에서는 보상에 대한 얘기는 없고 매일매일 치료를 다니는 제 마음은 한없이 무너진다. 솔직히 그 어떤 보상도 위로가 될 것 같진 않다”고 적었다.",
				"sentenceSize": 160
			},
			{
				"sentenceNo": 8,
				"sentenceContent": "지방종은 몸의 지방조직에서 발생하는 성숙한 지방 세포로 구성된 양성 종양이다.",
				"sentenceSize": 43
			},
			{
				"sentenceNo": 9,
				"sentenceContent": "대개 몸통, 허벅지, 팔 등과 같이 지방조직이 있는 피부 아래 조직에 가장 많이 발생한다.",
				"sentenceSize": 50
			}
		]
	},
	"labeledDataInfo": {
		"processSentenceInfo": [
			{
				"sentenceNo": 1,
				"sentenceContent": "배우 한예슬(36)이 지방종 제거 수술을 받다 의료사고를 당했다고 주장한 가운데, 한예슬의 수술을 집도한 차병원이 보상을 논의 중이라고 밝혔다.",
				"subjectConsistencyYn": "Y"
			},
			{
				"sentenceNo": 2,
				"sentenceContent": "차병원은 21일 ‘한예슬씨의 수술 경과와 치료 및 보상 논의 현황에 대해 알려 드립니다’라는 입장문을 발표했다.",
				"subjectConsistencyYn": "Y"
			},
			{
				"sentenceNo": 3,
				"sentenceContent": "병원 측은 “인두로 지방종을 제거하는 과정에서 해당부위 피부에 화상이 발생했다”며 “성형수술을 통해 최대한 원상 회복을 지원하고 있다. 상처가 치료 된 뒤 남은 피해정도에 따라 보상할 것”이라고 밝혔다.",
				"subjectConsistencyYn": "Y"
			},
			{
				"sentenceNo": 4,
				"sentenceContent": "차병원에 따르면 한예슬은 2일 강남차병원에서 지방종 수술을 받았다.",
				"subjectConsistencyYn": "Y"
			},
			{
				"sentenceNo": 5,
				"sentenceContent": "차병원은 ‘흉터가 발생하지 않도록 브래지어가 지나는 부위를 절개, 지방종 부위까지 파고 들어가 인두로 지방종을 제거하는 과정에서 피부에 화상이 발생했다’고 설명했다.",
				"subjectConsistencyYn": "Y"
			},
			{
				"sentenceNo": 6,
				"sentenceContent": "또 ‘화상 발생 직후 피부 봉합 수술을 했으나 이후 치료과정에서 (피부가) 일부 붙지 않은 부위가 확인돼 화상성형 전문병원으로 의료진이 동행해 치료를 부탁했다’고 주장햇다.",
				"subjectConsistencyYn": "Y"
			},
			{
				"sentenceNo": 7,
				"sentenceContent": "한예슬은 20일 자신의 인스타그램에 수술 부위 사진을 올리고 “지방종 제거 수술을 받다 의료사고를 당했다”며 “수술한 지 2주가 지났는데도 병원에서는 보상에 대한 얘기는 없고 매일매일 치료를 다니는 제 마음은 한없이 무너진다. 솔직히 그 어떤 보상도 위로가 될 것 같진 않다”고 적었다.",
				"subjectConsistencyYn": "Y"
			},
			{
				"sentenceNo": 8,
				"sentenceContent": "온라인중앙일보 이미연 좋아해줘 이미연 좋아해줘",
				"subjectConsistencyYn": "N"
			}
		],
		"clickbaitClass": 0
	}
}