{
	"sourceDataInfo": {
		"newsID": "ET_M03_494676",
		"newsCategory": "연예",
		"newsSubcategory": "영화",
		"newsTitle": "이란영화 무료로 볼 기회···'이란영화제' 15일부터 개최",
		"newsSubTitle": "한-이란 문화 교류의 해 기념 '이란영화제' 개최 12월 15일~18일 서울 아트하우스 모모",
		"newsContent": "[매거진M] 이란영화의 과거와 오늘을 만날 수 있는 이란영화제가 12월 15일부터 17일까지 3일간 서울 아트하우스 모모에서 열린다.\n지난해 7월 세상을 떠난 거장 감독 압바스 키아로스타미의 초기 작품인 ‘내 친구의 집은 어디인가’(1987)부터 올 해 베니스국제영화제 오리종티 감독상을 받은 바히드 잘릴반드 감독의 ‘신원불상’(2017)까지 총 8편을 상영한다.\n키아로스타미와 함께 이란을 대표하는 감독으로 꼽히는 모흐센 마흐말바프의 현실과 환상을 넘나드는 대표작 ‘가베’(1996), 이란영화를 국제무대에 널리 알린 마지드 마지디 감독의 ‘참새들의 합창’(2008), 지난해 ‘세일즈맨’으로 아카데미 외국어영화상을 수상한 아쉬가르 파라디의 출세작 ‘씨민과 나데르의 별거’(2011)가 관객을 만난다.\n이 영화제는 한-이란 문화 교류의 해를 맞아 외교부에서 주최하는 행사다.\n모든 상영은 무료이며 티켓은 매일 오전 10시 30분에 선착순 현장 배포한다.\n상영시간표는 아트하우스 모모 홈페이지(www.arthousemomo.co.kr)에서 확인할 수 있다.",
		"partNum": "P2",
		"useType": 0,
		"processType": "A",
		"processPattern": "99",
		"processLevel": "하",
		"sentenceCount": 6,
		"processSentencenum": 1,
		"sentenceInfo": [
			{
				"sentenceNo": 1,
				"sentenceContent": "[매거진M] 이란영화의 과거와 오늘을 만날 수 있는 이란영화제가 12월 15일부터 17일까지 3일간 서울 아트하우스 모모에서 열린다.",
				"sentenceSize": 74
			},
			{
				"sentenceNo": 2,
				"sentenceContent": "지난해 7월 세상을 떠난 거장 감독 압바스 키아로스타미의 초기 작품인 ‘내 친구의 집은 어디인가’(1987)부터 올 해 베니스국제영화제 오리종티 감독상을 받은 바히드 잘릴반드 감독의 ‘신원불상’(2017)까지 총 8편을 상영한다.",
				"sentenceSize": 128
			},
			{
				"sentenceNo": 3,
				"sentenceContent": "키아로스타미와 함께 이란을 대표하는 감독으로 꼽히는 모흐센 마흐말바프의 현실과 환상을 넘나드는 대표작 ‘가베’(1996), 이란영화를 국제무대에 널리 알린 마지드 마지디 감독의 ‘참새들의 합창’(2008), 지난해 ‘세일즈맨’으로 아카데미 외국어영화상을 수상한 아쉬가르 파라디의 출세작 ‘씨민과 나데르의 별거’(2011)가 관객을 만난다.",
				"sentenceSize": 189
			},
			{
				"sentenceNo": 4,
				"sentenceContent": "이 영화제는 한-이란 문화 교류의 해를 맞아 외교부에서 주최하는 행사다.",
				"sentenceSize": 40
			},
			{
				"sentenceNo": 5,
				"sentenceContent": "모든 상영은 무료이며 티켓은 매일 오전 10시 30분에 선착순 현장 배포한다.",
				"sentenceSize": 43
			},
			{
				"sentenceNo": 6,
				"sentenceContent": "상영시간표는 아트하우스 모모 홈페이지(www.arthousemomo.co.kr)에서 확인할 수 있다.",
				"sentenceSize": 56
			}
		]
	},
	"labeledDataInfo": {
		"processSentenceInfo": [
			{
				"sentenceNo": 1,
				"sentenceContent": "[매거진M] 이란영화의 과거와 오늘을 만날 수 있는 이란영화제가 12월 15일부터 17일까지 3일간 서울 아트하우스 모모에서 열린다.",
				"subjectConsistencyYn": "Y"
			},
			{
				"sentenceNo": 2,
				"sentenceContent": "지난해 7월 세상을 떠난 거장 감독 압바스 키아로스타미의 초기 작품인 ‘내 친구의 집은 어디인가’(1987)부터 올 해 베니스국제영화제 오리종티 감독상을 받은 바히드 잘릴반드 감독의 ‘신원불상’(2017)까지 총 8편을 상영한다.",
				"subjectConsistencyYn": "Y"
			},
			{
				"sentenceNo": 3,
				"sentenceContent": "키아로스타미와 함께 이란을 대표하는 감독으로 꼽히는 모흐센 마흐말바프의 현실과 환상을 넘나드는 대표작 ‘가베’(1996), 이란영화를 국제무대에 널리 알린 마지드 마지디 감독의 ‘참새들의 합창’(2008), 지난해 ‘세일즈맨’으로 아카데미 외국어영화상을 수상한 아쉬가르 파라디의 출세작 ‘씨민과 나데르의 별거’(2011)가 관객을 만난다.",
				"subjectConsistencyYn": "Y"
			},
			{
				"sentenceNo": 4,
				"sentenceContent": "이 영화제는 한-이란 문화 교류의 해를 맞아 외교부에서 주최하는 행사다.",
				"subjectConsistencyYn": "Y"
			},
			{
				"sentenceNo": 5,
				"sentenceContent": "모든 상영은 무료이며 티켓은 매일 오전 10시 30분에 선착순 현장 배포한다.",
				"subjectConsistencyYn": "Y"
			},
			{
				"sentenceNo": 6,
				"sentenceContent": "한편 거미는 배우 조정석과의 연애사실이 알려지면서 화제의 주인공이 되기도 했다.",
				"subjectConsistencyYn": "N"
			}
		],
		"clickbaitClass": 0
	}
}