{
	"sourceDataInfo": {
		"newsID": "ET_M03_494689",
		"newsCategory": "연예",
		"newsSubcategory": "연예가화제",
		"newsTitle": "'얼짱' 유보화, 연애 시작 한 달 만에 상견례 한 사연은?",
		"newsSubTitle": "",
		"newsContent": "코미디TV '얼짱시대' 등을 통해 얼굴을 알린 유보화(30)의 연애 스토리가 눈길을 끌고 있다.\n그는 지난해 9월 한 살 연하 남편 김슬범(29)씨와 결혼했다.\n지난 10월 네이버 '썸랩'과 인터뷰에서 유보화는 김씨와의 연애·결혼 스토리를 공개했다.\n이에 따르면 유보화는 남편이 운영하는 엔터테인먼트 회사에 소속된 크리에이터였다.\n자연스레 업무 얘기를 주고받으며 가까워졌다. '만나보자'고 구애한 쪽은 김씨였다고 한다.\n유보화는 \\\"'딱 한 달만 만나보고 아니다 싶으면 앞으로 구애하지 않겠다'는 조건에 사귀게 됐다\\\"고 했다.\n이들은 연애 한 달만에 상견례를 했다.\n유보화는 \\\"지난해 설날 고향집으로 내려갔을 때 남편이 수원에서부터 찾아내려왔었다\\\"며 \\\"당시 가족들에게는 회사 대표로 남편을 소개했었다\\\"고 털어놨다.\n그러면서 \\\"그날 이후 남편이 처음 결혼 얘기를 했고 부모님에게 '회사대표'면서 '남자친구'라고 소개했다. 상견례 얘기까지 바로 이어졌다\\\"며 \\\"지난해 1월 연애를 시작했고 같은 해 9월 결혼식을 올리게 됐다\\\"고 했다.\n남편 김씨는 \\\"연애 기간이 짧아서 더 좋은 것 같다\\\"며 \\\"연애를 하는 기분으로 결혼 생활을 하고 있다\\\"고 썸랩에 말했다.\n유보화는 현재 인터넷쇼핑몰 등을 운영하며 소셜네트워크서비스(SNS)에서 팬들과 활발하게 소통하고 있다.\n그의 인스타그램 팔로어는 17만명을 훌쩍 넘는다.",
		"partNum": "P2",
		"useType": 0,
		"processType": "A",
		"processPattern": "99",
		"processLevel": "하",
		"sentenceCount": 12,
		"processSentencenum": 2,
		"sentenceInfo": [
			{
				"sentenceNo": 1,
				"sentenceContent": "코미디TV '얼짱시대' 등을 통해 얼굴을 알린 유보화(30)의 연애 스토리가 눈길을 끌고 있다.",
				"sentenceSize": 53
			},
			{
				"sentenceNo": 2,
				"sentenceContent": "그는 지난해 9월 한 살 연하 남편 김슬범(29)씨와 결혼했다.",
				"sentenceSize": 35
			},
			{
				"sentenceNo": 3,
				"sentenceContent": "지난 10월 네이버 '썸랩'과 인터뷰에서 유보화는 김씨와의 연애·결혼 스토리를 공개했다.",
				"sentenceSize": 49
			},
			{
				"sentenceNo": 4,
				"sentenceContent": "이에 따르면 유보화는 남편이 운영하는 엔터테인먼트 회사에 소속된 크리에이터였다.",
				"sentenceSize": 44
			},
			{
				"sentenceNo": 5,
				"sentenceContent": "자연스레 업무 얘기를 주고받으며 가까워졌다. '만나보자'고 구애한 쪽은 김씨였다고 한다.",
				"sentenceSize": 49
			},
			{
				"sentenceNo": 6,
				"sentenceContent": "유보화는 \\\"'딱 한 달만 만나보고 아니다 싶으면 앞으로 구애하지 않겠다'는 조건에 사귀게 됐다\\\"고 했다.",
				"sentenceSize": 60
			},
			{
				"sentenceNo": 7,
				"sentenceContent": "이들은 연애 한 달만에 상견례를 했다.",
				"sentenceSize": 21
			},
			{
				"sentenceNo": 8,
				"sentenceContent": "유보화는 \\\"지난해 설날 고향집으로 내려갔을 때 남편이 수원에서부터 찾아내려왔었다\\\"며 \\\"당시 가족들에게는 회사 대표로 남편을 소개했었다\\\"고 털어놨다.",
				"sentenceSize": 86
			},
			{
				"sentenceNo": 9,
				"sentenceContent": "그러면서 \\\"그날 이후 남편이 처음 결혼 얘기를 했고 부모님에게 '회사대표'면서 '남자친구'라고 소개했다. 상견례 얘기까지 바로 이어졌다\\\"며 \\\"지난해 1월 연애를 시작했고 같은 해 9월 결혼식을 올리게 됐다\\\"고 했다.",
				"sentenceSize": 124
			},
			{
				"sentenceNo": 10,
				"sentenceContent": "남편 김씨는 \\\"연애 기간이 짧아서 더 좋은 것 같다\\\"며 \\\"연애를 하는 기분으로 결혼 생활을 하고 있다\\\"고 썸랩에 말했다.",
				"sentenceSize": 71
			},
			{
				"sentenceNo": 11,
				"sentenceContent": "유보화는 현재 인터넷쇼핑몰 등을 운영하며 소셜네트워크서비스(SNS)에서 팬들과 활발하게 소통하고 있다.",
				"sentenceSize": 57
			},
			{
				"sentenceNo": 12,
				"sentenceContent": "그의 인스타그램 팔로어는 17만명을 훌쩍 넘는다.",
				"sentenceSize": 27
			}
		]
	},
	"labeledDataInfo": {
		"processSentenceInfo": [
			{
				"sentenceNo": 1,
				"sentenceContent": "코미디TV '얼짱시대' 등을 통해 얼굴을 알린 유보화(30)의 연애 스토리가 눈길을 끌고 있다.",
				"subjectConsistencyYn": "Y"
			},
			{
				"sentenceNo": 2,
				"sentenceContent": "그는 지난해 9월 한 살 연하 남편 김슬범(29)씨와 결혼했다.",
				"subjectConsistencyYn": "Y"
			},
			{
				"sentenceNo": 3,
				"sentenceContent": "지난 10월 네이버 '썸랩'과 인터뷰에서 유보화는 김씨와의 연애·결혼 스토리를 공개했다.",
				"subjectConsistencyYn": "Y"
			},
			{
				"sentenceNo": 4,
				"sentenceContent": "이에 따르면 유보화는 남편이 운영하는 엔터테인먼트 회사에 소속된 크리에이터였다.",
				"subjectConsistencyYn": "Y"
			},
			{
				"sentenceNo": 5,
				"sentenceContent": "자연스레 업무 얘기를 주고받으며 가까워졌다. '만나보자'고 구애한 쪽은 김씨였다고 한다.",
				"subjectConsistencyYn": "Y"
			},
			{
				"sentenceNo": 6,
				"sentenceContent": "유보화는 \\\"'딱 한 달만 만나보고 아니다 싶으면 앞으로 구애하지 않겠다'는 조건에 사귀게 됐다\\\"고 했다.",
				"subjectConsistencyYn": "Y"
			},
			{
				"sentenceNo": 7,
				"sentenceContent": "이들은 연애 한 달만에 상견례를 했다.",
				"subjectConsistencyYn": "Y"
			},
			{
				"sentenceNo": 8,
				"sentenceContent": "유보화는 \\\"지난해 설날 고향집으로 내려갔을 때 남편이 수원에서부터 찾아내려왔었다\\\"며 \\\"당시 가족들에게는 회사 대표로 남편을 소개했었다\\\"고 털어놨다.",
				"subjectConsistencyYn": "Y"
			},
			{
				"sentenceNo": 9,
				"sentenceContent": "그러면서 \\\"그날 이후 남편이 처음 결혼 얘기를 했고 부모님에게 '회사대표'면서 '남자친구'라고 소개했다. 상견례 얘기까지 바로 이어졌다\\\"며 \\\"지난해 1월 연애를 시작했고 같은 해 9월 결혼식을 올리게 됐다\\\"고 했다.",
				"subjectConsistencyYn": "Y"
			},
			{
				"sentenceNo": 10,
				"sentenceContent": "남편 김씨는 \\\"연애 기간이 짧아서 더 좋은 것 같다\\\"며 \\\"연애를 하는 기분으로 결혼 생활을 하고 있다\\\"고 썸랩에 말했다.",
				"subjectConsistencyYn": "Y"
			},
			{
				"sentenceNo": 11,
				"sentenceContent": "그런 그가 슬쩍 공식석상에 모습을 드러냄에 따라 그의 행보에 비난 여론이 이어지고 있다.",
				"subjectConsistencyYn": "N"
			}
		],
		"clickbaitClass": 0
	}
}