{
	"sourceDataInfo": {
		"newsID": "ET_M03_494355",
		"newsCategory": "연예",
		"newsSubcategory": "연예가화제",
		"newsTitle": "'사생활 사진 노출' 조현아 공식 입장 \\\"게임하던 중 채진과 찍힌 사진\\\"",
		"newsSubTitle": "",
		"newsContent": "그룹 어반자카파 조현아 측이 보이그룹 마이네임 멤버 채진과 찍힌 사생활 사진에 대해 입장을 밝혔다.\n소속사 메이크어스엔터테인먼트 측은 8일 \\\"조현아와 채진의 사진은 지인들과 술을 마시다 찍힌 사진이다. 지인과 함께 술을 마시며 게임을 하던 중 찍힌 것\\\"이라고 설명했다.\n또, 두 사람의 관계에 대해서도 \\\"채진과 조현아는 교제하는 사이가 아니다\\\"라고 설명했다.\n앞서 조현아의 지인은 SNS에 짧은 영상을 게재했다.\n두사람의 관계에 대해 갖가지 추측이 나오자 영상은 곧 삭제됐다.\n조현아와 채진은 KBS2 오디션 프로그램 '더 유닛'에서 멘토와 출연자로 만난 바 있다.",
		"partNum": "P2",
		"useType": 0,
		"processType": "A",
		"processPattern": "99",
		"processLevel": "하",
		"sentenceCount": 6,
		"processSentencenum": 1,
		"sentenceInfo": [
			{
				"sentenceNo": 1,
				"sentenceContent": "그룹 어반자카파 조현아 측이 보이그룹 마이네임 멤버 채진과 찍힌 사생활 사진에 대해 입장을 밝혔다.",
				"sentenceSize": 55
			},
			{
				"sentenceNo": 2,
				"sentenceContent": "소속사 메이크어스엔터테인먼트 측은 8일 \\\"조현아와 채진의 사진은 지인들과 술을 마시다 찍힌 사진이다. 지인과 함께 술을 마시며 게임을 하던 중 찍힌 것\\\"이라고 설명했다.",
				"sentenceSize": 96
			},
			{
				"sentenceNo": 3,
				"sentenceContent": "또, 두 사람의 관계에 대해서도 \\\"채진과 조현아는 교제하는 사이가 아니다\\\"라고 설명했다.",
				"sentenceSize": 51
			},
			{
				"sentenceNo": 4,
				"sentenceContent": "앞서 조현아의 지인은 SNS에 짧은 영상을 게재했다.",
				"sentenceSize": 29
			},
			{
				"sentenceNo": 5,
				"sentenceContent": "두사람의 관계에 대해 갖가지 추측이 나오자 영상은 곧 삭제됐다.",
				"sentenceSize": 35
			},
			{
				"sentenceNo": 6,
				"sentenceContent": "조현아와 채진은 KBS2 오디션 프로그램 '더 유닛'에서 멘토와 출연자로 만난 바 있다.",
				"sentenceSize": 49
			}
		]
	},
	"labeledDataInfo": {
		"processSentenceInfo": [
			{
				"sentenceNo": 1,
				"sentenceContent": "그룹 어반자카파 조현아 측이 보이그룹 마이네임 멤버 채진과 찍힌 사생활 사진에 대해 입장을 밝혔다.",
				"subjectConsistencyYn": "Y"
			},
			{
				"sentenceNo": 2,
				"sentenceContent": "소속사 메이크어스엔터테인먼트 측은 8일 \\\"조현아와 채진의 사진은 지인들과 술을 마시다 찍힌 사진이다. 지인과 함께 술을 마시며 게임을 하던 중 찍힌 것\\\"이라고 설명했다.",
				"subjectConsistencyYn": "Y"
			},
			{
				"sentenceNo": 3,
				"sentenceContent": "또, 두 사람의 관계에 대해서도 \\\"채진과 조현아는 교제하는 사이가 아니다\\\"라고 설명했다.",
				"subjectConsistencyYn": "Y"
			},
			{
				"sentenceNo": 4,
				"sentenceContent": "앞서 조현아의 지인은 SNS에 짧은 영상을 게재했다.",
				"subjectConsistencyYn": "Y"
			},
			{
				"sentenceNo": 5,
				"sentenceContent": "두사람의 관계에 대해 갖가지 추측이 나오자 영상은 곧 삭제됐다.",
				"subjectConsistencyYn": "Y"
			},
			{
				"sentenceNo": 6,
				"sentenceContent": "사진 속 장나라는 전성기 때와 별반 차이 없는 고운 피부와 미모를 자랑하고 있어 놀라움을 자아낸다.",
				"subjectConsistencyYn": "N"
			},
			{
				"sentenceNo": 7,
				"sentenceContent": "한편 장나라는 지난달 방송된 MBC 'AD 2100 기후의 반격' 3부 '도시 대 변화'편에서 다큐멘터리 프레젠터로 나섰다.",
				"subjectConsistencyYn": "N"
			}
		],
		"clickbaitClass": 0
	}
}