{
	"sourceDataInfo": {
		"newsID": "ET_M03_494365",
		"newsCategory": "연예",
		"newsSubcategory": "연예가화제",
		"newsTitle": "(입장 전문)한채아·차세찌 커플 예비부모 됐다…임신 6주차",
		"newsSubTitle": "",
		"newsContent": "다음달 결혼을 앞둔 배우 한채아가 예비엄마가 됐다.\n한채아는 4일 자신의 인스타그램을 통해 꽃꽂이를 하고 있는 사진과 함께 장문의 글을 게재했다.\n그는 \\\"제가 직접 전해드리고 싶은 소식이 있어서 이렇게 서툰 글솜씨로나마 진심을 담아 적어봅니다\\\"며 \\\"얼마 전 저는 사랑하는 사람과 평생을 함께 하기로 약속했습니다\\\"고 말문을 열었다.\n이어 \\\"그리고 그렇게 행복한 날들을 보내던 제게 새 생명이라는 또 다른 선물이 찾아왔습니다\\\"며 \\\"저는 현재 6주차에 접어든 예비엄마가 되었습니다\\\"는 사실을 고백했다.\n한채아는 \\\"결혼 준비 중 갑작스레 찾아온 새 생명이라서 더욱 소중한 축복으로 느껴집니다\\\"며 \\\"부디 따뜻한 시선으로 축복해주시면 감사하겠습니다. 여러분의 축복에 보답할 수 있는 좋은 배우, 좋은 사람이 되도록 노력하겠습니다\\\"고 인사를 전했다.\n한채아는 전 축구감독 차범근의 아들 차세찌와 다음달 6일 결혼식을 올린다.\n한채아입니다.\n이렇게 편지로 인사드리게 되어 조금은 쑥스러운 기분도 드는데요.\n제가 직접 전해드리고 싶은 소식이 있어서 이렇게 서툰 글솜씨로나마 진심을 담아 적어봅니다.\n얼마 전 저는 사랑하는 사람과 평생을 함께 하기로 약속했습니다.\n결혼이 인생의 중대사인 만큼, 오랜 기간 많은 대화를 나누며 신중히 결정하게 되었는데요.\n정말 감사하게도 많은 분들이 축하를 보내주신 덕분에 하루하루가 선물처럼 행복하게 느껴졌답니다.\n그리고 그렇게 행복한 날들을 보내던 제게 새 생명이라는 또 다른 선물이 찾아왔습니다.\n저는 현재 6주차에 접어든 예비엄마가 되었습니다.\n결혼 준비 중 갑작스레 찾아온 새 생명이라서 더욱 소중한 축복으로 느껴집니다.\n아직 안정이 필요한 시기라 모든 것이 조심스럽지만, 기쁜 일이니만큼 저를 응원해주시는 분들께 먼저 소식을 전하고 싶어 이렇게 글을 남기게 되었습니다.\n부디 따뜻한 시선으로 축복해주시면 감사하겠습니다.\n여러분의 축복에 보답할 수 있는 좋은 배우, 좋은 사람이 되도록 노력하겠습니다.",
		"partNum": "P2",
		"useType": 0,
		"processType": "A",
		"processPattern": "99",
		"processLevel": "하",
		"sentenceCount": 18,
		"processSentencenum": 1,
		"sentenceInfo": [
			{
				"sentenceNo": 1,
				"sentenceContent": "다음달 결혼을 앞둔 배우 한채아가 예비엄마가 됐다.",
				"sentenceSize": 28
			},
			{
				"sentenceNo": 2,
				"sentenceContent": "한채아는 4일 자신의 인스타그램을 통해 꽃꽂이를 하고 있는 사진과 함께 장문의 글을 게재했다.",
				"sentenceSize": 52
			},
			{
				"sentenceNo": 3,
				"sentenceContent": "그는 \\\"제가 직접 전해드리고 싶은 소식이 있어서 이렇게 서툰 글솜씨로나마 진심을 담아 적어봅니다\\\"며 \\\"얼마 전 저는 사랑하는 사람과 평생을 함께 하기로 약속했습니다\\\"고 말문을 열었다.",
				"sentenceSize": 106
			},
			{
				"sentenceNo": 4,
				"sentenceContent": "이어 \\\"그리고 그렇게 행복한 날들을 보내던 제게 새 생명이라는 또 다른 선물이 찾아왔습니다\\\"며 \\\"저는 현재 6주차에 접어든 예비엄마가 되었습니다\\\"는 사실을 고백했다.",
				"sentenceSize": 96
			},
			{
				"sentenceNo": 5,
				"sentenceContent": "한채아는 \\\"결혼 준비 중 갑작스레 찾아온 새 생명이라서 더욱 소중한 축복으로 느껴집니다\\\"며 \\\"부디 따뜻한 시선으로 축복해주시면 감사하겠습니다. 여러분의 축복에 보답할 수 있는 좋은 배우, 좋은 사람이 되도록 노력하겠습니다\\\"고 인사를 전했다.",
				"sentenceSize": 138
			},
			{
				"sentenceNo": 6,
				"sentenceContent": "한채아는 전 축구감독 차범근의 아들 차세찌와 다음달 6일 결혼식을 올린다.",
				"sentenceSize": 41
			},
			{
				"sentenceNo": 7,
				"sentenceContent": "한채아입니다.",
				"sentenceSize": 7
			},
			{
				"sentenceNo": 8,
				"sentenceContent": "이렇게 편지로 인사드리게 되어 조금은 쑥스러운 기분도 드는데요.",
				"sentenceSize": 35
			},
			{
				"sentenceNo": 9,
				"sentenceContent": "제가 직접 전해드리고 싶은 소식이 있어서 이렇게 서툰 글솜씨로나마 진심을 담아 적어봅니다.",
				"sentenceSize": 50
			},
			{
				"sentenceNo": 10,
				"sentenceContent": "얼마 전 저는 사랑하는 사람과 평생을 함께 하기로 약속했습니다.",
				"sentenceSize": 35
			},
			{
				"sentenceNo": 11,
				"sentenceContent": "결혼이 인생의 중대사인 만큼, 오랜 기간 많은 대화를 나누며 신중히 결정하게 되었는데요.",
				"sentenceSize": 49
			},
			{
				"sentenceNo": 12,
				"sentenceContent": "정말 감사하게도 많은 분들이 축하를 보내주신 덕분에 하루하루가 선물처럼 행복하게 느껴졌답니다.",
				"sentenceSize": 52
			},
			{
				"sentenceNo": 13,
				"sentenceContent": "그리고 그렇게 행복한 날들을 보내던 제게 새 생명이라는 또 다른 선물이 찾아왔습니다.",
				"sentenceSize": 47
			},
			{
				"sentenceNo": 14,
				"sentenceContent": "저는 현재 6주차에 접어든 예비엄마가 되었습니다.",
				"sentenceSize": 27
			},
			{
				"sentenceNo": 15,
				"sentenceContent": "결혼 준비 중 갑작스레 찾아온 새 생명이라서 더욱 소중한 축복으로 느껴집니다.",
				"sentenceSize": 43
			},
			{
				"sentenceNo": 16,
				"sentenceContent": "아직 안정이 필요한 시기라 모든 것이 조심스럽지만, 기쁜 일이니만큼 저를 응원해주시는 분들께 먼저 소식을 전하고 싶어 이렇게 글을 남기게 되었습니다.",
				"sentenceSize": 83
			},
			{
				"sentenceNo": 17,
				"sentenceContent": "부디 따뜻한 시선으로 축복해주시면 감사하겠습니다.",
				"sentenceSize": 27
			},
			{
				"sentenceNo": 18,
				"sentenceContent": "여러분의 축복에 보답할 수 있는 좋은 배우, 좋은 사람이 되도록 노력하겠습니다.",
				"sentenceSize": 44
			}
		]
	},
	"labeledDataInfo": {
		"processSentenceInfo": [
			{
				"sentenceNo": 1,
				"sentenceContent": "다음달 결혼을 앞둔 배우 한채아가 예비엄마가 됐다.",
				"subjectConsistencyYn": "Y"
			},
			{
				"sentenceNo": 2,
				"sentenceContent": "한채아는 4일 자신의 인스타그램을 통해 꽃꽂이를 하고 있는 사진과 함께 장문의 글을 게재했다.",
				"subjectConsistencyYn": "Y"
			},
			{
				"sentenceNo": 3,
				"sentenceContent": "그는 \\\"제가 직접 전해드리고 싶은 소식이 있어서 이렇게 서툰 글솜씨로나마 진심을 담아 적어봅니다\\\"며 \\\"얼마 전 저는 사랑하는 사람과 평생을 함께 하기로 약속했습니다\\\"고 말문을 열었다.",
				"subjectConsistencyYn": "Y"
			},
			{
				"sentenceNo": 4,
				"sentenceContent": "이어 \\\"그리고 그렇게 행복한 날들을 보내던 제게 새 생명이라는 또 다른 선물이 찾아왔습니다\\\"며 \\\"저는 현재 6주차에 접어든 예비엄마가 되었습니다\\\"는 사실을 고백했다.",
				"subjectConsistencyYn": "Y"
			},
			{
				"sentenceNo": 5,
				"sentenceContent": "한채아는 \\\"결혼 준비 중 갑작스레 찾아온 새 생명이라서 더욱 소중한 축복으로 느껴집니다\\\"며 \\\"부디 따뜻한 시선으로 축복해주시면 감사하겠습니다. 여러분의 축복에 보답할 수 있는 좋은 배우, 좋은 사람이 되도록 노력하겠습니다\\\"고 인사를 전했다.",
				"subjectConsistencyYn": "Y"
			},
			{
				"sentenceNo": 6,
				"sentenceContent": "한채아는 전 축구감독 차범근의 아들 차세찌와 다음달 6일 결혼식을 올린다.",
				"subjectConsistencyYn": "Y"
			},
			{
				"sentenceNo": 7,
				"sentenceContent": "한채아입니다.",
				"subjectConsistencyYn": "Y"
			},
			{
				"sentenceNo": 8,
				"sentenceContent": "이렇게 편지로 인사드리게 되어 조금은 쑥스러운 기분도 드는데요.",
				"subjectConsistencyYn": "Y"
			},
			{
				"sentenceNo": 9,
				"sentenceContent": "제가 직접 전해드리고 싶은 소식이 있어서 이렇게 서툰 글솜씨로나마 진심을 담아 적어봅니다.",
				"subjectConsistencyYn": "Y"
			},
			{
				"sentenceNo": 10,
				"sentenceContent": "얼마 전 저는 사랑하는 사람과 평생을 함께 하기로 약속했습니다.",
				"subjectConsistencyYn": "Y"
			},
			{
				"sentenceNo": 11,
				"sentenceContent": "결혼이 인생의 중대사인 만큼, 오랜 기간 많은 대화를 나누며 신중히 결정하게 되었는데요.",
				"subjectConsistencyYn": "Y"
			},
			{
				"sentenceNo": 12,
				"sentenceContent": "정말 감사하게도 많은 분들이 축하를 보내주신 덕분에 하루하루가 선물처럼 행복하게 느껴졌답니다.",
				"subjectConsistencyYn": "Y"
			},
			{
				"sentenceNo": 13,
				"sentenceContent": "그리고 그렇게 행복한 날들을 보내던 제게 새 생명이라는 또 다른 선물이 찾아왔습니다.",
				"subjectConsistencyYn": "Y"
			},
			{
				"sentenceNo": 14,
				"sentenceContent": "저는 현재 6주차에 접어든 예비엄마가 되었습니다.",
				"subjectConsistencyYn": "Y"
			},
			{
				"sentenceNo": 15,
				"sentenceContent": "결혼 준비 중 갑작스레 찾아온 새 생명이라서 더욱 소중한 축복으로 느껴집니다.",
				"subjectConsistencyYn": "Y"
			},
			{
				"sentenceNo": 16,
				"sentenceContent": "아직 안정이 필요한 시기라 모든 것이 조심스럽지만, 기쁜 일이니만큼 저를 응원해주시는 분들께 먼저 소식을 전하고 싶어 이렇게 글을 남기게 되었습니다.",
				"subjectConsistencyYn": "Y"
			},
			{
				"sentenceNo": 17,
				"sentenceContent": "부디 따뜻한 시선으로 축복해주시면 감사하겠습니다.",
				"subjectConsistencyYn": "Y"
			},
			{
				"sentenceNo": 18,
				"sentenceContent": "2008년 SBS 10기 공채 개그맨으로 데뷔한 강재준은 다방면에서 입담과 예능감, 센스를 보여주고 있다.",
				"subjectConsistencyYn": "N"
			},
			{
				"sentenceNo": 19,
				"sentenceContent": "최근에는 tvN ‘코미디빅리그’, NQQ·디스커버리 채널 코리아의 ‘고생 끝에 밥이 온다’ 등 다양한 예능 프로그램과 디지털 콘텐츠에서 활약 중이다.",
				"subjectConsistencyYn": "N"
			}
		],
		"clickbaitClass": 0
	}
}