{
	"sourceDataInfo": {
		"newsID": "ET_M03_494302",
		"newsCategory": "연예",
		"newsSubcategory": "영화",
		"newsTitle": "영화 '82년생 김지영' 공유 캐스팅…정유미와 부부 역할",
		"newsSubTitle": "",
		"newsContent": "배우 공유가 영화 '82년생 김지영'에 캐스팅됐다.\n17일 '봄바람 영화사'는 공유가 영화 '82년생 김지영' 출연을 확정하고 주인공 '김지영'의 남편 정대현을 연기한다고 밝혔다.\n앞서 주인공인 김지영 역에는 배우 정유미가 캐스팅됐다.\n연출은 김도영 감독이 맡는다.\n정대현은 어느 날 갑자기 자신의 엄마나 언니 등 다른 사람으로 빙의한 아내 김지영을 보며 그녀의 삶을 이해하고 함께 고민을 나누는 인물이다.\n이 영화는 2016년 조남주 작가가 발간한 동명 소설을 원작으로 한다.\n원작은 100만 부에 육박하는 판매고를 올렸으며 한국 사회에 여성주의 열풍을 불러왔다.\n여성이 일상에서 겪는 억압과 차별을 묘사하면서 여성 독자의 공감과 지지를 얻어낸 소설은 동시에 역풍을 맞기도했다.\n페미니즘을 부정적으로 보는 시각과 맞물려 일부 네티즌들이 비판하면서다.\n지난 9월 이 소설이 영화화된다는 사실이 알려지자 청와대 국민청원 게시판에는 영화화되는 것을 막아달라는 내용의 글이 올라오기도 했다.\n소설과 영화에 대해 극명하게 갈리는 반응은 김지영 역에 캐스팅된 정유미의 SNS를 통해서도 드러났다.\n그가 주인공에 캐스팅됐다는 소식이 전해진 뒤 그의 인스타그램엔 \\\"실망스럽다\\\", \\\"정유미도 혹시 페미니스트?\\\", \\\"논란이 되는 작품을 왜…\\\", \\\"아쉬운 행보다\\\"라는 비판 댓글뿐 아니라, '페미X', '꼴페미' 등 원색적이고 공격적인 댓글도 수없이 올라왔다.\n응원을 보내는 이들도 있다.\n\\\"좋은 연기 부탁드린다\\\", \\\"반가운 소식\\\", \\\"응원합니다\\\", \\\"무조건 보러 갈 것\\\", \\\"논란에도 용기 내줘 고맙다\\\" 등의 의견을 냈다.\n한편 이 영화는 내년 상반기 개봉 예정이다.",
		"partNum": "P2",
		"useType": 0,
		"processType": "A",
		"processPattern": "99",
		"processLevel": "하",
		"sentenceCount": 15,
		"processSentencenum": 2,
		"sentenceInfo": [
			{
				"sentenceNo": 1,
				"sentenceContent": "배우 공유가 영화 '82년생 김지영'에 캐스팅됐다.",
				"sentenceSize": 28
			},
			{
				"sentenceNo": 2,
				"sentenceContent": "17일 '봄바람 영화사'는 공유가 영화 '82년생 김지영' 출연을 확정하고 주인공 '김지영'의 남편 정대현을 연기한다고 밝혔다.",
				"sentenceSize": 71
			},
			{
				"sentenceNo": 3,
				"sentenceContent": "앞서 주인공인 김지영 역에는 배우 정유미가 캐스팅됐다.",
				"sentenceSize": 30
			},
			{
				"sentenceNo": 4,
				"sentenceContent": "연출은 김도영 감독이 맡는다.",
				"sentenceSize": 16
			},
			{
				"sentenceNo": 5,
				"sentenceContent": "정대현은 어느 날 갑자기 자신의 엄마나 언니 등 다른 사람으로 빙의한 아내 김지영을 보며 그녀의 삶을 이해하고 함께 고민을 나누는 인물이다.",
				"sentenceSize": 78
			},
			{
				"sentenceNo": 6,
				"sentenceContent": "이 영화는 2016년 조남주 작가가 발간한 동명 소설을 원작으로 한다.",
				"sentenceSize": 39
			},
			{
				"sentenceNo": 7,
				"sentenceContent": "원작은 100만 부에 육박하는 판매고를 올렸으며 한국 사회에 여성주의 열풍을 불러왔다.",
				"sentenceSize": 48
			},
			{
				"sentenceNo": 8,
				"sentenceContent": "여성이 일상에서 겪는 억압과 차별을 묘사하면서 여성 독자의 공감과 지지를 얻어낸 소설은 동시에 역풍을 맞기도했다.",
				"sentenceSize": 63
			},
			{
				"sentenceNo": 9,
				"sentenceContent": "페미니즘을 부정적으로 보는 시각과 맞물려 일부 네티즌들이 비판하면서다.",
				"sentenceSize": 39
			},
			{
				"sentenceNo": 10,
				"sentenceContent": "지난 9월 이 소설이 영화화된다는 사실이 알려지자 청와대 국민청원 게시판에는 영화화되는 것을 막아달라는 내용의 글이 올라오기도 했다.",
				"sentenceSize": 74
			},
			{
				"sentenceNo": 11,
				"sentenceContent": "소설과 영화에 대해 극명하게 갈리는 반응은 김지영 역에 캐스팅된 정유미의 SNS를 통해서도 드러났다.",
				"sentenceSize": 56
			},
			{
				"sentenceNo": 12,
				"sentenceContent": "그가 주인공에 캐스팅됐다는 소식이 전해진 뒤 그의 인스타그램엔 \\\"실망스럽다\\\", \\\"정유미도 혹시 페미니스트?\\\", \\\"논란이 되는 작품을 왜…\\\", \\\"아쉬운 행보다\\\"라는 비판 댓글뿐 아니라, '페미X', '꼴페미' 등 원색적이고 공격적인 댓글도 수없이 올라왔다.",
				"sentenceSize": 150
			},
			{
				"sentenceNo": 13,
				"sentenceContent": "응원을 보내는 이들도 있다.",
				"sentenceSize": 15
			},
			{
				"sentenceNo": 14,
				"sentenceContent": "\\\"좋은 연기 부탁드린다\\\", \\\"반가운 소식\\\", \\\"응원합니다\\\", \\\"무조건 보러 갈 것\\\", \\\"논란에도 용기 내줘 고맙다\\\" 등의 의견을 냈다.",
				"sentenceSize": 85
			},
			{
				"sentenceNo": 15,
				"sentenceContent": "한편 이 영화는 내년 상반기 개봉 예정이다.",
				"sentenceSize": 24
			}
		]
	},
	"labeledDataInfo": {
		"processSentenceInfo": [
			{
				"sentenceNo": 1,
				"sentenceContent": "배우 공유가 영화 '82년생 김지영'에 캐스팅됐다.",
				"subjectConsistencyYn": "Y"
			},
			{
				"sentenceNo": 2,
				"sentenceContent": "17일 '봄바람 영화사'는 공유가 영화 '82년생 김지영' 출연을 확정하고 주인공 '김지영'의 남편 정대현을 연기한다고 밝혔다.",
				"subjectConsistencyYn": "Y"
			},
			{
				"sentenceNo": 3,
				"sentenceContent": "앞서 주인공인 김지영 역에는 배우 정유미가 캐스팅됐다.",
				"subjectConsistencyYn": "Y"
			},
			{
				"sentenceNo": 4,
				"sentenceContent": "연출은 김도영 감독이 맡는다.",
				"subjectConsistencyYn": "Y"
			},
			{
				"sentenceNo": 5,
				"sentenceContent": "정대현은 어느 날 갑자기 자신의 엄마나 언니 등 다른 사람으로 빙의한 아내 김지영을 보며 그녀의 삶을 이해하고 함께 고민을 나누는 인물이다.",
				"subjectConsistencyYn": "Y"
			},
			{
				"sentenceNo": 6,
				"sentenceContent": "이 영화는 2016년 조남주 작가가 발간한 동명 소설을 원작으로 한다.",
				"subjectConsistencyYn": "Y"
			},
			{
				"sentenceNo": 7,
				"sentenceContent": "원작은 100만 부에 육박하는 판매고를 올렸으며 한국 사회에 여성주의 열풍을 불러왔다.",
				"subjectConsistencyYn": "Y"
			},
			{
				"sentenceNo": 8,
				"sentenceContent": "여성이 일상에서 겪는 억압과 차별을 묘사하면서 여성 독자의 공감과 지지를 얻어낸 소설은 동시에 역풍을 맞기도했다.",
				"subjectConsistencyYn": "Y"
			},
			{
				"sentenceNo": 9,
				"sentenceContent": "페미니즘을 부정적으로 보는 시각과 맞물려 일부 네티즌들이 비판하면서다.",
				"subjectConsistencyYn": "Y"
			},
			{
				"sentenceNo": 10,
				"sentenceContent": "지난 9월 이 소설이 영화화된다는 사실이 알려지자 청와대 국민청원 게시판에는 영화화되는 것을 막아달라는 내용의 글이 올라오기도 했다.",
				"subjectConsistencyYn": "Y"
			},
			{
				"sentenceNo": 11,
				"sentenceContent": "소설과 영화에 대해 극명하게 갈리는 반응은 김지영 역에 캐스팅된 정유미의 SNS를 통해서도 드러났다.",
				"subjectConsistencyYn": "Y"
			},
			{
				"sentenceNo": 12,
				"sentenceContent": "그가 주인공에 캐스팅됐다는 소식이 전해진 뒤 그의 인스타그램엔 \\\"실망스럽다\\\", \\\"정유미도 혹시 페미니스트?\\\", \\\"논란이 되는 작품을 왜…\\\", \\\"아쉬운 행보다\\\"라는 비판 댓글뿐 아니라, '페미X', '꼴페미' 등 원색적이고 공격적인 댓글도 수없이 올라왔다.",
				"subjectConsistencyYn": "Y"
			},
			{
				"sentenceNo": 13,
				"sentenceContent": "응원을 보내는 이들도 있다.",
				"subjectConsistencyYn": "Y"
			},
			{
				"sentenceNo": 14,
				"sentenceContent": "사극에서도 남다른 존재감과 파급력을 가진 김영철이 그리는 태조 이성계의 모습은 오는 12월 11일 토요일 밤 9시 40분에 첫 방송 되는 ‘태종 이방원’에서 안방극장에 배달된다.",
				"subjectConsistencyYn": "N"
			}
		],
		"clickbaitClass": 0
	}
}