{
	"sourceDataInfo": {
		"newsID": "ET_M03_494436",
		"newsCategory": "연예",
		"newsSubcategory": "연예가화제",
		"newsTitle": "안희정 '추가 피해자' 출연? JTBC 보도국 \\\"아니다\\\" 일축",
		"newsSubTitle": "",
		"newsContent": "안희정 전 충남지사의 성폭행 추가 피해 주장 여성이 6일 JTBC '뉴스룸'에 출연한다는 소문이 도는 가운데 JTBC 측이 \\\"아니다\\\"라는 입장을 밝혔다.\n6일 오후 JTBC 보도국 관계자는 중앙일보에 해당 뉴스는 가짜 뉴스라고 밝혀왔다.\n앞서 세간에는 안 전 지사로부터 성폭행 피해를 당했다고 주장하는 또다른 여성이 JTBC에 출연한다는 설이 돌았다.\n한편 안 전 지사의 정무비서로 활동했던 김지은 씨는 전날 '뉴스룸'에서 성폭행 피해 사실을 폭로해 큰 파장을 일으켰다.\n김씨는 지난해 6월부터 8개월 동안 안 전지사에게 네 차례 성폭행을 당했다고 주장했다.\n그는 \\\"다른 피해자가 있는 것을 안다. 국민들이 저를 지켜주신다면 그분들도 나올 것으로 생각한다\\\"며 추가 폭로 가능성을 언급했다.\n안 전지사는 방송 이후 사죄와 함께 도지사직을 내려놓은 상황이다.",
		"partNum": "P2",
		"useType": 0,
		"processType": "A",
		"processPattern": "99",
		"processLevel": "하",
		"sentenceCount": 7,
		"processSentencenum": 2,
		"sentenceInfo": [
			{
				"sentenceNo": 1,
				"sentenceContent": "안희정 전 충남지사의 성폭행 추가 피해 주장 여성이 6일 JTBC '뉴스룸'에 출연한다는 소문이 도는 가운데 JTBC 측이 \\\"아니다\\\"라는 입장을 밝혔다.",
				"sentenceSize": 87
			},
			{
				"sentenceNo": 2,
				"sentenceContent": "6일 오후 JTBC 보도국 관계자는 중앙일보에 해당 뉴스는 가짜 뉴스라고 밝혀왔다.",
				"sentenceSize": 46
			},
			{
				"sentenceNo": 3,
				"sentenceContent": "앞서 세간에는 안 전 지사로부터 성폭행 피해를 당했다고 주장하는 또다른 여성이 JTBC에 출연한다는 설이 돌았다.",
				"sentenceSize": 63
			},
			{
				"sentenceNo": 4,
				"sentenceContent": "한편 안 전 지사의 정무비서로 활동했던 김지은 씨는 전날 '뉴스룸'에서 성폭행 피해 사실을 폭로해 큰 파장을 일으켰다.",
				"sentenceSize": 66
			},
			{
				"sentenceNo": 5,
				"sentenceContent": "김씨는 지난해 6월부터 8개월 동안 안 전지사에게 네 차례 성폭행을 당했다고 주장했다.",
				"sentenceSize": 48
			},
			{
				"sentenceNo": 6,
				"sentenceContent": "그는 \\\"다른 피해자가 있는 것을 안다. 국민들이 저를 지켜주신다면 그분들도 나올 것으로 생각한다\\\"며 추가 폭로 가능성을 언급했다.",
				"sentenceSize": 74
			},
			{
				"sentenceNo": 7,
				"sentenceContent": "안 전지사는 방송 이후 사죄와 함께 도지사직을 내려놓은 상황이다.",
				"sentenceSize": 36
			}
		]
	},
	"labeledDataInfo": {
		"processSentenceInfo": [
			{
				"sentenceNo": 1,
				"sentenceContent": "안희정 전 충남지사의 성폭행 추가 피해 주장 여성이 6일 JTBC '뉴스룸'에 출연한다는 소문이 도는 가운데 JTBC 측이 \\\"아니다\\\"라는 입장을 밝혔다.",
				"subjectConsistencyYn": "Y"
			},
			{
				"sentenceNo": 2,
				"sentenceContent": "6일 오후 JTBC 보도국 관계자는 중앙일보에 해당 뉴스는 가짜 뉴스라고 밝혀왔다.",
				"subjectConsistencyYn": "Y"
			},
			{
				"sentenceNo": 3,
				"sentenceContent": "앞서 세간에는 안 전 지사로부터 성폭행 피해를 당했다고 주장하는 또다른 여성이 JTBC에 출연한다는 설이 돌았다.",
				"subjectConsistencyYn": "Y"
			},
			{
				"sentenceNo": 4,
				"sentenceContent": "한편 안 전 지사의 정무비서로 활동했던 김지은 씨는 전날 '뉴스룸'에서 성폭행 피해 사실을 폭로해 큰 파장을 일으켰다.",
				"subjectConsistencyYn": "Y"
			},
			{
				"sentenceNo": 5,
				"sentenceContent": "김씨는 지난해 6월부터 8개월 동안 안 전지사에게 네 차례 성폭행을 당했다고 주장했다.",
				"subjectConsistencyYn": "Y"
			},
			{
				"sentenceNo": 6,
				"sentenceContent": "우리 몸에서 가장 큰 근육이 바로 엉덩이 근육. 때문에 운동을 해서 엉덩이 근육의 양을 늘리는 것이 매우 중요하다.",
				"subjectConsistencyYn": "N"
			},
			{
				"sentenceNo": 7,
				"sentenceContent": "운동을 하지 않아 엉덩이 근력이 생기기 않으면 관절질환이 유발되고 고관절 손상으로 사망에 이를 수도 있다.",
				"subjectConsistencyYn": "N"
			},
			{
				"sentenceNo": 8,
				"sentenceContent": "한국인 평균수명 온라인 중앙일보 한국인 평균수명",
				"subjectConsistencyYn": "N"
			}
		],
		"clickbaitClass": 0
	}
}