{
	"sourceDataInfo": {
		"newsID": "ET_M03_494387",
		"newsCategory": "연예",
		"newsSubcategory": "연예가화제",
		"newsTitle": "\\\"20%만 받는다\\\"는 워너원, 지난해 1인당 번 금액은?",
		"newsSubTitle": "",
		"newsContent": "컴백하며 '정산 금액' 논란이 불거진 프로젝트 그룹 워너원이 지난해 활동으로 멤버 1명당 약 3억원을 정산받은 것으로 알려졌다.\n이데일리는 27일 복수의 연예 관계자를 인용해 워너원 멤버들이 지난해 활동에 따라 약 3억원가량을 정산받았다고 보도했다.\n이 보도에 따르면 익명을 요구한 한 관계자는 “기획사별로 멤버들과 정한 분배율에 따라 약간의 차이는 있겠지만 5:5 조건이라면 정산 금액은 3억원 정도 될 것”이라며 “지난해 Mnet ‘프로듀스101 시즌2’에서 멤버들이 확정된 6월부터 12월까지 활동에 따른 정산금”이라고 설명했다.\n멤버 개별활동에 따른 수익은 별도 정산된 것으로 알려졌다.\n앞서 워너원은 최근 두 번째 미니앨범 ‘0+1=1(I PROMISE YOU)’을 발매하고 컴백하는 과정에서 '정산 금액' 논란에 휩싸였다.\n컴백방송으로 출연한 엠넷닷컴 ‘스타라이브’ 본방송을 앞두고 대기실에서 나눈 대화가 문제가 됐다.\n당시 멤버들은 카메라와 마이크가 켜져 있는 것을 모른 채 “우리는 왜 정산을 받지 못하는가”, “우리는 왜 20%만 받는가”라고 말했다.\n일각에서는 워너원이 제대로 정산을 받지 못하는 것 아니냐는 문제를 제기했다.\n워너원 멤버들은 총 매출액에서 의상, 메이크업, 헤어스타일 등의 스태프 비용, 이동, 식대, 공연장 대관, 앨범 및 뮤직비디오 촬영에 드는 각종 비용을 제외한 순이익의 일정 비율을 분배받는다.\nMnet ‘프로듀스101 시즌2’를 통해 워너원을 선발하고 앨범 등을 제작하는 CJ E&M이 25%, 매니지먼트를 맡은 YMC엔터테인먼트가 25%씩을 받고 나머지 50%를 소속사와 멤버들이 나눠 갖는 형태로 계약을 맺었다.\n소속사와 5:5 계약을 했다면 멤버가 가져가는 비율은 25%, 6:4 계약을 했다면 20%다.\n이 금액을 11명이 나눠 갖는다.\n이 같은 계약 형태를 토대로 계산하면워너원 11명이 이 기간 올린 총 순이익은 130억원에 이를 것으로 보인다.\n워너원은 지난해 8월 데뷔 미니앨범 ‘1X1=1(TO BE ONE)’과 11월 발매한 프리퀄 리패키지 앨범 ‘1-1=0(NOTHING WITHOUT YOU)’로 총 140만장을 판매했다.\n두 앨범의 타이틀곡을 포함한 수록곡들도 음원차트에서 좋은 반응을 얻었다. ‘프로듀스101 시즌2’를 통해 멤버들이 확정되면서부터 광고 활동도 활발하게 해왔다.",
		"partNum": "P2",
		"useType": 0,
		"processType": "A",
		"processPattern": "99",
		"processLevel": "하",
		"sentenceCount": 15,
		"processSentencenum": 4,
		"sentenceInfo": [
			{
				"sentenceNo": 1,
				"sentenceContent": "컴백하며 '정산 금액' 논란이 불거진 프로젝트 그룹 워너원이 지난해 활동으로 멤버 1명당 약 3억원을 정산받은 것으로 알려졌다.",
				"sentenceSize": 71
			},
			{
				"sentenceNo": 2,
				"sentenceContent": "이데일리는 27일 복수의 연예 관계자를 인용해 워너원 멤버들이 지난해 활동에 따라 약 3억원가량을 정산받았다고 보도했다.",
				"sentenceSize": 67
			},
			{
				"sentenceNo": 3,
				"sentenceContent": "이 보도에 따르면 익명을 요구한 한 관계자는 “기획사별로 멤버들과 정한 분배율에 따라 약간의 차이는 있겠지만 5:5 조건이라면 정산 금액은 3억원 정도 될 것”이라며 “지난해 Mnet ‘프로듀스101 시즌2’에서 멤버들이 확정된 6월부터 12월까지 활동에 따른 정산금”이라고 설명했다.",
				"sentenceSize": 159
			},
			{
				"sentenceNo": 4,
				"sentenceContent": "멤버 개별활동에 따른 수익은 별도 정산된 것으로 알려졌다.",
				"sentenceSize": 32
			},
			{
				"sentenceNo": 5,
				"sentenceContent": "앞서 워너원은 최근 두 번째 미니앨범 ‘0+1=1(I PROMISE YOU)’을 발매하고 컴백하는 과정에서 '정산 금액' 논란에 휩싸였다.",
				"sentenceSize": 77
			},
			{
				"sentenceNo": 6,
				"sentenceContent": "컴백방송으로 출연한 엠넷닷컴 ‘스타라이브’ 본방송을 앞두고 대기실에서 나눈 대화가 문제가 됐다.",
				"sentenceSize": 53
			},
			{
				"sentenceNo": 7,
				"sentenceContent": "당시 멤버들은 카메라와 마이크가 켜져 있는 것을 모른 채 “우리는 왜 정산을 받지 못하는가”, “우리는 왜 20%만 받는가”라고 말했다.",
				"sentenceSize": 76
			},
			{
				"sentenceNo": 8,
				"sentenceContent": "일각에서는 워너원이 제대로 정산을 받지 못하는 것 아니냐는 문제를 제기했다.",
				"sentenceSize": 42
			},
			{
				"sentenceNo": 9,
				"sentenceContent": "워너원 멤버들은 총 매출액에서 의상, 메이크업, 헤어스타일 등의 스태프 비용, 이동, 식대, 공연장 대관, 앨범 및 뮤직비디오 촬영에 드는 각종 비용을 제외한 순이익의 일정 비율을 분배받는다.",
				"sentenceSize": 107
			},
			{
				"sentenceNo": 10,
				"sentenceContent": "Mnet ‘프로듀스101 시즌2’를 통해 워너원을 선발하고 앨범 등을 제작하는 CJ E&M이 25%, 매니지먼트를 맡은 YMC엔터테인먼트가 25%씩을 받고 나머지 50%를 소속사와 멤버들이 나눠 갖는 형태로 계약을 맺었다.",
				"sentenceSize": 124
			},
			{
				"sentenceNo": 11,
				"sentenceContent": "소속사와 5:5 계약을 했다면 멤버가 가져가는 비율은 25%, 6:4 계약을 했다면 20%다.",
				"sentenceSize": 52
			},
			{
				"sentenceNo": 12,
				"sentenceContent": "이 금액을 11명이 나눠 갖는다.",
				"sentenceSize": 18
			},
			{
				"sentenceNo": 13,
				"sentenceContent": "이 같은 계약 형태를 토대로 계산하면워너원 11명이 이 기간 올린 총 순이익은 130억원에 이를 것으로 보인다.",
				"sentenceSize": 62
			},
			{
				"sentenceNo": 14,
				"sentenceContent": "워너원은 지난해 8월 데뷔 미니앨범 ‘1X1=1(TO BE ONE)’과 11월 발매한 프리퀄 리패키지 앨범 ‘1-1=0(NOTHING WITHOUT YOU)’로 총 140만장을 판매했다.",
				"sentenceSize": 104
			},
			{
				"sentenceNo": 15,
				"sentenceContent": "두 앨범의 타이틀곡을 포함한 수록곡들도 음원차트에서 좋은 반응을 얻었다. ‘프로듀스101 시즌2’를 통해 멤버들이 확정되면서부터 광고 활동도 활발하게 해왔다.",
				"sentenceSize": 88
			}
		]
	},
	"labeledDataInfo": {
		"processSentenceInfo": [
			{
				"sentenceNo": 1,
				"sentenceContent": "컴백하며 '정산 금액' 논란이 불거진 프로젝트 그룹 워너원이 지난해 활동으로 멤버 1명당 약 3억원을 정산받은 것으로 알려졌다.",
				"subjectConsistencyYn": "Y"
			},
			{
				"sentenceNo": 2,
				"sentenceContent": "이데일리는 27일 복수의 연예 관계자를 인용해 워너원 멤버들이 지난해 활동에 따라 약 3억원가량을 정산받았다고 보도했다.",
				"subjectConsistencyYn": "Y"
			},
			{
				"sentenceNo": 3,
				"sentenceContent": "이 보도에 따르면 익명을 요구한 한 관계자는 “기획사별로 멤버들과 정한 분배율에 따라 약간의 차이는 있겠지만 5:5 조건이라면 정산 금액은 3억원 정도 될 것”이라며 “지난해 Mnet ‘프로듀스101 시즌2’에서 멤버들이 확정된 6월부터 12월까지 활동에 따른 정산금”이라고 설명했다.",
				"subjectConsistencyYn": "Y"
			},
			{
				"sentenceNo": 4,
				"sentenceContent": "멤버 개별활동에 따른 수익은 별도 정산된 것으로 알려졌다.",
				"subjectConsistencyYn": "Y"
			},
			{
				"sentenceNo": 5,
				"sentenceContent": "앞서 워너원은 최근 두 번째 미니앨범 ‘0+1=1(I PROMISE YOU)’을 발매하고 컴백하는 과정에서 '정산 금액' 논란에 휩싸였다.",
				"subjectConsistencyYn": "Y"
			},
			{
				"sentenceNo": 6,
				"sentenceContent": "컴백방송으로 출연한 엠넷닷컴 ‘스타라이브’ 본방송을 앞두고 대기실에서 나눈 대화가 문제가 됐다.",
				"subjectConsistencyYn": "Y"
			},
			{
				"sentenceNo": 7,
				"sentenceContent": "당시 멤버들은 카메라와 마이크가 켜져 있는 것을 모른 채 “우리는 왜 정산을 받지 못하는가”, “우리는 왜 20%만 받는가”라고 말했다.",
				"subjectConsistencyYn": "Y"
			},
			{
				"sentenceNo": 8,
				"sentenceContent": "일각에서는 워너원이 제대로 정산을 받지 못하는 것 아니냐는 문제를 제기했다.",
				"subjectConsistencyYn": "Y"
			},
			{
				"sentenceNo": 9,
				"sentenceContent": "워너원 멤버들은 총 매출액에서 의상, 메이크업, 헤어스타일 등의 스태프 비용, 이동, 식대, 공연장 대관, 앨범 및 뮤직비디오 촬영에 드는 각종 비용을 제외한 순이익의 일정 비율을 분배받는다.",
				"subjectConsistencyYn": "Y"
			},
			{
				"sentenceNo": 10,
				"sentenceContent": "Mnet ‘프로듀스101 시즌2’를 통해 워너원을 선발하고 앨범 등을 제작하는 CJ E&M이 25%, 매니지먼트를 맡은 YMC엔터테인먼트가 25%씩을 받고 나머지 50%를 소속사와 멤버들이 나눠 갖는 형태로 계약을 맺었다.",
				"subjectConsistencyYn": "Y"
			},
			{
				"sentenceNo": 11,
				"sentenceContent": "소속사와 5:5 계약을 했다면 멤버가 가져가는 비율은 25%, 6:4 계약을 했다면 20%다.",
				"subjectConsistencyYn": "Y"
			},
			{
				"sentenceNo": 12,
				"sentenceContent": "그러나 훈재의 이중생활은 영선에 의해 무너졌다.",
				"subjectConsistencyYn": "N"
			},
			{
				"sentenceNo": 13,
				"sentenceContent": "진애와 훈재의 관계를 알고 경악하는 영선의 모습이 파란을 예고했다.",
				"subjectConsistencyYn": "N"
			},
			{
				"sentenceNo": 14,
				"sentenceContent": "한편 ‘부탁해요, 엄마’는 앙숙 모녀를 통해 짠한 모녀간 애증의 이야기를 그린 드라마다.",
				"subjectConsistencyYn": "N"
			},
			{
				"sentenceNo": 15,
				"sentenceContent": "부탁해요 엄마 유진 이상우 온라인 중앙일보",
				"subjectConsistencyYn": "N"
			}
		],
		"clickbaitClass": 0
	}
}