{
    "sourceDataInfo": {
        "newsID": "ET_M13_629577",
        "newsCategory": "연예",
        "newsSubcategory": "음악",
        "newsTitle": "엔하이픈 새 앨범, 선주문 63만장 돌파",
        "newsSubTitle": "",
        "newsContent": "오는 10일 컴백하는 그룹 ENHYPEN(엔하이픈)의 새 앨범 ‘DIMENSION : ANSWER’ 선주문량이 63만 장을 돌파했다.\nENHYPEN(정원, 희승, 제이, 제이크, 성훈, 선우, 니키)의 앨범 유통사인 스톤뮤직엔터테인먼트, 지니뮤직에 따르면 이들의 정규 1집 리패키지 앨범 ‘DIMENSION : ANSWER’의 선주문량은 지난 7일 기준 63만 장을 넘어섰다.\n이는 예약판매가 시작된 지난달 10일부터 약 28일간의 국내외 선주문량을 집계한 수치다.\n작년 10월 정규 1집 ‘DIMENSION : DILEMMA’로 약 92만 장의 선주문량을 기록했던 ENHYPEN은 이번 정규 1집 리패키지 앨범으로도 기록적인 선주문량을 보이며 차원이 다른 컴백을 예고하고 있다.\nENHYPEN의 새 앨범 ‘DIMENSION : ANSWER’는 또 다른 세계에 입성해 다양한 욕망과 연결돼 이전과 달라진 소년들이 ‘어떻게 살아야 하지? 나는 대체 누구지?’라는 고민을 시작하고, 세상이 틀렸음을 깨달은 뒤 세상이 제시하는 정답이 아닌 ‘우리만의 정답과 방식’을 찾아 나선 이야기를 담고 있다.\n타이틀곡은 ‘Blessed-Cursed’로, 지금까지 자신들에게 주어졌던(Given) 조건들, 그리고 자신들을 길들이려고 했던(Tamed) 세상의 질서가 축복(Blessed)이 아닌 저주(Cursed)였음을 알게 된 소년들이, 이 모든 것이 축복이든 저주든 더 이상 이 굴레에 스스로를 가두지 않고 자신들의 삶은 알아서 하겠다고, 참견하지 말라고 외치는 내용의 곡이다.\n한편, ENHYPEN은 오는 9일 타이틀곡 ‘Blessed-Cursed’ 뮤직비디오의 두 번째 티저 영상을 공개할 예정이다.",
        "partNum": "P2",
        "useType": 0,
        "processType": "D",
        "processPattern": "24",
        "processLevel": "상",
        "sentenceCount": 7,
        "processSentencenum": 2,
        "sentenceInfo": [
            {
                "sentenceNo": 1,
                "sentenceContent": "오는 10일 컴백하는 그룹 ENHYPEN(엔하이픈)의 새 앨범 ‘DIMENSION : ANSWER’ 선주문량이 63만 장을 돌파했다.",
                "sentenceSize": 74
            },
            {
                "sentenceNo": 2,
                "sentenceContent": "ENHYPEN(정원, 희승, 제이, 제이크, 성훈, 선우, 니키)의 앨범 유통사인 스톤뮤직엔터테인먼트, 지니뮤직에 따르면 이들의 정규 1집 리패키지 앨범 ‘DIMENSION : ANSWER’의 선주문량은 지난 7일 기준 63만 장을 넘어섰다.",
                "sentenceSize": 135
            },
            {
                "sentenceNo": 3,
                "sentenceContent": "이는 예약판매가 시작된 지난달 10일부터 약 28일간의 국내외 선주문량을 집계한 수치다.",
                "sentenceSize": 49
            },
            {
                "sentenceNo": 4,
                "sentenceContent": "작년 10월 정규 1집 ‘DIMENSION : DILEMMA’로 약 92만 장의 선주문량을 기록했던 ENHYPEN은 이번 정규 1집 리패키지 앨범으로도 기록적인 선주문량을 보이며 차원이 다른 컴백을 예고하고 있다.",
                "sentenceSize": 119
            },
            {
                "sentenceNo": 5,
                "sentenceContent": "ENHYPEN의 새 앨범 ‘DIMENSION : ANSWER’는 또 다른 세계에 입성해 다양한 욕망과 연결돼 이전과 달라진 소년들이 ‘어떻게 살아야 하지? 나는 대체 누구지?’라는 고민을 시작하고, 세상이 틀렸음을 깨달은 뒤 세상이 제시하는 정답이 아닌 ‘우리만의 정답과 방식’을 찾아 나선 이야기를 담고 있다.",
                "sentenceSize": 174
            },
            {
                "sentenceNo": 6,
                "sentenceContent": "타이틀곡은 ‘Blessed-Cursed’로, 지금까지 자신들에게 주어졌던(Given) 조건들, 그리고 자신들을 길들이려고 했던(Tamed) 세상의 질서가 축복(Blessed)이 아닌 저주(Cursed)였음을 알게 된 소년들이, 이 모든 것이 축복이든 저주든 더 이상 이 굴레에 스스로를 가두지 않고 자신들의 삶은 알아서 하겠다고, 참견하지 말라고 외치는 내용의 곡이다.",
                "sentenceSize": 206
            },
            {
                "sentenceNo": 7,
                "sentenceContent": "한편, ENHYPEN은 오는 9일 타이틀곡 ‘Blessed-Cursed’ 뮤직비디오의 두 번째 티저 영상을 공개할 예정이다.",
                "sentenceSize": 69
            }
        ]
    },
    "labeledDataInfo": {
        "processSentenceInfo": [
            {
                "sentenceNo": 1,
                "sentenceContent": "오는 10일 컴백하는 그룹 ENHYPEN(엔하이픈)의 새 앨범 ‘DIMENSION : ANSWER’ 선주문량이 63만 장을 돌파했다.",
                "subjectConsistencyYn": "Y"
            },
            {
                "sentenceNo": 2,
                "sentenceContent": "ENHYPEN(정원, 희승, 제이, 제이크, 성훈, 선우, 니키)의 앨범 유통사인 스톤뮤직엔터테인먼트, 지니뮤직에 따르면 이들의 정규 1집 리패키지 앨범 ‘DIMENSION : ANSWER’의 선주문량은 지난 7일 기준 63만 장을 넘어섰다.",
                "subjectConsistencyYn": "Y"
            },
            {
                "sentenceNo": 3,
                "sentenceContent": "이는 예약판매가 시작된 지난달 10일부터 약 28일간의 국내외 선주문량을 집계한 수치다.",
                "subjectConsistencyYn": "Y"
            },
            {
                "sentenceNo": 4,
                "sentenceContent": "작년 10월 정규 1집 ‘DIMENSION : DILEMMA’로 약 92만 장의 선주문량을 기록했던 ENHYPEN은 이번 정규 1집 리패키지 앨범으로도 기록적인 선주문량을 보이며 차원이 다른 컴백을 예고하고 있다.",
                "subjectConsistencyYn": "Y"
            },
            {
                "sentenceNo": 5,
                "sentenceContent": "ENHYPEN의 새 앨범 ‘DIMENSION : ANSWER’는 또 다른 세계에 입성해 다양한 욕망과 연결돼 이전과 달라진 소년들이 ‘어떻게 살아야 하지? 나는 대체 누구지?’라는 고민을 시작하고, 세상이 틀렸음을 깨달은 뒤 세상이 제시하는 정답이 아닌 ‘우리만의 정답과 방식’을 찾아 나선 이야기를 담고 있다.",
                "subjectConsistencyYn": "Y"
            },
            {
                "sentenceNo": 6,
                "sentenceContent": "타이틀곡은 ‘Blessed-Cursed’로, 지금까지 자신들에게 주어졌던(Given) 조건들, 그리고 자신들을 길들이려고 했던(Tamed) 세상의 질서가 축복(Blessed)이 아닌 저주(Cursed)였음을 알게 된 소년들이, 이 모든 것이 축복이든 저주든 더 이상 이 굴레에 스스로를 가두지 않고 자신들의 삶은 알아서 하겠다고, 참견하지 말라고 외치는 내용의 곡이다.",
                "subjectConsistencyYn": "Y"
            },
            {
                "sentenceNo": 7,
                "sentenceContent": "한편, ENHYPEN은 오는 9일 타이틀곡 ‘Blessed-Cursed’ 뮤직비디오의 두 번째 티저 영상을 공개할 예정이다.",
                "subjectConsistencyYn": "Y"
            },
            {
                "sentenceNo": 8,
                "sentenceContent": "오는 10일 컴백하는 그룹 엔하이픈의 새 앨범 ‘DIMENSION : ANSWER’ 선주문량이 63만 장을 돌파한 가운데, ‘DIMENSION : ANSWER’ 초판 물량 중 일부에 결함이 발견되었다. ",
                "subjectConsistencyYn": "N"
            },
            {
                "sentenceNo": 9,
                "sentenceContent": "이에 대해 엔하이픈의 소속사 빌리프랩 측에서는 \"‘DIMENSION : ANSWER’의 초판 물량 중 일부에 인쇄 오류가 있었다\", \"팬들에게 약속했던 발매 일자에 맞출 수 있도록 최선을 다할 것\"이라고 밝혔다. ",
                "subjectConsistencyYn": "N"
            }
        ],
        "clickbaitClass": 0
    }
}