{
    "sourceDataInfo": {
        "newsID": "ET_M13_629495",
        "newsCategory": "연예",
        "newsSubcategory": "방송",
        "newsTitle": "‘호적메이트’ 육준희×육준서, 상탈 바다 입수 ‘못 말리는 형제’",
        "newsSubTitle": "",
        "newsContent": "육준서-육준희 강철 형제가 특별한 하루를 공개한다. 2022년 1월 4일 첫 방송되는 MBC ‘호적메이트(기획 최윤정/ 연출 이경원,이준범)’에는 ‘K-군대 형제’로 화제를 몰고 온 형 육준서와 동생 육준희가 출연한다.\n두 사람은 남다른 피지컬과 비주얼로 시청자들의 눈 호강을 책임질 예정이다.\n이날 육준서-육준희 형제는 아름다운 겨울 바다를 만끽한다.\n육준서가 동생 육준희를 만나기 위해 포항을 찾는 것. 육준서-육준희 형제는 매서운 바람이 부는 날씨에도 불구, 망설임 없이 겨울 바다에 입수한다.\n과감하게 상의를 탈의한 형제는 굴욕 없는 탄탄 몸매를 자랑한다.\n특히 형제의 완벽한 식스팩에 ‘호적메이트’ 출연자들의 반응은 매우 달랐다.\n육형제를 바라보는 남성 출연자들은 부러움 가득한 모습을 보이는 한편 여성 출연자들은 환호와 함께 웃음꽃이 활짝 핀 모습을 보여준 것. 강철 형제의 화보 뺨치는 겨울 바다 입수 현장에 기대가 쏠린다.\n그런가 하면 육준서는 이날 ‘호적메이트’에서 최초로 동생 부부를 공개한다.\nUDT(해군 특수전전단) 출신의 형 육준서, SSU(해난구조전대) 출신 동생 육준희와 함께 현재 해병대 소속 군인으로 근무하는 제수씨를 소개하는 것. ‘군인 패밀리’의 특별한 ‘군인 DNA’가 ‘호적메이트’ 스튜디오를 발칵 뒤집었다.\n이와 함께 육준서-육준희 형제는 ‘군인 패밀리’답게 서열 정리에 나선다.\n이 과정에서 육준서가 “내가 군번은 먼저다. 이건 민감한 문제”라며 발끈하는 모습으로 웃음을 선사한다.\n어디에서도 볼 수 없는 군인 출신 육준서-육준희 형제의 특별한 하루는 1월 4일 밤 9시 첫 방송되는 MBC ‘호적메이트’에서 만나볼 수 있다.",
        "partNum": "P2",
        "useType": 0,
        "processType": "D",
        "processPattern": "24",
        "processLevel": "상",
        "sentenceCount": 12,
        "processSentencenum": 2,
        "sentenceInfo": [
            {
                "sentenceNo": 1,
                "sentenceContent": "육준서-육준희 강철 형제가 특별한 하루를 공개한다. 2022년 1월 4일 첫 방송되는 MBC ‘호적메이트(기획 최윤정/ 연출 이경원,이준범)’에는 ‘K-군대 형제’로 화제를 몰고 온 형 육준서와 동생 육준희가 출연한다.",
                "sentenceSize": 122
            },
            {
                "sentenceNo": 2,
                "sentenceContent": "두 사람은 남다른 피지컬과 비주얼로 시청자들의 눈 호강을 책임질 예정이다.",
                "sentenceSize": 41
            },
            {
                "sentenceNo": 3,
                "sentenceContent": "이날 육준서-육준희 형제는 아름다운 겨울 바다를 만끽한다.",
                "sentenceSize": 32
            },
            {
                "sentenceNo": 4,
                "sentenceContent": "육준서가 동생 육준희를 만나기 위해 포항을 찾는 것. 육준서-육준희 형제는 매서운 바람이 부는 날씨에도 불구, 망설임 없이 겨울 바다에 입수한다.",
                "sentenceSize": 81
            },
            {
                "sentenceNo": 5,
                "sentenceContent": "과감하게 상의를 탈의한 형제는 굴욕 없는 탄탄 몸매를 자랑한다.",
                "sentenceSize": 35
            },
            {
                "sentenceNo": 6,
                "sentenceContent": "특히 형제의 완벽한 식스팩에 ‘호적메이트’ 출연자들의 반응은 매우 달랐다.",
                "sentenceSize": 41
            },
            {
                "sentenceNo": 7,
                "sentenceContent": "육형제를 바라보는 남성 출연자들은 부러움 가득한 모습을 보이는 한편 여성 출연자들은 환호와 함께 웃음꽃이 활짝 핀 모습을 보여준 것. 강철 형제의 화보 뺨치는 겨울 바다 입수 현장에 기대가 쏠린다.",
                "sentenceSize": 110
            },
            {
                "sentenceNo": 8,
                "sentenceContent": "그런가 하면 육준서는 이날 ‘호적메이트’에서 최초로 동생 부부를 공개한다.",
                "sentenceSize": 41
            },
            {
                "sentenceNo": 9,
                "sentenceContent": "UDT(해군 특수전전단) 출신의 형 육준서, SSU(해난구조전대) 출신 동생 육준희와 함께 현재 해병대 소속 군인으로 근무하는 제수씨를 소개하는 것. ‘군인 패밀리’의 특별한 ‘군인 DNA’가 ‘호적메이트’ 스튜디오를 발칵 뒤집었다.",
                "sentenceSize": 130
            },
            {
                "sentenceNo": 10,
                "sentenceContent": "이와 함께 육준서-육준희 형제는 ‘군인 패밀리’답게 서열 정리에 나선다.",
                "sentenceSize": 40
            },
            {
                "sentenceNo": 11,
                "sentenceContent": "이 과정에서 육준서가 “내가 군번은 먼저다. 이건 민감한 문제”라며 발끈하는 모습으로 웃음을 선사한다.",
                "sentenceSize": 57
            },
            {
                "sentenceNo": 12,
                "sentenceContent": "어디에서도 볼 수 없는 군인 출신 육준서-육준희 형제의 특별한 하루는 1월 4일 밤 9시 첫 방송되는 MBC ‘호적메이트’에서 만나볼 수 있다.",
                "sentenceSize": 80
            }
        ]
    },
    "labeledDataInfo": {
        "processSentenceInfo": [
            {
                "sentenceNo": 1,
                "sentenceContent": "육준서-육준희 강철 형제가 특별한 하루를 공개한다. 2022년 1월 4일 첫 방송되는 MBC ‘호적메이트(기획 최윤정/ 연출 이경원,이준범)’에는 ‘K-군대 형제’로 화제를 몰고 온 형 육준서와 동생 육준희가 출연한다.",
                "subjectConsistencyYn": "Y"
            },
            {
                "sentenceNo": 2,
                "sentenceContent": "두 사람은 남다른 피지컬과 비주얼로 시청자들의 눈 호강을 책임질 예정이다.",
                "subjectConsistencyYn": "Y"
            },
            {
                "sentenceNo": 3,
                "sentenceContent": "이날 육준서-육준희 형제는 아름다운 겨울 바다를 만끽한다.",
                "subjectConsistencyYn": "Y"
            },
            {
                "sentenceNo": 4,
                "sentenceContent": "육준서가 동생 육준희를 만나기 위해 포항을 찾는 것. 육준서-육준희 형제는 매서운 바람이 부는 날씨에도 불구, 망설임 없이 겨울 바다에 입수한다.",
                "subjectConsistencyYn": "Y"
            },
            {
                "sentenceNo": 5,
                "sentenceContent": "과감하게 상의를 탈의한 형제는 굴욕 없는 탄탄 몸매를 자랑한다.",
                "subjectConsistencyYn": "Y"
            },
            {
                "sentenceNo": 6,
                "sentenceContent": "특히 형제의 완벽한 식스팩에 ‘호적메이트’ 출연자들의 반응은 매우 달랐다.",
                "subjectConsistencyYn": "Y"
            },
            {
                "sentenceNo": 7,
                "sentenceContent": "육형제를 바라보는 남성 출연자들은 부러움 가득한 모습을 보이는 한편 여성 출연자들은 환호와 함께 웃음꽃이 활짝 핀 모습을 보여준 것. 강철 형제의 화보 뺨치는 겨울 바다 입수 현장에 기대가 쏠린다.",
                "subjectConsistencyYn": "Y"
            },
            {
                "sentenceNo": 8,
                "sentenceContent": "그런가 하면 육준서는 이날 ‘호적메이트’에서 최초로 동생 부부를 공개한다.",
                "subjectConsistencyYn": "Y"
            },
            {
                "sentenceNo": 9,
                "sentenceContent": "UDT(해군 특수전전단) 출신의 형 육준서, SSU(해난구조전대) 출신 동생 육준희와 함께 현재 해병대 소속 군인으로 근무하는 제수씨를 소개하는 것. ‘군인 패밀리’의 특별한 ‘군인 DNA’가 ‘호적메이트’ 스튜디오를 발칵 뒤집었다.",
                "subjectConsistencyYn": "Y"
            },
            {
                "sentenceNo": 10,
                "sentenceContent": "이와 함께 육준서-육준희 형제는 ‘군인 패밀리’답게 서열 정리에 나선다.",
                "subjectConsistencyYn": "Y"
            },
            {
                "sentenceNo": 11,
                "sentenceContent": "이 과정에서 육준서가 “내가 군번은 먼저다. 이건 민감한 문제”라며 발끈하는 모습으로 웃음을 선사한다.",
                "subjectConsistencyYn": "Y"
            },
            {
                "sentenceNo": 12,
                "sentenceContent": "어디에서도 볼 수 없는 군인 출신 육준서-육준희 형제의 특별한 하루는 1월 4일 밤 9시 첫 방송되는 MBC ‘호적메이트’에서 만나볼 수 있다.",
                "subjectConsistencyYn": "Y"
            },
            {
                "sentenceNo": 13,
                "sentenceContent": "‘호적메이트'의 육준서-육준희 강철 형제가 특별한 하루를 공개한 가운데, 육준서가 SNS와 공적인 활동을 하지 않겠다고 밝혀 눈길을 끌었다.",
                "subjectConsistencyYn": "N"
            },
            {
                "sentenceNo": 14,
                "sentenceContent": "육준서는 최근 자신의 SNS에 \"한동안 SNS 계정을 닫고 공적인 활동을 모두 중단하려고 한다\"고 밝혔다.",
                "subjectConsistencyYn": "N"
            }
        ],
        "clickbaitClass": 0
    }
}