{
    "sourceDataInfo": {
        "newsID": "ET_M13_629437",
        "newsCategory": "연예",
        "newsSubcategory": "음악",
        "newsTitle": "동키즈, 오늘 시즌송 ‘2021(Memories)’ 발매",
        "newsSubTitle": "",
        "newsContent": "그룹 동키즈(DONGKIZ)가 팬들을 위한 겨울 시즌 송을 공개한다.\n동키즈(원대, 경윤, 문익, 재찬, 종형)는 30일 정오 각종 음원사이트를 통해 겨울 시즌송 ‘2021(Memories)’를 발매하며 추운 겨울 팬들을 위한 뜻깊은 연말 선물을 건넨다. ‘2021(Memories)’는 동키즈표 겨울 시즌 송으로 멤버 경윤과 재찬, 종형이 전반적 앨범 프로듀싱을 맡아 주목받은 가운데 동키즈만의 포근한 감성 멜로디와 청량 보이스의 조화는 대중들에게도 신선함을 선사하며 눈과 귀를 사로잡을 예정이다.\n앞서 순차적으로 공개된 콘셉트 포토와 MV티저는 동키즈의 풋풋한 매력을 한껏 선보이며 겨울 시즌송에 대한 팬들의 기대감을 고조시켰다.\n동키즈는 지난겨울 ‘It’s All Right Part’ 음원 발매를 통해 팬들을 향한 감사함을 표현한 것에 이어 2021 연말 프로젝트 앨범 ‘It’s All Right Part.2’로 다시 한 번 팬들에게 감사와 진심을 표현해 특별함이 주목된다.\n동키즈는 지난 싱글 ‘못된 송아지 엉덩이에 뿔(CRAZY NIGHT)’로 독보적인 색깔을 보여 대중들에게 눈도장 찍은 바 다채로운 활동을 통해 팔색조 매력을 선보일 것에 대한 귀추가 주목된다.\n한편, 동키즈는 30일 정오 각종 음원사이트를 통해 겨울 시즌송 ‘2021(Memories)’를 공개하며 다양한 콘텐츠로 소통을 이을 예정이다.",
        "partNum": "P2",
        "useType": 0,
        "processType": "D",
        "processPattern": "24",
        "processLevel": "상",
        "sentenceCount": 6,
        "processSentencenum": 2,
        "sentenceInfo": [
            {
                "sentenceNo": 1,
                "sentenceContent": "그룹 동키즈(DONGKIZ)가 팬들을 위한 겨울 시즌 송을 공개한다.",
                "sentenceSize": 38
            },
            {
                "sentenceNo": 2,
                "sentenceContent": "동키즈(원대, 경윤, 문익, 재찬, 종형)는 30일 정오 각종 음원사이트를 통해 겨울 시즌송 ‘2021(Memories)’를 발매하며 추운 겨울 팬들을 위한 뜻깊은 연말 선물을 건넨다. ‘2021(Memories)’는 동키즈표 겨울 시즌 송으로 멤버 경윤과 재찬, 종형이 전반적 앨범 프로듀싱을 맡아 주목받은 가운데 동키즈만의 포근한 감성 멜로디와 청량 보이스의 조화는 대중들에게도 신선함을 선사하며 눈과 귀를 사로잡을 예정이다.",
                "sentenceSize": 240
            },
            {
                "sentenceNo": 3,
                "sentenceContent": "앞서 순차적으로 공개된 콘셉트 포토와 MV티저는 동키즈의 풋풋한 매력을 한껏 선보이며 겨울 시즌송에 대한 팬들의 기대감을 고조시켰다.",
                "sentenceSize": 74
            },
            {
                "sentenceNo": 4,
                "sentenceContent": "동키즈는 지난겨울 ‘It’s All Right Part’ 음원 발매를 통해 팬들을 향한 감사함을 표현한 것에 이어 2021 연말 프로젝트 앨범 ‘It’s All Right Part.2’로 다시 한 번 팬들에게 감사와 진심을 표현해 특별함이 주목된다.",
                "sentenceSize": 139
            },
            {
                "sentenceNo": 5,
                "sentenceContent": "동키즈는 지난 싱글 ‘못된 송아지 엉덩이에 뿔(CRAZY NIGHT)’로 독보적인 색깔을 보여 대중들에게 눈도장 찍은 바 다채로운 활동을 통해 팔색조 매력을 선보일 것에 대한 귀추가 주목된다.",
                "sentenceSize": 107
            },
            {
                "sentenceNo": 6,
                "sentenceContent": "한편, 동키즈는 30일 정오 각종 음원사이트를 통해 겨울 시즌송 ‘2021(Memories)’를 공개하며 다양한 콘텐츠로 소통을 이을 예정이다.",
                "sentenceSize": 80
            }
        ]
    },
    "labeledDataInfo": {
        "processSentenceInfo": [
            {
                "sentenceNo": 1,
                "sentenceContent": "그룹 동키즈(DONGKIZ)가 팬들을 위한 겨울 시즌 송을 공개한다.",
                "subjectConsistencyYn": "Y"
            },
            {
                "sentenceNo": 2,
                "sentenceContent": "동키즈(원대, 경윤, 문익, 재찬, 종형)는 30일 정오 각종 음원사이트를 통해 겨울 시즌송 ‘2021(Memories)’를 발매하며 추운 겨울 팬들을 위한 뜻깊은 연말 선물을 건넨다. ‘2021(Memories)’는 동키즈표 겨울 시즌 송으로 멤버 경윤과 재찬, 종형이 전반적 앨범 프로듀싱을 맡아 주목받은 가운데 동키즈만의 포근한 감성 멜로디와 청량 보이스의 조화는 대중들에게도 신선함을 선사하며 눈과 귀를 사로잡을 예정이다.",
                "subjectConsistencyYn": "Y"
            },
            {
                "sentenceNo": 3,
                "sentenceContent": "앞서 순차적으로 공개된 콘셉트 포토와 MV티저는 동키즈의 풋풋한 매력을 한껏 선보이며 겨울 시즌송에 대한 팬들의 기대감을 고조시켰다.",
                "subjectConsistencyYn": "Y"
            },
            {
                "sentenceNo": 4,
                "sentenceContent": "동키즈는 지난겨울 ‘It’s All Right Part’ 음원 발매를 통해 팬들을 향한 감사함을 표현한 것에 이어 2021 연말 프로젝트 앨범 ‘It’s All Right Part.2’로 다시 한 번 팬들에게 감사와 진심을 표현해 특별함이 주목된다.",
                "subjectConsistencyYn": "Y"
            },
            {
                "sentenceNo": 5,
                "sentenceContent": "동키즈는 지난 싱글 ‘못된 송아지 엉덩이에 뿔(CRAZY NIGHT)’로 독보적인 색깔을 보여 대중들에게 눈도장 찍은 바 다채로운 활동을 통해 팔색조 매력을 선보일 것에 대한 귀추가 주목된다.",
                "subjectConsistencyYn": "Y"
            },
            {
                "sentenceNo": 6,
                "sentenceContent": "한편, 동키즈는 30일 정오 각종 음원사이트를 통해 겨울 시즌송 ‘2021(Memories)’를 공개하며 다양한 콘텐츠로 소통을 이을 예정이다.",
                "subjectConsistencyYn": "Y"
            },
            {
                "sentenceNo": 7,
                "sentenceContent": "그룹 동키즈(DONGKIZ)가 팬들을 위한 겨울 시즌 송을 공개하는 가운데, 동키즈 멤버 원대는 온라인 쇼케이스에서 \"동키즈라는 의미는 동쪽에서 놀 줄 아는 아이들이 모여서 세계로 뻗어나간다는 의미\"라고 설명했다.",
                "subjectConsistencyYn": "N"
            },
            {
                "sentenceNo": 8,
                "sentenceContent": "이어 \"드래곤볼즈, 뉴비즈라는 이름도 있었는데 동키즈가 기억에 남기도 하고 친근하기도 해서 이렇게 정하게 됐다\"고 덧붙이며 미소를 지었다.",
                "subjectConsistencyYn": "N"
            }
        ],
        "clickbaitClass": 0
    }
}