{
    "sourceDataInfo": {
        "newsID": "ET_M13_629267",
        "newsCategory": "연예",
        "newsSubcategory": "방송",
        "newsTitle": "‘옷소매’ 1막 적신, 이준호의 찬란한 눈물",
        "newsSubTitle": "",
        "newsContent": "이준호가 압도적인 눈물 연기로 놀라운 장악력을 선보였다.\n지난주 방송된 MBC 금토드라마 ‘옷소매 붉은 끝동’ 11, 12회에서는 영조(이덕화)의 매병이 깊어지면서 이산(이준호)이 폐위 위기에 처했으나 금등지사의 약속을 기억해 낸 영조의 선위를 받아 보위에 오르는 과정이 그려졌다.\n이산은 영조에게 선위를 받아내라는 홍덕로(강훈)에게 분노하며 영조에 대한 진심을 드러냈다.\n그는 착잡함과 씁쓸함, 슬픔이 엿보이는 표정으로 “늙고 병들고 제정신조차 아닌 왕이 내 할아버지네. 내가 진심으로 사랑하는 내 할아버지”라고 힘주어 말하며 영조를 향한 두려움, 원망 뒤에 숨겨진 진심을 표현했다.\n하지만 이산은 절체절명의 위기를 마주했다.\n매병이 깊어진 영조가 이산을 사도세자로 착각, 조정 대신들 앞에서 이산을 향해 칼을 뽑아든 것. 두려움에 떨던 이산은 감정에 북받쳐 “아비가 아니옵니다! 산이옵니다!”라며 자신을 알아보지 못하는 영조를 향해 울부짖었다.\n호소력 짙은 이준호의 눈물 연기는 영조에 대한 이산의 애틋한 감정을 그대로 담아내며 몰입도를 끌어올렸다.\n이후 금등지사의 기억을 떠올린 영조는 이산에게 모든 권한을 넘기며 왕위에서 내려왔고 점차 병환이 깊어졌다.\n이산은 영조의 곁을 지키며 할아버지와 손자로 마지막 순간을 함께했다.\n이산은 자신의 품에서 눈을 감은 영조에게 원망 섞인 울분을 토해냈지만 이내 그를 끌어안으며 “할바마마, 소손 무섭고 두려워 숨조차 쉬기 어렵습니다. 제발 다시 돌아오소서”라고 울부짖으며 오열해 보는 이들까지 눈물짓게 했다.\n영조가 승하한 이후 이산은 깊은 밤 홀로 편전에 향했다.\n영조에 대한 그리움과 앞날에 대한 두려움을 가졌던 이산은 결연한 표정으로 왕좌에 앉으며 “결코 숨지도, 도망치지도 않을 것입니다”라는 말로 굳은 의지를 드러냈다.\n상복 차림으로 홀로 어좌에 앉은 이준호는 고독한 눈빛으로 왕좌의 무게를 짐작하게 했다.\n이처럼 이준호는 왕세손 이산의 비애와 함께 그가 가진 인간적 면모를 동시에 그려내며 입체적인 서사에 힘을 더하고 있다.\n비극적인 과거사로 인한 상처, 사랑하는 사람을 향한 애틋한 마음, 할아버지에 대한 애증 섞인 마음까지, 이준호는 드라마틱한 서사와 복합적인 면모를 갖춘 이산이라는 인물을 때로는 절제하고 때로는 폭발시키는 연기로 표현하며 매회 감탄을 이끌어내고 있다.\n특히 극 말미에서는 정조에 등극한 이준호가 홍룡포를 입고 등장, 앞으로의 전개에 더욱 기대를 높였다.\n수년이 흐른 시간, 정무에 몰두하는 모습의 이산에게서는 늠름함과 왕의 위엄이 느껴졌다.\n덕임에 대한 마음 역시 그대로였던 산은 덕임에게 후궁이 되어달라 말한 데 이어 “난 너와 가족이 되고 싶어”라고 애틋한 진심을 아름답게 표현했다.\n왕세손에서 왕으로, 드라마틱한 서사의 1막을 완성한 이준호의 열연에 힘입어 앞으로 그려질 ‘옷소매 붉은 끝동’ 2막에 대한 관심 또한 뜨겁다.\n제왕의 자리에 오른 이산의 이야기와 탄탄한 연기력으로 입체감을 더할 이준호의 활약에 귀추가 주목된다.\n한편 이준호 주연의 MBC 금토드라마 ‘옷소매 붉은 끝동’은 매주 금, 토 오후 9시 50분 방송된다.",
        "partNum": "P2",
        "useType": 0,
        "processType": "D",
        "processPattern": "24",
        "processLevel": "상",
        "sentenceCount": 21,
        "processSentencenum": 2,
        "sentenceInfo": [
            {
                "sentenceNo": 1,
                "sentenceContent": "이준호가 압도적인 눈물 연기로 놀라운 장악력을 선보였다.",
                "sentenceSize": 31
            },
            {
                "sentenceNo": 2,
                "sentenceContent": "지난주 방송된 MBC 금토드라마 ‘옷소매 붉은 끝동’ 11, 12회에서는 영조(이덕화)의 매병이 깊어지면서 이산(이준호)이 폐위 위기에 처했으나 금등지사의 약속을 기억해 낸 영조의 선위를 받아 보위에 오르는 과정이 그려졌다.",
                "sentenceSize": 125
            },
            {
                "sentenceNo": 3,
                "sentenceContent": "이산은 영조에게 선위를 받아내라는 홍덕로(강훈)에게 분노하며 영조에 대한 진심을 드러냈다.",
                "sentenceSize": 50
            },
            {
                "sentenceNo": 4,
                "sentenceContent": "그는 착잡함과 씁쓸함, 슬픔이 엿보이는 표정으로 “늙고 병들고 제정신조차 아닌 왕이 내 할아버지네. 내가 진심으로 사랑하는 내 할아버지”라고 힘주어 말하며 영조를 향한 두려움, 원망 뒤에 숨겨진 진심을 표현했다.",
                "sentenceSize": 118
            },
            {
                "sentenceNo": 5,
                "sentenceContent": "하지만 이산은 절체절명의 위기를 마주했다.",
                "sentenceSize": 23
            },
            {
                "sentenceNo": 6,
                "sentenceContent": "매병이 깊어진 영조가 이산을 사도세자로 착각, 조정 대신들 앞에서 이산을 향해 칼을 뽑아든 것. 두려움에 떨던 이산은 감정에 북받쳐 “아비가 아니옵니다! 산이옵니다!”라며 자신을 알아보지 못하는 영조를 향해 울부짖었다.",
                "sentenceSize": 122
            },
            {
                "sentenceNo": 7,
                "sentenceContent": "호소력 짙은 이준호의 눈물 연기는 영조에 대한 이산의 애틋한 감정을 그대로 담아내며 몰입도를 끌어올렸다.",
                "sentenceSize": 58
            },
            {
                "sentenceNo": 8,
                "sentenceContent": "이후 금등지사의 기억을 떠올린 영조는 이산에게 모든 권한을 넘기며 왕위에서 내려왔고 점차 병환이 깊어졌다.",
                "sentenceSize": 59
            },
            {
                "sentenceNo": 9,
                "sentenceContent": "이산은 영조의 곁을 지키며 할아버지와 손자로 마지막 순간을 함께했다.",
                "sentenceSize": 38
            },
            {
                "sentenceNo": 10,
                "sentenceContent": "이산은 자신의 품에서 눈을 감은 영조에게 원망 섞인 울분을 토해냈지만 이내 그를 끌어안으며 “할바마마, 소손 무섭고 두려워 숨조차 쉬기 어렵습니다. 제발 다시 돌아오소서”라고 울부짖으며 오열해 보는 이들까지 눈물짓게 했다.",
                "sentenceSize": 124
            },
            {
                "sentenceNo": 11,
                "sentenceContent": "영조가 승하한 이후 이산은 깊은 밤 홀로 편전에 향했다.",
                "sentenceSize": 31
            },
            {
                "sentenceNo": 12,
                "sentenceContent": "영조에 대한 그리움과 앞날에 대한 두려움을 가졌던 이산은 결연한 표정으로 왕좌에 앉으며 “결코 숨지도, 도망치지도 않을 것입니다”라는 말로 굳은 의지를 드러냈다.",
                "sentenceSize": 90
            },
            {
                "sentenceNo": 13,
                "sentenceContent": "상복 차림으로 홀로 어좌에 앉은 이준호는 고독한 눈빛으로 왕좌의 무게를 짐작하게 했다.",
                "sentenceSize": 48
            },
            {
                "sentenceNo": 14,
                "sentenceContent": "이처럼 이준호는 왕세손 이산의 비애와 함께 그가 가진 인간적 면모를 동시에 그려내며 입체적인 서사에 힘을 더하고 있다.",
                "sentenceSize": 66
            },
            {
                "sentenceNo": 15,
                "sentenceContent": "비극적인 과거사로 인한 상처, 사랑하는 사람을 향한 애틋한 마음, 할아버지에 대한 애증 섞인 마음까지, 이준호는 드라마틱한 서사와 복합적인 면모를 갖춘 이산이라는 인물을 때로는 절제하고 때로는 폭발시키는 연기로 표현하며 매회 감탄을 이끌어내고 있다.",
                "sentenceSize": 139
            },
            {
                "sentenceNo": 16,
                "sentenceContent": "특히 극 말미에서는 정조에 등극한 이준호가 홍룡포를 입고 등장, 앞으로의 전개에 더욱 기대를 높였다.",
                "sentenceSize": 56
            },
            {
                "sentenceNo": 17,
                "sentenceContent": "수년이 흐른 시간, 정무에 몰두하는 모습의 이산에게서는 늠름함과 왕의 위엄이 느껴졌다.",
                "sentenceSize": 48
            },
            {
                "sentenceNo": 18,
                "sentenceContent": "덕임에 대한 마음 역시 그대로였던 산은 덕임에게 후궁이 되어달라 말한 데 이어 “난 너와 가족이 되고 싶어”라고 애틋한 진심을 아름답게 표현했다.",
                "sentenceSize": 81
            },
            {
                "sentenceNo": 19,
                "sentenceContent": "왕세손에서 왕으로, 드라마틱한 서사의 1막을 완성한 이준호의 열연에 힘입어 앞으로 그려질 ‘옷소매 붉은 끝동’ 2막에 대한 관심 또한 뜨겁다.",
                "sentenceSize": 79
            },
            {
                "sentenceNo": 20,
                "sentenceContent": "제왕의 자리에 오른 이산의 이야기와 탄탄한 연기력으로 입체감을 더할 이준호의 활약에 귀추가 주목된다.",
                "sentenceSize": 56
            },
            {
                "sentenceNo": 21,
                "sentenceContent": "한편 이준호 주연의 MBC 금토드라마 ‘옷소매 붉은 끝동’은 매주 금, 토 오후 9시 50분 방송된다.",
                "sentenceSize": 57
            }
        ]
    },
    "labeledDataInfo": {
        "processSentenceInfo": [
            {
                "sentenceNo": 1,
                "sentenceContent": "이준호가 압도적인 눈물 연기로 놀라운 장악력을 선보였다.",
                "subjectConsistencyYn": "Y"
            },
            {
                "sentenceNo": 2,
                "sentenceContent": "지난주 방송된 MBC 금토드라마 ‘옷소매 붉은 끝동’ 11, 12회에서는 영조(이덕화)의 매병이 깊어지면서 이산(이준호)이 폐위 위기에 처했으나 금등지사의 약속을 기억해 낸 영조의 선위를 받아 보위에 오르는 과정이 그려졌다.",
                "subjectConsistencyYn": "Y"
            },
            {
                "sentenceNo": 3,
                "sentenceContent": "이산은 영조에게 선위를 받아내라는 홍덕로(강훈)에게 분노하며 영조에 대한 진심을 드러냈다.",
                "subjectConsistencyYn": "Y"
            },
            {
                "sentenceNo": 4,
                "sentenceContent": "그는 착잡함과 씁쓸함, 슬픔이 엿보이는 표정으로 “늙고 병들고 제정신조차 아닌 왕이 내 할아버지네. 내가 진심으로 사랑하는 내 할아버지”라고 힘주어 말하며 영조를 향한 두려움, 원망 뒤에 숨겨진 진심을 표현했다.",
                "subjectConsistencyYn": "Y"
            },
            {
                "sentenceNo": 5,
                "sentenceContent": "하지만 이산은 절체절명의 위기를 마주했다.",
                "subjectConsistencyYn": "Y"
            },
            {
                "sentenceNo": 6,
                "sentenceContent": "매병이 깊어진 영조가 이산을 사도세자로 착각, 조정 대신들 앞에서 이산을 향해 칼을 뽑아든 것. 두려움에 떨던 이산은 감정에 북받쳐 “아비가 아니옵니다! 산이옵니다!”라며 자신을 알아보지 못하는 영조를 향해 울부짖었다.",
                "subjectConsistencyYn": "Y"
            },
            {
                "sentenceNo": 7,
                "sentenceContent": "호소력 짙은 이준호의 눈물 연기는 영조에 대한 이산의 애틋한 감정을 그대로 담아내며 몰입도를 끌어올렸다.",
                "subjectConsistencyYn": "Y"
            },
            {
                "sentenceNo": 8,
                "sentenceContent": "이후 금등지사의 기억을 떠올린 영조는 이산에게 모든 권한을 넘기며 왕위에서 내려왔고 점차 병환이 깊어졌다.",
                "subjectConsistencyYn": "Y"
            },
            {
                "sentenceNo": 9,
                "sentenceContent": "이산은 영조의 곁을 지키며 할아버지와 손자로 마지막 순간을 함께했다.",
                "subjectConsistencyYn": "Y"
            },
            {
                "sentenceNo": 10,
                "sentenceContent": "이산은 자신의 품에서 눈을 감은 영조에게 원망 섞인 울분을 토해냈지만 이내 그를 끌어안으며 “할바마마, 소손 무섭고 두려워 숨조차 쉬기 어렵습니다. 제발 다시 돌아오소서”라고 울부짖으며 오열해 보는 이들까지 눈물짓게 했다.",
                "subjectConsistencyYn": "Y"
            },
            {
                "sentenceNo": 11,
                "sentenceContent": "영조가 승하한 이후 이산은 깊은 밤 홀로 편전에 향했다.",
                "subjectConsistencyYn": "Y"
            },
            {
                "sentenceNo": 12,
                "sentenceContent": "영조에 대한 그리움과 앞날에 대한 두려움을 가졌던 이산은 결연한 표정으로 왕좌에 앉으며 “결코 숨지도, 도망치지도 않을 것입니다”라는 말로 굳은 의지를 드러냈다.",
                "subjectConsistencyYn": "Y"
            },
            {
                "sentenceNo": 13,
                "sentenceContent": "상복 차림으로 홀로 어좌에 앉은 이준호는 고독한 눈빛으로 왕좌의 무게를 짐작하게 했다.",
                "subjectConsistencyYn": "Y"
            },
            {
                "sentenceNo": 14,
                "sentenceContent": "이처럼 이준호는 왕세손 이산의 비애와 함께 그가 가진 인간적 면모를 동시에 그려내며 입체적인 서사에 힘을 더하고 있다.",
                "subjectConsistencyYn": "Y"
            },
            {
                "sentenceNo": 15,
                "sentenceContent": "비극적인 과거사로 인한 상처, 사랑하는 사람을 향한 애틋한 마음, 할아버지에 대한 애증 섞인 마음까지, 이준호는 드라마틱한 서사와 복합적인 면모를 갖춘 이산이라는 인물을 때로는 절제하고 때로는 폭발시키는 연기로 표현하며 매회 감탄을 이끌어내고 있다.",
                "subjectConsistencyYn": "Y"
            },
            {
                "sentenceNo": 16,
                "sentenceContent": "특히 극 말미에서는 정조에 등극한 이준호가 홍룡포를 입고 등장, 앞으로의 전개에 더욱 기대를 높였다.",
                "subjectConsistencyYn": "Y"
            },
            {
                "sentenceNo": 17,
                "sentenceContent": "수년이 흐른 시간, 정무에 몰두하는 모습의 이산에게서는 늠름함과 왕의 위엄이 느껴졌다.",
                "subjectConsistencyYn": "Y"
            },
            {
                "sentenceNo": 18,
                "sentenceContent": "덕임에 대한 마음 역시 그대로였던 산은 덕임에게 후궁이 되어달라 말한 데 이어 “난 너와 가족이 되고 싶어”라고 애틋한 진심을 아름답게 표현했다.",
                "subjectConsistencyYn": "Y"
            },
            {
                "sentenceNo": 19,
                "sentenceContent": "왕세손에서 왕으로, 드라마틱한 서사의 1막을 완성한 이준호의 열연에 힘입어 앞으로 그려질 ‘옷소매 붉은 끝동’ 2막에 대한 관심 또한 뜨겁다.",
                "subjectConsistencyYn": "Y"
            },
            {
                "sentenceNo": 20,
                "sentenceContent": "제왕의 자리에 오른 이산의 이야기와 탄탄한 연기력으로 입체감을 더할 이준호의 활약에 귀추가 주목된다.",
                "subjectConsistencyYn": "Y"
            },
            {
                "sentenceNo": 21,
                "sentenceContent": "한편 이준호 주연의 MBC 금토드라마 ‘옷소매 붉은 끝동’은 매주 금, 토 오후 9시 50분 방송된다.",
                "subjectConsistencyYn": "Y"
            },
            {
                "sentenceNo": 22,
                "sentenceContent": "MBC 금토드라마 '옷소매 붉은 끝동'에서 놀라운 눈물 연기로 시선을 끈 이준호는 '라디오 스타'에 재출연해 곤룡포를 입고 '우리 집'을 추겠다는 공약을 이행하기로 했다.",
                "subjectConsistencyYn": "N"
            },
            {
                "sentenceNo": 23,
                "sentenceContent": "이준호는 '라디오 스타' 744회에서 '옷소매 붉은 끝동' 시청률이 15%가 넘는다면 재출연 공약을 세운 바 있는데, 지난주 전국 시청률 17.4%라는 엄청난 기록을 세우며 조만간 오대환, 강훈과 함께 공약을 이행하겠다고 밝혔다.",
                "subjectConsistencyYn": "N"
            }
        ],
        "clickbaitClass": 0
    }
}