{
    "sourceDataInfo": {
        "newsID": "ET_M13_629266",
        "newsCategory": "연예",
        "newsSubcategory": "연예일반",
        "newsTitle": "‘학교 2021’ 김요한, 꾸안꾸 비주얼 아우라",
        "newsSubTitle": "",
        "newsContent": "그룹 위아이의 멤버로 연기자로도 활동 중인 김요한이 촬영 비하인드 사진을 통해 눈부신 외모를 선보였다.\n지난 18일 김요한의 소속사 위엔터테인먼트는 공식 사회관계망서비스(SNS)와 포스트를 통해 김요한이 출연 중인 KBS2 수목극 ‘학교 2021’의 촬영 현장 비하인드 사진을 공개했다.\n학교의 안팎을 오가며 촬영된 여러 사진에서 김요한은 눈을 뗄 수 없는 비주얼로 다채로운 매력을 드러냈다.\n흔한 듯하지만 결코 흔하지 않은, 꾸민 듯 안 꾸민 듯한 고등학생의 일상모습을 소화하며 눈길을 모았다.\n자연스러운 느낌의 후드는 김요한의 풋풋한 매력을 더욱 돋보이게 하며 훈훈함을 배가했고, 드라마의 분위기와 딱 맞는 교복차림 또한 김요한의 캐릭터를 더욱 부각시켰다.\n김요한은 ‘학교 2021’에서 한 순간의 부상으로 태권도란 꿈을 잃고 캄캄한 미래를 마주한 주인공 공기준 역으로 출연 중이다.\n막막한 현실 속 방황하는 청춘 그대로를 분한 김요한은 주변 인물과의 오묘한 관계성을 충실하게 그려내며 호연을 펼치고 있다. ‘학교 2021’은 입시경쟁이 아닌 다른 길을 선택한 아이들, 모호한 경계에 놓인 열여덟 청춘들의 꿈과 우정, 설렘의 성장기를 그렸다.\n매주 수, 목요일 오후 9시30분에 KBS2에서 방송된다.",
        "partNum": "P2",
        "useType": 0,
        "processType": "D",
        "processPattern": "24",
        "processLevel": "상",
        "sentenceCount": 8,
        "processSentencenum": 2,
        "sentenceInfo": [
            {
                "sentenceNo": 1,
                "sentenceContent": "그룹 위아이의 멤버로 연기자로도 활동 중인 김요한이 촬영 비하인드 사진을 통해 눈부신 외모를 선보였다.",
                "sentenceSize": 57
            },
            {
                "sentenceNo": 2,
                "sentenceContent": "지난 18일 김요한의 소속사 위엔터테인먼트는 공식 사회관계망서비스(SNS)와 포스트를 통해 김요한이 출연 중인 KBS2 수목극 ‘학교 2021’의 촬영 현장 비하인드 사진을 공개했다.",
                "sentenceSize": 102
            },
            {
                "sentenceNo": 3,
                "sentenceContent": "학교의 안팎을 오가며 촬영된 여러 사진에서 김요한은 눈을 뗄 수 없는 비주얼로 다채로운 매력을 드러냈다.",
                "sentenceSize": 58
            },
            {
                "sentenceNo": 4,
                "sentenceContent": "흔한 듯하지만 결코 흔하지 않은, 꾸민 듯 안 꾸민 듯한 고등학생의 일상모습을 소화하며 눈길을 모았다.",
                "sentenceSize": 57
            },
            {
                "sentenceNo": 5,
                "sentenceContent": "자연스러운 느낌의 후드는 김요한의 풋풋한 매력을 더욱 돋보이게 하며 훈훈함을 배가했고, 드라마의 분위기와 딱 맞는 교복차림 또한 김요한의 캐릭터를 더욱 부각시켰다.",
                "sentenceSize": 91
            },
            {
                "sentenceNo": 6,
                "sentenceContent": "김요한은 ‘학교 2021’에서 한 순간의 부상으로 태권도란 꿈을 잃고 캄캄한 미래를 마주한 주인공 공기준 역으로 출연 중이다.",
                "sentenceSize": 70
            },
            {
                "sentenceNo": 7,
                "sentenceContent": "막막한 현실 속 방황하는 청춘 그대로를 분한 김요한은 주변 인물과의 오묘한 관계성을 충실하게 그려내며 호연을 펼치고 있다. ‘학교 2021’은 입시경쟁이 아닌 다른 길을 선택한 아이들, 모호한 경계에 놓인 열여덟 청춘들의 꿈과 우정, 설렘의 성장기를 그렸다.",
                "sentenceSize": 144
            },
            {
                "sentenceNo": 8,
                "sentenceContent": "매주 수, 목요일 오후 9시30분에 KBS2에서 방송된다.",
                "sentenceSize": 32
            }
        ]
    },
    "labeledDataInfo": {
        "processSentenceInfo": [
            {
                "sentenceNo": 1,
                "sentenceContent": "그룹 위아이의 멤버로 연기자로도 활동 중인 김요한이 촬영 비하인드 사진을 통해 눈부신 외모를 선보였다.",
                "subjectConsistencyYn": "Y"
            },
            {
                "sentenceNo": 2,
                "sentenceContent": "지난 18일 김요한의 소속사 위엔터테인먼트는 공식 사회관계망서비스(SNS)와 포스트를 통해 김요한이 출연 중인 KBS2 수목극 ‘학교 2021’의 촬영 현장 비하인드 사진을 공개했다.",
                "subjectConsistencyYn": "Y"
            },
            {
                "sentenceNo": 3,
                "sentenceContent": "학교의 안팎을 오가며 촬영된 여러 사진에서 김요한은 눈을 뗄 수 없는 비주얼로 다채로운 매력을 드러냈다.",
                "subjectConsistencyYn": "Y"
            },
            {
                "sentenceNo": 4,
                "sentenceContent": "흔한 듯하지만 결코 흔하지 않은, 꾸민 듯 안 꾸민 듯한 고등학생의 일상모습을 소화하며 눈길을 모았다.",
                "subjectConsistencyYn": "Y"
            },
            {
                "sentenceNo": 5,
                "sentenceContent": "자연스러운 느낌의 후드는 김요한의 풋풋한 매력을 더욱 돋보이게 하며 훈훈함을 배가했고, 드라마의 분위기와 딱 맞는 교복차림 또한 김요한의 캐릭터를 더욱 부각시켰다.",
                "subjectConsistencyYn": "Y"
            },
            {
                "sentenceNo": 6,
                "sentenceContent": "김요한은 ‘학교 2021’에서 한 순간의 부상으로 태권도란 꿈을 잃고 캄캄한 미래를 마주한 주인공 공기준 역으로 출연 중이다.",
                "subjectConsistencyYn": "Y"
            },
            {
                "sentenceNo": 7,
                "sentenceContent": "막막한 현실 속 방황하는 청춘 그대로를 분한 김요한은 주변 인물과의 오묘한 관계성을 충실하게 그려내며 호연을 펼치고 있다. ‘학교 2021’은 입시경쟁이 아닌 다른 길을 선택한 아이들, 모호한 경계에 놓인 열여덟 청춘들의 꿈과 우정, 설렘의 성장기를 그렸다.",
                "subjectConsistencyYn": "Y"
            },
            {
                "sentenceNo": 8,
                "sentenceContent": "매주 수, 목요일 오후 9시30분에 KBS2에서 방송된다.",
                "subjectConsistencyYn": "Y"
            },
            {
                "sentenceNo": 9,
                "sentenceContent": "KBS2 수목극 ‘학교 2021’의 촬영 현장 비하인드 사진을 공개한 김요한은 태권도를 13년 동안 수련한 태권도 선수 출신이다. ",
                "subjectConsistencyYn": "N"
            },
            {
                "sentenceNo": 10,
                "sentenceContent": "그는 과거에 2번의 전국소년체전과 1번의 전국종별태권도 선수권대회에 나가 우승한 경력이 있다.",
                "subjectConsistencyYn": "N"
            }
        ],
        "clickbaitClass": 0
    }
}