{
    "sourceDataInfo": {
        "newsID": "ET_M13_629228",
        "newsCategory": "연예",
        "newsSubcategory": "방송",
        "newsTitle": "‘학교 2021’김요한X추영우, 해묵은 상처로 맞붙었다",
        "newsSubTitle": "",
        "newsContent": "드라마 속에서 김요한과 추영우가 과거 상처에 정면으로 맞선다. 16일 오후 9시 30분 방송되는 KBS2 수목드라마 ‘학교 2021’(극본 조아라, 동희선/ 연출 김민태, 홍은미/ 제작 래몽래인, 킹스랜드) 8회에서 공기준(김요한 분)과 정영주(추영우 분)는 친한 친구를 떠나보낸 바닷가 앞에서 대면한다.\n정영주는 친한 친구의 죽음에도 무심했던 공기준을 향한 원망에 사로잡혀 있었다.\n우연히 눌지과학기술고등학교에서 재회한 두 사람은 마주칠 때마다 날카로운 기류를 자아내며 보는 이들의 긴장감을 자아내기도 했다.\n공기준이 새로운 프로젝트 동아리에 입부를 희망하자, 정영주는 “근데 너 이것도 재미 없어지면 때려치울 거잖아”라며 가시 돋친 말로 다시 한번 날 선 대립을 펼친 상황이다.\n공개된 스틸에는 공기준과 정영주의 격렬한 대치 상황이 담겨 있다.\n모래사장에 앉아 있던 정영주는 난데없는 공기준의 등장에 매서운 눈빛을 쏘아붙이고, 공기준은 흔들림 없이 자신의 마음을 털어놓는다.\n폭풍전야의 분위기 속 팽팽한 신경전을 펼칠 두 청춘의 진짜 속내가 무엇일지 궁금해진다.\n공기준의 멱살을 잡고 있는 정영주 모습도 포착됐다.\n정영주의 차가운 반응에도 항상 먼저 다가갔던 공기준은 이전과는 다른 태도로 그를 대한다.\n물러섬 없는 단단한 눈빛의 공기준과 그의 뻔뻔스러운 태도에 경멸하는 표정을 짓는 정영주는 이들이 해묵은 상처를 씻어낼 수 있을지 본방송을 향한 호기심을 높이고 있다.\n제작진은 “방송에서 위태로운 분위기 속 수차례 부딪혔던 공기준과 정영주가 과거의 상처를 마주한다. 절친에서 원수가 되어버린 두 사람이 마음속에 있던 응어리를 쏟아내고 서로를 이해할 수 있을지 이들의 특별한 우정에 집중해 달라”라고 전했다. ‘학교 2021’ 8회는 16일 밤 9시 30분에 안방극장에 배달된다.",
        "partNum": "P2",
        "useType": 0,
        "processType": "D",
        "processPattern": "24",
        "processLevel": "상",
        "sentenceCount": 11,
        "processSentencenum": 2,
        "sentenceInfo": [
            {
                "sentenceNo": 1,
                "sentenceContent": "드라마 속에서 김요한과 추영우가 과거 상처에 정면으로 맞선다. 16일 오후 9시 30분 방송되는 KBS2 수목드라마 ‘학교 2021’(극본 조아라, 동희선/ 연출 김민태, 홍은미/ 제작 래몽래인, 킹스랜드) 8회에서 공기준(김요한 분)과 정영주(추영우 분)는 친한 친구를 떠나보낸 바닷가 앞에서 대면한다.",
                "sentenceSize": 170
            },
            {
                "sentenceNo": 2,
                "sentenceContent": "정영주는 친한 친구의 죽음에도 무심했던 공기준을 향한 원망에 사로잡혀 있었다.",
                "sentenceSize": 43
            },
            {
                "sentenceNo": 3,
                "sentenceContent": "우연히 눌지과학기술고등학교에서 재회한 두 사람은 마주칠 때마다 날카로운 기류를 자아내며 보는 이들의 긴장감을 자아내기도 했다.",
                "sentenceSize": 70
            },
            {
                "sentenceNo": 4,
                "sentenceContent": "공기준이 새로운 프로젝트 동아리에 입부를 희망하자, 정영주는 “근데 너 이것도 재미 없어지면 때려치울 거잖아”라며 가시 돋친 말로 다시 한번 날 선 대립을 펼친 상황이다.",
                "sentenceSize": 95
            },
            {
                "sentenceNo": 5,
                "sentenceContent": "공개된 스틸에는 공기준과 정영주의 격렬한 대치 상황이 담겨 있다.",
                "sentenceSize": 36
            },
            {
                "sentenceNo": 6,
                "sentenceContent": "모래사장에 앉아 있던 정영주는 난데없는 공기준의 등장에 매서운 눈빛을 쏘아붙이고, 공기준은 흔들림 없이 자신의 마음을 털어놓는다.",
                "sentenceSize": 72
            },
            {
                "sentenceNo": 7,
                "sentenceContent": "폭풍전야의 분위기 속 팽팽한 신경전을 펼칠 두 청춘의 진짜 속내가 무엇일지 궁금해진다.",
                "sentenceSize": 48
            },
            {
                "sentenceNo": 8,
                "sentenceContent": "공기준의 멱살을 잡고 있는 정영주 모습도 포착됐다.",
                "sentenceSize": 28
            },
            {
                "sentenceNo": 9,
                "sentenceContent": "정영주의 차가운 반응에도 항상 먼저 다가갔던 공기준은 이전과는 다른 태도로 그를 대한다.",
                "sentenceSize": 49
            },
            {
                "sentenceNo": 10,
                "sentenceContent": "물러섬 없는 단단한 눈빛의 공기준과 그의 뻔뻔스러운 태도에 경멸하는 표정을 짓는 정영주는 이들이 해묵은 상처를 씻어낼 수 있을지 본방송을 향한 호기심을 높이고 있다.",
                "sentenceSize": 92
            },
            {
                "sentenceNo": 11,
                "sentenceContent": "제작진은 “방송에서 위태로운 분위기 속 수차례 부딪혔던 공기준과 정영주가 과거의 상처를 마주한다. 절친에서 원수가 되어버린 두 사람이 마음속에 있던 응어리를 쏟아내고 서로를 이해할 수 있을지 이들의 특별한 우정에 집중해 달라”라고 전했다. ‘학교 2021’ 8회는 16일 밤 9시 30분에 안방극장에 배달된다.",
                "sentenceSize": 173
            }
        ]
    },
    "labeledDataInfo": {
        "processSentenceInfo": [
            {
                "sentenceNo": 1,
                "sentenceContent": "드라마 속에서 김요한과 추영우가 과거 상처에 정면으로 맞선다. 16일 오후 9시 30분 방송되는 KBS2 수목드라마 ‘학교 2021’(극본 조아라, 동희선/ 연출 김민태, 홍은미/ 제작 래몽래인, 킹스랜드) 8회에서 공기준(김요한 분)과 정영주(추영우 분)는 친한 친구를 떠나보낸 바닷가 앞에서 대면한다.",
                "subjectConsistencyYn": "Y"
            },
            {
                "sentenceNo": 2,
                "sentenceContent": "정영주는 친한 친구의 죽음에도 무심했던 공기준을 향한 원망에 사로잡혀 있었다.",
                "subjectConsistencyYn": "Y"
            },
            {
                "sentenceNo": 3,
                "sentenceContent": "우연히 눌지과학기술고등학교에서 재회한 두 사람은 마주칠 때마다 날카로운 기류를 자아내며 보는 이들의 긴장감을 자아내기도 했다.",
                "subjectConsistencyYn": "Y"
            },
            {
                "sentenceNo": 4,
                "sentenceContent": "공기준이 새로운 프로젝트 동아리에 입부를 희망하자, 정영주는 “근데 너 이것도 재미 없어지면 때려치울 거잖아”라며 가시 돋친 말로 다시 한번 날 선 대립을 펼친 상황이다.",
                "subjectConsistencyYn": "Y"
            },
            {
                "sentenceNo": 5,
                "sentenceContent": "공개된 스틸에는 공기준과 정영주의 격렬한 대치 상황이 담겨 있다.",
                "subjectConsistencyYn": "Y"
            },
            {
                "sentenceNo": 6,
                "sentenceContent": "모래사장에 앉아 있던 정영주는 난데없는 공기준의 등장에 매서운 눈빛을 쏘아붙이고, 공기준은 흔들림 없이 자신의 마음을 털어놓는다.",
                "subjectConsistencyYn": "Y"
            },
            {
                "sentenceNo": 7,
                "sentenceContent": "폭풍전야의 분위기 속 팽팽한 신경전을 펼칠 두 청춘의 진짜 속내가 무엇일지 궁금해진다.",
                "subjectConsistencyYn": "Y"
            },
            {
                "sentenceNo": 8,
                "sentenceContent": "공기준의 멱살을 잡고 있는 정영주 모습도 포착됐다.",
                "subjectConsistencyYn": "Y"
            },
            {
                "sentenceNo": 9,
                "sentenceContent": "정영주의 차가운 반응에도 항상 먼저 다가갔던 공기준은 이전과는 다른 태도로 그를 대한다.",
                "subjectConsistencyYn": "Y"
            },
            {
                "sentenceNo": 10,
                "sentenceContent": "물러섬 없는 단단한 눈빛의 공기준과 그의 뻔뻔스러운 태도에 경멸하는 표정을 짓는 정영주는 이들이 해묵은 상처를 씻어낼 수 있을지 본방송을 향한 호기심을 높이고 있다.",
                "subjectConsistencyYn": "Y"
            },
            {
                "sentenceNo": 11,
                "sentenceContent": "제작진은 “방송에서 위태로운 분위기 속 수차례 부딪혔던 공기준과 정영주가 과거의 상처를 마주한다. 절친에서 원수가 되어버린 두 사람이 마음속에 있던 응어리를 쏟아내고 서로를 이해할 수 있을지 이들의 특별한 우정에 집중해 달라”라고 전했다. ‘학교 2021’ 8회는 16일 밤 9시 30분에 안방극장에 배달된다.",
                "subjectConsistencyYn": "Y"
            },
            {
                "sentenceNo": 12,
                "sentenceContent": "한편 '학교 2021'이 8회를 맞아 공기준과 정영주의 갈등 고조에 드라마 전개에 대한 시청자들의 호기심도 높아가고 있는 가운데, 지난 8월 에스알픽처스가 '학교 2021' 제작사인 킹스랜드와 래몽래인, KBS를 상대로 드라마 제작 및 배포 금지 가처분 신청을 냈다고 알려졌다.",
                "subjectConsistencyYn": "N"
            },
            {
                "sentenceNo": 13,
                "sentenceContent": "에스알픽처스는 킹스랜드와 '학교 2021' 공동 제작 계약을 체결했지만, 킹스랜드가 배우 출연료를 제때 지급하지 않으면서 해당 계약을 해지해 '학교 2021'에 대한 권리를 잃었음에도 래몽래인과 공동으로 드라마 제작을 진행했다고 주장했다.",
                "subjectConsistencyYn": "N"
            }
        ],
        "clickbaitClass": 0
    }
}