{
    "sourceDataInfo": {
        "newsID": "ET_M13_629558",
        "newsCategory": "연예",
        "newsSubcategory": "방송",
        "newsTitle": "‘치킨대전’ 최서우, 박대현 우승 질투 편파 판정 의혹 제기",
        "newsSubTitle": "",
        "newsContent": "최서우 도전자가 심사위원 판정에 불만을 드러낸다.\n최근 진행된 K-치킨의 세계화를 위한 대국민 프로젝트 SBS F!L ‘대한민국 치킨대전’(이하 치킨대전) 촬영에서 MC 김준현은 최서우 도전자에게 지난 본선 6라운드를 우승한 박대현 도전자와 관련해 “운이라고 생각하냐, 실력이라고 생각하냐”라고 질문을 던졌다.\n최서우 도전자는 “간절함이라고 생각한다”라며 “간절함이 결국 실력으로 나타나더라”라고 대답했다.\n하지만 MC 김성주는 “(최서우 도전자가)제작진에게는 저렇게 이야기를 안했다고 하더라”라고 말해 폭소케 했다.\n이어 최서우 도전자에게 “박대현 도전자가 우승할 만 했냐”고 재차 물었고, 최서우 도전자는 “약간 편파 판정이 있지 않았나 생각을 한다. 상품성에서는 제 것이 좀 더 있지 않았나 싶다”고 웃으며 털어놔 스튜디오를 술렁이게 했다.\n이에 김준현은 “(박대현 도전자의)간절함이 심사위원들의 감정을 움직였다”고, 김성주는 “(최서우 도전자가)제발 요리로만 평가해 달라고 주문했다 한다”라고 이간질 중계로 너스레를 떨며 정리해 웃음을 자아냈다. ‘치킨대전’ 10회는 1월 7일(금) 밤 11시 SBS FiL과 MBN에서 동시 방송되며 1월 8일 오후 1시 SBS MTV에서 확인할 수 있다.\n이에 앞서 7일 밤 10시에는 김풍-승우아빠의 진행으로 ‘대한민국 치킨대전’을 분석하는 ‘대한민국 치킨대전 연구소’가 방송된다.",
        "partNum": "P2",
        "useType": 0,
        "processType": "D",
        "processPattern": "24",
        "processLevel": "상",
        "sentenceCount": 7,
        "processSentencenum": 2,
        "sentenceInfo": [
            {
                "sentenceNo": 1,
                "sentenceContent": "최서우 도전자가 심사위원 판정에 불만을 드러낸다.",
                "sentenceSize": 27
            },
            {
                "sentenceNo": 2,
                "sentenceContent": "최근 진행된 K-치킨의 세계화를 위한 대국민 프로젝트 SBS F!L ‘대한민국 치킨대전’(이하 치킨대전) 촬영에서 MC 김준현은 최서우 도전자에게 지난 본선 6라운드를 우승한 박대현 도전자와 관련해 “운이라고 생각하냐, 실력이라고 생각하냐”라고 질문을 던졌다.",
                "sentenceSize": 145
            },
            {
                "sentenceNo": 3,
                "sentenceContent": "최서우 도전자는 “간절함이라고 생각한다”라며 “간절함이 결국 실력으로 나타나더라”라고 대답했다.",
                "sentenceSize": 53
            },
            {
                "sentenceNo": 4,
                "sentenceContent": "하지만 MC 김성주는 “(최서우 도전자가)제작진에게는 저렇게 이야기를 안했다고 하더라”라고 말해 폭소케 했다.",
                "sentenceSize": 61
            },
            {
                "sentenceNo": 5,
                "sentenceContent": "이어 최서우 도전자에게 “박대현 도전자가 우승할 만 했냐”고 재차 물었고, 최서우 도전자는 “약간 편파 판정이 있지 않았나 생각을 한다. 상품성에서는 제 것이 좀 더 있지 않았나 싶다”고 웃으며 털어놔 스튜디오를 술렁이게 했다.",
                "sentenceSize": 127
            },
            {
                "sentenceNo": 6,
                "sentenceContent": "이에 김준현은 “(박대현 도전자의)간절함이 심사위원들의 감정을 움직였다”고, 김성주는 “(최서우 도전자가)제발 요리로만 평가해 달라고 주문했다 한다”라고 이간질 중계로 너스레를 떨며 정리해 웃음을 자아냈다. ‘치킨대전’ 10회는 1월 7일(금) 밤 11시 SBS FiL과 MBN에서 동시 방송되며 1월 8일 오후 1시 SBS MTV에서 확인할 수 있다.",
                "sentenceSize": 197
            },
            {
                "sentenceNo": 7,
                "sentenceContent": "이에 앞서 7일 밤 10시에는 김풍-승우아빠의 진행으로 ‘대한민국 치킨대전’을 분석하는 ‘대한민국 치킨대전 연구소’가 방송된다.",
                "sentenceSize": 71
            }
        ]
    },
    "labeledDataInfo": {
        "processSentenceInfo": [
            {
                "sentenceNo": 1,
                "sentenceContent": "최서우 도전자가 심사위원 판정에 불만을 드러낸다.",
                "subjectConsistencyYn": "Y"
            },
            {
                "sentenceNo": 2,
                "sentenceContent": "최근 진행된 K-치킨의 세계화를 위한 대국민 프로젝트 SBS F!L ‘대한민국 치킨대전’(이하 치킨대전) 촬영에서 MC 김준현은 최서우 도전자에게 지난 본선 6라운드를 우승한 박대현 도전자와 관련해 “운이라고 생각하냐, 실력이라고 생각하냐”라고 질문을 던졌다.",
                "subjectConsistencyYn": "Y"
            },
            {
                "sentenceNo": 3,
                "sentenceContent": "최서우 도전자는 “간절함이라고 생각한다”라며 “간절함이 결국 실력으로 나타나더라”라고 대답했다.",
                "subjectConsistencyYn": "Y"
            },
            {
                "sentenceNo": 4,
                "sentenceContent": "하지만 MC 김성주는 “(최서우 도전자가)제작진에게는 저렇게 이야기를 안했다고 하더라”라고 말해 폭소케 했다.",
                "subjectConsistencyYn": "Y"
            },
            {
                "sentenceNo": 5,
                "sentenceContent": "이어 최서우 도전자에게 “박대현 도전자가 우승할 만 했냐”고 재차 물었고, 최서우 도전자는 “약간 편파 판정이 있지 않았나 생각을 한다. 상품성에서는 제 것이 좀 더 있지 않았나 싶다”고 웃으며 털어놔 스튜디오를 술렁이게 했다.",
                "subjectConsistencyYn": "Y"
            },
            {
                "sentenceNo": 6,
                "sentenceContent": "이에 김준현은 “(박대현 도전자의)간절함이 심사위원들의 감정을 움직였다”고, 김성주는 “(최서우 도전자가)제발 요리로만 평가해 달라고 주문했다 한다”라고 이간질 중계로 너스레를 떨며 정리해 웃음을 자아냈다. ‘치킨대전’ 10회는 1월 7일(금) 밤 11시 SBS FiL과 MBN에서 동시 방송되며 1월 8일 오후 1시 SBS MTV에서 확인할 수 있다.",
                "subjectConsistencyYn": "Y"
            },
            {
                "sentenceNo": 7,
                "sentenceContent": "이에 앞서 7일 밤 10시에는 김풍-승우아빠의 진행으로 ‘대한민국 치킨대전’을 분석하는 ‘대한민국 치킨대전 연구소’가 방송된다.",
                "subjectConsistencyYn": "Y"
            },
            {
                "sentenceNo": 8,
                "sentenceContent": "'치킨대전'의 최서우 도전자가 심사위원 판정이 편파적이었다고 불만을 제기한 한편, 치킨 주요 프랜차이즈 브랜드와 맛에 따라 제품별 중량 차이가 최대 두 배에 달한다는 조사 결과가 나왔다.",
                "subjectConsistencyYn": "N"
            },
            {
                "sentenceNo": 9,
                "sentenceContent": "소비자원은 소비자 선호도가 높은 프랜차이즈 치킨 10개 브랜드를 조사했는데, 양이 가장 적은 치킨은 간장마늘맛 제품인 교촌치킨의 '교촌 오리지날'로 나타났으며, 양이 가장 많은 치킨은 네네치킨의 '쇼킹핫치킨'으로, 한 마리에 1234g에 달했다.",
                "subjectConsistencyYn": "N"
            }
        ],
        "clickbaitClass": 0
    }
}