{
    "sourceDataInfo": {
        "newsID": "ET_M13_629281",
        "newsCategory": "연예",
        "newsSubcategory": "방송",
        "newsTitle": "‘심플리케이팝’ 오메가엑스, ‘WHAT’S GOIN’ ON‘부터 ’VAMOS’까지 꽉 채운 퍼포먼스",
        "newsSubTitle": "",
        "newsContent": "신예 아이돌가수 오메가엑스(OMEGA X)가 완성도 높은 무대를 선보이며 폭발적인 흥을 발산했다.\n오메가엑스(재한, 휘찬, 세빈, 한겸, 태동, XEN, 제현, KEVIN, 정훈, 혁, 예찬)는 20일 오후 방송된 아리랑TV ‘심플리케이팝 콘투어’에 출연해 스테이지를 꽉 채웠다.\n오메가엑스는 미니 1집 타이틀곡 ‘VAMOS (바모스)’ 무대로 화려하게 등장했다.\n스트릿한 무드의 톤온톤 스타일링으로 클래식하면서도 레트로한 매력을 더한 오메가엑스는 빈틈없이 완벽한 퍼포먼스로 시작부터 강렬한 인상을 시청자에게 남겼다.\n훅킹한 멜로디 위로 펼쳐진 압도적인 스케일의 퍼포먼스는 11인 11색의 다채로운 매력을 가감 없이 담아내며 글로벌 팬들 호응을 불러일으켰다.\n무대를 마친 오메가엑스는 LED 화면으로 전 세계 팬들과 만났다.\n팬들 요청대로 ‘얼음땡 (ICETAG)’과 ‘OMEGA X (오메가엑스)’의 사운드에 맞춰 즉석 퍼포먼스를 펼쳐 완벽한 호흡을 어필했다.\n2022년의 소망을 묻는 질문에는 “월드투어를 통해 전 세계의 팬들을 만나고 싶다” “2021년에는 신인상, 2022년에는 대상”이라고 답하며 열정적인 포부를 드러냈다.\n다음으로 오메가엑스는 첫 싱글 타이틀곡 ‘WHAT’S GOIN’ ON (왓츠 고잉 온)’으로 세련된 흥을 극대화했다. ‘VAMOS’와는 또 다른 색깔로 무대를 풍성하게 채우며 강렬한 존재감을 발휘했다. 시작부터 끝까지 쉴 틈 없이 몰아치는 래핑과 고난도의 군무로 폭발적인 에너지를 발산하며 ‘심플리케이팝’의 열기를 높였다. 지난 6월 첫 번째 미니앨범 ‘VAMOS’로 가요계에 당차게 출격한 후 약 3개월 만에 첫 번째 싱글 ‘WHAT’S GOIN’ON’을 발매하며 기대주 반열에 오른 오메가엑스는 내년 1월 5일 두 번째 미니앨범‘LOVE ME LIKE(러브 미 라이크)’를 발매하며 컴백한다.",
        "partNum": "P2",
        "useType": 0,
        "processType": "D",
        "processPattern": "24",
        "processLevel": "상",
        "sentenceCount": 9,
        "processSentencenum": 2,
        "sentenceInfo": [
            {
                "sentenceNo": 1,
                "sentenceContent": "신예 아이돌가수 오메가엑스(OMEGA X)가 완성도 높은 무대를 선보이며 폭발적인 흥을 발산했다.",
                "sentenceSize": 54
            },
            {
                "sentenceNo": 2,
                "sentenceContent": "오메가엑스(재한, 휘찬, 세빈, 한겸, 태동, XEN, 제현, KEVIN, 정훈, 혁, 예찬)는 20일 오후 방송된 아리랑TV ‘심플리케이팝 콘투어’에 출연해 스테이지를 꽉 채웠다.",
                "sentenceSize": 101
            },
            {
                "sentenceNo": 3,
                "sentenceContent": "오메가엑스는 미니 1집 타이틀곡 ‘VAMOS (바모스)’ 무대로 화려하게 등장했다.",
                "sentenceSize": 46
            },
            {
                "sentenceNo": 4,
                "sentenceContent": "스트릿한 무드의 톤온톤 스타일링으로 클래식하면서도 레트로한 매력을 더한 오메가엑스는 빈틈없이 완벽한 퍼포먼스로 시작부터 강렬한 인상을 시청자에게 남겼다.",
                "sentenceSize": 85
            },
            {
                "sentenceNo": 5,
                "sentenceContent": "훅킹한 멜로디 위로 펼쳐진 압도적인 스케일의 퍼포먼스는 11인 11색의 다채로운 매력을 가감 없이 담아내며 글로벌 팬들 호응을 불러일으켰다.",
                "sentenceSize": 78
            },
            {
                "sentenceNo": 6,
                "sentenceContent": "무대를 마친 오메가엑스는 LED 화면으로 전 세계 팬들과 만났다.",
                "sentenceSize": 36
            },
            {
                "sentenceNo": 7,
                "sentenceContent": "팬들 요청대로 ‘얼음땡 (ICETAG)’과 ‘OMEGA X (오메가엑스)’의 사운드에 맞춰 즉석 퍼포먼스를 펼쳐 완벽한 호흡을 어필했다.",
                "sentenceSize": 76
            },
            {
                "sentenceNo": 8,
                "sentenceContent": "2022년의 소망을 묻는 질문에는 “월드투어를 통해 전 세계의 팬들을 만나고 싶다” “2021년에는 신인상, 2022년에는 대상”이라고 답하며 열정적인 포부를 드러냈다.",
                "sentenceSize": 94
            },
            {
                "sentenceNo": 9,
                "sentenceContent": "다음으로 오메가엑스는 첫 싱글 타이틀곡 ‘WHAT’S GOIN’ ON (왓츠 고잉 온)’으로 세련된 흥을 극대화했다. ‘VAMOS’와는 또 다른 색깔로 무대를 풍성하게 채우며 강렬한 존재감을 발휘했다. 시작부터 끝까지 쉴 틈 없이 몰아치는 래핑과 고난도의 군무로 폭발적인 에너지를 발산하며 ‘심플리케이팝’의 열기를 높였다. 지난 6월 첫 번째 미니앨범 ‘VAMOS’로 가요계에 당차게 출격한 후 약 3개월 만에 첫 번째 싱글 ‘WHAT’S GOIN’ON’을 발매하며 기대주 반열에 오른 오메가엑스는 내년 1월 5일 두 번째 미니앨범‘LOVE ME LIKE(러브 미 라이크)’를 발매하며 컴백한다.",
                "sentenceSize": 333
            }
        ]
    },
    "labeledDataInfo": {
        "processSentenceInfo": [
            {
                "sentenceNo": 1,
                "sentenceContent": "신예 아이돌가수 오메가엑스(OMEGA X)가 완성도 높은 무대를 선보이며 폭발적인 흥을 발산했다.",
                "subjectConsistencyYn": "Y"
            },
            {
                "sentenceNo": 2,
                "sentenceContent": "오메가엑스(재한, 휘찬, 세빈, 한겸, 태동, XEN, 제현, KEVIN, 정훈, 혁, 예찬)는 20일 오후 방송된 아리랑TV ‘심플리케이팝 콘투어’에 출연해 스테이지를 꽉 채웠다.",
                "subjectConsistencyYn": "Y"
            },
            {
                "sentenceNo": 3,
                "sentenceContent": "오메가엑스는 미니 1집 타이틀곡 ‘VAMOS (바모스)’ 무대로 화려하게 등장했다.",
                "subjectConsistencyYn": "Y"
            },
            {
                "sentenceNo": 4,
                "sentenceContent": "스트릿한 무드의 톤온톤 스타일링으로 클래식하면서도 레트로한 매력을 더한 오메가엑스는 빈틈없이 완벽한 퍼포먼스로 시작부터 강렬한 인상을 시청자에게 남겼다.",
                "subjectConsistencyYn": "Y"
            },
            {
                "sentenceNo": 5,
                "sentenceContent": "훅킹한 멜로디 위로 펼쳐진 압도적인 스케일의 퍼포먼스는 11인 11색의 다채로운 매력을 가감 없이 담아내며 글로벌 팬들 호응을 불러일으켰다.",
                "subjectConsistencyYn": "Y"
            },
            {
                "sentenceNo": 6,
                "sentenceContent": "무대를 마친 오메가엑스는 LED 화면으로 전 세계 팬들과 만났다.",
                "subjectConsistencyYn": "Y"
            },
            {
                "sentenceNo": 7,
                "sentenceContent": "팬들 요청대로 ‘얼음땡 (ICETAG)’과 ‘OMEGA X (오메가엑스)’의 사운드에 맞춰 즉석 퍼포먼스를 펼쳐 완벽한 호흡을 어필했다.",
                "subjectConsistencyYn": "Y"
            },
            {
                "sentenceNo": 8,
                "sentenceContent": "2022년의 소망을 묻는 질문에는 “월드투어를 통해 전 세계의 팬들을 만나고 싶다” “2021년에는 신인상, 2022년에는 대상”이라고 답하며 열정적인 포부를 드러냈다.",
                "subjectConsistencyYn": "Y"
            },
            {
                "sentenceNo": 9,
                "sentenceContent": "다음으로 오메가엑스는 첫 싱글 타이틀곡 ‘WHAT’S GOIN’ ON (왓츠 고잉 온)’으로 세련된 흥을 극대화했다. ‘VAMOS’와는 또 다른 색깔로 무대를 풍성하게 채우며 강렬한 존재감을 발휘했다. 시작부터 끝까지 쉴 틈 없이 몰아치는 래핑과 고난도의 군무로 폭발적인 에너지를 발산하며 ‘심플리케이팝’의 열기를 높였다. 지난 6월 첫 번째 미니앨범 ‘VAMOS’로 가요계에 당차게 출격한 후 약 3개월 만에 첫 번째 싱글 ‘WHAT’S GOIN’ON’을 발매하며 기대주 반열에 오른 오메가엑스는 내년 1월 5일 두 번째 미니앨범‘LOVE ME LIKE(러브 미 라이크)’를 발매하며 컴백한다.",
                "subjectConsistencyYn": "Y"
            },
            {
                "sentenceNo": 10,
                "sentenceContent": "아리랑TV ‘심플리케이팝 콘투어’에 출연해 퍼포먼스를 펼친 아이돌 가수 오메가엑스가 소속사 대표에게 폭언과 폭행을 당했다는 피해 사실을 공개적으로 밝히며 법적 대응에 나섰다.",
                "subjectConsistencyYn": "N"
            },
            {
                "sentenceNo": 11,
                "sentenceContent": "오메가엑스 멤버들은 이날 서울 서초구 변호사회관에서 기자회견을 열고 소속사 스파이어엔터테인먼트 대표 및 소속사 관계자를 상대로 형사고소를 포함해 법적 조치를 할 것이라고 밝혔다. ",
                "subjectConsistencyYn": "N"
            }
        ],
        "clickbaitClass": 0
    }
}