{
    "sourceDataInfo": {
        "newsID": "ET_M13_629240",
        "newsCategory": "연예",
        "newsSubcategory": "방송",
        "newsTitle": "‘지헤중’ 윤정희, 과거에 갇힌 여자 ‘신유정’",
        "newsSubTitle": "",
        "newsContent": "윤정희가 무너지듯 눈물을 흘린다.\nSBS 금토드라마 ‘지금, 헤어지는 중입니다’(극본 제인/연출 이길복/크리에이터 글Lien&강은경/제작 삼화네트웍스, UAA/이하 ‘지헤중’)에는 아픈 기억에 얽매여 사는 슬픈 여자 신유정(윤정희 분)이 있다.\n짧지 않은 시간이 흘렀지만 신유정은 과거를 내려놓지도, 그렇다고 앞으로 나아가지도 못한 채 아파하고 있다.\n10년 전 신유정은 윤수완(신동욱 분) 약혼녀였다.\n하지만 윤수완이 파리에서 하영은과 사랑에 빠지며 그녀의 인생도 흔들렸다.\n그러던 중 윤수완이 교통사고로 죽었다.\n10년이 흐른 지금, 하영은은 윤수완의 이복동생인 윤재국(장기용 분)과 사랑에 빠졌다.\n결국 하영은과 다시 만난 신유정은 그녀에게 복수심, 질투심 등 복잡한 감정을 느끼고 있다.\n이런 가운데 17일 ‘지헤중’ 제작진이 신유정이 홀로 오열하는 모습을 공개해 이목을 집중시킨다.\n하영은과 윤재국에게 차가운 말로 비수를 꽂으며, 둘의 사랑을 무너뜨리려고 한 신유정이다.\n그런 그녀가 이토록 힘겨워하는 이유는 무엇일까.\n그녀에게 대체 무슨 일이 일어난 것일까.\n이 일이 하영은과 윤재국의 사랑에 어떤 영향을 미치는 것은 아닐까.\n이와 관련 ‘지헤중’ 제작진은 “오늘(17일) 방송되는 ‘지헤중’ 11회에서는 10년 전 윤수완이 교통사고를 당하던 날의 또 다른 비밀이 밝혀진다. 이 비밀은 신유정의 감정을 극으로 치닫게 할 것이다. 이는 극 전개에 있어서 매우 중요한 포인트가 될 전망. 윤정희는 치밀한 감정 표현과 집중력으로 신유정의 오열 장면을 완성했다. 그녀의 열연 덕분에 더욱 시청자들의 몰입도가 높아질 것으로 기대한다. 많은 관심 부탁드린다”라고 전했다.\n10년 전 그날의 비밀은 무엇일까.\n그 비밀이 무엇이길래 늘 꼿꼿함을 잃지 않던 신유정이 이렇게 무너지듯 눈물을 흘린 것일까.\n중반부를 넘어서며 폭풍 같은 전개를 펼치고 있는 SBS 금토드라마 ‘지금, 헤어지는 중입니다’ 11회는 12월 17일 금요일 바로 오늘 밤 10시 방송된다.",
        "partNum": "P2",
        "useType": 0,
        "processType": "D",
        "processPattern": "24",
        "processLevel": "상",
        "sentenceCount": 17,
        "processSentencenum": 2,
        "sentenceInfo": [
            {
                "sentenceNo": 1,
                "sentenceContent": "윤정희가 무너지듯 눈물을 흘린다.",
                "sentenceSize": 18
            },
            {
                "sentenceNo": 2,
                "sentenceContent": "SBS 금토드라마 ‘지금, 헤어지는 중입니다’(극본 제인/연출 이길복/크리에이터 글Lien&강은경/제작 삼화네트웍스, UAA/이하 ‘지헤중’)에는 아픈 기억에 얽매여 사는 슬픈 여자 신유정(윤정희 분)이 있다.",
                "sentenceSize": 117
            },
            {
                "sentenceNo": 3,
                "sentenceContent": "짧지 않은 시간이 흘렀지만 신유정은 과거를 내려놓지도, 그렇다고 앞으로 나아가지도 못한 채 아파하고 있다.",
                "sentenceSize": 59
            },
            {
                "sentenceNo": 4,
                "sentenceContent": "10년 전 신유정은 윤수완(신동욱 분) 약혼녀였다.",
                "sentenceSize": 28
            },
            {
                "sentenceNo": 5,
                "sentenceContent": "하지만 윤수완이 파리에서 하영은과 사랑에 빠지며 그녀의 인생도 흔들렸다.",
                "sentenceSize": 40
            },
            {
                "sentenceNo": 6,
                "sentenceContent": "그러던 중 윤수완이 교통사고로 죽었다.",
                "sentenceSize": 21
            },
            {
                "sentenceNo": 7,
                "sentenceContent": "10년이 흐른 지금, 하영은은 윤수완의 이복동생인 윤재국(장기용 분)과 사랑에 빠졌다.",
                "sentenceSize": 48
            },
            {
                "sentenceNo": 8,
                "sentenceContent": "결국 하영은과 다시 만난 신유정은 그녀에게 복수심, 질투심 등 복잡한 감정을 느끼고 있다.",
                "sentenceSize": 50
            },
            {
                "sentenceNo": 9,
                "sentenceContent": "이런 가운데 17일 ‘지헤중’ 제작진이 신유정이 홀로 오열하는 모습을 공개해 이목을 집중시킨다.",
                "sentenceSize": 53
            },
            {
                "sentenceNo": 10,
                "sentenceContent": "하영은과 윤재국에게 차가운 말로 비수를 꽂으며, 둘의 사랑을 무너뜨리려고 한 신유정이다.",
                "sentenceSize": 49
            },
            {
                "sentenceNo": 11,
                "sentenceContent": "그런 그녀가 이토록 힘겨워하는 이유는 무엇일까.",
                "sentenceSize": 26
            },
            {
                "sentenceNo": 12,
                "sentenceContent": "그녀에게 대체 무슨 일이 일어난 것일까.",
                "sentenceSize": 22
            },
            {
                "sentenceNo": 13,
                "sentenceContent": "이 일이 하영은과 윤재국의 사랑에 어떤 영향을 미치는 것은 아닐까.",
                "sentenceSize": 37
            },
            {
                "sentenceNo": 14,
                "sentenceContent": "이와 관련 ‘지헤중’ 제작진은 “오늘(17일) 방송되는 ‘지헤중’ 11회에서는 10년 전 윤수완이 교통사고를 당하던 날의 또 다른 비밀이 밝혀진다. 이 비밀은 신유정의 감정을 극으로 치닫게 할 것이다. 이는 극 전개에 있어서 매우 중요한 포인트가 될 전망. 윤정희는 치밀한 감정 표현과 집중력으로 신유정의 오열 장면을 완성했다. 그녀의 열연 덕분에 더욱 시청자들의 몰입도가 높아질 것으로 기대한다. 많은 관심 부탁드린다”라고 전했다.",
                "sentenceSize": 242
            },
            {
                "sentenceNo": 15,
                "sentenceContent": "10년 전 그날의 비밀은 무엇일까.",
                "sentenceSize": 19
            },
            {
                "sentenceNo": 16,
                "sentenceContent": "그 비밀이 무엇이길래 늘 꼿꼿함을 잃지 않던 신유정이 이렇게 무너지듯 눈물을 흘린 것일까.",
                "sentenceSize": 50
            },
            {
                "sentenceNo": 17,
                "sentenceContent": "중반부를 넘어서며 폭풍 같은 전개를 펼치고 있는 SBS 금토드라마 ‘지금, 헤어지는 중입니다’ 11회는 12월 17일 금요일 바로 오늘 밤 10시 방송된다.",
                "sentenceSize": 87
            }
        ]
    },
    "labeledDataInfo": {
        "processSentenceInfo": [
            {
                "sentenceNo": 1,
                "sentenceContent": "윤정희가 무너지듯 눈물을 흘린다.",
                "subjectConsistencyYn": "Y"
            },
            {
                "sentenceNo": 2,
                "sentenceContent": "SBS 금토드라마 ‘지금, 헤어지는 중입니다’(극본 제인/연출 이길복/크리에이터 글Lien&강은경/제작 삼화네트웍스, UAA/이하 ‘지헤중’)에는 아픈 기억에 얽매여 사는 슬픈 여자 신유정(윤정희 분)이 있다.",
                "subjectConsistencyYn": "Y"
            },
            {
                "sentenceNo": 3,
                "sentenceContent": "짧지 않은 시간이 흘렀지만 신유정은 과거를 내려놓지도, 그렇다고 앞으로 나아가지도 못한 채 아파하고 있다.",
                "subjectConsistencyYn": "Y"
            },
            {
                "sentenceNo": 4,
                "sentenceContent": "10년 전 신유정은 윤수완(신동욱 분) 약혼녀였다.",
                "subjectConsistencyYn": "Y"
            },
            {
                "sentenceNo": 5,
                "sentenceContent": "하지만 윤수완이 파리에서 하영은과 사랑에 빠지며 그녀의 인생도 흔들렸다.",
                "subjectConsistencyYn": "Y"
            },
            {
                "sentenceNo": 6,
                "sentenceContent": "그러던 중 윤수완이 교통사고로 죽었다.",
                "subjectConsistencyYn": "Y"
            },
            {
                "sentenceNo": 7,
                "sentenceContent": "10년이 흐른 지금, 하영은은 윤수완의 이복동생인 윤재국(장기용 분)과 사랑에 빠졌다.",
                "subjectConsistencyYn": "Y"
            },
            {
                "sentenceNo": 8,
                "sentenceContent": "결국 하영은과 다시 만난 신유정은 그녀에게 복수심, 질투심 등 복잡한 감정을 느끼고 있다.",
                "subjectConsistencyYn": "Y"
            },
            {
                "sentenceNo": 9,
                "sentenceContent": "이런 가운데 17일 ‘지헤중’ 제작진이 신유정이 홀로 오열하는 모습을 공개해 이목을 집중시킨다.",
                "subjectConsistencyYn": "Y"
            },
            {
                "sentenceNo": 10,
                "sentenceContent": "하영은과 윤재국에게 차가운 말로 비수를 꽂으며, 둘의 사랑을 무너뜨리려고 한 신유정이다.",
                "subjectConsistencyYn": "Y"
            },
            {
                "sentenceNo": 11,
                "sentenceContent": "그런 그녀가 이토록 힘겨워하는 이유는 무엇일까.",
                "subjectConsistencyYn": "Y"
            },
            {
                "sentenceNo": 12,
                "sentenceContent": "그녀에게 대체 무슨 일이 일어난 것일까.",
                "subjectConsistencyYn": "Y"
            },
            {
                "sentenceNo": 13,
                "sentenceContent": "이 일이 하영은과 윤재국의 사랑에 어떤 영향을 미치는 것은 아닐까.",
                "subjectConsistencyYn": "Y"
            },
            {
                "sentenceNo": 14,
                "sentenceContent": "이와 관련 ‘지헤중’ 제작진은 “오늘(17일) 방송되는 ‘지헤중’ 11회에서는 10년 전 윤수완이 교통사고를 당하던 날의 또 다른 비밀이 밝혀진다. 이 비밀은 신유정의 감정을 극으로 치닫게 할 것이다. 이는 극 전개에 있어서 매우 중요한 포인트가 될 전망. 윤정희는 치밀한 감정 표현과 집중력으로 신유정의 오열 장면을 완성했다. 그녀의 열연 덕분에 더욱 시청자들의 몰입도가 높아질 것으로 기대한다. 많은 관심 부탁드린다”라고 전했다.",
                "subjectConsistencyYn": "Y"
            },
            {
                "sentenceNo": 15,
                "sentenceContent": "10년 전 그날의 비밀은 무엇일까.",
                "subjectConsistencyYn": "Y"
            },
            {
                "sentenceNo": 16,
                "sentenceContent": "그 비밀이 무엇이길래 늘 꼿꼿함을 잃지 않던 신유정이 이렇게 무너지듯 눈물을 흘린 것일까.",
                "subjectConsistencyYn": "Y"
            },
            {
                "sentenceNo": 17,
                "sentenceContent": "중반부를 넘어서며 폭풍 같은 전개를 펼치고 있는 SBS 금토드라마 ‘지금, 헤어지는 중입니다’ 11회는 12월 17일 금요일 바로 오늘 밤 10시 방송된다.",
                "subjectConsistencyYn": "Y"
            },
            {
                "sentenceNo": 18,
                "sentenceContent": "한편, '지금, 헤어지는 중입니다'에서 열연을 펼치고 있는 윤정희는 지난 2015년 인도네시아 발리에서 비밀 결혼식을 올린 후 활동 중단을 선언하고 두 아이를 출산, 내조와 육아에 집중해왔다. ",
                "subjectConsistencyYn": "N"
            },
            {
                "sentenceNo": 19,
                "sentenceContent": "2014년 드라마 '맏이' 이후 긴 휴식기를 가진 뒤 지난해 9월 써브라임 아티스트 에이전트와 전속계약을 체결하며 '지헤중'으로 안방극장에 복귀하게 됐다.",
                "subjectConsistencyYn": "N"
            }
        ],
        "clickbaitClass": 0
    }
}