{
    "sourceDataInfo": {
        "newsID": "ET_M13_629474",
        "newsCategory": "연예",
        "newsSubcategory": "방송",
        "newsTitle": "‘복면가왕’ 김혜연 “‘서울 대전 대구 부산’, 하루 행사 12개”",
        "newsSubTitle": "",
        "newsContent": "‘복면가왕’ 모두 부자 되세요는 가수 김혜연이었다.\n2일 오후 방송된 MBC ‘복면가왕’에서는 가왕 겨울아이에 도전하는 복면 가수 4인의 무대가 시선을 사로잡았다.\n이날 3라운드는 아범과 모두 부자 되세요의 대결로 펼쳐졌다.\n아범은 김현식 ‘사랑 사랑 사랑’을 선곡해 구수하고 노련한 보컬로 찰떡 무대를 선사했다.\n모두 부자 되세요는 도원경 ‘다시 사랑한다면’을 선곡해 감성적인 내레이션으로 무대를 시작해 담담한 목소리로 감성을 폭발 시켜 판정단을 사로잡았다.\n대결 결과 13 대 8로 아범이 승리해 가왕 결정전에 진출했다.\n이어 복면을 벗은 모두 부자 되세요의 정체는 트로트 가수 김혜연으로 밝혀졌다. ‘뱀이다’의 주인공 김혜연은 ‘서울 대전 대구 부산’이 무려 100만 장을 기록했다.\n그는 “고속도로에 제 노래가 도배 되지 않았나 싶다. 그 바람에 전국을 돌면서 하루 12개의 행사를 했던 기억이 난다”라고 말해 깜짝 놀라게 했다.\n출연 목표 중 하나가 김혜연 노래에 대한 편견 깨기라는 그는 “데뷔는 발라드 가수로 했다. 30년 넘게 트로트 가수로 활동하면서 트로트가 몸에 배다 보니 옛날에 불렀던 발라드나 록은 잊어버리고 살았던 것 같다. 무대를 통해 ‘저도 이런 노래를 합니다’라는 모습을 보여드리고 싶다. 후회 없다”라고 밝혔다.\n2022년 활동 계획을 묻자 김혜연은 “신곡도 나왔다. 아쉬운 건 작년 가수 인생 30주년을 준비하다가 코로나 19로 못했다. 올해는 가까이서 많은 팬과 함께 30주년 기념 디너쇼를 했으면 좋겠다”라고 밝혔다.\n한편 ‘복면가왕’은 매주 일요일 오후 6시 5분 MBC에서 방송된다.",
        "partNum": "P2",
        "useType": 0,
        "processType": "D",
        "processPattern": "24",
        "processLevel": "상",
        "sentenceCount": 11,
        "processSentencenum": 2,
        "sentenceInfo": [
            {
                "sentenceNo": 1,
                "sentenceContent": "‘복면가왕’ 모두 부자 되세요는 가수 김혜연이었다.",
                "sentenceSize": 28
            },
            {
                "sentenceNo": 2,
                "sentenceContent": "2일 오후 방송된 MBC ‘복면가왕’에서는 가왕 겨울아이에 도전하는 복면 가수 4인의 무대가 시선을 사로잡았다.",
                "sentenceSize": 62
            },
            {
                "sentenceNo": 3,
                "sentenceContent": "이날 3라운드는 아범과 모두 부자 되세요의 대결로 펼쳐졌다.",
                "sentenceSize": 33
            },
            {
                "sentenceNo": 4,
                "sentenceContent": "아범은 김현식 ‘사랑 사랑 사랑’을 선곡해 구수하고 노련한 보컬로 찰떡 무대를 선사했다.",
                "sentenceSize": 49
            },
            {
                "sentenceNo": 5,
                "sentenceContent": "모두 부자 되세요는 도원경 ‘다시 사랑한다면’을 선곡해 감성적인 내레이션으로 무대를 시작해 담담한 목소리로 감성을 폭발 시켜 판정단을 사로잡았다.",
                "sentenceSize": 81
            },
            {
                "sentenceNo": 6,
                "sentenceContent": "대결 결과 13 대 8로 아범이 승리해 가왕 결정전에 진출했다.",
                "sentenceSize": 35
            },
            {
                "sentenceNo": 7,
                "sentenceContent": "이어 복면을 벗은 모두 부자 되세요의 정체는 트로트 가수 김혜연으로 밝혀졌다. ‘뱀이다’의 주인공 김혜연은 ‘서울 대전 대구 부산’이 무려 100만 장을 기록했다.",
                "sentenceSize": 91
            },
            {
                "sentenceNo": 8,
                "sentenceContent": "그는 “고속도로에 제 노래가 도배 되지 않았나 싶다. 그 바람에 전국을 돌면서 하루 12개의 행사를 했던 기억이 난다”라고 말해 깜짝 놀라게 했다.",
                "sentenceSize": 82
            },
            {
                "sentenceNo": 9,
                "sentenceContent": "출연 목표 중 하나가 김혜연 노래에 대한 편견 깨기라는 그는 “데뷔는 발라드 가수로 했다. 30년 넘게 트로트 가수로 활동하면서 트로트가 몸에 배다 보니 옛날에 불렀던 발라드나 록은 잊어버리고 살았던 것 같다. 무대를 통해 ‘저도 이런 노래를 합니다’라는 모습을 보여드리고 싶다. 후회 없다”라고 밝혔다.",
                "sentenceSize": 170
            },
            {
                "sentenceNo": 10,
                "sentenceContent": "2022년 활동 계획을 묻자 김혜연은 “신곡도 나왔다. 아쉬운 건 작년 가수 인생 30주년을 준비하다가 코로나 19로 못했다. 올해는 가까이서 많은 팬과 함께 30주년 기념 디너쇼를 했으면 좋겠다”라고 밝혔다.",
                "sentenceSize": 117
            },
            {
                "sentenceNo": 11,
                "sentenceContent": "한편 ‘복면가왕’은 매주 일요일 오후 6시 5분 MBC에서 방송된다.",
                "sentenceSize": 38
            }
        ]
    },
    "labeledDataInfo": {
        "processSentenceInfo": [
            {
                "sentenceNo": 1,
                "sentenceContent": "‘복면가왕’ 모두 부자 되세요는 가수 김혜연이었다.",
                "subjectConsistencyYn": "Y"
            },
            {
                "sentenceNo": 2,
                "sentenceContent": "2일 오후 방송된 MBC ‘복면가왕’에서는 가왕 겨울아이에 도전하는 복면 가수 4인의 무대가 시선을 사로잡았다.",
                "subjectConsistencyYn": "Y"
            },
            {
                "sentenceNo": 3,
                "sentenceContent": "이날 3라운드는 아범과 모두 부자 되세요의 대결로 펼쳐졌다.",
                "subjectConsistencyYn": "Y"
            },
            {
                "sentenceNo": 4,
                "sentenceContent": "아범은 김현식 ‘사랑 사랑 사랑’을 선곡해 구수하고 노련한 보컬로 찰떡 무대를 선사했다.",
                "subjectConsistencyYn": "Y"
            },
            {
                "sentenceNo": 5,
                "sentenceContent": "모두 부자 되세요는 도원경 ‘다시 사랑한다면’을 선곡해 감성적인 내레이션으로 무대를 시작해 담담한 목소리로 감성을 폭발 시켜 판정단을 사로잡았다.",
                "subjectConsistencyYn": "Y"
            },
            {
                "sentenceNo": 6,
                "sentenceContent": "대결 결과 13 대 8로 아범이 승리해 가왕 결정전에 진출했다.",
                "subjectConsistencyYn": "Y"
            },
            {
                "sentenceNo": 7,
                "sentenceContent": "이어 복면을 벗은 모두 부자 되세요의 정체는 트로트 가수 김혜연으로 밝혀졌다. ‘뱀이다’의 주인공 김혜연은 ‘서울 대전 대구 부산’이 무려 100만 장을 기록했다.",
                "subjectConsistencyYn": "Y"
            },
            {
                "sentenceNo": 8,
                "sentenceContent": "그는 “고속도로에 제 노래가 도배 되지 않았나 싶다. 그 바람에 전국을 돌면서 하루 12개의 행사를 했던 기억이 난다”라고 말해 깜짝 놀라게 했다.",
                "subjectConsistencyYn": "Y"
            },
            {
                "sentenceNo": 9,
                "sentenceContent": "출연 목표 중 하나가 김혜연 노래에 대한 편견 깨기라는 그는 “데뷔는 발라드 가수로 했다. 30년 넘게 트로트 가수로 활동하면서 트로트가 몸에 배다 보니 옛날에 불렀던 발라드나 록은 잊어버리고 살았던 것 같다. 무대를 통해 ‘저도 이런 노래를 합니다’라는 모습을 보여드리고 싶다. 후회 없다”라고 밝혔다.",
                "subjectConsistencyYn": "Y"
            },
            {
                "sentenceNo": 10,
                "sentenceContent": "2022년 활동 계획을 묻자 김혜연은 “신곡도 나왔다. 아쉬운 건 작년 가수 인생 30주년을 준비하다가 코로나 19로 못했다. 올해는 가까이서 많은 팬과 함께 30주년 기념 디너쇼를 했으면 좋겠다”라고 밝혔다.",
                "subjectConsistencyYn": "Y"
            },
            {
                "sentenceNo": 11,
                "sentenceContent": "한편 ‘복면가왕’은 매주 일요일 오후 6시 5분 MBC에서 방송된다.",
                "subjectConsistencyYn": "Y"
            },
            {
                "sentenceNo": 12,
                "sentenceContent": "가수 김혜연이 ‘복면가왕’ '모두 부자 되세요'로 밝혀진 가운데, '알맹이'에 출연해 건강관리에 대해 언급했다.",
                "subjectConsistencyYn": "N"
            },
            {
                "sentenceNo": 13,
                "sentenceContent": "김혜연은 피부 감기를 막는 비결을 공개하기 위해 게스트로 나섰다.",
                "subjectConsistencyYn": "N"
            }
        ],
        "clickbaitClass": 0
    }
}