{
    "sourceDataInfo": {
        "newsID": "ET_M13_629144",
        "newsCategory": "연예",
        "newsSubcategory": "방송",
        "newsTitle": "‘인기가요’ T1419, 라이브의 꽃",
        "newsSubTitle": "",
        "newsContent": "보이그룹 T1419가 ‘인기가요’에서 화려한 퍼포먼스의 꽃을 피워냈다.\nT1419(티일사일구)는 12일 오후 방송된 SBS ‘인기가요’에 출연해 신곡 ‘무궁화 꽃이 피었습니다(Red Light, Green Light)’ 무대를 펼쳤다.\n이날 T1419는 시청자들의 눈과 귀를 동시에 사로잡았다.\nT1419는 ‘무궁화 꽃이 피었습니다’ 놀이를 차용한 독특한 퍼포먼스로 시선을 끌었다.\n멤버들은 파워풀한 동작과 역동적인 동선에도 완벽한 대형을 유지하며 칼군무를 선보였다.\nT1419는 격렬한 안무에도 흔들림 없이 안정적인 라이브를 선사하며 4세대 대표 퍼포먼스돌다운 면모를 과시했다.\nT1419의 첫 번째 디지털 싱글 앨범 ‘무궁화 꽃이 피었습니다’는 꿈을 좇는 아홉 소년의 이야기를 담았다.\n이번 앨범에서 T1419는 꿈을 향해 나아가는 자신들의 모습을 한국의 전통 놀이인 ‘무궁화 꽃이 피었습니다’에 빗대어 재치 있게 표현했다.\n꿈을 좇아가는 과정 속 고통과 인내의 시간도 마음먹기에 따라 놀이처럼 재미있게 즐길 수 있다는 메시지를 전한다.\n특히 멤버 노아(NOA)가 직접 작사에 참여해 소년들의 솔직한 이야기를 담아냈다.\n지난 1월 ‘BEFORE SUNRISE Part. 1(비포 선라이즈 파트 1)’으로 데뷔한 T1419는 3월과 8월 두 장의 앨범을 연달아 발매하며 4세대 대표 아이돌로 자리잡았다.\nT1419는 지난 2일 개최된 ‘2021 Asia Artist Awards(2021 아시아 아티스트 어워즈)’에서 ‘AAA 포텐셜 상’을 수상하며 글로벌 인기를 입증한 바 있다.\n한편, T1419는 신곡 ‘무궁화 꽃이 피었습니다’로 활발한 컴백 활동을 펼치고 있다.",
        "partNum": "P2",
        "useType": 0,
        "processType": "D",
        "processPattern": "24",
        "processLevel": "상",
        "sentenceCount": 13,
        "processSentencenum": 2,
        "sentenceInfo": [
            {
                "sentenceNo": 1,
                "sentenceContent": "보이그룹 T1419가 ‘인기가요’에서 화려한 퍼포먼스의 꽃을 피워냈다.",
                "sentenceSize": 39
            },
            {
                "sentenceNo": 2,
                "sentenceContent": "T1419(티일사일구)는 12일 오후 방송된 SBS ‘인기가요’에 출연해 신곡 ‘무궁화 꽃이 피었습니다(Red Light, Green Light)’ 무대를 펼쳤다.",
                "sentenceSize": 91
            },
            {
                "sentenceNo": 3,
                "sentenceContent": "이날 T1419는 시청자들의 눈과 귀를 동시에 사로잡았다.",
                "sentenceSize": 32
            },
            {
                "sentenceNo": 4,
                "sentenceContent": "T1419는 ‘무궁화 꽃이 피었습니다’ 놀이를 차용한 독특한 퍼포먼스로 시선을 끌었다.",
                "sentenceSize": 48
            },
            {
                "sentenceNo": 5,
                "sentenceContent": "멤버들은 파워풀한 동작과 역동적인 동선에도 완벽한 대형을 유지하며 칼군무를 선보였다.",
                "sentenceSize": 47
            },
            {
                "sentenceNo": 6,
                "sentenceContent": "T1419는 격렬한 안무에도 흔들림 없이 안정적인 라이브를 선사하며 4세대 대표 퍼포먼스돌다운 면모를 과시했다.",
                "sentenceSize": 62
            },
            {
                "sentenceNo": 7,
                "sentenceContent": "T1419의 첫 번째 디지털 싱글 앨범 ‘무궁화 꽃이 피었습니다’는 꿈을 좇는 아홉 소년의 이야기를 담았다.",
                "sentenceSize": 60
            },
            {
                "sentenceNo": 8,
                "sentenceContent": "이번 앨범에서 T1419는 꿈을 향해 나아가는 자신들의 모습을 한국의 전통 놀이인 ‘무궁화 꽃이 피었습니다’에 빗대어 재치 있게 표현했다.",
                "sentenceSize": 77
            },
            {
                "sentenceNo": 9,
                "sentenceContent": "꿈을 좇아가는 과정 속 고통과 인내의 시간도 마음먹기에 따라 놀이처럼 재미있게 즐길 수 있다는 메시지를 전한다.",
                "sentenceSize": 62
            },
            {
                "sentenceNo": 10,
                "sentenceContent": "특히 멤버 노아(NOA)가 직접 작사에 참여해 소년들의 솔직한 이야기를 담아냈다.",
                "sentenceSize": 45
            },
            {
                "sentenceNo": 11,
                "sentenceContent": "지난 1월 ‘BEFORE SUNRISE Part. 1(비포 선라이즈 파트 1)’으로 데뷔한 T1419는 3월과 8월 두 장의 앨범을 연달아 발매하며 4세대 대표 아이돌로 자리잡았다.",
                "sentenceSize": 101
            },
            {
                "sentenceNo": 12,
                "sentenceContent": "T1419는 지난 2일 개최된 ‘2021 Asia Artist Awards(2021 아시아 아티스트 어워즈)’에서 ‘AAA 포텐셜 상’을 수상하며 글로벌 인기를 입증한 바 있다.",
                "sentenceSize": 99
            },
            {
                "sentenceNo": 13,
                "sentenceContent": "한편, T1419는 신곡 ‘무궁화 꽃이 피었습니다’로 활발한 컴백 활동을 펼치고 있다.",
                "sentenceSize": 48
            }
        ]
    },
    "labeledDataInfo": {
        "processSentenceInfo": [
            {
                "sentenceNo": 1,
                "sentenceContent": "보이그룹 T1419가 ‘인기가요’에서 화려한 퍼포먼스의 꽃을 피워냈다.",
                "subjectConsistencyYn": "Y"
            },
            {
                "sentenceNo": 2,
                "sentenceContent": "T1419(티일사일구)는 12일 오후 방송된 SBS ‘인기가요’에 출연해 신곡 ‘무궁화 꽃이 피었습니다(Red Light, Green Light)’ 무대를 펼쳤다.",
                "subjectConsistencyYn": "Y"
            },
            {
                "sentenceNo": 3,
                "sentenceContent": "이날 T1419는 시청자들의 눈과 귀를 동시에 사로잡았다.",
                "subjectConsistencyYn": "Y"
            },
            {
                "sentenceNo": 4,
                "sentenceContent": "T1419는 ‘무궁화 꽃이 피었습니다’ 놀이를 차용한 독특한 퍼포먼스로 시선을 끌었다.",
                "subjectConsistencyYn": "Y"
            },
            {
                "sentenceNo": 5,
                "sentenceContent": "멤버들은 파워풀한 동작과 역동적인 동선에도 완벽한 대형을 유지하며 칼군무를 선보였다.",
                "subjectConsistencyYn": "Y"
            },
            {
                "sentenceNo": 6,
                "sentenceContent": "T1419는 격렬한 안무에도 흔들림 없이 안정적인 라이브를 선사하며 4세대 대표 퍼포먼스돌다운 면모를 과시했다.",
                "subjectConsistencyYn": "Y"
            },
            {
                "sentenceNo": 7,
                "sentenceContent": "T1419의 첫 번째 디지털 싱글 앨범 ‘무궁화 꽃이 피었습니다’는 꿈을 좇는 아홉 소년의 이야기를 담았다.",
                "subjectConsistencyYn": "Y"
            },
            {
                "sentenceNo": 8,
                "sentenceContent": "이번 앨범에서 T1419는 꿈을 향해 나아가는 자신들의 모습을 한국의 전통 놀이인 ‘무궁화 꽃이 피었습니다’에 빗대어 재치 있게 표현했다.",
                "subjectConsistencyYn": "Y"
            },
            {
                "sentenceNo": 9,
                "sentenceContent": "꿈을 좇아가는 과정 속 고통과 인내의 시간도 마음먹기에 따라 놀이처럼 재미있게 즐길 수 있다는 메시지를 전한다.",
                "subjectConsistencyYn": "Y"
            },
            {
                "sentenceNo": 10,
                "sentenceContent": "특히 멤버 노아(NOA)가 직접 작사에 참여해 소년들의 솔직한 이야기를 담아냈다.",
                "subjectConsistencyYn": "Y"
            },
            {
                "sentenceNo": 11,
                "sentenceContent": "지난 1월 ‘BEFORE SUNRISE Part. 1(비포 선라이즈 파트 1)’으로 데뷔한 T1419는 3월과 8월 두 장의 앨범을 연달아 발매하며 4세대 대표 아이돌로 자리잡았다.",
                "subjectConsistencyYn": "Y"
            },
            {
                "sentenceNo": 12,
                "sentenceContent": "T1419는 지난 2일 개최된 ‘2021 Asia Artist Awards(2021 아시아 아티스트 어워즈)’에서 ‘AAA 포텐셜 상’을 수상하며 글로벌 인기를 입증한 바 있다.",
                "subjectConsistencyYn": "Y"
            },
            {
                "sentenceNo": 13,
                "sentenceContent": "한편, T1419는 신곡 ‘무궁화 꽃이 피었습니다’로 활발한 컴백 활동을 펼치고 있다.",
                "subjectConsistencyYn": "Y"
            },
            {
                "sentenceNo": 14,
                "sentenceContent": "T1419가 SBS ‘인기가요’에 출연해 신곡 ‘무궁화 꽃이 피었습니다’ 무대를 펼친 가운데, T1419가 팀명을 TFN으로 바꾼다.",
                "subjectConsistencyYn": "N"
            },
            {
                "sentenceNo": 15,
                "sentenceContent": "소속사 MLD엔터테인먼트는 공식 팬카페에 \"금일(17일)부터 T1419는 TFN이라는 팀명으로 새롭게 팬 여러분을 만날 예정\"이라고 밝혔다. ",
                "subjectConsistencyYn": "N"
            }
        ],
        "clickbaitClass": 0
    }
}