{
    "sourceDataInfo": {
        "newsID": "ET_M13_629369",
        "newsCategory": "연예",
        "newsSubcategory": "방송",
        "newsTitle": "‘배앤크’ 이승헌, 장렬한 신고식",
        "newsSubTitle": "",
        "newsContent": "신예 이승헌이 안방극장에 강렬한 임팩트를 남겼다.\n지난 25일 방송된 tvN 금토드라마 ‘배드 앤 크레이지’(연출 유선동/극본 김새봄/제작 스튜디오 드래곤, 밍크엔터테인먼트) 4회에서 이승헌이 이희겸(한지은 분)과 같은 마약범죄수사계 신입 형사 ‘김경준’ 역으로 분한 가운데, 그의 마지막 모습이 그려졌다.\n이날 경준은 마약범죄수사계 팀원들과 남다른 케미스트리를 선보였다.\n경준은 팀장 김계식(이화룡 분)의 복직 축하 케이크를 든 채 따뜻한 미소로 그를 맞이해 훈훈한 분위기를 자아냈다.\n또한 회의에서 경준은 도유곤(임기홍 분)한테서 발견된 마약이 최고 품질이라는 말에 눈치를 살피다 “민수 선배님(이주현 분)을 죽인 심상호요. 심상호는 저급 마약을 취급했댔는데 심상호랑 저쪽 조직이랑 관련이 있을까요?”라며 의구심을 드러내 마약 조직에 대한 궁금증을 더욱 증폭시켰다.\n그런가 하면 경준은 희겸과 구치소에서 피습 당한 유곤을 이감하던 중 긴장감을 감추지 못했다.\n그는 그런 자신의 긴장감을 풀어주려는 희겸에게 “선배님이 제 롤모델이십니다”라며 존경심을 나타냈다.\n이렇게 따뜻한 분위기가 이어지던 그때, 멈춰 선 호송버스에 화물차가 달려들어 사고가 나고 말았다.\n이어 크게 다친 경준은 누군가의 칼에 찔려 안타까운 죽음을 맞이해 보는 이들을 놀라게 했다.\n이승헌은 ‘배드 앤 크레이지’에서 짧은 등장에도 굵직한 존재감을 드러냈다.\n그는 긴장한 듯한 표정과 말투로 신입 형사의 풋풋함을 담아냈는가 하면, 살인 사건에 대한 날카로운 질문을 던져 흥미를 자극했다.\n더불어 그는 예측 불가한 전개 속에서 갑작스러운 죽음으로 극적 긴장감을 한껏 높이기도. 이처럼 이번 작품을 통해 첫 브라운관 데뷔를 알린 이승헌이 앞으로 보여줄 행보에 기대가 모인다.\n한편, 이동욱, 위하준, 한지은, 차학연 등이 출연하는 tvN 금토드라마 ‘배드 앤 크레이지’는 매주 금, 토 밤 10시 40분에 방송된다.",
        "partNum": "P2",
        "useType": 0,
        "processType": "D",
        "processPattern": "24",
        "processLevel": "상",
        "sentenceCount": 13,
        "processSentencenum": 2,
        "sentenceInfo": [
            {
                "sentenceNo": 1,
                "sentenceContent": "신예 이승헌이 안방극장에 강렬한 임팩트를 남겼다.",
                "sentenceSize": 27
            },
            {
                "sentenceNo": 2,
                "sentenceContent": "지난 25일 방송된 tvN 금토드라마 ‘배드 앤 크레이지’(연출 유선동/극본 김새봄/제작 스튜디오 드래곤, 밍크엔터테인먼트) 4회에서 이승헌이 이희겸(한지은 분)과 같은 마약범죄수사계 신입 형사 ‘김경준’ 역으로 분한 가운데, 그의 마지막 모습이 그려졌다.",
                "sentenceSize": 143
            },
            {
                "sentenceNo": 3,
                "sentenceContent": "이날 경준은 마약범죄수사계 팀원들과 남다른 케미스트리를 선보였다.",
                "sentenceSize": 36
            },
            {
                "sentenceNo": 4,
                "sentenceContent": "경준은 팀장 김계식(이화룡 분)의 복직 축하 케이크를 든 채 따뜻한 미소로 그를 맞이해 훈훈한 분위기를 자아냈다.",
                "sentenceSize": 63
            },
            {
                "sentenceNo": 5,
                "sentenceContent": "또한 회의에서 경준은 도유곤(임기홍 분)한테서 발견된 마약이 최고 품질이라는 말에 눈치를 살피다 “민수 선배님(이주현 분)을 죽인 심상호요. 심상호는 저급 마약을 취급했댔는데 심상호랑 저쪽 조직이랑 관련이 있을까요?”라며 의구심을 드러내 마약 조직에 대한 궁금증을 더욱 증폭시켰다.",
                "sentenceSize": 157
            },
            {
                "sentenceNo": 6,
                "sentenceContent": "그런가 하면 경준은 희겸과 구치소에서 피습 당한 유곤을 이감하던 중 긴장감을 감추지 못했다.",
                "sentenceSize": 51
            },
            {
                "sentenceNo": 7,
                "sentenceContent": "그는 그런 자신의 긴장감을 풀어주려는 희겸에게 “선배님이 제 롤모델이십니다”라며 존경심을 나타냈다.",
                "sentenceSize": 55
            },
            {
                "sentenceNo": 8,
                "sentenceContent": "이렇게 따뜻한 분위기가 이어지던 그때, 멈춰 선 호송버스에 화물차가 달려들어 사고가 나고 말았다.",
                "sentenceSize": 54
            },
            {
                "sentenceNo": 9,
                "sentenceContent": "이어 크게 다친 경준은 누군가의 칼에 찔려 안타까운 죽음을 맞이해 보는 이들을 놀라게 했다.",
                "sentenceSize": 51
            },
            {
                "sentenceNo": 10,
                "sentenceContent": "이승헌은 ‘배드 앤 크레이지’에서 짧은 등장에도 굵직한 존재감을 드러냈다.",
                "sentenceSize": 41
            },
            {
                "sentenceNo": 11,
                "sentenceContent": "그는 긴장한 듯한 표정과 말투로 신입 형사의 풋풋함을 담아냈는가 하면, 살인 사건에 대한 날카로운 질문을 던져 흥미를 자극했다.",
                "sentenceSize": 71
            },
            {
                "sentenceNo": 12,
                "sentenceContent": "더불어 그는 예측 불가한 전개 속에서 갑작스러운 죽음으로 극적 긴장감을 한껏 높이기도. 이처럼 이번 작품을 통해 첫 브라운관 데뷔를 알린 이승헌이 앞으로 보여줄 행보에 기대가 모인다.",
                "sentenceSize": 102
            },
            {
                "sentenceNo": 13,
                "sentenceContent": "한편, 이동욱, 위하준, 한지은, 차학연 등이 출연하는 tvN 금토드라마 ‘배드 앤 크레이지’는 매주 금, 토 밤 10시 40분에 방송된다.",
                "sentenceSize": 78
            }
        ]
    },
    "labeledDataInfo": {
        "processSentenceInfo": [
            {
                "sentenceNo": 1,
                "sentenceContent": "신예 이승헌이 안방극장에 강렬한 임팩트를 남겼다.",
                "subjectConsistencyYn": "Y"
            },
            {
                "sentenceNo": 2,
                "sentenceContent": "지난 25일 방송된 tvN 금토드라마 ‘배드 앤 크레이지’(연출 유선동/극본 김새봄/제작 스튜디오 드래곤, 밍크엔터테인먼트) 4회에서 이승헌이 이희겸(한지은 분)과 같은 마약범죄수사계 신입 형사 ‘김경준’ 역으로 분한 가운데, 그의 마지막 모습이 그려졌다.",
                "subjectConsistencyYn": "Y"
            },
            {
                "sentenceNo": 3,
                "sentenceContent": "이날 경준은 마약범죄수사계 팀원들과 남다른 케미스트리를 선보였다.",
                "subjectConsistencyYn": "Y"
            },
            {
                "sentenceNo": 4,
                "sentenceContent": "경준은 팀장 김계식(이화룡 분)의 복직 축하 케이크를 든 채 따뜻한 미소로 그를 맞이해 훈훈한 분위기를 자아냈다.",
                "subjectConsistencyYn": "Y"
            },
            {
                "sentenceNo": 5,
                "sentenceContent": "또한 회의에서 경준은 도유곤(임기홍 분)한테서 발견된 마약이 최고 품질이라는 말에 눈치를 살피다 “민수 선배님(이주현 분)을 죽인 심상호요. 심상호는 저급 마약을 취급했댔는데 심상호랑 저쪽 조직이랑 관련이 있을까요?”라며 의구심을 드러내 마약 조직에 대한 궁금증을 더욱 증폭시켰다.",
                "subjectConsistencyYn": "Y"
            },
            {
                "sentenceNo": 6,
                "sentenceContent": "그런가 하면 경준은 희겸과 구치소에서 피습 당한 유곤을 이감하던 중 긴장감을 감추지 못했다.",
                "subjectConsistencyYn": "Y"
            },
            {
                "sentenceNo": 7,
                "sentenceContent": "그는 그런 자신의 긴장감을 풀어주려는 희겸에게 “선배님이 제 롤모델이십니다”라며 존경심을 나타냈다.",
                "subjectConsistencyYn": "Y"
            },
            {
                "sentenceNo": 8,
                "sentenceContent": "이렇게 따뜻한 분위기가 이어지던 그때, 멈춰 선 호송버스에 화물차가 달려들어 사고가 나고 말았다.",
                "subjectConsistencyYn": "Y"
            },
            {
                "sentenceNo": 9,
                "sentenceContent": "이어 크게 다친 경준은 누군가의 칼에 찔려 안타까운 죽음을 맞이해 보는 이들을 놀라게 했다.",
                "subjectConsistencyYn": "Y"
            },
            {
                "sentenceNo": 10,
                "sentenceContent": "이승헌은 ‘배드 앤 크레이지’에서 짧은 등장에도 굵직한 존재감을 드러냈다.",
                "subjectConsistencyYn": "Y"
            },
            {
                "sentenceNo": 11,
                "sentenceContent": "그는 긴장한 듯한 표정과 말투로 신입 형사의 풋풋함을 담아냈는가 하면, 살인 사건에 대한 날카로운 질문을 던져 흥미를 자극했다.",
                "subjectConsistencyYn": "Y"
            },
            {
                "sentenceNo": 12,
                "sentenceContent": "더불어 그는 예측 불가한 전개 속에서 갑작스러운 죽음으로 극적 긴장감을 한껏 높이기도. 이처럼 이번 작품을 통해 첫 브라운관 데뷔를 알린 이승헌이 앞으로 보여줄 행보에 기대가 모인다.",
                "subjectConsistencyYn": "Y"
            },
            {
                "sentenceNo": 13,
                "sentenceContent": "한편, 이동욱, 위하준, 한지은, 차학연 등이 출연하는 tvN 금토드라마 ‘배드 앤 크레이지’는 매주 금, 토 밤 10시 40분에 방송된다.",
                "subjectConsistencyYn": "Y"
            },
            {
                "sentenceNo": 14,
                "sentenceContent": "한편, 이승헌이 등장하는 tvN 금토드라마 '배드 앤 크레이지'의 제작자인 스튜디오 드래곤에 대해 참여연대 등 시민사회단체는 14일 주요 드라마 제작사의 배우 출연 계약 약관이 불공정하다고 주장하며 공정거래위원회에 신고했다.",
                "subjectConsistencyYn": "N"
            },
            {
                "sentenceNo": 15,
                "sentenceContent": "단체들은 스튜디오 드래곤의 배우 출연 계약서를 살펴본 결과 추상적인 계약기간, 저작인접권·초상권 등 권리 귀속, 출연료에 야외 및 제 수당 등 모든 수당 포함 등 불공정 조항이 확인됐다고 주장했다.  ",
                "subjectConsistencyYn": "N"
            }
        ],
        "clickbaitClass": 0
    }
}