{
    "sourceDataInfo": {
        "newsID": "ET_M13_629184",
        "newsCategory": "연예",
        "newsSubcategory": "연예일반",
        "newsTitle": "신예 지예은, 가족엔터와 전속 계약",
        "newsSubTitle": "",
        "newsContent": "배우 지예은이 가족엔터테인먼트에 새 둥지를 틀었다.\n가족엔터테인먼트는 15일 지예은과의 전속계약 사실을 알렸다.\n회사는 “몇 년 전 우연히 웹드라마 ‘옐로우’에서 지예은을 봤을 때 연기는 물론 매력있는 캐릭터로 기억에 남았고 팬이 됐다”며 “지예은은 한예종 졸업을 앞두고 있는 실력파 재원으로, 연기에 대한 깊은 애정으로 탄탄한 경력을 쌓았다”고 밝혔다.\n그러면서 “가족이 될 수 있어 무척 기쁘고 함께 웃을 날들이 기대된다. 가족엔터에서 날개를 펼칠 수 있도록 물심양면 지원을 아끼지 않을 예정”이라고 덧붙였다.\n지예은은 전속계약 체결 후 “저를 믿고 응원해주는 회사와 함께 하게 돼 기쁘고 감사하다”며 “배우로서 더 성장하고 좋은 모습을 보여드리도록 노력하겠다”는 각오를 내놨다.\n지예은은 ‘하우투’ ‘옐로우’ ‘고양이의 맛’ 등의 웹드라마에서 가능성을 보였다.\n또한 ‘오케이’ ‘밤이 되었습니다’ ‘배우 수업’ 등의 단편영화와 한예종의 레퍼토리 공연 ‘모모’를 통해 남다른 연기력을 선보였다.\n지예은과 계약한 가족엔터테인먼트에는 손병호, 재희, 김예령, 지안, 이세희, 진소연, 최대성 등이 소속돼 있다.",
        "partNum": "P2",
        "useType": 0,
        "processType": "D",
        "processPattern": "24",
        "processLevel": "상",
        "sentenceCount": 8,
        "processSentencenum": 2,
        "sentenceInfo": [
            {
                "sentenceNo": 1,
                "sentenceContent": "배우 지예은이 가족엔터테인먼트에 새 둥지를 틀었다.",
                "sentenceSize": 28
            },
            {
                "sentenceNo": 2,
                "sentenceContent": "가족엔터테인먼트는 15일 지예은과의 전속계약 사실을 알렸다.",
                "sentenceSize": 33
            },
            {
                "sentenceNo": 3,
                "sentenceContent": "회사는 “몇 년 전 우연히 웹드라마 ‘옐로우’에서 지예은을 봤을 때 연기는 물론 매력있는 캐릭터로 기억에 남았고 팬이 됐다”며 “지예은은 한예종 졸업을 앞두고 있는 실력파 재원으로, 연기에 대한 깊은 애정으로 탄탄한 경력을 쌓았다”고 밝혔다.",
                "sentenceSize": 135
            },
            {
                "sentenceNo": 4,
                "sentenceContent": "그러면서 “가족이 될 수 있어 무척 기쁘고 함께 웃을 날들이 기대된다. 가족엔터에서 날개를 펼칠 수 있도록 물심양면 지원을 아끼지 않을 예정”이라고 덧붙였다.",
                "sentenceSize": 88
            },
            {
                "sentenceNo": 5,
                "sentenceContent": "지예은은 전속계약 체결 후 “저를 믿고 응원해주는 회사와 함께 하게 돼 기쁘고 감사하다”며 “배우로서 더 성장하고 좋은 모습을 보여드리도록 노력하겠다”는 각오를 내놨다.",
                "sentenceSize": 94
            },
            {
                "sentenceNo": 6,
                "sentenceContent": "지예은은 ‘하우투’ ‘옐로우’ ‘고양이의 맛’ 등의 웹드라마에서 가능성을 보였다.",
                "sentenceSize": 45
            },
            {
                "sentenceNo": 7,
                "sentenceContent": "또한 ‘오케이’ ‘밤이 되었습니다’ ‘배우 수업’ 등의 단편영화와 한예종의 레퍼토리 공연 ‘모모’를 통해 남다른 연기력을 선보였다.",
                "sentenceSize": 73
            },
            {
                "sentenceNo": 8,
                "sentenceContent": "지예은과 계약한 가족엔터테인먼트에는 손병호, 재희, 김예령, 지안, 이세희, 진소연, 최대성 등이 소속돼 있다.",
                "sentenceSize": 62
            }
        ]
    },
    "labeledDataInfo": {
        "processSentenceInfo": [
            {
                "sentenceNo": 1,
                "sentenceContent": "배우 지예은이 가족엔터테인먼트에 새 둥지를 틀었다.",
                "subjectConsistencyYn": "Y"
            },
            {
                "sentenceNo": 2,
                "sentenceContent": "가족엔터테인먼트는 15일 지예은과의 전속계약 사실을 알렸다.",
                "subjectConsistencyYn": "Y"
            },
            {
                "sentenceNo": 3,
                "sentenceContent": "회사는 “몇 년 전 우연히 웹드라마 ‘옐로우’에서 지예은을 봤을 때 연기는 물론 매력있는 캐릭터로 기억에 남았고 팬이 됐다”며 “지예은은 한예종 졸업을 앞두고 있는 실력파 재원으로, 연기에 대한 깊은 애정으로 탄탄한 경력을 쌓았다”고 밝혔다.",
                "subjectConsistencyYn": "Y"
            },
            {
                "sentenceNo": 4,
                "sentenceContent": "그러면서 “가족이 될 수 있어 무척 기쁘고 함께 웃을 날들이 기대된다. 가족엔터에서 날개를 펼칠 수 있도록 물심양면 지원을 아끼지 않을 예정”이라고 덧붙였다.",
                "subjectConsistencyYn": "Y"
            },
            {
                "sentenceNo": 5,
                "sentenceContent": "지예은은 전속계약 체결 후 “저를 믿고 응원해주는 회사와 함께 하게 돼 기쁘고 감사하다”며 “배우로서 더 성장하고 좋은 모습을 보여드리도록 노력하겠다”는 각오를 내놨다.",
                "subjectConsistencyYn": "Y"
            },
            {
                "sentenceNo": 6,
                "sentenceContent": "지예은은 ‘하우투’ ‘옐로우’ ‘고양이의 맛’ 등의 웹드라마에서 가능성을 보였다.",
                "subjectConsistencyYn": "Y"
            },
            {
                "sentenceNo": 7,
                "sentenceContent": "또한 ‘오케이’ ‘밤이 되었습니다’ ‘배우 수업’ 등의 단편영화와 한예종의 레퍼토리 공연 ‘모모’를 통해 남다른 연기력을 선보였다.",
                "subjectConsistencyYn": "Y"
            },
            {
                "sentenceNo": 8,
                "sentenceContent": "지예은과 계약한 가족엔터테인먼트에는 손병호, 재희, 김예령, 지안, 이세희, 진소연, 최대성 등이 소속돼 있다.",
                "subjectConsistencyYn": "Y"
            },
            {
                "sentenceNo": 9,
                "sentenceContent": "배우 지예은이 가족엔터테인먼트에 새 둥지를 튼 가운데, 가족엔터테인먼트가 오는 28일 개그맨 양세찬과 전속계약을 진행할 예정이라고 밝혔다. ",
                "subjectConsistencyYn": "N"
            },
            {
                "sentenceNo": 10,
                "sentenceContent": "가족엔터테인먼트 측은 \"창립 이후 배우 매니지먼트 중심으로 사업을 진행하면서 많은 노하우를 쌓았다\", \"지금까지의 노하우를 바탕으로 사업 영역을 넓히고자 한다\"라고 밝혔다. ",
                "subjectConsistencyYn": "N"
            }
        ],
        "clickbaitClass": 0
    }
}