{
    "sourceDataInfo": {
        "newsID": "ET_M13_629166",
        "newsCategory": "연예",
        "newsSubcategory": "방송",
        "newsTitle": "‘어느 날’ 차승원×이설, 머리 맞댄 변호사들",
        "newsSubTitle": "",
        "newsContent": "차승원과 이설의 ‘열띤 회의 현장’이 포착됐다.\n지난 11월 27일(토) 0시(26일(금) 밤 12시)에 첫 공개된 쿠팡플레이 시리즈 ‘어느 날’(감독 이명우/ 제작 초록뱀미디어, 더 스튜디오엠, 골드메달리스트)은 평범한 대학생에서 하룻밤 사이 살인 용의자가 된 김현수(김수현)와 진실을 묻지 않는 밑바닥 삼류 변호사 신중한(차승원)의 치열한 생존을 그린 8부작 하드코어 범죄 드라마다.\n무엇보다 지난 6회에서 김현수의 공동변론을 맡게 된 신중한과 서수진(이설)은 검사 측이 흠을 잡기 위해 꼬집은 김현수의 고등학교 시절 폭행 사건의 진실을 끄집어내며 국민배심원의 마음을 흔들었다.\n하지만 신중한이 자리를 비운 사이 공판 분위기가 뒤흔들렸고, 무죄를 주장하던 김현수가 “모르겠어요”라고 말을 바꿔 혼란을 가중시켰다.\n이와 관련 ‘어느 날’ 차승원과 이설의 ‘주야장천 변론 준비’가 포착됐다.\n극 중 최대 위기에 놓인 김현수를 구하기 위해 신중한과 서수진이 밤낮없이 머리를 맞대고 있는 상황. 신중한과 서수진은 공판을 뒤집을 작은 힌트라도 찾기 위해 식사할 시간도 없이 주전부리와 라면으로 끼니를 때우며 회의에 회의를 거듭한다.\n특히 서류를 뒤져보던 신중한이 베테랑 변호사의 강력한 촉이 온 듯 진지한 얼굴로 변해 한마디를 던지고, 서수진이 번뜩이는 아이디어를 제시하는 터. 국민배심원들을 향해 펼치던 감성 전략이 암초를 만난 상태에서 신중한과 서수진이 반전의 키를 찾을 수 있을 것인지 궁금증이 증폭된다.\n제작진은 “차승원과 이설은 ‘어느 날’에서 가장 인간적인 캐릭터인 신중한과 서수진을 찰떡같이 소화하며 시청자들의 응원을 한 몸에 받고 있다”며 “무죄를 주장하던 의뢰인 김현수가 코너에 몰린 가운데 진정한 전우로 거듭난 두 사람이 판을 뒤집는 히든카드를 날릴 수 있을지, 7, 8회를 통해 꼭 확인해달라”고 전했다.\n한편 쿠팡플레이 ‘어느 날’ 7회는 12월 18일 토 0시(17일 금 밤 12시), 8회는 12월 19일 일 0시(18일 토 밤 12시)에 공개된다.",
        "partNum": "P2",
        "useType": 0,
        "processType": "D",
        "processPattern": "24",
        "processLevel": "상",
        "sentenceCount": 9,
        "processSentencenum": 2,
        "sentenceInfo": [
            {
                "sentenceNo": 1,
                "sentenceContent": "차승원과 이설의 ‘열띤 회의 현장’이 포착됐다.",
                "sentenceSize": 26
            },
            {
                "sentenceNo": 2,
                "sentenceContent": "지난 11월 27일(토) 0시(26일(금) 밤 12시)에 첫 공개된 쿠팡플레이 시리즈 ‘어느 날’(감독 이명우/ 제작 초록뱀미디어, 더 스튜디오엠, 골드메달리스트)은 평범한 대학생에서 하룻밤 사이 살인 용의자가 된 김현수(김수현)와 진실을 묻지 않는 밑바닥 삼류 변호사 신중한(차승원)의 치열한 생존을 그린 8부작 하드코어 범죄 드라마다.",
                "sentenceSize": 189
            },
            {
                "sentenceNo": 3,
                "sentenceContent": "무엇보다 지난 6회에서 김현수의 공동변론을 맡게 된 신중한과 서수진(이설)은 검사 측이 흠을 잡기 위해 꼬집은 김현수의 고등학교 시절 폭행 사건의 진실을 끄집어내며 국민배심원의 마음을 흔들었다.",
                "sentenceSize": 108
            },
            {
                "sentenceNo": 4,
                "sentenceContent": "하지만 신중한이 자리를 비운 사이 공판 분위기가 뒤흔들렸고, 무죄를 주장하던 김현수가 “모르겠어요”라고 말을 바꿔 혼란을 가중시켰다.",
                "sentenceSize": 74
            },
            {
                "sentenceNo": 5,
                "sentenceContent": "이와 관련 ‘어느 날’ 차승원과 이설의 ‘주야장천 변론 준비’가 포착됐다.",
                "sentenceSize": 41
            },
            {
                "sentenceNo": 6,
                "sentenceContent": "극 중 최대 위기에 놓인 김현수를 구하기 위해 신중한과 서수진이 밤낮없이 머리를 맞대고 있는 상황. 신중한과 서수진은 공판을 뒤집을 작은 힌트라도 찾기 위해 식사할 시간도 없이 주전부리와 라면으로 끼니를 때우며 회의에 회의를 거듭한다.",
                "sentenceSize": 131
            },
            {
                "sentenceNo": 7,
                "sentenceContent": "특히 서류를 뒤져보던 신중한이 베테랑 변호사의 강력한 촉이 온 듯 진지한 얼굴로 변해 한마디를 던지고, 서수진이 번뜩이는 아이디어를 제시하는 터. 국민배심원들을 향해 펼치던 감성 전략이 암초를 만난 상태에서 신중한과 서수진이 반전의 키를 찾을 수 있을 것인지 궁금증이 증폭된다.",
                "sentenceSize": 155
            },
            {
                "sentenceNo": 8,
                "sentenceContent": "제작진은 “차승원과 이설은 ‘어느 날’에서 가장 인간적인 캐릭터인 신중한과 서수진을 찰떡같이 소화하며 시청자들의 응원을 한 몸에 받고 있다”며 “무죄를 주장하던 의뢰인 김현수가 코너에 몰린 가운데 진정한 전우로 거듭난 두 사람이 판을 뒤집는 히든카드를 날릴 수 있을지, 7, 8회를 통해 꼭 확인해달라”고 전했다.",
                "sentenceSize": 175
            },
            {
                "sentenceNo": 9,
                "sentenceContent": "한편 쿠팡플레이 ‘어느 날’ 7회는 12월 18일 토 0시(17일 금 밤 12시), 8회는 12월 19일 일 0시(18일 토 밤 12시)에 공개된다.",
                "sentenceSize": 83
            }
        ]
    },
    "labeledDataInfo": {
        "processSentenceInfo": [
            {
                "sentenceNo": 1,
                "sentenceContent": "차승원과 이설의 ‘열띤 회의 현장’이 포착됐다.",
                "subjectConsistencyYn": "Y"
            },
            {
                "sentenceNo": 2,
                "sentenceContent": "지난 11월 27일(토) 0시(26일(금) 밤 12시)에 첫 공개된 쿠팡플레이 시리즈 ‘어느 날’(감독 이명우/ 제작 초록뱀미디어, 더 스튜디오엠, 골드메달리스트)은 평범한 대학생에서 하룻밤 사이 살인 용의자가 된 김현수(김수현)와 진실을 묻지 않는 밑바닥 삼류 변호사 신중한(차승원)의 치열한 생존을 그린 8부작 하드코어 범죄 드라마다.",
                "subjectConsistencyYn": "Y"
            },
            {
                "sentenceNo": 3,
                "sentenceContent": "무엇보다 지난 6회에서 김현수의 공동변론을 맡게 된 신중한과 서수진(이설)은 검사 측이 흠을 잡기 위해 꼬집은 김현수의 고등학교 시절 폭행 사건의 진실을 끄집어내며 국민배심원의 마음을 흔들었다.",
                "subjectConsistencyYn": "Y"
            },
            {
                "sentenceNo": 4,
                "sentenceContent": "하지만 신중한이 자리를 비운 사이 공판 분위기가 뒤흔들렸고, 무죄를 주장하던 김현수가 “모르겠어요”라고 말을 바꿔 혼란을 가중시켰다.",
                "subjectConsistencyYn": "Y"
            },
            {
                "sentenceNo": 5,
                "sentenceContent": "이와 관련 ‘어느 날’ 차승원과 이설의 ‘주야장천 변론 준비’가 포착됐다.",
                "subjectConsistencyYn": "Y"
            },
            {
                "sentenceNo": 6,
                "sentenceContent": "극 중 최대 위기에 놓인 김현수를 구하기 위해 신중한과 서수진이 밤낮없이 머리를 맞대고 있는 상황. 신중한과 서수진은 공판을 뒤집을 작은 힌트라도 찾기 위해 식사할 시간도 없이 주전부리와 라면으로 끼니를 때우며 회의에 회의를 거듭한다.",
                "subjectConsistencyYn": "Y"
            },
            {
                "sentenceNo": 7,
                "sentenceContent": "특히 서류를 뒤져보던 신중한이 베테랑 변호사의 강력한 촉이 온 듯 진지한 얼굴로 변해 한마디를 던지고, 서수진이 번뜩이는 아이디어를 제시하는 터. 국민배심원들을 향해 펼치던 감성 전략이 암초를 만난 상태에서 신중한과 서수진이 반전의 키를 찾을 수 있을 것인지 궁금증이 증폭된다.",
                "subjectConsistencyYn": "Y"
            },
            {
                "sentenceNo": 8,
                "sentenceContent": "제작진은 “차승원과 이설은 ‘어느 날’에서 가장 인간적인 캐릭터인 신중한과 서수진을 찰떡같이 소화하며 시청자들의 응원을 한 몸에 받고 있다”며 “무죄를 주장하던 의뢰인 김현수가 코너에 몰린 가운데 진정한 전우로 거듭난 두 사람이 판을 뒤집는 히든카드를 날릴 수 있을지, 7, 8회를 통해 꼭 확인해달라”고 전했다.",
                "subjectConsistencyYn": "Y"
            },
            {
                "sentenceNo": 9,
                "sentenceContent": "한편 쿠팡플레이 ‘어느 날’ 7회는 12월 18일 토 0시(17일 금 밤 12시), 8회는 12월 19일 일 0시(18일 토 밤 12시)에 공개된다.",
                "subjectConsistencyYn": "Y"
            },
            {
                "sentenceNo": 10,
                "sentenceContent": "차승원과 이설이 쿠팡플레이 시리즈 '어느 날'에서 활약하는 가운데 차승원의 소속사 YG엔터테인먼트의 양현석 전 대표가 법원에 출석하였다.",
                "subjectConsistencyYn": "N"
            },
            {
                "sentenceNo": 11,
                "sentenceContent": "양현석 전 대표는 아이돌 그룹인 '아이콘'의 전 멤버 비아이의 마약 수사를 무마한 혐의로 기소되었다.",
                "subjectConsistencyYn": "N"
            }
        ],
        "clickbaitClass": 0
    }
}