{
    "sourceDataInfo": {
        "newsID": "ET_M13_629522",
        "newsCategory": "연예",
        "newsSubcategory": "방송",
        "newsTitle": "‘자급자족원정대’ 김용명 “IHQ, 시청률 0.2% 안 나오는 프로그램 많다” 폭탄발언",
        "newsSubTitle": "",
        "newsContent": "‘자급자족원정대’ 출정식이 진행된다.\n오는 6일 첫 방송되는 채널 IHQ 예능프로그램 ‘자급자족원정대’ 1회에서는 전라남도 해남을 찾아 자급자족 생활을 펼치는 이만기, 윤택, 김용명, 홍윤화의 모습이 그려진다.\n최근 진행된 녹화에 참석한 이만기, 윤택, 김용명, 홍윤화는 ‘자급자족원정대’ 출정식을 진행했다.\n이날 출정식에서 윤택은 멤버들에게 “시청률 5% 달성 가능할까”라는 질문을 던지며 자유롭게 답변해달라고 말했다.\n김용명은 심각한 표정을 지으며 잠시 머뭇거리더니 “솔직히 IHQ에서 시청률 0.2%도 안 나오는 프로그램이 많다”고 돌직구를 날려 출연진들을 당황케 했다.\n눈치없는 김용명의 말에 ‘맏형’ 이만기는 “우리가 앉아있는 이유가 뭐냐”고 호통치며, 시청률을 올리기 위한 특별한(?) 방법을 제안해 눈길을 끌었다.\n이날 처음으로 뭉친 이만기, 윤택, 김용명, 홍윤화는 어르신들을 위해 육지와 바다를 오가며 일손 돕기에 나섰다.\n배추, 세발나물(갯나물), 통발 수확까지 서투르지만, 열정 넘치는 모습으로 어르신들을 흐뭇하게 했다는 후문이다.\n또 이들은 어르신들과 소통하며 따뜻한 마음을 나눠 감동을 자아냈다. ‘자급자족원정대’ 출정식과 전남 해남 방문기는 오는 6일 저녁 8시 30분 채널 IHQ를 통해 안방극장에 베송된다.",
        "partNum": "P2",
        "useType": 0,
        "processType": "D",
        "processPattern": "24",
        "processLevel": "상",
        "sentenceCount": 9,
        "processSentencenum": 2,
        "sentenceInfo": [
            {
                "sentenceNo": 1,
                "sentenceContent": "‘자급자족원정대’ 출정식이 진행된다.",
                "sentenceSize": 20
            },
            {
                "sentenceNo": 2,
                "sentenceContent": "오는 6일 첫 방송되는 채널 IHQ 예능프로그램 ‘자급자족원정대’ 1회에서는 전라남도 해남을 찾아 자급자족 생활을 펼치는 이만기, 윤택, 김용명, 홍윤화의 모습이 그려진다.",
                "sentenceSize": 96
            },
            {
                "sentenceNo": 3,
                "sentenceContent": "최근 진행된 녹화에 참석한 이만기, 윤택, 김용명, 홍윤화는 ‘자급자족원정대’ 출정식을 진행했다.",
                "sentenceSize": 54
            },
            {
                "sentenceNo": 4,
                "sentenceContent": "이날 출정식에서 윤택은 멤버들에게 “시청률 5% 달성 가능할까”라는 질문을 던지며 자유롭게 답변해달라고 말했다.",
                "sentenceSize": 62
            },
            {
                "sentenceNo": 5,
                "sentenceContent": "김용명은 심각한 표정을 지으며 잠시 머뭇거리더니 “솔직히 IHQ에서 시청률 0.2%도 안 나오는 프로그램이 많다”고 돌직구를 날려 출연진들을 당황케 했다.",
                "sentenceSize": 86
            },
            {
                "sentenceNo": 6,
                "sentenceContent": "눈치없는 김용명의 말에 ‘맏형’ 이만기는 “우리가 앉아있는 이유가 뭐냐”고 호통치며, 시청률을 올리기 위한 특별한(?) 방법을 제안해 눈길을 끌었다.",
                "sentenceSize": 83
            },
            {
                "sentenceNo": 7,
                "sentenceContent": "이날 처음으로 뭉친 이만기, 윤택, 김용명, 홍윤화는 어르신들을 위해 육지와 바다를 오가며 일손 돕기에 나섰다.",
                "sentenceSize": 62
            },
            {
                "sentenceNo": 8,
                "sentenceContent": "배추, 세발나물(갯나물), 통발 수확까지 서투르지만, 열정 넘치는 모습으로 어르신들을 흐뭇하게 했다는 후문이다.",
                "sentenceSize": 62
            },
            {
                "sentenceNo": 9,
                "sentenceContent": "또 이들은 어르신들과 소통하며 따뜻한 마음을 나눠 감동을 자아냈다. ‘자급자족원정대’ 출정식과 전남 해남 방문기는 오는 6일 저녁 8시 30분 채널 IHQ를 통해 안방극장에 베송된다.",
                "sentenceSize": 102
            }
        ]
    },
    "labeledDataInfo": {
        "processSentenceInfo": [
            {
                "sentenceNo": 1,
                "sentenceContent": "‘자급자족원정대’ 출정식이 진행된다.",
                "subjectConsistencyYn": "Y"
            },
            {
                "sentenceNo": 2,
                "sentenceContent": "오는 6일 첫 방송되는 채널 IHQ 예능프로그램 ‘자급자족원정대’ 1회에서는 전라남도 해남을 찾아 자급자족 생활을 펼치는 이만기, 윤택, 김용명, 홍윤화의 모습이 그려진다.",
                "subjectConsistencyYn": "Y"
            },
            {
                "sentenceNo": 3,
                "sentenceContent": "최근 진행된 녹화에 참석한 이만기, 윤택, 김용명, 홍윤화는 ‘자급자족원정대’ 출정식을 진행했다.",
                "subjectConsistencyYn": "Y"
            },
            {
                "sentenceNo": 4,
                "sentenceContent": "이날 출정식에서 윤택은 멤버들에게 “시청률 5% 달성 가능할까”라는 질문을 던지며 자유롭게 답변해달라고 말했다.",
                "subjectConsistencyYn": "Y"
            },
            {
                "sentenceNo": 5,
                "sentenceContent": "김용명은 심각한 표정을 지으며 잠시 머뭇거리더니 “솔직히 IHQ에서 시청률 0.2%도 안 나오는 프로그램이 많다”고 돌직구를 날려 출연진들을 당황케 했다.",
                "subjectConsistencyYn": "Y"
            },
            {
                "sentenceNo": 6,
                "sentenceContent": "눈치없는 김용명의 말에 ‘맏형’ 이만기는 “우리가 앉아있는 이유가 뭐냐”고 호통치며, 시청률을 올리기 위한 특별한(?) 방법을 제안해 눈길을 끌었다.",
                "subjectConsistencyYn": "Y"
            },
            {
                "sentenceNo": 7,
                "sentenceContent": "이날 처음으로 뭉친 이만기, 윤택, 김용명, 홍윤화는 어르신들을 위해 육지와 바다를 오가며 일손 돕기에 나섰다.",
                "subjectConsistencyYn": "Y"
            },
            {
                "sentenceNo": 8,
                "sentenceContent": "배추, 세발나물(갯나물), 통발 수확까지 서투르지만, 열정 넘치는 모습으로 어르신들을 흐뭇하게 했다는 후문이다.",
                "subjectConsistencyYn": "Y"
            },
            {
                "sentenceNo": 9,
                "sentenceContent": "또 이들은 어르신들과 소통하며 따뜻한 마음을 나눠 감동을 자아냈다. ‘자급자족원정대’ 출정식과 전남 해남 방문기는 오는 6일 저녁 8시 30분 채널 IHQ를 통해 안방극장에 베송된다.",
                "subjectConsistencyYn": "Y"
            },
            {
                "sentenceNo": 10,
                "sentenceContent": "'자급자족원정대' 김용명이 \"IHQ에서 시청률 0.2%도 안 나오는 프로그램이 많다”라고 돌직구를 날려 출연진들을 당황하게 한 가운데, 김용명이 하리무에게 말실수 후 무릎 꿇고 사과해 화제가 되고 있다.  ",
                "subjectConsistencyYn": "N"
            },
            {
                "sentenceNo": 11,
                "sentenceContent": "JTBC ‘떼춤’에서는 하리무와 코미디언 김용명이 기억에 남는 포인트 안무에 대한 대화를 나눴고 막내 하리무는 김수로가 만든 꼭짓점 댄스를 잘 모르는 모습으로 눈길을 끌며, 김용명은 하리무의 이름을 부르다가 “하리수”라고 부르는 실수를 했다.  ",
                "subjectConsistencyYn": "N"
            }
        ],
        "clickbaitClass": 0
    }
}