{
    "sourceDataInfo": {
        "newsID": "ET_M13_629519",
        "newsCategory": "연예",
        "newsSubcategory": "연예일반",
        "newsTitle": "이정재, 美 골든글로브 불참 선언 “현지 상황 고려”",
        "newsSubTitle": "",
        "newsContent": "배우 이정재가 미국 골든글로브 시상식에 불참한다.\n소속사 아티스트컴퍼니 관계자는 5일 “후보에 오른 것은 영광스럽게 생각하지만 시상식에는 참석하지 않는 것으로 결정을 내렸다”고 밝혔다.\n이어 “넷플릭스가 골든글로브에 작품을 출품하지 않기에 시상식 참석이 어렵게 됐다”며 “신종 코로나바이러스 감염증(코로나19) 확산 여파와 현지 상황 등을 고려해 올해 시상식은 불참하기로 했다”고 불참 이유에 대해 설명했다.\n이정재는 ‘오징어 게임’으로 오는 9일(현지시간) 열리는 제79회 골든글로브 시상식 TV 드라마 부문 남우주연상 후보에 이름을 올렸다.\n이외에도 ‘오징어 게임’은 최우수 TV 시리즈 후보에, 오영수는 TV 드라마 부문 남우조연상 후보에 노미네이트됐다.\n그러나 이정재를 비롯한 ‘오징어 게임’ 측은 이번 골든글로브 시상식에 참석하지 않을 예정이다.\n이는 골든글로브에 대한 할리우드의 보이콧 여파 때문. 지난해 2월 일간 신문사 ‘로스앤젤레스타임스’는 골든글로브 주최 단체인 할리우드외신기자협회(Hollywood Foreign Press Association, 이하 HFPA)의 부패와 87명의 HFPA 회원들 중에는 흑인이 한 명도 포함되지 않는다는 ‘인종 차별’ 의혹을 폭로했다.\n이에 할리우드에서 보이콧 운동이 일었다.\n지난 5월에는 NBC가 시상식 중계를 보이콧했으며, 넷플릭스, 아마존 스튜디오, 워너브라더스 등도 작품을 출품하지 않는다고 발표했다.\n이어 톰 크루즈를 비롯한 할리우드 배우들도 상을 반납하는 등 보이콧 운동에 힘을 실었다.\n한편, 골든글로브는 할리우드 외신기자협회에서 수여하는 상으로, 그 영향력이 아카데미상까지 이어지기 때문에 아카데미상의 전초전으로 불리는 시상식이다.\n앞서 한국의 ‘기생충’(감독 봉준호·2019)이 제77회 골든글로브에서 한국 영화 최초로 외국어 영화상을 수상한 바 있다.",
        "partNum": "P2",
        "useType": 0,
        "processType": "D",
        "processPattern": "24",
        "processLevel": "상",
        "sentenceCount": 12,
        "processSentencenum": 2,
        "sentenceInfo": [
            {
                "sentenceNo": 1,
                "sentenceContent": "배우 이정재가 미국 골든글로브 시상식에 불참한다.",
                "sentenceSize": 27
            },
            {
                "sentenceNo": 2,
                "sentenceContent": "소속사 아티스트컴퍼니 관계자는 5일 “후보에 오른 것은 영광스럽게 생각하지만 시상식에는 참석하지 않는 것으로 결정을 내렸다”고 밝혔다.",
                "sentenceSize": 75
            },
            {
                "sentenceNo": 3,
                "sentenceContent": "이어 “넷플릭스가 골든글로브에 작품을 출품하지 않기에 시상식 참석이 어렵게 됐다”며 “신종 코로나바이러스 감염증(코로나19) 확산 여파와 현지 상황 등을 고려해 올해 시상식은 불참하기로 했다”고 불참 이유에 대해 설명했다.",
                "sentenceSize": 124
            },
            {
                "sentenceNo": 4,
                "sentenceContent": "이정재는 ‘오징어 게임’으로 오는 9일(현지시간) 열리는 제79회 골든글로브 시상식 TV 드라마 부문 남우주연상 후보에 이름을 올렸다.",
                "sentenceSize": 75
            },
            {
                "sentenceNo": 5,
                "sentenceContent": "이외에도 ‘오징어 게임’은 최우수 TV 시리즈 후보에, 오영수는 TV 드라마 부문 남우조연상 후보에 노미네이트됐다.",
                "sentenceSize": 64
            },
            {
                "sentenceNo": 6,
                "sentenceContent": "그러나 이정재를 비롯한 ‘오징어 게임’ 측은 이번 골든글로브 시상식에 참석하지 않을 예정이다.",
                "sentenceSize": 52
            },
            {
                "sentenceNo": 7,
                "sentenceContent": "이는 골든글로브에 대한 할리우드의 보이콧 여파 때문. 지난해 2월 일간 신문사 ‘로스앤젤레스타임스’는 골든글로브 주최 단체인 할리우드외신기자협회(Hollywood Foreign Press Association, 이하 HFPA)의 부패와 87명의 HFPA 회원들 중에는 흑인이 한 명도 포함되지 않는다는 ‘인종 차별’ 의혹을 폭로했다.",
                "sentenceSize": 186
            },
            {
                "sentenceNo": 8,
                "sentenceContent": "이에 할리우드에서 보이콧 운동이 일었다.",
                "sentenceSize": 22
            },
            {
                "sentenceNo": 9,
                "sentenceContent": "지난 5월에는 NBC가 시상식 중계를 보이콧했으며, 넷플릭스, 아마존 스튜디오, 워너브라더스 등도 작품을 출품하지 않는다고 발표했다.",
                "sentenceSize": 74
            },
            {
                "sentenceNo": 10,
                "sentenceContent": "이어 톰 크루즈를 비롯한 할리우드 배우들도 상을 반납하는 등 보이콧 운동에 힘을 실었다.",
                "sentenceSize": 49
            },
            {
                "sentenceNo": 11,
                "sentenceContent": "한편, 골든글로브는 할리우드 외신기자협회에서 수여하는 상으로, 그 영향력이 아카데미상까지 이어지기 때문에 아카데미상의 전초전으로 불리는 시상식이다.",
                "sentenceSize": 82
            },
            {
                "sentenceNo": 12,
                "sentenceContent": "앞서 한국의 ‘기생충’(감독 봉준호·2019)이 제77회 골든글로브에서 한국 영화 최초로 외국어 영화상을 수상한 바 있다.",
                "sentenceSize": 68
            }
        ]
    },
    "labeledDataInfo": {
        "processSentenceInfo": [
            {
                "sentenceNo": 1,
                "sentenceContent": "배우 이정재가 미국 골든글로브 시상식에 불참한다.",
                "subjectConsistencyYn": "Y"
            },
            {
                "sentenceNo": 2,
                "sentenceContent": "소속사 아티스트컴퍼니 관계자는 5일 “후보에 오른 것은 영광스럽게 생각하지만 시상식에는 참석하지 않는 것으로 결정을 내렸다”고 밝혔다.",
                "subjectConsistencyYn": "Y"
            },
            {
                "sentenceNo": 3,
                "sentenceContent": "이어 “넷플릭스가 골든글로브에 작품을 출품하지 않기에 시상식 참석이 어렵게 됐다”며 “신종 코로나바이러스 감염증(코로나19) 확산 여파와 현지 상황 등을 고려해 올해 시상식은 불참하기로 했다”고 불참 이유에 대해 설명했다.",
                "subjectConsistencyYn": "Y"
            },
            {
                "sentenceNo": 4,
                "sentenceContent": "이정재는 ‘오징어 게임’으로 오는 9일(현지시간) 열리는 제79회 골든글로브 시상식 TV 드라마 부문 남우주연상 후보에 이름을 올렸다.",
                "subjectConsistencyYn": "Y"
            },
            {
                "sentenceNo": 5,
                "sentenceContent": "이외에도 ‘오징어 게임’은 최우수 TV 시리즈 후보에, 오영수는 TV 드라마 부문 남우조연상 후보에 노미네이트됐다.",
                "subjectConsistencyYn": "Y"
            },
            {
                "sentenceNo": 6,
                "sentenceContent": "그러나 이정재를 비롯한 ‘오징어 게임’ 측은 이번 골든글로브 시상식에 참석하지 않을 예정이다.",
                "subjectConsistencyYn": "Y"
            },
            {
                "sentenceNo": 7,
                "sentenceContent": "이는 골든글로브에 대한 할리우드의 보이콧 여파 때문. 지난해 2월 일간 신문사 ‘로스앤젤레스타임스’는 골든글로브 주최 단체인 할리우드외신기자협회(Hollywood Foreign Press Association, 이하 HFPA)의 부패와 87명의 HFPA 회원들 중에는 흑인이 한 명도 포함되지 않는다는 ‘인종 차별’ 의혹을 폭로했다.",
                "subjectConsistencyYn": "Y"
            },
            {
                "sentenceNo": 8,
                "sentenceContent": "이에 할리우드에서 보이콧 운동이 일었다.",
                "subjectConsistencyYn": "Y"
            },
            {
                "sentenceNo": 9,
                "sentenceContent": "지난 5월에는 NBC가 시상식 중계를 보이콧했으며, 넷플릭스, 아마존 스튜디오, 워너브라더스 등도 작품을 출품하지 않는다고 발표했다.",
                "subjectConsistencyYn": "Y"
            },
            {
                "sentenceNo": 10,
                "sentenceContent": "이어 톰 크루즈를 비롯한 할리우드 배우들도 상을 반납하는 등 보이콧 운동에 힘을 실었다.",
                "subjectConsistencyYn": "Y"
            },
            {
                "sentenceNo": 11,
                "sentenceContent": "한편, 골든글로브는 할리우드 외신기자협회에서 수여하는 상으로, 그 영향력이 아카데미상까지 이어지기 때문에 아카데미상의 전초전으로 불리는 시상식이다.",
                "subjectConsistencyYn": "Y"
            },
            {
                "sentenceNo": 12,
                "sentenceContent": "앞서 한국의 ‘기생충’(감독 봉준호·2019)이 제77회 골든글로브에서 한국 영화 최초로 외국어 영화상을 수상한 바 있다.",
                "subjectConsistencyYn": "Y"
            },
            {
                "sentenceNo": 13,
                "sentenceContent": "넷플릭스가 골든글로브에 작품을 출품하지 않으면서 배우 이정재가 미국 골든글로브 시상식에 불참하는 가운데, 청룡영화상에서 신인 감독상의 주인공이 된 이정재의 전화 수상소감이 화제가 되고 있다. ",
                "subjectConsistencyYn": "N"
            },
            {
                "sentenceNo": 14,
                "sentenceContent": "해외 촬영차 참석하지 못한 이정재를 대신해 동료 배우 정우성이 대리 수상했으며, 정우성은 이날 무대에 올라 돌연 전화 연결을 시도해 영국에 있는 이정재의 육성을 스피커폰을 통해 들려줬고 많은 사람의 웃음을 자아냈다. ",
                "subjectConsistencyYn": "N"
            }
        ],
        "clickbaitClass": 0
    }
}