{
    "sourceDataInfo": {
        "newsID": "ET_M13_629510",
        "newsCategory": "연예",
        "newsSubcategory": "연예일반",
        "newsTitle": "‘컴백 D-1’ 오메가엑스, 타이틀곡 ‘LOVE ME LIKE’ 퍼포먼스 공개",
        "newsSubTitle": "",
        "newsContent": "아이돌그룹 오메가엑스(OMEGA X)의 퍼포먼스 일부가 최초 공개됐다.\n오메가엑스(재한, 휘찬, 세빈, 한겸, 태동, XEN, 제현, KEVIN, 정훈, 혁, 예찬)는 4일 공식 SNS를 통해 두 번째 미니앨범 ‘LOVE ME LIKE(러브 미 라이크)’의 동명의 타이틀곡 ‘LOVE ME LIKE’ 뮤직비디오 티저를 공개했다.\n공개된 영상에는 오메가엑스가 복면을 벗고 도발적인 매력을 드러내는 모습이 담겨 있다.\n오메가엑스는 강한 눈빛과 짙은 카리스마를 드러내며 한층 무르익은 남성미로 시선을 장악했다.\n올블랙 슈트 차림으로 선보이는 11인 11색 칼군무가 완성도를 높였다.\n퍼포먼스와 함께 공개된 ‘LOVE ME LIKE’의 음원 또한 팬들 관심을 모은다.\n이국적인 비트, 중독성 넘치는 멜로디 위로 반복되는 후렴 가사가 단번에 귀를 사로잡으며 곧 베일을 벗을 음원과 뮤직비디오 풀 버전에 대한 기대감을 증폭시키고 있다.\n타이틀곡 ‘LOVE ME LIKE’는 미니멀하고 이국적인 비트 위에 화려한 플루트 라인을 담은 뭄바톤(Moombahton) 리듬 댄스곡으로, 상대를 향한 깊은 사랑을 가사에 담았다.\n오메가엑스의 강한 랩과 개성 있는 보컬이 라틴 음악을 만나 폭발적인 시너지를 선사하는 것은 물론, 섹시함을 극대화한 퍼포먼스로 다채로운 매력을 펼친다.\n오메가엑스는 앞서 공개된 티저를 통해 치명적이고 과감한 변신을 예고한 바 있다.\n전작 앨범에서 보여줬던 에너제틱한 모습과는 달리 한층 성숙한 매력으로 무장한 오메가엑스는 ‘4세대 신흥 짐승돌’로 존재감을 각인시킬 예정이다.\n오메가엑스는 오는 5일 오후 6시 전 온라인 음원 사이트를 통해 두 번째 미니앨범 ‘LOVE ME LIKE’를 발매한다.\n또 같은 날 쇼케이스를 개최하며 팬들과 소통한다.",
        "partNum": "P2",
        "useType": 0,
        "processType": "D",
        "processPattern": "24",
        "processLevel": "상",
        "sentenceCount": 13,
        "processSentencenum": 2,
        "sentenceInfo": [
            {
                "sentenceNo": 1,
                "sentenceContent": "아이돌그룹 오메가엑스(OMEGA X)의 퍼포먼스 일부가 최초 공개됐다.",
                "sentenceSize": 39
            },
            {
                "sentenceNo": 2,
                "sentenceContent": "오메가엑스(재한, 휘찬, 세빈, 한겸, 태동, XEN, 제현, KEVIN, 정훈, 혁, 예찬)는 4일 공식 SNS를 통해 두 번째 미니앨범 ‘LOVE ME LIKE(러브 미 라이크)’의 동명의 타이틀곡 ‘LOVE ME LIKE’ 뮤직비디오 티저를 공개했다.",
                "sentenceSize": 143
            },
            {
                "sentenceNo": 3,
                "sentenceContent": "공개된 영상에는 오메가엑스가 복면을 벗고 도발적인 매력을 드러내는 모습이 담겨 있다.",
                "sentenceSize": 47
            },
            {
                "sentenceNo": 4,
                "sentenceContent": "오메가엑스는 강한 눈빛과 짙은 카리스마를 드러내며 한층 무르익은 남성미로 시선을 장악했다.",
                "sentenceSize": 50
            },
            {
                "sentenceNo": 5,
                "sentenceContent": "올블랙 슈트 차림으로 선보이는 11인 11색 칼군무가 완성도를 높였다.",
                "sentenceSize": 39
            },
            {
                "sentenceNo": 6,
                "sentenceContent": "퍼포먼스와 함께 공개된 ‘LOVE ME LIKE’의 음원 또한 팬들 관심을 모은다.",
                "sentenceSize": 46
            },
            {
                "sentenceNo": 7,
                "sentenceContent": "이국적인 비트, 중독성 넘치는 멜로디 위로 반복되는 후렴 가사가 단번에 귀를 사로잡으며 곧 베일을 벗을 음원과 뮤직비디오 풀 버전에 대한 기대감을 증폭시키고 있다.",
                "sentenceSize": 91
            },
            {
                "sentenceNo": 8,
                "sentenceContent": "타이틀곡 ‘LOVE ME LIKE’는 미니멀하고 이국적인 비트 위에 화려한 플루트 라인을 담은 뭄바톤(Moombahton) 리듬 댄스곡으로, 상대를 향한 깊은 사랑을 가사에 담았다.",
                "sentenceSize": 101
            },
            {
                "sentenceNo": 9,
                "sentenceContent": "오메가엑스의 강한 랩과 개성 있는 보컬이 라틴 음악을 만나 폭발적인 시너지를 선사하는 것은 물론, 섹시함을 극대화한 퍼포먼스로 다채로운 매력을 펼친다.",
                "sentenceSize": 84
            },
            {
                "sentenceNo": 10,
                "sentenceContent": "오메가엑스는 앞서 공개된 티저를 통해 치명적이고 과감한 변신을 예고한 바 있다.",
                "sentenceSize": 44
            },
            {
                "sentenceNo": 11,
                "sentenceContent": "전작 앨범에서 보여줬던 에너제틱한 모습과는 달리 한층 성숙한 매력으로 무장한 오메가엑스는 ‘4세대 신흥 짐승돌’로 존재감을 각인시킬 예정이다.",
                "sentenceSize": 79
            },
            {
                "sentenceNo": 12,
                "sentenceContent": "오메가엑스는 오는 5일 오후 6시 전 온라인 음원 사이트를 통해 두 번째 미니앨범 ‘LOVE ME LIKE’를 발매한다.",
                "sentenceSize": 67
            },
            {
                "sentenceNo": 13,
                "sentenceContent": "또 같은 날 쇼케이스를 개최하며 팬들과 소통한다.",
                "sentenceSize": 27
            }
        ]
    },
    "labeledDataInfo": {
        "processSentenceInfo": [
            {
                "sentenceNo": 1,
                "sentenceContent": "아이돌그룹 오메가엑스(OMEGA X)의 퍼포먼스 일부가 최초 공개됐다.",
                "subjectConsistencyYn": "Y"
            },
            {
                "sentenceNo": 2,
                "sentenceContent": "오메가엑스(재한, 휘찬, 세빈, 한겸, 태동, XEN, 제현, KEVIN, 정훈, 혁, 예찬)는 4일 공식 SNS를 통해 두 번째 미니앨범 ‘LOVE ME LIKE(러브 미 라이크)’의 동명의 타이틀곡 ‘LOVE ME LIKE’ 뮤직비디오 티저를 공개했다.",
                "subjectConsistencyYn": "Y"
            },
            {
                "sentenceNo": 3,
                "sentenceContent": "공개된 영상에는 오메가엑스가 복면을 벗고 도발적인 매력을 드러내는 모습이 담겨 있다.",
                "subjectConsistencyYn": "Y"
            },
            {
                "sentenceNo": 4,
                "sentenceContent": "오메가엑스는 강한 눈빛과 짙은 카리스마를 드러내며 한층 무르익은 남성미로 시선을 장악했다.",
                "subjectConsistencyYn": "Y"
            },
            {
                "sentenceNo": 5,
                "sentenceContent": "올블랙 슈트 차림으로 선보이는 11인 11색 칼군무가 완성도를 높였다.",
                "subjectConsistencyYn": "Y"
            },
            {
                "sentenceNo": 6,
                "sentenceContent": "퍼포먼스와 함께 공개된 ‘LOVE ME LIKE’의 음원 또한 팬들 관심을 모은다.",
                "subjectConsistencyYn": "Y"
            },
            {
                "sentenceNo": 7,
                "sentenceContent": "이국적인 비트, 중독성 넘치는 멜로디 위로 반복되는 후렴 가사가 단번에 귀를 사로잡으며 곧 베일을 벗을 음원과 뮤직비디오 풀 버전에 대한 기대감을 증폭시키고 있다.",
                "subjectConsistencyYn": "Y"
            },
            {
                "sentenceNo": 8,
                "sentenceContent": "타이틀곡 ‘LOVE ME LIKE’는 미니멀하고 이국적인 비트 위에 화려한 플루트 라인을 담은 뭄바톤(Moombahton) 리듬 댄스곡으로, 상대를 향한 깊은 사랑을 가사에 담았다.",
                "subjectConsistencyYn": "Y"
            },
            {
                "sentenceNo": 9,
                "sentenceContent": "오메가엑스의 강한 랩과 개성 있는 보컬이 라틴 음악을 만나 폭발적인 시너지를 선사하는 것은 물론, 섹시함을 극대화한 퍼포먼스로 다채로운 매력을 펼친다.",
                "subjectConsistencyYn": "Y"
            },
            {
                "sentenceNo": 10,
                "sentenceContent": "오메가엑스는 앞서 공개된 티저를 통해 치명적이고 과감한 변신을 예고한 바 있다.",
                "subjectConsistencyYn": "Y"
            },
            {
                "sentenceNo": 11,
                "sentenceContent": "전작 앨범에서 보여줬던 에너제틱한 모습과는 달리 한층 성숙한 매력으로 무장한 오메가엑스는 ‘4세대 신흥 짐승돌’로 존재감을 각인시킬 예정이다.",
                "subjectConsistencyYn": "Y"
            },
            {
                "sentenceNo": 12,
                "sentenceContent": "오메가엑스는 오는 5일 오후 6시 전 온라인 음원 사이트를 통해 두 번째 미니앨범 ‘LOVE ME LIKE’를 발매한다.",
                "subjectConsistencyYn": "Y"
            },
            {
                "sentenceNo": 13,
                "sentenceContent": "또 같은 날 쇼케이스를 개최하며 팬들과 소통한다.",
                "subjectConsistencyYn": "Y"
            },
            {
                "sentenceNo": 14,
                "sentenceContent": "퍼포먼스 일부가 최초 공개된 퍼포먼스 아이돌그룹 오메가엑스는 '오디션 프로그램·기존 보이그룹 출신 멤버들'로 구성된 그룹이다.",
                "subjectConsistencyYn": "N"
            },
            {
                "sentenceNo": 15,
                "sentenceContent": "그룹명 'OMEGA X'는 그리스 알파벳의 마지막 글자인 \"오메가(Ω)\"에 새로운 시작과 꿈을, \"X\"에 무한한 사랑과 희망 등 상징을 담아냈다고 한다.",
                "subjectConsistencyYn": "N"
            }
        ],
        "clickbaitClass": 0
    }
}