{
    "sourceDataInfo": {
        "newsID": "ET_M13_629388",
        "newsCategory": "연예",
        "newsSubcategory": "방송",
        "newsTitle": "‘가요무대’ 이도진, 안방 심금 적셨다",
        "newsSubTitle": "",
        "newsContent": "가수 이도진이 안방시청자들의 감정을 흔들었다.\n이도진은 지난 27일 방송된 KBS1 ‘가요무대’에 출연해 가요무대 팬들의 마음을 사로잡았다.\n이날 이도진은 ‘송년신청곡’이라는 주제로 꾸며진 ‘가요무대’에서 1968년 발표된 유주용의 ‘부모’를 선곡, 옛날을 회상하듯 부모님을 떠올리는 감정선을 잘 살려 진정성 있는 보컬로 시청자들의 눈과 귀를 사로잡았다.\n특히 카키색 수트 스타일링으로 절제되면서도 시원스러운 마스크가 돋보이는 매력을 선보인 이도진은 완벽한 가창력으로 고품격 귀호강을 선사했다.\n이도진은 센스 있는 가사와 신나는 리듬이 매력적인 트로트곡 ‘오케이’로 올 한 해 많은 사랑을 받은 바 있다.\n아이돌보다 더 아이돌 같은 잘생긴 외모와 넘치는 끼 덕분에 트롯 팬심을 제대로 저격하며 차세대 트롯 유망주로 완벽히 자리매김하고 있다는 평가를 받고 있다.\n최근 예능까지 활발하게 활약하며 존재감을 빛내고 있는 이도진의 상승세는 한동안 계속될 것으로 보인다.\n차세대 트롯 유망주로 큰 사랑을 받고 있는 이도진의 행보가 어떻게 이어질지 기대가 되고 있다.",
        "partNum": "P2",
        "useType": 0,
        "processType": "D",
        "processPattern": "24",
        "processLevel": "상",
        "sentenceCount": 8,
        "processSentencenum": 2,
        "sentenceInfo": [
            {
                "sentenceNo": 1,
                "sentenceContent": "가수 이도진이 안방시청자들의 감정을 흔들었다.",
                "sentenceSize": 25
            },
            {
                "sentenceNo": 2,
                "sentenceContent": "이도진은 지난 27일 방송된 KBS1 ‘가요무대’에 출연해 가요무대 팬들의 마음을 사로잡았다.",
                "sentenceSize": 52
            },
            {
                "sentenceNo": 3,
                "sentenceContent": "이날 이도진은 ‘송년신청곡’이라는 주제로 꾸며진 ‘가요무대’에서 1968년 발표된 유주용의 ‘부모’를 선곡, 옛날을 회상하듯 부모님을 떠올리는 감정선을 잘 살려 진정성 있는 보컬로 시청자들의 눈과 귀를 사로잡았다.",
                "sentenceSize": 119
            },
            {
                "sentenceNo": 4,
                "sentenceContent": "특히 카키색 수트 스타일링으로 절제되면서도 시원스러운 마스크가 돋보이는 매력을 선보인 이도진은 완벽한 가창력으로 고품격 귀호강을 선사했다.",
                "sentenceSize": 77
            },
            {
                "sentenceNo": 5,
                "sentenceContent": "이도진은 센스 있는 가사와 신나는 리듬이 매력적인 트로트곡 ‘오케이’로 올 한 해 많은 사랑을 받은 바 있다.",
                "sentenceSize": 61
            },
            {
                "sentenceNo": 6,
                "sentenceContent": "아이돌보다 더 아이돌 같은 잘생긴 외모와 넘치는 끼 덕분에 트롯 팬심을 제대로 저격하며 차세대 트롯 유망주로 완벽히 자리매김하고 있다는 평가를 받고 있다.",
                "sentenceSize": 86
            },
            {
                "sentenceNo": 7,
                "sentenceContent": "최근 예능까지 활발하게 활약하며 존재감을 빛내고 있는 이도진의 상승세는 한동안 계속될 것으로 보인다.",
                "sentenceSize": 56
            },
            {
                "sentenceNo": 8,
                "sentenceContent": "차세대 트롯 유망주로 큰 사랑을 받고 있는 이도진의 행보가 어떻게 이어질지 기대가 되고 있다.",
                "sentenceSize": 52
            }
        ]
    },
    "labeledDataInfo": {
        "processSentenceInfo": [
            {
                "sentenceNo": 1,
                "sentenceContent": "가수 이도진이 안방시청자들의 감정을 흔들었다.",
                "subjectConsistencyYn": "Y"
            },
            {
                "sentenceNo": 2,
                "sentenceContent": "이도진은 지난 27일 방송된 KBS1 ‘가요무대’에 출연해 가요무대 팬들의 마음을 사로잡았다.",
                "subjectConsistencyYn": "Y"
            },
            {
                "sentenceNo": 3,
                "sentenceContent": "이날 이도진은 ‘송년신청곡’이라는 주제로 꾸며진 ‘가요무대’에서 1968년 발표된 유주용의 ‘부모’를 선곡, 옛날을 회상하듯 부모님을 떠올리는 감정선을 잘 살려 진정성 있는 보컬로 시청자들의 눈과 귀를 사로잡았다.",
                "subjectConsistencyYn": "Y"
            },
            {
                "sentenceNo": 4,
                "sentenceContent": "특히 카키색 수트 스타일링으로 절제되면서도 시원스러운 마스크가 돋보이는 매력을 선보인 이도진은 완벽한 가창력으로 고품격 귀호강을 선사했다.",
                "subjectConsistencyYn": "Y"
            },
            {
                "sentenceNo": 5,
                "sentenceContent": "이도진은 센스 있는 가사와 신나는 리듬이 매력적인 트로트곡 ‘오케이’로 올 한 해 많은 사랑을 받은 바 있다.",
                "subjectConsistencyYn": "Y"
            },
            {
                "sentenceNo": 6,
                "sentenceContent": "아이돌보다 더 아이돌 같은 잘생긴 외모와 넘치는 끼 덕분에 트롯 팬심을 제대로 저격하며 차세대 트롯 유망주로 완벽히 자리매김하고 있다는 평가를 받고 있다.",
                "subjectConsistencyYn": "Y"
            },
            {
                "sentenceNo": 7,
                "sentenceContent": "최근 예능까지 활발하게 활약하며 존재감을 빛내고 있는 이도진의 상승세는 한동안 계속될 것으로 보인다.",
                "subjectConsistencyYn": "Y"
            },
            {
                "sentenceNo": 8,
                "sentenceContent": "차세대 트롯 유망주로 큰 사랑을 받고 있는 이도진의 행보가 어떻게 이어질지 기대가 되고 있다.",
                "subjectConsistencyYn": "Y"
            },
            {
                "sentenceNo": 9,
                "sentenceContent": "‘송년신청곡’이라는 주제로 꾸며진 ‘가요무대’에서 ‘부모’를 부른 이도진은 자신의 SNS에 자신의 이름이 언급된 가짜 영상에 대해 억울함을 토로했다. ",
                "subjectConsistencyYn": "N"
            },
            {
                "sentenceNo": 10,
                "sentenceContent": "이도진이 언급한 영상에는 그가 한 방송 프로그램 녹화 전 대기실에서 트로트 가수 장민호에게 ‘당장 꺼져’라고 욕설하며 쫓아냈다는 내용이 담겨있는데, 사실과는 전혀 다른 내용으로, 해당 유튜버의 일방적인 주장인 것으로 확인됐다. ",
                "subjectConsistencyYn": "N"
            }
        ],
        "clickbaitClass": 0
    }
}