{
    "sourceDataInfo": {
        "newsID": "ET_M13_629159",
        "newsCategory": "연예",
        "newsSubcategory": "연예일반",
        "newsTitle": "후크엔터 대표, 소속 아티스트·직원에게 167억 무상 증여",
        "newsSubTitle": "",
        "newsContent": "후크엔터테인먼트 권진영 대표가 167억 원의 주식을 소속사 연예인과 임직원 전원에게 무상으로 증여한다.\n소속사 후크엔터테인먼트는 13일 “권진영 대표가 후크엔터테인먼트 주식 100%를 초록뱀 미디어에 440억에 양도하고 본인 지분의 38%인 167억 원의 주식을 소속사 연예인과 임직원 전원에게 무상으로 증여했다”고 밝혔다.\n앞서 지난 9일 후크엔터테인먼트는 초록뱀 미디어와 합병을 전격 발표했다.\n이와 관련해 권 대표는 “24년간 매니저를 하면서 소속사 연예인들이 한결같이 우리 사회에 미치는 선한 영향력에 늘 고마운 마음을 가지고 있다. 함께 동고동락한 후크 직원들 모두를 내 진짜 가족이라고 생각하고 우리 가족 모두가 행복하기를 바라는 마음으로 이번 증여를 결심했다”며 “소속사 연예인 그리고 1년 차부터 20년 차 직원까지 모두에게 주식을 증여했다. 앞으로도 후크 가족들과 함께 더 큰 꿈을 꾸며 초록뱀 미디어와 합병한 회사에서 누구도 가지 않은, 새로운 길을 만들어 걸어나가겠다”고 소감을 밝혔다.\n후크엔터테인먼트는 2002년 권진영 대표가 자본금 5천만원으로 시작, 우수 기업으로 20년 동안 지속적으로 성장해왔다.\n엔터테인먼트 업계에서는 실속 있고 탄탄한 회사로 정평이 나있다..\n윤여정, 이서진, 이승기, 이선희 등이 소속돼 있다.",
        "partNum": "P2",
        "useType": 0,
        "processType": "D",
        "processPattern": "24",
        "processLevel": "상",
        "sentenceCount": 7,
        "processSentencenum": 2,
        "sentenceInfo": [
            {
                "sentenceNo": 1,
                "sentenceContent": "후크엔터테인먼트 권진영 대표가 167억 원의 주식을 소속사 연예인과 임직원 전원에게 무상으로 증여한다.",
                "sentenceSize": 57
            },
            {
                "sentenceNo": 2,
                "sentenceContent": "소속사 후크엔터테인먼트는 13일 “권진영 대표가 후크엔터테인먼트 주식 100%를 초록뱀 미디어에 440억에 양도하고 본인 지분의 38%인 167억 원의 주식을 소속사 연예인과 임직원 전원에게 무상으로 증여했다”고 밝혔다.",
                "sentenceSize": 123
            },
            {
                "sentenceNo": 3,
                "sentenceContent": "앞서 지난 9일 후크엔터테인먼트는 초록뱀 미디어와 합병을 전격 발표했다.",
                "sentenceSize": 40
            },
            {
                "sentenceNo": 4,
                "sentenceContent": "이와 관련해 권 대표는 “24년간 매니저를 하면서 소속사 연예인들이 한결같이 우리 사회에 미치는 선한 영향력에 늘 고마운 마음을 가지고 있다. 함께 동고동락한 후크 직원들 모두를 내 진짜 가족이라고 생각하고 우리 가족 모두가 행복하기를 바라는 마음으로 이번 증여를 결심했다”며 “소속사 연예인 그리고 1년 차부터 20년 차 직원까지 모두에게 주식을 증여했다. 앞으로도 후크 가족들과 함께 더 큰 꿈을 꾸며 초록뱀 미디어와 합병한 회사에서 누구도 가지 않은, 새로운 길을 만들어 걸어나가겠다”고 소감을 밝혔다.",
                "sentenceSize": 284
            },
            {
                "sentenceNo": 5,
                "sentenceContent": "후크엔터테인먼트는 2002년 권진영 대표가 자본금 5천만원으로 시작, 우수 기업으로 20년 동안 지속적으로 성장해왔다.",
                "sentenceSize": 66
            },
            {
                "sentenceNo": 6,
                "sentenceContent": "엔터테인먼트 업계에서는 실속 있고 탄탄한 회사로 정평이 나있다..",
                "sentenceSize": 36
            },
            {
                "sentenceNo": 7,
                "sentenceContent": "윤여정, 이서진, 이승기, 이선희 등이 소속돼 있다.",
                "sentenceSize": 29
            }
        ]
    },
    "labeledDataInfo": {
        "processSentenceInfo": [
            {
                "sentenceNo": 1,
                "sentenceContent": "후크엔터테인먼트 권진영 대표가 167억 원의 주식을 소속사 연예인과 임직원 전원에게 무상으로 증여한다.",
                "subjectConsistencyYn": "Y"
            },
            {
                "sentenceNo": 2,
                "sentenceContent": "소속사 후크엔터테인먼트는 13일 “권진영 대표가 후크엔터테인먼트 주식 100%를 초록뱀 미디어에 440억에 양도하고 본인 지분의 38%인 167억 원의 주식을 소속사 연예인과 임직원 전원에게 무상으로 증여했다”고 밝혔다.",
                "subjectConsistencyYn": "Y"
            },
            {
                "sentenceNo": 3,
                "sentenceContent": "앞서 지난 9일 후크엔터테인먼트는 초록뱀 미디어와 합병을 전격 발표했다.",
                "subjectConsistencyYn": "Y"
            },
            {
                "sentenceNo": 4,
                "sentenceContent": "이와 관련해 권 대표는 “24년간 매니저를 하면서 소속사 연예인들이 한결같이 우리 사회에 미치는 선한 영향력에 늘 고마운 마음을 가지고 있다. 함께 동고동락한 후크 직원들 모두를 내 진짜 가족이라고 생각하고 우리 가족 모두가 행복하기를 바라는 마음으로 이번 증여를 결심했다”며 “소속사 연예인 그리고 1년 차부터 20년 차 직원까지 모두에게 주식을 증여했다. 앞으로도 후크 가족들과 함께 더 큰 꿈을 꾸며 초록뱀 미디어와 합병한 회사에서 누구도 가지 않은, 새로운 길을 만들어 걸어나가겠다”고 소감을 밝혔다.",
                "subjectConsistencyYn": "Y"
            },
            {
                "sentenceNo": 5,
                "sentenceContent": "후크엔터테인먼트는 2002년 권진영 대표가 자본금 5천만원으로 시작, 우수 기업으로 20년 동안 지속적으로 성장해왔다.",
                "subjectConsistencyYn": "Y"
            },
            {
                "sentenceNo": 6,
                "sentenceContent": "엔터테인먼트 업계에서는 실속 있고 탄탄한 회사로 정평이 나있다..",
                "subjectConsistencyYn": "Y"
            },
            {
                "sentenceNo": 7,
                "sentenceContent": "윤여정, 이서진, 이승기, 이선희 등이 소속돼 있다.",
                "subjectConsistencyYn": "Y"
            },
            {
                "sentenceNo": 8,
                "sentenceContent": "167억 원의 주식을 소속사 연예인과 임직원 전원에게 무상으로 증여한 후크엔터테인먼트 권진영 대표가 가수 겸 배우 이승기씨와 음원 정산 등의 문제로 마찰로 인해 고개를 숙였다. ",
                "subjectConsistencyYn": "N"
            },
            {
                "sentenceNo": 9,
                "sentenceContent": "권진영 대표가 법인카드를 이용해 회삿돈 수십억 원을 사적으로 사용했다는 의혹이 불거진 이후다.",
                "subjectConsistencyYn": "N"
            }
        ],
        "clickbaitClass": 0
    }
}