{
    "sourceDataInfo": {
        "newsID": "ET_M13_629210",
        "newsCategory": "연예",
        "newsSubcategory": "방송",
        "newsTitle": "‘골때녀’ 최진철, 승리 부르는 스윗전술[간밤TV]",
        "newsSubTitle": "",
        "newsContent": "‘골 때리는 그녀들’ 최진철이 ‘스윗 대디’ 감독의 매력을 뽐냈다.\n지난 15일 밤 9시 방송한 SBS 예능 프로그램 ‘골 때리는 그녀들’ 시즌 2(이하 ‘골때녀’)에서 최진철의 FC 탑걸은 현영민의 FC 아나콘다와 개막전을 진행했다.\n최진철은 방송 시작부터 따스함을 선사했다.\n훈련 당시 선수들의 신발을 묶어주고 붕대 묶기, 마사지 등으로 보살핀 것. FC 탑걸 멤버들은 “처음에는 무서운 감독님인줄 알았는데 너무 자상하시다”며 최진철에 대한 애정을 드러냈다.\n최진철의 팀 사랑은 시합 전 연습에서도 빛났다.\n최진철은 FC 아나콘다 선수들의 영역 침범에 공을 뺏으며 대항했다.\n또한 최진철은 간미연의 강력한 슈팅에 칭찬을 아끼지 않았다.\n경기가 시작되자 최진철은 FC 탑걸 멤버들의 기운부터 북돋았다.\n선수들에게 “긴장하지 말고 할 수 있는 것들을 차분하게 하자”고 격려한 최진철. 그는 시합 중 FC 탑걸에게서 좋은 움직임이 나타나면 열렬한 박수를 보냈다.\n아울러 최진철은 뛰어난 전술가의 면모를 선보였다.\n최진철은 시합 내내 전황을 분석하며 선수들에게 지시를 내렸다.\n뿐만 아니라 최진철은 선수들의 상태를 살피며 적절한 시점에 교체를 명령했다.\n특히 최진철은 선수들의 위치 선정과 침투 등을 지원하며 FC 아나콘다의 공격과 수비에 대응해 감탄을 자아냈다.\n경기는 승부차기까지 이어진 결과 FC 탑걸의 승리로 마무리됐다.\n양 팀 선수들의 몸을 사리지 않는 시합은 보는 이들에게 감동을 안겼다.\n이에 최진철과 FC 탑걸이 다음 경기에서 어떤 모습을 보여줄지 기대감이 고조되고 있다.\n한편, ‘골때녀’는 그 누구보다 축구에 진심인 그녀들과 대한민국 축구 레전드들이 팀을 이뤄 함께 만들어가는 프로그램으로 매주 수요일 밤 9시에 방송된다.",
        "partNum": "P2",
        "useType": 0,
        "processType": "D",
        "processPattern": "24",
        "processLevel": "상",
        "sentenceCount": 17,
        "processSentencenum": 2,
        "sentenceInfo": [
            {
                "sentenceNo": 1,
                "sentenceContent": "‘골 때리는 그녀들’ 최진철이 ‘스윗 대디’ 감독의 매력을 뽐냈다.",
                "sentenceSize": 37
            },
            {
                "sentenceNo": 2,
                "sentenceContent": "지난 15일 밤 9시 방송한 SBS 예능 프로그램 ‘골 때리는 그녀들’ 시즌 2(이하 ‘골때녀’)에서 최진철의 FC 탑걸은 현영민의 FC 아나콘다와 개막전을 진행했다.",
                "sentenceSize": 93
            },
            {
                "sentenceNo": 3,
                "sentenceContent": "최진철은 방송 시작부터 따스함을 선사했다.",
                "sentenceSize": 23
            },
            {
                "sentenceNo": 4,
                "sentenceContent": "훈련 당시 선수들의 신발을 묶어주고 붕대 묶기, 마사지 등으로 보살핀 것. FC 탑걸 멤버들은 “처음에는 무서운 감독님인줄 알았는데 너무 자상하시다”며 최진철에 대한 애정을 드러냈다.",
                "sentenceSize": 102
            },
            {
                "sentenceNo": 5,
                "sentenceContent": "최진철의 팀 사랑은 시합 전 연습에서도 빛났다.",
                "sentenceSize": 26
            },
            {
                "sentenceNo": 6,
                "sentenceContent": "최진철은 FC 아나콘다 선수들의 영역 침범에 공을 뺏으며 대항했다.",
                "sentenceSize": 37
            },
            {
                "sentenceNo": 7,
                "sentenceContent": "또한 최진철은 간미연의 강력한 슈팅에 칭찬을 아끼지 않았다.",
                "sentenceSize": 33
            },
            {
                "sentenceNo": 8,
                "sentenceContent": "경기가 시작되자 최진철은 FC 탑걸 멤버들의 기운부터 북돋았다.",
                "sentenceSize": 35
            },
            {
                "sentenceNo": 9,
                "sentenceContent": "선수들에게 “긴장하지 말고 할 수 있는 것들을 차분하게 하자”고 격려한 최진철. 그는 시합 중 FC 탑걸에게서 좋은 움직임이 나타나면 열렬한 박수를 보냈다.",
                "sentenceSize": 87
            },
            {
                "sentenceNo": 10,
                "sentenceContent": "아울러 최진철은 뛰어난 전술가의 면모를 선보였다.",
                "sentenceSize": 27
            },
            {
                "sentenceNo": 11,
                "sentenceContent": "최진철은 시합 내내 전황을 분석하며 선수들에게 지시를 내렸다.",
                "sentenceSize": 34
            },
            {
                "sentenceNo": 12,
                "sentenceContent": "뿐만 아니라 최진철은 선수들의 상태를 살피며 적절한 시점에 교체를 명령했다.",
                "sentenceSize": 42
            },
            {
                "sentenceNo": 13,
                "sentenceContent": "특히 최진철은 선수들의 위치 선정과 침투 등을 지원하며 FC 아나콘다의 공격과 수비에 대응해 감탄을 자아냈다.",
                "sentenceSize": 61
            },
            {
                "sentenceNo": 14,
                "sentenceContent": "경기는 승부차기까지 이어진 결과 FC 탑걸의 승리로 마무리됐다.",
                "sentenceSize": 35
            },
            {
                "sentenceNo": 15,
                "sentenceContent": "양 팀 선수들의 몸을 사리지 않는 시합은 보는 이들에게 감동을 안겼다.",
                "sentenceSize": 39
            },
            {
                "sentenceNo": 16,
                "sentenceContent": "이에 최진철과 FC 탑걸이 다음 경기에서 어떤 모습을 보여줄지 기대감이 고조되고 있다.",
                "sentenceSize": 48
            },
            {
                "sentenceNo": 17,
                "sentenceContent": "한편, ‘골때녀’는 그 누구보다 축구에 진심인 그녀들과 대한민국 축구 레전드들이 팀을 이뤄 함께 만들어가는 프로그램으로 매주 수요일 밤 9시에 방송된다.",
                "sentenceSize": 85
            }
        ]
    },
    "labeledDataInfo": {
        "processSentenceInfo": [
            {
                "sentenceNo": 1,
                "sentenceContent": "‘골 때리는 그녀들’ 최진철이 ‘스윗 대디’ 감독의 매력을 뽐냈다.",
                "subjectConsistencyYn": "Y"
            },
            {
                "sentenceNo": 2,
                "sentenceContent": "지난 15일 밤 9시 방송한 SBS 예능 프로그램 ‘골 때리는 그녀들’ 시즌 2(이하 ‘골때녀’)에서 최진철의 FC 탑걸은 현영민의 FC 아나콘다와 개막전을 진행했다.",
                "subjectConsistencyYn": "Y"
            },
            {
                "sentenceNo": 3,
                "sentenceContent": "최진철은 방송 시작부터 따스함을 선사했다.",
                "subjectConsistencyYn": "Y"
            },
            {
                "sentenceNo": 4,
                "sentenceContent": "훈련 당시 선수들의 신발을 묶어주고 붕대 묶기, 마사지 등으로 보살핀 것. FC 탑걸 멤버들은 “처음에는 무서운 감독님인줄 알았는데 너무 자상하시다”며 최진철에 대한 애정을 드러냈다.",
                "subjectConsistencyYn": "Y"
            },
            {
                "sentenceNo": 5,
                "sentenceContent": "최진철의 팀 사랑은 시합 전 연습에서도 빛났다.",
                "subjectConsistencyYn": "Y"
            },
            {
                "sentenceNo": 6,
                "sentenceContent": "최진철은 FC 아나콘다 선수들의 영역 침범에 공을 뺏으며 대항했다.",
                "subjectConsistencyYn": "Y"
            },
            {
                "sentenceNo": 7,
                "sentenceContent": "또한 최진철은 간미연의 강력한 슈팅에 칭찬을 아끼지 않았다.",
                "subjectConsistencyYn": "Y"
            },
            {
                "sentenceNo": 8,
                "sentenceContent": "경기가 시작되자 최진철은 FC 탑걸 멤버들의 기운부터 북돋았다.",
                "subjectConsistencyYn": "Y"
            },
            {
                "sentenceNo": 9,
                "sentenceContent": "선수들에게 “긴장하지 말고 할 수 있는 것들을 차분하게 하자”고 격려한 최진철. 그는 시합 중 FC 탑걸에게서 좋은 움직임이 나타나면 열렬한 박수를 보냈다.",
                "subjectConsistencyYn": "Y"
            },
            {
                "sentenceNo": 10,
                "sentenceContent": "아울러 최진철은 뛰어난 전술가의 면모를 선보였다.",
                "subjectConsistencyYn": "Y"
            },
            {
                "sentenceNo": 11,
                "sentenceContent": "최진철은 시합 내내 전황을 분석하며 선수들에게 지시를 내렸다.",
                "subjectConsistencyYn": "Y"
            },
            {
                "sentenceNo": 12,
                "sentenceContent": "뿐만 아니라 최진철은 선수들의 상태를 살피며 적절한 시점에 교체를 명령했다.",
                "subjectConsistencyYn": "Y"
            },
            {
                "sentenceNo": 13,
                "sentenceContent": "특히 최진철은 선수들의 위치 선정과 침투 등을 지원하며 FC 아나콘다의 공격과 수비에 대응해 감탄을 자아냈다.",
                "subjectConsistencyYn": "Y"
            },
            {
                "sentenceNo": 14,
                "sentenceContent": "경기는 승부차기까지 이어진 결과 FC 탑걸의 승리로 마무리됐다.",
                "subjectConsistencyYn": "Y"
            },
            {
                "sentenceNo": 15,
                "sentenceContent": "양 팀 선수들의 몸을 사리지 않는 시합은 보는 이들에게 감동을 안겼다.",
                "subjectConsistencyYn": "Y"
            },
            {
                "sentenceNo": 16,
                "sentenceContent": "이에 최진철과 FC 탑걸이 다음 경기에서 어떤 모습을 보여줄지 기대감이 고조되고 있다.",
                "subjectConsistencyYn": "Y"
            },
            {
                "sentenceNo": 17,
                "sentenceContent": "한편, ‘골때녀’는 그 누구보다 축구에 진심인 그녀들과 대한민국 축구 레전드들이 팀을 이뤄 함께 만들어가는 프로그램으로 매주 수요일 밤 9시에 방송된다.",
                "subjectConsistencyYn": "Y"
            },
            {
                "sentenceNo": 18,
                "sentenceContent": "'골 때리는 그녀들’에서 '스윗 대디' 감독의 매력을 뽐낸 최진철은 FIFA 카타르 월드컵 우루과이와의 조별리그 1차전에서 한국 대표팀에게 승산이 있다고 봤다.",
                "subjectConsistencyYn": "N"
            },
            {
                "sentenceNo": 19,
                "sentenceContent": "최 전 감독은 “전방에서 어떻게 수비 할지, 중원에서 어떻게 대비할지 같은 부분을 선수들이 명확하게 인지하고 있다면 우리도 충분히 어제 사우디아라비아 같은 경기를 할 수 있을 거라고 생각한다”라고 말했다. ",
                "subjectConsistencyYn": "N"
            }
        ],
        "clickbaitClass": 0
    }
}