{
    "sourceDataInfo": {
        "newsID": "ET_M13_629584",
        "newsCategory": "연예",
        "newsSubcategory": "음악",
        "newsTitle": "온리원오브 밀X나인의 ‘Instinct Part. 2’",
        "newsSubTitle": "",
        "newsContent": "그룹 온리원오브(OnlyOneOf)의 밀과 나인이 감각적인 무드를 자랑했다.\n소속사 에잇디엔터테인먼트는 오늘(9일) 0시 공식 SNS에 ‘Instinct Part. 2’ 밀, 나인의 유닛 티저 사진을 게시했다.\n사진 속 밀과 나인은 브라운과 화이트 계열의 의상으로 댄디한 스타일링을 연출했다.\n또한 어두운 헤어컬러는 밀과 나인의 눈부신 흰 피부를 돋보이게 만들었다.\n더불어 둘은 깊은 눈빛과 붉은 입술로 청순한 미모를 뽐냈다. ‘Instinct Part. 2’에 관해 온리원오브의 유닛 티저가 지난 7일부터 공개된 상황. 유닛 티저의 마지막 주인공인 밀과 나인의 공개되면서 신곡 ‘Instinct Part. 2’을 향한 기대감이 높아지고 있다.\n온리원오브는 유닛 티저는 물론 개인 티저 등 다양한 콘텐츠를 공개하며 컴백 프로모션을 진행 중이다.\n한편, 온리원오브의 새로운 세계 ‘Instinct Part. 2’는 오는 14일 펼쳐진다.",
        "partNum": "P2",
        "useType": 0,
        "processType": "D",
        "processPattern": "24",
        "processLevel": "상",
        "sentenceCount": 7,
        "processSentencenum": 2,
        "sentenceInfo": [
            {
                "sentenceNo": 1,
                "sentenceContent": "그룹 온리원오브(OnlyOneOf)의 밀과 나인이 감각적인 무드를 자랑했다.",
                "sentenceSize": 42
            },
            {
                "sentenceNo": 2,
                "sentenceContent": "소속사 에잇디엔터테인먼트는 오늘(9일) 0시 공식 SNS에 ‘Instinct Part. 2’ 밀, 나인의 유닛 티저 사진을 게시했다.",
                "sentenceSize": 74
            },
            {
                "sentenceNo": 3,
                "sentenceContent": "사진 속 밀과 나인은 브라운과 화이트 계열의 의상으로 댄디한 스타일링을 연출했다.",
                "sentenceSize": 45
            },
            {
                "sentenceNo": 4,
                "sentenceContent": "또한 어두운 헤어컬러는 밀과 나인의 눈부신 흰 피부를 돋보이게 만들었다.",
                "sentenceSize": 40
            },
            {
                "sentenceNo": 5,
                "sentenceContent": "더불어 둘은 깊은 눈빛과 붉은 입술로 청순한 미모를 뽐냈다. ‘Instinct Part. 2’에 관해 온리원오브의 유닛 티저가 지난 7일부터 공개된 상황. 유닛 티저의 마지막 주인공인 밀과 나인의 공개되면서 신곡 ‘Instinct Part. 2’을 향한 기대감이 높아지고 있다.",
                "sentenceSize": 155
            },
            {
                "sentenceNo": 6,
                "sentenceContent": "온리원오브는 유닛 티저는 물론 개인 티저 등 다양한 콘텐츠를 공개하며 컴백 프로모션을 진행 중이다.",
                "sentenceSize": 55
            },
            {
                "sentenceNo": 7,
                "sentenceContent": "한편, 온리원오브의 새로운 세계 ‘Instinct Part. 2’는 오는 14일 펼쳐진다.",
                "sentenceSize": 50
            }
        ]
    },
    "labeledDataInfo": {
        "processSentenceInfo": [
            {
                "sentenceNo": 1,
                "sentenceContent": "그룹 온리원오브(OnlyOneOf)의 밀과 나인이 감각적인 무드를 자랑했다.",
                "subjectConsistencyYn": "Y"
            },
            {
                "sentenceNo": 2,
                "sentenceContent": "소속사 에잇디엔터테인먼트는 오늘(9일) 0시 공식 SNS에 ‘Instinct Part. 2’ 밀, 나인의 유닛 티저 사진을 게시했다.",
                "subjectConsistencyYn": "Y"
            },
            {
                "sentenceNo": 3,
                "sentenceContent": "사진 속 밀과 나인은 브라운과 화이트 계열의 의상으로 댄디한 스타일링을 연출했다.",
                "subjectConsistencyYn": "Y"
            },
            {
                "sentenceNo": 4,
                "sentenceContent": "또한 어두운 헤어컬러는 밀과 나인의 눈부신 흰 피부를 돋보이게 만들었다.",
                "subjectConsistencyYn": "Y"
            },
            {
                "sentenceNo": 5,
                "sentenceContent": "더불어 둘은 깊은 눈빛과 붉은 입술로 청순한 미모를 뽐냈다. ‘Instinct Part. 2’에 관해 온리원오브의 유닛 티저가 지난 7일부터 공개된 상황. 유닛 티저의 마지막 주인공인 밀과 나인의 공개되면서 신곡 ‘Instinct Part. 2’을 향한 기대감이 높아지고 있다.",
                "subjectConsistencyYn": "Y"
            },
            {
                "sentenceNo": 6,
                "sentenceContent": "온리원오브는 유닛 티저는 물론 개인 티저 등 다양한 콘텐츠를 공개하며 컴백 프로모션을 진행 중이다.",
                "subjectConsistencyYn": "Y"
            },
            {
                "sentenceNo": 7,
                "sentenceContent": "한편, 온리원오브의 새로운 세계 ‘Instinct Part. 2’는 오는 14일 펼쳐진다.",
                "subjectConsistencyYn": "Y"
            },
            {
                "sentenceNo": 8,
                "sentenceContent": "그룹 온리원오브의 밀과 나인이 감각적인 무드를 자랑한 가운데, 그룹 온리원오브 멤버 모두가 웹드라마 ‘범프 업 비즈니스’에 출연한다.  ",
                "subjectConsistencyYn": "N"
            },
            {
                "sentenceNo": 9,
                "sentenceContent": "그룹 온리원오브는 “본인들의 퍼포먼스 세계관을 투영하는 듯한 캐릭터 설정이 마음에 들었고, 이번 드라마를 통해 팬들에게 새로운 선물이 될 것 같아 기대된다. 제작 쇼케이스가 예정보다 일찍 개최된 만큼 아직은 배역을 밝힐 수 없다. 곧 웹툰과 드라마 배역의 매칭 이벤트를 개최할 예정이고, 새로운 도전인 만큼 팬들을 위해 새로운 모습을 보여 줄 것”이라고 밝혔다. ",
                "subjectConsistencyYn": "N"
            }
        ],
        "clickbaitClass": 0
    }
}