{
    "sourceDataInfo": {
        "newsID": "ET_M13_629451",
        "newsCategory": "연예",
        "newsSubcategory": "방송",
        "newsTitle": "‘방과후 설렘’ 윤채원, ‘확신의 토끼상’으로 인기 획득",
        "newsSubTitle": "",
        "newsContent": "MBC ‘방과후 설렘’ 4학년 윤채원 연습생이 화제의 출연자로 시선을 모으고 있다.\n매주 일요일 오후 9시 MBC와 네이버 NOW.에서 동시 방영되는 ‘방과후 설렘’에 출연 중인 윤채원 연습생이 이른바 ‘확신의 토끼상’이라 불리며 케이팝 팬들의 시선을 사로잡았다.\n윤채원 연습생은 뽀얀 피부, 동그란 눈과 사랑스러운 입꼬리를 갖추고 있어, 그녀가 ‘인간 토끼 윤채원’일 수밖에 없다는 평이다.\n이를 입증이라도 하듯 각종 온라인 커뮤니티와 SNS에서는 윤채원 연습생과 닮은 토끼 캐릭터들이 대거 올라오며 팬들만의 문화를 만들고 있기도 하다.\n윤채원 연습생은 3학년과 4학년 연습생들의 학년 대항전에서 4학년 에이스를 맡았다.\n그녀는 해당 무대에서 자신의 강점인 보컬과 애드립을 완벽하게 소화하며 팬 몰이를 한 바 있다. ‘방과후 설렘’은 MBC와 네이버 NOW.에서 매주 일요일 밤 9시 동시 방송된다.",
        "partNum": "P2",
        "useType": 0,
        "processType": "D",
        "processPattern": "24",
        "processLevel": "상",
        "sentenceCount": 6,
        "processSentencenum": 2,
        "sentenceInfo": [
            {
                "sentenceNo": 1,
                "sentenceContent": "MBC ‘방과후 설렘’ 4학년 윤채원 연습생이 화제의 출연자로 시선을 모으고 있다.",
                "sentenceSize": 46
            },
            {
                "sentenceNo": 2,
                "sentenceContent": "매주 일요일 오후 9시 MBC와 네이버 NOW.에서 동시 방영되는 ‘방과후 설렘’에 출연 중인 윤채원 연습생이 이른바 ‘확신의 토끼상’이라 불리며 케이팝 팬들의 시선을 사로잡았다.",
                "sentenceSize": 100
            },
            {
                "sentenceNo": 3,
                "sentenceContent": "윤채원 연습생은 뽀얀 피부, 동그란 눈과 사랑스러운 입꼬리를 갖추고 있어, 그녀가 ‘인간 토끼 윤채원’일 수밖에 없다는 평이다.",
                "sentenceSize": 71
            },
            {
                "sentenceNo": 4,
                "sentenceContent": "이를 입증이라도 하듯 각종 온라인 커뮤니티와 SNS에서는 윤채원 연습생과 닮은 토끼 캐릭터들이 대거 올라오며 팬들만의 문화를 만들고 있기도 하다.",
                "sentenceSize": 81
            },
            {
                "sentenceNo": 5,
                "sentenceContent": "윤채원 연습생은 3학년과 4학년 연습생들의 학년 대항전에서 4학년 에이스를 맡았다.",
                "sentenceSize": 46
            },
            {
                "sentenceNo": 6,
                "sentenceContent": "그녀는 해당 무대에서 자신의 강점인 보컬과 애드립을 완벽하게 소화하며 팬 몰이를 한 바 있다. ‘방과후 설렘’은 MBC와 네이버 NOW.에서 매주 일요일 밤 9시 동시 방송된다.",
                "sentenceSize": 99
            }
        ]
    },
    "labeledDataInfo": {
        "processSentenceInfo": [
            {
                "sentenceNo": 1,
                "sentenceContent": "MBC ‘방과후 설렘’ 4학년 윤채원 연습생이 화제의 출연자로 시선을 모으고 있다.",
                "subjectConsistencyYn": "Y"
            },
            {
                "sentenceNo": 2,
                "sentenceContent": "매주 일요일 오후 9시 MBC와 네이버 NOW.에서 동시 방영되는 ‘방과후 설렘’에 출연 중인 윤채원 연습생이 이른바 ‘확신의 토끼상’이라 불리며 케이팝 팬들의 시선을 사로잡았다.",
                "subjectConsistencyYn": "Y"
            },
            {
                "sentenceNo": 3,
                "sentenceContent": "윤채원 연습생은 뽀얀 피부, 동그란 눈과 사랑스러운 입꼬리를 갖추고 있어, 그녀가 ‘인간 토끼 윤채원’일 수밖에 없다는 평이다.",
                "subjectConsistencyYn": "Y"
            },
            {
                "sentenceNo": 4,
                "sentenceContent": "이를 입증이라도 하듯 각종 온라인 커뮤니티와 SNS에서는 윤채원 연습생과 닮은 토끼 캐릭터들이 대거 올라오며 팬들만의 문화를 만들고 있기도 하다.",
                "subjectConsistencyYn": "Y"
            },
            {
                "sentenceNo": 5,
                "sentenceContent": "윤채원 연습생은 3학년과 4학년 연습생들의 학년 대항전에서 4학년 에이스를 맡았다.",
                "subjectConsistencyYn": "Y"
            },
            {
                "sentenceNo": 6,
                "sentenceContent": "그녀는 해당 무대에서 자신의 강점인 보컬과 애드립을 완벽하게 소화하며 팬 몰이를 한 바 있다. ‘방과후 설렘’은 MBC와 네이버 NOW.에서 매주 일요일 밤 9시 동시 방송된다.",
                "subjectConsistencyYn": "Y"
            },
            {
                "sentenceNo": 7,
                "sentenceContent": "방과후 설렘’ 4학년 윤채원 연습생이 화제의 출연자로 시선을 모으고 있는 가운데, 윤채원은 지난 23일 방송된 MBC 예능프로그램 '복면가왕' 1라운드 첫 번째 대결에서 탈락하며 정체를 공개했다.",
                "subjectConsistencyYn": "N"
            },
            {
                "sentenceNo": 8,
                "sentenceContent": "MC 김성주는 \"채원 씨가 야망이 대단하다\"라며 \"MBC의 딸이 되고 싶다고 하더라\"라고 말했다.",
                "subjectConsistencyYn": "N"
            }
        ],
        "clickbaitClass": 0
    }
}