{
    "sourceDataInfo": {
        "newsID": "ET_M13_629224",
        "newsCategory": "연예",
        "newsSubcategory": "연예일반",
        "newsTitle": "가수 김장훈, ‘세계지도 오류 바로잡기’ 대국민 프로젝트 가동",
        "newsSubTitle": "",
        "newsContent": "가수 김장훈이 반크와 함께 세계지도 오류 바로잡기 캠페인에 나선다.\n김장훈은 최근 사이버 외교사절단 반크(Voluntary Agency Network of Korea)와 손 잡고 랩핑 차량을 활용한 ‘세계지도 오류 바로잡기’ 대국민 프로젝트 시작을 16일 알렸다.\n랩핑 차량은 독립운동가 안중근, 윤봉길, 유관순 이미지에 ‘반크와 함께 세계지도 오류 바로잡기’에 동참할 수 있는 QR 코드를 담고 있다.\nQR 코드는 ‘독도’와 ‘동해’ 등 우리 지명이 잘못 표기된 세계지도의 오류를 제보할 수 있는 반크의 ‘21C 이순신 오류시정 프로젝트’ 홈페이지로 연결된다.\n안중근, 윤봉길, 유관순이 스마트폰과 태블릿 PC 속 세계 지도를 가리키는 모습이 보는 이들에게 뭉클한 감동을 선사한다.\n또한 “구글, UN CIA 공식 지도에 일본해?”, “독립운동은 못 했어도 지도는 바로 쓸 수 있습니다”, “뭐? 세계지도에 다케시마? 일본해?”라는 카피 문구가 보다 적극적인 오류 시정을 독려해 눈길을 끈다.\n랩핑 차량은 드라마 ‘광고천재 이태백’ 실제 모델로 알려진 광고 기획자 이제석 대표가 디자인을 맡아 반크, 김장훈과 의기투합했다.\n앞으로 해당 랩핑 차량이 곳곳을 다니며 많은 국민들에게 ‘세계지도 오류 바로잡기’를 대대적으로 알릴 예정이다.\n이를 활용한 신박한 공연과 각종 프로젝트도 다각도로 준비 중이라고 전해 더 관심이 모아진다.\n사이버 외교사절단 반크는 박기태 단장을 중심으로 20년 넘게 세계 지도에 등장하는 한국 관련 오류를 지적하고 바로잡는 활동을 이어왔다.\n김장훈 또한 반크 홍보대사로 꾸준히 ‘독도’와 ‘동해’ 등 우리나라 지명 알리기에 앞장서 왔다.\n김장훈은 올해도 독도의 날을 맞아 ‘김장훈의 대국민보고 콘서트’를 개최하는 등 명실상부 ‘독도 지킴이’로 활약했다.\n이번에 김장훈이 반크와 ‘독도’, ‘동해’를 향한 국민적 관심과 참여 독려를 위해 적극적으로 나서면서, 국내를 넘어 세계에 영향력을 전파할 수 있을지 주목된다.",
        "partNum": "P2",
        "useType": 0,
        "processType": "D",
        "processPattern": "24",
        "processLevel": "상",
        "sentenceCount": 13,
        "processSentencenum": 2,
        "sentenceInfo": [
            {
                "sentenceNo": 1,
                "sentenceContent": "가수 김장훈이 반크와 함께 세계지도 오류 바로잡기 캠페인에 나선다.",
                "sentenceSize": 37
            },
            {
                "sentenceNo": 2,
                "sentenceContent": "김장훈은 최근 사이버 외교사절단 반크(Voluntary Agency Network of Korea)와 손 잡고 랩핑 차량을 활용한 ‘세계지도 오류 바로잡기’ 대국민 프로젝트 시작을 16일 알렸다.",
                "sentenceSize": 109
            },
            {
                "sentenceNo": 3,
                "sentenceContent": "랩핑 차량은 독립운동가 안중근, 윤봉길, 유관순 이미지에 ‘반크와 함께 세계지도 오류 바로잡기’에 동참할 수 있는 QR 코드를 담고 있다.",
                "sentenceSize": 77
            },
            {
                "sentenceNo": 4,
                "sentenceContent": "QR 코드는 ‘독도’와 ‘동해’ 등 우리 지명이 잘못 표기된 세계지도의 오류를 제보할 수 있는 반크의 ‘21C 이순신 오류시정 프로젝트’ 홈페이지로 연결된다.",
                "sentenceSize": 88
            },
            {
                "sentenceNo": 5,
                "sentenceContent": "안중근, 윤봉길, 유관순이 스마트폰과 태블릿 PC 속 세계 지도를 가리키는 모습이 보는 이들에게 뭉클한 감동을 선사한다.",
                "sentenceSize": 67
            },
            {
                "sentenceNo": 6,
                "sentenceContent": "또한 “구글, UN CIA 공식 지도에 일본해?”, “독립운동은 못 했어도 지도는 바로 쓸 수 있습니다”, “뭐? 세계지도에 다케시마? 일본해?”라는 카피 문구가 보다 적극적인 오류 시정을 독려해 눈길을 끈다.",
                "sentenceSize": 117
            },
            {
                "sentenceNo": 7,
                "sentenceContent": "랩핑 차량은 드라마 ‘광고천재 이태백’ 실제 모델로 알려진 광고 기획자 이제석 대표가 디자인을 맡아 반크, 김장훈과 의기투합했다.",
                "sentenceSize": 72
            },
            {
                "sentenceNo": 8,
                "sentenceContent": "앞으로 해당 랩핑 차량이 곳곳을 다니며 많은 국민들에게 ‘세계지도 오류 바로잡기’를 대대적으로 알릴 예정이다.",
                "sentenceSize": 61
            },
            {
                "sentenceNo": 9,
                "sentenceContent": "이를 활용한 신박한 공연과 각종 프로젝트도 다각도로 준비 중이라고 전해 더 관심이 모아진다.",
                "sentenceSize": 51
            },
            {
                "sentenceNo": 10,
                "sentenceContent": "사이버 외교사절단 반크는 박기태 단장을 중심으로 20년 넘게 세계 지도에 등장하는 한국 관련 오류를 지적하고 바로잡는 활동을 이어왔다.",
                "sentenceSize": 75
            },
            {
                "sentenceNo": 11,
                "sentenceContent": "김장훈 또한 반크 홍보대사로 꾸준히 ‘독도’와 ‘동해’ 등 우리나라 지명 알리기에 앞장서 왔다.",
                "sentenceSize": 53
            },
            {
                "sentenceNo": 12,
                "sentenceContent": "김장훈은 올해도 독도의 날을 맞아 ‘김장훈의 대국민보고 콘서트’를 개최하는 등 명실상부 ‘독도 지킴이’로 활약했다.",
                "sentenceSize": 64
            },
            {
                "sentenceNo": 13,
                "sentenceContent": "이번에 김장훈이 반크와 ‘독도’, ‘동해’를 향한 국민적 관심과 참여 독려를 위해 적극적으로 나서면서, 국내를 넘어 세계에 영향력을 전파할 수 있을지 주목된다.",
                "sentenceSize": 89
            }
        ]
    },
    "labeledDataInfo": {
        "processSentenceInfo": [
            {
                "sentenceNo": 1,
                "sentenceContent": "가수 김장훈이 반크와 함께 세계지도 오류 바로잡기 캠페인에 나선다.",
                "subjectConsistencyYn": "Y"
            },
            {
                "sentenceNo": 2,
                "sentenceContent": "김장훈은 최근 사이버 외교사절단 반크(Voluntary Agency Network of Korea)와 손 잡고 랩핑 차량을 활용한 ‘세계지도 오류 바로잡기’ 대국민 프로젝트 시작을 16일 알렸다.",
                "subjectConsistencyYn": "Y"
            },
            {
                "sentenceNo": 3,
                "sentenceContent": "랩핑 차량은 독립운동가 안중근, 윤봉길, 유관순 이미지에 ‘반크와 함께 세계지도 오류 바로잡기’에 동참할 수 있는 QR 코드를 담고 있다.",
                "subjectConsistencyYn": "Y"
            },
            {
                "sentenceNo": 4,
                "sentenceContent": "QR 코드는 ‘독도’와 ‘동해’ 등 우리 지명이 잘못 표기된 세계지도의 오류를 제보할 수 있는 반크의 ‘21C 이순신 오류시정 프로젝트’ 홈페이지로 연결된다.",
                "subjectConsistencyYn": "Y"
            },
            {
                "sentenceNo": 5,
                "sentenceContent": "안중근, 윤봉길, 유관순이 스마트폰과 태블릿 PC 속 세계 지도를 가리키는 모습이 보는 이들에게 뭉클한 감동을 선사한다.",
                "subjectConsistencyYn": "Y"
            },
            {
                "sentenceNo": 6,
                "sentenceContent": "또한 “구글, UN CIA 공식 지도에 일본해?”, “독립운동은 못 했어도 지도는 바로 쓸 수 있습니다”, “뭐? 세계지도에 다케시마? 일본해?”라는 카피 문구가 보다 적극적인 오류 시정을 독려해 눈길을 끈다.",
                "subjectConsistencyYn": "Y"
            },
            {
                "sentenceNo": 7,
                "sentenceContent": "랩핑 차량은 드라마 ‘광고천재 이태백’ 실제 모델로 알려진 광고 기획자 이제석 대표가 디자인을 맡아 반크, 김장훈과 의기투합했다.",
                "subjectConsistencyYn": "Y"
            },
            {
                "sentenceNo": 8,
                "sentenceContent": "앞으로 해당 랩핑 차량이 곳곳을 다니며 많은 국민들에게 ‘세계지도 오류 바로잡기’를 대대적으로 알릴 예정이다.",
                "subjectConsistencyYn": "Y"
            },
            {
                "sentenceNo": 9,
                "sentenceContent": "이를 활용한 신박한 공연과 각종 프로젝트도 다각도로 준비 중이라고 전해 더 관심이 모아진다.",
                "subjectConsistencyYn": "Y"
            },
            {
                "sentenceNo": 10,
                "sentenceContent": "사이버 외교사절단 반크는 박기태 단장을 중심으로 20년 넘게 세계 지도에 등장하는 한국 관련 오류를 지적하고 바로잡는 활동을 이어왔다.",
                "subjectConsistencyYn": "Y"
            },
            {
                "sentenceNo": 11,
                "sentenceContent": "김장훈 또한 반크 홍보대사로 꾸준히 ‘독도’와 ‘동해’ 등 우리나라 지명 알리기에 앞장서 왔다.",
                "subjectConsistencyYn": "Y"
            },
            {
                "sentenceNo": 12,
                "sentenceContent": "김장훈은 올해도 독도의 날을 맞아 ‘김장훈의 대국민보고 콘서트’를 개최하는 등 명실상부 ‘독도 지킴이’로 활약했다.",
                "subjectConsistencyYn": "Y"
            },
            {
                "sentenceNo": 13,
                "sentenceContent": "이번에 김장훈이 반크와 ‘독도’, ‘동해’를 향한 국민적 관심과 참여 독려를 위해 적극적으로 나서면서, 국내를 넘어 세계에 영향력을 전파할 수 있을지 주목된다.",
                "subjectConsistencyYn": "Y"
            },
            {
                "sentenceNo": 14,
                "sentenceContent": "반크와 함께 '세계지도 오류 바로잡기 캠페인'에 나선 가수 김장훈이 'DNA 싱어-판타스틱 패밀리'에 셋째 조카 이동길과 함께 출연했다.",
                "subjectConsistencyYn": "N"
            },
            {
                "sentenceNo": 15,
                "sentenceContent": "이동길은 외삼촌 김장훈에 대해 \"친구이자 친한 형 같은 존재다. 부모님께 말 못하는 고민이 있을 때나, 사고 쳤을 때 삼촌한테 얘기한다\"라고 회상했다.",
                "subjectConsistencyYn": "N"
            }
        ],
        "clickbaitClass": 0
    }
}