{
    "sourceDataInfo": {
        "newsID": "ET_M13_629419",
        "newsCategory": "연예",
        "newsSubcategory": "방송",
        "newsTitle": "‘학교 2021’ 제작금지 가처분 신청 기각",
        "newsSubTitle": "",
        "newsContent": "KBS2 수목드라마 ‘학교 2021’에 대해 제기된 제작금지 가처분 신청이 법원에서 기각이 됐다. ‘학교 2021’은 특성화고등학교를 배경으로 한 성장 드라마로 김요한, 조이현, 추영우 등이 출연중이다.\n29일 방송가에 따르면, 서울중앙지방법원 민사합의60부(김정중 수석부장판사)는 콘텐츠 제작사 에스알픽처스가 ‘학교 2021’ 제작사 킹스랜드와 래몽래인, 방송사 KBS를 상대로 낸 드라마 제작금지 가처분 신청을 기각했다.\n킹스랜드 등이 자사 저작권을 침해했다는 에스알픽처스 주장을 받아들이지 않은 것이다.\n에스알픽처스는 앞서 과거 자사와 공동제작 계약을 맺은 킹스랜드가 계약 해지로 작품에 대한 권리를 잃었는데도 이후 래몽래인과 함께 드라마를 제작했고, KBS는 이 같은 사실을 알면서도 편성 및 방송을 강행했다고 주장했다. ‘학교 2021’을 공동 집필한 A 작가와 과거 집필 계약을 체결한 사실을 근거로 드라마 저작권이 자사에 있으며 킹스랜드, 래몽래인, KBS가 권리를 침해했다며 가처분 신청을 냈다.\n재판부는 “‘학교 2021’은 에스알픽처스가 A 작가와 체결한 집필 계약과는 무관한 것으로 볼 여지가 있으며, 설령 드라마가 해당 계약에 따라 창작됐다 하더라도 계약서에는 에스알픽처스가 드라마 대본에 관한 저작재산권을 양수한다는 내용은 없다”고 판시했다.\nKBS는 “앞으로 제작에 집중해 작품을 잘 마무리하겠다”고 밝혔다.",
        "partNum": "P2",
        "useType": 0,
        "processType": "D",
        "processPattern": "24",
        "processLevel": "상",
        "sentenceCount": 6,
        "processSentencenum": 2,
        "sentenceInfo": [
            {
                "sentenceNo": 1,
                "sentenceContent": "KBS2 수목드라마 ‘학교 2021’에 대해 제기된 제작금지 가처분 신청이 법원에서 기각이 됐다. ‘학교 2021’은 특성화고등학교를 배경으로 한 성장 드라마로 김요한, 조이현, 추영우 등이 출연중이다.",
                "sentenceSize": 113
            },
            {
                "sentenceNo": 2,
                "sentenceContent": "29일 방송가에 따르면, 서울중앙지방법원 민사합의60부(김정중 수석부장판사)는 콘텐츠 제작사 에스알픽처스가 ‘학교 2021’ 제작사 킹스랜드와 래몽래인, 방송사 KBS를 상대로 낸 드라마 제작금지 가처분 신청을 기각했다.",
                "sentenceSize": 123
            },
            {
                "sentenceNo": 3,
                "sentenceContent": "킹스랜드 등이 자사 저작권을 침해했다는 에스알픽처스 주장을 받아들이지 않은 것이다.",
                "sentenceSize": 46
            },
            {
                "sentenceNo": 4,
                "sentenceContent": "에스알픽처스는 앞서 과거 자사와 공동제작 계약을 맺은 킹스랜드가 계약 해지로 작품에 대한 권리를 잃었는데도 이후 래몽래인과 함께 드라마를 제작했고, KBS는 이 같은 사실을 알면서도 편성 및 방송을 강행했다고 주장했다. ‘학교 2021’을 공동 집필한 A 작가와 과거 집필 계약을 체결한 사실을 근거로 드라마 저작권이 자사에 있으며 킹스랜드, 래몽래인, KBS가 권리를 침해했다며 가처분 신청을 냈다.",
                "sentenceSize": 224
            },
            {
                "sentenceNo": 5,
                "sentenceContent": "재판부는 “‘학교 2021’은 에스알픽처스가 A 작가와 체결한 집필 계약과는 무관한 것으로 볼 여지가 있으며, 설령 드라마가 해당 계약에 따라 창작됐다 하더라도 계약서에는 에스알픽처스가 드라마 대본에 관한 저작재산권을 양수한다는 내용은 없다”고 판시했다.",
                "sentenceSize": 142
            },
            {
                "sentenceNo": 6,
                "sentenceContent": "KBS는 “앞으로 제작에 집중해 작품을 잘 마무리하겠다”고 밝혔다.",
                "sentenceSize": 37
            }
        ]
    },
    "labeledDataInfo": {
        "processSentenceInfo": [
            {
                "sentenceNo": 1,
                "sentenceContent": "KBS2 수목드라마 ‘학교 2021’에 대해 제기된 제작금지 가처분 신청이 법원에서 기각이 됐다. ‘학교 2021’은 특성화고등학교를 배경으로 한 성장 드라마로 김요한, 조이현, 추영우 등이 출연중이다.",
                "subjectConsistencyYn": "Y"
            },
            {
                "sentenceNo": 2,
                "sentenceContent": "29일 방송가에 따르면, 서울중앙지방법원 민사합의60부(김정중 수석부장판사)는 콘텐츠 제작사 에스알픽처스가 ‘학교 2021’ 제작사 킹스랜드와 래몽래인, 방송사 KBS를 상대로 낸 드라마 제작금지 가처분 신청을 기각했다.",
                "subjectConsistencyYn": "Y"
            },
            {
                "sentenceNo": 3,
                "sentenceContent": "킹스랜드 등이 자사 저작권을 침해했다는 에스알픽처스 주장을 받아들이지 않은 것이다.",
                "subjectConsistencyYn": "Y"
            },
            {
                "sentenceNo": 4,
                "sentenceContent": "에스알픽처스는 앞서 과거 자사와 공동제작 계약을 맺은 킹스랜드가 계약 해지로 작품에 대한 권리를 잃었는데도 이후 래몽래인과 함께 드라마를 제작했고, KBS는 이 같은 사실을 알면서도 편성 및 방송을 강행했다고 주장했다. ‘학교 2021’을 공동 집필한 A 작가와 과거 집필 계약을 체결한 사실을 근거로 드라마 저작권이 자사에 있으며 킹스랜드, 래몽래인, KBS가 권리를 침해했다며 가처분 신청을 냈다.",
                "subjectConsistencyYn": "Y"
            },
            {
                "sentenceNo": 5,
                "sentenceContent": "재판부는 “‘학교 2021’은 에스알픽처스가 A 작가와 체결한 집필 계약과는 무관한 것으로 볼 여지가 있으며, 설령 드라마가 해당 계약에 따라 창작됐다 하더라도 계약서에는 에스알픽처스가 드라마 대본에 관한 저작재산권을 양수한다는 내용은 없다”고 판시했다.",
                "subjectConsistencyYn": "Y"
            },
            {
                "sentenceNo": 6,
                "sentenceContent": "KBS는 “앞으로 제작에 집중해 작품을 잘 마무리하겠다”고 밝혔다.",
                "subjectConsistencyYn": "Y"
            },
            {
                "sentenceNo": 7,
                "sentenceContent": "KBS2 수목드라마 ‘학교 2021’에 대해 제기된 제작금지 가처분 신청이 법원에서 기각이 된 가운데, 김요한, 김영대, 조이현, 황보름별이 '학교 2021' 주연배우로 캐스팅된 것이 화제로 떠올랐다.",
                "subjectConsistencyYn": "N"
            },
            {
                "sentenceNo": 8,
                "sentenceContent": "캐스팅과 함께 배우들의 실제 나이에도 관심이 모이는 중이며, 김요한, 조이현, 황보름별은 1999년생으로 23세 동갑내기이며, 김영대는 1996년생 26세다.",
                "subjectConsistencyYn": "N"
            }
        ],
        "clickbaitClass": 0
    }
}