{
    "sourceDataInfo": {
        "newsID": "ET_M13_629191",
        "newsCategory": "연예",
        "newsSubcategory": "음악",
        "newsTitle": "트와이스, 美 빌보드 메인 차트 4주 연속 랭크인",
        "newsSubTitle": "",
        "newsContent": "트와이스가 미국 빌보드 메인 차트에 4주 연속 이름을 올리고 글로벌 롱런 인기와 저력을 입증했다.\n빌보드가 14일 공식 홈페이지를 통해 발표한 바에 따르면, 트와이스가 11월 12일 발매한 정규 3집 ‘Formula of Love: O+T=<3’(포뮬러 오브 러브: O+T=<3)는 12월 18일 자 빌보드 메인 차트 ‘빌보드 200’ 66위에 랭크됐다.\n앞서 해당 차트 11월 27일 자 3위에 올라 자체 최고 기록을 경신한 이들은 12월 4일 자 16위, 12월 11일 자 26위를 차지한 데 이어 4주 연속 메인 차트에 이름을 올리는 호성적을 달성했다.\n아티스트의 성적을 종합적으로 집계해 순위를 매기는 ‘아티스트 100’에서는 84위를 기록했다.\n트와이스는 정규 3집과 타이틀곡 ‘SCIENTIST’(사이언티스트)로 ‘월드 앨범’ 2위, ‘송 브레이커 차트’ 4위, ‘톱 커런트 앨범 세일즈’ 10위, ‘톱 앨범 세일즈’ 15위, ‘테이스트메이커 앨범’ 15위, ‘빌보드 글로벌(미국 제외)’ 128위 등 빌보드 최신 차트 총 8개 부문에 이름을 올렸다.\n올해 10월 발표한 첫 영어 싱글 ‘The Feels’(더 필즈)는 ‘빌보드 글로벌(미국 제외)’ 51위, ‘빌보드 글로벌 200’ 92위를 차지하고 빌보드 10주 연속 차트인을 기록해 국내외 이목을 모았다.\n트와이스는 2021년 한 해에만 ‘빌보드 200’, ‘아티스트 100’, ‘핫 100’ 등 유의미한 성적을 쌓으며 ‘빌보드 메인 차트 단골손님’의 기세를 자랑했다.\n6월 11일 발매한 미니 10집 ‘Taste of Love’(테이스트 오브 러브)는 6월 26일 자 ‘빌보드 200’ 6위로 입성해 역대 K팝 걸그룹이 발매한 미니 앨범 사상 최고 성적을 세웠고, 첫 영어 싱글 ‘The Feels’는 10월 16일 자 ‘핫 100’ 차트에 올해 K팝 걸그룹 최초로 입성했다.\n뜨거운 인기를 방증하듯 ‘TWICE 4TH WORLD TOUR ‘Ⅲ’’(트와이스 네 번째 월드투어 ‘쓰리’)의 일환으로 2022년 2월 16일 로스앤젤레스, 18일 오클랜드, 22일 포트워스, 24일 애틀랜타, 26일 뉴욕 등 미국 5개 도시에서 개최되는 공연 티켓은 빠른 속도로 전석 매진을 달성했다.\n이에 JYP엔터테인먼트는 공식 SNS 채널을 통해 15일 로스앤젤레스의 The Forum(더 포럼), 27일 뉴욕의 UBS 아레나 콘서트 회차 추가를 발표했다.\n이로써 트와이스의 네 번째 월드투어는 2021년 12월 24일부터 26일까지 3일간 서울 송파구 KSPO DOME(올림픽체조경기장)에서 포문을 열고 미국 5개 도시 7회 공연으로 이어진다.\n한편 트와이스는 오늘(15일) 일본 새 싱글 ‘Doughnut’(도넛)을 정식 발매한다.\n싱글 9집과 동명인 타이틀곡 ‘Doughnut’은 일본에서 처음 선보이는 발라드 곡이다.\n3일 선공개된 신곡 뮤비는 공개 당일 유튜브 뮤직비디오 트렌딩 월드와이드 정상을 차지했다.",
        "partNum": "P2",
        "useType": 0,
        "processType": "D",
        "processPattern": "24",
        "processLevel": "상",
        "sentenceCount": 14,
        "processSentencenum": 2,
        "sentenceInfo": [
            {
                "sentenceNo": 1,
                "sentenceContent": "트와이스가 미국 빌보드 메인 차트에 4주 연속 이름을 올리고 글로벌 롱런 인기와 저력을 입증했다.",
                "sentenceSize": 54
            },
            {
                "sentenceNo": 2,
                "sentenceContent": "빌보드가 14일 공식 홈페이지를 통해 발표한 바에 따르면, 트와이스가 11월 12일 발매한 정규 3집 ‘Formula of Love: O+T=<3’(포뮬러 오브 러브: O+T=<3)는 12월 18일 자 빌보드 메인 차트 ‘빌보드 200’ 66위에 랭크됐다.",
                "sentenceSize": 143
            },
            {
                "sentenceNo": 3,
                "sentenceContent": "앞서 해당 차트 11월 27일 자 3위에 올라 자체 최고 기록을 경신한 이들은 12월 4일 자 16위, 12월 11일 자 26위를 차지한 데 이어 4주 연속 메인 차트에 이름을 올리는 호성적을 달성했다.",
                "sentenceSize": 113
            },
            {
                "sentenceNo": 4,
                "sentenceContent": "아티스트의 성적을 종합적으로 집계해 순위를 매기는 ‘아티스트 100’에서는 84위를 기록했다.",
                "sentenceSize": 52
            },
            {
                "sentenceNo": 5,
                "sentenceContent": "트와이스는 정규 3집과 타이틀곡 ‘SCIENTIST’(사이언티스트)로 ‘월드 앨범’ 2위, ‘송 브레이커 차트’ 4위, ‘톱 커런트 앨범 세일즈’ 10위, ‘톱 앨범 세일즈’ 15위, ‘테이스트메이커 앨범’ 15위, ‘빌보드 글로벌(미국 제외)’ 128위 등 빌보드 최신 차트 총 8개 부문에 이름을 올렸다.",
                "sentenceSize": 172
            },
            {
                "sentenceNo": 6,
                "sentenceContent": "올해 10월 발표한 첫 영어 싱글 ‘The Feels’(더 필즈)는 ‘빌보드 글로벌(미국 제외)’ 51위, ‘빌보드 글로벌 200’ 92위를 차지하고 빌보드 10주 연속 차트인을 기록해 국내외 이목을 모았다.",
                "sentenceSize": 116
            },
            {
                "sentenceNo": 7,
                "sentenceContent": "트와이스는 2021년 한 해에만 ‘빌보드 200’, ‘아티스트 100’, ‘핫 100’ 등 유의미한 성적을 쌓으며 ‘빌보드 메인 차트 단골손님’의 기세를 자랑했다.",
                "sentenceSize": 91
            },
            {
                "sentenceNo": 8,
                "sentenceContent": "6월 11일 발매한 미니 10집 ‘Taste of Love’(테이스트 오브 러브)는 6월 26일 자 ‘빌보드 200’ 6위로 입성해 역대 K팝 걸그룹이 발매한 미니 앨범 사상 최고 성적을 세웠고, 첫 영어 싱글 ‘The Feels’는 10월 16일 자 ‘핫 100’ 차트에 올해 K팝 걸그룹 최초로 입성했다.",
                "sentenceSize": 172
            },
            {
                "sentenceNo": 9,
                "sentenceContent": "뜨거운 인기를 방증하듯 ‘TWICE 4TH WORLD TOUR ‘Ⅲ’’(트와이스 네 번째 월드투어 ‘쓰리’)의 일환으로 2022년 2월 16일 로스앤젤레스, 18일 오클랜드, 22일 포트워스, 24일 애틀랜타, 26일 뉴욕 등 미국 5개 도시에서 개최되는 공연 티켓은 빠른 속도로 전석 매진을 달성했다.",
                "sentenceSize": 169
            },
            {
                "sentenceNo": 10,
                "sentenceContent": "이에 JYP엔터테인먼트는 공식 SNS 채널을 통해 15일 로스앤젤레스의 The Forum(더 포럼), 27일 뉴욕의 UBS 아레나 콘서트 회차 추가를 발표했다.",
                "sentenceSize": 89
            },
            {
                "sentenceNo": 11,
                "sentenceContent": "이로써 트와이스의 네 번째 월드투어는 2021년 12월 24일부터 26일까지 3일간 서울 송파구 KSPO DOME(올림픽체조경기장)에서 포문을 열고 미국 5개 도시 7회 공연으로 이어진다.",
                "sentenceSize": 105
            },
            {
                "sentenceNo": 12,
                "sentenceContent": "한편 트와이스는 오늘(15일) 일본 새 싱글 ‘Doughnut’(도넛)을 정식 발매한다.",
                "sentenceSize": 49
            },
            {
                "sentenceNo": 13,
                "sentenceContent": "싱글 9집과 동명인 타이틀곡 ‘Doughnut’은 일본에서 처음 선보이는 발라드 곡이다.",
                "sentenceSize": 49
            },
            {
                "sentenceNo": 14,
                "sentenceContent": "3일 선공개된 신곡 뮤비는 공개 당일 유튜브 뮤직비디오 트렌딩 월드와이드 정상을 차지했다.",
                "sentenceSize": 50
            }
        ]
    },
    "labeledDataInfo": {
        "processSentenceInfo": [
            {
                "sentenceNo": 1,
                "sentenceContent": "트와이스가 미국 빌보드 메인 차트에 4주 연속 이름을 올리고 글로벌 롱런 인기와 저력을 입증했다.",
                "subjectConsistencyYn": "Y"
            },
            {
                "sentenceNo": 2,
                "sentenceContent": "빌보드가 14일 공식 홈페이지를 통해 발표한 바에 따르면, 트와이스가 11월 12일 발매한 정규 3집 ‘Formula of Love: O+T=<3’(포뮬러 오브 러브: O+T=<3)는 12월 18일 자 빌보드 메인 차트 ‘빌보드 200’ 66위에 랭크됐다.",
                "subjectConsistencyYn": "Y"
            },
            {
                "sentenceNo": 3,
                "sentenceContent": "앞서 해당 차트 11월 27일 자 3위에 올라 자체 최고 기록을 경신한 이들은 12월 4일 자 16위, 12월 11일 자 26위를 차지한 데 이어 4주 연속 메인 차트에 이름을 올리는 호성적을 달성했다.",
                "subjectConsistencyYn": "Y"
            },
            {
                "sentenceNo": 4,
                "sentenceContent": "아티스트의 성적을 종합적으로 집계해 순위를 매기는 ‘아티스트 100’에서는 84위를 기록했다.",
                "subjectConsistencyYn": "Y"
            },
            {
                "sentenceNo": 5,
                "sentenceContent": "트와이스는 정규 3집과 타이틀곡 ‘SCIENTIST’(사이언티스트)로 ‘월드 앨범’ 2위, ‘송 브레이커 차트’ 4위, ‘톱 커런트 앨범 세일즈’ 10위, ‘톱 앨범 세일즈’ 15위, ‘테이스트메이커 앨범’ 15위, ‘빌보드 글로벌(미국 제외)’ 128위 등 빌보드 최신 차트 총 8개 부문에 이름을 올렸다.",
                "subjectConsistencyYn": "Y"
            },
            {
                "sentenceNo": 6,
                "sentenceContent": "올해 10월 발표한 첫 영어 싱글 ‘The Feels’(더 필즈)는 ‘빌보드 글로벌(미국 제외)’ 51위, ‘빌보드 글로벌 200’ 92위를 차지하고 빌보드 10주 연속 차트인을 기록해 국내외 이목을 모았다.",
                "subjectConsistencyYn": "Y"
            },
            {
                "sentenceNo": 7,
                "sentenceContent": "트와이스는 2021년 한 해에만 ‘빌보드 200’, ‘아티스트 100’, ‘핫 100’ 등 유의미한 성적을 쌓으며 ‘빌보드 메인 차트 단골손님’의 기세를 자랑했다.",
                "subjectConsistencyYn": "Y"
            },
            {
                "sentenceNo": 8,
                "sentenceContent": "6월 11일 발매한 미니 10집 ‘Taste of Love’(테이스트 오브 러브)는 6월 26일 자 ‘빌보드 200’ 6위로 입성해 역대 K팝 걸그룹이 발매한 미니 앨범 사상 최고 성적을 세웠고, 첫 영어 싱글 ‘The Feels’는 10월 16일 자 ‘핫 100’ 차트에 올해 K팝 걸그룹 최초로 입성했다.",
                "subjectConsistencyYn": "Y"
            },
            {
                "sentenceNo": 9,
                "sentenceContent": "뜨거운 인기를 방증하듯 ‘TWICE 4TH WORLD TOUR ‘Ⅲ’’(트와이스 네 번째 월드투어 ‘쓰리’)의 일환으로 2022년 2월 16일 로스앤젤레스, 18일 오클랜드, 22일 포트워스, 24일 애틀랜타, 26일 뉴욕 등 미국 5개 도시에서 개최되는 공연 티켓은 빠른 속도로 전석 매진을 달성했다.",
                "subjectConsistencyYn": "Y"
            },
            {
                "sentenceNo": 10,
                "sentenceContent": "이에 JYP엔터테인먼트는 공식 SNS 채널을 통해 15일 로스앤젤레스의 The Forum(더 포럼), 27일 뉴욕의 UBS 아레나 콘서트 회차 추가를 발표했다.",
                "subjectConsistencyYn": "Y"
            },
            {
                "sentenceNo": 11,
                "sentenceContent": "이로써 트와이스의 네 번째 월드투어는 2021년 12월 24일부터 26일까지 3일간 서울 송파구 KSPO DOME(올림픽체조경기장)에서 포문을 열고 미국 5개 도시 7회 공연으로 이어진다.",
                "subjectConsistencyYn": "Y"
            },
            {
                "sentenceNo": 12,
                "sentenceContent": "한편 트와이스는 오늘(15일) 일본 새 싱글 ‘Doughnut’(도넛)을 정식 발매한다.",
                "subjectConsistencyYn": "Y"
            },
            {
                "sentenceNo": 13,
                "sentenceContent": "싱글 9집과 동명인 타이틀곡 ‘Doughnut’은 일본에서 처음 선보이는 발라드 곡이다.",
                "subjectConsistencyYn": "Y"
            },
            {
                "sentenceNo": 14,
                "sentenceContent": "3일 선공개된 신곡 뮤비는 공개 당일 유튜브 뮤직비디오 트렌딩 월드와이드 정상을 차지했다.",
                "subjectConsistencyYn": "Y"
            },
            {
                "sentenceNo": 15,
                "sentenceContent": "트와이스가 미국 빌보드 메인 차트에 4주 연속 이름을 올린 가운데, 내달 5일에는 엘런 쇼에도 출연할 예정인 것으로 밝혀졌다. ",
                "subjectConsistencyYn": "N"
            },
            {
                "sentenceNo": 16,
                "sentenceContent": "트와이스의 멤버인 쯔위와 사나는 SNS를 통해 엘런 쇼에 출연할 예정이라는 소식을 밝히며 \"평소 엘런 쇼를 즐겨 본 애청자로서 기쁨을 말로 다 할 수 없다\", \"벌써부터 떨려서 잠을 이루지 못할 지경\"이라는 심경을 밝혔다. ",
                "subjectConsistencyYn": "N"
            }
        ],
        "clickbaitClass": 0
    }
}