{
    "sourceDataInfo": {
        "newsID": "ET_M13_629528",
        "newsCategory": "연예",
        "newsSubcategory": "영화",
        "newsTitle": "증평군, 360억 투입 ‘문화산업플랫폼' 등 균형발전사업 추진…작은 영화관 등",
        "newsSubTitle": "",
        "newsContent": "충북 증평군이 지역 균형발전을 위해 앞으로 5년간 360억원을 들여 ‘4C문화산업플랫폼’ 조성사업 등을 추진한다고 5일 밝혔다.\n충북도가 2007년부터 5년 단위로 추진하는 지역균형발전사업의 일환이다.\n4C문화산업플랫폼 조성사업을 통해 증평읍 송산리 1만6천556㎡ 터에 지하 1층, 지상 4층 규모의 복합문화예술회관을 건립한다.\n총사업비가 260억원이다. ‘4C’는 공동체(Community), 복합(Complex), 창작(Creation), 문화(Culture)를 의미한다.\n이곳에는 다양한 규모의 공연장과 전시관, 미디어·예술창작 공간, 작은 영화관, 미니키즈카페, 메타버스와 문화산업 창업 지원 공간 등이 들어설 예정이다.\n시설이 건립되면 송산택지개발지구 내 군립도서관, 독서왕김득신문학관, 청소년문화의집 등과 함께 생활SOC복합타운을 형성할 것으로 기대된다.\n에듀팜특구 관광단지와 좌구산 휴양랜드 인근에는 70억원을 들여 스마트기술 시현을 위한 4차 산업기술·관광융합형 테스트 베드를 구축한다.\n이달 중 충북도에서 사업이 확정되면 본격적인 행정 절차에 들어간다.\n바이오소재산업 육성을 위해 한국교통대 증평캠퍼스 산학 협력단지 조성, 스마트 빌리지 서비스 발굴과 실증사업 등을 추진한다.",
        "partNum": "P2",
        "useType": 0,
        "processType": "D",
        "processPattern": "24",
        "processLevel": "상",
        "sentenceCount": 9,
        "processSentencenum": 2,
        "sentenceInfo": [
            {
                "sentenceNo": 1,
                "sentenceContent": "충북 증평군이 지역 균형발전을 위해 앞으로 5년간 360억원을 들여 ‘4C문화산업플랫폼’ 조성사업 등을 추진한다고 5일 밝혔다.",
                "sentenceSize": 71
            },
            {
                "sentenceNo": 2,
                "sentenceContent": "충북도가 2007년부터 5년 단위로 추진하는 지역균형발전사업의 일환이다.",
                "sentenceSize": 40
            },
            {
                "sentenceNo": 3,
                "sentenceContent": "4C문화산업플랫폼 조성사업을 통해 증평읍 송산리 1만6천556㎡ 터에 지하 1층, 지상 4층 규모의 복합문화예술회관을 건립한다.",
                "sentenceSize": 71
            },
            {
                "sentenceNo": 4,
                "sentenceContent": "총사업비가 260억원이다. ‘4C’는 공동체(Community), 복합(Complex), 창작(Creation), 문화(Culture)를 의미한다.",
                "sentenceSize": 82
            },
            {
                "sentenceNo": 5,
                "sentenceContent": "이곳에는 다양한 규모의 공연장과 전시관, 미디어·예술창작 공간, 작은 영화관, 미니키즈카페, 메타버스와 문화산업 창업 지원 공간 등이 들어설 예정이다.",
                "sentenceSize": 84
            },
            {
                "sentenceNo": 6,
                "sentenceContent": "시설이 건립되면 송산택지개발지구 내 군립도서관, 독서왕김득신문학관, 청소년문화의집 등과 함께 생활SOC복합타운을 형성할 것으로 기대된다.",
                "sentenceSize": 76
            },
            {
                "sentenceNo": 7,
                "sentenceContent": "에듀팜특구 관광단지와 좌구산 휴양랜드 인근에는 70억원을 들여 스마트기술 시현을 위한 4차 산업기술·관광융합형 테스트 베드를 구축한다.",
                "sentenceSize": 75
            },
            {
                "sentenceNo": 8,
                "sentenceContent": "이달 중 충북도에서 사업이 확정되면 본격적인 행정 절차에 들어간다.",
                "sentenceSize": 37
            },
            {
                "sentenceNo": 9,
                "sentenceContent": "바이오소재산업 육성을 위해 한국교통대 증평캠퍼스 산학 협력단지 조성, 스마트 빌리지 서비스 발굴과 실증사업 등을 추진한다.",
                "sentenceSize": 68
            }
        ]
    },
    "labeledDataInfo": {
        "processSentenceInfo": [
            {
                "sentenceNo": 1,
                "sentenceContent": "충북 증평군이 지역 균형발전을 위해 앞으로 5년간 360억원을 들여 ‘4C문화산업플랫폼’ 조성사업 등을 추진한다고 5일 밝혔다.",
                "subjectConsistencyYn": "Y"
            },
            {
                "sentenceNo": 2,
                "sentenceContent": "충북도가 2007년부터 5년 단위로 추진하는 지역균형발전사업의 일환이다.",
                "subjectConsistencyYn": "Y"
            },
            {
                "sentenceNo": 3,
                "sentenceContent": "4C문화산업플랫폼 조성사업을 통해 증평읍 송산리 1만6천556㎡ 터에 지하 1층, 지상 4층 규모의 복합문화예술회관을 건립한다.",
                "subjectConsistencyYn": "Y"
            },
            {
                "sentenceNo": 4,
                "sentenceContent": "총사업비가 260억원이다. ‘4C’는 공동체(Community), 복합(Complex), 창작(Creation), 문화(Culture)를 의미한다.",
                "subjectConsistencyYn": "Y"
            },
            {
                "sentenceNo": 5,
                "sentenceContent": "이곳에는 다양한 규모의 공연장과 전시관, 미디어·예술창작 공간, 작은 영화관, 미니키즈카페, 메타버스와 문화산업 창업 지원 공간 등이 들어설 예정이다.",
                "subjectConsistencyYn": "Y"
            },
            {
                "sentenceNo": 6,
                "sentenceContent": "시설이 건립되면 송산택지개발지구 내 군립도서관, 독서왕김득신문학관, 청소년문화의집 등과 함께 생활SOC복합타운을 형성할 것으로 기대된다.",
                "subjectConsistencyYn": "Y"
            },
            {
                "sentenceNo": 7,
                "sentenceContent": "에듀팜특구 관광단지와 좌구산 휴양랜드 인근에는 70억원을 들여 스마트기술 시현을 위한 4차 산업기술·관광융합형 테스트 베드를 구축한다.",
                "subjectConsistencyYn": "Y"
            },
            {
                "sentenceNo": 8,
                "sentenceContent": "이달 중 충북도에서 사업이 확정되면 본격적인 행정 절차에 들어간다.",
                "subjectConsistencyYn": "Y"
            },
            {
                "sentenceNo": 9,
                "sentenceContent": "바이오소재산업 육성을 위해 한국교통대 증평캠퍼스 산학 협력단지 조성, 스마트 빌리지 서비스 발굴과 실증사업 등을 추진한다.",
                "subjectConsistencyYn": "Y"
            },
            {
                "sentenceNo": 10,
                "sentenceContent": "증평군이 지역 균형발전을 위해 앞으로 5년간 360억 원을 들여 ‘4C문화산업플랫폼’ 조성사업을 추진한다고 밝힌 가운데, 충북 증평군은 증평읍 장동리 일대에 아동의 목소리를 담은 `장동리 디딤숲 공원`을 조성했다고 밝혔다.  ",
                "subjectConsistencyYn": "N"
            },
            {
                "sentenceNo": 11,
                "sentenceContent": "이 공원은 증평군 아동정책발표 한마당에서 대상을 받은 오누이 팀 제안을 반영해 조성했고, 오누이 팀은 \"학교에 오가는 길에 있는 골목 환경이 열악해서 청소년 일탈행위가 잦고 도시경관도 해치고 있다\"며 \"잘 보이지 않는 곳도 어린이와 주민이 안전하게 다닐 수 있도록 해 달라\"라고 통학로 개선을 제안했다.",
                "subjectConsistencyYn": "N"
            }
        ],
        "clickbaitClass": 0
    }
}