{
    "sourceDataInfo": {
        "newsID": "ET_M13_629534",
        "newsCategory": "연예",
        "newsSubcategory": "연예일반",
        "newsTitle": "해킹당한 울림 SNS…‘초능력자’ 드리핀의 소행?",
        "newsSubTitle": "",
        "newsContent": "울림엔터테인먼트(이하 울림)가 이색 마케팅으로 눈길을 끌었다.\n6일 0시 미스터리한 이미지가 울림 공식 SNS와 인피니트, 이수정, 골든차일드, 로켓펀치, 드리핀, 권은비 공식 SNS의 헤더 및 프로필을 점령해 이목을 집중시켰다.\n각 아티스트들의 앨범 재킷이 장식했던 헤더는 초록색 노이즈가 발생한 사진으로 바뀌었고, 아티스트별 로고로 채워졌던 프로필은 알 수 없는 남성의 실루엣이 차지했다.\n갑작스럽게 벌어진 전 아티스트 SNS 해킹에 글로벌 팬들의 뜨거운 관심이 집중됐다.\n앞서 컴백 프롤로그 영상을 통해 해킹되는 휴대전화와 다양한 초능력을 선보인 드리핀과 깊은 관련이 있다는 추측이 쏟아졌다.\n불꽃과 천둥번개, 빛 조종, 괴력, 시·공간 통제, 괴물의 형체를 이끌어내는 것에 이어 해킹 역시 초능력자로 변신한 드리핀의 특별한 힘일지 궁금증이 최고조에 달했다.\n한편, 드리핀은 오는 17일 세 번째 미니 앨범 ‘빌런(Villain)’을 발매한다.",
        "partNum": "P2",
        "useType": 0,
        "processType": "D",
        "processPattern": "24",
        "processLevel": "상",
        "sentenceCount": 7,
        "processSentencenum": 2,
        "sentenceInfo": [
            {
                "sentenceNo": 1,
                "sentenceContent": "울림엔터테인먼트(이하 울림)가 이색 마케팅으로 눈길을 끌었다.",
                "sentenceSize": 34
            },
            {
                "sentenceNo": 2,
                "sentenceContent": "6일 0시 미스터리한 이미지가 울림 공식 SNS와 인피니트, 이수정, 골든차일드, 로켓펀치, 드리핀, 권은비 공식 SNS의 헤더 및 프로필을 점령해 이목을 집중시켰다.",
                "sentenceSize": 93
            },
            {
                "sentenceNo": 3,
                "sentenceContent": "각 아티스트들의 앨범 재킷이 장식했던 헤더는 초록색 노이즈가 발생한 사진으로 바뀌었고, 아티스트별 로고로 채워졌던 프로필은 알 수 없는 남성의 실루엣이 차지했다.",
                "sentenceSize": 90
            },
            {
                "sentenceNo": 4,
                "sentenceContent": "갑작스럽게 벌어진 전 아티스트 SNS 해킹에 글로벌 팬들의 뜨거운 관심이 집중됐다.",
                "sentenceSize": 46
            },
            {
                "sentenceNo": 5,
                "sentenceContent": "앞서 컴백 프롤로그 영상을 통해 해킹되는 휴대전화와 다양한 초능력을 선보인 드리핀과 깊은 관련이 있다는 추측이 쏟아졌다.",
                "sentenceSize": 67
            },
            {
                "sentenceNo": 6,
                "sentenceContent": "불꽃과 천둥번개, 빛 조종, 괴력, 시·공간 통제, 괴물의 형체를 이끌어내는 것에 이어 해킹 역시 초능력자로 변신한 드리핀의 특별한 힘일지 궁금증이 최고조에 달했다.",
                "sentenceSize": 92
            },
            {
                "sentenceNo": 7,
                "sentenceContent": "한편, 드리핀은 오는 17일 세 번째 미니 앨범 ‘빌런(Villain)’을 발매한다.",
                "sentenceSize": 47
            }
        ]
    },
    "labeledDataInfo": {
        "processSentenceInfo": [
            {
                "sentenceNo": 1,
                "sentenceContent": "울림엔터테인먼트(이하 울림)가 이색 마케팅으로 눈길을 끌었다.",
                "subjectConsistencyYn": "Y"
            },
            {
                "sentenceNo": 2,
                "sentenceContent": "6일 0시 미스터리한 이미지가 울림 공식 SNS와 인피니트, 이수정, 골든차일드, 로켓펀치, 드리핀, 권은비 공식 SNS의 헤더 및 프로필을 점령해 이목을 집중시켰다.",
                "subjectConsistencyYn": "Y"
            },
            {
                "sentenceNo": 3,
                "sentenceContent": "각 아티스트들의 앨범 재킷이 장식했던 헤더는 초록색 노이즈가 발생한 사진으로 바뀌었고, 아티스트별 로고로 채워졌던 프로필은 알 수 없는 남성의 실루엣이 차지했다.",
                "subjectConsistencyYn": "Y"
            },
            {
                "sentenceNo": 4,
                "sentenceContent": "갑작스럽게 벌어진 전 아티스트 SNS 해킹에 글로벌 팬들의 뜨거운 관심이 집중됐다.",
                "subjectConsistencyYn": "Y"
            },
            {
                "sentenceNo": 5,
                "sentenceContent": "앞서 컴백 프롤로그 영상을 통해 해킹되는 휴대전화와 다양한 초능력을 선보인 드리핀과 깊은 관련이 있다는 추측이 쏟아졌다.",
                "subjectConsistencyYn": "Y"
            },
            {
                "sentenceNo": 6,
                "sentenceContent": "불꽃과 천둥번개, 빛 조종, 괴력, 시·공간 통제, 괴물의 형체를 이끌어내는 것에 이어 해킹 역시 초능력자로 변신한 드리핀의 특별한 힘일지 궁금증이 최고조에 달했다.",
                "subjectConsistencyYn": "Y"
            },
            {
                "sentenceNo": 7,
                "sentenceContent": "한편, 드리핀은 오는 17일 세 번째 미니 앨범 ‘빌런(Villain)’을 발매한다.",
                "subjectConsistencyYn": "Y"
            },
            {
                "sentenceNo": 8,
                "sentenceContent": "울림엔터테인먼트가 '전 아티스트 SNS 해킹'으로 이색 마케팅을 펼친 가운데, 소속가수 러블리즈는 지난해 11월 베이비소울을 제외한 멤버들의 전속계약이 종료되며 '아이돌 마의 7년'을 넘기지 못하고 뿔뿔이 흩어졌다.",
                "subjectConsistencyYn": "N"
            },
            {
                "sentenceNo": 9,
                "sentenceContent": "2014년 데뷔한 여성 아이돌 그룹 러블리즈는 아-츄, 안녕, 지금 우리, 종소리, 데스티니, 그날의 너, 그대에게, 어제처럼 굿나잇 등 다양한 곡으로 사랑받았다. ",
                "subjectConsistencyYn": "N"
            }
        ],
        "clickbaitClass": 0
    }
}