{
    "sourceDataInfo": {
        "newsID": "ET_M13_629149",
        "newsCategory": "연예",
        "newsSubcategory": "음악",
        "newsTitle": "서은광, 13일 별 ‘12월 32’일 리메이크곡 발매",
        "newsSubTitle": "",
        "newsContent": "그룹 비투비(BTOB) 서은광이 별의 ‘12월 32일’을 새로운 느낌으로 선보인다.\n서은광이 참여한 ‘싸이월드 BGM 2021’의 열여섯 번째 리메이크 음원 ‘12월 32일’이 13일 오후 6시 전 온라인 음원 사이트를 통해 발매된다.\n동시에 싸이월드 공식 유튜브 채널(Cyworld_Official)에서 뮤직클립이 독점 공개된다. ‘12월 32일’은 지난 2002년 발매된 별의 데뷔곡이자 박진영이 작사·작곡한 곡으로, 사랑하는 이가 돌아올 때까지 달력은 끝이 나지 않는다는 메시지가 담겨 있다.\n독특한 노래 제목과 별의 여린 음색이 더해지며 당시 선풍적인 인기를 얻었고 지금까지도 겨울에 떠오르는 별의 대표곡으로 큰 사랑을 받고 있다.\n서은광이 부른 ‘12월 32일’은 원곡이 가지고 있는 쓸쓸한 감성을 중점에 두고 새롭게 재해석했다.\n추억을 자극하는 여러 가지 멜로디 악기들과 현대적인 느낌을 주는 리듬 악기들이 조화를 이뤘으며 이외에도 시계 소리 같은 편곡 요소들이 다가오는 연말을 떠올리게 만든다.\n서은광은 “제 학창 시절을 함께 했던 싸이월드와 작업을 하게 되어 너무 기분이 좋다. 그만큼 정말 즐겁고 열심히 작업했다. 사랑하는 사람들과 이별을 겪으신 분들에게 ‘12월 32일’이 큰 위로와 힘이 되기를 바란다”며 가창 소감을 전했다. ‘싸이월드 BGM 2021’은 싸이월드의 BGM 역대 톱100 곡을 MZ세대가 좋아하는 가창자들이 다시 부르는 대형 프로젝트로, 연말까지 다채로운 장르의 명곡을 재해석한다.\n소유 ‘Y(Please Tell Me Why)’, 기프트(GIFT) ‘기억을 걷는 시간’, 가호 ‘Officially Missing You’, 에일리 ‘눈의 꽃’, 정승환 ‘애인 있어요’, 죠지 ‘고칠게’, 하성운·펀치 ‘자니’, 황치열 ‘잔소리’, 매드클라운·이해리 ‘수취인불명’, 프로미스나인 ‘별’, 데이브레이크 ‘예감 좋은 날’, 원슈타인 ‘10 Minutes’, 산이·수란 ‘사진(하늘만 바라봐)’, 강다니엘·챈슬러 ‘Fly’, 유주 ‘너의 곁으로’를 발매하며 가요계의 ‘레트로 트렌드’를 이끌고 있다.\n한편 서은광이 재해석한 별의 ‘12월 32일’은 13일 오후 6시 각종 음원 사이트에서 발매된다.",
        "partNum": "P2",
        "useType": 0,
        "processType": "D",
        "processPattern": "24",
        "processLevel": "상",
        "sentenceCount": 9,
        "processSentencenum": 2,
        "sentenceInfo": [
            {
                "sentenceNo": 1,
                "sentenceContent": "그룹 비투비(BTOB) 서은광이 별의 ‘12월 32일’을 새로운 느낌으로 선보인다.",
                "sentenceSize": 46
            },
            {
                "sentenceNo": 2,
                "sentenceContent": "서은광이 참여한 ‘싸이월드 BGM 2021’의 열여섯 번째 리메이크 음원 ‘12월 32일’이 13일 오후 6시 전 온라인 음원 사이트를 통해 발매된다.",
                "sentenceSize": 84
            },
            {
                "sentenceNo": 3,
                "sentenceContent": "동시에 싸이월드 공식 유튜브 채널(Cyworld_Official)에서 뮤직클립이 독점 공개된다. ‘12월 32일’은 지난 2002년 발매된 별의 데뷔곡이자 박진영이 작사·작곡한 곡으로, 사랑하는 이가 돌아올 때까지 달력은 끝이 나지 않는다는 메시지가 담겨 있다.",
                "sentenceSize": 146
            },
            {
                "sentenceNo": 4,
                "sentenceContent": "독특한 노래 제목과 별의 여린 음색이 더해지며 당시 선풍적인 인기를 얻었고 지금까지도 겨울에 떠오르는 별의 대표곡으로 큰 사랑을 받고 있다.",
                "sentenceSize": 78
            },
            {
                "sentenceNo": 5,
                "sentenceContent": "서은광이 부른 ‘12월 32일’은 원곡이 가지고 있는 쓸쓸한 감성을 중점에 두고 새롭게 재해석했다.",
                "sentenceSize": 55
            },
            {
                "sentenceNo": 6,
                "sentenceContent": "추억을 자극하는 여러 가지 멜로디 악기들과 현대적인 느낌을 주는 리듬 악기들이 조화를 이뤘으며 이외에도 시계 소리 같은 편곡 요소들이 다가오는 연말을 떠올리게 만든다.",
                "sentenceSize": 93
            },
            {
                "sentenceNo": 7,
                "sentenceContent": "서은광은 “제 학창 시절을 함께 했던 싸이월드와 작업을 하게 되어 너무 기분이 좋다. 그만큼 정말 즐겁고 열심히 작업했다. 사랑하는 사람들과 이별을 겪으신 분들에게 ‘12월 32일’이 큰 위로와 힘이 되기를 바란다”며 가창 소감을 전했다. ‘싸이월드 BGM 2021’은 싸이월드의 BGM 역대 톱100 곡을 MZ세대가 좋아하는 가창자들이 다시 부르는 대형 프로젝트로, 연말까지 다채로운 장르의 명곡을 재해석한다.",
                "sentenceSize": 230
            },
            {
                "sentenceNo": 8,
                "sentenceContent": "소유 ‘Y(Please Tell Me Why)’, 기프트(GIFT) ‘기억을 걷는 시간’, 가호 ‘Officially Missing You’, 에일리 ‘눈의 꽃’, 정승환 ‘애인 있어요’, 죠지 ‘고칠게’, 하성운·펀치 ‘자니’, 황치열 ‘잔소리’, 매드클라운·이해리 ‘수취인불명’, 프로미스나인 ‘별’, 데이브레이크 ‘예감 좋은 날’, 원슈타인 ‘10 Minutes’, 산이·수란 ‘사진(하늘만 바라봐)’, 강다니엘·챈슬러 ‘Fly’, 유주 ‘너의 곁으로’를 발매하며 가요계의 ‘레트로 트렌드’를 이끌고 있다.",
                "sentenceSize": 286
            },
            {
                "sentenceNo": 9,
                "sentenceContent": "한편 서은광이 재해석한 별의 ‘12월 32일’은 13일 오후 6시 각종 음원 사이트에서 발매된다.",
                "sentenceSize": 54
            }
        ]
    },
    "labeledDataInfo": {
        "processSentenceInfo": [
            {
                "sentenceNo": 1,
                "sentenceContent": "그룹 비투비(BTOB) 서은광이 별의 ‘12월 32일’을 새로운 느낌으로 선보인다.",
                "subjectConsistencyYn": "Y"
            },
            {
                "sentenceNo": 2,
                "sentenceContent": "서은광이 참여한 ‘싸이월드 BGM 2021’의 열여섯 번째 리메이크 음원 ‘12월 32일’이 13일 오후 6시 전 온라인 음원 사이트를 통해 발매된다.",
                "subjectConsistencyYn": "Y"
            },
            {
                "sentenceNo": 3,
                "sentenceContent": "동시에 싸이월드 공식 유튜브 채널(Cyworld_Official)에서 뮤직클립이 독점 공개된다. ‘12월 32일’은 지난 2002년 발매된 별의 데뷔곡이자 박진영이 작사·작곡한 곡으로, 사랑하는 이가 돌아올 때까지 달력은 끝이 나지 않는다는 메시지가 담겨 있다.",
                "subjectConsistencyYn": "Y"
            },
            {
                "sentenceNo": 4,
                "sentenceContent": "독특한 노래 제목과 별의 여린 음색이 더해지며 당시 선풍적인 인기를 얻었고 지금까지도 겨울에 떠오르는 별의 대표곡으로 큰 사랑을 받고 있다.",
                "subjectConsistencyYn": "Y"
            },
            {
                "sentenceNo": 5,
                "sentenceContent": "서은광이 부른 ‘12월 32일’은 원곡이 가지고 있는 쓸쓸한 감성을 중점에 두고 새롭게 재해석했다.",
                "subjectConsistencyYn": "Y"
            },
            {
                "sentenceNo": 6,
                "sentenceContent": "추억을 자극하는 여러 가지 멜로디 악기들과 현대적인 느낌을 주는 리듬 악기들이 조화를 이뤘으며 이외에도 시계 소리 같은 편곡 요소들이 다가오는 연말을 떠올리게 만든다.",
                "subjectConsistencyYn": "Y"
            },
            {
                "sentenceNo": 7,
                "sentenceContent": "서은광은 “제 학창 시절을 함께 했던 싸이월드와 작업을 하게 되어 너무 기분이 좋다. 그만큼 정말 즐겁고 열심히 작업했다. 사랑하는 사람들과 이별을 겪으신 분들에게 ‘12월 32일’이 큰 위로와 힘이 되기를 바란다”며 가창 소감을 전했다. ‘싸이월드 BGM 2021’은 싸이월드의 BGM 역대 톱100 곡을 MZ세대가 좋아하는 가창자들이 다시 부르는 대형 프로젝트로, 연말까지 다채로운 장르의 명곡을 재해석한다.",
                "subjectConsistencyYn": "Y"
            },
            {
                "sentenceNo": 8,
                "sentenceContent": "소유 ‘Y(Please Tell Me Why)’, 기프트(GIFT) ‘기억을 걷는 시간’, 가호 ‘Officially Missing You’, 에일리 ‘눈의 꽃’, 정승환 ‘애인 있어요’, 죠지 ‘고칠게’, 하성운·펀치 ‘자니’, 황치열 ‘잔소리’, 매드클라운·이해리 ‘수취인불명’, 프로미스나인 ‘별’, 데이브레이크 ‘예감 좋은 날’, 원슈타인 ‘10 Minutes’, 산이·수란 ‘사진(하늘만 바라봐)’, 강다니엘·챈슬러 ‘Fly’, 유주 ‘너의 곁으로’를 발매하며 가요계의 ‘레트로 트렌드’를 이끌고 있다.",
                "subjectConsistencyYn": "Y"
            },
            {
                "sentenceNo": 9,
                "sentenceContent": "한편 서은광이 재해석한 별의 ‘12월 32일’은 13일 오후 6시 각종 음원 사이트에서 발매된다.",
                "subjectConsistencyYn": "Y"
            },
            {
                "sentenceNo": 10,
                "sentenceContent": "별의 ‘12월 32일’을 새로운 느낌으로 선보이는 비투비 서은광이 코로나19에 확진됐다.",
                "subjectConsistencyYn": "N"
            },
            {
                "sentenceNo": 11,
                "sentenceContent": "소속사 큐브엔터테인먼트는 23일 이 같은 사실을 밝히며 \"이날 오전 서은광은 목에 이상을 느껴 병원을 찾아 유전자증폭 검사(PCR)를 진행, 확진 판정을 받았다\"고 전했다.",
                "subjectConsistencyYn": "N"
            }
        ],
        "clickbaitClass": 0
    }
}