{
    "sourceDataInfo": {
        "newsID": "ET_M13_629265",
        "newsCategory": "연예",
        "newsSubcategory": "방송",
        "newsTitle": "‘코빅’ 장우혁, 웃음+환호 다 잡았다",
        "newsSubTitle": "",
        "newsContent": "‘레전드 오브 레전드’ 장우혁이 ‘코미디 빅리그’에 깜짝 등장했다.\n19일 방송된 tvN ‘코미디 빅리그’에서는 올해의 대미를 장식할 4쿼터 최종 라운드가 펼쳐졌다.\n종합 순위 1위를 확정한 ‘현장 오디션’ 뒤를 이어 ‘코빅엔터’와 ‘수틀린 우먼 파이터’ 코너가 2위와 3위에 올라선 가운데 마지막 라운드를 앞두고 ‘수틀린 우먼 파이터’ 팀이 비밀병기 장우혁을 내세워 눈길을 끌었다.\n이날 MC 강다니엘리펀트 강재준의 오프닝으로 시작된 ‘수틀린 우먼 파이터’ 코너에서 장우혁은 클났슈, YG구내식당 팀에 이어 뉴페이스로 등장했다.\n장우혁의 신곡 ‘어때 tonight’ 무대에 관객들은 설레는 마음을 박수로 보냈고, 참가자들 또한 H.O.T.의 공식 응원도구인 흰 풍선을 흔들며 아낌없는 환호를 보냈다.\n찹쌀모니카 이은형은 “혹시 드라큘라 아니냐. 어떻게 10년 전이나 20년 전이나 똑같을 수가 있냐”고 말을 건넸고, 쑥쓰러워 하는 장우혁에게 “그런데 오빠 연배가 어떻게 되시냐”고 ‘나이 공격’을 날렸다.\n장우혁은 당혹스러워하면서도 “제 나이는 허니보이제이 김용명과 같다”고 센스 있게 대답했지만 김용명은 “너 4학년 4반이냐”고 반문해 모두가 웃음을 터뜨렸다.\n이후 단체루틴 배틀에서 장우혁은 ‘버퍼링’ 댄스와 ‘테트리스’ 댄스로 잘 알려진 ‘시간이 멈춘날’ 무대를 선보였다.\n목과 몸이 따로 움직이는 장우혁의 넥 아이솔레이션에 관객들은 제대로 눈호강을 했다.\n이어 어디서 나올지 몰라 ‘음악방송 카메라 감독 경계 1순위’로 꼽혔던“Time is over’에서는 이상준과 함께 깜짝 등장해 박수와 웃음 두 마리 토끼를 모두 잡아냈다.\n약자배틀에서 장우혁은 동갑내기 허니보이제이 김용명을 지목했다.\n찹쌀모니카 이은형은“잘봐.\n노약자들 싸움이다”라는 회심의 멘트를 날려 공연장을 웃음바다로 만들었다.\n그러나 막상 랜덤 댄스 배틀이 본격적으로 펼쳐지자 장우혁은 ‘검정고무신’ 주제곡, 공개수배 BGM 등 두서없는 음악에도 불구하고 절도 넘치는 ‘레전드 오브 레전드’의 댄스실력을 제대로 보여줬다.\n장우혁의 승리로 코너가 마무리된 가운데 ‘수틀린 우먼 파이터’는 아쉽게도 최종 4위에 머물렀다.\n이 날 4쿼터의 우승은 ‘현장 오디션’이, 준우승은 ‘코빅엔터’가, 3위는 ‘두분 사망토론’이 차지했다.\n한편 장우혁은 지난 11월 24일 싱글 ‘어때Tonight’을 발매한 바 있다.",
        "partNum": "P2",
        "useType": 0,
        "processType": "D",
        "processPattern": "24",
        "processLevel": "상",
        "sentenceCount": 17,
        "processSentencenum": 2,
        "sentenceInfo": [
            {
                "sentenceNo": 1,
                "sentenceContent": "‘레전드 오브 레전드’ 장우혁이 ‘코미디 빅리그’에 깜짝 등장했다.",
                "sentenceSize": 37
            },
            {
                "sentenceNo": 2,
                "sentenceContent": "19일 방송된 tvN ‘코미디 빅리그’에서는 올해의 대미를 장식할 4쿼터 최종 라운드가 펼쳐졌다.",
                "sentenceSize": 54
            },
            {
                "sentenceNo": 3,
                "sentenceContent": "종합 순위 1위를 확정한 ‘현장 오디션’ 뒤를 이어 ‘코빅엔터’와 ‘수틀린 우먼 파이터’ 코너가 2위와 3위에 올라선 가운데 마지막 라운드를 앞두고 ‘수틀린 우먼 파이터’ 팀이 비밀병기 장우혁을 내세워 눈길을 끌었다.",
                "sentenceSize": 121
            },
            {
                "sentenceNo": 4,
                "sentenceContent": "이날 MC 강다니엘리펀트 강재준의 오프닝으로 시작된 ‘수틀린 우먼 파이터’ 코너에서 장우혁은 클났슈, YG구내식당 팀에 이어 뉴페이스로 등장했다.",
                "sentenceSize": 81
            },
            {
                "sentenceNo": 5,
                "sentenceContent": "장우혁의 신곡 ‘어때 tonight’ 무대에 관객들은 설레는 마음을 박수로 보냈고, 참가자들 또한 H.O.T.의 공식 응원도구인 흰 풍선을 흔들며 아낌없는 환호를 보냈다.",
                "sentenceSize": 95
            },
            {
                "sentenceNo": 6,
                "sentenceContent": "찹쌀모니카 이은형은 “혹시 드라큘라 아니냐. 어떻게 10년 전이나 20년 전이나 똑같을 수가 있냐”고 말을 건넸고, 쑥쓰러워 하는 장우혁에게 “그런데 오빠 연배가 어떻게 되시냐”고 ‘나이 공격’을 날렸다.",
                "sentenceSize": 114
            },
            {
                "sentenceNo": 7,
                "sentenceContent": "장우혁은 당혹스러워하면서도 “제 나이는 허니보이제이 김용명과 같다”고 센스 있게 대답했지만 김용명은 “너 4학년 4반이냐”고 반문해 모두가 웃음을 터뜨렸다.",
                "sentenceSize": 87
            },
            {
                "sentenceNo": 8,
                "sentenceContent": "이후 단체루틴 배틀에서 장우혁은 ‘버퍼링’ 댄스와 ‘테트리스’ 댄스로 잘 알려진 ‘시간이 멈춘날’ 무대를 선보였다.",
                "sentenceSize": 64
            },
            {
                "sentenceNo": 9,
                "sentenceContent": "목과 몸이 따로 움직이는 장우혁의 넥 아이솔레이션에 관객들은 제대로 눈호강을 했다.",
                "sentenceSize": 46
            },
            {
                "sentenceNo": 10,
                "sentenceContent": "이어 어디서 나올지 몰라 ‘음악방송 카메라 감독 경계 1순위’로 꼽혔던“Time is over’에서는 이상준과 함께 깜짝 등장해 박수와 웃음 두 마리 토끼를 모두 잡아냈다.",
                "sentenceSize": 96
            },
            {
                "sentenceNo": 11,
                "sentenceContent": "약자배틀에서 장우혁은 동갑내기 허니보이제이 김용명을 지목했다.",
                "sentenceSize": 34
            },
            {
                "sentenceNo": 12,
                "sentenceContent": "찹쌀모니카 이은형은“잘봐.",
                "sentenceSize": 14
            },
            {
                "sentenceNo": 13,
                "sentenceContent": "노약자들 싸움이다”라는 회심의 멘트를 날려 공연장을 웃음바다로 만들었다.",
                "sentenceSize": 40
            },
            {
                "sentenceNo": 14,
                "sentenceContent": "그러나 막상 랜덤 댄스 배틀이 본격적으로 펼쳐지자 장우혁은 ‘검정고무신’ 주제곡, 공개수배 BGM 등 두서없는 음악에도 불구하고 절도 넘치는 ‘레전드 오브 레전드’의 댄스실력을 제대로 보여줬다.",
                "sentenceSize": 108
            },
            {
                "sentenceNo": 15,
                "sentenceContent": "장우혁의 승리로 코너가 마무리된 가운데 ‘수틀린 우먼 파이터’는 아쉽게도 최종 4위에 머물렀다.",
                "sentenceSize": 53
            },
            {
                "sentenceNo": 16,
                "sentenceContent": "이 날 4쿼터의 우승은 ‘현장 오디션’이, 준우승은 ‘코빅엔터’가, 3위는 ‘두분 사망토론’이 차지했다.",
                "sentenceSize": 58
            },
            {
                "sentenceNo": 17,
                "sentenceContent": "한편 장우혁은 지난 11월 24일 싱글 ‘어때Tonight’을 발매한 바 있다.",
                "sentenceSize": 44
            }
        ]
    },
    "labeledDataInfo": {
        "processSentenceInfo": [
            {
                "sentenceNo": 1,
                "sentenceContent": "‘레전드 오브 레전드’ 장우혁이 ‘코미디 빅리그’에 깜짝 등장했다.",
                "subjectConsistencyYn": "Y"
            },
            {
                "sentenceNo": 2,
                "sentenceContent": "19일 방송된 tvN ‘코미디 빅리그’에서는 올해의 대미를 장식할 4쿼터 최종 라운드가 펼쳐졌다.",
                "subjectConsistencyYn": "Y"
            },
            {
                "sentenceNo": 3,
                "sentenceContent": "종합 순위 1위를 확정한 ‘현장 오디션’ 뒤를 이어 ‘코빅엔터’와 ‘수틀린 우먼 파이터’ 코너가 2위와 3위에 올라선 가운데 마지막 라운드를 앞두고 ‘수틀린 우먼 파이터’ 팀이 비밀병기 장우혁을 내세워 눈길을 끌었다.",
                "subjectConsistencyYn": "Y"
            },
            {
                "sentenceNo": 4,
                "sentenceContent": "이날 MC 강다니엘리펀트 강재준의 오프닝으로 시작된 ‘수틀린 우먼 파이터’ 코너에서 장우혁은 클났슈, YG구내식당 팀에 이어 뉴페이스로 등장했다.",
                "subjectConsistencyYn": "Y"
            },
            {
                "sentenceNo": 5,
                "sentenceContent": "장우혁의 신곡 ‘어때 tonight’ 무대에 관객들은 설레는 마음을 박수로 보냈고, 참가자들 또한 H.O.T.의 공식 응원도구인 흰 풍선을 흔들며 아낌없는 환호를 보냈다.",
                "subjectConsistencyYn": "Y"
            },
            {
                "sentenceNo": 6,
                "sentenceContent": "찹쌀모니카 이은형은 “혹시 드라큘라 아니냐. 어떻게 10년 전이나 20년 전이나 똑같을 수가 있냐”고 말을 건넸고, 쑥쓰러워 하는 장우혁에게 “그런데 오빠 연배가 어떻게 되시냐”고 ‘나이 공격’을 날렸다.",
                "subjectConsistencyYn": "Y"
            },
            {
                "sentenceNo": 7,
                "sentenceContent": "장우혁은 당혹스러워하면서도 “제 나이는 허니보이제이 김용명과 같다”고 센스 있게 대답했지만 김용명은 “너 4학년 4반이냐”고 반문해 모두가 웃음을 터뜨렸다.",
                "subjectConsistencyYn": "Y"
            },
            {
                "sentenceNo": 8,
                "sentenceContent": "이후 단체루틴 배틀에서 장우혁은 ‘버퍼링’ 댄스와 ‘테트리스’ 댄스로 잘 알려진 ‘시간이 멈춘날’ 무대를 선보였다.",
                "subjectConsistencyYn": "Y"
            },
            {
                "sentenceNo": 9,
                "sentenceContent": "목과 몸이 따로 움직이는 장우혁의 넥 아이솔레이션에 관객들은 제대로 눈호강을 했다.",
                "subjectConsistencyYn": "Y"
            },
            {
                "sentenceNo": 10,
                "sentenceContent": "이어 어디서 나올지 몰라 ‘음악방송 카메라 감독 경계 1순위’로 꼽혔던“Time is over’에서는 이상준과 함께 깜짝 등장해 박수와 웃음 두 마리 토끼를 모두 잡아냈다.",
                "subjectConsistencyYn": "Y"
            },
            {
                "sentenceNo": 11,
                "sentenceContent": "약자배틀에서 장우혁은 동갑내기 허니보이제이 김용명을 지목했다.",
                "subjectConsistencyYn": "Y"
            },
            {
                "sentenceNo": 12,
                "sentenceContent": "찹쌀모니카 이은형은“잘봐.",
                "subjectConsistencyYn": "Y"
            },
            {
                "sentenceNo": 13,
                "sentenceContent": "노약자들 싸움이다”라는 회심의 멘트를 날려 공연장을 웃음바다로 만들었다.",
                "subjectConsistencyYn": "Y"
            },
            {
                "sentenceNo": 14,
                "sentenceContent": "그러나 막상 랜덤 댄스 배틀이 본격적으로 펼쳐지자 장우혁은 ‘검정고무신’ 주제곡, 공개수배 BGM 등 두서없는 음악에도 불구하고 절도 넘치는 ‘레전드 오브 레전드’의 댄스실력을 제대로 보여줬다.",
                "subjectConsistencyYn": "Y"
            },
            {
                "sentenceNo": 15,
                "sentenceContent": "장우혁의 승리로 코너가 마무리된 가운데 ‘수틀린 우먼 파이터’는 아쉽게도 최종 4위에 머물렀다.",
                "subjectConsistencyYn": "Y"
            },
            {
                "sentenceNo": 16,
                "sentenceContent": "이 날 4쿼터의 우승은 ‘현장 오디션’이, 준우승은 ‘코빅엔터’가, 3위는 ‘두분 사망토론’이 차지했다.",
                "subjectConsistencyYn": "Y"
            },
            {
                "sentenceNo": 17,
                "sentenceContent": "한편 장우혁은 지난 11월 24일 싱글 ‘어때Tonight’을 발매한 바 있다.",
                "subjectConsistencyYn": "Y"
            },
            {
                "sentenceNo": 18,
                "sentenceContent": "‘코미디 빅리그’에 예상을 뒤엎고 등장해서 환호를 받은 장우혁은 H.O.T.로 활동할 때 탤런트 이본과 스캔들이 있었다. ",
                "subjectConsistencyYn": "N"
            },
            {
                "sentenceNo": 19,
                "sentenceContent": "당시 장우혁은 사귀는 사이가 아니라고 부인하였으나, 2015년 1월 이본이 라디오 스타에 나와서 사귀는 사이라기보다는 친했던 사이였다고 말했고 장우혁을 가리켜 상남자라고 언급하였다.",
                "subjectConsistencyYn": "N"
            }
        ],
        "clickbaitClass": 0
    }
}