{
    "sourceDataInfo": {
        "newsID": "ET_M13_629580",
        "newsCategory": "연예",
        "newsSubcategory": "연예일반",
        "newsTitle": "성유리, 딸 쌍둥이 출산[공식]",
        "newsSubTitle": "",
        "newsContent": "배우 성유리가 딸 쌍둥이 엄마가 됐다.\n소속사 이니셜 엔터테인먼트 측은 8일 “성유리가 7일 서울 모처의 한 병원에서 딸 쌍둥이를 출산했다”며 “성유리와 아기들은 모두 건강하며, 현재 가족들의 보살핌 속에서 안정을 취하고 있다”고 밝혔다.\n성유리는 소속사를 통해 “오랜 기다림 끝에 두 딸을 품에 안게 됐다. 정말 기쁘고 감사함이 앞선다”며 “출산 소식에 많은 이의 축하가 이어지고 있는데, 진심으로 감사하며 축복해준 만큼 두 딸을 건강하고 예쁘게 잘 키우겠다”고 출산 소감을 말했다.\n이어 “부모로서, 그리고 배우로서 책임감을 가지고 더 좋은 모습으로 찾아올테니 조금만 기다려달라”고 당부했다.\n소속사 관계자는 “귀한 두 생명을 가족으로 맞이한 성유리에게 아낌없이 보내주는 관심에 감사하며, 앞으로도 따뜻한 응원 부탁한다”고 덧붙였다.\n성유리는 2017년 프로골퍼 안성현과 결혼했다.\n지난해 7월 결혼 4년 만에 쌍둥이 임신 소식을 전한 바 있다.",
        "partNum": "P2",
        "useType": 0,
        "processType": "D",
        "processPattern": "24",
        "processLevel": "상",
        "sentenceCount": 7,
        "processSentencenum": 2,
        "sentenceInfo": [
            {
                "sentenceNo": 1,
                "sentenceContent": "배우 성유리가 딸 쌍둥이 엄마가 됐다.",
                "sentenceSize": 21
            },
            {
                "sentenceNo": 2,
                "sentenceContent": "소속사 이니셜 엔터테인먼트 측은 8일 “성유리가 7일 서울 모처의 한 병원에서 딸 쌍둥이를 출산했다”며 “성유리와 아기들은 모두 건강하며, 현재 가족들의 보살핌 속에서 안정을 취하고 있다”고 밝혔다.",
                "sentenceSize": 111
            },
            {
                "sentenceNo": 3,
                "sentenceContent": "성유리는 소속사를 통해 “오랜 기다림 끝에 두 딸을 품에 안게 됐다. 정말 기쁘고 감사함이 앞선다”며 “출산 소식에 많은 이의 축하가 이어지고 있는데, 진심으로 감사하며 축복해준 만큼 두 딸을 건강하고 예쁘게 잘 키우겠다”고 출산 소감을 말했다.",
                "sentenceSize": 137
            },
            {
                "sentenceNo": 4,
                "sentenceContent": "이어 “부모로서, 그리고 배우로서 책임감을 가지고 더 좋은 모습으로 찾아올테니 조금만 기다려달라”고 당부했다.",
                "sentenceSize": 61
            },
            {
                "sentenceNo": 5,
                "sentenceContent": "소속사 관계자는 “귀한 두 생명을 가족으로 맞이한 성유리에게 아낌없이 보내주는 관심에 감사하며, 앞으로도 따뜻한 응원 부탁한다”고 덧붙였다.",
                "sentenceSize": 78
            },
            {
                "sentenceNo": 6,
                "sentenceContent": "성유리는 2017년 프로골퍼 안성현과 결혼했다.",
                "sentenceSize": 26
            },
            {
                "sentenceNo": 7,
                "sentenceContent": "지난해 7월 결혼 4년 만에 쌍둥이 임신 소식을 전한 바 있다.",
                "sentenceSize": 35
            }
        ]
    },
    "labeledDataInfo": {
        "processSentenceInfo": [
            {
                "sentenceNo": 1,
                "sentenceContent": "배우 성유리가 딸 쌍둥이 엄마가 됐다.",
                "subjectConsistencyYn": "Y"
            },
            {
                "sentenceNo": 2,
                "sentenceContent": "소속사 이니셜 엔터테인먼트 측은 8일 “성유리가 7일 서울 모처의 한 병원에서 딸 쌍둥이를 출산했다”며 “성유리와 아기들은 모두 건강하며, 현재 가족들의 보살핌 속에서 안정을 취하고 있다”고 밝혔다.",
                "subjectConsistencyYn": "Y"
            },
            {
                "sentenceNo": 3,
                "sentenceContent": "성유리는 소속사를 통해 “오랜 기다림 끝에 두 딸을 품에 안게 됐다. 정말 기쁘고 감사함이 앞선다”며 “출산 소식에 많은 이의 축하가 이어지고 있는데, 진심으로 감사하며 축복해준 만큼 두 딸을 건강하고 예쁘게 잘 키우겠다”고 출산 소감을 말했다.",
                "subjectConsistencyYn": "Y"
            },
            {
                "sentenceNo": 4,
                "sentenceContent": "이어 “부모로서, 그리고 배우로서 책임감을 가지고 더 좋은 모습으로 찾아올테니 조금만 기다려달라”고 당부했다.",
                "subjectConsistencyYn": "Y"
            },
            {
                "sentenceNo": 5,
                "sentenceContent": "소속사 관계자는 “귀한 두 생명을 가족으로 맞이한 성유리에게 아낌없이 보내주는 관심에 감사하며, 앞으로도 따뜻한 응원 부탁한다”고 덧붙였다.",
                "subjectConsistencyYn": "Y"
            },
            {
                "sentenceNo": 6,
                "sentenceContent": "성유리는 2017년 프로골퍼 안성현과 결혼했다.",
                "subjectConsistencyYn": "Y"
            },
            {
                "sentenceNo": 7,
                "sentenceContent": "지난해 7월 결혼 4년 만에 쌍둥이 임신 소식을 전한 바 있다.",
                "subjectConsistencyYn": "Y"
            },
            {
                "sentenceNo": 8,
                "sentenceContent": "배우 성유리가 쌍둥이 엄마가 된 한편, 같은 핑클 출신 가수 이효리도 지난 11일 결혼 7년 만에 어렵게 임신에 성공했다는 소식을 전했다. ",
                "subjectConsistencyYn": "N"
            },
            {
                "sentenceNo": 9,
                "sentenceContent": "이효리는 SNS를 통해 \"남편도 나도 각자 활동 때문에 바빠 임신할 여력이 되지 않았다\", \"최근에서야 겨우 여유가 생겨서 몇 달간 노력한 결과 좋은 소식이 찾아왔다\"라며 팬들에게 기쁜 소식을 알렸다. ",
                "subjectConsistencyYn": "N"
            }
        ],
        "clickbaitClass": 0
    }
}