{
    "sourceDataInfo": {
        "newsID": "ET_M13_629401",
        "newsCategory": "연예",
        "newsSubcategory": "연예일반",
        "newsTitle": "김도연, 섹시미 얹은 리틀 전지현[화보]",
        "newsSubTitle": "",
        "newsContent": "패션 브랜드 캘빈클라인 진과 김도연이 함께한 패션 화보가 ‘더 스타’를 통해 28일 공개됐다.\n화보 속 김도연은 속옷을 드러낸 채 뇌쇄적인 표정과 포즈로 물오른 성숙미를 자랑했다.\n데뷔 전부터 ‘리틀 전도연’이라는 수식어를 단 위키미키 김도연은 최근 종방한 tvN 드라마 ‘지리산’에서 전지현 아역으로 출연하며 완벽한 싱크로율을 선보였다.\n화보 촬영 후 이어진 인터뷰에서 김도연은 “겨울엔 따뜻하면서도 예뻐야 한다. 롱패딩보다는 코트를 즐겨 입으며 다양한 느낌의 스타일링을 즐긴다”라고 자신만의 겨울 스타일링 팁을 전했다.\n최근 연기자로 활발히 활동 중인 김도연은 자신의 연기에 대해 “이제 연기에 대한 자신감이 생기기 시작했다. 열심히 하고 싶고 즐기며 할 수 있을 것 같다”라며 “앞으로 스포츠 영화부터 코미디, 잔잔히 이어지는 영화까지 다양한 장르에 도전해보고 싶다”고 전했다.\n김도연은 큰 키와 이국적이고 도회적인 이목구비를 바탕으로 SNS를 통해 감각적인 패션 스타일링을 선보이며 MZ세대 사이에서 패션 아이콘으로 자리매김했다.",
        "partNum": "P2",
        "useType": 0,
        "processType": "D",
        "processPattern": "24",
        "processLevel": "상",
        "sentenceCount": 6,
        "processSentencenum": 2,
        "sentenceInfo": [
            {
                "sentenceNo": 1,
                "sentenceContent": "패션 브랜드 캘빈클라인 진과 김도연이 함께한 패션 화보가 ‘더 스타’를 통해 28일 공개됐다.",
                "sentenceSize": 52
            },
            {
                "sentenceNo": 2,
                "sentenceContent": "화보 속 김도연은 속옷을 드러낸 채 뇌쇄적인 표정과 포즈로 물오른 성숙미를 자랑했다.",
                "sentenceSize": 47
            },
            {
                "sentenceNo": 3,
                "sentenceContent": "데뷔 전부터 ‘리틀 전도연’이라는 수식어를 단 위키미키 김도연은 최근 종방한 tvN 드라마 ‘지리산’에서 전지현 아역으로 출연하며 완벽한 싱크로율을 선보였다.",
                "sentenceSize": 88
            },
            {
                "sentenceNo": 4,
                "sentenceContent": "화보 촬영 후 이어진 인터뷰에서 김도연은 “겨울엔 따뜻하면서도 예뻐야 한다. 롱패딩보다는 코트를 즐겨 입으며 다양한 느낌의 스타일링을 즐긴다”라고 자신만의 겨울 스타일링 팁을 전했다.",
                "sentenceSize": 102
            },
            {
                "sentenceNo": 5,
                "sentenceContent": "최근 연기자로 활발히 활동 중인 김도연은 자신의 연기에 대해 “이제 연기에 대한 자신감이 생기기 시작했다. 열심히 하고 싶고 즐기며 할 수 있을 것 같다”라며 “앞으로 스포츠 영화부터 코미디, 잔잔히 이어지는 영화까지 다양한 장르에 도전해보고 싶다”고 전했다.",
                "sentenceSize": 145
            },
            {
                "sentenceNo": 6,
                "sentenceContent": "김도연은 큰 키와 이국적이고 도회적인 이목구비를 바탕으로 SNS를 통해 감각적인 패션 스타일링을 선보이며 MZ세대 사이에서 패션 아이콘으로 자리매김했다.",
                "sentenceSize": 85
            }
        ]
    },
    "labeledDataInfo": {
        "processSentenceInfo": [
            {
                "sentenceNo": 1,
                "sentenceContent": "패션 브랜드 캘빈클라인 진과 김도연이 함께한 패션 화보가 ‘더 스타’를 통해 28일 공개됐다.",
                "subjectConsistencyYn": "Y"
            },
            {
                "sentenceNo": 2,
                "sentenceContent": "화보 속 김도연은 속옷을 드러낸 채 뇌쇄적인 표정과 포즈로 물오른 성숙미를 자랑했다.",
                "subjectConsistencyYn": "Y"
            },
            {
                "sentenceNo": 3,
                "sentenceContent": "데뷔 전부터 ‘리틀 전도연’이라는 수식어를 단 위키미키 김도연은 최근 종방한 tvN 드라마 ‘지리산’에서 전지현 아역으로 출연하며 완벽한 싱크로율을 선보였다.",
                "subjectConsistencyYn": "Y"
            },
            {
                "sentenceNo": 4,
                "sentenceContent": "화보 촬영 후 이어진 인터뷰에서 김도연은 “겨울엔 따뜻하면서도 예뻐야 한다. 롱패딩보다는 코트를 즐겨 입으며 다양한 느낌의 스타일링을 즐긴다”라고 자신만의 겨울 스타일링 팁을 전했다.",
                "subjectConsistencyYn": "Y"
            },
            {
                "sentenceNo": 5,
                "sentenceContent": "최근 연기자로 활발히 활동 중인 김도연은 자신의 연기에 대해 “이제 연기에 대한 자신감이 생기기 시작했다. 열심히 하고 싶고 즐기며 할 수 있을 것 같다”라며 “앞으로 스포츠 영화부터 코미디, 잔잔히 이어지는 영화까지 다양한 장르에 도전해보고 싶다”고 전했다.",
                "subjectConsistencyYn": "Y"
            },
            {
                "sentenceNo": 6,
                "sentenceContent": "김도연은 큰 키와 이국적이고 도회적인 이목구비를 바탕으로 SNS를 통해 감각적인 패션 스타일링을 선보이며 MZ세대 사이에서 패션 아이콘으로 자리매김했다.",
                "subjectConsistencyYn": "Y"
            },
            {
                "sentenceNo": 7,
                "sentenceContent": "패션 브랜드 캘빈클라인 진과의 화보를 공개한 김도연은 얼마 전, 개인 SNS에 한 줌 허리, 깁스한 팔을 드러낸 사진을 올렸다.",
                "subjectConsistencyYn": "N"
            },
            {
                "sentenceNo": 8,
                "sentenceContent": "173㎝ 50㎏으로 알려진 김도연은 부상과 앨범 작업 등으로 힘들었던 듯, 이전보다 더 마른 모습을 보였다.",
                "subjectConsistencyYn": "N"
            }
        ],
        "clickbaitClass": 0
    }
}