{
    "sourceDataInfo": {
        "newsID": "ET_M13_629383",
        "newsCategory": "연예",
        "newsSubcategory": "방송",
        "newsTitle": "지난해 방송시장 1%대 저성장…케이블 매출 2조선 무너졌다.",
        "newsSubTitle": "",
        "newsContent": "지난해 방송시장 규모가 18조를 넘어섰으나 증가율은 지속적 하락 끝에 1%대까지 낮아졌다.\n지상파와 IPTV가 소폭 성장했을 뿐 다른 매체는 전반적으로 매출이 감소했다.\n과학기술정보통신부와 방송통신위원회는 지난해 국내 모든 방송사업자 현황을 조사한 ‘2021년 방송산업 실태조사’ 결과를 27일 발표했다.\n지난해 방송시장 규모는 방송사업 매출액 기준 18조 118억원으로 전년 대비 1.9% 증가했다.\n2012년 11.3%에 달하던 방송사업 매출액 증가율은 2018년 4.8%에 이어 2019년 2.1% 등으로 주춤하고 있다.\n전년 대비 지상파와 IPTV의 매출은 증가한 반면, 그 외 매체는 감소한 것으로 나타났다.\n지상파 총매출액은 약 3조 6000억원으로 증가율은 1.4%였다.\n방송사별 매출액은 KBS 1조 3522억 원(0.5%↑), MBC(계열사 포함) 946억원(3.4%↑), SBS 7055억원(0.3%↓)으로 집계됐다.\n유료방송사업자 총매출액은 약 6조 7000억원으로, 전년보다 5% 증가했다.\n사업자 유형별 매출액은 종합유선방송사업자(SO) 1조 9328억원(4.4%↓), IPTV 4조 2836억원(11.1%↑), 위성방송 5328억원(2.9%↓)이었다.\nSO 경우 수신료와 홈쇼핑 송출수수료의 감소로 2011년 이후로 처음으로 매출이 2조원을 밑돌았다.\n수신료는 지속적인 감소 끝에 홈쇼핑 송출수수료보다 적어졌다.\n홈쇼핑을 제외한 방송채널사용사업자(PP) 매출액은 약 3조 3000억원으로 전년 대비 3.8% 감소했다.\n사업자 유형별 매출액은 종편PP 9078억원(10.3%↑), 보도PP 1710억원(6.4%↑), 일반PP 2조1837억원(8.9%↓)으로 나타났다.\n홈쇼핑 매출액은 약 3조 8000억원으로 전년보다 2.7% 증가했다.\nTV홈쇼핑 매출은 약 3조에서 정체됐으나, 데이터홈쇼핑 매출은 전년보다 27.7% 증가했다.\n유료방송 가입자는 3479만 단자로, 전년보다 2.9% 증가했다.\n단자는 설치된 IPTV 수를 뜻한다.\n가입자 증가율은 2016년 6.2% 이후 계속 낮아지고 있다.\n사업자 유형별 가입자 수는 IPTV 1854만 단자(8.2%↑), SO 1313만 단자(2.6%↓), 위성방송 308만 단자(2.7%↓) 등이었다.\n방송프로그램 제작·구매비는 약 2조9000억원으로 11% 감소했다.\n방송프로그램 수출액은 전년보다 33.9% 증가하면서 최초로 4억달러를 돌파(4억9000만달러)했다.",
        "partNum": "P2",
        "useType": 0,
        "processType": "D",
        "processPattern": "24",
        "processLevel": "상",
        "sentenceCount": 22,
        "processSentencenum": 2,
        "sentenceInfo": [
            {
                "sentenceNo": 1,
                "sentenceContent": "지난해 방송시장 규모가 18조를 넘어섰으나 증가율은 지속적 하락 끝에 1%대까지 낮아졌다.",
                "sentenceSize": 50
            },
            {
                "sentenceNo": 2,
                "sentenceContent": "지상파와 IPTV가 소폭 성장했을 뿐 다른 매체는 전반적으로 매출이 감소했다.",
                "sentenceSize": 43
            },
            {
                "sentenceNo": 3,
                "sentenceContent": "과학기술정보통신부와 방송통신위원회는 지난해 국내 모든 방송사업자 현황을 조사한 ‘2021년 방송산업 실태조사’ 결과를 27일 발표했다.",
                "sentenceSize": 75
            },
            {
                "sentenceNo": 4,
                "sentenceContent": "지난해 방송시장 규모는 방송사업 매출액 기준 18조 118억원으로 전년 대비 1.9% 증가했다.",
                "sentenceSize": 53
            },
            {
                "sentenceNo": 5,
                "sentenceContent": "2012년 11.3%에 달하던 방송사업 매출액 증가율은 2018년 4.8%에 이어 2019년 2.1% 등으로 주춤하고 있다.",
                "sentenceSize": 69
            },
            {
                "sentenceNo": 6,
                "sentenceContent": "전년 대비 지상파와 IPTV의 매출은 증가한 반면, 그 외 매체는 감소한 것으로 나타났다.",
                "sentenceSize": 50
            },
            {
                "sentenceNo": 7,
                "sentenceContent": "지상파 총매출액은 약 3조 6000억원으로 증가율은 1.4%였다.",
                "sentenceSize": 36
            },
            {
                "sentenceNo": 8,
                "sentenceContent": "방송사별 매출액은 KBS 1조 3522억 원(0.5%↑), MBC(계열사 포함) 946억원(3.4%↑), SBS 7055억원(0.3%↓)으로 집계됐다.",
                "sentenceSize": 84
            },
            {
                "sentenceNo": 9,
                "sentenceContent": "유료방송사업자 총매출액은 약 6조 7000억원으로, 전년보다 5% 증가했다.",
                "sentenceSize": 42
            },
            {
                "sentenceNo": 10,
                "sentenceContent": "사업자 유형별 매출액은 종합유선방송사업자(SO) 1조 9328억원(4.4%↓), IPTV 4조 2836억원(11.1%↑), 위성방송 5328억원(2.9%↓)이었다.",
                "sentenceSize": 91
            },
            {
                "sentenceNo": 11,
                "sentenceContent": "SO 경우 수신료와 홈쇼핑 송출수수료의 감소로 2011년 이후로 처음으로 매출이 2조원을 밑돌았다.",
                "sentenceSize": 55
            },
            {
                "sentenceNo": 12,
                "sentenceContent": "수신료는 지속적인 감소 끝에 홈쇼핑 송출수수료보다 적어졌다.",
                "sentenceSize": 33
            },
            {
                "sentenceNo": 13,
                "sentenceContent": "홈쇼핑을 제외한 방송채널사용사업자(PP) 매출액은 약 3조 3000억원으로 전년 대비 3.8% 감소했다.",
                "sentenceSize": 58
            },
            {
                "sentenceNo": 14,
                "sentenceContent": "사업자 유형별 매출액은 종편PP 9078억원(10.3%↑), 보도PP 1710억원(6.4%↑), 일반PP 2조1837억원(8.9%↓)으로 나타났다.",
                "sentenceSize": 82
            },
            {
                "sentenceNo": 15,
                "sentenceContent": "홈쇼핑 매출액은 약 3조 8000억원으로 전년보다 2.7% 증가했다.",
                "sentenceSize": 38
            },
            {
                "sentenceNo": 16,
                "sentenceContent": "TV홈쇼핑 매출은 약 3조에서 정체됐으나, 데이터홈쇼핑 매출은 전년보다 27.7% 증가했다.",
                "sentenceSize": 51
            },
            {
                "sentenceNo": 17,
                "sentenceContent": "유료방송 가입자는 3479만 단자로, 전년보다 2.9% 증가했다.",
                "sentenceSize": 36
            },
            {
                "sentenceNo": 18,
                "sentenceContent": "단자는 설치된 IPTV 수를 뜻한다.",
                "sentenceSize": 20
            },
            {
                "sentenceNo": 19,
                "sentenceContent": "가입자 증가율은 2016년 6.2% 이후 계속 낮아지고 있다.",
                "sentenceSize": 34
            },
            {
                "sentenceNo": 20,
                "sentenceContent": "사업자 유형별 가입자 수는 IPTV 1854만 단자(8.2%↑), SO 1313만 단자(2.6%↓), 위성방송 308만 단자(2.7%↓) 등이었다.",
                "sentenceSize": 82
            },
            {
                "sentenceNo": 21,
                "sentenceContent": "방송프로그램 제작·구매비는 약 2조9000억원으로 11% 감소했다.",
                "sentenceSize": 37
            },
            {
                "sentenceNo": 22,
                "sentenceContent": "방송프로그램 수출액은 전년보다 33.9% 증가하면서 최초로 4억달러를 돌파(4억9000만달러)했다.",
                "sentenceSize": 55
            }
        ]
    },
    "labeledDataInfo": {
        "processSentenceInfo": [
            {
                "sentenceNo": 1,
                "sentenceContent": "지난해 방송시장 규모가 18조를 넘어섰으나 증가율은 지속적 하락 끝에 1%대까지 낮아졌다.",
                "subjectConsistencyYn": "Y"
            },
            {
                "sentenceNo": 2,
                "sentenceContent": "지상파와 IPTV가 소폭 성장했을 뿐 다른 매체는 전반적으로 매출이 감소했다.",
                "subjectConsistencyYn": "Y"
            },
            {
                "sentenceNo": 3,
                "sentenceContent": "과학기술정보통신부와 방송통신위원회는 지난해 국내 모든 방송사업자 현황을 조사한 ‘2021년 방송산업 실태조사’ 결과를 27일 발표했다.",
                "subjectConsistencyYn": "Y"
            },
            {
                "sentenceNo": 4,
                "sentenceContent": "지난해 방송시장 규모는 방송사업 매출액 기준 18조 118억원으로 전년 대비 1.9% 증가했다.",
                "subjectConsistencyYn": "Y"
            },
            {
                "sentenceNo": 5,
                "sentenceContent": "2012년 11.3%에 달하던 방송사업 매출액 증가율은 2018년 4.8%에 이어 2019년 2.1% 등으로 주춤하고 있다.",
                "subjectConsistencyYn": "Y"
            },
            {
                "sentenceNo": 6,
                "sentenceContent": "전년 대비 지상파와 IPTV의 매출은 증가한 반면, 그 외 매체는 감소한 것으로 나타났다.",
                "subjectConsistencyYn": "Y"
            },
            {
                "sentenceNo": 7,
                "sentenceContent": "지상파 총매출액은 약 3조 6000억원으로 증가율은 1.4%였다.",
                "subjectConsistencyYn": "Y"
            },
            {
                "sentenceNo": 8,
                "sentenceContent": "방송사별 매출액은 KBS 1조 3522억 원(0.5%↑), MBC(계열사 포함) 946억원(3.4%↑), SBS 7055억원(0.3%↓)으로 집계됐다.",
                "subjectConsistencyYn": "Y"
            },
            {
                "sentenceNo": 9,
                "sentenceContent": "유료방송사업자 총매출액은 약 6조 7000억원으로, 전년보다 5% 증가했다.",
                "subjectConsistencyYn": "Y"
            },
            {
                "sentenceNo": 10,
                "sentenceContent": "사업자 유형별 매출액은 종합유선방송사업자(SO) 1조 9328억원(4.4%↓), IPTV 4조 2836억원(11.1%↑), 위성방송 5328억원(2.9%↓)이었다.",
                "subjectConsistencyYn": "Y"
            },
            {
                "sentenceNo": 11,
                "sentenceContent": "SO 경우 수신료와 홈쇼핑 송출수수료의 감소로 2011년 이후로 처음으로 매출이 2조원을 밑돌았다.",
                "subjectConsistencyYn": "Y"
            },
            {
                "sentenceNo": 12,
                "sentenceContent": "수신료는 지속적인 감소 끝에 홈쇼핑 송출수수료보다 적어졌다.",
                "subjectConsistencyYn": "Y"
            },
            {
                "sentenceNo": 13,
                "sentenceContent": "홈쇼핑을 제외한 방송채널사용사업자(PP) 매출액은 약 3조 3000억원으로 전년 대비 3.8% 감소했다.",
                "subjectConsistencyYn": "Y"
            },
            {
                "sentenceNo": 14,
                "sentenceContent": "사업자 유형별 매출액은 종편PP 9078억원(10.3%↑), 보도PP 1710억원(6.4%↑), 일반PP 2조1837억원(8.9%↓)으로 나타났다.",
                "subjectConsistencyYn": "Y"
            },
            {
                "sentenceNo": 15,
                "sentenceContent": "홈쇼핑 매출액은 약 3조 8000억원으로 전년보다 2.7% 증가했다.",
                "subjectConsistencyYn": "Y"
            },
            {
                "sentenceNo": 16,
                "sentenceContent": "TV홈쇼핑 매출은 약 3조에서 정체됐으나, 데이터홈쇼핑 매출은 전년보다 27.7% 증가했다.",
                "subjectConsistencyYn": "Y"
            },
            {
                "sentenceNo": 17,
                "sentenceContent": "유료방송 가입자는 3479만 단자로, 전년보다 2.9% 증가했다.",
                "subjectConsistencyYn": "Y"
            },
            {
                "sentenceNo": 18,
                "sentenceContent": "단자는 설치된 IPTV 수를 뜻한다.",
                "subjectConsistencyYn": "Y"
            },
            {
                "sentenceNo": 19,
                "sentenceContent": "가입자 증가율은 2016년 6.2% 이후 계속 낮아지고 있다.",
                "subjectConsistencyYn": "Y"
            },
            {
                "sentenceNo": 20,
                "sentenceContent": "사업자 유형별 가입자 수는 IPTV 1854만 단자(8.2%↑), SO 1313만 단자(2.6%↓), 위성방송 308만 단자(2.7%↓) 등이었다.",
                "subjectConsistencyYn": "Y"
            },
            {
                "sentenceNo": 21,
                "sentenceContent": "방송프로그램 제작·구매비는 약 2조9000억원으로 11% 감소했다.",
                "subjectConsistencyYn": "Y"
            },
            {
                "sentenceNo": 22,
                "sentenceContent": "방송프로그램 수출액은 전년보다 33.9% 증가하면서 최초로 4억달러를 돌파(4억9000만달러)했다.",
                "subjectConsistencyYn": "Y"
            },
            {
                "sentenceNo": 23,
                "sentenceContent": "과학기술정보통신부와 방송통신위원회가 ‘2021년 방송산업 실태조사’ 결과를 발표한 가운데, 국회 과학기술정보방송통신위원회 양정숙 의원은 방송법을 개정하는 법안을 대표 발의했다고 20일 발표했다.",
                "subjectConsistencyYn": "N"
            },
            {
                "sentenceNo": 24,
                "sentenceContent": "개정안은 방송사업자의 주식 또는 지분의 소유 제한의 기준이 되는 기업의 자산총액을 현행 10조 원에서 국내 총생산액의 5/1000 이상 15/1000 이하의 범위에서 대통령령으로 결정할 수 있도록 개선하는 것이다.",
                "subjectConsistencyYn": "N"
            }
        ],
        "clickbaitClass": 0
    }
}