{
    "sourceDataInfo": {
        "newsID": "ET_M13_629327",
        "newsCategory": "연예",
        "newsSubcategory": "연예일반",
        "newsTitle": "노나카 샤나, 새 예능 콘텐츠 ‘샨샤월드’ 공개",
        "newsSubTitle": "",
        "newsContent": "노나카 샤나가 유튜브 콘텐츠 ‘샨샤월드’를 통해 K팝 팬들에게 한 발 더 다가간다.\n샤나가 출연하는 새 유튜브 콘텐츠 ‘샨샤월드’가 23일 오후 6시 유튜브 ‘나돌_NADOL’ 채널에서 첫 공개된다. ‘샨샤월드’는 샤나와 필리핀·아르헨티나 유명 하이틴 스타 샨티(Chanty·Maria Chantal Videla)가 예능감을 갖춘 K팝 아이돌로 거듭나기 위한 과정을 담은 프로젝트 예능이다.\n샤나가 Mnet ‘걸스플래닛999’ 출연 이후 처음으로 출연하는 콘텐츠인 만큼 글로벌 팬들의 관심이 집중되고 있다.\n앞서 공개된 ‘샨샤월드’ 예고편에는 MLD엔터테인먼트 연습생 샨티가 처음 공개돼 화제를 모으기도 했다.\n예고 영상에는 완벽한 K팝 아이돌이 되기 위해 고군분투하는 샤나와 샨티의 모습이 담겨 웃음을 자아냈다. ‘샨샤월드’는 ‘본격 아이돌 떡잎 프로젝트’라는 부제 아래 다양한 에피소드들을 다룰 예정이다.\n유쾌하고 비글미 넘치는 샤나와 샨티의 모습을 볼 수 있을 것으로 기대된다.\n한편, 샤나가 출연하는 새 예능 콘텐츠 ‘샨샤월드’는 ‘나돌_NADOL’ 공식 유튜브 채널에서 만나볼 수 있다.",
        "partNum": "P2",
        "useType": 0,
        "processType": "D",
        "processPattern": "24",
        "processLevel": "상",
        "sentenceCount": 7,
        "processSentencenum": 2,
        "sentenceInfo": [
            {
                "sentenceNo": 1,
                "sentenceContent": "노나카 샤나가 유튜브 콘텐츠 ‘샨샤월드’를 통해 K팝 팬들에게 한 발 더 다가간다.",
                "sentenceSize": 46
            },
            {
                "sentenceNo": 2,
                "sentenceContent": "샤나가 출연하는 새 유튜브 콘텐츠 ‘샨샤월드’가 23일 오후 6시 유튜브 ‘나돌_NADOL’ 채널에서 첫 공개된다. ‘샨샤월드’는 샤나와 필리핀·아르헨티나 유명 하이틴 스타 샨티(Chanty·Maria Chantal Videla)가 예능감을 갖춘 K팝 아이돌로 거듭나기 위한 과정을 담은 프로젝트 예능이다.",
                "sentenceSize": 171
            },
            {
                "sentenceNo": 3,
                "sentenceContent": "샤나가 Mnet ‘걸스플래닛999’ 출연 이후 처음으로 출연하는 콘텐츠인 만큼 글로벌 팬들의 관심이 집중되고 있다.",
                "sentenceSize": 64
            },
            {
                "sentenceNo": 4,
                "sentenceContent": "앞서 공개된 ‘샨샤월드’ 예고편에는 MLD엔터테인먼트 연습생 샨티가 처음 공개돼 화제를 모으기도 했다.",
                "sentenceSize": 57
            },
            {
                "sentenceNo": 5,
                "sentenceContent": "예고 영상에는 완벽한 K팝 아이돌이 되기 위해 고군분투하는 샤나와 샨티의 모습이 담겨 웃음을 자아냈다. ‘샨샤월드’는 ‘본격 아이돌 떡잎 프로젝트’라는 부제 아래 다양한 에피소드들을 다룰 예정이다.",
                "sentenceSize": 110
            },
            {
                "sentenceNo": 6,
                "sentenceContent": "유쾌하고 비글미 넘치는 샤나와 샨티의 모습을 볼 수 있을 것으로 기대된다.",
                "sentenceSize": 41
            },
            {
                "sentenceNo": 7,
                "sentenceContent": "한편, 샤나가 출연하는 새 예능 콘텐츠 ‘샨샤월드’는 ‘나돌_NADOL’ 공식 유튜브 채널에서 만나볼 수 있다.",
                "sentenceSize": 62
            }
        ]
    },
    "labeledDataInfo": {
        "processSentenceInfo": [
            {
                "sentenceNo": 1,
                "sentenceContent": "노나카 샤나가 유튜브 콘텐츠 ‘샨샤월드’를 통해 K팝 팬들에게 한 발 더 다가간다.",
                "subjectConsistencyYn": "Y"
            },
            {
                "sentenceNo": 2,
                "sentenceContent": "샤나가 출연하는 새 유튜브 콘텐츠 ‘샨샤월드’가 23일 오후 6시 유튜브 ‘나돌_NADOL’ 채널에서 첫 공개된다. ‘샨샤월드’는 샤나와 필리핀·아르헨티나 유명 하이틴 스타 샨티(Chanty·Maria Chantal Videla)가 예능감을 갖춘 K팝 아이돌로 거듭나기 위한 과정을 담은 프로젝트 예능이다.",
                "subjectConsistencyYn": "Y"
            },
            {
                "sentenceNo": 3,
                "sentenceContent": "샤나가 Mnet ‘걸스플래닛999’ 출연 이후 처음으로 출연하는 콘텐츠인 만큼 글로벌 팬들의 관심이 집중되고 있다.",
                "subjectConsistencyYn": "Y"
            },
            {
                "sentenceNo": 4,
                "sentenceContent": "앞서 공개된 ‘샨샤월드’ 예고편에는 MLD엔터테인먼트 연습생 샨티가 처음 공개돼 화제를 모으기도 했다.",
                "subjectConsistencyYn": "Y"
            },
            {
                "sentenceNo": 5,
                "sentenceContent": "예고 영상에는 완벽한 K팝 아이돌이 되기 위해 고군분투하는 샤나와 샨티의 모습이 담겨 웃음을 자아냈다. ‘샨샤월드’는 ‘본격 아이돌 떡잎 프로젝트’라는 부제 아래 다양한 에피소드들을 다룰 예정이다.",
                "subjectConsistencyYn": "Y"
            },
            {
                "sentenceNo": 6,
                "sentenceContent": "유쾌하고 비글미 넘치는 샤나와 샨티의 모습을 볼 수 있을 것으로 기대된다.",
                "subjectConsistencyYn": "Y"
            },
            {
                "sentenceNo": 7,
                "sentenceContent": "한편, 샤나가 출연하는 새 예능 콘텐츠 ‘샨샤월드’는 ‘나돌_NADOL’ 공식 유튜브 채널에서 만나볼 수 있다.",
                "subjectConsistencyYn": "Y"
            },
            {
                "sentenceNo": 8,
                "sentenceContent": "유튜브 콘텐츠 ‘샨샤월드’를 통해 K팝 팬들과 소통할 준비를 마친 노나카 샤나는 과거 '걸스플래닛999'에 참가하며 우월한 외모와 독보적인 실력으로 눈도장을 찍었다. ",
                "subjectConsistencyYn": "N"
            },
            {
                "sentenceNo": 9,
                "sentenceContent": "샤나는 완벽한 보컬 실력으로 무대를 장악하며 글로벌 시청자들을 매료시켰으며 특히 댄스와 함께 고음 파트를 안정적으로 소화하는 모습으로 많은 인기를 얻었다. ",
                "subjectConsistencyYn": "N"
            }
        ],
        "clickbaitClass": 0
    }
}