{
    "sourceDataInfo": {
        "newsID": "ET_M13_629507",
        "newsCategory": "연예",
        "newsSubcategory": "음악",
        "newsTitle": "프로미스나인, 9인 9색 상큼美 물씬",
        "newsSubTitle": "",
        "newsContent": "그룹 프로미스나인(이새롬, 송하영, 장규리, 박지원, 노지선, 이서연, 이채영, 이나경, 백지헌)이 미니 4집의 두 번째 오피셜 포토를 공개했다.\n프로미스나인은 오늘(4일) 0시부터 공식 SNS를 통해 오는 17일 발매되는 미니 4집 ‘Midnight Guest’(미드나잇 게스트)의 오피셜 포토 ‘After Midnight’ Part.1을 순차적으로 공개해 뜨거운 반응을 끌어냈다.\n공개된 사진 속에는 강렬한 색감의 스포티한 룩을 소화한 프로미스나인이 9인 9색 매력을 발산해 눈길을 끈다.\n노지선, 이채영, 백지헌은 역동적인 포즈로 그윽한 시선을 보냈고, 송하영, 박지원, 이나경은 공간을 자유자재로 활용하며 치명적인 분위기를 풍겼다.\n장규리, 이새롬, 이서연은 시크한 매력으로 한층 성숙해진 면모를 자랑했다.\n특히, 프로미스나인은 앞서 공개한 오피셜 포토 ‘Before Midnight’ 버전으로 우아한 비주얼을 뽐낸 것에 이어 건강미가 돋보이는 과감한 변신을 시도, 이번 미니 4집으로 선보일 폭넓은 스펙트럼에 기대감을 높였다.\n프로미스나인은 지난해 스페셜 싱글 앨범 ‘Talk & Talk’(톡앤톡)으로 국내외 음원 차트 1위와 최상위권을 휩쓸고 데뷔 후 첫 음악방송 1위를 기록하는 등 의미 있는 성과를 거두며 무서운 성장세를 보였다.\n또한, 최근 두 번째 싱글 앨범 ‘9 WAY TICKET’(나인 웨이 티켓)의 타이틀곡 ‘WE GO’(위 고)로 미국 빌보드가 선정한 ‘25 Best K-Pop Songs of 2021: Critics’ Picks(평론가들이 선정한 2021년 베스트 K-팝 노래 25곡)’에 이름을 올려 글로벌 인기를 입증했다.\n이에 미니 4집을 시작으로 2022년 열일 행보를 예고한 프로미스나인이 펼칠 활약에 귀추가 주목된다.",
        "partNum": "P2",
        "useType": 0,
        "processType": "D",
        "processPattern": "24",
        "processLevel": "상",
        "sentenceCount": 9,
        "processSentencenum": 2,
        "sentenceInfo": [
            {
                "sentenceNo": 1,
                "sentenceContent": "그룹 프로미스나인(이새롬, 송하영, 장규리, 박지원, 노지선, 이서연, 이채영, 이나경, 백지헌)이 미니 4집의 두 번째 오피셜 포토를 공개했다.",
                "sentenceSize": 81
            },
            {
                "sentenceNo": 2,
                "sentenceContent": "프로미스나인은 오늘(4일) 0시부터 공식 SNS를 통해 오는 17일 발매되는 미니 4집 ‘Midnight Guest’(미드나잇 게스트)의 오피셜 포토 ‘After Midnight’ Part.1을 순차적으로 공개해 뜨거운 반응을 끌어냈다.",
                "sentenceSize": 132
            },
            {
                "sentenceNo": 3,
                "sentenceContent": "공개된 사진 속에는 강렬한 색감의 스포티한 룩을 소화한 프로미스나인이 9인 9색 매력을 발산해 눈길을 끈다.",
                "sentenceSize": 60
            },
            {
                "sentenceNo": 4,
                "sentenceContent": "노지선, 이채영, 백지헌은 역동적인 포즈로 그윽한 시선을 보냈고, 송하영, 박지원, 이나경은 공간을 자유자재로 활용하며 치명적인 분위기를 풍겼다.",
                "sentenceSize": 81
            },
            {
                "sentenceNo": 5,
                "sentenceContent": "장규리, 이새롬, 이서연은 시크한 매력으로 한층 성숙해진 면모를 자랑했다.",
                "sentenceSize": 41
            },
            {
                "sentenceNo": 6,
                "sentenceContent": "특히, 프로미스나인은 앞서 공개한 오피셜 포토 ‘Before Midnight’ 버전으로 우아한 비주얼을 뽐낸 것에 이어 건강미가 돋보이는 과감한 변신을 시도, 이번 미니 4집으로 선보일 폭넓은 스펙트럼에 기대감을 높였다.",
                "sentenceSize": 123
            },
            {
                "sentenceNo": 7,
                "sentenceContent": "프로미스나인은 지난해 스페셜 싱글 앨범 ‘Talk & Talk’(톡앤톡)으로 국내외 음원 차트 1위와 최상위권을 휩쓸고 데뷔 후 첫 음악방송 1위를 기록하는 등 의미 있는 성과를 거두며 무서운 성장세를 보였다.",
                "sentenceSize": 117
            },
            {
                "sentenceNo": 8,
                "sentenceContent": "또한, 최근 두 번째 싱글 앨범 ‘9 WAY TICKET’(나인 웨이 티켓)의 타이틀곡 ‘WE GO’(위 고)로 미국 빌보드가 선정한 ‘25 Best K-Pop Songs of 2021: Critics’ Picks(평론가들이 선정한 2021년 베스트 K-팝 노래 25곡)’에 이름을 올려 글로벌 인기를 입증했다.",
                "sentenceSize": 174
            },
            {
                "sentenceNo": 9,
                "sentenceContent": "이에 미니 4집을 시작으로 2022년 열일 행보를 예고한 프로미스나인이 펼칠 활약에 귀추가 주목된다.",
                "sentenceSize": 56
            }
        ]
    },
    "labeledDataInfo": {
        "processSentenceInfo": [
            {
                "sentenceNo": 1,
                "sentenceContent": "그룹 프로미스나인(이새롬, 송하영, 장규리, 박지원, 노지선, 이서연, 이채영, 이나경, 백지헌)이 미니 4집의 두 번째 오피셜 포토를 공개했다.",
                "subjectConsistencyYn": "Y"
            },
            {
                "sentenceNo": 2,
                "sentenceContent": "프로미스나인은 오늘(4일) 0시부터 공식 SNS를 통해 오는 17일 발매되는 미니 4집 ‘Midnight Guest’(미드나잇 게스트)의 오피셜 포토 ‘After Midnight’ Part.1을 순차적으로 공개해 뜨거운 반응을 끌어냈다.",
                "subjectConsistencyYn": "Y"
            },
            {
                "sentenceNo": 3,
                "sentenceContent": "공개된 사진 속에는 강렬한 색감의 스포티한 룩을 소화한 프로미스나인이 9인 9색 매력을 발산해 눈길을 끈다.",
                "subjectConsistencyYn": "Y"
            },
            {
                "sentenceNo": 4,
                "sentenceContent": "노지선, 이채영, 백지헌은 역동적인 포즈로 그윽한 시선을 보냈고, 송하영, 박지원, 이나경은 공간을 자유자재로 활용하며 치명적인 분위기를 풍겼다.",
                "subjectConsistencyYn": "Y"
            },
            {
                "sentenceNo": 5,
                "sentenceContent": "장규리, 이새롬, 이서연은 시크한 매력으로 한층 성숙해진 면모를 자랑했다.",
                "subjectConsistencyYn": "Y"
            },
            {
                "sentenceNo": 6,
                "sentenceContent": "특히, 프로미스나인은 앞서 공개한 오피셜 포토 ‘Before Midnight’ 버전으로 우아한 비주얼을 뽐낸 것에 이어 건강미가 돋보이는 과감한 변신을 시도, 이번 미니 4집으로 선보일 폭넓은 스펙트럼에 기대감을 높였다.",
                "subjectConsistencyYn": "Y"
            },
            {
                "sentenceNo": 7,
                "sentenceContent": "프로미스나인은 지난해 스페셜 싱글 앨범 ‘Talk & Talk’(톡앤톡)으로 국내외 음원 차트 1위와 최상위권을 휩쓸고 데뷔 후 첫 음악방송 1위를 기록하는 등 의미 있는 성과를 거두며 무서운 성장세를 보였다.",
                "subjectConsistencyYn": "Y"
            },
            {
                "sentenceNo": 8,
                "sentenceContent": "또한, 최근 두 번째 싱글 앨범 ‘9 WAY TICKET’(나인 웨이 티켓)의 타이틀곡 ‘WE GO’(위 고)로 미국 빌보드가 선정한 ‘25 Best K-Pop Songs of 2021: Critics’ Picks(평론가들이 선정한 2021년 베스트 K-팝 노래 25곡)’에 이름을 올려 글로벌 인기를 입증했다.",
                "subjectConsistencyYn": "Y"
            },
            {
                "sentenceNo": 9,
                "sentenceContent": "이에 미니 4집을 시작으로 2022년 열일 행보를 예고한 프로미스나인이 펼칠 활약에 귀추가 주목된다.",
                "subjectConsistencyYn": "Y"
            },
            {
                "sentenceNo": 10,
                "sentenceContent": "미니 4집의 두 번째 오피셜 포토를 공개한 프로미스나인은 2022년 6월 25일 멤버 송하영, 박지원, 이서연, 이채영, 백지헌이 탑승한 차량이 교통사고를 당해 from our Memento Box 컴백 일정에 문제가 발생한 적이 있었다. ",
                "subjectConsistencyYn": "N"
            },
            {
                "sentenceNo": 11,
                "sentenceContent": "이 사고로 6월 26일 21시에 예정되었던 CHANNEL_9 스핀오프 #from_our_Memento_Box 2화의 공개가 연기되었으며, 앨범 발매 당일인 6월 27일 진행 예정이던 온오프라인 쇼케이스와 29일 예정되었던 웬디의 영스트리트 생방송 출연이 취소되었다.",
                "subjectConsistencyYn": "N"
            }
        ],
        "clickbaitClass": 0
    }
}