{
    "sourceDataInfo": {
        "newsID": "ET_M13_629293",
        "newsCategory": "연예",
        "newsSubcategory": "음악",
        "newsTitle": "pH-1, 윈터 싱글 ‘LATELY’ 티저 공개",
        "newsSubTitle": "",
        "newsContent": "아티스트 pH-1이 ‘LATELY’에 대한 기대감을 고조시키고 있다.\npH-1은 21일 오후 6시 글로벌 힙합 레이블 하이어뮤직 공식 SNS를 통해 오는 23일 발매하는 새로운 겨울 싱글 ‘LATELY (레이틀리)’의 음원 일부가 담긴 D-2 티저 영상을 공개했다.\n티저에는 다정한 커플의 모습이 담겨있다.\n여기저기 보이는 선물 박스들을 비롯해 크리스마스의 설레는 분위기를 연상시키는 배경과 장면도 눈길을 사로잡는다.\n이에 pH-1의 시즌송이 더욱 기대를 모으고 있다. ‘LATELY’는 AOMG의 후디(Hoody)가 피처링에 참여한 곡이다.\npH-1과 후디는 2018년 발매된 pH-1의 싱글 ‘GATSBY (개츠비)’ 수록곡 ‘Communicate (커뮤니케이트) (Feat. Hoody) (Prod. WOOGIE)’ 이후 약 3년 만에 더욱 끈끈한 호흡을 맞추게 됐다.\n두 사람의 감미로운 음색이 어떻게 어우러졌을지 관심이 높아진다.\n하이어뮤직은 ‘LATELY’ 발매 당일인 23일 pH-1과 팬들이 함께하는 소규모 오프라인 영화관 이벤트로 ‘쓸친모 with pH-1 (Lonely Christmas with pH-1)’를 개최한다.\n이는 ‘LATELY’ 발매에 앞서 음원을 미리 들어볼 수 있는 특별한 자리다.\n팬들의 뜨거운 지원 열기 속 지난 20일 최종 당첨자를 발표하고 개별 공지까지 완료했다.\n이벤트는 코로나19 기본 방역 수칙을 철저하게 준수하며 진행된다.\n하이어뮤직과 CGV 측은 모두의 건강과 안전을 위해 만반의 준비를 다하고 있다.\npH-1은 올해 ‘365&7’ 발매를 비롯해 활발한 음악 활동을 펼쳤다.\n지난달 고 김성재와의 컬래버레이션 싱글 ‘말하자면 Remix’를 발매하고, 일본의 록 밴드 인디고 라엔드(indigo la End), SM엔터테인먼트 소속 DJ 아티스트 레이든(Raiden)의 피처링에 참여하는 등 국내외 아티스트들과 다양한 음악 작업물을 선보이기도 했다.\n연말까지 색다른 방식으로 리스너들과 소통하는 pH-1의 ‘LATELY’는 오는 23일 오후 6시 각종 온라인 음원 사이트를 통해 발매된다.",
        "partNum": "P2",
        "useType": 0,
        "processType": "D",
        "processPattern": "24",
        "processLevel": "상",
        "sentenceCount": 15,
        "processSentencenum": 2,
        "sentenceInfo": [
            {
                "sentenceNo": 1,
                "sentenceContent": "아티스트 pH-1이 ‘LATELY’에 대한 기대감을 고조시키고 있다.",
                "sentenceSize": 38
            },
            {
                "sentenceNo": 2,
                "sentenceContent": "pH-1은 21일 오후 6시 글로벌 힙합 레이블 하이어뮤직 공식 SNS를 통해 오는 23일 발매하는 새로운 겨울 싱글 ‘LATELY (레이틀리)’의 음원 일부가 담긴 D-2 티저 영상을 공개했다.",
                "sentenceSize": 109
            },
            {
                "sentenceNo": 3,
                "sentenceContent": "티저에는 다정한 커플의 모습이 담겨있다.",
                "sentenceSize": 22
            },
            {
                "sentenceNo": 4,
                "sentenceContent": "여기저기 보이는 선물 박스들을 비롯해 크리스마스의 설레는 분위기를 연상시키는 배경과 장면도 눈길을 사로잡는다.",
                "sentenceSize": 61
            },
            {
                "sentenceNo": 5,
                "sentenceContent": "이에 pH-1의 시즌송이 더욱 기대를 모으고 있다. ‘LATELY’는 AOMG의 후디(Hoody)가 피처링에 참여한 곡이다.",
                "sentenceSize": 69
            },
            {
                "sentenceNo": 6,
                "sentenceContent": "pH-1과 후디는 2018년 발매된 pH-1의 싱글 ‘GATSBY (개츠비)’ 수록곡 ‘Communicate (커뮤니케이트) (Feat. Hoody) (Prod. WOOGIE)’ 이후 약 3년 만에 더욱 끈끈한 호흡을 맞추게 됐다.",
                "sentenceSize": 129
            },
            {
                "sentenceNo": 7,
                "sentenceContent": "두 사람의 감미로운 음색이 어떻게 어우러졌을지 관심이 높아진다.",
                "sentenceSize": 35
            },
            {
                "sentenceNo": 8,
                "sentenceContent": "하이어뮤직은 ‘LATELY’ 발매 당일인 23일 pH-1과 팬들이 함께하는 소규모 오프라인 영화관 이벤트로 ‘쓸친모 with pH-1 (Lonely Christmas with pH-1)’를 개최한다.",
                "sentenceSize": 111
            },
            {
                "sentenceNo": 9,
                "sentenceContent": "이는 ‘LATELY’ 발매에 앞서 음원을 미리 들어볼 수 있는 특별한 자리다.",
                "sentenceSize": 43
            },
            {
                "sentenceNo": 10,
                "sentenceContent": "팬들의 뜨거운 지원 열기 속 지난 20일 최종 당첨자를 발표하고 개별 공지까지 완료했다.",
                "sentenceSize": 49
            },
            {
                "sentenceNo": 11,
                "sentenceContent": "이벤트는 코로나19 기본 방역 수칙을 철저하게 준수하며 진행된다.",
                "sentenceSize": 36
            },
            {
                "sentenceNo": 12,
                "sentenceContent": "하이어뮤직과 CGV 측은 모두의 건강과 안전을 위해 만반의 준비를 다하고 있다.",
                "sentenceSize": 44
            },
            {
                "sentenceNo": 13,
                "sentenceContent": "pH-1은 올해 ‘365&7’ 발매를 비롯해 활발한 음악 활동을 펼쳤다.",
                "sentenceSize": 40
            },
            {
                "sentenceNo": 14,
                "sentenceContent": "지난달 고 김성재와의 컬래버레이션 싱글 ‘말하자면 Remix’를 발매하고, 일본의 록 밴드 인디고 라엔드(indigo la End), SM엔터테인먼트 소속 DJ 아티스트 레이든(Raiden)의 피처링에 참여하는 등 국내외 아티스트들과 다양한 음악 작업물을 선보이기도 했다.",
                "sentenceSize": 152
            },
            {
                "sentenceNo": 15,
                "sentenceContent": "연말까지 색다른 방식으로 리스너들과 소통하는 pH-1의 ‘LATELY’는 오는 23일 오후 6시 각종 온라인 음원 사이트를 통해 발매된다.",
                "sentenceSize": 77
            }
        ]
    },
    "labeledDataInfo": {
        "processSentenceInfo": [
            {
                "sentenceNo": 1,
                "sentenceContent": "아티스트 pH-1이 ‘LATELY’에 대한 기대감을 고조시키고 있다.",
                "subjectConsistencyYn": "Y"
            },
            {
                "sentenceNo": 2,
                "sentenceContent": "pH-1은 21일 오후 6시 글로벌 힙합 레이블 하이어뮤직 공식 SNS를 통해 오는 23일 발매하는 새로운 겨울 싱글 ‘LATELY (레이틀리)’의 음원 일부가 담긴 D-2 티저 영상을 공개했다.",
                "subjectConsistencyYn": "Y"
            },
            {
                "sentenceNo": 3,
                "sentenceContent": "티저에는 다정한 커플의 모습이 담겨있다.",
                "subjectConsistencyYn": "Y"
            },
            {
                "sentenceNo": 4,
                "sentenceContent": "여기저기 보이는 선물 박스들을 비롯해 크리스마스의 설레는 분위기를 연상시키는 배경과 장면도 눈길을 사로잡는다.",
                "subjectConsistencyYn": "Y"
            },
            {
                "sentenceNo": 5,
                "sentenceContent": "이에 pH-1의 시즌송이 더욱 기대를 모으고 있다. ‘LATELY’는 AOMG의 후디(Hoody)가 피처링에 참여한 곡이다.",
                "subjectConsistencyYn": "Y"
            },
            {
                "sentenceNo": 6,
                "sentenceContent": "pH-1과 후디는 2018년 발매된 pH-1의 싱글 ‘GATSBY (개츠비)’ 수록곡 ‘Communicate (커뮤니케이트) (Feat. Hoody) (Prod. WOOGIE)’ 이후 약 3년 만에 더욱 끈끈한 호흡을 맞추게 됐다.",
                "subjectConsistencyYn": "Y"
            },
            {
                "sentenceNo": 7,
                "sentenceContent": "두 사람의 감미로운 음색이 어떻게 어우러졌을지 관심이 높아진다.",
                "subjectConsistencyYn": "Y"
            },
            {
                "sentenceNo": 8,
                "sentenceContent": "하이어뮤직은 ‘LATELY’ 발매 당일인 23일 pH-1과 팬들이 함께하는 소규모 오프라인 영화관 이벤트로 ‘쓸친모 with pH-1 (Lonely Christmas with pH-1)’를 개최한다.",
                "subjectConsistencyYn": "Y"
            },
            {
                "sentenceNo": 9,
                "sentenceContent": "이는 ‘LATELY’ 발매에 앞서 음원을 미리 들어볼 수 있는 특별한 자리다.",
                "subjectConsistencyYn": "Y"
            },
            {
                "sentenceNo": 10,
                "sentenceContent": "팬들의 뜨거운 지원 열기 속 지난 20일 최종 당첨자를 발표하고 개별 공지까지 완료했다.",
                "subjectConsistencyYn": "Y"
            },
            {
                "sentenceNo": 11,
                "sentenceContent": "이벤트는 코로나19 기본 방역 수칙을 철저하게 준수하며 진행된다.",
                "subjectConsistencyYn": "Y"
            },
            {
                "sentenceNo": 12,
                "sentenceContent": "하이어뮤직과 CGV 측은 모두의 건강과 안전을 위해 만반의 준비를 다하고 있다.",
                "subjectConsistencyYn": "Y"
            },
            {
                "sentenceNo": 13,
                "sentenceContent": "pH-1은 올해 ‘365&7’ 발매를 비롯해 활발한 음악 활동을 펼쳤다.",
                "subjectConsistencyYn": "Y"
            },
            {
                "sentenceNo": 14,
                "sentenceContent": "지난달 고 김성재와의 컬래버레이션 싱글 ‘말하자면 Remix’를 발매하고, 일본의 록 밴드 인디고 라엔드(indigo la End), SM엔터테인먼트 소속 DJ 아티스트 레이든(Raiden)의 피처링에 참여하는 등 국내외 아티스트들과 다양한 음악 작업물을 선보이기도 했다.",
                "subjectConsistencyYn": "Y"
            },
            {
                "sentenceNo": 15,
                "sentenceContent": "연말까지 색다른 방식으로 리스너들과 소통하는 pH-1의 ‘LATELY’는 오는 23일 오후 6시 각종 온라인 음원 사이트를 통해 발매된다.",
                "subjectConsistencyYn": "Y"
            },
            {
                "sentenceNo": 16,
                "sentenceContent": "‘LATELY’의 티저 영상을 공개한 아티스트 pH-1이 강다니엘의 리패키지 앨범에 피처링으로 참여했다.",
                "subjectConsistencyYn": "N"
            },
            {
                "sentenceNo": 17,
                "sentenceContent": "pH-1은 그동안 강다니엘과 퍼포먼스에서 다양한 협업을 했지만, 피처링이란 타이틀로 참여한 것은 처음이다. ",
                "subjectConsistencyYn": "N"
            }
        ],
        "clickbaitClass": 0
    }
}