{
    "sourceDataInfo": {
        "newsID": "ET_M13_629416",
        "newsCategory": "연예",
        "newsSubcategory": "연예일반",
        "newsTitle": "나영, 우리엔터 전속계약…진성·조항조 한솥밥[공식]",
        "newsSubTitle": "",
        "newsContent": "신인 가수 나영이 트로트 레전드 진성, 조항조와 한 식구가 됐다.\n29일 우리엔터테인먼트가 “최근 가수 나영과 전속 계약을 체결했다. 무궁무진한 가능성을 가진 나영이 다양한 분야에서 활약할 수 있도록 든든하게 뒷받침을 할 것이다. 나영의 활동에 많은 기대와 관심 부탁드린다”고 밝혔다.\n2004년생으로 현재 고등학교 2학년인 나영은 트로트 신동으로 얼굴을 알렸다.\n나영은 중학교 2학년 때 나간 KBS1 ‘전국노래자랑’에서 인기상을 수상하며 많은 방송 관계자들의 러브콜을 받았다.\n이어 KBS2 ‘노래가 좋아’ 2관왕, MBC ‘편애중계’, KBS1 ‘아침마당’, KNN ‘골든마이크’ 본선 등으로 실력을 자랑했다.\n나영은 뛰어난 가창력은 물론 아이돌 제의를 받을 정도의 상큼한 비주얼로 팬들의 사랑을 받고 있다.\n나영은 지난 11월 데뷔곡 ‘버스’를 발매하고 본격적으로 가요계에 첫발을 디뎠다.\n세미 트로트 ‘버스’는 신나는 레트로 사운드의 곡이다. ‘버스 떠났어요’라며 어장관리를 하는 연인에게 속 시원한 한 방을 날려주는 경쾌함으로 리스너들을 사로잡는다.\n지난 11월 김연자의 콘서트에서 라이브 무대를 첫 공개한 바 있다.\n나영이 진성, 조항조와 한솥밥을 먹는 식구가 된 만큼 어떤 활약을 보여줄지 귀추가 주목된다.",
        "partNum": "P2",
        "useType": 0,
        "processType": "D",
        "processPattern": "24",
        "processLevel": "상",
        "sentenceCount": 10,
        "processSentencenum": 2,
        "sentenceInfo": [
            {
                "sentenceNo": 1,
                "sentenceContent": "신인 가수 나영이 트로트 레전드 진성, 조항조와 한 식구가 됐다.",
                "sentenceSize": 36
            },
            {
                "sentenceNo": 2,
                "sentenceContent": "29일 우리엔터테인먼트가 “최근 가수 나영과 전속 계약을 체결했다. 무궁무진한 가능성을 가진 나영이 다양한 분야에서 활약할 수 있도록 든든하게 뒷받침을 할 것이다. 나영의 활동에 많은 기대와 관심 부탁드린다”고 밝혔다.",
                "sentenceSize": 122
            },
            {
                "sentenceNo": 3,
                "sentenceContent": "2004년생으로 현재 고등학교 2학년인 나영은 트로트 신동으로 얼굴을 알렸다.",
                "sentenceSize": 43
            },
            {
                "sentenceNo": 4,
                "sentenceContent": "나영은 중학교 2학년 때 나간 KBS1 ‘전국노래자랑’에서 인기상을 수상하며 많은 방송 관계자들의 러브콜을 받았다.",
                "sentenceSize": 64
            },
            {
                "sentenceNo": 5,
                "sentenceContent": "이어 KBS2 ‘노래가 좋아’ 2관왕, MBC ‘편애중계’, KBS1 ‘아침마당’, KNN ‘골든마이크’ 본선 등으로 실력을 자랑했다.",
                "sentenceSize": 75
            },
            {
                "sentenceNo": 6,
                "sentenceContent": "나영은 뛰어난 가창력은 물론 아이돌 제의를 받을 정도의 상큼한 비주얼로 팬들의 사랑을 받고 있다.",
                "sentenceSize": 54
            },
            {
                "sentenceNo": 7,
                "sentenceContent": "나영은 지난 11월 데뷔곡 ‘버스’를 발매하고 본격적으로 가요계에 첫발을 디뎠다.",
                "sentenceSize": 45
            },
            {
                "sentenceNo": 8,
                "sentenceContent": "세미 트로트 ‘버스’는 신나는 레트로 사운드의 곡이다. ‘버스 떠났어요’라며 어장관리를 하는 연인에게 속 시원한 한 방을 날려주는 경쾌함으로 리스너들을 사로잡는다.",
                "sentenceSize": 91
            },
            {
                "sentenceNo": 9,
                "sentenceContent": "지난 11월 김연자의 콘서트에서 라이브 무대를 첫 공개한 바 있다.",
                "sentenceSize": 37
            },
            {
                "sentenceNo": 10,
                "sentenceContent": "나영이 진성, 조항조와 한솥밥을 먹는 식구가 된 만큼 어떤 활약을 보여줄지 귀추가 주목된다.",
                "sentenceSize": 51
            }
        ]
    },
    "labeledDataInfo": {
        "processSentenceInfo": [
            {
                "sentenceNo": 1,
                "sentenceContent": "신인 가수 나영이 트로트 레전드 진성, 조항조와 한 식구가 됐다.",
                "subjectConsistencyYn": "Y"
            },
            {
                "sentenceNo": 2,
                "sentenceContent": "29일 우리엔터테인먼트가 “최근 가수 나영과 전속 계약을 체결했다. 무궁무진한 가능성을 가진 나영이 다양한 분야에서 활약할 수 있도록 든든하게 뒷받침을 할 것이다. 나영의 활동에 많은 기대와 관심 부탁드린다”고 밝혔다.",
                "subjectConsistencyYn": "Y"
            },
            {
                "sentenceNo": 3,
                "sentenceContent": "2004년생으로 현재 고등학교 2학년인 나영은 트로트 신동으로 얼굴을 알렸다.",
                "subjectConsistencyYn": "Y"
            },
            {
                "sentenceNo": 4,
                "sentenceContent": "나영은 중학교 2학년 때 나간 KBS1 ‘전국노래자랑’에서 인기상을 수상하며 많은 방송 관계자들의 러브콜을 받았다.",
                "subjectConsistencyYn": "Y"
            },
            {
                "sentenceNo": 5,
                "sentenceContent": "이어 KBS2 ‘노래가 좋아’ 2관왕, MBC ‘편애중계’, KBS1 ‘아침마당’, KNN ‘골든마이크’ 본선 등으로 실력을 자랑했다.",
                "subjectConsistencyYn": "Y"
            },
            {
                "sentenceNo": 6,
                "sentenceContent": "나영은 뛰어난 가창력은 물론 아이돌 제의를 받을 정도의 상큼한 비주얼로 팬들의 사랑을 받고 있다.",
                "subjectConsistencyYn": "Y"
            },
            {
                "sentenceNo": 7,
                "sentenceContent": "나영은 지난 11월 데뷔곡 ‘버스’를 발매하고 본격적으로 가요계에 첫발을 디뎠다.",
                "subjectConsistencyYn": "Y"
            },
            {
                "sentenceNo": 8,
                "sentenceContent": "세미 트로트 ‘버스’는 신나는 레트로 사운드의 곡이다. ‘버스 떠났어요’라며 어장관리를 하는 연인에게 속 시원한 한 방을 날려주는 경쾌함으로 리스너들을 사로잡는다.",
                "subjectConsistencyYn": "Y"
            },
            {
                "sentenceNo": 9,
                "sentenceContent": "지난 11월 김연자의 콘서트에서 라이브 무대를 첫 공개한 바 있다.",
                "subjectConsistencyYn": "Y"
            },
            {
                "sentenceNo": 10,
                "sentenceContent": "나영이 진성, 조항조와 한솥밥을 먹는 식구가 된 만큼 어떤 활약을 보여줄지 귀추가 주목된다.",
                "subjectConsistencyYn": "Y"
            },
            {
                "sentenceNo": 11,
                "sentenceContent": "신인 가수 나영이 KBS1 ‘전국노래자랑'에서 트로트 신동으로 얼굴을 알려 소속사와 전속계약을 맺고 본격적인 활동을 시작한 가운데, 또 다른 전국노래자랑의 트로트 신동인 정동원은 한 방송에 출연하여 \"'미스터트롯' 출연 때 보다 20cm 이상 컸다\"라면서 엄청난 성장기를 자랑했다.",
                "subjectConsistencyYn": "N"
            },
            {
                "sentenceNo": 12,
                "sentenceContent": "최근 이마에 여드름도 올라온 그는 \"귀여움 말고 멋있음\"을 강조한 스타일 요구하고, 꼼꼼한 스타일링 체크로 \"숍에서 진상 손님이라고 한다\"라고 토로해 웃음을 자아냈다.",
                "subjectConsistencyYn": "N"
            }
        ],
        "clickbaitClass": 0
    }
}