{
    "sourceDataInfo": {
        "newsID": "ET_M13_629263",
        "newsCategory": "연예",
        "newsSubcategory": "방송",
        "newsTitle": "‘신사와 아가씨’ 지현우 “박하나 좋아하기 어렵지 않네”",
        "newsSubTitle": "",
        "newsContent": "‘신사와 아가씨’ 지현우가 박하나를 좋아하기로 했다.\n19일 오후 방송된 KBS2 주말드라마 ‘신사와 아가씨’에서는 박하나에게 집중하기로 한 지현우의 모습이 전파를 탔다.\n이날 이영국(지현우)은 조사라(박하나)와 와인을 마시며 “조 실장 누나는 정말 착한 누나 같아요. 나 사실 조 실장 누나 우리 집 정원에서 처음 봤을 때 첫눈에 뿅 갔잖아요. 완전 내 스타일. 섹시하고 예쁘고 성격까지 다정하고. 완전 내 이상형. 그런데 조 실장 누나랑 결혼하기로 했다니까 ‘대박’ 그랬잖아요”라고 말했다.\n이어 그는 “내가 앞으로 정말 노력해볼게요. 조 실장 누나도 우리 애들이랑 잘 지냈으면 좋겠어요. 내가 바라는 건 그거뿐이에요”라고 덧붙였다.\n그 말에 조사라는 자기가 앞으로 더 잘하겠다고 미소지었다.\n화장실에서 손을 씻던 이영국은 ‘엄마가 그랬어. 다 마음먹기 나름이라고. 조 실장 누나 좋아하기 어렵지 않네. 그냥 좋아하면 되잖아’라고 중얼거렸다.\n이세종(조우진)은 엄마와 찍은 사진을 끌어안고 눈물 흘렸다.\n이재니(최명빈)는 이러지 않기로 하지 않냐고 말했으나 이세종은 “그래도 엄마한테 미안하고 보고 싶은 걸 어떻게 해”라며 눈물 흘렸다.\n이재니는 “아빠가 약혼을 해서 새 엄마가 생길지 모르지만 우리 엄마가 사라지는 건 아니야. 우리 엄마는 네 마음속에 영원히 있을 거라고”라고 이세종을 위로했다.\n조사라와 두더지 게임기 앞에 선 이영국은 박단단과 게임을 했던 순간 기억이 스쳐 지나갔고 다음에 하자고 말했다.\n한편 ‘신사와 아가씨’는 매주 토, 일 오후 7시 55분 KBS2에서 방송된다.",
        "partNum": "P2",
        "useType": 0,
        "processType": "D",
        "processPattern": "24",
        "processLevel": "상",
        "sentenceCount": 11,
        "processSentencenum": 2,
        "sentenceInfo": [
            {
                "sentenceNo": 1,
                "sentenceContent": "‘신사와 아가씨’ 지현우가 박하나를 좋아하기로 했다.",
                "sentenceSize": 29
            },
            {
                "sentenceNo": 2,
                "sentenceContent": "19일 오후 방송된 KBS2 주말드라마 ‘신사와 아가씨’에서는 박하나에게 집중하기로 한 지현우의 모습이 전파를 탔다.",
                "sentenceSize": 65
            },
            {
                "sentenceNo": 3,
                "sentenceContent": "이날 이영국(지현우)은 조사라(박하나)와 와인을 마시며 “조 실장 누나는 정말 착한 누나 같아요. 나 사실 조 실장 누나 우리 집 정원에서 처음 봤을 때 첫눈에 뿅 갔잖아요. 완전 내 스타일. 섹시하고 예쁘고 성격까지 다정하고. 완전 내 이상형. 그런데 조 실장 누나랑 결혼하기로 했다니까 ‘대박’ 그랬잖아요”라고 말했다.",
                "sentenceSize": 180
            },
            {
                "sentenceNo": 4,
                "sentenceContent": "이어 그는 “내가 앞으로 정말 노력해볼게요. 조 실장 누나도 우리 애들이랑 잘 지냈으면 좋겠어요. 내가 바라는 건 그거뿐이에요”라고 덧붙였다.",
                "sentenceSize": 79
            },
            {
                "sentenceNo": 5,
                "sentenceContent": "그 말에 조사라는 자기가 앞으로 더 잘하겠다고 미소지었다.",
                "sentenceSize": 32
            },
            {
                "sentenceNo": 6,
                "sentenceContent": "화장실에서 손을 씻던 이영국은 ‘엄마가 그랬어. 다 마음먹기 나름이라고. 조 실장 누나 좋아하기 어렵지 않네. 그냥 좋아하면 되잖아’라고 중얼거렸다.",
                "sentenceSize": 83
            },
            {
                "sentenceNo": 7,
                "sentenceContent": "이세종(조우진)은 엄마와 찍은 사진을 끌어안고 눈물 흘렸다.",
                "sentenceSize": 33
            },
            {
                "sentenceNo": 8,
                "sentenceContent": "이재니(최명빈)는 이러지 않기로 하지 않냐고 말했으나 이세종은 “그래도 엄마한테 미안하고 보고 싶은 걸 어떻게 해”라며 눈물 흘렸다.",
                "sentenceSize": 74
            },
            {
                "sentenceNo": 9,
                "sentenceContent": "이재니는 “아빠가 약혼을 해서 새 엄마가 생길지 모르지만 우리 엄마가 사라지는 건 아니야. 우리 엄마는 네 마음속에 영원히 있을 거라고”라고 이세종을 위로했다.",
                "sentenceSize": 89
            },
            {
                "sentenceNo": 10,
                "sentenceContent": "조사라와 두더지 게임기 앞에 선 이영국은 박단단과 게임을 했던 순간 기억이 스쳐 지나갔고 다음에 하자고 말했다.",
                "sentenceSize": 62
            },
            {
                "sentenceNo": 11,
                "sentenceContent": "한편 ‘신사와 아가씨’는 매주 토, 일 오후 7시 55분 KBS2에서 방송된다.",
                "sentenceSize": 44
            }
        ]
    },
    "labeledDataInfo": {
        "processSentenceInfo": [
            {
                "sentenceNo": 1,
                "sentenceContent": "‘신사와 아가씨’ 지현우가 박하나를 좋아하기로 했다.",
                "subjectConsistencyYn": "Y"
            },
            {
                "sentenceNo": 2,
                "sentenceContent": "19일 오후 방송된 KBS2 주말드라마 ‘신사와 아가씨’에서는 박하나에게 집중하기로 한 지현우의 모습이 전파를 탔다.",
                "subjectConsistencyYn": "Y"
            },
            {
                "sentenceNo": 3,
                "sentenceContent": "이날 이영국(지현우)은 조사라(박하나)와 와인을 마시며 “조 실장 누나는 정말 착한 누나 같아요. 나 사실 조 실장 누나 우리 집 정원에서 처음 봤을 때 첫눈에 뿅 갔잖아요. 완전 내 스타일. 섹시하고 예쁘고 성격까지 다정하고. 완전 내 이상형. 그런데 조 실장 누나랑 결혼하기로 했다니까 ‘대박’ 그랬잖아요”라고 말했다.",
                "subjectConsistencyYn": "Y"
            },
            {
                "sentenceNo": 4,
                "sentenceContent": "이어 그는 “내가 앞으로 정말 노력해볼게요. 조 실장 누나도 우리 애들이랑 잘 지냈으면 좋겠어요. 내가 바라는 건 그거뿐이에요”라고 덧붙였다.",
                "subjectConsistencyYn": "Y"
            },
            {
                "sentenceNo": 5,
                "sentenceContent": "그 말에 조사라는 자기가 앞으로 더 잘하겠다고 미소지었다.",
                "subjectConsistencyYn": "Y"
            },
            {
                "sentenceNo": 6,
                "sentenceContent": "화장실에서 손을 씻던 이영국은 ‘엄마가 그랬어. 다 마음먹기 나름이라고. 조 실장 누나 좋아하기 어렵지 않네. 그냥 좋아하면 되잖아’라고 중얼거렸다.",
                "subjectConsistencyYn": "Y"
            },
            {
                "sentenceNo": 7,
                "sentenceContent": "이세종(조우진)은 엄마와 찍은 사진을 끌어안고 눈물 흘렸다.",
                "subjectConsistencyYn": "Y"
            },
            {
                "sentenceNo": 8,
                "sentenceContent": "이재니(최명빈)는 이러지 않기로 하지 않냐고 말했으나 이세종은 “그래도 엄마한테 미안하고 보고 싶은 걸 어떻게 해”라며 눈물 흘렸다.",
                "subjectConsistencyYn": "Y"
            },
            {
                "sentenceNo": 9,
                "sentenceContent": "이재니는 “아빠가 약혼을 해서 새 엄마가 생길지 모르지만 우리 엄마가 사라지는 건 아니야. 우리 엄마는 네 마음속에 영원히 있을 거라고”라고 이세종을 위로했다.",
                "subjectConsistencyYn": "Y"
            },
            {
                "sentenceNo": 10,
                "sentenceContent": "조사라와 두더지 게임기 앞에 선 이영국은 박단단과 게임을 했던 순간 기억이 스쳐 지나갔고 다음에 하자고 말했다.",
                "subjectConsistencyYn": "Y"
            },
            {
                "sentenceNo": 11,
                "sentenceContent": "한편 ‘신사와 아가씨’는 매주 토, 일 오후 7시 55분 KBS2에서 방송된다.",
                "subjectConsistencyYn": "Y"
            },
            {
                "sentenceNo": 12,
                "sentenceContent": "‘신사와 아가씨’에서 박하나에게 집중하기로 한 지현우는 2004년 시트콤 <올드미스 다이어리>에 지PD 역으로 대중적인 사랑을 받았다.",
                "subjectConsistencyYn": "N"
            },
            {
                "sentenceNo": 13,
                "sentenceContent": "지현우는 이 역을 계기로 국민 연하남이라는 수식어를 얻었을 정도로 스타덤에 올랐으며 실제로 지현우가 극 중에서 비중이 커질수록 시청률이 오르는 현상까지 보였을 정도였다.",
                "subjectConsistencyYn": "N"
            }
        ],
        "clickbaitClass": 0
    }
}