{
    "sourceDataInfo": {
        "newsID": "ET_M13_629635",
        "newsCategory": "연예",
        "newsSubcategory": "방송",
        "newsTitle": "멜로망스 김민석 ‘취중고백’, 발매 한 달 만에 음원 차트 정상 석권",
        "newsSubTitle": "",
        "newsContent": "가수 김민석과 ‘리본 프로젝트’의 ‘취중고백’이 한 달 만에 차트를 석권했다.\n멜로망스 김민석이 지난달 19일 발매한 ‘리본 프로젝트’의 열두 번째 앨범 ‘취중고백’은 12일 오후 주요 음원 사이트 멜론, 지니 차트에서 1위에 등극했다. ‘취중고백’은 지난 2005년 발매된 필(Feel)의 ‘취중고백’을 김민석이 리메이크한 음원이다.\n김민석의 매력적인 목소리와 어쿠스틱한 사운드, 진심어린 노랫말이 어우러져 더 특별한 고백송으로 재탄생됐다.\n김민석은 독보적인 음색과 곡 해석 및 감정 표현으로 ‘취중고백’을 통해서도 음원 파워를 발휘했다. ‘취중고백’의 감성 또한 세대를 뛰어넘어 2020년대 리스너들 공감까지 불러일으켰다. ‘취중고백’의 음원 차트 1위로 ‘리본 프로젝트’가 추구하는 단순한 컬래버레이션이나 리메이크 이상의 가치가 재확인돼 눈길을 끈다. ‘리본 프로젝트’는 ‘새로 풀고 엮어 다시 만나다’라는 슬로건 아래 웹툰, 드라마, 도서, 영화 등 작품과 음원의 만남, 이전 발매됐던 숨겨진 명곡과 새로운 가창자 만남 등 다양한 방식의 컬래버레이션을 선보인 프로젝트다.\n새 작품은 물론 기존 곡의 장점을 유지하고 새로운 편곡으로 확장된 이야기를 전달하고 있다.\n김민석을 비롯해 뉴이스트 민현, 경서, MJ, 김나영, 산들, 콜드, 반하나, 전상근, 로키드, 신예영, 우주소녀 연정, 먼데이키즈가 ‘리본 프로젝트’에 참여해 좋은 반응을 얻었다.",
        "partNum": "P2",
        "useType": 0,
        "processType": "D",
        "processPattern": "24",
        "processLevel": "상",
        "sentenceCount": 6,
        "processSentencenum": 2,
        "sentenceInfo": [
            {
                "sentenceNo": 1,
                "sentenceContent": "가수 김민석과 ‘리본 프로젝트’의 ‘취중고백’이 한 달 만에 차트를 석권했다.",
                "sentenceSize": 43
            },
            {
                "sentenceNo": 2,
                "sentenceContent": "멜로망스 김민석이 지난달 19일 발매한 ‘리본 프로젝트’의 열두 번째 앨범 ‘취중고백’은 12일 오후 주요 음원 사이트 멜론, 지니 차트에서 1위에 등극했다. ‘취중고백’은 지난 2005년 발매된 필(Feel)의 ‘취중고백’을 김민석이 리메이크한 음원이다.",
                "sentenceSize": 143
            },
            {
                "sentenceNo": 3,
                "sentenceContent": "김민석의 매력적인 목소리와 어쿠스틱한 사운드, 진심어린 노랫말이 어우러져 더 특별한 고백송으로 재탄생됐다.",
                "sentenceSize": 59
            },
            {
                "sentenceNo": 4,
                "sentenceContent": "김민석은 독보적인 음색과 곡 해석 및 감정 표현으로 ‘취중고백’을 통해서도 음원 파워를 발휘했다. ‘취중고백’의 감성 또한 세대를 뛰어넘어 2020년대 리스너들 공감까지 불러일으켰다. ‘취중고백’의 음원 차트 1위로 ‘리본 프로젝트’가 추구하는 단순한 컬래버레이션이나 리메이크 이상의 가치가 재확인돼 눈길을 끈다. ‘리본 프로젝트’는 ‘새로 풀고 엮어 다시 만나다’라는 슬로건 아래 웹툰, 드라마, 도서, 영화 등 작품과 음원의 만남, 이전 발매됐던 숨겨진 명곡과 새로운 가창자 만남 등 다양한 방식의 컬래버레이션을 선보인 프로젝트다.",
                "sentenceSize": 299
            },
            {
                "sentenceNo": 5,
                "sentenceContent": "새 작품은 물론 기존 곡의 장점을 유지하고 새로운 편곡으로 확장된 이야기를 전달하고 있다.",
                "sentenceSize": 50
            },
            {
                "sentenceNo": 6,
                "sentenceContent": "김민석을 비롯해 뉴이스트 민현, 경서, MJ, 김나영, 산들, 콜드, 반하나, 전상근, 로키드, 신예영, 우주소녀 연정, 먼데이키즈가 ‘리본 프로젝트’에 참여해 좋은 반응을 얻었다.",
                "sentenceSize": 101
            }
        ]
    },
    "labeledDataInfo": {
        "processSentenceInfo": [
            {
                "sentenceNo": 1,
                "sentenceContent": "가수 김민석과 ‘리본 프로젝트’의 ‘취중고백’이 한 달 만에 차트를 석권했다.",
                "subjectConsistencyYn": "Y"
            },
            {
                "sentenceNo": 2,
                "sentenceContent": "멜로망스 김민석이 지난달 19일 발매한 ‘리본 프로젝트’의 열두 번째 앨범 ‘취중고백’은 12일 오후 주요 음원 사이트 멜론, 지니 차트에서 1위에 등극했다. ‘취중고백’은 지난 2005년 발매된 필(Feel)의 ‘취중고백’을 김민석이 리메이크한 음원이다.",
                "subjectConsistencyYn": "Y"
            },
            {
                "sentenceNo": 3,
                "sentenceContent": "김민석의 매력적인 목소리와 어쿠스틱한 사운드, 진심어린 노랫말이 어우러져 더 특별한 고백송으로 재탄생됐다.",
                "subjectConsistencyYn": "Y"
            },
            {
                "sentenceNo": 4,
                "sentenceContent": "김민석은 독보적인 음색과 곡 해석 및 감정 표현으로 ‘취중고백’을 통해서도 음원 파워를 발휘했다. ‘취중고백’의 감성 또한 세대를 뛰어넘어 2020년대 리스너들 공감까지 불러일으켰다. ‘취중고백’의 음원 차트 1위로 ‘리본 프로젝트’가 추구하는 단순한 컬래버레이션이나 리메이크 이상의 가치가 재확인돼 눈길을 끈다. ‘리본 프로젝트’는 ‘새로 풀고 엮어 다시 만나다’라는 슬로건 아래 웹툰, 드라마, 도서, 영화 등 작품과 음원의 만남, 이전 발매됐던 숨겨진 명곡과 새로운 가창자 만남 등 다양한 방식의 컬래버레이션을 선보인 프로젝트다.",
                "subjectConsistencyYn": "Y"
            },
            {
                "sentenceNo": 5,
                "sentenceContent": "새 작품은 물론 기존 곡의 장점을 유지하고 새로운 편곡으로 확장된 이야기를 전달하고 있다.",
                "subjectConsistencyYn": "Y"
            },
            {
                "sentenceNo": 6,
                "sentenceContent": "김민석을 비롯해 뉴이스트 민현, 경서, MJ, 김나영, 산들, 콜드, 반하나, 전상근, 로키드, 신예영, 우주소녀 연정, 먼데이키즈가 ‘리본 프로젝트’에 참여해 좋은 반응을 얻었다.",
                "subjectConsistencyYn": "Y"
            },
            {
                "sentenceNo": 7,
                "sentenceContent": "가수 김민석과 ‘리본 프로젝트’의 ‘취중고백’이 한 달 만에 차트를 석권한 가운데, 국회 보건복지위원회 김민석 의원이 ‘사회복지사 등의 처우 및 지위 향상을 위한 법률’ 개정안을 대표 발의했다.",
                "subjectConsistencyYn": "N"
            },
            {
                "sentenceNo": 8,
                "sentenceContent": "김민석 의원이 발의한 개정안은 사회복지 현장에서 폭력 등의 피해 발생 시 즉시 수사기관에 신고하도록 의무화하고 피해자의 고충을 해소하기 위해 업무의 전환 등 적절한 조치를 하도록 해 사회복지사를 두텁게 보호하려는 것이다.",
                "subjectConsistencyYn": "N"
            }
        ],
        "clickbaitClass": 0
    }
}