{
    "sourceDataInfo": {
        "newsID": "ET_M13_629192",
        "newsCategory": "연예",
        "newsSubcategory": "음악",
        "newsTitle": "방탄소년단 LA 콘서트, 美 폴스타 선정 1위 “가장 큰 수익”",
        "newsSubTitle": "",
        "newsContent": "그룹 방탄소년단이 콘서트 ‘BTS PERMISSION TO DANCE ON STAGE - LA’로 미국 공연 전문 매거진 폴스타(Pollstar) 선정 ‘LIVE75’ 차트에서 1위를 차지했다.\n폴스타는 13일(이하 현지시간) 최근 60일 동안 전 세계에서 개최된 투어의 티켓 판매 등으로 순위를 매긴 ‘LIVE75’ 차트를 발표했다.\n지난달 27~28일과 12월 1~2일 미국 로스앤젤레스 소파이 스타디움에서 펼쳐진 방탄소년단의 콘서트 ‘BTS PERMISSION TO DANCE ON STAGE - LA’가 이 차트의 정상에 올랐다.\n폴스타에 따르면, 방탄소년단은 총 4일간의 ‘BTS PERMISSION TO DANCE ON STAGE - LA’ 공연에서 1일 평균 관객수는 5만 3438명, 4일 총 관객수 약 21만 3752명을 기록했다. ‘BTS PERMISSION TO DANCE ON STAGE - LA’의 1일 평균 관객수는 이번 ‘LIVE75’ 차트 2위에 비해 3배가량 많은 수치다.\n또한, ‘BTS PERMISSION TO DANCE ON STAGE - LA’는 올 들어 한 장소에서 개최된 아티스트의 단독 콘서트로는 최다 관객을 기록했다.\n앞서 미국 음악 전문 매체 빌보드도 방탄소년단의 2년 만의 오프라인 콘서트 ‘BTS PERMISSION TO DANCE ON STAGE - LA’의 성과를 집중 조명하며 “빌보드 박스 스코어 역사상 여섯 번째로 큰 수익을 올렸다. 방탄소년단은 소파이 스타디움이 올해 재개장한 이래 가장 큰 수익을 올린 아티스트”라고 전했다.",
        "partNum": "P2",
        "useType": 0,
        "processType": "D",
        "processPattern": "24",
        "processLevel": "상",
        "sentenceCount": 6,
        "processSentencenum": 2,
        "sentenceInfo": [
            {
                "sentenceNo": 1,
                "sentenceContent": "그룹 방탄소년단이 콘서트 ‘BTS PERMISSION TO DANCE ON STAGE - LA’로 미국 공연 전문 매거진 폴스타(Pollstar) 선정 ‘LIVE75’ 차트에서 1위를 차지했다.",
                "sentenceSize": 108
            },
            {
                "sentenceNo": 2,
                "sentenceContent": "폴스타는 13일(이하 현지시간) 최근 60일 동안 전 세계에서 개최된 투어의 티켓 판매 등으로 순위를 매긴 ‘LIVE75’ 차트를 발표했다.",
                "sentenceSize": 78
            },
            {
                "sentenceNo": 3,
                "sentenceContent": "지난달 27~28일과 12월 1~2일 미국 로스앤젤레스 소파이 스타디움에서 펼쳐진 방탄소년단의 콘서트 ‘BTS PERMISSION TO DANCE ON STAGE - LA’가 이 차트의 정상에 올랐다.",
                "sentenceSize": 112
            },
            {
                "sentenceNo": 4,
                "sentenceContent": "폴스타에 따르면, 방탄소년단은 총 4일간의 ‘BTS PERMISSION TO DANCE ON STAGE - LA’ 공연에서 1일 평균 관객수는 5만 3438명, 4일 총 관객수 약 21만 3752명을 기록했다. ‘BTS PERMISSION TO DANCE ON STAGE - LA’의 1일 평균 관객수는 이번 ‘LIVE75’ 차트 2위에 비해 3배가량 많은 수치다.",
                "sentenceSize": 204
            },
            {
                "sentenceNo": 5,
                "sentenceContent": "또한, ‘BTS PERMISSION TO DANCE ON STAGE - LA’는 올 들어 한 장소에서 개최된 아티스트의 단독 콘서트로는 최다 관객을 기록했다.",
                "sentenceSize": 88
            },
            {
                "sentenceNo": 6,
                "sentenceContent": "앞서 미국 음악 전문 매체 빌보드도 방탄소년단의 2년 만의 오프라인 콘서트 ‘BTS PERMISSION TO DANCE ON STAGE - LA’의 성과를 집중 조명하며 “빌보드 박스 스코어 역사상 여섯 번째로 큰 수익을 올렸다. 방탄소년단은 소파이 스타디움이 올해 재개장한 이래 가장 큰 수익을 올린 아티스트”라고 전했다.",
                "sentenceSize": 181
            }
        ]
    },
    "labeledDataInfo": {
        "processSentenceInfo": [
            {
                "sentenceNo": 1,
                "sentenceContent": "그룹 방탄소년단이 콘서트 ‘BTS PERMISSION TO DANCE ON STAGE - LA’로 미국 공연 전문 매거진 폴스타(Pollstar) 선정 ‘LIVE75’ 차트에서 1위를 차지했다.",
                "subjectConsistencyYn": "Y"
            },
            {
                "sentenceNo": 2,
                "sentenceContent": "폴스타는 13일(이하 현지시간) 최근 60일 동안 전 세계에서 개최된 투어의 티켓 판매 등으로 순위를 매긴 ‘LIVE75’ 차트를 발표했다.",
                "subjectConsistencyYn": "Y"
            },
            {
                "sentenceNo": 3,
                "sentenceContent": "지난달 27~28일과 12월 1~2일 미국 로스앤젤레스 소파이 스타디움에서 펼쳐진 방탄소년단의 콘서트 ‘BTS PERMISSION TO DANCE ON STAGE - LA’가 이 차트의 정상에 올랐다.",
                "subjectConsistencyYn": "Y"
            },
            {
                "sentenceNo": 4,
                "sentenceContent": "폴스타에 따르면, 방탄소년단은 총 4일간의 ‘BTS PERMISSION TO DANCE ON STAGE - LA’ 공연에서 1일 평균 관객수는 5만 3438명, 4일 총 관객수 약 21만 3752명을 기록했다. ‘BTS PERMISSION TO DANCE ON STAGE - LA’의 1일 평균 관객수는 이번 ‘LIVE75’ 차트 2위에 비해 3배가량 많은 수치다.",
                "subjectConsistencyYn": "Y"
            },
            {
                "sentenceNo": 5,
                "sentenceContent": "또한, ‘BTS PERMISSION TO DANCE ON STAGE - LA’는 올 들어 한 장소에서 개최된 아티스트의 단독 콘서트로는 최다 관객을 기록했다.",
                "subjectConsistencyYn": "Y"
            },
            {
                "sentenceNo": 6,
                "sentenceContent": "앞서 미국 음악 전문 매체 빌보드도 방탄소년단의 2년 만의 오프라인 콘서트 ‘BTS PERMISSION TO DANCE ON STAGE - LA’의 성과를 집중 조명하며 “빌보드 박스 스코어 역사상 여섯 번째로 큰 수익을 올렸다. 방탄소년단은 소파이 스타디움이 올해 재개장한 이래 가장 큰 수익을 올린 아티스트”라고 전했다.",
                "subjectConsistencyYn": "Y"
            },
            {
                "sentenceNo": 7,
                "sentenceContent": "방탄소년단이 소파이 스타디움이 올해 재개장한 이래 가장 큰 수익을 올린 아티스트로 등극한 가운데, 방탄소년단이 콘서트 ‘BTS PERMISSION TO DANCE ON STAGE - LA’ 이후 귀가하던 도중에 교통사고를 당했다는 소식이 전해졌다. ",
                "subjectConsistencyYn": "N"
            },
            {
                "sentenceNo": 8,
                "sentenceContent": "소속사 측은 \"방탄소년단이 콘서트를 마치고 귀가하던 도중 상대편 차량 측의 과실로 인해 사고가 일어났지만 이로 인해 중상을 입은 멤버는 없다\", \"현재 멤버 전원이 검진차 즉시 가까운 대형 병원으로 이동한 상황\"이라며 사건 경위를 설명했다.",
                "subjectConsistencyYn": "N"
            }
        ],
        "clickbaitClass": 0
    }
}