{
    "sourceDataInfo": {
        "newsID": "ET_M13_629441",
        "newsCategory": "연예",
        "newsSubcategory": "연예일반",
        "newsTitle": "‘흥행퀸’ 박은빈 “내게 연기는 승화의 과정”",
        "newsSubTitle": "",
        "newsContent": "‘흥행퀸’ 배우 박은빈이 새로운 매력을 선보였다.\n패션 매거진 더 스타는 박은빈과 함께한 1월호 커버를 공개했다.\n박은빈은 인기리에 종방한 KBS2 드라마 ‘연모’를 통해 ‘남장 여자인 세자 이휘’역을 소화했다.\n그는 인터뷰에서 “세자와 왕 역할은 할 수 없고, 앞으로도 할 수 없을 것이기에 최선을 다했고 후회는 없다. 참 많은 걸 느끼게 된 작품”이라고 소감을 밝혔다.\n박은빈은 자신에게 연기란 무엇인지 묻는 질문에 “승화의 과정. 그 통로가 연기인 것 같다. 인간 박은빈으로서는 할 수 없는 것을 연기로 느낀다. 그래서 연기할 때 더 재밌고 자유로움을 느낀다”라며 “연기를 통해 에너지를 다시 채우고 비우는 과정을 반복한다”고 말했다.\n그는 또 “2022년에는 모두 건강하고 행복하게 안전하게 지내길 바란다”며 새해 인사를 전했다.",
        "partNum": "P2",
        "useType": 0,
        "processType": "D",
        "processPattern": "24",
        "processLevel": "상",
        "sentenceCount": 6,
        "processSentencenum": 2,
        "sentenceInfo": [
            {
                "sentenceNo": 1,
                "sentenceContent": "‘흥행퀸’ 배우 박은빈이 새로운 매력을 선보였다.",
                "sentenceSize": 27
            },
            {
                "sentenceNo": 2,
                "sentenceContent": "패션 매거진 더 스타는 박은빈과 함께한 1월호 커버를 공개했다.",
                "sentenceSize": 35
            },
            {
                "sentenceNo": 3,
                "sentenceContent": "박은빈은 인기리에 종방한 KBS2 드라마 ‘연모’를 통해 ‘남장 여자인 세자 이휘’역을 소화했다.",
                "sentenceSize": 54
            },
            {
                "sentenceNo": 4,
                "sentenceContent": "그는 인터뷰에서 “세자와 왕 역할은 할 수 없고, 앞으로도 할 수 없을 것이기에 최선을 다했고 후회는 없다. 참 많은 걸 느끼게 된 작품”이라고 소감을 밝혔다.",
                "sentenceSize": 89
            },
            {
                "sentenceNo": 5,
                "sentenceContent": "박은빈은 자신에게 연기란 무엇인지 묻는 질문에 “승화의 과정. 그 통로가 연기인 것 같다. 인간 박은빈으로서는 할 수 없는 것을 연기로 느낀다. 그래서 연기할 때 더 재밌고 자유로움을 느낀다”라며 “연기를 통해 에너지를 다시 채우고 비우는 과정을 반복한다”고 말했다.",
                "sentenceSize": 149
            },
            {
                "sentenceNo": 6,
                "sentenceContent": "그는 또 “2022년에는 모두 건강하고 행복하게 안전하게 지내길 바란다”며 새해 인사를 전했다.",
                "sentenceSize": 53
            }
        ]
    },
    "labeledDataInfo": {
        "processSentenceInfo": [
            {
                "sentenceNo": 1,
                "sentenceContent": "‘흥행퀸’ 배우 박은빈이 새로운 매력을 선보였다.",
                "subjectConsistencyYn": "Y"
            },
            {
                "sentenceNo": 2,
                "sentenceContent": "패션 매거진 더 스타는 박은빈과 함께한 1월호 커버를 공개했다.",
                "subjectConsistencyYn": "Y"
            },
            {
                "sentenceNo": 3,
                "sentenceContent": "박은빈은 인기리에 종방한 KBS2 드라마 ‘연모’를 통해 ‘남장 여자인 세자 이휘’역을 소화했다.",
                "subjectConsistencyYn": "Y"
            },
            {
                "sentenceNo": 4,
                "sentenceContent": "그는 인터뷰에서 “세자와 왕 역할은 할 수 없고, 앞으로도 할 수 없을 것이기에 최선을 다했고 후회는 없다. 참 많은 걸 느끼게 된 작품”이라고 소감을 밝혔다.",
                "subjectConsistencyYn": "Y"
            },
            {
                "sentenceNo": 5,
                "sentenceContent": "박은빈은 자신에게 연기란 무엇인지 묻는 질문에 “승화의 과정. 그 통로가 연기인 것 같다. 인간 박은빈으로서는 할 수 없는 것을 연기로 느낀다. 그래서 연기할 때 더 재밌고 자유로움을 느낀다”라며 “연기를 통해 에너지를 다시 채우고 비우는 과정을 반복한다”고 말했다.",
                "subjectConsistencyYn": "Y"
            },
            {
                "sentenceNo": 6,
                "sentenceContent": "그는 또 “2022년에는 모두 건강하고 행복하게 안전하게 지내길 바란다”며 새해 인사를 전했다.",
                "subjectConsistencyYn": "Y"
            },
            {
                "sentenceNo": 7,
                "sentenceContent": "‘흥행퀸’ 배우 박은빈이 패션 매거진 커버 공개로 새로운 매력을 선보인 가운데, 박은빈은 태양과 브이 이모지와 함께 세 장의 사진을 게재했다. ",
                "subjectConsistencyYn": "N"
            },
            {
                "sentenceNo": 8,
                "sentenceContent": "박은빈은 비니, 목도리, 장갑, 마스크로 중무장한 상태로 셀카를 찍고 있다.",
                "subjectConsistencyYn": "N"
            }
        ],
        "clickbaitClass": 0
    }
}