{
    "sourceDataInfo": {
        "newsID": "ET_M13_629202",
        "newsCategory": "연예",
        "newsSubcategory": "방송",
        "newsTitle": "‘그 해 우리는’ 전혜원, 눈치백단 극을 이끌다",
        "newsSubTitle": "",
        "newsContent": "‘그 해 우리는’ 전혜원이 센스 만점 조연출로 활약했다.\nSBS 월화드라마 ‘그 해 우리는(연출 김윤진, 극본 이나은, 제작 스튜디오N·슈퍼문픽쳐스)’은 헤어진 연인이 10년 전 고등학교 시절 촬영한 다큐멘터리의 역주행 인기로 인해 다시 카메라 앞에 강제 소환 당하게 되면서 겪는 감정들을 다룬 로맨스 코미디 드라마다.\n전혜원은 극 중 다큐멘터리 제작을 맡은 조연출 정채란을 맡았다.\n전혜원은 커다란 알 안경에 자연스럽게 묶은 머리로 며칠 밤샘하며 일에 몰두한 여느 조연출과 같은 모습으로 첫 등장해 눈길을 사로잡았다.\n성실하게 회사 업무를 일사천리로 진행하면서 선배의 질문에는 막힘없이 대답하는 회사 내 에이스 정채란을 매력적으로 풀어내며 감초 역할을 톡톡히 해냈다.\n지난 4회 방송에서 본격적으로 최웅(최우식 분)과 국연수(김다미)의 다큐멘터리 재촬영이 시작됐고, 정채란은 국연수의 일상을 담았다.\n하지만 촬영 과정에서 별다른 재미를 찾지 못했고, 콘셉트 회의를 위해 모인 자리는 국연수와 최웅의 말다툼으로 분위기가 가라앉은 상황. 정채란은 조심스럽게 두 사람의 눈치를 살피면서도 “분위기가 어쩐지 살벌하네요. 저만 그런가?”라는 멘트를 날리는 등 무던한 성격으로 분위기 전환을 시도했다.\n그리고 눈치 빠른 정채란은 국연수와 최웅이 과거 연인 관계였음을 짐작하고 김지웅(김성철)에게 학창 시절을 물었다.\n그리고 이어진 세 사람의 과거 이야기에서 그들을 향한 김지웅의 미묘한 감정을 느낀 채란은 “선배 인기 많아요. 차갑게 굴어서 다가가지 못한 거지. (선배) 좋아하기만 하고 말 못 할 사람들 많을걸요?”라며 센스 있는 말로 위로를 건네며 훈훈한 분위기를 만들었다.\n정채란은 김지웅과 같이 최웅과 국연수의 이야기를 지켜보는 ‘관찰자’ 역할뿐만 아니라 센스와 섬세함으로 복잡한 이들의 감정들을 풀어내는 ‘능력캐’로 활약을 기대하게 했다.\n앞서 전혜원은 tvN ‘여신강림’, TV조선 ‘결혼작사 이혼작곡1-2’ 등을 통해 흡인력 있는 연기로 강렬한 인상을 남긴바. 특히 개성 넘치는 캐릭터 소화력으로 작품마다 새로운 모습으로 대중을 만나고 있는 전혜원이 ‘그 해 우리는’을 통해 보여줄 캐릭터와 이야기에 시청자의 관심과 궁금증을 동시에 자극하고 있다.\n한편, ‘그 해 우리는’은 매주 월, 화요일 오후 10시 방송된다.",
        "partNum": "P2",
        "useType": 0,
        "processType": "D",
        "processPattern": "24",
        "processLevel": "상",
        "sentenceCount": 12,
        "processSentencenum": 2,
        "sentenceInfo": [
            {
                "sentenceNo": 1,
                "sentenceContent": "‘그 해 우리는’ 전혜원이 센스 만점 조연출로 활약했다.",
                "sentenceSize": 31
            },
            {
                "sentenceNo": 2,
                "sentenceContent": "SBS 월화드라마 ‘그 해 우리는(연출 김윤진, 극본 이나은, 제작 스튜디오N·슈퍼문픽쳐스)’은 헤어진 연인이 10년 전 고등학교 시절 촬영한 다큐멘터리의 역주행 인기로 인해 다시 카메라 앞에 강제 소환 당하게 되면서 겪는 감정들을 다룬 로맨스 코미디 드라마다.",
                "sentenceSize": 146
            },
            {
                "sentenceNo": 3,
                "sentenceContent": "전혜원은 극 중 다큐멘터리 제작을 맡은 조연출 정채란을 맡았다.",
                "sentenceSize": 35
            },
            {
                "sentenceNo": 4,
                "sentenceContent": "전혜원은 커다란 알 안경에 자연스럽게 묶은 머리로 며칠 밤샘하며 일에 몰두한 여느 조연출과 같은 모습으로 첫 등장해 눈길을 사로잡았다.",
                "sentenceSize": 75
            },
            {
                "sentenceNo": 5,
                "sentenceContent": "성실하게 회사 업무를 일사천리로 진행하면서 선배의 질문에는 막힘없이 대답하는 회사 내 에이스 정채란을 매력적으로 풀어내며 감초 역할을 톡톡히 해냈다.",
                "sentenceSize": 83
            },
            {
                "sentenceNo": 6,
                "sentenceContent": "지난 4회 방송에서 본격적으로 최웅(최우식 분)과 국연수(김다미)의 다큐멘터리 재촬영이 시작됐고, 정채란은 국연수의 일상을 담았다.",
                "sentenceSize": 73
            },
            {
                "sentenceNo": 7,
                "sentenceContent": "하지만 촬영 과정에서 별다른 재미를 찾지 못했고, 콘셉트 회의를 위해 모인 자리는 국연수와 최웅의 말다툼으로 분위기가 가라앉은 상황. 정채란은 조심스럽게 두 사람의 눈치를 살피면서도 “분위기가 어쩐지 살벌하네요. 저만 그런가?”라는 멘트를 날리는 등 무던한 성격으로 분위기 전환을 시도했다.",
                "sentenceSize": 162
            },
            {
                "sentenceNo": 8,
                "sentenceContent": "그리고 눈치 빠른 정채란은 국연수와 최웅이 과거 연인 관계였음을 짐작하고 김지웅(김성철)에게 학창 시절을 물었다.",
                "sentenceSize": 63
            },
            {
                "sentenceNo": 9,
                "sentenceContent": "그리고 이어진 세 사람의 과거 이야기에서 그들을 향한 김지웅의 미묘한 감정을 느낀 채란은 “선배 인기 많아요. 차갑게 굴어서 다가가지 못한 거지. (선배) 좋아하기만 하고 말 못 할 사람들 많을걸요?”라며 센스 있는 말로 위로를 건네며 훈훈한 분위기를 만들었다.",
                "sentenceSize": 146
            },
            {
                "sentenceNo": 10,
                "sentenceContent": "정채란은 김지웅과 같이 최웅과 국연수의 이야기를 지켜보는 ‘관찰자’ 역할뿐만 아니라 센스와 섬세함으로 복잡한 이들의 감정들을 풀어내는 ‘능력캐’로 활약을 기대하게 했다.",
                "sentenceSize": 94
            },
            {
                "sentenceNo": 11,
                "sentenceContent": "앞서 전혜원은 tvN ‘여신강림’, TV조선 ‘결혼작사 이혼작곡1-2’ 등을 통해 흡인력 있는 연기로 강렬한 인상을 남긴바. 특히 개성 넘치는 캐릭터 소화력으로 작품마다 새로운 모습으로 대중을 만나고 있는 전혜원이 ‘그 해 우리는’을 통해 보여줄 캐릭터와 이야기에 시청자의 관심과 궁금증을 동시에 자극하고 있다.",
                "sentenceSize": 174
            },
            {
                "sentenceNo": 12,
                "sentenceContent": "한편, ‘그 해 우리는’은 매주 월, 화요일 오후 10시 방송된다.",
                "sentenceSize": 37
            }
        ]
    },
    "labeledDataInfo": {
        "processSentenceInfo": [
            {
                "sentenceNo": 1,
                "sentenceContent": "‘그 해 우리는’ 전혜원이 센스 만점 조연출로 활약했다.",
                "subjectConsistencyYn": "Y"
            },
            {
                "sentenceNo": 2,
                "sentenceContent": "SBS 월화드라마 ‘그 해 우리는(연출 김윤진, 극본 이나은, 제작 스튜디오N·슈퍼문픽쳐스)’은 헤어진 연인이 10년 전 고등학교 시절 촬영한 다큐멘터리의 역주행 인기로 인해 다시 카메라 앞에 강제 소환 당하게 되면서 겪는 감정들을 다룬 로맨스 코미디 드라마다.",
                "subjectConsistencyYn": "Y"
            },
            {
                "sentenceNo": 3,
                "sentenceContent": "전혜원은 극 중 다큐멘터리 제작을 맡은 조연출 정채란을 맡았다.",
                "subjectConsistencyYn": "Y"
            },
            {
                "sentenceNo": 4,
                "sentenceContent": "전혜원은 커다란 알 안경에 자연스럽게 묶은 머리로 며칠 밤샘하며 일에 몰두한 여느 조연출과 같은 모습으로 첫 등장해 눈길을 사로잡았다.",
                "subjectConsistencyYn": "Y"
            },
            {
                "sentenceNo": 5,
                "sentenceContent": "성실하게 회사 업무를 일사천리로 진행하면서 선배의 질문에는 막힘없이 대답하는 회사 내 에이스 정채란을 매력적으로 풀어내며 감초 역할을 톡톡히 해냈다.",
                "subjectConsistencyYn": "Y"
            },
            {
                "sentenceNo": 6,
                "sentenceContent": "지난 4회 방송에서 본격적으로 최웅(최우식 분)과 국연수(김다미)의 다큐멘터리 재촬영이 시작됐고, 정채란은 국연수의 일상을 담았다.",
                "subjectConsistencyYn": "Y"
            },
            {
                "sentenceNo": 7,
                "sentenceContent": "하지만 촬영 과정에서 별다른 재미를 찾지 못했고, 콘셉트 회의를 위해 모인 자리는 국연수와 최웅의 말다툼으로 분위기가 가라앉은 상황. 정채란은 조심스럽게 두 사람의 눈치를 살피면서도 “분위기가 어쩐지 살벌하네요. 저만 그런가?”라는 멘트를 날리는 등 무던한 성격으로 분위기 전환을 시도했다.",
                "subjectConsistencyYn": "Y"
            },
            {
                "sentenceNo": 8,
                "sentenceContent": "그리고 눈치 빠른 정채란은 국연수와 최웅이 과거 연인 관계였음을 짐작하고 김지웅(김성철)에게 학창 시절을 물었다.",
                "subjectConsistencyYn": "Y"
            },
            {
                "sentenceNo": 9,
                "sentenceContent": "그리고 이어진 세 사람의 과거 이야기에서 그들을 향한 김지웅의 미묘한 감정을 느낀 채란은 “선배 인기 많아요. 차갑게 굴어서 다가가지 못한 거지. (선배) 좋아하기만 하고 말 못 할 사람들 많을걸요?”라며 센스 있는 말로 위로를 건네며 훈훈한 분위기를 만들었다.",
                "subjectConsistencyYn": "Y"
            },
            {
                "sentenceNo": 10,
                "sentenceContent": "정채란은 김지웅과 같이 최웅과 국연수의 이야기를 지켜보는 ‘관찰자’ 역할뿐만 아니라 센스와 섬세함으로 복잡한 이들의 감정들을 풀어내는 ‘능력캐’로 활약을 기대하게 했다.",
                "subjectConsistencyYn": "Y"
            },
            {
                "sentenceNo": 11,
                "sentenceContent": "앞서 전혜원은 tvN ‘여신강림’, TV조선 ‘결혼작사 이혼작곡1-2’ 등을 통해 흡인력 있는 연기로 강렬한 인상을 남긴바. 특히 개성 넘치는 캐릭터 소화력으로 작품마다 새로운 모습으로 대중을 만나고 있는 전혜원이 ‘그 해 우리는’을 통해 보여줄 캐릭터와 이야기에 시청자의 관심과 궁금증을 동시에 자극하고 있다.",
                "subjectConsistencyYn": "Y"
            },
            {
                "sentenceNo": 12,
                "sentenceContent": "한편, ‘그 해 우리는’은 매주 월, 화요일 오후 10시 방송된다.",
                "subjectConsistencyYn": "Y"
            },
            {
                "sentenceNo": 13,
                "sentenceContent": "‘그 해 우리는’에 출연한 배우 전혜원이 센스 만점 조연출로 활약한 가운데, 전혜원의 트레이드 마크인 보조개가 누리꾼들 사이에서 인기몰이를 했다. ",
                "subjectConsistencyYn": "N"
            },
            {
                "sentenceNo": 14,
                "sentenceContent": "일부 발 빠른 뷰티 커머셜 업체에서는 보조개 키트를 출시하기 시작했고, 해당 제품들은 소비자들 사이에서 당초 업체에서 예상한 수치보다 더 큰 호응을 얻고 있다.",
                "subjectConsistencyYn": "N"
            }
        ],
        "clickbaitClass": 0
    }
}