{
    "sourceDataInfo": {
        "newsID": "ET_M13_629222",
        "newsCategory": "연예",
        "newsSubcategory": "방송",
        "newsTitle": "최예나, ‘아이돌 받아쓰기 대회2’ 도레미 군단으로 컴백",
        "newsSubTitle": "",
        "newsContent": "가수 최예나가 티빙 오리지널 ‘아이돌 받아쓰기 대회2’에 출격한다.\n최예나는 16일 첫 공개되는 티빙 오리지널 ‘아이돌 받아쓰기 대회2’(이하 ‘아받대2’)(연출 이태경)에서 도레미 군단으로 출연해 첫 게스트 엔하이픈의 제이, 제이크와 호흡을 맞춘다. ‘아받대2’는 전 세계 최초로 시작된 ‘아이돌 받아쓰기 대회’로 눈과 귀, 마음까지 즐거운 오감충족 예능 프로그램이다.\n최예나는 앞서 시즌1에서 은혁, 이진호, 재재, 라비, 이미주 등과 도레미 군단으로 뭉쳐 눈에 띄는 활약과 뛰어난 예능감을 발휘했다.\n새로운 룰과 함께 컴백한 ‘아받대2’의 받아쓰기 문제는 ‘국가수’(국립 가수 수사대)의 철저한 사전 조사를 바탕으로 스튜디오에 있는 사람들과 소름 끼치는 연관성이 있는 가수, 곡이 출제된다.\n첫 받아쓰기는 엔하이픈 제이, 제이크와 떼려야 뗄 수 없는 가수의 곡이 출제된다.\n또한 업그레이드된 다시 듣기 찬스가 흥미를 끌어올린다.\n다시 듣기 찬스를 얻기 위해서는 특수 제작한 시스템에 성공, 실패 여부를 맡기는 운명적인 미션을 수행해야 한다.\n이 밖에 간식이 걸린 후식 게임에서는 역대 최대 제작비와 최다 인력이 투입된 신상 게임이 출시된다.\n최예나는 재미 요소가 한층 풍성해진 ‘아받대2’를 통해 통통 튀는 매력과 예능감을 보여주며 게스트들과의 특급 케미를 선보일 예정이라 기대를 모으고 있다.\n한편 최예나가 출연하는 티빙 오리지널 ‘아이돌 받아쓰기 대회2’는 16일 오후 4시 티빙에서 공개된다.",
        "partNum": "P2",
        "useType": 0,
        "processType": "D",
        "processPattern": "24",
        "processLevel": "상",
        "sentenceCount": 10,
        "processSentencenum": 2,
        "sentenceInfo": [
            {
                "sentenceNo": 1,
                "sentenceContent": "가수 최예나가 티빙 오리지널 ‘아이돌 받아쓰기 대회2’에 출격한다.",
                "sentenceSize": 37
            },
            {
                "sentenceNo": 2,
                "sentenceContent": "최예나는 16일 첫 공개되는 티빙 오리지널 ‘아이돌 받아쓰기 대회2’(이하 ‘아받대2’)(연출 이태경)에서 도레미 군단으로 출연해 첫 게스트 엔하이픈의 제이, 제이크와 호흡을 맞춘다. ‘아받대2’는 전 세계 최초로 시작된 ‘아이돌 받아쓰기 대회’로 눈과 귀, 마음까지 즐거운 오감충족 예능 프로그램이다.",
                "sentenceSize": 169
            },
            {
                "sentenceNo": 3,
                "sentenceContent": "최예나는 앞서 시즌1에서 은혁, 이진호, 재재, 라비, 이미주 등과 도레미 군단으로 뭉쳐 눈에 띄는 활약과 뛰어난 예능감을 발휘했다.",
                "sentenceSize": 74
            },
            {
                "sentenceNo": 4,
                "sentenceContent": "새로운 룰과 함께 컴백한 ‘아받대2’의 받아쓰기 문제는 ‘국가수’(국립 가수 수사대)의 철저한 사전 조사를 바탕으로 스튜디오에 있는 사람들과 소름 끼치는 연관성이 있는 가수, 곡이 출제된다.",
                "sentenceSize": 106
            },
            {
                "sentenceNo": 5,
                "sentenceContent": "첫 받아쓰기는 엔하이픈 제이, 제이크와 떼려야 뗄 수 없는 가수의 곡이 출제된다.",
                "sentenceSize": 45
            },
            {
                "sentenceNo": 6,
                "sentenceContent": "또한 업그레이드된 다시 듣기 찬스가 흥미를 끌어올린다.",
                "sentenceSize": 30
            },
            {
                "sentenceNo": 7,
                "sentenceContent": "다시 듣기 찬스를 얻기 위해서는 특수 제작한 시스템에 성공, 실패 여부를 맡기는 운명적인 미션을 수행해야 한다.",
                "sentenceSize": 62
            },
            {
                "sentenceNo": 8,
                "sentenceContent": "이 밖에 간식이 걸린 후식 게임에서는 역대 최대 제작비와 최다 인력이 투입된 신상 게임이 출시된다.",
                "sentenceSize": 55
            },
            {
                "sentenceNo": 9,
                "sentenceContent": "최예나는 재미 요소가 한층 풍성해진 ‘아받대2’를 통해 통통 튀는 매력과 예능감을 보여주며 게스트들과의 특급 케미를 선보일 예정이라 기대를 모으고 있다.",
                "sentenceSize": 85
            },
            {
                "sentenceNo": 10,
                "sentenceContent": "한편 최예나가 출연하는 티빙 오리지널 ‘아이돌 받아쓰기 대회2’는 16일 오후 4시 티빙에서 공개된다.",
                "sentenceSize": 57
            }
        ]
    },
    "labeledDataInfo": {
        "processSentenceInfo": [
            {
                "sentenceNo": 1,
                "sentenceContent": "가수 최예나가 티빙 오리지널 ‘아이돌 받아쓰기 대회2’에 출격한다.",
                "subjectConsistencyYn": "Y"
            },
            {
                "sentenceNo": 2,
                "sentenceContent": "최예나는 16일 첫 공개되는 티빙 오리지널 ‘아이돌 받아쓰기 대회2’(이하 ‘아받대2’)(연출 이태경)에서 도레미 군단으로 출연해 첫 게스트 엔하이픈의 제이, 제이크와 호흡을 맞춘다. ‘아받대2’는 전 세계 최초로 시작된 ‘아이돌 받아쓰기 대회’로 눈과 귀, 마음까지 즐거운 오감충족 예능 프로그램이다.",
                "subjectConsistencyYn": "Y"
            },
            {
                "sentenceNo": 3,
                "sentenceContent": "최예나는 앞서 시즌1에서 은혁, 이진호, 재재, 라비, 이미주 등과 도레미 군단으로 뭉쳐 눈에 띄는 활약과 뛰어난 예능감을 발휘했다.",
                "subjectConsistencyYn": "Y"
            },
            {
                "sentenceNo": 4,
                "sentenceContent": "새로운 룰과 함께 컴백한 ‘아받대2’의 받아쓰기 문제는 ‘국가수’(국립 가수 수사대)의 철저한 사전 조사를 바탕으로 스튜디오에 있는 사람들과 소름 끼치는 연관성이 있는 가수, 곡이 출제된다.",
                "subjectConsistencyYn": "Y"
            },
            {
                "sentenceNo": 5,
                "sentenceContent": "첫 받아쓰기는 엔하이픈 제이, 제이크와 떼려야 뗄 수 없는 가수의 곡이 출제된다.",
                "subjectConsistencyYn": "Y"
            },
            {
                "sentenceNo": 6,
                "sentenceContent": "또한 업그레이드된 다시 듣기 찬스가 흥미를 끌어올린다.",
                "subjectConsistencyYn": "Y"
            },
            {
                "sentenceNo": 7,
                "sentenceContent": "다시 듣기 찬스를 얻기 위해서는 특수 제작한 시스템에 성공, 실패 여부를 맡기는 운명적인 미션을 수행해야 한다.",
                "subjectConsistencyYn": "Y"
            },
            {
                "sentenceNo": 8,
                "sentenceContent": "이 밖에 간식이 걸린 후식 게임에서는 역대 최대 제작비와 최다 인력이 투입된 신상 게임이 출시된다.",
                "subjectConsistencyYn": "Y"
            },
            {
                "sentenceNo": 9,
                "sentenceContent": "최예나는 재미 요소가 한층 풍성해진 ‘아받대2’를 통해 통통 튀는 매력과 예능감을 보여주며 게스트들과의 특급 케미를 선보일 예정이라 기대를 모으고 있다.",
                "subjectConsistencyYn": "Y"
            },
            {
                "sentenceNo": 10,
                "sentenceContent": "한편 최예나가 출연하는 티빙 오리지널 ‘아이돌 받아쓰기 대회2’는 16일 오후 4시 티빙에서 공개된다.",
                "subjectConsistencyYn": "Y"
            },
            {
                "sentenceNo": 11,
                "sentenceContent": "‘아이돌 받아쓰기 대회2’에 출격하는 가수 최예나가 연말 시상식에서 신인상을 수상했다.",
                "subjectConsistencyYn": "N"
            },
            {
                "sentenceNo": 12,
                "sentenceContent": "프로젝트 걸그룹 ‘아이즈원’ 출신의 최예나는 최근 ‘올해의 브랜드 대상’에서 솔로 아티스트 신인 부문을 수상하며 솔로 가수로서 성공적인 첫발을 뗐다. ",
                "subjectConsistencyYn": "N"
            }
        ],
        "clickbaitClass": 0
    }
}