{
    "sourceDataInfo": {
        "newsID": "ET_M13_629469",
        "newsCategory": "연예",
        "newsSubcategory": "음악",
        "newsTitle": "케플러, 데뷔곡 음원 스포일러 ‘깜짝’",
        "newsSubTitle": "",
        "newsContent": "‘4세대 아이돌 대표 루키’ 케플러(Kep1er)가 데뷔곡 ‘WA DA DA (와 다 다)’의 강렬한 퍼포먼스를 예고했다.\n케플러(최유진, 샤오팅, 마시로, 김채현, 김다연, 히카루, 휴닝바히에, 서영은, 강예서)는 2일 0시 공식 SNS를 통해 데뷔 앨범 ‘FIRST IMPACT (퍼스트 임팩트)’ 타이틀곡 ‘WA DA DA (와 다 다)’의 2차 뮤직비디오 티저 영상을 공개했다.\n케플러는 오랜 시간 그들을 기다려준 팬들을 위해 정식 데뷔 하루 전 1분가량의 티저 영상으로 음원과 퍼포먼스를 깜짝 공개하며 고마운 마음을 대신 전했다.\n가장 먼저 번쩍이는 섬광 속 망원경의 존재가 시선을 잡아 끌며 시작부터 호기심을 자극했다.\n곧이어 나타난 한 멤버가 들여다본 망원경 렌즈 속에는 케플러가 빛처럼 나타났다 사라진다.\n케플러는 환상과 현실을 넘나들 듯 신비로운 무드 속 러블리한 매력을 한껏 드러냈다.\n특히 해당 영상에 탄탄하면서도 흥미로운 세계관을 충실하게 그려내며 뮤직비디오 본편에 대한 기대감을 높였다.\n여기에 “누구보다 빨리 달려갈 거야 그려왔던 곳으로”란 노랫말과 함께 펼쳐진 파워풀한 군무는 훅킹한 멜로디와 절묘하게 어우러져 보는 이들의 몰입도를 더했다.\n아홉 멤버는 중독성 넘치는 안무로 파워풀한 퍼포먼스를 완성하며 보는 재미까지 안겼다.\n특히 ‘Kep1 going WA DA DA DA’란 훅에 맞춰 선보이는 포인트 제스처는 곡의 에너지 넘치는 분위기를 한층 배가하며 강렬한 인상을 남겼다.\n뮤직비디오 티저 영상을 통해 베일을 벗은 음원의 일부와 스타일링, 포인트 안무까지 에너제틱하면서도 러블리한 케플러의 매력은 발매를 하루 앞둔 데뷔 앨범에 대한 팬들의 기대감을 한층 높였다.\n한 편의 영화와 같은 티저 영상에 글로벌 팬들은 “비트가 너무 신나서 계속 듣게 된다” “티저부터 중독성 있다” “티저만으로 트렌드를 이끄는 그룹” 등 자국어로 뜨거운 호응을 보내고 있다.\n케플러의 데뷔 앨범 ‘FIRST IMPACT’는 새롭게 펼쳐 나갈 ‘Kep1er’의 광대한 세계관과 아홉 소녀의 다채로운 개성을 풀어낸 앨범이다.\n이 가운데 타이틀곡 ‘WA DA DA (와 다 다)’는 소녀들의 당당한 포부를 에너제틱하고 러블리한 매력으로 그려낸 곡이다.\n2022년 데뷔 첫 주자로 출격하는 케플러의 데뷔 앨범 ‘FIRST IMPACT’는 오는 3일 오후 6시 전 온라인 음원사이트를 통해 발매된다.",
        "partNum": "P2",
        "useType": 0,
        "processType": "D",
        "processPattern": "24",
        "processLevel": "상",
        "sentenceCount": 15,
        "processSentencenum": 2,
        "sentenceInfo": [
            {
                "sentenceNo": 1,
                "sentenceContent": "‘4세대 아이돌 대표 루키’ 케플러(Kep1er)가 데뷔곡 ‘WA DA DA (와 다 다)’의 강렬한 퍼포먼스를 예고했다.",
                "sentenceSize": 68
            },
            {
                "sentenceNo": 2,
                "sentenceContent": "케플러(최유진, 샤오팅, 마시로, 김채현, 김다연, 히카루, 휴닝바히에, 서영은, 강예서)는 2일 0시 공식 SNS를 통해 데뷔 앨범 ‘FIRST IMPACT (퍼스트 임팩트)’ 타이틀곡 ‘WA DA DA (와 다 다)’의 2차 뮤직비디오 티저 영상을 공개했다.",
                "sentenceSize": 146
            },
            {
                "sentenceNo": 3,
                "sentenceContent": "케플러는 오랜 시간 그들을 기다려준 팬들을 위해 정식 데뷔 하루 전 1분가량의 티저 영상으로 음원과 퍼포먼스를 깜짝 공개하며 고마운 마음을 대신 전했다.",
                "sentenceSize": 85
            },
            {
                "sentenceNo": 4,
                "sentenceContent": "가장 먼저 번쩍이는 섬광 속 망원경의 존재가 시선을 잡아 끌며 시작부터 호기심을 자극했다.",
                "sentenceSize": 50
            },
            {
                "sentenceNo": 5,
                "sentenceContent": "곧이어 나타난 한 멤버가 들여다본 망원경 렌즈 속에는 케플러가 빛처럼 나타났다 사라진다.",
                "sentenceSize": 49
            },
            {
                "sentenceNo": 6,
                "sentenceContent": "케플러는 환상과 현실을 넘나들 듯 신비로운 무드 속 러블리한 매력을 한껏 드러냈다.",
                "sentenceSize": 46
            },
            {
                "sentenceNo": 7,
                "sentenceContent": "특히 해당 영상에 탄탄하면서도 흥미로운 세계관을 충실하게 그려내며 뮤직비디오 본편에 대한 기대감을 높였다.",
                "sentenceSize": 59
            },
            {
                "sentenceNo": 8,
                "sentenceContent": "여기에 “누구보다 빨리 달려갈 거야 그려왔던 곳으로”란 노랫말과 함께 펼쳐진 파워풀한 군무는 훅킹한 멜로디와 절묘하게 어우러져 보는 이들의 몰입도를 더했다.",
                "sentenceSize": 87
            },
            {
                "sentenceNo": 9,
                "sentenceContent": "아홉 멤버는 중독성 넘치는 안무로 파워풀한 퍼포먼스를 완성하며 보는 재미까지 안겼다.",
                "sentenceSize": 47
            },
            {
                "sentenceNo": 10,
                "sentenceContent": "특히 ‘Kep1 going WA DA DA DA’란 훅에 맞춰 선보이는 포인트 제스처는 곡의 에너지 넘치는 분위기를 한층 배가하며 강렬한 인상을 남겼다.",
                "sentenceSize": 85
            },
            {
                "sentenceNo": 11,
                "sentenceContent": "뮤직비디오 티저 영상을 통해 베일을 벗은 음원의 일부와 스타일링, 포인트 안무까지 에너제틱하면서도 러블리한 케플러의 매력은 발매를 하루 앞둔 데뷔 앨범에 대한 팬들의 기대감을 한층 높였다.",
                "sentenceSize": 105
            },
            {
                "sentenceNo": 12,
                "sentenceContent": "한 편의 영화와 같은 티저 영상에 글로벌 팬들은 “비트가 너무 신나서 계속 듣게 된다” “티저부터 중독성 있다” “티저만으로 트렌드를 이끄는 그룹” 등 자국어로 뜨거운 호응을 보내고 있다.",
                "sentenceSize": 105
            },
            {
                "sentenceNo": 13,
                "sentenceContent": "케플러의 데뷔 앨범 ‘FIRST IMPACT’는 새롭게 펼쳐 나갈 ‘Kep1er’의 광대한 세계관과 아홉 소녀의 다채로운 개성을 풀어낸 앨범이다.",
                "sentenceSize": 81
            },
            {
                "sentenceNo": 14,
                "sentenceContent": "이 가운데 타이틀곡 ‘WA DA DA (와 다 다)’는 소녀들의 당당한 포부를 에너제틱하고 러블리한 매력으로 그려낸 곡이다.",
                "sentenceSize": 69
            },
            {
                "sentenceNo": 15,
                "sentenceContent": "2022년 데뷔 첫 주자로 출격하는 케플러의 데뷔 앨범 ‘FIRST IMPACT’는 오는 3일 오후 6시 전 온라인 음원사이트를 통해 발매된다.",
                "sentenceSize": 80
            }
        ]
    },
    "labeledDataInfo": {
        "processSentenceInfo": [
            {
                "sentenceNo": 1,
                "sentenceContent": "‘4세대 아이돌 대표 루키’ 케플러(Kep1er)가 데뷔곡 ‘WA DA DA (와 다 다)’의 강렬한 퍼포먼스를 예고했다.",
                "subjectConsistencyYn": "Y"
            },
            {
                "sentenceNo": 2,
                "sentenceContent": "케플러(최유진, 샤오팅, 마시로, 김채현, 김다연, 히카루, 휴닝바히에, 서영은, 강예서)는 2일 0시 공식 SNS를 통해 데뷔 앨범 ‘FIRST IMPACT (퍼스트 임팩트)’ 타이틀곡 ‘WA DA DA (와 다 다)’의 2차 뮤직비디오 티저 영상을 공개했다.",
                "subjectConsistencyYn": "Y"
            },
            {
                "sentenceNo": 3,
                "sentenceContent": "케플러는 오랜 시간 그들을 기다려준 팬들을 위해 정식 데뷔 하루 전 1분가량의 티저 영상으로 음원과 퍼포먼스를 깜짝 공개하며 고마운 마음을 대신 전했다.",
                "subjectConsistencyYn": "Y"
            },
            {
                "sentenceNo": 4,
                "sentenceContent": "가장 먼저 번쩍이는 섬광 속 망원경의 존재가 시선을 잡아 끌며 시작부터 호기심을 자극했다.",
                "subjectConsistencyYn": "Y"
            },
            {
                "sentenceNo": 5,
                "sentenceContent": "곧이어 나타난 한 멤버가 들여다본 망원경 렌즈 속에는 케플러가 빛처럼 나타났다 사라진다.",
                "subjectConsistencyYn": "Y"
            },
            {
                "sentenceNo": 6,
                "sentenceContent": "케플러는 환상과 현실을 넘나들 듯 신비로운 무드 속 러블리한 매력을 한껏 드러냈다.",
                "subjectConsistencyYn": "Y"
            },
            {
                "sentenceNo": 7,
                "sentenceContent": "특히 해당 영상에 탄탄하면서도 흥미로운 세계관을 충실하게 그려내며 뮤직비디오 본편에 대한 기대감을 높였다.",
                "subjectConsistencyYn": "Y"
            },
            {
                "sentenceNo": 8,
                "sentenceContent": "여기에 “누구보다 빨리 달려갈 거야 그려왔던 곳으로”란 노랫말과 함께 펼쳐진 파워풀한 군무는 훅킹한 멜로디와 절묘하게 어우러져 보는 이들의 몰입도를 더했다.",
                "subjectConsistencyYn": "Y"
            },
            {
                "sentenceNo": 9,
                "sentenceContent": "아홉 멤버는 중독성 넘치는 안무로 파워풀한 퍼포먼스를 완성하며 보는 재미까지 안겼다.",
                "subjectConsistencyYn": "Y"
            },
            {
                "sentenceNo": 10,
                "sentenceContent": "특히 ‘Kep1 going WA DA DA DA’란 훅에 맞춰 선보이는 포인트 제스처는 곡의 에너지 넘치는 분위기를 한층 배가하며 강렬한 인상을 남겼다.",
                "subjectConsistencyYn": "Y"
            },
            {
                "sentenceNo": 11,
                "sentenceContent": "뮤직비디오 티저 영상을 통해 베일을 벗은 음원의 일부와 스타일링, 포인트 안무까지 에너제틱하면서도 러블리한 케플러의 매력은 발매를 하루 앞둔 데뷔 앨범에 대한 팬들의 기대감을 한층 높였다.",
                "subjectConsistencyYn": "Y"
            },
            {
                "sentenceNo": 12,
                "sentenceContent": "한 편의 영화와 같은 티저 영상에 글로벌 팬들은 “비트가 너무 신나서 계속 듣게 된다” “티저부터 중독성 있다” “티저만으로 트렌드를 이끄는 그룹” 등 자국어로 뜨거운 호응을 보내고 있다.",
                "subjectConsistencyYn": "Y"
            },
            {
                "sentenceNo": 13,
                "sentenceContent": "케플러의 데뷔 앨범 ‘FIRST IMPACT’는 새롭게 펼쳐 나갈 ‘Kep1er’의 광대한 세계관과 아홉 소녀의 다채로운 개성을 풀어낸 앨범이다.",
                "subjectConsistencyYn": "Y"
            },
            {
                "sentenceNo": 14,
                "sentenceContent": "이 가운데 타이틀곡 ‘WA DA DA (와 다 다)’는 소녀들의 당당한 포부를 에너제틱하고 러블리한 매력으로 그려낸 곡이다.",
                "subjectConsistencyYn": "Y"
            },
            {
                "sentenceNo": 15,
                "sentenceContent": "2022년 데뷔 첫 주자로 출격하는 케플러의 데뷔 앨범 ‘FIRST IMPACT’는 오는 3일 오후 6시 전 온라인 음원사이트를 통해 발매된다.",
                "subjectConsistencyYn": "Y"
            },
            {
                "sentenceNo": 16,
                "sentenceContent": "케플러가 데뷔곡 ‘WA DA DA’의 강렬한 퍼포먼스를 예고한 한편, ‘라인 뮤직 트렌드 어워드 2022’에 선정되며 글로벌 존재감을 발휘했다.",
                "subjectConsistencyYn": "N"
            },
            {
                "sentenceNo": 17,
                "sentenceContent": "‘라인 뮤직 트렌드 어워드 2022’는 라인 뮤직의 독자 로직으로 산출한 연간 랭킹을 바탕으로, 2022년에 새롭게 상승하거나 화제를 모은 아티스트 또는 곡에게 보내는 상이다.",
                "subjectConsistencyYn": "N"
            }
        ],
        "clickbaitClass": 0
    }
}