{
    "sourceDataInfo": {
        "newsID": "ET_M13_629331",
        "newsCategory": "연예",
        "newsSubcategory": "연예일반",
        "newsTitle": "걸그룹 달샤벳 출신 배우희, 사진 속 멋진 크리스마스 인테리어",
        "newsSubTitle": "",
        "newsContent": "배우 배우희의 크리스마스 인테리어 사진이 눈길을 끈다.\n소속사 네버다이엔터테인먼트는 23일 오는 크리스마스를 맞이해 배우희의 인테리어 사진을 공개했다.\n공개된 사진 속 그녀는 수수한 파자마 차림으로 직접 꾸민 인테리어 장식 앞에서 즐겁게 웃고 있는 모습이다.\n자취를 시작하며 인테리어에 관심을 가지게 됐다는 그녀는 깔끔한 화이트 톤의 인테리어를 좋아해 인테리어를 화이트 또는 우드로 꾸미는 등 인테리어를 바꾸며 기분 전환을 한다고 전했다.\n아기자기한 인테리어 제품을 모으는 것을 좋아해 소품샵 등에서 그녀를 자주 목격할 수 있다는 후문이다.\n인테리어에 관심을 가지게 된 계기에 대해 묻자 그녀는 “자취를 하면서부터 직접 신경을 쓰다 보니까 자연스럽게 관심이 갔다. 심리적 편안함을 느끼고 싶을 때 집을 꾸미며 안정이나 재미를 느낀다”고 대답했으며, “크리스마스를 맞이해 특별한 인테리어를 해 보았는데 많은 분들이 좋아해 주셨으면 좋겠다”며 인테리어를 공개한 소감을 전하기도 했다.\n배우희는 걸그룹 달샤벳으로 데뷔 후 연기자로 전향해 KBS1 드라마 ‘여름아 부탁해’, 영화 ‘아이돌레시피’, 연극 ‘스페셜 라이어’등 다양한 장르에 도전해 배우로서 입지를 다져가고 있다.\n배우희는 현재는 내년 상반기 방영 예정인 SBS 드라마 ‘사내맞선’ 촬영에 한창인 것으로 전해져 팬들의 기대를 받고 있다.",
        "partNum": "P2",
        "useType": 0,
        "processType": "D",
        "processPattern": "24",
        "processLevel": "상",
        "sentenceCount": 8,
        "processSentencenum": 2,
        "sentenceInfo": [
            {
                "sentenceNo": 1,
                "sentenceContent": "배우 배우희의 크리스마스 인테리어 사진이 눈길을 끈다.",
                "sentenceSize": 30
            },
            {
                "sentenceNo": 2,
                "sentenceContent": "소속사 네버다이엔터테인먼트는 23일 오는 크리스마스를 맞이해 배우희의 인테리어 사진을 공개했다.",
                "sentenceSize": 53
            },
            {
                "sentenceNo": 3,
                "sentenceContent": "공개된 사진 속 그녀는 수수한 파자마 차림으로 직접 꾸민 인테리어 장식 앞에서 즐겁게 웃고 있는 모습이다.",
                "sentenceSize": 59
            },
            {
                "sentenceNo": 4,
                "sentenceContent": "자취를 시작하며 인테리어에 관심을 가지게 됐다는 그녀는 깔끔한 화이트 톤의 인테리어를 좋아해 인테리어를 화이트 또는 우드로 꾸미는 등 인테리어를 바꾸며 기분 전환을 한다고 전했다.",
                "sentenceSize": 100
            },
            {
                "sentenceNo": 5,
                "sentenceContent": "아기자기한 인테리어 제품을 모으는 것을 좋아해 소품샵 등에서 그녀를 자주 목격할 수 있다는 후문이다.",
                "sentenceSize": 56
            },
            {
                "sentenceNo": 6,
                "sentenceContent": "인테리어에 관심을 가지게 된 계기에 대해 묻자 그녀는 “자취를 하면서부터 직접 신경을 쓰다 보니까 자연스럽게 관심이 갔다. 심리적 편안함을 느끼고 싶을 때 집을 꾸미며 안정이나 재미를 느낀다”고 대답했으며, “크리스마스를 맞이해 특별한 인테리어를 해 보았는데 많은 분들이 좋아해 주셨으면 좋겠다”며 인테리어를 공개한 소감을 전하기도 했다.",
                "sentenceSize": 189
            },
            {
                "sentenceNo": 7,
                "sentenceContent": "배우희는 걸그룹 달샤벳으로 데뷔 후 연기자로 전향해 KBS1 드라마 ‘여름아 부탁해’, 영화 ‘아이돌레시피’, 연극 ‘스페셜 라이어’등 다양한 장르에 도전해 배우로서 입지를 다져가고 있다.",
                "sentenceSize": 105
            },
            {
                "sentenceNo": 8,
                "sentenceContent": "배우희는 현재는 내년 상반기 방영 예정인 SBS 드라마 ‘사내맞선’ 촬영에 한창인 것으로 전해져 팬들의 기대를 받고 있다.",
                "sentenceSize": 68
            }
        ]
    },
    "labeledDataInfo": {
        "processSentenceInfo": [
            {
                "sentenceNo": 1,
                "sentenceContent": "배우 배우희의 크리스마스 인테리어 사진이 눈길을 끈다.",
                "subjectConsistencyYn": "Y"
            },
            {
                "sentenceNo": 2,
                "sentenceContent": "소속사 네버다이엔터테인먼트는 23일 오는 크리스마스를 맞이해 배우희의 인테리어 사진을 공개했다.",
                "subjectConsistencyYn": "Y"
            },
            {
                "sentenceNo": 3,
                "sentenceContent": "공개된 사진 속 그녀는 수수한 파자마 차림으로 직접 꾸민 인테리어 장식 앞에서 즐겁게 웃고 있는 모습이다.",
                "subjectConsistencyYn": "Y"
            },
            {
                "sentenceNo": 4,
                "sentenceContent": "자취를 시작하며 인테리어에 관심을 가지게 됐다는 그녀는 깔끔한 화이트 톤의 인테리어를 좋아해 인테리어를 화이트 또는 우드로 꾸미는 등 인테리어를 바꾸며 기분 전환을 한다고 전했다.",
                "subjectConsistencyYn": "Y"
            },
            {
                "sentenceNo": 5,
                "sentenceContent": "아기자기한 인테리어 제품을 모으는 것을 좋아해 소품샵 등에서 그녀를 자주 목격할 수 있다는 후문이다.",
                "subjectConsistencyYn": "Y"
            },
            {
                "sentenceNo": 6,
                "sentenceContent": "인테리어에 관심을 가지게 된 계기에 대해 묻자 그녀는 “자취를 하면서부터 직접 신경을 쓰다 보니까 자연스럽게 관심이 갔다. 심리적 편안함을 느끼고 싶을 때 집을 꾸미며 안정이나 재미를 느낀다”고 대답했으며, “크리스마스를 맞이해 특별한 인테리어를 해 보았는데 많은 분들이 좋아해 주셨으면 좋겠다”며 인테리어를 공개한 소감을 전하기도 했다.",
                "subjectConsistencyYn": "Y"
            },
            {
                "sentenceNo": 7,
                "sentenceContent": "배우희는 걸그룹 달샤벳으로 데뷔 후 연기자로 전향해 KBS1 드라마 ‘여름아 부탁해’, 영화 ‘아이돌레시피’, 연극 ‘스페셜 라이어’등 다양한 장르에 도전해 배우로서 입지를 다져가고 있다.",
                "subjectConsistencyYn": "Y"
            },
            {
                "sentenceNo": 8,
                "sentenceContent": "배우희는 현재는 내년 상반기 방영 예정인 SBS 드라마 ‘사내맞선’ 촬영에 한창인 것으로 전해져 팬들의 기대를 받고 있다.",
                "subjectConsistencyYn": "Y"
            },
            {
                "sentenceNo": 9,
                "sentenceContent": "소속사 네버다이엔터테인먼트가 오는 크리스마스를 맞이해 배우 배우희의 크리스마스 인테리어 사진을 공개한 가운데, 배우희는 지난 8일에 열린 '2022 코리아드라마어워즈'에서 신인상을 수상했다. ",
                "subjectConsistencyYn": "N"
            },
            {
                "sentenceNo": 10,
                "sentenceContent": "배우희는 ‘사내맞선’에서 신하리의 친구이자 이민우의 여자 친구로 얄밉지만 아주 매력적인 캐릭터 고유라 역을 연기하며 존재감을 드러냈다. ",
                "subjectConsistencyYn": "N"
            }
        ],
        "clickbaitClass": 0
    }
}