{
    "sourceDataInfo": {
        "newsID": "ET_M13_629402",
        "newsCategory": "연예",
        "newsSubcategory": "방송",
        "newsTitle": "‘내 이름은 캐디’ 안정환, 이승철을 향한 도발 “저기는 아웃이야”[채널예약]",
        "newsSubTitle": "",
        "newsContent": "이승철을 향한 안정환의 역대급 도발이 방송에서 공개된다.\n29일 오후 9시에 방송되는 IHQ 예능프로그램 ‘내 이름은 캐디’ 8회는 ‘캐디즈’ 이승철, 안정환, 김성주와 올림픽 메달리스트 홍차옥, 김미정, 송대남의 대 환장 라운딩이 그려진다. ‘캐디즈’는 레전드 운동인들을 위해 어느 때보다 승부욕에 열을 올린다.\n이승철과 안정환은 불꽃 튀는 자존심 싸움을 벌이며 ‘위기의 캐디즈’에 등극한다.\n안정환은 이승철이 ‘캐디 찬스’로 출전하자, 불편한 캐디 복장을 벗지 못하게 막는 유치 찬란한 전술을 펼친다.\n이어 그의 물불 가리지 않는 방해공작이 계속되자 이승철은 골프공을 발로 차는가 하면, 바닥에 드러눕기(?)까지 하며 막무가내로 대응한다.\n그럼에도 안정환은 눈에 불을 켜고 하이에나처럼 이승철의 실수를 포착, “나한테 마음을 곱게 안 써서 그래!”라고 깐족거리며 약 올리기에 혈안이 됐다는 후문이다.\n이승철 팀 차례가 다가오자, 안정환은 “저기는 아웃이야”라며 가차 없는 멘탈 공격을 가한다.\n결국 참다 못한 이승철은 분노를 폭발, “다 덤벼!”라며 매서운 선전포고를 날렸다고 해 이들의 좌충우돌 기 싸움이 어떤 결말을 맺을지 본방송이 궁금해진다.\n다양한 계층 게스트가 골프 선수가 되어 MC 캐디와 함께 게임을 진행하는 독특한 포맷의 골프 예능프로그램 ‘내 이름은 캐디’는 29일 밤 9시에 안방극장에 배송된다.",
        "partNum": "P2",
        "useType": 0,
        "processType": "D",
        "processPattern": "24",
        "processLevel": "상",
        "sentenceCount": 9,
        "processSentencenum": 2,
        "sentenceInfo": [
            {
                "sentenceNo": 1,
                "sentenceContent": "이승철을 향한 안정환의 역대급 도발이 방송에서 공개된다.",
                "sentenceSize": 31
            },
            {
                "sentenceNo": 2,
                "sentenceContent": "29일 오후 9시에 방송되는 IHQ 예능프로그램 ‘내 이름은 캐디’ 8회는 ‘캐디즈’ 이승철, 안정환, 김성주와 올림픽 메달리스트 홍차옥, 김미정, 송대남의 대 환장 라운딩이 그려진다. ‘캐디즈’는 레전드 운동인들을 위해 어느 때보다 승부욕에 열을 올린다.",
                "sentenceSize": 143
            },
            {
                "sentenceNo": 3,
                "sentenceContent": "이승철과 안정환은 불꽃 튀는 자존심 싸움을 벌이며 ‘위기의 캐디즈’에 등극한다.",
                "sentenceSize": 44
            },
            {
                "sentenceNo": 4,
                "sentenceContent": "안정환은 이승철이 ‘캐디 찬스’로 출전하자, 불편한 캐디 복장을 벗지 못하게 막는 유치 찬란한 전술을 펼친다.",
                "sentenceSize": 61
            },
            {
                "sentenceNo": 5,
                "sentenceContent": "이어 그의 물불 가리지 않는 방해공작이 계속되자 이승철은 골프공을 발로 차는가 하면, 바닥에 드러눕기(?)까지 하며 막무가내로 대응한다.",
                "sentenceSize": 76
            },
            {
                "sentenceNo": 6,
                "sentenceContent": "그럼에도 안정환은 눈에 불을 켜고 하이에나처럼 이승철의 실수를 포착, “나한테 마음을 곱게 안 써서 그래!”라고 깐족거리며 약 올리기에 혈안이 됐다는 후문이다.",
                "sentenceSize": 89
            },
            {
                "sentenceNo": 7,
                "sentenceContent": "이승철 팀 차례가 다가오자, 안정환은 “저기는 아웃이야”라며 가차 없는 멘탈 공격을 가한다.",
                "sentenceSize": 51
            },
            {
                "sentenceNo": 8,
                "sentenceContent": "결국 참다 못한 이승철은 분노를 폭발, “다 덤벼!”라며 매서운 선전포고를 날렸다고 해 이들의 좌충우돌 기 싸움이 어떤 결말을 맺을지 본방송이 궁금해진다.",
                "sentenceSize": 86
            },
            {
                "sentenceNo": 9,
                "sentenceContent": "다양한 계층 게스트가 골프 선수가 되어 MC 캐디와 함께 게임을 진행하는 독특한 포맷의 골프 예능프로그램 ‘내 이름은 캐디’는 29일 밤 9시에 안방극장에 배송된다.",
                "sentenceSize": 92
            }
        ]
    },
    "labeledDataInfo": {
        "processSentenceInfo": [
            {
                "sentenceNo": 1,
                "sentenceContent": "이승철을 향한 안정환의 역대급 도발이 방송에서 공개된다.",
                "subjectConsistencyYn": "Y"
            },
            {
                "sentenceNo": 2,
                "sentenceContent": "29일 오후 9시에 방송되는 IHQ 예능프로그램 ‘내 이름은 캐디’ 8회는 ‘캐디즈’ 이승철, 안정환, 김성주와 올림픽 메달리스트 홍차옥, 김미정, 송대남의 대 환장 라운딩이 그려진다. ‘캐디즈’는 레전드 운동인들을 위해 어느 때보다 승부욕에 열을 올린다.",
                "subjectConsistencyYn": "Y"
            },
            {
                "sentenceNo": 3,
                "sentenceContent": "이승철과 안정환은 불꽃 튀는 자존심 싸움을 벌이며 ‘위기의 캐디즈’에 등극한다.",
                "subjectConsistencyYn": "Y"
            },
            {
                "sentenceNo": 4,
                "sentenceContent": "안정환은 이승철이 ‘캐디 찬스’로 출전하자, 불편한 캐디 복장을 벗지 못하게 막는 유치 찬란한 전술을 펼친다.",
                "subjectConsistencyYn": "Y"
            },
            {
                "sentenceNo": 5,
                "sentenceContent": "이어 그의 물불 가리지 않는 방해공작이 계속되자 이승철은 골프공을 발로 차는가 하면, 바닥에 드러눕기(?)까지 하며 막무가내로 대응한다.",
                "subjectConsistencyYn": "Y"
            },
            {
                "sentenceNo": 6,
                "sentenceContent": "그럼에도 안정환은 눈에 불을 켜고 하이에나처럼 이승철의 실수를 포착, “나한테 마음을 곱게 안 써서 그래!”라고 깐족거리며 약 올리기에 혈안이 됐다는 후문이다.",
                "subjectConsistencyYn": "Y"
            },
            {
                "sentenceNo": 7,
                "sentenceContent": "이승철 팀 차례가 다가오자, 안정환은 “저기는 아웃이야”라며 가차 없는 멘탈 공격을 가한다.",
                "subjectConsistencyYn": "Y"
            },
            {
                "sentenceNo": 8,
                "sentenceContent": "결국 참다 못한 이승철은 분노를 폭발, “다 덤벼!”라며 매서운 선전포고를 날렸다고 해 이들의 좌충우돌 기 싸움이 어떤 결말을 맺을지 본방송이 궁금해진다.",
                "subjectConsistencyYn": "Y"
            },
            {
                "sentenceNo": 9,
                "sentenceContent": "다양한 계층 게스트가 골프 선수가 되어 MC 캐디와 함께 게임을 진행하는 독특한 포맷의 골프 예능프로그램 ‘내 이름은 캐디’는 29일 밤 9시에 안방극장에 배송된다.",
                "subjectConsistencyYn": "Y"
            },
            {
                "sentenceNo": 10,
                "sentenceContent": "IHQ 예능프로그램 '내 이름은 캐디'에서 이승철을 향한 안정환의 역대급 도발이 공개되는 가운데, 21일 이승철은 자신의 인스타그램을 통해 \"Star's in 2021. Time so fast^^\"라는 글과 함께 여러 장의 사진을 게재했다. ",
                "subjectConsistencyYn": "N"
            },
            {
                "sentenceNo": 11,
                "sentenceContent": "이승철은 눈만 빼꼼 내밀고 있고, 이병헌은 흰색 맨투맨 티셔츠에 안경과 모자를 쓰고 엄지척 포즈를 취하며 레스토랑에서 셀카를 찍고 있는 모습이 담겨있다.",
                "subjectConsistencyYn": "N"
            }
        ],
        "clickbaitClass": 0
    }
}