{
    "sourceDataInfo": {
        "newsID": "ET_M13_629212",
        "newsCategory": "연예",
        "newsSubcategory": "연예일반",
        "newsTitle": "이동국 딸 재시·재아 학폭 주장에 이수진 “해명가치도 없어”",
        "newsSubTitle": "",
        "newsContent": "이동국 딸 재시·제아가 학폭을 자행했다는 주장이 나왔고 이들은 전면 부인했다.\n이재아양이 운영하는 유튜브 채널 영상에는 자매의 학폭을 주장하는 댓글이 달려 논란이 일었다.\n자신을 국제학교 동창이라고 밝힌 A씨는 “재시·재아가 친구를 따돌림 시켜 강제전학을 당했다”며 “친구에게 강제로 잡초를 먹이고 화장실에서 사진을 찍는 등 피해자에게 평생 잊지 못할 트라우마를 만들었다”고 주장했다.\nA씨는 “이런 애들이 지금 이렇게 좋은 인식을 받으며 살고 있다는 것이 믿어지지 않는다”며 “이 댓글 삭제하지 마시고 평생 반성하고 사셨으면 좋겠다”고 적었다.\n이재시·재아양은 학폭 의혹을 전면 부인했다.\n이재아양은 이날 인스타그램에 “저와 재시는 해당 국제학교에 다닌 적도 없고 다른 학교에서 강제전학을 당한 적도 없다”며 “모두 허위사실로 저희에게도 이런 억울한 일이 생길 줄은 몰랐다”고 했다.\n이동국의 아내 이수진도 반박글을 올렸다.\n이수진은 A씨의 댓글에 “해명가치도 없는 댓글이지만 당신의 글 보시고 걱정해주시는 분들이 있어 답글을 남긴다”며 “재시·재아는 그 어떤 친구와 뉴스에서나 나올법한 일들을 경험한 적이 없다”고 부인했다.\n그러면서 “어린 학생이 재미로 이러는 것 같은데 당장 사과하고 다시는 어디에서도 이런 댓글로 장난하지 말아달라”며 “경찰서 갈 수도 있다”고 경고했다.",
        "partNum": "P2",
        "useType": 0,
        "processType": "D",
        "processPattern": "24",
        "processLevel": "상",
        "sentenceCount": 9,
        "processSentencenum": 2,
        "sentenceInfo": [
            {
                "sentenceNo": 1,
                "sentenceContent": "이동국 딸 재시·제아가 학폭을 자행했다는 주장이 나왔고 이들은 전면 부인했다.",
                "sentenceSize": 43
            },
            {
                "sentenceNo": 2,
                "sentenceContent": "이재아양이 운영하는 유튜브 채널 영상에는 자매의 학폭을 주장하는 댓글이 달려 논란이 일었다.",
                "sentenceSize": 51
            },
            {
                "sentenceNo": 3,
                "sentenceContent": "자신을 국제학교 동창이라고 밝힌 A씨는 “재시·재아가 친구를 따돌림 시켜 강제전학을 당했다”며 “친구에게 강제로 잡초를 먹이고 화장실에서 사진을 찍는 등 피해자에게 평생 잊지 못할 트라우마를 만들었다”고 주장했다.",
                "sentenceSize": 119
            },
            {
                "sentenceNo": 4,
                "sentenceContent": "A씨는 “이런 애들이 지금 이렇게 좋은 인식을 받으며 살고 있다는 것이 믿어지지 않는다”며 “이 댓글 삭제하지 마시고 평생 반성하고 사셨으면 좋겠다”고 적었다.",
                "sentenceSize": 89
            },
            {
                "sentenceNo": 5,
                "sentenceContent": "이재시·재아양은 학폭 의혹을 전면 부인했다.",
                "sentenceSize": 24
            },
            {
                "sentenceNo": 6,
                "sentenceContent": "이재아양은 이날 인스타그램에 “저와 재시는 해당 국제학교에 다닌 적도 없고 다른 학교에서 강제전학을 당한 적도 없다”며 “모두 허위사실로 저희에게도 이런 억울한 일이 생길 줄은 몰랐다”고 했다.",
                "sentenceSize": 108
            },
            {
                "sentenceNo": 7,
                "sentenceContent": "이동국의 아내 이수진도 반박글을 올렸다.",
                "sentenceSize": 22
            },
            {
                "sentenceNo": 8,
                "sentenceContent": "이수진은 A씨의 댓글에 “해명가치도 없는 댓글이지만 당신의 글 보시고 걱정해주시는 분들이 있어 답글을 남긴다”며 “재시·재아는 그 어떤 친구와 뉴스에서나 나올법한 일들을 경험한 적이 없다”고 부인했다.",
                "sentenceSize": 112
            },
            {
                "sentenceNo": 9,
                "sentenceContent": "그러면서 “어린 학생이 재미로 이러는 것 같은데 당장 사과하고 다시는 어디에서도 이런 댓글로 장난하지 말아달라”며 “경찰서 갈 수도 있다”고 경고했다.",
                "sentenceSize": 84
            }
        ]
    },
    "labeledDataInfo": {
        "processSentenceInfo": [
            {
                "sentenceNo": 1,
                "sentenceContent": "이동국 딸 재시·제아가 학폭을 자행했다는 주장이 나왔고 이들은 전면 부인했다.",
                "subjectConsistencyYn": "Y"
            },
            {
                "sentenceNo": 2,
                "sentenceContent": "이재아양이 운영하는 유튜브 채널 영상에는 자매의 학폭을 주장하는 댓글이 달려 논란이 일었다.",
                "subjectConsistencyYn": "Y"
            },
            {
                "sentenceNo": 3,
                "sentenceContent": "자신을 국제학교 동창이라고 밝힌 A씨는 “재시·재아가 친구를 따돌림 시켜 강제전학을 당했다”며 “친구에게 강제로 잡초를 먹이고 화장실에서 사진을 찍는 등 피해자에게 평생 잊지 못할 트라우마를 만들었다”고 주장했다.",
                "subjectConsistencyYn": "Y"
            },
            {
                "sentenceNo": 4,
                "sentenceContent": "A씨는 “이런 애들이 지금 이렇게 좋은 인식을 받으며 살고 있다는 것이 믿어지지 않는다”며 “이 댓글 삭제하지 마시고 평생 반성하고 사셨으면 좋겠다”고 적었다.",
                "subjectConsistencyYn": "Y"
            },
            {
                "sentenceNo": 5,
                "sentenceContent": "이재시·재아양은 학폭 의혹을 전면 부인했다.",
                "subjectConsistencyYn": "Y"
            },
            {
                "sentenceNo": 6,
                "sentenceContent": "이재아양은 이날 인스타그램에 “저와 재시는 해당 국제학교에 다닌 적도 없고 다른 학교에서 강제전학을 당한 적도 없다”며 “모두 허위사실로 저희에게도 이런 억울한 일이 생길 줄은 몰랐다”고 했다.",
                "subjectConsistencyYn": "Y"
            },
            {
                "sentenceNo": 7,
                "sentenceContent": "이동국의 아내 이수진도 반박글을 올렸다.",
                "subjectConsistencyYn": "Y"
            },
            {
                "sentenceNo": 8,
                "sentenceContent": "이수진은 A씨의 댓글에 “해명가치도 없는 댓글이지만 당신의 글 보시고 걱정해주시는 분들이 있어 답글을 남긴다”며 “재시·재아는 그 어떤 친구와 뉴스에서나 나올법한 일들을 경험한 적이 없다”고 부인했다.",
                "subjectConsistencyYn": "Y"
            },
            {
                "sentenceNo": 9,
                "sentenceContent": "그러면서 “어린 학생이 재미로 이러는 것 같은데 당장 사과하고 다시는 어디에서도 이런 댓글로 장난하지 말아달라”며 “경찰서 갈 수도 있다”고 경고했다.",
                "subjectConsistencyYn": "Y"
            },
            {
                "sentenceNo": 10,
                "sentenceContent": "이동국의 딸 재시·이재가 학폭을 자행했다는 주장에 이동국의 아내 이수진이 반박한 가운데, 이동국의 자녀들이 2022 카타르 월드컵에 출전한 국가대표 선수들을 만난 것을 두고 '아빠 찬스'라는 말이 나오고 있다.",
                "subjectConsistencyYn": "N"
            },
            {
                "sentenceNo": 11,
                "sentenceContent": "이동국은 최근 인스타그램에 자녀들이 손흥민, 조규성과 찍은 사진을 공개했는데, 이를 두고 일부 누리꾼들은 이동국 자녀들이 '아빠 찬스'로 선수들을 찾아간 행동이 불편하다고 지적했다.",
                "subjectConsistencyYn": "N"
            }
        ],
        "clickbaitClass": 0
    }
}