{
    "sourceDataInfo": {
        "newsID": "ET_M13_629372",
        "newsCategory": "연예",
        "newsSubcategory": "방송",
        "newsTitle": "‘출장 십오야’ 나영석PD, 박원장과 티격태격",
        "newsSubTitle": "",
        "newsContent": "‘출장 십오야’ 나영석PD, 박원장과 티격태격 ‘출장 십오야2’가 티빙 오리지널 ‘내과 박원장’ 팀을 찾아간다. 26일 방송되는 tvN 예능 프로그램 ‘출장 십오야2’에서는 ‘내과 박원장’ 팀과의 폭소만발 게임대전이 펼쳐진다. ‘내과 박원장’ 출연진 이서진, 라미란, 차청화, 신은정, 김광규, 정형석, 서범준이 20년차 베테랑 게임 전문가 나영석PD와 알짜 상품을 걸고 긴장감 넘치는 게임 대결에 나선다.\n이날 ‘내과 박원장’ 팀은 서로 치열한 경쟁을 예고했다.\nOST를 듣고 영화를 맞히는 퀴즈게임에서는 이서진 팀과 라미란 팀으로 나뉘어 도전을 한다.\n타칭 옛날 영화 전문가 이서진의 활약이 서두를 여는 가운데, 몰아주기 한판까지 부르짖게 만든 게임의 결말은 무엇일지 기대가 모아진다.\n그중 여러 예능 프로그램을 함께 만든 나 PD와 이서진의 절친 케미스트리가 시선을 끈다.\n두 사람은 시작부터 티격태격하는 모습으로 웃음을 부르더니 게임 내내 거침없이 티키타카를 이어가며 폭소를 자아낸다.\n나 PD는 이서진에게 역대급 난이도의 옛날 영화 퀴즈 단독 미션을 제안해 기대를 높인다.\n과연 이서진이 특급 고난이도 장벽을 넘어 상품을 확보할 수 있을지 관심이 쏠린다.\n배우들의 탁월한 예능감과 끈끈한 케미스트리도 관전 포인트다.\n이서진은 “상품 말고 사람을 반납하는 게 어떠냐”며 역제안을 해 폭소를 유발한다.\n라미란은 정답 세레모니로 분위기를 띄우고, 일명 돌고래 텐션의 소유자 차청화는 시종일관 밝은 톤으로 현장에 활력을 불어넣는다고. 뜻밖의 개그감을 보여주는 신은정부터 김광규, 정형석, 서범준 등 모두 특색 있는 캐릭터로 시청자에게 웃음을 선사할 예정이다.\n방송은 이날 오후 10시 40분 부터 30분 특별 편성된다.\n이후 내년 1월 7일 2화부터는 매주 금요일밤 10시 30분에 5분간 시청자를 찾아단다. 방송 이후 유튜브 ‘채널 십오야’를 통해 풀버전이 공개된다.",
        "partNum": "P2",
        "useType": 0,
        "processType": "D",
        "processPattern": "24",
        "processLevel": "상",
        "sentenceCount": 13,
        "processSentencenum": 2,
        "sentenceInfo": [
            {
                "sentenceNo": 1,
                "sentenceContent": "‘출장 십오야’ 나영석PD, 박원장과 티격태격 ‘출장 십오야2’가 티빙 오리지널 ‘내과 박원장’ 팀을 찾아간다. 26일 방송되는 tvN 예능 프로그램 ‘출장 십오야2’에서는 ‘내과 박원장’ 팀과의 폭소만발 게임대전이 펼쳐진다. ‘내과 박원장’ 출연진 이서진, 라미란, 차청화, 신은정, 김광규, 정형석, 서범준이 20년차 베테랑 게임 전문가 나영석PD와 알짜 상품을 걸고 긴장감 넘치는 게임 대결에 나선다.",
                "sentenceSize": 227
            },
            {
                "sentenceNo": 2,
                "sentenceContent": "이날 ‘내과 박원장’ 팀은 서로 치열한 경쟁을 예고했다.",
                "sentenceSize": 31
            },
            {
                "sentenceNo": 3,
                "sentenceContent": "OST를 듣고 영화를 맞히는 퀴즈게임에서는 이서진 팀과 라미란 팀으로 나뉘어 도전을 한다.",
                "sentenceSize": 50
            },
            {
                "sentenceNo": 4,
                "sentenceContent": "타칭 옛날 영화 전문가 이서진의 활약이 서두를 여는 가운데, 몰아주기 한판까지 부르짖게 만든 게임의 결말은 무엇일지 기대가 모아진다.",
                "sentenceSize": 74
            },
            {
                "sentenceNo": 5,
                "sentenceContent": "그중 여러 예능 프로그램을 함께 만든 나 PD와 이서진의 절친 케미스트리가 시선을 끈다.",
                "sentenceSize": 49
            },
            {
                "sentenceNo": 6,
                "sentenceContent": "두 사람은 시작부터 티격태격하는 모습으로 웃음을 부르더니 게임 내내 거침없이 티키타카를 이어가며 폭소를 자아낸다.",
                "sentenceSize": 63
            },
            {
                "sentenceNo": 7,
                "sentenceContent": "나 PD는 이서진에게 역대급 난이도의 옛날 영화 퀴즈 단독 미션을 제안해 기대를 높인다.",
                "sentenceSize": 49
            },
            {
                "sentenceNo": 8,
                "sentenceContent": "과연 이서진이 특급 고난이도 장벽을 넘어 상품을 확보할 수 있을지 관심이 쏠린다.",
                "sentenceSize": 45
            },
            {
                "sentenceNo": 9,
                "sentenceContent": "배우들의 탁월한 예능감과 끈끈한 케미스트리도 관전 포인트다.",
                "sentenceSize": 33
            },
            {
                "sentenceNo": 10,
                "sentenceContent": "이서진은 “상품 말고 사람을 반납하는 게 어떠냐”며 역제안을 해 폭소를 유발한다.",
                "sentenceSize": 45
            },
            {
                "sentenceNo": 11,
                "sentenceContent": "라미란은 정답 세레모니로 분위기를 띄우고, 일명 돌고래 텐션의 소유자 차청화는 시종일관 밝은 톤으로 현장에 활력을 불어넣는다고. 뜻밖의 개그감을 보여주는 신은정부터 김광규, 정형석, 서범준 등 모두 특색 있는 캐릭터로 시청자에게 웃음을 선사할 예정이다.",
                "sentenceSize": 141
            },
            {
                "sentenceNo": 12,
                "sentenceContent": "방송은 이날 오후 10시 40분 부터 30분 특별 편성된다.",
                "sentenceSize": 33
            },
            {
                "sentenceNo": 13,
                "sentenceContent": "이후 내년 1월 7일 2화부터는 매주 금요일밤 10시 30분에 5분간 시청자를 찾아단다. 방송 이후 유튜브 ‘채널 십오야’를 통해 풀버전이 공개된다.",
                "sentenceSize": 83
            }
        ]
    },
    "labeledDataInfo": {
        "processSentenceInfo": [
            {
                "sentenceNo": 1,
                "sentenceContent": "‘출장 십오야’ 나영석PD, 박원장과 티격태격 ‘출장 십오야2’가 티빙 오리지널 ‘내과 박원장’ 팀을 찾아간다. 26일 방송되는 tvN 예능 프로그램 ‘출장 십오야2’에서는 ‘내과 박원장’ 팀과의 폭소만발 게임대전이 펼쳐진다. ‘내과 박원장’ 출연진 이서진, 라미란, 차청화, 신은정, 김광규, 정형석, 서범준이 20년차 베테랑 게임 전문가 나영석PD와 알짜 상품을 걸고 긴장감 넘치는 게임 대결에 나선다.",
                "subjectConsistencyYn": "Y"
            },
            {
                "sentenceNo": 2,
                "sentenceContent": "이날 ‘내과 박원장’ 팀은 서로 치열한 경쟁을 예고했다.",
                "subjectConsistencyYn": "Y"
            },
            {
                "sentenceNo": 3,
                "sentenceContent": "OST를 듣고 영화를 맞히는 퀴즈게임에서는 이서진 팀과 라미란 팀으로 나뉘어 도전을 한다.",
                "subjectConsistencyYn": "Y"
            },
            {
                "sentenceNo": 4,
                "sentenceContent": "타칭 옛날 영화 전문가 이서진의 활약이 서두를 여는 가운데, 몰아주기 한판까지 부르짖게 만든 게임의 결말은 무엇일지 기대가 모아진다.",
                "subjectConsistencyYn": "Y"
            },
            {
                "sentenceNo": 5,
                "sentenceContent": "그중 여러 예능 프로그램을 함께 만든 나 PD와 이서진의 절친 케미스트리가 시선을 끈다.",
                "subjectConsistencyYn": "Y"
            },
            {
                "sentenceNo": 6,
                "sentenceContent": "두 사람은 시작부터 티격태격하는 모습으로 웃음을 부르더니 게임 내내 거침없이 티키타카를 이어가며 폭소를 자아낸다.",
                "subjectConsistencyYn": "Y"
            },
            {
                "sentenceNo": 7,
                "sentenceContent": "나 PD는 이서진에게 역대급 난이도의 옛날 영화 퀴즈 단독 미션을 제안해 기대를 높인다.",
                "subjectConsistencyYn": "Y"
            },
            {
                "sentenceNo": 8,
                "sentenceContent": "과연 이서진이 특급 고난이도 장벽을 넘어 상품을 확보할 수 있을지 관심이 쏠린다.",
                "subjectConsistencyYn": "Y"
            },
            {
                "sentenceNo": 9,
                "sentenceContent": "배우들의 탁월한 예능감과 끈끈한 케미스트리도 관전 포인트다.",
                "subjectConsistencyYn": "Y"
            },
            {
                "sentenceNo": 10,
                "sentenceContent": "이서진은 “상품 말고 사람을 반납하는 게 어떠냐”며 역제안을 해 폭소를 유발한다.",
                "subjectConsistencyYn": "Y"
            },
            {
                "sentenceNo": 11,
                "sentenceContent": "라미란은 정답 세레모니로 분위기를 띄우고, 일명 돌고래 텐션의 소유자 차청화는 시종일관 밝은 톤으로 현장에 활력을 불어넣는다고. 뜻밖의 개그감을 보여주는 신은정부터 김광규, 정형석, 서범준 등 모두 특색 있는 캐릭터로 시청자에게 웃음을 선사할 예정이다.",
                "subjectConsistencyYn": "Y"
            },
            {
                "sentenceNo": 12,
                "sentenceContent": "방송은 이날 오후 10시 40분 부터 30분 특별 편성된다.",
                "subjectConsistencyYn": "Y"
            },
            {
                "sentenceNo": 13,
                "sentenceContent": "이후 내년 1월 7일 2화부터는 매주 금요일밤 10시 30분에 5분간 시청자를 찾아단다. 방송 이후 유튜브 ‘채널 십오야’를 통해 풀버전이 공개된다.",
                "subjectConsistencyYn": "Y"
            },
            {
                "sentenceNo": 14,
                "sentenceContent": "한편, 이서진, 라미란이 출여중인 티빙 오리지널 드라마 '내과 박원장'팀을 찾아간 출장 십오야의 나영석PD에 대해 김태호 PD는 지난 16일 유튜브 채널에서 '김태호 PD에게 나영석 PD란...?'이라는 질문에 재치있게 답을 했다.",
                "subjectConsistencyYn": "N"
            },
            {
                "sentenceNo": 15,
                "sentenceContent": "영상에 등장한 김태호 PD는 \"국민 PD란?\"이라는 키워드 질문에 그는 \"나영석 PD?\"라고 답했는데 \"나영석 PD란?\"이라는 이어진 질문에는 \"국민 PD?\"라고 말해 웃음을 자아냈다.",
                "subjectConsistencyYn": "N"
            }
        ],
        "clickbaitClass": 0
    }
}