{
    "sourceDataInfo": {
        "newsID": "ET_M13_629382",
        "newsCategory": "연예",
        "newsSubcategory": "방송",
        "newsTitle": "‘맘마미안’ 승우아빠, 김수미 진수성찬에 백기 든다",
        "newsSubTitle": "",
        "newsContent": "집밥 대모 김수미가 ‘맘마미안’에 출격한다.\n오는 28일(화) 방송되는 MBC에브리원 ‘맘마미안’에는 자타공인 엄마 손맛의 대가 배우 김수미와 든든한 아들 정명호가 출연한다. 1982년 첫 요리프로그램을 시작한 이후 40년 간 수많은 레시피를 전수했던 김수미가 오로지 아들 정명호만을 위해 준비한 밥상은 무엇이었을지 많은 이들의 기대가 쏠리고 있다.\n이날 김수미는 본격 대결 시작 전부터 남다른 입담으로 존재감을 드러낸다.\n손맛 대결 각오를 묻는 질문에 김수미는 “예능 오랜만에 한다. (셰프) 세 분 죽이러 왔다. 다 죽었다”라며 섬뜩한 각오를 다져 큰 웃음을 안긴다.\n김수미의 살벌한 각오에 걸맞은 진수성찬 맘마타임도 이어질 예정이다.\n대부분 한 가지 음식으로 진행됐던 그 동안의 식전 맘마타임과는 다르게 이날 방송에서는 김수미 표 역대급 밥상이 차려진 다.\n끊임없는 음식 퍼레이드와 그 맛에 모두의 눈이 휘둥그레진다.\n언제나 자신감 넘쳤던 ‘맘마미안’ 특급 셰프들 역시 김수미의 엄청난 ‘맘마타임’에 전투 의지를 상실한다.\n스타 요리 유튜버 승우아빠(목진화 셰프)는 이날 본격 대결을 앞두고 “끝났다. 저희가 졌다”라며 방송 최초로 기권을 선언한다.\n과연 셰프들의 기를 죽게 만든 김수미 표 ‘진수 성찬’과 그 맛은 어땠을지 궁금증이 증폭된다.\n집밥 대모 김수미의 손에서 만들어진 역대급 밥상과 어디에서도 볼 수 없는 요리 꿀팁들은 12월 28일 화요일 저녁 8시 30분 방송되는 MBC에브리원 ‘맘마미안’에서 공개된다.",
        "partNum": "P2",
        "useType": 0,
        "processType": "D",
        "processPattern": "24",
        "processLevel": "상",
        "sentenceCount": 11,
        "processSentencenum": 2,
        "sentenceInfo": [
            {
                "sentenceNo": 1,
                "sentenceContent": "집밥 대모 김수미가 ‘맘마미안’에 출격한다.",
                "sentenceSize": 24
            },
            {
                "sentenceNo": 2,
                "sentenceContent": "오는 28일(화) 방송되는 MBC에브리원 ‘맘마미안’에는 자타공인 엄마 손맛의 대가 배우 김수미와 든든한 아들 정명호가 출연한다. 1982년 첫 요리프로그램을 시작한 이후 40년 간 수많은 레시피를 전수했던 김수미가 오로지 아들 정명호만을 위해 준비한 밥상은 무엇이었을지 많은 이들의 기대가 쏠리고 있다.",
                "sentenceSize": 170
            },
            {
                "sentenceNo": 3,
                "sentenceContent": "이날 김수미는 본격 대결 시작 전부터 남다른 입담으로 존재감을 드러낸다.",
                "sentenceSize": 40
            },
            {
                "sentenceNo": 4,
                "sentenceContent": "손맛 대결 각오를 묻는 질문에 김수미는 “예능 오랜만에 한다. (셰프) 세 분 죽이러 왔다. 다 죽었다”라며 섬뜩한 각오를 다져 큰 웃음을 안긴다.",
                "sentenceSize": 82
            },
            {
                "sentenceNo": 5,
                "sentenceContent": "김수미의 살벌한 각오에 걸맞은 진수성찬 맘마타임도 이어질 예정이다.",
                "sentenceSize": 37
            },
            {
                "sentenceNo": 6,
                "sentenceContent": "대부분 한 가지 음식으로 진행됐던 그 동안의 식전 맘마타임과는 다르게 이날 방송에서는 김수미 표 역대급 밥상이 차려진 다.",
                "sentenceSize": 68
            },
            {
                "sentenceNo": 7,
                "sentenceContent": "끊임없는 음식 퍼레이드와 그 맛에 모두의 눈이 휘둥그레진다.",
                "sentenceSize": 33
            },
            {
                "sentenceNo": 8,
                "sentenceContent": "언제나 자신감 넘쳤던 ‘맘마미안’ 특급 셰프들 역시 김수미의 엄청난 ‘맘마타임’에 전투 의지를 상실한다.",
                "sentenceSize": 58
            },
            {
                "sentenceNo": 9,
                "sentenceContent": "스타 요리 유튜버 승우아빠(목진화 셰프)는 이날 본격 대결을 앞두고 “끝났다. 저희가 졌다”라며 방송 최초로 기권을 선언한다.",
                "sentenceSize": 70
            },
            {
                "sentenceNo": 10,
                "sentenceContent": "과연 셰프들의 기를 죽게 만든 김수미 표 ‘진수 성찬’과 그 맛은 어땠을지 궁금증이 증폭된다.",
                "sentenceSize": 52
            },
            {
                "sentenceNo": 11,
                "sentenceContent": "집밥 대모 김수미의 손에서 만들어진 역대급 밥상과 어디에서도 볼 수 없는 요리 꿀팁들은 12월 28일 화요일 저녁 8시 30분 방송되는 MBC에브리원 ‘맘마미안’에서 공개된다.",
                "sentenceSize": 98
            }
        ]
    },
    "labeledDataInfo": {
        "processSentenceInfo": [
            {
                "sentenceNo": 1,
                "sentenceContent": "집밥 대모 김수미가 ‘맘마미안’에 출격한다.",
                "subjectConsistencyYn": "Y"
            },
            {
                "sentenceNo": 2,
                "sentenceContent": "오는 28일(화) 방송되는 MBC에브리원 ‘맘마미안’에는 자타공인 엄마 손맛의 대가 배우 김수미와 든든한 아들 정명호가 출연한다. 1982년 첫 요리프로그램을 시작한 이후 40년 간 수많은 레시피를 전수했던 김수미가 오로지 아들 정명호만을 위해 준비한 밥상은 무엇이었을지 많은 이들의 기대가 쏠리고 있다.",
                "subjectConsistencyYn": "Y"
            },
            {
                "sentenceNo": 3,
                "sentenceContent": "이날 김수미는 본격 대결 시작 전부터 남다른 입담으로 존재감을 드러낸다.",
                "subjectConsistencyYn": "Y"
            },
            {
                "sentenceNo": 4,
                "sentenceContent": "손맛 대결 각오를 묻는 질문에 김수미는 “예능 오랜만에 한다. (셰프) 세 분 죽이러 왔다. 다 죽었다”라며 섬뜩한 각오를 다져 큰 웃음을 안긴다.",
                "subjectConsistencyYn": "Y"
            },
            {
                "sentenceNo": 5,
                "sentenceContent": "김수미의 살벌한 각오에 걸맞은 진수성찬 맘마타임도 이어질 예정이다.",
                "subjectConsistencyYn": "Y"
            },
            {
                "sentenceNo": 6,
                "sentenceContent": "대부분 한 가지 음식으로 진행됐던 그 동안의 식전 맘마타임과는 다르게 이날 방송에서는 김수미 표 역대급 밥상이 차려진 다.",
                "subjectConsistencyYn": "Y"
            },
            {
                "sentenceNo": 7,
                "sentenceContent": "끊임없는 음식 퍼레이드와 그 맛에 모두의 눈이 휘둥그레진다.",
                "subjectConsistencyYn": "Y"
            },
            {
                "sentenceNo": 8,
                "sentenceContent": "언제나 자신감 넘쳤던 ‘맘마미안’ 특급 셰프들 역시 김수미의 엄청난 ‘맘마타임’에 전투 의지를 상실한다.",
                "subjectConsistencyYn": "Y"
            },
            {
                "sentenceNo": 9,
                "sentenceContent": "스타 요리 유튜버 승우아빠(목진화 셰프)는 이날 본격 대결을 앞두고 “끝났다. 저희가 졌다”라며 방송 최초로 기권을 선언한다.",
                "subjectConsistencyYn": "Y"
            },
            {
                "sentenceNo": 10,
                "sentenceContent": "과연 셰프들의 기를 죽게 만든 김수미 표 ‘진수 성찬’과 그 맛은 어땠을지 궁금증이 증폭된다.",
                "subjectConsistencyYn": "Y"
            },
            {
                "sentenceNo": 11,
                "sentenceContent": "집밥 대모 김수미의 손에서 만들어진 역대급 밥상과 어디에서도 볼 수 없는 요리 꿀팁들은 12월 28일 화요일 저녁 8시 30분 방송되는 MBC에브리원 ‘맘마미안’에서 공개된다.",
                "subjectConsistencyYn": "Y"
            },
            {
                "sentenceNo": 12,
                "sentenceContent": "'맘마미안'에 배우 김수미와 그녀의 친아들 정명호가 출연하여 쉐프들과 대결을 펼치는 가운데, 배우 김수미를 시어머니로 둔 배우 서효림이 남편 정명호의 내조에 감동한 근황을 SNS로 전해왔다.",
                "subjectConsistencyYn": "N"
            },
            {
                "sentenceNo": 13,
                "sentenceContent": "공개된 사진에는 서효림이 남편 정명호로부터 외조를 받은 모습으로, 남편이 직접 끓인 닭백숙을 인증해서 팬들의 좋은 호응을 받았다.",
                "subjectConsistencyYn": "N"
            }
        ],
        "clickbaitClass": 0
    }
}