{
    "sourceDataInfo": {
        "newsID": "ET_M13_629386",
        "newsCategory": "연예",
        "newsSubcategory": "방송",
        "newsTitle": "[전문] ‘너의 밤이 되어줄게’ 제작사, 미방송분 송출 사고 사과",
        "newsSubTitle": "",
        "newsContent": "SBS 드라마 ‘너의 밤이 되어줄게’ 제작사 측이 송출사고에 대해 사과했다. ‘너의 밤이 되어줄게’는 지난 26일 크리스마스 특별 편성으로 8회를 결방했다.\n하지만 스포츠서울 엔터TV에서는 지상파 채널 본 방송에 앞서 ‘너의 밤이 되어줄게’ 8회 방송분 일부가 27일 송출되는 일이 발생했다.\n제작사 빅오션이엔엠, 슈퍼문픽쳐스는 “이런 일이 다시 일어나지 않도록 더욱 철저한 주의를 기울일 것”이라고 사과했다.\n다음은 사과문 전문 안녕하세요.\nSBS 일요드라마 ‘너의 밤이 되어줄게’ 제작사 빅오션이엔엠, 슈퍼문픽쳐스입니다. ‘너의 밤이 되어줄게’는 지난 26일 크리스마스 특별 편성으로 8회를 결방했습니다.\n제작사는 해당 내용을 작품을 2차 방영하는 케이블 채널측에게 전달했으나, 스포츠서울 엔터TV의 착오로 미공개된 ‘너의 밤이 되어줄게’ 8회 방송분 일부가 27일 월요일 오후 송출되는 사고가 있었습니다.\n빅오션이엔엠, 슈퍼문픽쳐스는 이 사실을 인지한 직후 곧바로 송출 중단을 요청했습니다.\n오는 2022년 1월 2일로 예정된 8회분 본 방송은 SBS에서 정상적으로 진행할 계획입니다. ‘너의 밤이 되어줄게’를 기다리고 계신 모든 분들께 진심으로 사과의 말씀을 드립니다.\n아울러 추후 이런 일이 다시 일어나지 않도록 더욱 철저한 주의를 기울일 것을 약속드립니다.",
        "partNum": "P2",
        "useType": 0,
        "processType": "D",
        "processPattern": "24",
        "processLevel": "상",
        "sentenceCount": 9,
        "processSentencenum": 2,
        "sentenceInfo": [
            {
                "sentenceNo": 1,
                "sentenceContent": "SBS 드라마 ‘너의 밤이 되어줄게’ 제작사 측이 송출사고에 대해 사과했다. ‘너의 밤이 되어줄게’는 지난 26일 크리스마스 특별 편성으로 8회를 결방했다.",
                "sentenceSize": 87
            },
            {
                "sentenceNo": 2,
                "sentenceContent": "하지만 스포츠서울 엔터TV에서는 지상파 채널 본 방송에 앞서 ‘너의 밤이 되어줄게’ 8회 방송분 일부가 27일 송출되는 일이 발생했다.",
                "sentenceSize": 75
            },
            {
                "sentenceNo": 3,
                "sentenceContent": "제작사 빅오션이엔엠, 슈퍼문픽쳐스는 “이런 일이 다시 일어나지 않도록 더욱 철저한 주의를 기울일 것”이라고 사과했다.",
                "sentenceSize": 65
            },
            {
                "sentenceNo": 4,
                "sentenceContent": "다음은 사과문 전문 안녕하세요.",
                "sentenceSize": 17
            },
            {
                "sentenceNo": 5,
                "sentenceContent": "SBS 일요드라마 ‘너의 밤이 되어줄게’ 제작사 빅오션이엔엠, 슈퍼문픽쳐스입니다. ‘너의 밤이 되어줄게’는 지난 26일 크리스마스 특별 편성으로 8회를 결방했습니다.",
                "sentenceSize": 92
            },
            {
                "sentenceNo": 6,
                "sentenceContent": "제작사는 해당 내용을 작품을 2차 방영하는 케이블 채널측에게 전달했으나, 스포츠서울 엔터TV의 착오로 미공개된 ‘너의 밤이 되어줄게’ 8회 방송분 일부가 27일 월요일 오후 송출되는 사고가 있었습니다.",
                "sentenceSize": 112
            },
            {
                "sentenceNo": 7,
                "sentenceContent": "빅오션이엔엠, 슈퍼문픽쳐스는 이 사실을 인지한 직후 곧바로 송출 중단을 요청했습니다.",
                "sentenceSize": 47
            },
            {
                "sentenceNo": 8,
                "sentenceContent": "오는 2022년 1월 2일로 예정된 8회분 본 방송은 SBS에서 정상적으로 진행할 계획입니다. ‘너의 밤이 되어줄게’를 기다리고 계신 모든 분들께 진심으로 사과의 말씀을 드립니다.",
                "sentenceSize": 100
            },
            {
                "sentenceNo": 9,
                "sentenceContent": "아울러 추후 이런 일이 다시 일어나지 않도록 더욱 철저한 주의를 기울일 것을 약속드립니다.",
                "sentenceSize": 50
            }
        ]
    },
    "labeledDataInfo": {
        "processSentenceInfo": [
            {
                "sentenceNo": 1,
                "sentenceContent": "SBS 드라마 ‘너의 밤이 되어줄게’ 제작사 측이 송출사고에 대해 사과했다. ‘너의 밤이 되어줄게’는 지난 26일 크리스마스 특별 편성으로 8회를 결방했다.",
                "subjectConsistencyYn": "Y"
            },
            {
                "sentenceNo": 2,
                "sentenceContent": "하지만 스포츠서울 엔터TV에서는 지상파 채널 본 방송에 앞서 ‘너의 밤이 되어줄게’ 8회 방송분 일부가 27일 송출되는 일이 발생했다.",
                "subjectConsistencyYn": "Y"
            },
            {
                "sentenceNo": 3,
                "sentenceContent": "제작사 빅오션이엔엠, 슈퍼문픽쳐스는 “이런 일이 다시 일어나지 않도록 더욱 철저한 주의를 기울일 것”이라고 사과했다.",
                "subjectConsistencyYn": "Y"
            },
            {
                "sentenceNo": 4,
                "sentenceContent": "다음은 사과문 전문 안녕하세요.",
                "subjectConsistencyYn": "Y"
            },
            {
                "sentenceNo": 5,
                "sentenceContent": "SBS 일요드라마 ‘너의 밤이 되어줄게’ 제작사 빅오션이엔엠, 슈퍼문픽쳐스입니다. ‘너의 밤이 되어줄게’는 지난 26일 크리스마스 특별 편성으로 8회를 결방했습니다.",
                "subjectConsistencyYn": "Y"
            },
            {
                "sentenceNo": 6,
                "sentenceContent": "제작사는 해당 내용을 작품을 2차 방영하는 케이블 채널측에게 전달했으나, 스포츠서울 엔터TV의 착오로 미공개된 ‘너의 밤이 되어줄게’ 8회 방송분 일부가 27일 월요일 오후 송출되는 사고가 있었습니다.",
                "subjectConsistencyYn": "Y"
            },
            {
                "sentenceNo": 7,
                "sentenceContent": "빅오션이엔엠, 슈퍼문픽쳐스는 이 사실을 인지한 직후 곧바로 송출 중단을 요청했습니다.",
                "subjectConsistencyYn": "Y"
            },
            {
                "sentenceNo": 8,
                "sentenceContent": "오는 2022년 1월 2일로 예정된 8회분 본 방송은 SBS에서 정상적으로 진행할 계획입니다. ‘너의 밤이 되어줄게’를 기다리고 계신 모든 분들께 진심으로 사과의 말씀을 드립니다.",
                "subjectConsistencyYn": "Y"
            },
            {
                "sentenceNo": 9,
                "sentenceContent": "아울러 추후 이런 일이 다시 일어나지 않도록 더욱 철저한 주의를 기울일 것을 약속드립니다.",
                "subjectConsistencyYn": "Y"
            },
            {
                "sentenceNo": 10,
                "sentenceContent": "드라마 ‘너의 밤이 되어줄게’의 미방송분 송출 사고가 발생한 가운데, 수퍼문픽처스 유홍규 대표는 과거의 한 인터뷰에서 슈퍼문픽쳐스를 설립하게 된 배경을 설명했다.",
                "subjectConsistencyYn": "N"
            },
            {
                "sentenceNo": 11,
                "sentenceContent": "“로고스필름의 대표인 이장수 감독님 밑에서 많이 배웠는데 시대가 바뀌면서 새로운 시스템으로 가야겠다는 생각이 들어 독립하게 됐다”라며 슈퍼문픽쳐스를 설립하게 된 배경을 설명했다.",
                "subjectConsistencyYn": "N"
            }
        ],
        "clickbaitClass": 0
    }
}