{
    "sourceDataInfo": {
        "newsID": "ET_M13_629611",
        "newsCategory": "연예",
        "newsSubcategory": "방송",
        "newsTitle": "‘고스트 닥터’ 김재용, 안정적인 연기력으로 눈도장",
        "newsSubTitle": "",
        "newsContent": "배우 김재용이 드라마 ‘고스트 닥터’에서 이선호 역을 맡아 현실감 있는 레지던트 의사를 연기하며 시청자들의 시선을 사로잡았다.\n이선호는 흉부외과의 앨리트 레지던트로 윗사람 말에는 충실하고 아랫사람을 누를 땐 확실하게 누르는 냉정한 듯 보이지만 직장인이라면 누구나 공감이 가능한 캐릭터이다.\n10일 방송된 ‘고스트 닥터’ 3회에서 코마 상태에 빠진 차영민 (정지훈 분)이 자발호흡을 한다는 정간호사의 호출에 흉부외과 의사들이 부리나케 차영민의 병실에 모였다.\n이선호는 “호흡 횟수 세팅을 12회로 했는데 현재 20회 체크되고 있습니다. 셀프가 살아나고 있는 것 같습니다”라고 말하자 차영민이 빙의된 고승탁(김범 분)이 “빨리 신경과 수술 시작하라”라고 소리치며 인턴이 주치의 마냥 소리를 지르는 것에 의아함과 짜증을 담은 흘깃하는 표정으로 리얼한 연기를 보여줬다.\n그렇게 호전되나 싶었던 차영민의 갑작스런 전원 소식에 이선호는 “이상하다 최교수님을 왜 벌써 보내지 며칠이나 됐다고”라며 의아해했다.\n이어 행정 부원장의 지시라는 것을 듣고 자신은 아무것도 할 수 없다는 걸 인지한 이선호는 한숨 가득한 표정으로 “나는 못 보겠다 나중에 문병이나 갈란다”라며 담겨 보는 이들에게 안타까움을 전했다.\n이렇듯 김재용은 훈훈한 비주얼과 안정적인 연기력으로 이선호 캐릭터를 생생하게 살려 극의 몰입도를 높이고 있다.\n한층 더 업그레이드된 연기로 새로운 매력을 펼치고 있는 그의 행보에 귀추가 주목된다.",
        "partNum": "P2",
        "useType": 0,
        "processType": "D",
        "processPattern": "24",
        "processLevel": "상",
        "sentenceCount": 8,
        "processSentencenum": 2,
        "sentenceInfo": [
            {
                "sentenceNo": 1,
                "sentenceContent": "배우 김재용이 드라마 ‘고스트 닥터’에서 이선호 역을 맡아 현실감 있는 레지던트 의사를 연기하며 시청자들의 시선을 사로잡았다.",
                "sentenceSize": 70
            },
            {
                "sentenceNo": 2,
                "sentenceContent": "이선호는 흉부외과의 앨리트 레지던트로 윗사람 말에는 충실하고 아랫사람을 누를 땐 확실하게 누르는 냉정한 듯 보이지만 직장인이라면 누구나 공감이 가능한 캐릭터이다.",
                "sentenceSize": 90
            },
            {
                "sentenceNo": 3,
                "sentenceContent": "10일 방송된 ‘고스트 닥터’ 3회에서 코마 상태에 빠진 차영민 (정지훈 분)이 자발호흡을 한다는 정간호사의 호출에 흉부외과 의사들이 부리나케 차영민의 병실에 모였다.",
                "sentenceSize": 93
            },
            {
                "sentenceNo": 4,
                "sentenceContent": "이선호는 “호흡 횟수 세팅을 12회로 했는데 현재 20회 체크되고 있습니다. 셀프가 살아나고 있는 것 같습니다”라고 말하자 차영민이 빙의된 고승탁(김범 분)이 “빨리 신경과 수술 시작하라”라고 소리치며 인턴이 주치의 마냥 소리를 지르는 것에 의아함과 짜증을 담은 흘깃하는 표정으로 리얼한 연기를 보여줬다.",
                "sentenceSize": 170
            },
            {
                "sentenceNo": 5,
                "sentenceContent": "그렇게 호전되나 싶었던 차영민의 갑작스런 전원 소식에 이선호는 “이상하다 최교수님을 왜 벌써 보내지 며칠이나 됐다고”라며 의아해했다.",
                "sentenceSize": 74
            },
            {
                "sentenceNo": 6,
                "sentenceContent": "이어 행정 부원장의 지시라는 것을 듣고 자신은 아무것도 할 수 없다는 걸 인지한 이선호는 한숨 가득한 표정으로 “나는 못 보겠다 나중에 문병이나 갈란다”라며 담겨 보는 이들에게 안타까움을 전했다.",
                "sentenceSize": 109
            },
            {
                "sentenceNo": 7,
                "sentenceContent": "이렇듯 김재용은 훈훈한 비주얼과 안정적인 연기력으로 이선호 캐릭터를 생생하게 살려 극의 몰입도를 높이고 있다.",
                "sentenceSize": 61
            },
            {
                "sentenceNo": 8,
                "sentenceContent": "한층 더 업그레이드된 연기로 새로운 매력을 펼치고 있는 그의 행보에 귀추가 주목된다.",
                "sentenceSize": 47
            }
        ]
    },
    "labeledDataInfo": {
        "processSentenceInfo": [
            {
                "sentenceNo": 1,
                "sentenceContent": "배우 김재용이 드라마 ‘고스트 닥터’에서 이선호 역을 맡아 현실감 있는 레지던트 의사를 연기하며 시청자들의 시선을 사로잡았다.",
                "subjectConsistencyYn": "Y"
            },
            {
                "sentenceNo": 2,
                "sentenceContent": "이선호는 흉부외과의 앨리트 레지던트로 윗사람 말에는 충실하고 아랫사람을 누를 땐 확실하게 누르는 냉정한 듯 보이지만 직장인이라면 누구나 공감이 가능한 캐릭터이다.",
                "subjectConsistencyYn": "Y"
            },
            {
                "sentenceNo": 3,
                "sentenceContent": "10일 방송된 ‘고스트 닥터’ 3회에서 코마 상태에 빠진 차영민 (정지훈 분)이 자발호흡을 한다는 정간호사의 호출에 흉부외과 의사들이 부리나케 차영민의 병실에 모였다.",
                "subjectConsistencyYn": "Y"
            },
            {
                "sentenceNo": 4,
                "sentenceContent": "이선호는 “호흡 횟수 세팅을 12회로 했는데 현재 20회 체크되고 있습니다. 셀프가 살아나고 있는 것 같습니다”라고 말하자 차영민이 빙의된 고승탁(김범 분)이 “빨리 신경과 수술 시작하라”라고 소리치며 인턴이 주치의 마냥 소리를 지르는 것에 의아함과 짜증을 담은 흘깃하는 표정으로 리얼한 연기를 보여줬다.",
                "subjectConsistencyYn": "Y"
            },
            {
                "sentenceNo": 5,
                "sentenceContent": "그렇게 호전되나 싶었던 차영민의 갑작스런 전원 소식에 이선호는 “이상하다 최교수님을 왜 벌써 보내지 며칠이나 됐다고”라며 의아해했다.",
                "subjectConsistencyYn": "Y"
            },
            {
                "sentenceNo": 6,
                "sentenceContent": "이어 행정 부원장의 지시라는 것을 듣고 자신은 아무것도 할 수 없다는 걸 인지한 이선호는 한숨 가득한 표정으로 “나는 못 보겠다 나중에 문병이나 갈란다”라며 담겨 보는 이들에게 안타까움을 전했다.",
                "subjectConsistencyYn": "Y"
            },
            {
                "sentenceNo": 7,
                "sentenceContent": "이렇듯 김재용은 훈훈한 비주얼과 안정적인 연기력으로 이선호 캐릭터를 생생하게 살려 극의 몰입도를 높이고 있다.",
                "subjectConsistencyYn": "Y"
            },
            {
                "sentenceNo": 8,
                "sentenceContent": "한층 더 업그레이드된 연기로 새로운 매력을 펼치고 있는 그의 행보에 귀추가 주목된다.",
                "subjectConsistencyYn": "Y"
            },
            {
                "sentenceNo": 9,
                "sentenceContent": "'고스트 닥터'에서 현실감 있는 의사 연기로 시청자들의 시선을 사로잡은 김재용이 고척 스카이돔에서 열리는 키움 히어로즈와 두산 베어스의 둘째 날 경기 시구자로 선정됐다. ",
                "subjectConsistencyYn": "N"
            },
            {
                "sentenceNo": 10,
                "sentenceContent": "김 씨는 구단을 통해 \"시구를 하게 돼 영광\"이라며 \"그날 시구가 히어로즈 선수단 승리로 이어지길 바라며 열심히 응원 하겠다\"라고 소감을 밝혔다.  ",
                "subjectConsistencyYn": "N"
            }
        ],
        "clickbaitClass": 0
    }
}