{
    "sourceDataInfo": {
        "newsID": "ET_M13_629471",
        "newsCategory": "연예",
        "newsSubcategory": "방송",
        "newsTitle": "‘꽃달’ 유승호×변우석, 꽃미남 감찰 듀오가 뜬다",
        "newsSubTitle": "",
        "newsContent": "유승호와 변우석이 악연으로 시작해 필연적으로 엮인 사제 지간으로 발전한다.\nKBS 2TV 월화드라마 ‘꽃 피면 달 생각하고’(연출 황인혁 / 극본 김아록 / 제작 (유)꽃피면달생각하고문화산업전문회사 (주)몬스터유니온 (주)피플스토리컴퍼니) 측은 2일 남영(유승호 분)과 이표(변우석 분)의 ‘훈훈 감찰 듀오’ 변신 스틸을 공개했다.\n남영과 이표는 첫 만남부터 악연이었다.\n이표가 유가 행렬 중인 남영이 타고 있던 말을 강탈해 도망친 것. 이후 세자와 장원급제자 사이로 다시 만난 두 사람은 미묘한 신경전을 벌이게 됐고, 이표는 남영을 궁에서 쫓아내기 위해 괴롭혔다.\n남영은 이표의 부단한 노력에도 아랑곳하지 않고 밀주꾼을 잡는 감찰로 맹활약했다.\n특히 남영은 밀주꾼 강로서(이혜리 분)와 함께 있는 이표를 목격했고, 그가 월담을 밥 먹듯이 하고 밀주를 즐기는 원칙 브레이커란 사실을 알게 된다.\n악연이 거듭된 상황, ‘꽃 피면 달 생각하고’ 4회에서는 남영과 이표가 팽팽하게 마주하는 모습이 그려졌다.\n이표는 남영이 자신을 뒷배 삼은 줄 알았지만, 이를 거절하는 남영에게 자존심을 건드는 모욕적인 말을 뱉었다.\n이에 결심이라도 한 듯 남영은 자신의 목숨을 담보로 이표가 밀주를 마셨다는 상소를 올리고 왕실 정치에 휘말리며 왕세자의 스승으로 입명을 받았다.\n석고대죄 중인 이표는 그의 옆을 지나가는 남영에게 “감히 내 뒤통수를 쳐?”라며 분노해 두 사람의 ‘삐그덕’ 브로맨스를 기대하게 했다.\n그런 가운데, 공개된 스틸에는 세자를 가르치는 스승 남영과 감찰복을 입고 있는 이표의 모습이 담겨있다.\n남영은 세자 수업의 일환으로 이표에게 감찰복을 입힌 것인지, 이표는 알고 보니 스승을 말을 잘 듣는 모범생인지, ‘훈훈 감찰 듀오’로 변신한 두 사람의 이야기에 관심이 쏠리고 있다.",
        "partNum": "P2",
        "useType": 0,
        "processType": "D",
        "processPattern": "24",
        "processLevel": "상",
        "sentenceCount": 12,
        "processSentencenum": 2,
        "sentenceInfo": [
            {
                "sentenceNo": 1,
                "sentenceContent": "유승호와 변우석이 악연으로 시작해 필연적으로 엮인 사제 지간으로 발전한다.",
                "sentenceSize": 41
            },
            {
                "sentenceNo": 2,
                "sentenceContent": "KBS 2TV 월화드라마 ‘꽃 피면 달 생각하고’(연출 황인혁 / 극본 김아록 / 제작 (유)꽃피면달생각하고문화산업전문회사 (주)몬스터유니온 (주)피플스토리컴퍼니) 측은 2일 남영(유승호 분)과 이표(변우석 분)의 ‘훈훈 감찰 듀오’ 변신 스틸을 공개했다.",
                "sentenceSize": 143
            },
            {
                "sentenceNo": 3,
                "sentenceContent": "남영과 이표는 첫 만남부터 악연이었다.",
                "sentenceSize": 21
            },
            {
                "sentenceNo": 4,
                "sentenceContent": "이표가 유가 행렬 중인 남영이 타고 있던 말을 강탈해 도망친 것. 이후 세자와 장원급제자 사이로 다시 만난 두 사람은 미묘한 신경전을 벌이게 됐고, 이표는 남영을 궁에서 쫓아내기 위해 괴롭혔다.",
                "sentenceSize": 108
            },
            {
                "sentenceNo": 5,
                "sentenceContent": "남영은 이표의 부단한 노력에도 아랑곳하지 않고 밀주꾼을 잡는 감찰로 맹활약했다.",
                "sentenceSize": 44
            },
            {
                "sentenceNo": 6,
                "sentenceContent": "특히 남영은 밀주꾼 강로서(이혜리 분)와 함께 있는 이표를 목격했고, 그가 월담을 밥 먹듯이 하고 밀주를 즐기는 원칙 브레이커란 사실을 알게 된다.",
                "sentenceSize": 82
            },
            {
                "sentenceNo": 7,
                "sentenceContent": "악연이 거듭된 상황, ‘꽃 피면 달 생각하고’ 4회에서는 남영과 이표가 팽팽하게 마주하는 모습이 그려졌다.",
                "sentenceSize": 59
            },
            {
                "sentenceNo": 8,
                "sentenceContent": "이표는 남영이 자신을 뒷배 삼은 줄 알았지만, 이를 거절하는 남영에게 자존심을 건드는 모욕적인 말을 뱉었다.",
                "sentenceSize": 60
            },
            {
                "sentenceNo": 9,
                "sentenceContent": "이에 결심이라도 한 듯 남영은 자신의 목숨을 담보로 이표가 밀주를 마셨다는 상소를 올리고 왕실 정치에 휘말리며 왕세자의 스승으로 입명을 받았다.",
                "sentenceSize": 80
            },
            {
                "sentenceNo": 10,
                "sentenceContent": "석고대죄 중인 이표는 그의 옆을 지나가는 남영에게 “감히 내 뒤통수를 쳐?”라며 분노해 두 사람의 ‘삐그덕’ 브로맨스를 기대하게 했다.",
                "sentenceSize": 75
            },
            {
                "sentenceNo": 11,
                "sentenceContent": "그런 가운데, 공개된 스틸에는 세자를 가르치는 스승 남영과 감찰복을 입고 있는 이표의 모습이 담겨있다.",
                "sentenceSize": 57
            },
            {
                "sentenceNo": 12,
                "sentenceContent": "남영은 세자 수업의 일환으로 이표에게 감찰복을 입힌 것인지, 이표는 알고 보니 스승을 말을 잘 듣는 모범생인지, ‘훈훈 감찰 듀오’로 변신한 두 사람의 이야기에 관심이 쏠리고 있다.",
                "sentenceSize": 101
            }
        ]
    },
    "labeledDataInfo": {
        "processSentenceInfo": [
            {
                "sentenceNo": 1,
                "sentenceContent": "유승호와 변우석이 악연으로 시작해 필연적으로 엮인 사제 지간으로 발전한다.",
                "subjectConsistencyYn": "Y"
            },
            {
                "sentenceNo": 2,
                "sentenceContent": "KBS 2TV 월화드라마 ‘꽃 피면 달 생각하고’(연출 황인혁 / 극본 김아록 / 제작 (유)꽃피면달생각하고문화산업전문회사 (주)몬스터유니온 (주)피플스토리컴퍼니) 측은 2일 남영(유승호 분)과 이표(변우석 분)의 ‘훈훈 감찰 듀오’ 변신 스틸을 공개했다.",
                "subjectConsistencyYn": "Y"
            },
            {
                "sentenceNo": 3,
                "sentenceContent": "남영과 이표는 첫 만남부터 악연이었다.",
                "subjectConsistencyYn": "Y"
            },
            {
                "sentenceNo": 4,
                "sentenceContent": "이표가 유가 행렬 중인 남영이 타고 있던 말을 강탈해 도망친 것. 이후 세자와 장원급제자 사이로 다시 만난 두 사람은 미묘한 신경전을 벌이게 됐고, 이표는 남영을 궁에서 쫓아내기 위해 괴롭혔다.",
                "subjectConsistencyYn": "Y"
            },
            {
                "sentenceNo": 5,
                "sentenceContent": "남영은 이표의 부단한 노력에도 아랑곳하지 않고 밀주꾼을 잡는 감찰로 맹활약했다.",
                "subjectConsistencyYn": "Y"
            },
            {
                "sentenceNo": 6,
                "sentenceContent": "특히 남영은 밀주꾼 강로서(이혜리 분)와 함께 있는 이표를 목격했고, 그가 월담을 밥 먹듯이 하고 밀주를 즐기는 원칙 브레이커란 사실을 알게 된다.",
                "subjectConsistencyYn": "Y"
            },
            {
                "sentenceNo": 7,
                "sentenceContent": "악연이 거듭된 상황, ‘꽃 피면 달 생각하고’ 4회에서는 남영과 이표가 팽팽하게 마주하는 모습이 그려졌다.",
                "subjectConsistencyYn": "Y"
            },
            {
                "sentenceNo": 8,
                "sentenceContent": "이표는 남영이 자신을 뒷배 삼은 줄 알았지만, 이를 거절하는 남영에게 자존심을 건드는 모욕적인 말을 뱉었다.",
                "subjectConsistencyYn": "Y"
            },
            {
                "sentenceNo": 9,
                "sentenceContent": "이에 결심이라도 한 듯 남영은 자신의 목숨을 담보로 이표가 밀주를 마셨다는 상소를 올리고 왕실 정치에 휘말리며 왕세자의 스승으로 입명을 받았다.",
                "subjectConsistencyYn": "Y"
            },
            {
                "sentenceNo": 10,
                "sentenceContent": "석고대죄 중인 이표는 그의 옆을 지나가는 남영에게 “감히 내 뒤통수를 쳐?”라며 분노해 두 사람의 ‘삐그덕’ 브로맨스를 기대하게 했다.",
                "subjectConsistencyYn": "Y"
            },
            {
                "sentenceNo": 11,
                "sentenceContent": "그런 가운데, 공개된 스틸에는 세자를 가르치는 스승 남영과 감찰복을 입고 있는 이표의 모습이 담겨있다.",
                "subjectConsistencyYn": "Y"
            },
            {
                "sentenceNo": 12,
                "sentenceContent": "남영은 세자 수업의 일환으로 이표에게 감찰복을 입힌 것인지, 이표는 알고 보니 스승을 말을 잘 듣는 모범생인지, ‘훈훈 감찰 듀오’로 변신한 두 사람의 이야기에 관심이 쏠리고 있다.",
                "subjectConsistencyYn": "Y"
            },
            {
                "sentenceNo": 13,
                "sentenceContent": "유승호가 변우석과 함께 ‘꽃 피면 달 생각하고’에서 사제지간 역할을 하는 한편, 데뷔 23년 만에 OTT 작품에 도전한다.",
                "subjectConsistencyYn": "N"
            },
            {
                "sentenceNo": 14,
                "sentenceContent": "YG엔터테인먼트는 지난달 28일 \"유승호가 웨이브 오리지널 드라마 '거래' 출연을 확정했다\"라고 밝혔다.",
                "subjectConsistencyYn": "N"
            }
        ],
        "clickbaitClass": 0
    }
}