{
    "sourceDataInfo": {
        "newsID": "ET_M13_629362",
        "newsCategory": "연예",
        "newsSubcategory": "방송",
        "newsTitle": "‘지헤중’ 송혜교X장기용, 행복한 순간",
        "newsSubTitle": "",
        "newsContent": "‘지금, 헤어지는 중입니다’ 송혜교와 장기용의 행복한 순간이 공개됐다.\n12월 24일 방송된 SBS 금토드라마 ‘지금, 헤어지는 중입니다’(극본 제인/연출 이길복/크리에이터 글Line&강은경/제작 삼화네트웍스, UAA/이하 ‘지헤중’) 12회 엔딩이 안방극장을 눈물로 가득 채웠다.\n흔들림 없이 하영은(송혜교 분) 곁을 지키던 윤재국(장기용 분)이 어머니 민여사(차화연 분)에게 하영은과 헤어지겠다고 한 것. 이 또한 하영은을 위해 한 선택임을 아는 시청자들은 윤재국의 사랑을 더욱 안타까운 마음으로 지켜볼 수밖에 없았다.\n정말 하영은과 윤재국은 이대로 헤어지게 되는 것일까.\n남은 4회 동안 두 사람의 사랑은 얼마나 더 아름답고, 얼마나 더 가슴 시릴까. 궁금증이 치솟고 있는 가운데 12월 25일 ‘지헤중’ 제작진이 13회 본방송을 앞두고 행복해 보이는 하영은과 윤재국의 모습을 공개해 이목을 집중시킨다.\n공개된 사진 속 하영은과 윤재국은 둘만의 시간을 보내고 있다.\n마치 소풍이라도 온 듯한 두 사람은 나란히 앉아 어깨동무를 한 채 다정하게 포즈를 취하고 있다.\n다음 사진에서는 누군가와 통화 중인 하영은과 그런 하영은을 앞에서 지켜보는 윤재국의 모습이 보인다.\n마지막 사진에서는 두 사람이 애틋하게 포옹을 하고 있어, 보는 사람의 마음까지 아련하게 만든다. ‘지헤중’ 12회 엔딩에서 윤재국은 하영은과 한 달만 원 없이 사랑하고 헤어지겠다고, 시간을 달라고 했다.\n그런데 이렇게 행복한 두 사람의 모습이 포착된 것이다.\n행복한 두 사람의 모습이 아름다울수록 이들의 사랑이 어떻게 될 것인지 지켜보는 시청자도 애가 탄다.\n이와 관련 ‘지헤중’ 제작진은 “오늘(25일) 방송되는 13회에서는 하영은과 윤재국의 사랑이 더 깊어진다. 그리고 두 사람은 사랑에 대해, 그리고 이별에 대해 더 많이 깊이 있게 고민할 것이다. 송혜교, 장기용 두 배우의 짙은 감성 연기가 극의 몰입도를 높여줄 것으로 기대한다. 시청자 여러분들의 많은 관심과 애정 부탁드린다”라고 전했다.\n사랑과 이별, 그 슬프고도 아름다운 이야기 SBS 금토드라마 ‘지금, 헤어지는 중입니다’ 13회는 12월 25일 금요일 밤 10시 방송된다.",
        "partNum": "P2",
        "useType": 0,
        "processType": "D",
        "processPattern": "24",
        "processLevel": "상",
        "sentenceCount": 13,
        "processSentencenum": 2,
        "sentenceInfo": [
            {
                "sentenceNo": 1,
                "sentenceContent": "‘지금, 헤어지는 중입니다’ 송혜교와 장기용의 행복한 순간이 공개됐다.",
                "sentenceSize": 39
            },
            {
                "sentenceNo": 2,
                "sentenceContent": "12월 24일 방송된 SBS 금토드라마 ‘지금, 헤어지는 중입니다’(극본 제인/연출 이길복/크리에이터 글Line&강은경/제작 삼화네트웍스, UAA/이하 ‘지헤중’) 12회 엔딩이 안방극장을 눈물로 가득 채웠다.",
                "sentenceSize": 117
            },
            {
                "sentenceNo": 3,
                "sentenceContent": "흔들림 없이 하영은(송혜교 분) 곁을 지키던 윤재국(장기용 분)이 어머니 민여사(차화연 분)에게 하영은과 헤어지겠다고 한 것. 이 또한 하영은을 위해 한 선택임을 아는 시청자들은 윤재국의 사랑을 더욱 안타까운 마음으로 지켜볼 수밖에 없았다.",
                "sentenceSize": 134
            },
            {
                "sentenceNo": 4,
                "sentenceContent": "정말 하영은과 윤재국은 이대로 헤어지게 되는 것일까.",
                "sentenceSize": 29
            },
            {
                "sentenceNo": 5,
                "sentenceContent": "남은 4회 동안 두 사람의 사랑은 얼마나 더 아름답고, 얼마나 더 가슴 시릴까. 궁금증이 치솟고 있는 가운데 12월 25일 ‘지헤중’ 제작진이 13회 본방송을 앞두고 행복해 보이는 하영은과 윤재국의 모습을 공개해 이목을 집중시킨다.",
                "sentenceSize": 129
            },
            {
                "sentenceNo": 6,
                "sentenceContent": "공개된 사진 속 하영은과 윤재국은 둘만의 시간을 보내고 있다.",
                "sentenceSize": 34
            },
            {
                "sentenceNo": 7,
                "sentenceContent": "마치 소풍이라도 온 듯한 두 사람은 나란히 앉아 어깨동무를 한 채 다정하게 포즈를 취하고 있다.",
                "sentenceSize": 53
            },
            {
                "sentenceNo": 8,
                "sentenceContent": "다음 사진에서는 누군가와 통화 중인 하영은과 그런 하영은을 앞에서 지켜보는 윤재국의 모습이 보인다.",
                "sentenceSize": 55
            },
            {
                "sentenceNo": 9,
                "sentenceContent": "마지막 사진에서는 두 사람이 애틋하게 포옹을 하고 있어, 보는 사람의 마음까지 아련하게 만든다. ‘지헤중’ 12회 엔딩에서 윤재국은 하영은과 한 달만 원 없이 사랑하고 헤어지겠다고, 시간을 달라고 했다.",
                "sentenceSize": 113
            },
            {
                "sentenceNo": 10,
                "sentenceContent": "그런데 이렇게 행복한 두 사람의 모습이 포착된 것이다.",
                "sentenceSize": 30
            },
            {
                "sentenceNo": 11,
                "sentenceContent": "행복한 두 사람의 모습이 아름다울수록 이들의 사랑이 어떻게 될 것인지 지켜보는 시청자도 애가 탄다.",
                "sentenceSize": 55
            },
            {
                "sentenceNo": 12,
                "sentenceContent": "이와 관련 ‘지헤중’ 제작진은 “오늘(25일) 방송되는 13회에서는 하영은과 윤재국의 사랑이 더 깊어진다. 그리고 두 사람은 사랑에 대해, 그리고 이별에 대해 더 많이 깊이 있게 고민할 것이다. 송혜교, 장기용 두 배우의 짙은 감성 연기가 극의 몰입도를 높여줄 것으로 기대한다. 시청자 여러분들의 많은 관심과 애정 부탁드린다”라고 전했다.",
                "sentenceSize": 189
            },
            {
                "sentenceNo": 13,
                "sentenceContent": "사랑과 이별, 그 슬프고도 아름다운 이야기 SBS 금토드라마 ‘지금, 헤어지는 중입니다’ 13회는 12월 25일 금요일 밤 10시 방송된다.",
                "sentenceSize": 78
            }
        ]
    },
    "labeledDataInfo": {
        "processSentenceInfo": [
            {
                "sentenceNo": 1,
                "sentenceContent": "‘지금, 헤어지는 중입니다’ 송혜교와 장기용의 행복한 순간이 공개됐다.",
                "subjectConsistencyYn": "Y"
            },
            {
                "sentenceNo": 2,
                "sentenceContent": "12월 24일 방송된 SBS 금토드라마 ‘지금, 헤어지는 중입니다’(극본 제인/연출 이길복/크리에이터 글Line&강은경/제작 삼화네트웍스, UAA/이하 ‘지헤중’) 12회 엔딩이 안방극장을 눈물로 가득 채웠다.",
                "subjectConsistencyYn": "Y"
            },
            {
                "sentenceNo": 3,
                "sentenceContent": "흔들림 없이 하영은(송혜교 분) 곁을 지키던 윤재국(장기용 분)이 어머니 민여사(차화연 분)에게 하영은과 헤어지겠다고 한 것. 이 또한 하영은을 위해 한 선택임을 아는 시청자들은 윤재국의 사랑을 더욱 안타까운 마음으로 지켜볼 수밖에 없았다.",
                "subjectConsistencyYn": "Y"
            },
            {
                "sentenceNo": 4,
                "sentenceContent": "정말 하영은과 윤재국은 이대로 헤어지게 되는 것일까.",
                "subjectConsistencyYn": "Y"
            },
            {
                "sentenceNo": 5,
                "sentenceContent": "남은 4회 동안 두 사람의 사랑은 얼마나 더 아름답고, 얼마나 더 가슴 시릴까. 궁금증이 치솟고 있는 가운데 12월 25일 ‘지헤중’ 제작진이 13회 본방송을 앞두고 행복해 보이는 하영은과 윤재국의 모습을 공개해 이목을 집중시킨다.",
                "subjectConsistencyYn": "Y"
            },
            {
                "sentenceNo": 6,
                "sentenceContent": "공개된 사진 속 하영은과 윤재국은 둘만의 시간을 보내고 있다.",
                "subjectConsistencyYn": "Y"
            },
            {
                "sentenceNo": 7,
                "sentenceContent": "마치 소풍이라도 온 듯한 두 사람은 나란히 앉아 어깨동무를 한 채 다정하게 포즈를 취하고 있다.",
                "subjectConsistencyYn": "Y"
            },
            {
                "sentenceNo": 8,
                "sentenceContent": "다음 사진에서는 누군가와 통화 중인 하영은과 그런 하영은을 앞에서 지켜보는 윤재국의 모습이 보인다.",
                "subjectConsistencyYn": "Y"
            },
            {
                "sentenceNo": 9,
                "sentenceContent": "마지막 사진에서는 두 사람이 애틋하게 포옹을 하고 있어, 보는 사람의 마음까지 아련하게 만든다. ‘지헤중’ 12회 엔딩에서 윤재국은 하영은과 한 달만 원 없이 사랑하고 헤어지겠다고, 시간을 달라고 했다.",
                "subjectConsistencyYn": "Y"
            },
            {
                "sentenceNo": 10,
                "sentenceContent": "그런데 이렇게 행복한 두 사람의 모습이 포착된 것이다.",
                "subjectConsistencyYn": "Y"
            },
            {
                "sentenceNo": 11,
                "sentenceContent": "행복한 두 사람의 모습이 아름다울수록 이들의 사랑이 어떻게 될 것인지 지켜보는 시청자도 애가 탄다.",
                "subjectConsistencyYn": "Y"
            },
            {
                "sentenceNo": 12,
                "sentenceContent": "이와 관련 ‘지헤중’ 제작진은 “오늘(25일) 방송되는 13회에서는 하영은과 윤재국의 사랑이 더 깊어진다. 그리고 두 사람은 사랑에 대해, 그리고 이별에 대해 더 많이 깊이 있게 고민할 것이다. 송혜교, 장기용 두 배우의 짙은 감성 연기가 극의 몰입도를 높여줄 것으로 기대한다. 시청자 여러분들의 많은 관심과 애정 부탁드린다”라고 전했다.",
                "subjectConsistencyYn": "Y"
            },
            {
                "sentenceNo": 13,
                "sentenceContent": "사랑과 이별, 그 슬프고도 아름다운 이야기 SBS 금토드라마 ‘지금, 헤어지는 중입니다’ 13회는 12월 25일 금요일 밤 10시 방송된다.",
                "subjectConsistencyYn": "Y"
            },
            {
                "sentenceNo": 14,
                "sentenceContent": "드라마 '지금 헤어지는 중입니다' 12화의 엔딩 장면이 시청자들의 관심을 끌고 있는 가운데, 주인공 장기용이 드라마가 방송되는 지금은 군복무 중인 것으로 알려져 화제가 되고 있다.",
                "subjectConsistencyYn": "N"
            },
            {
                "sentenceNo": 15,
                "sentenceContent": "소속사 YG엔터테인먼트는 장기용이 드라마 '지금 헤어지는 중입니다' 촬영을 끝마치고 지난 8월 23일 육군 현역으로 입대했다고 밝혔다. ",
                "subjectConsistencyYn": "N"
            }
        ],
        "clickbaitClass": 0
    }
}