{
    "sourceDataInfo": {
        "newsID": "ET_M13_629323",
        "newsCategory": "연예",
        "newsSubcategory": "음악",
        "newsTitle": "오마이걸, 신곡 ‘Shark’ 베일 벗는다",
        "newsSubTitle": "",
        "newsContent": "유니버스(UNIVERSE)가 열네 번째 신곡 걸그룹 오마이걸(OH MY GIRL) ‘Shark’를 전격 발매한다.\n유니버스는 금일(23일) 오후 6시 각종 온라인 음원 사이트를 통해 오마이걸의 신곡 ‘Shark (샤크)’를 발매하고, 뮤직비디오 풀버전은 유니버스 앱을 통해 공개한다.\n유니버스 신곡 ‘Shark’는 펑키한 기타 사운드와 EP가 맞물려 타이트한 리듬과 오마이걸 특유의 밝은 분위기를 완성한 곡이다.\n곡 전체를 아우르는 다이내믹한 흐름 위로 쌓아 올린 알앤비 감성의 코드 진행과 훅킹한 후렴구가 인상적이다.\n특히 트렌디한 음악으로 사랑받고 있는 프로듀서 겸 싱어송라이터 콜드(Colde)가 ‘Shark’의 작사,작곡,편곡에 참여해 오마이걸의 색다른 매력을 끌어내는 동시에 곡의 완성도를 높였다.\n신곡 ‘Shark’ 뮤직비디오에서는 오마이걸이 일탈을 통해 ‘또 다른 나’를 찾아가는 한 편의 뮤지컬 영화와 같은 스토리와 영상미가 펼쳐진다.\n오마이걸은 ‘살짝 설렜어(Nonstop)’, ‘비밀정원’, ‘Dolphin (돌핀)’, ‘다섯 번째 계절(SSFWL)’, ‘불꽃놀이 (Remember Me)’, ‘Dun Dun Dance’ 등 다수의 히트곡을 통해 폭넓은 음악적 역량을 증명하며 많은 사랑을 받았다.\n오마이걸은 이번 유니버스 신곡 ‘Shark’를 통해 또 한 번 음악적 스펙트럼을 넓히며, 글로벌 팬들의 눈과 귀를 사로잡을 전망이다.\n한편, 유니버스 뮤직 신곡 ‘Shark’는 오늘(23일) 오후 6시 주요 음원 사이트를 통해 공개된다.",
        "partNum": "P2",
        "useType": 0,
        "processType": "D",
        "processPattern": "24",
        "processLevel": "상",
        "sentenceCount": 9,
        "processSentencenum": 2,
        "sentenceInfo": [
            {
                "sentenceNo": 1,
                "sentenceContent": "유니버스(UNIVERSE)가 열네 번째 신곡 걸그룹 오마이걸(OH MY GIRL) ‘Shark’를 전격 발매한다.",
                "sentenceSize": 63
            },
            {
                "sentenceNo": 2,
                "sentenceContent": "유니버스는 금일(23일) 오후 6시 각종 온라인 음원 사이트를 통해 오마이걸의 신곡 ‘Shark (샤크)’를 발매하고, 뮤직비디오 풀버전은 유니버스 앱을 통해 공개한다.",
                "sentenceSize": 94
            },
            {
                "sentenceNo": 3,
                "sentenceContent": "유니버스 신곡 ‘Shark’는 펑키한 기타 사운드와 EP가 맞물려 타이트한 리듬과 오마이걸 특유의 밝은 분위기를 완성한 곡이다.",
                "sentenceSize": 71
            },
            {
                "sentenceNo": 4,
                "sentenceContent": "곡 전체를 아우르는 다이내믹한 흐름 위로 쌓아 올린 알앤비 감성의 코드 진행과 훅킹한 후렴구가 인상적이다.",
                "sentenceSize": 59
            },
            {
                "sentenceNo": 5,
                "sentenceContent": "특히 트렌디한 음악으로 사랑받고 있는 프로듀서 겸 싱어송라이터 콜드(Colde)가 ‘Shark’의 작사,작곡,편곡에 참여해 오마이걸의 색다른 매력을 끌어내는 동시에 곡의 완성도를 높였다.",
                "sentenceSize": 104
            },
            {
                "sentenceNo": 6,
                "sentenceContent": "신곡 ‘Shark’ 뮤직비디오에서는 오마이걸이 일탈을 통해 ‘또 다른 나’를 찾아가는 한 편의 뮤지컬 영화와 같은 스토리와 영상미가 펼쳐진다.",
                "sentenceSize": 79
            },
            {
                "sentenceNo": 7,
                "sentenceContent": "오마이걸은 ‘살짝 설렜어(Nonstop)’, ‘비밀정원’, ‘Dolphin (돌핀)’, ‘다섯 번째 계절(SSFWL)’, ‘불꽃놀이 (Remember Me)’, ‘Dun Dun Dance’ 등 다수의 히트곡을 통해 폭넓은 음악적 역량을 증명하며 많은 사랑을 받았다.",
                "sentenceSize": 148
            },
            {
                "sentenceNo": 8,
                "sentenceContent": "오마이걸은 이번 유니버스 신곡 ‘Shark’를 통해 또 한 번 음악적 스펙트럼을 넓히며, 글로벌 팬들의 눈과 귀를 사로잡을 전망이다.",
                "sentenceSize": 74
            },
            {
                "sentenceNo": 9,
                "sentenceContent": "한편, 유니버스 뮤직 신곡 ‘Shark’는 오늘(23일) 오후 6시 주요 음원 사이트를 통해 공개된다.",
                "sentenceSize": 57
            }
        ]
    },
    "labeledDataInfo": {
        "processSentenceInfo": [
            {
                "sentenceNo": 1,
                "sentenceContent": "유니버스(UNIVERSE)가 열네 번째 신곡 걸그룹 오마이걸(OH MY GIRL) ‘Shark’를 전격 발매한다.",
                "subjectConsistencyYn": "Y"
            },
            {
                "sentenceNo": 2,
                "sentenceContent": "유니버스는 금일(23일) 오후 6시 각종 온라인 음원 사이트를 통해 오마이걸의 신곡 ‘Shark (샤크)’를 발매하고, 뮤직비디오 풀버전은 유니버스 앱을 통해 공개한다.",
                "subjectConsistencyYn": "Y"
            },
            {
                "sentenceNo": 3,
                "sentenceContent": "유니버스 신곡 ‘Shark’는 펑키한 기타 사운드와 EP가 맞물려 타이트한 리듬과 오마이걸 특유의 밝은 분위기를 완성한 곡이다.",
                "subjectConsistencyYn": "Y"
            },
            {
                "sentenceNo": 4,
                "sentenceContent": "곡 전체를 아우르는 다이내믹한 흐름 위로 쌓아 올린 알앤비 감성의 코드 진행과 훅킹한 후렴구가 인상적이다.",
                "subjectConsistencyYn": "Y"
            },
            {
                "sentenceNo": 5,
                "sentenceContent": "특히 트렌디한 음악으로 사랑받고 있는 프로듀서 겸 싱어송라이터 콜드(Colde)가 ‘Shark’의 작사,작곡,편곡에 참여해 오마이걸의 색다른 매력을 끌어내는 동시에 곡의 완성도를 높였다.",
                "subjectConsistencyYn": "Y"
            },
            {
                "sentenceNo": 6,
                "sentenceContent": "신곡 ‘Shark’ 뮤직비디오에서는 오마이걸이 일탈을 통해 ‘또 다른 나’를 찾아가는 한 편의 뮤지컬 영화와 같은 스토리와 영상미가 펼쳐진다.",
                "subjectConsistencyYn": "Y"
            },
            {
                "sentenceNo": 7,
                "sentenceContent": "오마이걸은 ‘살짝 설렜어(Nonstop)’, ‘비밀정원’, ‘Dolphin (돌핀)’, ‘다섯 번째 계절(SSFWL)’, ‘불꽃놀이 (Remember Me)’, ‘Dun Dun Dance’ 등 다수의 히트곡을 통해 폭넓은 음악적 역량을 증명하며 많은 사랑을 받았다.",
                "subjectConsistencyYn": "Y"
            },
            {
                "sentenceNo": 8,
                "sentenceContent": "오마이걸은 이번 유니버스 신곡 ‘Shark’를 통해 또 한 번 음악적 스펙트럼을 넓히며, 글로벌 팬들의 눈과 귀를 사로잡을 전망이다.",
                "subjectConsistencyYn": "Y"
            },
            {
                "sentenceNo": 9,
                "sentenceContent": "한편, 유니버스 뮤직 신곡 ‘Shark’는 오늘(23일) 오후 6시 주요 음원 사이트를 통해 공개된다.",
                "subjectConsistencyYn": "Y"
            },
            {
                "sentenceNo": 10,
                "sentenceContent": "각종 온라인 음원 사이트를 통해 신곡 ‘Shark ’를 발매한 오마이걸은 지난 5월 컴백한 ‘DUN DUN DANCE’로 국내 주요 음원 차트 정상을 차지했고 음악방송 3관왕, 뮤직비디오 공개 32시간 만에 천만 뷰 돌파, 초동 판매량 자체 최다 기록을 경신했다.",
                "subjectConsistencyYn": "N"
            },
            {
                "sentenceNo": 11,
                "sentenceContent": "그뿐만 아니라 ‘2021 대한민국 대중문화예술상’ 문화체육관광부 장관 표창을 받으며 최정상급 걸그룹의 입지를 더욱 공고히 했다.",
                "subjectConsistencyYn": "N"
            }
        ],
        "clickbaitClass": 0
    }
}