{
    "sourceDataInfo": {
        "newsID": "ET_M13_629472",
        "newsCategory": "연예",
        "newsSubcategory": "방송",
        "newsTitle": "미래소년, 미니 3집 ‘마블러스’ 커밍업 포스터 공개",
        "newsSubTitle": "",
        "newsContent": "미래소년이 본격적으로 컴백 초읽기에 돌입했다.\n미래소년(이준혁 리안 유도현 카엘 손동표 박시영 장유빈)은 1일 오후 9시 공식 SNS 채널을 통해 ‘Marvelous - MIRAE 3rd Mini Album’ 포스터를 기습 공개했다.\n오는 12일 새로운 미니앨범으로 1월 컴백 대전에 나서는 미래소년을 기다리는 팬들의 뜨거운 반응을 얻었다.\n공개된 커밍업 포스터에는 미래소년의 로고 위로 컴백일인 ‘2022.01.12’라는 문구와 함께 세 번째 미니앨범 명 ‘MARVELOUS’가 적혀있다.\n미래소년 멤버들은 정글짐 위에서 독보적인 비주얼을 뽐내며 신비롭고 감각적인 분위기를 완성했다.\n미래소년 멤버들은 지난 앨범 콘셉트와는 확연히 다른 분위기를 완성해 호기심을 자극하고 있다.\n특히, 다른 멤버들과 달리 동표는 우주용 헬멧을 착용하고 있어 궁금증을 더욱 높이고 있다.\n미래소년의 세 번째 미니앨범 ‘Marvelous - MIRAE 3rd Mini Album’은 멤버 전원이 작사에 참여한 ‘일곱페이지(Dear My Friend)’가 수록될 예정이다.\n또한 앨범 발매일까지 차례로 다양한 콘텐츠가 공개될 것으로 알려져 열띤 반응이 이어지고 있다.\n데뷔와 동시에 국내외 팬들에게 뜨거운 관심을 받은 미래소년은 지난 12월 28일 Mnet 재팬에서 방송된 ‘2021 엠넷 재팬 팬스 초이스 어워즈(Mnet Japan Fan’s Choice Awards)’에서 신인상을 수상하며 2021년 빛나는 활약을 증명했다.\n미래소년은 2021년 3월에 ‘KILLA - MIRAE 1st Mini Album’로 데뷔했으며, 두 번째 앨범 ‘Splash - MIRAE 2nd Mini Album’ 이후 약 3개월 만의 컴백이다.\n두 번째 미니앨범 타이틀곡 ‘Splash’는 발매 직후 아이튠즈 차트에서 베트남 4위, 네덜란드 5위, 태국 5위, 일본 31위 등 이름을 올렸고, 뮤직비디오 공개 이후 닷새 만에 1000만 뷰를 돌파하는 등 아직까지 폭발적인 사랑을 받고 있다.\n한편, 미래소년의 세 번째 미니앨범 ‘Marvelous - MIRAE 3rd Mini Album’은 오는 1월 12일(수) 오후 6시 각종 음원사이트를 통해 공개될 예정이다.",
        "partNum": "P2",
        "useType": 0,
        "processType": "D",
        "processPattern": "24",
        "processLevel": "상",
        "sentenceCount": 13,
        "processSentencenum": 2,
        "sentenceInfo": [
            {
                "sentenceNo": 1,
                "sentenceContent": "미래소년이 본격적으로 컴백 초읽기에 돌입했다.",
                "sentenceSize": 25
            },
            {
                "sentenceNo": 2,
                "sentenceContent": "미래소년(이준혁 리안 유도현 카엘 손동표 박시영 장유빈)은 1일 오후 9시 공식 SNS 채널을 통해 ‘Marvelous - MIRAE 3rd Mini Album’ 포스터를 기습 공개했다.",
                "sentenceSize": 104
            },
            {
                "sentenceNo": 3,
                "sentenceContent": "오는 12일 새로운 미니앨범으로 1월 컴백 대전에 나서는 미래소년을 기다리는 팬들의 뜨거운 반응을 얻었다.",
                "sentenceSize": 59
            },
            {
                "sentenceNo": 4,
                "sentenceContent": "공개된 커밍업 포스터에는 미래소년의 로고 위로 컴백일인 ‘2022.01.12’라는 문구와 함께 세 번째 미니앨범 명 ‘MARVELOUS’가 적혀있다.",
                "sentenceSize": 83
            },
            {
                "sentenceNo": 5,
                "sentenceContent": "미래소년 멤버들은 정글짐 위에서 독보적인 비주얼을 뽐내며 신비롭고 감각적인 분위기를 완성했다.",
                "sentenceSize": 52
            },
            {
                "sentenceNo": 6,
                "sentenceContent": "미래소년 멤버들은 지난 앨범 콘셉트와는 확연히 다른 분위기를 완성해 호기심을 자극하고 있다.",
                "sentenceSize": 51
            },
            {
                "sentenceNo": 7,
                "sentenceContent": "특히, 다른 멤버들과 달리 동표는 우주용 헬멧을 착용하고 있어 궁금증을 더욱 높이고 있다.",
                "sentenceSize": 50
            },
            {
                "sentenceNo": 8,
                "sentenceContent": "미래소년의 세 번째 미니앨범 ‘Marvelous - MIRAE 3rd Mini Album’은 멤버 전원이 작사에 참여한 ‘일곱페이지(Dear My Friend)’가 수록될 예정이다.",
                "sentenceSize": 101
            },
            {
                "sentenceNo": 9,
                "sentenceContent": "또한 앨범 발매일까지 차례로 다양한 콘텐츠가 공개될 것으로 알려져 열띤 반응이 이어지고 있다.",
                "sentenceSize": 52
            },
            {
                "sentenceNo": 10,
                "sentenceContent": "데뷔와 동시에 국내외 팬들에게 뜨거운 관심을 받은 미래소년은 지난 12월 28일 Mnet 재팬에서 방송된 ‘2021 엠넷 재팬 팬스 초이스 어워즈(Mnet Japan Fan’s Choice Awards)’에서 신인상을 수상하며 2021년 빛나는 활약을 증명했다.",
                "sentenceSize": 146
            },
            {
                "sentenceNo": 11,
                "sentenceContent": "미래소년은 2021년 3월에 ‘KILLA - MIRAE 1st Mini Album’로 데뷔했으며, 두 번째 앨범 ‘Splash - MIRAE 2nd Mini Album’ 이후 약 3개월 만의 컴백이다.",
                "sentenceSize": 112
            },
            {
                "sentenceNo": 12,
                "sentenceContent": "두 번째 미니앨범 타이틀곡 ‘Splash’는 발매 직후 아이튠즈 차트에서 베트남 4위, 네덜란드 5위, 태국 5위, 일본 31위 등 이름을 올렸고, 뮤직비디오 공개 이후 닷새 만에 1000만 뷰를 돌파하는 등 아직까지 폭발적인 사랑을 받고 있다.",
                "sentenceSize": 137
            },
            {
                "sentenceNo": 13,
                "sentenceContent": "한편, 미래소년의 세 번째 미니앨범 ‘Marvelous - MIRAE 3rd Mini Album’은 오는 1월 12일(수) 오후 6시 각종 음원사이트를 통해 공개될 예정이다.",
                "sentenceSize": 97
            }
        ]
    },
    "labeledDataInfo": {
        "processSentenceInfo": [
            {
                "sentenceNo": 1,
                "sentenceContent": "미래소년이 본격적으로 컴백 초읽기에 돌입했다.",
                "subjectConsistencyYn": "Y"
            },
            {
                "sentenceNo": 2,
                "sentenceContent": "미래소년(이준혁 리안 유도현 카엘 손동표 박시영 장유빈)은 1일 오후 9시 공식 SNS 채널을 통해 ‘Marvelous - MIRAE 3rd Mini Album’ 포스터를 기습 공개했다.",
                "subjectConsistencyYn": "Y"
            },
            {
                "sentenceNo": 3,
                "sentenceContent": "오는 12일 새로운 미니앨범으로 1월 컴백 대전에 나서는 미래소년을 기다리는 팬들의 뜨거운 반응을 얻었다.",
                "subjectConsistencyYn": "Y"
            },
            {
                "sentenceNo": 4,
                "sentenceContent": "공개된 커밍업 포스터에는 미래소년의 로고 위로 컴백일인 ‘2022.01.12’라는 문구와 함께 세 번째 미니앨범 명 ‘MARVELOUS’가 적혀있다.",
                "subjectConsistencyYn": "Y"
            },
            {
                "sentenceNo": 5,
                "sentenceContent": "미래소년 멤버들은 정글짐 위에서 독보적인 비주얼을 뽐내며 신비롭고 감각적인 분위기를 완성했다.",
                "subjectConsistencyYn": "Y"
            },
            {
                "sentenceNo": 6,
                "sentenceContent": "미래소년 멤버들은 지난 앨범 콘셉트와는 확연히 다른 분위기를 완성해 호기심을 자극하고 있다.",
                "subjectConsistencyYn": "Y"
            },
            {
                "sentenceNo": 7,
                "sentenceContent": "특히, 다른 멤버들과 달리 동표는 우주용 헬멧을 착용하고 있어 궁금증을 더욱 높이고 있다.",
                "subjectConsistencyYn": "Y"
            },
            {
                "sentenceNo": 8,
                "sentenceContent": "미래소년의 세 번째 미니앨범 ‘Marvelous - MIRAE 3rd Mini Album’은 멤버 전원이 작사에 참여한 ‘일곱페이지(Dear My Friend)’가 수록될 예정이다.",
                "subjectConsistencyYn": "Y"
            },
            {
                "sentenceNo": 9,
                "sentenceContent": "또한 앨범 발매일까지 차례로 다양한 콘텐츠가 공개될 것으로 알려져 열띤 반응이 이어지고 있다.",
                "subjectConsistencyYn": "Y"
            },
            {
                "sentenceNo": 10,
                "sentenceContent": "데뷔와 동시에 국내외 팬들에게 뜨거운 관심을 받은 미래소년은 지난 12월 28일 Mnet 재팬에서 방송된 ‘2021 엠넷 재팬 팬스 초이스 어워즈(Mnet Japan Fan’s Choice Awards)’에서 신인상을 수상하며 2021년 빛나는 활약을 증명했다.",
                "subjectConsistencyYn": "Y"
            },
            {
                "sentenceNo": 11,
                "sentenceContent": "미래소년은 2021년 3월에 ‘KILLA - MIRAE 1st Mini Album’로 데뷔했으며, 두 번째 앨범 ‘Splash - MIRAE 2nd Mini Album’ 이후 약 3개월 만의 컴백이다.",
                "subjectConsistencyYn": "Y"
            },
            {
                "sentenceNo": 12,
                "sentenceContent": "두 번째 미니앨범 타이틀곡 ‘Splash’는 발매 직후 아이튠즈 차트에서 베트남 4위, 네덜란드 5위, 태국 5위, 일본 31위 등 이름을 올렸고, 뮤직비디오 공개 이후 닷새 만에 1000만 뷰를 돌파하는 등 아직까지 폭발적인 사랑을 받고 있다.",
                "subjectConsistencyYn": "Y"
            },
            {
                "sentenceNo": 13,
                "sentenceContent": "한편, 미래소년의 세 번째 미니앨범 ‘Marvelous - MIRAE 3rd Mini Album’은 오는 1월 12일(수) 오후 6시 각종 음원사이트를 통해 공개될 예정이다.",
                "subjectConsistencyYn": "Y"
            },
            {
                "sentenceNo": 14,
                "sentenceContent": "미래소년이 본격적으로 컴백 초읽기에 돌입한 가운데, 미래소년 동표와 리안이 <동표(SON DONG PYO)와 리안(LIEN), 겨울에 겨땀(!)나게 한 이것은?!>에 출연해 K-POP 쥬스 속 외국어를 우리말로 개사해 노래하는 모습을 영상에 담았다.",
                "subjectConsistencyYn": "N"
            },
            {
                "sentenceNo": 15,
                "sentenceContent": "두 아이돌은 또 영어가사를 우리말로 개사할 때마다 과일음료에 들어갈 재료를 상으로 받는다. ",
                "subjectConsistencyYn": "N"
            }
        ],
        "clickbaitClass": 0
    }
}