{
    "sourceDataInfo": {
        "newsID": "ET_M13_629421",
        "newsCategory": "연예",
        "newsSubcategory": "방송",
        "newsTitle": "‘내 이름은 캐디’ 이승철 “밖으로~나가 버리고” 열창",
        "newsSubTitle": "",
        "newsContent": "‘내 이름은 캐디’에서 ‘최고의 골퍼’ 타이틀을 거머쥘 체육인을 가려낸다.\n29일 오후 밤 9시에 방송되는 IHQ 예능프로그램 ‘내 이름은 캐디’ 8회에서는 올림픽 메달리스트 3인방의 골프 대결이 펼쳐진다.\n홍차옥, 김미정, 송대남은 ‘올림픽계의 전설’답게 내공 있는 골프 실력을 뽐낸다.\n남다른 파워로 독보적인 장타력을 선보이는 고객부터, 엉뚱한 곳으로 날아간 공이 몇 번씩이나 경사에 맞고 필드에 안착하는 ‘운발’의 주인공까지 등장한다. ‘레전드 스포츠스타’의 파트너가 된 만큼, 이승철, 김성주, 안정환은 큰 책임감을 갖고 서포팅에 임한다.\n그러나 깃대가 휘어질 정도의 바람에 모두 넋을 잃은 채 우왕좌왕하기 시작, 갑작스러운 강풍이 캐디즈와 고객들을 일동 당황하게 한다.\n이에 고객들이 제 실력을 발휘하지 못하고 OB 향연을 펼치자, 이승철은 “밖으로~나가 버리고”라고 열창하며 상대 팀을 놀리는 데 열을 올렸다는 후문이다.\n설상가상으로 사방이 장애물로 둘러싸인 코스에서 진행되는 경기에 모두 난항을 겪는다.\n급기야 물에 공을 빠트리는 고객까지 등장, 상상치도 못한 실수 때문에 자존심에 스크래치를 입는다.\n위기에 빠진 ‘불운의 주인공’은 누구일지, 예상치 못한 변수를 이겨낼 최후의 1인은 누가 될지 궁금증이 더해진다.\n다양한 계층의 게스트가 골프 선수가 되어 MC 캐디와 함께 게임을 진행하는 독특한 포맷의 골프 예능프로그램 ‘내 이름은 캐디’는 29일 밤 9시 채널 IHQ에서 안방극장에 배송된다.",
        "partNum": "P2",
        "useType": 0,
        "processType": "D",
        "processPattern": "24",
        "processLevel": "상",
        "sentenceCount": 10,
        "processSentencenum": 2,
        "sentenceInfo": [
            {
                "sentenceNo": 1,
                "sentenceContent": "‘내 이름은 캐디’에서 ‘최고의 골퍼’ 타이틀을 거머쥘 체육인을 가려낸다.",
                "sentenceSize": 41
            },
            {
                "sentenceNo": 2,
                "sentenceContent": "29일 오후 밤 9시에 방송되는 IHQ 예능프로그램 ‘내 이름은 캐디’ 8회에서는 올림픽 메달리스트 3인방의 골프 대결이 펼쳐진다.",
                "sentenceSize": 73
            },
            {
                "sentenceNo": 3,
                "sentenceContent": "홍차옥, 김미정, 송대남은 ‘올림픽계의 전설’답게 내공 있는 골프 실력을 뽐낸다.",
                "sentenceSize": 45
            },
            {
                "sentenceNo": 4,
                "sentenceContent": "남다른 파워로 독보적인 장타력을 선보이는 고객부터, 엉뚱한 곳으로 날아간 공이 몇 번씩이나 경사에 맞고 필드에 안착하는 ‘운발’의 주인공까지 등장한다. ‘레전드 스포츠스타’의 파트너가 된 만큼, 이승철, 김성주, 안정환은 큰 책임감을 갖고 서포팅에 임한다.",
                "sentenceSize": 143
            },
            {
                "sentenceNo": 5,
                "sentenceContent": "그러나 깃대가 휘어질 정도의 바람에 모두 넋을 잃은 채 우왕좌왕하기 시작, 갑작스러운 강풍이 캐디즈와 고객들을 일동 당황하게 한다.",
                "sentenceSize": 73
            },
            {
                "sentenceNo": 6,
                "sentenceContent": "이에 고객들이 제 실력을 발휘하지 못하고 OB 향연을 펼치자, 이승철은 “밖으로~나가 버리고”라고 열창하며 상대 팀을 놀리는 데 열을 올렸다는 후문이다.",
                "sentenceSize": 85
            },
            {
                "sentenceNo": 7,
                "sentenceContent": "설상가상으로 사방이 장애물로 둘러싸인 코스에서 진행되는 경기에 모두 난항을 겪는다.",
                "sentenceSize": 46
            },
            {
                "sentenceNo": 8,
                "sentenceContent": "급기야 물에 공을 빠트리는 고객까지 등장, 상상치도 못한 실수 때문에 자존심에 스크래치를 입는다.",
                "sentenceSize": 54
            },
            {
                "sentenceNo": 9,
                "sentenceContent": "위기에 빠진 ‘불운의 주인공’은 누구일지, 예상치 못한 변수를 이겨낼 최후의 1인은 누가 될지 궁금증이 더해진다.",
                "sentenceSize": 63
            },
            {
                "sentenceNo": 10,
                "sentenceContent": "다양한 계층의 게스트가 골프 선수가 되어 MC 캐디와 함께 게임을 진행하는 독특한 포맷의 골프 예능프로그램 ‘내 이름은 캐디’는 29일 밤 9시 채널 IHQ에서 안방극장에 배송된다.",
                "sentenceSize": 101
            }
        ]
    },
    "labeledDataInfo": {
        "processSentenceInfo": [
            {
                "sentenceNo": 1,
                "sentenceContent": "‘내 이름은 캐디’에서 ‘최고의 골퍼’ 타이틀을 거머쥘 체육인을 가려낸다.",
                "subjectConsistencyYn": "Y"
            },
            {
                "sentenceNo": 2,
                "sentenceContent": "29일 오후 밤 9시에 방송되는 IHQ 예능프로그램 ‘내 이름은 캐디’ 8회에서는 올림픽 메달리스트 3인방의 골프 대결이 펼쳐진다.",
                "subjectConsistencyYn": "Y"
            },
            {
                "sentenceNo": 3,
                "sentenceContent": "홍차옥, 김미정, 송대남은 ‘올림픽계의 전설’답게 내공 있는 골프 실력을 뽐낸다.",
                "subjectConsistencyYn": "Y"
            },
            {
                "sentenceNo": 4,
                "sentenceContent": "남다른 파워로 독보적인 장타력을 선보이는 고객부터, 엉뚱한 곳으로 날아간 공이 몇 번씩이나 경사에 맞고 필드에 안착하는 ‘운발’의 주인공까지 등장한다. ‘레전드 스포츠스타’의 파트너가 된 만큼, 이승철, 김성주, 안정환은 큰 책임감을 갖고 서포팅에 임한다.",
                "subjectConsistencyYn": "Y"
            },
            {
                "sentenceNo": 5,
                "sentenceContent": "그러나 깃대가 휘어질 정도의 바람에 모두 넋을 잃은 채 우왕좌왕하기 시작, 갑작스러운 강풍이 캐디즈와 고객들을 일동 당황하게 한다.",
                "subjectConsistencyYn": "Y"
            },
            {
                "sentenceNo": 6,
                "sentenceContent": "이에 고객들이 제 실력을 발휘하지 못하고 OB 향연을 펼치자, 이승철은 “밖으로~나가 버리고”라고 열창하며 상대 팀을 놀리는 데 열을 올렸다는 후문이다.",
                "subjectConsistencyYn": "Y"
            },
            {
                "sentenceNo": 7,
                "sentenceContent": "설상가상으로 사방이 장애물로 둘러싸인 코스에서 진행되는 경기에 모두 난항을 겪는다.",
                "subjectConsistencyYn": "Y"
            },
            {
                "sentenceNo": 8,
                "sentenceContent": "급기야 물에 공을 빠트리는 고객까지 등장, 상상치도 못한 실수 때문에 자존심에 스크래치를 입는다.",
                "subjectConsistencyYn": "Y"
            },
            {
                "sentenceNo": 9,
                "sentenceContent": "위기에 빠진 ‘불운의 주인공’은 누구일지, 예상치 못한 변수를 이겨낼 최후의 1인은 누가 될지 궁금증이 더해진다.",
                "subjectConsistencyYn": "Y"
            },
            {
                "sentenceNo": 10,
                "sentenceContent": "다양한 계층의 게스트가 골프 선수가 되어 MC 캐디와 함께 게임을 진행하는 독특한 포맷의 골프 예능프로그램 ‘내 이름은 캐디’는 29일 밤 9시 채널 IHQ에서 안방극장에 배송된다.",
                "subjectConsistencyYn": "Y"
            },
            {
                "sentenceNo": 11,
                "sentenceContent": "‘내 이름은 캐디’ 8회에서 ‘최고의 골퍼’ 타이틀을 거머쥘 체육인을 가려내는 한편, '내 이름은 캐디' 출연진 이승철은 데뷔 이후 꾸준히 대가의 작품을 수집하고 있다.",
                "subjectConsistencyYn": "N"
            },
            {
                "sentenceNo": 12,
                "sentenceContent": "실제 최근 인터뷰로 찾아간 서울 성북동 이승철의 집에는 세계에서 가장 비싸게 작품이 팔린다는 영국 현대 미술가 데미안 허스트의 회화 작품(Spot 시리즈), 한국 조각계의 거장 최종태 작가의 작품을 볼 수 있었다.",
                "subjectConsistencyYn": "N"
            }
        ],
        "clickbaitClass": 0
    }
}