{
    "sourceDataInfo": {
        "newsID": "ET_M13_629460",
        "newsCategory": "연예",
        "newsSubcategory": "연예일반",
        "newsTitle": "JDB엔터 코미디언들, 재치 넘치는 새해 인사",
        "newsSubTitle": "",
        "newsContent": "JDB엔터테인먼트(이하 JDB)의 소속 코미디언들이 새해에도 풍성한 웃음을 약속했다.\n1일 JDB 소속의 김대희, 김준호, 박나래, 유민상, 김지민, 김민경 등 20명이 새해 인사를 전했다.\n먼저 JDB 대선배 김대희는 “2022년 호랑이 기운 받으시고 건강하고 행복한 한 해 되세요”라며 애정이 담긴 메시지를 전했다. ‘미운 우리 새끼’와 ‘신발 벗고 돌싱포맨’으로 바쁜 한 해를 보낸 김준호는 “새해 복 많이 받자~냐”라고 자신의 유행을 섞었다.\n박나래와 유민상, 김민경의 인사도 눈길을 끌었다.\n박나래는 “우리 모두 2022년 호랑이 기운을 받아 어려운 시기를 이겨냅시다!”라고 호랑이를 연상하게 하는 포즈를 선보였다. ‘맛있는 녀석들’에 출연 중인 유민상과 김민경은 “임인년 복 많이 받으세요” “2022년 새해가 밝았습니다. 언제나처럼 밝고 건강한 한 해 되세요”라고 새해 인사를 전했다.\n이밖에도 김지민, 박영진, 오나미, 홍윤화-김민기 부부, 박소영, 홍인규, 한윤서, 이세진, 박진호, 이정인, 박이안도 메시지를 건넸다.\n2020년 하반기, 2021년 상반기에 JDB와 계약한 랄랄과 윤석민 역시 영상을 통해서 새해 소망을 기원했다.\n이들은 훈훈함이 가득한 메시지로 올해도 건강하고 활기찬 웃음을 전하고자 하는 포부를 밝혔다.\nJDB엔터테인먼트는 김대희, 김준호, 박나래 등 국내 톱 예능인들이 소속된 종합 매니지먼트사로 방송, 공연, 사회관계망서비스(SNS) 등의 플랫폼을 통해 다양한 콘텐츠를 제공하고 있다.",
        "partNum": "P2",
        "useType": 0,
        "processType": "D",
        "processPattern": "24",
        "processLevel": "상",
        "sentenceCount": 9,
        "processSentencenum": 2,
        "sentenceInfo": [
            {
                "sentenceNo": 1,
                "sentenceContent": "JDB엔터테인먼트(이하 JDB)의 소속 코미디언들이 새해에도 풍성한 웃음을 약속했다.",
                "sentenceSize": 47
            },
            {
                "sentenceNo": 2,
                "sentenceContent": "1일 JDB 소속의 김대희, 김준호, 박나래, 유민상, 김지민, 김민경 등 20명이 새해 인사를 전했다.",
                "sentenceSize": 58
            },
            {
                "sentenceNo": 3,
                "sentenceContent": "먼저 JDB 대선배 김대희는 “2022년 호랑이 기운 받으시고 건강하고 행복한 한 해 되세요”라며 애정이 담긴 메시지를 전했다. ‘미운 우리 새끼’와 ‘신발 벗고 돌싱포맨’으로 바쁜 한 해를 보낸 김준호는 “새해 복 많이 받자~냐”라고 자신의 유행을 섞었다.",
                "sentenceSize": 144
            },
            {
                "sentenceNo": 4,
                "sentenceContent": "박나래와 유민상, 김민경의 인사도 눈길을 끌었다.",
                "sentenceSize": 27
            },
            {
                "sentenceNo": 5,
                "sentenceContent": "박나래는 “우리 모두 2022년 호랑이 기운을 받아 어려운 시기를 이겨냅시다!”라고 호랑이를 연상하게 하는 포즈를 선보였다. ‘맛있는 녀석들’에 출연 중인 유민상과 김민경은 “임인년 복 많이 받으세요” “2022년 새해가 밝았습니다. 언제나처럼 밝고 건강한 한 해 되세요”라고 새해 인사를 전했다.",
                "sentenceSize": 166
            },
            {
                "sentenceNo": 6,
                "sentenceContent": "이밖에도 김지민, 박영진, 오나미, 홍윤화-김민기 부부, 박소영, 홍인규, 한윤서, 이세진, 박진호, 이정인, 박이안도 메시지를 건넸다.",
                "sentenceSize": 76
            },
            {
                "sentenceNo": 7,
                "sentenceContent": "2020년 하반기, 2021년 상반기에 JDB와 계약한 랄랄과 윤석민 역시 영상을 통해서 새해 소망을 기원했다.",
                "sentenceSize": 62
            },
            {
                "sentenceNo": 8,
                "sentenceContent": "이들은 훈훈함이 가득한 메시지로 올해도 건강하고 활기찬 웃음을 전하고자 하는 포부를 밝혔다.",
                "sentenceSize": 51
            },
            {
                "sentenceNo": 9,
                "sentenceContent": "JDB엔터테인먼트는 김대희, 김준호, 박나래 등 국내 톱 예능인들이 소속된 종합 매니지먼트사로 방송, 공연, 사회관계망서비스(SNS) 등의 플랫폼을 통해 다양한 콘텐츠를 제공하고 있다.",
                "sentenceSize": 103
            }
        ]
    },
    "labeledDataInfo": {
        "processSentenceInfo": [
            {
                "sentenceNo": 1,
                "sentenceContent": "JDB엔터테인먼트(이하 JDB)의 소속 코미디언들이 새해에도 풍성한 웃음을 약속했다.",
                "subjectConsistencyYn": "Y"
            },
            {
                "sentenceNo": 2,
                "sentenceContent": "1일 JDB 소속의 김대희, 김준호, 박나래, 유민상, 김지민, 김민경 등 20명이 새해 인사를 전했다.",
                "subjectConsistencyYn": "Y"
            },
            {
                "sentenceNo": 3,
                "sentenceContent": "먼저 JDB 대선배 김대희는 “2022년 호랑이 기운 받으시고 건강하고 행복한 한 해 되세요”라며 애정이 담긴 메시지를 전했다. ‘미운 우리 새끼’와 ‘신발 벗고 돌싱포맨’으로 바쁜 한 해를 보낸 김준호는 “새해 복 많이 받자~냐”라고 자신의 유행을 섞었다.",
                "subjectConsistencyYn": "Y"
            },
            {
                "sentenceNo": 4,
                "sentenceContent": "박나래와 유민상, 김민경의 인사도 눈길을 끌었다.",
                "subjectConsistencyYn": "Y"
            },
            {
                "sentenceNo": 5,
                "sentenceContent": "박나래는 “우리 모두 2022년 호랑이 기운을 받아 어려운 시기를 이겨냅시다!”라고 호랑이를 연상하게 하는 포즈를 선보였다. ‘맛있는 녀석들’에 출연 중인 유민상과 김민경은 “임인년 복 많이 받으세요” “2022년 새해가 밝았습니다. 언제나처럼 밝고 건강한 한 해 되세요”라고 새해 인사를 전했다.",
                "subjectConsistencyYn": "Y"
            },
            {
                "sentenceNo": 6,
                "sentenceContent": "이밖에도 김지민, 박영진, 오나미, 홍윤화-김민기 부부, 박소영, 홍인규, 한윤서, 이세진, 박진호, 이정인, 박이안도 메시지를 건넸다.",
                "subjectConsistencyYn": "Y"
            },
            {
                "sentenceNo": 7,
                "sentenceContent": "2020년 하반기, 2021년 상반기에 JDB와 계약한 랄랄과 윤석민 역시 영상을 통해서 새해 소망을 기원했다.",
                "subjectConsistencyYn": "Y"
            },
            {
                "sentenceNo": 8,
                "sentenceContent": "이들은 훈훈함이 가득한 메시지로 올해도 건강하고 활기찬 웃음을 전하고자 하는 포부를 밝혔다.",
                "subjectConsistencyYn": "Y"
            },
            {
                "sentenceNo": 9,
                "sentenceContent": "JDB엔터테인먼트는 김대희, 김준호, 박나래 등 국내 톱 예능인들이 소속된 종합 매니지먼트사로 방송, 공연, 사회관계망서비스(SNS) 등의 플랫폼을 통해 다양한 콘텐츠를 제공하고 있다.",
                "subjectConsistencyYn": "Y"
            },
            {
                "sentenceNo": 10,
                "sentenceContent": "JDB엔터테인먼트의 소속 코미디언들이 새해에도 풍성한 웃음을 약속한 한편, 블록체인 서비스 플랫폼 플레이댑과 파트너십을 체결했다고 오늘 밝혔다.",
                "subjectConsistencyYn": "N"
            },
            {
                "sentenceNo": 11,
                "sentenceContent": "이번 계약으로 최근 메타버스 플랫폼 ‘로블록스’에 출시된 신작 <플레이댑 랜드> 내에 ‘JDB 월드’를 구축하여 일반인과 개그맨들이 함께 호흡하며 코미디 공연을 즐길 수 있는 메타버스 콘텐츠를 마련한다는 계획이다.",
                "subjectConsistencyYn": "N"
            }
        ],
        "clickbaitClass": 0
    }
}