{
    "sourceDataInfo": {
        "newsID": "ET_M13_629630",
        "newsCategory": "연예",
        "newsSubcategory": "음악",
        "newsTitle": "하이브 레이블즈, 10년간 앨범 5천만장 넘었다",
        "newsSubTitle": "",
        "newsContent": "하이브(HYBE) 레이블즈 아티스트들이 가온차트 2021 연간 앨범 차트에 이어 10년 누적 앨범 판매량에서도 압도적인 존재감을 과시했다.\n가온차트가 지난 10일 발표한 10년 누적 앨범 데이터(2011년 1월~2021년 11월 발매 앨범)에 따르면, 하이브 레이블즈 아티스트들은 총 5,067만 7,254장(2021년 11월 30일 기준)의 앨범 판매량을 기록했다.\n데이터 집계기간에 방탄소년단은 총 3,278만 3,223장의 누적 앨범 판매량을 기록, 앨범 최다 판매 아티스트가 됐다.\n특히, 지난 2020년 2월 발매된 ‘MAP OF THE SOUL : 7’은 460만 장 이상 팔려 방탄소년단의 위상을 재확인시켰다.\n방탄소년단과 함께 ‘K-팝 양대산맥’으로 군림 중인 세븐틴은 누적 앨범 판매량 1,020만 1,354장을 기록하며 ‘텐 밀리언셀러’ 반열에 올랐다.\n세븐틴의 누적 앨범 판매량은 지난 2019년 중반까지 약 300만 장이었으나 2년 3개월 만에 1,000만 장을 돌파하는 폭발적 성장세를 보였다.\n하이브 레이블즈의 4세대 대표 아이돌 투모로우바이투게더와 ENHYPEN(엔하이픈)의 활약도 돋보였다.\n투모로우바이투게더는 333만 2,307장, ENHYPEN은 250만 9,729장의 누적 앨범 판매량을 기록하며 각각 데뷔 3년 차, 2년 차(이상 집계기간인 2021년 기준) 그룹 중 앨범 최다 판매 아티스트가 됐다.\n이외에도 뉴이스트가 185만 641장의 누적 앨범 판매량을 기록함에 따라 하이브의 모든 보이그룹이 누적 앨범 판매량 100만 장 이상을 달성했으며, 누적 앨범 판매량 100만 장을 넘긴 23개 그룹 중 5개 팀이 하이브 레이블 소속이다.\n한편, 가온차트가 이에 앞서 지난 7일 발표한 ‘2021년 연간 앨범 차트’ 톱 100에서 하이브 레이블즈 아티스트들은 총 26개 앨범으로 연간 누적 판매량 1,523만 1,390장을 기록했다.",
        "partNum": "P2",
        "useType": 0,
        "processType": "D",
        "processPattern": "24",
        "processLevel": "상",
        "sentenceCount": 10,
        "processSentencenum": 2,
        "sentenceInfo": [
            {
                "sentenceNo": 1,
                "sentenceContent": "하이브(HYBE) 레이블즈 아티스트들이 가온차트 2021 연간 앨범 차트에 이어 10년 누적 앨범 판매량에서도 압도적인 존재감을 과시했다.",
                "sentenceSize": 77
            },
            {
                "sentenceNo": 2,
                "sentenceContent": "가온차트가 지난 10일 발표한 10년 누적 앨범 데이터(2011년 1월~2021년 11월 발매 앨범)에 따르면, 하이브 레이블즈 아티스트들은 총 5,067만 7,254장(2021년 11월 30일 기준)의 앨범 판매량을 기록했다.",
                "sentenceSize": 127
            },
            {
                "sentenceNo": 3,
                "sentenceContent": "데이터 집계기간에 방탄소년단은 총 3,278만 3,223장의 누적 앨범 판매량을 기록, 앨범 최다 판매 아티스트가 됐다.",
                "sentenceSize": 67
            },
            {
                "sentenceNo": 4,
                "sentenceContent": "특히, 지난 2020년 2월 발매된 ‘MAP OF THE SOUL : 7’은 460만 장 이상 팔려 방탄소년단의 위상을 재확인시켰다.",
                "sentenceSize": 74
            },
            {
                "sentenceNo": 5,
                "sentenceContent": "방탄소년단과 함께 ‘K-팝 양대산맥’으로 군림 중인 세븐틴은 누적 앨범 판매량 1,020만 1,354장을 기록하며 ‘텐 밀리언셀러’ 반열에 올랐다.",
                "sentenceSize": 82
            },
            {
                "sentenceNo": 6,
                "sentenceContent": "세븐틴의 누적 앨범 판매량은 지난 2019년 중반까지 약 300만 장이었으나 2년 3개월 만에 1,000만 장을 돌파하는 폭발적 성장세를 보였다.",
                "sentenceSize": 81
            },
            {
                "sentenceNo": 7,
                "sentenceContent": "하이브 레이블즈의 4세대 대표 아이돌 투모로우바이투게더와 ENHYPEN(엔하이픈)의 활약도 돋보였다.",
                "sentenceSize": 56
            },
            {
                "sentenceNo": 8,
                "sentenceContent": "투모로우바이투게더는 333만 2,307장, ENHYPEN은 250만 9,729장의 누적 앨범 판매량을 기록하며 각각 데뷔 3년 차, 2년 차(이상 집계기간인 2021년 기준) 그룹 중 앨범 최다 판매 아티스트가 됐다.",
                "sentenceSize": 121
            },
            {
                "sentenceNo": 9,
                "sentenceContent": "이외에도 뉴이스트가 185만 641장의 누적 앨범 판매량을 기록함에 따라 하이브의 모든 보이그룹이 누적 앨범 판매량 100만 장 이상을 달성했으며, 누적 앨범 판매량 100만 장을 넘긴 23개 그룹 중 5개 팀이 하이브 레이블 소속이다.",
                "sentenceSize": 132
            },
            {
                "sentenceNo": 10,
                "sentenceContent": "한편, 가온차트가 이에 앞서 지난 7일 발표한 ‘2021년 연간 앨범 차트’ 톱 100에서 하이브 레이블즈 아티스트들은 총 26개 앨범으로 연간 누적 판매량 1,523만 1,390장을 기록했다.",
                "sentenceSize": 108
            }
        ]
    },
    "labeledDataInfo": {
        "processSentenceInfo": [
            {
                "sentenceNo": 1,
                "sentenceContent": "하이브(HYBE) 레이블즈 아티스트들이 가온차트 2021 연간 앨범 차트에 이어 10년 누적 앨범 판매량에서도 압도적인 존재감을 과시했다.",
                "subjectConsistencyYn": "Y"
            },
            {
                "sentenceNo": 2,
                "sentenceContent": "가온차트가 지난 10일 발표한 10년 누적 앨범 데이터(2011년 1월~2021년 11월 발매 앨범)에 따르면, 하이브 레이블즈 아티스트들은 총 5,067만 7,254장(2021년 11월 30일 기준)의 앨범 판매량을 기록했다.",
                "subjectConsistencyYn": "Y"
            },
            {
                "sentenceNo": 3,
                "sentenceContent": "데이터 집계기간에 방탄소년단은 총 3,278만 3,223장의 누적 앨범 판매량을 기록, 앨범 최다 판매 아티스트가 됐다.",
                "subjectConsistencyYn": "Y"
            },
            {
                "sentenceNo": 4,
                "sentenceContent": "특히, 지난 2020년 2월 발매된 ‘MAP OF THE SOUL : 7’은 460만 장 이상 팔려 방탄소년단의 위상을 재확인시켰다.",
                "subjectConsistencyYn": "Y"
            },
            {
                "sentenceNo": 5,
                "sentenceContent": "방탄소년단과 함께 ‘K-팝 양대산맥’으로 군림 중인 세븐틴은 누적 앨범 판매량 1,020만 1,354장을 기록하며 ‘텐 밀리언셀러’ 반열에 올랐다.",
                "subjectConsistencyYn": "Y"
            },
            {
                "sentenceNo": 6,
                "sentenceContent": "세븐틴의 누적 앨범 판매량은 지난 2019년 중반까지 약 300만 장이었으나 2년 3개월 만에 1,000만 장을 돌파하는 폭발적 성장세를 보였다.",
                "subjectConsistencyYn": "Y"
            },
            {
                "sentenceNo": 7,
                "sentenceContent": "하이브 레이블즈의 4세대 대표 아이돌 투모로우바이투게더와 ENHYPEN(엔하이픈)의 활약도 돋보였다.",
                "subjectConsistencyYn": "Y"
            },
            {
                "sentenceNo": 8,
                "sentenceContent": "투모로우바이투게더는 333만 2,307장, ENHYPEN은 250만 9,729장의 누적 앨범 판매량을 기록하며 각각 데뷔 3년 차, 2년 차(이상 집계기간인 2021년 기준) 그룹 중 앨범 최다 판매 아티스트가 됐다.",
                "subjectConsistencyYn": "Y"
            },
            {
                "sentenceNo": 9,
                "sentenceContent": "이외에도 뉴이스트가 185만 641장의 누적 앨범 판매량을 기록함에 따라 하이브의 모든 보이그룹이 누적 앨범 판매량 100만 장 이상을 달성했으며, 누적 앨범 판매량 100만 장을 넘긴 23개 그룹 중 5개 팀이 하이브 레이블 소속이다.",
                "subjectConsistencyYn": "Y"
            },
            {
                "sentenceNo": 10,
                "sentenceContent": "한편, 가온차트가 이에 앞서 지난 7일 발표한 ‘2021년 연간 앨범 차트’ 톱 100에서 하이브 레이블즈 아티스트들은 총 26개 앨범으로 연간 누적 판매량 1,523만 1,390장을 기록했다.",
                "subjectConsistencyYn": "Y"
            },
            {
                "sentenceNo": 11,
                "sentenceContent": "가온차트의 10년 누적 앨범 데이터에 따르면, 하이브 레이블즈 아티스트들은 총 5,067만 7,254장의 앨범 판매량을 기록해 압도적 존재감을 과시한 가운데, '2022 마마 어워즈'에서도 막강한 '하이브 파워'를 보여줬다.",
                "subjectConsistencyYn": "N"
            },
            {
                "sentenceNo": 12,
                "sentenceContent": "래퍼 지코, 방탄소년단, 제이홉, 세븐틴, 투모로우바이투게더, 엔하이픈, 르세라핌 등 하이브 레이블즈 아티스트들은 '2022 마마 어워즈'에서 11개 부문, 총 14개의 트로피를 들어 올렸다.",
                "subjectConsistencyYn": "N"
            }
        ],
        "clickbaitClass": 0
    }
}