{
    "sourceDataInfo": {
        "newsID": "ET_M13_629237",
        "newsCategory": "연예",
        "newsSubcategory": "방송",
        "newsTitle": "이경규×김정은×딘딘 ‘호적메이트’ 2022년 1월 4일 온다",
        "newsSubTitle": "",
        "newsContent": "이경규X김정은X딘딘이 2022년 1월 4일 돌아온다.\nMBC ‘호적메이트’가 2022년 1월 4일 화요일 저녁 첫 방송된다 태어나보니 호적메이트가 된, 좋아도 내 편 싫어도 내편인 가족의 일상을 보여주는 본격 남의 집 형제자매 탐구 프로젝트이다.\nMBC가 2022년 야심 차게 선보이는 신개념 관찰 예능으로 큰 기대를 모으고 있다.\n특히 ‘호적메이트’는 지난 추석 파일럿 방영 당시 받은 뜨거운 호평에 힘입어 정규 편성이 확정된 것이라 더욱 주목된다.\n이런 가운데 ‘호적메이트’는 2022년 1월 4일 화요일 밤 9시 첫 방송된다.\n2022년 새해, 가족의 의미를 되새길 수 있는 폭풍 공감 예능 ‘호적메이트’가 될 것으로 기대된다.\n정규 편성된 ‘호적메이트’에는 예능 대부 이경규, 예능 대세 딘딘, 파일럿 방영 당시 플루티스트 동생과의 일상을 공개한 것은 물론 MC로도 활약해 화제를 모은 김정은이 3MC로 뭉쳤다.\n새롭게 공개된 스틸 속 3MC는 보기만 해도 미소가 지어지는 화기애애한 모습으로 눈길을 사로잡았다.\n추석 연휴 파일럿 이후 다시 뭉친 3CM의 티키타카와 호흡이 환상적이라는 후문. 관찰 예능의 재미를 더해줄 3MC의 활약도 ‘호적메이트’의 중요 시청포인트가 될 전망이다.\nMBC ‘호적메이트’는 앞으로 다양한 게스트들과 함께 오늘은 친구 같고, 내일은 원수 같은 호적메이트의 모든 것을 선보인다.\n2022년 새해를 웃음과 공감으로 채워줄 본격 남의 집 형제자매 탐구 프로젝트 ‘호적메이트’는 2022년 1월 4일 화요일 밤 9시 첫 방송된다.",
        "partNum": "P2",
        "useType": 0,
        "processType": "D",
        "processPattern": "24",
        "processLevel": "상",
        "sentenceCount": 11,
        "processSentencenum": 2,
        "sentenceInfo": [
            {
                "sentenceNo": 1,
                "sentenceContent": "이경규X김정은X딘딘이 2022년 1월 4일 돌아온다.",
                "sentenceSize": 29
            },
            {
                "sentenceNo": 2,
                "sentenceContent": "MBC ‘호적메이트’가 2022년 1월 4일 화요일 저녁 첫 방송된다 태어나보니 호적메이트가 된, 좋아도 내 편 싫어도 내편인 가족의 일상을 보여주는 본격 남의 집 형제자매 탐구 프로젝트이다.",
                "sentenceSize": 107
            },
            {
                "sentenceNo": 3,
                "sentenceContent": "MBC가 2022년 야심 차게 선보이는 신개념 관찰 예능으로 큰 기대를 모으고 있다.",
                "sentenceSize": 47
            },
            {
                "sentenceNo": 4,
                "sentenceContent": "특히 ‘호적메이트’는 지난 추석 파일럿 방영 당시 받은 뜨거운 호평에 힘입어 정규 편성이 확정된 것이라 더욱 주목된다.",
                "sentenceSize": 66
            },
            {
                "sentenceNo": 5,
                "sentenceContent": "이런 가운데 ‘호적메이트’는 2022년 1월 4일 화요일 밤 9시 첫 방송된다.",
                "sentenceSize": 44
            },
            {
                "sentenceNo": 6,
                "sentenceContent": "2022년 새해, 가족의 의미를 되새길 수 있는 폭풍 공감 예능 ‘호적메이트’가 될 것으로 기대된다.",
                "sentenceSize": 56
            },
            {
                "sentenceNo": 7,
                "sentenceContent": "정규 편성된 ‘호적메이트’에는 예능 대부 이경규, 예능 대세 딘딘, 파일럿 방영 당시 플루티스트 동생과의 일상을 공개한 것은 물론 MC로도 활약해 화제를 모은 김정은이 3MC로 뭉쳤다.",
                "sentenceSize": 103
            },
            {
                "sentenceNo": 8,
                "sentenceContent": "새롭게 공개된 스틸 속 3MC는 보기만 해도 미소가 지어지는 화기애애한 모습으로 눈길을 사로잡았다.",
                "sentenceSize": 55
            },
            {
                "sentenceNo": 9,
                "sentenceContent": "추석 연휴 파일럿 이후 다시 뭉친 3CM의 티키타카와 호흡이 환상적이라는 후문. 관찰 예능의 재미를 더해줄 3MC의 활약도 ‘호적메이트’의 중요 시청포인트가 될 전망이다.",
                "sentenceSize": 95
            },
            {
                "sentenceNo": 10,
                "sentenceContent": "MBC ‘호적메이트’는 앞으로 다양한 게스트들과 함께 오늘은 친구 같고, 내일은 원수 같은 호적메이트의 모든 것을 선보인다.",
                "sentenceSize": 69
            },
            {
                "sentenceNo": 11,
                "sentenceContent": "2022년 새해를 웃음과 공감으로 채워줄 본격 남의 집 형제자매 탐구 프로젝트 ‘호적메이트’는 2022년 1월 4일 화요일 밤 9시 첫 방송된다.",
                "sentenceSize": 81
            }
        ]
    },
    "labeledDataInfo": {
        "processSentenceInfo": [
            {
                "sentenceNo": 1,
                "sentenceContent": "이경규X김정은X딘딘이 2022년 1월 4일 돌아온다.",
                "subjectConsistencyYn": "Y"
            },
            {
                "sentenceNo": 2,
                "sentenceContent": "MBC ‘호적메이트’가 2022년 1월 4일 화요일 저녁 첫 방송된다 태어나보니 호적메이트가 된, 좋아도 내 편 싫어도 내편인 가족의 일상을 보여주는 본격 남의 집 형제자매 탐구 프로젝트이다.",
                "subjectConsistencyYn": "Y"
            },
            {
                "sentenceNo": 3,
                "sentenceContent": "MBC가 2022년 야심 차게 선보이는 신개념 관찰 예능으로 큰 기대를 모으고 있다.",
                "subjectConsistencyYn": "Y"
            },
            {
                "sentenceNo": 4,
                "sentenceContent": "특히 ‘호적메이트’는 지난 추석 파일럿 방영 당시 받은 뜨거운 호평에 힘입어 정규 편성이 확정된 것이라 더욱 주목된다.",
                "subjectConsistencyYn": "Y"
            },
            {
                "sentenceNo": 5,
                "sentenceContent": "이런 가운데 ‘호적메이트’는 2022년 1월 4일 화요일 밤 9시 첫 방송된다.",
                "subjectConsistencyYn": "Y"
            },
            {
                "sentenceNo": 6,
                "sentenceContent": "2022년 새해, 가족의 의미를 되새길 수 있는 폭풍 공감 예능 ‘호적메이트’가 될 것으로 기대된다.",
                "subjectConsistencyYn": "Y"
            },
            {
                "sentenceNo": 7,
                "sentenceContent": "정규 편성된 ‘호적메이트’에는 예능 대부 이경규, 예능 대세 딘딘, 파일럿 방영 당시 플루티스트 동생과의 일상을 공개한 것은 물론 MC로도 활약해 화제를 모은 김정은이 3MC로 뭉쳤다.",
                "subjectConsistencyYn": "Y"
            },
            {
                "sentenceNo": 8,
                "sentenceContent": "새롭게 공개된 스틸 속 3MC는 보기만 해도 미소가 지어지는 화기애애한 모습으로 눈길을 사로잡았다.",
                "subjectConsistencyYn": "Y"
            },
            {
                "sentenceNo": 9,
                "sentenceContent": "추석 연휴 파일럿 이후 다시 뭉친 3CM의 티키타카와 호흡이 환상적이라는 후문. 관찰 예능의 재미를 더해줄 3MC의 활약도 ‘호적메이트’의 중요 시청포인트가 될 전망이다.",
                "subjectConsistencyYn": "Y"
            },
            {
                "sentenceNo": 10,
                "sentenceContent": "MBC ‘호적메이트’는 앞으로 다양한 게스트들과 함께 오늘은 친구 같고, 내일은 원수 같은 호적메이트의 모든 것을 선보인다.",
                "subjectConsistencyYn": "Y"
            },
            {
                "sentenceNo": 11,
                "sentenceContent": "2022년 새해를 웃음과 공감으로 채워줄 본격 남의 집 형제자매 탐구 프로젝트 ‘호적메이트’는 2022년 1월 4일 화요일 밤 9시 첫 방송된다.",
                "subjectConsistencyYn": "Y"
            },
            {
                "sentenceNo": 12,
                "sentenceContent": "남의 집 형제자매 탐구 프로젝트 ‘호적메이트’에 출연하는 이경규는 '남자의 자격'이 주최한 라면 요리 대회에 출전하여 닭 국물과 청양고추 베이스로 만든 꼬꼬면으로 준우승을 차지했다. ",
                "subjectConsistencyYn": "N"
            },
            {
                "sentenceNo": 13,
                "sentenceContent": "이 꼬꼬면은 주식회사 '팔도'에서 상품화되었고 2011년 8월 초 출시 이후 시장에서 돌풍을 일으키기도 했다. ",
                "subjectConsistencyYn": "N"
            }
        ],
        "clickbaitClass": 0
    }
}