{
    "sourceDataInfo": {
        "newsID": "ET_M13_629179",
        "newsCategory": "연예",
        "newsSubcategory": "연예일반",
        "newsTitle": "신정환, 비판 여론 의식했나? “입에만 메이크업 할걸”",
        "newsSubTitle": "",
        "newsContent": "방송인 신정환이 복잡한 심경을 드러냈다.\n신정환은 14일 자신의 인스타그램에 “메이크업 입만 할걸..”이라는 글과 함께 사진 한 장을 게재했다.\n공개된 사진에는 얼굴 전체를 탈색 가발로 가린 신정환의 모습이 담겼다.\n해당 사진은 14일 열린 TV조선 메타버스 예능 ‘부캐전성시대’ 제작발표회를 위해 분장한 모습이다.\n신정환은 3년 만에 예능에 복귀, 부캐 ‘씬스틸러’로 활약할 예정이다.\n이를 본 누리꾼들은 “오빠 넘 귀여워요” “기사보고 왔습니다” “안 나오면 안되냐” 등의 상반된 반응을 보냈다.\n신정환의 글은 비판 여론에 대한 반응으로 해석된다.\n이날 신정환은 제작발표회가 끝난 후 대중들의 부정적인 반응에 직면했다.\n주요 포탈사이트에는 신정환의 과거 사건이 재조명되며 비난의 화살이 쏟아졌다.\n한편, 신정환이 출연하는 ‘부캐전성시대’는 오는 19일 밤 10시 30분 TV조선을 통해 첫 방송된다.",
        "partNum": "P2",
        "useType": 0,
        "processType": "D",
        "processPattern": "24",
        "processLevel": "상",
        "sentenceCount": 10,
        "processSentencenum": 2,
        "sentenceInfo": [
            {
                "sentenceNo": 1,
                "sentenceContent": "방송인 신정환이 복잡한 심경을 드러냈다.",
                "sentenceSize": 22
            },
            {
                "sentenceNo": 2,
                "sentenceContent": "신정환은 14일 자신의 인스타그램에 “메이크업 입만 할걸..”이라는 글과 함께 사진 한 장을 게재했다.",
                "sentenceSize": 57
            },
            {
                "sentenceNo": 3,
                "sentenceContent": "공개된 사진에는 얼굴 전체를 탈색 가발로 가린 신정환의 모습이 담겼다.",
                "sentenceSize": 39
            },
            {
                "sentenceNo": 4,
                "sentenceContent": "해당 사진은 14일 열린 TV조선 메타버스 예능 ‘부캐전성시대’ 제작발표회를 위해 분장한 모습이다.",
                "sentenceSize": 55
            },
            {
                "sentenceNo": 5,
                "sentenceContent": "신정환은 3년 만에 예능에 복귀, 부캐 ‘씬스틸러’로 활약할 예정이다.",
                "sentenceSize": 39
            },
            {
                "sentenceNo": 6,
                "sentenceContent": "이를 본 누리꾼들은 “오빠 넘 귀여워요” “기사보고 왔습니다” “안 나오면 안되냐” 등의 상반된 반응을 보냈다.",
                "sentenceSize": 62
            },
            {
                "sentenceNo": 7,
                "sentenceContent": "신정환의 글은 비판 여론에 대한 반응으로 해석된다.",
                "sentenceSize": 28
            },
            {
                "sentenceNo": 8,
                "sentenceContent": "이날 신정환은 제작발표회가 끝난 후 대중들의 부정적인 반응에 직면했다.",
                "sentenceSize": 39
            },
            {
                "sentenceNo": 9,
                "sentenceContent": "주요 포탈사이트에는 신정환의 과거 사건이 재조명되며 비난의 화살이 쏟아졌다.",
                "sentenceSize": 42
            },
            {
                "sentenceNo": 10,
                "sentenceContent": "한편, 신정환이 출연하는 ‘부캐전성시대’는 오는 19일 밤 10시 30분 TV조선을 통해 첫 방송된다.",
                "sentenceSize": 57
            }
        ]
    },
    "labeledDataInfo": {
        "processSentenceInfo": [
            {
                "sentenceNo": 1,
                "sentenceContent": "방송인 신정환이 복잡한 심경을 드러냈다.",
                "subjectConsistencyYn": "Y"
            },
            {
                "sentenceNo": 2,
                "sentenceContent": "신정환은 14일 자신의 인스타그램에 “메이크업 입만 할걸..”이라는 글과 함께 사진 한 장을 게재했다.",
                "subjectConsistencyYn": "Y"
            },
            {
                "sentenceNo": 3,
                "sentenceContent": "공개된 사진에는 얼굴 전체를 탈색 가발로 가린 신정환의 모습이 담겼다.",
                "subjectConsistencyYn": "Y"
            },
            {
                "sentenceNo": 4,
                "sentenceContent": "해당 사진은 14일 열린 TV조선 메타버스 예능 ‘부캐전성시대’ 제작발표회를 위해 분장한 모습이다.",
                "subjectConsistencyYn": "Y"
            },
            {
                "sentenceNo": 5,
                "sentenceContent": "신정환은 3년 만에 예능에 복귀, 부캐 ‘씬스틸러’로 활약할 예정이다.",
                "subjectConsistencyYn": "Y"
            },
            {
                "sentenceNo": 6,
                "sentenceContent": "이를 본 누리꾼들은 “오빠 넘 귀여워요” “기사보고 왔습니다” “안 나오면 안되냐” 등의 상반된 반응을 보냈다.",
                "subjectConsistencyYn": "Y"
            },
            {
                "sentenceNo": 7,
                "sentenceContent": "신정환의 글은 비판 여론에 대한 반응으로 해석된다.",
                "subjectConsistencyYn": "Y"
            },
            {
                "sentenceNo": 8,
                "sentenceContent": "이날 신정환은 제작발표회가 끝난 후 대중들의 부정적인 반응에 직면했다.",
                "subjectConsistencyYn": "Y"
            },
            {
                "sentenceNo": 9,
                "sentenceContent": "주요 포탈사이트에는 신정환의 과거 사건이 재조명되며 비난의 화살이 쏟아졌다.",
                "subjectConsistencyYn": "Y"
            },
            {
                "sentenceNo": 10,
                "sentenceContent": "한편, 신정환이 출연하는 ‘부캐전성시대’는 오는 19일 밤 10시 30분 TV조선을 통해 첫 방송된다.",
                "subjectConsistencyYn": "Y"
            },
            {
                "sentenceNo": 11,
                "sentenceContent": "신정환에게 비난의 화살이 쏟아지며 자신의 인스타그램에 복잡한 심경을 드러낸 한편, 신정환은 과거에 가수 활동을 하여 인기를 끈 바가 있다.",
                "subjectConsistencyYn": "N"
            },
            {
                "sentenceNo": 12,
                "sentenceContent": "신정환의 노래로는 'Oh! Happy', '하얀 겨울', 'Happy Christmas' 등이 있다.",
                "subjectConsistencyYn": "N"
            }
        ],
        "clickbaitClass": 0
    }
}