{
    "sourceDataInfo": {
        "newsID": "ET_M13_629351",
        "newsCategory": "연예",
        "newsSubcategory": "음악",
        "newsTitle": "원위, 미니 2집 타이틀곡은 ‘너의 우주는’",
        "newsSubTitle": "",
        "newsContent": "보이밴드 원위(ONEWE)가 신보의 트랙리스트를 공개했다.\n원위(용훈·강현·하린·동명·키아)는 오늘(24일) 0시, 공식 SNS를 통해 미니 2집 ‘Planet Nine : VOYAGER’(플래닛 나인 : 보이저)의 트랙리스트를 선보였다.\n공개된 트랙리스트에 따르면, 원위의 미니 2집 ‘Planet Nine : VOYAGER’에는 타이틀곡 ‘너의 우주는 (Universe_)’을 포함해 ‘우물 속 작은 아이 (Envision_)’, ‘꿈속에서 놓친 너, 옅은 잠결에 흐르길 (Montage_)’, ‘시발점 (Trigger_)’, ‘궤도 (Orbit_)’, ‘선물할게요 (From_)’ 등 총 6개 트랙이 수록됐다.\n특히, 이번 앨범은 다섯 멤버들의 자작곡으로만 채워진 가운데, 원위는 데뷔 후 발표한 모든 곡 작업에 참여해온 만큼 한층 성장한 음악적 역량을 보여줄 것으로 기대된다.\nRBW 소속 프로듀서 전다운, 코코두부아빠가 힘을 보태 완성도를 높였다.\n이와 함께 트랙리스트에는 미지의 행성을 둘러싼 각 트랙들의 궤도가 그려져 있어 눈길을 끈다. ‘여행자’라는 뜻을 가진 ‘VOYAGER’의 의미를 살려 원위의 ‘우주 시리즈’를 이어갈 것을 예고해 기대를 모은다.\n원위는 내달 4일 미니 2집 ‘Planet Nine : VOYAGER’를 발표한다.\n전작 Planet Nine : Alter Ego’를 통해 원위의 또 다른 자아를 보여줬다면, 신보에는 원위만의 행성에서 새로운 발걸음을 내딛는 다섯 멤버의 모습을 그려냈다. 이를 위해 멤버 전원이 곡 작업에 참여한 것은 물론 콘셉트 역시 멤버들의 한층 깊어진 분위기를 녹여내 5인 5색 매력의 정점을 찍을 예정이다. 한편, 원위의 미니 2집 ‘Planet Nine : VOYAGER’는 오늘(24일) 각종 온라인 음반 판매 사이트를 통해 예약 판매가 시작된다.\n신보는 136p 분량의 포토북을 비롯해 스탬프 스티커, 패스포트, 포토카드, 포스터 등 다채로운 구성으로 이뤄졌다.",
        "partNum": "P2",
        "useType": 0,
        "processType": "D",
        "processPattern": "24",
        "processLevel": "상",
        "sentenceCount": 9,
        "processSentencenum": 2,
        "sentenceInfo": [
            {
                "sentenceNo": 1,
                "sentenceContent": "보이밴드 원위(ONEWE)가 신보의 트랙리스트를 공개했다.",
                "sentenceSize": 32
            },
            {
                "sentenceNo": 2,
                "sentenceContent": "원위(용훈·강현·하린·동명·키아)는 오늘(24일) 0시, 공식 SNS를 통해 미니 2집 ‘Planet Nine : VOYAGER’(플래닛 나인 : 보이저)의 트랙리스트를 선보였다.",
                "sentenceSize": 100
            },
            {
                "sentenceNo": 3,
                "sentenceContent": "공개된 트랙리스트에 따르면, 원위의 미니 2집 ‘Planet Nine : VOYAGER’에는 타이틀곡 ‘너의 우주는 (Universe_)’을 포함해 ‘우물 속 작은 아이 (Envision_)’, ‘꿈속에서 놓친 너, 옅은 잠결에 흐르길 (Montage_)’, ‘시발점 (Trigger_)’, ‘궤도 (Orbit_)’, ‘선물할게요 (From_)’ 등 총 6개 트랙이 수록됐다.",
                "sentenceSize": 210
            },
            {
                "sentenceNo": 4,
                "sentenceContent": "특히, 이번 앨범은 다섯 멤버들의 자작곡으로만 채워진 가운데, 원위는 데뷔 후 발표한 모든 곡 작업에 참여해온 만큼 한층 성장한 음악적 역량을 보여줄 것으로 기대된다.",
                "sentenceSize": 93
            },
            {
                "sentenceNo": 5,
                "sentenceContent": "RBW 소속 프로듀서 전다운, 코코두부아빠가 힘을 보태 완성도를 높였다.",
                "sentenceSize": 40
            },
            {
                "sentenceNo": 6,
                "sentenceContent": "이와 함께 트랙리스트에는 미지의 행성을 둘러싼 각 트랙들의 궤도가 그려져 있어 눈길을 끈다. ‘여행자’라는 뜻을 가진 ‘VOYAGER’의 의미를 살려 원위의 ‘우주 시리즈’를 이어갈 것을 예고해 기대를 모은다.",
                "sentenceSize": 117
            },
            {
                "sentenceNo": 7,
                "sentenceContent": "원위는 내달 4일 미니 2집 ‘Planet Nine : VOYAGER’를 발표한다.",
                "sentenceSize": 46
            },
            {
                "sentenceNo": 8,
                "sentenceContent": "전작 Planet Nine : Alter Ego’를 통해 원위의 또 다른 자아를 보여줬다면, 신보에는 원위만의 행성에서 새로운 발걸음을 내딛는 다섯 멤버의 모습을 그려냈다. 이를 위해 멤버 전원이 곡 작업에 참여한 것은 물론 콘셉트 역시 멤버들의 한층 깊어진 분위기를 녹여내 5인 5색 매력의 정점을 찍을 예정이다. 한편, 원위의 미니 2집 ‘Planet Nine : VOYAGER’는 오늘(24일) 각종 온라인 음반 판매 사이트를 통해 예약 판매가 시작된다.",
                "sentenceSize": 257
            },
            {
                "sentenceNo": 9,
                "sentenceContent": "신보는 136p 분량의 포토북을 비롯해 스탬프 스티커, 패스포트, 포토카드, 포스터 등 다채로운 구성으로 이뤄졌다.",
                "sentenceSize": 64
            }
        ]
    },
    "labeledDataInfo": {
        "processSentenceInfo": [
            {
                "sentenceNo": 1,
                "sentenceContent": "보이밴드 원위(ONEWE)가 신보의 트랙리스트를 공개했다.",
                "subjectConsistencyYn": "Y"
            },
            {
                "sentenceNo": 2,
                "sentenceContent": "원위(용훈·강현·하린·동명·키아)는 오늘(24일) 0시, 공식 SNS를 통해 미니 2집 ‘Planet Nine : VOYAGER’(플래닛 나인 : 보이저)의 트랙리스트를 선보였다.",
                "subjectConsistencyYn": "Y"
            },
            {
                "sentenceNo": 3,
                "sentenceContent": "공개된 트랙리스트에 따르면, 원위의 미니 2집 ‘Planet Nine : VOYAGER’에는 타이틀곡 ‘너의 우주는 (Universe_)’을 포함해 ‘우물 속 작은 아이 (Envision_)’, ‘꿈속에서 놓친 너, 옅은 잠결에 흐르길 (Montage_)’, ‘시발점 (Trigger_)’, ‘궤도 (Orbit_)’, ‘선물할게요 (From_)’ 등 총 6개 트랙이 수록됐다.",
                "subjectConsistencyYn": "Y"
            },
            {
                "sentenceNo": 4,
                "sentenceContent": "특히, 이번 앨범은 다섯 멤버들의 자작곡으로만 채워진 가운데, 원위는 데뷔 후 발표한 모든 곡 작업에 참여해온 만큼 한층 성장한 음악적 역량을 보여줄 것으로 기대된다.",
                "subjectConsistencyYn": "Y"
            },
            {
                "sentenceNo": 5,
                "sentenceContent": "RBW 소속 프로듀서 전다운, 코코두부아빠가 힘을 보태 완성도를 높였다.",
                "subjectConsistencyYn": "Y"
            },
            {
                "sentenceNo": 6,
                "sentenceContent": "이와 함께 트랙리스트에는 미지의 행성을 둘러싼 각 트랙들의 궤도가 그려져 있어 눈길을 끈다. ‘여행자’라는 뜻을 가진 ‘VOYAGER’의 의미를 살려 원위의 ‘우주 시리즈’를 이어갈 것을 예고해 기대를 모은다.",
                "subjectConsistencyYn": "Y"
            },
            {
                "sentenceNo": 7,
                "sentenceContent": "원위는 내달 4일 미니 2집 ‘Planet Nine : VOYAGER’를 발표한다.",
                "subjectConsistencyYn": "Y"
            },
            {
                "sentenceNo": 8,
                "sentenceContent": "전작 Planet Nine : Alter Ego’를 통해 원위의 또 다른 자아를 보여줬다면, 신보에는 원위만의 행성에서 새로운 발걸음을 내딛는 다섯 멤버의 모습을 그려냈다. 이를 위해 멤버 전원이 곡 작업에 참여한 것은 물론 콘셉트 역시 멤버들의 한층 깊어진 분위기를 녹여내 5인 5색 매력의 정점을 찍을 예정이다. 한편, 원위의 미니 2집 ‘Planet Nine : VOYAGER’는 오늘(24일) 각종 온라인 음반 판매 사이트를 통해 예약 판매가 시작된다.",
                "subjectConsistencyYn": "Y"
            },
            {
                "sentenceNo": 9,
                "sentenceContent": "신보는 136p 분량의 포토북을 비롯해 스탬프 스티커, 패스포트, 포토카드, 포스터 등 다채로운 구성으로 이뤄졌다.",
                "subjectConsistencyYn": "Y"
            },
            {
                "sentenceNo": 10,
                "sentenceContent": "타이틀곡 '너의 우주는'이 포함된 신보의 트랙리스트를 공개한 보이밴드 원위가 데뷔 이래 모든 곡 작업을 자체적으로 진행하고 있어 팬들의 관심을 끌고 있다.  ",
                "subjectConsistencyYn": "N"
            },
            {
                "sentenceNo": 11,
                "sentenceContent": "특히 기타를 맡고 있는 강현은 다수의 전문가들과 선배 밴드들에게 극찬을 받고 있는 기타리스트로 PD들이 찾아와 기타 녹음을 의뢰하는 것이 빈번할 정도라고 알려졌다.",
                "subjectConsistencyYn": "N"
            }
        ],
        "clickbaitClass": 0
    }
}