{
    "sourceDataInfo": {
        "newsID": "ET_M13_629587",
        "newsCategory": "연예",
        "newsSubcategory": "방송",
        "newsTitle": "‘복면가왕’ 카바디 국대 이장군 “인도 BTS...공항 프리 패스”",
        "newsSubTitle": "",
        "newsContent": "‘복면가왕’ 얼음왕자는 이장군 선수였다.\n9일 오후 방송된 MBC ‘복면가왕’에서는 가왕 겨울아이에 도전하는 복면 가수 8인의 노래가 귀호강을 선사했다.\n이날 1라운드 두 번째 대결은 얼음왕자와 얼음공주가 붙었다.\n두 사람은 데이브레이크 ‘들었다 놨다’를 선곡했다.\n달콤하면서 허스키한 목소리를 자랑하는 얼음왕자와 맑고 청아한 얼음공주의 음색이 판정단의 마음을 몽글몽글하게 만들었다.\n대결 결과 16 대 5로 얼음공주가 승리해 2R에 진출했다.\n솔로곡 izi ‘응급실’을 부르며 복면을 벗은 얼음왕자의 정체는 카바디 국가대표 이장군 선수로 밝혀졌다.\n노래가 타고났다는 말에 이장군 선수는 “목소리 좋다고 해주시니까 너무 감동 받았다. 처음에 배우라고 추측했을 때 엄청 좋았다”라고 말해 웃음을 안겼다.\n인도 전통 스포츠인 카바디다.\n인도의 슈퍼스타 이장군 선수는 “2014년 인천 아시안 게임이 끝나고 그때 눈에 띄어서 인도 프로리그에 처음 가서 생활을 했다”라고 전했다.\n대한민국이 인도를 꺾은 적이 있다는 말에 그는 “지금까지 인도가 아시안게임을 해오면서 전승으로 금메달을 따왔었는데 2018년 자카르타 아시안게임 때 대한민국이 예선에서 인도를 이기면서 동메달을 획득했다”라고 말했다.\n인도에서 인기가 많냐는 물음에 이장군 선수는 “저를 소개할 때 인도의 BTS라고 소개한다. 2014, 5년 당시 제가 인기가 조금 더 많았던 거 같다. 지금은 약간 건드리면 안 된다”라고 밝혀 폭소케 했다.\n인도 공항에서 프리패스로 통과된다는 말에 그는 “인도 공항은 보안이 철저해서 군인들이 공항을 지키고 있고 검사를 한다. 군인이나 공항 직원들이 저를 알아보면 여권 검사도 없이 바로 통과해준다”라고 말해 깜짝 놀라게 했다.\n카바디를 홍보하기 위해 예능에 나왔다는 이장군 선수는 “카바디라는 종목이 한국에서 비인기 중 비인기 종목이다. 지인들은 인도에서 인기 많으니까 왜 한국 오냐, 인도에서 살라고 했는데 그렇게 살게 되면 한국에 있는 카바디 국가대표 선수들과 어린 친구들이 힘들고 저만 잘 되기 때문에 포기했다. 한국에 와서 카바디를 알려서 모든 선수가 잘됐으면 해서 나왔다”라고 마음을 전했다.\n2022년 소망을 묻자 그는 “2022년은 항저우 아시안게임이 있다. 좋은 모습을 보여드리는 게 큰 목표다. 카바디를 알려서 하고자 하는 선수들이 생계 걱정 없이 마음껏 운동할 수 있었으면 좋겠다”라고 밝혔다.\n한편 MBC ‘복면가왕’은 매주 일요일 오후 6시 5분에 만나볼 수 있다.",
        "partNum": "P2",
        "useType": 0,
        "processType": "D",
        "processPattern": "24",
        "processLevel": "상",
        "sentenceCount": 16,
        "processSentencenum": 2,
        "sentenceInfo": [
            {
                "sentenceNo": 1,
                "sentenceContent": "‘복면가왕’ 얼음왕자는 이장군 선수였다.",
                "sentenceSize": 22
            },
            {
                "sentenceNo": 2,
                "sentenceContent": "9일 오후 방송된 MBC ‘복면가왕’에서는 가왕 겨울아이에 도전하는 복면 가수 8인의 노래가 귀호강을 선사했다.",
                "sentenceSize": 62
            },
            {
                "sentenceNo": 3,
                "sentenceContent": "이날 1라운드 두 번째 대결은 얼음왕자와 얼음공주가 붙었다.",
                "sentenceSize": 33
            },
            {
                "sentenceNo": 4,
                "sentenceContent": "두 사람은 데이브레이크 ‘들었다 놨다’를 선곡했다.",
                "sentenceSize": 28
            },
            {
                "sentenceNo": 5,
                "sentenceContent": "달콤하면서 허스키한 목소리를 자랑하는 얼음왕자와 맑고 청아한 얼음공주의 음색이 판정단의 마음을 몽글몽글하게 만들었다.",
                "sentenceSize": 65
            },
            {
                "sentenceNo": 6,
                "sentenceContent": "대결 결과 16 대 5로 얼음공주가 승리해 2R에 진출했다.",
                "sentenceSize": 33
            },
            {
                "sentenceNo": 7,
                "sentenceContent": "솔로곡 izi ‘응급실’을 부르며 복면을 벗은 얼음왕자의 정체는 카바디 국가대표 이장군 선수로 밝혀졌다.",
                "sentenceSize": 58
            },
            {
                "sentenceNo": 8,
                "sentenceContent": "노래가 타고났다는 말에 이장군 선수는 “목소리 좋다고 해주시니까 너무 감동 받았다. 처음에 배우라고 추측했을 때 엄청 좋았다”라고 말해 웃음을 안겼다.",
                "sentenceSize": 84
            },
            {
                "sentenceNo": 9,
                "sentenceContent": "인도 전통 스포츠인 카바디다.",
                "sentenceSize": 16
            },
            {
                "sentenceNo": 10,
                "sentenceContent": "인도의 슈퍼스타 이장군 선수는 “2014년 인천 아시안 게임이 끝나고 그때 눈에 띄어서 인도 프로리그에 처음 가서 생활을 했다”라고 전했다.",
                "sentenceSize": 78
            },
            {
                "sentenceNo": 11,
                "sentenceContent": "대한민국이 인도를 꺾은 적이 있다는 말에 그는 “지금까지 인도가 아시안게임을 해오면서 전승으로 금메달을 따왔었는데 2018년 자카르타 아시안게임 때 대한민국이 예선에서 인도를 이기면서 동메달을 획득했다”라고 말했다.",
                "sentenceSize": 120
            },
            {
                "sentenceNo": 12,
                "sentenceContent": "인도에서 인기가 많냐는 물음에 이장군 선수는 “저를 소개할 때 인도의 BTS라고 소개한다. 2014, 5년 당시 제가 인기가 조금 더 많았던 거 같다. 지금은 약간 건드리면 안 된다”라고 밝혀 폭소케 했다.",
                "sentenceSize": 115
            },
            {
                "sentenceNo": 13,
                "sentenceContent": "인도 공항에서 프리패스로 통과된다는 말에 그는 “인도 공항은 보안이 철저해서 군인들이 공항을 지키고 있고 검사를 한다. 군인이나 공항 직원들이 저를 알아보면 여권 검사도 없이 바로 통과해준다”라고 말해 깜짝 놀라게 했다.",
                "sentenceSize": 123
            },
            {
                "sentenceNo": 14,
                "sentenceContent": "카바디를 홍보하기 위해 예능에 나왔다는 이장군 선수는 “카바디라는 종목이 한국에서 비인기 중 비인기 종목이다. 지인들은 인도에서 인기 많으니까 왜 한국 오냐, 인도에서 살라고 했는데 그렇게 살게 되면 한국에 있는 카바디 국가대표 선수들과 어린 친구들이 힘들고 저만 잘 되기 때문에 포기했다. 한국에 와서 카바디를 알려서 모든 선수가 잘됐으면 해서 나왔다”라고 마음을 전했다.",
                "sentenceSize": 209
            },
            {
                "sentenceNo": 15,
                "sentenceContent": "2022년 소망을 묻자 그는 “2022년은 항저우 아시안게임이 있다. 좋은 모습을 보여드리는 게 큰 목표다. 카바디를 알려서 하고자 하는 선수들이 생계 걱정 없이 마음껏 운동할 수 있었으면 좋겠다”라고 밝혔다.",
                "sentenceSize": 117
            },
            {
                "sentenceNo": 16,
                "sentenceContent": "한편 MBC ‘복면가왕’은 매주 일요일 오후 6시 5분에 만나볼 수 있다.",
                "sentenceSize": 41
            }
        ]
    },
    "labeledDataInfo": {
        "processSentenceInfo": [
            {
                "sentenceNo": 1,
                "sentenceContent": "‘복면가왕’ 얼음왕자는 이장군 선수였다.",
                "subjectConsistencyYn": "Y"
            },
            {
                "sentenceNo": 2,
                "sentenceContent": "9일 오후 방송된 MBC ‘복면가왕’에서는 가왕 겨울아이에 도전하는 복면 가수 8인의 노래가 귀호강을 선사했다.",
                "subjectConsistencyYn": "Y"
            },
            {
                "sentenceNo": 3,
                "sentenceContent": "이날 1라운드 두 번째 대결은 얼음왕자와 얼음공주가 붙었다.",
                "subjectConsistencyYn": "Y"
            },
            {
                "sentenceNo": 4,
                "sentenceContent": "두 사람은 데이브레이크 ‘들었다 놨다’를 선곡했다.",
                "subjectConsistencyYn": "Y"
            },
            {
                "sentenceNo": 5,
                "sentenceContent": "달콤하면서 허스키한 목소리를 자랑하는 얼음왕자와 맑고 청아한 얼음공주의 음색이 판정단의 마음을 몽글몽글하게 만들었다.",
                "subjectConsistencyYn": "Y"
            },
            {
                "sentenceNo": 6,
                "sentenceContent": "대결 결과 16 대 5로 얼음공주가 승리해 2R에 진출했다.",
                "subjectConsistencyYn": "Y"
            },
            {
                "sentenceNo": 7,
                "sentenceContent": "솔로곡 izi ‘응급실’을 부르며 복면을 벗은 얼음왕자의 정체는 카바디 국가대표 이장군 선수로 밝혀졌다.",
                "subjectConsistencyYn": "Y"
            },
            {
                "sentenceNo": 8,
                "sentenceContent": "노래가 타고났다는 말에 이장군 선수는 “목소리 좋다고 해주시니까 너무 감동 받았다. 처음에 배우라고 추측했을 때 엄청 좋았다”라고 말해 웃음을 안겼다.",
                "subjectConsistencyYn": "Y"
            },
            {
                "sentenceNo": 9,
                "sentenceContent": "인도 전통 스포츠인 카바디다.",
                "subjectConsistencyYn": "Y"
            },
            {
                "sentenceNo": 10,
                "sentenceContent": "인도의 슈퍼스타 이장군 선수는 “2014년 인천 아시안 게임이 끝나고 그때 눈에 띄어서 인도 프로리그에 처음 가서 생활을 했다”라고 전했다.",
                "subjectConsistencyYn": "Y"
            },
            {
                "sentenceNo": 11,
                "sentenceContent": "대한민국이 인도를 꺾은 적이 있다는 말에 그는 “지금까지 인도가 아시안게임을 해오면서 전승으로 금메달을 따왔었는데 2018년 자카르타 아시안게임 때 대한민국이 예선에서 인도를 이기면서 동메달을 획득했다”라고 말했다.",
                "subjectConsistencyYn": "Y"
            },
            {
                "sentenceNo": 12,
                "sentenceContent": "인도에서 인기가 많냐는 물음에 이장군 선수는 “저를 소개할 때 인도의 BTS라고 소개한다. 2014, 5년 당시 제가 인기가 조금 더 많았던 거 같다. 지금은 약간 건드리면 안 된다”라고 밝혀 폭소케 했다.",
                "subjectConsistencyYn": "Y"
            },
            {
                "sentenceNo": 13,
                "sentenceContent": "인도 공항에서 프리패스로 통과된다는 말에 그는 “인도 공항은 보안이 철저해서 군인들이 공항을 지키고 있고 검사를 한다. 군인이나 공항 직원들이 저를 알아보면 여권 검사도 없이 바로 통과해준다”라고 말해 깜짝 놀라게 했다.",
                "subjectConsistencyYn": "Y"
            },
            {
                "sentenceNo": 14,
                "sentenceContent": "카바디를 홍보하기 위해 예능에 나왔다는 이장군 선수는 “카바디라는 종목이 한국에서 비인기 중 비인기 종목이다. 지인들은 인도에서 인기 많으니까 왜 한국 오냐, 인도에서 살라고 했는데 그렇게 살게 되면 한국에 있는 카바디 국가대표 선수들과 어린 친구들이 힘들고 저만 잘 되기 때문에 포기했다. 한국에 와서 카바디를 알려서 모든 선수가 잘됐으면 해서 나왔다”라고 마음을 전했다.",
                "subjectConsistencyYn": "Y"
            },
            {
                "sentenceNo": 15,
                "sentenceContent": "2022년 소망을 묻자 그는 “2022년은 항저우 아시안게임이 있다. 좋은 모습을 보여드리는 게 큰 목표다. 카바디를 알려서 하고자 하는 선수들이 생계 걱정 없이 마음껏 운동할 수 있었으면 좋겠다”라고 밝혔다.",
                "subjectConsistencyYn": "Y"
            },
            {
                "sentenceNo": 16,
                "sentenceContent": "한편 MBC ‘복면가왕’은 매주 일요일 오후 6시 5분에 만나볼 수 있다.",
                "subjectConsistencyYn": "Y"
            },
            {
                "sentenceNo": 17,
                "sentenceContent": "MBC ‘복면가왕’에서 가왕 겨울아이에 도전하는 복면 가수 8인의 노래가 귀호강을 선사한 가운데, MBC 2022 카타르월드컵 중계진이 이번 월드컵을 MBC를 통해 봐야 하는 이유가 많다고 입을 모았다.  ",
                "subjectConsistencyYn": "N"
            },
            {
                "sentenceNo": 18,
                "sentenceContent": "특히 이번 월드컵이 안정환이 해설위원으로 참여하는 마지막 월드컵이 될 수 있다고 해 관심이 쏠린다.",
                "subjectConsistencyYn": "N"
            }
        ],
        "clickbaitClass": 0
    }
}