{
    "sourceDataInfo": {
        "newsID": "ET_M13_629610",
        "newsCategory": "연예",
        "newsSubcategory": "음악",
        "newsTitle": "장민호, 신곡 ‘정답은 없다’ 무대 최초 공개",
        "newsSubTitle": "",
        "newsContent": "가수 장민호가 신곡 무대를 최초 공개한다.\n장민호는 11일 오후 방송되는 TV CHOSUN ‘화요일은 밤이 좋아’에 출연해 신곡 ‘정답은 없다’ 무대를 꾸민다.\n이날 장민호는 지난 6일 발매한 첫 번째 미니앨범 ‘에세이 ep.1’의 수록곡 ‘정답은 없다’ 무대를 방송 최초로 공개한다.\n이번 신곡을 통해 ‘레트로트’에 도전한 장민호는 라이브는 물론, 숨겨왔던 댄스 실력을 발휘하며 음악팬들의 눈과 귀를 사로잡을 예정이다. ‘에세이 ep.1’은 장민호가 데뷔 후 처음 선보이는 미니앨범인 만큼, 이전에 보여주지 않았던 새로운 매력을 느낄 수 있는 다채로운 다섯 곡으로 구성됐다.\n특히 이번 신보에는 조영수, 뮤지, 알고보니 혼수상태, 김선민, 최재은 등 가요계 내로라하는 프로듀서들이 참여해 장민호와 음악적 시너지를 자아냈다. ‘정답은 없다’는 레트로 뮤직의 선두주자 뮤지가 프로듀싱을 맡은 곡으로, 80년대 유로 댄스 장르를 트로트와 결합해 ‘레트로트’라는 새로운 사운드를 완성했다.\n모든 세대의 공감을 아우르는 댄서블하고 중독성 있는 음악이 듣기만 해도 흥을 유발한다.\n한편, 장민호가 출연하는 ‘화요일은 밤이 좋아’는 11일 오후 10시 방송된다.",
        "partNum": "P2",
        "useType": 0,
        "processType": "D",
        "processPattern": "24",
        "processLevel": "상",
        "sentenceCount": 7,
        "processSentencenum": 2,
        "sentenceInfo": [
            {
                "sentenceNo": 1,
                "sentenceContent": "가수 장민호가 신곡 무대를 최초 공개한다.",
                "sentenceSize": 23
            },
            {
                "sentenceNo": 2,
                "sentenceContent": "장민호는 11일 오후 방송되는 TV CHOSUN ‘화요일은 밤이 좋아’에 출연해 신곡 ‘정답은 없다’ 무대를 꾸민다.",
                "sentenceSize": 65
            },
            {
                "sentenceNo": 3,
                "sentenceContent": "이날 장민호는 지난 6일 발매한 첫 번째 미니앨범 ‘에세이 ep.1’의 수록곡 ‘정답은 없다’ 무대를 방송 최초로 공개한다.",
                "sentenceSize": 69
            },
            {
                "sentenceNo": 4,
                "sentenceContent": "이번 신곡을 통해 ‘레트로트’에 도전한 장민호는 라이브는 물론, 숨겨왔던 댄스 실력을 발휘하며 음악팬들의 눈과 귀를 사로잡을 예정이다. ‘에세이 ep.1’은 장민호가 데뷔 후 처음 선보이는 미니앨범인 만큼, 이전에 보여주지 않았던 새로운 매력을 느낄 수 있는 다채로운 다섯 곡으로 구성됐다.",
                "sentenceSize": 162
            },
            {
                "sentenceNo": 5,
                "sentenceContent": "특히 이번 신보에는 조영수, 뮤지, 알고보니 혼수상태, 김선민, 최재은 등 가요계 내로라하는 프로듀서들이 참여해 장민호와 음악적 시너지를 자아냈다. ‘정답은 없다’는 레트로 뮤직의 선두주자 뮤지가 프로듀싱을 맡은 곡으로, 80년대 유로 댄스 장르를 트로트와 결합해 ‘레트로트’라는 새로운 사운드를 완성했다.",
                "sentenceSize": 171
            },
            {
                "sentenceNo": 6,
                "sentenceContent": "모든 세대의 공감을 아우르는 댄서블하고 중독성 있는 음악이 듣기만 해도 흥을 유발한다.",
                "sentenceSize": 48
            },
            {
                "sentenceNo": 7,
                "sentenceContent": "한편, 장민호가 출연하는 ‘화요일은 밤이 좋아’는 11일 오후 10시 방송된다.",
                "sentenceSize": 44
            }
        ]
    },
    "labeledDataInfo": {
        "processSentenceInfo": [
            {
                "sentenceNo": 1,
                "sentenceContent": "가수 장민호가 신곡 무대를 최초 공개한다.",
                "subjectConsistencyYn": "Y"
            },
            {
                "sentenceNo": 2,
                "sentenceContent": "장민호는 11일 오후 방송되는 TV CHOSUN ‘화요일은 밤이 좋아’에 출연해 신곡 ‘정답은 없다’ 무대를 꾸민다.",
                "subjectConsistencyYn": "Y"
            },
            {
                "sentenceNo": 3,
                "sentenceContent": "이날 장민호는 지난 6일 발매한 첫 번째 미니앨범 ‘에세이 ep.1’의 수록곡 ‘정답은 없다’ 무대를 방송 최초로 공개한다.",
                "subjectConsistencyYn": "Y"
            },
            {
                "sentenceNo": 4,
                "sentenceContent": "이번 신곡을 통해 ‘레트로트’에 도전한 장민호는 라이브는 물론, 숨겨왔던 댄스 실력을 발휘하며 음악팬들의 눈과 귀를 사로잡을 예정이다. ‘에세이 ep.1’은 장민호가 데뷔 후 처음 선보이는 미니앨범인 만큼, 이전에 보여주지 않았던 새로운 매력을 느낄 수 있는 다채로운 다섯 곡으로 구성됐다.",
                "subjectConsistencyYn": "Y"
            },
            {
                "sentenceNo": 5,
                "sentenceContent": "특히 이번 신보에는 조영수, 뮤지, 알고보니 혼수상태, 김선민, 최재은 등 가요계 내로라하는 프로듀서들이 참여해 장민호와 음악적 시너지를 자아냈다. ‘정답은 없다’는 레트로 뮤직의 선두주자 뮤지가 프로듀싱을 맡은 곡으로, 80년대 유로 댄스 장르를 트로트와 결합해 ‘레트로트’라는 새로운 사운드를 완성했다.",
                "subjectConsistencyYn": "Y"
            },
            {
                "sentenceNo": 6,
                "sentenceContent": "모든 세대의 공감을 아우르는 댄서블하고 중독성 있는 음악이 듣기만 해도 흥을 유발한다.",
                "subjectConsistencyYn": "Y"
            },
            {
                "sentenceNo": 7,
                "sentenceContent": "한편, 장민호가 출연하는 ‘화요일은 밤이 좋아’는 11일 오후 10시 방송된다.",
                "subjectConsistencyYn": "Y"
            },
            {
                "sentenceNo": 8,
                "sentenceContent": "첫 번째 미니앨범 ‘에세이 ep.1’의 수록곡 ‘정답은 없다’ 무대를 최초 공개하는 장민호가 가왕전에서 받은 상금 500만 원을 소아암, 백혈병, 희귀 난치질환으로 고통받고 있는 환우들의 치료비 지원을 위해 기부했다.",
                "subjectConsistencyYn": "N"
            },
            {
                "sentenceNo": 9,
                "sentenceContent": "장민호의 기부에 한국소아암재단의 홍승윤 이사는 \"계속된 선행과 더불어 모델, 노래, 춤 등 다방면에서 활발한 활동 중인 장민호에 대한 앞으로의 활약을 기대한다\"라고 감사를 전했다. ",
                "subjectConsistencyYn": "N"
            }
        ],
        "clickbaitClass": 0
    }
}