{
    "sourceDataInfo": {
        "newsID": "ET_M13_629249",
        "newsCategory": "연예",
        "newsSubcategory": "연예일반",
        "newsTitle": "샤이니 민호, 故 종현 추모 “이게 마지막 같이 찍은 사진”",
        "newsSubTitle": "",
        "newsContent": "샤이니 민호, 故 종현 추모 “이게 마지막 같이 찍은 사진” 그룹 샤이니의 민호가 종현의 4주기를 추모했다.\n민호는 18일 자신의 SNS 인스타그램에 “miss you. 사진첩에 형 사진이 제일 많은데 이게 마지막 같이 찍은 사진이네…오늘 하루는 정말 더 많이 보고싶은 하루다. 항상 건강하고 행복하자. 언제나 형을 응원하고 사랑해 오늘도 전혀 안추워. 내 곁엔 항상 형. 형이 있으니”라는 글과 함께 찍은 사진을 올렸다.\n사진에는 무대 의상을 입고 있는 종현과 공연을 축하하러 간 듯한 민호의 모습이 담겨있다.\n밝은 미소를 짓고 있는 두 사람의 모습이 눈길을 끈다.\n한편 종현은 2008년 샤이네로 데뷔해 ‘누난 너무 예뻐’ ‘산소 같은 너’ ‘루시퍼’ 등 수많은 히트곡을 내며 활발히 활동했으며, 싱어송라이터이자 솔로 가수로서도 뛰어난 역량을 드러냈다.\n지난 2017년 12월 18일 짧은 생을 마치며 많은 이들을 안타깝게 했다.\n평소 우울증을 알아왔던 종현은 서울의 한 레지던스에서 숨진 채 발견됐다.\n경찰은 유서를 남긴 정황 등으로 종현이 극단적 선택을 한 것으로 추정, 부검을 진행하지 않았다. 고 종현의 가족은 2018년 비영리 공익법인 ‘빛이나’를 설립했다.\n재단법인 ‘빛이나’는 문화예술 활동에 전념하는 예술인의 성장을 격려하고 능력향상을 위해 지원하는 법인이다.\n심리상담 및 치유를 위한 센터를 건립, 운영하여 건강한 마음으로 문화예술 활동에 임할 수 있도록 청소년 및 청년 문화예술인을 응원하고 있다.",
        "partNum": "P2",
        "useType": 0,
        "processType": "D",
        "processPattern": "24",
        "processLevel": "상",
        "sentenceCount": 10,
        "processSentencenum": 2,
        "sentenceInfo": [
            {
                "sentenceNo": 1,
                "sentenceContent": "샤이니 민호, 故 종현 추모 “이게 마지막 같이 찍은 사진” 그룹 샤이니의 민호가 종현의 4주기를 추모했다.",
                "sentenceSize": 60
            },
            {
                "sentenceNo": 2,
                "sentenceContent": "민호는 18일 자신의 SNS 인스타그램에 “miss you. 사진첩에 형 사진이 제일 많은데 이게 마지막 같이 찍은 사진이네…오늘 하루는 정말 더 많이 보고싶은 하루다. 항상 건강하고 행복하자. 언제나 형을 응원하고 사랑해 오늘도 전혀 안추워. 내 곁엔 항상 형. 형이 있으니”라는 글과 함께 찍은 사진을 올렸다.",
                "sentenceSize": 175
            },
            {
                "sentenceNo": 3,
                "sentenceContent": "사진에는 무대 의상을 입고 있는 종현과 공연을 축하하러 간 듯한 민호의 모습이 담겨있다.",
                "sentenceSize": 49
            },
            {
                "sentenceNo": 4,
                "sentenceContent": "밝은 미소를 짓고 있는 두 사람의 모습이 눈길을 끈다.",
                "sentenceSize": 30
            },
            {
                "sentenceNo": 5,
                "sentenceContent": "한편 종현은 2008년 샤이네로 데뷔해 ‘누난 너무 예뻐’ ‘산소 같은 너’ ‘루시퍼’ 등 수많은 히트곡을 내며 활발히 활동했으며, 싱어송라이터이자 솔로 가수로서도 뛰어난 역량을 드러냈다.",
                "sentenceSize": 105
            },
            {
                "sentenceNo": 6,
                "sentenceContent": "지난 2017년 12월 18일 짧은 생을 마치며 많은 이들을 안타깝게 했다.",
                "sentenceSize": 42
            },
            {
                "sentenceNo": 7,
                "sentenceContent": "평소 우울증을 알아왔던 종현은 서울의 한 레지던스에서 숨진 채 발견됐다.",
                "sentenceSize": 40
            },
            {
                "sentenceNo": 8,
                "sentenceContent": "경찰은 유서를 남긴 정황 등으로 종현이 극단적 선택을 한 것으로 추정, 부검을 진행하지 않았다. 고 종현의 가족은 2018년 비영리 공익법인 ‘빛이나’를 설립했다.",
                "sentenceSize": 91
            },
            {
                "sentenceNo": 9,
                "sentenceContent": "재단법인 ‘빛이나’는 문화예술 활동에 전념하는 예술인의 성장을 격려하고 능력향상을 위해 지원하는 법인이다.",
                "sentenceSize": 59
            },
            {
                "sentenceNo": 10,
                "sentenceContent": "심리상담 및 치유를 위한 센터를 건립, 운영하여 건강한 마음으로 문화예술 활동에 임할 수 있도록 청소년 및 청년 문화예술인을 응원하고 있다.",
                "sentenceSize": 78
            }
        ]
    },
    "labeledDataInfo": {
        "processSentenceInfo": [
            {
                "sentenceNo": 1,
                "sentenceContent": "샤이니 민호, 故 종현 추모 “이게 마지막 같이 찍은 사진” 그룹 샤이니의 민호가 종현의 4주기를 추모했다.",
                "subjectConsistencyYn": "Y"
            },
            {
                "sentenceNo": 2,
                "sentenceContent": "민호는 18일 자신의 SNS 인스타그램에 “miss you. 사진첩에 형 사진이 제일 많은데 이게 마지막 같이 찍은 사진이네…오늘 하루는 정말 더 많이 보고싶은 하루다. 항상 건강하고 행복하자. 언제나 형을 응원하고 사랑해 오늘도 전혀 안추워. 내 곁엔 항상 형. 형이 있으니”라는 글과 함께 찍은 사진을 올렸다.",
                "subjectConsistencyYn": "Y"
            },
            {
                "sentenceNo": 3,
                "sentenceContent": "사진에는 무대 의상을 입고 있는 종현과 공연을 축하하러 간 듯한 민호의 모습이 담겨있다.",
                "subjectConsistencyYn": "Y"
            },
            {
                "sentenceNo": 4,
                "sentenceContent": "밝은 미소를 짓고 있는 두 사람의 모습이 눈길을 끈다.",
                "subjectConsistencyYn": "Y"
            },
            {
                "sentenceNo": 5,
                "sentenceContent": "한편 종현은 2008년 샤이네로 데뷔해 ‘누난 너무 예뻐’ ‘산소 같은 너’ ‘루시퍼’ 등 수많은 히트곡을 내며 활발히 활동했으며, 싱어송라이터이자 솔로 가수로서도 뛰어난 역량을 드러냈다.",
                "subjectConsistencyYn": "Y"
            },
            {
                "sentenceNo": 6,
                "sentenceContent": "지난 2017년 12월 18일 짧은 생을 마치며 많은 이들을 안타깝게 했다.",
                "subjectConsistencyYn": "Y"
            },
            {
                "sentenceNo": 7,
                "sentenceContent": "평소 우울증을 알아왔던 종현은 서울의 한 레지던스에서 숨진 채 발견됐다.",
                "subjectConsistencyYn": "Y"
            },
            {
                "sentenceNo": 8,
                "sentenceContent": "경찰은 유서를 남긴 정황 등으로 종현이 극단적 선택을 한 것으로 추정, 부검을 진행하지 않았다. 고 종현의 가족은 2018년 비영리 공익법인 ‘빛이나’를 설립했다.",
                "subjectConsistencyYn": "Y"
            },
            {
                "sentenceNo": 9,
                "sentenceContent": "재단법인 ‘빛이나’는 문화예술 활동에 전념하는 예술인의 성장을 격려하고 능력향상을 위해 지원하는 법인이다.",
                "subjectConsistencyYn": "Y"
            },
            {
                "sentenceNo": 10,
                "sentenceContent": "심리상담 및 치유를 위한 센터를 건립, 운영하여 건강한 마음으로 문화예술 활동에 임할 수 있도록 청소년 및 청년 문화예술인을 응원하고 있다.",
                "subjectConsistencyYn": "Y"
            },
            {
                "sentenceNo": 11,
                "sentenceContent": "그룹 샤이니의 민호가 종현의 4주기를 추모한 가운데, 샤이니 키가 MBC '나 혼자 산다'에서 최고의 1분 주인공에 등극, 10년 만에 재회한 ‘떡볶이집 이모님과 작별 인사하는 장면’으로 시청자들의 공감과 뭉클함을 불렀다.",
                "subjectConsistencyYn": "N"
            },
            {
                "sentenceNo": 12,
                "sentenceContent": "키는 오랜만에 고향 대구를 찾아 데뷔 초 라디오에서 ‘고마운 사람’으로 언급할 만큼 각별했던 이모님과 10여 년 만에 재회하는 모습을 보여주며 시청자들에게 웃음과 감동을 동시에 선사했다.",
                "subjectConsistencyYn": "N"
            }
        ],
        "clickbaitClass": 0
    }
}