{
    "sourceDataInfo": {
        "newsID": "ET_M13_629287",
        "newsCategory": "연예",
        "newsSubcategory": "방송",
        "newsTitle": "‘동굴캐슬’ 박건형×이채림, 부부싸움 갈등 예고",
        "newsSubTitle": "",
        "newsContent": "박건형-이채림 부부의 갈등이 최고조에 달한다.\n알콩달콩, 달달한 신혼으로 돌아간 듯 동굴에서 꽃길만 걸을 줄 알았던 박건형-이채림 부부의 갈등이 폭발할 예정이다.\ntvN STORY ‘동굴캐슬’ 1화부터 함께 시작한 현주엽-박상현, 함연지-김재우 부부는 동굴 생활을 정리했지만, 박건형-이채림 부부는 멈춤 없이 동굴에서 생활을 잘 이어왔기에 사연을 더욱 궁금케 한다. ‘동굴캐슬’은 동굴 속에서 벌어지는 셀럽 부부들의 관찰 리얼리티, 부부들의 극현실 동굴멘터리. 8화 방송에서 박건형-이채림 부부의 동굴엔 차가운 공기만이 맴돈다.\n평상시에 하는 대화임에도 불구하고 어딘가 불편한 듯, 계속해서 대화는 끊기고 참다못한 이채림은 “다른 곳 가서 이야기하자”고 박건형에게 제안한다.\n급기야 자리까지 피해 대화를 나누겠다는 두 사람. 저녁 먹기 전까지만 해도 청바지를 차려 입고 주변 산책을 하는 등 달달한 모습을 보여줬기에 두 부부 사이에 무슨 일이 있었던 것인지 호기심을 자극한다.\n동굴에 입주한 첫날, 4시간을 들여 그늘막을 설치했지만 완성도가 떨어졌던 반면 서현철-정재은 부부의 동굴에 설치된 그늘막은 한 치의 오차 없는 각을 자랑해 박건형-이채림 부부의 감탄을 자아낸다.\n이를 본 이채림은 “우리도 그늘막 설치해달라고 할까?”라는 말을 하고, 이에 박건형은 묘한 압박감과 무능함을 느꼈다고. 아내의 불안감을 없애기 위해 노력하지만 자신이 만든 살림들이 괜히 초라하게 느껴진 박건형과 달리 이채림은 이 모든 상황이 어리둥절하기만 하다.\n명확한 이유도 모른 채 서로의 감정만 상하고 있는 상황에 “이렇게는 하기 싫다”는 이채림은 대화를 시도하지만 둘 사이의 간격을 도무지 좁혀질 기미가 보이지 않는다.\n이에 제작진 또한 부부에게 시간을 주기 위해 촬영을 중단하는 사태까지 이어진다.\n박건형의 거침없는 직진 고백으로 두 사람은 결혼에 골인, 이후 세 번의 유산의 아픔을 겪는 등의 힘든 시기를 잘 극복해왔기에 이들 부부가 이 갈등을 어떻게 잘 해쳐 나갈지, 오늘 밤 방송에서 밝혀질 예정이다.\n한편, 시청자들의 뜨거운 반응과 동굴 입주 부부들의 활약으로 인해 1회 연장을 확정 지었다.\n자연과 동굴, 그리고 배우자만이 존재하는 그곳에서 부부들이 만들어가는 둘만의 ‘동굴캐슬’은 라이프 스토리 채널 tvN STORY에서 매주 화요일 밤 10시에 만나볼 수 있다.",
        "partNum": "P2",
        "useType": 0,
        "processType": "D",
        "processPattern": "24",
        "processLevel": "상",
        "sentenceCount": 12,
        "processSentencenum": 2,
        "sentenceInfo": [
            {
                "sentenceNo": 1,
                "sentenceContent": "박건형-이채림 부부의 갈등이 최고조에 달한다.",
                "sentenceSize": 25
            },
            {
                "sentenceNo": 2,
                "sentenceContent": "알콩달콩, 달달한 신혼으로 돌아간 듯 동굴에서 꽃길만 걸을 줄 알았던 박건형-이채림 부부의 갈등이 폭발할 예정이다.",
                "sentenceSize": 64
            },
            {
                "sentenceNo": 3,
                "sentenceContent": "tvN STORY ‘동굴캐슬’ 1화부터 함께 시작한 현주엽-박상현, 함연지-김재우 부부는 동굴 생활을 정리했지만, 박건형-이채림 부부는 멈춤 없이 동굴에서 생활을 잘 이어왔기에 사연을 더욱 궁금케 한다. ‘동굴캐슬’은 동굴 속에서 벌어지는 셀럽 부부들의 관찰 리얼리티, 부부들의 극현실 동굴멘터리. 8화 방송에서 박건형-이채림 부부의 동굴엔 차가운 공기만이 맴돈다.",
                "sentenceSize": 204
            },
            {
                "sentenceNo": 4,
                "sentenceContent": "평상시에 하는 대화임에도 불구하고 어딘가 불편한 듯, 계속해서 대화는 끊기고 참다못한 이채림은 “다른 곳 가서 이야기하자”고 박건형에게 제안한다.",
                "sentenceSize": 81
            },
            {
                "sentenceNo": 5,
                "sentenceContent": "급기야 자리까지 피해 대화를 나누겠다는 두 사람. 저녁 먹기 전까지만 해도 청바지를 차려 입고 주변 산책을 하는 등 달달한 모습을 보여줬기에 두 부부 사이에 무슨 일이 있었던 것인지 호기심을 자극한다.",
                "sentenceSize": 112
            },
            {
                "sentenceNo": 6,
                "sentenceContent": "동굴에 입주한 첫날, 4시간을 들여 그늘막을 설치했지만 완성도가 떨어졌던 반면 서현철-정재은 부부의 동굴에 설치된 그늘막은 한 치의 오차 없는 각을 자랑해 박건형-이채림 부부의 감탄을 자아낸다.",
                "sentenceSize": 108
            },
            {
                "sentenceNo": 7,
                "sentenceContent": "이를 본 이채림은 “우리도 그늘막 설치해달라고 할까?”라는 말을 하고, 이에 박건형은 묘한 압박감과 무능함을 느꼈다고. 아내의 불안감을 없애기 위해 노력하지만 자신이 만든 살림들이 괜히 초라하게 느껴진 박건형과 달리 이채림은 이 모든 상황이 어리둥절하기만 하다.",
                "sentenceSize": 146
            },
            {
                "sentenceNo": 8,
                "sentenceContent": "명확한 이유도 모른 채 서로의 감정만 상하고 있는 상황에 “이렇게는 하기 싫다”는 이채림은 대화를 시도하지만 둘 사이의 간격을 도무지 좁혀질 기미가 보이지 않는다.",
                "sentenceSize": 91
            },
            {
                "sentenceNo": 9,
                "sentenceContent": "이에 제작진 또한 부부에게 시간을 주기 위해 촬영을 중단하는 사태까지 이어진다.",
                "sentenceSize": 44
            },
            {
                "sentenceNo": 10,
                "sentenceContent": "박건형의 거침없는 직진 고백으로 두 사람은 결혼에 골인, 이후 세 번의 유산의 아픔을 겪는 등의 힘든 시기를 잘 극복해왔기에 이들 부부가 이 갈등을 어떻게 잘 해쳐 나갈지, 오늘 밤 방송에서 밝혀질 예정이다.",
                "sentenceSize": 116
            },
            {
                "sentenceNo": 11,
                "sentenceContent": "한편, 시청자들의 뜨거운 반응과 동굴 입주 부부들의 활약으로 인해 1회 연장을 확정 지었다.",
                "sentenceSize": 51
            },
            {
                "sentenceNo": 12,
                "sentenceContent": "자연과 동굴, 그리고 배우자만이 존재하는 그곳에서 부부들이 만들어가는 둘만의 ‘동굴캐슬’은 라이프 스토리 채널 tvN STORY에서 매주 화요일 밤 10시에 만나볼 수 있다.",
                "sentenceSize": 97
            }
        ]
    },
    "labeledDataInfo": {
        "processSentenceInfo": [
            {
                "sentenceNo": 1,
                "sentenceContent": "박건형-이채림 부부의 갈등이 최고조에 달한다.",
                "subjectConsistencyYn": "Y"
            },
            {
                "sentenceNo": 2,
                "sentenceContent": "알콩달콩, 달달한 신혼으로 돌아간 듯 동굴에서 꽃길만 걸을 줄 알았던 박건형-이채림 부부의 갈등이 폭발할 예정이다.",
                "subjectConsistencyYn": "Y"
            },
            {
                "sentenceNo": 3,
                "sentenceContent": "tvN STORY ‘동굴캐슬’ 1화부터 함께 시작한 현주엽-박상현, 함연지-김재우 부부는 동굴 생활을 정리했지만, 박건형-이채림 부부는 멈춤 없이 동굴에서 생활을 잘 이어왔기에 사연을 더욱 궁금케 한다. ‘동굴캐슬’은 동굴 속에서 벌어지는 셀럽 부부들의 관찰 리얼리티, 부부들의 극현실 동굴멘터리. 8화 방송에서 박건형-이채림 부부의 동굴엔 차가운 공기만이 맴돈다.",
                "subjectConsistencyYn": "Y"
            },
            {
                "sentenceNo": 4,
                "sentenceContent": "평상시에 하는 대화임에도 불구하고 어딘가 불편한 듯, 계속해서 대화는 끊기고 참다못한 이채림은 “다른 곳 가서 이야기하자”고 박건형에게 제안한다.",
                "subjectConsistencyYn": "Y"
            },
            {
                "sentenceNo": 5,
                "sentenceContent": "급기야 자리까지 피해 대화를 나누겠다는 두 사람. 저녁 먹기 전까지만 해도 청바지를 차려 입고 주변 산책을 하는 등 달달한 모습을 보여줬기에 두 부부 사이에 무슨 일이 있었던 것인지 호기심을 자극한다.",
                "subjectConsistencyYn": "Y"
            },
            {
                "sentenceNo": 6,
                "sentenceContent": "동굴에 입주한 첫날, 4시간을 들여 그늘막을 설치했지만 완성도가 떨어졌던 반면 서현철-정재은 부부의 동굴에 설치된 그늘막은 한 치의 오차 없는 각을 자랑해 박건형-이채림 부부의 감탄을 자아낸다.",
                "subjectConsistencyYn": "Y"
            },
            {
                "sentenceNo": 7,
                "sentenceContent": "이를 본 이채림은 “우리도 그늘막 설치해달라고 할까?”라는 말을 하고, 이에 박건형은 묘한 압박감과 무능함을 느꼈다고. 아내의 불안감을 없애기 위해 노력하지만 자신이 만든 살림들이 괜히 초라하게 느껴진 박건형과 달리 이채림은 이 모든 상황이 어리둥절하기만 하다.",
                "subjectConsistencyYn": "Y"
            },
            {
                "sentenceNo": 8,
                "sentenceContent": "명확한 이유도 모른 채 서로의 감정만 상하고 있는 상황에 “이렇게는 하기 싫다”는 이채림은 대화를 시도하지만 둘 사이의 간격을 도무지 좁혀질 기미가 보이지 않는다.",
                "subjectConsistencyYn": "Y"
            },
            {
                "sentenceNo": 9,
                "sentenceContent": "이에 제작진 또한 부부에게 시간을 주기 위해 촬영을 중단하는 사태까지 이어진다.",
                "subjectConsistencyYn": "Y"
            },
            {
                "sentenceNo": 10,
                "sentenceContent": "박건형의 거침없는 직진 고백으로 두 사람은 결혼에 골인, 이후 세 번의 유산의 아픔을 겪는 등의 힘든 시기를 잘 극복해왔기에 이들 부부가 이 갈등을 어떻게 잘 해쳐 나갈지, 오늘 밤 방송에서 밝혀질 예정이다.",
                "subjectConsistencyYn": "Y"
            },
            {
                "sentenceNo": 11,
                "sentenceContent": "한편, 시청자들의 뜨거운 반응과 동굴 입주 부부들의 활약으로 인해 1회 연장을 확정 지었다.",
                "subjectConsistencyYn": "Y"
            },
            {
                "sentenceNo": 12,
                "sentenceContent": "자연과 동굴, 그리고 배우자만이 존재하는 그곳에서 부부들이 만들어가는 둘만의 ‘동굴캐슬’은 라이프 스토리 채널 tvN STORY에서 매주 화요일 밤 10시에 만나볼 수 있다.",
                "subjectConsistencyYn": "Y"
            },
            {
                "sentenceNo": 13,
                "sentenceContent": "박건형×이채림의 부부싸움을 예고한 ‘동굴캐슬’에서 전 농구 감독 현주엽이 아내 박상현과 하루 만에 동굴 생활을 정리했다.",
                "subjectConsistencyYn": "N"
            },
            {
                "sentenceNo": 14,
                "sentenceContent": "동굴캐슬에서 현주엽은 아내 박상현에게 \"경치는 좋은데 당신 안색이 어제와 다른 것을 보니 컨디션이 좋지 않은 것 같다\"라고 언급했다. ",
                "subjectConsistencyYn": "N"
            }
        ],
        "clickbaitClass": 0
    }
}