{
    "sourceDataInfo": {
        "newsID": "ET_M13_629645",
        "newsCategory": "연예",
        "newsSubcategory": "음악",
        "newsTitle": "드리핀 ‘빌런’ 카리스마 무장",
        "newsSubTitle": "",
        "newsContent": "그룹 드리핀(DRIPPIN)이 글로벌 팬심 ‘올 킬’을 예고했다.\n소속사 울림엔터테인먼트는 지난 12일 오후 6시 공식 SNS 및 유튜브 채널을 통해 드리핀(차준호, 황윤성, 김동윤, 이협, 주창욱, 알렉스, 김민서) 세 번째 미니 앨범 ‘빌런(Villain)’의 동명 타이틀곡 ‘빌런’ 뮤직비디오 티저를 공개했다.\n뮤직비디오 티저에서 다크 히어로로 변신한 멤버들은 쫓아오는 무리를 피해 도주하거나, 강렬한 에너지를 폭발시키며 긴장감을 높였다.\n특히 멤버들이 앞서 티징 콘텐츠들로 선보인 초능력을 발휘하는 모습이 담겨 뮤직비디오 본편에서 어떤 이야기가 펼쳐질지 궁금증이 커졌다.\n또 ‘빌런’의 음원 일부가 흘러나와 드리핀의 파워풀한 매력을 고스란히 전하면서 컴백을 기다린 글로벌 팬들의 관심을 고조시켰다. ‘빌런’은 목표를 향해 거침없이 나아가는 뜨거운 열정을 ‘빌런’에 비유한 노래다.\n긴박하고 대립되는 상황 속에서 자신의 능력을 일깨워 세상 밖으로 꺼내는 내용의 가사가 드리핀의 색다른 콘셉트 변신을 극대화한다.\n드리핀의 세 번째 미니 앨범 ‘빌런’은 오는 17일 오후 6시 각종 음원 사이트에서 만날 수 있다.",
        "partNum": "P2",
        "useType": 0,
        "processType": "D",
        "processPattern": "24",
        "processLevel": "상",
        "sentenceCount": 7,
        "processSentencenum": 2,
        "sentenceInfo": [
            {
                "sentenceNo": 1,
                "sentenceContent": "그룹 드리핀(DRIPPIN)이 글로벌 팬심 ‘올 킬’을 예고했다.",
                "sentenceSize": 36
            },
            {
                "sentenceNo": 2,
                "sentenceContent": "소속사 울림엔터테인먼트는 지난 12일 오후 6시 공식 SNS 및 유튜브 채널을 통해 드리핀(차준호, 황윤성, 김동윤, 이협, 주창욱, 알렉스, 김민서) 세 번째 미니 앨범 ‘빌런(Villain)’의 동명 타이틀곡 ‘빌런’ 뮤직비디오 티저를 공개했다.",
                "sentenceSize": 139
            },
            {
                "sentenceNo": 3,
                "sentenceContent": "뮤직비디오 티저에서 다크 히어로로 변신한 멤버들은 쫓아오는 무리를 피해 도주하거나, 강렬한 에너지를 폭발시키며 긴장감을 높였다.",
                "sentenceSize": 71
            },
            {
                "sentenceNo": 4,
                "sentenceContent": "특히 멤버들이 앞서 티징 콘텐츠들로 선보인 초능력을 발휘하는 모습이 담겨 뮤직비디오 본편에서 어떤 이야기가 펼쳐질지 궁금증이 커졌다.",
                "sentenceSize": 74
            },
            {
                "sentenceNo": 5,
                "sentenceContent": "또 ‘빌런’의 음원 일부가 흘러나와 드리핀의 파워풀한 매력을 고스란히 전하면서 컴백을 기다린 글로벌 팬들의 관심을 고조시켰다. ‘빌런’은 목표를 향해 거침없이 나아가는 뜨거운 열정을 ‘빌런’에 비유한 노래다.",
                "sentenceSize": 116
            },
            {
                "sentenceNo": 6,
                "sentenceContent": "긴박하고 대립되는 상황 속에서 자신의 능력을 일깨워 세상 밖으로 꺼내는 내용의 가사가 드리핀의 색다른 콘셉트 변신을 극대화한다.",
                "sentenceSize": 71
            },
            {
                "sentenceNo": 7,
                "sentenceContent": "드리핀의 세 번째 미니 앨범 ‘빌런’은 오는 17일 오후 6시 각종 음원 사이트에서 만날 수 있다.",
                "sentenceSize": 55
            }
        ]
    },
    "labeledDataInfo": {
        "processSentenceInfo": [
            {
                "sentenceNo": 1,
                "sentenceContent": "그룹 드리핀(DRIPPIN)이 글로벌 팬심 ‘올 킬’을 예고했다.",
                "subjectConsistencyYn": "Y"
            },
            {
                "sentenceNo": 2,
                "sentenceContent": "소속사 울림엔터테인먼트는 지난 12일 오후 6시 공식 SNS 및 유튜브 채널을 통해 드리핀(차준호, 황윤성, 김동윤, 이협, 주창욱, 알렉스, 김민서) 세 번째 미니 앨범 ‘빌런(Villain)’의 동명 타이틀곡 ‘빌런’ 뮤직비디오 티저를 공개했다.",
                "subjectConsistencyYn": "Y"
            },
            {
                "sentenceNo": 3,
                "sentenceContent": "뮤직비디오 티저에서 다크 히어로로 변신한 멤버들은 쫓아오는 무리를 피해 도주하거나, 강렬한 에너지를 폭발시키며 긴장감을 높였다.",
                "subjectConsistencyYn": "Y"
            },
            {
                "sentenceNo": 4,
                "sentenceContent": "특히 멤버들이 앞서 티징 콘텐츠들로 선보인 초능력을 발휘하는 모습이 담겨 뮤직비디오 본편에서 어떤 이야기가 펼쳐질지 궁금증이 커졌다.",
                "subjectConsistencyYn": "Y"
            },
            {
                "sentenceNo": 5,
                "sentenceContent": "또 ‘빌런’의 음원 일부가 흘러나와 드리핀의 파워풀한 매력을 고스란히 전하면서 컴백을 기다린 글로벌 팬들의 관심을 고조시켰다. ‘빌런’은 목표를 향해 거침없이 나아가는 뜨거운 열정을 ‘빌런’에 비유한 노래다.",
                "subjectConsistencyYn": "Y"
            },
            {
                "sentenceNo": 6,
                "sentenceContent": "긴박하고 대립되는 상황 속에서 자신의 능력을 일깨워 세상 밖으로 꺼내는 내용의 가사가 드리핀의 색다른 콘셉트 변신을 극대화한다.",
                "subjectConsistencyYn": "Y"
            },
            {
                "sentenceNo": 7,
                "sentenceContent": "드리핀의 세 번째 미니 앨범 ‘빌런’은 오는 17일 오후 6시 각종 음원 사이트에서 만날 수 있다.",
                "subjectConsistencyYn": "Y"
            },
            {
                "sentenceNo": 8,
                "sentenceContent": "소속사 울림엔터테인먼트가 드리핀의 세 번째 미니 앨범 ‘빌런(Villain)’의 동명 타이틀곡 ‘빌런’ 뮤직비디오 티저를 공개한 가운데, 드리핀이 일본 정식 데뷔로 글로벌 행보에 박차를 가한다.",
                "subjectConsistencyYn": "N"
            },
            {
                "sentenceNo": 9,
                "sentenceContent": "비주얼, 보컬, 퍼포먼스 삼박자를 고루 갖추며 전 세계 팬들의 마음을 사로잡은 드리핀이 이번 일본 데뷔를 시작으로 어떤 글로벌 활약을 펼쳐낼지 벌써부터 이목이 집중되고 있다.",
                "subjectConsistencyYn": "N"
            }
        ],
        "clickbaitClass": 0
    }
}