{
    "sourceDataInfo": {
        "newsID": "ET_M13_629450",
        "newsCategory": "연예",
        "newsSubcategory": "연예일반",
        "newsTitle": "양준일, 연이은 논란 속 팬 위로 “안개가 끼든 안 끼든 중요하지 않아”",
        "newsSubTitle": "",
        "newsContent": "가수 양준일이 연이은 논란 속 팬들을 위로했다.\n양준일은 31일 자신의 인스타그램에 짧은 글과 함께 사진 한 장을 게재했다.\n공개된 사진에는 자동차를 타고 안개 낀 거리를 운전하는 양준일의 모습이 담겼다.\n양준일은 “안개가 끼든 안 끼든 그건 중요하지 않다”며 “내가 사랑하는 사람들에게로 가고 있다”고 말했다.\n이어 “소중한 새해를 같이 맞이한다. 나의 Q&K. 나의 제니”라고 덧붙였다.\n이를 본 팬들은 “준일님 저희가 언제까지나 함께 합니다” “오빠 주저하지 말고 앞으로 나아가세요” “새해 복 많이 보내세요” 등의 응원을 남겼다.\n양준일은 최근 각종 의혹이 불거져 논란의 중심에 서있다. ‘기획사 미등록 운영’ ‘저작권’ ‘병역기피’ ‘굿즈 부실 및 표절’ ‘차명 계좌 탈세 의혹’ 등 여러 개 논란이 제기됐다.\n이에 양준일 측은 일련의 의혹에 대해 억울하다는 입장을 표명하며 법적 대응을 예고했다.\n한편, 양준일은 내년 1월 8일 안양아트센터 관악홀에서 단독 팬미팅 ‘REBOOT : 우리만의 여행’(리부트 : 우리만의 여행)을 개최한다.",
        "partNum": "P2",
        "useType": 0,
        "processType": "D",
        "processPattern": "24",
        "processLevel": "상",
        "sentenceCount": 9,
        "processSentencenum": 2,
        "sentenceInfo": [
            {
                "sentenceNo": 1,
                "sentenceContent": "가수 양준일이 연이은 논란 속 팬들을 위로했다.",
                "sentenceSize": 26
            },
            {
                "sentenceNo": 2,
                "sentenceContent": "양준일은 31일 자신의 인스타그램에 짧은 글과 함께 사진 한 장을 게재했다.",
                "sentenceSize": 42
            },
            {
                "sentenceNo": 3,
                "sentenceContent": "공개된 사진에는 자동차를 타고 안개 낀 거리를 운전하는 양준일의 모습이 담겼다.",
                "sentenceSize": 44
            },
            {
                "sentenceNo": 4,
                "sentenceContent": "양준일은 “안개가 끼든 안 끼든 그건 중요하지 않다”며 “내가 사랑하는 사람들에게로 가고 있다”고 말했다.",
                "sentenceSize": 59
            },
            {
                "sentenceNo": 5,
                "sentenceContent": "이어 “소중한 새해를 같이 맞이한다. 나의 Q&K. 나의 제니”라고 덧붙였다.",
                "sentenceSize": 43
            },
            {
                "sentenceNo": 6,
                "sentenceContent": "이를 본 팬들은 “준일님 저희가 언제까지나 함께 합니다” “오빠 주저하지 말고 앞으로 나아가세요” “새해 복 많이 보내세요” 등의 응원을 남겼다.",
                "sentenceSize": 81
            },
            {
                "sentenceNo": 7,
                "sentenceContent": "양준일은 최근 각종 의혹이 불거져 논란의 중심에 서있다. ‘기획사 미등록 운영’ ‘저작권’ ‘병역기피’ ‘굿즈 부실 및 표절’ ‘차명 계좌 탈세 의혹’ 등 여러 개 논란이 제기됐다.",
                "sentenceSize": 101
            },
            {
                "sentenceNo": 8,
                "sentenceContent": "이에 양준일 측은 일련의 의혹에 대해 억울하다는 입장을 표명하며 법적 대응을 예고했다.",
                "sentenceSize": 48
            },
            {
                "sentenceNo": 9,
                "sentenceContent": "한편, 양준일은 내년 1월 8일 안양아트센터 관악홀에서 단독 팬미팅 ‘REBOOT : 우리만의 여행’(리부트 : 우리만의 여행)을 개최한다.",
                "sentenceSize": 78
            }
        ]
    },
    "labeledDataInfo": {
        "processSentenceInfo": [
            {
                "sentenceNo": 1,
                "sentenceContent": "가수 양준일이 연이은 논란 속 팬들을 위로했다.",
                "subjectConsistencyYn": "Y"
            },
            {
                "sentenceNo": 2,
                "sentenceContent": "양준일은 31일 자신의 인스타그램에 짧은 글과 함께 사진 한 장을 게재했다.",
                "subjectConsistencyYn": "Y"
            },
            {
                "sentenceNo": 3,
                "sentenceContent": "공개된 사진에는 자동차를 타고 안개 낀 거리를 운전하는 양준일의 모습이 담겼다.",
                "subjectConsistencyYn": "Y"
            },
            {
                "sentenceNo": 4,
                "sentenceContent": "양준일은 “안개가 끼든 안 끼든 그건 중요하지 않다”며 “내가 사랑하는 사람들에게로 가고 있다”고 말했다.",
                "subjectConsistencyYn": "Y"
            },
            {
                "sentenceNo": 5,
                "sentenceContent": "이어 “소중한 새해를 같이 맞이한다. 나의 Q&K. 나의 제니”라고 덧붙였다.",
                "subjectConsistencyYn": "Y"
            },
            {
                "sentenceNo": 6,
                "sentenceContent": "이를 본 팬들은 “준일님 저희가 언제까지나 함께 합니다” “오빠 주저하지 말고 앞으로 나아가세요” “새해 복 많이 보내세요” 등의 응원을 남겼다.",
                "subjectConsistencyYn": "Y"
            },
            {
                "sentenceNo": 7,
                "sentenceContent": "양준일은 최근 각종 의혹이 불거져 논란의 중심에 서있다. ‘기획사 미등록 운영’ ‘저작권’ ‘병역기피’ ‘굿즈 부실 및 표절’ ‘차명 계좌 탈세 의혹’ 등 여러 개 논란이 제기됐다.",
                "subjectConsistencyYn": "Y"
            },
            {
                "sentenceNo": 8,
                "sentenceContent": "이에 양준일 측은 일련의 의혹에 대해 억울하다는 입장을 표명하며 법적 대응을 예고했다.",
                "subjectConsistencyYn": "Y"
            },
            {
                "sentenceNo": 9,
                "sentenceContent": "한편, 양준일은 내년 1월 8일 안양아트센터 관악홀에서 단독 팬미팅 ‘REBOOT : 우리만의 여행’(리부트 : 우리만의 여행)을 개최한다.",
                "subjectConsistencyYn": "Y"
            },
            {
                "sentenceNo": 10,
                "sentenceContent": "양준일이 연이은 여러 논란 속에서도 자신의 팬들을 위로한 가운데, ‘전안법 위반’으로 한국제품안전관리원으로부터 행정조치를 받는다.",
                "subjectConsistencyYn": "N"
            },
            {
                "sentenceNo": 11,
                "sentenceContent": "그동안 양준일이 판매한 선캡 모자는 ‘안전 기준에서 정한 표시사항이 없는 가정용 섬유제품’이라는 민원을 꾸준히 받아 왔다.",
                "subjectConsistencyYn": "N"
            }
        ],
        "clickbaitClass": 0
    }
}