{
    "sourceDataInfo": {
        "newsID": "ET_M13_629628",
        "newsCategory": "연예",
        "newsSubcategory": "방송",
        "newsTitle": "‘호적메이트’ 홍지윤X홍주현, 취중진담 안방 울렸다",
        "newsSubTitle": "",
        "newsContent": "‘호적메이트’ 홍지윤X홍주현 자매의 눈물이 시청자들을 뜨겁게 울렸다.\n1월 11일 방송된 MBC 예능 ‘호적메이트’(기획 최윤정, 연출 이경원, 이준범)에서는 김정은-김정민 자매, 홍지윤-홍주현 자매, 육준서-육준희 형제의 리얼한 찐형제 자매 일상이 그려졌다.\n먼저, 이날 김정은은 동생 김정민을 위해 깜짝 소개팅을 준비해 모두를 놀라게 했다.\n집에서 낙지 손질을 하다 별안간 소개팅을 하게 된 김정민은 조용히 분노의 레이저 눈빛을 쏘아 올려 김정은을 긴장하게 만들었다.\n김정민은 제작진과 인터뷰에서 “언니가 예전에도 항상 소개팅을 갑작스럽게 시켜주곤 했다”라고 털어놨다.\n이러한 가운데 소개팅남은 로맨틱한 꽃다발까지 들고 집을 찾았고, 이 소개팅남의 정체는 MC 딘딘이었다.\n알고 보니 이 모든 것은 김정은이 마련한 소개팅 몰래카메라였던 것. 이어 딘딘은 손님임에도 불구, 어느새 연포탕과 낙지 호롱구이 만들기에 투입됐다.\n딘딘은 자연스럽게 일을 시키는 두 누나 김정은, 김정민에 대해 “너무 익숙하다. 우리 누나들 같다”라고 해 웃음을 자아냈다.\n그런 가운데 이날 딘딘은 김정은이 자리를 비운 사이, 김정민과 막내들의 고충에 대해 교감을 나눠 이목을 집중시켰다.\n특히, 김정민은 막내 딘딘의 사연에 “나는 원래 다 이런 건 줄 알았다”라며 폭풍 공감하기도. 그런가 하면 홍지윤-홍주현 자매는 웃음과 찐감동을 동시에 선사하며 안방을 뜨겁게 달궜다.\n이날 동생 홍주현은 홍지윤이 스케줄 나간 틈을 타 언니 방에 몰래 잠입(?)했다.\n침대 위에서 과자를 먹으며 TV를 보고, 심지어 언니 화장품으로 화장하고 옷까지 입는 모습에 이를 VCR로 지켜보던 홍지윤은 “미쳤나 봐”라며 말을 잇지 못했다.\n특히 홍주현은 미리 화장대 사진을 찍어 화장품 위치를 원래대로 옮겨놓고, TV 시청 기록까지 지우는 철두철미한 모습을 보여 스튜디오를 웃음바다로 만들었다.\n뒤이어 두 자매는 생애 처음으로 단둘이 술을 마셨다.\n이 자리에서 홍주현은 언니를 향해 오래 묵혀둔 속마음을 털어놨다.\n언니 말투 때문에 마음의 상처를 많이 받았다는 홍주현은 “솔직히 언니가 정말 싫었고 다가가기 어렵다”라며 왈칵 눈물을 쏟아냈다.\n그러면서 홍주현은 “나는 언니를 멀리서 지켜보며 짝사랑하고 있다. 언니는 가까우면서도 제일 어려운 존재”라고 어렵게 말을 꺼냈다.\n이에 홍지윤 역시 “나도 너 눈치를 정말 많이 본다”라면서 “나는 너가 뭐라고 해도 상처 안 받는다. 언제든 털어놔라”라고 속 깊은 언니의 마음을 전했다.\n뒤늦게 알게 된 언니의 진심에 홍주현은 “그냥 나 좋다고 해줘”라고 아이처럼 울어 모두를 뭉클하게 했다.\n홍지윤은 제작진과 인터뷰에서 “가족 앞에서 내 감정을 드러내며 우는 게 어렵다”라고 첫째의 고충을 전하기도. 육준서는 UDT급 육아에 멘붕에 빠진 하루를 보냈다.\n육준서가 동생 육준희와 제수씨의 육퇴(육아 퇴근)를 선언하며 나 홀로 조카 육아에 뛰어든 것. 조카 새봄이는 엄마 아빠가 집을 나가자마자 울음을 터트리더니 큰아빠 육준서가 틀어준 애니메이션에 언제 울었냐는 듯 깜찍한 댄스 본능까지 발산하며 웃음을 자아냈다.\n하지만 평화도 잠시, 새봄이는 육준서가 기저귀를 갈아주려 하자 이리저리 도망 다녀 육준서를 당황하게 했다.\n뿐만 아니라, 통 안에 들어있던 사탕을 바닥에 쏟고, 색연필로 벽에 예술혼을 불태워 육아 난이도를 한껏 높였다.\n육아 하루 만에 급 늙은 육준서는 동생과 제수씨가 집에 도착하자 기진맥진한 채 바닥에 드러누워 빅웃음을 유발했다.\n육준서는 일일 육아 전투 체험에 “군대 체력과 육아 체력은 다르더라”라며 “군대 다시 가기와 평생 육아하기 중 고르라면 무조건 군대”라고 답해 시청자들을 폭소하게 했다.\n그런가 하면, 이날 방송 말미에는 소녀시대 수영과 뮤지컬 배우 최수진 자매, 유도 쌍둥이 조준호-조준현 형제, 위너 김진우 남매의 출연이 예고돼 시청자들의 기대감을 한껏 증폭시켰다.\n한편, ‘호적메이트’는 매주 화요일 밤 9시 방송된다.",
        "partNum": "P2",
        "useType": 0,
        "processType": "D",
        "processPattern": "24",
        "processLevel": "상",
        "sentenceCount": 27,
        "processSentencenum": 2,
        "sentenceInfo": [
            {
                "sentenceNo": 1,
                "sentenceContent": "‘호적메이트’ 홍지윤X홍주현 자매의 눈물이 시청자들을 뜨겁게 울렸다.",
                "sentenceSize": 38
            },
            {
                "sentenceNo": 2,
                "sentenceContent": "1월 11일 방송된 MBC 예능 ‘호적메이트’(기획 최윤정, 연출 이경원, 이준범)에서는 김정은-김정민 자매, 홍지윤-홍주현 자매, 육준서-육준희 형제의 리얼한 찐형제 자매 일상이 그려졌다.",
                "sentenceSize": 106
            },
            {
                "sentenceNo": 3,
                "sentenceContent": "먼저, 이날 김정은은 동생 김정민을 위해 깜짝 소개팅을 준비해 모두를 놀라게 했다.",
                "sentenceSize": 46
            },
            {
                "sentenceNo": 4,
                "sentenceContent": "집에서 낙지 손질을 하다 별안간 소개팅을 하게 된 김정민은 조용히 분노의 레이저 눈빛을 쏘아 올려 김정은을 긴장하게 만들었다.",
                "sentenceSize": 70
            },
            {
                "sentenceNo": 5,
                "sentenceContent": "김정민은 제작진과 인터뷰에서 “언니가 예전에도 항상 소개팅을 갑작스럽게 시켜주곤 했다”라고 털어놨다.",
                "sentenceSize": 56
            },
            {
                "sentenceNo": 6,
                "sentenceContent": "이러한 가운데 소개팅남은 로맨틱한 꽃다발까지 들고 집을 찾았고, 이 소개팅남의 정체는 MC 딘딘이었다.",
                "sentenceSize": 57
            },
            {
                "sentenceNo": 7,
                "sentenceContent": "알고 보니 이 모든 것은 김정은이 마련한 소개팅 몰래카메라였던 것. 이어 딘딘은 손님임에도 불구, 어느새 연포탕과 낙지 호롱구이 만들기에 투입됐다.",
                "sentenceSize": 82
            },
            {
                "sentenceNo": 8,
                "sentenceContent": "딘딘은 자연스럽게 일을 시키는 두 누나 김정은, 김정민에 대해 “너무 익숙하다. 우리 누나들 같다”라고 해 웃음을 자아냈다.",
                "sentenceSize": 69
            },
            {
                "sentenceNo": 9,
                "sentenceContent": "그런 가운데 이날 딘딘은 김정은이 자리를 비운 사이, 김정민과 막내들의 고충에 대해 교감을 나눠 이목을 집중시켰다.",
                "sentenceSize": 64
            },
            {
                "sentenceNo": 10,
                "sentenceContent": "특히, 김정민은 막내 딘딘의 사연에 “나는 원래 다 이런 건 줄 알았다”라며 폭풍 공감하기도. 그런가 하면 홍지윤-홍주현 자매는 웃음과 찐감동을 동시에 선사하며 안방을 뜨겁게 달궜다.",
                "sentenceSize": 102
            },
            {
                "sentenceNo": 11,
                "sentenceContent": "이날 동생 홍주현은 홍지윤이 스케줄 나간 틈을 타 언니 방에 몰래 잠입(?)했다.",
                "sentenceSize": 45
            },
            {
                "sentenceNo": 12,
                "sentenceContent": "침대 위에서 과자를 먹으며 TV를 보고, 심지어 언니 화장품으로 화장하고 옷까지 입는 모습에 이를 VCR로 지켜보던 홍지윤은 “미쳤나 봐”라며 말을 잇지 못했다.",
                "sentenceSize": 90
            },
            {
                "sentenceNo": 13,
                "sentenceContent": "특히 홍주현은 미리 화장대 사진을 찍어 화장품 위치를 원래대로 옮겨놓고, TV 시청 기록까지 지우는 철두철미한 모습을 보여 스튜디오를 웃음바다로 만들었다.",
                "sentenceSize": 86
            },
            {
                "sentenceNo": 14,
                "sentenceContent": "뒤이어 두 자매는 생애 처음으로 단둘이 술을 마셨다.",
                "sentenceSize": 29
            },
            {
                "sentenceNo": 15,
                "sentenceContent": "이 자리에서 홍주현은 언니를 향해 오래 묵혀둔 속마음을 털어놨다.",
                "sentenceSize": 36
            },
            {
                "sentenceNo": 16,
                "sentenceContent": "언니 말투 때문에 마음의 상처를 많이 받았다는 홍주현은 “솔직히 언니가 정말 싫었고 다가가기 어렵다”라며 왈칵 눈물을 쏟아냈다.",
                "sentenceSize": 71
            },
            {
                "sentenceNo": 17,
                "sentenceContent": "그러면서 홍주현은 “나는 언니를 멀리서 지켜보며 짝사랑하고 있다. 언니는 가까우면서도 제일 어려운 존재”라고 어렵게 말을 꺼냈다.",
                "sentenceSize": 72
            },
            {
                "sentenceNo": 18,
                "sentenceContent": "이에 홍지윤 역시 “나도 너 눈치를 정말 많이 본다”라면서 “나는 너가 뭐라고 해도 상처 안 받는다. 언제든 털어놔라”라고 속 깊은 언니의 마음을 전했다.",
                "sentenceSize": 86
            },
            {
                "sentenceNo": 19,
                "sentenceContent": "뒤늦게 알게 된 언니의 진심에 홍주현은 “그냥 나 좋다고 해줘”라고 아이처럼 울어 모두를 뭉클하게 했다.",
                "sentenceSize": 58
            },
            {
                "sentenceNo": 20,
                "sentenceContent": "홍지윤은 제작진과 인터뷰에서 “가족 앞에서 내 감정을 드러내며 우는 게 어렵다”라고 첫째의 고충을 전하기도. 육준서는 UDT급 육아에 멘붕에 빠진 하루를 보냈다.",
                "sentenceSize": 90
            },
            {
                "sentenceNo": 21,
                "sentenceContent": "육준서가 동생 육준희와 제수씨의 육퇴(육아 퇴근)를 선언하며 나 홀로 조카 육아에 뛰어든 것. 조카 새봄이는 엄마 아빠가 집을 나가자마자 울음을 터트리더니 큰아빠 육준서가 틀어준 애니메이션에 언제 울었냐는 듯 깜찍한 댄스 본능까지 발산하며 웃음을 자아냈다.",
                "sentenceSize": 143
            },
            {
                "sentenceNo": 22,
                "sentenceContent": "하지만 평화도 잠시, 새봄이는 육준서가 기저귀를 갈아주려 하자 이리저리 도망 다녀 육준서를 당황하게 했다.",
                "sentenceSize": 59
            },
            {
                "sentenceNo": 23,
                "sentenceContent": "뿐만 아니라, 통 안에 들어있던 사탕을 바닥에 쏟고, 색연필로 벽에 예술혼을 불태워 육아 난이도를 한껏 높였다.",
                "sentenceSize": 62
            },
            {
                "sentenceNo": 24,
                "sentenceContent": "육아 하루 만에 급 늙은 육준서는 동생과 제수씨가 집에 도착하자 기진맥진한 채 바닥에 드러누워 빅웃음을 유발했다.",
                "sentenceSize": 63
            },
            {
                "sentenceNo": 25,
                "sentenceContent": "육준서는 일일 육아 전투 체험에 “군대 체력과 육아 체력은 다르더라”라며 “군대 다시 가기와 평생 육아하기 중 고르라면 무조건 군대”라고 답해 시청자들을 폭소하게 했다.",
                "sentenceSize": 94
            },
            {
                "sentenceNo": 26,
                "sentenceContent": "그런가 하면, 이날 방송 말미에는 소녀시대 수영과 뮤지컬 배우 최수진 자매, 유도 쌍둥이 조준호-조준현 형제, 위너 김진우 남매의 출연이 예고돼 시청자들의 기대감을 한껏 증폭시켰다.",
                "sentenceSize": 101
            },
            {
                "sentenceNo": 27,
                "sentenceContent": "한편, ‘호적메이트’는 매주 화요일 밤 9시 방송된다.",
                "sentenceSize": 30
            }
        ]
    },
    "labeledDataInfo": {
        "processSentenceInfo": [
            {
                "sentenceNo": 1,
                "sentenceContent": "‘호적메이트’ 홍지윤X홍주현 자매의 눈물이 시청자들을 뜨겁게 울렸다.",
                "subjectConsistencyYn": "Y"
            },
            {
                "sentenceNo": 2,
                "sentenceContent": "1월 11일 방송된 MBC 예능 ‘호적메이트’(기획 최윤정, 연출 이경원, 이준범)에서는 김정은-김정민 자매, 홍지윤-홍주현 자매, 육준서-육준희 형제의 리얼한 찐형제 자매 일상이 그려졌다.",
                "subjectConsistencyYn": "Y"
            },
            {
                "sentenceNo": 3,
                "sentenceContent": "먼저, 이날 김정은은 동생 김정민을 위해 깜짝 소개팅을 준비해 모두를 놀라게 했다.",
                "subjectConsistencyYn": "Y"
            },
            {
                "sentenceNo": 4,
                "sentenceContent": "집에서 낙지 손질을 하다 별안간 소개팅을 하게 된 김정민은 조용히 분노의 레이저 눈빛을 쏘아 올려 김정은을 긴장하게 만들었다.",
                "subjectConsistencyYn": "Y"
            },
            {
                "sentenceNo": 5,
                "sentenceContent": "김정민은 제작진과 인터뷰에서 “언니가 예전에도 항상 소개팅을 갑작스럽게 시켜주곤 했다”라고 털어놨다.",
                "subjectConsistencyYn": "Y"
            },
            {
                "sentenceNo": 6,
                "sentenceContent": "이러한 가운데 소개팅남은 로맨틱한 꽃다발까지 들고 집을 찾았고, 이 소개팅남의 정체는 MC 딘딘이었다.",
                "subjectConsistencyYn": "Y"
            },
            {
                "sentenceNo": 7,
                "sentenceContent": "알고 보니 이 모든 것은 김정은이 마련한 소개팅 몰래카메라였던 것. 이어 딘딘은 손님임에도 불구, 어느새 연포탕과 낙지 호롱구이 만들기에 투입됐다.",
                "subjectConsistencyYn": "Y"
            },
            {
                "sentenceNo": 8,
                "sentenceContent": "딘딘은 자연스럽게 일을 시키는 두 누나 김정은, 김정민에 대해 “너무 익숙하다. 우리 누나들 같다”라고 해 웃음을 자아냈다.",
                "subjectConsistencyYn": "Y"
            },
            {
                "sentenceNo": 9,
                "sentenceContent": "그런 가운데 이날 딘딘은 김정은이 자리를 비운 사이, 김정민과 막내들의 고충에 대해 교감을 나눠 이목을 집중시켰다.",
                "subjectConsistencyYn": "Y"
            },
            {
                "sentenceNo": 10,
                "sentenceContent": "특히, 김정민은 막내 딘딘의 사연에 “나는 원래 다 이런 건 줄 알았다”라며 폭풍 공감하기도. 그런가 하면 홍지윤-홍주현 자매는 웃음과 찐감동을 동시에 선사하며 안방을 뜨겁게 달궜다.",
                "subjectConsistencyYn": "Y"
            },
            {
                "sentenceNo": 11,
                "sentenceContent": "이날 동생 홍주현은 홍지윤이 스케줄 나간 틈을 타 언니 방에 몰래 잠입(?)했다.",
                "subjectConsistencyYn": "Y"
            },
            {
                "sentenceNo": 12,
                "sentenceContent": "침대 위에서 과자를 먹으며 TV를 보고, 심지어 언니 화장품으로 화장하고 옷까지 입는 모습에 이를 VCR로 지켜보던 홍지윤은 “미쳤나 봐”라며 말을 잇지 못했다.",
                "subjectConsistencyYn": "Y"
            },
            {
                "sentenceNo": 13,
                "sentenceContent": "특히 홍주현은 미리 화장대 사진을 찍어 화장품 위치를 원래대로 옮겨놓고, TV 시청 기록까지 지우는 철두철미한 모습을 보여 스튜디오를 웃음바다로 만들었다.",
                "subjectConsistencyYn": "Y"
            },
            {
                "sentenceNo": 14,
                "sentenceContent": "뒤이어 두 자매는 생애 처음으로 단둘이 술을 마셨다.",
                "subjectConsistencyYn": "Y"
            },
            {
                "sentenceNo": 15,
                "sentenceContent": "이 자리에서 홍주현은 언니를 향해 오래 묵혀둔 속마음을 털어놨다.",
                "subjectConsistencyYn": "Y"
            },
            {
                "sentenceNo": 16,
                "sentenceContent": "언니 말투 때문에 마음의 상처를 많이 받았다는 홍주현은 “솔직히 언니가 정말 싫었고 다가가기 어렵다”라며 왈칵 눈물을 쏟아냈다.",
                "subjectConsistencyYn": "Y"
            },
            {
                "sentenceNo": 17,
                "sentenceContent": "그러면서 홍주현은 “나는 언니를 멀리서 지켜보며 짝사랑하고 있다. 언니는 가까우면서도 제일 어려운 존재”라고 어렵게 말을 꺼냈다.",
                "subjectConsistencyYn": "Y"
            },
            {
                "sentenceNo": 18,
                "sentenceContent": "이에 홍지윤 역시 “나도 너 눈치를 정말 많이 본다”라면서 “나는 너가 뭐라고 해도 상처 안 받는다. 언제든 털어놔라”라고 속 깊은 언니의 마음을 전했다.",
                "subjectConsistencyYn": "Y"
            },
            {
                "sentenceNo": 19,
                "sentenceContent": "뒤늦게 알게 된 언니의 진심에 홍주현은 “그냥 나 좋다고 해줘”라고 아이처럼 울어 모두를 뭉클하게 했다.",
                "subjectConsistencyYn": "Y"
            },
            {
                "sentenceNo": 20,
                "sentenceContent": "홍지윤은 제작진과 인터뷰에서 “가족 앞에서 내 감정을 드러내며 우는 게 어렵다”라고 첫째의 고충을 전하기도. 육준서는 UDT급 육아에 멘붕에 빠진 하루를 보냈다.",
                "subjectConsistencyYn": "Y"
            },
            {
                "sentenceNo": 21,
                "sentenceContent": "육준서가 동생 육준희와 제수씨의 육퇴(육아 퇴근)를 선언하며 나 홀로 조카 육아에 뛰어든 것. 조카 새봄이는 엄마 아빠가 집을 나가자마자 울음을 터트리더니 큰아빠 육준서가 틀어준 애니메이션에 언제 울었냐는 듯 깜찍한 댄스 본능까지 발산하며 웃음을 자아냈다.",
                "subjectConsistencyYn": "Y"
            },
            {
                "sentenceNo": 22,
                "sentenceContent": "하지만 평화도 잠시, 새봄이는 육준서가 기저귀를 갈아주려 하자 이리저리 도망 다녀 육준서를 당황하게 했다.",
                "subjectConsistencyYn": "Y"
            },
            {
                "sentenceNo": 23,
                "sentenceContent": "뿐만 아니라, 통 안에 들어있던 사탕을 바닥에 쏟고, 색연필로 벽에 예술혼을 불태워 육아 난이도를 한껏 높였다.",
                "subjectConsistencyYn": "Y"
            },
            {
                "sentenceNo": 24,
                "sentenceContent": "육아 하루 만에 급 늙은 육준서는 동생과 제수씨가 집에 도착하자 기진맥진한 채 바닥에 드러누워 빅웃음을 유발했다.",
                "subjectConsistencyYn": "Y"
            },
            {
                "sentenceNo": 25,
                "sentenceContent": "육준서는 일일 육아 전투 체험에 “군대 체력과 육아 체력은 다르더라”라며 “군대 다시 가기와 평생 육아하기 중 고르라면 무조건 군대”라고 답해 시청자들을 폭소하게 했다.",
                "subjectConsistencyYn": "Y"
            },
            {
                "sentenceNo": 26,
                "sentenceContent": "그런가 하면, 이날 방송 말미에는 소녀시대 수영과 뮤지컬 배우 최수진 자매, 유도 쌍둥이 조준호-조준현 형제, 위너 김진우 남매의 출연이 예고돼 시청자들의 기대감을 한껏 증폭시켰다.",
                "subjectConsistencyYn": "Y"
            },
            {
                "sentenceNo": 27,
                "sentenceContent": "한편, ‘호적메이트’는 매주 화요일 밤 9시 방송된다.",
                "subjectConsistencyYn": "Y"
            },
            {
                "sentenceNo": 28,
                "sentenceContent": "홍지윤X홍주현 자매의 눈물이 시청자들을 울린 '호적메이트’의 지난 4일 방송에서는 딸 예림이를 위해 김장을 배우는 이경규의 모습이 그려졌다.",
                "subjectConsistencyYn": "N"
            },
            {
                "sentenceNo": 29,
                "sentenceContent": "이날 이경규는 “손자가 태어나면 할아버지 대신 ‘경규 형’이라고 부르게 할 거다”라며 특별한 손주 철학을 꺼내 모두를 빵 터지게 했다.",
                "subjectConsistencyYn": "N"
            }
        ],
        "clickbaitClass": 0
    }
}