{
    "sourceDataInfo": {
        "newsID": "ET_M13_629172",
        "newsCategory": "연예",
        "newsSubcategory": "방송",
        "newsTitle": "강민경 “개인 유튜브 구독자 72만…수익 기부 중” (최파타)",
        "newsSubTitle": "",
        "newsContent": "강민경이 72만 구독자를 보유한 개인 유튜브 수익에 대해 밝혔다.\n14일 방송된 SBS 파워 FM ‘최화정의 파워타임’에는 여성 듀오 다비치 강민경과 이해리가 출연해 입담을 뽐냈다.\n이날 DJ 최화정은 “강민경은 유튜브 활동을 활발하게 하는 반면 이해리는 따로 유튜브 활동을 왜 안 하냐”라고 물었고, 이에 강민경은 “제 채널에 이해리가 80% 나온다. 그래서 같이 하는 거라고 보시면 된다”고 설명했다.\n이해리 역시 “나는 그냥 있는 것”이라며 “민경이가 찍어주는 거다”라고 답했다.\n이어진 수입에 대한 질문에 강민경은 “유튜브 수익을 기부하고 있어 나눌 것도 없다”고 덧붙였다.\n앞서 강민경은 지난 13일 KBS쿨FM ‘라디오쇼’에 출연해 “간접 광고로 들어오는 돈을 제외한 수익은 기부한다”고 밝힌 바 있다.\n한편, 강민경은 지난 2019년 개인 유튜브 채널 ‘강밍경’을 개설해 대중들과 꾸준히 소통하고 있다.",
        "partNum": "P2",
        "useType": 0,
        "processType": "D",
        "processPattern": "24",
        "processLevel": "상",
        "sentenceCount": 7,
        "processSentencenum": 2,
        "sentenceInfo": [
            {
                "sentenceNo": 1,
                "sentenceContent": "강민경이 72만 구독자를 보유한 개인 유튜브 수익에 대해 밝혔다.",
                "sentenceSize": 36
            },
            {
                "sentenceNo": 2,
                "sentenceContent": "14일 방송된 SBS 파워 FM ‘최화정의 파워타임’에는 여성 듀오 다비치 강민경과 이해리가 출연해 입담을 뽐냈다.",
                "sentenceSize": 64
            },
            {
                "sentenceNo": 3,
                "sentenceContent": "이날 DJ 최화정은 “강민경은 유튜브 활동을 활발하게 하는 반면 이해리는 따로 유튜브 활동을 왜 안 하냐”라고 물었고, 이에 강민경은 “제 채널에 이해리가 80% 나온다. 그래서 같이 하는 거라고 보시면 된다”고 설명했다.",
                "sentenceSize": 124
            },
            {
                "sentenceNo": 4,
                "sentenceContent": "이해리 역시 “나는 그냥 있는 것”이라며 “민경이가 찍어주는 거다”라고 답했다.",
                "sentenceSize": 44
            },
            {
                "sentenceNo": 5,
                "sentenceContent": "이어진 수입에 대한 질문에 강민경은 “유튜브 수익을 기부하고 있어 나눌 것도 없다”고 덧붙였다.",
                "sentenceSize": 53
            },
            {
                "sentenceNo": 6,
                "sentenceContent": "앞서 강민경은 지난 13일 KBS쿨FM ‘라디오쇼’에 출연해 “간접 광고로 들어오는 돈을 제외한 수익은 기부한다”고 밝힌 바 있다.",
                "sentenceSize": 73
            },
            {
                "sentenceNo": 7,
                "sentenceContent": "한편, 강민경은 지난 2019년 개인 유튜브 채널 ‘강밍경’을 개설해 대중들과 꾸준히 소통하고 있다.",
                "sentenceSize": 56
            }
        ]
    },
    "labeledDataInfo": {
        "processSentenceInfo": [
            {
                "sentenceNo": 1,
                "sentenceContent": "강민경이 72만 구독자를 보유한 개인 유튜브 수익에 대해 밝혔다.",
                "subjectConsistencyYn": "Y"
            },
            {
                "sentenceNo": 2,
                "sentenceContent": "14일 방송된 SBS 파워 FM ‘최화정의 파워타임’에는 여성 듀오 다비치 강민경과 이해리가 출연해 입담을 뽐냈다.",
                "subjectConsistencyYn": "Y"
            },
            {
                "sentenceNo": 3,
                "sentenceContent": "이날 DJ 최화정은 “강민경은 유튜브 활동을 활발하게 하는 반면 이해리는 따로 유튜브 활동을 왜 안 하냐”라고 물었고, 이에 강민경은 “제 채널에 이해리가 80% 나온다. 그래서 같이 하는 거라고 보시면 된다”고 설명했다.",
                "subjectConsistencyYn": "Y"
            },
            {
                "sentenceNo": 4,
                "sentenceContent": "이해리 역시 “나는 그냥 있는 것”이라며 “민경이가 찍어주는 거다”라고 답했다.",
                "subjectConsistencyYn": "Y"
            },
            {
                "sentenceNo": 5,
                "sentenceContent": "이어진 수입에 대한 질문에 강민경은 “유튜브 수익을 기부하고 있어 나눌 것도 없다”고 덧붙였다.",
                "subjectConsistencyYn": "Y"
            },
            {
                "sentenceNo": 6,
                "sentenceContent": "앞서 강민경은 지난 13일 KBS쿨FM ‘라디오쇼’에 출연해 “간접 광고로 들어오는 돈을 제외한 수익은 기부한다”고 밝힌 바 있다.",
                "subjectConsistencyYn": "Y"
            },
            {
                "sentenceNo": 7,
                "sentenceContent": "한편, 강민경은 지난 2019년 개인 유튜브 채널 ‘강밍경’을 개설해 대중들과 꾸준히 소통하고 있다.",
                "subjectConsistencyYn": "Y"
            },
            {
                "sentenceNo": 8,
                "sentenceContent": "72만 구독자를 보유하여 유튜브 수익을 기부 하고 있다고 밝힌 강민경은 그룹 '다비치'의 소속으로 2008년에 데뷔하였다.",
                "subjectConsistencyYn": "N"
            },
            {
                "sentenceNo": 9,
                "sentenceContent": "데뷔 앨범에는 '미워도 사랑하니까', '슬픈 다짐', '슬픈 사랑의 노래' 등의 수록되어 있다.",
                "subjectConsistencyYn": "N"
            }
        ],
        "clickbaitClass": 0
    }
}