{
    "sourceDataInfo": {
        "newsID": "ET_M13_629338",
        "newsCategory": "연예",
        "newsSubcategory": "방송",
        "newsTitle": "‘나혼산’ 이주승, 절친 장동윤 위한 깜짝 이벤트",
        "newsSubTitle": "",
        "newsContent": "이주승이 절친 장동윤과 함께 ‘테라스 꾸미기’에 도전한다.\n오늘(24일) 밤 11시 10분에 방송되는 MBC ‘나 혼자 산다’(연출 허항 김지우)에서는 낭만파 이주승과 이성파 장동윤의 ‘테라스 꾸미기’가 공개된다.\n자취 10개월 차 이주승은 자취를 시작한 후로 제 집처럼 드나드는 친구가 있다고 귀띔한다.\n이주승이 “이럴 거면 월세를 네가 내라”고 농담할 만큼 끈질긴 단골손님의 정체에 이목이 쏠린다.\n단골손님의 정체는 바로 배우 장동윤. 드라마 ‘조선로코 - 녹두전’, ‘써치’, 영화 ‘태일이’ 등에서 활약한 대세 배우의 등장에 관심이 집중된다.\n장동윤은 속초에서 촬영을 끝낸 후 이주승의 자취방으로 달려왔다고 해 놀라움을 자아낸다.\n크리스마스 분위기가 가득한 연말이지만, 두 사람의 식사 자리는 삭막할 뿐. 연거푸 술만 들이켜는 두 솔로들이 모습이 폭풍 공감을 유발할 예정이다.\n이어 이주승은 “어서 일어나 밥값 해야지”라며 장동윤을 일으켜 시선을 강탈한다.\n이주승의 목표는 ‘테라스 꾸미기’였다.\n외로운 ‘솔로 크리스마스’에 낭만을 더하겠다는 것. 휑한 테라스를 크리스마스 감성으로 채우고자 트리부터 조명까지 잔뜩 꺼내 조립을 시작한다.\n장동윤은 “형이 원하는 게 이거야?”라며 도무지 이해가 안 된다는 듯 ‘이성파’의 면모를 드러내지만, 트리를 조립하는 손만큼은 착실하게 움직이고 있어 폭소를 유발한다. ‘테라스 꾸미기’가 끝날 무렵 이주승은 장동윤을 위한 깜짝 이벤트를 준비해 낭만의 끝을 보여준다. ‘솔로 크리스마스’의 외로움도 잊을 법한 이벤트지만, 장동윤은 감동 대신 경악했다고 해 호기심을 자극한다.\n이날 이주승과 장동윤은 테라스에 오붓하게 앉아 우여곡절 끝에 온 행복을 만끽하지만 예상 밖의 비주얼로 금요일 밤 웃음 폭탄을 안길 예정이다.\n이주승이 장동윤을 위해 준비한 이벤트는 오늘(24일) 밤 11시 10분 방송되는 ‘나 혼자 산다’를 통해 확인할 수 있다.",
        "partNum": "P2",
        "useType": 0,
        "processType": "D",
        "processPattern": "24",
        "processLevel": "상",
        "sentenceCount": 13,
        "processSentencenum": 2,
        "sentenceInfo": [
            {
                "sentenceNo": 1,
                "sentenceContent": "이주승이 절친 장동윤과 함께 ‘테라스 꾸미기’에 도전한다.",
                "sentenceSize": 32
            },
            {
                "sentenceNo": 2,
                "sentenceContent": "오늘(24일) 밤 11시 10분에 방송되는 MBC ‘나 혼자 산다’(연출 허항 김지우)에서는 낭만파 이주승과 이성파 장동윤의 ‘테라스 꾸미기’가 공개된다.",
                "sentenceSize": 86
            },
            {
                "sentenceNo": 3,
                "sentenceContent": "자취 10개월 차 이주승은 자취를 시작한 후로 제 집처럼 드나드는 친구가 있다고 귀띔한다.",
                "sentenceSize": 50
            },
            {
                "sentenceNo": 4,
                "sentenceContent": "이주승이 “이럴 거면 월세를 네가 내라”고 농담할 만큼 끈질긴 단골손님의 정체에 이목이 쏠린다.",
                "sentenceSize": 53
            },
            {
                "sentenceNo": 5,
                "sentenceContent": "단골손님의 정체는 바로 배우 장동윤. 드라마 ‘조선로코 - 녹두전’, ‘써치’, 영화 ‘태일이’ 등에서 활약한 대세 배우의 등장에 관심이 집중된다.",
                "sentenceSize": 82
            },
            {
                "sentenceNo": 6,
                "sentenceContent": "장동윤은 속초에서 촬영을 끝낸 후 이주승의 자취방으로 달려왔다고 해 놀라움을 자아낸다.",
                "sentenceSize": 48
            },
            {
                "sentenceNo": 7,
                "sentenceContent": "크리스마스 분위기가 가득한 연말이지만, 두 사람의 식사 자리는 삭막할 뿐. 연거푸 술만 들이켜는 두 솔로들이 모습이 폭풍 공감을 유발할 예정이다.",
                "sentenceSize": 81
            },
            {
                "sentenceNo": 8,
                "sentenceContent": "이어 이주승은 “어서 일어나 밥값 해야지”라며 장동윤을 일으켜 시선을 강탈한다.",
                "sentenceSize": 44
            },
            {
                "sentenceNo": 9,
                "sentenceContent": "이주승의 목표는 ‘테라스 꾸미기’였다.",
                "sentenceSize": 21
            },
            {
                "sentenceNo": 10,
                "sentenceContent": "외로운 ‘솔로 크리스마스’에 낭만을 더하겠다는 것. 휑한 테라스를 크리스마스 감성으로 채우고자 트리부터 조명까지 잔뜩 꺼내 조립을 시작한다.",
                "sentenceSize": 78
            },
            {
                "sentenceNo": 11,
                "sentenceContent": "장동윤은 “형이 원하는 게 이거야?”라며 도무지 이해가 안 된다는 듯 ‘이성파’의 면모를 드러내지만, 트리를 조립하는 손만큼은 착실하게 움직이고 있어 폭소를 유발한다. ‘테라스 꾸미기’가 끝날 무렵 이주승은 장동윤을 위한 깜짝 이벤트를 준비해 낭만의 끝을 보여준다. ‘솔로 크리스마스’의 외로움도 잊을 법한 이벤트지만, 장동윤은 감동 대신 경악했다고 해 호기심을 자극한다.",
                "sentenceSize": 208
            },
            {
                "sentenceNo": 12,
                "sentenceContent": "이날 이주승과 장동윤은 테라스에 오붓하게 앉아 우여곡절 끝에 온 행복을 만끽하지만 예상 밖의 비주얼로 금요일 밤 웃음 폭탄을 안길 예정이다.",
                "sentenceSize": 78
            },
            {
                "sentenceNo": 13,
                "sentenceContent": "이주승이 장동윤을 위해 준비한 이벤트는 오늘(24일) 밤 11시 10분 방송되는 ‘나 혼자 산다’를 통해 확인할 수 있다.",
                "sentenceSize": 68
            }
        ]
    },
    "labeledDataInfo": {
        "processSentenceInfo": [
            {
                "sentenceNo": 1,
                "sentenceContent": "이주승이 절친 장동윤과 함께 ‘테라스 꾸미기’에 도전한다.",
                "subjectConsistencyYn": "Y"
            },
            {
                "sentenceNo": 2,
                "sentenceContent": "오늘(24일) 밤 11시 10분에 방송되는 MBC ‘나 혼자 산다’(연출 허항 김지우)에서는 낭만파 이주승과 이성파 장동윤의 ‘테라스 꾸미기’가 공개된다.",
                "subjectConsistencyYn": "Y"
            },
            {
                "sentenceNo": 3,
                "sentenceContent": "자취 10개월 차 이주승은 자취를 시작한 후로 제 집처럼 드나드는 친구가 있다고 귀띔한다.",
                "subjectConsistencyYn": "Y"
            },
            {
                "sentenceNo": 4,
                "sentenceContent": "이주승이 “이럴 거면 월세를 네가 내라”고 농담할 만큼 끈질긴 단골손님의 정체에 이목이 쏠린다.",
                "subjectConsistencyYn": "Y"
            },
            {
                "sentenceNo": 5,
                "sentenceContent": "단골손님의 정체는 바로 배우 장동윤. 드라마 ‘조선로코 - 녹두전’, ‘써치’, 영화 ‘태일이’ 등에서 활약한 대세 배우의 등장에 관심이 집중된다.",
                "subjectConsistencyYn": "Y"
            },
            {
                "sentenceNo": 6,
                "sentenceContent": "장동윤은 속초에서 촬영을 끝낸 후 이주승의 자취방으로 달려왔다고 해 놀라움을 자아낸다.",
                "subjectConsistencyYn": "Y"
            },
            {
                "sentenceNo": 7,
                "sentenceContent": "크리스마스 분위기가 가득한 연말이지만, 두 사람의 식사 자리는 삭막할 뿐. 연거푸 술만 들이켜는 두 솔로들이 모습이 폭풍 공감을 유발할 예정이다.",
                "subjectConsistencyYn": "Y"
            },
            {
                "sentenceNo": 8,
                "sentenceContent": "이어 이주승은 “어서 일어나 밥값 해야지”라며 장동윤을 일으켜 시선을 강탈한다.",
                "subjectConsistencyYn": "Y"
            },
            {
                "sentenceNo": 9,
                "sentenceContent": "이주승의 목표는 ‘테라스 꾸미기’였다.",
                "subjectConsistencyYn": "Y"
            },
            {
                "sentenceNo": 10,
                "sentenceContent": "외로운 ‘솔로 크리스마스’에 낭만을 더하겠다는 것. 휑한 테라스를 크리스마스 감성으로 채우고자 트리부터 조명까지 잔뜩 꺼내 조립을 시작한다.",
                "subjectConsistencyYn": "Y"
            },
            {
                "sentenceNo": 11,
                "sentenceContent": "장동윤은 “형이 원하는 게 이거야?”라며 도무지 이해가 안 된다는 듯 ‘이성파’의 면모를 드러내지만, 트리를 조립하는 손만큼은 착실하게 움직이고 있어 폭소를 유발한다. ‘테라스 꾸미기’가 끝날 무렵 이주승은 장동윤을 위한 깜짝 이벤트를 준비해 낭만의 끝을 보여준다. ‘솔로 크리스마스’의 외로움도 잊을 법한 이벤트지만, 장동윤은 감동 대신 경악했다고 해 호기심을 자극한다.",
                "subjectConsistencyYn": "Y"
            },
            {
                "sentenceNo": 12,
                "sentenceContent": "이날 이주승과 장동윤은 테라스에 오붓하게 앉아 우여곡절 끝에 온 행복을 만끽하지만 예상 밖의 비주얼로 금요일 밤 웃음 폭탄을 안길 예정이다.",
                "subjectConsistencyYn": "Y"
            },
            {
                "sentenceNo": 13,
                "sentenceContent": "이주승이 장동윤을 위해 준비한 이벤트는 오늘(24일) 밤 11시 10분 방송되는 ‘나 혼자 산다’를 통해 확인할 수 있다.",
                "subjectConsistencyYn": "Y"
            },
            {
                "sentenceNo": 14,
                "sentenceContent": "MBC ‘나 혼자 산다’을 통해 낭만파 이주승과 이성파 장동윤의 ‘테라스 꾸미기’가 공개되는 가운데, 이주승은 10년간 몸담아왔던 클로버컴퍼니와 최근 전속계약이 만료됐다. ",
                "subjectConsistencyYn": "N"
            },
            {
                "sentenceNo": 15,
                "sentenceContent": "예능은 물론 직접 연출과 각본, 주연을 맡은 영화 '돛대'로 감독으로 데뷔하며 다방면에서 활약 중인 이주승의 거취에 많은 관심이 쏠릴 것으로 기대된다.",
                "subjectConsistencyYn": "N"
            }
        ],
        "clickbaitClass": 0
    }
}