{
    "sourceDataInfo": {
        "newsID": "ET_M13_629197",
        "newsCategory": "연예",
        "newsSubcategory": "방송",
        "newsTitle": "‘지헤중’ 최희서♥김주헌, 꿀 뚝뚝 눈빛",
        "newsSubTitle": "",
        "newsContent": "최희서와 김주헌이 본격적인 연애를 시작한다.\nSBS 금토드라마 ‘지금, 헤어지는 중입니다’(극본 제인/연출 이길복/크리에이터 글Line&강은경/제작 삼화네트웍스, UAA/이하 ‘지헤중’)에는 다양한 사랑이 있다.\n하영은(송혜교 분)과 윤재국(장기용 분)의 애틋한 사랑, 이별을 준비하는 전미숙(박효주 분)과 떠나보낼 수 없는 곽수호(윤나무 분)의 슬픈 사랑. 그 중에서도 조금 서툴지만 귀여운 두 어른 황치숙(최희서 분)과 석도훈(김주헌 분)의 톡톡 튀는 로맨스가 시선을 사로잡고 있다.\n앞서 황치숙은 석도훈에게 단기 계약 연애를 제안했다.\n자신의 아버지 황대표(주진모 분)를 속여서 친구 하영은의 마음을 편하게 해주기 위해서였다.\n하지만 석도훈의 마음은 달랐다.\n이미 황치숙을 사랑하게 된 석도훈은 자신만의 방식, 속도로 황치숙에게 다가갔다.\n그리고 드디어 황치숙의 마음을 잡았다. ‘지헤중’ 10회 속 두 사람의 남산 키스신은 이 커플의 사랑스러움을 오롯이 보여줬다.\n이런 가운데 15일 ‘지헤중’ 제작진이 본격적인 연애를 시작한 황치숙과 석도훈의 모습을 공개해 이목을 집중시킨다.\n공개된 사진은 ‘지헤중’ 11회 한 장면을 포착한 것이다.\n사진 속 황치숙은 와인병을 들고 석도훈을 찾아온 것으로 보인다.\n석도훈은 다정한 미소로 황치숙을 맞이하고 있다.\n서로를 바라보는 두 사람 눈빛에 사랑에 감정이 가득하다.\n이제 막 연애를 시작한 커플답게 핑크빛 분위기가 느껴진다.\n하지만 이어진 사진에서 예상과 달리 조금 부끄러워하는 듯한 황치숙의 표정이 엿보여 궁금증을 자극한다.\n사랑 앞에 언제나 적극적이었던 황치숙이 이렇게 수줍어하는 이유는 무엇일까.\n석도훈의 어떤 것이 그녀를 이렇게 수줍어하도록 만들었을까.\n짧은 장면만으로도 사랑스러운 둘의 연애가 본 드라마에서 어떻게 그려질지 궁금하다.\n이와 관련 ‘지헤중’ 제작진은 “우리 드라마에는 다양한 사랑이 있다. 황치숙과 석도훈의 사랑은 때로는 톡톡 튀고, 때로는 따뜻할 것이다. 최희서, 김주헌 두 배우는 완벽한 호흡과 배려심으로 황치숙과 석도훈의 로맨스를 완성했다. 시청자 여러분들의 많은 관심과 기대 부탁드린다”라고 전했다.\n중반부를 넘어서며 더욱 짙은 감성, 깊은 이야기를 들려주는 SBS 금토드라마 ‘지금, 헤어지는 중입니다’ 11회는 12월 17일 금요일 밤 10시 방송된다.",
        "partNum": "P2",
        "useType": 0,
        "processType": "D",
        "processPattern": "24",
        "processLevel": "상",
        "sentenceCount": 20,
        "processSentencenum": 2,
        "sentenceInfo": [
            {
                "sentenceNo": 1,
                "sentenceContent": "최희서와 김주헌이 본격적인 연애를 시작한다.",
                "sentenceSize": 24
            },
            {
                "sentenceNo": 2,
                "sentenceContent": "SBS 금토드라마 ‘지금, 헤어지는 중입니다’(극본 제인/연출 이길복/크리에이터 글Line&강은경/제작 삼화네트웍스, UAA/이하 ‘지헤중’)에는 다양한 사랑이 있다.",
                "sentenceSize": 93
            },
            {
                "sentenceNo": 3,
                "sentenceContent": "하영은(송혜교 분)과 윤재국(장기용 분)의 애틋한 사랑, 이별을 준비하는 전미숙(박효주 분)과 떠나보낼 수 없는 곽수호(윤나무 분)의 슬픈 사랑. 그 중에서도 조금 서툴지만 귀여운 두 어른 황치숙(최희서 분)과 석도훈(김주헌 분)의 톡톡 튀는 로맨스가 시선을 사로잡고 있다.",
                "sentenceSize": 153
            },
            {
                "sentenceNo": 4,
                "sentenceContent": "앞서 황치숙은 석도훈에게 단기 계약 연애를 제안했다.",
                "sentenceSize": 29
            },
            {
                "sentenceNo": 5,
                "sentenceContent": "자신의 아버지 황대표(주진모 분)를 속여서 친구 하영은의 마음을 편하게 해주기 위해서였다.",
                "sentenceSize": 50
            },
            {
                "sentenceNo": 6,
                "sentenceContent": "하지만 석도훈의 마음은 달랐다.",
                "sentenceSize": 17
            },
            {
                "sentenceNo": 7,
                "sentenceContent": "이미 황치숙을 사랑하게 된 석도훈은 자신만의 방식, 속도로 황치숙에게 다가갔다.",
                "sentenceSize": 44
            },
            {
                "sentenceNo": 8,
                "sentenceContent": "그리고 드디어 황치숙의 마음을 잡았다. ‘지헤중’ 10회 속 두 사람의 남산 키스신은 이 커플의 사랑스러움을 오롯이 보여줬다.",
                "sentenceSize": 70
            },
            {
                "sentenceNo": 9,
                "sentenceContent": "이런 가운데 15일 ‘지헤중’ 제작진이 본격적인 연애를 시작한 황치숙과 석도훈의 모습을 공개해 이목을 집중시킨다.",
                "sentenceSize": 63
            },
            {
                "sentenceNo": 10,
                "sentenceContent": "공개된 사진은 ‘지헤중’ 11회 한 장면을 포착한 것이다.",
                "sentenceSize": 32
            },
            {
                "sentenceNo": 11,
                "sentenceContent": "사진 속 황치숙은 와인병을 들고 석도훈을 찾아온 것으로 보인다.",
                "sentenceSize": 35
            },
            {
                "sentenceNo": 12,
                "sentenceContent": "석도훈은 다정한 미소로 황치숙을 맞이하고 있다.",
                "sentenceSize": 26
            },
            {
                "sentenceNo": 13,
                "sentenceContent": "서로를 바라보는 두 사람 눈빛에 사랑에 감정이 가득하다.",
                "sentenceSize": 31
            },
            {
                "sentenceNo": 14,
                "sentenceContent": "이제 막 연애를 시작한 커플답게 핑크빛 분위기가 느껴진다.",
                "sentenceSize": 32
            },
            {
                "sentenceNo": 15,
                "sentenceContent": "하지만 이어진 사진에서 예상과 달리 조금 부끄러워하는 듯한 황치숙의 표정이 엿보여 궁금증을 자극한다.",
                "sentenceSize": 56
            },
            {
                "sentenceNo": 16,
                "sentenceContent": "사랑 앞에 언제나 적극적이었던 황치숙이 이렇게 수줍어하는 이유는 무엇일까.",
                "sentenceSize": 41
            },
            {
                "sentenceNo": 17,
                "sentenceContent": "석도훈의 어떤 것이 그녀를 이렇게 수줍어하도록 만들었을까.",
                "sentenceSize": 32
            },
            {
                "sentenceNo": 18,
                "sentenceContent": "짧은 장면만으로도 사랑스러운 둘의 연애가 본 드라마에서 어떻게 그려질지 궁금하다.",
                "sentenceSize": 45
            },
            {
                "sentenceNo": 19,
                "sentenceContent": "이와 관련 ‘지헤중’ 제작진은 “우리 드라마에는 다양한 사랑이 있다. 황치숙과 석도훈의 사랑은 때로는 톡톡 튀고, 때로는 따뜻할 것이다. 최희서, 김주헌 두 배우는 완벽한 호흡과 배려심으로 황치숙과 석도훈의 로맨스를 완성했다. 시청자 여러분들의 많은 관심과 기대 부탁드린다”라고 전했다.",
                "sentenceSize": 160
            },
            {
                "sentenceNo": 20,
                "sentenceContent": "중반부를 넘어서며 더욱 짙은 감성, 깊은 이야기를 들려주는 SBS 금토드라마 ‘지금, 헤어지는 중입니다’ 11회는 12월 17일 금요일 밤 10시 방송된다.",
                "sentenceSize": 87
            }
        ]
    },
    "labeledDataInfo": {
        "processSentenceInfo": [
            {
                "sentenceNo": 1,
                "sentenceContent": "최희서와 김주헌이 본격적인 연애를 시작한다.",
                "subjectConsistencyYn": "Y"
            },
            {
                "sentenceNo": 2,
                "sentenceContent": "SBS 금토드라마 ‘지금, 헤어지는 중입니다’(극본 제인/연출 이길복/크리에이터 글Line&강은경/제작 삼화네트웍스, UAA/이하 ‘지헤중’)에는 다양한 사랑이 있다.",
                "subjectConsistencyYn": "Y"
            },
            {
                "sentenceNo": 3,
                "sentenceContent": "하영은(송혜교 분)과 윤재국(장기용 분)의 애틋한 사랑, 이별을 준비하는 전미숙(박효주 분)과 떠나보낼 수 없는 곽수호(윤나무 분)의 슬픈 사랑. 그 중에서도 조금 서툴지만 귀여운 두 어른 황치숙(최희서 분)과 석도훈(김주헌 분)의 톡톡 튀는 로맨스가 시선을 사로잡고 있다.",
                "subjectConsistencyYn": "Y"
            },
            {
                "sentenceNo": 4,
                "sentenceContent": "앞서 황치숙은 석도훈에게 단기 계약 연애를 제안했다.",
                "subjectConsistencyYn": "Y"
            },
            {
                "sentenceNo": 5,
                "sentenceContent": "자신의 아버지 황대표(주진모 분)를 속여서 친구 하영은의 마음을 편하게 해주기 위해서였다.",
                "subjectConsistencyYn": "Y"
            },
            {
                "sentenceNo": 6,
                "sentenceContent": "하지만 석도훈의 마음은 달랐다.",
                "subjectConsistencyYn": "Y"
            },
            {
                "sentenceNo": 7,
                "sentenceContent": "이미 황치숙을 사랑하게 된 석도훈은 자신만의 방식, 속도로 황치숙에게 다가갔다.",
                "subjectConsistencyYn": "Y"
            },
            {
                "sentenceNo": 8,
                "sentenceContent": "그리고 드디어 황치숙의 마음을 잡았다. ‘지헤중’ 10회 속 두 사람의 남산 키스신은 이 커플의 사랑스러움을 오롯이 보여줬다.",
                "subjectConsistencyYn": "Y"
            },
            {
                "sentenceNo": 9,
                "sentenceContent": "이런 가운데 15일 ‘지헤중’ 제작진이 본격적인 연애를 시작한 황치숙과 석도훈의 모습을 공개해 이목을 집중시킨다.",
                "subjectConsistencyYn": "Y"
            },
            {
                "sentenceNo": 10,
                "sentenceContent": "공개된 사진은 ‘지헤중’ 11회 한 장면을 포착한 것이다.",
                "subjectConsistencyYn": "Y"
            },
            {
                "sentenceNo": 11,
                "sentenceContent": "사진 속 황치숙은 와인병을 들고 석도훈을 찾아온 것으로 보인다.",
                "subjectConsistencyYn": "Y"
            },
            {
                "sentenceNo": 12,
                "sentenceContent": "석도훈은 다정한 미소로 황치숙을 맞이하고 있다.",
                "subjectConsistencyYn": "Y"
            },
            {
                "sentenceNo": 13,
                "sentenceContent": "서로를 바라보는 두 사람 눈빛에 사랑에 감정이 가득하다.",
                "subjectConsistencyYn": "Y"
            },
            {
                "sentenceNo": 14,
                "sentenceContent": "이제 막 연애를 시작한 커플답게 핑크빛 분위기가 느껴진다.",
                "subjectConsistencyYn": "Y"
            },
            {
                "sentenceNo": 15,
                "sentenceContent": "하지만 이어진 사진에서 예상과 달리 조금 부끄러워하는 듯한 황치숙의 표정이 엿보여 궁금증을 자극한다.",
                "subjectConsistencyYn": "Y"
            },
            {
                "sentenceNo": 16,
                "sentenceContent": "사랑 앞에 언제나 적극적이었던 황치숙이 이렇게 수줍어하는 이유는 무엇일까.",
                "subjectConsistencyYn": "Y"
            },
            {
                "sentenceNo": 17,
                "sentenceContent": "석도훈의 어떤 것이 그녀를 이렇게 수줍어하도록 만들었을까.",
                "subjectConsistencyYn": "Y"
            },
            {
                "sentenceNo": 18,
                "sentenceContent": "짧은 장면만으로도 사랑스러운 둘의 연애가 본 드라마에서 어떻게 그려질지 궁금하다.",
                "subjectConsistencyYn": "Y"
            },
            {
                "sentenceNo": 19,
                "sentenceContent": "이와 관련 ‘지헤중’ 제작진은 “우리 드라마에는 다양한 사랑이 있다. 황치숙과 석도훈의 사랑은 때로는 톡톡 튀고, 때로는 따뜻할 것이다. 최희서, 김주헌 두 배우는 완벽한 호흡과 배려심으로 황치숙과 석도훈의 로맨스를 완성했다. 시청자 여러분들의 많은 관심과 기대 부탁드린다”라고 전했다.",
                "subjectConsistencyYn": "Y"
            },
            {
                "sentenceNo": 20,
                "sentenceContent": "중반부를 넘어서며 더욱 짙은 감성, 깊은 이야기를 들려주는 SBS 금토드라마 ‘지금, 헤어지는 중입니다’ 11회는 12월 17일 금요일 밤 10시 방송된다.",
                "subjectConsistencyYn": "Y"
            },
            {
                "sentenceNo": 21,
                "sentenceContent": "배우 송혜교와 장기용이 출연하는 SBS 금토드라마 ‘지금, 헤어지는 중입니다'가 방영 중인 가운데, 송혜교가 배우 송중기와 이혼 소송에 들어갔다는 소식이 전해졌다. ",
                "subjectConsistencyYn": "N"
            },
            {
                "sentenceNo": 22,
                "sentenceContent": "송중기의 소속사인 하이지음스튜디오 측에서는 기자 회견을 통해 \"합의 이혼을 원했으나 양측의 의견이 좁혀지지 않아 일이 어렵게 되었다\", \"물의를 빚어서 죄송하며 최대한 빠른 시일 내에 조용히 해결하겠다\"라고 발언했다.",
                "subjectConsistencyYn": "N"
            }
        ],
        "clickbaitClass": 0
    }
}