{
    "sourceDataInfo": {
        "newsID": "ET_M13_629489",
        "newsCategory": "연예",
        "newsSubcategory": "연예일반",
        "newsTitle": "업텐션 “6개월 만 컴백, 성장한 모습 보여주고파”",
        "newsSubTitle": "",
        "newsContent": "그룹 업텐션이 6개월 만에 컴백한 소감을 밝혔다.\n업텐션(선율, 쿤, 이진혁, 샤오, 고결, 김우석, 비토, 규진, 환희, 진후)은 3일 오후 미니 10집 ‘노벨라’(Novella) 발매 기념 쇼케이스를 개최했다.\n쇼케이스는 코로나19 확산 방지를 위해 온라인으로 진행됐다.\n이날 쿤은 “6개월 만에 돌아왔다. 새 앨범으로 찾아뵐 때 음악적으로 성장한 업텐션 모습 보여드리고 싶어서 음악 작업에 몰두했다”고 소감을 전했다.\n이어 “6개월 동안 날이 더 추워지면서 앨범 작업하는 데 열중했다”며 “팬들이 더 보고 싶었고, 코로나19 때문에 조심하면서 생활했다”고 근황도 전했다.\n이어 환희는 근황에 대해 “음악도 만들어봤고, 이번에 앨범 준비 시간이 길어서 팬들을 위해 더 열심히했다”고 밝혔고, 고결은 “사실 저희가 앨범 준비 기간이 길었는데 설렘을 많이 느끼면서 준비했다. 헤어스타일도 이번 콘셉트에 맞게 검은색으로 염색했다”고 덧붙였다.\n한편 오늘(3일) 오후 6시 발매되는 ‘노벨라’는 사랑하는 사람과의 만남부터 이별, 그리고 이별 후의 감정까지 각기 다른 과정을 떠올리게 하며 누구나 공감할 수 있는 감성 스토리로 한 편의 로맨스 소설 같은 앨범이다.",
        "partNum": "P2",
        "useType": 0,
        "processType": "D",
        "processPattern": "24",
        "processLevel": "상",
        "sentenceCount": 7,
        "processSentencenum": 2,
        "sentenceInfo": [
            {
                "sentenceNo": 1,
                "sentenceContent": "그룹 업텐션이 6개월 만에 컴백한 소감을 밝혔다.",
                "sentenceSize": 27
            },
            {
                "sentenceNo": 2,
                "sentenceContent": "업텐션(선율, 쿤, 이진혁, 샤오, 고결, 김우석, 비토, 규진, 환희, 진후)은 3일 오후 미니 10집 ‘노벨라’(Novella) 발매 기념 쇼케이스를 개최했다.",
                "sentenceSize": 91
            },
            {
                "sentenceNo": 3,
                "sentenceContent": "쇼케이스는 코로나19 확산 방지를 위해 온라인으로 진행됐다.",
                "sentenceSize": 33
            },
            {
                "sentenceNo": 4,
                "sentenceContent": "이날 쿤은 “6개월 만에 돌아왔다. 새 앨범으로 찾아뵐 때 음악적으로 성장한 업텐션 모습 보여드리고 싶어서 음악 작업에 몰두했다”고 소감을 전했다.",
                "sentenceSize": 82
            },
            {
                "sentenceNo": 5,
                "sentenceContent": "이어 “6개월 동안 날이 더 추워지면서 앨범 작업하는 데 열중했다”며 “팬들이 더 보고 싶었고, 코로나19 때문에 조심하면서 생활했다”고 근황도 전했다.",
                "sentenceSize": 85
            },
            {
                "sentenceNo": 6,
                "sentenceContent": "이어 환희는 근황에 대해 “음악도 만들어봤고, 이번에 앨범 준비 시간이 길어서 팬들을 위해 더 열심히했다”고 밝혔고, 고결은 “사실 저희가 앨범 준비 기간이 길었는데 설렘을 많이 느끼면서 준비했다. 헤어스타일도 이번 콘셉트에 맞게 검은색으로 염색했다”고 덧붙였다.",
                "sentenceSize": 147
            },
            {
                "sentenceNo": 7,
                "sentenceContent": "한편 오늘(3일) 오후 6시 발매되는 ‘노벨라’는 사랑하는 사람과의 만남부터 이별, 그리고 이별 후의 감정까지 각기 다른 과정을 떠올리게 하며 누구나 공감할 수 있는 감성 스토리로 한 편의 로맨스 소설 같은 앨범이다.",
                "sentenceSize": 121
            }
        ]
    },
    "labeledDataInfo": {
        "processSentenceInfo": [
            {
                "sentenceNo": 1,
                "sentenceContent": "그룹 업텐션이 6개월 만에 컴백한 소감을 밝혔다.",
                "subjectConsistencyYn": "Y"
            },
            {
                "sentenceNo": 2,
                "sentenceContent": "업텐션(선율, 쿤, 이진혁, 샤오, 고결, 김우석, 비토, 규진, 환희, 진후)은 3일 오후 미니 10집 ‘노벨라’(Novella) 발매 기념 쇼케이스를 개최했다.",
                "subjectConsistencyYn": "Y"
            },
            {
                "sentenceNo": 3,
                "sentenceContent": "쇼케이스는 코로나19 확산 방지를 위해 온라인으로 진행됐다.",
                "subjectConsistencyYn": "Y"
            },
            {
                "sentenceNo": 4,
                "sentenceContent": "이날 쿤은 “6개월 만에 돌아왔다. 새 앨범으로 찾아뵐 때 음악적으로 성장한 업텐션 모습 보여드리고 싶어서 음악 작업에 몰두했다”고 소감을 전했다.",
                "subjectConsistencyYn": "Y"
            },
            {
                "sentenceNo": 5,
                "sentenceContent": "이어 “6개월 동안 날이 더 추워지면서 앨범 작업하는 데 열중했다”며 “팬들이 더 보고 싶었고, 코로나19 때문에 조심하면서 생활했다”고 근황도 전했다.",
                "subjectConsistencyYn": "Y"
            },
            {
                "sentenceNo": 6,
                "sentenceContent": "이어 환희는 근황에 대해 “음악도 만들어봤고, 이번에 앨범 준비 시간이 길어서 팬들을 위해 더 열심히했다”고 밝혔고, 고결은 “사실 저희가 앨범 준비 기간이 길었는데 설렘을 많이 느끼면서 준비했다. 헤어스타일도 이번 콘셉트에 맞게 검은색으로 염색했다”고 덧붙였다.",
                "subjectConsistencyYn": "Y"
            },
            {
                "sentenceNo": 7,
                "sentenceContent": "한편 오늘(3일) 오후 6시 발매되는 ‘노벨라’는 사랑하는 사람과의 만남부터 이별, 그리고 이별 후의 감정까지 각기 다른 과정을 떠올리게 하며 누구나 공감할 수 있는 감성 스토리로 한 편의 로맨스 소설 같은 앨범이다.",
                "subjectConsistencyYn": "Y"
            },
            {
                "sentenceNo": 8,
                "sentenceContent": "업텐션이 6개월 만에 컴백한 소감을 밝힌 가운데, 업텐션 김우석이 마이셀럽스가 운영하는 익사이팅 디시 10월 4주 투표에서 1위를 차지했다.",
                "subjectConsistencyYn": "N"
            },
            {
                "sentenceNo": 9,
                "sentenceContent": "마이셀럽스에 따르면 업텐션 김우석의 매력 키워드는 '망설임이없는', '다방면으로활약하는', '활약이더욱기대되는', '작곡에참여하는', '작사작곡에참여하는', '작사작업에참여하는', '마음을사로잡는' 등으로 나타났다.",
                "subjectConsistencyYn": "N"
            }
        ],
        "clickbaitClass": 0
    }
}