{
    "sourceDataInfo": {
        "newsID": "ET_M13_629582",
        "newsCategory": "연예",
        "newsSubcategory": "음악",
        "newsTitle": "골든디스크, 방탄소년단-아이유 대상",
        "newsSubTitle": "",
        "newsContent": "36회 골든디스크어워즈 음반 대상은 방탄소년단, 디지털 음원 대상은 아이유가 받았다.\n8일 JTBC, JTBC2, JTBC4에서 생중계된 36회 골든디스크 어워즈는 지난 1년간 K팝을 전세계에 알린 아티스트를 격려했고, 음악 팬들에겐 화려한 볼거리를 선보였다.\n영예의 대상은 방탄소년단과 아이유에게 돌아갔다.\n지난해 발매한 ‘BE’로 단일 앨범 최다 판매량인 372만 4898장을 기록한 방탄소년단은 이로써 32회부터 36회까지 5년 연속 골든디스크 음반 부문 대상이라는 또 하나의 기록을 세웠다.\n대상 트로피는 6번째다.\n골든에서 지난 35회 때 역대 최다 대상 수상 기록을 쓴 방탄소년단은 이로써 또 한 번 골든에서 최고 기록을 경신했다.\n이날 방탄소년단은 디지털 음원 본상, 음반 본상, seezn 골든디스크 인기상까지 수상하며 최다관왕을 기록했다. ‘음원 퀸’ 아이유는 32회와 35회에 이어 세 번째 디지털음원 부문 대상을 받았다.\n디지털 음원 부문 본상과 대상 뿐만 아니라 데뷔 처음 골든디스크어워즈에서 음반 부문 본상 트로피를 받으며 대중성과 팬덤을 모두 사로잡은 아티스트로서의 저력을 입증했다.\n부문별 본상은 각각 8팀에게 돌아갔다.\n디지털음원 부문은 aespa·AKMU·STAYC·방탄소년단·아이유·오마이걸·이무진·헤이즈가 음반 부문은 ENHYPEN·NCT 127·NCT DREAM·Stray Kids·방탄소년단·아이유·세븐틴·투모로우바이투게더가 차지했다.\n신인과 기성 가수, 다양한 장르 등 지난 한 해 가요계가 고스란히 담긴 결과다.\n생애 단 한 번 뿐인 신인상은 aespa와 STAYC가 차지했다.\n두 그룹은 신인상에 디지털 음원 본상까지 동시 수상하며 ‘파워 루키’의 진정한 모습을 보여줬다.\n무대도 신선했다.\naespa는 데뷔곡 ‘블랙맘바’ ‘넥스트 레벨’ ‘세비지’까지 히트곡 무대를 모두 준비했다.\n귀여운 매력을 뽐내던 STAYC는 지금껏 본 적 없는 강렬함에 터프한 매력까지 더한 퍼포먼스로 시선을 사로잡았다.\n역주행의 아이콘이자 가오리춤 신드롬을 일으킨 브레이브 걸스는 생애 첫 골든디스크 방문과 함께 베스트 그룹을 수상했다.\n다양한 연령층의 사랑을 받고 있는 임영웅은 지난 회 베스트 트로트에 이어 이번에는 베스트 솔로 아티스트로 선정됐다.\n눈을 뗄 수 없는 무대를 보여주는 더보이즈와 전소미는 베스트 퍼포먼스상의 주인공이 됐다.\n올해 첫 신설된 ARTIST OF THE YEAR는 aespa가 트로피를 가져갔고 코스모폴리탄 아티스트상은 세븐틴과 aespa가 차지했다.\naespa는 첫 골든 입성에 최다 4관왕을 하며 기염을 토했다.\n빅마마의 특별 무대는 강렬한 임팩트를 남겼다.\n18회 신인상을 수상하고 18년 만에 다시 골든디스크어워즈를 찾은 빅마마는 음악 팬들에게 선물 같은 무대를 선사했다.\n이날 36회 후보곡 메들리와 빅마마 히트곡 메들리로 구성된 스페셜 스테이지를 꾸몄다.\n36회 골든디스크어워즈 수상자는 골든디스크 집행위원·가요담당 기자·음악프로그램 PD·대중음악평론가·국내 유통사 관계자 등으로 구성된 50인의 전문가 심사단의 평가(40%)와 가온차트 판매량 집계(60%)를 합산한 결과다.\n심사 대상은 2020년 11월부터 2021년 11월 중순까지 발매된 디지털음원과 음반이다.\n2021년 12월 중순까지의 판매량을 집계했다.\n골든디스크어워즈는 방역과 안전에도 최선의 노력을 기울였다.\n코로나19 유행 상황을 고려해 비대면 공연으로 진행했다.\n사회적 거리두기 지침과 방역 수칙을 준수한 ‘클린 공연장’에서 사전에 백신 접종 유무를 확인했고 현장에서 전원 자가키트 검사를 진행했다.\n백신 미접종자는 48시간 전 PCR 검사 음성 확인서를 지참해야 공연장 입장이 가능했다.\n현장에선 매시간마다 소독 약품으로 방역을 진행한 것은 물론 행사장 내 마스크 착용을 필수로 하고 손 소독제도 눈에 띄는 곳에 비치했다.\n행사장 출입구를 최소화했고 비표 배부처를 단일화했다.\n사전에 등록되지 않은 사람과 차량은 통제했고 아티스트들에게도 방역 수칙을 똑같이 적용해 실명으로 신분을 확인했으며 비접촉 온도계로 출입자의 온도를 체크했다.\n수상자 명단. ▲ 음반 대상=방탄소년단 ▲ 디지털음원 대상=아이유 ▲ 음반 본상=ENHYPEN·NCT 127·NCT DREAM·Stray Kids·방탄소년단·세븐틴·아이유·투모로우바이투게더 ▲ 디지털음원 본상=aespa·AKMU·STAYC·방탄소년단·아이유·오마이걸·이무진·헤이즈 ▲ 신인상=aespa STAYC ▲ 베스트 그룹상=브레이브걸스 ▲ 베스트 솔로 아티스트상=임영웅 ▲ 베스트 퍼포먼스상=더보이즈·전소미 ▲ 코스모폴리탄 아티스트상=aespa·세븐틴 ▲ ARTIST OF THE YEAR=aespa ▲ seezn 골든디스크 인기상=방탄소년단",
        "partNum": "P2",
        "useType": 0,
        "processType": "D",
        "processPattern": "24",
        "processLevel": "상",
        "sentenceCount": 35,
        "processSentencenum": 2,
        "sentenceInfo": [
            {
                "sentenceNo": 1,
                "sentenceContent": "36회 골든디스크어워즈 음반 대상은 방탄소년단, 디지털 음원 대상은 아이유가 받았다.",
                "sentenceSize": 47
            },
            {
                "sentenceNo": 2,
                "sentenceContent": "8일 JTBC, JTBC2, JTBC4에서 생중계된 36회 골든디스크 어워즈는 지난 1년간 K팝을 전세계에 알린 아티스트를 격려했고, 음악 팬들에겐 화려한 볼거리를 선보였다.",
                "sentenceSize": 97
            },
            {
                "sentenceNo": 3,
                "sentenceContent": "영예의 대상은 방탄소년단과 아이유에게 돌아갔다.",
                "sentenceSize": 26
            },
            {
                "sentenceNo": 4,
                "sentenceContent": "지난해 발매한 ‘BE’로 단일 앨범 최다 판매량인 372만 4898장을 기록한 방탄소년단은 이로써 32회부터 36회까지 5년 연속 골든디스크 음반 부문 대상이라는 또 하나의 기록을 세웠다.",
                "sentenceSize": 105
            },
            {
                "sentenceNo": 5,
                "sentenceContent": "대상 트로피는 6번째다.",
                "sentenceSize": 13
            },
            {
                "sentenceNo": 6,
                "sentenceContent": "골든에서 지난 35회 때 역대 최다 대상 수상 기록을 쓴 방탄소년단은 이로써 또 한 번 골든에서 최고 기록을 경신했다.",
                "sentenceSize": 66
            },
            {
                "sentenceNo": 7,
                "sentenceContent": "이날 방탄소년단은 디지털 음원 본상, 음반 본상, seezn 골든디스크 인기상까지 수상하며 최다관왕을 기록했다. ‘음원 퀸’ 아이유는 32회와 35회에 이어 세 번째 디지털음원 부문 대상을 받았다.",
                "sentenceSize": 110
            },
            {
                "sentenceNo": 8,
                "sentenceContent": "디지털 음원 부문 본상과 대상 뿐만 아니라 데뷔 처음 골든디스크어워즈에서 음반 부문 본상 트로피를 받으며 대중성과 팬덤을 모두 사로잡은 아티스트로서의 저력을 입증했다.",
                "sentenceSize": 93
            },
            {
                "sentenceNo": 9,
                "sentenceContent": "부문별 본상은 각각 8팀에게 돌아갔다.",
                "sentenceSize": 21
            },
            {
                "sentenceNo": 10,
                "sentenceContent": "디지털음원 부문은 aespa·AKMU·STAYC·방탄소년단·아이유·오마이걸·이무진·헤이즈가 음반 부문은 ENHYPEN·NCT 127·NCT DREAM·Stray Kids·방탄소년단·아이유·세븐틴·투모로우바이투게더가 차지했다.",
                "sentenceSize": 125
            },
            {
                "sentenceNo": 11,
                "sentenceContent": "신인과 기성 가수, 다양한 장르 등 지난 한 해 가요계가 고스란히 담긴 결과다.",
                "sentenceSize": 44
            },
            {
                "sentenceNo": 12,
                "sentenceContent": "생애 단 한 번 뿐인 신인상은 aespa와 STAYC가 차지했다.",
                "sentenceSize": 36
            },
            {
                "sentenceNo": 13,
                "sentenceContent": "두 그룹은 신인상에 디지털 음원 본상까지 동시 수상하며 ‘파워 루키’의 진정한 모습을 보여줬다.",
                "sentenceSize": 53
            },
            {
                "sentenceNo": 14,
                "sentenceContent": "무대도 신선했다.",
                "sentenceSize": 9
            },
            {
                "sentenceNo": 15,
                "sentenceContent": "aespa는 데뷔곡 ‘블랙맘바’ ‘넥스트 레벨’ ‘세비지’까지 히트곡 무대를 모두 준비했다.",
                "sentenceSize": 51
            },
            {
                "sentenceNo": 16,
                "sentenceContent": "귀여운 매력을 뽐내던 STAYC는 지금껏 본 적 없는 강렬함에 터프한 매력까지 더한 퍼포먼스로 시선을 사로잡았다.",
                "sentenceSize": 63
            },
            {
                "sentenceNo": 17,
                "sentenceContent": "역주행의 아이콘이자 가오리춤 신드롬을 일으킨 브레이브 걸스는 생애 첫 골든디스크 방문과 함께 베스트 그룹을 수상했다.",
                "sentenceSize": 65
            },
            {
                "sentenceNo": 18,
                "sentenceContent": "다양한 연령층의 사랑을 받고 있는 임영웅은 지난 회 베스트 트로트에 이어 이번에는 베스트 솔로 아티스트로 선정됐다.",
                "sentenceSize": 64
            },
            {
                "sentenceNo": 19,
                "sentenceContent": "눈을 뗄 수 없는 무대를 보여주는 더보이즈와 전소미는 베스트 퍼포먼스상의 주인공이 됐다.",
                "sentenceSize": 49
            },
            {
                "sentenceNo": 20,
                "sentenceContent": "올해 첫 신설된 ARTIST OF THE YEAR는 aespa가 트로피를 가져갔고 코스모폴리탄 아티스트상은 세븐틴과 aespa가 차지했다.",
                "sentenceSize": 77
            },
            {
                "sentenceNo": 21,
                "sentenceContent": "aespa는 첫 골든 입성에 최다 4관왕을 하며 기염을 토했다.",
                "sentenceSize": 35
            },
            {
                "sentenceNo": 22,
                "sentenceContent": "빅마마의 특별 무대는 강렬한 임팩트를 남겼다.",
                "sentenceSize": 25
            },
            {
                "sentenceNo": 23,
                "sentenceContent": "18회 신인상을 수상하고 18년 만에 다시 골든디스크어워즈를 찾은 빅마마는 음악 팬들에게 선물 같은 무대를 선사했다.",
                "sentenceSize": 65
            },
            {
                "sentenceNo": 24,
                "sentenceContent": "이날 36회 후보곡 메들리와 빅마마 히트곡 메들리로 구성된 스페셜 스테이지를 꾸몄다.",
                "sentenceSize": 47
            },
            {
                "sentenceNo": 25,
                "sentenceContent": "36회 골든디스크어워즈 수상자는 골든디스크 집행위원·가요담당 기자·음악프로그램 PD·대중음악평론가·국내 유통사 관계자 등으로 구성된 50인의 전문가 심사단의 평가(40%)와 가온차트 판매량 집계(60%)를 합산한 결과다.",
                "sentenceSize": 123
            },
            {
                "sentenceNo": 26,
                "sentenceContent": "심사 대상은 2020년 11월부터 2021년 11월 중순까지 발매된 디지털음원과 음반이다.",
                "sentenceSize": 50
            },
            {
                "sentenceNo": 27,
                "sentenceContent": "2021년 12월 중순까지의 판매량을 집계했다.",
                "sentenceSize": 26
            },
            {
                "sentenceNo": 28,
                "sentenceContent": "골든디스크어워즈는 방역과 안전에도 최선의 노력을 기울였다.",
                "sentenceSize": 32
            },
            {
                "sentenceNo": 29,
                "sentenceContent": "코로나19 유행 상황을 고려해 비대면 공연으로 진행했다.",
                "sentenceSize": 31
            },
            {
                "sentenceNo": 30,
                "sentenceContent": "사회적 거리두기 지침과 방역 수칙을 준수한 ‘클린 공연장’에서 사전에 백신 접종 유무를 확인했고 현장에서 전원 자가키트 검사를 진행했다.",
                "sentenceSize": 76
            },
            {
                "sentenceNo": 31,
                "sentenceContent": "백신 미접종자는 48시간 전 PCR 검사 음성 확인서를 지참해야 공연장 입장이 가능했다.",
                "sentenceSize": 49
            },
            {
                "sentenceNo": 32,
                "sentenceContent": "현장에선 매시간마다 소독 약품으로 방역을 진행한 것은 물론 행사장 내 마스크 착용을 필수로 하고 손 소독제도 눈에 띄는 곳에 비치했다.",
                "sentenceSize": 75
            },
            {
                "sentenceNo": 33,
                "sentenceContent": "행사장 출입구를 최소화했고 비표 배부처를 단일화했다.",
                "sentenceSize": 29
            },
            {
                "sentenceNo": 34,
                "sentenceContent": "사전에 등록되지 않은 사람과 차량은 통제했고 아티스트들에게도 방역 수칙을 똑같이 적용해 실명으로 신분을 확인했으며 비접촉 온도계로 출입자의 온도를 체크했다.",
                "sentenceSize": 87
            },
            {
                "sentenceNo": 35,
                "sentenceContent": "수상자 명단. ▲ 음반 대상=방탄소년단 ▲ 디지털음원 대상=아이유 ▲ 음반 본상=ENHYPEN·NCT 127·NCT DREAM·Stray Kids·방탄소년단·세븐틴·아이유·투모로우바이투게더 ▲ 디지털음원 본상=aespa·AKMU·STAYC·방탄소년단·아이유·오마이걸·이무진·헤이즈 ▲ 신인상=aespa STAYC ▲ 베스트 그룹상=브레이브걸스 ▲ 베스트 솔로 아티스트상=임영웅 ▲ 베스트 퍼포먼스상=더보이즈·전소미 ▲ 코스모폴리탄 아티스트상=aespa·세븐틴 ▲ ARTIST OF THE YEAR=aespa ▲ seezn 골든디스크 인기상=방탄소년단",
                "sentenceSize": 307
            }
        ]
    },
    "labeledDataInfo": {
        "processSentenceInfo": [
            {
                "sentenceNo": 1,
                "sentenceContent": "36회 골든디스크어워즈 음반 대상은 방탄소년단, 디지털 음원 대상은 아이유가 받았다.",
                "subjectConsistencyYn": "Y"
            },
            {
                "sentenceNo": 2,
                "sentenceContent": "8일 JTBC, JTBC2, JTBC4에서 생중계된 36회 골든디스크 어워즈는 지난 1년간 K팝을 전세계에 알린 아티스트를 격려했고, 음악 팬들에겐 화려한 볼거리를 선보였다.",
                "subjectConsistencyYn": "Y"
            },
            {
                "sentenceNo": 3,
                "sentenceContent": "영예의 대상은 방탄소년단과 아이유에게 돌아갔다.",
                "subjectConsistencyYn": "Y"
            },
            {
                "sentenceNo": 4,
                "sentenceContent": "지난해 발매한 ‘BE’로 단일 앨범 최다 판매량인 372만 4898장을 기록한 방탄소년단은 이로써 32회부터 36회까지 5년 연속 골든디스크 음반 부문 대상이라는 또 하나의 기록을 세웠다.",
                "subjectConsistencyYn": "Y"
            },
            {
                "sentenceNo": 5,
                "sentenceContent": "대상 트로피는 6번째다.",
                "subjectConsistencyYn": "Y"
            },
            {
                "sentenceNo": 6,
                "sentenceContent": "골든에서 지난 35회 때 역대 최다 대상 수상 기록을 쓴 방탄소년단은 이로써 또 한 번 골든에서 최고 기록을 경신했다.",
                "subjectConsistencyYn": "Y"
            },
            {
                "sentenceNo": 7,
                "sentenceContent": "이날 방탄소년단은 디지털 음원 본상, 음반 본상, seezn 골든디스크 인기상까지 수상하며 최다관왕을 기록했다. ‘음원 퀸’ 아이유는 32회와 35회에 이어 세 번째 디지털음원 부문 대상을 받았다.",
                "subjectConsistencyYn": "Y"
            },
            {
                "sentenceNo": 8,
                "sentenceContent": "디지털 음원 부문 본상과 대상 뿐만 아니라 데뷔 처음 골든디스크어워즈에서 음반 부문 본상 트로피를 받으며 대중성과 팬덤을 모두 사로잡은 아티스트로서의 저력을 입증했다.",
                "subjectConsistencyYn": "Y"
            },
            {
                "sentenceNo": 9,
                "sentenceContent": "부문별 본상은 각각 8팀에게 돌아갔다.",
                "subjectConsistencyYn": "Y"
            },
            {
                "sentenceNo": 10,
                "sentenceContent": "디지털음원 부문은 aespa·AKMU·STAYC·방탄소년단·아이유·오마이걸·이무진·헤이즈가 음반 부문은 ENHYPEN·NCT 127·NCT DREAM·Stray Kids·방탄소년단·아이유·세븐틴·투모로우바이투게더가 차지했다.",
                "subjectConsistencyYn": "Y"
            },
            {
                "sentenceNo": 11,
                "sentenceContent": "신인과 기성 가수, 다양한 장르 등 지난 한 해 가요계가 고스란히 담긴 결과다.",
                "subjectConsistencyYn": "Y"
            },
            {
                "sentenceNo": 12,
                "sentenceContent": "생애 단 한 번 뿐인 신인상은 aespa와 STAYC가 차지했다.",
                "subjectConsistencyYn": "Y"
            },
            {
                "sentenceNo": 13,
                "sentenceContent": "두 그룹은 신인상에 디지털 음원 본상까지 동시 수상하며 ‘파워 루키’의 진정한 모습을 보여줬다.",
                "subjectConsistencyYn": "Y"
            },
            {
                "sentenceNo": 14,
                "sentenceContent": "무대도 신선했다.",
                "subjectConsistencyYn": "Y"
            },
            {
                "sentenceNo": 15,
                "sentenceContent": "aespa는 데뷔곡 ‘블랙맘바’ ‘넥스트 레벨’ ‘세비지’까지 히트곡 무대를 모두 준비했다.",
                "subjectConsistencyYn": "Y"
            },
            {
                "sentenceNo": 16,
                "sentenceContent": "귀여운 매력을 뽐내던 STAYC는 지금껏 본 적 없는 강렬함에 터프한 매력까지 더한 퍼포먼스로 시선을 사로잡았다.",
                "subjectConsistencyYn": "Y"
            },
            {
                "sentenceNo": 17,
                "sentenceContent": "역주행의 아이콘이자 가오리춤 신드롬을 일으킨 브레이브 걸스는 생애 첫 골든디스크 방문과 함께 베스트 그룹을 수상했다.",
                "subjectConsistencyYn": "Y"
            },
            {
                "sentenceNo": 18,
                "sentenceContent": "다양한 연령층의 사랑을 받고 있는 임영웅은 지난 회 베스트 트로트에 이어 이번에는 베스트 솔로 아티스트로 선정됐다.",
                "subjectConsistencyYn": "Y"
            },
            {
                "sentenceNo": 19,
                "sentenceContent": "눈을 뗄 수 없는 무대를 보여주는 더보이즈와 전소미는 베스트 퍼포먼스상의 주인공이 됐다.",
                "subjectConsistencyYn": "Y"
            },
            {
                "sentenceNo": 20,
                "sentenceContent": "올해 첫 신설된 ARTIST OF THE YEAR는 aespa가 트로피를 가져갔고 코스모폴리탄 아티스트상은 세븐틴과 aespa가 차지했다.",
                "subjectConsistencyYn": "Y"
            },
            {
                "sentenceNo": 21,
                "sentenceContent": "aespa는 첫 골든 입성에 최다 4관왕을 하며 기염을 토했다.",
                "subjectConsistencyYn": "Y"
            },
            {
                "sentenceNo": 22,
                "sentenceContent": "빅마마의 특별 무대는 강렬한 임팩트를 남겼다.",
                "subjectConsistencyYn": "Y"
            },
            {
                "sentenceNo": 23,
                "sentenceContent": "18회 신인상을 수상하고 18년 만에 다시 골든디스크어워즈를 찾은 빅마마는 음악 팬들에게 선물 같은 무대를 선사했다.",
                "subjectConsistencyYn": "Y"
            },
            {
                "sentenceNo": 24,
                "sentenceContent": "이날 36회 후보곡 메들리와 빅마마 히트곡 메들리로 구성된 스페셜 스테이지를 꾸몄다.",
                "subjectConsistencyYn": "Y"
            },
            {
                "sentenceNo": 25,
                "sentenceContent": "36회 골든디스크어워즈 수상자는 골든디스크 집행위원·가요담당 기자·음악프로그램 PD·대중음악평론가·국내 유통사 관계자 등으로 구성된 50인의 전문가 심사단의 평가(40%)와 가온차트 판매량 집계(60%)를 합산한 결과다.",
                "subjectConsistencyYn": "Y"
            },
            {
                "sentenceNo": 26,
                "sentenceContent": "심사 대상은 2020년 11월부터 2021년 11월 중순까지 발매된 디지털음원과 음반이다.",
                "subjectConsistencyYn": "Y"
            },
            {
                "sentenceNo": 27,
                "sentenceContent": "2021년 12월 중순까지의 판매량을 집계했다.",
                "subjectConsistencyYn": "Y"
            },
            {
                "sentenceNo": 28,
                "sentenceContent": "골든디스크어워즈는 방역과 안전에도 최선의 노력을 기울였다.",
                "subjectConsistencyYn": "Y"
            },
            {
                "sentenceNo": 29,
                "sentenceContent": "코로나19 유행 상황을 고려해 비대면 공연으로 진행했다.",
                "subjectConsistencyYn": "Y"
            },
            {
                "sentenceNo": 30,
                "sentenceContent": "사회적 거리두기 지침과 방역 수칙을 준수한 ‘클린 공연장’에서 사전에 백신 접종 유무를 확인했고 현장에서 전원 자가키트 검사를 진행했다.",
                "subjectConsistencyYn": "Y"
            },
            {
                "sentenceNo": 31,
                "sentenceContent": "백신 미접종자는 48시간 전 PCR 검사 음성 확인서를 지참해야 공연장 입장이 가능했다.",
                "subjectConsistencyYn": "Y"
            },
            {
                "sentenceNo": 32,
                "sentenceContent": "현장에선 매시간마다 소독 약품으로 방역을 진행한 것은 물론 행사장 내 마스크 착용을 필수로 하고 손 소독제도 눈에 띄는 곳에 비치했다.",
                "subjectConsistencyYn": "Y"
            },
            {
                "sentenceNo": 33,
                "sentenceContent": "행사장 출입구를 최소화했고 비표 배부처를 단일화했다.",
                "subjectConsistencyYn": "Y"
            },
            {
                "sentenceNo": 34,
                "sentenceContent": "사전에 등록되지 않은 사람과 차량은 통제했고 아티스트들에게도 방역 수칙을 똑같이 적용해 실명으로 신분을 확인했으며 비접촉 온도계로 출입자의 온도를 체크했다.",
                "subjectConsistencyYn": "Y"
            },
            {
                "sentenceNo": 35,
                "sentenceContent": "수상자 명단. ▲ 음반 대상=방탄소년단 ▲ 디지털음원 대상=아이유 ▲ 음반 본상=ENHYPEN·NCT 127·NCT DREAM·Stray Kids·방탄소년단·세븐틴·아이유·투모로우바이투게더 ▲ 디지털음원 본상=aespa·AKMU·STAYC·방탄소년단·아이유·오마이걸·이무진·헤이즈 ▲ 신인상=aespa STAYC ▲ 베스트 그룹상=브레이브걸스 ▲ 베스트 솔로 아티스트상=임영웅 ▲ 베스트 퍼포먼스상=더보이즈·전소미 ▲ 코스모폴리탄 아티스트상=aespa·세븐틴 ▲ ARTIST OF THE YEAR=aespa ▲ seezn 골든디스크 인기상=방탄소년단",
                "subjectConsistencyYn": "Y"
            },
            {
                "sentenceNo": 36,
                "sentenceContent": "36회 골든디스크어워즈 음반 대상은 방탄소년단, 디지털 음원 대상은 아이유가 받은 가운데, 방탄소년단 트위터에 진과 제이홉의 다정한 생일 축하 투샷이 공개됐다.",
                "subjectConsistencyYn": "N"
            },
            {
                "sentenceNo": 37,
                "sentenceContent": "방탄소년단 트위터에는 “우리 형 내 거~ 진형 생일 축하 아미 질투 유발”이라는 글과 함께 사진이 게재됐다.",
                "subjectConsistencyYn": "N"
            }
        ],
        "clickbaitClass": 0
    }
}