{
    "sourceDataInfo": {
        "newsID": "ET_M13_629631",
        "newsCategory": "연예",
        "newsSubcategory": "방송",
        "newsTitle": "손예진×전미도×김지현→이태환 ‘서른, 아홉’ 입맞춤 포착",
        "newsSubTitle": "",
        "newsContent": "‘서른, 아홉’의 대본리딩 현장이 최초 공개됐다.\n오는 2월 16일(수) 밤 10시 30분 첫 방송 예정인 JTBC 새 수목드라마 ‘서른, 아홉’(극본 유영아/ 연출 김상호/ 제작 JTBC스튜디오, 롯데컬처웍스)은 마흔을 코앞에 둔 세 친구의 우정과 사랑, 삶에 대한 깊이 있는 이야기를 다루는 현실 휴먼 로맨스 드라마다.\n서른아홉 살 세 친구의 찬란한 시절을 그려낼 ‘서른, 아홉’ 대본리딩 현장에는 연출을 맡은 김상호 감독, 집필을 맡은 유영아 작가를 비롯해 손예진(차미조 역), 전미도(정찬영 역), 김지현(장주희 역)과 연우진(김선우 역), 이무생(김진석 역), 이태환(박현준 역) 등 작품의 주역들이 한데 모여 자리를 빛냈다.\n먼저 손예진, 전미도, 김지현은 첫 호흡이라고는 믿기지 않는 연기 합으로 20년 지기 절친들의 끈끈한 우정을 눈앞에 펼쳐 보였다.\n특히 오고 가는 거친 대사들도 애정표현처럼 느껴질 만큼 자연스러운 찐친 케미를 완성, 시종일관 웃음이 마르지 않게 했다.\n또 극 속 위기가 도래할 때면 더욱 만개하는 세 배우의 연기력은 눈시울을 붉히며 현장을 숨죽이게 했다.\n만나면 쉼 없이 투닥거리는 열아홉 살 여고생 때처럼 돌아가지만, 떨어져 있을 때는 주체적인 삶을 사는 서른아홉 여성들로 그 매력을 십분 살려낸 손예진, 전미도, 김지현의 변화무쌍한 연기 역시 흥미로웠다.\n극 중 강남 피부과 원장 차미조 역을 맡은 손예진은 목소리와 눈빛만으로도 캐릭터가 가진 현명함과 따스한 내면을 오롯이 표현, 명불허전의 연기력을 선보였다.\n배우를 가르치는 연기 선생님 정찬영 역의 전미도는 감정에 솔직하고 거침없는 언변으로 좌중을 압도, 새로운 연기 변신을 알렸다.\n김지현은 백화점 코스메틱 매니저 장주희가 가진 순수하고 엉뚱한 면모로 캐릭터의 사랑스러운 이미지를 배가했다.\n이어 세 배우와 함께 멜로 텐션을 일으킬 연우진, 이무생, 이태환의 활약도 시선을 사로잡았다.\n차미조(손예진 분)와 같은 병원의 피부과 의사 김선우 역의 연우진은 다정다감하고 사려 깊은 매력은 물론 한 여자를 향한 순애보를 보여주며 대본리딩 현장을 설렘으로 물들였다.\n또 챔프엔터테인먼트 대표 김진석 역을 맡은 이무생은 진중하면서도 무게감 있는 연기를 선사, 전미도와 애틋한 감정 연기로 모두를 집중케 했으며 차이나타운 사장 겸 셰프인 박현준 역의 이태환은 직업을 향한 뚝심과 연하남다운 에너지로 김지현과 유쾌한 케미를 뽐냈다.\n이렇듯 대본리딩 현장을 통해 보여준 배우들의 연기 열정과 시너지로 첫 방송의 기대감이 수직 상승 중인 ‘서른, 아홉’은 세 친구의 복닥복닥한 일상과 그 일상을 비집고 들어온 시련 등 공감 짙은 스토리로 다가설 예정이다.\n아주 특별한 서른아홉 살을 보낼 세 친구의 이야기 JTBC 새 수목드라마 ‘서른, 아홉’은 2월 16일(수) 밤 10시 30분 첫 방송된다.",
        "partNum": "P2",
        "useType": 0,
        "processType": "D",
        "processPattern": "24",
        "processLevel": "상",
        "sentenceCount": 15,
        "processSentencenum": 2,
        "sentenceInfo": [
            {
                "sentenceNo": 1,
                "sentenceContent": "‘서른, 아홉’의 대본리딩 현장이 최초 공개됐다.",
                "sentenceSize": 27
            },
            {
                "sentenceNo": 2,
                "sentenceContent": "오는 2월 16일(수) 밤 10시 30분 첫 방송 예정인 JTBC 새 수목드라마 ‘서른, 아홉’(극본 유영아/ 연출 김상호/ 제작 JTBC스튜디오, 롯데컬처웍스)은 마흔을 코앞에 둔 세 친구의 우정과 사랑, 삶에 대한 깊이 있는 이야기를 다루는 현실 휴먼 로맨스 드라마다.",
                "sentenceSize": 152
            },
            {
                "sentenceNo": 3,
                "sentenceContent": "서른아홉 살 세 친구의 찬란한 시절을 그려낼 ‘서른, 아홉’ 대본리딩 현장에는 연출을 맡은 김상호 감독, 집필을 맡은 유영아 작가를 비롯해 손예진(차미조 역), 전미도(정찬영 역), 김지현(장주희 역)과 연우진(김선우 역), 이무생(김진석 역), 이태환(박현준 역) 등 작품의 주역들이 한데 모여 자리를 빛냈다.",
                "sentenceSize": 174
            },
            {
                "sentenceNo": 4,
                "sentenceContent": "먼저 손예진, 전미도, 김지현은 첫 호흡이라고는 믿기지 않는 연기 합으로 20년 지기 절친들의 끈끈한 우정을 눈앞에 펼쳐 보였다.",
                "sentenceSize": 72
            },
            {
                "sentenceNo": 5,
                "sentenceContent": "특히 오고 가는 거친 대사들도 애정표현처럼 느껴질 만큼 자연스러운 찐친 케미를 완성, 시종일관 웃음이 마르지 않게 했다.",
                "sentenceSize": 67
            },
            {
                "sentenceNo": 6,
                "sentenceContent": "또 극 속 위기가 도래할 때면 더욱 만개하는 세 배우의 연기력은 눈시울을 붉히며 현장을 숨죽이게 했다.",
                "sentenceSize": 57
            },
            {
                "sentenceNo": 7,
                "sentenceContent": "만나면 쉼 없이 투닥거리는 열아홉 살 여고생 때처럼 돌아가지만, 떨어져 있을 때는 주체적인 삶을 사는 서른아홉 여성들로 그 매력을 십분 살려낸 손예진, 전미도, 김지현의 변화무쌍한 연기 역시 흥미로웠다.",
                "sentenceSize": 113
            },
            {
                "sentenceNo": 8,
                "sentenceContent": "극 중 강남 피부과 원장 차미조 역을 맡은 손예진은 목소리와 눈빛만으로도 캐릭터가 가진 현명함과 따스한 내면을 오롯이 표현, 명불허전의 연기력을 선보였다.",
                "sentenceSize": 86
            },
            {
                "sentenceNo": 9,
                "sentenceContent": "배우를 가르치는 연기 선생님 정찬영 역의 전미도는 감정에 솔직하고 거침없는 언변으로 좌중을 압도, 새로운 연기 변신을 알렸다.",
                "sentenceSize": 70
            },
            {
                "sentenceNo": 10,
                "sentenceContent": "김지현은 백화점 코스메틱 매니저 장주희가 가진 순수하고 엉뚱한 면모로 캐릭터의 사랑스러운 이미지를 배가했다.",
                "sentenceSize": 60
            },
            {
                "sentenceNo": 11,
                "sentenceContent": "이어 세 배우와 함께 멜로 텐션을 일으킬 연우진, 이무생, 이태환의 활약도 시선을 사로잡았다.",
                "sentenceSize": 52
            },
            {
                "sentenceNo": 12,
                "sentenceContent": "차미조(손예진 분)와 같은 병원의 피부과 의사 김선우 역의 연우진은 다정다감하고 사려 깊은 매력은 물론 한 여자를 향한 순애보를 보여주며 대본리딩 현장을 설렘으로 물들였다.",
                "sentenceSize": 96
            },
            {
                "sentenceNo": 13,
                "sentenceContent": "또 챔프엔터테인먼트 대표 김진석 역을 맡은 이무생은 진중하면서도 무게감 있는 연기를 선사, 전미도와 애틋한 감정 연기로 모두를 집중케 했으며 차이나타운 사장 겸 셰프인 박현준 역의 이태환은 직업을 향한 뚝심과 연하남다운 에너지로 김지현과 유쾌한 케미를 뽐냈다.",
                "sentenceSize": 145
            },
            {
                "sentenceNo": 14,
                "sentenceContent": "이렇듯 대본리딩 현장을 통해 보여준 배우들의 연기 열정과 시너지로 첫 방송의 기대감이 수직 상승 중인 ‘서른, 아홉’은 세 친구의 복닥복닥한 일상과 그 일상을 비집고 들어온 시련 등 공감 짙은 스토리로 다가설 예정이다.",
                "sentenceSize": 122
            },
            {
                "sentenceNo": 15,
                "sentenceContent": "아주 특별한 서른아홉 살을 보낼 세 친구의 이야기 JTBC 새 수목드라마 ‘서른, 아홉’은 2월 16일(수) 밤 10시 30분 첫 방송된다.",
                "sentenceSize": 78
            }
        ]
    },
    "labeledDataInfo": {
        "processSentenceInfo": [
            {
                "sentenceNo": 1,
                "sentenceContent": "‘서른, 아홉’의 대본리딩 현장이 최초 공개됐다.",
                "subjectConsistencyYn": "Y"
            },
            {
                "sentenceNo": 2,
                "sentenceContent": "오는 2월 16일(수) 밤 10시 30분 첫 방송 예정인 JTBC 새 수목드라마 ‘서른, 아홉’(극본 유영아/ 연출 김상호/ 제작 JTBC스튜디오, 롯데컬처웍스)은 마흔을 코앞에 둔 세 친구의 우정과 사랑, 삶에 대한 깊이 있는 이야기를 다루는 현실 휴먼 로맨스 드라마다.",
                "subjectConsistencyYn": "Y"
            },
            {
                "sentenceNo": 3,
                "sentenceContent": "서른아홉 살 세 친구의 찬란한 시절을 그려낼 ‘서른, 아홉’ 대본리딩 현장에는 연출을 맡은 김상호 감독, 집필을 맡은 유영아 작가를 비롯해 손예진(차미조 역), 전미도(정찬영 역), 김지현(장주희 역)과 연우진(김선우 역), 이무생(김진석 역), 이태환(박현준 역) 등 작품의 주역들이 한데 모여 자리를 빛냈다.",
                "subjectConsistencyYn": "Y"
            },
            {
                "sentenceNo": 4,
                "sentenceContent": "먼저 손예진, 전미도, 김지현은 첫 호흡이라고는 믿기지 않는 연기 합으로 20년 지기 절친들의 끈끈한 우정을 눈앞에 펼쳐 보였다.",
                "subjectConsistencyYn": "Y"
            },
            {
                "sentenceNo": 5,
                "sentenceContent": "특히 오고 가는 거친 대사들도 애정표현처럼 느껴질 만큼 자연스러운 찐친 케미를 완성, 시종일관 웃음이 마르지 않게 했다.",
                "subjectConsistencyYn": "Y"
            },
            {
                "sentenceNo": 6,
                "sentenceContent": "또 극 속 위기가 도래할 때면 더욱 만개하는 세 배우의 연기력은 눈시울을 붉히며 현장을 숨죽이게 했다.",
                "subjectConsistencyYn": "Y"
            },
            {
                "sentenceNo": 7,
                "sentenceContent": "만나면 쉼 없이 투닥거리는 열아홉 살 여고생 때처럼 돌아가지만, 떨어져 있을 때는 주체적인 삶을 사는 서른아홉 여성들로 그 매력을 십분 살려낸 손예진, 전미도, 김지현의 변화무쌍한 연기 역시 흥미로웠다.",
                "subjectConsistencyYn": "Y"
            },
            {
                "sentenceNo": 8,
                "sentenceContent": "극 중 강남 피부과 원장 차미조 역을 맡은 손예진은 목소리와 눈빛만으로도 캐릭터가 가진 현명함과 따스한 내면을 오롯이 표현, 명불허전의 연기력을 선보였다.",
                "subjectConsistencyYn": "Y"
            },
            {
                "sentenceNo": 9,
                "sentenceContent": "배우를 가르치는 연기 선생님 정찬영 역의 전미도는 감정에 솔직하고 거침없는 언변으로 좌중을 압도, 새로운 연기 변신을 알렸다.",
                "subjectConsistencyYn": "Y"
            },
            {
                "sentenceNo": 10,
                "sentenceContent": "김지현은 백화점 코스메틱 매니저 장주희가 가진 순수하고 엉뚱한 면모로 캐릭터의 사랑스러운 이미지를 배가했다.",
                "subjectConsistencyYn": "Y"
            },
            {
                "sentenceNo": 11,
                "sentenceContent": "이어 세 배우와 함께 멜로 텐션을 일으킬 연우진, 이무생, 이태환의 활약도 시선을 사로잡았다.",
                "subjectConsistencyYn": "Y"
            },
            {
                "sentenceNo": 12,
                "sentenceContent": "차미조(손예진 분)와 같은 병원의 피부과 의사 김선우 역의 연우진은 다정다감하고 사려 깊은 매력은 물론 한 여자를 향한 순애보를 보여주며 대본리딩 현장을 설렘으로 물들였다.",
                "subjectConsistencyYn": "Y"
            },
            {
                "sentenceNo": 13,
                "sentenceContent": "또 챔프엔터테인먼트 대표 김진석 역을 맡은 이무생은 진중하면서도 무게감 있는 연기를 선사, 전미도와 애틋한 감정 연기로 모두를 집중케 했으며 차이나타운 사장 겸 셰프인 박현준 역의 이태환은 직업을 향한 뚝심과 연하남다운 에너지로 김지현과 유쾌한 케미를 뽐냈다.",
                "subjectConsistencyYn": "Y"
            },
            {
                "sentenceNo": 14,
                "sentenceContent": "이렇듯 대본리딩 현장을 통해 보여준 배우들의 연기 열정과 시너지로 첫 방송의 기대감이 수직 상승 중인 ‘서른, 아홉’은 세 친구의 복닥복닥한 일상과 그 일상을 비집고 들어온 시련 등 공감 짙은 스토리로 다가설 예정이다.",
                "subjectConsistencyYn": "Y"
            },
            {
                "sentenceNo": 15,
                "sentenceContent": "아주 특별한 서른아홉 살을 보낼 세 친구의 이야기 JTBC 새 수목드라마 ‘서른, 아홉’은 2월 16일(수) 밤 10시 30분 첫 방송된다.",
                "subjectConsistencyYn": "Y"
            },
            {
                "sentenceNo": 16,
                "sentenceContent": "손예진, 전미도, 김지현, 이태환이 출연하는 ‘서른, 아홉’의 대본리딩 현장이 공개된 가운데, 손예진이 직접 쓴 손 편지로 현빈과의 결혼을 발표했다.",
                "subjectConsistencyYn": "N"
            },
            {
                "sentenceNo": 17,
                "sentenceContent": "현빈과 손예진은 3월 31일 오후 4시 서울 광진구 광장동에 위치한 워커힐 호텔 애스톤하우스에서 결혼식을 올린다.",
                "subjectConsistencyYn": "N"
            }
        ],
        "clickbaitClass": 0
    }
}