{
    "sourceDataInfo": {
        "newsID": "ET_M13_629581",
        "newsCategory": "연예",
        "newsSubcategory": "방송",
        "newsTitle": "오나미, 8일 ‘개승자’서 남자친구 대공개",
        "newsSubTitle": "",
        "newsContent": "코미디언 오나미가 남자친구 박민을 깜짝 공개한다. 8일 방영될 코미디 서바이벌 프로그램 ‘개승자’ 8회에는 프로 축구선수 출신인 오나미의 남자친구 박민이 등장을 예고해 시청자들의 관심을 끌었다.\n오나미는 3라운드 ‘깐부 미션’ 준비를 위해 박준형 팀과 함께 코너 회의를 하던 누군가의 연락을 받고 슬쩍 밖으로 나가 그를 회의실로 데려온다.\n그 정체는 남자친구 박민. 달달한 오나미 커플의 모습에 팀원들은 흐뭇함을 감추지 못한다.\n평소에도 ‘개승자’를 즐겨보는 애청자임을 밝힌 박민은 팀원들의 짓궂은 ‘오나미’ 즉석 삼행시 제안에도 센스 넘치는 삼행시를 내놓으며 매력을 뽐냈다는 후문. 앞서 오나미는 지난해 7월 부천 FC 축구선수 출신 살 연하인 박민과 열애를 인정했다.\n당시 오나미는 데뷔 13년 만에 남자친구가 생겼다고 밝혀 화제를 모았다.\n또한 지난해 12월에는 ‘개승자’에서 박민에게 프러포즈를 받은 사실을 전해 모두의 축하를 받았다.\n한편, ‘개승자’ 8회는 8일 오후 10시 30분 방송된다.",
        "partNum": "P2",
        "useType": 0,
        "processType": "D",
        "processPattern": "24",
        "processLevel": "상",
        "sentenceCount": 7,
        "processSentencenum": 2,
        "sentenceInfo": [
            {
                "sentenceNo": 1,
                "sentenceContent": "코미디언 오나미가 남자친구 박민을 깜짝 공개한다. 8일 방영될 코미디 서바이벌 프로그램 ‘개승자’ 8회에는 프로 축구선수 출신인 오나미의 남자친구 박민이 등장을 예고해 시청자들의 관심을 끌었다.",
                "sentenceSize": 108
            },
            {
                "sentenceNo": 2,
                "sentenceContent": "오나미는 3라운드 ‘깐부 미션’ 준비를 위해 박준형 팀과 함께 코너 회의를 하던 누군가의 연락을 받고 슬쩍 밖으로 나가 그를 회의실로 데려온다.",
                "sentenceSize": 80
            },
            {
                "sentenceNo": 3,
                "sentenceContent": "그 정체는 남자친구 박민. 달달한 오나미 커플의 모습에 팀원들은 흐뭇함을 감추지 못한다.",
                "sentenceSize": 49
            },
            {
                "sentenceNo": 4,
                "sentenceContent": "평소에도 ‘개승자’를 즐겨보는 애청자임을 밝힌 박민은 팀원들의 짓궂은 ‘오나미’ 즉석 삼행시 제안에도 센스 넘치는 삼행시를 내놓으며 매력을 뽐냈다는 후문. 앞서 오나미는 지난해 7월 부천 FC 축구선수 출신 살 연하인 박민과 열애를 인정했다.",
                "sentenceSize": 135
            },
            {
                "sentenceNo": 5,
                "sentenceContent": "당시 오나미는 데뷔 13년 만에 남자친구가 생겼다고 밝혀 화제를 모았다.",
                "sentenceSize": 40
            },
            {
                "sentenceNo": 6,
                "sentenceContent": "또한 지난해 12월에는 ‘개승자’에서 박민에게 프러포즈를 받은 사실을 전해 모두의 축하를 받았다.",
                "sentenceSize": 54
            },
            {
                "sentenceNo": 7,
                "sentenceContent": "한편, ‘개승자’ 8회는 8일 오후 10시 30분 방송된다.",
                "sentenceSize": 33
            }
        ]
    },
    "labeledDataInfo": {
        "processSentenceInfo": [
            {
                "sentenceNo": 1,
                "sentenceContent": "코미디언 오나미가 남자친구 박민을 깜짝 공개한다. 8일 방영될 코미디 서바이벌 프로그램 ‘개승자’ 8회에는 프로 축구선수 출신인 오나미의 남자친구 박민이 등장을 예고해 시청자들의 관심을 끌었다.",
                "subjectConsistencyYn": "Y"
            },
            {
                "sentenceNo": 2,
                "sentenceContent": "오나미는 3라운드 ‘깐부 미션’ 준비를 위해 박준형 팀과 함께 코너 회의를 하던 누군가의 연락을 받고 슬쩍 밖으로 나가 그를 회의실로 데려온다.",
                "subjectConsistencyYn": "Y"
            },
            {
                "sentenceNo": 3,
                "sentenceContent": "그 정체는 남자친구 박민. 달달한 오나미 커플의 모습에 팀원들은 흐뭇함을 감추지 못한다.",
                "subjectConsistencyYn": "Y"
            },
            {
                "sentenceNo": 4,
                "sentenceContent": "평소에도 ‘개승자’를 즐겨보는 애청자임을 밝힌 박민은 팀원들의 짓궂은 ‘오나미’ 즉석 삼행시 제안에도 센스 넘치는 삼행시를 내놓으며 매력을 뽐냈다는 후문. 앞서 오나미는 지난해 7월 부천 FC 축구선수 출신 살 연하인 박민과 열애를 인정했다.",
                "subjectConsistencyYn": "Y"
            },
            {
                "sentenceNo": 5,
                "sentenceContent": "당시 오나미는 데뷔 13년 만에 남자친구가 생겼다고 밝혀 화제를 모았다.",
                "subjectConsistencyYn": "Y"
            },
            {
                "sentenceNo": 6,
                "sentenceContent": "또한 지난해 12월에는 ‘개승자’에서 박민에게 프러포즈를 받은 사실을 전해 모두의 축하를 받았다.",
                "subjectConsistencyYn": "Y"
            },
            {
                "sentenceNo": 7,
                "sentenceContent": "한편, ‘개승자’ 8회는 8일 오후 10시 30분 방송된다.",
                "subjectConsistencyYn": "Y"
            },
            {
                "sentenceNo": 8,
                "sentenceContent": "코미디언 오나미가 코미디 서바이벌 프로그램 ‘개승자’ 8회에서 남자친구 박민을 깜짝 공개한 가운데, 이날 오나미가 착용한 코트가 누리꾼들 사이에서 화제가 되었다. ",
                "subjectConsistencyYn": "N"
            },
            {
                "sentenceNo": 9,
                "sentenceContent": "오나미는 이에 SNS를 통해 \"무명 시절부터 입었던 보세 제품인데 많은 관심을 보여주셔서 감사하다\", \"앞으로도 관리 열심히 해서 항상 예쁜 모습을 보여드리겠다\"라고 누리꾼들에게 감사의 인사를 전했다. ",
                "subjectConsistencyYn": "N"
            }
        ],
        "clickbaitClass": 0
    }
}