{
    "sourceDataInfo": {
        "newsID": "ET_M13_629344",
        "newsCategory": "연예",
        "newsSubcategory": "연예일반",
        "newsTitle": "‘고스트 닥터’ 김범, 극과 극의 이미지",
        "newsSubTitle": "",
        "newsContent": "tvN 새 월화극 ‘고스트 닥터’에 출연하는 배우 김범이 포스터 비하인드컷을 통해 만화 같은 비주얼을 뽐냈다.\n24일 김범의 소속사 킹콩 by 스타쉽 측은 김범이 고승탁 역으로 출연하는 ‘고스트 닥터’의 포스터, 티저 비하인드 이미지를 공개했다.\n드라마는 신들린 의술의 오만한 천재의사와 사명감이라곤 1도 없는 황금 수저 레지던트, 배경도 실력도 극과 극인 두 의사가 몸을 공유하면서 벌어지는 일을 다뤘다.\n김범이 연기한 고승탁은 극중 의료계의 황금수저이자 흉부외과의 신입 레지던트다.\n공개된 사진 속 김범은 의사 가운을 입고 여유로운 미소를 지으면서 부드러운 매력을 발산하고 있다.\n이에 대비되는 입술을 앙 다문 모습은 그에게 어떤 사연이 있는 건지 궁금증을 불러일으킨다.\n이어지는 사진에서 김범은 공허한 눈빛과 함께 메스를 들고 있다.\n그는 ‘바디 렌탈’ 콘셉트에 맞게 조종을 당하는 모습을 로봇과 같은 몸짓으로 표현했다.\n이날 촬영현장에 김범은 각양각색의 포즈를 적극적으로 선보이며 스태프들의 환호를 자아냈다.\n김범은 이전 작품 구미호나 로스쿨 재학생에 이어 ‘고스트 닥터’에서는 의사로 분한다.\n코믹연기와 더불어 ‘금손’인 차영민(정지훈)과 얽히면서 점차 성장하는 모습도 보일 예정이다.\n김범을 비롯해 정지훈, 유이, 손나은 등이 출연하는 tvN 새 월화극 ‘고스트 닥터’는 내년 1월3일 오후 10시30분 첫 방송된다.",
        "partNum": "P2",
        "useType": 0,
        "processType": "D",
        "processPattern": "24",
        "processLevel": "상",
        "sentenceCount": 12,
        "processSentencenum": 2,
        "sentenceInfo": [
            {
                "sentenceNo": 1,
                "sentenceContent": "tvN 새 월화극 ‘고스트 닥터’에 출연하는 배우 김범이 포스터 비하인드컷을 통해 만화 같은 비주얼을 뽐냈다.",
                "sentenceSize": 61
            },
            {
                "sentenceNo": 2,
                "sentenceContent": "24일 김범의 소속사 킹콩 by 스타쉽 측은 김범이 고승탁 역으로 출연하는 ‘고스트 닥터’의 포스터, 티저 비하인드 이미지를 공개했다.",
                "sentenceSize": 75
            },
            {
                "sentenceNo": 3,
                "sentenceContent": "드라마는 신들린 의술의 오만한 천재의사와 사명감이라곤 1도 없는 황금 수저 레지던트, 배경도 실력도 극과 극인 두 의사가 몸을 공유하면서 벌어지는 일을 다뤘다.",
                "sentenceSize": 89
            },
            {
                "sentenceNo": 4,
                "sentenceContent": "김범이 연기한 고승탁은 극중 의료계의 황금수저이자 흉부외과의 신입 레지던트다.",
                "sentenceSize": 43
            },
            {
                "sentenceNo": 5,
                "sentenceContent": "공개된 사진 속 김범은 의사 가운을 입고 여유로운 미소를 지으면서 부드러운 매력을 발산하고 있다.",
                "sentenceSize": 54
            },
            {
                "sentenceNo": 6,
                "sentenceContent": "이에 대비되는 입술을 앙 다문 모습은 그에게 어떤 사연이 있는 건지 궁금증을 불러일으킨다.",
                "sentenceSize": 50
            },
            {
                "sentenceNo": 7,
                "sentenceContent": "이어지는 사진에서 김범은 공허한 눈빛과 함께 메스를 들고 있다.",
                "sentenceSize": 35
            },
            {
                "sentenceNo": 8,
                "sentenceContent": "그는 ‘바디 렌탈’ 콘셉트에 맞게 조종을 당하는 모습을 로봇과 같은 몸짓으로 표현했다.",
                "sentenceSize": 48
            },
            {
                "sentenceNo": 9,
                "sentenceContent": "이날 촬영현장에 김범은 각양각색의 포즈를 적극적으로 선보이며 스태프들의 환호를 자아냈다.",
                "sentenceSize": 49
            },
            {
                "sentenceNo": 10,
                "sentenceContent": "김범은 이전 작품 구미호나 로스쿨 재학생에 이어 ‘고스트 닥터’에서는 의사로 분한다.",
                "sentenceSize": 47
            },
            {
                "sentenceNo": 11,
                "sentenceContent": "코믹연기와 더불어 ‘금손’인 차영민(정지훈)과 얽히면서 점차 성장하는 모습도 보일 예정이다.",
                "sentenceSize": 51
            },
            {
                "sentenceNo": 12,
                "sentenceContent": "김범을 비롯해 정지훈, 유이, 손나은 등이 출연하는 tvN 새 월화극 ‘고스트 닥터’는 내년 1월3일 오후 10시30분 첫 방송된다.",
                "sentenceSize": 74
            }
        ]
    },
    "labeledDataInfo": {
        "processSentenceInfo": [
            {
                "sentenceNo": 1,
                "sentenceContent": "tvN 새 월화극 ‘고스트 닥터’에 출연하는 배우 김범이 포스터 비하인드컷을 통해 만화 같은 비주얼을 뽐냈다.",
                "subjectConsistencyYn": "Y"
            },
            {
                "sentenceNo": 2,
                "sentenceContent": "24일 김범의 소속사 킹콩 by 스타쉽 측은 김범이 고승탁 역으로 출연하는 ‘고스트 닥터’의 포스터, 티저 비하인드 이미지를 공개했다.",
                "subjectConsistencyYn": "Y"
            },
            {
                "sentenceNo": 3,
                "sentenceContent": "드라마는 신들린 의술의 오만한 천재의사와 사명감이라곤 1도 없는 황금 수저 레지던트, 배경도 실력도 극과 극인 두 의사가 몸을 공유하면서 벌어지는 일을 다뤘다.",
                "subjectConsistencyYn": "Y"
            },
            {
                "sentenceNo": 4,
                "sentenceContent": "김범이 연기한 고승탁은 극중 의료계의 황금수저이자 흉부외과의 신입 레지던트다.",
                "subjectConsistencyYn": "Y"
            },
            {
                "sentenceNo": 5,
                "sentenceContent": "공개된 사진 속 김범은 의사 가운을 입고 여유로운 미소를 지으면서 부드러운 매력을 발산하고 있다.",
                "subjectConsistencyYn": "Y"
            },
            {
                "sentenceNo": 6,
                "sentenceContent": "이에 대비되는 입술을 앙 다문 모습은 그에게 어떤 사연이 있는 건지 궁금증을 불러일으킨다.",
                "subjectConsistencyYn": "Y"
            },
            {
                "sentenceNo": 7,
                "sentenceContent": "이어지는 사진에서 김범은 공허한 눈빛과 함께 메스를 들고 있다.",
                "subjectConsistencyYn": "Y"
            },
            {
                "sentenceNo": 8,
                "sentenceContent": "그는 ‘바디 렌탈’ 콘셉트에 맞게 조종을 당하는 모습을 로봇과 같은 몸짓으로 표현했다.",
                "subjectConsistencyYn": "Y"
            },
            {
                "sentenceNo": 9,
                "sentenceContent": "이날 촬영현장에 김범은 각양각색의 포즈를 적극적으로 선보이며 스태프들의 환호를 자아냈다.",
                "subjectConsistencyYn": "Y"
            },
            {
                "sentenceNo": 10,
                "sentenceContent": "김범은 이전 작품 구미호나 로스쿨 재학생에 이어 ‘고스트 닥터’에서는 의사로 분한다.",
                "subjectConsistencyYn": "Y"
            },
            {
                "sentenceNo": 11,
                "sentenceContent": "코믹연기와 더불어 ‘금손’인 차영민(정지훈)과 얽히면서 점차 성장하는 모습도 보일 예정이다.",
                "subjectConsistencyYn": "Y"
            },
            {
                "sentenceNo": 12,
                "sentenceContent": "김범을 비롯해 정지훈, 유이, 손나은 등이 출연하는 tvN 새 월화극 ‘고스트 닥터’는 내년 1월3일 오후 10시30분 첫 방송된다.",
                "subjectConsistencyYn": "Y"
            },
            {
                "sentenceNo": 13,
                "sentenceContent": "tvN 새 월화극 ‘고스트 닥터’ 포스터 비하인드 컷을 통해 만화 같은 비주얼을 뽐낸 배우 김범은 최근 전주에서 열린 '2022 코리아드라마어워즈'에서 최우수연기상을 수상했다. ",
                "subjectConsistencyYn": "N"
            },
            {
                "sentenceNo": 14,
                "sentenceContent": "김범은 “오늘 하루가 특별하지 않아도, 화려하지 않아도, 반복되는 일상에 지루한 날이어도, 꼭 무의미한 건 아닌 것 같다”라며 최우수연기상 수상소감을 전했다. ",
                "subjectConsistencyYn": "N"
            }
        ],
        "clickbaitClass": 0
    }
}