{
    "sourceDataInfo": {
        "newsID": "ET_M13_629125",
        "newsCategory": "연예",
        "newsSubcategory": "음악",
        "newsTitle": "몬스타엑스 美 정규 ‘The Dreaming’ 베일 벗다",
        "newsSubTitle": "",
        "newsContent": "그룹 몬스타엑스(MONSTA X)가 두 번째 미국 정규앨범 ‘The Dreaming(더 드리밍)’으로 전 세계 리스너들을 만난다. 10일 0시 각종 온라인 음원 사이트를 통해 몬스타엑스의 정규앨범 ‘The Dreaming’이 공개됐다.\n글로벌 팬들을 위해 제작된 몬스타엑스의 ‘The Dreaming’은 2021년 한해 많은 것을 잃기도 하고, 희망을 찾기도 했던 우리 모두가 ‘음악’이라는 매개체로 연결되어 있다는 것을 다시 한번 깨닫게 해주는 영어 앨범이다.\n앞서 싱글로 발매됐던 몬스타엑스의 ‘One Day(원 데이)’가 누군가를 잃은 이별의 아픔과 뒤늦은 깨달음에 대해 노래했다면, 이번 ‘The Dreaming’의 타이틀인 ‘You Problem(유 프라블럼)’에선 디스코 풍의 신나는 곡으로 분위기에 반전을 줬다.\n또한 기타 사운드가 돋보이는 수록곡 ‘Tied to Your Body(타이드 투 유어 바디)’를 비롯해 세련된 팝 느낌의 ‘Better(베러)’, ‘Whispers in the Dark(위스퍼스 인 더 다크)’, ‘Blame Me(블레임 미)’, 펑키함이 돋보이는 ‘Secrets(시크릿)’, ‘About Last Night(어바웃 라스트 나잇)’, ‘Blow Your Mind(블로우 유어 마인드)’까지 담겨 기존 몬스타엑스가 보여줬던 모습과는 또 다른 컬러도 보여준다.\n이어 몬스타엑스는 오는 13일(미국 현지 시간) 미국 ABC 채널 ‘굿모닝 아메리카(Good Morning America)’에 출격한다.\n미국 지상파 채널 ABC의 모닝 쇼인 ‘굿모닝 아메리카’는 현지 아침 방송 중 높은 시청률을 자랑하며 사랑 받고 있는 대표 아침 프로그램이다.\n몬스타엑스의 ‘The Dreaming’은 각 나라기준 10일 0시 발매되며, ‘You Problem’ 뮤직비디오는 10일 오후 2시(이하 현지 시간) 몬스타엑스 공식 유튜브 채널을 통해 만나볼 수 있다.",
        "partNum": "P2",
        "useType": 0,
        "processType": "D",
        "processPattern": "24",
        "processLevel": "상",
        "sentenceCount": 7,
        "processSentencenum": 2,
        "sentenceInfo": [
            {
                "sentenceNo": 1,
                "sentenceContent": "그룹 몬스타엑스(MONSTA X)가 두 번째 미국 정규앨범 ‘The Dreaming(더 드리밍)’으로 전 세계 리스너들을 만난다. 10일 0시 각종 온라인 음원 사이트를 통해 몬스타엑스의 정규앨범 ‘The Dreaming’이 공개됐다.",
                "sentenceSize": 131
            },
            {
                "sentenceNo": 2,
                "sentenceContent": "글로벌 팬들을 위해 제작된 몬스타엑스의 ‘The Dreaming’은 2021년 한해 많은 것을 잃기도 하고, 희망을 찾기도 했던 우리 모두가 ‘음악’이라는 매개체로 연결되어 있다는 것을 다시 한번 깨닫게 해주는 영어 앨범이다.",
                "sentenceSize": 126
            },
            {
                "sentenceNo": 3,
                "sentenceContent": "앞서 싱글로 발매됐던 몬스타엑스의 ‘One Day(원 데이)’가 누군가를 잃은 이별의 아픔과 뒤늦은 깨달음에 대해 노래했다면, 이번 ‘The Dreaming’의 타이틀인 ‘You Problem(유 프라블럼)’에선 디스코 풍의 신나는 곡으로 분위기에 반전을 줬다.",
                "sentenceSize": 146
            },
            {
                "sentenceNo": 4,
                "sentenceContent": "또한 기타 사운드가 돋보이는 수록곡 ‘Tied to Your Body(타이드 투 유어 바디)’를 비롯해 세련된 팝 느낌의 ‘Better(베러)’, ‘Whispers in the Dark(위스퍼스 인 더 다크)’, ‘Blame Me(블레임 미)’, 펑키함이 돋보이는 ‘Secrets(시크릿)’, ‘About Last Night(어바웃 라스트 나잇)’, ‘Blow Your Mind(블로우 유어 마인드)’까지 담겨 기존 몬스타엑스가 보여줬던 모습과는 또 다른 컬러도 보여준다.",
                "sentenceSize": 264
            },
            {
                "sentenceNo": 5,
                "sentenceContent": "이어 몬스타엑스는 오는 13일(미국 현지 시간) 미국 ABC 채널 ‘굿모닝 아메리카(Good Morning America)’에 출격한다.",
                "sentenceSize": 76
            },
            {
                "sentenceNo": 6,
                "sentenceContent": "미국 지상파 채널 ABC의 모닝 쇼인 ‘굿모닝 아메리카’는 현지 아침 방송 중 높은 시청률을 자랑하며 사랑 받고 있는 대표 아침 프로그램이다.",
                "sentenceSize": 79
            },
            {
                "sentenceNo": 7,
                "sentenceContent": "몬스타엑스의 ‘The Dreaming’은 각 나라기준 10일 0시 발매되며, ‘You Problem’ 뮤직비디오는 10일 오후 2시(이하 현지 시간) 몬스타엑스 공식 유튜브 채널을 통해 만나볼 수 있다.",
                "sentenceSize": 113
            }
        ]
    },
    "labeledDataInfo": {
        "processSentenceInfo": [
            {
                "sentenceNo": 1,
                "sentenceContent": "그룹 몬스타엑스(MONSTA X)가 두 번째 미국 정규앨범 ‘The Dreaming(더 드리밍)’으로 전 세계 리스너들을 만난다. 10일 0시 각종 온라인 음원 사이트를 통해 몬스타엑스의 정규앨범 ‘The Dreaming’이 공개됐다.",
                "subjectConsistencyYn": "Y"
            },
            {
                "sentenceNo": 2,
                "sentenceContent": "글로벌 팬들을 위해 제작된 몬스타엑스의 ‘The Dreaming’은 2021년 한해 많은 것을 잃기도 하고, 희망을 찾기도 했던 우리 모두가 ‘음악’이라는 매개체로 연결되어 있다는 것을 다시 한번 깨닫게 해주는 영어 앨범이다.",
                "subjectConsistencyYn": "Y"
            },
            {
                "sentenceNo": 3,
                "sentenceContent": "앞서 싱글로 발매됐던 몬스타엑스의 ‘One Day(원 데이)’가 누군가를 잃은 이별의 아픔과 뒤늦은 깨달음에 대해 노래했다면, 이번 ‘The Dreaming’의 타이틀인 ‘You Problem(유 프라블럼)’에선 디스코 풍의 신나는 곡으로 분위기에 반전을 줬다.",
                "subjectConsistencyYn": "Y"
            },
            {
                "sentenceNo": 4,
                "sentenceContent": "또한 기타 사운드가 돋보이는 수록곡 ‘Tied to Your Body(타이드 투 유어 바디)’를 비롯해 세련된 팝 느낌의 ‘Better(베러)’, ‘Whispers in the Dark(위스퍼스 인 더 다크)’, ‘Blame Me(블레임 미)’, 펑키함이 돋보이는 ‘Secrets(시크릿)’, ‘About Last Night(어바웃 라스트 나잇)’, ‘Blow Your Mind(블로우 유어 마인드)’까지 담겨 기존 몬스타엑스가 보여줬던 모습과는 또 다른 컬러도 보여준다.",
                "subjectConsistencyYn": "Y"
            },
            {
                "sentenceNo": 5,
                "sentenceContent": "이어 몬스타엑스는 오는 13일(미국 현지 시간) 미국 ABC 채널 ‘굿모닝 아메리카(Good Morning America)’에 출격한다.",
                "subjectConsistencyYn": "Y"
            },
            {
                "sentenceNo": 6,
                "sentenceContent": "미국 지상파 채널 ABC의 모닝 쇼인 ‘굿모닝 아메리카’는 현지 아침 방송 중 높은 시청률을 자랑하며 사랑 받고 있는 대표 아침 프로그램이다.",
                "subjectConsistencyYn": "Y"
            },
            {
                "sentenceNo": 7,
                "sentenceContent": "몬스타엑스의 ‘The Dreaming’은 각 나라기준 10일 0시 발매되며, ‘You Problem’ 뮤직비디오는 10일 오후 2시(이하 현지 시간) 몬스타엑스 공식 유튜브 채널을 통해 만나볼 수 있다.",
                "subjectConsistencyYn": "Y"
            },
            {
                "sentenceNo": 8,
                "sentenceContent": "두 번째 미국 정규앨범 ‘The Dreaming’을 공개한 몬스타엑스가 '멜론 뮤직 어워드'에서 글로벌 아티스트 상을 받으며 세계적인 인기를 증명했다.",
                "subjectConsistencyYn": "N"
            },
            {
                "sentenceNo": 9,
                "sentenceContent": "몬스타엑스 멤버 아이엠은 영어로 수상 소감을 전하면서 전 세계 몬베베들에게 감사함을 이어 갔다.",
                "subjectConsistencyYn": "N"
            }
        ],
        "clickbaitClass": 0
    }
}