{
    "sourceDataInfo": {
        "newsID": "ET_M13_629154",
        "newsCategory": "연예",
        "newsSubcategory": "방송",
        "newsTitle": "‘사랑의 꽈배기’ 김진엽 “‘박하루’ 서사 표현 위해 고민하며 촬영 중”",
        "newsSubTitle": "",
        "newsContent": "배우 김진엽이 ‘사랑의 꽈배기’에 함께한 소감을 밝혔다.\n13일 오전 11시 15분 온라인 비대면 방식으로 KBS 2TV ‘사랑의 꽈배기’ 제작 발표회가 진행됐다.\n이날 행사에는 배우 함은정, 김진엽, 황신혜, 윤다훈, 심혜진, 손성윤, 장세현과 연출을 맡은 김원용 감독이 참석했다.\n김진엽은 “저는 파격 캐스팅이었다”라며 말문을 열었다.\n그는 “대본 리딩 때 ‘가장 잘할 것 같은 배우를 불렀다’는 감독님의 말에 큰 책임감을 느끼고 촬영하고 있다”고 밝혔다.\n이어 “캐스팅 소식을 들었을 때 너무 기뻤다. 일일극을 해보고 싶은 욕심도 있었고, 긴 호흡으로 연기하고 싶었던 마음도 있었다. 제가 가지고 있는 것을 ‘하루’로서 잘 보여줄 수 있겠다는 생각이 들었다. 그래서 무거운 어깨로 열심히 촬영하고 있다”고 함께하게 된 소감을 밝혔다.\n그러면서 “캐릭터가 가진 내면의 아픔을 어떤 모습으로 보여줄지, 어떻게 표현할지 고민하면서 촬영하고 있다”고 전했다.\n함은정과의 로맨스 호흡을 묻는 말에는 “편하게 촬영하고 있다. 함은정 씨가 한 신을 만들 때 잘 만들자 하는 욕심이 있어서 저도 여기에 탄력을 받고 재밌게 열심히 촬영하고 있다”고 덧붙였다.\n한편 오늘(13일) 처음 방송되는 KBS 2TV ‘사랑의 꽈배기’는 거짓말 때문에 사랑과 인생이 총체적으로 꼬인 가족들의 이야기를 그린 드라마로 매주 월~금요일 오후 7시 50분 방송된다.",
        "partNum": "P2",
        "useType": 0,
        "processType": "D",
        "processPattern": "24",
        "processLevel": "상",
        "sentenceCount": 9,
        "processSentencenum": 2,
        "sentenceInfo": [
            {
                "sentenceNo": 1,
                "sentenceContent": "배우 김진엽이 ‘사랑의 꽈배기’에 함께한 소감을 밝혔다.",
                "sentenceSize": 31
            },
            {
                "sentenceNo": 2,
                "sentenceContent": "13일 오전 11시 15분 온라인 비대면 방식으로 KBS 2TV ‘사랑의 꽈배기’ 제작 발표회가 진행됐다.",
                "sentenceSize": 59
            },
            {
                "sentenceNo": 3,
                "sentenceContent": "이날 행사에는 배우 함은정, 김진엽, 황신혜, 윤다훈, 심혜진, 손성윤, 장세현과 연출을 맡은 김원용 감독이 참석했다.",
                "sentenceSize": 66
            },
            {
                "sentenceNo": 4,
                "sentenceContent": "김진엽은 “저는 파격 캐스팅이었다”라며 말문을 열었다.",
                "sentenceSize": 30
            },
            {
                "sentenceNo": 5,
                "sentenceContent": "그는 “대본 리딩 때 ‘가장 잘할 것 같은 배우를 불렀다’는 감독님의 말에 큰 책임감을 느끼고 촬영하고 있다”고 밝혔다.",
                "sentenceSize": 67
            },
            {
                "sentenceNo": 6,
                "sentenceContent": "이어 “캐스팅 소식을 들었을 때 너무 기뻤다. 일일극을 해보고 싶은 욕심도 있었고, 긴 호흡으로 연기하고 싶었던 마음도 있었다. 제가 가지고 있는 것을 ‘하루’로서 잘 보여줄 수 있겠다는 생각이 들었다. 그래서 무거운 어깨로 열심히 촬영하고 있다”고 함께하게 된 소감을 밝혔다.",
                "sentenceSize": 155
            },
            {
                "sentenceNo": 7,
                "sentenceContent": "그러면서 “캐릭터가 가진 내면의 아픔을 어떤 모습으로 보여줄지, 어떻게 표현할지 고민하면서 촬영하고 있다”고 전했다.",
                "sentenceSize": 65
            },
            {
                "sentenceNo": 8,
                "sentenceContent": "함은정과의 로맨스 호흡을 묻는 말에는 “편하게 촬영하고 있다. 함은정 씨가 한 신을 만들 때 잘 만들자 하는 욕심이 있어서 저도 여기에 탄력을 받고 재밌게 열심히 촬영하고 있다”고 덧붙였다.",
                "sentenceSize": 106
            },
            {
                "sentenceNo": 9,
                "sentenceContent": "한편 오늘(13일) 처음 방송되는 KBS 2TV ‘사랑의 꽈배기’는 거짓말 때문에 사랑과 인생이 총체적으로 꼬인 가족들의 이야기를 그린 드라마로 매주 월~금요일 오후 7시 50분 방송된다.",
                "sentenceSize": 105
            }
        ]
    },
    "labeledDataInfo": {
        "processSentenceInfo": [
            {
                "sentenceNo": 1,
                "sentenceContent": "배우 김진엽이 ‘사랑의 꽈배기’에 함께한 소감을 밝혔다.",
                "subjectConsistencyYn": "Y"
            },
            {
                "sentenceNo": 2,
                "sentenceContent": "13일 오전 11시 15분 온라인 비대면 방식으로 KBS 2TV ‘사랑의 꽈배기’ 제작 발표회가 진행됐다.",
                "subjectConsistencyYn": "Y"
            },
            {
                "sentenceNo": 3,
                "sentenceContent": "이날 행사에는 배우 함은정, 김진엽, 황신혜, 윤다훈, 심혜진, 손성윤, 장세현과 연출을 맡은 김원용 감독이 참석했다.",
                "subjectConsistencyYn": "Y"
            },
            {
                "sentenceNo": 4,
                "sentenceContent": "김진엽은 “저는 파격 캐스팅이었다”라며 말문을 열었다.",
                "subjectConsistencyYn": "Y"
            },
            {
                "sentenceNo": 5,
                "sentenceContent": "그는 “대본 리딩 때 ‘가장 잘할 것 같은 배우를 불렀다’는 감독님의 말에 큰 책임감을 느끼고 촬영하고 있다”고 밝혔다.",
                "subjectConsistencyYn": "Y"
            },
            {
                "sentenceNo": 6,
                "sentenceContent": "이어 “캐스팅 소식을 들었을 때 너무 기뻤다. 일일극을 해보고 싶은 욕심도 있었고, 긴 호흡으로 연기하고 싶었던 마음도 있었다. 제가 가지고 있는 것을 ‘하루’로서 잘 보여줄 수 있겠다는 생각이 들었다. 그래서 무거운 어깨로 열심히 촬영하고 있다”고 함께하게 된 소감을 밝혔다.",
                "subjectConsistencyYn": "Y"
            },
            {
                "sentenceNo": 7,
                "sentenceContent": "그러면서 “캐릭터가 가진 내면의 아픔을 어떤 모습으로 보여줄지, 어떻게 표현할지 고민하면서 촬영하고 있다”고 전했다.",
                "subjectConsistencyYn": "Y"
            },
            {
                "sentenceNo": 8,
                "sentenceContent": "함은정과의 로맨스 호흡을 묻는 말에는 “편하게 촬영하고 있다. 함은정 씨가 한 신을 만들 때 잘 만들자 하는 욕심이 있어서 저도 여기에 탄력을 받고 재밌게 열심히 촬영하고 있다”고 덧붙였다.",
                "subjectConsistencyYn": "Y"
            },
            {
                "sentenceNo": 9,
                "sentenceContent": "한편 오늘(13일) 처음 방송되는 KBS 2TV ‘사랑의 꽈배기’는 거짓말 때문에 사랑과 인생이 총체적으로 꼬인 가족들의 이야기를 그린 드라마로 매주 월~금요일 오후 7시 50분 방송된다.",
                "subjectConsistencyYn": "Y"
            },
            {
                "sentenceNo": 10,
                "sentenceContent": "KBS 2TV ‘사랑의 꽈배기’ 제작 발표회가 진행된 가운데, 권성동 국민의힘 의원이 국회 과학기술정보방송통신위원회의 방송법 개정안 의결 과정에서 KBS·MBC 양대 공영방송을 “공영방송 탈을 쓴 불공정 편파방송”이라고 비난해 논란이다. ",
                "subjectConsistencyYn": "N"
            },
            {
                "sentenceNo": 11,
                "sentenceContent": "KBS·MBC 뉴스룸 국장 등 보도 책임자들은 이 같은 비난에 관해 언급하지 않겠다고 했다. ",
                "subjectConsistencyYn": "N"
            }
        ],
        "clickbaitClass": 0
    }
}