{
    "sourceDataInfo": {
        "newsID": "ET_M13_629309",
        "newsCategory": "연예",
        "newsSubcategory": "연예일반",
        "newsTitle": "임영웅 팬클럽, 아름다운 삶ing",
        "newsSubTitle": "",
        "newsContent": "아이돌차트 내 임영웅 팬덤이 따뜻한 후원으로 연말을 훈훈하게 만들었다.\n아이돌차트 회원으로 활동하고 있는 ‘영웅시대’(임영웅 팬클럽)는 홀트아동복지회에 507만원의 후원금을 전달했다.\n이는 아동청소년의 건강, 교육, 정서, 자립 지원금에 쓰여질 예정이다.\n최근 임영웅은 아이돌차트 평점랭킹에서 38주 연속 1위를 차지하며 2021년 아이돌차트 연말결산 평점랭킹 1위를 차지했다.\n이를 기념해 ‘영웅시대 아이돌차트 회원’의 이름으로 기부했다.\n아이돌차트 평점랭킹은 팬들의 투표로 순위가 결정되어 회원들의 성향과 규모와 충성도 등을 측정할 수 있는 지표다.\n한편, 임영웅은 지난해 TV조선 ‘내일은 미스터트롯’에서 진(眞)에 오른 임영웅은 오는 26일 KBS에서 방송되는 단독쇼 ‘We’re HERO 임영웅’을 통해 시청자들을 만날 예정이다.",
        "partNum": "P2",
        "useType": 0,
        "processType": "D",
        "processPattern": "24",
        "processLevel": "상",
        "sentenceCount": 7,
        "processSentencenum": 2,
        "sentenceInfo": [
            {
                "sentenceNo": 1,
                "sentenceContent": "아이돌차트 내 임영웅 팬덤이 따뜻한 후원으로 연말을 훈훈하게 만들었다.",
                "sentenceSize": 39
            },
            {
                "sentenceNo": 2,
                "sentenceContent": "아이돌차트 회원으로 활동하고 있는 ‘영웅시대’(임영웅 팬클럽)는 홀트아동복지회에 507만원의 후원금을 전달했다.",
                "sentenceSize": 62
            },
            {
                "sentenceNo": 3,
                "sentenceContent": "이는 아동청소년의 건강, 교육, 정서, 자립 지원금에 쓰여질 예정이다.",
                "sentenceSize": 39
            },
            {
                "sentenceNo": 4,
                "sentenceContent": "최근 임영웅은 아이돌차트 평점랭킹에서 38주 연속 1위를 차지하며 2021년 아이돌차트 연말결산 평점랭킹 1위를 차지했다.",
                "sentenceSize": 68
            },
            {
                "sentenceNo": 5,
                "sentenceContent": "이를 기념해 ‘영웅시대 아이돌차트 회원’의 이름으로 기부했다.",
                "sentenceSize": 34
            },
            {
                "sentenceNo": 6,
                "sentenceContent": "아이돌차트 평점랭킹은 팬들의 투표로 순위가 결정되어 회원들의 성향과 규모와 충성도 등을 측정할 수 있는 지표다.",
                "sentenceSize": 62
            },
            {
                "sentenceNo": 7,
                "sentenceContent": "한편, 임영웅은 지난해 TV조선 ‘내일은 미스터트롯’에서 진(眞)에 오른 임영웅은 오는 26일 KBS에서 방송되는 단독쇼 ‘We’re HERO 임영웅’을 통해 시청자들을 만날 예정이다.",
                "sentenceSize": 103
            }
        ]
    },
    "labeledDataInfo": {
        "processSentenceInfo": [
            {
                "sentenceNo": 1,
                "sentenceContent": "아이돌차트 내 임영웅 팬덤이 따뜻한 후원으로 연말을 훈훈하게 만들었다.",
                "subjectConsistencyYn": "Y"
            },
            {
                "sentenceNo": 2,
                "sentenceContent": "아이돌차트 회원으로 활동하고 있는 ‘영웅시대’(임영웅 팬클럽)는 홀트아동복지회에 507만원의 후원금을 전달했다.",
                "subjectConsistencyYn": "Y"
            },
            {
                "sentenceNo": 3,
                "sentenceContent": "이는 아동청소년의 건강, 교육, 정서, 자립 지원금에 쓰여질 예정이다.",
                "subjectConsistencyYn": "Y"
            },
            {
                "sentenceNo": 4,
                "sentenceContent": "최근 임영웅은 아이돌차트 평점랭킹에서 38주 연속 1위를 차지하며 2021년 아이돌차트 연말결산 평점랭킹 1위를 차지했다.",
                "subjectConsistencyYn": "Y"
            },
            {
                "sentenceNo": 5,
                "sentenceContent": "이를 기념해 ‘영웅시대 아이돌차트 회원’의 이름으로 기부했다.",
                "subjectConsistencyYn": "Y"
            },
            {
                "sentenceNo": 6,
                "sentenceContent": "아이돌차트 평점랭킹은 팬들의 투표로 순위가 결정되어 회원들의 성향과 규모와 충성도 등을 측정할 수 있는 지표다.",
                "subjectConsistencyYn": "Y"
            },
            {
                "sentenceNo": 7,
                "sentenceContent": "한편, 임영웅은 지난해 TV조선 ‘내일은 미스터트롯’에서 진(眞)에 오른 임영웅은 오는 26일 KBS에서 방송되는 단독쇼 ‘We’re HERO 임영웅’을 통해 시청자들을 만날 예정이다.",
                "subjectConsistencyYn": "Y"
            },
            {
                "sentenceNo": 8,
                "sentenceContent": "아이돌차트 회원으로 활동하고 있는 ‘영웅시대’(임영웅 팬클럽)는 홀트아동복지회에 507만 원의 후원금을 전달하며 연말을 훈훈하게 만든 가운데, 임영웅 팬클럽 영웅시대 전북 별빛 방 회원들은 12월 21일 전북 전주시 덕진구 미혼모 보호시설 `기쁨누리의 집`을 찾아 미혼모 자립 기반을 위한 지원금 564만 9,000원을 후원했다.",
                "subjectConsistencyYn": "N"
            },
            {
                "sentenceNo": 9,
                "sentenceContent": "`기쁨누리의 집`은 미혼모자 총 4세대가 거주하는 시설로, 생후 30개월 미만 자녀를 둔 미혼모들의 안정적 자녀 양육과 전문적 교육 및 취업 훈련을 지원하는 곳이다. ",
                "subjectConsistencyYn": "N"
            }
        ],
        "clickbaitClass": 0
    }
}