{
    "sourceDataInfo": {
        "newsID": "ET_M13_629371",
        "newsCategory": "연예",
        "newsSubcategory": "방송",
        "newsTitle": "‘뭉찬2’ 안정환 “지면 대폭 물갈이” 폭탄선언 왜?",
        "newsSubTitle": "",
        "newsContent": "‘어쩌다벤져스’가 드디어 대회 전 마지막 점검에 나선다.\n오늘(26일) 방송되는 JTBC ‘뭉쳐야 찬다 시즌2’에서는 효창 황금발 축구대회가 일주일 앞으로 다가온 가운데 우승의 가능성을 확인하기 위한 ‘어쩌다벤져스’의 마지막 경기가 펼쳐진다.\n특히 전설들이 출전할 효창 황금발 축구대회는 토너먼트 형식으로 진행되므로 최종 우승을 달성하기 위해서는 단 한 번의 패배도 용납되지 않는다고 해 더욱 긴장감이 치솟고 있다.\n이에 이번 경기가 무패 우승의 주춧돌이 될 수 있을지 궁금해지는 상황. 그런 가운데 안정환 감독이 “지면 대폭 물갈이”라며 남다른 각오를 밝혀 전설들의 심장을 요동치게 만든다.\n심지어 이날 경기 내용에 따라 대회 선발 출전 명단에도 변동이 있을 것으로 예상돼 ‘어쩌다벤져스’의 간절함은 더해졌다고. 더불어 그간 전설들의 모습을 모두 지켜봤던 중계진 역시 “이 정도 경기력이면 위험하다”고 이야기해 최종 우승을 향한 험난한 여정을 짐작케 한다.\n때문에 첫 대회 출전을 앞둔 ‘어쩌다벤져스’가 마지막 경기를 통해 무패 우승의 가능성을 증명할 수 있을지 호기심이 증폭된다.\n무엇보다 앞서 진행된 감코진(감독+코치진)의 비디오 분석이 가져온 변화에도 시선이 집중되고 있다.\n위기 상황을 마주한 전설들이 “우리 배웠잖아”라며 침착하게 대응을 시작한 것. 과연 ‘어쩌다벤져스’가 비디오 분석의 효과를 발휘하여 위기를 극복하고 한 뼘 더 성장하게 될지 기대를 모은다. ‘어쩌다벤져스’의 대회 직전 마지막 경기는 오늘(26일) 저녁 7시 40분에 방송되는 JTBC ‘뭉쳐야 찬다 2’에서 확인할 수 있다.",
        "partNum": "P2",
        "useType": 0,
        "processType": "D",
        "processPattern": "24",
        "processLevel": "상",
        "sentenceCount": 8,
        "processSentencenum": 2,
        "sentenceInfo": [
            {
                "sentenceNo": 1,
                "sentenceContent": "‘어쩌다벤져스’가 드디어 대회 전 마지막 점검에 나선다.",
                "sentenceSize": 31
            },
            {
                "sentenceNo": 2,
                "sentenceContent": "오늘(26일) 방송되는 JTBC ‘뭉쳐야 찬다 시즌2’에서는 효창 황금발 축구대회가 일주일 앞으로 다가온 가운데 우승의 가능성을 확인하기 위한 ‘어쩌다벤져스’의 마지막 경기가 펼쳐진다.",
                "sentenceSize": 103
            },
            {
                "sentenceNo": 3,
                "sentenceContent": "특히 전설들이 출전할 효창 황금발 축구대회는 토너먼트 형식으로 진행되므로 최종 우승을 달성하기 위해서는 단 한 번의 패배도 용납되지 않는다고 해 더욱 긴장감이 치솟고 있다.",
                "sentenceSize": 96
            },
            {
                "sentenceNo": 4,
                "sentenceContent": "이에 이번 경기가 무패 우승의 주춧돌이 될 수 있을지 궁금해지는 상황. 그런 가운데 안정환 감독이 “지면 대폭 물갈이”라며 남다른 각오를 밝혀 전설들의 심장을 요동치게 만든다.",
                "sentenceSize": 98
            },
            {
                "sentenceNo": 5,
                "sentenceContent": "심지어 이날 경기 내용에 따라 대회 선발 출전 명단에도 변동이 있을 것으로 예상돼 ‘어쩌다벤져스’의 간절함은 더해졌다고. 더불어 그간 전설들의 모습을 모두 지켜봤던 중계진 역시 “이 정도 경기력이면 위험하다”고 이야기해 최종 우승을 향한 험난한 여정을 짐작케 한다.",
                "sentenceSize": 148
            },
            {
                "sentenceNo": 6,
                "sentenceContent": "때문에 첫 대회 출전을 앞둔 ‘어쩌다벤져스’가 마지막 경기를 통해 무패 우승의 가능성을 증명할 수 있을지 호기심이 증폭된다.",
                "sentenceSize": 69
            },
            {
                "sentenceNo": 7,
                "sentenceContent": "무엇보다 앞서 진행된 감코진(감독+코치진)의 비디오 분석이 가져온 변화에도 시선이 집중되고 있다.",
                "sentenceSize": 54
            },
            {
                "sentenceNo": 8,
                "sentenceContent": "위기 상황을 마주한 전설들이 “우리 배웠잖아”라며 침착하게 대응을 시작한 것. 과연 ‘어쩌다벤져스’가 비디오 분석의 효과를 발휘하여 위기를 극복하고 한 뼘 더 성장하게 될지 기대를 모은다. ‘어쩌다벤져스’의 대회 직전 마지막 경기는 오늘(26일) 저녁 7시 40분에 방송되는 JTBC ‘뭉쳐야 찬다 2’에서 확인할 수 있다.",
                "sentenceSize": 181
            }
        ]
    },
    "labeledDataInfo": {
        "processSentenceInfo": [
            {
                "sentenceNo": 1,
                "sentenceContent": "‘어쩌다벤져스’가 드디어 대회 전 마지막 점검에 나선다.",
                "subjectConsistencyYn": "Y"
            },
            {
                "sentenceNo": 2,
                "sentenceContent": "오늘(26일) 방송되는 JTBC ‘뭉쳐야 찬다 시즌2’에서는 효창 황금발 축구대회가 일주일 앞으로 다가온 가운데 우승의 가능성을 확인하기 위한 ‘어쩌다벤져스’의 마지막 경기가 펼쳐진다.",
                "subjectConsistencyYn": "Y"
            },
            {
                "sentenceNo": 3,
                "sentenceContent": "특히 전설들이 출전할 효창 황금발 축구대회는 토너먼트 형식으로 진행되므로 최종 우승을 달성하기 위해서는 단 한 번의 패배도 용납되지 않는다고 해 더욱 긴장감이 치솟고 있다.",
                "subjectConsistencyYn": "Y"
            },
            {
                "sentenceNo": 4,
                "sentenceContent": "이에 이번 경기가 무패 우승의 주춧돌이 될 수 있을지 궁금해지는 상황. 그런 가운데 안정환 감독이 “지면 대폭 물갈이”라며 남다른 각오를 밝혀 전설들의 심장을 요동치게 만든다.",
                "subjectConsistencyYn": "Y"
            },
            {
                "sentenceNo": 5,
                "sentenceContent": "심지어 이날 경기 내용에 따라 대회 선발 출전 명단에도 변동이 있을 것으로 예상돼 ‘어쩌다벤져스’의 간절함은 더해졌다고. 더불어 그간 전설들의 모습을 모두 지켜봤던 중계진 역시 “이 정도 경기력이면 위험하다”고 이야기해 최종 우승을 향한 험난한 여정을 짐작케 한다.",
                "subjectConsistencyYn": "Y"
            },
            {
                "sentenceNo": 6,
                "sentenceContent": "때문에 첫 대회 출전을 앞둔 ‘어쩌다벤져스’가 마지막 경기를 통해 무패 우승의 가능성을 증명할 수 있을지 호기심이 증폭된다.",
                "subjectConsistencyYn": "Y"
            },
            {
                "sentenceNo": 7,
                "sentenceContent": "무엇보다 앞서 진행된 감코진(감독+코치진)의 비디오 분석이 가져온 변화에도 시선이 집중되고 있다.",
                "subjectConsistencyYn": "Y"
            },
            {
                "sentenceNo": 8,
                "sentenceContent": "위기 상황을 마주한 전설들이 “우리 배웠잖아”라며 침착하게 대응을 시작한 것. 과연 ‘어쩌다벤져스’가 비디오 분석의 효과를 발휘하여 위기를 극복하고 한 뼘 더 성장하게 될지 기대를 모은다. ‘어쩌다벤져스’의 대회 직전 마지막 경기는 오늘(26일) 저녁 7시 40분에 방송되는 JTBC ‘뭉쳐야 찬다 2’에서 확인할 수 있다.",
                "subjectConsistencyYn": "Y"
            },
            {
                "sentenceNo": 9,
                "sentenceContent": "JTBC ‘뭉쳐야 찬다 시즌2’에서 안정환 감독이 이끄는 '어쩌다벤져스’의 마지막 경기가 펼쳐지는 가운데, 안정환 아내 이혜원이 20년 전 월드컵을 추억하며 SNS에 사진을 올려 주목을 끌고 있다. ",
                "subjectConsistencyYn": "N"
            },
            {
                "sentenceNo": 10,
                "sentenceContent": "#리환아버님#추억소환#민율아버님 이라는 해시태그와 함께 공개된 사진은 한 방송 프로그램의 캡처 화면으로 사진 속에는 앳된 얼굴의 김성주와 안정환 얼굴이 담겨 있었다.  ",
                "subjectConsistencyYn": "N"
            }
        ],
        "clickbaitClass": 0
    }
}