{
    "sourceDataInfo": {
        "newsID": "ET_M13_629552",
        "newsCategory": "연예",
        "newsSubcategory": "음악",
        "newsTitle": "하이키, 첫 음방 ‘뮤직뱅크’ 뜬다",
        "newsSubTitle": "",
        "newsContent": "‘당당돌’ 하이키(H1-KEY)가 본격적인 데뷔 활동을 시작한다.\n하이키(서이, 리이나, 옐, 시탈라)는 오늘(7일) 오후 5시 방송되는 KBS2 ‘뮤직뱅크’에 출연해 데뷔 싱글 타이틀곡 ‘애슬레틱 걸(Athletic Girl)’ 무대를 음악방송 최초로 공개한다.\n이날 하이키는 지난 5일 발매한 ‘애슬레틱 걸’로 첫 데뷔 무대를 갖는다.\n당당하고 자신감 넘치는 4인 4색 매력으로 무장한 하이키는 ‘뮤직뱅크’ 시청자들의 눈과 귀를 모두 사로잡을 예정이다. ‘애슬레틱 걸’은 절제미가 돋보이는 힙합 장르로, 한 번 들으면 잊히지 않는 중독성 강한 후렴구가 인상적이다.\n특히 쉴 틈 없이 이어지는 퍼포먼스 속에서 스쿼트, 런지 등 운동 동작을 활용한 안무가 ‘애슬레틱 걸’ 무대에서 빼놓을 수 없는 관전 포인트다.\n한편, 하이키는 오늘(7일) KBS2 ‘뮤직뱅크’를 시작으로 8일 MBC ‘쇼! 음악중심’, 9일 SBS ‘인기가요’ 등에 출연해 ‘애슬레틱 걸’ 데뷔 무대를 이어갈 예정이다.",
        "partNum": "P2",
        "useType": 0,
        "processType": "D",
        "processPattern": "24",
        "processLevel": "상",
        "sentenceCount": 6,
        "processSentencenum": 2,
        "sentenceInfo": [
            {
                "sentenceNo": 1,
                "sentenceContent": "‘당당돌’ 하이키(H1-KEY)가 본격적인 데뷔 활동을 시작한다.",
                "sentenceSize": 36
            },
            {
                "sentenceNo": 2,
                "sentenceContent": "하이키(서이, 리이나, 옐, 시탈라)는 오늘(7일) 오후 5시 방송되는 KBS2 ‘뮤직뱅크’에 출연해 데뷔 싱글 타이틀곡 ‘애슬레틱 걸(Athletic Girl)’ 무대를 음악방송 최초로 공개한다.",
                "sentenceSize": 110
            },
            {
                "sentenceNo": 3,
                "sentenceContent": "이날 하이키는 지난 5일 발매한 ‘애슬레틱 걸’로 첫 데뷔 무대를 갖는다.",
                "sentenceSize": 41
            },
            {
                "sentenceNo": 4,
                "sentenceContent": "당당하고 자신감 넘치는 4인 4색 매력으로 무장한 하이키는 ‘뮤직뱅크’ 시청자들의 눈과 귀를 모두 사로잡을 예정이다. ‘애슬레틱 걸’은 절제미가 돋보이는 힙합 장르로, 한 번 들으면 잊히지 않는 중독성 강한 후렴구가 인상적이다.",
                "sentenceSize": 127
            },
            {
                "sentenceNo": 5,
                "sentenceContent": "특히 쉴 틈 없이 이어지는 퍼포먼스 속에서 스쿼트, 런지 등 운동 동작을 활용한 안무가 ‘애슬레틱 걸’ 무대에서 빼놓을 수 없는 관전 포인트다.",
                "sentenceSize": 80
            },
            {
                "sentenceNo": 6,
                "sentenceContent": "한편, 하이키는 오늘(7일) KBS2 ‘뮤직뱅크’를 시작으로 8일 MBC ‘쇼! 음악중심’, 9일 SBS ‘인기가요’ 등에 출연해 ‘애슬레틱 걸’ 데뷔 무대를 이어갈 예정이다.",
                "sentenceSize": 98
            }
        ]
    },
    "labeledDataInfo": {
        "processSentenceInfo": [
            {
                "sentenceNo": 1,
                "sentenceContent": "‘당당돌’ 하이키(H1-KEY)가 본격적인 데뷔 활동을 시작한다.",
                "subjectConsistencyYn": "Y"
            },
            {
                "sentenceNo": 2,
                "sentenceContent": "하이키(서이, 리이나, 옐, 시탈라)는 오늘(7일) 오후 5시 방송되는 KBS2 ‘뮤직뱅크’에 출연해 데뷔 싱글 타이틀곡 ‘애슬레틱 걸(Athletic Girl)’ 무대를 음악방송 최초로 공개한다.",
                "subjectConsistencyYn": "Y"
            },
            {
                "sentenceNo": 3,
                "sentenceContent": "이날 하이키는 지난 5일 발매한 ‘애슬레틱 걸’로 첫 데뷔 무대를 갖는다.",
                "subjectConsistencyYn": "Y"
            },
            {
                "sentenceNo": 4,
                "sentenceContent": "당당하고 자신감 넘치는 4인 4색 매력으로 무장한 하이키는 ‘뮤직뱅크’ 시청자들의 눈과 귀를 모두 사로잡을 예정이다. ‘애슬레틱 걸’은 절제미가 돋보이는 힙합 장르로, 한 번 들으면 잊히지 않는 중독성 강한 후렴구가 인상적이다.",
                "subjectConsistencyYn": "Y"
            },
            {
                "sentenceNo": 5,
                "sentenceContent": "특히 쉴 틈 없이 이어지는 퍼포먼스 속에서 스쿼트, 런지 등 운동 동작을 활용한 안무가 ‘애슬레틱 걸’ 무대에서 빼놓을 수 없는 관전 포인트다.",
                "subjectConsistencyYn": "Y"
            },
            {
                "sentenceNo": 6,
                "sentenceContent": "한편, 하이키는 오늘(7일) KBS2 ‘뮤직뱅크’를 시작으로 8일 MBC ‘쇼! 음악중심’, 9일 SBS ‘인기가요’ 등에 출연해 ‘애슬레틱 걸’ 데뷔 무대를 이어갈 예정이다.",
                "subjectConsistencyYn": "Y"
            },
            {
                "sentenceNo": 7,
                "sentenceContent": "오는 7일 '뮤직뱅크'에 출연해 데뷔 무대를 가질 예정인 하이키의 멤버 시탈라가 누리꾼들 사이에서 부친 행적 논란에 휘말렸다.",
                "subjectConsistencyYn": "N"
            },
            {
                "sentenceNo": 8,
                "sentenceContent": "시탈라의 부친은 2014년 친왕실 단체인 국민민주개혁 위원회(PDRC) 지지자로 탁신 친나왓 전 총리의 여동생인 잉락 친나왓 정부에 반대하는 시위에 참여했는데, 부친의 이런 이력 때문에 시탈라의 데뷔 소식이 들리자 태국 국민들 중심으로 이를 비판하는 목소리가 SNS에 퍼지고 있다.",
                "subjectConsistencyYn": "N"
            }
        ],
        "clickbaitClass": 0
    }
}