{
    "sourceDataInfo": {
        "newsID": "ET_M13_629275",
        "newsCategory": "연예",
        "newsSubcategory": "방송",
        "newsTitle": "‘옷소매’ 차미경 “첫 사극에 좋은 작품 만나 행운이었다”",
        "newsSubTitle": "",
        "newsContent": "배우 차미경이 MBC 금토드라마 ‘옷소매 붉은 끝동’에서 빈틈없는 연기력으로 마지막 순간까지 몰입감을 끌어올려 짙은 여운을 남겼다.\n지난 17일 방송된 ‘옷소매 붉은 끝동’에서 박상궁은 이산(이준호 분)에게 금등지사의 비밀을 전하기 위해 줄곧 세답방에 몸을 숨긴 사실이 밝혀지면서 이산을 무사히 보위에 올릴 수 있는 해결 방도를 성덕임(이세영 분)에게 말한 후 강렬하게 퇴장했다.\n이산을 돕지 못해 오열하는 덕임에게 “방도를 알려준다면 네가 해내겠니?”라며 박상궁이 나섰다. “난 내 손으로 키웠던 어린 아이를 지키지 못했어. 평생 옛일을 곱씹으며 살았지. 아무리 후회해본들 내게는 돌이킬 수 없는 과거일 뿐이야. 허나 너에게는 바로 지금이지”라며 슬픔과 아픔이 공존하는 깊은 눈빛 연기로 완벽한 몰입감을 선사했다.\n이어 박상궁은“주상전하께서는 약조를 하셨다.\n세손을 끝까지 보호해 반드시 보위에 올리겠노라고. 문서가 있다.\n주상전하께서 친필로 적으시고 옥새를 찍은 문서, 그 문서를 찾아내 주상전하께 보여드리렴. 그리고 말씀드려라.\n사도세자 저하께서 피와 목숨으로 얻어낸 그 약조를 지키시라고“라며 금등지사를 찾을 수 있는 단서를 덕임에게 알렸다.\n과거 사도세자의 보모상궁이었던 박상궁은 자신만이 할 수 있는 제 역할을 해낸 후 편히 눈을 감았다.\n차미경은 박상궁과 사도세자의 서사를 밀도 있게 그려내며 극을 더욱 풍성하게 만드는가 하면, 섬세한 내면 연기로 또 한 번 안방극장을 저격했다.\n다리를 저는 설정과 살벌한 눈빛 연기를 리얼하게 표현한 차미경은 실제 상황을 보는 듯 짧은 등장에도 박상궁에 대한 궁금증을 자극했다.\n이후 드라마 속 박상궁의 존재 이유를 충분히 납득시키며 강렬한 인상을 남긴 차미경의 연기에 호평이 쏟아졌다.\n차미경은 20일 소속사 디퍼런트컴퍼니를 통해“첫 사극에 좋은 작품을 만나 행운이었다.\n흥행엔 이유가 있듯이 좋은 사람들과 함께할 수 있어서 영광이었고 행복한 시간이었다.\n얼마 남지 않은 ‘옷소매 붉은 끝동’ 끝까지 많은 시청과 사랑 부탁드린다”라며 출연 소감을 전했다.",
        "partNum": "P2",
        "useType": 0,
        "processType": "D",
        "processPattern": "24",
        "processLevel": "상",
        "sentenceCount": 14,
        "processSentencenum": 2,
        "sentenceInfo": [
            {
                "sentenceNo": 1,
                "sentenceContent": "배우 차미경이 MBC 금토드라마 ‘옷소매 붉은 끝동’에서 빈틈없는 연기력으로 마지막 순간까지 몰입감을 끌어올려 짙은 여운을 남겼다.",
                "sentenceSize": 73
            },
            {
                "sentenceNo": 2,
                "sentenceContent": "지난 17일 방송된 ‘옷소매 붉은 끝동’에서 박상궁은 이산(이준호 분)에게 금등지사의 비밀을 전하기 위해 줄곧 세답방에 몸을 숨긴 사실이 밝혀지면서 이산을 무사히 보위에 올릴 수 있는 해결 방도를 성덕임(이세영 분)에게 말한 후 강렬하게 퇴장했다.",
                "sentenceSize": 138
            },
            {
                "sentenceNo": 3,
                "sentenceContent": "이산을 돕지 못해 오열하는 덕임에게 “방도를 알려준다면 네가 해내겠니?”라며 박상궁이 나섰다. “난 내 손으로 키웠던 어린 아이를 지키지 못했어. 평생 옛일을 곱씹으며 살았지. 아무리 후회해본들 내게는 돌이킬 수 없는 과거일 뿐이야. 허나 너에게는 바로 지금이지”라며 슬픔과 아픔이 공존하는 깊은 눈빛 연기로 완벽한 몰입감을 선사했다.",
                "sentenceSize": 187
            },
            {
                "sentenceNo": 4,
                "sentenceContent": "이어 박상궁은“주상전하께서는 약조를 하셨다.",
                "sentenceSize": 24
            },
            {
                "sentenceNo": 5,
                "sentenceContent": "세손을 끝까지 보호해 반드시 보위에 올리겠노라고. 문서가 있다.",
                "sentenceSize": 35
            },
            {
                "sentenceNo": 6,
                "sentenceContent": "주상전하께서 친필로 적으시고 옥새를 찍은 문서, 그 문서를 찾아내 주상전하께 보여드리렴. 그리고 말씀드려라.",
                "sentenceSize": 60
            },
            {
                "sentenceNo": 7,
                "sentenceContent": "사도세자 저하께서 피와 목숨으로 얻어낸 그 약조를 지키시라고“라며 금등지사를 찾을 수 있는 단서를 덕임에게 알렸다.",
                "sentenceSize": 64
            },
            {
                "sentenceNo": 8,
                "sentenceContent": "과거 사도세자의 보모상궁이었던 박상궁은 자신만이 할 수 있는 제 역할을 해낸 후 편히 눈을 감았다.",
                "sentenceSize": 55
            },
            {
                "sentenceNo": 9,
                "sentenceContent": "차미경은 박상궁과 사도세자의 서사를 밀도 있게 그려내며 극을 더욱 풍성하게 만드는가 하면, 섬세한 내면 연기로 또 한 번 안방극장을 저격했다.",
                "sentenceSize": 79
            },
            {
                "sentenceNo": 10,
                "sentenceContent": "다리를 저는 설정과 살벌한 눈빛 연기를 리얼하게 표현한 차미경은 실제 상황을 보는 듯 짧은 등장에도 박상궁에 대한 궁금증을 자극했다.",
                "sentenceSize": 74
            },
            {
                "sentenceNo": 11,
                "sentenceContent": "이후 드라마 속 박상궁의 존재 이유를 충분히 납득시키며 강렬한 인상을 남긴 차미경의 연기에 호평이 쏟아졌다.",
                "sentenceSize": 60
            },
            {
                "sentenceNo": 12,
                "sentenceContent": "차미경은 20일 소속사 디퍼런트컴퍼니를 통해“첫 사극에 좋은 작품을 만나 행운이었다.",
                "sentenceSize": 47
            },
            {
                "sentenceNo": 13,
                "sentenceContent": "흥행엔 이유가 있듯이 좋은 사람들과 함께할 수 있어서 영광이었고 행복한 시간이었다.",
                "sentenceSize": 46
            },
            {
                "sentenceNo": 14,
                "sentenceContent": "얼마 남지 않은 ‘옷소매 붉은 끝동’ 끝까지 많은 시청과 사랑 부탁드린다”라며 출연 소감을 전했다.",
                "sentenceSize": 55
            }
        ]
    },
    "labeledDataInfo": {
        "processSentenceInfo": [
            {
                "sentenceNo": 1,
                "sentenceContent": "배우 차미경이 MBC 금토드라마 ‘옷소매 붉은 끝동’에서 빈틈없는 연기력으로 마지막 순간까지 몰입감을 끌어올려 짙은 여운을 남겼다.",
                "subjectConsistencyYn": "Y"
            },
            {
                "sentenceNo": 2,
                "sentenceContent": "지난 17일 방송된 ‘옷소매 붉은 끝동’에서 박상궁은 이산(이준호 분)에게 금등지사의 비밀을 전하기 위해 줄곧 세답방에 몸을 숨긴 사실이 밝혀지면서 이산을 무사히 보위에 올릴 수 있는 해결 방도를 성덕임(이세영 분)에게 말한 후 강렬하게 퇴장했다.",
                "subjectConsistencyYn": "Y"
            },
            {
                "sentenceNo": 3,
                "sentenceContent": "이산을 돕지 못해 오열하는 덕임에게 “방도를 알려준다면 네가 해내겠니?”라며 박상궁이 나섰다. “난 내 손으로 키웠던 어린 아이를 지키지 못했어. 평생 옛일을 곱씹으며 살았지. 아무리 후회해본들 내게는 돌이킬 수 없는 과거일 뿐이야. 허나 너에게는 바로 지금이지”라며 슬픔과 아픔이 공존하는 깊은 눈빛 연기로 완벽한 몰입감을 선사했다.",
                "subjectConsistencyYn": "Y"
            },
            {
                "sentenceNo": 4,
                "sentenceContent": "이어 박상궁은“주상전하께서는 약조를 하셨다.",
                "subjectConsistencyYn": "Y"
            },
            {
                "sentenceNo": 5,
                "sentenceContent": "세손을 끝까지 보호해 반드시 보위에 올리겠노라고. 문서가 있다.",
                "subjectConsistencyYn": "Y"
            },
            {
                "sentenceNo": 6,
                "sentenceContent": "주상전하께서 친필로 적으시고 옥새를 찍은 문서, 그 문서를 찾아내 주상전하께 보여드리렴. 그리고 말씀드려라.",
                "subjectConsistencyYn": "Y"
            },
            {
                "sentenceNo": 7,
                "sentenceContent": "사도세자 저하께서 피와 목숨으로 얻어낸 그 약조를 지키시라고“라며 금등지사를 찾을 수 있는 단서를 덕임에게 알렸다.",
                "subjectConsistencyYn": "Y"
            },
            {
                "sentenceNo": 8,
                "sentenceContent": "과거 사도세자의 보모상궁이었던 박상궁은 자신만이 할 수 있는 제 역할을 해낸 후 편히 눈을 감았다.",
                "subjectConsistencyYn": "Y"
            },
            {
                "sentenceNo": 9,
                "sentenceContent": "차미경은 박상궁과 사도세자의 서사를 밀도 있게 그려내며 극을 더욱 풍성하게 만드는가 하면, 섬세한 내면 연기로 또 한 번 안방극장을 저격했다.",
                "subjectConsistencyYn": "Y"
            },
            {
                "sentenceNo": 10,
                "sentenceContent": "다리를 저는 설정과 살벌한 눈빛 연기를 리얼하게 표현한 차미경은 실제 상황을 보는 듯 짧은 등장에도 박상궁에 대한 궁금증을 자극했다.",
                "subjectConsistencyYn": "Y"
            },
            {
                "sentenceNo": 11,
                "sentenceContent": "이후 드라마 속 박상궁의 존재 이유를 충분히 납득시키며 강렬한 인상을 남긴 차미경의 연기에 호평이 쏟아졌다.",
                "subjectConsistencyYn": "Y"
            },
            {
                "sentenceNo": 12,
                "sentenceContent": "차미경은 20일 소속사 디퍼런트컴퍼니를 통해“첫 사극에 좋은 작품을 만나 행운이었다.",
                "subjectConsistencyYn": "Y"
            },
            {
                "sentenceNo": 13,
                "sentenceContent": "흥행엔 이유가 있듯이 좋은 사람들과 함께할 수 있어서 영광이었고 행복한 시간이었다.",
                "subjectConsistencyYn": "Y"
            },
            {
                "sentenceNo": 14,
                "sentenceContent": "얼마 남지 않은 ‘옷소매 붉은 끝동’ 끝까지 많은 시청과 사랑 부탁드린다”라며 출연 소감을 전했다.",
                "subjectConsistencyYn": "Y"
            },
            {
                "sentenceNo": 15,
                "sentenceContent": "배우 차미경이 MBC 금토드라마 ‘옷소매 붉은 끝동’에서 빈틈없는 연기력으로 짙은 여운을 남긴 가운데, MBC가 ‘이태원 참사’로 불리는 지난 10월29일 사고를 ‘10·29 참사’로 부르겠다고 밝혔다.  ",
                "subjectConsistencyYn": "N"
            },
            {
                "sentenceNo": 16,
                "sentenceContent": "이지선 앵커는 5일 뉴스데스크를 통해 “MBC는 오늘부터 이번 일을 ‘이태원 참사’가 아닌 ‘10·29 참사’로 부르기로 했다”고 밝혔다.  ",
                "subjectConsistencyYn": "N"
            }
        ],
        "clickbaitClass": 0
    }
}