{
    "sourceDataInfo": {
        "newsID": "ET_M13_629644",
        "newsCategory": "연예",
        "newsSubcategory": "방송",
        "newsTitle": "‘신과 함께2’ 딘딘 “이제는 ‘엄카남’ 아닌 ‘효도남’”",
        "newsSubTitle": "",
        "newsContent": "딘딘이 ‘엄카’라는 단어를 유행어로 자리잡게 한 장본인이라고 주장하며 이에 대한 자부심을 드러낸다.\n오는 14일 방송되는 채널S의 예능 프로그램 ‘신과 함께 시즌2’(채널S & SM C&C STUDIO 공동제작/ 프로듀서 김수현, 연출 진선미)에서는 딘딘이 ‘엄카남’이 된 사연과 금수저 이미지로 인해 생긴 일화를 전하는 모습이 공개된다.\n최근 녹화에서 게스트로 출연한 딘딘은 “‘엄카’라는 단어가 대중적으로 쓰이게 된 건 어느 정도 내 덕이다”라며 자부심을 뽐냈다.\n그는 과거 ‘쇼미더머니2’에서 ‘엄카’를 쓴다고 말하며 철없는 금수저 이미지를 얻어 화제를 모은 바 있다.\nMC 성시경이 철부지 같다고 나무라자, 딘딘은 ‘쇼미더머니2’ 촬영 당시 ‘엄카’를 언급하게 된 사연을 고백해 눈길을 끌었다.\n이어 딘딘은 “제작진들이 많이 걷어 내 줘서 그 정도였다. 다 방송에 나갔으면 나는 지금 이 자리에 없을 것”이라고 밝혀 무슨 얘기를 꺼냈을지 궁금증을 자아낸다.\n딘딘은 “금수저 이미지 때문에 아버지가 곤란하셨다”면서 “한번은 아버지가 방송에서 헛소리 좀 그만하라고 했다”고 전해 웃음을 안겼다.\n그러면서 “이제는 내가 아버지께 카드를 드렸다. 나보다 아버지가 쓰시는 돈이 더 많다”고 말하며 ‘엄카남’을 탈피한 ‘효도남’의 면모도 드러냈다.\n이 밖에도 딘딘은 위기를 기회로 바꾼 곡 ‘딘딘은 딘딘’의 스웨그 넘치는 탄생 배경도 공개했다고 해 기대를 모은다.\n오는 14일 저녁 8시 채널S의 ‘신과 함께 시즌2’에서 확인할 수 있다.",
        "partNum": "P2",
        "useType": 0,
        "processType": "D",
        "processPattern": "24",
        "processLevel": "상",
        "sentenceCount": 10,
        "processSentencenum": 2,
        "sentenceInfo": [
            {
                "sentenceNo": 1,
                "sentenceContent": "딘딘이 ‘엄카’라는 단어를 유행어로 자리잡게 한 장본인이라고 주장하며 이에 대한 자부심을 드러낸다.",
                "sentenceSize": 55
            },
            {
                "sentenceNo": 2,
                "sentenceContent": "오는 14일 방송되는 채널S의 예능 프로그램 ‘신과 함께 시즌2’(채널S & SM C&C STUDIO 공동제작/ 프로듀서 김수현, 연출 진선미)에서는 딘딘이 ‘엄카남’이 된 사연과 금수저 이미지로 인해 생긴 일화를 전하는 모습이 공개된다.",
                "sentenceSize": 133
            },
            {
                "sentenceNo": 3,
                "sentenceContent": "최근 녹화에서 게스트로 출연한 딘딘은 “‘엄카’라는 단어가 대중적으로 쓰이게 된 건 어느 정도 내 덕이다”라며 자부심을 뽐냈다.",
                "sentenceSize": 71
            },
            {
                "sentenceNo": 4,
                "sentenceContent": "그는 과거 ‘쇼미더머니2’에서 ‘엄카’를 쓴다고 말하며 철없는 금수저 이미지를 얻어 화제를 모은 바 있다.",
                "sentenceSize": 59
            },
            {
                "sentenceNo": 5,
                "sentenceContent": "MC 성시경이 철부지 같다고 나무라자, 딘딘은 ‘쇼미더머니2’ 촬영 당시 ‘엄카’를 언급하게 된 사연을 고백해 눈길을 끌었다.",
                "sentenceSize": 70
            },
            {
                "sentenceNo": 6,
                "sentenceContent": "이어 딘딘은 “제작진들이 많이 걷어 내 줘서 그 정도였다. 다 방송에 나갔으면 나는 지금 이 자리에 없을 것”이라고 밝혀 무슨 얘기를 꺼냈을지 궁금증을 자아낸다.",
                "sentenceSize": 90
            },
            {
                "sentenceNo": 7,
                "sentenceContent": "딘딘은 “금수저 이미지 때문에 아버지가 곤란하셨다”면서 “한번은 아버지가 방송에서 헛소리 좀 그만하라고 했다”고 전해 웃음을 안겼다.",
                "sentenceSize": 74
            },
            {
                "sentenceNo": 8,
                "sentenceContent": "그러면서 “이제는 내가 아버지께 카드를 드렸다. 나보다 아버지가 쓰시는 돈이 더 많다”고 말하며 ‘엄카남’을 탈피한 ‘효도남’의 면모도 드러냈다.",
                "sentenceSize": 81
            },
            {
                "sentenceNo": 9,
                "sentenceContent": "이 밖에도 딘딘은 위기를 기회로 바꾼 곡 ‘딘딘은 딘딘’의 스웨그 넘치는 탄생 배경도 공개했다고 해 기대를 모은다.",
                "sentenceSize": 64
            },
            {
                "sentenceNo": 10,
                "sentenceContent": "오는 14일 저녁 8시 채널S의 ‘신과 함께 시즌2’에서 확인할 수 있다.",
                "sentenceSize": 41
            }
        ]
    },
    "labeledDataInfo": {
        "processSentenceInfo": [
            {
                "sentenceNo": 1,
                "sentenceContent": "딘딘이 ‘엄카’라는 단어를 유행어로 자리잡게 한 장본인이라고 주장하며 이에 대한 자부심을 드러낸다.",
                "subjectConsistencyYn": "Y"
            },
            {
                "sentenceNo": 2,
                "sentenceContent": "오는 14일 방송되는 채널S의 예능 프로그램 ‘신과 함께 시즌2’(채널S & SM C&C STUDIO 공동제작/ 프로듀서 김수현, 연출 진선미)에서는 딘딘이 ‘엄카남’이 된 사연과 금수저 이미지로 인해 생긴 일화를 전하는 모습이 공개된다.",
                "subjectConsistencyYn": "Y"
            },
            {
                "sentenceNo": 3,
                "sentenceContent": "최근 녹화에서 게스트로 출연한 딘딘은 “‘엄카’라는 단어가 대중적으로 쓰이게 된 건 어느 정도 내 덕이다”라며 자부심을 뽐냈다.",
                "subjectConsistencyYn": "Y"
            },
            {
                "sentenceNo": 4,
                "sentenceContent": "그는 과거 ‘쇼미더머니2’에서 ‘엄카’를 쓴다고 말하며 철없는 금수저 이미지를 얻어 화제를 모은 바 있다.",
                "subjectConsistencyYn": "Y"
            },
            {
                "sentenceNo": 5,
                "sentenceContent": "MC 성시경이 철부지 같다고 나무라자, 딘딘은 ‘쇼미더머니2’ 촬영 당시 ‘엄카’를 언급하게 된 사연을 고백해 눈길을 끌었다.",
                "subjectConsistencyYn": "Y"
            },
            {
                "sentenceNo": 6,
                "sentenceContent": "이어 딘딘은 “제작진들이 많이 걷어 내 줘서 그 정도였다. 다 방송에 나갔으면 나는 지금 이 자리에 없을 것”이라고 밝혀 무슨 얘기를 꺼냈을지 궁금증을 자아낸다.",
                "subjectConsistencyYn": "Y"
            },
            {
                "sentenceNo": 7,
                "sentenceContent": "딘딘은 “금수저 이미지 때문에 아버지가 곤란하셨다”면서 “한번은 아버지가 방송에서 헛소리 좀 그만하라고 했다”고 전해 웃음을 안겼다.",
                "subjectConsistencyYn": "Y"
            },
            {
                "sentenceNo": 8,
                "sentenceContent": "그러면서 “이제는 내가 아버지께 카드를 드렸다. 나보다 아버지가 쓰시는 돈이 더 많다”고 말하며 ‘엄카남’을 탈피한 ‘효도남’의 면모도 드러냈다.",
                "subjectConsistencyYn": "Y"
            },
            {
                "sentenceNo": 9,
                "sentenceContent": "이 밖에도 딘딘은 위기를 기회로 바꾼 곡 ‘딘딘은 딘딘’의 스웨그 넘치는 탄생 배경도 공개했다고 해 기대를 모은다.",
                "subjectConsistencyYn": "Y"
            },
            {
                "sentenceNo": 10,
                "sentenceContent": "오는 14일 저녁 8시 채널S의 ‘신과 함께 시즌2’에서 확인할 수 있다.",
                "subjectConsistencyYn": "Y"
            },
            {
                "sentenceNo": 11,
                "sentenceContent": "채널S의 예능 프로그램 ‘신과 함께 시즌2’에서 딘딘이 ‘엄카남’이 된 사연과 금수저 이미지로 인해 생긴 일화를 전하는 모습이 공개된 가운데, 채널S 새 예능프로그램 '진격의 언니들' 제작발표회가 온라인으로 진행됐다.  ",
                "subjectConsistencyYn": "N"
            },
            {
                "sentenceNo": 12,
                "sentenceContent": "방송인 박미선, 장영란, 김호영이 참석해 프로그램에 대해 다양한 이야기를 나눴다.  ",
                "subjectConsistencyYn": "N"
            }
        ],
        "clickbaitClass": 0
    }
}