{
    "sourceDataInfo": {
        "newsID": "ET_M13_629417",
        "newsCategory": "연예",
        "newsSubcategory": "방송",
        "newsTitle": "‘설강화’ 이번엔 간첩조작 미화 논란, 실존사건 등장시켰나",
        "newsSubTitle": "",
        "newsContent": "JTBC드라마 ‘설강화’를 둘러싼 역사왜곡 논란이 끊이질 않고 있다. ‘설강화’가 3회 연속 편성이라는 초강수 속에 6회 차를 앞두고 있지만, 추가 논란이 이어지면서 비판이 가열되고 있다.\n이번엔 등장인물 계분옥(김혜윤)이 화두로 떠올랐다.\n계분옥이 호수여대 기숙사 전화교환원으로 등장해 남파간첩 임수호(정해인)에게 인질로 잡히는 장면이 ‘설강화’에서 그려졌다. ‘설강화’에서 계분옥은 가난한 집안에서 태어나 격무에서 기숙사 사감으로부터 “계분옥 언니가 빨갱이로 몰려 잡혀 갔다, 가족이 피해를 보고 있다” 등의 협박을 듣는 장면이 나온다.\n일부 시청자는 계분옥이 실존인물 수지김을 그린 것이 아니냐는 의혹을 제기한 상태다.\n수지김의 본명은 김옥분으로 남편 윤태식씨에게 살해된 뒤 간첩 누명까지 씌워졌던 인물이다.\n수지김 살인사건은 1987년 1월 발생해 안기부가 깊숙이 개입해 피해자 수지김을 미인계를 쓴 희대의 간첩으로 내 몬 사건이다.\n최근 SBS 교양 프로그램 ‘꼬리에 꼬리를 무는 그날 이야기 시즌4’에서 재조명해 관심을 받은 적이 있다.\n시청자들은 ‘설강화’ 속 계분옥 캐릭터가 가난이라는 열등감 의식에 사로잡혀 지수와 대립되는 캐릭터로 그려진 배경을 지목했다.\n이 때문에 당시 간첩으로 몰려 고통을 받은 피해자와 그들의 가족을 비하하고 있는 것이 아니냐는 비판을 제기했다.\n계분옥의 이름의 유사성도 문제로 삼았다.\n실제 ‘설강화’는 여성 주인공 은영초가 민주화운동을 주도했더 천영초의 실명과 비슷해 실존 인물을 그린 것이 아니냐는 비판에 직면해 이름을 은영로로 바꾼 적이 있다.\n또 다른 장면에서도 문제가 불거졌다. ‘설강화’ 4회 방송에서는 임수호가 한국대 교수 한니섭을 천주교 성당 고해실로 불러 아들을 빌미로 포섭하는 장면이 그려졌다.\n이를 두고 실제 민주화운동 당시 안전지대 역할을 했던 성당을 간첩의 접선 장소로 그린 것이 다분이 의도적인 것이 아니냐는 의혹도 제기했다. ‘설강화’ 5화에서 안기부 부장 은창수(허준호)가 “우리 회사(안기부) 직원은 회사 직원 목숨보다 국민의 목숨을 보호해야 한다”고 말한 대사 장면을 두고 재차 안기부 미화 논란이 일었다.\n이밖에도 이날 방송에서 은창수가 부부 모임에서 마작 게임을 하는 모습이 나오자, 1987년 서울을 배경으로 하는 드라마에 마작 게임 장면이 나오는 것은 적절치 못했다는 비판이 나오며 ‘중국색’ 논란에도 휩싸였다.\n제작진이 앞선 전개에선 다른 모습이 그려질 거라며 3회 연속 방송이라는 초강수를 뒀지만 ‘설강화’를 둘러싼 각종 의혹은 쉴새 없이 나오는 모양새다. ‘설강화’는 이러한 반응 속에 3회 연속 특별 편성 방송이 전국 기준 시청률(닐슨코리아) 1.7~2.8%에 그쳤다.",
        "partNum": "P2",
        "useType": 0,
        "processType": "D",
        "processPattern": "24",
        "processLevel": "상",
        "sentenceCount": 15,
        "processSentencenum": 2,
        "sentenceInfo": [
            {
                "sentenceNo": 1,
                "sentenceContent": "JTBC드라마 ‘설강화’를 둘러싼 역사왜곡 논란이 끊이질 않고 있다. ‘설강화’가 3회 연속 편성이라는 초강수 속에 6회 차를 앞두고 있지만, 추가 논란이 이어지면서 비판이 가열되고 있다.",
                "sentenceSize": 105
            },
            {
                "sentenceNo": 2,
                "sentenceContent": "이번엔 등장인물 계분옥(김혜윤)이 화두로 떠올랐다.",
                "sentenceSize": 28
            },
            {
                "sentenceNo": 3,
                "sentenceContent": "계분옥이 호수여대 기숙사 전화교환원으로 등장해 남파간첩 임수호(정해인)에게 인질로 잡히는 장면이 ‘설강화’에서 그려졌다. ‘설강화’에서 계분옥은 가난한 집안에서 태어나 격무에서 기숙사 사감으로부터 “계분옥 언니가 빨갱이로 몰려 잡혀 갔다, 가족이 피해를 보고 있다” 등의 협박을 듣는 장면이 나온다.",
                "sentenceSize": 167
            },
            {
                "sentenceNo": 4,
                "sentenceContent": "일부 시청자는 계분옥이 실존인물 수지김을 그린 것이 아니냐는 의혹을 제기한 상태다.",
                "sentenceSize": 46
            },
            {
                "sentenceNo": 5,
                "sentenceContent": "수지김의 본명은 김옥분으로 남편 윤태식씨에게 살해된 뒤 간첩 누명까지 씌워졌던 인물이다.",
                "sentenceSize": 49
            },
            {
                "sentenceNo": 6,
                "sentenceContent": "수지김 살인사건은 1987년 1월 발생해 안기부가 깊숙이 개입해 피해자 수지김을 미인계를 쓴 희대의 간첩으로 내 몬 사건이다.",
                "sentenceSize": 70
            },
            {
                "sentenceNo": 7,
                "sentenceContent": "최근 SBS 교양 프로그램 ‘꼬리에 꼬리를 무는 그날 이야기 시즌4’에서 재조명해 관심을 받은 적이 있다.",
                "sentenceSize": 59
            },
            {
                "sentenceNo": 8,
                "sentenceContent": "시청자들은 ‘설강화’ 속 계분옥 캐릭터가 가난이라는 열등감 의식에 사로잡혀 지수와 대립되는 캐릭터로 그려진 배경을 지목했다.",
                "sentenceSize": 69
            },
            {
                "sentenceNo": 9,
                "sentenceContent": "이 때문에 당시 간첩으로 몰려 고통을 받은 피해자와 그들의 가족을 비하하고 있는 것이 아니냐는 비판을 제기했다.",
                "sentenceSize": 62
            },
            {
                "sentenceNo": 10,
                "sentenceContent": "계분옥의 이름의 유사성도 문제로 삼았다.",
                "sentenceSize": 22
            },
            {
                "sentenceNo": 11,
                "sentenceContent": "실제 ‘설강화’는 여성 주인공 은영초가 민주화운동을 주도했더 천영초의 실명과 비슷해 실존 인물을 그린 것이 아니냐는 비판에 직면해 이름을 은영로로 바꾼 적이 있다.",
                "sentenceSize": 91
            },
            {
                "sentenceNo": 12,
                "sentenceContent": "또 다른 장면에서도 문제가 불거졌다. ‘설강화’ 4회 방송에서는 임수호가 한국대 교수 한니섭을 천주교 성당 고해실로 불러 아들을 빌미로 포섭하는 장면이 그려졌다.",
                "sentenceSize": 90
            },
            {
                "sentenceNo": 13,
                "sentenceContent": "이를 두고 실제 민주화운동 당시 안전지대 역할을 했던 성당을 간첩의 접선 장소로 그린 것이 다분이 의도적인 것이 아니냐는 의혹도 제기했다. ‘설강화’ 5화에서 안기부 부장 은창수(허준호)가 “우리 회사(안기부) 직원은 회사 직원 목숨보다 국민의 목숨을 보호해야 한다”고 말한 대사 장면을 두고 재차 안기부 미화 논란이 일었다.",
                "sentenceSize": 182
            },
            {
                "sentenceNo": 14,
                "sentenceContent": "이밖에도 이날 방송에서 은창수가 부부 모임에서 마작 게임을 하는 모습이 나오자, 1987년 서울을 배경으로 하는 드라마에 마작 게임 장면이 나오는 것은 적절치 못했다는 비판이 나오며 ‘중국색’ 논란에도 휩싸였다.",
                "sentenceSize": 118
            },
            {
                "sentenceNo": 15,
                "sentenceContent": "제작진이 앞선 전개에선 다른 모습이 그려질 거라며 3회 연속 방송이라는 초강수를 뒀지만 ‘설강화’를 둘러싼 각종 의혹은 쉴새 없이 나오는 모양새다. ‘설강화’는 이러한 반응 속에 3회 연속 특별 편성 방송이 전국 기준 시청률(닐슨코리아) 1.7~2.8%에 그쳤다.",
                "sentenceSize": 147
            }
        ]
    },
    "labeledDataInfo": {
        "processSentenceInfo": [
            {
                "sentenceNo": 1,
                "sentenceContent": "JTBC드라마 ‘설강화’를 둘러싼 역사왜곡 논란이 끊이질 않고 있다. ‘설강화’가 3회 연속 편성이라는 초강수 속에 6회 차를 앞두고 있지만, 추가 논란이 이어지면서 비판이 가열되고 있다.",
                "subjectConsistencyYn": "Y"
            },
            {
                "sentenceNo": 2,
                "sentenceContent": "이번엔 등장인물 계분옥(김혜윤)이 화두로 떠올랐다.",
                "subjectConsistencyYn": "Y"
            },
            {
                "sentenceNo": 3,
                "sentenceContent": "계분옥이 호수여대 기숙사 전화교환원으로 등장해 남파간첩 임수호(정해인)에게 인질로 잡히는 장면이 ‘설강화’에서 그려졌다. ‘설강화’에서 계분옥은 가난한 집안에서 태어나 격무에서 기숙사 사감으로부터 “계분옥 언니가 빨갱이로 몰려 잡혀 갔다, 가족이 피해를 보고 있다” 등의 협박을 듣는 장면이 나온다.",
                "subjectConsistencyYn": "Y"
            },
            {
                "sentenceNo": 4,
                "sentenceContent": "일부 시청자는 계분옥이 실존인물 수지김을 그린 것이 아니냐는 의혹을 제기한 상태다.",
                "subjectConsistencyYn": "Y"
            },
            {
                "sentenceNo": 5,
                "sentenceContent": "수지김의 본명은 김옥분으로 남편 윤태식씨에게 살해된 뒤 간첩 누명까지 씌워졌던 인물이다.",
                "subjectConsistencyYn": "Y"
            },
            {
                "sentenceNo": 6,
                "sentenceContent": "수지김 살인사건은 1987년 1월 발생해 안기부가 깊숙이 개입해 피해자 수지김을 미인계를 쓴 희대의 간첩으로 내 몬 사건이다.",
                "subjectConsistencyYn": "Y"
            },
            {
                "sentenceNo": 7,
                "sentenceContent": "최근 SBS 교양 프로그램 ‘꼬리에 꼬리를 무는 그날 이야기 시즌4’에서 재조명해 관심을 받은 적이 있다.",
                "subjectConsistencyYn": "Y"
            },
            {
                "sentenceNo": 8,
                "sentenceContent": "시청자들은 ‘설강화’ 속 계분옥 캐릭터가 가난이라는 열등감 의식에 사로잡혀 지수와 대립되는 캐릭터로 그려진 배경을 지목했다.",
                "subjectConsistencyYn": "Y"
            },
            {
                "sentenceNo": 9,
                "sentenceContent": "이 때문에 당시 간첩으로 몰려 고통을 받은 피해자와 그들의 가족을 비하하고 있는 것이 아니냐는 비판을 제기했다.",
                "subjectConsistencyYn": "Y"
            },
            {
                "sentenceNo": 10,
                "sentenceContent": "계분옥의 이름의 유사성도 문제로 삼았다.",
                "subjectConsistencyYn": "Y"
            },
            {
                "sentenceNo": 11,
                "sentenceContent": "실제 ‘설강화’는 여성 주인공 은영초가 민주화운동을 주도했더 천영초의 실명과 비슷해 실존 인물을 그린 것이 아니냐는 비판에 직면해 이름을 은영로로 바꾼 적이 있다.",
                "subjectConsistencyYn": "Y"
            },
            {
                "sentenceNo": 12,
                "sentenceContent": "또 다른 장면에서도 문제가 불거졌다. ‘설강화’ 4회 방송에서는 임수호가 한국대 교수 한니섭을 천주교 성당 고해실로 불러 아들을 빌미로 포섭하는 장면이 그려졌다.",
                "subjectConsistencyYn": "Y"
            },
            {
                "sentenceNo": 13,
                "sentenceContent": "이를 두고 실제 민주화운동 당시 안전지대 역할을 했던 성당을 간첩의 접선 장소로 그린 것이 다분이 의도적인 것이 아니냐는 의혹도 제기했다. ‘설강화’ 5화에서 안기부 부장 은창수(허준호)가 “우리 회사(안기부) 직원은 회사 직원 목숨보다 국민의 목숨을 보호해야 한다”고 말한 대사 장면을 두고 재차 안기부 미화 논란이 일었다.",
                "subjectConsistencyYn": "Y"
            },
            {
                "sentenceNo": 14,
                "sentenceContent": "이밖에도 이날 방송에서 은창수가 부부 모임에서 마작 게임을 하는 모습이 나오자, 1987년 서울을 배경으로 하는 드라마에 마작 게임 장면이 나오는 것은 적절치 못했다는 비판이 나오며 ‘중국색’ 논란에도 휩싸였다.",
                "subjectConsistencyYn": "Y"
            },
            {
                "sentenceNo": 15,
                "sentenceContent": "제작진이 앞선 전개에선 다른 모습이 그려질 거라며 3회 연속 방송이라는 초강수를 뒀지만 ‘설강화’를 둘러싼 각종 의혹은 쉴새 없이 나오는 모양새다. ‘설강화’는 이러한 반응 속에 3회 연속 특별 편성 방송이 전국 기준 시청률(닐슨코리아) 1.7~2.8%에 그쳤다.",
                "subjectConsistencyYn": "Y"
            },
            {
                "sentenceNo": 16,
                "sentenceContent": "JTBC드라마 ‘설강화’가 간첩 조직 미화로 역사 왜곡 논란이 끊이지 않고 있는 가운데, '설강화'의 후속작인 '아침이 밝아올 때까지'도 원작 소설이 중국 공산당을 옹호하는 내용을 담고 있다는 의혹이 불거졌다.",
                "subjectConsistencyYn": "N"
            },
            {
                "sentenceNo": 17,
                "sentenceContent": "'아침이 밝아올 때까지'의 원작 소설 '장야난명'은 지하철역 시체 유기 사건의 이면을 추적하다 권력의 압박에 저항해 부패 사건을 밝혀 나가는 내용을 담은 소설로 시진핑 중국 국가주석을 옹호하는 소설이라는 지적이 나오고 있는 소설이다.",
                "subjectConsistencyYn": "N"
            }
        ],
        "clickbaitClass": 0
    }
}