{
    "sourceDataInfo": {
        "newsID": "ET_M13_629405",
        "newsCategory": "연예",
        "newsSubcategory": "연예일반",
        "newsTitle": "최민수 교통사고 후 근황, 부인 강주은 SNS 공개",
        "newsSubTitle": "",
        "newsContent": "배우 최민수의 교통사고 후 근황이 전해졌다.\n최민수의 아내 강주은이 지난 27일 SNS를 통해 최민수 사진을 공개했다.\n사진 속에는 얼마 전 사고로 수술까지 받은 것으로 알려진 최민수의 밝은 모습이 담겼다.\n최민수는 반려견과 함께 평안한 시간을 보내고 있다.\n최민수는 지난달 4일 서울 용산구 이태원동에서 오토바이를 타고 가던 중 승용차 운전자와 동시에 앞 차를 추월하려다 사고를 당했었다.\n앞서 강주은은 “부서진 갈비뼈 4에다 쇄골, 그리고 폐 부분 절단 등 4시간 가까운 대단한 수술후, 많은 분들의 응원과 기도로 우리민수가 더욱더 빨리 회복하게됐다”며 “대단한 치료자들의 기적의 의술을 듬뿍 받고 갑니다”라고 전했었다.\nSNS 등에 공개된 사진들에 따르면 최민수는 춤을 출 수 있을 정도로 건강이 호전된 것으로 보인다.",
        "partNum": "P2",
        "useType": 0,
        "processType": "D",
        "processPattern": "24",
        "processLevel": "상",
        "sentenceCount": 7,
        "processSentencenum": 2,
        "sentenceInfo": [
            {
                "sentenceNo": 1,
                "sentenceContent": "배우 최민수의 교통사고 후 근황이 전해졌다.",
                "sentenceSize": 24
            },
            {
                "sentenceNo": 2,
                "sentenceContent": "최민수의 아내 강주은이 지난 27일 SNS를 통해 최민수 사진을 공개했다.",
                "sentenceSize": 41
            },
            {
                "sentenceNo": 3,
                "sentenceContent": "사진 속에는 얼마 전 사고로 수술까지 받은 것으로 알려진 최민수의 밝은 모습이 담겼다.",
                "sentenceSize": 48
            },
            {
                "sentenceNo": 4,
                "sentenceContent": "최민수는 반려견과 함께 평안한 시간을 보내고 있다.",
                "sentenceSize": 28
            },
            {
                "sentenceNo": 5,
                "sentenceContent": "최민수는 지난달 4일 서울 용산구 이태원동에서 오토바이를 타고 가던 중 승용차 운전자와 동시에 앞 차를 추월하려다 사고를 당했었다.",
                "sentenceSize": 73
            },
            {
                "sentenceNo": 6,
                "sentenceContent": "앞서 강주은은 “부서진 갈비뼈 4에다 쇄골, 그리고 폐 부분 절단 등 4시간 가까운 대단한 수술후, 많은 분들의 응원과 기도로 우리민수가 더욱더 빨리 회복하게됐다”며 “대단한 치료자들의 기적의 의술을 듬뿍 받고 갑니다”라고 전했었다.",
                "sentenceSize": 130
            },
            {
                "sentenceNo": 7,
                "sentenceContent": "SNS 등에 공개된 사진들에 따르면 최민수는 춤을 출 수 있을 정도로 건강이 호전된 것으로 보인다.",
                "sentenceSize": 55
            }
        ]
    },
    "labeledDataInfo": {
        "processSentenceInfo": [
            {
                "sentenceNo": 1,
                "sentenceContent": "배우 최민수의 교통사고 후 근황이 전해졌다.",
                "subjectConsistencyYn": "Y"
            },
            {
                "sentenceNo": 2,
                "sentenceContent": "최민수의 아내 강주은이 지난 27일 SNS를 통해 최민수 사진을 공개했다.",
                "subjectConsistencyYn": "Y"
            },
            {
                "sentenceNo": 3,
                "sentenceContent": "사진 속에는 얼마 전 사고로 수술까지 받은 것으로 알려진 최민수의 밝은 모습이 담겼다.",
                "subjectConsistencyYn": "Y"
            },
            {
                "sentenceNo": 4,
                "sentenceContent": "최민수는 반려견과 함께 평안한 시간을 보내고 있다.",
                "subjectConsistencyYn": "Y"
            },
            {
                "sentenceNo": 5,
                "sentenceContent": "최민수는 지난달 4일 서울 용산구 이태원동에서 오토바이를 타고 가던 중 승용차 운전자와 동시에 앞 차를 추월하려다 사고를 당했었다.",
                "subjectConsistencyYn": "Y"
            },
            {
                "sentenceNo": 6,
                "sentenceContent": "앞서 강주은은 “부서진 갈비뼈 4에다 쇄골, 그리고 폐 부분 절단 등 4시간 가까운 대단한 수술후, 많은 분들의 응원과 기도로 우리민수가 더욱더 빨리 회복하게됐다”며 “대단한 치료자들의 기적의 의술을 듬뿍 받고 갑니다”라고 전했었다.",
                "subjectConsistencyYn": "Y"
            },
            {
                "sentenceNo": 7,
                "sentenceContent": "SNS 등에 공개된 사진들에 따르면 최민수는 춤을 출 수 있을 정도로 건강이 호전된 것으로 보인다.",
                "subjectConsistencyYn": "Y"
            },
            {
                "sentenceNo": 8,
                "sentenceContent": "SNS를 통해 최민수의 교통사고 후 근황을 올린 부인 강주은은 얼마 전 한 방송에서 한국에서 경험한 각종 에피소드를 대방출해 이목을 집중시켰다.",
                "subjectConsistencyYn": "N"
            },
            {
                "sentenceNo": 9,
                "sentenceContent": "강주은은 “곱창을 처음 먹는 데 17년이 걸렸다\"라면서 \"미더덕은 아직도 어렵다”라며 “미더덕을 자세히 보면 에일리언 알처럼 생겼다”라고 묘사해 모두를 폭소케 했다.",
                "subjectConsistencyYn": "N"
            }
        ],
        "clickbaitClass": 0
    }
}