{
    "sourceDataInfo": {
        "newsID": "ET_M13_629626",
        "newsCategory": "연예",
        "newsSubcategory": "연예일반",
        "newsTitle": "워너원, 27일 ‘Beautiful Part 3’ 음원 발매…11인 완전체 버전 완성",
        "newsSubTitle": "",
        "newsContent": "아이돌그룹 워너원(Wanna One)이 팬들을 위해 특별한 완전체 음원 선물을 준비했다.\n워너원은 오는 27일 각종 온라인 음원 사이트를 통해 11명 멤버 모두가 참여한 ‘Beautiful Part 3 (뷰티풀 파트 3)’를 발매한다. ‘Beautiful Part 3’는 지난달 11일 진행된 ‘2021 MAMA (엠넷 아시안 뮤직 어워즈)’에서 다시 뭉친 워너원이 새롭게 선보인 곡이다.\n2017년 프리퀄 리패키지 앨범 타이틀곡 ‘Beautiful’, 2018년 첫 정규앨범 수록곡 ‘Beautiful (Part ll)’에 이은 ‘Beautiful’ 시리즈의 완결판이기도 하다. ‘2021 MAMA’ 무대 후 ‘Beautiful Part 3’와 관련해 지속적인 논의가 있었고, 워너원은 팬들이 보내준 사랑과 응원에 보답하고자 정식 음원 발매를 결정했다.\n음원 버전 ‘Beautiful Part 3’에는 ‘2021 MAMA’ 무대 당시 아쉽게 불참했던 라이관린의 목소리도 함께 담겨 더욱 뜻깊다. 라이관린은 최근 중국에서 원격으로 녹음을 마쳤고, 이에 워너원 멤버 11명 모두가 참여한 ‘Beautiful Part 3’가 완성됐다.\n2019년 1월 27일 고척 스카이돔에서의 콘서트를 끝으로 공식적인 활동을 종료했던 워너원은 정확히 3년 만인 오는 27일에 맞춰 ‘Beautiful Part 3’ 음원을 발표한다.\n이는 워너원과 워너블이 마지막으로 만났던 날을 행복하게 기억하길 바라는 마음을 담은 것으로 팬들을 향한 워너원의 진심을 느낄 수 있다.\n워너원의 ‘Beautiful Part 3’는 오는 27일 오후 6시 각종 온라인 음원 사이트를 통해 발매된다.",
        "partNum": "P2",
        "useType": 0,
        "processType": "D",
        "processPattern": "24",
        "processLevel": "상",
        "sentenceCount": 7,
        "processSentencenum": 2,
        "sentenceInfo": [
            {
                "sentenceNo": 1,
                "sentenceContent": "아이돌그룹 워너원(Wanna One)이 팬들을 위해 특별한 완전체 음원 선물을 준비했다.",
                "sentenceSize": 49
            },
            {
                "sentenceNo": 2,
                "sentenceContent": "워너원은 오는 27일 각종 온라인 음원 사이트를 통해 11명 멤버 모두가 참여한 ‘Beautiful Part 3 (뷰티풀 파트 3)’를 발매한다. ‘Beautiful Part 3’는 지난달 11일 진행된 ‘2021 MAMA (엠넷 아시안 뮤직 어워즈)’에서 다시 뭉친 워너원이 새롭게 선보인 곡이다.",
                "sentenceSize": 167
            },
            {
                "sentenceNo": 3,
                "sentenceContent": "2017년 프리퀄 리패키지 앨범 타이틀곡 ‘Beautiful’, 2018년 첫 정규앨범 수록곡 ‘Beautiful (Part ll)’에 이은 ‘Beautiful’ 시리즈의 완결판이기도 하다. ‘2021 MAMA’ 무대 후 ‘Beautiful Part 3’와 관련해 지속적인 논의가 있었고, 워너원은 팬들이 보내준 사랑과 응원에 보답하고자 정식 음원 발매를 결정했다.",
                "sentenceSize": 204
            },
            {
                "sentenceNo": 4,
                "sentenceContent": "음원 버전 ‘Beautiful Part 3’에는 ‘2021 MAMA’ 무대 당시 아쉽게 불참했던 라이관린의 목소리도 함께 담겨 더욱 뜻깊다. 라이관린은 최근 중국에서 원격으로 녹음을 마쳤고, 이에 워너원 멤버 11명 모두가 참여한 ‘Beautiful Part 3’가 완성됐다.",
                "sentenceSize": 154
            },
            {
                "sentenceNo": 5,
                "sentenceContent": "2019년 1월 27일 고척 스카이돔에서의 콘서트를 끝으로 공식적인 활동을 종료했던 워너원은 정확히 3년 만인 오는 27일에 맞춰 ‘Beautiful Part 3’ 음원을 발표한다.",
                "sentenceSize": 101
            },
            {
                "sentenceNo": 6,
                "sentenceContent": "이는 워너원과 워너블이 마지막으로 만났던 날을 행복하게 기억하길 바라는 마음을 담은 것으로 팬들을 향한 워너원의 진심을 느낄 수 있다.",
                "sentenceSize": 75
            },
            {
                "sentenceNo": 7,
                "sentenceContent": "워너원의 ‘Beautiful Part 3’는 오는 27일 오후 6시 각종 온라인 음원 사이트를 통해 발매된다.",
                "sentenceSize": 61
            }
        ]
    },
    "labeledDataInfo": {
        "processSentenceInfo": [
            {
                "sentenceNo": 1,
                "sentenceContent": "아이돌그룹 워너원(Wanna One)이 팬들을 위해 특별한 완전체 음원 선물을 준비했다.",
                "subjectConsistencyYn": "Y"
            },
            {
                "sentenceNo": 2,
                "sentenceContent": "워너원은 오는 27일 각종 온라인 음원 사이트를 통해 11명 멤버 모두가 참여한 ‘Beautiful Part 3 (뷰티풀 파트 3)’를 발매한다. ‘Beautiful Part 3’는 지난달 11일 진행된 ‘2021 MAMA (엠넷 아시안 뮤직 어워즈)’에서 다시 뭉친 워너원이 새롭게 선보인 곡이다.",
                "subjectConsistencyYn": "Y"
            },
            {
                "sentenceNo": 3,
                "sentenceContent": "2017년 프리퀄 리패키지 앨범 타이틀곡 ‘Beautiful’, 2018년 첫 정규앨범 수록곡 ‘Beautiful (Part ll)’에 이은 ‘Beautiful’ 시리즈의 완결판이기도 하다. ‘2021 MAMA’ 무대 후 ‘Beautiful Part 3’와 관련해 지속적인 논의가 있었고, 워너원은 팬들이 보내준 사랑과 응원에 보답하고자 정식 음원 발매를 결정했다.",
                "subjectConsistencyYn": "Y"
            },
            {
                "sentenceNo": 4,
                "sentenceContent": "음원 버전 ‘Beautiful Part 3’에는 ‘2021 MAMA’ 무대 당시 아쉽게 불참했던 라이관린의 목소리도 함께 담겨 더욱 뜻깊다. 라이관린은 최근 중국에서 원격으로 녹음을 마쳤고, 이에 워너원 멤버 11명 모두가 참여한 ‘Beautiful Part 3’가 완성됐다.",
                "subjectConsistencyYn": "Y"
            },
            {
                "sentenceNo": 5,
                "sentenceContent": "2019년 1월 27일 고척 스카이돔에서의 콘서트를 끝으로 공식적인 활동을 종료했던 워너원은 정확히 3년 만인 오는 27일에 맞춰 ‘Beautiful Part 3’ 음원을 발표한다.",
                "subjectConsistencyYn": "Y"
            },
            {
                "sentenceNo": 6,
                "sentenceContent": "이는 워너원과 워너블이 마지막으로 만났던 날을 행복하게 기억하길 바라는 마음을 담은 것으로 팬들을 향한 워너원의 진심을 느낄 수 있다.",
                "subjectConsistencyYn": "Y"
            },
            {
                "sentenceNo": 7,
                "sentenceContent": "워너원의 ‘Beautiful Part 3’는 오는 27일 오후 6시 각종 온라인 음원 사이트를 통해 발매된다.",
                "subjectConsistencyYn": "Y"
            },
            {
                "sentenceNo": 8,
                "sentenceContent": "11인 완전체로 ‘Beautiful Part 3’ 음원을 발매한 워너원의 강다니엘이 보이그룹 개인 브랜드평판 3위에 올랐다.",
                "subjectConsistencyYn": "N"
            },
            {
                "sentenceNo": 9,
                "sentenceContent": "2022년 11월 빅데이터 분석 결과 1위 방탄소년단 진, 2위 방탄소년단 지민, 3위 워너원 강다니엘 순으로 분석됐다.",
                "subjectConsistencyYn": "N"
            }
        ],
        "clickbaitClass": 0
    }
}