{
    "sourceDataInfo": {
        "newsID": "ET_M13_629442",
        "newsCategory": "연예",
        "newsSubcategory": "연예일반",
        "newsTitle": "상표 도용, 연예인 사진광고 무단 사용한 쇼핑몰 업자 벌금형",
        "newsSubTitle": "",
        "newsContent": "유명 상표를 부착한 가짜 의류를 판매하는 게시물을 온라인쇼핑몰에 올린 혐의 등으로 40대가 벌금형을 선고받았다.\n울산지법 형사9단독 정제민 판사는 상표법과 저작권법 위반 등 혐의로 재판에 넘겨진 A씨에게 벌금 500만원을 선고했다고 30일 밝혔다.\nA씨는 지난해 1월 인터넷 쇼핑몰에 유명 의류 상표를 부착한 위조 티셔츠를 판매하는 글 19개를 게시해 상표권을 침해한 혐의로 기소됐다.\nA씨는 또 안경테를 팔면서 인기 연예인 사진 광고물을 무단으로 사용하거나, 다른 업체가 사용권을 보유하고 있는 상표를 부착한 골프 모자나 토시 등을 판다는 광고를 게시한 혐의로도 기소됐다.\nA씨는 재판에서 “중국 온라인쇼핑몰에 등록된 상품정보를 자동 등록하는 방법으로 국내에서 쇼핑몰을 운영·관리했는데, 그 과정에서 등록된 수천 개의 상품정보를 일일이 확인하지 않았기에 상표법이나 저작권법 위반 행위에 대한 고의가 없었다”고 주장했다.\n재판부는 “피고인이 판매를 위해 게시한 제품이 모두 가짜이고 연예인 모델 사진은 무단 복제한 것인 점, 중국 쇼핑몰에서 가짜 제품 판매가 빈번하게 이뤄진 사실을 알았을 것으로 보이는 점 등을 고려할 때 적어도 미필적으로나마 고의가 있었다고 보는 것이 타당하다”고 판단했다.\n또 “다수 피해자의 권리가 침해됐음에도 피고인은 납득하기 어려운 변명으로 일관하며 범행을 부인하고 있다”라면서 “다만 범행 경위에 참작할 사정이 있는 점, 실제로 판매된 상품이 거의 없이 이익은 상당히 경미한 것으로 보이는 점 등을 고려했다”고 양형 이유를 밝혔다.",
        "partNum": "P2",
        "useType": 0,
        "processType": "D",
        "processPattern": "24",
        "processLevel": "상",
        "sentenceCount": 7,
        "processSentencenum": 2,
        "sentenceInfo": [
            {
                "sentenceNo": 1,
                "sentenceContent": "유명 상표를 부착한 가짜 의류를 판매하는 게시물을 온라인쇼핑몰에 올린 혐의 등으로 40대가 벌금형을 선고받았다.",
                "sentenceSize": 62
            },
            {
                "sentenceNo": 2,
                "sentenceContent": "울산지법 형사9단독 정제민 판사는 상표법과 저작권법 위반 등 혐의로 재판에 넘겨진 A씨에게 벌금 500만원을 선고했다고 30일 밝혔다.",
                "sentenceSize": 75
            },
            {
                "sentenceNo": 3,
                "sentenceContent": "A씨는 지난해 1월 인터넷 쇼핑몰에 유명 의류 상표를 부착한 위조 티셔츠를 판매하는 글 19개를 게시해 상표권을 침해한 혐의로 기소됐다.",
                "sentenceSize": 76
            },
            {
                "sentenceNo": 4,
                "sentenceContent": "A씨는 또 안경테를 팔면서 인기 연예인 사진 광고물을 무단으로 사용하거나, 다른 업체가 사용권을 보유하고 있는 상표를 부착한 골프 모자나 토시 등을 판다는 광고를 게시한 혐의로도 기소됐다.",
                "sentenceSize": 105
            },
            {
                "sentenceNo": 5,
                "sentenceContent": "A씨는 재판에서 “중국 온라인쇼핑몰에 등록된 상품정보를 자동 등록하는 방법으로 국내에서 쇼핑몰을 운영·관리했는데, 그 과정에서 등록된 수천 개의 상품정보를 일일이 확인하지 않았기에 상표법이나 저작권법 위반 행위에 대한 고의가 없었다”고 주장했다.",
                "sentenceSize": 137
            },
            {
                "sentenceNo": 6,
                "sentenceContent": "재판부는 “피고인이 판매를 위해 게시한 제품이 모두 가짜이고 연예인 모델 사진은 무단 복제한 것인 점, 중국 쇼핑몰에서 가짜 제품 판매가 빈번하게 이뤄진 사실을 알았을 것으로 보이는 점 등을 고려할 때 적어도 미필적으로나마 고의가 있었다고 보는 것이 타당하다”고 판단했다.",
                "sentenceSize": 152
            },
            {
                "sentenceNo": 7,
                "sentenceContent": "또 “다수 피해자의 권리가 침해됐음에도 피고인은 납득하기 어려운 변명으로 일관하며 범행을 부인하고 있다”라면서 “다만 범행 경위에 참작할 사정이 있는 점, 실제로 판매된 상품이 거의 없이 이익은 상당히 경미한 것으로 보이는 점 등을 고려했다”고 양형 이유를 밝혔다.",
                "sentenceSize": 148
            }
        ]
    },
    "labeledDataInfo": {
        "processSentenceInfo": [
            {
                "sentenceNo": 1,
                "sentenceContent": "유명 상표를 부착한 가짜 의류를 판매하는 게시물을 온라인쇼핑몰에 올린 혐의 등으로 40대가 벌금형을 선고받았다.",
                "subjectConsistencyYn": "Y"
            },
            {
                "sentenceNo": 2,
                "sentenceContent": "울산지법 형사9단독 정제민 판사는 상표법과 저작권법 위반 등 혐의로 재판에 넘겨진 A씨에게 벌금 500만원을 선고했다고 30일 밝혔다.",
                "subjectConsistencyYn": "Y"
            },
            {
                "sentenceNo": 3,
                "sentenceContent": "A씨는 지난해 1월 인터넷 쇼핑몰에 유명 의류 상표를 부착한 위조 티셔츠를 판매하는 글 19개를 게시해 상표권을 침해한 혐의로 기소됐다.",
                "subjectConsistencyYn": "Y"
            },
            {
                "sentenceNo": 4,
                "sentenceContent": "A씨는 또 안경테를 팔면서 인기 연예인 사진 광고물을 무단으로 사용하거나, 다른 업체가 사용권을 보유하고 있는 상표를 부착한 골프 모자나 토시 등을 판다는 광고를 게시한 혐의로도 기소됐다.",
                "subjectConsistencyYn": "Y"
            },
            {
                "sentenceNo": 5,
                "sentenceContent": "A씨는 재판에서 “중국 온라인쇼핑몰에 등록된 상품정보를 자동 등록하는 방법으로 국내에서 쇼핑몰을 운영·관리했는데, 그 과정에서 등록된 수천 개의 상품정보를 일일이 확인하지 않았기에 상표법이나 저작권법 위반 행위에 대한 고의가 없었다”고 주장했다.",
                "subjectConsistencyYn": "Y"
            },
            {
                "sentenceNo": 6,
                "sentenceContent": "재판부는 “피고인이 판매를 위해 게시한 제품이 모두 가짜이고 연예인 모델 사진은 무단 복제한 것인 점, 중국 쇼핑몰에서 가짜 제품 판매가 빈번하게 이뤄진 사실을 알았을 것으로 보이는 점 등을 고려할 때 적어도 미필적으로나마 고의가 있었다고 보는 것이 타당하다”고 판단했다.",
                "subjectConsistencyYn": "Y"
            },
            {
                "sentenceNo": 7,
                "sentenceContent": "또 “다수 피해자의 권리가 침해됐음에도 피고인은 납득하기 어려운 변명으로 일관하며 범행을 부인하고 있다”라면서 “다만 범행 경위에 참작할 사정이 있는 점, 실제로 판매된 상품이 거의 없이 이익은 상당히 경미한 것으로 보이는 점 등을 고려했다”고 양형 이유를 밝혔다.",
                "subjectConsistencyYn": "Y"
            },
            {
                "sentenceNo": 8,
                "sentenceContent": "유명 상표를 부착한 가짜 의류를 판매한 혐의로 40대가 벌금형을 선고받은 가운데, 외국 유명 상표의 신발 등을 판매한다고 속여 30명에게 돈을 뜯어낸 20대에게 법원이 실형을 선고했다.",
                "subjectConsistencyYn": "N"
            },
            {
                "sentenceNo": 9,
                "sentenceContent": "용의자는 올해 3월 인터넷 중고물품 거래사이트 등에 유명 신발이나 노트북 등을 판다는 글을 올려 피해자 30명가량으로부터 1800여만 원을 가로챈 혐의로 기소됐다.",
                "subjectConsistencyYn": "N"
            }
        ],
        "clickbaitClass": 0
    }
}