{
    "sourceDataInfo": {
        "newsID": "ET_M13_629456",
        "newsCategory": "연예",
        "newsSubcategory": "방송",
        "newsTitle": "송경아 “CEO 남편이 첫사랑” (국민영수증)",
        "newsSubTitle": "",
        "newsContent": "‘국민 영수증’ 송경아가 ‘투자의 귀재’ 타이틀을 획득했다.\n지난달 31일 밤 9시 10분 방송된 KBS Joy 예능 프로그램 ‘국민 영수증’ 17회에서는 모델 송경아의 영수증을 분석하는 3MC 송은이, 김숙, 박영진의 모습이 전파를 탔다.\n이날 송경아는 “세계적인 톱모델이자 취미 부자다”라는 3MC의 소개로 등장했다.\n최근 개인 방송으로 화제를 모은 그는 “시작한지 2개월도 안 됐는데 재밌어서 푹 빠졌다. 생활이나 인테리어와 관련된 주제가 많다”라고 설명하며 ‘송경아 타일’을 공개해 흥미를 높였다.\n송경아는 “내 손으로 직접 꾸민 작은 부티크 호텔을 갖고 싶다”라는 목표와 함께 금손 능력을 뽐냈고, 박영진이 “재능이 곧 소비다”라고 경계하자 “이걸로 광고, 화보를 찍었고 책까지 써서 수입이 더 많아졌다”라고 반박해 부러움을 샀다.\n또 그는 9년 열애 끝에 결혼한 CEO 남편에 대해 “저만 (남편이) 첫사랑이다. 제가 뉴욕에서 2년, 남편이 싱가포르에서 4년을 지내서 애틋한 마음에 잘 이어온 것 같다”라고 애정을 드러내는가 하면, 톱모델 비주얼을 자랑하는 딸에 대해 “상체는 남편을, 하체는 저를 닮았다. 딸의 키가 평균보다 조금 큰 편이다”라고 이야기해 이목을 집중시켰다.\n이 외에도 22세에 삼성동에 위치한 빌라로 첫 집을 마련하거나 적금, 예금을 3개 이상 가지고 있다고 밝혀 ‘투자의 귀재’라는 타이틀을 획득한 송경아. 하지만 쇼핑에서만큼은 양보가 없는 그는 “‘국민 영수증’ 출연을 위해 소비자가가 100만원이 넘는 옷을 직구로 구매했다”라고 털어놔 “방금 부티크 호텔의 방이 하나 없어졌다”라는 3MC의 경고를 받았다.\n그런가 하면, 이날의 주인공인 의뢰인은 “현재 공기업 취준생이다. 4년 안에 신혼집 마련을 위해 1억 8천만원을 모아야 한다”라는 목표를 밝혔다.\n하지만 그는 남자친구와의 1주년을 위해 D-day를 세어가며 파티를 준비했고, 자신의 실업급여보다 많은 비용을 사용해 “1주년 D-day가 아니라 신혼집 입주일인 D-1174를 챙겨야 한다”라는 박영진의 깔깔이 조언을 들었다.\n한편 ‘국민 영수증’은 매주 금요일 밤 9시 10분 KBS Joy를 통해 방송된다.\nKBS Joy는 Skylife 1번, SK Btv 80번, LG U+tv 1번, KT olleh tv 41번 그리고 넷플릭스, KBS 모바일 앱 ‘my K’에서 시청할 수 있으며, 지역별 케이블 채널 번호는 KBS N 홈페이지에서 확인 가능하다. ‘국민 영수증’의 더 많은 영상은 주요 온라인 채널(유튜브, 페이스북 등) 및 포털 사이트에서도 찾아볼 수 있다.",
        "partNum": "P2",
        "useType": 0,
        "processType": "D",
        "processPattern": "24",
        "processLevel": "상",
        "sentenceCount": 11,
        "processSentencenum": 2,
        "sentenceInfo": [
            {
                "sentenceNo": 1,
                "sentenceContent": "‘국민 영수증’ 송경아가 ‘투자의 귀재’ 타이틀을 획득했다.",
                "sentenceSize": 33
            },
            {
                "sentenceNo": 2,
                "sentenceContent": "지난달 31일 밤 9시 10분 방송된 KBS Joy 예능 프로그램 ‘국민 영수증’ 17회에서는 모델 송경아의 영수증을 분석하는 3MC 송은이, 김숙, 박영진의 모습이 전파를 탔다.",
                "sentenceSize": 100
            },
            {
                "sentenceNo": 3,
                "sentenceContent": "이날 송경아는 “세계적인 톱모델이자 취미 부자다”라는 3MC의 소개로 등장했다.",
                "sentenceSize": 44
            },
            {
                "sentenceNo": 4,
                "sentenceContent": "최근 개인 방송으로 화제를 모은 그는 “시작한지 2개월도 안 됐는데 재밌어서 푹 빠졌다. 생활이나 인테리어와 관련된 주제가 많다”라고 설명하며 ‘송경아 타일’을 공개해 흥미를 높였다.",
                "sentenceSize": 102
            },
            {
                "sentenceNo": 5,
                "sentenceContent": "송경아는 “내 손으로 직접 꾸민 작은 부티크 호텔을 갖고 싶다”라는 목표와 함께 금손 능력을 뽐냈고, 박영진이 “재능이 곧 소비다”라고 경계하자 “이걸로 광고, 화보를 찍었고 책까지 써서 수입이 더 많아졌다”라고 반박해 부러움을 샀다.",
                "sentenceSize": 131
            },
            {
                "sentenceNo": 6,
                "sentenceContent": "또 그는 9년 열애 끝에 결혼한 CEO 남편에 대해 “저만 (남편이) 첫사랑이다. 제가 뉴욕에서 2년, 남편이 싱가포르에서 4년을 지내서 애틋한 마음에 잘 이어온 것 같다”라고 애정을 드러내는가 하면, 톱모델 비주얼을 자랑하는 딸에 대해 “상체는 남편을, 하체는 저를 닮았다. 딸의 키가 평균보다 조금 큰 편이다”라고 이야기해 이목을 집중시켰다.",
                "sentenceSize": 193
            },
            {
                "sentenceNo": 7,
                "sentenceContent": "이 외에도 22세에 삼성동에 위치한 빌라로 첫 집을 마련하거나 적금, 예금을 3개 이상 가지고 있다고 밝혀 ‘투자의 귀재’라는 타이틀을 획득한 송경아. 하지만 쇼핑에서만큼은 양보가 없는 그는 “‘국민 영수증’ 출연을 위해 소비자가가 100만원이 넘는 옷을 직구로 구매했다”라고 털어놔 “방금 부티크 호텔의 방이 하나 없어졌다”라는 3MC의 경고를 받았다.",
                "sentenceSize": 198
            },
            {
                "sentenceNo": 8,
                "sentenceContent": "그런가 하면, 이날의 주인공인 의뢰인은 “현재 공기업 취준생이다. 4년 안에 신혼집 마련을 위해 1억 8천만원을 모아야 한다”라는 목표를 밝혔다.",
                "sentenceSize": 81
            },
            {
                "sentenceNo": 9,
                "sentenceContent": "하지만 그는 남자친구와의 1주년을 위해 D-day를 세어가며 파티를 준비했고, 자신의 실업급여보다 많은 비용을 사용해 “1주년 D-day가 아니라 신혼집 입주일인 D-1174를 챙겨야 한다”라는 박영진의 깔깔이 조언을 들었다.",
                "sentenceSize": 126
            },
            {
                "sentenceNo": 10,
                "sentenceContent": "한편 ‘국민 영수증’은 매주 금요일 밤 9시 10분 KBS Joy를 통해 방송된다.",
                "sentenceSize": 46
            },
            {
                "sentenceNo": 11,
                "sentenceContent": "KBS Joy는 Skylife 1번, SK Btv 80번, LG U+tv 1번, KT olleh tv 41번 그리고 넷플릭스, KBS 모바일 앱 ‘my K’에서 시청할 수 있으며, 지역별 케이블 채널 번호는 KBS N 홈페이지에서 확인 가능하다. ‘국민 영수증’의 더 많은 영상은 주요 온라인 채널(유튜브, 페이스북 등) 및 포털 사이트에서도 찾아볼 수 있다.",
                "sentenceSize": 201
            }
        ]
    },
    "labeledDataInfo": {
        "processSentenceInfo": [
            {
                "sentenceNo": 1,
                "sentenceContent": "‘국민 영수증’ 송경아가 ‘투자의 귀재’ 타이틀을 획득했다.",
                "subjectConsistencyYn": "Y"
            },
            {
                "sentenceNo": 2,
                "sentenceContent": "지난달 31일 밤 9시 10분 방송된 KBS Joy 예능 프로그램 ‘국민 영수증’ 17회에서는 모델 송경아의 영수증을 분석하는 3MC 송은이, 김숙, 박영진의 모습이 전파를 탔다.",
                "subjectConsistencyYn": "Y"
            },
            {
                "sentenceNo": 3,
                "sentenceContent": "이날 송경아는 “세계적인 톱모델이자 취미 부자다”라는 3MC의 소개로 등장했다.",
                "subjectConsistencyYn": "Y"
            },
            {
                "sentenceNo": 4,
                "sentenceContent": "최근 개인 방송으로 화제를 모은 그는 “시작한지 2개월도 안 됐는데 재밌어서 푹 빠졌다. 생활이나 인테리어와 관련된 주제가 많다”라고 설명하며 ‘송경아 타일’을 공개해 흥미를 높였다.",
                "subjectConsistencyYn": "Y"
            },
            {
                "sentenceNo": 5,
                "sentenceContent": "송경아는 “내 손으로 직접 꾸민 작은 부티크 호텔을 갖고 싶다”라는 목표와 함께 금손 능력을 뽐냈고, 박영진이 “재능이 곧 소비다”라고 경계하자 “이걸로 광고, 화보를 찍었고 책까지 써서 수입이 더 많아졌다”라고 반박해 부러움을 샀다.",
                "subjectConsistencyYn": "Y"
            },
            {
                "sentenceNo": 6,
                "sentenceContent": "또 그는 9년 열애 끝에 결혼한 CEO 남편에 대해 “저만 (남편이) 첫사랑이다. 제가 뉴욕에서 2년, 남편이 싱가포르에서 4년을 지내서 애틋한 마음에 잘 이어온 것 같다”라고 애정을 드러내는가 하면, 톱모델 비주얼을 자랑하는 딸에 대해 “상체는 남편을, 하체는 저를 닮았다. 딸의 키가 평균보다 조금 큰 편이다”라고 이야기해 이목을 집중시켰다.",
                "subjectConsistencyYn": "Y"
            },
            {
                "sentenceNo": 7,
                "sentenceContent": "이 외에도 22세에 삼성동에 위치한 빌라로 첫 집을 마련하거나 적금, 예금을 3개 이상 가지고 있다고 밝혀 ‘투자의 귀재’라는 타이틀을 획득한 송경아. 하지만 쇼핑에서만큼은 양보가 없는 그는 “‘국민 영수증’ 출연을 위해 소비자가가 100만원이 넘는 옷을 직구로 구매했다”라고 털어놔 “방금 부티크 호텔의 방이 하나 없어졌다”라는 3MC의 경고를 받았다.",
                "subjectConsistencyYn": "Y"
            },
            {
                "sentenceNo": 8,
                "sentenceContent": "그런가 하면, 이날의 주인공인 의뢰인은 “현재 공기업 취준생이다. 4년 안에 신혼집 마련을 위해 1억 8천만원을 모아야 한다”라는 목표를 밝혔다.",
                "subjectConsistencyYn": "Y"
            },
            {
                "sentenceNo": 9,
                "sentenceContent": "하지만 그는 남자친구와의 1주년을 위해 D-day를 세어가며 파티를 준비했고, 자신의 실업급여보다 많은 비용을 사용해 “1주년 D-day가 아니라 신혼집 입주일인 D-1174를 챙겨야 한다”라는 박영진의 깔깔이 조언을 들었다.",
                "subjectConsistencyYn": "Y"
            },
            {
                "sentenceNo": 10,
                "sentenceContent": "한편 ‘국민 영수증’은 매주 금요일 밤 9시 10분 KBS Joy를 통해 방송된다.",
                "subjectConsistencyYn": "Y"
            },
            {
                "sentenceNo": 11,
                "sentenceContent": "KBS Joy는 Skylife 1번, SK Btv 80번, LG U+tv 1번, KT olleh tv 41번 그리고 넷플릭스, KBS 모바일 앱 ‘my K’에서 시청할 수 있으며, 지역별 케이블 채널 번호는 KBS N 홈페이지에서 확인 가능하다. ‘국민 영수증’의 더 많은 영상은 주요 온라인 채널(유튜브, 페이스북 등) 및 포털 사이트에서도 찾아볼 수 있다.",
                "subjectConsistencyYn": "Y"
            },
            {
                "sentenceNo": 12,
                "sentenceContent": "‘국민 영수증’에서 송경아가 ‘투자의 귀재’ 타이틀을 획득한 가운데, 톱모델다운 자기관리와 완벽한 비키니 자태를 공개했다.",
                "subjectConsistencyYn": "N"
            },
            {
                "sentenceNo": 13,
                "sentenceContent": "딸과 야외 수영장을 찾은 송경아는 비키니 수영복을 입고 당당한 자태를 뽐냈으며, 군살 하나도 없는 탄탄한 보디 라인이 감탄을 자아냈다.",
                "subjectConsistencyYn": "N"
            }
        ],
        "clickbaitClass": 0
    }
}