{
    "sourceDataInfo": {
        "newsID": "ET_M13_629597",
        "newsCategory": "연예",
        "newsSubcategory": "연예일반",
        "newsTitle": "‘깐부 할배’ 오영수의 남다른 어록들",
        "newsSubTitle": "",
        "newsContent": "배우 오영수가 한국 배우 최초로 미국 골든 글로브에서 남우조연상을 수상한 뒤 대중을 향해 “아름다운 삶을 사시길 바란다”는 말을 남겨 뭉클함을 준 가운데, 연륜이 고스란히 묻어나는 그의 과거 말과 행동이 누리꾼 사이에서 다시금 화제를 모으고 있다.\n오영수는 넷플릭스 ‘오징어게임’이 글로벌 신드롬을 일으킨 직후 MBC 예능 프로그램 ‘놀면 뭐하니?’에 출연해 ‘어떻게 살아야 하는지’를 고민하는 이들에게 따뜻한 조언을 건넸다.\n오영수는 “우리 사회가 1등이 아니면 안되는 것처럼 흘러간다. 하지만 2등은 1등에게 졌지만 3등에게는 이겼다. 그런 의미에서 우리는 모두가 승자”라고 말했다.\n54년간 연극 배우로 살아온 그는 “진정한 승자는 자기가 하고 싶은 일에 애를 쓰고 내공을 가지고 어떤 경지에 이르려는 사람”이라며 “그런 사람이 바로 승자”라고 말하며 많은 이들에게 용기를 줬다.\n오영수는 ‘오징어게임 ’6회에서 기훈(이정재)와 구슬치기를 하며 “우린, 깐부잖아”라는 대사로 전세계인에게 울림을 줬다. ‘깐부’는 어린 시절 새끼손가락 마주 걸어 편을 함께하던 짝꿍을 뜻하는 우리말이다.\n당시 ‘K-신파’라는 신조어가 생겼을 정도로 내공을 담은 연기를 펼쳤다.\n이후 그는 ‘깐부 할아버지’라는 별명을 얻었다.\n오영수는 이후 한 매체와의 인터뷰에서 ‘깐부 할아버지’라는 별명이 마음에 드냐는 질문에 “그 별명을 좋아한다”면서 “네 것도 없고, 내 것도 없고, 승자도 없고, 패자도 없는 게 깐부 정신이다. 부모와 자식 간 갈등, 정치적인 갈등, 남녀 갈등, 이런 갈등이 우리 사회에 심각한 것 같다. 이런 문제를 바로잡기 위해서는 어느 때보다 ‘깐부 정신’이 필요하다” 고 말했다.\n오영수는 당시 ‘깐부 치킨’에서 광고 모델 제의를 받았지만 거절했다.\n그는 경향신문과의 인터뷰에서 “ ‘오징어게임’ 에서 사용된 ‘깐부’에는 인간관계에서의 신뢰, 배신 등 중의적 의미가 함축돼있다. 그런데 광고에서 내가 직접 그 단어를 언급하면 작품에서 연기한 장면의 의미가 흐려지지 않을까 우려됐다”고 말했다.\n광고는 거절했지만 야구 시구는 ‘콜’하는 모습을 보여주기도 했다.\n그는 작년 KBO 한국시리즈 1차전 시구자로 나서 백발이 성성한 모습으로 시구를 했다.\n세계적인 신드롬을 일으킨 ‘오징어게임’의 주역인 오영수의 시구는 코로나19로 침체된 프로야구에 큰 힘을 줬다.\n그의 모습은 진정한 ‘깐부’였다.\n오영수는 이후에도 수많은 광고 출연과 방송 활동 제안을 받았지만 모두 거절하고 연극 무대로 돌아갔다.\n한편, 오영수는 9일(현지시간) 미국 LA 비벌리힐스 힐튼 호텔에서 개최된 제79회 골든글로브 시상식에서 TV드라마 남우조연상을 품에 안았다.\n한국인 배우가 골든글로브에서 상을 받은 것은 오영수가 최초다.\n오영수는 넷플릭스 시리즈 ‘오징어 게임’에서 001번 오일남을 연기했다.\n오영수는 ‘더 모닝쇼’의 빌리 크루덥과 마크 듀플라스, ‘석세션’의 키에란 컬킨, ‘테드 래소’의 베릇 골드스타인과 경합했다.",
        "partNum": "P2",
        "useType": 0,
        "processType": "D",
        "processPattern": "24",
        "processLevel": "상",
        "sentenceCount": 19,
        "processSentencenum": 2,
        "sentenceInfo": [
            {
                "sentenceNo": 1,
                "sentenceContent": "배우 오영수가 한국 배우 최초로 미국 골든 글로브에서 남우조연상을 수상한 뒤 대중을 향해 “아름다운 삶을 사시길 바란다”는 말을 남겨 뭉클함을 준 가운데, 연륜이 고스란히 묻어나는 그의 과거 말과 행동이 누리꾼 사이에서 다시금 화제를 모으고 있다.",
                "sentenceSize": 138
            },
            {
                "sentenceNo": 2,
                "sentenceContent": "오영수는 넷플릭스 ‘오징어게임’이 글로벌 신드롬을 일으킨 직후 MBC 예능 프로그램 ‘놀면 뭐하니?’에 출연해 ‘어떻게 살아야 하는지’를 고민하는 이들에게 따뜻한 조언을 건넸다.",
                "sentenceSize": 99
            },
            {
                "sentenceNo": 3,
                "sentenceContent": "오영수는 “우리 사회가 1등이 아니면 안되는 것처럼 흘러간다. 하지만 2등은 1등에게 졌지만 3등에게는 이겼다. 그런 의미에서 우리는 모두가 승자”라고 말했다.",
                "sentenceSize": 89
            },
            {
                "sentenceNo": 4,
                "sentenceContent": "54년간 연극 배우로 살아온 그는 “진정한 승자는 자기가 하고 싶은 일에 애를 쓰고 내공을 가지고 어떤 경지에 이르려는 사람”이라며 “그런 사람이 바로 승자”라고 말하며 많은 이들에게 용기를 줬다.",
                "sentenceSize": 110
            },
            {
                "sentenceNo": 5,
                "sentenceContent": "오영수는 ‘오징어게임 ’6회에서 기훈(이정재)와 구슬치기를 하며 “우린, 깐부잖아”라는 대사로 전세계인에게 울림을 줬다. ‘깐부’는 어린 시절 새끼손가락 마주 걸어 편을 함께하던 짝꿍을 뜻하는 우리말이다.",
                "sentenceSize": 114
            },
            {
                "sentenceNo": 6,
                "sentenceContent": "당시 ‘K-신파’라는 신조어가 생겼을 정도로 내공을 담은 연기를 펼쳤다.",
                "sentenceSize": 40
            },
            {
                "sentenceNo": 7,
                "sentenceContent": "이후 그는 ‘깐부 할아버지’라는 별명을 얻었다.",
                "sentenceSize": 26
            },
            {
                "sentenceNo": 8,
                "sentenceContent": "오영수는 이후 한 매체와의 인터뷰에서 ‘깐부 할아버지’라는 별명이 마음에 드냐는 질문에 “그 별명을 좋아한다”면서 “네 것도 없고, 내 것도 없고, 승자도 없고, 패자도 없는 게 깐부 정신이다. 부모와 자식 간 갈등, 정치적인 갈등, 남녀 갈등, 이런 갈등이 우리 사회에 심각한 것 같다. 이런 문제를 바로잡기 위해서는 어느 때보다 ‘깐부 정신’이 필요하다” 고 말했다.",
                "sentenceSize": 207
            },
            {
                "sentenceNo": 9,
                "sentenceContent": "오영수는 당시 ‘깐부 치킨’에서 광고 모델 제의를 받았지만 거절했다.",
                "sentenceSize": 38
            },
            {
                "sentenceNo": 10,
                "sentenceContent": "그는 경향신문과의 인터뷰에서 “ ‘오징어게임’ 에서 사용된 ‘깐부’에는 인간관계에서의 신뢰, 배신 등 중의적 의미가 함축돼있다. 그런데 광고에서 내가 직접 그 단어를 언급하면 작품에서 연기한 장면의 의미가 흐려지지 않을까 우려됐다”고 말했다.",
                "sentenceSize": 135
            },
            {
                "sentenceNo": 11,
                "sentenceContent": "광고는 거절했지만 야구 시구는 ‘콜’하는 모습을 보여주기도 했다.",
                "sentenceSize": 36
            },
            {
                "sentenceNo": 12,
                "sentenceContent": "그는 작년 KBO 한국시리즈 1차전 시구자로 나서 백발이 성성한 모습으로 시구를 했다.",
                "sentenceSize": 48
            },
            {
                "sentenceNo": 13,
                "sentenceContent": "세계적인 신드롬을 일으킨 ‘오징어게임’의 주역인 오영수의 시구는 코로나19로 침체된 프로야구에 큰 힘을 줬다.",
                "sentenceSize": 61
            },
            {
                "sentenceNo": 14,
                "sentenceContent": "그의 모습은 진정한 ‘깐부’였다.",
                "sentenceSize": 18
            },
            {
                "sentenceNo": 15,
                "sentenceContent": "오영수는 이후에도 수많은 광고 출연과 방송 활동 제안을 받았지만 모두 거절하고 연극 무대로 돌아갔다.",
                "sentenceSize": 56
            },
            {
                "sentenceNo": 16,
                "sentenceContent": "한편, 오영수는 9일(현지시간) 미국 LA 비벌리힐스 힐튼 호텔에서 개최된 제79회 골든글로브 시상식에서 TV드라마 남우조연상을 품에 안았다.",
                "sentenceSize": 79
            },
            {
                "sentenceNo": 17,
                "sentenceContent": "한국인 배우가 골든글로브에서 상을 받은 것은 오영수가 최초다.",
                "sentenceSize": 34
            },
            {
                "sentenceNo": 18,
                "sentenceContent": "오영수는 넷플릭스 시리즈 ‘오징어 게임’에서 001번 오일남을 연기했다.",
                "sentenceSize": 40
            },
            {
                "sentenceNo": 19,
                "sentenceContent": "오영수는 ‘더 모닝쇼’의 빌리 크루덥과 마크 듀플라스, ‘석세션’의 키에란 컬킨, ‘테드 래소’의 베릇 골드스타인과 경합했다.",
                "sentenceSize": 70
            }
        ]
    },
    "labeledDataInfo": {
        "processSentenceInfo": [
            {
                "sentenceNo": 1,
                "sentenceContent": "배우 오영수가 한국 배우 최초로 미국 골든 글로브에서 남우조연상을 수상한 뒤 대중을 향해 “아름다운 삶을 사시길 바란다”는 말을 남겨 뭉클함을 준 가운데, 연륜이 고스란히 묻어나는 그의 과거 말과 행동이 누리꾼 사이에서 다시금 화제를 모으고 있다.",
                "subjectConsistencyYn": "Y"
            },
            {
                "sentenceNo": 2,
                "sentenceContent": "오영수는 넷플릭스 ‘오징어게임’이 글로벌 신드롬을 일으킨 직후 MBC 예능 프로그램 ‘놀면 뭐하니?’에 출연해 ‘어떻게 살아야 하는지’를 고민하는 이들에게 따뜻한 조언을 건넸다.",
                "subjectConsistencyYn": "Y"
            },
            {
                "sentenceNo": 3,
                "sentenceContent": "오영수는 “우리 사회가 1등이 아니면 안되는 것처럼 흘러간다. 하지만 2등은 1등에게 졌지만 3등에게는 이겼다. 그런 의미에서 우리는 모두가 승자”라고 말했다.",
                "subjectConsistencyYn": "Y"
            },
            {
                "sentenceNo": 4,
                "sentenceContent": "54년간 연극 배우로 살아온 그는 “진정한 승자는 자기가 하고 싶은 일에 애를 쓰고 내공을 가지고 어떤 경지에 이르려는 사람”이라며 “그런 사람이 바로 승자”라고 말하며 많은 이들에게 용기를 줬다.",
                "subjectConsistencyYn": "Y"
            },
            {
                "sentenceNo": 5,
                "sentenceContent": "오영수는 ‘오징어게임 ’6회에서 기훈(이정재)와 구슬치기를 하며 “우린, 깐부잖아”라는 대사로 전세계인에게 울림을 줬다. ‘깐부’는 어린 시절 새끼손가락 마주 걸어 편을 함께하던 짝꿍을 뜻하는 우리말이다.",
                "subjectConsistencyYn": "Y"
            },
            {
                "sentenceNo": 6,
                "sentenceContent": "당시 ‘K-신파’라는 신조어가 생겼을 정도로 내공을 담은 연기를 펼쳤다.",
                "subjectConsistencyYn": "Y"
            },
            {
                "sentenceNo": 7,
                "sentenceContent": "이후 그는 ‘깐부 할아버지’라는 별명을 얻었다.",
                "subjectConsistencyYn": "Y"
            },
            {
                "sentenceNo": 8,
                "sentenceContent": "오영수는 이후 한 매체와의 인터뷰에서 ‘깐부 할아버지’라는 별명이 마음에 드냐는 질문에 “그 별명을 좋아한다”면서 “네 것도 없고, 내 것도 없고, 승자도 없고, 패자도 없는 게 깐부 정신이다. 부모와 자식 간 갈등, 정치적인 갈등, 남녀 갈등, 이런 갈등이 우리 사회에 심각한 것 같다. 이런 문제를 바로잡기 위해서는 어느 때보다 ‘깐부 정신’이 필요하다” 고 말했다.",
                "subjectConsistencyYn": "Y"
            },
            {
                "sentenceNo": 9,
                "sentenceContent": "오영수는 당시 ‘깐부 치킨’에서 광고 모델 제의를 받았지만 거절했다.",
                "subjectConsistencyYn": "Y"
            },
            {
                "sentenceNo": 10,
                "sentenceContent": "그는 경향신문과의 인터뷰에서 “ ‘오징어게임’ 에서 사용된 ‘깐부’에는 인간관계에서의 신뢰, 배신 등 중의적 의미가 함축돼있다. 그런데 광고에서 내가 직접 그 단어를 언급하면 작품에서 연기한 장면의 의미가 흐려지지 않을까 우려됐다”고 말했다.",
                "subjectConsistencyYn": "Y"
            },
            {
                "sentenceNo": 11,
                "sentenceContent": "광고는 거절했지만 야구 시구는 ‘콜’하는 모습을 보여주기도 했다.",
                "subjectConsistencyYn": "Y"
            },
            {
                "sentenceNo": 12,
                "sentenceContent": "그는 작년 KBO 한국시리즈 1차전 시구자로 나서 백발이 성성한 모습으로 시구를 했다.",
                "subjectConsistencyYn": "Y"
            },
            {
                "sentenceNo": 13,
                "sentenceContent": "세계적인 신드롬을 일으킨 ‘오징어게임’의 주역인 오영수의 시구는 코로나19로 침체된 프로야구에 큰 힘을 줬다.",
                "subjectConsistencyYn": "Y"
            },
            {
                "sentenceNo": 14,
                "sentenceContent": "그의 모습은 진정한 ‘깐부’였다.",
                "subjectConsistencyYn": "Y"
            },
            {
                "sentenceNo": 15,
                "sentenceContent": "오영수는 이후에도 수많은 광고 출연과 방송 활동 제안을 받았지만 모두 거절하고 연극 무대로 돌아갔다.",
                "subjectConsistencyYn": "Y"
            },
            {
                "sentenceNo": 16,
                "sentenceContent": "한편, 오영수는 9일(현지시간) 미국 LA 비벌리힐스 힐튼 호텔에서 개최된 제79회 골든글로브 시상식에서 TV드라마 남우조연상을 품에 안았다.",
                "subjectConsistencyYn": "Y"
            },
            {
                "sentenceNo": 17,
                "sentenceContent": "한국인 배우가 골든글로브에서 상을 받은 것은 오영수가 최초다.",
                "subjectConsistencyYn": "Y"
            },
            {
                "sentenceNo": 18,
                "sentenceContent": "오영수는 넷플릭스 시리즈 ‘오징어 게임’에서 001번 오일남을 연기했다.",
                "subjectConsistencyYn": "Y"
            },
            {
                "sentenceNo": 19,
                "sentenceContent": "오영수는 ‘더 모닝쇼’의 빌리 크루덥과 마크 듀플라스, ‘석세션’의 키에란 컬킨, ‘테드 래소’의 베릇 골드스타인과 경합했다.",
                "subjectConsistencyYn": "Y"
            },
            {
                "sentenceNo": 20,
                "sentenceContent": "'깐부 할배' 역할로 오징어게임에 출연했던 배우 오영수의 남다른 어록이 화제가 되고 있는 가운데, 배우 오영수를 비롯한 대한민국 시니어 배우들의 활약이 눈부시게 빛나고 있다. ",
                "subjectConsistencyYn": "N"
            },
            {
                "sentenceNo": 21,
                "sentenceContent": "'국민배우'라는 타이틀이 아깝지 않은 배우 이순재와 대한민국을 넘어 전 세계의 관객들에게 한국적인 정서로 감동을 주고 있는 윤여정, 내돈내산 나혼산 라이프를 추구하는 자립심 강한 역할을 맡은 김영옥까지 시니어 배우들의 활약상이 현재도 꾸준히 이어지고 있다.",
                "subjectConsistencyYn": "N"
            }
        ],
        "clickbaitClass": 0
    }
}