{
    "sourceDataInfo": {
        "newsID": "ET_M13_629622",
        "newsCategory": "연예",
        "newsSubcategory": "방송",
        "newsTitle": "JTBC ‘공작도시’ 1-10화 하이라이트 부터 메이킹 영상까지 공개",
        "newsSubTitle": "●팬심 녹이는 드라마틱 비주얼 눈길",
        "newsContent": "매회 휘몰아치는 전개로 남다른 몰입감을 선사하고 있는‘공작도시’에서 1회부터 10회까지의 핵심을 담은 하이라이트 영상(https://now.naver.com/player/13268)을 공개해 시선을 사로잡고 있다.\n지난 주 중반부를 돌아 본격적인 2막 레이스의 시작을 앞둔 JTBC 수목드라마 ‘공작도시’(극본 손세동/ 연출 전창근/ 제작 하이스토리디앤씨, JTBC스튜디오)는 대권을 향한 윤재희(수애 분), 정준혁(김강우 분)의 무한 질주를 속도감 있게 그려내며 흥미를 돋우고 있다.\n그런 가운데 그간 발생했던 사건들을 단숨에 파악할 수 있는 하이라이트 영상을 공개, 이미 ‘공작도시’에 입성한 사람들은 물론 아직 발을 들이지 못한 사람들의 시선을 단숨에 끌어당기며 앞으로 펼쳐질 전개를 더욱 궁금해지게 만들고 있다.\n공개된 영상에서는 남편 정준혁(김강우 분)을 대통령 자리에 앉히기 위한 윤재희(수애 분)의 고군분투가 펼쳐져 눈길을 끈다.\n특히 시어머니 서한숙(김미숙 분)에게서 받아낸 대한민국 인사들의 치부책이 담긴 비밀 서고 열쇠를 완벽히 활용하며 수차례 찾아오는 위기를 깔끔하게 해결해내는 윤재희의 거침없는 행보가 탄성을 자아낸다.\n이에 탁월한 킹메이커 윤재희가 남편 정준혁의 대권가도를 위해 다음에는 어떤 행보를 보여줄지 궁금해지는 상황. 이와 함께 윤재희, 정준혁 부부 사이에 침투한 수상한 도슨트 김이설(이이담 분)의 정체가 한 겹씩 벗겨질 때마다 윤재희에게 닥칠 새로운 위기를 암시하고 있어 폭풍전야같은 세 사람의 관계에도 호기심이 집중되고 있다.\n그런가 하면 긴장감 넘치는 극 중 모습과 달리 웃음이 가득한 메이킹 영상도 함께 공개돼 관심이 집중되고 있다.\n더 좋은 장면을 만들어내기 위해 제작진과 의논을 거듭하는 배우들의 모습은 매회 명장면을 만들어낼 수 있었던 원동력을 짐작케 한다.\n또한 예상을 벗어나는 전개에 대해 이야기를 나누며 웃음꽃을 피우는 수애(윤재희 역)와 이이담(김이설 역)의 알콩달콩한 케미스트리 역시 극 중 캐릭터들의 관계를 연상케 하며 흐뭇함을 안긴다.\n이처럼 대권을 향해 질주하는 윤재희의 행보부터 배우들의 연기 열정이 돋보이는 메이킹까지 알차게 구성된 JTBC 수목드라마 ‘공작도시’의 하이라이트 영상은 오직 네이버를 통해 만나볼 수 있다.\n이제 막 2막에 접어든 JTBC 수목드라마 ‘공작도시’는 매주 수, 목요일 밤 10시 30분에 방송된다.",
        "partNum": "P2",
        "useType": 0,
        "processType": "D",
        "processPattern": "24",
        "processLevel": "상",
        "sentenceCount": 11,
        "processSentencenum": 2,
        "sentenceInfo": [
            {
                "sentenceNo": 1,
                "sentenceContent": "매회 휘몰아치는 전개로 남다른 몰입감을 선사하고 있는‘공작도시’에서 1회부터 10회까지의 핵심을 담은 하이라이트 영상(https://now.naver.com/player/13268)을 공개해 시선을 사로잡고 있다.",
                "sentenceSize": 119
            },
            {
                "sentenceNo": 2,
                "sentenceContent": "지난 주 중반부를 돌아 본격적인 2막 레이스의 시작을 앞둔 JTBC 수목드라마 ‘공작도시’(극본 손세동/ 연출 전창근/ 제작 하이스토리디앤씨, JTBC스튜디오)는 대권을 향한 윤재희(수애 분), 정준혁(김강우 분)의 무한 질주를 속도감 있게 그려내며 흥미를 돋우고 있다.",
                "sentenceSize": 151
            },
            {
                "sentenceNo": 3,
                "sentenceContent": "그런 가운데 그간 발생했던 사건들을 단숨에 파악할 수 있는 하이라이트 영상을 공개, 이미 ‘공작도시’에 입성한 사람들은 물론 아직 발을 들이지 못한 사람들의 시선을 단숨에 끌어당기며 앞으로 펼쳐질 전개를 더욱 궁금해지게 만들고 있다.",
                "sentenceSize": 130
            },
            {
                "sentenceNo": 4,
                "sentenceContent": "공개된 영상에서는 남편 정준혁(김강우 분)을 대통령 자리에 앉히기 위한 윤재희(수애 분)의 고군분투가 펼쳐져 눈길을 끈다.",
                "sentenceSize": 68
            },
            {
                "sentenceNo": 5,
                "sentenceContent": "특히 시어머니 서한숙(김미숙 분)에게서 받아낸 대한민국 인사들의 치부책이 담긴 비밀 서고 열쇠를 완벽히 활용하며 수차례 찾아오는 위기를 깔끔하게 해결해내는 윤재희의 거침없는 행보가 탄성을 자아낸다.",
                "sentenceSize": 110
            },
            {
                "sentenceNo": 6,
                "sentenceContent": "이에 탁월한 킹메이커 윤재희가 남편 정준혁의 대권가도를 위해 다음에는 어떤 행보를 보여줄지 궁금해지는 상황. 이와 함께 윤재희, 정준혁 부부 사이에 침투한 수상한 도슨트 김이설(이이담 분)의 정체가 한 겹씩 벗겨질 때마다 윤재희에게 닥칠 새로운 위기를 암시하고 있어 폭풍전야같은 세 사람의 관계에도 호기심이 집중되고 있다.",
                "sentenceSize": 180
            },
            {
                "sentenceNo": 7,
                "sentenceContent": "그런가 하면 긴장감 넘치는 극 중 모습과 달리 웃음이 가득한 메이킹 영상도 함께 공개돼 관심이 집중되고 있다.",
                "sentenceSize": 61
            },
            {
                "sentenceNo": 8,
                "sentenceContent": "더 좋은 장면을 만들어내기 위해 제작진과 의논을 거듭하는 배우들의 모습은 매회 명장면을 만들어낼 수 있었던 원동력을 짐작케 한다.",
                "sentenceSize": 72
            },
            {
                "sentenceNo": 9,
                "sentenceContent": "또한 예상을 벗어나는 전개에 대해 이야기를 나누며 웃음꽃을 피우는 수애(윤재희 역)와 이이담(김이설 역)의 알콩달콩한 케미스트리 역시 극 중 캐릭터들의 관계를 연상케 하며 흐뭇함을 안긴다.",
                "sentenceSize": 105
            },
            {
                "sentenceNo": 10,
                "sentenceContent": "이처럼 대권을 향해 질주하는 윤재희의 행보부터 배우들의 연기 열정이 돋보이는 메이킹까지 알차게 구성된 JTBC 수목드라마 ‘공작도시’의 하이라이트 영상은 오직 네이버를 통해 만나볼 수 있다.",
                "sentenceSize": 106
            },
            {
                "sentenceNo": 11,
                "sentenceContent": "이제 막 2막에 접어든 JTBC 수목드라마 ‘공작도시’는 매주 수, 목요일 밤 10시 30분에 방송된다.",
                "sentenceSize": 58
            }
        ]
    },
    "labeledDataInfo": {
        "processSentenceInfo": [
            {
                "sentenceNo": 1,
                "sentenceContent": "매회 휘몰아치는 전개로 남다른 몰입감을 선사하고 있는‘공작도시’에서 1회부터 10회까지의 핵심을 담은 하이라이트 영상(https://now.naver.com/player/13268)을 공개해 시선을 사로잡고 있다.",
                "subjectConsistencyYn": "Y"
            },
            {
                "sentenceNo": 2,
                "sentenceContent": "지난 주 중반부를 돌아 본격적인 2막 레이스의 시작을 앞둔 JTBC 수목드라마 ‘공작도시’(극본 손세동/ 연출 전창근/ 제작 하이스토리디앤씨, JTBC스튜디오)는 대권을 향한 윤재희(수애 분), 정준혁(김강우 분)의 무한 질주를 속도감 있게 그려내며 흥미를 돋우고 있다.",
                "subjectConsistencyYn": "Y"
            },
            {
                "sentenceNo": 3,
                "sentenceContent": "그런 가운데 그간 발생했던 사건들을 단숨에 파악할 수 있는 하이라이트 영상을 공개, 이미 ‘공작도시’에 입성한 사람들은 물론 아직 발을 들이지 못한 사람들의 시선을 단숨에 끌어당기며 앞으로 펼쳐질 전개를 더욱 궁금해지게 만들고 있다.",
                "subjectConsistencyYn": "Y"
            },
            {
                "sentenceNo": 4,
                "sentenceContent": "공개된 영상에서는 남편 정준혁(김강우 분)을 대통령 자리에 앉히기 위한 윤재희(수애 분)의 고군분투가 펼쳐져 눈길을 끈다.",
                "subjectConsistencyYn": "Y"
            },
            {
                "sentenceNo": 5,
                "sentenceContent": "특히 시어머니 서한숙(김미숙 분)에게서 받아낸 대한민국 인사들의 치부책이 담긴 비밀 서고 열쇠를 완벽히 활용하며 수차례 찾아오는 위기를 깔끔하게 해결해내는 윤재희의 거침없는 행보가 탄성을 자아낸다.",
                "subjectConsistencyYn": "Y"
            },
            {
                "sentenceNo": 6,
                "sentenceContent": "이에 탁월한 킹메이커 윤재희가 남편 정준혁의 대권가도를 위해 다음에는 어떤 행보를 보여줄지 궁금해지는 상황. 이와 함께 윤재희, 정준혁 부부 사이에 침투한 수상한 도슨트 김이설(이이담 분)의 정체가 한 겹씩 벗겨질 때마다 윤재희에게 닥칠 새로운 위기를 암시하고 있어 폭풍전야같은 세 사람의 관계에도 호기심이 집중되고 있다.",
                "subjectConsistencyYn": "Y"
            },
            {
                "sentenceNo": 7,
                "sentenceContent": "그런가 하면 긴장감 넘치는 극 중 모습과 달리 웃음이 가득한 메이킹 영상도 함께 공개돼 관심이 집중되고 있다.",
                "subjectConsistencyYn": "Y"
            },
            {
                "sentenceNo": 8,
                "sentenceContent": "더 좋은 장면을 만들어내기 위해 제작진과 의논을 거듭하는 배우들의 모습은 매회 명장면을 만들어낼 수 있었던 원동력을 짐작케 한다.",
                "subjectConsistencyYn": "Y"
            },
            {
                "sentenceNo": 9,
                "sentenceContent": "또한 예상을 벗어나는 전개에 대해 이야기를 나누며 웃음꽃을 피우는 수애(윤재희 역)와 이이담(김이설 역)의 알콩달콩한 케미스트리 역시 극 중 캐릭터들의 관계를 연상케 하며 흐뭇함을 안긴다.",
                "subjectConsistencyYn": "Y"
            },
            {
                "sentenceNo": 10,
                "sentenceContent": "이처럼 대권을 향해 질주하는 윤재희의 행보부터 배우들의 연기 열정이 돋보이는 메이킹까지 알차게 구성된 JTBC 수목드라마 ‘공작도시’의 하이라이트 영상은 오직 네이버를 통해 만나볼 수 있다.",
                "subjectConsistencyYn": "Y"
            },
            {
                "sentenceNo": 11,
                "sentenceContent": "이제 막 2막에 접어든 JTBC 수목드라마 ‘공작도시’는 매주 수, 목요일 밤 10시 30분에 방송된다.",
                "subjectConsistencyYn": "Y"
            },
            {
                "sentenceNo": 12,
                "sentenceContent": "JTBC ‘공작도시’가 1-10화 하이라이트부터 메이킹 영상까지 공개한 가운데, 드라마 '공작도시'에 출연했던 중견 배우 염동헌 씨가 2일 밤 별세했다. ",
                "subjectConsistencyYn": "N"
            },
            {
                "sentenceNo": 13,
                "sentenceContent": "소속사 스타빌리지엔터테인먼트는 \"배우 염동헌 씨가 지난 2일 오후 11시 50분경 투병 중 별세했다\"라며 \"연기를 사랑하고 열정적이었던 고인의 모습을 기억하겠다\"라고 3일 밝혔다.",
                "subjectConsistencyYn": "N"
            }
        ],
        "clickbaitClass": 0
    }
}