{
    "sourceDataInfo": {
        "newsID": "ET_M13_629354",
        "newsCategory": "연예",
        "newsSubcategory": "연예일반",
        "newsTitle": "‘크리스마스 이브 보이’ 한승우, 뉴욕 타임스퀘어 생일 광고 등장",
        "newsSubTitle": "",
        "newsContent": "아이돌그룹 빅톤 출신 가수 한승우가 생일을 맞아 미국 뉴욕 타임스퀘어 대형 전광판에 등장했다.\n한승우는 24일 글로벌 케이팝 팬덤 플랫폼 ‘후즈팬(Whosfan)’에 따르면 ‘타임스퀘어에서 생일 축하받을 아이돌은 누구?’ 12월 4주 차 투표에서 1위를 차지했다.\n이에 후즈팬 지원을 통해 뉴욕 타임스퀘어 대형 전광판에 생일 축하 광고가 송출됐다.\n24일 생일을 맞은 한승우는 지난달 29일부터 이달 6일까지 일주일간 진행된 타임스퀘어 광고 투표에서 47.47%의 득표율로 1위를 차지했다.\n이어 아이콘 바비와 더보이즈 에릭이 차례로 2위와 3위에 이름을 올렸다.\n해당 광고는 뉴욕 타임스퀘어 심장부로 알려진 ‘tkts’ 바로 옆 건물, 가로 47m 길이의 대형 전광판에 현지 시각 기준으로, 한승우의 생일 주간인 12월 20일부터 26일까지 일주일간 송출된다.\n후즈팬 측은 22일 오후, 유튜브 ‘후즈팬TV’ 채널을 통해 해당 광고가 송출되고 있는 현지 영상을 공개했다.\n광고는 한승우의 글로벌 팬이 직접 제작한 영상으로 의미를 더했다.\n해당 영상에는 한승우의 눈부신 비주얼과 감탄을 자아내는 퍼포먼스 등 다채로운 매력이 담겨 있어 뜨거운 환호를 이끌어 냈다.\n후즈팬에서는 생일을 맞는 케이팝 아티스트들을 위해 뉴욕 타임스퀘어 대형 전광판 광고 구좌를 놓고 매주 글로벌 팬들의 투표를 진행하고 있다.\n현재는 1월 2주 차에 생일을 맞는 엑소 디오, 블랙핑크 제니, 엑소 카이, 몬스타엑스 형원, 더보이즈 주연, 세븐틴 승관, 트라이비 켈리, 에버글로우 미아, 2PM 준케이, 네이처 오로라, 데이식스 성진, 모모랜드 혜빈, 블리처스 진화, 빌리 수현, 빌리 하람, 온앤오프 제이어스, 위너 이승훈, 위아이 유용하가 후보에 올라 경합을 벌이고 있다.\n해당 투표는 오는 27일 오전 11시에 마감될 예정이다.\n글로벌 케이팝 팬덤 플랫폼 후즈팬은 2020년 5월 22일 공식 론칭 후 글로벌 케이팝 팬덤의 성원 아래에 1년 만에 550만 유저 확보에 성공, 최근에는 630만 유저를 돌파했다.\n현재 후즈팬 앱에서는 글로벌 팬덤이 함께 즐길 수 있는 다양한 이벤트가 펼쳐지고 있다.",
        "partNum": "P2",
        "useType": 0,
        "processType": "D",
        "processPattern": "24",
        "processLevel": "상",
        "sentenceCount": 14,
        "processSentencenum": 2,
        "sentenceInfo": [
            {
                "sentenceNo": 1,
                "sentenceContent": "아이돌그룹 빅톤 출신 가수 한승우가 생일을 맞아 미국 뉴욕 타임스퀘어 대형 전광판에 등장했다.",
                "sentenceSize": 52
            },
            {
                "sentenceNo": 2,
                "sentenceContent": "한승우는 24일 글로벌 케이팝 팬덤 플랫폼 ‘후즈팬(Whosfan)’에 따르면 ‘타임스퀘어에서 생일 축하받을 아이돌은 누구?’ 12월 4주 차 투표에서 1위를 차지했다.",
                "sentenceSize": 94
            },
            {
                "sentenceNo": 3,
                "sentenceContent": "이에 후즈팬 지원을 통해 뉴욕 타임스퀘어 대형 전광판에 생일 축하 광고가 송출됐다.",
                "sentenceSize": 46
            },
            {
                "sentenceNo": 4,
                "sentenceContent": "24일 생일을 맞은 한승우는 지난달 29일부터 이달 6일까지 일주일간 진행된 타임스퀘어 광고 투표에서 47.47%의 득표율로 1위를 차지했다.",
                "sentenceSize": 79
            },
            {
                "sentenceNo": 5,
                "sentenceContent": "이어 아이콘 바비와 더보이즈 에릭이 차례로 2위와 3위에 이름을 올렸다.",
                "sentenceSize": 40
            },
            {
                "sentenceNo": 6,
                "sentenceContent": "해당 광고는 뉴욕 타임스퀘어 심장부로 알려진 ‘tkts’ 바로 옆 건물, 가로 47m 길이의 대형 전광판에 현지 시각 기준으로, 한승우의 생일 주간인 12월 20일부터 26일까지 일주일간 송출된다.",
                "sentenceSize": 110
            },
            {
                "sentenceNo": 7,
                "sentenceContent": "후즈팬 측은 22일 오후, 유튜브 ‘후즈팬TV’ 채널을 통해 해당 광고가 송출되고 있는 현지 영상을 공개했다.",
                "sentenceSize": 61
            },
            {
                "sentenceNo": 8,
                "sentenceContent": "광고는 한승우의 글로벌 팬이 직접 제작한 영상으로 의미를 더했다.",
                "sentenceSize": 36
            },
            {
                "sentenceNo": 9,
                "sentenceContent": "해당 영상에는 한승우의 눈부신 비주얼과 감탄을 자아내는 퍼포먼스 등 다채로운 매력이 담겨 있어 뜨거운 환호를 이끌어 냈다.",
                "sentenceSize": 68
            },
            {
                "sentenceNo": 10,
                "sentenceContent": "후즈팬에서는 생일을 맞는 케이팝 아티스트들을 위해 뉴욕 타임스퀘어 대형 전광판 광고 구좌를 놓고 매주 글로벌 팬들의 투표를 진행하고 있다.",
                "sentenceSize": 77
            },
            {
                "sentenceNo": 11,
                "sentenceContent": "현재는 1월 2주 차에 생일을 맞는 엑소 디오, 블랙핑크 제니, 엑소 카이, 몬스타엑스 형원, 더보이즈 주연, 세븐틴 승관, 트라이비 켈리, 에버글로우 미아, 2PM 준케이, 네이처 오로라, 데이식스 성진, 모모랜드 혜빈, 블리처스 진화, 빌리 수현, 빌리 하람, 온앤오프 제이어스, 위너 이승훈, 위아이 유용하가 후보에 올라 경합을 벌이고 있다.",
                "sentenceSize": 194
            },
            {
                "sentenceNo": 12,
                "sentenceContent": "해당 투표는 오는 27일 오전 11시에 마감될 예정이다.",
                "sentenceSize": 31
            },
            {
                "sentenceNo": 13,
                "sentenceContent": "글로벌 케이팝 팬덤 플랫폼 후즈팬은 2020년 5월 22일 공식 론칭 후 글로벌 케이팝 팬덤의 성원 아래에 1년 만에 550만 유저 확보에 성공, 최근에는 630만 유저를 돌파했다.",
                "sentenceSize": 101
            },
            {
                "sentenceNo": 14,
                "sentenceContent": "현재 후즈팬 앱에서는 글로벌 팬덤이 함께 즐길 수 있는 다양한 이벤트가 펼쳐지고 있다.",
                "sentenceSize": 48
            }
        ]
    },
    "labeledDataInfo": {
        "processSentenceInfo": [
            {
                "sentenceNo": 1,
                "sentenceContent": "아이돌그룹 빅톤 출신 가수 한승우가 생일을 맞아 미국 뉴욕 타임스퀘어 대형 전광판에 등장했다.",
                "subjectConsistencyYn": "Y"
            },
            {
                "sentenceNo": 2,
                "sentenceContent": "한승우는 24일 글로벌 케이팝 팬덤 플랫폼 ‘후즈팬(Whosfan)’에 따르면 ‘타임스퀘어에서 생일 축하받을 아이돌은 누구?’ 12월 4주 차 투표에서 1위를 차지했다.",
                "subjectConsistencyYn": "Y"
            },
            {
                "sentenceNo": 3,
                "sentenceContent": "이에 후즈팬 지원을 통해 뉴욕 타임스퀘어 대형 전광판에 생일 축하 광고가 송출됐다.",
                "subjectConsistencyYn": "Y"
            },
            {
                "sentenceNo": 4,
                "sentenceContent": "24일 생일을 맞은 한승우는 지난달 29일부터 이달 6일까지 일주일간 진행된 타임스퀘어 광고 투표에서 47.47%의 득표율로 1위를 차지했다.",
                "subjectConsistencyYn": "Y"
            },
            {
                "sentenceNo": 5,
                "sentenceContent": "이어 아이콘 바비와 더보이즈 에릭이 차례로 2위와 3위에 이름을 올렸다.",
                "subjectConsistencyYn": "Y"
            },
            {
                "sentenceNo": 6,
                "sentenceContent": "해당 광고는 뉴욕 타임스퀘어 심장부로 알려진 ‘tkts’ 바로 옆 건물, 가로 47m 길이의 대형 전광판에 현지 시각 기준으로, 한승우의 생일 주간인 12월 20일부터 26일까지 일주일간 송출된다.",
                "subjectConsistencyYn": "Y"
            },
            {
                "sentenceNo": 7,
                "sentenceContent": "후즈팬 측은 22일 오후, 유튜브 ‘후즈팬TV’ 채널을 통해 해당 광고가 송출되고 있는 현지 영상을 공개했다.",
                "subjectConsistencyYn": "Y"
            },
            {
                "sentenceNo": 8,
                "sentenceContent": "광고는 한승우의 글로벌 팬이 직접 제작한 영상으로 의미를 더했다.",
                "subjectConsistencyYn": "Y"
            },
            {
                "sentenceNo": 9,
                "sentenceContent": "해당 영상에는 한승우의 눈부신 비주얼과 감탄을 자아내는 퍼포먼스 등 다채로운 매력이 담겨 있어 뜨거운 환호를 이끌어 냈다.",
                "subjectConsistencyYn": "Y"
            },
            {
                "sentenceNo": 10,
                "sentenceContent": "후즈팬에서는 생일을 맞는 케이팝 아티스트들을 위해 뉴욕 타임스퀘어 대형 전광판 광고 구좌를 놓고 매주 글로벌 팬들의 투표를 진행하고 있다.",
                "subjectConsistencyYn": "Y"
            },
            {
                "sentenceNo": 11,
                "sentenceContent": "현재는 1월 2주 차에 생일을 맞는 엑소 디오, 블랙핑크 제니, 엑소 카이, 몬스타엑스 형원, 더보이즈 주연, 세븐틴 승관, 트라이비 켈리, 에버글로우 미아, 2PM 준케이, 네이처 오로라, 데이식스 성진, 모모랜드 혜빈, 블리처스 진화, 빌리 수현, 빌리 하람, 온앤오프 제이어스, 위너 이승훈, 위아이 유용하가 후보에 올라 경합을 벌이고 있다.",
                "subjectConsistencyYn": "Y"
            },
            {
                "sentenceNo": 12,
                "sentenceContent": "해당 투표는 오는 27일 오전 11시에 마감될 예정이다.",
                "subjectConsistencyYn": "Y"
            },
            {
                "sentenceNo": 13,
                "sentenceContent": "글로벌 케이팝 팬덤 플랫폼 후즈팬은 2020년 5월 22일 공식 론칭 후 글로벌 케이팝 팬덤의 성원 아래에 1년 만에 550만 유저 확보에 성공, 최근에는 630만 유저를 돌파했다.",
                "subjectConsistencyYn": "Y"
            },
            {
                "sentenceNo": 14,
                "sentenceContent": "현재 후즈팬 앱에서는 글로벌 팬덤이 함께 즐길 수 있는 다양한 이벤트가 펼쳐지고 있다.",
                "subjectConsistencyYn": "Y"
            },
            {
                "sentenceNo": 15,
                "sentenceContent": "미국 뉴욕 타임스퀘어 전광판에 아이돌그룹 출신 가수 한승우의 생일 축하 광고가 송출돼 관심을 끌고 있는 가운데, 한승우가 그룹 내에서 가장 먼저 군 입대를 하게 된다고 소속사가 밝혔다.",
                "subjectConsistencyYn": "N"
            },
            {
                "sentenceNo": 16,
                "sentenceContent": "걸그룹 출신 연기자 한선화의 동생으로도 알려진 한승우는 내년 하반기에 군 입대 예정으로 당분간은 나머지 6멤버 체제로 그룹 활동을 이어나가게 된다.",
                "subjectConsistencyYn": "N"
            }
        ],
        "clickbaitClass": 0
    }
}