{
    "sourceDataInfo": {
        "newsID": "ET_M13_629187",
        "newsCategory": "연예",
        "newsSubcategory": "연예일반",
        "newsTitle": "에스파, 블랙스완으로 변신",
        "newsSubTitle": "",
        "newsContent": "그룹 에스파가 독보적 매력을 드러냈다.\n패션지 하퍼스 바자는 에스파와 명품 브랜드 지방시와 함께한 2022년 1월호 커버 촬영 일부를 15일 선공개했다.\n이번에 공개된 커버 화보에서 에스파 멤버인 카리나, 지젤, 윈터, 닝닝은 다채로운 매력을 선보였다.\n에스파는 지방시의 앰베서더이기도 하다.\n이들은 지방시 2022년 프리-스프링 컬렉션을 완벽히 소화했다.\n천진난만한 소녀 모습에서 지방시 컬렉션의 배경이 된 열차 트랙과 에스파 세계관에 등장하는 ‘광야’를 향해 떠나는 미래적 콘셉트에 맞춰 특유의 신비로운 아우라를 자아냈다.\n이어진 인터뷰에서 에스파는 “이렇게 많은 사랑을 받아 아직은 얼떨떨하고 많은 분들이 관심 가져주시는 만큼 더 열심히 해서 좋은 모습을 보여드려야 겠다는 생각이 제일 크다”라고 했다.\n또한 에스파의 감정으로 탄탄한 팀워크와 멤버들의 뚜렷한 개성, 안정적인 컨디션 등을 멤버들은 각자 꼽았다.\n에스파 멤버들이 함께한 화보와 인터뷰는 하퍼스 바자 1월호에 실리며 사회관계망서비스(SNS) 및 유튜브에도 공개된다.",
        "partNum": "P2",
        "useType": 0,
        "processType": "D",
        "processPattern": "24",
        "processLevel": "상",
        "sentenceCount": 9,
        "processSentencenum": 2,
        "sentenceInfo": [
            {
                "sentenceNo": 1,
                "sentenceContent": "그룹 에스파가 독보적 매력을 드러냈다.",
                "sentenceSize": 21
            },
            {
                "sentenceNo": 2,
                "sentenceContent": "패션지 하퍼스 바자는 에스파와 명품 브랜드 지방시와 함께한 2022년 1월호 커버 촬영 일부를 15일 선공개했다.",
                "sentenceSize": 63
            },
            {
                "sentenceNo": 3,
                "sentenceContent": "이번에 공개된 커버 화보에서 에스파 멤버인 카리나, 지젤, 윈터, 닝닝은 다채로운 매력을 선보였다.",
                "sentenceSize": 55
            },
            {
                "sentenceNo": 4,
                "sentenceContent": "에스파는 지방시의 앰베서더이기도 하다.",
                "sentenceSize": 21
            },
            {
                "sentenceNo": 5,
                "sentenceContent": "이들은 지방시 2022년 프리-스프링 컬렉션을 완벽히 소화했다.",
                "sentenceSize": 35
            },
            {
                "sentenceNo": 6,
                "sentenceContent": "천진난만한 소녀 모습에서 지방시 컬렉션의 배경이 된 열차 트랙과 에스파 세계관에 등장하는 ‘광야’를 향해 떠나는 미래적 콘셉트에 맞춰 특유의 신비로운 아우라를 자아냈다.",
                "sentenceSize": 94
            },
            {
                "sentenceNo": 7,
                "sentenceContent": "이어진 인터뷰에서 에스파는 “이렇게 많은 사랑을 받아 아직은 얼떨떨하고 많은 분들이 관심 가져주시는 만큼 더 열심히 해서 좋은 모습을 보여드려야 겠다는 생각이 제일 크다”라고 했다.",
                "sentenceSize": 101
            },
            {
                "sentenceNo": 8,
                "sentenceContent": "또한 에스파의 감정으로 탄탄한 팀워크와 멤버들의 뚜렷한 개성, 안정적인 컨디션 등을 멤버들은 각자 꼽았다.",
                "sentenceSize": 59
            },
            {
                "sentenceNo": 9,
                "sentenceContent": "에스파 멤버들이 함께한 화보와 인터뷰는 하퍼스 바자 1월호에 실리며 사회관계망서비스(SNS) 및 유튜브에도 공개된다.",
                "sentenceSize": 65
            }
        ]
    },
    "labeledDataInfo": {
        "processSentenceInfo": [
            {
                "sentenceNo": 1,
                "sentenceContent": "그룹 에스파가 독보적 매력을 드러냈다.",
                "subjectConsistencyYn": "Y"
            },
            {
                "sentenceNo": 2,
                "sentenceContent": "패션지 하퍼스 바자는 에스파와 명품 브랜드 지방시와 함께한 2022년 1월호 커버 촬영 일부를 15일 선공개했다.",
                "subjectConsistencyYn": "Y"
            },
            {
                "sentenceNo": 3,
                "sentenceContent": "이번에 공개된 커버 화보에서 에스파 멤버인 카리나, 지젤, 윈터, 닝닝은 다채로운 매력을 선보였다.",
                "subjectConsistencyYn": "Y"
            },
            {
                "sentenceNo": 4,
                "sentenceContent": "에스파는 지방시의 앰베서더이기도 하다.",
                "subjectConsistencyYn": "Y"
            },
            {
                "sentenceNo": 5,
                "sentenceContent": "이들은 지방시 2022년 프리-스프링 컬렉션을 완벽히 소화했다.",
                "subjectConsistencyYn": "Y"
            },
            {
                "sentenceNo": 6,
                "sentenceContent": "천진난만한 소녀 모습에서 지방시 컬렉션의 배경이 된 열차 트랙과 에스파 세계관에 등장하는 ‘광야’를 향해 떠나는 미래적 콘셉트에 맞춰 특유의 신비로운 아우라를 자아냈다.",
                "subjectConsistencyYn": "Y"
            },
            {
                "sentenceNo": 7,
                "sentenceContent": "이어진 인터뷰에서 에스파는 “이렇게 많은 사랑을 받아 아직은 얼떨떨하고 많은 분들이 관심 가져주시는 만큼 더 열심히 해서 좋은 모습을 보여드려야 겠다는 생각이 제일 크다”라고 했다.",
                "subjectConsistencyYn": "Y"
            },
            {
                "sentenceNo": 8,
                "sentenceContent": "또한 에스파의 감정으로 탄탄한 팀워크와 멤버들의 뚜렷한 개성, 안정적인 컨디션 등을 멤버들은 각자 꼽았다.",
                "subjectConsistencyYn": "Y"
            },
            {
                "sentenceNo": 9,
                "sentenceContent": "에스파 멤버들이 함께한 화보와 인터뷰는 하퍼스 바자 1월호에 실리며 사회관계망서비스(SNS) 및 유튜브에도 공개된다.",
                "subjectConsistencyYn": "Y"
            },
            {
                "sentenceNo": 10,
                "sentenceContent": "그룹 에스파가 지방시와 함께한 하퍼스 바자의 2022년 1월 호 커버 촬영을 진행한 가운데, 에스파의 리더 카리나가 겨울 쿨톤이라는 점이 누리꾼들 사이에서 화제가 되었다. ",
                "subjectConsistencyYn": "N"
            },
            {
                "sentenceNo": 11,
                "sentenceContent": "누리꾼들은 SNS를 통해 \"카리나는 정말 교과서적인 '13호 쿨톤'인 것 같다\", \"이렇게 형광 파랑이 잘 어울리는 동양인은 처음 봤다\", \"얼음 공주 같다\"라며 카리나의 비주얼에 대해 호평을 쏟아냈다. ",
                "subjectConsistencyYn": "N"
            }
        ],
        "clickbaitClass": 0
    }
}