{
    "sourceDataInfo": {
        "newsID": "ET_M13_629589",
        "newsCategory": "연예",
        "newsSubcategory": "방송",
        "newsTitle": "‘부캐전성시대’ 봐달라구, 관종 라이브 폭소탄",
        "newsSubTitle": "",
        "newsContent": "‘부캐전성시대’ 씬스틸러(신정환)가 봐달라구 최정예 요원을 결정했다.\n지난 9일 밤 10시 30분 방송한 TV CHOSUN ‘부캐전성시대’에선 봐달라구 분파원들의 부캐토론과 관종 라이브가 실시돼 폭소를 유발했다.\n씬스틸러는 봐달라구의 분파장으로서 분파원들을 심사했다.\n지구를 ‘블루 바이러스’로부터 구하기 위한 최정예 요원을 선발하려는 것. 부캐토론 투표 결과에 따라 분파원들에게 ‘하트’를 차등 지급한 씬스틸러는 이어 관종 라이브를 진행했다.\n소피아 팽(팽현숙)은 나누구의 휘바(이휘재)와 에어로빅 승부를 펼쳤다.\n휘바는 인터뷰를 통해 과거에 소피아 팽을 가르쳤다고 밝히며 그를 도발했다.\n이에 소피아 팽은 라이브 방송에서 휘바를 호출해 1대 1 대결을 개최했다.\n휘바와 30초씩 돌아가며 100분 넘게 승부를 이어간 소피아 팽은 시청자 투표에서 한 표 차이로 승리했다.\n소피아 팽과 휘바는 ‘노 리스펙트’, 유연성 등의 대결 끝에 서로에 대한 칭찬으로 라이브를 훈훈하게 마무리했다.\n시바스찬(최양락)의 관종 라이브에는 지구인 뷰티 유튜버 김기수가 출연했다.\n김기수는 Mnet ‘스트릿 우먼 파이터’ 참가자들의 화장을 따라 하는 콘텐츠를 준비했다.\n특히 김기수는 눈 화장, 속눈썹 붙이기 등과 관련한 ‘꿀팁’을 전수하며 눈길을 끌었다.\n시바스찬은 김기수 화장의 잘못된 예를 직접 선보였다.\n일명 ‘페르소나 스타일’이라며 눈 화장과 속눈썹 정리를 한 시바스찬. 그는 “눈에 멍든 거 아니에요?”라는 시청자 댓글을 받으며 웃음을 자아냈다.\n설스타(설하윤)는 군통령으로 변신했다.\n군가를 부르며 라이브를 시작한 설스타는 20년 차 복무 경력에서 비롯된 군 생활 노하우를 설명했다.\n또한 설스타는 군대에서 선임에게 사랑받기 위해서는 식사 메뉴를 잘 외워야 한다고 조언했다.\n아울러 설스타는 씬스틸러와의 합동 공연에서 흥을 폭발시켰다.\n김연자의 ‘아모르파티’, 정수라의 ‘환희’ 등의 노래로 분위기를 끌어올린 설스타는 씬스틸러와 함께 자자의 ‘버스 안에서’를 불렀다.\n이들은 열성적인 랩과 고음 보컬로 뜨거운 환호를 이끌어냈다.\n심사 결과 지구에 갈 봐달라구 최정예 요원으로 치키타(달수빈)와 설스타가 ‘부캐전성시대’ 4화 마지막에 선정된 상황. ‘부캐전성시대’ 봐달라구가 이후 지구에서 어떤 활약을 보여줄지 기대감이 고조된다.\n한편, ‘부캐전성시대’는 메타버스 아바타기업 갤럭시코퍼레이션과 페르소나스페이스가 공동제작한 세계 최초 메타버스 아바타쇼다.\n지구에 정체불명의 ‘블루 바이러스’가 퍼진 가운데, 페르소나별의 다섯 분파가 백신인 ‘행복’을 전하기 위해 출동하는 이야기를 다뤄 화제를 모으고 있다.\n매주 일요일 밤 10시 30분에 TV CHOSUN에서 방송한다.",
        "partNum": "P2",
        "useType": 0,
        "processType": "D",
        "processPattern": "24",
        "processLevel": "상",
        "sentenceCount": 24,
        "processSentencenum": 2,
        "sentenceInfo": [
            {
                "sentenceNo": 1,
                "sentenceContent": "‘부캐전성시대’ 씬스틸러(신정환)가 봐달라구 최정예 요원을 결정했다.",
                "sentenceSize": 38
            },
            {
                "sentenceNo": 2,
                "sentenceContent": "지난 9일 밤 10시 30분 방송한 TV CHOSUN ‘부캐전성시대’에선 봐달라구 분파원들의 부캐토론과 관종 라이브가 실시돼 폭소를 유발했다.",
                "sentenceSize": 79
            },
            {
                "sentenceNo": 3,
                "sentenceContent": "씬스틸러는 봐달라구의 분파장으로서 분파원들을 심사했다.",
                "sentenceSize": 30
            },
            {
                "sentenceNo": 4,
                "sentenceContent": "지구를 ‘블루 바이러스’로부터 구하기 위한 최정예 요원을 선발하려는 것. 부캐토론 투표 결과에 따라 분파원들에게 ‘하트’를 차등 지급한 씬스틸러는 이어 관종 라이브를 진행했다.",
                "sentenceSize": 98
            },
            {
                "sentenceNo": 5,
                "sentenceContent": "소피아 팽(팽현숙)은 나누구의 휘바(이휘재)와 에어로빅 승부를 펼쳤다.",
                "sentenceSize": 39
            },
            {
                "sentenceNo": 6,
                "sentenceContent": "휘바는 인터뷰를 통해 과거에 소피아 팽을 가르쳤다고 밝히며 그를 도발했다.",
                "sentenceSize": 41
            },
            {
                "sentenceNo": 7,
                "sentenceContent": "이에 소피아 팽은 라이브 방송에서 휘바를 호출해 1대 1 대결을 개최했다.",
                "sentenceSize": 41
            },
            {
                "sentenceNo": 8,
                "sentenceContent": "휘바와 30초씩 돌아가며 100분 넘게 승부를 이어간 소피아 팽은 시청자 투표에서 한 표 차이로 승리했다.",
                "sentenceSize": 59
            },
            {
                "sentenceNo": 9,
                "sentenceContent": "소피아 팽과 휘바는 ‘노 리스펙트’, 유연성 등의 대결 끝에 서로에 대한 칭찬으로 라이브를 훈훈하게 마무리했다.",
                "sentenceSize": 62
            },
            {
                "sentenceNo": 10,
                "sentenceContent": "시바스찬(최양락)의 관종 라이브에는 지구인 뷰티 유튜버 김기수가 출연했다.",
                "sentenceSize": 41
            },
            {
                "sentenceNo": 11,
                "sentenceContent": "김기수는 Mnet ‘스트릿 우먼 파이터’ 참가자들의 화장을 따라 하는 콘텐츠를 준비했다.",
                "sentenceSize": 49
            },
            {
                "sentenceNo": 12,
                "sentenceContent": "특히 김기수는 눈 화장, 속눈썹 붙이기 등과 관련한 ‘꿀팁’을 전수하며 눈길을 끌었다.",
                "sentenceSize": 48
            },
            {
                "sentenceNo": 13,
                "sentenceContent": "시바스찬은 김기수 화장의 잘못된 예를 직접 선보였다.",
                "sentenceSize": 29
            },
            {
                "sentenceNo": 14,
                "sentenceContent": "일명 ‘페르소나 스타일’이라며 눈 화장과 속눈썹 정리를 한 시바스찬. 그는 “눈에 멍든 거 아니에요?”라는 시청자 댓글을 받으며 웃음을 자아냈다.",
                "sentenceSize": 81
            },
            {
                "sentenceNo": 15,
                "sentenceContent": "설스타(설하윤)는 군통령으로 변신했다.",
                "sentenceSize": 21
            },
            {
                "sentenceNo": 16,
                "sentenceContent": "군가를 부르며 라이브를 시작한 설스타는 20년 차 복무 경력에서 비롯된 군 생활 노하우를 설명했다.",
                "sentenceSize": 55
            },
            {
                "sentenceNo": 17,
                "sentenceContent": "또한 설스타는 군대에서 선임에게 사랑받기 위해서는 식사 메뉴를 잘 외워야 한다고 조언했다.",
                "sentenceSize": 50
            },
            {
                "sentenceNo": 18,
                "sentenceContent": "아울러 설스타는 씬스틸러와의 합동 공연에서 흥을 폭발시켰다.",
                "sentenceSize": 33
            },
            {
                "sentenceNo": 19,
                "sentenceContent": "김연자의 ‘아모르파티’, 정수라의 ‘환희’ 등의 노래로 분위기를 끌어올린 설스타는 씬스틸러와 함께 자자의 ‘버스 안에서’를 불렀다.",
                "sentenceSize": 73
            },
            {
                "sentenceNo": 20,
                "sentenceContent": "이들은 열성적인 랩과 고음 보컬로 뜨거운 환호를 이끌어냈다.",
                "sentenceSize": 33
            },
            {
                "sentenceNo": 21,
                "sentenceContent": "심사 결과 지구에 갈 봐달라구 최정예 요원으로 치키타(달수빈)와 설스타가 ‘부캐전성시대’ 4화 마지막에 선정된 상황. ‘부캐전성시대’ 봐달라구가 이후 지구에서 어떤 활약을 보여줄지 기대감이 고조된다.",
                "sentenceSize": 111
            },
            {
                "sentenceNo": 22,
                "sentenceContent": "한편, ‘부캐전성시대’는 메타버스 아바타기업 갤럭시코퍼레이션과 페르소나스페이스가 공동제작한 세계 최초 메타버스 아바타쇼다.",
                "sentenceSize": 68
            },
            {
                "sentenceNo": 23,
                "sentenceContent": "지구에 정체불명의 ‘블루 바이러스’가 퍼진 가운데, 페르소나별의 다섯 분파가 백신인 ‘행복’을 전하기 위해 출동하는 이야기를 다뤄 화제를 모으고 있다.",
                "sentenceSize": 84
            },
            {
                "sentenceNo": 24,
                "sentenceContent": "매주 일요일 밤 10시 30분에 TV CHOSUN에서 방송한다.",
                "sentenceSize": 35
            }
        ]
    },
    "labeledDataInfo": {
        "processSentenceInfo": [
            {
                "sentenceNo": 1,
                "sentenceContent": "‘부캐전성시대’ 씬스틸러(신정환)가 봐달라구 최정예 요원을 결정했다.",
                "subjectConsistencyYn": "Y"
            },
            {
                "sentenceNo": 2,
                "sentenceContent": "지난 9일 밤 10시 30분 방송한 TV CHOSUN ‘부캐전성시대’에선 봐달라구 분파원들의 부캐토론과 관종 라이브가 실시돼 폭소를 유발했다.",
                "subjectConsistencyYn": "Y"
            },
            {
                "sentenceNo": 3,
                "sentenceContent": "씬스틸러는 봐달라구의 분파장으로서 분파원들을 심사했다.",
                "subjectConsistencyYn": "Y"
            },
            {
                "sentenceNo": 4,
                "sentenceContent": "지구를 ‘블루 바이러스’로부터 구하기 위한 최정예 요원을 선발하려는 것. 부캐토론 투표 결과에 따라 분파원들에게 ‘하트’를 차등 지급한 씬스틸러는 이어 관종 라이브를 진행했다.",
                "subjectConsistencyYn": "Y"
            },
            {
                "sentenceNo": 5,
                "sentenceContent": "소피아 팽(팽현숙)은 나누구의 휘바(이휘재)와 에어로빅 승부를 펼쳤다.",
                "subjectConsistencyYn": "Y"
            },
            {
                "sentenceNo": 6,
                "sentenceContent": "휘바는 인터뷰를 통해 과거에 소피아 팽을 가르쳤다고 밝히며 그를 도발했다.",
                "subjectConsistencyYn": "Y"
            },
            {
                "sentenceNo": 7,
                "sentenceContent": "이에 소피아 팽은 라이브 방송에서 휘바를 호출해 1대 1 대결을 개최했다.",
                "subjectConsistencyYn": "Y"
            },
            {
                "sentenceNo": 8,
                "sentenceContent": "휘바와 30초씩 돌아가며 100분 넘게 승부를 이어간 소피아 팽은 시청자 투표에서 한 표 차이로 승리했다.",
                "subjectConsistencyYn": "Y"
            },
            {
                "sentenceNo": 9,
                "sentenceContent": "소피아 팽과 휘바는 ‘노 리스펙트’, 유연성 등의 대결 끝에 서로에 대한 칭찬으로 라이브를 훈훈하게 마무리했다.",
                "subjectConsistencyYn": "Y"
            },
            {
                "sentenceNo": 10,
                "sentenceContent": "시바스찬(최양락)의 관종 라이브에는 지구인 뷰티 유튜버 김기수가 출연했다.",
                "subjectConsistencyYn": "Y"
            },
            {
                "sentenceNo": 11,
                "sentenceContent": "김기수는 Mnet ‘스트릿 우먼 파이터’ 참가자들의 화장을 따라 하는 콘텐츠를 준비했다.",
                "subjectConsistencyYn": "Y"
            },
            {
                "sentenceNo": 12,
                "sentenceContent": "특히 김기수는 눈 화장, 속눈썹 붙이기 등과 관련한 ‘꿀팁’을 전수하며 눈길을 끌었다.",
                "subjectConsistencyYn": "Y"
            },
            {
                "sentenceNo": 13,
                "sentenceContent": "시바스찬은 김기수 화장의 잘못된 예를 직접 선보였다.",
                "subjectConsistencyYn": "Y"
            },
            {
                "sentenceNo": 14,
                "sentenceContent": "일명 ‘페르소나 스타일’이라며 눈 화장과 속눈썹 정리를 한 시바스찬. 그는 “눈에 멍든 거 아니에요?”라는 시청자 댓글을 받으며 웃음을 자아냈다.",
                "subjectConsistencyYn": "Y"
            },
            {
                "sentenceNo": 15,
                "sentenceContent": "설스타(설하윤)는 군통령으로 변신했다.",
                "subjectConsistencyYn": "Y"
            },
            {
                "sentenceNo": 16,
                "sentenceContent": "군가를 부르며 라이브를 시작한 설스타는 20년 차 복무 경력에서 비롯된 군 생활 노하우를 설명했다.",
                "subjectConsistencyYn": "Y"
            },
            {
                "sentenceNo": 17,
                "sentenceContent": "또한 설스타는 군대에서 선임에게 사랑받기 위해서는 식사 메뉴를 잘 외워야 한다고 조언했다.",
                "subjectConsistencyYn": "Y"
            },
            {
                "sentenceNo": 18,
                "sentenceContent": "아울러 설스타는 씬스틸러와의 합동 공연에서 흥을 폭발시켰다.",
                "subjectConsistencyYn": "Y"
            },
            {
                "sentenceNo": 19,
                "sentenceContent": "김연자의 ‘아모르파티’, 정수라의 ‘환희’ 등의 노래로 분위기를 끌어올린 설스타는 씬스틸러와 함께 자자의 ‘버스 안에서’를 불렀다.",
                "subjectConsistencyYn": "Y"
            },
            {
                "sentenceNo": 20,
                "sentenceContent": "이들은 열성적인 랩과 고음 보컬로 뜨거운 환호를 이끌어냈다.",
                "subjectConsistencyYn": "Y"
            },
            {
                "sentenceNo": 21,
                "sentenceContent": "심사 결과 지구에 갈 봐달라구 최정예 요원으로 치키타(달수빈)와 설스타가 ‘부캐전성시대’ 4화 마지막에 선정된 상황. ‘부캐전성시대’ 봐달라구가 이후 지구에서 어떤 활약을 보여줄지 기대감이 고조된다.",
                "subjectConsistencyYn": "Y"
            },
            {
                "sentenceNo": 22,
                "sentenceContent": "한편, ‘부캐전성시대’는 메타버스 아바타기업 갤럭시코퍼레이션과 페르소나스페이스가 공동제작한 세계 최초 메타버스 아바타쇼다.",
                "subjectConsistencyYn": "Y"
            },
            {
                "sentenceNo": 23,
                "sentenceContent": "지구에 정체불명의 ‘블루 바이러스’가 퍼진 가운데, 페르소나별의 다섯 분파가 백신인 ‘행복’을 전하기 위해 출동하는 이야기를 다뤄 화제를 모으고 있다.",
                "subjectConsistencyYn": "Y"
            },
            {
                "sentenceNo": 24,
                "sentenceContent": "매주 일요일 밤 10시 30분에 TV CHOSUN에서 방송한다.",
                "subjectConsistencyYn": "Y"
            },
            {
                "sentenceNo": 25,
                "sentenceContent": "TV CHOSUN ‘부캐전성시대’에서 봐달라구 분파원들의 부캐토론과 관종 라이브가 실시돼 폭소를 유발한 가운데, TV CHOSUN이 축구대표팀 A매치 경기를 독점 생중계한다.",
                "subjectConsistencyYn": "N"
            },
            {
                "sentenceNo": 26,
                "sentenceContent": "대한축구협회는 \"최근 실시한 축구대표팀 경기 TV 중계권 입찰 결과, TV CHOSUN을 중계방송사로 확정하고 21일 정식 계약을 체결했다\"라고 발표했다.",
                "subjectConsistencyYn": "N"
            }
        ],
        "clickbaitClass": 0
    }
}