{
    "sourceDataInfo": {
        "newsID": "ET_M13_629294",
        "newsCategory": "연예",
        "newsSubcategory": "연예일반",
        "newsTitle": "‘K팝 블루칩’ 신예 TREDNZ(트렌드지), 7인 개인 콘셉트 포토 공개",
        "newsSubTitle": "",
        "newsContent": "신예 아이돌그룹 TRENDZ(트렌드지)가 개인 콘셉트 포토로 클래스가 다른 비주얼을 뽐냈다.\nTRENDZ(하빛, 리온, 윤우, 한국, 라엘, 은일, 예찬)는 지난 20일 자정과 21일 자정 공식 SNS 채널을 통해 개인별 콘셉트 포토를 팬들에게 선사했다.\n20일 공개된 개인 콘셉트 포토 속에서 한국은 조각같은 비주얼과 함께 강한 눈빛으로 카메라를 응시하는가 하면, 예찬은 몽환적인 눈빛으로 팬들 시선을 사로잡았다.\n리온은 두 사람과는 대비되는 부드럽고 아련한 눈빛으로 카메라를 응시해 전 세계 팬심을 사로잡았다.\n21일 공개된 개인 콘셉트 포토에서는 은일의 왕자 비주얼을 비롯해 하빛의 귀여운 외모, 윤우의 미소년 비주얼, 라엘의 카리스마 넘치는 섹시한 모습으로 열기를 더했다.\n세 사람은 각자 매력이 돋보이는 표정과 메이크업으로 독보적인 아우라를 자랑했다.\n이들은 일곱명 멤버들 모두 한국인으로, 호랑이해 K-POP 첫 주자로 손색이 없는 팀워크를 자랑한다.\n데뷔를 앞두고 다양한 콘텐츠를 선보이고 있는 TRENDZ는 앞서 데뷔 앨범 ‘BLUE SET Chapter1. TRACKS’ 트랙리스트를 통해 데뷔 열기를 끌어올렸다.\n타이틀곡 ‘TNT(Truth&Trust)’로 가요계 첫발을 내딛을 TRENDZ는 차별화된 세계관과 비주얼, 7인7색의 다채로운 매력을 예고하며 2022년 대형 신예 탄생을 예고했다.\n데뷔를 앞두고 다채로운 콘텐츠로 전 세계 팬들 입덕 욕구를 자극하고 있는 TRENDZ는 2022년 첫 신예인 만큼, 국내와 글로벌 팬들 기대가 모이고 있다.\n인터파크뮤직플러스가 선보이는 아이돌그룹이자 K-POP 새 기대주로 떠오르고 있는 TRENDZ는 오는 1월 5일 정식 데뷔한다.",
        "partNum": "P2",
        "useType": 0,
        "processType": "D",
        "processPattern": "24",
        "processLevel": "상",
        "sentenceCount": 11,
        "processSentencenum": 2,
        "sentenceInfo": [
            {
                "sentenceNo": 1,
                "sentenceContent": "신예 아이돌그룹 TRENDZ(트렌드지)가 개인 콘셉트 포토로 클래스가 다른 비주얼을 뽐냈다.",
                "sentenceSize": 51
            },
            {
                "sentenceNo": 2,
                "sentenceContent": "TRENDZ(하빛, 리온, 윤우, 한국, 라엘, 은일, 예찬)는 지난 20일 자정과 21일 자정 공식 SNS 채널을 통해 개인별 콘셉트 포토를 팬들에게 선사했다.",
                "sentenceSize": 90
            },
            {
                "sentenceNo": 3,
                "sentenceContent": "20일 공개된 개인 콘셉트 포토 속에서 한국은 조각같은 비주얼과 함께 강한 눈빛으로 카메라를 응시하는가 하면, 예찬은 몽환적인 눈빛으로 팬들 시선을 사로잡았다.",
                "sentenceSize": 89
            },
            {
                "sentenceNo": 4,
                "sentenceContent": "리온은 두 사람과는 대비되는 부드럽고 아련한 눈빛으로 카메라를 응시해 전 세계 팬심을 사로잡았다.",
                "sentenceSize": 54
            },
            {
                "sentenceNo": 5,
                "sentenceContent": "21일 공개된 개인 콘셉트 포토에서는 은일의 왕자 비주얼을 비롯해 하빛의 귀여운 외모, 윤우의 미소년 비주얼, 라엘의 카리스마 넘치는 섹시한 모습으로 열기를 더했다.",
                "sentenceSize": 92
            },
            {
                "sentenceNo": 6,
                "sentenceContent": "세 사람은 각자 매력이 돋보이는 표정과 메이크업으로 독보적인 아우라를 자랑했다.",
                "sentenceSize": 44
            },
            {
                "sentenceNo": 7,
                "sentenceContent": "이들은 일곱명 멤버들 모두 한국인으로, 호랑이해 K-POP 첫 주자로 손색이 없는 팀워크를 자랑한다.",
                "sentenceSize": 56
            },
            {
                "sentenceNo": 8,
                "sentenceContent": "데뷔를 앞두고 다양한 콘텐츠를 선보이고 있는 TRENDZ는 앞서 데뷔 앨범 ‘BLUE SET Chapter1. TRACKS’ 트랙리스트를 통해 데뷔 열기를 끌어올렸다.",
                "sentenceSize": 93
            },
            {
                "sentenceNo": 9,
                "sentenceContent": "타이틀곡 ‘TNT(Truth&Trust)’로 가요계 첫발을 내딛을 TRENDZ는 차별화된 세계관과 비주얼, 7인7색의 다채로운 매력을 예고하며 2022년 대형 신예 탄생을 예고했다.",
                "sentenceSize": 101
            },
            {
                "sentenceNo": 10,
                "sentenceContent": "데뷔를 앞두고 다채로운 콘텐츠로 전 세계 팬들 입덕 욕구를 자극하고 있는 TRENDZ는 2022년 첫 신예인 만큼, 국내와 글로벌 팬들 기대가 모이고 있다.",
                "sentenceSize": 87
            },
            {
                "sentenceNo": 11,
                "sentenceContent": "인터파크뮤직플러스가 선보이는 아이돌그룹이자 K-POP 새 기대주로 떠오르고 있는 TRENDZ는 오는 1월 5일 정식 데뷔한다.",
                "sentenceSize": 70
            }
        ]
    },
    "labeledDataInfo": {
        "processSentenceInfo": [
            {
                "sentenceNo": 1,
                "sentenceContent": "신예 아이돌그룹 TRENDZ(트렌드지)가 개인 콘셉트 포토로 클래스가 다른 비주얼을 뽐냈다.",
                "subjectConsistencyYn": "Y"
            },
            {
                "sentenceNo": 2,
                "sentenceContent": "TRENDZ(하빛, 리온, 윤우, 한국, 라엘, 은일, 예찬)는 지난 20일 자정과 21일 자정 공식 SNS 채널을 통해 개인별 콘셉트 포토를 팬들에게 선사했다.",
                "subjectConsistencyYn": "Y"
            },
            {
                "sentenceNo": 3,
                "sentenceContent": "20일 공개된 개인 콘셉트 포토 속에서 한국은 조각같은 비주얼과 함께 강한 눈빛으로 카메라를 응시하는가 하면, 예찬은 몽환적인 눈빛으로 팬들 시선을 사로잡았다.",
                "subjectConsistencyYn": "Y"
            },
            {
                "sentenceNo": 4,
                "sentenceContent": "리온은 두 사람과는 대비되는 부드럽고 아련한 눈빛으로 카메라를 응시해 전 세계 팬심을 사로잡았다.",
                "subjectConsistencyYn": "Y"
            },
            {
                "sentenceNo": 5,
                "sentenceContent": "21일 공개된 개인 콘셉트 포토에서는 은일의 왕자 비주얼을 비롯해 하빛의 귀여운 외모, 윤우의 미소년 비주얼, 라엘의 카리스마 넘치는 섹시한 모습으로 열기를 더했다.",
                "subjectConsistencyYn": "Y"
            },
            {
                "sentenceNo": 6,
                "sentenceContent": "세 사람은 각자 매력이 돋보이는 표정과 메이크업으로 독보적인 아우라를 자랑했다.",
                "subjectConsistencyYn": "Y"
            },
            {
                "sentenceNo": 7,
                "sentenceContent": "이들은 일곱명 멤버들 모두 한국인으로, 호랑이해 K-POP 첫 주자로 손색이 없는 팀워크를 자랑한다.",
                "subjectConsistencyYn": "Y"
            },
            {
                "sentenceNo": 8,
                "sentenceContent": "데뷔를 앞두고 다양한 콘텐츠를 선보이고 있는 TRENDZ는 앞서 데뷔 앨범 ‘BLUE SET Chapter1. TRACKS’ 트랙리스트를 통해 데뷔 열기를 끌어올렸다.",
                "subjectConsistencyYn": "Y"
            },
            {
                "sentenceNo": 9,
                "sentenceContent": "타이틀곡 ‘TNT(Truth&Trust)’로 가요계 첫발을 내딛을 TRENDZ는 차별화된 세계관과 비주얼, 7인7색의 다채로운 매력을 예고하며 2022년 대형 신예 탄생을 예고했다.",
                "subjectConsistencyYn": "Y"
            },
            {
                "sentenceNo": 10,
                "sentenceContent": "데뷔를 앞두고 다채로운 콘텐츠로 전 세계 팬들 입덕 욕구를 자극하고 있는 TRENDZ는 2022년 첫 신예인 만큼, 국내와 글로벌 팬들 기대가 모이고 있다.",
                "subjectConsistencyYn": "Y"
            },
            {
                "sentenceNo": 11,
                "sentenceContent": "인터파크뮤직플러스가 선보이는 아이돌그룹이자 K-POP 새 기대주로 떠오르고 있는 TRENDZ는 오는 1월 5일 정식 데뷔한다.",
                "subjectConsistencyYn": "Y"
            },
            {
                "sentenceNo": 12,
                "sentenceContent": "개인 콘셉트 포토를 공개한 신예 아이돌그룹 TRENDZ가 3일 오후 3시 30분 방송된 MBC ‘쇼 음악중심’에 출연하여 퍼포먼스 실력을 뽐냈다.",
                "subjectConsistencyYn": "N"
            },
            {
                "sentenceNo": 13,
                "sentenceContent": "이날 트렌드지는 글로벌 팬들의 뜨거운 인기를 이끌고 있는 ‘VAGABOND’로 무대를 꾸몄다. ",
                "subjectConsistencyYn": "N"
            }
        ],
        "clickbaitClass": 0
    }
}