{
    "sourceDataInfo": {
        "newsID": "ET_M13_629292",
        "newsCategory": "연예",
        "newsSubcategory": "연예일반",
        "newsTitle": "자이언트 핑크, 2세 초음파 사진 공개 “디데이까지 100일”",
        "newsSubTitle": "",
        "newsContent": "가수 자이언트 핑크가 태아의 초음파 사진을 공개했다.\n자이언트 핑크는 21일 자신의 인스타그램에 “분홍이 보고 왔어요”라는 글과 함께 사진 여러 장을 게재했다.\n자이언트 핑크는 “한 번에 얼굴 보기 힘들단 이야기가 많던데 분홍이는 누굴 닮았는지 떡 하니 포즈까지”라며 “남편이랑 서로 자기 닮아서 잘생겼다며 과연 누구를 닮았을까?”라고 들뜬 기분을 드러냈다.\n이어 “벌써 디데이 100일”이라고 덧붙이며 출산에 임박했음을 전했다.\n공개한 사진에는 이목구비를 알아볼 수 있는 태아의 입체 초음파 사진이 담겼다.\n태아는 높은 콧대를 자랑한다. ‘분홍이 건강하게 만나자’라고 적힌 케이크도 눈길을 끌었다.\n한편, 자이언트 핑크는 지난해 11월 연하의 사업가 남편과 결혼했다.\n이후 지난 6일 임신 23주차 임을 밝혀 화제를 모았다.\n출산 예정일은 내년 4월이다.",
        "partNum": "P2",
        "useType": 0,
        "processType": "D",
        "processPattern": "24",
        "processLevel": "상",
        "sentenceCount": 9,
        "processSentencenum": 2,
        "sentenceInfo": [
            {
                "sentenceNo": 1,
                "sentenceContent": "가수 자이언트 핑크가 태아의 초음파 사진을 공개했다.",
                "sentenceSize": 29
            },
            {
                "sentenceNo": 2,
                "sentenceContent": "자이언트 핑크는 21일 자신의 인스타그램에 “분홍이 보고 왔어요”라는 글과 함께 사진 여러 장을 게재했다.",
                "sentenceSize": 59
            },
            {
                "sentenceNo": 3,
                "sentenceContent": "자이언트 핑크는 “한 번에 얼굴 보기 힘들단 이야기가 많던데 분홍이는 누굴 닮았는지 떡 하니 포즈까지”라며 “남편이랑 서로 자기 닮아서 잘생겼다며 과연 누구를 닮았을까?”라고 들뜬 기분을 드러냈다.",
                "sentenceSize": 110
            },
            {
                "sentenceNo": 4,
                "sentenceContent": "이어 “벌써 디데이 100일”이라고 덧붙이며 출산에 임박했음을 전했다.",
                "sentenceSize": 39
            },
            {
                "sentenceNo": 5,
                "sentenceContent": "공개한 사진에는 이목구비를 알아볼 수 있는 태아의 입체 초음파 사진이 담겼다.",
                "sentenceSize": 43
            },
            {
                "sentenceNo": 6,
                "sentenceContent": "태아는 높은 콧대를 자랑한다. ‘분홍이 건강하게 만나자’라고 적힌 케이크도 눈길을 끌었다.",
                "sentenceSize": 50
            },
            {
                "sentenceNo": 7,
                "sentenceContent": "한편, 자이언트 핑크는 지난해 11월 연하의 사업가 남편과 결혼했다.",
                "sentenceSize": 38
            },
            {
                "sentenceNo": 8,
                "sentenceContent": "이후 지난 6일 임신 23주차 임을 밝혀 화제를 모았다.",
                "sentenceSize": 31
            },
            {
                "sentenceNo": 9,
                "sentenceContent": "출산 예정일은 내년 4월이다.",
                "sentenceSize": 16
            }
        ]
    },
    "labeledDataInfo": {
        "processSentenceInfo": [
            {
                "sentenceNo": 1,
                "sentenceContent": "가수 자이언트 핑크가 태아의 초음파 사진을 공개했다.",
                "subjectConsistencyYn": "Y"
            },
            {
                "sentenceNo": 2,
                "sentenceContent": "자이언트 핑크는 21일 자신의 인스타그램에 “분홍이 보고 왔어요”라는 글과 함께 사진 여러 장을 게재했다.",
                "subjectConsistencyYn": "Y"
            },
            {
                "sentenceNo": 3,
                "sentenceContent": "자이언트 핑크는 “한 번에 얼굴 보기 힘들단 이야기가 많던데 분홍이는 누굴 닮았는지 떡 하니 포즈까지”라며 “남편이랑 서로 자기 닮아서 잘생겼다며 과연 누구를 닮았을까?”라고 들뜬 기분을 드러냈다.",
                "subjectConsistencyYn": "Y"
            },
            {
                "sentenceNo": 4,
                "sentenceContent": "이어 “벌써 디데이 100일”이라고 덧붙이며 출산에 임박했음을 전했다.",
                "subjectConsistencyYn": "Y"
            },
            {
                "sentenceNo": 5,
                "sentenceContent": "공개한 사진에는 이목구비를 알아볼 수 있는 태아의 입체 초음파 사진이 담겼다.",
                "subjectConsistencyYn": "Y"
            },
            {
                "sentenceNo": 6,
                "sentenceContent": "태아는 높은 콧대를 자랑한다. ‘분홍이 건강하게 만나자’라고 적힌 케이크도 눈길을 끌었다.",
                "subjectConsistencyYn": "Y"
            },
            {
                "sentenceNo": 7,
                "sentenceContent": "한편, 자이언트 핑크는 지난해 11월 연하의 사업가 남편과 결혼했다.",
                "subjectConsistencyYn": "Y"
            },
            {
                "sentenceNo": 8,
                "sentenceContent": "이후 지난 6일 임신 23주차 임을 밝혀 화제를 모았다.",
                "subjectConsistencyYn": "Y"
            },
            {
                "sentenceNo": 9,
                "sentenceContent": "출산 예정일은 내년 4월이다.",
                "subjectConsistencyYn": "Y"
            },
            {
                "sentenceNo": 10,
                "sentenceContent": "가수 자이언트 핑크가 2세 초음파 사진을 공개한 가운데, '나는 솔로' 6기 영숙도 곧 태어날 아이의 초음파 사진을 공개했다.",
                "subjectConsistencyYn": "N"
            },
            {
                "sentenceNo": 11,
                "sentenceContent": "지난달 30일 영숙은 자신의 인스타그램 스토리에 아이의 이목구비 사진이 담긴 초음파 사진을 공개하며 \"쌤이 보자마자 아빠를 닮았다고 하셨다\"라고 적었다.",
                "subjectConsistencyYn": "N"
            }
        ],
        "clickbaitClass": 0
    }
}