{
    "sourceDataInfo": {
        "newsID": "ET_M13_629350",
        "newsCategory": "연예",
        "newsSubcategory": "음악",
        "newsTitle": "슬로우 폴, 신곡 오늘 나린다",
        "newsSubTitle": "",
        "newsContent": "싱어송라이터 겸 드러머 슬로우 폴(Slow Paul, 본명 김호용)이 겨울 감성 신곡으로 2년여 만에 컴백했다.\n슬로우 폴은 24일 정오 각종 온라인 음원사이트를 통해 새 싱글 ‘너를 사랑해도 될까’를 발표했다.\n크리스마스 이브에 신보를 들고 팬들 곁을 찾았다.\n싱글과 동명의 타이틀곡인 ‘너를 사랑해도 될까’는 사랑하는 이와 함께 따뜻한 봄을 기다리고 싶다는 마음을 노래한 곡이다.\n잔잔하고 포근한 피아노 선율과 ‘너를 사랑해도 될까. 너를 내 맘에 담아도 될 까’라고 묻는 솔직하면서도 감성적인 노랫말이 어우러졌다.\n슬로우 폴은 신곡의 작사, 작곡, 편곡을 직접 맡았다.\n편곡 작업은 2019년 1월 발매한 곡인 ‘겨울 바다는 얼지 않듯’을 함께 작업한 프로듀서 헨(HEN)과 공동으로 진행했다.\n소속사 에이티원 엔터테인먼트는 음원 발매에 앞서 공식 SNS를 통해 새 싱글 커버 이미지를 선공개했다.\n공개된 이미지에는 흰눈으로 덮인 벌판을 배경으로 신보 타이틀 ‘너를 사랑해도 될까’와 슬로우 폴 의 이름이 적혀 있다.\n이를 통해 슬로우 폴이 겨울 시즌에 걸맞은 차분한 분위기의 곡으로 컴백할 것임을 예고했다.\n슬로우 폴은 소속사를 통해 사랑을 시작하고 싶은 사람에게 사랑한다고 말하지 못하는 것이 그렇게 불행하고 답답한 일만은 아닌 것 같다.\n때로는 서로 사랑할 때보다 더 깊은 사랑을 하게 되기도 하고, 그 사람이 내 마음 속 가장 안전한 곳에 지낼 수 있도록 힘쓰고 있기 때문이라고 신곡 내용을 귀띔했다.\n새 싱글로 컴백하는 슬로우 폴은 그간 노영심, 버블시스터즈, 옥상달빛, 에이트, 코니탤벗 등 국내외 유명 뮤지션들의 세션 드러머로 활동했다.\n2017년 싱글 ‘더 퍼스트 피스’(The First Piece)를 내며 솔 로 싱어송라이터로 데뷔했다.\n신보를 발매하는 건 2년여 만이다.\n슬로우 폴은 밴드 하이브로(HIGHBRO)의 드러머로도 활동 중이다.\n장미여관 출신 배상재와 윤장현이 주축이 돼 결성한 하이브로는 지난달 신예 보컬 태근과 함께한 첫 싱글 ‘난 너만’을 발매하고 새 출발했다.",
        "partNum": "P2",
        "useType": 0,
        "processType": "D",
        "processPattern": "24",
        "processLevel": "상",
        "sentenceCount": 17,
        "processSentencenum": 2,
        "sentenceInfo": [
            {
                "sentenceNo": 1,
                "sentenceContent": "싱어송라이터 겸 드러머 슬로우 폴(Slow Paul, 본명 김호용)이 겨울 감성 신곡으로 2년여 만에 컴백했다.",
                "sentenceSize": 62
            },
            {
                "sentenceNo": 2,
                "sentenceContent": "슬로우 폴은 24일 정오 각종 온라인 음원사이트를 통해 새 싱글 ‘너를 사랑해도 될까’를 발표했다.",
                "sentenceSize": 55
            },
            {
                "sentenceNo": 3,
                "sentenceContent": "크리스마스 이브에 신보를 들고 팬들 곁을 찾았다.",
                "sentenceSize": 27
            },
            {
                "sentenceNo": 4,
                "sentenceContent": "싱글과 동명의 타이틀곡인 ‘너를 사랑해도 될까’는 사랑하는 이와 함께 따뜻한 봄을 기다리고 싶다는 마음을 노래한 곡이다.",
                "sentenceSize": 67
            },
            {
                "sentenceNo": 5,
                "sentenceContent": "잔잔하고 포근한 피아노 선율과 ‘너를 사랑해도 될까. 너를 내 맘에 담아도 될 까’라고 묻는 솔직하면서도 감성적인 노랫말이 어우러졌다.",
                "sentenceSize": 75
            },
            {
                "sentenceNo": 6,
                "sentenceContent": "슬로우 폴은 신곡의 작사, 작곡, 편곡을 직접 맡았다.",
                "sentenceSize": 30
            },
            {
                "sentenceNo": 7,
                "sentenceContent": "편곡 작업은 2019년 1월 발매한 곡인 ‘겨울 바다는 얼지 않듯’을 함께 작업한 프로듀서 헨(HEN)과 공동으로 진행했다.",
                "sentenceSize": 69
            },
            {
                "sentenceNo": 8,
                "sentenceContent": "소속사 에이티원 엔터테인먼트는 음원 발매에 앞서 공식 SNS를 통해 새 싱글 커버 이미지를 선공개했다.",
                "sentenceSize": 57
            },
            {
                "sentenceNo": 9,
                "sentenceContent": "공개된 이미지에는 흰눈으로 덮인 벌판을 배경으로 신보 타이틀 ‘너를 사랑해도 될까’와 슬로우 폴 의 이름이 적혀 있다.",
                "sentenceSize": 66
            },
            {
                "sentenceNo": 10,
                "sentenceContent": "이를 통해 슬로우 폴이 겨울 시즌에 걸맞은 차분한 분위기의 곡으로 컴백할 것임을 예고했다.",
                "sentenceSize": 50
            },
            {
                "sentenceNo": 11,
                "sentenceContent": "슬로우 폴은 소속사를 통해 사랑을 시작하고 싶은 사람에게 사랑한다고 말하지 못하는 것이 그렇게 불행하고 답답한 일만은 아닌 것 같다.",
                "sentenceSize": 74
            },
            {
                "sentenceNo": 12,
                "sentenceContent": "때로는 서로 사랑할 때보다 더 깊은 사랑을 하게 되기도 하고, 그 사람이 내 마음 속 가장 안전한 곳에 지낼 수 있도록 힘쓰고 있기 때문이라고 신곡 내용을 귀띔했다.",
                "sentenceSize": 92
            },
            {
                "sentenceNo": 13,
                "sentenceContent": "새 싱글로 컴백하는 슬로우 폴은 그간 노영심, 버블시스터즈, 옥상달빛, 에이트, 코니탤벗 등 국내외 유명 뮤지션들의 세션 드러머로 활동했다.",
                "sentenceSize": 78
            },
            {
                "sentenceNo": 14,
                "sentenceContent": "2017년 싱글 ‘더 퍼스트 피스’(The First Piece)를 내며 솔 로 싱어송라이터로 데뷔했다.",
                "sentenceSize": 58
            },
            {
                "sentenceNo": 15,
                "sentenceContent": "신보를 발매하는 건 2년여 만이다.",
                "sentenceSize": 19
            },
            {
                "sentenceNo": 16,
                "sentenceContent": "슬로우 폴은 밴드 하이브로(HIGHBRO)의 드러머로도 활동 중이다.",
                "sentenceSize": 38
            },
            {
                "sentenceNo": 17,
                "sentenceContent": "장미여관 출신 배상재와 윤장현이 주축이 돼 결성한 하이브로는 지난달 신예 보컬 태근과 함께한 첫 싱글 ‘난 너만’을 발매하고 새 출발했다.",
                "sentenceSize": 77
            }
        ]
    },
    "labeledDataInfo": {
        "processSentenceInfo": [
            {
                "sentenceNo": 1,
                "sentenceContent": "싱어송라이터 겸 드러머 슬로우 폴(Slow Paul, 본명 김호용)이 겨울 감성 신곡으로 2년여 만에 컴백했다.",
                "subjectConsistencyYn": "Y"
            },
            {
                "sentenceNo": 2,
                "sentenceContent": "슬로우 폴은 24일 정오 각종 온라인 음원사이트를 통해 새 싱글 ‘너를 사랑해도 될까’를 발표했다.",
                "subjectConsistencyYn": "Y"
            },
            {
                "sentenceNo": 3,
                "sentenceContent": "크리스마스 이브에 신보를 들고 팬들 곁을 찾았다.",
                "subjectConsistencyYn": "Y"
            },
            {
                "sentenceNo": 4,
                "sentenceContent": "싱글과 동명의 타이틀곡인 ‘너를 사랑해도 될까’는 사랑하는 이와 함께 따뜻한 봄을 기다리고 싶다는 마음을 노래한 곡이다.",
                "subjectConsistencyYn": "Y"
            },
            {
                "sentenceNo": 5,
                "sentenceContent": "잔잔하고 포근한 피아노 선율과 ‘너를 사랑해도 될까. 너를 내 맘에 담아도 될 까’라고 묻는 솔직하면서도 감성적인 노랫말이 어우러졌다.",
                "subjectConsistencyYn": "Y"
            },
            {
                "sentenceNo": 6,
                "sentenceContent": "슬로우 폴은 신곡의 작사, 작곡, 편곡을 직접 맡았다.",
                "subjectConsistencyYn": "Y"
            },
            {
                "sentenceNo": 7,
                "sentenceContent": "편곡 작업은 2019년 1월 발매한 곡인 ‘겨울 바다는 얼지 않듯’을 함께 작업한 프로듀서 헨(HEN)과 공동으로 진행했다.",
                "subjectConsistencyYn": "Y"
            },
            {
                "sentenceNo": 8,
                "sentenceContent": "소속사 에이티원 엔터테인먼트는 음원 발매에 앞서 공식 SNS를 통해 새 싱글 커버 이미지를 선공개했다.",
                "subjectConsistencyYn": "Y"
            },
            {
                "sentenceNo": 9,
                "sentenceContent": "공개된 이미지에는 흰눈으로 덮인 벌판을 배경으로 신보 타이틀 ‘너를 사랑해도 될까’와 슬로우 폴 의 이름이 적혀 있다.",
                "subjectConsistencyYn": "Y"
            },
            {
                "sentenceNo": 10,
                "sentenceContent": "이를 통해 슬로우 폴이 겨울 시즌에 걸맞은 차분한 분위기의 곡으로 컴백할 것임을 예고했다.",
                "subjectConsistencyYn": "Y"
            },
            {
                "sentenceNo": 11,
                "sentenceContent": "슬로우 폴은 소속사를 통해 사랑을 시작하고 싶은 사람에게 사랑한다고 말하지 못하는 것이 그렇게 불행하고 답답한 일만은 아닌 것 같다.",
                "subjectConsistencyYn": "Y"
            },
            {
                "sentenceNo": 12,
                "sentenceContent": "때로는 서로 사랑할 때보다 더 깊은 사랑을 하게 되기도 하고, 그 사람이 내 마음 속 가장 안전한 곳에 지낼 수 있도록 힘쓰고 있기 때문이라고 신곡 내용을 귀띔했다.",
                "subjectConsistencyYn": "Y"
            },
            {
                "sentenceNo": 13,
                "sentenceContent": "새 싱글로 컴백하는 슬로우 폴은 그간 노영심, 버블시스터즈, 옥상달빛, 에이트, 코니탤벗 등 국내외 유명 뮤지션들의 세션 드러머로 활동했다.",
                "subjectConsistencyYn": "Y"
            },
            {
                "sentenceNo": 14,
                "sentenceContent": "2017년 싱글 ‘더 퍼스트 피스’(The First Piece)를 내며 솔 로 싱어송라이터로 데뷔했다.",
                "subjectConsistencyYn": "Y"
            },
            {
                "sentenceNo": 15,
                "sentenceContent": "신보를 발매하는 건 2년여 만이다.",
                "subjectConsistencyYn": "Y"
            },
            {
                "sentenceNo": 16,
                "sentenceContent": "슬로우 폴은 밴드 하이브로(HIGHBRO)의 드러머로도 활동 중이다.",
                "subjectConsistencyYn": "Y"
            },
            {
                "sentenceNo": 17,
                "sentenceContent": "장미여관 출신 배상재와 윤장현이 주축이 돼 결성한 하이브로는 지난달 신예 보컬 태근과 함께한 첫 싱글 ‘난 너만’을 발매하고 새 출발했다.",
                "subjectConsistencyYn": "Y"
            },
            {
                "sentenceNo": 18,
                "sentenceContent": "싱어송라이터 겸 드러머 슬로우 폴이 2년여 만에 컴백했다는 소식이 알려진 가운데, 한 인디음악 전문지 기사에서 슬로우 폴이 활동 중인 밴드 하이브로가 대중적으로 성공 가능성이 높은 수준 있는 팀으로 소개돼 팬들의 이목을 끌고 있다.",
                "subjectConsistencyYn": "N"
            },
            {
                "sentenceNo": 19,
                "sentenceContent": "기사에 따르면 2019년에 데뷔했다는 단순 이력만 보면 3년여밖에 안 된 신예 밴드지만 멤버 각각의 경력 들을 보면 하이브로가 왜 '구력의 밴드'인지 알 수 있다. ",
                "subjectConsistencyYn": "N"
            }
        ],
        "clickbaitClass": 0
    }
}