{
    "sourceDataInfo": {
        "newsID": "ET_M13_629487",
        "newsCategory": "연예",
        "newsSubcategory": "연예일반",
        "newsTitle": "김민재, ‘KBS 연기대상’ 베스트 커플상·우수상 2관왕 “오랫동안 지켜봐 달라”",
        "newsSubTitle": "",
        "newsContent": "배우 김민재가 ‘2021 KBS 연기대상’에서 2관왕의 영예를 안았다.\n김민재는 지난해 12월 31일 방송이 된 ‘2021 KBS 연기대상’에서 베스트 커플상과 우수상을 수상했다.\n김민재는 ‘달리와 감자탕’에서 함께 호흡을 맞춘 박규영과 베스트 커플상을 수상했다.\n수상 후 김민재는 “멜로 연기를 하면서 꼭 받고 싶은 상이었다”라고 밝혔다.\n또 드라마 팬들이 지어준 별명인 ‘인간 해파리’에 대해 “제일 마음에 드는 별명이다. ‘달리를 향한 마음이 투명하다’라는 뜻에서 지어주셨는데, 너무 센스 있다고 생각했다”라고 전했다.\n김민재는 ‘달리와 감자탕’으로 미니시리즈 부문 우수상을 수상했다.\n김민재는 “촬영하는 동안 행복하고 유쾌했는데 상까지 주셔서 감사하다. 감독님, 작가님을 비롯한 스태프분들 그리고 함께 호흡 맞춰준 배우분들께도 감사드린다. ‘달리와 감자탕’을 사랑해 주신 팬분들과 시청자분들에게 감사하고, 사랑하는 일을 계속할 수 있게 해주셔서 감사하다. 오랫동안 지켜봐 달라”라고 소감을 전했다.\n김민재는 ‘2020 SBS 연기대상’에서 ‘브람스를 좋아하세요?’로 배스트 커플상과 미니 시리즈/판타지 부문 우수 연기상을 차지한데 이어 ‘2021 KBS 연기대상’에서도 수상의 영광을 안으며 2년 연속 2관왕이라는 의미 있는 기록을 세웠다.\n김민재는 지난해 11월 종영한 드라마 ‘달리와 감자탕’에서 진무학 역을 맡아 열연을 펼쳤다.\n김민재는 무지, 무식, 무학한 캐릭터를 완벽하게 소화하며 첫 코믹 연기 도전을 성공적으로 마쳤다.\n연기 변신을 선보이며 ‘믿고 보는 배우’로 한걸음 더 발돋움한 김민재는 올해 하반기 방영 예정인 tvN 새 드라마에 출연하며 활발한 활동을 이어갈 계획이다.",
        "partNum": "P2",
        "useType": 0,
        "processType": "D",
        "processPattern": "24",
        "processLevel": "상",
        "sentenceCount": 11,
        "processSentencenum": 2,
        "sentenceInfo": [
            {
                "sentenceNo": 1,
                "sentenceContent": "배우 김민재가 ‘2021 KBS 연기대상’에서 2관왕의 영예를 안았다.",
                "sentenceSize": 39
            },
            {
                "sentenceNo": 2,
                "sentenceContent": "김민재는 지난해 12월 31일 방송이 된 ‘2021 KBS 연기대상’에서 베스트 커플상과 우수상을 수상했다.",
                "sentenceSize": 60
            },
            {
                "sentenceNo": 3,
                "sentenceContent": "김민재는 ‘달리와 감자탕’에서 함께 호흡을 맞춘 박규영과 베스트 커플상을 수상했다.",
                "sentenceSize": 46
            },
            {
                "sentenceNo": 4,
                "sentenceContent": "수상 후 김민재는 “멜로 연기를 하면서 꼭 받고 싶은 상이었다”라고 밝혔다.",
                "sentenceSize": 42
            },
            {
                "sentenceNo": 5,
                "sentenceContent": "또 드라마 팬들이 지어준 별명인 ‘인간 해파리’에 대해 “제일 마음에 드는 별명이다. ‘달리를 향한 마음이 투명하다’라는 뜻에서 지어주셨는데, 너무 센스 있다고 생각했다”라고 전했다.",
                "sentenceSize": 102
            },
            {
                "sentenceNo": 6,
                "sentenceContent": "김민재는 ‘달리와 감자탕’으로 미니시리즈 부문 우수상을 수상했다.",
                "sentenceSize": 36
            },
            {
                "sentenceNo": 7,
                "sentenceContent": "김민재는 “촬영하는 동안 행복하고 유쾌했는데 상까지 주셔서 감사하다. 감독님, 작가님을 비롯한 스태프분들 그리고 함께 호흡 맞춰준 배우분들께도 감사드린다. ‘달리와 감자탕’을 사랑해 주신 팬분들과 시청자분들에게 감사하고, 사랑하는 일을 계속할 수 있게 해주셔서 감사하다. 오랫동안 지켜봐 달라”라고 소감을 전했다.",
                "sentenceSize": 175
            },
            {
                "sentenceNo": 8,
                "sentenceContent": "김민재는 ‘2020 SBS 연기대상’에서 ‘브람스를 좋아하세요?’로 배스트 커플상과 미니 시리즈/판타지 부문 우수 연기상을 차지한데 이어 ‘2021 KBS 연기대상’에서도 수상의 영광을 안으며 2년 연속 2관왕이라는 의미 있는 기록을 세웠다.",
                "sentenceSize": 135
            },
            {
                "sentenceNo": 9,
                "sentenceContent": "김민재는 지난해 11월 종영한 드라마 ‘달리와 감자탕’에서 진무학 역을 맡아 열연을 펼쳤다.",
                "sentenceSize": 51
            },
            {
                "sentenceNo": 10,
                "sentenceContent": "김민재는 무지, 무식, 무학한 캐릭터를 완벽하게 소화하며 첫 코믹 연기 도전을 성공적으로 마쳤다.",
                "sentenceSize": 54
            },
            {
                "sentenceNo": 11,
                "sentenceContent": "연기 변신을 선보이며 ‘믿고 보는 배우’로 한걸음 더 발돋움한 김민재는 올해 하반기 방영 예정인 tvN 새 드라마에 출연하며 활발한 활동을 이어갈 계획이다.",
                "sentenceSize": 87
            }
        ]
    },
    "labeledDataInfo": {
        "processSentenceInfo": [
            {
                "sentenceNo": 1,
                "sentenceContent": "배우 김민재가 ‘2021 KBS 연기대상’에서 2관왕의 영예를 안았다.",
                "subjectConsistencyYn": "Y"
            },
            {
                "sentenceNo": 2,
                "sentenceContent": "김민재는 지난해 12월 31일 방송이 된 ‘2021 KBS 연기대상’에서 베스트 커플상과 우수상을 수상했다.",
                "subjectConsistencyYn": "Y"
            },
            {
                "sentenceNo": 3,
                "sentenceContent": "김민재는 ‘달리와 감자탕’에서 함께 호흡을 맞춘 박규영과 베스트 커플상을 수상했다.",
                "subjectConsistencyYn": "Y"
            },
            {
                "sentenceNo": 4,
                "sentenceContent": "수상 후 김민재는 “멜로 연기를 하면서 꼭 받고 싶은 상이었다”라고 밝혔다.",
                "subjectConsistencyYn": "Y"
            },
            {
                "sentenceNo": 5,
                "sentenceContent": "또 드라마 팬들이 지어준 별명인 ‘인간 해파리’에 대해 “제일 마음에 드는 별명이다. ‘달리를 향한 마음이 투명하다’라는 뜻에서 지어주셨는데, 너무 센스 있다고 생각했다”라고 전했다.",
                "subjectConsistencyYn": "Y"
            },
            {
                "sentenceNo": 6,
                "sentenceContent": "김민재는 ‘달리와 감자탕’으로 미니시리즈 부문 우수상을 수상했다.",
                "subjectConsistencyYn": "Y"
            },
            {
                "sentenceNo": 7,
                "sentenceContent": "김민재는 “촬영하는 동안 행복하고 유쾌했는데 상까지 주셔서 감사하다. 감독님, 작가님을 비롯한 스태프분들 그리고 함께 호흡 맞춰준 배우분들께도 감사드린다. ‘달리와 감자탕’을 사랑해 주신 팬분들과 시청자분들에게 감사하고, 사랑하는 일을 계속할 수 있게 해주셔서 감사하다. 오랫동안 지켜봐 달라”라고 소감을 전했다.",
                "subjectConsistencyYn": "Y"
            },
            {
                "sentenceNo": 8,
                "sentenceContent": "김민재는 ‘2020 SBS 연기대상’에서 ‘브람스를 좋아하세요?’로 배스트 커플상과 미니 시리즈/판타지 부문 우수 연기상을 차지한데 이어 ‘2021 KBS 연기대상’에서도 수상의 영광을 안으며 2년 연속 2관왕이라는 의미 있는 기록을 세웠다.",
                "subjectConsistencyYn": "Y"
            },
            {
                "sentenceNo": 9,
                "sentenceContent": "김민재는 지난해 11월 종영한 드라마 ‘달리와 감자탕’에서 진무학 역을 맡아 열연을 펼쳤다.",
                "subjectConsistencyYn": "Y"
            },
            {
                "sentenceNo": 10,
                "sentenceContent": "김민재는 무지, 무식, 무학한 캐릭터를 완벽하게 소화하며 첫 코믹 연기 도전을 성공적으로 마쳤다.",
                "subjectConsistencyYn": "Y"
            },
            {
                "sentenceNo": 11,
                "sentenceContent": "연기 변신을 선보이며 ‘믿고 보는 배우’로 한걸음 더 발돋움한 김민재는 올해 하반기 방영 예정인 tvN 새 드라마에 출연하며 활발한 활동을 이어갈 계획이다.",
                "subjectConsistencyYn": "Y"
            },
            {
                "sentenceNo": 12,
                "sentenceContent": "배우 김민재가 ‘2021 KBS 연기대상’에서 2관왕의 영예를 안은 한편, 부상 여파로 이날 경기에 뛰지 못한 대표팀 수비수 김민재는 “선수들이 정말 잘해줘 고맙다. 말로 표현하지 못할 경험”이라며 기뻐했다.",
                "subjectConsistencyYn": "N"
            },
            {
                "sentenceNo": 13,
                "sentenceContent": "경기 직후 방송 인터뷰에서 “밖에서 보는 게 더 힘들었다”고 밝힌 김민재는 “정말 자랑스럽다. 이제 다음 경기(16강전)를 준비해야 한다”며 출전 의지를 다졌다.",
                "subjectConsistencyYn": "N"
            }
        ],
        "clickbaitClass": 0
    }
}