{
    "sourceDataInfo": {
        "newsID": "ET_M13_629411",
        "newsCategory": "연예",
        "newsSubcategory": "음악",
        "newsTitle": "방탄소년단 뷔, 홀로 미국 점령",
        "newsSubTitle": "",
        "newsContent": "방탄소년단 멤버 뷔가 홀로 미국을 점령했다.\n방탄소년단 팬덤 아미에 따르면 멤버 뷔는 지난 27일 ‘크리스마스 트리’(Christmas Tree)와 해당 인서트 곡을 아마존 메스트셀러 송 차트와 인터내셔널 베스트셀러 송 차트 1·2위에 올리며 줄세우기했다.\n뷔는 이밖에도 아마존 타 차트 등에도 1위에 오르며 아마존 메인 차트를 사실상 ‘올킬’했다.\n크리스마스 이브에 공개된 뷔의 곡 ‘크리스마스 트리’는 아이튠즈 역대 최단시간 2시간 만에 50개국 1위를 기록하는 음원파워를 자랑했고, 결국 아마존까지 점령했다.\n뷔는 미국 아이튠즈 톱송 진입 1위 곡을 두 번이나 보유한 유일한 한국 출신 솔로 아티스트로 기록됐다.\n정상 등극이 어렵다고 알려진 미국 아이튠즈 톱송 차트에 4일 연속 1위를 기록한 것은 유의미한 기록으로 평가된다.\n위는 협업 곡이 아닌 솔로 곡으로 미국 아이튠즈 톱송 차트 3곡, 1위는 한국 솔로 아티스트 최초이자 방탄소년단 멤버로서도 최고 기록이다.\n드라마 영상을 담은 뮤직비디오도 ‘아이튠즈 톱 뮤직 비디오’ 미국 1위에 올라와 있다.",
        "partNum": "P2",
        "useType": 0,
        "processType": "D",
        "processPattern": "24",
        "processLevel": "상",
        "sentenceCount": 8,
        "processSentencenum": 2,
        "sentenceInfo": [
            {
                "sentenceNo": 1,
                "sentenceContent": "방탄소년단 멤버 뷔가 홀로 미국을 점령했다.",
                "sentenceSize": 24
            },
            {
                "sentenceNo": 2,
                "sentenceContent": "방탄소년단 팬덤 아미에 따르면 멤버 뷔는 지난 27일 ‘크리스마스 트리’(Christmas Tree)와 해당 인서트 곡을 아마존 메스트셀러 송 차트와 인터내셔널 베스트셀러 송 차트 1·2위에 올리며 줄세우기했다.",
                "sentenceSize": 118
            },
            {
                "sentenceNo": 3,
                "sentenceContent": "뷔는 이밖에도 아마존 타 차트 등에도 1위에 오르며 아마존 메인 차트를 사실상 ‘올킬’했다.",
                "sentenceSize": 51
            },
            {
                "sentenceNo": 4,
                "sentenceContent": "크리스마스 이브에 공개된 뷔의 곡 ‘크리스마스 트리’는 아이튠즈 역대 최단시간 2시간 만에 50개국 1위를 기록하는 음원파워를 자랑했고, 결국 아마존까지 점령했다.",
                "sentenceSize": 91
            },
            {
                "sentenceNo": 5,
                "sentenceContent": "뷔는 미국 아이튠즈 톱송 진입 1위 곡을 두 번이나 보유한 유일한 한국 출신 솔로 아티스트로 기록됐다.",
                "sentenceSize": 57
            },
            {
                "sentenceNo": 6,
                "sentenceContent": "정상 등극이 어렵다고 알려진 미국 아이튠즈 톱송 차트에 4일 연속 1위를 기록한 것은 유의미한 기록으로 평가된다.",
                "sentenceSize": 63
            },
            {
                "sentenceNo": 7,
                "sentenceContent": "위는 협업 곡이 아닌 솔로 곡으로 미국 아이튠즈 톱송 차트 3곡, 1위는 한국 솔로 아티스트 최초이자 방탄소년단 멤버로서도 최고 기록이다.",
                "sentenceSize": 77
            },
            {
                "sentenceNo": 8,
                "sentenceContent": "드라마 영상을 담은 뮤직비디오도 ‘아이튠즈 톱 뮤직 비디오’ 미국 1위에 올라와 있다.",
                "sentenceSize": 48
            }
        ]
    },
    "labeledDataInfo": {
        "processSentenceInfo": [
            {
                "sentenceNo": 1,
                "sentenceContent": "방탄소년단 멤버 뷔가 홀로 미국을 점령했다.",
                "subjectConsistencyYn": "Y"
            },
            {
                "sentenceNo": 2,
                "sentenceContent": "방탄소년단 팬덤 아미에 따르면 멤버 뷔는 지난 27일 ‘크리스마스 트리’(Christmas Tree)와 해당 인서트 곡을 아마존 메스트셀러 송 차트와 인터내셔널 베스트셀러 송 차트 1·2위에 올리며 줄세우기했다.",
                "subjectConsistencyYn": "Y"
            },
            {
                "sentenceNo": 3,
                "sentenceContent": "뷔는 이밖에도 아마존 타 차트 등에도 1위에 오르며 아마존 메인 차트를 사실상 ‘올킬’했다.",
                "subjectConsistencyYn": "Y"
            },
            {
                "sentenceNo": 4,
                "sentenceContent": "크리스마스 이브에 공개된 뷔의 곡 ‘크리스마스 트리’는 아이튠즈 역대 최단시간 2시간 만에 50개국 1위를 기록하는 음원파워를 자랑했고, 결국 아마존까지 점령했다.",
                "subjectConsistencyYn": "Y"
            },
            {
                "sentenceNo": 5,
                "sentenceContent": "뷔는 미국 아이튠즈 톱송 진입 1위 곡을 두 번이나 보유한 유일한 한국 출신 솔로 아티스트로 기록됐다.",
                "subjectConsistencyYn": "Y"
            },
            {
                "sentenceNo": 6,
                "sentenceContent": "정상 등극이 어렵다고 알려진 미국 아이튠즈 톱송 차트에 4일 연속 1위를 기록한 것은 유의미한 기록으로 평가된다.",
                "subjectConsistencyYn": "Y"
            },
            {
                "sentenceNo": 7,
                "sentenceContent": "위는 협업 곡이 아닌 솔로 곡으로 미국 아이튠즈 톱송 차트 3곡, 1위는 한국 솔로 아티스트 최초이자 방탄소년단 멤버로서도 최고 기록이다.",
                "subjectConsistencyYn": "Y"
            },
            {
                "sentenceNo": 8,
                "sentenceContent": "드라마 영상을 담은 뮤직비디오도 ‘아이튠즈 톱 뮤직 비디오’ 미국 1위에 올라와 있다.",
                "subjectConsistencyYn": "Y"
            },
            {
                "sentenceNo": 9,
                "sentenceContent": "크리스마스 이브에 공개된 뷔의 곡 ‘크리스마스 트리’가 미국의 각종 차트를 점령한 가운데, BTS 뷔가 악성 루머를 퍼뜨린 유튜버를 고소하겠다고 밝혔다. ",
                "subjectConsistencyYn": "N"
            },
            {
                "sentenceNo": 10,
                "sentenceContent": "뷔가 저격한 대상은 '사이버 렉카'라고 불리는 유튜버로, 아이돌 관련 악의적인 이슈만 모아 영상을 제작하는 것으로 알려졌다.",
                "subjectConsistencyYn": "N"
            }
        ],
        "clickbaitClass": 0
    }
}