{
    "sourceDataInfo": {
        "newsID": "ET_M13_629629",
        "newsCategory": "연예",
        "newsSubcategory": "음악",
        "newsTitle": "에이티즈X메이크스타, 스페셜 선물",
        "newsSubTitle": "",
        "newsContent": "글로벌 엔터테인먼트 플랫폼 메이크스타가 그룹 에이티즈(ATEEZ)와 특별한 이벤트를 마련했다.\n메이크스타는 지난 8일 에이티즈의 첫 리패키지 EP ‘ZERO : FEVER EPILOGUE’ 럭키드로우 이벤트 페이지를 오픈하며 글로벌 에이티니(ATINY, 팬덤명)에게 설렘을 안겼다.\n이번 럭키드로우 이벤트는 오는 16일까지 진행할 예정이다.\n메이크스타는 이벤트 페이지를 통해 ‘ZERO : FEVER EPILOGUE’를 구매하는 팬들을 대상으로 특별한 재질의 럭키드로우 한정판 미공개 포토카드 24종 중 1장을 지급한다.\n이벤트 페이지 오픈 첫날부터 뜨거운 환호를 이끌어내고 있다는 후문이다.\n특히 메이크스타에서만 만나볼 수 있는 선물이 눈길을 끈다. ‘ZERO : FEVER EPILOGUE’를 구매하는 팬들 중 16명을 추첨해 사인 포스터를 제공하는 것. 메이크스타 측은 “앞서 공개한 이벤트 외에도 팬들을 위해 특별한 오프라인 이벤트 등 다양한 방식을 고안하여 만반의 준비를 갖췄다. 전 세계 에이티니 여러분의 열렬한 참여를 기대한다”고 전했다.\n에이티즈의 ‘ZERO : FEVER EPILOGUE’는 ‘FEVER’ 시리즈를 총망라하는 앨범으로, 더블 타이틀 곡 ‘야간비행 (Turbulence)’과 ‘멋 (The Real) (흥 : 興 Ver)’을 포함한 총 10개 트랙이 수록됐다.\n한편, 메이크스타는 세계 최초로 전 세계 200여 국가의 팬들과 한류 스타들 연결해 글로벌 팬들에게 더 가까이 우리의 한류 콘텐츠를 소개하고 공유하는 플랫폼이다.",
        "partNum": "P2",
        "useType": 0,
        "processType": "D",
        "processPattern": "24",
        "processLevel": "상",
        "sentenceCount": 8,
        "processSentencenum": 2,
        "sentenceInfo": [
            {
                "sentenceNo": 1,
                "sentenceContent": "글로벌 엔터테인먼트 플랫폼 메이크스타가 그룹 에이티즈(ATEEZ)와 특별한 이벤트를 마련했다.",
                "sentenceSize": 52
            },
            {
                "sentenceNo": 2,
                "sentenceContent": "메이크스타는 지난 8일 에이티즈의 첫 리패키지 EP ‘ZERO : FEVER EPILOGUE’ 럭키드로우 이벤트 페이지를 오픈하며 글로벌 에이티니(ATINY, 팬덤명)에게 설렘을 안겼다.",
                "sentenceSize": 104
            },
            {
                "sentenceNo": 3,
                "sentenceContent": "이번 럭키드로우 이벤트는 오는 16일까지 진행할 예정이다.",
                "sentenceSize": 32
            },
            {
                "sentenceNo": 4,
                "sentenceContent": "메이크스타는 이벤트 페이지를 통해 ‘ZERO : FEVER EPILOGUE’를 구매하는 팬들을 대상으로 특별한 재질의 럭키드로우 한정판 미공개 포토카드 24종 중 1장을 지급한다.",
                "sentenceSize": 100
            },
            {
                "sentenceNo": 5,
                "sentenceContent": "이벤트 페이지 오픈 첫날부터 뜨거운 환호를 이끌어내고 있다는 후문이다.",
                "sentenceSize": 39
            },
            {
                "sentenceNo": 6,
                "sentenceContent": "특히 메이크스타에서만 만나볼 수 있는 선물이 눈길을 끈다. ‘ZERO : FEVER EPILOGUE’를 구매하는 팬들 중 16명을 추첨해 사인 포스터를 제공하는 것. 메이크스타 측은 “앞서 공개한 이벤트 외에도 팬들을 위해 특별한 오프라인 이벤트 등 다양한 방식을 고안하여 만반의 준비를 갖췄다. 전 세계 에이티니 여러분의 열렬한 참여를 기대한다”고 전했다.",
                "sentenceSize": 200
            },
            {
                "sentenceNo": 7,
                "sentenceContent": "에이티즈의 ‘ZERO : FEVER EPILOGUE’는 ‘FEVER’ 시리즈를 총망라하는 앨범으로, 더블 타이틀 곡 ‘야간비행 (Turbulence)’과 ‘멋 (The Real) (흥 : 興 Ver)’을 포함한 총 10개 트랙이 수록됐다.",
                "sentenceSize": 133
            },
            {
                "sentenceNo": 8,
                "sentenceContent": "한편, 메이크스타는 세계 최초로 전 세계 200여 국가의 팬들과 한류 스타들 연결해 글로벌 팬들에게 더 가까이 우리의 한류 콘텐츠를 소개하고 공유하는 플랫폼이다.",
                "sentenceSize": 90
            }
        ]
    },
    "labeledDataInfo": {
        "processSentenceInfo": [
            {
                "sentenceNo": 1,
                "sentenceContent": "글로벌 엔터테인먼트 플랫폼 메이크스타가 그룹 에이티즈(ATEEZ)와 특별한 이벤트를 마련했다.",
                "subjectConsistencyYn": "Y"
            },
            {
                "sentenceNo": 2,
                "sentenceContent": "메이크스타는 지난 8일 에이티즈의 첫 리패키지 EP ‘ZERO : FEVER EPILOGUE’ 럭키드로우 이벤트 페이지를 오픈하며 글로벌 에이티니(ATINY, 팬덤명)에게 설렘을 안겼다.",
                "subjectConsistencyYn": "Y"
            },
            {
                "sentenceNo": 3,
                "sentenceContent": "이번 럭키드로우 이벤트는 오는 16일까지 진행할 예정이다.",
                "subjectConsistencyYn": "Y"
            },
            {
                "sentenceNo": 4,
                "sentenceContent": "메이크스타는 이벤트 페이지를 통해 ‘ZERO : FEVER EPILOGUE’를 구매하는 팬들을 대상으로 특별한 재질의 럭키드로우 한정판 미공개 포토카드 24종 중 1장을 지급한다.",
                "subjectConsistencyYn": "Y"
            },
            {
                "sentenceNo": 5,
                "sentenceContent": "이벤트 페이지 오픈 첫날부터 뜨거운 환호를 이끌어내고 있다는 후문이다.",
                "subjectConsistencyYn": "Y"
            },
            {
                "sentenceNo": 6,
                "sentenceContent": "특히 메이크스타에서만 만나볼 수 있는 선물이 눈길을 끈다. ‘ZERO : FEVER EPILOGUE’를 구매하는 팬들 중 16명을 추첨해 사인 포스터를 제공하는 것. 메이크스타 측은 “앞서 공개한 이벤트 외에도 팬들을 위해 특별한 오프라인 이벤트 등 다양한 방식을 고안하여 만반의 준비를 갖췄다. 전 세계 에이티니 여러분의 열렬한 참여를 기대한다”고 전했다.",
                "subjectConsistencyYn": "Y"
            },
            {
                "sentenceNo": 7,
                "sentenceContent": "에이티즈의 ‘ZERO : FEVER EPILOGUE’는 ‘FEVER’ 시리즈를 총망라하는 앨범으로, 더블 타이틀 곡 ‘야간비행 (Turbulence)’과 ‘멋 (The Real) (흥 : 興 Ver)’을 포함한 총 10개 트랙이 수록됐다.",
                "subjectConsistencyYn": "Y"
            },
            {
                "sentenceNo": 8,
                "sentenceContent": "한편, 메이크스타는 세계 최초로 전 세계 200여 국가의 팬들과 한류 스타들 연결해 글로벌 팬들에게 더 가까이 우리의 한류 콘텐츠를 소개하고 공유하는 플랫폼이다.",
                "subjectConsistencyYn": "Y"
            },
            {
                "sentenceNo": 9,
                "sentenceContent": "그룹 에이티즈의 첫 리패키지 EP ‘ZERO : FEVER EPILOGUE’ 럭키드로우 이벤트 페이지를 오픈한 메이크스타가 2021년 매출이 전년 대비 175% 증가한 것으로 나타났다.",
                "subjectConsistencyYn": "N"
            },
            {
                "sentenceNo": 10,
                "sentenceContent": "이는 메이크스타의 2020년 매출인 108억 대비 두 배 이상 증가한 수치이며, 2022년 1분기도 이미 매출 110억 원을 달성해 또 한 번의 매출 경신을 기대하고 있다.",
                "subjectConsistencyYn": "N"
            }
        ],
        "clickbaitClass": 0
    }
}