{
    "sourceDataInfo": {
        "newsID": "ET_M13_629491",
        "newsCategory": "연예",
        "newsSubcategory": "연예일반",
        "newsTitle": "정동하, ‘너의 모습’ 커버 챌린지 “1~3위, 정동하와 듀엣 영상 제작 기회”",
        "newsSubTitle": "",
        "newsContent": "정동하가 특별한 챌린지로 팬들과 소통할 전망이다.\n보컬리스트 정동하와 함께하는 ‘금영 노래방 X 샌드박스 커버 챌린지 (정동하 편)’가 오늘 3일 개최된다.\n참여 방법은 금영 노래방 반주기나 금영 노래방 공식 유튜브 채널 또는 새롭게 만든 ‘가방’ 어플을 이용해 정동하의 신곡 ‘너의 모습’을 1분 이상 가창한 영상을 이벤트 해시태그와 함께 유튜브 통해 인스타그램에 업로드하는 방식으로 진행된다.\n참여 기간은 오늘 3일부터 오는 24일까지이며, 당첨자 발표 및 당첨자 영상 공개는 오는 2월 8일 예정이다.\n챌린지에서 1위부터 3위를 차지한 참가자는 정동하와 듀엣 영상을 제작할 수 있는 기회가 주어진다.\n또한, 정동하는 이번 챌린지 참가 영상에 직접 댓글을 남기는 등 활발한 소통을 예고해 의미를 더했다.\n챌린지 곡 ‘너의 모습’은 사랑했던 사람과의 이별 후 단절된 지난날의 추억을 돌이켜보며 다시 만날 수 없는 현실의 애환을 담아낸 곡이다.\n폭발하는 고음으로 역대급 난이도를 자랑한 이 곡은 ‘정동하 표 이별 발라드’의 진수를 보여주며 리스너들의 사랑을 받고 있다. ‘너의 모습’뿐만 아니라 지난해 1월 발매된 ‘추억은 만남보다 이별에 남아’ 역시 금영 노래방에 수록된 이후 꾸준히 사랑을 받으며 노래방 순위 3위를 기록하고 있다.\n정동하와 함께하는 ‘금영 노래방 X 샌드박스 커버 챌린지’에 대한 자세한 내용은 금영 노래방 공식 유튜브 채널을 통해 확인할 수 있다.",
        "partNum": "P2",
        "useType": 0,
        "processType": "D",
        "processPattern": "24",
        "processLevel": "상",
        "sentenceCount": 9,
        "processSentencenum": 2,
        "sentenceInfo": [
            {
                "sentenceNo": 1,
                "sentenceContent": "정동하가 특별한 챌린지로 팬들과 소통할 전망이다.",
                "sentenceSize": 27
            },
            {
                "sentenceNo": 2,
                "sentenceContent": "보컬리스트 정동하와 함께하는 ‘금영 노래방 X 샌드박스 커버 챌린지 (정동하 편)’가 오늘 3일 개최된다.",
                "sentenceSize": 59
            },
            {
                "sentenceNo": 3,
                "sentenceContent": "참여 방법은 금영 노래방 반주기나 금영 노래방 공식 유튜브 채널 또는 새롭게 만든 ‘가방’ 어플을 이용해 정동하의 신곡 ‘너의 모습’을 1분 이상 가창한 영상을 이벤트 해시태그와 함께 유튜브 통해 인스타그램에 업로드하는 방식으로 진행된다.",
                "sentenceSize": 133
            },
            {
                "sentenceNo": 4,
                "sentenceContent": "참여 기간은 오늘 3일부터 오는 24일까지이며, 당첨자 발표 및 당첨자 영상 공개는 오는 2월 8일 예정이다.",
                "sentenceSize": 61
            },
            {
                "sentenceNo": 5,
                "sentenceContent": "챌린지에서 1위부터 3위를 차지한 참가자는 정동하와 듀엣 영상을 제작할 수 있는 기회가 주어진다.",
                "sentenceSize": 54
            },
            {
                "sentenceNo": 6,
                "sentenceContent": "또한, 정동하는 이번 챌린지 참가 영상에 직접 댓글을 남기는 등 활발한 소통을 예고해 의미를 더했다.",
                "sentenceSize": 56
            },
            {
                "sentenceNo": 7,
                "sentenceContent": "챌린지 곡 ‘너의 모습’은 사랑했던 사람과의 이별 후 단절된 지난날의 추억을 돌이켜보며 다시 만날 수 없는 현실의 애환을 담아낸 곡이다.",
                "sentenceSize": 76
            },
            {
                "sentenceNo": 8,
                "sentenceContent": "폭발하는 고음으로 역대급 난이도를 자랑한 이 곡은 ‘정동하 표 이별 발라드’의 진수를 보여주며 리스너들의 사랑을 받고 있다. ‘너의 모습’뿐만 아니라 지난해 1월 발매된 ‘추억은 만남보다 이별에 남아’ 역시 금영 노래방에 수록된 이후 꾸준히 사랑을 받으며 노래방 순위 3위를 기록하고 있다.",
                "sentenceSize": 162
            },
            {
                "sentenceNo": 9,
                "sentenceContent": "정동하와 함께하는 ‘금영 노래방 X 샌드박스 커버 챌린지’에 대한 자세한 내용은 금영 노래방 공식 유튜브 채널을 통해 확인할 수 있다.",
                "sentenceSize": 75
            }
        ]
    },
    "labeledDataInfo": {
        "processSentenceInfo": [
            {
                "sentenceNo": 1,
                "sentenceContent": "정동하가 특별한 챌린지로 팬들과 소통할 전망이다.",
                "subjectConsistencyYn": "Y"
            },
            {
                "sentenceNo": 2,
                "sentenceContent": "보컬리스트 정동하와 함께하는 ‘금영 노래방 X 샌드박스 커버 챌린지 (정동하 편)’가 오늘 3일 개최된다.",
                "subjectConsistencyYn": "Y"
            },
            {
                "sentenceNo": 3,
                "sentenceContent": "참여 방법은 금영 노래방 반주기나 금영 노래방 공식 유튜브 채널 또는 새롭게 만든 ‘가방’ 어플을 이용해 정동하의 신곡 ‘너의 모습’을 1분 이상 가창한 영상을 이벤트 해시태그와 함께 유튜브 통해 인스타그램에 업로드하는 방식으로 진행된다.",
                "subjectConsistencyYn": "Y"
            },
            {
                "sentenceNo": 4,
                "sentenceContent": "참여 기간은 오늘 3일부터 오는 24일까지이며, 당첨자 발표 및 당첨자 영상 공개는 오는 2월 8일 예정이다.",
                "subjectConsistencyYn": "Y"
            },
            {
                "sentenceNo": 5,
                "sentenceContent": "챌린지에서 1위부터 3위를 차지한 참가자는 정동하와 듀엣 영상을 제작할 수 있는 기회가 주어진다.",
                "subjectConsistencyYn": "Y"
            },
            {
                "sentenceNo": 6,
                "sentenceContent": "또한, 정동하는 이번 챌린지 참가 영상에 직접 댓글을 남기는 등 활발한 소통을 예고해 의미를 더했다.",
                "subjectConsistencyYn": "Y"
            },
            {
                "sentenceNo": 7,
                "sentenceContent": "챌린지 곡 ‘너의 모습’은 사랑했던 사람과의 이별 후 단절된 지난날의 추억을 돌이켜보며 다시 만날 수 없는 현실의 애환을 담아낸 곡이다.",
                "subjectConsistencyYn": "Y"
            },
            {
                "sentenceNo": 8,
                "sentenceContent": "폭발하는 고음으로 역대급 난이도를 자랑한 이 곡은 ‘정동하 표 이별 발라드’의 진수를 보여주며 리스너들의 사랑을 받고 있다. ‘너의 모습’뿐만 아니라 지난해 1월 발매된 ‘추억은 만남보다 이별에 남아’ 역시 금영 노래방에 수록된 이후 꾸준히 사랑을 받으며 노래방 순위 3위를 기록하고 있다.",
                "subjectConsistencyYn": "Y"
            },
            {
                "sentenceNo": 9,
                "sentenceContent": "정동하와 함께하는 ‘금영 노래방 X 샌드박스 커버 챌린지’에 대한 자세한 내용은 금영 노래방 공식 유튜브 채널을 통해 확인할 수 있다.",
                "subjectConsistencyYn": "Y"
            },
            {
                "sentenceNo": 10,
                "sentenceContent": "정동하가 특별한 챌린지로 팬들과 소통할 전망인 가운데, 12월 24일 오후 8시 30분 서울 상명아트센터 계당홀에서 '2022 정동하 크리스마스 콘서트'를 연다. ",
                "subjectConsistencyYn": "N"
            },
            {
                "sentenceNo": 11,
                "sentenceContent": "정동하가 얼마 전 신곡 '단골집'을 발매한 만큼, 신곡의 라이브 무대와 더불어 연말의 분위기를 느낄 수 있는 크리스마스 캐롤까지 풍성한 밴드 라이브와 함께 다양한 무대를 선보일 것으로 예상된다.",
                "subjectConsistencyYn": "N"
            }
        ],
        "clickbaitClass": 0
    }
}