{
    "sourceDataInfo": {
        "newsID": "ET_M13_629356",
        "newsCategory": "연예",
        "newsSubcategory": "연예일반",
        "newsTitle": "‘시티팝 장인’ 김아름, 신곡 ‘그대 이름에 안녕’ 크리스마스 이브 깜짝 공개",
        "newsSubTitle": "",
        "newsContent": "‘시티팝 장인’ 김아름이 시린 겨울을 견디는 이들에게 위로를 전할 노래로 돌아왔다.\n24일 정오 공개된 김아름의 노래 ‘그대 이름에 안녕’은 겨울 한복판에서 이별을 맞은 이의 이야기다.\n그리움과 미련, 체념과 안타까움, 야속함 등 이별 후 모두가 경험하게 되는 여러 감정들을 노랫말에 차곡하게 눌러 담았다.\n모두가 행복해 보이는 시기에 힘겹게 외로움을 견디고 있는 이들을 위로하기 위한 곡으로 크리스마스 이브라는 상징적인 날에 공개해 남다른 의미를 더한다.\n김아름의 총괄 프로듀서 스페이스카우보이와 스페이스사운드에서 오랜 시간 호흡을 맞춘 제이드, Zeenan 등 실력파 프로듀서들이 작사, 작곡, 편곡에 참여했다.\n90년대 겨울 거리 풍경이 눈 앞에 펼쳐지는 듯한 사운드 디자인과 더 없이 따뜻한 멜로디는 노래의 슬픈 이야기를 포근하게 감싸며 리스너들에게 위로를 전한다. ‘그대 이름에 안녕’은 그동안 대중들의 많은 사랑을 받았던 김아름의 대표곡 ‘선’, ‘겨울의 기적’ ‘Aqua’(feat.뮤지) ‘Summer City’의 청량한 보이스를 고스란히 유지한다.\n김아름의 밝은 노래에 익숙했던 팬들에게 기존에 전면에서 시도하지 않았던 쓸쓸한 노랫말과 깊은 감정 표현은 보컬리스트 김아름의 새로운 매력을 전달하기 충분할 것으로 기대된다.",
        "partNum": "P2",
        "useType": 0,
        "processType": "D",
        "processPattern": "24",
        "processLevel": "상",
        "sentenceCount": 7,
        "processSentencenum": 2,
        "sentenceInfo": [
            {
                "sentenceNo": 1,
                "sentenceContent": "‘시티팝 장인’ 김아름이 시린 겨울을 견디는 이들에게 위로를 전할 노래로 돌아왔다.",
                "sentenceSize": 46
            },
            {
                "sentenceNo": 2,
                "sentenceContent": "24일 정오 공개된 김아름의 노래 ‘그대 이름에 안녕’은 겨울 한복판에서 이별을 맞은 이의 이야기다.",
                "sentenceSize": 56
            },
            {
                "sentenceNo": 3,
                "sentenceContent": "그리움과 미련, 체념과 안타까움, 야속함 등 이별 후 모두가 경험하게 되는 여러 감정들을 노랫말에 차곡하게 눌러 담았다.",
                "sentenceSize": 67
            },
            {
                "sentenceNo": 4,
                "sentenceContent": "모두가 행복해 보이는 시기에 힘겹게 외로움을 견디고 있는 이들을 위로하기 위한 곡으로 크리스마스 이브라는 상징적인 날에 공개해 남다른 의미를 더한다.",
                "sentenceSize": 83
            },
            {
                "sentenceNo": 5,
                "sentenceContent": "김아름의 총괄 프로듀서 스페이스카우보이와 스페이스사운드에서 오랜 시간 호흡을 맞춘 제이드, Zeenan 등 실력파 프로듀서들이 작사, 작곡, 편곡에 참여했다.",
                "sentenceSize": 88
            },
            {
                "sentenceNo": 6,
                "sentenceContent": "90년대 겨울 거리 풍경이 눈 앞에 펼쳐지는 듯한 사운드 디자인과 더 없이 따뜻한 멜로디는 노래의 슬픈 이야기를 포근하게 감싸며 리스너들에게 위로를 전한다. ‘그대 이름에 안녕’은 그동안 대중들의 많은 사랑을 받았던 김아름의 대표곡 ‘선’, ‘겨울의 기적’ ‘Aqua’(feat.뮤지) ‘Summer City’의 청량한 보이스를 고스란히 유지한다.",
                "sentenceSize": 194
            },
            {
                "sentenceNo": 7,
                "sentenceContent": "김아름의 밝은 노래에 익숙했던 팬들에게 기존에 전면에서 시도하지 않았던 쓸쓸한 노랫말과 깊은 감정 표현은 보컬리스트 김아름의 새로운 매력을 전달하기 충분할 것으로 기대된다.",
                "sentenceSize": 96
            }
        ]
    },
    "labeledDataInfo": {
        "processSentenceInfo": [
            {
                "sentenceNo": 1,
                "sentenceContent": "‘시티팝 장인’ 김아름이 시린 겨울을 견디는 이들에게 위로를 전할 노래로 돌아왔다.",
                "subjectConsistencyYn": "Y"
            },
            {
                "sentenceNo": 2,
                "sentenceContent": "24일 정오 공개된 김아름의 노래 ‘그대 이름에 안녕’은 겨울 한복판에서 이별을 맞은 이의 이야기다.",
                "subjectConsistencyYn": "Y"
            },
            {
                "sentenceNo": 3,
                "sentenceContent": "그리움과 미련, 체념과 안타까움, 야속함 등 이별 후 모두가 경험하게 되는 여러 감정들을 노랫말에 차곡하게 눌러 담았다.",
                "subjectConsistencyYn": "Y"
            },
            {
                "sentenceNo": 4,
                "sentenceContent": "모두가 행복해 보이는 시기에 힘겹게 외로움을 견디고 있는 이들을 위로하기 위한 곡으로 크리스마스 이브라는 상징적인 날에 공개해 남다른 의미를 더한다.",
                "subjectConsistencyYn": "Y"
            },
            {
                "sentenceNo": 5,
                "sentenceContent": "김아름의 총괄 프로듀서 스페이스카우보이와 스페이스사운드에서 오랜 시간 호흡을 맞춘 제이드, Zeenan 등 실력파 프로듀서들이 작사, 작곡, 편곡에 참여했다.",
                "subjectConsistencyYn": "Y"
            },
            {
                "sentenceNo": 6,
                "sentenceContent": "90년대 겨울 거리 풍경이 눈 앞에 펼쳐지는 듯한 사운드 디자인과 더 없이 따뜻한 멜로디는 노래의 슬픈 이야기를 포근하게 감싸며 리스너들에게 위로를 전한다. ‘그대 이름에 안녕’은 그동안 대중들의 많은 사랑을 받았던 김아름의 대표곡 ‘선’, ‘겨울의 기적’ ‘Aqua’(feat.뮤지) ‘Summer City’의 청량한 보이스를 고스란히 유지한다.",
                "subjectConsistencyYn": "Y"
            },
            {
                "sentenceNo": 7,
                "sentenceContent": "김아름의 밝은 노래에 익숙했던 팬들에게 기존에 전면에서 시도하지 않았던 쓸쓸한 노랫말과 깊은 감정 표현은 보컬리스트 김아름의 새로운 매력을 전달하기 충분할 것으로 기대된다.",
                "subjectConsistencyYn": "Y"
            },
            {
                "sentenceNo": 8,
                "sentenceContent": "'시티팝 장인' 김아름이 크리스마스 이브에 신곡을 깜짝 공개한 가운데, 가수 휘성이 크리스마스 이브에 부산KBS홀에서 콘서트를 연다.",
                "subjectConsistencyYn": "N"
            },
            {
                "sentenceNo": 9,
                "sentenceContent": "향정신성 의약품 프로포롤을 상습 투약한 혐의로 집행유예를 선고 받은 휘성이 집행유예 기간에 콘서트를 열어 팬들이 의아하다는 반응이다.",
                "subjectConsistencyYn": "N"
            }
        ],
        "clickbaitClass": 0
    }
}