{
    "sourceDataInfo": {
        "newsID": "ET_M13_629270",
        "newsCategory": "연예",
        "newsSubcategory": "연예일반",
        "newsTitle": "황정민, 넷플릭스 ‘길복순’ 특별 출연[공식]",
        "newsSubTitle": "",
        "newsContent": "배우 황정민이 넷플릭스 영화 ‘길복순’에 특별 출연한다.\n소속사 샘컴퍼니는 20일 “황정민이 영화 ‘길복순’에 깜짝 출연해 전도연과 재회한다”고 밝혔다. ‘길(KILL)복순’은 ‘불한당: 나쁜 놈들의 세상’ ‘킹메이커’ 연출을 맡았던 변성현 감독의 신작으로 여성 킬러에 대한 이야기를 다룬 액션 스릴러다.\n주연 길복순 역은 배우 전도연이 맡았다.\n황정민은 전도연과 개인적인 의리로 특별출연에 응한 것으로 알려졌다.\n두 사람은 앞서 2005년 영화 ‘너는 내 운명’에서 연인으로 호흡을 맞춘 바 있다. ‘길(KILL)복순’은 이달 크랭크인 예정이다.\n전도연 외에도 설경구, 구교환, 이솜 등이 출연 조율 중이다.\n한편, 황정민 1월 예술의전당에서 개막하는 연극 ‘리차드 3세’ 공연을 준비하고 있다.",
        "partNum": "P2",
        "useType": 0,
        "processType": "D",
        "processPattern": "24",
        "processLevel": "상",
        "sentenceCount": 7,
        "processSentencenum": 2,
        "sentenceInfo": [
            {
                "sentenceNo": 1,
                "sentenceContent": "배우 황정민이 넷플릭스 영화 ‘길복순’에 특별 출연한다.",
                "sentenceSize": 31
            },
            {
                "sentenceNo": 2,
                "sentenceContent": "소속사 샘컴퍼니는 20일 “황정민이 영화 ‘길복순’에 깜짝 출연해 전도연과 재회한다”고 밝혔다. ‘길(KILL)복순’은 ‘불한당: 나쁜 놈들의 세상’ ‘킹메이커’ 연출을 맡았던 변성현 감독의 신작으로 여성 킬러에 대한 이야기를 다룬 액션 스릴러다.",
                "sentenceSize": 138
            },
            {
                "sentenceNo": 3,
                "sentenceContent": "주연 길복순 역은 배우 전도연이 맡았다.",
                "sentenceSize": 22
            },
            {
                "sentenceNo": 4,
                "sentenceContent": "황정민은 전도연과 개인적인 의리로 특별출연에 응한 것으로 알려졌다.",
                "sentenceSize": 37
            },
            {
                "sentenceNo": 5,
                "sentenceContent": "두 사람은 앞서 2005년 영화 ‘너는 내 운명’에서 연인으로 호흡을 맞춘 바 있다. ‘길(KILL)복순’은 이달 크랭크인 예정이다.",
                "sentenceSize": 74
            },
            {
                "sentenceNo": 6,
                "sentenceContent": "전도연 외에도 설경구, 구교환, 이솜 등이 출연 조율 중이다.",
                "sentenceSize": 34
            },
            {
                "sentenceNo": 7,
                "sentenceContent": "한편, 황정민 1월 예술의전당에서 개막하는 연극 ‘리차드 3세’ 공연을 준비하고 있다.",
                "sentenceSize": 48
            }
        ]
    },
    "labeledDataInfo": {
        "processSentenceInfo": [
            {
                "sentenceNo": 1,
                "sentenceContent": "배우 황정민이 넷플릭스 영화 ‘길복순’에 특별 출연한다.",
                "subjectConsistencyYn": "Y"
            },
            {
                "sentenceNo": 2,
                "sentenceContent": "소속사 샘컴퍼니는 20일 “황정민이 영화 ‘길복순’에 깜짝 출연해 전도연과 재회한다”고 밝혔다. ‘길(KILL)복순’은 ‘불한당: 나쁜 놈들의 세상’ ‘킹메이커’ 연출을 맡았던 변성현 감독의 신작으로 여성 킬러에 대한 이야기를 다룬 액션 스릴러다.",
                "subjectConsistencyYn": "Y"
            },
            {
                "sentenceNo": 3,
                "sentenceContent": "주연 길복순 역은 배우 전도연이 맡았다.",
                "subjectConsistencyYn": "Y"
            },
            {
                "sentenceNo": 4,
                "sentenceContent": "황정민은 전도연과 개인적인 의리로 특별출연에 응한 것으로 알려졌다.",
                "subjectConsistencyYn": "Y"
            },
            {
                "sentenceNo": 5,
                "sentenceContent": "두 사람은 앞서 2005년 영화 ‘너는 내 운명’에서 연인으로 호흡을 맞춘 바 있다. ‘길(KILL)복순’은 이달 크랭크인 예정이다.",
                "subjectConsistencyYn": "Y"
            },
            {
                "sentenceNo": 6,
                "sentenceContent": "전도연 외에도 설경구, 구교환, 이솜 등이 출연 조율 중이다.",
                "subjectConsistencyYn": "Y"
            },
            {
                "sentenceNo": 7,
                "sentenceContent": "한편, 황정민 1월 예술의전당에서 개막하는 연극 ‘리차드 3세’ 공연을 준비하고 있다.",
                "subjectConsistencyYn": "Y"
            },
            {
                "sentenceNo": 8,
                "sentenceContent": "배우 황정민이 넷플릭스 영화 '길복순'에 특별 출연하기로 예정된 가운데, 넷플릭스가 3분기 호실적을 기록하며 K-콘텐츠 덕분이라는 이야기가 관련자들 사이에서 나오고 있다.",
                "subjectConsistencyYn": "N"
            },
            {
                "sentenceNo": 9,
                "sentenceContent": "넷플릭스는 3분기 콘텐츠 라인업을 실적 상승 요인으로 꼽으며, 특히 비영어권 콘텐츠 '이상한 변호사 우영우'를 높이 평가한 점이 눈길을 끌었다.",
                "subjectConsistencyYn": "N"
            }
        ],
        "clickbaitClass": 0
    }
}