{
    "sourceDataInfo": {
        "newsID": "ET_M13_629434",
        "newsCategory": "연예",
        "newsSubcategory": "방송",
        "newsTitle": "이도현×고민시 ‘환생연애’로 재회[공식]",
        "newsSubTitle": "",
        "newsContent": "이도현과 고민시가 다시 만난다.\n이도현과 고민시는 숏폼 드라마 ‘환생연애’에 출연한다. ‘환생연애’는 친구의 대타로 소개팅에 나간 이도현(전상태 역)과 그의 ‘운명적인 그녀’ 고민시(김화니 역)의 첫 만남을 그린 타임루프 로맨스 드라마다.\n이도현과 고민시는 넷플릭스 오리지널 ‘스위트홈’과 KBS 월화드라마 ‘오월의 청춘’에서 각각 남매와 커플로 만나 호흡을 맞췄다.\n특히 지난 6월 종영한 ‘오월의 청춘’에서는 1980년 5월의 광주를 배경으로 가슴 아픈 사랑을 연기하며 차세대 멜로킹·멜로퀸으로 입지를 다졌다. ‘오월의 청춘’ 이후 6개월여만에 깜짝 재회한 이도현과 고민시는 ‘환생연애’에서 2021년 대학생활을 보내고 있는 MZ세대로 분해 색다른 케미스트리를 선보인다.\n뿐만 아니라 ‘오월의 청춘’ 시청자들에게 웃음을 안긴 소소한 장치와 서사를 오마주하여 극중 희태(이도현)와 명희(고민시)가 비극 없는 세상에서 행복하길 바랐던 ‘명희태’ 커플 팬들에게 선물 같은 콘텐츠가 될 전망이다.\n이도현과 고민시가 호흡을 맞춘 숏폼 드라마 ‘환생연애’ 예고편은 30일 오후 5시 HK inno.N 유튜브 공식 채널을 통해 공개된다. ‘환생연애’ 본편은 오는 2022년 1월 3일 오전 0시에 공개된다.",
        "partNum": "P2",
        "useType": 0,
        "processType": "D",
        "processPattern": "24",
        "processLevel": "상",
        "sentenceCount": 6,
        "processSentencenum": 2,
        "sentenceInfo": [
            {
                "sentenceNo": 1,
                "sentenceContent": "이도현과 고민시가 다시 만난다.",
                "sentenceSize": 17
            },
            {
                "sentenceNo": 2,
                "sentenceContent": "이도현과 고민시는 숏폼 드라마 ‘환생연애’에 출연한다. ‘환생연애’는 친구의 대타로 소개팅에 나간 이도현(전상태 역)과 그의 ‘운명적인 그녀’ 고민시(김화니 역)의 첫 만남을 그린 타임루프 로맨스 드라마다.",
                "sentenceSize": 115
            },
            {
                "sentenceNo": 3,
                "sentenceContent": "이도현과 고민시는 넷플릭스 오리지널 ‘스위트홈’과 KBS 월화드라마 ‘오월의 청춘’에서 각각 남매와 커플로 만나 호흡을 맞췄다.",
                "sentenceSize": 71
            },
            {
                "sentenceNo": 4,
                "sentenceContent": "특히 지난 6월 종영한 ‘오월의 청춘’에서는 1980년 5월의 광주를 배경으로 가슴 아픈 사랑을 연기하며 차세대 멜로킹·멜로퀸으로 입지를 다졌다. ‘오월의 청춘’ 이후 6개월여만에 깜짝 재회한 이도현과 고민시는 ‘환생연애’에서 2021년 대학생활을 보내고 있는 MZ세대로 분해 색다른 케미스트리를 선보인다.",
                "sentenceSize": 171
            },
            {
                "sentenceNo": 5,
                "sentenceContent": "뿐만 아니라 ‘오월의 청춘’ 시청자들에게 웃음을 안긴 소소한 장치와 서사를 오마주하여 극중 희태(이도현)와 명희(고민시)가 비극 없는 세상에서 행복하길 바랐던 ‘명희태’ 커플 팬들에게 선물 같은 콘텐츠가 될 전망이다.",
                "sentenceSize": 121
            },
            {
                "sentenceNo": 6,
                "sentenceContent": "이도현과 고민시가 호흡을 맞춘 숏폼 드라마 ‘환생연애’ 예고편은 30일 오후 5시 HK inno.N 유튜브 공식 채널을 통해 공개된다. ‘환생연애’ 본편은 오는 2022년 1월 3일 오전 0시에 공개된다.",
                "sentenceSize": 114
            }
        ]
    },
    "labeledDataInfo": {
        "processSentenceInfo": [
            {
                "sentenceNo": 1,
                "sentenceContent": "이도현과 고민시가 다시 만난다.",
                "subjectConsistencyYn": "Y"
            },
            {
                "sentenceNo": 2,
                "sentenceContent": "이도현과 고민시는 숏폼 드라마 ‘환생연애’에 출연한다. ‘환생연애’는 친구의 대타로 소개팅에 나간 이도현(전상태 역)과 그의 ‘운명적인 그녀’ 고민시(김화니 역)의 첫 만남을 그린 타임루프 로맨스 드라마다.",
                "subjectConsistencyYn": "Y"
            },
            {
                "sentenceNo": 3,
                "sentenceContent": "이도현과 고민시는 넷플릭스 오리지널 ‘스위트홈’과 KBS 월화드라마 ‘오월의 청춘’에서 각각 남매와 커플로 만나 호흡을 맞췄다.",
                "subjectConsistencyYn": "Y"
            },
            {
                "sentenceNo": 4,
                "sentenceContent": "특히 지난 6월 종영한 ‘오월의 청춘’에서는 1980년 5월의 광주를 배경으로 가슴 아픈 사랑을 연기하며 차세대 멜로킹·멜로퀸으로 입지를 다졌다. ‘오월의 청춘’ 이후 6개월여만에 깜짝 재회한 이도현과 고민시는 ‘환생연애’에서 2021년 대학생활을 보내고 있는 MZ세대로 분해 색다른 케미스트리를 선보인다.",
                "subjectConsistencyYn": "Y"
            },
            {
                "sentenceNo": 5,
                "sentenceContent": "뿐만 아니라 ‘오월의 청춘’ 시청자들에게 웃음을 안긴 소소한 장치와 서사를 오마주하여 극중 희태(이도현)와 명희(고민시)가 비극 없는 세상에서 행복하길 바랐던 ‘명희태’ 커플 팬들에게 선물 같은 콘텐츠가 될 전망이다.",
                "subjectConsistencyYn": "Y"
            },
            {
                "sentenceNo": 6,
                "sentenceContent": "이도현과 고민시가 호흡을 맞춘 숏폼 드라마 ‘환생연애’ 예고편은 30일 오후 5시 HK inno.N 유튜브 공식 채널을 통해 공개된다. ‘환생연애’ 본편은 오는 2022년 1월 3일 오전 0시에 공개된다.",
                "subjectConsistencyYn": "Y"
            },
            {
                "sentenceNo": 7,
                "sentenceContent": "이도현과 고민시가 숏폼 드라마 ‘환생연애’에 출연하는 한편, 이도현은 2020년 첫 주연을 맡은 JTBC 드라마 '18 어게인'에서 인상 깊은 연기로 눈도장을 찍었다.",
                "subjectConsistencyYn": "N"
            },
            {
                "sentenceNo": 8,
                "sentenceContent": "이듬해 KBS 2TV 드라마 '오월의 청춘'과 tvN 드라마 '멜랑꼴리아'로 폭넓은 연기 스펙트럼을 증명하며 각종 시상식 트로피를 휩쓸었다.",
                "subjectConsistencyYn": "N"
            }
        ],
        "clickbaitClass": 0
    }
}