{
    "sourceDataInfo": {
        "newsID": "ET_M13_629274",
        "newsCategory": "연예",
        "newsSubcategory": "연예일반",
        "newsTitle": "김경남, ‘한 사람만’ 제작발표회장서 층간소음 논란 사과",
        "newsSubTitle": "",
        "newsContent": "배우 김경남이 층간소음 논란에 대해 사과했다.\n20일 오후 JTBC 새 월화드라마 ‘한 사람만’(극본 문정민·연출 오현종) 제작발표회가 온라인으로 진행됐다.\n오현종 감독을 비롯해 배우 안은진, 김경남, 강예원, 박수영이 참석했다.\n이날 질의 응답을 앞두고 배역 소개 시간에서 김경남은 자리에서 일어나 “드라마 첫방송 날에 이런 이야기를 드려 죄송하다는 말씀을 드리고 싶다”고 굳은 표정으로 입을 열었다.\n김경남은 “얼마 전 제 불찰로 심려를 끼쳐드린 점 이 자리를 빌려 다시 한번 사과드리고 싶다”며 “앞으로는 같은 일이 반복되지 않도록 주의하겠다”고 사과했다.\n앞서 김경남은 한 누리꾼의 폭로글로 층간 소음 논란에 휩싸였다.\n누리꾼 A씨는 “‘나 혼산’에 출연한 연예인중 한 명이 작년 이맘때 이사 와서 매일 새벽까지 친구 부르고, 떠들고, 매주 2~3회 시끄럽게 한다”고 피해를 호소했다.\n작성자는 실명을 밝히지 않았으나 김경남의 SNS에 층간 소음 항의 댓글이 발견되며 해당 연예인으로 지목됐다.\n김경남 측은 곧바로 “당사자를 찾아 깊은 사과를 전했다”고 밝혔다.\n누리꾼은 사과를 받아들이고 글을 삭제한 상태다.\n한편 김경남이 출연하는 ‘한 사람만’은 호스피스에서 만난 세 여자가 죽기 전에 나쁜 놈 ‘한사람’만 데려가겠다고 덤볐다가 삶의 진짜 소중한 ‘한사람’을 마주하게 되는 휴먼멜로드라마다.\n이날 오후 11시 첫 방송.",
        "partNum": "P2",
        "useType": 0,
        "processType": "D",
        "processPattern": "24",
        "processLevel": "상",
        "sentenceCount": 12,
        "processSentencenum": 2,
        "sentenceInfo": [
            {
                "sentenceNo": 1,
                "sentenceContent": "배우 김경남이 층간소음 논란에 대해 사과했다.",
                "sentenceSize": 25
            },
            {
                "sentenceNo": 2,
                "sentenceContent": "20일 오후 JTBC 새 월화드라마 ‘한 사람만’(극본 문정민·연출 오현종) 제작발표회가 온라인으로 진행됐다.",
                "sentenceSize": 61
            },
            {
                "sentenceNo": 3,
                "sentenceContent": "오현종 감독을 비롯해 배우 안은진, 김경남, 강예원, 박수영이 참석했다.",
                "sentenceSize": 40
            },
            {
                "sentenceNo": 4,
                "sentenceContent": "이날 질의 응답을 앞두고 배역 소개 시간에서 김경남은 자리에서 일어나 “드라마 첫방송 날에 이런 이야기를 드려 죄송하다는 말씀을 드리고 싶다”고 굳은 표정으로 입을 열었다.",
                "sentenceSize": 96
            },
            {
                "sentenceNo": 5,
                "sentenceContent": "김경남은 “얼마 전 제 불찰로 심려를 끼쳐드린 점 이 자리를 빌려 다시 한번 사과드리고 싶다”며 “앞으로는 같은 일이 반복되지 않도록 주의하겠다”고 사과했다.",
                "sentenceSize": 88
            },
            {
                "sentenceNo": 6,
                "sentenceContent": "앞서 김경남은 한 누리꾼의 폭로글로 층간 소음 논란에 휩싸였다.",
                "sentenceSize": 35
            },
            {
                "sentenceNo": 7,
                "sentenceContent": "누리꾼 A씨는 “‘나 혼산’에 출연한 연예인중 한 명이 작년 이맘때 이사 와서 매일 새벽까지 친구 부르고, 떠들고, 매주 2~3회 시끄럽게 한다”고 피해를 호소했다.",
                "sentenceSize": 92
            },
            {
                "sentenceNo": 8,
                "sentenceContent": "작성자는 실명을 밝히지 않았으나 김경남의 SNS에 층간 소음 항의 댓글이 발견되며 해당 연예인으로 지목됐다.",
                "sentenceSize": 60
            },
            {
                "sentenceNo": 9,
                "sentenceContent": "김경남 측은 곧바로 “당사자를 찾아 깊은 사과를 전했다”고 밝혔다.",
                "sentenceSize": 37
            },
            {
                "sentenceNo": 10,
                "sentenceContent": "누리꾼은 사과를 받아들이고 글을 삭제한 상태다.",
                "sentenceSize": 26
            },
            {
                "sentenceNo": 11,
                "sentenceContent": "한편 김경남이 출연하는 ‘한 사람만’은 호스피스에서 만난 세 여자가 죽기 전에 나쁜 놈 ‘한사람’만 데려가겠다고 덤볐다가 삶의 진짜 소중한 ‘한사람’을 마주하게 되는 휴먼멜로드라마다.",
                "sentenceSize": 102
            },
            {
                "sentenceNo": 12,
                "sentenceContent": "이날 오후 11시 첫 방송.",
                "sentenceSize": 15
            }
        ]
    },
    "labeledDataInfo": {
        "processSentenceInfo": [
            {
                "sentenceNo": 1,
                "sentenceContent": "배우 김경남이 층간소음 논란에 대해 사과했다.",
                "subjectConsistencyYn": "Y"
            },
            {
                "sentenceNo": 2,
                "sentenceContent": "20일 오후 JTBC 새 월화드라마 ‘한 사람만’(극본 문정민·연출 오현종) 제작발표회가 온라인으로 진행됐다.",
                "subjectConsistencyYn": "Y"
            },
            {
                "sentenceNo": 3,
                "sentenceContent": "오현종 감독을 비롯해 배우 안은진, 김경남, 강예원, 박수영이 참석했다.",
                "subjectConsistencyYn": "Y"
            },
            {
                "sentenceNo": 4,
                "sentenceContent": "이날 질의 응답을 앞두고 배역 소개 시간에서 김경남은 자리에서 일어나 “드라마 첫방송 날에 이런 이야기를 드려 죄송하다는 말씀을 드리고 싶다”고 굳은 표정으로 입을 열었다.",
                "subjectConsistencyYn": "Y"
            },
            {
                "sentenceNo": 5,
                "sentenceContent": "김경남은 “얼마 전 제 불찰로 심려를 끼쳐드린 점 이 자리를 빌려 다시 한번 사과드리고 싶다”며 “앞으로는 같은 일이 반복되지 않도록 주의하겠다”고 사과했다.",
                "subjectConsistencyYn": "Y"
            },
            {
                "sentenceNo": 6,
                "sentenceContent": "앞서 김경남은 한 누리꾼의 폭로글로 층간 소음 논란에 휩싸였다.",
                "subjectConsistencyYn": "Y"
            },
            {
                "sentenceNo": 7,
                "sentenceContent": "누리꾼 A씨는 “‘나 혼산’에 출연한 연예인중 한 명이 작년 이맘때 이사 와서 매일 새벽까지 친구 부르고, 떠들고, 매주 2~3회 시끄럽게 한다”고 피해를 호소했다.",
                "subjectConsistencyYn": "Y"
            },
            {
                "sentenceNo": 8,
                "sentenceContent": "작성자는 실명을 밝히지 않았으나 김경남의 SNS에 층간 소음 항의 댓글이 발견되며 해당 연예인으로 지목됐다.",
                "subjectConsistencyYn": "Y"
            },
            {
                "sentenceNo": 9,
                "sentenceContent": "김경남 측은 곧바로 “당사자를 찾아 깊은 사과를 전했다”고 밝혔다.",
                "subjectConsistencyYn": "Y"
            },
            {
                "sentenceNo": 10,
                "sentenceContent": "누리꾼은 사과를 받아들이고 글을 삭제한 상태다.",
                "subjectConsistencyYn": "Y"
            },
            {
                "sentenceNo": 11,
                "sentenceContent": "한편 김경남이 출연하는 ‘한 사람만’은 호스피스에서 만난 세 여자가 죽기 전에 나쁜 놈 ‘한사람’만 데려가겠다고 덤볐다가 삶의 진짜 소중한 ‘한사람’을 마주하게 되는 휴먼멜로드라마다.",
                "subjectConsistencyYn": "Y"
            },
            {
                "sentenceNo": 12,
                "sentenceContent": "이날 오후 11시 첫 방송.",
                "subjectConsistencyYn": "Y"
            },
            {
                "sentenceNo": 13,
                "sentenceContent": "JTBC 새 월화드라마 ‘한 사람만’ 제작발표회에서 배우 김경남이 층간소음 논란에 대해 사과한 가운데, JTBC 금토일 드라마 ‘재벌집 막내아들’ 기세가 매섭다.  ",
                "subjectConsistencyYn": "N"
            },
            {
                "sentenceNo": 14,
                "sentenceContent": "지난 4일 방영한 8회의 경우 전국 시청률 19.4%, 수도권 시청률 21.8%(닐슨코리아 유료가구 기준)를 돌파했다.  ",
                "subjectConsistencyYn": "N"
            }
        ],
        "clickbaitClass": 0
    }
}