{
    "sourceDataInfo": {
        "newsID": "ET_M13_629234",
        "newsCategory": "연예",
        "newsSubcategory": "방송",
        "newsTitle": "‘맛있는 녀석들’ 이대형, 문세윤 야구장 프러포즈 깨알 디스",
        "newsSubTitle": "",
        "newsContent": "문세윤과 이대형이 티격태격 케미스트리를 뽐낸다.\n오늘(17일) 저녁 8시 방송되는 채널 IHQ 예능 프로그램 ‘맛있는 녀석들’ 356회에서는 ‘파주 데이트 맛집 코스 특집’을 진행하는 뚱3(유민상 김민경 문세윤)과 야구선수 이대형의 모습이 전파를 탄다.\n이대형은 최근 진행된 녹화에서 김민경의 데이트 상대로 등장해 이목을 집중시켰다.\n뚱3과 함께 ‘장단콩 요리 코스’를 먹게 된 이대형은 “좋은 거 먹으면 운동하고 싶지 않나”라고 물었고, 김민경이 “저는 먹으면 잔다”라고 답하자 유민상이 “자네랑 우리 동생이랑 맞지 않는 것 같네”라고 너스레를 떨어 웃음을 안겼다.\n무엇보다 LG트윈스 치어리더 아내와 결혼한 문세윤은 “저희 아내와 활동한 기간이 겹치지 않나”라고 물어 흥미를 높이기도. 문세윤은 “DMB를 켜놓고 지금의 아내를 기다리곤 했는데 이대형이 가장 싫어하는 선수 중 하나였다. 원래 발 빠른 주자가 나오면 상대방에서 투수를 바꾸는 등 시간을 끌지 않나. 경기가 늦어져서 싫어했다”라고 설명했고, 이대형 역시 “이런 이야기를 처음 듣는 게 아니다. 제 별명이 ‘깝대형’이었다”라며 고개를 끄덕였다.\n하지만 이도 잠시, 이대형은 “마지막 홈경기에서 인사를 시켜서 단상에서 뽀뽀하고 그랬다”라는 문세윤의 말에 “정말 꼴불견이다. 치어리더 분도 팬들이 많은데 거기서 프러포즈를 하니 얼마나 미웠겠나”라고 몸서리를 쳐 폭소를 유발했다.\n문세윤과 이대형의 티격태격 케미스트리는 오늘(17일) 저녁 8시, KH그룹의 채널 IHQ에서 방송되는 ‘맛있는 녀석들’ 356회에서 확인할 수 있다.",
        "partNum": "P2",
        "useType": 0,
        "processType": "D",
        "processPattern": "24",
        "processLevel": "상",
        "sentenceCount": 7,
        "processSentencenum": 2,
        "sentenceInfo": [
            {
                "sentenceNo": 1,
                "sentenceContent": "문세윤과 이대형이 티격태격 케미스트리를 뽐낸다.",
                "sentenceSize": 26
            },
            {
                "sentenceNo": 2,
                "sentenceContent": "오늘(17일) 저녁 8시 방송되는 채널 IHQ 예능 프로그램 ‘맛있는 녀석들’ 356회에서는 ‘파주 데이트 맛집 코스 특집’을 진행하는 뚱3(유민상 김민경 문세윤)과 야구선수 이대형의 모습이 전파를 탄다.",
                "sentenceSize": 114
            },
            {
                "sentenceNo": 3,
                "sentenceContent": "이대형은 최근 진행된 녹화에서 김민경의 데이트 상대로 등장해 이목을 집중시켰다.",
                "sentenceSize": 44
            },
            {
                "sentenceNo": 4,
                "sentenceContent": "뚱3과 함께 ‘장단콩 요리 코스’를 먹게 된 이대형은 “좋은 거 먹으면 운동하고 싶지 않나”라고 물었고, 김민경이 “저는 먹으면 잔다”라고 답하자 유민상이 “자네랑 우리 동생이랑 맞지 않는 것 같네”라고 너스레를 떨어 웃음을 안겼다.",
                "sentenceSize": 130
            },
            {
                "sentenceNo": 5,
                "sentenceContent": "무엇보다 LG트윈스 치어리더 아내와 결혼한 문세윤은 “저희 아내와 활동한 기간이 겹치지 않나”라고 물어 흥미를 높이기도. 문세윤은 “DMB를 켜놓고 지금의 아내를 기다리곤 했는데 이대형이 가장 싫어하는 선수 중 하나였다. 원래 발 빠른 주자가 나오면 상대방에서 투수를 바꾸는 등 시간을 끌지 않나. 경기가 늦어져서 싫어했다”라고 설명했고, 이대형 역시 “이런 이야기를 처음 듣는 게 아니다. 제 별명이 ‘깝대형’이었다”라며 고개를 끄덕였다.",
                "sentenceSize": 246
            },
            {
                "sentenceNo": 6,
                "sentenceContent": "하지만 이도 잠시, 이대형은 “마지막 홈경기에서 인사를 시켜서 단상에서 뽀뽀하고 그랬다”라는 문세윤의 말에 “정말 꼴불견이다. 치어리더 분도 팬들이 많은데 거기서 프러포즈를 하니 얼마나 미웠겠나”라고 몸서리를 쳐 폭소를 유발했다.",
                "sentenceSize": 128
            },
            {
                "sentenceNo": 7,
                "sentenceContent": "문세윤과 이대형의 티격태격 케미스트리는 오늘(17일) 저녁 8시, KH그룹의 채널 IHQ에서 방송되는 ‘맛있는 녀석들’ 356회에서 확인할 수 있다.",
                "sentenceSize": 83
            }
        ]
    },
    "labeledDataInfo": {
        "processSentenceInfo": [
            {
                "sentenceNo": 1,
                "sentenceContent": "문세윤과 이대형이 티격태격 케미스트리를 뽐낸다.",
                "subjectConsistencyYn": "Y"
            },
            {
                "sentenceNo": 2,
                "sentenceContent": "오늘(17일) 저녁 8시 방송되는 채널 IHQ 예능 프로그램 ‘맛있는 녀석들’ 356회에서는 ‘파주 데이트 맛집 코스 특집’을 진행하는 뚱3(유민상 김민경 문세윤)과 야구선수 이대형의 모습이 전파를 탄다.",
                "subjectConsistencyYn": "Y"
            },
            {
                "sentenceNo": 3,
                "sentenceContent": "이대형은 최근 진행된 녹화에서 김민경의 데이트 상대로 등장해 이목을 집중시켰다.",
                "subjectConsistencyYn": "Y"
            },
            {
                "sentenceNo": 4,
                "sentenceContent": "뚱3과 함께 ‘장단콩 요리 코스’를 먹게 된 이대형은 “좋은 거 먹으면 운동하고 싶지 않나”라고 물었고, 김민경이 “저는 먹으면 잔다”라고 답하자 유민상이 “자네랑 우리 동생이랑 맞지 않는 것 같네”라고 너스레를 떨어 웃음을 안겼다.",
                "subjectConsistencyYn": "Y"
            },
            {
                "sentenceNo": 5,
                "sentenceContent": "무엇보다 LG트윈스 치어리더 아내와 결혼한 문세윤은 “저희 아내와 활동한 기간이 겹치지 않나”라고 물어 흥미를 높이기도. 문세윤은 “DMB를 켜놓고 지금의 아내를 기다리곤 했는데 이대형이 가장 싫어하는 선수 중 하나였다. 원래 발 빠른 주자가 나오면 상대방에서 투수를 바꾸는 등 시간을 끌지 않나. 경기가 늦어져서 싫어했다”라고 설명했고, 이대형 역시 “이런 이야기를 처음 듣는 게 아니다. 제 별명이 ‘깝대형’이었다”라며 고개를 끄덕였다.",
                "subjectConsistencyYn": "Y"
            },
            {
                "sentenceNo": 6,
                "sentenceContent": "하지만 이도 잠시, 이대형은 “마지막 홈경기에서 인사를 시켜서 단상에서 뽀뽀하고 그랬다”라는 문세윤의 말에 “정말 꼴불견이다. 치어리더 분도 팬들이 많은데 거기서 프러포즈를 하니 얼마나 미웠겠나”라고 몸서리를 쳐 폭소를 유발했다.",
                "subjectConsistencyYn": "Y"
            },
            {
                "sentenceNo": 7,
                "sentenceContent": "문세윤과 이대형의 티격태격 케미스트리는 오늘(17일) 저녁 8시, KH그룹의 채널 IHQ에서 방송되는 ‘맛있는 녀석들’ 356회에서 확인할 수 있다.",
                "subjectConsistencyYn": "Y"
            },
            {
                "sentenceNo": 8,
                "sentenceContent": "한편 '맛있는 녀석들'에서 문세윤을 디스 하며 재밌는 케미스트리를 연출한 이대형의 방송이 오늘 저녁 예고된 가운데, 지난 2일에 그가 출연한 '복면가왕'의 영상이 높은 유튜브 조회 수를 기록하며 시청자들의 꾸준한 관심이 이어지고 있다. ",
                "subjectConsistencyYn": "N"
            },
            {
                "sentenceNo": 9,
                "sentenceContent": "이대형은 이날 복면가왕에서 '굿나잇'으로 출연해 이승기의 '내 여자니까'를 열창하며, \"제가 선수 시절 베이스를 훔치는 도둑이었는데 방송은 이제 시작이지만 앞으로 여러분의 마음을 훔치는 도둑이 되고 싶다\"라고 말했다.",
                "subjectConsistencyYn": "N"
            }
        ],
        "clickbaitClass": 0
    }
}