{
    "sourceDataInfo": {
        "newsID": "ET_M13_629399",
        "newsCategory": "연예",
        "newsSubcategory": "방송",
        "newsTitle": "‘쇼윈도’ 송윤아 VS 이성재, 체스판 위 눈빛 격돌",
        "newsSubTitle": "",
        "newsContent": "송윤아와 이성재의 살벌한 체스 게임 현장이 포착됐다.\n지난 27일 방송된 채널A 10주년 특별기획 월화드라마 ‘쇼윈도:여왕의 집’(극본 한보경, 박혜영 / 연출 강솔, 박대희 / 제작 ㈜코탑미디어 / 기획 채널A) 9회에서는 한선주(송윤아 분)가 신명섭(이성재 분)과 윤미라(전소민 분)의 계략에 의해 고난을 겪는 과정이 그려졌다.\n이런 가운데 28일 ‘쇼윈도:여왕의 집’ 측이 10회 방송을 앞두고 한선주와 신명섭의 체스 게임을 담은 스틸컷을 공개했다.\n체스판을 사이에 두고 마주 앉은 두 사람 사이에서 팽팽한 긴장감이 흘러넘쳐 보는 이들의 심장까지 쫄깃하게 한다.\n체스는 한선주가 가장 좋아하는 게임이다.\n가족들이랑 함께 여가 시간을 보낼 때도, 생각 정리가 필요할 때도 그녀는 늘 체스판 앞에 앉는다.\n선주의 딸 태희(신이준 분)와 아들 태용(박상훈 분)은 엄마의 생일 선물로 체스 기물을 선물할 정도. 하지만 사진 속 한선주는 좋아하는 체스를 하면서도 서늘한 분위기를 내뿜고 있다.\n특히 맞은편의 신명섭을 바라보는 그녀의 눈빛에서 분노가 느껴진다.\n체스를 좋아하는 만큼 잘 하는 한선주. 그러나 이번 사진에서는 체스 대결 끝에 좌절한 듯 가만히 앉아있는 한선주와 자신만만하게 일어선 신명섭이 담겨 있어 궁금증을 자아낸다.\n이와 관련 ‘쇼윈도:여왕의 집’ 관계자는 “송윤아와 이성재는 체스 게임 중 펼쳐지는 한선주와 신명섭의 치열한 심리전을 압도적인 연기로 표현했다. 두 배우의 폭발적인 열연에 현장 스태프들도 긴장감에 휩싸일 정도였다”며 “또한 드라마 속 체스 게임을 주목해서 보시면, 앞으로 전개되는 이야기의 실마리를 얻으실 수 있으니 이 장면을 더욱 주의 깊게 보시길 바란다”고 전했다.\n한편 채널A 10주년 특별기획 ‘쇼윈도:여왕의 집’ 10회는 오늘(28일) 밤 10시 30분 방송된다.\n국내 대표 OTT 플랫폼 ‘웨이브(wavve)’가 투자에 참여한 ‘쇼윈도:여왕의 집’은 채널A 방송과 동시에 웨이브에서 만나볼 수 있다.",
        "partNum": "P2",
        "useType": 0,
        "processType": "D",
        "processPattern": "24",
        "processLevel": "상",
        "sentenceCount": 12,
        "processSentencenum": 2,
        "sentenceInfo": [
            {
                "sentenceNo": 1,
                "sentenceContent": "송윤아와 이성재의 살벌한 체스 게임 현장이 포착됐다.",
                "sentenceSize": 29
            },
            {
                "sentenceNo": 2,
                "sentenceContent": "지난 27일 방송된 채널A 10주년 특별기획 월화드라마 ‘쇼윈도:여왕의 집’(극본 한보경, 박혜영 / 연출 강솔, 박대희 / 제작 ㈜코탑미디어 / 기획 채널A) 9회에서는 한선주(송윤아 분)가 신명섭(이성재 분)과 윤미라(전소민 분)의 계략에 의해 고난을 겪는 과정이 그려졌다.",
                "sentenceSize": 155
            },
            {
                "sentenceNo": 3,
                "sentenceContent": "이런 가운데 28일 ‘쇼윈도:여왕의 집’ 측이 10회 방송을 앞두고 한선주와 신명섭의 체스 게임을 담은 스틸컷을 공개했다.",
                "sentenceSize": 68
            },
            {
                "sentenceNo": 4,
                "sentenceContent": "체스판을 사이에 두고 마주 앉은 두 사람 사이에서 팽팽한 긴장감이 흘러넘쳐 보는 이들의 심장까지 쫄깃하게 한다.",
                "sentenceSize": 62
            },
            {
                "sentenceNo": 5,
                "sentenceContent": "체스는 한선주가 가장 좋아하는 게임이다.",
                "sentenceSize": 22
            },
            {
                "sentenceNo": 6,
                "sentenceContent": "가족들이랑 함께 여가 시간을 보낼 때도, 생각 정리가 필요할 때도 그녀는 늘 체스판 앞에 앉는다.",
                "sentenceSize": 54
            },
            {
                "sentenceNo": 7,
                "sentenceContent": "선주의 딸 태희(신이준 분)와 아들 태용(박상훈 분)은 엄마의 생일 선물로 체스 기물을 선물할 정도. 하지만 사진 속 한선주는 좋아하는 체스를 하면서도 서늘한 분위기를 내뿜고 있다.",
                "sentenceSize": 101
            },
            {
                "sentenceNo": 8,
                "sentenceContent": "특히 맞은편의 신명섭을 바라보는 그녀의 눈빛에서 분노가 느껴진다.",
                "sentenceSize": 36
            },
            {
                "sentenceNo": 9,
                "sentenceContent": "체스를 좋아하는 만큼 잘 하는 한선주. 그러나 이번 사진에서는 체스 대결 끝에 좌절한 듯 가만히 앉아있는 한선주와 자신만만하게 일어선 신명섭이 담겨 있어 궁금증을 자아낸다.",
                "sentenceSize": 96
            },
            {
                "sentenceNo": 10,
                "sentenceContent": "이와 관련 ‘쇼윈도:여왕의 집’ 관계자는 “송윤아와 이성재는 체스 게임 중 펼쳐지는 한선주와 신명섭의 치열한 심리전을 압도적인 연기로 표현했다. 두 배우의 폭발적인 열연에 현장 스태프들도 긴장감에 휩싸일 정도였다”며 “또한 드라마 속 체스 게임을 주목해서 보시면, 앞으로 전개되는 이야기의 실마리를 얻으실 수 있으니 이 장면을 더욱 주의 깊게 보시길 바란다”고 전했다.",
                "sentenceSize": 206
            },
            {
                "sentenceNo": 11,
                "sentenceContent": "한편 채널A 10주년 특별기획 ‘쇼윈도:여왕의 집’ 10회는 오늘(28일) 밤 10시 30분 방송된다.",
                "sentenceSize": 57
            },
            {
                "sentenceNo": 12,
                "sentenceContent": "국내 대표 OTT 플랫폼 ‘웨이브(wavve)’가 투자에 참여한 ‘쇼윈도:여왕의 집’은 채널A 방송과 동시에 웨이브에서 만나볼 수 있다.",
                "sentenceSize": 76
            }
        ]
    },
    "labeledDataInfo": {
        "processSentenceInfo": [
            {
                "sentenceNo": 1,
                "sentenceContent": "송윤아와 이성재의 살벌한 체스 게임 현장이 포착됐다.",
                "subjectConsistencyYn": "Y"
            },
            {
                "sentenceNo": 2,
                "sentenceContent": "지난 27일 방송된 채널A 10주년 특별기획 월화드라마 ‘쇼윈도:여왕의 집’(극본 한보경, 박혜영 / 연출 강솔, 박대희 / 제작 ㈜코탑미디어 / 기획 채널A) 9회에서는 한선주(송윤아 분)가 신명섭(이성재 분)과 윤미라(전소민 분)의 계략에 의해 고난을 겪는 과정이 그려졌다.",
                "subjectConsistencyYn": "Y"
            },
            {
                "sentenceNo": 3,
                "sentenceContent": "이런 가운데 28일 ‘쇼윈도:여왕의 집’ 측이 10회 방송을 앞두고 한선주와 신명섭의 체스 게임을 담은 스틸컷을 공개했다.",
                "subjectConsistencyYn": "Y"
            },
            {
                "sentenceNo": 4,
                "sentenceContent": "체스판을 사이에 두고 마주 앉은 두 사람 사이에서 팽팽한 긴장감이 흘러넘쳐 보는 이들의 심장까지 쫄깃하게 한다.",
                "subjectConsistencyYn": "Y"
            },
            {
                "sentenceNo": 5,
                "sentenceContent": "체스는 한선주가 가장 좋아하는 게임이다.",
                "subjectConsistencyYn": "Y"
            },
            {
                "sentenceNo": 6,
                "sentenceContent": "가족들이랑 함께 여가 시간을 보낼 때도, 생각 정리가 필요할 때도 그녀는 늘 체스판 앞에 앉는다.",
                "subjectConsistencyYn": "Y"
            },
            {
                "sentenceNo": 7,
                "sentenceContent": "선주의 딸 태희(신이준 분)와 아들 태용(박상훈 분)은 엄마의 생일 선물로 체스 기물을 선물할 정도. 하지만 사진 속 한선주는 좋아하는 체스를 하면서도 서늘한 분위기를 내뿜고 있다.",
                "subjectConsistencyYn": "Y"
            },
            {
                "sentenceNo": 8,
                "sentenceContent": "특히 맞은편의 신명섭을 바라보는 그녀의 눈빛에서 분노가 느껴진다.",
                "subjectConsistencyYn": "Y"
            },
            {
                "sentenceNo": 9,
                "sentenceContent": "체스를 좋아하는 만큼 잘 하는 한선주. 그러나 이번 사진에서는 체스 대결 끝에 좌절한 듯 가만히 앉아있는 한선주와 자신만만하게 일어선 신명섭이 담겨 있어 궁금증을 자아낸다.",
                "subjectConsistencyYn": "Y"
            },
            {
                "sentenceNo": 10,
                "sentenceContent": "이와 관련 ‘쇼윈도:여왕의 집’ 관계자는 “송윤아와 이성재는 체스 게임 중 펼쳐지는 한선주와 신명섭의 치열한 심리전을 압도적인 연기로 표현했다. 두 배우의 폭발적인 열연에 현장 스태프들도 긴장감에 휩싸일 정도였다”며 “또한 드라마 속 체스 게임을 주목해서 보시면, 앞으로 전개되는 이야기의 실마리를 얻으실 수 있으니 이 장면을 더욱 주의 깊게 보시길 바란다”고 전했다.",
                "subjectConsistencyYn": "Y"
            },
            {
                "sentenceNo": 11,
                "sentenceContent": "한편 채널A 10주년 특별기획 ‘쇼윈도:여왕의 집’ 10회는 오늘(28일) 밤 10시 30분 방송된다.",
                "subjectConsistencyYn": "Y"
            },
            {
                "sentenceNo": 12,
                "sentenceContent": "국내 대표 OTT 플랫폼 ‘웨이브(wavve)’가 투자에 참여한 ‘쇼윈도:여왕의 집’은 채널A 방송과 동시에 웨이브에서 만나볼 수 있다.",
                "subjectConsistencyYn": "Y"
            },
            {
                "sentenceNo": 13,
                "sentenceContent": "살벌한 체스 게임 현장을 연기하고 있는 드라마 '쇼윈도'의 주연 송윤아는 자신의 SNS를 통해 \"1994년 아무것도 모르던 그때... '김희선'이라는 대스타의 친구2로 등장해 그저 떨리는 마음 주체하지 못하던 그날이 떠오르네요….\"라는 글을 남겼다. ",
                "subjectConsistencyYn": "N"
            },
            {
                "sentenceNo": 14,
                "sentenceContent": "그는 이어 \"내게는 스타였고 대선배였던 그 친구가 세월이 흘러 이렇게 동생으로 와줌에 신기하기도 하고 믿기지도 않던 시간이 있었어요…. 고맙고, 사랑한다\"라며 김희선에 대한 애정을 드러냈다.",
                "subjectConsistencyYn": "N"
            }
        ],
        "clickbaitClass": 0
    }
}