{
    "sourceDataInfo": {
        "newsID": "ET_M13_629424",
        "newsCategory": "연예",
        "newsSubcategory": "연예일반",
        "newsTitle": "‘버닝썬 경찰총장’ 윤규근 총경, 정직 3개월 징계",
        "newsSubTitle": "",
        "newsContent": "‘버닝썬 경찰총장’으로 알려진 윤규근 총경이 정직 3개월 징계를 받았다.\n29일 경찰에 따르면 경찰청 징계위원회는 지난주 회의를 열어 이같이 결정했다.\n경찰 공무원 징계는 파면, 해임, 강등, 정직 등 중징계와 감봉, 견책 등 경징계로 구분된다.\n윤 총경은 앞서 자본시장과 금융투자업에 관한 법률 위반 등 혐의로 기소돼 지난 9월 대법원에서 2천만원 벌금형이 확정됐다.\n국가공무원법에 따르면 벌금형은 당연퇴직 사유가 아니다.\n윤 총경은 클럽 버닝썬 사태 수사 중 아이돌그룹 빅뱅 전 멤버 승리(본명 이승현)를 비롯한 연예인들의 카카오톡 대화방에서 ‘경찰총장’으로 불렸던 사실이 드러나 유착 의혹이 제기됐다.\n재판부는 코스닥 상장사가 건넨 미공개 정보를 이용해 주식을 거래한 혐의와 정 전 대표에게 휴대전화 메시지를 삭제하도록 한 혐의 등 일부를 유죄로 판단했다.\n윤 총경은 벌금형 확정 후 입장문을 통해 “이번 사건은 클럽 버닝썬의 불법행위 수사로 시작됐지만 저는 전혀 다른 별건으로 재판받았다”며 “검찰이 별건 수사를 자행한 것은 제가 조국 전 수석과 함께 민정수석실에서 근무했기 때문이다. 진실은 언젠가 반드시 밝혀질 것”이라고 한 바 있다.\n징계 대상자는 30일 이내 이의를 제기할 수 있다.",
        "partNum": "P2",
        "useType": 0,
        "processType": "D",
        "processPattern": "24",
        "processLevel": "상",
        "sentenceCount": 9,
        "processSentencenum": 2,
        "sentenceInfo": [
            {
                "sentenceNo": 1,
                "sentenceContent": "‘버닝썬 경찰총장’으로 알려진 윤규근 총경이 정직 3개월 징계를 받았다.",
                "sentenceSize": 40
            },
            {
                "sentenceNo": 2,
                "sentenceContent": "29일 경찰에 따르면 경찰청 징계위원회는 지난주 회의를 열어 이같이 결정했다.",
                "sentenceSize": 43
            },
            {
                "sentenceNo": 3,
                "sentenceContent": "경찰 공무원 징계는 파면, 해임, 강등, 정직 등 중징계와 감봉, 견책 등 경징계로 구분된다.",
                "sentenceSize": 52
            },
            {
                "sentenceNo": 4,
                "sentenceContent": "윤 총경은 앞서 자본시장과 금융투자업에 관한 법률 위반 등 혐의로 기소돼 지난 9월 대법원에서 2천만원 벌금형이 확정됐다.",
                "sentenceSize": 68
            },
            {
                "sentenceNo": 5,
                "sentenceContent": "국가공무원법에 따르면 벌금형은 당연퇴직 사유가 아니다.",
                "sentenceSize": 30
            },
            {
                "sentenceNo": 6,
                "sentenceContent": "윤 총경은 클럽 버닝썬 사태 수사 중 아이돌그룹 빅뱅 전 멤버 승리(본명 이승현)를 비롯한 연예인들의 카카오톡 대화방에서 ‘경찰총장’으로 불렸던 사실이 드러나 유착 의혹이 제기됐다.",
                "sentenceSize": 101
            },
            {
                "sentenceNo": 7,
                "sentenceContent": "재판부는 코스닥 상장사가 건넨 미공개 정보를 이용해 주식을 거래한 혐의와 정 전 대표에게 휴대전화 메시지를 삭제하도록 한 혐의 등 일부를 유죄로 판단했다.",
                "sentenceSize": 86
            },
            {
                "sentenceNo": 8,
                "sentenceContent": "윤 총경은 벌금형 확정 후 입장문을 통해 “이번 사건은 클럽 버닝썬의 불법행위 수사로 시작됐지만 저는 전혀 다른 별건으로 재판받았다”며 “검찰이 별건 수사를 자행한 것은 제가 조국 전 수석과 함께 민정수석실에서 근무했기 때문이다. 진실은 언젠가 반드시 밝혀질 것”이라고 한 바 있다.",
                "sentenceSize": 158
            },
            {
                "sentenceNo": 9,
                "sentenceContent": "징계 대상자는 30일 이내 이의를 제기할 수 있다.",
                "sentenceSize": 28
            }
        ]
    },
    "labeledDataInfo": {
        "processSentenceInfo": [
            {
                "sentenceNo": 1,
                "sentenceContent": "‘버닝썬 경찰총장’으로 알려진 윤규근 총경이 정직 3개월 징계를 받았다.",
                "subjectConsistencyYn": "Y"
            },
            {
                "sentenceNo": 2,
                "sentenceContent": "29일 경찰에 따르면 경찰청 징계위원회는 지난주 회의를 열어 이같이 결정했다.",
                "subjectConsistencyYn": "Y"
            },
            {
                "sentenceNo": 3,
                "sentenceContent": "경찰 공무원 징계는 파면, 해임, 강등, 정직 등 중징계와 감봉, 견책 등 경징계로 구분된다.",
                "subjectConsistencyYn": "Y"
            },
            {
                "sentenceNo": 4,
                "sentenceContent": "윤 총경은 앞서 자본시장과 금융투자업에 관한 법률 위반 등 혐의로 기소돼 지난 9월 대법원에서 2천만원 벌금형이 확정됐다.",
                "subjectConsistencyYn": "Y"
            },
            {
                "sentenceNo": 5,
                "sentenceContent": "국가공무원법에 따르면 벌금형은 당연퇴직 사유가 아니다.",
                "subjectConsistencyYn": "Y"
            },
            {
                "sentenceNo": 6,
                "sentenceContent": "윤 총경은 클럽 버닝썬 사태 수사 중 아이돌그룹 빅뱅 전 멤버 승리(본명 이승현)를 비롯한 연예인들의 카카오톡 대화방에서 ‘경찰총장’으로 불렸던 사실이 드러나 유착 의혹이 제기됐다.",
                "subjectConsistencyYn": "Y"
            },
            {
                "sentenceNo": 7,
                "sentenceContent": "재판부는 코스닥 상장사가 건넨 미공개 정보를 이용해 주식을 거래한 혐의와 정 전 대표에게 휴대전화 메시지를 삭제하도록 한 혐의 등 일부를 유죄로 판단했다.",
                "subjectConsistencyYn": "Y"
            },
            {
                "sentenceNo": 8,
                "sentenceContent": "윤 총경은 벌금형 확정 후 입장문을 통해 “이번 사건은 클럽 버닝썬의 불법행위 수사로 시작됐지만 저는 전혀 다른 별건으로 재판받았다”며 “검찰이 별건 수사를 자행한 것은 제가 조국 전 수석과 함께 민정수석실에서 근무했기 때문이다. 진실은 언젠가 반드시 밝혀질 것”이라고 한 바 있다.",
                "subjectConsistencyYn": "Y"
            },
            {
                "sentenceNo": 9,
                "sentenceContent": "징계 대상자는 30일 이내 이의를 제기할 수 있다.",
                "subjectConsistencyYn": "Y"
            },
            {
                "sentenceNo": 10,
                "sentenceContent": "'버닝썬 경찰총장'으로 알려진 윤규근 총경이 정직 3개월 징계를 받은 한편, 버닝썬 사건의 피의자 최종훈이 말레이시아 공연 때 VIP좌석의 티켓을 윤규근 총경 자녀들을 위해 전달했다고 인터뷰 중 실토한 것이 화제이다.",
                "subjectConsistencyYn": "N"
            },
            {
                "sentenceNo": 11,
                "sentenceContent": "VIP좌석의 티켓을 윤규근 총경 자녀들을 위해 전달하는 것은 김영란법 위반 사항이다.",
                "subjectConsistencyYn": "N"
            }
        ],
        "clickbaitClass": 0
    }
}