{
    "sourceDataInfo": {
        "newsID": "ET_M13_629214",
        "newsCategory": "연예",
        "newsSubcategory": "방송",
        "newsTitle": "치즈, 오늘 ‘멜랑꼴리아’ OST 부른다",
        "newsSubTitle": "",
        "newsContent": "가수 치즈가 tvN 15주년 특별기획 수목드라마 ‘멜랑꼴리아’ 네 번째 OST 주자로 낙점됐다.\n치즈는 16일 오후 6시 발매되는 ‘멜랑꼴리아’ OST Part 4 ‘렛 미 노우’(Let me know)를 부른다. ‘렛 미 노우’는 피아노 연주를 중심으로 다양한 악기들의 선율이 조화를 이룬 곡으로 치즈가 가진 특유의 매력적인 목소리가 귓가를 자극하는 노래다.\n팝 스타일의 발라드로 지난해 방영된 드라마 ‘스타트업’의 OST ‘마이 디어 러브’(My Dear Love) 등 수많은 OST를 작업한 음악감독 박세준, 작곡가 이유진, 작사가 한준이 의기투합해 완성했다.\n특히 ‘렛 미 노우’는 주인공의 감정을 대변하는 듯한 ‘연기처럼 밀려드는 외로움 속에 난 홀로 서 있죠’, ‘덩그러니 혼자 걷는 길’, ‘텅 빈 하늘 아래 남겨져 붙잡을 손길도 없죠’ 등의 가사로 진한 몰입감을 선사한다.\n현재 싱어송라이터 달총의 1인 밴드로 운영되고 있는 치즈는 그동안 드라마 ‘갯마을 차차차’, ‘간 떨어지는 동거’, ‘선배, 그 립스틱 바르지 마요’, ‘스타트업’, ‘사이코지만 괜찮아’, ‘남자친구’, ‘사랑의 온도’ 등 많은 인기 드라마 OST에 참여하며 차세대 OST 강자로 인정받고 있다. ‘멜랑꼴리아’의 네 번째 OST, 치즈의 ‘렛 미 노우’는 16일 오후 6시 국내 주요 음원사이트를 통해 확인할 수 있다.\n한편 tvN 15주년 특별기획 수목드라마 ‘멜랑꼴리아’는 특혜 비리의 온상인 한 사립고를 배경으로 수학 교사와 수학 천재의 통념과 편견을 뛰어넘는, 수학보다 아름다운 이야기를 그리는 드라마로 임수정, 이도현, 진경 등이 출연한다.\n매주 수요일, 목요일 밤 10시 30분 방송된다.",
        "partNum": "P2",
        "useType": 0,
        "processType": "D",
        "processPattern": "24",
        "processLevel": "상",
        "sentenceCount": 7,
        "processSentencenum": 2,
        "sentenceInfo": [
            {
                "sentenceNo": 1,
                "sentenceContent": "가수 치즈가 tvN 15주년 특별기획 수목드라마 ‘멜랑꼴리아’ 네 번째 OST 주자로 낙점됐다.",
                "sentenceSize": 53
            },
            {
                "sentenceNo": 2,
                "sentenceContent": "치즈는 16일 오후 6시 발매되는 ‘멜랑꼴리아’ OST Part 4 ‘렛 미 노우’(Let me know)를 부른다. ‘렛 미 노우’는 피아노 연주를 중심으로 다양한 악기들의 선율이 조화를 이룬 곡으로 치즈가 가진 특유의 매력적인 목소리가 귓가를 자극하는 노래다.",
                "sentenceSize": 147
            },
            {
                "sentenceNo": 3,
                "sentenceContent": "팝 스타일의 발라드로 지난해 방영된 드라마 ‘스타트업’의 OST ‘마이 디어 러브’(My Dear Love) 등 수많은 OST를 작업한 음악감독 박세준, 작곡가 이유진, 작사가 한준이 의기투합해 완성했다.",
                "sentenceSize": 114
            },
            {
                "sentenceNo": 4,
                "sentenceContent": "특히 ‘렛 미 노우’는 주인공의 감정을 대변하는 듯한 ‘연기처럼 밀려드는 외로움 속에 난 홀로 서 있죠’, ‘덩그러니 혼자 걷는 길’, ‘텅 빈 하늘 아래 남겨져 붙잡을 손길도 없죠’ 등의 가사로 진한 몰입감을 선사한다.",
                "sentenceSize": 123
            },
            {
                "sentenceNo": 5,
                "sentenceContent": "현재 싱어송라이터 달총의 1인 밴드로 운영되고 있는 치즈는 그동안 드라마 ‘갯마을 차차차’, ‘간 떨어지는 동거’, ‘선배, 그 립스틱 바르지 마요’, ‘스타트업’, ‘사이코지만 괜찮아’, ‘남자친구’, ‘사랑의 온도’ 등 많은 인기 드라마 OST에 참여하며 차세대 OST 강자로 인정받고 있다. ‘멜랑꼴리아’의 네 번째 OST, 치즈의 ‘렛 미 노우’는 16일 오후 6시 국내 주요 음원사이트를 통해 확인할 수 있다.",
                "sentenceSize": 234
            },
            {
                "sentenceNo": 6,
                "sentenceContent": "한편 tvN 15주년 특별기획 수목드라마 ‘멜랑꼴리아’는 특혜 비리의 온상인 한 사립고를 배경으로 수학 교사와 수학 천재의 통념과 편견을 뛰어넘는, 수학보다 아름다운 이야기를 그리는 드라마로 임수정, 이도현, 진경 등이 출연한다.",
                "sentenceSize": 128
            },
            {
                "sentenceNo": 7,
                "sentenceContent": "매주 수요일, 목요일 밤 10시 30분 방송된다.",
                "sentenceSize": 27
            }
        ]
    },
    "labeledDataInfo": {
        "processSentenceInfo": [
            {
                "sentenceNo": 1,
                "sentenceContent": "가수 치즈가 tvN 15주년 특별기획 수목드라마 ‘멜랑꼴리아’ 네 번째 OST 주자로 낙점됐다.",
                "subjectConsistencyYn": "Y"
            },
            {
                "sentenceNo": 2,
                "sentenceContent": "치즈는 16일 오후 6시 발매되는 ‘멜랑꼴리아’ OST Part 4 ‘렛 미 노우’(Let me know)를 부른다. ‘렛 미 노우’는 피아노 연주를 중심으로 다양한 악기들의 선율이 조화를 이룬 곡으로 치즈가 가진 특유의 매력적인 목소리가 귓가를 자극하는 노래다.",
                "subjectConsistencyYn": "Y"
            },
            {
                "sentenceNo": 3,
                "sentenceContent": "팝 스타일의 발라드로 지난해 방영된 드라마 ‘스타트업’의 OST ‘마이 디어 러브’(My Dear Love) 등 수많은 OST를 작업한 음악감독 박세준, 작곡가 이유진, 작사가 한준이 의기투합해 완성했다.",
                "subjectConsistencyYn": "Y"
            },
            {
                "sentenceNo": 4,
                "sentenceContent": "특히 ‘렛 미 노우’는 주인공의 감정을 대변하는 듯한 ‘연기처럼 밀려드는 외로움 속에 난 홀로 서 있죠’, ‘덩그러니 혼자 걷는 길’, ‘텅 빈 하늘 아래 남겨져 붙잡을 손길도 없죠’ 등의 가사로 진한 몰입감을 선사한다.",
                "subjectConsistencyYn": "Y"
            },
            {
                "sentenceNo": 5,
                "sentenceContent": "현재 싱어송라이터 달총의 1인 밴드로 운영되고 있는 치즈는 그동안 드라마 ‘갯마을 차차차’, ‘간 떨어지는 동거’, ‘선배, 그 립스틱 바르지 마요’, ‘스타트업’, ‘사이코지만 괜찮아’, ‘남자친구’, ‘사랑의 온도’ 등 많은 인기 드라마 OST에 참여하며 차세대 OST 강자로 인정받고 있다. ‘멜랑꼴리아’의 네 번째 OST, 치즈의 ‘렛 미 노우’는 16일 오후 6시 국내 주요 음원사이트를 통해 확인할 수 있다.",
                "subjectConsistencyYn": "Y"
            },
            {
                "sentenceNo": 6,
                "sentenceContent": "한편 tvN 15주년 특별기획 수목드라마 ‘멜랑꼴리아’는 특혜 비리의 온상인 한 사립고를 배경으로 수학 교사와 수학 천재의 통념과 편견을 뛰어넘는, 수학보다 아름다운 이야기를 그리는 드라마로 임수정, 이도현, 진경 등이 출연한다.",
                "subjectConsistencyYn": "Y"
            },
            {
                "sentenceNo": 7,
                "sentenceContent": "매주 수요일, 목요일 밤 10시 30분 방송된다.",
                "subjectConsistencyYn": "Y"
            },
            {
                "sentenceNo": 8,
                "sentenceContent": "'멜랑꼴리아' 네 번째 OST 주차로 낙점된 치즈는 혼자가 아닌 팀을 꾸린 이유로 팀원 구름이 평소에 겁이 많고 완력이 없는 사람이라 팀이 안정적일 거라는 판단이었다고 밝혔다. ",
                "subjectConsistencyYn": "N"
            },
            {
                "sentenceNo": 9,
                "sentenceContent": "치즈는 초창기엔 Ra.D가 이끌고 있는 음악 레이블인 Realcollabo에 소속되어 있었으며, 싱어송라이터들로만 이루어진 Realcollabo에서 유일하게 팀으로 구성된 아티스트였다.",
                "subjectConsistencyYn": "N"
            }
        ],
        "clickbaitClass": 0
    }
}