{
    "sourceDataInfo": {
        "newsID": "ET_M13_629189",
        "newsCategory": "연예",
        "newsSubcategory": "연예일반",
        "newsTitle": "‘수능성적표 조작’ 보현 공문서위조 처벌 촉구 고발 접수",
        "newsSubTitle": "",
        "newsContent": "수능 성적표 조작을 인정한 수능 유튜버 보현(남보현)을 둘러싼 공분이 이어지고 있다.\n최근 국민신문고에는 보현을 공문서 위조 등의 혐의로 수사를 촉구하는 민원이 정식으로 접수됐다.\n고발인은 “보현이 수능 성적표를 실제 성적과 다르게 위조해 개인 사회관계망서비스(SNS)에 게시한 공문서 위조 사실에 대해 추가 피해가 없는지 수사에 착수해 주시길 원한다”고 밝혔다.\n이 고발인은 △보현의 경우 단순 허풍이 아닌 명백한 공문서 위조 내지 공문서 행사죄가 적용될 수 있는 점 △인스타그램과 유튜브를 합쳐 만 명 이상의 팔로워·구독자를 보유한 인플루언서로 사안의 규모가 큰 점 △보현은 과거 자신의 성적을 바탕으로 큰 금전적 이득을 취한 점 △올해 수능이 끝난 이후 고액 과외 일을 구하는 중이었다는 점을 들어 수사기관의 수사를 요구했다.\n고발인은 “보현이 위조한 2022년도 수능 성적표를 신임하고 과외 비용을 지불하는 피해자가 발생할 우려가 크다”라면서 “피해 대상이 미성년자인 학생들이라는 점에서 엄중한 사안”이라고 강조했다.\n보현은 자신을 둘러싼 성적표 조작 의혹을 인정한 상태다.\n그는 14일 자신의 유튜브 채널에서 “수능 당일 시험을 보고 난 후 제 유튜브와 인스타그램에 남겨지는 기대 섞인 댓글과 악플을 보면서 절대 해서는 안 될 생각을 했다”며 “한 번 시작된 거짓말은 수습되지 않았고, 결국 성적표를 위조하는 상황까지 갔다”고 말했다.\n그러면서 “저의 짧았던 생각으로 벌인 잘못된 행동 때문에 저를 신뢰하고 의지해 주셨던 분들에게 실망감을 드려 죄송하다”고 사과했다.\n이보다 앞서 보현은 성적 조작 의혹이 불거지자 이를 부인하고 법적 대응하겠다는 입장을 내놨다 자신이 활동하던 인스타그램 계정과 유튜브 채널을 모두 비공개로 돌리고 잠적했다.\n보현의 사과에도 수능 관련 커뮤니티에는 공분이 일고 있는 상황이다.\n특히 보현이 올해 수능 성적 조작 논란만을 언급했을 뿐, 기회균형전형(전형 외) 입학 사실과 2019년도 수능 성적표 조작 의혹에 대해서는 별다른 입장을 남기지 않았다는 점이 지적됐다.\n보현이 조작된 성적표 및 정원 외 입학 사실을 숨기고 고액 과외 학생을 모집한 것이 사실로 드러날 경우 위계에 의해 금전적 이득을 취한 것 또한 증명되기 때문이다.\n이 때문에 그를 사기 등의 혐의로 고발해야 한다는 의견도 이어지고 있다.\n보현은 지난해 11월 이대학보와의 인터뷰에서 “삼수를 하면서 너무 힘들었다. 전국의 모든 N수생들이 저처럼 힘들지 않길 바라며 수능 관련 유튜브를 시작했다”며 “요즘은 학생들을 가리키는데 재밌어 선생님이 되고 싶다”고 말했다.",
        "partNum": "P2",
        "useType": 0,
        "processType": "D",
        "processPattern": "24",
        "processLevel": "상",
        "sentenceCount": 14,
        "processSentencenum": 2,
        "sentenceInfo": [
            {
                "sentenceNo": 1,
                "sentenceContent": "수능 성적표 조작을 인정한 수능 유튜버 보현(남보현)을 둘러싼 공분이 이어지고 있다.",
                "sentenceSize": 47
            },
            {
                "sentenceNo": 2,
                "sentenceContent": "최근 국민신문고에는 보현을 공문서 위조 등의 혐의로 수사를 촉구하는 민원이 정식으로 접수됐다.",
                "sentenceSize": 52
            },
            {
                "sentenceNo": 3,
                "sentenceContent": "고발인은 “보현이 수능 성적표를 실제 성적과 다르게 위조해 개인 사회관계망서비스(SNS)에 게시한 공문서 위조 사실에 대해 추가 피해가 없는지 수사에 착수해 주시길 원한다”고 밝혔다.",
                "sentenceSize": 102
            },
            {
                "sentenceNo": 4,
                "sentenceContent": "이 고발인은 △보현의 경우 단순 허풍이 아닌 명백한 공문서 위조 내지 공문서 행사죄가 적용될 수 있는 점 △인스타그램과 유튜브를 합쳐 만 명 이상의 팔로워·구독자를 보유한 인플루언서로 사안의 규모가 큰 점 △보현은 과거 자신의 성적을 바탕으로 큰 금전적 이득을 취한 점 △올해 수능이 끝난 이후 고액 과외 일을 구하는 중이었다는 점을 들어 수사기관의 수사를 요구했다.",
                "sentenceSize": 205
            },
            {
                "sentenceNo": 5,
                "sentenceContent": "고발인은 “보현이 위조한 2022년도 수능 성적표를 신임하고 과외 비용을 지불하는 피해자가 발생할 우려가 크다”라면서 “피해 대상이 미성년자인 학생들이라는 점에서 엄중한 사안”이라고 강조했다.",
                "sentenceSize": 107
            },
            {
                "sentenceNo": 6,
                "sentenceContent": "보현은 자신을 둘러싼 성적표 조작 의혹을 인정한 상태다.",
                "sentenceSize": 31
            },
            {
                "sentenceNo": 7,
                "sentenceContent": "그는 14일 자신의 유튜브 채널에서 “수능 당일 시험을 보고 난 후 제 유튜브와 인스타그램에 남겨지는 기대 섞인 댓글과 악플을 보면서 절대 해서는 안 될 생각을 했다”며 “한 번 시작된 거짓말은 수습되지 않았고, 결국 성적표를 위조하는 상황까지 갔다”고 말했다.",
                "sentenceSize": 146
            },
            {
                "sentenceNo": 8,
                "sentenceContent": "그러면서 “저의 짧았던 생각으로 벌인 잘못된 행동 때문에 저를 신뢰하고 의지해 주셨던 분들에게 실망감을 드려 죄송하다”고 사과했다.",
                "sentenceSize": 73
            },
            {
                "sentenceNo": 9,
                "sentenceContent": "이보다 앞서 보현은 성적 조작 의혹이 불거지자 이를 부인하고 법적 대응하겠다는 입장을 내놨다 자신이 활동하던 인스타그램 계정과 유튜브 채널을 모두 비공개로 돌리고 잠적했다.",
                "sentenceSize": 96
            },
            {
                "sentenceNo": 10,
                "sentenceContent": "보현의 사과에도 수능 관련 커뮤니티에는 공분이 일고 있는 상황이다.",
                "sentenceSize": 37
            },
            {
                "sentenceNo": 11,
                "sentenceContent": "특히 보현이 올해 수능 성적 조작 논란만을 언급했을 뿐, 기회균형전형(전형 외) 입학 사실과 2019년도 수능 성적표 조작 의혹에 대해서는 별다른 입장을 남기지 않았다는 점이 지적됐다.",
                "sentenceSize": 103
            },
            {
                "sentenceNo": 12,
                "sentenceContent": "보현이 조작된 성적표 및 정원 외 입학 사실을 숨기고 고액 과외 학생을 모집한 것이 사실로 드러날 경우 위계에 의해 금전적 이득을 취한 것 또한 증명되기 때문이다.",
                "sentenceSize": 91
            },
            {
                "sentenceNo": 13,
                "sentenceContent": "이 때문에 그를 사기 등의 혐의로 고발해야 한다는 의견도 이어지고 있다.",
                "sentenceSize": 40
            },
            {
                "sentenceNo": 14,
                "sentenceContent": "보현은 지난해 11월 이대학보와의 인터뷰에서 “삼수를 하면서 너무 힘들었다. 전국의 모든 N수생들이 저처럼 힘들지 않길 바라며 수능 관련 유튜브를 시작했다”며 “요즘은 학생들을 가리키는데 재밌어 선생님이 되고 싶다”고 말했다.",
                "sentenceSize": 126
            }
        ]
    },
    "labeledDataInfo": {
        "processSentenceInfo": [
            {
                "sentenceNo": 1,
                "sentenceContent": "수능 성적표 조작을 인정한 수능 유튜버 보현(남보현)을 둘러싼 공분이 이어지고 있다.",
                "subjectConsistencyYn": "Y"
            },
            {
                "sentenceNo": 2,
                "sentenceContent": "최근 국민신문고에는 보현을 공문서 위조 등의 혐의로 수사를 촉구하는 민원이 정식으로 접수됐다.",
                "subjectConsistencyYn": "Y"
            },
            {
                "sentenceNo": 3,
                "sentenceContent": "고발인은 “보현이 수능 성적표를 실제 성적과 다르게 위조해 개인 사회관계망서비스(SNS)에 게시한 공문서 위조 사실에 대해 추가 피해가 없는지 수사에 착수해 주시길 원한다”고 밝혔다.",
                "subjectConsistencyYn": "Y"
            },
            {
                "sentenceNo": 4,
                "sentenceContent": "이 고발인은 △보현의 경우 단순 허풍이 아닌 명백한 공문서 위조 내지 공문서 행사죄가 적용될 수 있는 점 △인스타그램과 유튜브를 합쳐 만 명 이상의 팔로워·구독자를 보유한 인플루언서로 사안의 규모가 큰 점 △보현은 과거 자신의 성적을 바탕으로 큰 금전적 이득을 취한 점 △올해 수능이 끝난 이후 고액 과외 일을 구하는 중이었다는 점을 들어 수사기관의 수사를 요구했다.",
                "subjectConsistencyYn": "Y"
            },
            {
                "sentenceNo": 5,
                "sentenceContent": "고발인은 “보현이 위조한 2022년도 수능 성적표를 신임하고 과외 비용을 지불하는 피해자가 발생할 우려가 크다”라면서 “피해 대상이 미성년자인 학생들이라는 점에서 엄중한 사안”이라고 강조했다.",
                "subjectConsistencyYn": "Y"
            },
            {
                "sentenceNo": 6,
                "sentenceContent": "보현은 자신을 둘러싼 성적표 조작 의혹을 인정한 상태다.",
                "subjectConsistencyYn": "Y"
            },
            {
                "sentenceNo": 7,
                "sentenceContent": "그는 14일 자신의 유튜브 채널에서 “수능 당일 시험을 보고 난 후 제 유튜브와 인스타그램에 남겨지는 기대 섞인 댓글과 악플을 보면서 절대 해서는 안 될 생각을 했다”며 “한 번 시작된 거짓말은 수습되지 않았고, 결국 성적표를 위조하는 상황까지 갔다”고 말했다.",
                "subjectConsistencyYn": "Y"
            },
            {
                "sentenceNo": 8,
                "sentenceContent": "그러면서 “저의 짧았던 생각으로 벌인 잘못된 행동 때문에 저를 신뢰하고 의지해 주셨던 분들에게 실망감을 드려 죄송하다”고 사과했다.",
                "subjectConsistencyYn": "Y"
            },
            {
                "sentenceNo": 9,
                "sentenceContent": "이보다 앞서 보현은 성적 조작 의혹이 불거지자 이를 부인하고 법적 대응하겠다는 입장을 내놨다 자신이 활동하던 인스타그램 계정과 유튜브 채널을 모두 비공개로 돌리고 잠적했다.",
                "subjectConsistencyYn": "Y"
            },
            {
                "sentenceNo": 10,
                "sentenceContent": "보현의 사과에도 수능 관련 커뮤니티에는 공분이 일고 있는 상황이다.",
                "subjectConsistencyYn": "Y"
            },
            {
                "sentenceNo": 11,
                "sentenceContent": "특히 보현이 올해 수능 성적 조작 논란만을 언급했을 뿐, 기회균형전형(전형 외) 입학 사실과 2019년도 수능 성적표 조작 의혹에 대해서는 별다른 입장을 남기지 않았다는 점이 지적됐다.",
                "subjectConsistencyYn": "Y"
            },
            {
                "sentenceNo": 12,
                "sentenceContent": "보현이 조작된 성적표 및 정원 외 입학 사실을 숨기고 고액 과외 학생을 모집한 것이 사실로 드러날 경우 위계에 의해 금전적 이득을 취한 것 또한 증명되기 때문이다.",
                "subjectConsistencyYn": "Y"
            },
            {
                "sentenceNo": 13,
                "sentenceContent": "이 때문에 그를 사기 등의 혐의로 고발해야 한다는 의견도 이어지고 있다.",
                "subjectConsistencyYn": "Y"
            },
            {
                "sentenceNo": 14,
                "sentenceContent": "보현은 지난해 11월 이대학보와의 인터뷰에서 “삼수를 하면서 너무 힘들었다. 전국의 모든 N수생들이 저처럼 힘들지 않길 바라며 수능 관련 유튜브를 시작했다”며 “요즘은 학생들을 가리키는데 재밌어 선생님이 되고 싶다”고 말했다.",
                "subjectConsistencyYn": "Y"
            },
            {
                "sentenceNo": 15,
                "sentenceContent": "수능 성적표 조작을 인정한 수능 유튜버 보현을 둘러싼 공분이 이어지고 있는 가운데, 누리꾼들이 다른 수능 유튜버에게도 실제 모의고사 성적표와 수능 성적표를 원본 그대로 공개하라고 요구하기 시작했다. ",
                "subjectConsistencyYn": "N"
            },
            {
                "sentenceNo": 16,
                "sentenceContent": "한 수능 유튜버 출신 대학생 A 씨는 이에 대해 SNS 상에서 \"이미 수능을 치른 지 2년이 넘어가는 시점에서 갑자기 그런 요구를 받아서 황당했다\", \"심지어 성적표 공개 요구를 한 분들은 대부분 내 방송을 시청하지도 않는 분들\"이라며 당혹스러운 심경을 드러냈다. ",
                "subjectConsistencyYn": "N"
            }
        ],
        "clickbaitClass": 0
    }
}