{
    "sourceDataInfo": {
        "newsID": "ET_M13_629385",
        "newsCategory": "연예",
        "newsSubcategory": "연예일반",
        "newsTitle": "자이언티X펭수, 의외의 케미스트리 발산",
        "newsSubTitle": "",
        "newsContent": "가수 자이언티가 펭수와 유쾌한 케미스트리를 뽐냈다.\n자이언티는 27일 자신의 인스타그램에 “The legendary Achimadang(전설의 아침마당)”이라는 글과 함께 여러 장의 사진을 게재했다.\n공개된 사진 속 자이언티는 인기 캐릭터 펭수와 문 뒤에서 얼굴을 내밀고 있다.\n특히 자이언티는 파격적인 은박 의상과 정돈되지 않은 금발 머리로 눈길을 끌었다.\n이를 본 누리꾼들은 “번개맨으로 출연하신 건가요?” “펭수 자이언티 조합 귀엽다” “‘아침마당’ 본방사수했어요” 등의 뜨거운 반응을 보냈다.\n앞서 이날 자이언티는 KBS 1TV ‘이침마당’에 출연해 신곡‘선물을 고르며’ 무대를 최초 공개했다.\n또한 자이언티는 펭수와 함께한 축하 무대에서‘눈 (Feat. 이문세)’을 열창해 시청자들을 사로잡았다.\n한편, 자이언티는 지난 23일 신곡 ‘선물을 고르며’를 발매했다.",
        "partNum": "P2",
        "useType": 0,
        "processType": "D",
        "processPattern": "24",
        "processLevel": "상",
        "sentenceCount": 8,
        "processSentencenum": 2,
        "sentenceInfo": [
            {
                "sentenceNo": 1,
                "sentenceContent": "가수 자이언티가 펭수와 유쾌한 케미스트리를 뽐냈다.",
                "sentenceSize": 28
            },
            {
                "sentenceNo": 2,
                "sentenceContent": "자이언티는 27일 자신의 인스타그램에 “The legendary Achimadang(전설의 아침마당)”이라는 글과 함께 여러 장의 사진을 게재했다.",
                "sentenceSize": 82
            },
            {
                "sentenceNo": 3,
                "sentenceContent": "공개된 사진 속 자이언티는 인기 캐릭터 펭수와 문 뒤에서 얼굴을 내밀고 있다.",
                "sentenceSize": 43
            },
            {
                "sentenceNo": 4,
                "sentenceContent": "특히 자이언티는 파격적인 은박 의상과 정돈되지 않은 금발 머리로 눈길을 끌었다.",
                "sentenceSize": 44
            },
            {
                "sentenceNo": 5,
                "sentenceContent": "이를 본 누리꾼들은 “번개맨으로 출연하신 건가요?” “펭수 자이언티 조합 귀엽다” “‘아침마당’ 본방사수했어요” 등의 뜨거운 반응을 보냈다.",
                "sentenceSize": 78
            },
            {
                "sentenceNo": 6,
                "sentenceContent": "앞서 이날 자이언티는 KBS 1TV ‘이침마당’에 출연해 신곡‘선물을 고르며’ 무대를 최초 공개했다.",
                "sentenceSize": 56
            },
            {
                "sentenceNo": 7,
                "sentenceContent": "또한 자이언티는 펭수와 함께한 축하 무대에서‘눈 (Feat. 이문세)’을 열창해 시청자들을 사로잡았다.",
                "sentenceSize": 57
            },
            {
                "sentenceNo": 8,
                "sentenceContent": "한편, 자이언티는 지난 23일 신곡 ‘선물을 고르며’를 발매했다.",
                "sentenceSize": 36
            }
        ]
    },
    "labeledDataInfo": {
        "processSentenceInfo": [
            {
                "sentenceNo": 1,
                "sentenceContent": "가수 자이언티가 펭수와 유쾌한 케미스트리를 뽐냈다.",
                "subjectConsistencyYn": "Y"
            },
            {
                "sentenceNo": 2,
                "sentenceContent": "자이언티는 27일 자신의 인스타그램에 “The legendary Achimadang(전설의 아침마당)”이라는 글과 함께 여러 장의 사진을 게재했다.",
                "subjectConsistencyYn": "Y"
            },
            {
                "sentenceNo": 3,
                "sentenceContent": "공개된 사진 속 자이언티는 인기 캐릭터 펭수와 문 뒤에서 얼굴을 내밀고 있다.",
                "subjectConsistencyYn": "Y"
            },
            {
                "sentenceNo": 4,
                "sentenceContent": "특히 자이언티는 파격적인 은박 의상과 정돈되지 않은 금발 머리로 눈길을 끌었다.",
                "subjectConsistencyYn": "Y"
            },
            {
                "sentenceNo": 5,
                "sentenceContent": "이를 본 누리꾼들은 “번개맨으로 출연하신 건가요?” “펭수 자이언티 조합 귀엽다” “‘아침마당’ 본방사수했어요” 등의 뜨거운 반응을 보냈다.",
                "subjectConsistencyYn": "Y"
            },
            {
                "sentenceNo": 6,
                "sentenceContent": "앞서 이날 자이언티는 KBS 1TV ‘이침마당’에 출연해 신곡‘선물을 고르며’ 무대를 최초 공개했다.",
                "subjectConsistencyYn": "Y"
            },
            {
                "sentenceNo": 7,
                "sentenceContent": "또한 자이언티는 펭수와 함께한 축하 무대에서‘눈 (Feat. 이문세)’을 열창해 시청자들을 사로잡았다.",
                "subjectConsistencyYn": "Y"
            },
            {
                "sentenceNo": 8,
                "sentenceContent": "한편, 자이언티는 지난 23일 신곡 ‘선물을 고르며’를 발매했다.",
                "subjectConsistencyYn": "Y"
            },
            {
                "sentenceNo": 9,
                "sentenceContent": "펭수와 자이언티가 KBS 1TV ‘아침마당에서 유쾌한 케미스트리를 뽐낸 가운데, 펭수의 지식재산권 100%를 가진 EBS 김명중 사장은 국영방송으로서 질 좋은 콘텐츠를 만들기 위해 수신료 인상에 대한 필요성을 언급했다.",
                "subjectConsistencyYn": "N"
            },
            {
                "sentenceNo": 10,
                "sentenceContent": "김명중 사장은 \"현재 EBS가 배분받는 월 수신료는 70원인데, 수신료를 독립적으로 산정해 최소 700원으로 올려야 한다\"라며 \"펭수를 통해 MZ세대의 EBS에 대한 문턱을 낮췄고 세계로 뻗어나가는 전환점을 마련했다\"라고 말했다.",
                "subjectConsistencyYn": "N"
            }
        ],
        "clickbaitClass": 0
    }
}