{
    "sourceDataInfo": {
        "newsID": "ET_M13_629406",
        "newsCategory": "연예",
        "newsSubcategory": "음악",
        "newsTitle": "아스트로 진진&라키 ‘Restore’ 준비 완료",
        "newsSubTitle": "",
        "newsContent": "그룹 아스트로 멤버 진진&라키가 유닛 데뷔 카운트다운에 돌입했다.\n소속사 판타지오는 지난 28일 사회적관계망서비스(SNS)를 통해 스케줄러 이미지를 선보였다.\n해당 스케줄러에 따르면 오는 30일 트랙리스트 오픈을 시작으로 앨범 프리뷰, 콘셉트 포토, 하이라이트 메들리, 콘셉트 티저, 뮤직비디오 티저가 순차적으로 공개된다.\n콘셉트 포토는 ‘Staycation’(스테이케이션)과 ‘Vacation’(베케이션) 두 가지 버전으로 공개되는데, 이를 통해 앨범 역시 2종으로 구성될 것이라는 추측이 이어진다.\n앞서 진진과 라키는 아스트로 메인 래퍼와 메인 댄서로 활약하는 동시에 작사, 작곡을 꾸준히 해왔다.\n팀 활동으로도 검증된 두 사람의 역량이 이번 미니 앨범 ‘Restore’에서는 어떻게 펼쳐질지 기대가 높아진다.\n한편 진진&라키의 첫 번째 미니 앨범 ‘Restore’는 내년 1월 17일 오후 6시 각종 온라인 음원 사이트를 통해 발매되며, 1월 4일부터 예약 판매가 시작된다.",
        "partNum": "P2",
        "useType": 0,
        "processType": "D",
        "processPattern": "24",
        "processLevel": "상",
        "sentenceCount": 7,
        "processSentencenum": 2,
        "sentenceInfo": [
            {
                "sentenceNo": 1,
                "sentenceContent": "그룹 아스트로 멤버 진진&라키가 유닛 데뷔 카운트다운에 돌입했다.",
                "sentenceSize": 36
            },
            {
                "sentenceNo": 2,
                "sentenceContent": "소속사 판타지오는 지난 28일 사회적관계망서비스(SNS)를 통해 스케줄러 이미지를 선보였다.",
                "sentenceSize": 51
            },
            {
                "sentenceNo": 3,
                "sentenceContent": "해당 스케줄러에 따르면 오는 30일 트랙리스트 오픈을 시작으로 앨범 프리뷰, 콘셉트 포토, 하이라이트 메들리, 콘셉트 티저, 뮤직비디오 티저가 순차적으로 공개된다.",
                "sentenceSize": 91
            },
            {
                "sentenceNo": 4,
                "sentenceContent": "콘셉트 포토는 ‘Staycation’(스테이케이션)과 ‘Vacation’(베케이션) 두 가지 버전으로 공개되는데, 이를 통해 앨범 역시 2종으로 구성될 것이라는 추측이 이어진다.",
                "sentenceSize": 99
            },
            {
                "sentenceNo": 5,
                "sentenceContent": "앞서 진진과 라키는 아스트로 메인 래퍼와 메인 댄서로 활약하는 동시에 작사, 작곡을 꾸준히 해왔다.",
                "sentenceSize": 55
            },
            {
                "sentenceNo": 6,
                "sentenceContent": "팀 활동으로도 검증된 두 사람의 역량이 이번 미니 앨범 ‘Restore’에서는 어떻게 펼쳐질지 기대가 높아진다.",
                "sentenceSize": 62
            },
            {
                "sentenceNo": 7,
                "sentenceContent": "한편 진진&라키의 첫 번째 미니 앨범 ‘Restore’는 내년 1월 17일 오후 6시 각종 온라인 음원 사이트를 통해 발매되며, 1월 4일부터 예약 판매가 시작된다.",
                "sentenceSize": 92
            }
        ]
    },
    "labeledDataInfo": {
        "processSentenceInfo": [
            {
                "sentenceNo": 1,
                "sentenceContent": "그룹 아스트로 멤버 진진&라키가 유닛 데뷔 카운트다운에 돌입했다.",
                "subjectConsistencyYn": "Y"
            },
            {
                "sentenceNo": 2,
                "sentenceContent": "소속사 판타지오는 지난 28일 사회적관계망서비스(SNS)를 통해 스케줄러 이미지를 선보였다.",
                "subjectConsistencyYn": "Y"
            },
            {
                "sentenceNo": 3,
                "sentenceContent": "해당 스케줄러에 따르면 오는 30일 트랙리스트 오픈을 시작으로 앨범 프리뷰, 콘셉트 포토, 하이라이트 메들리, 콘셉트 티저, 뮤직비디오 티저가 순차적으로 공개된다.",
                "subjectConsistencyYn": "Y"
            },
            {
                "sentenceNo": 4,
                "sentenceContent": "콘셉트 포토는 ‘Staycation’(스테이케이션)과 ‘Vacation’(베케이션) 두 가지 버전으로 공개되는데, 이를 통해 앨범 역시 2종으로 구성될 것이라는 추측이 이어진다.",
                "subjectConsistencyYn": "Y"
            },
            {
                "sentenceNo": 5,
                "sentenceContent": "앞서 진진과 라키는 아스트로 메인 래퍼와 메인 댄서로 활약하는 동시에 작사, 작곡을 꾸준히 해왔다.",
                "subjectConsistencyYn": "Y"
            },
            {
                "sentenceNo": 6,
                "sentenceContent": "팀 활동으로도 검증된 두 사람의 역량이 이번 미니 앨범 ‘Restore’에서는 어떻게 펼쳐질지 기대가 높아진다.",
                "subjectConsistencyYn": "Y"
            },
            {
                "sentenceNo": 7,
                "sentenceContent": "한편 진진&라키의 첫 번째 미니 앨범 ‘Restore’는 내년 1월 17일 오후 6시 각종 온라인 음원 사이트를 통해 발매되며, 1월 4일부터 예약 판매가 시작된다.",
                "subjectConsistencyYn": "Y"
            },
            {
                "sentenceNo": 8,
                "sentenceContent": "유닛 데뷔 카운트다운에 돌입한 아스트로 진진&라키가 소속되어 있는 소속사 판타지오는 SM이 사용하던 구사옥으로 사무실을 이전했다.",
                "subjectConsistencyYn": "N"
            },
            {
                "sentenceNo": 9,
                "sentenceContent": "이와 관련해 판타지오 소속 가수인 최유정은 신사옥에 대해 \"남의 집에 들어와서 우리집 마냥 살고 있는 것 같다\"라며 \"약간 영화 기생충이 떠오른다\"라고 말했다.   ",
                "subjectConsistencyYn": "N"
            }
        ],
        "clickbaitClass": 0
    }
}