{
    "sourceDataInfo": {
        "newsID": "ET_M13_629221",
        "newsCategory": "연예",
        "newsSubcategory": "영화",
        "newsTitle": "‘층’ 이제훈 “최초 오디오 무비, 놀라운 시도”",
        "newsSubTitle": "",
        "newsContent": "배우 이제훈이 오디오 무비 ‘층’(감독 임지환)에 대한 찬사를 날렸다.\n이제훈은 16일 오전 온라인생중계된 ‘층’ 제작보고회에서 오디오 무비 콘텐츠란 점을 강조하며 “최초의 시도라는 게 놀라웠다”고 밝혔다.\n그는 “이렇게 도전적인 작업을 한다는 게 창작자로서 설레는 일이다. 선례가 없어서 시행착오가 분명히 있을 텐데도 밀어붙이는 모습이 참 멋있다고 생각했다. 자극이 됐다”고 말했다.\n이어 “배우로선 비주얼을 생각지 않고 목소리로만 연기한다는 게 매력적이더라. 온전히 눈을 감고 내 목소리로 상상하는 모든 걸 만들어낸다는 게 재밌겠다는 생각이 들었다”며 “이야기를 들었을 때 심장이 쫄리면서 ‘어떻게 되려고 하는거지?’ 궁금증이 생기더라. 그래서 큰 고민 없이 출연하고 싶다는 생각이 들었다”고 설명했다.\n또한 MC 박경림이 “녹음 당시 비주얼은 어땠느냐”고 묻자 “현장 속 비주얼보다 목소리가 더 나았을 수도 있겠다는 생각이 든다”며 웃음을 터뜨렸다. ‘층’은 알 수 없는 층간소음이 계속되는 무광 빌라에서 벌어진 의문의 사건, 용의자들의 진술을 토대로 프로파일러 ‘강호’(이제훈)와 사건 담당 경위 ‘지호’(문채원)가 사건의 진실을 파헤쳐가는 과정을 그린 미스터리 스릴러다.\n오는 27일 네이버 바이브에서 만나볼 수 있다.",
        "partNum": "P2",
        "useType": 0,
        "processType": "D",
        "processPattern": "24",
        "processLevel": "상",
        "sentenceCount": 6,
        "processSentencenum": 2,
        "sentenceInfo": [
            {
                "sentenceNo": 1,
                "sentenceContent": "배우 이제훈이 오디오 무비 ‘층’(감독 임지환)에 대한 찬사를 날렸다.",
                "sentenceSize": 39
            },
            {
                "sentenceNo": 2,
                "sentenceContent": "이제훈은 16일 오전 온라인생중계된 ‘층’ 제작보고회에서 오디오 무비 콘텐츠란 점을 강조하며 “최초의 시도라는 게 놀라웠다”고 밝혔다.",
                "sentenceSize": 75
            },
            {
                "sentenceNo": 3,
                "sentenceContent": "그는 “이렇게 도전적인 작업을 한다는 게 창작자로서 설레는 일이다. 선례가 없어서 시행착오가 분명히 있을 텐데도 밀어붙이는 모습이 참 멋있다고 생각했다. 자극이 됐다”고 말했다.",
                "sentenceSize": 99
            },
            {
                "sentenceNo": 4,
                "sentenceContent": "이어 “배우로선 비주얼을 생각지 않고 목소리로만 연기한다는 게 매력적이더라. 온전히 눈을 감고 내 목소리로 상상하는 모든 걸 만들어낸다는 게 재밌겠다는 생각이 들었다”며 “이야기를 들었을 때 심장이 쫄리면서 ‘어떻게 되려고 하는거지?’ 궁금증이 생기더라. 그래서 큰 고민 없이 출연하고 싶다는 생각이 들었다”고 설명했다.",
                "sentenceSize": 179
            },
            {
                "sentenceNo": 5,
                "sentenceContent": "또한 MC 박경림이 “녹음 당시 비주얼은 어땠느냐”고 묻자 “현장 속 비주얼보다 목소리가 더 나았을 수도 있겠다는 생각이 든다”며 웃음을 터뜨렸다. ‘층’은 알 수 없는 층간소음이 계속되는 무광 빌라에서 벌어진 의문의 사건, 용의자들의 진술을 토대로 프로파일러 ‘강호’(이제훈)와 사건 담당 경위 ‘지호’(문채원)가 사건의 진실을 파헤쳐가는 과정을 그린 미스터리 스릴러다.",
                "sentenceSize": 208
            },
            {
                "sentenceNo": 6,
                "sentenceContent": "오는 27일 네이버 바이브에서 만나볼 수 있다.",
                "sentenceSize": 26
            }
        ]
    },
    "labeledDataInfo": {
        "processSentenceInfo": [
            {
                "sentenceNo": 1,
                "sentenceContent": "배우 이제훈이 오디오 무비 ‘층’(감독 임지환)에 대한 찬사를 날렸다.",
                "subjectConsistencyYn": "Y"
            },
            {
                "sentenceNo": 2,
                "sentenceContent": "이제훈은 16일 오전 온라인생중계된 ‘층’ 제작보고회에서 오디오 무비 콘텐츠란 점을 강조하며 “최초의 시도라는 게 놀라웠다”고 밝혔다.",
                "subjectConsistencyYn": "Y"
            },
            {
                "sentenceNo": 3,
                "sentenceContent": "그는 “이렇게 도전적인 작업을 한다는 게 창작자로서 설레는 일이다. 선례가 없어서 시행착오가 분명히 있을 텐데도 밀어붙이는 모습이 참 멋있다고 생각했다. 자극이 됐다”고 말했다.",
                "subjectConsistencyYn": "Y"
            },
            {
                "sentenceNo": 4,
                "sentenceContent": "이어 “배우로선 비주얼을 생각지 않고 목소리로만 연기한다는 게 매력적이더라. 온전히 눈을 감고 내 목소리로 상상하는 모든 걸 만들어낸다는 게 재밌겠다는 생각이 들었다”며 “이야기를 들었을 때 심장이 쫄리면서 ‘어떻게 되려고 하는거지?’ 궁금증이 생기더라. 그래서 큰 고민 없이 출연하고 싶다는 생각이 들었다”고 설명했다.",
                "subjectConsistencyYn": "Y"
            },
            {
                "sentenceNo": 5,
                "sentenceContent": "또한 MC 박경림이 “녹음 당시 비주얼은 어땠느냐”고 묻자 “현장 속 비주얼보다 목소리가 더 나았을 수도 있겠다는 생각이 든다”며 웃음을 터뜨렸다. ‘층’은 알 수 없는 층간소음이 계속되는 무광 빌라에서 벌어진 의문의 사건, 용의자들의 진술을 토대로 프로파일러 ‘강호’(이제훈)와 사건 담당 경위 ‘지호’(문채원)가 사건의 진실을 파헤쳐가는 과정을 그린 미스터리 스릴러다.",
                "subjectConsistencyYn": "Y"
            },
            {
                "sentenceNo": 6,
                "sentenceContent": "오는 27일 네이버 바이브에서 만나볼 수 있다.",
                "subjectConsistencyYn": "Y"
            },
            {
                "sentenceNo": 7,
                "sentenceContent": "오디오 무비 ‘층’에 대해 \"최초의 시도라는 게 놀라웠다\"며 찬사를 보낸 배우 이제훈이 국내 대표 유니콘 M사 초기에 수억 원을 투자한 것으로 알려졌다.",
                "subjectConsistencyYn": "N"
            },
            {
                "sentenceNo": 8,
                "sentenceContent": "현재 이곳은 출시 4년 만에 약 50배 이상 매출을 기록, 최대 4조 원 매출을 낸 가운데 이제훈도 높은 투자수익을 올린 것으로 추측됐다.",
                "subjectConsistencyYn": "N"
            }
        ],
        "clickbaitClass": 0
    }
}