{
    "sourceDataInfo": {
        "newsID": "ET_M13_629213",
        "newsCategory": "연예",
        "newsSubcategory": "방송",
        "newsTitle": "조진웅, 광주와 여수로 여유로운 ‘잠적’",
        "newsSubTitle": "",
        "newsContent": "배우 조진웅이 프로그램 속에서 홀로 여행을 즐기는 모습이 포착됐다.\n16일 공개되는 시네마틱 로드무비 ‘잠적’을 제작한 디스커버리 채널 코리아와 SKY채널은 앞서 공개한 티저 영상과 종합 예고편에 이어 스틸사진을 추가로 공개했다.\n조진웅은 ‘잠적’의 장소로 광주광역시와 전남 여수를 정했다.\n고요하고 아름다운 자연을 배경으로 찍힌 그의 모습을 통해 2박3일의 여정을 엿볼 수 있다.\n조진웅은 해변에 앉아 홀로 사색을 즐기는가 하면, 바다 위에 떠있는 듯한 느낌의 카페에서 여유를 즐긴다.\n그는 가을 느낌이 나는 도로와 갈대밭 사이를 가로질러 광주에 도착해 대표 예술골목인 ‘영화가 흐르는 골목’을 방문한다.\n배우로서 관객들에게 울림을 선사한 그가 특히 이곳을 정한 이유가 시청자들의 호기심을 자극한다.\n여수에서는 낭도, 금오도, 무슬목해변, 큰끝등대 등 명소들을 방문해 ‘빠르게 지나간 날들에게서’ 잠시 멈춰 여유로운 잠적과 다양한 힐링의 순간을 제공할 예정이다.\n조진웅이 출연하는 ‘잠적’은 OTT 서비스 시즌을 통해 공개된다.",
        "partNum": "P2",
        "useType": 0,
        "processType": "D",
        "processPattern": "24",
        "processLevel": "상",
        "sentenceCount": 9,
        "processSentencenum": 2,
        "sentenceInfo": [
            {
                "sentenceNo": 1,
                "sentenceContent": "배우 조진웅이 프로그램 속에서 홀로 여행을 즐기는 모습이 포착됐다.",
                "sentenceSize": 37
            },
            {
                "sentenceNo": 2,
                "sentenceContent": "16일 공개되는 시네마틱 로드무비 ‘잠적’을 제작한 디스커버리 채널 코리아와 SKY채널은 앞서 공개한 티저 영상과 종합 예고편에 이어 스틸사진을 추가로 공개했다.",
                "sentenceSize": 90
            },
            {
                "sentenceNo": 3,
                "sentenceContent": "조진웅은 ‘잠적’의 장소로 광주광역시와 전남 여수를 정했다.",
                "sentenceSize": 33
            },
            {
                "sentenceNo": 4,
                "sentenceContent": "고요하고 아름다운 자연을 배경으로 찍힌 그의 모습을 통해 2박3일의 여정을 엿볼 수 있다.",
                "sentenceSize": 50
            },
            {
                "sentenceNo": 5,
                "sentenceContent": "조진웅은 해변에 앉아 홀로 사색을 즐기는가 하면, 바다 위에 떠있는 듯한 느낌의 카페에서 여유를 즐긴다.",
                "sentenceSize": 58
            },
            {
                "sentenceNo": 6,
                "sentenceContent": "그는 가을 느낌이 나는 도로와 갈대밭 사이를 가로질러 광주에 도착해 대표 예술골목인 ‘영화가 흐르는 골목’을 방문한다.",
                "sentenceSize": 66
            },
            {
                "sentenceNo": 7,
                "sentenceContent": "배우로서 관객들에게 울림을 선사한 그가 특히 이곳을 정한 이유가 시청자들의 호기심을 자극한다.",
                "sentenceSize": 52
            },
            {
                "sentenceNo": 8,
                "sentenceContent": "여수에서는 낭도, 금오도, 무슬목해변, 큰끝등대 등 명소들을 방문해 ‘빠르게 지나간 날들에게서’ 잠시 멈춰 여유로운 잠적과 다양한 힐링의 순간을 제공할 예정이다.",
                "sentenceSize": 90
            },
            {
                "sentenceNo": 9,
                "sentenceContent": "조진웅이 출연하는 ‘잠적’은 OTT 서비스 시즌을 통해 공개된다.",
                "sentenceSize": 36
            }
        ]
    },
    "labeledDataInfo": {
        "processSentenceInfo": [
            {
                "sentenceNo": 1,
                "sentenceContent": "배우 조진웅이 프로그램 속에서 홀로 여행을 즐기는 모습이 포착됐다.",
                "subjectConsistencyYn": "Y"
            },
            {
                "sentenceNo": 2,
                "sentenceContent": "16일 공개되는 시네마틱 로드무비 ‘잠적’을 제작한 디스커버리 채널 코리아와 SKY채널은 앞서 공개한 티저 영상과 종합 예고편에 이어 스틸사진을 추가로 공개했다.",
                "subjectConsistencyYn": "Y"
            },
            {
                "sentenceNo": 3,
                "sentenceContent": "조진웅은 ‘잠적’의 장소로 광주광역시와 전남 여수를 정했다.",
                "subjectConsistencyYn": "Y"
            },
            {
                "sentenceNo": 4,
                "sentenceContent": "고요하고 아름다운 자연을 배경으로 찍힌 그의 모습을 통해 2박3일의 여정을 엿볼 수 있다.",
                "subjectConsistencyYn": "Y"
            },
            {
                "sentenceNo": 5,
                "sentenceContent": "조진웅은 해변에 앉아 홀로 사색을 즐기는가 하면, 바다 위에 떠있는 듯한 느낌의 카페에서 여유를 즐긴다.",
                "subjectConsistencyYn": "Y"
            },
            {
                "sentenceNo": 6,
                "sentenceContent": "그는 가을 느낌이 나는 도로와 갈대밭 사이를 가로질러 광주에 도착해 대표 예술골목인 ‘영화가 흐르는 골목’을 방문한다.",
                "subjectConsistencyYn": "Y"
            },
            {
                "sentenceNo": 7,
                "sentenceContent": "배우로서 관객들에게 울림을 선사한 그가 특히 이곳을 정한 이유가 시청자들의 호기심을 자극한다.",
                "subjectConsistencyYn": "Y"
            },
            {
                "sentenceNo": 8,
                "sentenceContent": "여수에서는 낭도, 금오도, 무슬목해변, 큰끝등대 등 명소들을 방문해 ‘빠르게 지나간 날들에게서’ 잠시 멈춰 여유로운 잠적과 다양한 힐링의 순간을 제공할 예정이다.",
                "subjectConsistencyYn": "Y"
            },
            {
                "sentenceNo": 9,
                "sentenceContent": "조진웅이 출연하는 ‘잠적’은 OTT 서비스 시즌을 통해 공개된다.",
                "subjectConsistencyYn": "Y"
            },
            {
                "sentenceNo": 10,
                "sentenceContent": "시네마틱 로드무비 ‘잠적’에서 홀로 여행하는 모습을 공개한 배우 조진웅이 사람엔터테인먼트와 전속계약을 체결했다. ",
                "subjectConsistencyYn": "N"
            },
            {
                "sentenceNo": 11,
                "sentenceContent": "사람엔터테인먼트는 배우 공명, 권율, 김성규, 변요한, 엄정화, 조진웅, 최원영 등이 소속되어 있다.",
                "subjectConsistencyYn": "N"
            }
        ],
        "clickbaitClass": 0
    }
}