{
    "sourceDataInfo": {
        "newsID": "ET_M13_629232",
        "newsCategory": "연예",
        "newsSubcategory": "영화",
        "newsTitle": "방민아, 신인상 3관왕 달성…영화계 샛별 떠오르다",
        "newsSubTitle": "",
        "newsContent": "걸스데이 출신 배우 방민아가 신인상 3관왕을 달성했다.\n방민아는 16일 서울 광화문 씨네큐브에서 진행된 제22회 올해의 여성영화인상 시상식에서 영화 ‘최선의 삶’으로 신인연기상을 수상했다.\n이로써 방민아는 제20회 뉴욕 아시안 영화제 라이징 스타상, 제22회 부산영화평론가협회상 신인여우상에 이은 3관왕을 달성했다.\n그만큼 올해 방민아가 떠오르는 신인 배우로 인정받은 것이다.\n수상자로 호명된 방민아는 “오랫동안 무대에 서왔던 사람인데 오늘은 또 기분이 남다르다”며 “여성영화인축제는 꼭 오고 싶은 곳이었는데 직접 와보니 이 자리가 정말 든든하다”라고 말했다.\n이어 “처음 시나리오를 받았을 때 그 기분을 아직까지도 잊지 못한다. ‘강이’를 연기하고 싶은 간절한 마음이 통해 이우정 감독과 만날 수 있었다”며 “이우정 감독께 이 자리를 빌려 처음 이야기 해 본다. 사랑합니다”라고 했다.\n방민아는 올해 ‘최선의 삶’을 비롯해 드라마 ‘이벤트를 확인하세요’ 뮤지컬 ‘그날들’까지 다방면에서 필모그래피를 쌓아오고 있다.",
        "partNum": "P2",
        "useType": 0,
        "processType": "D",
        "processPattern": "24",
        "processLevel": "상",
        "sentenceCount": 7,
        "processSentencenum": 2,
        "sentenceInfo": [
            {
                "sentenceNo": 1,
                "sentenceContent": "걸스데이 출신 배우 방민아가 신인상 3관왕을 달성했다.",
                "sentenceSize": 30
            },
            {
                "sentenceNo": 2,
                "sentenceContent": "방민아는 16일 서울 광화문 씨네큐브에서 진행된 제22회 올해의 여성영화인상 시상식에서 영화 ‘최선의 삶’으로 신인연기상을 수상했다.",
                "sentenceSize": 74
            },
            {
                "sentenceNo": 3,
                "sentenceContent": "이로써 방민아는 제20회 뉴욕 아시안 영화제 라이징 스타상, 제22회 부산영화평론가협회상 신인여우상에 이은 3관왕을 달성했다.",
                "sentenceSize": 70
            },
            {
                "sentenceNo": 4,
                "sentenceContent": "그만큼 올해 방민아가 떠오르는 신인 배우로 인정받은 것이다.",
                "sentenceSize": 33
            },
            {
                "sentenceNo": 5,
                "sentenceContent": "수상자로 호명된 방민아는 “오랫동안 무대에 서왔던 사람인데 오늘은 또 기분이 남다르다”며 “여성영화인축제는 꼭 오고 싶은 곳이었는데 직접 와보니 이 자리가 정말 든든하다”라고 말했다.",
                "sentenceSize": 102
            },
            {
                "sentenceNo": 6,
                "sentenceContent": "이어 “처음 시나리오를 받았을 때 그 기분을 아직까지도 잊지 못한다. ‘강이’를 연기하고 싶은 간절한 마음이 통해 이우정 감독과 만날 수 있었다”며 “이우정 감독께 이 자리를 빌려 처음 이야기 해 본다. 사랑합니다”라고 했다.",
                "sentenceSize": 126
            },
            {
                "sentenceNo": 7,
                "sentenceContent": "방민아는 올해 ‘최선의 삶’을 비롯해 드라마 ‘이벤트를 확인하세요’ 뮤지컬 ‘그날들’까지 다방면에서 필모그래피를 쌓아오고 있다.",
                "sentenceSize": 71
            }
        ]
    },
    "labeledDataInfo": {
        "processSentenceInfo": [
            {
                "sentenceNo": 1,
                "sentenceContent": "걸스데이 출신 배우 방민아가 신인상 3관왕을 달성했다.",
                "subjectConsistencyYn": "Y"
            },
            {
                "sentenceNo": 2,
                "sentenceContent": "방민아는 16일 서울 광화문 씨네큐브에서 진행된 제22회 올해의 여성영화인상 시상식에서 영화 ‘최선의 삶’으로 신인연기상을 수상했다.",
                "subjectConsistencyYn": "Y"
            },
            {
                "sentenceNo": 3,
                "sentenceContent": "이로써 방민아는 제20회 뉴욕 아시안 영화제 라이징 스타상, 제22회 부산영화평론가협회상 신인여우상에 이은 3관왕을 달성했다.",
                "subjectConsistencyYn": "Y"
            },
            {
                "sentenceNo": 4,
                "sentenceContent": "그만큼 올해 방민아가 떠오르는 신인 배우로 인정받은 것이다.",
                "subjectConsistencyYn": "Y"
            },
            {
                "sentenceNo": 5,
                "sentenceContent": "수상자로 호명된 방민아는 “오랫동안 무대에 서왔던 사람인데 오늘은 또 기분이 남다르다”며 “여성영화인축제는 꼭 오고 싶은 곳이었는데 직접 와보니 이 자리가 정말 든든하다”라고 말했다.",
                "subjectConsistencyYn": "Y"
            },
            {
                "sentenceNo": 6,
                "sentenceContent": "이어 “처음 시나리오를 받았을 때 그 기분을 아직까지도 잊지 못한다. ‘강이’를 연기하고 싶은 간절한 마음이 통해 이우정 감독과 만날 수 있었다”며 “이우정 감독께 이 자리를 빌려 처음 이야기 해 본다. 사랑합니다”라고 했다.",
                "subjectConsistencyYn": "Y"
            },
            {
                "sentenceNo": 7,
                "sentenceContent": "방민아는 올해 ‘최선의 삶’을 비롯해 드라마 ‘이벤트를 확인하세요’ 뮤지컬 ‘그날들’까지 다방면에서 필모그래피를 쌓아오고 있다.",
                "subjectConsistencyYn": "Y"
            },
            {
                "sentenceNo": 8,
                "sentenceContent": "한편, 신인상 3관왕을 달성하며 명실공히 '올해의 떠오르는 여배우'로 자리매김한 방민아의 소속사 유본 컴퍼니는 24일 패션 매거진 '지큐' 12월 호를 장식한 방민아의 화보를 공개했다.",
                "subjectConsistencyYn": "N"
            },
            {
                "sentenceNo": 9,
                "sentenceContent": "이번 화보에서 방민아는 독특한 스타일링을 완벽히 소화하면서도 자유로운 아우라를 뽐내며 배우이자 뮤지션으로 오랜 시간 가꿔온 자신만의 매력을 발산했다.",
                "subjectConsistencyYn": "N"
            }
        ],
        "clickbaitClass": 0
    }
}