{
    "sourceDataInfo": {
        "newsID": "ET_M13_629173",
        "newsCategory": "연예",
        "newsSubcategory": "방송",
        "newsTitle": "‘그 해 우리는’ 최우식×김다미×이준혁, 불편한 삼자대면",
        "newsSubTitle": "",
        "newsContent": "최우식, 김다미의 세상 불편한 비즈니스 현장이 포착됐다.\nSBS 월화드라마 ‘그 해 우리는’(연출 김윤진, 극본 이나은, 제작 스튜디오N·슈퍼문픽쳐스) 측은 4회 방송을 앞둔 14일 묘한 긴장감이 감도는 최웅(최우식 분)과 국연수(김다미 분), 장도율(이준혁 분)의 삼자대면을 공개했다.\n여기에 못 말리는 ‘웅바라기’ 엔제이(노정의 분)와 최웅의 가까워진 거리감이 호기심을 자극한다.\n지난 방송에서 최웅, 국연수의 강제 소환이 이뤄졌다.\n학창 시절 촬영한 다큐멘터리의 역주행 인기로 10년 만에 다시 촬영을 제안받은 두 사람. 김지웅(김성철 분)의 섭외를 단번에 거절했던 최웅은 국연수와 전세 역전을 노리고 마음을 바꿨다.\n그는 컬래버 라이브 드로잉쇼에 참여하는 조건으로 한 달 동안 다큐멘터리 촬영을 하자며 국연수를 당황시켰다.\n그런 가운데 공개된 사진에는 ‘고오’ 작가로서 미팅에 나선 최웅, 그리고 ‘구여친’ 국연수와 클라이언트 장도율의 모습이 담겨있다.\n장도율 옆에 나란히 앉은 국연수를 바라보는 최웅의 얼굴에서 왠지 모를 복잡한 심경이 느껴진다.\n세상 불편하고 어색한 ‘X-연인’과의 비즈니스, 여기에 자꾸만 신경이 쓰이는 ‘제3자’ 장도율의 등장은 두 사람에게 어떤 변화를 가져오게 될지 궁금해진다.\n한밤중 포장마차 데이트에 나선 최웅과 엔제이의 모습도 흥미롭다.\n그의 그림을 보는 것만으로 위로가 된다며 최웅의 팬을 자처했던 아이돌 엔제이. 제법 편안한 분위기 속에 마주 앉아 장난스럽게 술잔을 부딪치는 이들의 미소가 눈길을 끈다.\n좀처럼 어울리지 않을 것 같은 최웅과 엔제이의 인연은 어떻게 이어져갈지, 두 사람의 뜻밖의 만남에도 이목이 집중된다.\n오늘(14일) 방송되는 4회에서는 최웅과 국연수의 다큐멘터리가 시작된 가운데, 예기치 못한 오해와 실수로 두 사람의 관계는 꼬여만 간다. ‘그 해 우리는’ 제작진은 “비즈니스부터 다큐멘터리까지, 최웅과 국연수의 일상을 흔드는 복잡 미묘한 격변이 찾아올 것”이라며 “5년 만에 다시 펼쳐진 두 사람의 두 번째 로맨스 챕터를 지켜봐 달라”고 전했다.\n한편, SBS 월화드라마 ‘그 해 우리는’ 4회는 오늘(14일) 밤 10시에 방송된다.",
        "partNum": "P2",
        "useType": 0,
        "processType": "D",
        "processPattern": "24",
        "processLevel": "상",
        "sentenceCount": 14,
        "processSentencenum": 2,
        "sentenceInfo": [
            {
                "sentenceNo": 1,
                "sentenceContent": "최우식, 김다미의 세상 불편한 비즈니스 현장이 포착됐다.",
                "sentenceSize": 31
            },
            {
                "sentenceNo": 2,
                "sentenceContent": "SBS 월화드라마 ‘그 해 우리는’(연출 김윤진, 극본 이나은, 제작 스튜디오N·슈퍼문픽쳐스) 측은 4회 방송을 앞둔 14일 묘한 긴장감이 감도는 최웅(최우식 분)과 국연수(김다미 분), 장도율(이준혁 분)의 삼자대면을 공개했다.",
                "sentenceSize": 128
            },
            {
                "sentenceNo": 3,
                "sentenceContent": "여기에 못 말리는 ‘웅바라기’ 엔제이(노정의 분)와 최웅의 가까워진 거리감이 호기심을 자극한다.",
                "sentenceSize": 53
            },
            {
                "sentenceNo": 4,
                "sentenceContent": "지난 방송에서 최웅, 국연수의 강제 소환이 이뤄졌다.",
                "sentenceSize": 29
            },
            {
                "sentenceNo": 5,
                "sentenceContent": "학창 시절 촬영한 다큐멘터리의 역주행 인기로 10년 만에 다시 촬영을 제안받은 두 사람. 김지웅(김성철 분)의 섭외를 단번에 거절했던 최웅은 국연수와 전세 역전을 노리고 마음을 바꿨다.",
                "sentenceSize": 103
            },
            {
                "sentenceNo": 6,
                "sentenceContent": "그는 컬래버 라이브 드로잉쇼에 참여하는 조건으로 한 달 동안 다큐멘터리 촬영을 하자며 국연수를 당황시켰다.",
                "sentenceSize": 59
            },
            {
                "sentenceNo": 7,
                "sentenceContent": "그런 가운데 공개된 사진에는 ‘고오’ 작가로서 미팅에 나선 최웅, 그리고 ‘구여친’ 국연수와 클라이언트 장도율의 모습이 담겨있다.",
                "sentenceSize": 72
            },
            {
                "sentenceNo": 8,
                "sentenceContent": "장도율 옆에 나란히 앉은 국연수를 바라보는 최웅의 얼굴에서 왠지 모를 복잡한 심경이 느껴진다.",
                "sentenceSize": 52
            },
            {
                "sentenceNo": 9,
                "sentenceContent": "세상 불편하고 어색한 ‘X-연인’과의 비즈니스, 여기에 자꾸만 신경이 쓰이는 ‘제3자’ 장도율의 등장은 두 사람에게 어떤 변화를 가져오게 될지 궁금해진다.",
                "sentenceSize": 86
            },
            {
                "sentenceNo": 10,
                "sentenceContent": "한밤중 포장마차 데이트에 나선 최웅과 엔제이의 모습도 흥미롭다.",
                "sentenceSize": 35
            },
            {
                "sentenceNo": 11,
                "sentenceContent": "그의 그림을 보는 것만으로 위로가 된다며 최웅의 팬을 자처했던 아이돌 엔제이. 제법 편안한 분위기 속에 마주 앉아 장난스럽게 술잔을 부딪치는 이들의 미소가 눈길을 끈다.",
                "sentenceSize": 94
            },
            {
                "sentenceNo": 12,
                "sentenceContent": "좀처럼 어울리지 않을 것 같은 최웅과 엔제이의 인연은 어떻게 이어져갈지, 두 사람의 뜻밖의 만남에도 이목이 집중된다.",
                "sentenceSize": 65
            },
            {
                "sentenceNo": 13,
                "sentenceContent": "오늘(14일) 방송되는 4회에서는 최웅과 국연수의 다큐멘터리가 시작된 가운데, 예기치 못한 오해와 실수로 두 사람의 관계는 꼬여만 간다. ‘그 해 우리는’ 제작진은 “비즈니스부터 다큐멘터리까지, 최웅과 국연수의 일상을 흔드는 복잡 미묘한 격변이 찾아올 것”이라며 “5년 만에 다시 펼쳐진 두 사람의 두 번째 로맨스 챕터를 지켜봐 달라”고 전했다.",
                "sentenceSize": 193
            },
            {
                "sentenceNo": 14,
                "sentenceContent": "한편, SBS 월화드라마 ‘그 해 우리는’ 4회는 오늘(14일) 밤 10시에 방송된다.",
                "sentenceSize": 48
            }
        ]
    },
    "labeledDataInfo": {
        "processSentenceInfo": [
            {
                "sentenceNo": 1,
                "sentenceContent": "최우식, 김다미의 세상 불편한 비즈니스 현장이 포착됐다.",
                "subjectConsistencyYn": "Y"
            },
            {
                "sentenceNo": 2,
                "sentenceContent": "SBS 월화드라마 ‘그 해 우리는’(연출 김윤진, 극본 이나은, 제작 스튜디오N·슈퍼문픽쳐스) 측은 4회 방송을 앞둔 14일 묘한 긴장감이 감도는 최웅(최우식 분)과 국연수(김다미 분), 장도율(이준혁 분)의 삼자대면을 공개했다.",
                "subjectConsistencyYn": "Y"
            },
            {
                "sentenceNo": 3,
                "sentenceContent": "여기에 못 말리는 ‘웅바라기’ 엔제이(노정의 분)와 최웅의 가까워진 거리감이 호기심을 자극한다.",
                "subjectConsistencyYn": "Y"
            },
            {
                "sentenceNo": 4,
                "sentenceContent": "지난 방송에서 최웅, 국연수의 강제 소환이 이뤄졌다.",
                "subjectConsistencyYn": "Y"
            },
            {
                "sentenceNo": 5,
                "sentenceContent": "학창 시절 촬영한 다큐멘터리의 역주행 인기로 10년 만에 다시 촬영을 제안받은 두 사람. 김지웅(김성철 분)의 섭외를 단번에 거절했던 최웅은 국연수와 전세 역전을 노리고 마음을 바꿨다.",
                "subjectConsistencyYn": "Y"
            },
            {
                "sentenceNo": 6,
                "sentenceContent": "그는 컬래버 라이브 드로잉쇼에 참여하는 조건으로 한 달 동안 다큐멘터리 촬영을 하자며 국연수를 당황시켰다.",
                "subjectConsistencyYn": "Y"
            },
            {
                "sentenceNo": 7,
                "sentenceContent": "그런 가운데 공개된 사진에는 ‘고오’ 작가로서 미팅에 나선 최웅, 그리고 ‘구여친’ 국연수와 클라이언트 장도율의 모습이 담겨있다.",
                "subjectConsistencyYn": "Y"
            },
            {
                "sentenceNo": 8,
                "sentenceContent": "장도율 옆에 나란히 앉은 국연수를 바라보는 최웅의 얼굴에서 왠지 모를 복잡한 심경이 느껴진다.",
                "subjectConsistencyYn": "Y"
            },
            {
                "sentenceNo": 9,
                "sentenceContent": "세상 불편하고 어색한 ‘X-연인’과의 비즈니스, 여기에 자꾸만 신경이 쓰이는 ‘제3자’ 장도율의 등장은 두 사람에게 어떤 변화를 가져오게 될지 궁금해진다.",
                "subjectConsistencyYn": "Y"
            },
            {
                "sentenceNo": 10,
                "sentenceContent": "한밤중 포장마차 데이트에 나선 최웅과 엔제이의 모습도 흥미롭다.",
                "subjectConsistencyYn": "Y"
            },
            {
                "sentenceNo": 11,
                "sentenceContent": "그의 그림을 보는 것만으로 위로가 된다며 최웅의 팬을 자처했던 아이돌 엔제이. 제법 편안한 분위기 속에 마주 앉아 장난스럽게 술잔을 부딪치는 이들의 미소가 눈길을 끈다.",
                "subjectConsistencyYn": "Y"
            },
            {
                "sentenceNo": 12,
                "sentenceContent": "좀처럼 어울리지 않을 것 같은 최웅과 엔제이의 인연은 어떻게 이어져갈지, 두 사람의 뜻밖의 만남에도 이목이 집중된다.",
                "subjectConsistencyYn": "Y"
            },
            {
                "sentenceNo": 13,
                "sentenceContent": "오늘(14일) 방송되는 4회에서는 최웅과 국연수의 다큐멘터리가 시작된 가운데, 예기치 못한 오해와 실수로 두 사람의 관계는 꼬여만 간다. ‘그 해 우리는’ 제작진은 “비즈니스부터 다큐멘터리까지, 최웅과 국연수의 일상을 흔드는 복잡 미묘한 격변이 찾아올 것”이라며 “5년 만에 다시 펼쳐진 두 사람의 두 번째 로맨스 챕터를 지켜봐 달라”고 전했다.",
                "subjectConsistencyYn": "Y"
            },
            {
                "sentenceNo": 14,
                "sentenceContent": "한편, SBS 월화드라마 ‘그 해 우리는’ 4회는 오늘(14일) 밤 10시에 방송된다.",
                "subjectConsistencyYn": "Y"
            },
            {
                "sentenceNo": 15,
                "sentenceContent": "SBS 월화드라마 '그 해 우리는'에서 최우식, 김다미, 이준혁의 불편한 삼자대면이 연출된 가운데, 최우식은 이 외에도 다양한 예능 방송에 출연하여 팬들을 끌어모으고 있다.",
                "subjectConsistencyYn": "N"
            },
            {
                "sentenceNo": 16,
                "sentenceContent": "최우식은 '최우식의 한 여름 밤의 꿈', '윤스테이', '여름방학' 등의 인기 방송에 출연한 바가 있다.",
                "subjectConsistencyYn": "N"
            }
        ],
        "clickbaitClass": 0
    }
}