{
    "sourceDataInfo": {
        "newsID": "ET_M13_629573",
        "newsCategory": "연예",
        "newsSubcategory": "방송",
        "newsTitle": "‘뮤직뱅크’ woo!ah!(우아!), ‘별 따러 가자’ 첫 공개",
        "newsSubTitle": "",
        "newsContent": "걸그룹 woo!ah!(우아!)가 ‘뮤직뱅크’에서 ‘Z세대 아이콘’다운 상큼한 매력을 뽐냈다.\nwoo!ah!(우아!)는 7일 오후 방송된 KBS2 ‘뮤직뱅크’에서 디지털 싱글 ‘별 따러 가자’의 무대를 최초로 공개했다. ‘뮤직뱅크’에서 woo!ah!(우아!)는 베이지색 컬러의 교복 콘셉트 의상을 입고 ‘별 따러 가자’ 퍼포먼스를 선보였다.\n빈틈없는 군무와 빛나는 비주얼을 과시하며 보는 이들의 감탄을 자아냈다.\nwoo!ah!(우아!)의 신곡 ‘별 따러 가자’는 어둠을 뚫고 나오는 아름다운 별빛처럼 woo!ah!(우아!)만의 빛으로 세상을 환하게 비추겠다는 반짝거리는 소망을 담은 노래다.\n강한 디스코 드럼 사운드와 펑키한 기타 그리고 베이스가 인상적인 팝 장르 곡이다.\nwoo!ah!(우아!)의 ‘별 따러 가자’는 트와이스 ‘낙낙(Knock Knock)’을 작곡하고 ‘왓 이즈 러브?(What is Love?)’를 편곡한 이우민(collapsedone), ‘알콜 프리(Alchol Free)’ 편곡에 참여한 작곡가 이해솔이 호흡을 맞춘 만큼 리스너들 호응을 얻고 있다.\nwoo!ah!(우아!)는 지난 4일 ‘별 따러 가자’를 발매하고, 다채로운 콘텐츠로 팬들과 만날 계획이다.",
        "partNum": "P2",
        "useType": 0,
        "processType": "D",
        "processPattern": "24",
        "processLevel": "상",
        "sentenceCount": 7,
        "processSentencenum": 2,
        "sentenceInfo": [
            {
                "sentenceNo": 1,
                "sentenceContent": "걸그룹 woo!ah!(우아!)가 ‘뮤직뱅크’에서 ‘Z세대 아이콘’다운 상큼한 매력을 뽐냈다.",
                "sentenceSize": 51
            },
            {
                "sentenceNo": 2,
                "sentenceContent": "woo!ah!(우아!)는 7일 오후 방송된 KBS2 ‘뮤직뱅크’에서 디지털 싱글 ‘별 따러 가자’의 무대를 최초로 공개했다. ‘뮤직뱅크’에서 woo!ah!(우아!)는 베이지색 컬러의 교복 콘셉트 의상을 입고 ‘별 따러 가자’ 퍼포먼스를 선보였다.",
                "sentenceSize": 137
            },
            {
                "sentenceNo": 3,
                "sentenceContent": "빈틈없는 군무와 빛나는 비주얼을 과시하며 보는 이들의 감탄을 자아냈다.",
                "sentenceSize": 39
            },
            {
                "sentenceNo": 4,
                "sentenceContent": "woo!ah!(우아!)의 신곡 ‘별 따러 가자’는 어둠을 뚫고 나오는 아름다운 별빛처럼 woo!ah!(우아!)만의 빛으로 세상을 환하게 비추겠다는 반짝거리는 소망을 담은 노래다.",
                "sentenceSize": 99
            },
            {
                "sentenceNo": 5,
                "sentenceContent": "강한 디스코 드럼 사운드와 펑키한 기타 그리고 베이스가 인상적인 팝 장르 곡이다.",
                "sentenceSize": 45
            },
            {
                "sentenceNo": 6,
                "sentenceContent": "woo!ah!(우아!)의 ‘별 따러 가자’는 트와이스 ‘낙낙(Knock Knock)’을 작곡하고 ‘왓 이즈 러브?(What is Love?)’를 편곡한 이우민(collapsedone), ‘알콜 프리(Alchol Free)’ 편곡에 참여한 작곡가 이해솔이 호흡을 맞춘 만큼 리스너들 호응을 얻고 있다.",
                "sentenceSize": 167
            },
            {
                "sentenceNo": 7,
                "sentenceContent": "woo!ah!(우아!)는 지난 4일 ‘별 따러 가자’를 발매하고, 다채로운 콘텐츠로 팬들과 만날 계획이다.",
                "sentenceSize": 59
            }
        ]
    },
    "labeledDataInfo": {
        "processSentenceInfo": [
            {
                "sentenceNo": 1,
                "sentenceContent": "걸그룹 woo!ah!(우아!)가 ‘뮤직뱅크’에서 ‘Z세대 아이콘’다운 상큼한 매력을 뽐냈다.",
                "subjectConsistencyYn": "Y"
            },
            {
                "sentenceNo": 2,
                "sentenceContent": "woo!ah!(우아!)는 7일 오후 방송된 KBS2 ‘뮤직뱅크’에서 디지털 싱글 ‘별 따러 가자’의 무대를 최초로 공개했다. ‘뮤직뱅크’에서 woo!ah!(우아!)는 베이지색 컬러의 교복 콘셉트 의상을 입고 ‘별 따러 가자’ 퍼포먼스를 선보였다.",
                "subjectConsistencyYn": "Y"
            },
            {
                "sentenceNo": 3,
                "sentenceContent": "빈틈없는 군무와 빛나는 비주얼을 과시하며 보는 이들의 감탄을 자아냈다.",
                "subjectConsistencyYn": "Y"
            },
            {
                "sentenceNo": 4,
                "sentenceContent": "woo!ah!(우아!)의 신곡 ‘별 따러 가자’는 어둠을 뚫고 나오는 아름다운 별빛처럼 woo!ah!(우아!)만의 빛으로 세상을 환하게 비추겠다는 반짝거리는 소망을 담은 노래다.",
                "subjectConsistencyYn": "Y"
            },
            {
                "sentenceNo": 5,
                "sentenceContent": "강한 디스코 드럼 사운드와 펑키한 기타 그리고 베이스가 인상적인 팝 장르 곡이다.",
                "subjectConsistencyYn": "Y"
            },
            {
                "sentenceNo": 6,
                "sentenceContent": "woo!ah!(우아!)의 ‘별 따러 가자’는 트와이스 ‘낙낙(Knock Knock)’을 작곡하고 ‘왓 이즈 러브?(What is Love?)’를 편곡한 이우민(collapsedone), ‘알콜 프리(Alchol Free)’ 편곡에 참여한 작곡가 이해솔이 호흡을 맞춘 만큼 리스너들 호응을 얻고 있다.",
                "subjectConsistencyYn": "Y"
            },
            {
                "sentenceNo": 7,
                "sentenceContent": "woo!ah!(우아!)는 지난 4일 ‘별 따러 가자’를 발매하고, 다채로운 콘텐츠로 팬들과 만날 계획이다.",
                "subjectConsistencyYn": "Y"
            },
            {
                "sentenceNo": 8,
                "sentenceContent": "걸그룹 우아!가 ‘뮤직뱅크’에서 ‘Z세대 아이콘’다운 상큼한 매력을 뽐낸 한편, 우아!의 리더 나나가 오는 2월부터 연기자로 변신을 시도할 예정이다.",
                "subjectConsistencyYn": "N"
            },
            {
                "sentenceNo": 9,
                "sentenceContent": "걸그룹 우아!의 소속사 NV 엔터테인먼트 측은 \"우아!의 리더 나나가 2월 12일부터 드라마 촬영을 시작할 예정이다\", \"아직 자세한 사항은 말씀드릴 수 없지만 나나의 도도한 이미지를 잘 살릴 수 있는 기회일 것\"이라고 발표했다. ",
                "subjectConsistencyYn": "N"
            }
        ],
        "clickbaitClass": 0
    }
}