{
    "sourceDataInfo": {
        "newsID": "ET_M13_629341",
        "newsCategory": "연예",
        "newsSubcategory": "연예일반",
        "newsTitle": "다니엘 헤니, 감각적 아우라[화보]",
        "newsSubTitle": "",
        "newsContent": "배우 겸 모델 다니엘 헤니가 감각적인 화보를 공개했다.\n다니엘 헤니는 유명 영국 패션지인 ‘Schon! Magazine’과 함께 한 화보를 24일 공개했다.\n사진 속 다니엘 헤니는 은은한 조명 아래 부드러우면서도 남성미가 가득한 눈빛으로 독보적인 아우라를 발산했다.\n강렬한 붉은색의 터틀넥 셔츠에 검은 셔츠와 바지를 곁들인 다니엘 헤니는 도도하면서도 더욱 깊어진 분위기를 풍기며 한 시도 눈을 뗄 수 없는 분위기를 만들었다.\n또한 남다른 비율로 긴 코트도 소화하며 여유롭게 카메라를 응시하는가 하면, 코트를 걸친 채 무심한 듯 나른하게 소파에 기대앉은 절제된 포즈만으로도 드라마틱한 분위기를 냈다.\n아마존 스튜디오가 제작하는 판타지물 ‘휠 오브 타임(Wheel Of Time)’에서 주요인물 중 한 명인 왕국의 전사란 맨드라고란 역으로 열연한 다니엘 헤니는 인터뷰에서 캐릭터 소화를 위해 강도높은 액션 연습을 해왔다고 밝혔다.\n작품은 아마존 프라임에 공개된 후 3주째 스트리밍 1위를 지키며 저력을 선보이고 있다.\n다니엘 헤니 특유의 매력을 엿볼 수 있는 화보와 인터뷰는 ‘Schon! Magazine’ 공식 홈페이지에서 볼 수 있다.",
        "partNum": "P2",
        "useType": 0,
        "processType": "D",
        "processPattern": "24",
        "processLevel": "상",
        "sentenceCount": 8,
        "processSentencenum": 2,
        "sentenceInfo": [
            {
                "sentenceNo": 1,
                "sentenceContent": "배우 겸 모델 다니엘 헤니가 감각적인 화보를 공개했다.",
                "sentenceSize": 30
            },
            {
                "sentenceNo": 2,
                "sentenceContent": "다니엘 헤니는 유명 영국 패션지인 ‘Schon! Magazine’과 함께 한 화보를 24일 공개했다.",
                "sentenceSize": 56
            },
            {
                "sentenceNo": 3,
                "sentenceContent": "사진 속 다니엘 헤니는 은은한 조명 아래 부드러우면서도 남성미가 가득한 눈빛으로 독보적인 아우라를 발산했다.",
                "sentenceSize": 60
            },
            {
                "sentenceNo": 4,
                "sentenceContent": "강렬한 붉은색의 터틀넥 셔츠에 검은 셔츠와 바지를 곁들인 다니엘 헤니는 도도하면서도 더욱 깊어진 분위기를 풍기며 한 시도 눈을 뗄 수 없는 분위기를 만들었다.",
                "sentenceSize": 88
            },
            {
                "sentenceNo": 5,
                "sentenceContent": "또한 남다른 비율로 긴 코트도 소화하며 여유롭게 카메라를 응시하는가 하면, 코트를 걸친 채 무심한 듯 나른하게 소파에 기대앉은 절제된 포즈만으로도 드라마틱한 분위기를 냈다.",
                "sentenceSize": 96
            },
            {
                "sentenceNo": 6,
                "sentenceContent": "아마존 스튜디오가 제작하는 판타지물 ‘휠 오브 타임(Wheel Of Time)’에서 주요인물 중 한 명인 왕국의 전사란 맨드라고란 역으로 열연한 다니엘 헤니는 인터뷰에서 캐릭터 소화를 위해 강도높은 액션 연습을 해왔다고 밝혔다.",
                "sentenceSize": 127
            },
            {
                "sentenceNo": 7,
                "sentenceContent": "작품은 아마존 프라임에 공개된 후 3주째 스트리밍 1위를 지키며 저력을 선보이고 있다.",
                "sentenceSize": 48
            },
            {
                "sentenceNo": 8,
                "sentenceContent": "다니엘 헤니 특유의 매력을 엿볼 수 있는 화보와 인터뷰는 ‘Schon! Magazine’ 공식 홈페이지에서 볼 수 있다.",
                "sentenceSize": 67
            }
        ]
    },
    "labeledDataInfo": {
        "processSentenceInfo": [
            {
                "sentenceNo": 1,
                "sentenceContent": "배우 겸 모델 다니엘 헤니가 감각적인 화보를 공개했다.",
                "subjectConsistencyYn": "Y"
            },
            {
                "sentenceNo": 2,
                "sentenceContent": "다니엘 헤니는 유명 영국 패션지인 ‘Schon! Magazine’과 함께 한 화보를 24일 공개했다.",
                "subjectConsistencyYn": "Y"
            },
            {
                "sentenceNo": 3,
                "sentenceContent": "사진 속 다니엘 헤니는 은은한 조명 아래 부드러우면서도 남성미가 가득한 눈빛으로 독보적인 아우라를 발산했다.",
                "subjectConsistencyYn": "Y"
            },
            {
                "sentenceNo": 4,
                "sentenceContent": "강렬한 붉은색의 터틀넥 셔츠에 검은 셔츠와 바지를 곁들인 다니엘 헤니는 도도하면서도 더욱 깊어진 분위기를 풍기며 한 시도 눈을 뗄 수 없는 분위기를 만들었다.",
                "subjectConsistencyYn": "Y"
            },
            {
                "sentenceNo": 5,
                "sentenceContent": "또한 남다른 비율로 긴 코트도 소화하며 여유롭게 카메라를 응시하는가 하면, 코트를 걸친 채 무심한 듯 나른하게 소파에 기대앉은 절제된 포즈만으로도 드라마틱한 분위기를 냈다.",
                "subjectConsistencyYn": "Y"
            },
            {
                "sentenceNo": 6,
                "sentenceContent": "아마존 스튜디오가 제작하는 판타지물 ‘휠 오브 타임(Wheel Of Time)’에서 주요인물 중 한 명인 왕국의 전사란 맨드라고란 역으로 열연한 다니엘 헤니는 인터뷰에서 캐릭터 소화를 위해 강도높은 액션 연습을 해왔다고 밝혔다.",
                "subjectConsistencyYn": "Y"
            },
            {
                "sentenceNo": 7,
                "sentenceContent": "작품은 아마존 프라임에 공개된 후 3주째 스트리밍 1위를 지키며 저력을 선보이고 있다.",
                "subjectConsistencyYn": "Y"
            },
            {
                "sentenceNo": 8,
                "sentenceContent": "다니엘 헤니 특유의 매력을 엿볼 수 있는 화보와 인터뷰는 ‘Schon! Magazine’ 공식 홈페이지에서 볼 수 있다.",
                "subjectConsistencyYn": "Y"
            },
            {
                "sentenceNo": 9,
                "sentenceContent": "유명 영국 패션지인 ‘Schon! Magazine’을 통해 화보를 공개한 배우 겸 모델 다이엘 헤니는 2005년 방영된 드라마 '내이름은 김삼순'을 통해 한국 연예계 활동을 시작했다. ",
                "subjectConsistencyYn": "N"
            },
            {
                "sentenceNo": 10,
                "sentenceContent": "그가 연기한 '헨리 킴'은 신앙심이 돈독한 양부모 밑에서 사랑을 받고 자라 입양아 콤플렉스가 전혀 없는 한국계 미국인인 의사 역할이다. ",
                "subjectConsistencyYn": "N"
            }
        ],
        "clickbaitClass": 0
    }
}