{
    "sourceDataInfo": {
        "newsID": "ET_M13_629657",
        "newsCategory": "연예",
        "newsSubcategory": "방송",
        "newsTitle": "‘악의 마음’ 영화같은 60분, 첫방부터 터졌다[종합]",
        "newsSubTitle": "",
        "newsContent": "‘악의 마음을 읽는 자들’ 첫 방송부터 제대로 터졌다.\n1월 14일 SBS 새 금토드라마 ‘악의 마음을 읽는 자들’(극본 설이나/연출 박보람/제작 스튜디오S/투자 wavve)가 첫 방송됐다. ‘악의 마음을 읽는 자들’은 대한민국 최초 프로파일러의 이야기라는 특별한 소재, 치밀함과 과감함으로 똘똘 뭉친 젊은 제작진, 명품 배우들의 열연 등이 주목받으며 방송 전부터 뜨거운 기대를 모았다.\n베일 벗은 ‘악의 마음을 읽는 자들’은 이 같은 시청자 기대를 충족시키고도 남을 만큼 완벽 그 자체였다.\n이날 방송은 수도권 기준 시청률 6.4%를 기록했으며 순간 최고 시청률은 8.3%까지 치솟았다.\n특히 광고주들의 주요 지표인 2049 시청률은 3.4%로 금토드라마 1위를 차지, 기분 좋은 스타트를 끊었다. (닐슨코리아) 이날 방송은 주인공 송하영(김남길 분)의 어린 시절로 시작됐다.\n엄마와 유원지에 간 9살 송하영은 사고로 물에 빠졌다가 물속에서 한 여자의 시체를 목격했다.\n그 순간 어린 송하영이 느낀 감정은 경악 보다 슬픔이었다.\n이미 어렸을 때부터 송하영은 타인의 내면을 깊이 들여다보는 아이였던 것이다.\n그리고 이런 면모는 훗날 경찰이 된 송하영의 삶에도 막강한 영향을 미쳤다.\n경찰 송하영은 ‘빨간 모자 사건’으로 불리는 연쇄 성폭행 사건을 조사하기 위해 며칠이고 밤을 지새웠다.\n그러던 중 그의 관할 지역에서 혼자 사는 여성이 살해된 사건이 발생했다.\n특이한 점은 성폭행 흔적은 발견되지 않았으나, 시체가 발가벗고 있었다는 것. 송하영이 근무하는 동부경찰서 강력반 반장(정만식 분)은 여성의 애인 방기훈(오경주 분)을 범인으로 지목했다.\n뿐만 아니라 ‘빨간 모자 사건’ 범인까지 방기훈이라고 엮어서 강압적인 수사를 이어갔다.\n모든 정황이 방기훈을 범인이라고 말하고 있었다.\n하지만 송하영은 방기훈의 눈빛을 보고 범인이 아님을 직감했다.\n이에 송하영은 직접 증거를 찾아다녔다.\n이 과정에서 송하영은 피해자 집을 비롯해 해당 동네 여러 집에 의문의 숫자가 적혀 있음을, 그 숫자는 세대 구성원을 의미한다는 것을 알아냈다.\n그리고 감식계장 국영수(진선규 분) 도움으로 사건 현장에서 또 다른 지문도 찾아냈다.\n하지만 이미 강압 수사를 못 이긴 방기훈이 자백을 하고 난 후였다.\n그러던 중 자신이 진짜 ‘빨간 모자 사건’ 범인이라고 주장하는 양용철(고건한 분)이 검거됐다.\n양용철은 아니라고 울부짖는 방기훈을 보며 흘리듯 “저 사람 범인 아닌데”라고 말했다.\n이를 캐치한 송하영은 더욱 방기훈 사건에 의심을 가졌다.\n하지만 송하영과 국영수의 노력에도 불구, 방기훈은 징역 12년 형을 받았고 해당 사건은 수사 종결됐다.\n이렇게 사건이 일단락되는 것처럼 보였다.\n그러나 1회 엔딩에서 충격적인 사건이 발생했다.\n방기훈 사건의 피해자가 그랬던 것처럼, 늦은 밤 한 여자가 집에서 살해당한 뒤 발가벗겨진 채 발견된 것이다.\n방기훈 사건의 진범이 어쩌면 따로 있을 수 있다는 가능성이 드러난 것이다.\n이는 송하영의 판단이 옳았을 수도 있음을 의미한다. 1회 모든 내용을 뒤엎을 만큼 충격적인 엔딩이었다.\n송하영은 언뜻 감정이 없어 보이지만 누구보다 타인의 내면을 깊이 들여다보는 경찰이다.\n누구보다 먼저 범죄행동분석의 필요성을 느낀 국영수는 송하영의 진가를 알아봤고 그에게 프로파일러를 제안했다.\n다른 경찰들과 다른 방식으로 사건에 접근하는 송하영이 프로파일러 적임자라고 느껴진 것. 과연 송하영이 국영수의 제안을 받아들일지, 송하영이 자신만의 방식으로 일련의 사건들 속 연결고리를 풀고 진실을 밝힐 수 있을지 ‘악의 마음을 읽는 자들’ 2회가 미치도록 궁금하다. ‘악의 마음을 읽는 자들’ 1회는 60분이 순삭될 정도로 강력한 흡인력을 자랑했다.\n동명의 논픽션 르포를 기반으로 완성한 스토리는 촘촘함을 넘어 치밀하기까지 했다. ‘악의 마음을 읽는 자들’이 입봉작인 박보람 감독은 과감하면서도 디테일한 연출로 극의 긴장감을 쥐락펴락했다.\n김남길, 진선규, 정만식 등 배우들의 열연은 입이 쩍 벌어질 정도로 막강했다.\n스토리, 연출, 연기 3박자가 완벽하게 맞아떨어진 것이다.\n이에 시청자는 숨 죽이고 손에 땀을 쥐며 60분을 지켜봤다.\n이에 시청자들은 “영화 같은 퀄리티”, “명작의 향기가 난다”, “웰메이드 장르물 탄생” 등 극찬을 쏟아냈다.\n첫 회부터 이토록 압도적인 몰입도를 선사한 괴물 같은 드라마 ‘악의 마음을 읽는 자들’ 2회는 1월 15일 토요일 밤 10시 방송된다.",
        "partNum": "P2",
        "useType": 0,
        "processType": "D",
        "processPattern": "24",
        "processLevel": "상",
        "sentenceCount": 37,
        "processSentencenum": 2,
        "sentenceInfo": [
            {
                "sentenceNo": 1,
                "sentenceContent": "‘악의 마음을 읽는 자들’ 첫 방송부터 제대로 터졌다.",
                "sentenceSize": 30
            },
            {
                "sentenceNo": 2,
                "sentenceContent": "1월 14일 SBS 새 금토드라마 ‘악의 마음을 읽는 자들’(극본 설이나/연출 박보람/제작 스튜디오S/투자 wavve)가 첫 방송됐다. ‘악의 마음을 읽는 자들’은 대한민국 최초 프로파일러의 이야기라는 특별한 소재, 치밀함과 과감함으로 똘똘 뭉친 젊은 제작진, 명품 배우들의 열연 등이 주목받으며 방송 전부터 뜨거운 기대를 모았다.",
                "sentenceSize": 185
            },
            {
                "sentenceNo": 3,
                "sentenceContent": "베일 벗은 ‘악의 마음을 읽는 자들’은 이 같은 시청자 기대를 충족시키고도 남을 만큼 완벽 그 자체였다.",
                "sentenceSize": 58
            },
            {
                "sentenceNo": 4,
                "sentenceContent": "이날 방송은 수도권 기준 시청률 6.4%를 기록했으며 순간 최고 시청률은 8.3%까지 치솟았다.",
                "sentenceSize": 53
            },
            {
                "sentenceNo": 5,
                "sentenceContent": "특히 광고주들의 주요 지표인 2049 시청률은 3.4%로 금토드라마 1위를 차지, 기분 좋은 스타트를 끊었다. (닐슨코리아) 이날 방송은 주인공 송하영(김남길 분)의 어린 시절로 시작됐다.",
                "sentenceSize": 105
            },
            {
                "sentenceNo": 6,
                "sentenceContent": "엄마와 유원지에 간 9살 송하영은 사고로 물에 빠졌다가 물속에서 한 여자의 시체를 목격했다.",
                "sentenceSize": 51
            },
            {
                "sentenceNo": 7,
                "sentenceContent": "그 순간 어린 송하영이 느낀 감정은 경악 보다 슬픔이었다.",
                "sentenceSize": 32
            },
            {
                "sentenceNo": 8,
                "sentenceContent": "이미 어렸을 때부터 송하영은 타인의 내면을 깊이 들여다보는 아이였던 것이다.",
                "sentenceSize": 42
            },
            {
                "sentenceNo": 9,
                "sentenceContent": "그리고 이런 면모는 훗날 경찰이 된 송하영의 삶에도 막강한 영향을 미쳤다.",
                "sentenceSize": 41
            },
            {
                "sentenceNo": 10,
                "sentenceContent": "경찰 송하영은 ‘빨간 모자 사건’으로 불리는 연쇄 성폭행 사건을 조사하기 위해 며칠이고 밤을 지새웠다.",
                "sentenceSize": 57
            },
            {
                "sentenceNo": 11,
                "sentenceContent": "그러던 중 그의 관할 지역에서 혼자 사는 여성이 살해된 사건이 발생했다.",
                "sentenceSize": 40
            },
            {
                "sentenceNo": 12,
                "sentenceContent": "특이한 점은 성폭행 흔적은 발견되지 않았으나, 시체가 발가벗고 있었다는 것. 송하영이 근무하는 동부경찰서 강력반 반장(정만식 분)은 여성의 애인 방기훈(오경주 분)을 범인으로 지목했다.",
                "sentenceSize": 103
            },
            {
                "sentenceNo": 13,
                "sentenceContent": "뿐만 아니라 ‘빨간 모자 사건’ 범인까지 방기훈이라고 엮어서 강압적인 수사를 이어갔다.",
                "sentenceSize": 48
            },
            {
                "sentenceNo": 14,
                "sentenceContent": "모든 정황이 방기훈을 범인이라고 말하고 있었다.",
                "sentenceSize": 26
            },
            {
                "sentenceNo": 15,
                "sentenceContent": "하지만 송하영은 방기훈의 눈빛을 보고 범인이 아님을 직감했다.",
                "sentenceSize": 34
            },
            {
                "sentenceNo": 16,
                "sentenceContent": "이에 송하영은 직접 증거를 찾아다녔다.",
                "sentenceSize": 21
            },
            {
                "sentenceNo": 17,
                "sentenceContent": "이 과정에서 송하영은 피해자 집을 비롯해 해당 동네 여러 집에 의문의 숫자가 적혀 있음을, 그 숫자는 세대 구성원을 의미한다는 것을 알아냈다.",
                "sentenceSize": 79
            },
            {
                "sentenceNo": 18,
                "sentenceContent": "그리고 감식계장 국영수(진선규 분) 도움으로 사건 현장에서 또 다른 지문도 찾아냈다.",
                "sentenceSize": 47
            },
            {
                "sentenceNo": 19,
                "sentenceContent": "하지만 이미 강압 수사를 못 이긴 방기훈이 자백을 하고 난 후였다.",
                "sentenceSize": 37
            },
            {
                "sentenceNo": 20,
                "sentenceContent": "그러던 중 자신이 진짜 ‘빨간 모자 사건’ 범인이라고 주장하는 양용철(고건한 분)이 검거됐다.",
                "sentenceSize": 52
            },
            {
                "sentenceNo": 21,
                "sentenceContent": "양용철은 아니라고 울부짖는 방기훈을 보며 흘리듯 “저 사람 범인 아닌데”라고 말했다.",
                "sentenceSize": 47
            },
            {
                "sentenceNo": 22,
                "sentenceContent": "이를 캐치한 송하영은 더욱 방기훈 사건에 의심을 가졌다.",
                "sentenceSize": 31
            },
            {
                "sentenceNo": 23,
                "sentenceContent": "하지만 송하영과 국영수의 노력에도 불구, 방기훈은 징역 12년 형을 받았고 해당 사건은 수사 종결됐다.",
                "sentenceSize": 57
            },
            {
                "sentenceNo": 24,
                "sentenceContent": "이렇게 사건이 일단락되는 것처럼 보였다.",
                "sentenceSize": 22
            },
            {
                "sentenceNo": 25,
                "sentenceContent": "그러나 1회 엔딩에서 충격적인 사건이 발생했다.",
                "sentenceSize": 26
            },
            {
                "sentenceNo": 26,
                "sentenceContent": "방기훈 사건의 피해자가 그랬던 것처럼, 늦은 밤 한 여자가 집에서 살해당한 뒤 발가벗겨진 채 발견된 것이다.",
                "sentenceSize": 60
            },
            {
                "sentenceNo": 27,
                "sentenceContent": "방기훈 사건의 진범이 어쩌면 따로 있을 수 있다는 가능성이 드러난 것이다.",
                "sentenceSize": 41
            },
            {
                "sentenceNo": 28,
                "sentenceContent": "이는 송하영의 판단이 옳았을 수도 있음을 의미한다. 1회 모든 내용을 뒤엎을 만큼 충격적인 엔딩이었다.",
                "sentenceSize": 57
            },
            {
                "sentenceNo": 29,
                "sentenceContent": "송하영은 언뜻 감정이 없어 보이지만 누구보다 타인의 내면을 깊이 들여다보는 경찰이다.",
                "sentenceSize": 47
            },
            {
                "sentenceNo": 30,
                "sentenceContent": "누구보다 먼저 범죄행동분석의 필요성을 느낀 국영수는 송하영의 진가를 알아봤고 그에게 프로파일러를 제안했다.",
                "sentenceSize": 59
            },
            {
                "sentenceNo": 31,
                "sentenceContent": "다른 경찰들과 다른 방식으로 사건에 접근하는 송하영이 프로파일러 적임자라고 느껴진 것. 과연 송하영이 국영수의 제안을 받아들일지, 송하영이 자신만의 방식으로 일련의 사건들 속 연결고리를 풀고 진실을 밝힐 수 있을지 ‘악의 마음을 읽는 자들’ 2회가 미치도록 궁금하다. ‘악의 마음을 읽는 자들’ 1회는 60분이 순삭될 정도로 강력한 흡인력을 자랑했다.",
                "sentenceSize": 196
            },
            {
                "sentenceNo": 32,
                "sentenceContent": "동명의 논픽션 르포를 기반으로 완성한 스토리는 촘촘함을 넘어 치밀하기까지 했다. ‘악의 마음을 읽는 자들’이 입봉작인 박보람 감독은 과감하면서도 디테일한 연출로 극의 긴장감을 쥐락펴락했다.",
                "sentenceSize": 105
            },
            {
                "sentenceNo": 33,
                "sentenceContent": "김남길, 진선규, 정만식 등 배우들의 열연은 입이 쩍 벌어질 정도로 막강했다.",
                "sentenceSize": 43
            },
            {
                "sentenceNo": 34,
                "sentenceContent": "스토리, 연출, 연기 3박자가 완벽하게 맞아떨어진 것이다.",
                "sentenceSize": 32
            },
            {
                "sentenceNo": 35,
                "sentenceContent": "이에 시청자는 숨 죽이고 손에 땀을 쥐며 60분을 지켜봤다.",
                "sentenceSize": 33
            },
            {
                "sentenceNo": 36,
                "sentenceContent": "이에 시청자들은 “영화 같은 퀄리티”, “명작의 향기가 난다”, “웰메이드 장르물 탄생” 등 극찬을 쏟아냈다.",
                "sentenceSize": 61
            },
            {
                "sentenceNo": 37,
                "sentenceContent": "첫 회부터 이토록 압도적인 몰입도를 선사한 괴물 같은 드라마 ‘악의 마음을 읽는 자들’ 2회는 1월 15일 토요일 밤 10시 방송된다.",
                "sentenceSize": 75
            }
        ]
    },
    "labeledDataInfo": {
        "processSentenceInfo": [
            {
                "sentenceNo": 1,
                "sentenceContent": "‘악의 마음을 읽는 자들’ 첫 방송부터 제대로 터졌다.",
                "subjectConsistencyYn": "Y"
            },
            {
                "sentenceNo": 2,
                "sentenceContent": "1월 14일 SBS 새 금토드라마 ‘악의 마음을 읽는 자들’(극본 설이나/연출 박보람/제작 스튜디오S/투자 wavve)가 첫 방송됐다. ‘악의 마음을 읽는 자들’은 대한민국 최초 프로파일러의 이야기라는 특별한 소재, 치밀함과 과감함으로 똘똘 뭉친 젊은 제작진, 명품 배우들의 열연 등이 주목받으며 방송 전부터 뜨거운 기대를 모았다.",
                "subjectConsistencyYn": "Y"
            },
            {
                "sentenceNo": 3,
                "sentenceContent": "베일 벗은 ‘악의 마음을 읽는 자들’은 이 같은 시청자 기대를 충족시키고도 남을 만큼 완벽 그 자체였다.",
                "subjectConsistencyYn": "Y"
            },
            {
                "sentenceNo": 4,
                "sentenceContent": "이날 방송은 수도권 기준 시청률 6.4%를 기록했으며 순간 최고 시청률은 8.3%까지 치솟았다.",
                "subjectConsistencyYn": "Y"
            },
            {
                "sentenceNo": 5,
                "sentenceContent": "특히 광고주들의 주요 지표인 2049 시청률은 3.4%로 금토드라마 1위를 차지, 기분 좋은 스타트를 끊었다. (닐슨코리아) 이날 방송은 주인공 송하영(김남길 분)의 어린 시절로 시작됐다.",
                "subjectConsistencyYn": "Y"
            },
            {
                "sentenceNo": 6,
                "sentenceContent": "엄마와 유원지에 간 9살 송하영은 사고로 물에 빠졌다가 물속에서 한 여자의 시체를 목격했다.",
                "subjectConsistencyYn": "Y"
            },
            {
                "sentenceNo": 7,
                "sentenceContent": "그 순간 어린 송하영이 느낀 감정은 경악 보다 슬픔이었다.",
                "subjectConsistencyYn": "Y"
            },
            {
                "sentenceNo": 8,
                "sentenceContent": "이미 어렸을 때부터 송하영은 타인의 내면을 깊이 들여다보는 아이였던 것이다.",
                "subjectConsistencyYn": "Y"
            },
            {
                "sentenceNo": 9,
                "sentenceContent": "그리고 이런 면모는 훗날 경찰이 된 송하영의 삶에도 막강한 영향을 미쳤다.",
                "subjectConsistencyYn": "Y"
            },
            {
                "sentenceNo": 10,
                "sentenceContent": "경찰 송하영은 ‘빨간 모자 사건’으로 불리는 연쇄 성폭행 사건을 조사하기 위해 며칠이고 밤을 지새웠다.",
                "subjectConsistencyYn": "Y"
            },
            {
                "sentenceNo": 11,
                "sentenceContent": "그러던 중 그의 관할 지역에서 혼자 사는 여성이 살해된 사건이 발생했다.",
                "subjectConsistencyYn": "Y"
            },
            {
                "sentenceNo": 12,
                "sentenceContent": "특이한 점은 성폭행 흔적은 발견되지 않았으나, 시체가 발가벗고 있었다는 것. 송하영이 근무하는 동부경찰서 강력반 반장(정만식 분)은 여성의 애인 방기훈(오경주 분)을 범인으로 지목했다.",
                "subjectConsistencyYn": "Y"
            },
            {
                "sentenceNo": 13,
                "sentenceContent": "뿐만 아니라 ‘빨간 모자 사건’ 범인까지 방기훈이라고 엮어서 강압적인 수사를 이어갔다.",
                "subjectConsistencyYn": "Y"
            },
            {
                "sentenceNo": 14,
                "sentenceContent": "모든 정황이 방기훈을 범인이라고 말하고 있었다.",
                "subjectConsistencyYn": "Y"
            },
            {
                "sentenceNo": 15,
                "sentenceContent": "하지만 송하영은 방기훈의 눈빛을 보고 범인이 아님을 직감했다.",
                "subjectConsistencyYn": "Y"
            },
            {
                "sentenceNo": 16,
                "sentenceContent": "이에 송하영은 직접 증거를 찾아다녔다.",
                "subjectConsistencyYn": "Y"
            },
            {
                "sentenceNo": 17,
                "sentenceContent": "이 과정에서 송하영은 피해자 집을 비롯해 해당 동네 여러 집에 의문의 숫자가 적혀 있음을, 그 숫자는 세대 구성원을 의미한다는 것을 알아냈다.",
                "subjectConsistencyYn": "Y"
            },
            {
                "sentenceNo": 18,
                "sentenceContent": "그리고 감식계장 국영수(진선규 분) 도움으로 사건 현장에서 또 다른 지문도 찾아냈다.",
                "subjectConsistencyYn": "Y"
            },
            {
                "sentenceNo": 19,
                "sentenceContent": "하지만 이미 강압 수사를 못 이긴 방기훈이 자백을 하고 난 후였다.",
                "subjectConsistencyYn": "Y"
            },
            {
                "sentenceNo": 20,
                "sentenceContent": "그러던 중 자신이 진짜 ‘빨간 모자 사건’ 범인이라고 주장하는 양용철(고건한 분)이 검거됐다.",
                "subjectConsistencyYn": "Y"
            },
            {
                "sentenceNo": 21,
                "sentenceContent": "양용철은 아니라고 울부짖는 방기훈을 보며 흘리듯 “저 사람 범인 아닌데”라고 말했다.",
                "subjectConsistencyYn": "Y"
            },
            {
                "sentenceNo": 22,
                "sentenceContent": "이를 캐치한 송하영은 더욱 방기훈 사건에 의심을 가졌다.",
                "subjectConsistencyYn": "Y"
            },
            {
                "sentenceNo": 23,
                "sentenceContent": "하지만 송하영과 국영수의 노력에도 불구, 방기훈은 징역 12년 형을 받았고 해당 사건은 수사 종결됐다.",
                "subjectConsistencyYn": "Y"
            },
            {
                "sentenceNo": 24,
                "sentenceContent": "이렇게 사건이 일단락되는 것처럼 보였다.",
                "subjectConsistencyYn": "Y"
            },
            {
                "sentenceNo": 25,
                "sentenceContent": "그러나 1회 엔딩에서 충격적인 사건이 발생했다.",
                "subjectConsistencyYn": "Y"
            },
            {
                "sentenceNo": 26,
                "sentenceContent": "방기훈 사건의 피해자가 그랬던 것처럼, 늦은 밤 한 여자가 집에서 살해당한 뒤 발가벗겨진 채 발견된 것이다.",
                "subjectConsistencyYn": "Y"
            },
            {
                "sentenceNo": 27,
                "sentenceContent": "방기훈 사건의 진범이 어쩌면 따로 있을 수 있다는 가능성이 드러난 것이다.",
                "subjectConsistencyYn": "Y"
            },
            {
                "sentenceNo": 28,
                "sentenceContent": "이는 송하영의 판단이 옳았을 수도 있음을 의미한다. 1회 모든 내용을 뒤엎을 만큼 충격적인 엔딩이었다.",
                "subjectConsistencyYn": "Y"
            },
            {
                "sentenceNo": 29,
                "sentenceContent": "송하영은 언뜻 감정이 없어 보이지만 누구보다 타인의 내면을 깊이 들여다보는 경찰이다.",
                "subjectConsistencyYn": "Y"
            },
            {
                "sentenceNo": 30,
                "sentenceContent": "누구보다 먼저 범죄행동분석의 필요성을 느낀 국영수는 송하영의 진가를 알아봤고 그에게 프로파일러를 제안했다.",
                "subjectConsistencyYn": "Y"
            },
            {
                "sentenceNo": 31,
                "sentenceContent": "다른 경찰들과 다른 방식으로 사건에 접근하는 송하영이 프로파일러 적임자라고 느껴진 것. 과연 송하영이 국영수의 제안을 받아들일지, 송하영이 자신만의 방식으로 일련의 사건들 속 연결고리를 풀고 진실을 밝힐 수 있을지 ‘악의 마음을 읽는 자들’ 2회가 미치도록 궁금하다. ‘악의 마음을 읽는 자들’ 1회는 60분이 순삭될 정도로 강력한 흡인력을 자랑했다.",
                "subjectConsistencyYn": "Y"
            },
            {
                "sentenceNo": 32,
                "sentenceContent": "동명의 논픽션 르포를 기반으로 완성한 스토리는 촘촘함을 넘어 치밀하기까지 했다. ‘악의 마음을 읽는 자들’이 입봉작인 박보람 감독은 과감하면서도 디테일한 연출로 극의 긴장감을 쥐락펴락했다.",
                "subjectConsistencyYn": "Y"
            },
            {
                "sentenceNo": 33,
                "sentenceContent": "김남길, 진선규, 정만식 등 배우들의 열연은 입이 쩍 벌어질 정도로 막강했다.",
                "subjectConsistencyYn": "Y"
            },
            {
                "sentenceNo": 34,
                "sentenceContent": "스토리, 연출, 연기 3박자가 완벽하게 맞아떨어진 것이다.",
                "subjectConsistencyYn": "Y"
            },
            {
                "sentenceNo": 35,
                "sentenceContent": "이에 시청자는 숨 죽이고 손에 땀을 쥐며 60분을 지켜봤다.",
                "subjectConsistencyYn": "Y"
            },
            {
                "sentenceNo": 36,
                "sentenceContent": "이에 시청자들은 “영화 같은 퀄리티”, “명작의 향기가 난다”, “웰메이드 장르물 탄생” 등 극찬을 쏟아냈다.",
                "subjectConsistencyYn": "Y"
            },
            {
                "sentenceNo": 37,
                "sentenceContent": "첫 회부터 이토록 압도적인 몰입도를 선사한 괴물 같은 드라마 ‘악의 마음을 읽는 자들’ 2회는 1월 15일 토요일 밤 10시 방송된다.",
                "subjectConsistencyYn": "Y"
            },
            {
                "sentenceNo": 38,
                "sentenceContent": "SBS 새 금토드라마 ‘악의 마음을 읽는 자들’이 마치 영화와 같은 연출과 주인공 김남길의 열연으로 첫방부터 시청자들의 마음을 사로잡은 한편, 배우 정우성이 김남길에게 커피차를 선물했다.",
                "subjectConsistencyYn": "N"
            },
            {
                "sentenceNo": 39,
                "sentenceContent": "정우성의 인스타그램 사진에는 정우성이 선물한 커피차가 담겼으며, 정우성과 김남길의 사진이 담긴 현수막에는 '드라마 악의 마음을 읽는 자들과 배우 김남길을 응원합니다'라는 문구가 담겨 김남길과 정우성의 우정이 상당함을 과시하고 있다.",
                "subjectConsistencyYn": "N"
            }
        ],
        "clickbaitClass": 0
    }
}