{
    "sourceDataInfo": {
        "newsID": "ET_M13_629513",
        "newsCategory": "연예",
        "newsSubcategory": "방송",
        "newsTitle": "‘한 사람만’ 김경남, 앵글을 적시는 절절한 눈빛",
        "newsSubTitle": "",
        "newsContent": "JTBC 월화극 ‘한 사람만’에 출연 중인 배우 김경남이 극중 안은진을 향한 절절한 눈빛으로 시청자들의 몰입을 높였다. ‘죽음’을 앞둔 사람들을 통해 ‘삶’을 다시 생각하게 하는 메시지를 담고 있는 ‘한 사람만’에서 김경남은 삶의 이유가 된 인숙(안은진)을 만나 비로소 돌이킬 수 없는 과거를 후회하는 민우천 역할을 맡고 있다.\n지난 3일 방송된 5회에서 자신을 향한 인숙의 바뀐 눈빛에 괴로워하는 우천의 모습이 그려졌다.\n태일(안창환)에 의해 우천이 하용근(백현진) 살인을 의뢰받은 살인청부업자였다는 사실을 알게 된 인숙은 “사람을 죽이는 게 진짜 니 직업이야? 그게 니 일이야? 그게 너야?”라고 묻고 눈이 벌개진 우천은 “그렇게 살았어. 내가 그렇게 살았어”라고 무겁게 답한다.\n이제 자신을 좋아한다는 우천의 진심도 믿지 못하게 된 인숙을 보며 우천은 처음으로 자신의 과거를 두려워 했다.\n그리고 호스피스 바자회에서 우천이 떠난 사실을 알게 된 인숙은 파란 물건만 모아 사랑을 표현한다는 새처럼 우천이 모아온 파란색 물건들을 본다.\n이어 지후에게 맡긴 우천의 짐 속에서 어린 시절 우천의 사진을 발견한 인숙은 우천이 과거 자신이 생명을 구해준 아이었음을 깨닫는다.\n김경남은 살아갈 이유가 된 인숙을 향한 마음과 그로 인해 생긴 후회와 자책을 말없이도 전해지는 절절한 눈빛으로 표현해 극의 몰입도를 올렸다.\n한편 하용근 살인사건의 중대한 단서가 될 휴대폰을 인숙이 갖게 된 상황에서 스스로 광역수사대를 찾아간 우천의 모습으로 다음 회를 더욱 궁금하게 만든 ‘한 사람만’은 매주 월, 화요일 오후 11시 JTBC에서 방송된다.",
        "partNum": "P2",
        "useType": 0,
        "processType": "D",
        "processPattern": "24",
        "processLevel": "상",
        "sentenceCount": 8,
        "processSentencenum": 2,
        "sentenceInfo": [
            {
                "sentenceNo": 1,
                "sentenceContent": "JTBC 월화극 ‘한 사람만’에 출연 중인 배우 김경남이 극중 안은진을 향한 절절한 눈빛으로 시청자들의 몰입을 높였다. ‘죽음’을 앞둔 사람들을 통해 ‘삶’을 다시 생각하게 하는 메시지를 담고 있는 ‘한 사람만’에서 김경남은 삶의 이유가 된 인숙(안은진)을 만나 비로소 돌이킬 수 없는 과거를 후회하는 민우천 역할을 맡고 있다.",
                "sentenceSize": 183
            },
            {
                "sentenceNo": 2,
                "sentenceContent": "지난 3일 방송된 5회에서 자신을 향한 인숙의 바뀐 눈빛에 괴로워하는 우천의 모습이 그려졌다.",
                "sentenceSize": 52
            },
            {
                "sentenceNo": 3,
                "sentenceContent": "태일(안창환)에 의해 우천이 하용근(백현진) 살인을 의뢰받은 살인청부업자였다는 사실을 알게 된 인숙은 “사람을 죽이는 게 진짜 니 직업이야? 그게 니 일이야? 그게 너야?”라고 묻고 눈이 벌개진 우천은 “그렇게 살았어. 내가 그렇게 살았어”라고 무겁게 답한다.",
                "sentenceSize": 145
            },
            {
                "sentenceNo": 4,
                "sentenceContent": "이제 자신을 좋아한다는 우천의 진심도 믿지 못하게 된 인숙을 보며 우천은 처음으로 자신의 과거를 두려워 했다.",
                "sentenceSize": 61
            },
            {
                "sentenceNo": 5,
                "sentenceContent": "그리고 호스피스 바자회에서 우천이 떠난 사실을 알게 된 인숙은 파란 물건만 모아 사랑을 표현한다는 새처럼 우천이 모아온 파란색 물건들을 본다.",
                "sentenceSize": 79
            },
            {
                "sentenceNo": 6,
                "sentenceContent": "이어 지후에게 맡긴 우천의 짐 속에서 어린 시절 우천의 사진을 발견한 인숙은 우천이 과거 자신이 생명을 구해준 아이었음을 깨닫는다.",
                "sentenceSize": 73
            },
            {
                "sentenceNo": 7,
                "sentenceContent": "김경남은 살아갈 이유가 된 인숙을 향한 마음과 그로 인해 생긴 후회와 자책을 말없이도 전해지는 절절한 눈빛으로 표현해 극의 몰입도를 올렸다.",
                "sentenceSize": 78
            },
            {
                "sentenceNo": 8,
                "sentenceContent": "한편 하용근 살인사건의 중대한 단서가 될 휴대폰을 인숙이 갖게 된 상황에서 스스로 광역수사대를 찾아간 우천의 모습으로 다음 회를 더욱 궁금하게 만든 ‘한 사람만’은 매주 월, 화요일 오후 11시 JTBC에서 방송된다.",
                "sentenceSize": 121
            }
        ]
    },
    "labeledDataInfo": {
        "processSentenceInfo": [
            {
                "sentenceNo": 1,
                "sentenceContent": "JTBC 월화극 ‘한 사람만’에 출연 중인 배우 김경남이 극중 안은진을 향한 절절한 눈빛으로 시청자들의 몰입을 높였다. ‘죽음’을 앞둔 사람들을 통해 ‘삶’을 다시 생각하게 하는 메시지를 담고 있는 ‘한 사람만’에서 김경남은 삶의 이유가 된 인숙(안은진)을 만나 비로소 돌이킬 수 없는 과거를 후회하는 민우천 역할을 맡고 있다.",
                "subjectConsistencyYn": "Y"
            },
            {
                "sentenceNo": 2,
                "sentenceContent": "지난 3일 방송된 5회에서 자신을 향한 인숙의 바뀐 눈빛에 괴로워하는 우천의 모습이 그려졌다.",
                "subjectConsistencyYn": "Y"
            },
            {
                "sentenceNo": 3,
                "sentenceContent": "태일(안창환)에 의해 우천이 하용근(백현진) 살인을 의뢰받은 살인청부업자였다는 사실을 알게 된 인숙은 “사람을 죽이는 게 진짜 니 직업이야? 그게 니 일이야? 그게 너야?”라고 묻고 눈이 벌개진 우천은 “그렇게 살았어. 내가 그렇게 살았어”라고 무겁게 답한다.",
                "subjectConsistencyYn": "Y"
            },
            {
                "sentenceNo": 4,
                "sentenceContent": "이제 자신을 좋아한다는 우천의 진심도 믿지 못하게 된 인숙을 보며 우천은 처음으로 자신의 과거를 두려워 했다.",
                "subjectConsistencyYn": "Y"
            },
            {
                "sentenceNo": 5,
                "sentenceContent": "그리고 호스피스 바자회에서 우천이 떠난 사실을 알게 된 인숙은 파란 물건만 모아 사랑을 표현한다는 새처럼 우천이 모아온 파란색 물건들을 본다.",
                "subjectConsistencyYn": "Y"
            },
            {
                "sentenceNo": 6,
                "sentenceContent": "이어 지후에게 맡긴 우천의 짐 속에서 어린 시절 우천의 사진을 발견한 인숙은 우천이 과거 자신이 생명을 구해준 아이었음을 깨닫는다.",
                "subjectConsistencyYn": "Y"
            },
            {
                "sentenceNo": 7,
                "sentenceContent": "김경남은 살아갈 이유가 된 인숙을 향한 마음과 그로 인해 생긴 후회와 자책을 말없이도 전해지는 절절한 눈빛으로 표현해 극의 몰입도를 올렸다.",
                "subjectConsistencyYn": "Y"
            },
            {
                "sentenceNo": 8,
                "sentenceContent": "한편 하용근 살인사건의 중대한 단서가 될 휴대폰을 인숙이 갖게 된 상황에서 스스로 광역수사대를 찾아간 우천의 모습으로 다음 회를 더욱 궁금하게 만든 ‘한 사람만’은 매주 월, 화요일 오후 11시 JTBC에서 방송된다.",
                "subjectConsistencyYn": "Y"
            },
            {
                "sentenceNo": 9,
                "sentenceContent": "JTBC 월화극 ‘한 사람만’에 출연 중인 배우 김경남은 2021년 12월 17일 오피스텔에 거주하면서 층간 소음을 일으켜 이웃들에게 피해를 줬다고 한다. ",
                "subjectConsistencyYn": "N"
            },
            {
                "sentenceNo": 10,
                "sentenceContent": "피해자가 언론에 제보하면서 사실이 알려졌는데, 김경남이 그렇게 유명하지 않은 배우여서 그런지 결과적으로 논란 자체가 묻히는 분위기다.",
                "subjectConsistencyYn": "N"
            }
        ],
        "clickbaitClass": 0
    }
}