{
    "sourceDataInfo": {
        "newsID": "ET_M13_629253",
        "newsCategory": "연예",
        "newsSubcategory": "연예일반",
        "newsTitle": "장동민, 오늘(19일) 장가간다",
        "newsSubTitle": "",
        "newsContent": "방송인 장동민이 장가간다.\n장동민은 19일 제주도 모처에서 6세 연하 연인과 결혼식을 올린다.\n비연예인인 연인을 고려해 예식은 양가 가족과 지인만 참석하며, 유세윤과 유상무가 사회를 맡는다.\n앞서 장동민은 소속사 엘디스토리를 통해 “너무 갑작스럽게 결혼 소식을 전하게 돼 조금은 민망하다. 내 인생의 가장 소중한 사람을 만나, 한 가정의 가장이자 사랑하는 이의 남편이 되려한다”며 “더욱 무거운 책임감을 갖고 성실히 일하고 또 예쁘게 사는 모습 보여주겠다”고 결혼을 발표했다.\n또한 자신의 유튜브 채널에서 예비 신부에 대해 언급하며 “골프장에서 정말 생각지도 못하게 만났다. 아는 동생 부부와 골프를 치기로 했는데 (동생 부부가) 친구를 한 명 데리고 왔다. 그때 처음 봤다. 소개팅으로 만난 게 아니었는데도 처음 봤을 때부터 느낌이 달랐다”고 애정을 표현했다.\n이어 “결혼 결심은 거의 만난 지 하루 이틀 만에 했다. 난 가정적인 사람이 좋은데 (예비신부가) 골프치는 동안에도 계속 전화 통화를 하고 끝나고도 전화 통화를 했다. ‘남자친구가 있나보다’라고 생각을 했는데 어머니, 아버지랑 통화를 한다고 하더라”며 “그래서 집안에 무슨 일이 있나 보다 했는데 계속해서 안부 묻고 ‘저녁 드셨나, 9홀 끝났다’ 이런 거를 친구처럼 꼼꼼하고 즐겁게 이야기했다. 굉장히 부모님에게 잘하는 친구라는 생각이 들었을 때 제가 좀 꿈꾸는 사람이라는 생각이 들었다”고 설명하기도 했다.",
        "partNum": "P2",
        "useType": 0,
        "processType": "D",
        "processPattern": "24",
        "processLevel": "상",
        "sentenceCount": 6,
        "processSentencenum": 2,
        "sentenceInfo": [
            {
                "sentenceNo": 1,
                "sentenceContent": "방송인 장동민이 장가간다.",
                "sentenceSize": 14
            },
            {
                "sentenceNo": 2,
                "sentenceContent": "장동민은 19일 제주도 모처에서 6세 연하 연인과 결혼식을 올린다.",
                "sentenceSize": 37
            },
            {
                "sentenceNo": 3,
                "sentenceContent": "비연예인인 연인을 고려해 예식은 양가 가족과 지인만 참석하며, 유세윤과 유상무가 사회를 맡는다.",
                "sentenceSize": 53
            },
            {
                "sentenceNo": 4,
                "sentenceContent": "앞서 장동민은 소속사 엘디스토리를 통해 “너무 갑작스럽게 결혼 소식을 전하게 돼 조금은 민망하다. 내 인생의 가장 소중한 사람을 만나, 한 가정의 가장이자 사랑하는 이의 남편이 되려한다”며 “더욱 무거운 책임감을 갖고 성실히 일하고 또 예쁘게 사는 모습 보여주겠다”고 결혼을 발표했다.",
                "sentenceSize": 159
            },
            {
                "sentenceNo": 5,
                "sentenceContent": "또한 자신의 유튜브 채널에서 예비 신부에 대해 언급하며 “골프장에서 정말 생각지도 못하게 만났다. 아는 동생 부부와 골프를 치기로 했는데 (동생 부부가) 친구를 한 명 데리고 왔다. 그때 처음 봤다. 소개팅으로 만난 게 아니었는데도 처음 봤을 때부터 느낌이 달랐다”고 애정을 표현했다.",
                "sentenceSize": 159
            },
            {
                "sentenceNo": 6,
                "sentenceContent": "이어 “결혼 결심은 거의 만난 지 하루 이틀 만에 했다. 난 가정적인 사람이 좋은데 (예비신부가) 골프치는 동안에도 계속 전화 통화를 하고 끝나고도 전화 통화를 했다. ‘남자친구가 있나보다’라고 생각을 했는데 어머니, 아버지랑 통화를 한다고 하더라”며 “그래서 집안에 무슨 일이 있나 보다 했는데 계속해서 안부 묻고 ‘저녁 드셨나, 9홀 끝났다’ 이런 거를 친구처럼 꼼꼼하고 즐겁게 이야기했다. 굉장히 부모님에게 잘하는 친구라는 생각이 들었을 때 제가 좀 꿈꾸는 사람이라는 생각이 들었다”고 설명하기도 했다.",
                "sentenceSize": 284
            }
        ]
    },
    "labeledDataInfo": {
        "processSentenceInfo": [
            {
                "sentenceNo": 1,
                "sentenceContent": "방송인 장동민이 장가간다.",
                "subjectConsistencyYn": "Y"
            },
            {
                "sentenceNo": 2,
                "sentenceContent": "장동민은 19일 제주도 모처에서 6세 연하 연인과 결혼식을 올린다.",
                "subjectConsistencyYn": "Y"
            },
            {
                "sentenceNo": 3,
                "sentenceContent": "비연예인인 연인을 고려해 예식은 양가 가족과 지인만 참석하며, 유세윤과 유상무가 사회를 맡는다.",
                "subjectConsistencyYn": "Y"
            },
            {
                "sentenceNo": 4,
                "sentenceContent": "앞서 장동민은 소속사 엘디스토리를 통해 “너무 갑작스럽게 결혼 소식을 전하게 돼 조금은 민망하다. 내 인생의 가장 소중한 사람을 만나, 한 가정의 가장이자 사랑하는 이의 남편이 되려한다”며 “더욱 무거운 책임감을 갖고 성실히 일하고 또 예쁘게 사는 모습 보여주겠다”고 결혼을 발표했다.",
                "subjectConsistencyYn": "Y"
            },
            {
                "sentenceNo": 5,
                "sentenceContent": "또한 자신의 유튜브 채널에서 예비 신부에 대해 언급하며 “골프장에서 정말 생각지도 못하게 만났다. 아는 동생 부부와 골프를 치기로 했는데 (동생 부부가) 친구를 한 명 데리고 왔다. 그때 처음 봤다. 소개팅으로 만난 게 아니었는데도 처음 봤을 때부터 느낌이 달랐다”고 애정을 표현했다.",
                "subjectConsistencyYn": "Y"
            },
            {
                "sentenceNo": 6,
                "sentenceContent": "이어 “결혼 결심은 거의 만난 지 하루 이틀 만에 했다. 난 가정적인 사람이 좋은데 (예비신부가) 골프치는 동안에도 계속 전화 통화를 하고 끝나고도 전화 통화를 했다. ‘남자친구가 있나보다’라고 생각을 했는데 어머니, 아버지랑 통화를 한다고 하더라”며 “그래서 집안에 무슨 일이 있나 보다 했는데 계속해서 안부 묻고 ‘저녁 드셨나, 9홀 끝났다’ 이런 거를 친구처럼 꼼꼼하고 즐겁게 이야기했다. 굉장히 부모님에게 잘하는 친구라는 생각이 들었을 때 제가 좀 꿈꾸는 사람이라는 생각이 들었다”고 설명하기도 했다.",
                "subjectConsistencyYn": "Y"
            },
            {
                "sentenceNo": 7,
                "sentenceContent": "방송인 장동민이 제주도에서 6세 연하 연인과 결혼식을 올리는 가운데, 장동민이 운영하고 있는 PC방을 위드 코로나 시대에 맞게 마케팅하겠다고 전했다.  ",
                "subjectConsistencyYn": "N"
            },
            {
                "sentenceNo": 8,
                "sentenceContent": "관계자는 \"위드 코로나 시대에 맞게 코로나19가 점점 나아진다면 장동민 대표가 전국의 크라우드pc방 매장을 직접 순차적으로 찾아뵙고 매장에 오신 손님들께 직접 음식도 조리해서 대접하고, 팬사인회도 진행할 예정이다\"라며 \"크라우드 가맹점 게임 대회도 개최해 크라우드 PC방 가맹점에 손님들이 더욱 많이 생겨서 크라우드 가맹점주님이 더욱 즐겁고 행복한 시기가 빨리 왔으면 좋다\"라고 전했다.  ",
                "subjectConsistencyYn": "N"
            }
        ],
        "clickbaitClass": 0
    }
}