{
    "sourceDataInfo": {
        "newsID": "ET_M13_629349",
        "newsCategory": "연예",
        "newsSubcategory": "연예일반",
        "newsTitle": "단독쇼 빛내는 임영웅 팬덤, 청각장애아동에 ‘소리’ 선물",
        "newsSubTitle": "",
        "newsContent": "팬덤의 따뜻한 선행이 임영웅 단독쇼를 빛냈다.\n사단법인 사랑의달팽이(회장 김민자)는 임영웅 팬덤 ‘영웅시대’에서 청각장애인 지원을 위해 853만원을 기부했다고 24일 밝혔다.\n영웅시대의 이번 기부는 오는 26일로 예정된 임영웅 단독쇼 KBS ‘위 아 히어로 임영웅’을 기념하기 위해 진행됐다.\n임영웅 팬클럽 ‘웅바라기스쿨’에서 608만원을, ‘임영웅네이버팬카페The히어로’에서 245만원을 자발적으로 모아 기부금을 전달했다.\n전달된 기부금은 경제적 어려움을 겪는 청각장애인을 위한 소리찾기 사업에 사용된다.\n사랑의달팽이는 경제적 어려움으로 인공달팽이관 수술을 받지 못하는 청각장애인을 위해 ‘소리선물’ 캠페인을 진행 중에 있다.\n이와 관련해 임영웅 팬덤 관계자는 “힘들었던 올해 임영웅의 따뜻한 노래로 위로를 받은 만큼, 경제적 어려움으로 인공달팽이관 수술을 받지 못한 청각장애아동들에게 노래를 들을 수 있도록 소리를 선물하는 것이 의미 있는 일이라 생각해 후원을 진행했다”며 “앞으로도 정기적으로 꾸준히 기부와 후원을 진행할 계획”이라고 했다.\n사랑의달팽이 관계자는 “임영웅 팬클럽 여러분의 따뜻한 마음이 모여 경제적 어려움을 겪는 청각장애인에게 세상의 소리를 선물할 수 있게 됐다”며 “임영웅의 KBS 단독 콘서트를 함께 축하하고 임영웅 팬클럽에게도 깊은 감사를 전한다”고 했다.",
        "partNum": "P2",
        "useType": 0,
        "processType": "D",
        "processPattern": "24",
        "processLevel": "상",
        "sentenceCount": 8,
        "processSentencenum": 2,
        "sentenceInfo": [
            {
                "sentenceNo": 1,
                "sentenceContent": "팬덤의 따뜻한 선행이 임영웅 단독쇼를 빛냈다.",
                "sentenceSize": 25
            },
            {
                "sentenceNo": 2,
                "sentenceContent": "사단법인 사랑의달팽이(회장 김민자)는 임영웅 팬덤 ‘영웅시대’에서 청각장애인 지원을 위해 853만원을 기부했다고 24일 밝혔다.",
                "sentenceSize": 71
            },
            {
                "sentenceNo": 3,
                "sentenceContent": "영웅시대의 이번 기부는 오는 26일로 예정된 임영웅 단독쇼 KBS ‘위 아 히어로 임영웅’을 기념하기 위해 진행됐다.",
                "sentenceSize": 65
            },
            {
                "sentenceNo": 4,
                "sentenceContent": "임영웅 팬클럽 ‘웅바라기스쿨’에서 608만원을, ‘임영웅네이버팬카페The히어로’에서 245만원을 자발적으로 모아 기부금을 전달했다.",
                "sentenceSize": 73
            },
            {
                "sentenceNo": 5,
                "sentenceContent": "전달된 기부금은 경제적 어려움을 겪는 청각장애인을 위한 소리찾기 사업에 사용된다.",
                "sentenceSize": 45
            },
            {
                "sentenceNo": 6,
                "sentenceContent": "사랑의달팽이는 경제적 어려움으로 인공달팽이관 수술을 받지 못하는 청각장애인을 위해 ‘소리선물’ 캠페인을 진행 중에 있다.",
                "sentenceSize": 67
            },
            {
                "sentenceNo": 7,
                "sentenceContent": "이와 관련해 임영웅 팬덤 관계자는 “힘들었던 올해 임영웅의 따뜻한 노래로 위로를 받은 만큼, 경제적 어려움으로 인공달팽이관 수술을 받지 못한 청각장애아동들에게 노래를 들을 수 있도록 소리를 선물하는 것이 의미 있는 일이라 생각해 후원을 진행했다”며 “앞으로도 정기적으로 꾸준히 기부와 후원을 진행할 계획”이라고 했다.",
                "sentenceSize": 177
            },
            {
                "sentenceNo": 8,
                "sentenceContent": "사랑의달팽이 관계자는 “임영웅 팬클럽 여러분의 따뜻한 마음이 모여 경제적 어려움을 겪는 청각장애인에게 세상의 소리를 선물할 수 있게 됐다”며 “임영웅의 KBS 단독 콘서트를 함께 축하하고 임영웅 팬클럽에게도 깊은 감사를 전한다”고 했다.",
                "sentenceSize": 132
            }
        ]
    },
    "labeledDataInfo": {
        "processSentenceInfo": [
            {
                "sentenceNo": 1,
                "sentenceContent": "팬덤의 따뜻한 선행이 임영웅 단독쇼를 빛냈다.",
                "subjectConsistencyYn": "Y"
            },
            {
                "sentenceNo": 2,
                "sentenceContent": "사단법인 사랑의달팽이(회장 김민자)는 임영웅 팬덤 ‘영웅시대’에서 청각장애인 지원을 위해 853만원을 기부했다고 24일 밝혔다.",
                "subjectConsistencyYn": "Y"
            },
            {
                "sentenceNo": 3,
                "sentenceContent": "영웅시대의 이번 기부는 오는 26일로 예정된 임영웅 단독쇼 KBS ‘위 아 히어로 임영웅’을 기념하기 위해 진행됐다.",
                "subjectConsistencyYn": "Y"
            },
            {
                "sentenceNo": 4,
                "sentenceContent": "임영웅 팬클럽 ‘웅바라기스쿨’에서 608만원을, ‘임영웅네이버팬카페The히어로’에서 245만원을 자발적으로 모아 기부금을 전달했다.",
                "subjectConsistencyYn": "Y"
            },
            {
                "sentenceNo": 5,
                "sentenceContent": "전달된 기부금은 경제적 어려움을 겪는 청각장애인을 위한 소리찾기 사업에 사용된다.",
                "subjectConsistencyYn": "Y"
            },
            {
                "sentenceNo": 6,
                "sentenceContent": "사랑의달팽이는 경제적 어려움으로 인공달팽이관 수술을 받지 못하는 청각장애인을 위해 ‘소리선물’ 캠페인을 진행 중에 있다.",
                "subjectConsistencyYn": "Y"
            },
            {
                "sentenceNo": 7,
                "sentenceContent": "이와 관련해 임영웅 팬덤 관계자는 “힘들었던 올해 임영웅의 따뜻한 노래로 위로를 받은 만큼, 경제적 어려움으로 인공달팽이관 수술을 받지 못한 청각장애아동들에게 노래를 들을 수 있도록 소리를 선물하는 것이 의미 있는 일이라 생각해 후원을 진행했다”며 “앞으로도 정기적으로 꾸준히 기부와 후원을 진행할 계획”이라고 했다.",
                "subjectConsistencyYn": "Y"
            },
            {
                "sentenceNo": 8,
                "sentenceContent": "사랑의달팽이 관계자는 “임영웅 팬클럽 여러분의 따뜻한 마음이 모여 경제적 어려움을 겪는 청각장애인에게 세상의 소리를 선물할 수 있게 됐다”며 “임영웅의 KBS 단독 콘서트를 함께 축하하고 임영웅 팬클럽에게도 깊은 감사를 전한다”고 했다.",
                "subjectConsistencyYn": "Y"
            },
            {
                "sentenceNo": 9,
                "sentenceContent": "임영웅 팬덤 '영웅시대'가 사단법인 사랑의달팽이에 853만원을 기부하며 따뜻한 선행을 알린 한편, 가수 규현의 팬클럽 ‘너의 별에 닿을 때까지’ 역시 규현의 데뷔 16주년을 기념하여 국내 취약계층 아동에게 160만 원을 후원했다.",
                "subjectConsistencyYn": "N"
            },
            {
                "sentenceNo": 10,
                "sentenceContent": "‘너의 별에 닿을 때까지’는 이전에도 의료취약계층의 아동 및 청소년의 치료를 위한 의료비를 기부하는 등 지속적으로 선한 영향력을 실천했으며, 이번 취약계층 아동을 위한 기부금을 희망조약돌에 전달하면서 팬기부 문화 확산에 모범을 보였다.",
                "subjectConsistencyYn": "N"
            }
        ],
        "clickbaitClass": 0
    }
}