{
    "sourceDataInfo": {
        "newsID": "ET_M13_629318",
        "newsCategory": "연예",
        "newsSubcategory": "음악",
        "newsTitle": "스트레이 키즈, 오늘 디지털 앨범 발매[공식]",
        "newsSubTitle": "",
        "newsContent": "스트레이 키즈(Stray Kids)가 오늘(23일) 디지털 앨범 ‘SKZ2021’을 발표하고 연말을 화려하게 장식한다.\nJYP엔터테인먼트는 최근 스트레이 키즈의 새 프로젝트 포스터를 공개하고 디지털 앨범 ‘SKZ2021’ 발표 소식을 알린 데 이어 22일 오후 6시에는 트랙리스트 이미지를 오픈해 글로벌 팬들을 기쁘게 했다.\n트랙리스트에 따르면 앨범 ‘SKZ2021’에는 올해 10월 일본 싱글 2집 ‘Scars / 소리꾼 -Japanese ver.-’ 타이틀곡 ‘Scars’(스칼스)의 한국어 버전을 포함해 ‘Awaken’(어웨이큰), ‘3rd Eye’(서드 아이), ‘0325’, ‘잠깐의 고요’ 등 그간 팬들의 큰 사랑을 받은 기존 앨범 수록곡들 그리고 ‘Mixtape#1-5’라는 이름으로 선보인 믹스테이프 시리즈까지 총 14곡이 담긴다.\n타이틀곡 ‘Scars (Korean Ver.)’에는 스트레이 키즈가 지금까지 거듭해 온 노력과 경험의 과정 속 흘린 눈물, 땀 그 모든 것을 ‘상처’에 빗대어 메시지를 녹여냈다.\n앞서 ‘Scars’ 원곡은 음원 선공개일인 10월 6일부터 9일까지 누적 기준 해외 32개 지역 아이튠즈 송 차트 1위를 차지하는 등 큰 사랑을 받았고, 스트레이 키즈는 ‘큰 꿈을 위해서라면 더 깊은 상처도 마다하지 않겠다’는 단단한 각오를 한국어로도 노래하고 국내 팬들에게 특별한 울림을 선사한다.\n한편 스트레이 키즈의 디지털 앨범 ‘SKZ2021’은 23일 오후 6시부터 국내외 각종 음원사이트에서 감상할 수 있다.",
        "partNum": "P2",
        "useType": 0,
        "processType": "D",
        "processPattern": "24",
        "processLevel": "상",
        "sentenceCount": 6,
        "processSentencenum": 2,
        "sentenceInfo": [
            {
                "sentenceNo": 1,
                "sentenceContent": "스트레이 키즈(Stray Kids)가 오늘(23일) 디지털 앨범 ‘SKZ2021’을 발표하고 연말을 화려하게 장식한다.",
                "sentenceSize": 66
            },
            {
                "sentenceNo": 2,
                "sentenceContent": "JYP엔터테인먼트는 최근 스트레이 키즈의 새 프로젝트 포스터를 공개하고 디지털 앨범 ‘SKZ2021’ 발표 소식을 알린 데 이어 22일 오후 6시에는 트랙리스트 이미지를 오픈해 글로벌 팬들을 기쁘게 했다.",
                "sentenceSize": 114
            },
            {
                "sentenceNo": 3,
                "sentenceContent": "트랙리스트에 따르면 앨범 ‘SKZ2021’에는 올해 10월 일본 싱글 2집 ‘Scars / 소리꾼 -Japanese ver.-’ 타이틀곡 ‘Scars’(스칼스)의 한국어 버전을 포함해 ‘Awaken’(어웨이큰), ‘3rd Eye’(서드 아이), ‘0325’, ‘잠깐의 고요’ 등 그간 팬들의 큰 사랑을 받은 기존 앨범 수록곡들 그리고 ‘Mixtape#1-5’라는 이름으로 선보인 믹스테이프 시리즈까지 총 14곡이 담긴다.",
                "sentenceSize": 235
            },
            {
                "sentenceNo": 4,
                "sentenceContent": "타이틀곡 ‘Scars (Korean Ver.)’에는 스트레이 키즈가 지금까지 거듭해 온 노력과 경험의 과정 속 흘린 눈물, 땀 그 모든 것을 ‘상처’에 빗대어 메시지를 녹여냈다.",
                "sentenceSize": 99
            },
            {
                "sentenceNo": 5,
                "sentenceContent": "앞서 ‘Scars’ 원곡은 음원 선공개일인 10월 6일부터 9일까지 누적 기준 해외 32개 지역 아이튠즈 송 차트 1위를 차지하는 등 큰 사랑을 받았고, 스트레이 키즈는 ‘큰 꿈을 위해서라면 더 깊은 상처도 마다하지 않겠다’는 단단한 각오를 한국어로도 노래하고 국내 팬들에게 특별한 울림을 선사한다.",
                "sentenceSize": 167
            },
            {
                "sentenceNo": 6,
                "sentenceContent": "한편 스트레이 키즈의 디지털 앨범 ‘SKZ2021’은 23일 오후 6시부터 국내외 각종 음원사이트에서 감상할 수 있다.",
                "sentenceSize": 66
            }
        ]
    },
    "labeledDataInfo": {
        "processSentenceInfo": [
            {
                "sentenceNo": 1,
                "sentenceContent": "스트레이 키즈(Stray Kids)가 오늘(23일) 디지털 앨범 ‘SKZ2021’을 발표하고 연말을 화려하게 장식한다.",
                "subjectConsistencyYn": "Y"
            },
            {
                "sentenceNo": 2,
                "sentenceContent": "JYP엔터테인먼트는 최근 스트레이 키즈의 새 프로젝트 포스터를 공개하고 디지털 앨범 ‘SKZ2021’ 발표 소식을 알린 데 이어 22일 오후 6시에는 트랙리스트 이미지를 오픈해 글로벌 팬들을 기쁘게 했다.",
                "subjectConsistencyYn": "Y"
            },
            {
                "sentenceNo": 3,
                "sentenceContent": "트랙리스트에 따르면 앨범 ‘SKZ2021’에는 올해 10월 일본 싱글 2집 ‘Scars / 소리꾼 -Japanese ver.-’ 타이틀곡 ‘Scars’(스칼스)의 한국어 버전을 포함해 ‘Awaken’(어웨이큰), ‘3rd Eye’(서드 아이), ‘0325’, ‘잠깐의 고요’ 등 그간 팬들의 큰 사랑을 받은 기존 앨범 수록곡들 그리고 ‘Mixtape#1-5’라는 이름으로 선보인 믹스테이프 시리즈까지 총 14곡이 담긴다.",
                "subjectConsistencyYn": "Y"
            },
            {
                "sentenceNo": 4,
                "sentenceContent": "타이틀곡 ‘Scars (Korean Ver.)’에는 스트레이 키즈가 지금까지 거듭해 온 노력과 경험의 과정 속 흘린 눈물, 땀 그 모든 것을 ‘상처’에 빗대어 메시지를 녹여냈다.",
                "subjectConsistencyYn": "Y"
            },
            {
                "sentenceNo": 5,
                "sentenceContent": "앞서 ‘Scars’ 원곡은 음원 선공개일인 10월 6일부터 9일까지 누적 기준 해외 32개 지역 아이튠즈 송 차트 1위를 차지하는 등 큰 사랑을 받았고, 스트레이 키즈는 ‘큰 꿈을 위해서라면 더 깊은 상처도 마다하지 않겠다’는 단단한 각오를 한국어로도 노래하고 국내 팬들에게 특별한 울림을 선사한다.",
                "subjectConsistencyYn": "Y"
            },
            {
                "sentenceNo": 6,
                "sentenceContent": "한편 스트레이 키즈의 디지털 앨범 ‘SKZ2021’은 23일 오후 6시부터 국내외 각종 음원사이트에서 감상할 수 있다.",
                "subjectConsistencyYn": "Y"
            },
            {
                "sentenceNo": 7,
                "sentenceContent": "스트레이 키즈는 디지털 앨범 ‘SKZ2021’ 발표 소식을 통해 글로벌 팬들을 기쁘게 한 가운데, 그룹 스트레이 키즈(Stray Kids)의 멤버 승민이 코로나19 확진 판정을 받았다.",
                "subjectConsistencyYn": "N"
            },
            {
                "sentenceNo": 8,
                "sentenceContent": "소속사 측은 “스트레이 키즈 멤버들은 지난 금요일 오후부터 각자 분리된 주거 공간에서 생활 중이며, 이후로도 멤버 모두 개인위생에 신경쓰며 건강 상태를 확인할 예정”이라고 밝혔다.",
                "subjectConsistencyYn": "N"
            }
        ],
        "clickbaitClass": 0
    }
}