{
    "sourceDataInfo": {
        "newsID": "ET_M13_629376",
        "newsCategory": "연예",
        "newsSubcategory": "방송",
        "newsTitle": "‘꽃달’ 유승호×이혜리×변우석, 축제 밝히는 미모",
        "newsSubTitle": "",
        "newsContent": "유승호, 이혜리, 변우석이 사월초파일(부처님 오신 날) 꽃 청춘 3인의 모습이 포착됐다.\nKBS 2TV 월화드라마 ‘꽃 피면 달 생각하고’(연출 황인혁 / 극본 김아록 / 제작 (유)꽃피면달생각하고문화산업전문회사 (주)몬스터유니온 (주)피플스토리컴퍼니) 측은 27일 사월초파일을 대하는 유승호(남영 역)와 이혜리(강로서 역), 이표(변우석 분)의 3인 3색 모멘트 스틸을 공개했다.\n지난주 방송된 ‘꽃 피면 달 생각하고’ 1, 2회에는 사헌부 감찰이 된 남영이 밀주꾼 추포에 나섰고, 생계를 위해 밀주꾼이 된 집주인 로서를 추격하는 스토리가 그려졌다.\n특히 남영이 로서를 붙잡아 복면을 벗기려는 순간이 2회 엔딩을 장식, 심장 박동수를 끌어올렸다.\n이런 가운데, 공개된 스틸에는 부처님 오신 날인 사월초파일 축제의 거리에 나선 남영과 로서, 이표의 3인 3색 모습이 담겼다.\n밀주꾼 로서에게 사월초파일은 술을 많이 팔 수 있는 ‘대목’이다.\n앞서 로서는 절친한 사이인 금이(서예화 분)와 이동 주전을 열어 재미를 봤던 터. 로서는 축제에 빠질 수 없는 술을 팔기 위해 또 한 번 번뜩이는 기지를 발휘할 예정이다.\n축제 대목을 노리는 밀주꾼 로서가 어떤 일을 마주할지 호기심을 유발한다.\n감찰 남영에게 사월초파일은 밀주꾼을 잡는 ‘대목’이다.\n모두가 즐기는 축제 기간에도 흐트러짐 없이 ‘열일’ 하는 원칙주의 감찰의 포스가 시선을 강탈한다.\n특히 남영은 심각한 표정으로 행인으로 인산인해를 이룬 거리에서 황가(임원희 분)와 함께 누군가를 추적 중인 모습이다.\n과연 그가 뒤쫓는 사람은 누구일지 궁금증을 불러일으킨다.\n궁궐 담을 넘어 술이 있는 곳이면 어김없이 등장하던 왕세자 이표에게 사월초파일은 놓쳐선 안 될 ‘술 마실 대목’이다.\n이번에도 왕세자의 신분을 감추고 거리로 나선 이표는 꽃미모를 장착하고 사람들의 눈을 피해 어딘가로 향하고 있다.\n궁궐 밖에서 크고 작은 사건에 휘말렸던 이표가 사월초파일 기간에 또 어떤 사건을 겪을지, 오늘(27일) 방송되는 ‘꽃 피면 달 생각하고’ 3회에서 공개된다.",
        "partNum": "P2",
        "useType": 0,
        "processType": "D",
        "processPattern": "24",
        "processLevel": "상",
        "sentenceCount": 15,
        "processSentencenum": 2,
        "sentenceInfo": [
            {
                "sentenceNo": 1,
                "sentenceContent": "유승호, 이혜리, 변우석이 사월초파일(부처님 오신 날) 꽃 청춘 3인의 모습이 포착됐다.",
                "sentenceSize": 49
            },
            {
                "sentenceNo": 2,
                "sentenceContent": "KBS 2TV 월화드라마 ‘꽃 피면 달 생각하고’(연출 황인혁 / 극본 김아록 / 제작 (유)꽃피면달생각하고문화산업전문회사 (주)몬스터유니온 (주)피플스토리컴퍼니) 측은 27일 사월초파일을 대하는 유승호(남영 역)와 이혜리(강로서 역), 이표(변우석 분)의 3인 3색 모멘트 스틸을 공개했다.",
                "sentenceSize": 163
            },
            {
                "sentenceNo": 3,
                "sentenceContent": "지난주 방송된 ‘꽃 피면 달 생각하고’ 1, 2회에는 사헌부 감찰이 된 남영이 밀주꾼 추포에 나섰고, 생계를 위해 밀주꾼이 된 집주인 로서를 추격하는 스토리가 그려졌다.",
                "sentenceSize": 94
            },
            {
                "sentenceNo": 4,
                "sentenceContent": "특히 남영이 로서를 붙잡아 복면을 벗기려는 순간이 2회 엔딩을 장식, 심장 박동수를 끌어올렸다.",
                "sentenceSize": 53
            },
            {
                "sentenceNo": 5,
                "sentenceContent": "이런 가운데, 공개된 스틸에는 부처님 오신 날인 사월초파일 축제의 거리에 나선 남영과 로서, 이표의 3인 3색 모습이 담겼다.",
                "sentenceSize": 70
            },
            {
                "sentenceNo": 6,
                "sentenceContent": "밀주꾼 로서에게 사월초파일은 술을 많이 팔 수 있는 ‘대목’이다.",
                "sentenceSize": 36
            },
            {
                "sentenceNo": 7,
                "sentenceContent": "앞서 로서는 절친한 사이인 금이(서예화 분)와 이동 주전을 열어 재미를 봤던 터. 로서는 축제에 빠질 수 없는 술을 팔기 위해 또 한 번 번뜩이는 기지를 발휘할 예정이다.",
                "sentenceSize": 95
            },
            {
                "sentenceNo": 8,
                "sentenceContent": "축제 대목을 노리는 밀주꾼 로서가 어떤 일을 마주할지 호기심을 유발한다.",
                "sentenceSize": 40
            },
            {
                "sentenceNo": 9,
                "sentenceContent": "감찰 남영에게 사월초파일은 밀주꾼을 잡는 ‘대목’이다.",
                "sentenceSize": 30
            },
            {
                "sentenceNo": 10,
                "sentenceContent": "모두가 즐기는 축제 기간에도 흐트러짐 없이 ‘열일’ 하는 원칙주의 감찰의 포스가 시선을 강탈한다.",
                "sentenceSize": 54
            },
            {
                "sentenceNo": 11,
                "sentenceContent": "특히 남영은 심각한 표정으로 행인으로 인산인해를 이룬 거리에서 황가(임원희 분)와 함께 누군가를 추적 중인 모습이다.",
                "sentenceSize": 65
            },
            {
                "sentenceNo": 12,
                "sentenceContent": "과연 그가 뒤쫓는 사람은 누구일지 궁금증을 불러일으킨다.",
                "sentenceSize": 31
            },
            {
                "sentenceNo": 13,
                "sentenceContent": "궁궐 담을 넘어 술이 있는 곳이면 어김없이 등장하던 왕세자 이표에게 사월초파일은 놓쳐선 안 될 ‘술 마실 대목’이다.",
                "sentenceSize": 65
            },
            {
                "sentenceNo": 14,
                "sentenceContent": "이번에도 왕세자의 신분을 감추고 거리로 나선 이표는 꽃미모를 장착하고 사람들의 눈을 피해 어딘가로 향하고 있다.",
                "sentenceSize": 62
            },
            {
                "sentenceNo": 15,
                "sentenceContent": "궁궐 밖에서 크고 작은 사건에 휘말렸던 이표가 사월초파일 기간에 또 어떤 사건을 겪을지, 오늘(27일) 방송되는 ‘꽃 피면 달 생각하고’ 3회에서 공개된다.",
                "sentenceSize": 87
            }
        ]
    },
    "labeledDataInfo": {
        "processSentenceInfo": [
            {
                "sentenceNo": 1,
                "sentenceContent": "유승호, 이혜리, 변우석이 사월초파일(부처님 오신 날) 꽃 청춘 3인의 모습이 포착됐다.",
                "subjectConsistencyYn": "Y"
            },
            {
                "sentenceNo": 2,
                "sentenceContent": "KBS 2TV 월화드라마 ‘꽃 피면 달 생각하고’(연출 황인혁 / 극본 김아록 / 제작 (유)꽃피면달생각하고문화산업전문회사 (주)몬스터유니온 (주)피플스토리컴퍼니) 측은 27일 사월초파일을 대하는 유승호(남영 역)와 이혜리(강로서 역), 이표(변우석 분)의 3인 3색 모멘트 스틸을 공개했다.",
                "subjectConsistencyYn": "Y"
            },
            {
                "sentenceNo": 3,
                "sentenceContent": "지난주 방송된 ‘꽃 피면 달 생각하고’ 1, 2회에는 사헌부 감찰이 된 남영이 밀주꾼 추포에 나섰고, 생계를 위해 밀주꾼이 된 집주인 로서를 추격하는 스토리가 그려졌다.",
                "subjectConsistencyYn": "Y"
            },
            {
                "sentenceNo": 4,
                "sentenceContent": "특히 남영이 로서를 붙잡아 복면을 벗기려는 순간이 2회 엔딩을 장식, 심장 박동수를 끌어올렸다.",
                "subjectConsistencyYn": "Y"
            },
            {
                "sentenceNo": 5,
                "sentenceContent": "이런 가운데, 공개된 스틸에는 부처님 오신 날인 사월초파일 축제의 거리에 나선 남영과 로서, 이표의 3인 3색 모습이 담겼다.",
                "subjectConsistencyYn": "Y"
            },
            {
                "sentenceNo": 6,
                "sentenceContent": "밀주꾼 로서에게 사월초파일은 술을 많이 팔 수 있는 ‘대목’이다.",
                "subjectConsistencyYn": "Y"
            },
            {
                "sentenceNo": 7,
                "sentenceContent": "앞서 로서는 절친한 사이인 금이(서예화 분)와 이동 주전을 열어 재미를 봤던 터. 로서는 축제에 빠질 수 없는 술을 팔기 위해 또 한 번 번뜩이는 기지를 발휘할 예정이다.",
                "subjectConsistencyYn": "Y"
            },
            {
                "sentenceNo": 8,
                "sentenceContent": "축제 대목을 노리는 밀주꾼 로서가 어떤 일을 마주할지 호기심을 유발한다.",
                "subjectConsistencyYn": "Y"
            },
            {
                "sentenceNo": 9,
                "sentenceContent": "감찰 남영에게 사월초파일은 밀주꾼을 잡는 ‘대목’이다.",
                "subjectConsistencyYn": "Y"
            },
            {
                "sentenceNo": 10,
                "sentenceContent": "모두가 즐기는 축제 기간에도 흐트러짐 없이 ‘열일’ 하는 원칙주의 감찰의 포스가 시선을 강탈한다.",
                "subjectConsistencyYn": "Y"
            },
            {
                "sentenceNo": 11,
                "sentenceContent": "특히 남영은 심각한 표정으로 행인으로 인산인해를 이룬 거리에서 황가(임원희 분)와 함께 누군가를 추적 중인 모습이다.",
                "subjectConsistencyYn": "Y"
            },
            {
                "sentenceNo": 12,
                "sentenceContent": "과연 그가 뒤쫓는 사람은 누구일지 궁금증을 불러일으킨다.",
                "subjectConsistencyYn": "Y"
            },
            {
                "sentenceNo": 13,
                "sentenceContent": "궁궐 담을 넘어 술이 있는 곳이면 어김없이 등장하던 왕세자 이표에게 사월초파일은 놓쳐선 안 될 ‘술 마실 대목’이다.",
                "subjectConsistencyYn": "Y"
            },
            {
                "sentenceNo": 14,
                "sentenceContent": "이번에도 왕세자의 신분을 감추고 거리로 나선 이표는 꽃미모를 장착하고 사람들의 눈을 피해 어딘가로 향하고 있다.",
                "subjectConsistencyYn": "Y"
            },
            {
                "sentenceNo": 15,
                "sentenceContent": "궁궐 밖에서 크고 작은 사건에 휘말렸던 이표가 사월초파일 기간에 또 어떤 사건을 겪을지, 오늘(27일) 방송되는 ‘꽃 피면 달 생각하고’ 3회에서 공개된다.",
                "subjectConsistencyYn": "Y"
            },
            {
                "sentenceNo": 16,
                "sentenceContent": "드라마 ‘꽃 피면 달 생각하고’에서 유승호×이혜리×변우석의 모멘트 스틸이 공개된 가운데, 주연 유승호는 과거에 다른 장병들에게 피해를 주고 싶지 않다며 조용히 입대했지만, 제대 날 취재진과 팬들 앞에서 눈물을 펑펑 쏟았던 사연이 공개되었다.",
                "subjectConsistencyYn": "N"
            },
            {
                "sentenceNo": 17,
                "sentenceContent": "제대 현장이 담긴 인터뷰 영상에서 유승호는 \"카메라를 보니 반갑다\"라며 눈물을 훔쳤고, \"원래 안 울려고 했는데 후임 조교들과 간부님들 뵈니까 저도 모르게 눈물이 많이 나왔다\"라고 속마음을 밝혔다. ",
                "subjectConsistencyYn": "N"
            }
        ],
        "clickbaitClass": 0
    }
}