{
    "sourceDataInfo": {
        "newsID": "ET_M13_629549",
        "newsCategory": "연예",
        "newsSubcategory": "음악",
        "newsTitle": "우원재, ‘Uniform’ 성공적 컴백, 미발매곡 ‘Pandemic’ 뮤비 추가 공개",
        "newsSubTitle": "",
        "newsContent": "우원재가 신곡 ‘Uniform’과 ‘Pandemic’ 뮤직비디오로 유니크한 색채를 입증했다.\n우원재는 지난 4일과 5일 AOMG 공식 유튜브를 통해 신곡 ‘Uniform (유니폼)’과 미발매곡 ‘Pandemic (팬데믹)’의 뮤직비디오를 공개하며 성공적인 컴백을 알렸다.\n4일 정식 발매된 ‘Uniform (Feat. pH-1)’은 우원재만의 음악 세계와 그 방향성을 확인할 수 있는 곡이다. “I wear same things always everyday”라는 앨범 소개이자 후렴구 가사만으로 우원재는 독보적인 분위기를 구축했다.\n아티스트 pH-1의 피처링도 귓가를 사로잡는다.\n우원재의 색다른 무드에 ‘Uniform’은 주요 음원 차트 위에서도 이틀 째 순항을 이어가고 있다.\n음원과 함께 공개된 ‘Uniform’ 뮤직비디오는 무채색 색감을 감각적으로 연출해 곡의 매력을 배가했다.\n우원재는 자신만의 여유로운 제스처로 ‘Uniform’이 품은 이야기에 설득력을 더했다.\n5일 오후 6시에는 음원으로 발매되지 않은 ‘Pandemic’의 뮤직비디오가 깜짝 공개돼 음악 팬들의 반가움을 샀다.\n제목처럼 현 시국을 다룬 ‘Pandemic’에서는 우원재 특유의 솔직한 가사와 유려한 플로우를 확인할 수 있다.\n한 편의 연극을 연상하게 하는 ‘Pandemic’ 뮤직비디오도 생각할 거리를 던져주며 우원재만의 스타일을 돋보이게 했다.\n지난 2020년 첫 번째 정규 앨범 ‘BLACK OUT (블랙 아웃)’과 싱글 ‘함구’로 진가를 입증했던 우원재는 이번 ‘Uniform’과 ‘Pandemic’으로 자신만의 짜임새있는 음악적 커리어를 이어가게 됐다.\n지난해에도 ‘Feel The Rhythm Of Korea Part 2 (필 더 리듬 오브 코리아 파트2)’ 음원 ‘강강술래 (경주 & 안동) (Feat. sogumm) (Prod. GRAY)’를 비롯, ‘Wall’, ‘백지’ 등 각종 OST와 다양한 아티스트의 피처링으로 참여하는 등 다채로운 음악 활동을 펼친 우원재가 2022년 새해부터 본인의 느낌이 물씬 묻어나는 ‘Uniform’과 ‘Pandemic’을 들고 돌아왔다.\n올해 더 활발하게 펼쳐질 우원재의 음악 활동이 기대된다.",
        "partNum": "P2",
        "useType": 0,
        "processType": "D",
        "processPattern": "24",
        "processLevel": "상",
        "sentenceCount": 13,
        "processSentencenum": 2,
        "sentenceInfo": [
            {
                "sentenceNo": 1,
                "sentenceContent": "우원재가 신곡 ‘Uniform’과 ‘Pandemic’ 뮤직비디오로 유니크한 색채를 입증했다.",
                "sentenceSize": 51
            },
            {
                "sentenceNo": 2,
                "sentenceContent": "우원재는 지난 4일과 5일 AOMG 공식 유튜브를 통해 신곡 ‘Uniform (유니폼)’과 미발매곡 ‘Pandemic (팬데믹)’의 뮤직비디오를 공개하며 성공적인 컴백을 알렸다.",
                "sentenceSize": 99
            },
            {
                "sentenceNo": 3,
                "sentenceContent": "4일 정식 발매된 ‘Uniform (Feat. pH-1)’은 우원재만의 음악 세계와 그 방향성을 확인할 수 있는 곡이다. “I wear same things always everyday”라는 앨범 소개이자 후렴구 가사만으로 우원재는 독보적인 분위기를 구축했다.",
                "sentenceSize": 145
            },
            {
                "sentenceNo": 4,
                "sentenceContent": "아티스트 pH-1의 피처링도 귓가를 사로잡는다.",
                "sentenceSize": 26
            },
            {
                "sentenceNo": 5,
                "sentenceContent": "우원재의 색다른 무드에 ‘Uniform’은 주요 음원 차트 위에서도 이틀 째 순항을 이어가고 있다.",
                "sentenceSize": 55
            },
            {
                "sentenceNo": 6,
                "sentenceContent": "음원과 함께 공개된 ‘Uniform’ 뮤직비디오는 무채색 색감을 감각적으로 연출해 곡의 매력을 배가했다.",
                "sentenceSize": 58
            },
            {
                "sentenceNo": 7,
                "sentenceContent": "우원재는 자신만의 여유로운 제스처로 ‘Uniform’이 품은 이야기에 설득력을 더했다.",
                "sentenceSize": 48
            },
            {
                "sentenceNo": 8,
                "sentenceContent": "5일 오후 6시에는 음원으로 발매되지 않은 ‘Pandemic’의 뮤직비디오가 깜짝 공개돼 음악 팬들의 반가움을 샀다.",
                "sentenceSize": 65
            },
            {
                "sentenceNo": 9,
                "sentenceContent": "제목처럼 현 시국을 다룬 ‘Pandemic’에서는 우원재 특유의 솔직한 가사와 유려한 플로우를 확인할 수 있다.",
                "sentenceSize": 62
            },
            {
                "sentenceNo": 10,
                "sentenceContent": "한 편의 연극을 연상하게 하는 ‘Pandemic’ 뮤직비디오도 생각할 거리를 던져주며 우원재만의 스타일을 돋보이게 했다.",
                "sentenceSize": 67
            },
            {
                "sentenceNo": 11,
                "sentenceContent": "지난 2020년 첫 번째 정규 앨범 ‘BLACK OUT (블랙 아웃)’과 싱글 ‘함구’로 진가를 입증했던 우원재는 이번 ‘Uniform’과 ‘Pandemic’으로 자신만의 짜임새있는 음악적 커리어를 이어가게 됐다.",
                "sentenceSize": 119
            },
            {
                "sentenceNo": 12,
                "sentenceContent": "지난해에도 ‘Feel The Rhythm Of Korea Part 2 (필 더 리듬 오브 코리아 파트2)’ 음원 ‘강강술래 (경주 & 안동) (Feat. sogumm) (Prod. GRAY)’를 비롯, ‘Wall’, ‘백지’ 등 각종 OST와 다양한 아티스트의 피처링으로 참여하는 등 다채로운 음악 활동을 펼친 우원재가 2022년 새해부터 본인의 느낌이 물씬 묻어나는 ‘Uniform’과 ‘Pandemic’을 들고 돌아왔다.",
                "sentenceSize": 237
            },
            {
                "sentenceNo": 13,
                "sentenceContent": "올해 더 활발하게 펼쳐질 우원재의 음악 활동이 기대된다.",
                "sentenceSize": 31
            }
        ]
    },
    "labeledDataInfo": {
        "processSentenceInfo": [
            {
                "sentenceNo": 1,
                "sentenceContent": "우원재가 신곡 ‘Uniform’과 ‘Pandemic’ 뮤직비디오로 유니크한 색채를 입증했다.",
                "subjectConsistencyYn": "Y"
            },
            {
                "sentenceNo": 2,
                "sentenceContent": "우원재는 지난 4일과 5일 AOMG 공식 유튜브를 통해 신곡 ‘Uniform (유니폼)’과 미발매곡 ‘Pandemic (팬데믹)’의 뮤직비디오를 공개하며 성공적인 컴백을 알렸다.",
                "subjectConsistencyYn": "Y"
            },
            {
                "sentenceNo": 3,
                "sentenceContent": "4일 정식 발매된 ‘Uniform (Feat. pH-1)’은 우원재만의 음악 세계와 그 방향성을 확인할 수 있는 곡이다. “I wear same things always everyday”라는 앨범 소개이자 후렴구 가사만으로 우원재는 독보적인 분위기를 구축했다.",
                "subjectConsistencyYn": "Y"
            },
            {
                "sentenceNo": 4,
                "sentenceContent": "아티스트 pH-1의 피처링도 귓가를 사로잡는다.",
                "subjectConsistencyYn": "Y"
            },
            {
                "sentenceNo": 5,
                "sentenceContent": "우원재의 색다른 무드에 ‘Uniform’은 주요 음원 차트 위에서도 이틀 째 순항을 이어가고 있다.",
                "subjectConsistencyYn": "Y"
            },
            {
                "sentenceNo": 6,
                "sentenceContent": "음원과 함께 공개된 ‘Uniform’ 뮤직비디오는 무채색 색감을 감각적으로 연출해 곡의 매력을 배가했다.",
                "subjectConsistencyYn": "Y"
            },
            {
                "sentenceNo": 7,
                "sentenceContent": "우원재는 자신만의 여유로운 제스처로 ‘Uniform’이 품은 이야기에 설득력을 더했다.",
                "subjectConsistencyYn": "Y"
            },
            {
                "sentenceNo": 8,
                "sentenceContent": "5일 오후 6시에는 음원으로 발매되지 않은 ‘Pandemic’의 뮤직비디오가 깜짝 공개돼 음악 팬들의 반가움을 샀다.",
                "subjectConsistencyYn": "Y"
            },
            {
                "sentenceNo": 9,
                "sentenceContent": "제목처럼 현 시국을 다룬 ‘Pandemic’에서는 우원재 특유의 솔직한 가사와 유려한 플로우를 확인할 수 있다.",
                "subjectConsistencyYn": "Y"
            },
            {
                "sentenceNo": 10,
                "sentenceContent": "한 편의 연극을 연상하게 하는 ‘Pandemic’ 뮤직비디오도 생각할 거리를 던져주며 우원재만의 스타일을 돋보이게 했다.",
                "subjectConsistencyYn": "Y"
            },
            {
                "sentenceNo": 11,
                "sentenceContent": "지난 2020년 첫 번째 정규 앨범 ‘BLACK OUT (블랙 아웃)’과 싱글 ‘함구’로 진가를 입증했던 우원재는 이번 ‘Uniform’과 ‘Pandemic’으로 자신만의 짜임새있는 음악적 커리어를 이어가게 됐다.",
                "subjectConsistencyYn": "Y"
            },
            {
                "sentenceNo": 12,
                "sentenceContent": "지난해에도 ‘Feel The Rhythm Of Korea Part 2 (필 더 리듬 오브 코리아 파트2)’ 음원 ‘강강술래 (경주 & 안동) (Feat. sogumm) (Prod. GRAY)’를 비롯, ‘Wall’, ‘백지’ 등 각종 OST와 다양한 아티스트의 피처링으로 참여하는 등 다채로운 음악 활동을 펼친 우원재가 2022년 새해부터 본인의 느낌이 물씬 묻어나는 ‘Uniform’과 ‘Pandemic’을 들고 돌아왔다.",
                "subjectConsistencyYn": "Y"
            },
            {
                "sentenceNo": 13,
                "sentenceContent": "올해 더 활발하게 펼쳐질 우원재의 음악 활동이 기대된다.",
                "subjectConsistencyYn": "Y"
            },
            {
                "sentenceNo": 14,
                "sentenceContent": "우원재가 신곡 ‘Uniform’과 ‘Pandemic’ 뮤직비디오를 공개하며 본인만의 유니크한 색을 선보인 가운데, 우원재가 가수 미노이와의 열애설에 대해 아니라고 해명했음에도 팬들은 둘의 연애를 계속 응원하고 있어 화제다.",
                "subjectConsistencyYn": "N"
            },
            {
                "sentenceNo": 15,
                "sentenceContent": "우원재는 오해의 소지였던 커플 팔찌를 끊어내는 모습을 보여주며 신곡 과정에서 준비한 이벤트였다고 강조했지만, 팬들은 \"사귀라고\", \"이번 기회에 사귀는 것도 나쁘지 않습니다\", \"후 드라마 한 편 뚝딱\" 등의 반응을 보이며 둘의 연애를 응원했다.",
                "subjectConsistencyYn": "N"
            }
        ],
        "clickbaitClass": 0
    }
}