{
    "sourceDataInfo": {
        "newsID": "ET_M13_629427",
        "newsCategory": "연예",
        "newsSubcategory": "방송",
        "newsTitle": "‘MBC 연예대상’ 이미주-박재정, 신인상 쾌거",
        "newsSubTitle": "",
        "newsContent": "‘2021 MBC 연예대상’ 이미주, 박재정이 신인상을 받았다.\n29일 오후 방송된 ‘2021 MBC 연예대상’에서는 신인상을 받는 이미주, 박재정의 모습이 전파를 탔다.\n이날 여자 신인상은 후보 ‘쇼! 음악중심’ 김민주, ‘전지적 참견 시점’ ‘방과후 설렘’ 아이키, ‘놀면 뭐하니?’ 이미주, ‘놀면 뭐하니?’ ‘나 혼자 산다’ 이은지, ‘방과후 설렘’ 전소연 중 이미주가 받았다.\n기쁨에 눈물 흘리며 무대에 오른 이미주는 “기대 안 한다고 말씀드렸는데 사실 속으로 기대 많이 했다”라고 웃어 보였다.\n그는 “후보가 너무 쟁쟁하니까 안 될 것 같아서 주위 분들한테 안 될 것 같다고 기대하지 말라고 했다”라고 덧붙였다.\n이미주는 ‘놀면 뭐하니?’ 제작진에 감사함을 전하며 “저보고 미리 축하한다 해주셨던 재석 선배님, 준하 선배님, 하하 선배님, 봉선 선배님 너무 감사드린다. 작년에는 집에서 방송을 봤다. 올해는 나와 있는 게 실감이 나지 않는다. 울고 계실 거 같은데 부모님께 감사드린다. 낳아주셔서 이 자리에 있으니까 앞으로도 열심히 하겠다”라고 말했다.\n다음 남자 신인상은 후보 ‘쇼! 음악중심’ 리노, ‘놀면 뭐하니?’ ‘나 혼자 산다’ 박재정, ‘놀면 뭐하니?’ ‘전지적 참견 시점’ 원슈타인, ‘방과후 설렘’ 윤균상, ‘쇼! 음악중심’ 정우 중 박재정이 받았다.\n박재정은 “MSG 워너비 형들과 노래만 하고 갈 거라 생각했는데 후보에 나오는 순간 갑자기 긴장됐다”라며 ‘놀면 뭐하니?’ 제작진과 ‘나 혼자 산다’ 제작진에 감사 인사를 전했다.\n그는 “저는 원래 노래를 계속하고 있었다. 그러나 계속할 수 있게 만들어 준건 유재석 선배님이다. 기회를 주셔서 감사드린다. 외로운 저였는데 가족 같은 MSG 워너비 형들, 원슈타인. 가족을 만들어 주셔서 감사드린다. 앞으로 포기하지 않고 노래 열심히 하도록 하겠다”라고 인사했다.",
        "partNum": "P2",
        "useType": 0,
        "processType": "D",
        "processPattern": "24",
        "processLevel": "상",
        "sentenceCount": 9,
        "processSentencenum": 2,
        "sentenceInfo": [
            {
                "sentenceNo": 1,
                "sentenceContent": "‘2021 MBC 연예대상’ 이미주, 박재정이 신인상을 받았다.",
                "sentenceSize": 35
            },
            {
                "sentenceNo": 2,
                "sentenceContent": "29일 오후 방송된 ‘2021 MBC 연예대상’에서는 신인상을 받는 이미주, 박재정의 모습이 전파를 탔다.",
                "sentenceSize": 59
            },
            {
                "sentenceNo": 3,
                "sentenceContent": "이날 여자 신인상은 후보 ‘쇼! 음악중심’ 김민주, ‘전지적 참견 시점’ ‘방과후 설렘’ 아이키, ‘놀면 뭐하니?’ 이미주, ‘놀면 뭐하니?’ ‘나 혼자 산다’ 이은지, ‘방과후 설렘’ 전소연 중 이미주가 받았다.",
                "sentenceSize": 119
            },
            {
                "sentenceNo": 4,
                "sentenceContent": "기쁨에 눈물 흘리며 무대에 오른 이미주는 “기대 안 한다고 말씀드렸는데 사실 속으로 기대 많이 했다”라고 웃어 보였다.",
                "sentenceSize": 66
            },
            {
                "sentenceNo": 5,
                "sentenceContent": "그는 “후보가 너무 쟁쟁하니까 안 될 것 같아서 주위 분들한테 안 될 것 같다고 기대하지 말라고 했다”라고 덧붙였다.",
                "sentenceSize": 65
            },
            {
                "sentenceNo": 6,
                "sentenceContent": "이미주는 ‘놀면 뭐하니?’ 제작진에 감사함을 전하며 “저보고 미리 축하한다 해주셨던 재석 선배님, 준하 선배님, 하하 선배님, 봉선 선배님 너무 감사드린다. 작년에는 집에서 방송을 봤다. 올해는 나와 있는 게 실감이 나지 않는다. 울고 계실 거 같은데 부모님께 감사드린다. 낳아주셔서 이 자리에 있으니까 앞으로도 열심히 하겠다”라고 말했다.",
                "sentenceSize": 190
            },
            {
                "sentenceNo": 7,
                "sentenceContent": "다음 남자 신인상은 후보 ‘쇼! 음악중심’ 리노, ‘놀면 뭐하니?’ ‘나 혼자 산다’ 박재정, ‘놀면 뭐하니?’ ‘전지적 참견 시점’ 원슈타인, ‘방과후 설렘’ 윤균상, ‘쇼! 음악중심’ 정우 중 박재정이 받았다.",
                "sentenceSize": 119
            },
            {
                "sentenceNo": 8,
                "sentenceContent": "박재정은 “MSG 워너비 형들과 노래만 하고 갈 거라 생각했는데 후보에 나오는 순간 갑자기 긴장됐다”라며 ‘놀면 뭐하니?’ 제작진과 ‘나 혼자 산다’ 제작진에 감사 인사를 전했다.",
                "sentenceSize": 100
            },
            {
                "sentenceNo": 9,
                "sentenceContent": "그는 “저는 원래 노래를 계속하고 있었다. 그러나 계속할 수 있게 만들어 준건 유재석 선배님이다. 기회를 주셔서 감사드린다. 외로운 저였는데 가족 같은 MSG 워너비 형들, 원슈타인. 가족을 만들어 주셔서 감사드린다. 앞으로 포기하지 않고 노래 열심히 하도록 하겠다”라고 인사했다.",
                "sentenceSize": 157
            }
        ]
    },
    "labeledDataInfo": {
        "processSentenceInfo": [
            {
                "sentenceNo": 1,
                "sentenceContent": "‘2021 MBC 연예대상’ 이미주, 박재정이 신인상을 받았다.",
                "subjectConsistencyYn": "Y"
            },
            {
                "sentenceNo": 2,
                "sentenceContent": "29일 오후 방송된 ‘2021 MBC 연예대상’에서는 신인상을 받는 이미주, 박재정의 모습이 전파를 탔다.",
                "subjectConsistencyYn": "Y"
            },
            {
                "sentenceNo": 3,
                "sentenceContent": "이날 여자 신인상은 후보 ‘쇼! 음악중심’ 김민주, ‘전지적 참견 시점’ ‘방과후 설렘’ 아이키, ‘놀면 뭐하니?’ 이미주, ‘놀면 뭐하니?’ ‘나 혼자 산다’ 이은지, ‘방과후 설렘’ 전소연 중 이미주가 받았다.",
                "subjectConsistencyYn": "Y"
            },
            {
                "sentenceNo": 4,
                "sentenceContent": "기쁨에 눈물 흘리며 무대에 오른 이미주는 “기대 안 한다고 말씀드렸는데 사실 속으로 기대 많이 했다”라고 웃어 보였다.",
                "subjectConsistencyYn": "Y"
            },
            {
                "sentenceNo": 5,
                "sentenceContent": "그는 “후보가 너무 쟁쟁하니까 안 될 것 같아서 주위 분들한테 안 될 것 같다고 기대하지 말라고 했다”라고 덧붙였다.",
                "subjectConsistencyYn": "Y"
            },
            {
                "sentenceNo": 6,
                "sentenceContent": "이미주는 ‘놀면 뭐하니?’ 제작진에 감사함을 전하며 “저보고 미리 축하한다 해주셨던 재석 선배님, 준하 선배님, 하하 선배님, 봉선 선배님 너무 감사드린다. 작년에는 집에서 방송을 봤다. 올해는 나와 있는 게 실감이 나지 않는다. 울고 계실 거 같은데 부모님께 감사드린다. 낳아주셔서 이 자리에 있으니까 앞으로도 열심히 하겠다”라고 말했다.",
                "subjectConsistencyYn": "Y"
            },
            {
                "sentenceNo": 7,
                "sentenceContent": "다음 남자 신인상은 후보 ‘쇼! 음악중심’ 리노, ‘놀면 뭐하니?’ ‘나 혼자 산다’ 박재정, ‘놀면 뭐하니?’ ‘전지적 참견 시점’ 원슈타인, ‘방과후 설렘’ 윤균상, ‘쇼! 음악중심’ 정우 중 박재정이 받았다.",
                "subjectConsistencyYn": "Y"
            },
            {
                "sentenceNo": 8,
                "sentenceContent": "박재정은 “MSG 워너비 형들과 노래만 하고 갈 거라 생각했는데 후보에 나오는 순간 갑자기 긴장됐다”라며 ‘놀면 뭐하니?’ 제작진과 ‘나 혼자 산다’ 제작진에 감사 인사를 전했다.",
                "subjectConsistencyYn": "Y"
            },
            {
                "sentenceNo": 9,
                "sentenceContent": "그는 “저는 원래 노래를 계속하고 있었다. 그러나 계속할 수 있게 만들어 준건 유재석 선배님이다. 기회를 주셔서 감사드린다. 외로운 저였는데 가족 같은 MSG 워너비 형들, 원슈타인. 가족을 만들어 주셔서 감사드린다. 앞으로 포기하지 않고 노래 열심히 하도록 하겠다”라고 인사했다.",
                "subjectConsistencyYn": "Y"
            },
            {
                "sentenceNo": 10,
                "sentenceContent": "이미주, 박재정이 ‘2021 MBC 연예대상’ 에서 신인상을 받은 한편, MBC '놀면뭐하니'에서 유재석이 이미주의 치아교정 전 과거를 폭로했다.",
                "subjectConsistencyYn": "N"
            },
            {
                "sentenceNo": 11,
                "sentenceContent": "이미주는 \"똑같지 않다\"며 거부했으나 유재석은 \"집안이다, 집안 (내력)\"이라며 즐거워했다. 이어 \"미주가 지금은 교정을 해서 그런데 옛날엔 이가 돌아가 있었다. 대체로 우리가 집성촌이라 앞니가 틀어져 있다\"고 폭로했다.",
                "subjectConsistencyYn": "N"
            }
        ],
        "clickbaitClass": 0
    }
}