{
    "sourceDataInfo": {
        "newsID": "ET_M13_629409",
        "newsCategory": "연예",
        "newsSubcategory": "음악",
        "newsTitle": "비아이 ‘그래미 글로벌스핀’ 출연…아시아 최초[공식]",
        "newsSubTitle": "",
        "newsContent": "가수 비아이(B.I)가 아시아 아티스트 최초로 ‘그래미 글로벌스핀’에 출연한다.\n비아이는 내년 1월 4일 오전 10시(PST), 오후 1시(EST) 미국 그래미 공식 홈페이지와 사회적관계망서비스(SNS)를 통해 공개되는 공연 시리즈 ‘그래미 글로벌스핀’(GRAMMYs Global Spin)에서 라이브 무대를 선보인다. ‘그래미 글로벌스핀’은 주목할 만한 전 세계 음악을 알리기 위해 기획된 공연 시리즈로 비아이는 해당 행사에 참여하는 첫 번째 아시안 아티스트이자 K-POP 아티스트가 됐다.\n비아이는 12월 그래미측의 제안을 받아, 곡 선정 및 편곡을 진행한 뒤 라이브 무대를 촬영한 것으로 알려졌다.\n올해 비아이는 데뷔 7년 만의 첫 정규 앨범 ‘WATERFALL’(워터폴)을 발매하고 아이튠즈 앨범 차트에서 24개 지역 1위를 기록했다.\n지난달에는 하프 앨범 ‘COSMOS’(코스모스)로 15개 지역 아이튠즈 송 차트 1위를 기록하며 음악성을 인정받았다.\n이와 더불어 ‘WATERFALL’은 미국 유력 매체인 타임지로부터 ‘2021년 최고의 K-POP 노래와 앨범 (The Best K-Pop Songs and Albums of 2021)’에 선정되기도 했다. ‘WATERFALL’과 ‘COSMOS’의 전곡을 작사, 작곡하며 솔로 아티스트로서 힘차게 도약한 비아이는 오는 2022년 ‘그래미 글로벌스핀’을 시작으로 리스너들과 소통을 이어갈 예정이다.\n한편 비아이의 ‘그래미 글로벌스핀’은 내년 1월 4일 미국 시각 오전 10시(PST), 오후 1시(EST), 한국 시각 1월 5일 새벽 3시 미국 그래미 공식 홈페이지와 사회적관계망서비스(SNS)를 통해 공개된다.",
        "partNum": "P2",
        "useType": 0,
        "processType": "D",
        "processPattern": "24",
        "processLevel": "상",
        "sentenceCount": 7,
        "processSentencenum": 2,
        "sentenceInfo": [
            {
                "sentenceNo": 1,
                "sentenceContent": "가수 비아이(B.I)가 아시아 아티스트 최초로 ‘그래미 글로벌스핀’에 출연한다.",
                "sentenceSize": 44
            },
            {
                "sentenceNo": 2,
                "sentenceContent": "비아이는 내년 1월 4일 오전 10시(PST), 오후 1시(EST) 미국 그래미 공식 홈페이지와 사회적관계망서비스(SNS)를 통해 공개되는 공연 시리즈 ‘그래미 글로벌스핀’(GRAMMYs Global Spin)에서 라이브 무대를 선보인다. ‘그래미 글로벌스핀’은 주목할 만한 전 세계 음악을 알리기 위해 기획된 공연 시리즈로 비아이는 해당 행사에 참여하는 첫 번째 아시안 아티스트이자 K-POP 아티스트가 됐다.",
                "sentenceSize": 230
            },
            {
                "sentenceNo": 3,
                "sentenceContent": "비아이는 12월 그래미측의 제안을 받아, 곡 선정 및 편곡을 진행한 뒤 라이브 무대를 촬영한 것으로 알려졌다.",
                "sentenceSize": 61
            },
            {
                "sentenceNo": 4,
                "sentenceContent": "올해 비아이는 데뷔 7년 만의 첫 정규 앨범 ‘WATERFALL’(워터폴)을 발매하고 아이튠즈 앨범 차트에서 24개 지역 1위를 기록했다.",
                "sentenceSize": 77
            },
            {
                "sentenceNo": 5,
                "sentenceContent": "지난달에는 하프 앨범 ‘COSMOS’(코스모스)로 15개 지역 아이튠즈 송 차트 1위를 기록하며 음악성을 인정받았다.",
                "sentenceSize": 65
            },
            {
                "sentenceNo": 6,
                "sentenceContent": "이와 더불어 ‘WATERFALL’은 미국 유력 매체인 타임지로부터 ‘2021년 최고의 K-POP 노래와 앨범 (The Best K-Pop Songs and Albums of 2021)’에 선정되기도 했다. ‘WATERFALL’과 ‘COSMOS’의 전곡을 작사, 작곡하며 솔로 아티스트로서 힘차게 도약한 비아이는 오는 2022년 ‘그래미 글로벌스핀’을 시작으로 리스너들과 소통을 이어갈 예정이다.",
                "sentenceSize": 220
            },
            {
                "sentenceNo": 7,
                "sentenceContent": "한편 비아이의 ‘그래미 글로벌스핀’은 내년 1월 4일 미국 시각 오전 10시(PST), 오후 1시(EST), 한국 시각 1월 5일 새벽 3시 미국 그래미 공식 홈페이지와 사회적관계망서비스(SNS)를 통해 공개된다.",
                "sentenceSize": 119
            }
        ]
    },
    "labeledDataInfo": {
        "processSentenceInfo": [
            {
                "sentenceNo": 1,
                "sentenceContent": "가수 비아이(B.I)가 아시아 아티스트 최초로 ‘그래미 글로벌스핀’에 출연한다.",
                "subjectConsistencyYn": "Y"
            },
            {
                "sentenceNo": 2,
                "sentenceContent": "비아이는 내년 1월 4일 오전 10시(PST), 오후 1시(EST) 미국 그래미 공식 홈페이지와 사회적관계망서비스(SNS)를 통해 공개되는 공연 시리즈 ‘그래미 글로벌스핀’(GRAMMYs Global Spin)에서 라이브 무대를 선보인다. ‘그래미 글로벌스핀’은 주목할 만한 전 세계 음악을 알리기 위해 기획된 공연 시리즈로 비아이는 해당 행사에 참여하는 첫 번째 아시안 아티스트이자 K-POP 아티스트가 됐다.",
                "subjectConsistencyYn": "Y"
            },
            {
                "sentenceNo": 3,
                "sentenceContent": "비아이는 12월 그래미측의 제안을 받아, 곡 선정 및 편곡을 진행한 뒤 라이브 무대를 촬영한 것으로 알려졌다.",
                "subjectConsistencyYn": "Y"
            },
            {
                "sentenceNo": 4,
                "sentenceContent": "올해 비아이는 데뷔 7년 만의 첫 정규 앨범 ‘WATERFALL’(워터폴)을 발매하고 아이튠즈 앨범 차트에서 24개 지역 1위를 기록했다.",
                "subjectConsistencyYn": "Y"
            },
            {
                "sentenceNo": 5,
                "sentenceContent": "지난달에는 하프 앨범 ‘COSMOS’(코스모스)로 15개 지역 아이튠즈 송 차트 1위를 기록하며 음악성을 인정받았다.",
                "subjectConsistencyYn": "Y"
            },
            {
                "sentenceNo": 6,
                "sentenceContent": "이와 더불어 ‘WATERFALL’은 미국 유력 매체인 타임지로부터 ‘2021년 최고의 K-POP 노래와 앨범 (The Best K-Pop Songs and Albums of 2021)’에 선정되기도 했다. ‘WATERFALL’과 ‘COSMOS’의 전곡을 작사, 작곡하며 솔로 아티스트로서 힘차게 도약한 비아이는 오는 2022년 ‘그래미 글로벌스핀’을 시작으로 리스너들과 소통을 이어갈 예정이다.",
                "subjectConsistencyYn": "Y"
            },
            {
                "sentenceNo": 7,
                "sentenceContent": "한편 비아이의 ‘그래미 글로벌스핀’은 내년 1월 4일 미국 시각 오전 10시(PST), 오후 1시(EST), 한국 시각 1월 5일 새벽 3시 미국 그래미 공식 홈페이지와 사회적관계망서비스(SNS)를 통해 공개된다.",
                "subjectConsistencyYn": "Y"
            },
            {
                "sentenceNo": 8,
                "sentenceContent": "'그래미 글로벌스핀'에서 아시아 아티스트 최초로 라이브 공연을 펼치는 비아이는 마약류 관리에 관한 법률 위반 등의 혐의로 기소돼 '집행유예' 선고를 받은 지 단 2개월 만에 컴백을 해 논란이 되고 있다.",
                "subjectConsistencyYn": "N"
            },
            {
                "sentenceNo": 9,
                "sentenceContent": "이후 비아이는 모든 의혹을 인정하며, 아이콘을 탈퇴했으며 마치 연예계를 떠나 속죄의 자세로 살 것 같았지만 얼마 지나지 않아 엔터테인먼트 기업 아이오케이 컴퍼니의 '이사님'이 됐다는 소식을 알렸다.",
                "subjectConsistencyYn": "N"
            }
        ],
        "clickbaitClass": 0
    }
}