{
    "sourceDataInfo": {
        "newsID": "ET_M13_629217",
        "newsCategory": "연예",
        "newsSubcategory": "연예일반",
        "newsTitle": "붐, 밀알복지재단에 1억 원 기부[공식]",
        "newsSubTitle": "",
        "newsContent": "붐(본명 이민호)이 선한 영향력을 행사했다.\n밀알복지재단(이사장 홍정길)은 16일 “MC 붐이 장애인과 저소득가정의 의료비 및 생계비로 사용해달라며 1억 원을 기부했다”고 밝혔다.\n붐은 “코로나로 유난히 더 힘들었던 2021년, 소외된 이웃들에게 작은 희망을 더해 주고자 기부하게 됐다”며 “따뜻한 연말을 함께 보내고 싶은 마음으로 나눔에 동참하게 되었는데 제 마음이 더 따뜻해진 것 같다”고 소감을 전했다.\n붐의 기부금은 밀알복지재단을 통해 청각장애 아동 인공 와우 수술과 청각보조기기 지급, 한부모 가정 등 저소득가정의 생계비, 시청각장애아동 촉각치료에 사용될 예정이다.\n특히 시청각장애아동을 위한 국내 특수 전문 교육이 부족한 국내 상황에서 붐의 기부는 가뭄의 단비가 될 예정이다.\n붐의 선행은 이번이 처음이 아니다.\n그는 앞서 2019년 강원도 산불 피해에 기부금을 전달하는 등 소외 이웃들을 위한 기부 행보를 이어오며 선한 영향력을 발휘하고 있다.\n또한 밀알복지재단 고액후원자 모임인 밀알 컴패니언클럽(Companion Club) 4호 후원자로도 위촉됐다.\n밀알 컴패니언클럽은 1억 원 이상을 기부 또는 약정한 개인 후원자 모임으로 비장애인과 장애인의 동행이라는 의미를 담고 있다.\n밀알복지재단 정형석 상임대표는 “연말 소외된 이웃에게 보내주신 MC 붐님의 따뜻한 나눔은 장애아동들과 가족들에게 큰 위로가 될 것”이라며 “소중한 후원금은 필요한 곳에 투명하게 전달하겠다”고 감사인사를 건넸다.\n한편 MC 붐은 tvN ‘놀라운 토요일’ SBS 라디오 ‘붐붐파워’ MBC ‘구해줘! 홈즈’ 등으로 활발한 활동을 꾸준히 이어가고 있다.\n최근에는 KBS ‘편스토랑’ MC로 새로 합류했다.",
        "partNum": "P2",
        "useType": 0,
        "processType": "D",
        "processPattern": "24",
        "processLevel": "상",
        "sentenceCount": 12,
        "processSentencenum": 2,
        "sentenceInfo": [
            {
                "sentenceNo": 1,
                "sentenceContent": "붐(본명 이민호)이 선한 영향력을 행사했다.",
                "sentenceSize": 24
            },
            {
                "sentenceNo": 2,
                "sentenceContent": "밀알복지재단(이사장 홍정길)은 16일 “MC 붐이 장애인과 저소득가정의 의료비 및 생계비로 사용해달라며 1억 원을 기부했다”고 밝혔다.",
                "sentenceSize": 75
            },
            {
                "sentenceNo": 3,
                "sentenceContent": "붐은 “코로나로 유난히 더 힘들었던 2021년, 소외된 이웃들에게 작은 희망을 더해 주고자 기부하게 됐다”며 “따뜻한 연말을 함께 보내고 싶은 마음으로 나눔에 동참하게 되었는데 제 마음이 더 따뜻해진 것 같다”고 소감을 전했다.",
                "sentenceSize": 127
            },
            {
                "sentenceNo": 4,
                "sentenceContent": "붐의 기부금은 밀알복지재단을 통해 청각장애 아동 인공 와우 수술과 청각보조기기 지급, 한부모 가정 등 저소득가정의 생계비, 시청각장애아동 촉각치료에 사용될 예정이다.",
                "sentenceSize": 92
            },
            {
                "sentenceNo": 5,
                "sentenceContent": "특히 시청각장애아동을 위한 국내 특수 전문 교육이 부족한 국내 상황에서 붐의 기부는 가뭄의 단비가 될 예정이다.",
                "sentenceSize": 62
            },
            {
                "sentenceNo": 6,
                "sentenceContent": "붐의 선행은 이번이 처음이 아니다.",
                "sentenceSize": 19
            },
            {
                "sentenceNo": 7,
                "sentenceContent": "그는 앞서 2019년 강원도 산불 피해에 기부금을 전달하는 등 소외 이웃들을 위한 기부 행보를 이어오며 선한 영향력을 발휘하고 있다.",
                "sentenceSize": 74
            },
            {
                "sentenceNo": 8,
                "sentenceContent": "또한 밀알복지재단 고액후원자 모임인 밀알 컴패니언클럽(Companion Club) 4호 후원자로도 위촉됐다.",
                "sentenceSize": 60
            },
            {
                "sentenceNo": 9,
                "sentenceContent": "밀알 컴패니언클럽은 1억 원 이상을 기부 또는 약정한 개인 후원자 모임으로 비장애인과 장애인의 동행이라는 의미를 담고 있다.",
                "sentenceSize": 69
            },
            {
                "sentenceNo": 10,
                "sentenceContent": "밀알복지재단 정형석 상임대표는 “연말 소외된 이웃에게 보내주신 MC 붐님의 따뜻한 나눔은 장애아동들과 가족들에게 큰 위로가 될 것”이라며 “소중한 후원금은 필요한 곳에 투명하게 전달하겠다”고 감사인사를 건넸다.",
                "sentenceSize": 117
            },
            {
                "sentenceNo": 11,
                "sentenceContent": "한편 MC 붐은 tvN ‘놀라운 토요일’ SBS 라디오 ‘붐붐파워’ MBC ‘구해줘! 홈즈’ 등으로 활발한 활동을 꾸준히 이어가고 있다.",
                "sentenceSize": 76
            },
            {
                "sentenceNo": 12,
                "sentenceContent": "최근에는 KBS ‘편스토랑’ MC로 새로 합류했다.",
                "sentenceSize": 28
            }
        ]
    },
    "labeledDataInfo": {
        "processSentenceInfo": [
            {
                "sentenceNo": 1,
                "sentenceContent": "붐(본명 이민호)이 선한 영향력을 행사했다.",
                "subjectConsistencyYn": "Y"
            },
            {
                "sentenceNo": 2,
                "sentenceContent": "밀알복지재단(이사장 홍정길)은 16일 “MC 붐이 장애인과 저소득가정의 의료비 및 생계비로 사용해달라며 1억 원을 기부했다”고 밝혔다.",
                "subjectConsistencyYn": "Y"
            },
            {
                "sentenceNo": 3,
                "sentenceContent": "붐은 “코로나로 유난히 더 힘들었던 2021년, 소외된 이웃들에게 작은 희망을 더해 주고자 기부하게 됐다”며 “따뜻한 연말을 함께 보내고 싶은 마음으로 나눔에 동참하게 되었는데 제 마음이 더 따뜻해진 것 같다”고 소감을 전했다.",
                "subjectConsistencyYn": "Y"
            },
            {
                "sentenceNo": 4,
                "sentenceContent": "붐의 기부금은 밀알복지재단을 통해 청각장애 아동 인공 와우 수술과 청각보조기기 지급, 한부모 가정 등 저소득가정의 생계비, 시청각장애아동 촉각치료에 사용될 예정이다.",
                "subjectConsistencyYn": "Y"
            },
            {
                "sentenceNo": 5,
                "sentenceContent": "특히 시청각장애아동을 위한 국내 특수 전문 교육이 부족한 국내 상황에서 붐의 기부는 가뭄의 단비가 될 예정이다.",
                "subjectConsistencyYn": "Y"
            },
            {
                "sentenceNo": 6,
                "sentenceContent": "붐의 선행은 이번이 처음이 아니다.",
                "subjectConsistencyYn": "Y"
            },
            {
                "sentenceNo": 7,
                "sentenceContent": "그는 앞서 2019년 강원도 산불 피해에 기부금을 전달하는 등 소외 이웃들을 위한 기부 행보를 이어오며 선한 영향력을 발휘하고 있다.",
                "subjectConsistencyYn": "Y"
            },
            {
                "sentenceNo": 8,
                "sentenceContent": "또한 밀알복지재단 고액후원자 모임인 밀알 컴패니언클럽(Companion Club) 4호 후원자로도 위촉됐다.",
                "subjectConsistencyYn": "Y"
            },
            {
                "sentenceNo": 9,
                "sentenceContent": "밀알 컴패니언클럽은 1억 원 이상을 기부 또는 약정한 개인 후원자 모임으로 비장애인과 장애인의 동행이라는 의미를 담고 있다.",
                "subjectConsistencyYn": "Y"
            },
            {
                "sentenceNo": 10,
                "sentenceContent": "밀알복지재단 정형석 상임대표는 “연말 소외된 이웃에게 보내주신 MC 붐님의 따뜻한 나눔은 장애아동들과 가족들에게 큰 위로가 될 것”이라며 “소중한 후원금은 필요한 곳에 투명하게 전달하겠다”고 감사인사를 건넸다.",
                "subjectConsistencyYn": "Y"
            },
            {
                "sentenceNo": 11,
                "sentenceContent": "한편 MC 붐은 tvN ‘놀라운 토요일’ SBS 라디오 ‘붐붐파워’ MBC ‘구해줘! 홈즈’ 등으로 활발한 활동을 꾸준히 이어가고 있다.",
                "subjectConsistencyYn": "Y"
            },
            {
                "sentenceNo": 12,
                "sentenceContent": "최근에는 KBS ‘편스토랑’ MC로 새로 합류했다.",
                "subjectConsistencyYn": "Y"
            },
            {
                "sentenceNo": 13,
                "sentenceContent": "밀알복지재단에 1억 원을 기부한 붐(본명 이민호)이 9일 7살 연하의 비연예인 아내와 결혼식을 올렸다.",
                "subjectConsistencyYn": "N"
            },
            {
                "sentenceNo": 14,
                "sentenceContent": "가수 노지훈은 이날 자신의 인스타그램에 붐의 결혼식 현장 동영상을 업로드했다.",
                "subjectConsistencyYn": "N"
            }
        ],
        "clickbaitClass": 0
    }
}