{
    "sourceDataInfo": {
        "newsID": "ET_M13_629557",
        "newsCategory": "연예",
        "newsSubcategory": "연예일반",
        "newsTitle": "김현성♥모니카 “열애중” 깜짝 고백",
        "newsSubTitle": "",
        "newsContent": "가수 김현성과 모니카가 열애 중이다.\n김현성과 모니카는 7일 서로의 사회관계망서비스(SNS)를 통해 열애 소식을 전했다.\n김현성은 “가진 것도 내세울 것도 없던 내게 다가와 준 사람”이라며 “내 가장 힘겹던 시간을 함께 버텨준 사람”이라고 모니카를 표현했다.\n이어 “처음 본 순간 알아 보았고, 한순간도 의심하지 않게 해준 사람”이라며 “감사하고 사랑합니다”라고 덧붙였다.\n모니카도 자신의 SNS에 “이 사람 없었으면 내 삶은 어땠을까,이젠 상상도 안된다. 사랑하고 존경합니다 ♥”라고 함께 올렸다.\n한편 모니카는 지난 2014년 그룹 배드키즈로 데뷔한 뒤 2018년부터 솔로 가수로 활동 중이다.\n김현성은 지난 1997년 MBC ‘강변가요제’에서 금상을 받으며 얼굴을 알렸으며 ‘소원’, ‘헤븐’, ‘행복’ 등을 발매하며 많은 사랑을 받았다.\n성대결절로 음악 활동을 중단했던 그는 최근 JTBC ‘싱어게인2-무명가수전’에 출연하기도 했다.",
        "partNum": "P2",
        "useType": 0,
        "processType": "D",
        "processPattern": "24",
        "processLevel": "상",
        "sentenceCount": 8,
        "processSentencenum": 2,
        "sentenceInfo": [
            {
                "sentenceNo": 1,
                "sentenceContent": "가수 김현성과 모니카가 열애 중이다.",
                "sentenceSize": 20
            },
            {
                "sentenceNo": 2,
                "sentenceContent": "김현성과 모니카는 7일 서로의 사회관계망서비스(SNS)를 통해 열애 소식을 전했다.",
                "sentenceSize": 46
            },
            {
                "sentenceNo": 3,
                "sentenceContent": "김현성은 “가진 것도 내세울 것도 없던 내게 다가와 준 사람”이라며 “내 가장 힘겹던 시간을 함께 버텨준 사람”이라고 모니카를 표현했다.",
                "sentenceSize": 76
            },
            {
                "sentenceNo": 4,
                "sentenceContent": "이어 “처음 본 순간 알아 보았고, 한순간도 의심하지 않게 해준 사람”이라며 “감사하고 사랑합니다”라고 덧붙였다.",
                "sentenceSize": 63
            },
            {
                "sentenceNo": 5,
                "sentenceContent": "모니카도 자신의 SNS에 “이 사람 없었으면 내 삶은 어땠을까,이젠 상상도 안된다. 사랑하고 존경합니다 ♥”라고 함께 올렸다.",
                "sentenceSize": 70
            },
            {
                "sentenceNo": 6,
                "sentenceContent": "한편 모니카는 지난 2014년 그룹 배드키즈로 데뷔한 뒤 2018년부터 솔로 가수로 활동 중이다.",
                "sentenceSize": 54
            },
            {
                "sentenceNo": 7,
                "sentenceContent": "김현성은 지난 1997년 MBC ‘강변가요제’에서 금상을 받으며 얼굴을 알렸으며 ‘소원’, ‘헤븐’, ‘행복’ 등을 발매하며 많은 사랑을 받았다.",
                "sentenceSize": 81
            },
            {
                "sentenceNo": 8,
                "sentenceContent": "성대결절로 음악 활동을 중단했던 그는 최근 JTBC ‘싱어게인2-무명가수전’에 출연하기도 했다.",
                "sentenceSize": 53
            }
        ]
    },
    "labeledDataInfo": {
        "processSentenceInfo": [
            {
                "sentenceNo": 1,
                "sentenceContent": "가수 김현성과 모니카가 열애 중이다.",
                "subjectConsistencyYn": "Y"
            },
            {
                "sentenceNo": 2,
                "sentenceContent": "김현성과 모니카는 7일 서로의 사회관계망서비스(SNS)를 통해 열애 소식을 전했다.",
                "subjectConsistencyYn": "Y"
            },
            {
                "sentenceNo": 3,
                "sentenceContent": "김현성은 “가진 것도 내세울 것도 없던 내게 다가와 준 사람”이라며 “내 가장 힘겹던 시간을 함께 버텨준 사람”이라고 모니카를 표현했다.",
                "subjectConsistencyYn": "Y"
            },
            {
                "sentenceNo": 4,
                "sentenceContent": "이어 “처음 본 순간 알아 보았고, 한순간도 의심하지 않게 해준 사람”이라며 “감사하고 사랑합니다”라고 덧붙였다.",
                "subjectConsistencyYn": "Y"
            },
            {
                "sentenceNo": 5,
                "sentenceContent": "모니카도 자신의 SNS에 “이 사람 없었으면 내 삶은 어땠을까,이젠 상상도 안된다. 사랑하고 존경합니다 ♥”라고 함께 올렸다.",
                "subjectConsistencyYn": "Y"
            },
            {
                "sentenceNo": 6,
                "sentenceContent": "한편 모니카는 지난 2014년 그룹 배드키즈로 데뷔한 뒤 2018년부터 솔로 가수로 활동 중이다.",
                "subjectConsistencyYn": "Y"
            },
            {
                "sentenceNo": 7,
                "sentenceContent": "김현성은 지난 1997년 MBC ‘강변가요제’에서 금상을 받으며 얼굴을 알렸으며 ‘소원’, ‘헤븐’, ‘행복’ 등을 발매하며 많은 사랑을 받았다.",
                "subjectConsistencyYn": "Y"
            },
            {
                "sentenceNo": 8,
                "sentenceContent": "성대결절로 음악 활동을 중단했던 그는 최근 JTBC ‘싱어게인2-무명가수전’에 출연하기도 했다.",
                "subjectConsistencyYn": "Y"
            },
            {
                "sentenceNo": 9,
                "sentenceContent": "가수 김현성과 모니카가 열애 중이라는 소식을 알린 가운데, 가수 모니카와 동명이인인 댄서 모니카가 한 라디오 방송에서 최근 수면시간이 2~3시간에 불과하다고 말해 관심을 끌었다.",
                "subjectConsistencyYn": "N"
            },
            {
                "sentenceNo": 10,
                "sentenceContent": "이날 모니카는 \"요즘 많이 바쁘실 텐데 잠은 잘 주무시냐\"라는 물음에 \"잠을 잘 자기도, 못 자기도 하고 한다\"라며, \"평균 수면 시간은 2-3시간 정도 된다\"라고 해 놀라움을 자아냈다.",
                "subjectConsistencyYn": "N"
            }
        ],
        "clickbaitClass": 0
    }
}