{
    "sourceDataInfo": {
        "newsID": "ET_M13_629425",
        "newsCategory": "연예",
        "newsSubcategory": "방송",
        "newsTitle": "015B 김돈규 “2019년은 저에게 지옥이었어요”",
        "newsSubTitle": "",
        "newsContent": "가수 김돈규가 산중 칩거하게 된 가슴 아픈 사연을 공개한다.\n오는 30일 오후 9시 50분에 방송되는 MBN ‘특종세상’에서는 깊은 산속에서 은둔 생활 중인 가수 김돈규를 만난다. 1993년 그룹 ‘공일오비(015B)’의 객원보컬로 가요계에 혜성처럼 등장한 김돈규는 ‘신 인류 사랑’, ‘나만의 슬픔’, ‘슬픈 인연’ 등 히트곡을 내며 큰 인기를 끌었다.\n그런 그가 ‘특종세상’을 통해 화려한 도시 생활을 뒤로 한 채 강원도 어느 민박집의 방 한 칸에서 지내고 있는 근황을 밝힌다.\n직접 송어를 잡아 말리고 아궁이에 불을 지피며 자연에서 사는 법을 배우고 있다는 그는 세상과 단절하게 된 사연에 대해 어렵게 입을 연다. 김돈규는 “2019년은 저에게 잊지 못할 해이다. 그때를 떠올리면 지옥 같다”라며 힘들었던 시기를 떠올린다.\n그는 “2019년 6월 말에 아버지가 돌아가셨다. 당시 팔이 부러졌는데 병원에 가지 못하고 반깁스를 한 채로 아버지 장례를 치렀다. 그리고 5개월 만에 나에게 뇌 지주막하출혈 진단이 내려졌다”며 짧은 기간에 세상이 무너지는 듯한 불행이 연달아 찾아왔던 사연을 전한다.\n이어 김돈규는 “수술을 끝내고 ‘이렇게까지 안 좋은 일이 한꺼번에 올 수 있나’ 싶던 차에 어머니마저 세상을 떠나셨다. 지금 생각해도 현실성이 없을 만큼 힘들다”며 눈시울을 붉힌다.\n잠시 부모님을 생각하는 듯 말이 없던 그는 “아직도 아침에 일어나면 부모님이 함께 있을 것 같다”며 결국 눈물을 쏟는다.\n이날 방송에는 그의 복귀를 기다리고 있는 오랜 팬들과 랜선 팬미팅을 하는 김돈규의 모습이 그려져 눈길을 끈다.\n김돈규는 자신을 위해 다양한 응원의 메시지와 이벤트를 준비해 준 팬들의 정성에 눈물을 삼킨다.\nMBN ‘특종세상’은 대한민국 최고 스타부터 반짝이는 개성을 가진 이웃들까지, 우리 시대를 살아가는 다양한 인물의 이야기를 깊이 있게 담아낸 프로그램이다.\n90년대 대표 밴드 ‘공일오비(015B)’ 출신의 김돈규의 이야기는 오는 30일 밤 9시 50분에 안방극장에 배달된다.",
        "partNum": "P2",
        "useType": 0,
        "processType": "D",
        "processPattern": "24",
        "processLevel": "상",
        "sentenceCount": 11,
        "processSentencenum": 2,
        "sentenceInfo": [
            {
                "sentenceNo": 1,
                "sentenceContent": "가수 김돈규가 산중 칩거하게 된 가슴 아픈 사연을 공개한다.",
                "sentenceSize": 33
            },
            {
                "sentenceNo": 2,
                "sentenceContent": "오는 30일 오후 9시 50분에 방송되는 MBN ‘특종세상’에서는 깊은 산속에서 은둔 생활 중인 가수 김돈규를 만난다. 1993년 그룹 ‘공일오비(015B)’의 객원보컬로 가요계에 혜성처럼 등장한 김돈규는 ‘신 인류 사랑’, ‘나만의 슬픔’, ‘슬픈 인연’ 등 히트곡을 내며 큰 인기를 끌었다.",
                "sentenceSize": 164
            },
            {
                "sentenceNo": 3,
                "sentenceContent": "그런 그가 ‘특종세상’을 통해 화려한 도시 생활을 뒤로 한 채 강원도 어느 민박집의 방 한 칸에서 지내고 있는 근황을 밝힌다.",
                "sentenceSize": 70
            },
            {
                "sentenceNo": 4,
                "sentenceContent": "직접 송어를 잡아 말리고 아궁이에 불을 지피며 자연에서 사는 법을 배우고 있다는 그는 세상과 단절하게 된 사연에 대해 어렵게 입을 연다. 김돈규는 “2019년은 저에게 잊지 못할 해이다. 그때를 떠올리면 지옥 같다”라며 힘들었던 시기를 떠올린다.",
                "sentenceSize": 137
            },
            {
                "sentenceNo": 5,
                "sentenceContent": "그는 “2019년 6월 말에 아버지가 돌아가셨다. 당시 팔이 부러졌는데 병원에 가지 못하고 반깁스를 한 채로 아버지 장례를 치렀다. 그리고 5개월 만에 나에게 뇌 지주막하출혈 진단이 내려졌다”며 짧은 기간에 세상이 무너지는 듯한 불행이 연달아 찾아왔던 사연을 전한다.",
                "sentenceSize": 149
            },
            {
                "sentenceNo": 6,
                "sentenceContent": "이어 김돈규는 “수술을 끝내고 ‘이렇게까지 안 좋은 일이 한꺼번에 올 수 있나’ 싶던 차에 어머니마저 세상을 떠나셨다. 지금 생각해도 현실성이 없을 만큼 힘들다”며 눈시울을 붉힌다.",
                "sentenceSize": 101
            },
            {
                "sentenceNo": 7,
                "sentenceContent": "잠시 부모님을 생각하는 듯 말이 없던 그는 “아직도 아침에 일어나면 부모님이 함께 있을 것 같다”며 결국 눈물을 쏟는다.",
                "sentenceSize": 67
            },
            {
                "sentenceNo": 8,
                "sentenceContent": "이날 방송에는 그의 복귀를 기다리고 있는 오랜 팬들과 랜선 팬미팅을 하는 김돈규의 모습이 그려져 눈길을 끈다.",
                "sentenceSize": 61
            },
            {
                "sentenceNo": 9,
                "sentenceContent": "김돈규는 자신을 위해 다양한 응원의 메시지와 이벤트를 준비해 준 팬들의 정성에 눈물을 삼킨다.",
                "sentenceSize": 52
            },
            {
                "sentenceNo": 10,
                "sentenceContent": "MBN ‘특종세상’은 대한민국 최고 스타부터 반짝이는 개성을 가진 이웃들까지, 우리 시대를 살아가는 다양한 인물의 이야기를 깊이 있게 담아낸 프로그램이다.",
                "sentenceSize": 86
            },
            {
                "sentenceNo": 11,
                "sentenceContent": "90년대 대표 밴드 ‘공일오비(015B)’ 출신의 김돈규의 이야기는 오는 30일 밤 9시 50분에 안방극장에 배달된다.",
                "sentenceSize": 66
            }
        ]
    },
    "labeledDataInfo": {
        "processSentenceInfo": [
            {
                "sentenceNo": 1,
                "sentenceContent": "가수 김돈규가 산중 칩거하게 된 가슴 아픈 사연을 공개한다.",
                "subjectConsistencyYn": "Y"
            },
            {
                "sentenceNo": 2,
                "sentenceContent": "오는 30일 오후 9시 50분에 방송되는 MBN ‘특종세상’에서는 깊은 산속에서 은둔 생활 중인 가수 김돈규를 만난다. 1993년 그룹 ‘공일오비(015B)’의 객원보컬로 가요계에 혜성처럼 등장한 김돈규는 ‘신 인류 사랑’, ‘나만의 슬픔’, ‘슬픈 인연’ 등 히트곡을 내며 큰 인기를 끌었다.",
                "subjectConsistencyYn": "Y"
            },
            {
                "sentenceNo": 3,
                "sentenceContent": "그런 그가 ‘특종세상’을 통해 화려한 도시 생활을 뒤로 한 채 강원도 어느 민박집의 방 한 칸에서 지내고 있는 근황을 밝힌다.",
                "subjectConsistencyYn": "Y"
            },
            {
                "sentenceNo": 4,
                "sentenceContent": "직접 송어를 잡아 말리고 아궁이에 불을 지피며 자연에서 사는 법을 배우고 있다는 그는 세상과 단절하게 된 사연에 대해 어렵게 입을 연다. 김돈규는 “2019년은 저에게 잊지 못할 해이다. 그때를 떠올리면 지옥 같다”라며 힘들었던 시기를 떠올린다.",
                "subjectConsistencyYn": "Y"
            },
            {
                "sentenceNo": 5,
                "sentenceContent": "그는 “2019년 6월 말에 아버지가 돌아가셨다. 당시 팔이 부러졌는데 병원에 가지 못하고 반깁스를 한 채로 아버지 장례를 치렀다. 그리고 5개월 만에 나에게 뇌 지주막하출혈 진단이 내려졌다”며 짧은 기간에 세상이 무너지는 듯한 불행이 연달아 찾아왔던 사연을 전한다.",
                "subjectConsistencyYn": "Y"
            },
            {
                "sentenceNo": 6,
                "sentenceContent": "이어 김돈규는 “수술을 끝내고 ‘이렇게까지 안 좋은 일이 한꺼번에 올 수 있나’ 싶던 차에 어머니마저 세상을 떠나셨다. 지금 생각해도 현실성이 없을 만큼 힘들다”며 눈시울을 붉힌다.",
                "subjectConsistencyYn": "Y"
            },
            {
                "sentenceNo": 7,
                "sentenceContent": "잠시 부모님을 생각하는 듯 말이 없던 그는 “아직도 아침에 일어나면 부모님이 함께 있을 것 같다”며 결국 눈물을 쏟는다.",
                "subjectConsistencyYn": "Y"
            },
            {
                "sentenceNo": 8,
                "sentenceContent": "이날 방송에는 그의 복귀를 기다리고 있는 오랜 팬들과 랜선 팬미팅을 하는 김돈규의 모습이 그려져 눈길을 끈다.",
                "subjectConsistencyYn": "Y"
            },
            {
                "sentenceNo": 9,
                "sentenceContent": "김돈규는 자신을 위해 다양한 응원의 메시지와 이벤트를 준비해 준 팬들의 정성에 눈물을 삼킨다.",
                "subjectConsistencyYn": "Y"
            },
            {
                "sentenceNo": 10,
                "sentenceContent": "MBN ‘특종세상’은 대한민국 최고 스타부터 반짝이는 개성을 가진 이웃들까지, 우리 시대를 살아가는 다양한 인물의 이야기를 깊이 있게 담아낸 프로그램이다.",
                "subjectConsistencyYn": "Y"
            },
            {
                "sentenceNo": 11,
                "sentenceContent": "90년대 대표 밴드 ‘공일오비(015B)’ 출신의 김돈규의 이야기는 오는 30일 밤 9시 50분에 안방극장에 배달된다.",
                "subjectConsistencyYn": "Y"
            },
            {
                "sentenceNo": 12,
                "sentenceContent": "가수 김돈규가 산중 칩거하게 된 가슴 아픈 사연을 공개한 한편, 지난 1일 유튜브 채널 '푸하하TV'에는 가수 김돈규가 출연해 배우 정호근과 이야기를 나눴다.",
                "subjectConsistencyYn": "N"
            },
            {
                "sentenceNo": 13,
                "sentenceContent": "이날 마음속에 분노가 있는 것 같다는 말에 김돈규는 \"앨범을 내서 망한 적은 없다. 그런데 저는 노래로 돈을 100원도 벌어본 적이 없다\"고 털어놓았다.",
                "subjectConsistencyYn": "N"
            }
        ],
        "clickbaitClass": 0
    }
}