{
    "sourceDataInfo": {
        "newsID": "ET_M13_629562",
        "newsCategory": "연예",
        "newsSubcategory": "방송",
        "newsTitle": "‘나혼산’ 전현무, 한라산 백록담 만남 불발?!",
        "newsSubTitle": "",
        "newsContent": "전현무가 한라산 정상을 코앞에 두고 최대 위기에 봉착했다.\n백록담을 보지 못한 채 중도 하산 위기에 놓인 것. 전현무가 난관을 헤쳐 나가 각본 없는 드라마의 주인공이 될 수 있을지 이목이 집중된다.\n오늘(7일) 밤 11시 10분에 방송되는 MBC ‘나 혼자 산다’(연출 허항 김지우)에서는 위기에 봉착한 전현무의 한라산 등반기가 공개된다.\n전현무의 새해 첫날 한라산 등반 소식이 알려지며 큰 화제를 모았다.\n등산 2시간 만에 100년은 늙어버린 듯한 얼굴이 포착되며 시청자들의 불타는 관심이 쏟아진 터. 급격한 노화에 지쳐버린 전현무는 끝이 보이질 않는 등산로를 옆에 두고 눈밭에 누워 기절한 모습이 포착돼 폭소를 유발한다.\n눈 속에 파묻힌 전현무의 짠내 폭발 모멘트가 시선을 강탈한 가운데, 어린이 등산객마저 전현무를 앞질러 추월해버려 웃음을 자아낸다.\n후들거리는 두 다리로 겨우 발걸음을 떼며 ‘학다리’의 굴욕을 톡톡히 겪은 전현무의 수난은 여기서 끝이 아니었다.\n새벽 6시, 가장 이른 시간에 출발해 선두를 지켰던 전현무의 뒤로 단 한 명의 등산객도 보이지 않기 시작한 것. 전현무는 “내 뒤에 아무도 없어.. 진짜 막차인 거야?”라며 공포감을 드러낸 가운데, 새해 첫날 한라산을 찾은 1,500명의 입산객 중 꼴찌의 굴욕을 안게 될 것인지 이목이 집중된다.\n의지를 다잡은 전현무 앞에 ‘중도 하산’이라는 최대 위기가 봉착해 짜릿한 긴장감을 선사한다.\n정상 백록담에서 오후 1시 30분부터 출입 통제가 이뤄지고 있었던 것. 백록담 끄트머리조차 보지 못한 채 산을 오르는 전현무 옆으로 하산객들이 몰려오고 있어 아찔한 상황을 연출한다.\n한 치 앞도 알 수 없는 산속에서 시간은 점차 촉박하게 전현무를 옥죄어오고, 백록담 도착 여부가 불투명한 가운데 포기와 도전 중 과연 어느 쪽을 택할지 본 방송을 향한 기대감을 한껏 치솟게 한다.\n이때 전현무가 국가대표급 의지를 불태우며 자리에서 일어나 시선을 강탈한다. 3대가 덕을 쌓아야만 볼 수 있다는 백록담과 전현무의 만남이 성사될 수 있을지 귀추가 주목된다.\n전현무의 백록담 등반 도전 결과는 오늘(7일) 밤 11시 10분 방송되는 ‘나 혼자 산다’를 통해 확인할 수 있다.",
        "partNum": "P2",
        "useType": 0,
        "processType": "D",
        "processPattern": "24",
        "processLevel": "상",
        "sentenceCount": 13,
        "processSentencenum": 2,
        "sentenceInfo": [
            {
                "sentenceNo": 1,
                "sentenceContent": "전현무가 한라산 정상을 코앞에 두고 최대 위기에 봉착했다.",
                "sentenceSize": 32
            },
            {
                "sentenceNo": 2,
                "sentenceContent": "백록담을 보지 못한 채 중도 하산 위기에 놓인 것. 전현무가 난관을 헤쳐 나가 각본 없는 드라마의 주인공이 될 수 있을지 이목이 집중된다.",
                "sentenceSize": 77
            },
            {
                "sentenceNo": 3,
                "sentenceContent": "오늘(7일) 밤 11시 10분에 방송되는 MBC ‘나 혼자 산다’(연출 허항 김지우)에서는 위기에 봉착한 전현무의 한라산 등반기가 공개된다.",
                "sentenceSize": 78
            },
            {
                "sentenceNo": 4,
                "sentenceContent": "전현무의 새해 첫날 한라산 등반 소식이 알려지며 큰 화제를 모았다.",
                "sentenceSize": 37
            },
            {
                "sentenceNo": 5,
                "sentenceContent": "등산 2시간 만에 100년은 늙어버린 듯한 얼굴이 포착되며 시청자들의 불타는 관심이 쏟아진 터. 급격한 노화에 지쳐버린 전현무는 끝이 보이질 않는 등산로를 옆에 두고 눈밭에 누워 기절한 모습이 포착돼 폭소를 유발한다.",
                "sentenceSize": 121
            },
            {
                "sentenceNo": 6,
                "sentenceContent": "눈 속에 파묻힌 전현무의 짠내 폭발 모멘트가 시선을 강탈한 가운데, 어린이 등산객마저 전현무를 앞질러 추월해버려 웃음을 자아낸다.",
                "sentenceSize": 72
            },
            {
                "sentenceNo": 7,
                "sentenceContent": "후들거리는 두 다리로 겨우 발걸음을 떼며 ‘학다리’의 굴욕을 톡톡히 겪은 전현무의 수난은 여기서 끝이 아니었다.",
                "sentenceSize": 62
            },
            {
                "sentenceNo": 8,
                "sentenceContent": "새벽 6시, 가장 이른 시간에 출발해 선두를 지켰던 전현무의 뒤로 단 한 명의 등산객도 보이지 않기 시작한 것. 전현무는 “내 뒤에 아무도 없어.. 진짜 막차인 거야?”라며 공포감을 드러낸 가운데, 새해 첫날 한라산을 찾은 1,500명의 입산객 중 꼴찌의 굴욕을 안게 될 것인지 이목이 집중된다.",
                "sentenceSize": 165
            },
            {
                "sentenceNo": 9,
                "sentenceContent": "의지를 다잡은 전현무 앞에 ‘중도 하산’이라는 최대 위기가 봉착해 짜릿한 긴장감을 선사한다.",
                "sentenceSize": 51
            },
            {
                "sentenceNo": 10,
                "sentenceContent": "정상 백록담에서 오후 1시 30분부터 출입 통제가 이뤄지고 있었던 것. 백록담 끄트머리조차 보지 못한 채 산을 오르는 전현무 옆으로 하산객들이 몰려오고 있어 아찔한 상황을 연출한다.",
                "sentenceSize": 101
            },
            {
                "sentenceNo": 11,
                "sentenceContent": "한 치 앞도 알 수 없는 산속에서 시간은 점차 촉박하게 전현무를 옥죄어오고, 백록담 도착 여부가 불투명한 가운데 포기와 도전 중 과연 어느 쪽을 택할지 본 방송을 향한 기대감을 한껏 치솟게 한다.",
                "sentenceSize": 109
            },
            {
                "sentenceNo": 12,
                "sentenceContent": "이때 전현무가 국가대표급 의지를 불태우며 자리에서 일어나 시선을 강탈한다. 3대가 덕을 쌓아야만 볼 수 있다는 백록담과 전현무의 만남이 성사될 수 있을지 귀추가 주목된다.",
                "sentenceSize": 95
            },
            {
                "sentenceNo": 13,
                "sentenceContent": "전현무의 백록담 등반 도전 결과는 오늘(7일) 밤 11시 10분 방송되는 ‘나 혼자 산다’를 통해 확인할 수 있다.",
                "sentenceSize": 64
            }
        ]
    },
    "labeledDataInfo": {
        "processSentenceInfo": [
            {
                "sentenceNo": 1,
                "sentenceContent": "전현무가 한라산 정상을 코앞에 두고 최대 위기에 봉착했다.",
                "subjectConsistencyYn": "Y"
            },
            {
                "sentenceNo": 2,
                "sentenceContent": "백록담을 보지 못한 채 중도 하산 위기에 놓인 것. 전현무가 난관을 헤쳐 나가 각본 없는 드라마의 주인공이 될 수 있을지 이목이 집중된다.",
                "subjectConsistencyYn": "Y"
            },
            {
                "sentenceNo": 3,
                "sentenceContent": "오늘(7일) 밤 11시 10분에 방송되는 MBC ‘나 혼자 산다’(연출 허항 김지우)에서는 위기에 봉착한 전현무의 한라산 등반기가 공개된다.",
                "subjectConsistencyYn": "Y"
            },
            {
                "sentenceNo": 4,
                "sentenceContent": "전현무의 새해 첫날 한라산 등반 소식이 알려지며 큰 화제를 모았다.",
                "subjectConsistencyYn": "Y"
            },
            {
                "sentenceNo": 5,
                "sentenceContent": "등산 2시간 만에 100년은 늙어버린 듯한 얼굴이 포착되며 시청자들의 불타는 관심이 쏟아진 터. 급격한 노화에 지쳐버린 전현무는 끝이 보이질 않는 등산로를 옆에 두고 눈밭에 누워 기절한 모습이 포착돼 폭소를 유발한다.",
                "subjectConsistencyYn": "Y"
            },
            {
                "sentenceNo": 6,
                "sentenceContent": "눈 속에 파묻힌 전현무의 짠내 폭발 모멘트가 시선을 강탈한 가운데, 어린이 등산객마저 전현무를 앞질러 추월해버려 웃음을 자아낸다.",
                "subjectConsistencyYn": "Y"
            },
            {
                "sentenceNo": 7,
                "sentenceContent": "후들거리는 두 다리로 겨우 발걸음을 떼며 ‘학다리’의 굴욕을 톡톡히 겪은 전현무의 수난은 여기서 끝이 아니었다.",
                "subjectConsistencyYn": "Y"
            },
            {
                "sentenceNo": 8,
                "sentenceContent": "새벽 6시, 가장 이른 시간에 출발해 선두를 지켰던 전현무의 뒤로 단 한 명의 등산객도 보이지 않기 시작한 것. 전현무는 “내 뒤에 아무도 없어.. 진짜 막차인 거야?”라며 공포감을 드러낸 가운데, 새해 첫날 한라산을 찾은 1,500명의 입산객 중 꼴찌의 굴욕을 안게 될 것인지 이목이 집중된다.",
                "subjectConsistencyYn": "Y"
            },
            {
                "sentenceNo": 9,
                "sentenceContent": "의지를 다잡은 전현무 앞에 ‘중도 하산’이라는 최대 위기가 봉착해 짜릿한 긴장감을 선사한다.",
                "subjectConsistencyYn": "Y"
            },
            {
                "sentenceNo": 10,
                "sentenceContent": "정상 백록담에서 오후 1시 30분부터 출입 통제가 이뤄지고 있었던 것. 백록담 끄트머리조차 보지 못한 채 산을 오르는 전현무 옆으로 하산객들이 몰려오고 있어 아찔한 상황을 연출한다.",
                "subjectConsistencyYn": "Y"
            },
            {
                "sentenceNo": 11,
                "sentenceContent": "한 치 앞도 알 수 없는 산속에서 시간은 점차 촉박하게 전현무를 옥죄어오고, 백록담 도착 여부가 불투명한 가운데 포기와 도전 중 과연 어느 쪽을 택할지 본 방송을 향한 기대감을 한껏 치솟게 한다.",
                "subjectConsistencyYn": "Y"
            },
            {
                "sentenceNo": 12,
                "sentenceContent": "이때 전현무가 국가대표급 의지를 불태우며 자리에서 일어나 시선을 강탈한다. 3대가 덕을 쌓아야만 볼 수 있다는 백록담과 전현무의 만남이 성사될 수 있을지 귀추가 주목된다.",
                "subjectConsistencyYn": "Y"
            },
            {
                "sentenceNo": 13,
                "sentenceContent": "전현무의 백록담 등반 도전 결과는 오늘(7일) 밤 11시 10분 방송되는 ‘나 혼자 산다’를 통해 확인할 수 있다.",
                "subjectConsistencyYn": "Y"
            },
            {
                "sentenceNo": 14,
                "sentenceContent": "전현무의 백록담 등반 도전 결과가 7일 밤에 방송되는 '나 혼자 산다'에서 공개될 예정인 가운데, 전현무가 SNS 상에 '제주도 여행 인증'이라는 제목으로 올린 사진에 전현무의 여자친구로 추정되는 인물이 함께 찍혀 화제가 되었다. ",
                "subjectConsistencyYn": "N"
            },
            {
                "sentenceNo": 15,
                "sentenceContent": "전현무는 이에 대해 묵묵부답으로 일관하다 논란이 너무 커지자 \"여자친구가 일반인이라 이번 일에 부담감을 느끼고 있다\", \"더 이상의 언급은 자제 부탁드린다\"라는 입장을 밝혔다.",
                "subjectConsistencyYn": "N"
            }
        ],
        "clickbaitClass": 0
    }
}