{
    "sourceDataInfo": {
        "newsID": "ET_M13_629488",
        "newsCategory": "연예",
        "newsSubcategory": "연예일반",
        "newsTitle": "장민호, 새 앨범 오피셜 포토 첫 공개",
        "newsSubTitle": "",
        "newsContent": "가수 장민호가 부드러운 남성미를 뿜어냈다.\n장민호는 3일 공식 SNS를 통해 첫 번째 미니앨범 ‘에세이 ep.1’의 오피셜 포토 2장을 공개했다.\n사진 속 장민호는 의자에 앉아 은은한 미소를 띄우고 있다.\n카메라를 바라보며 진한 눈맞춤을 하고 있는 장민호의 따뜻하면서도 부드러운 분위기가 팬들의 시선을 사로잡는다.\n또 다른 이미지에서 장민호는 셔츠 스타일링으로 댄디한 무드를 자아냈다.\n눈빛만으로 독보적인 아우라를 자아내는 장민호가 신보를 통해 어떤 모습을 보여줄지 팬들 궁금증을 더했다. ‘에세이 ep.1’은 장민호가 지난 8월 발매한 디지털 싱글 ‘사는 게 그런 거지’ 이후 약 5개월 만에 발매하는 신보이자, 데뷔 후 처음 선보이는 미니앨범이다. ‘에세이’라는 타이틀에 걸맞게 장민호가 손글씨로 써내려간 앨범에 대한 소회도 담겨 있어 팬들 기대감을 높였다.\n조영수, 뮤지, 알고보니 혼수상태, 김선민, 최재은 등 가요계 내로라하는 프로듀서들이 함께해 앨범의 완성도를 높이는 것은 물론, 장민호와의 음악적 시너지를 보여줄 예정이다.\n장민호의 첫 번째 미니앨범 ‘에세이 ep.1’은 오는 6일 오후 6시 각종 온라인 음원사이트를 통해 발매된다.",
        "partNum": "P2",
        "useType": 0,
        "processType": "D",
        "processPattern": "24",
        "processLevel": "상",
        "sentenceCount": 8,
        "processSentencenum": 2,
        "sentenceInfo": [
            {
                "sentenceNo": 1,
                "sentenceContent": "가수 장민호가 부드러운 남성미를 뿜어냈다.",
                "sentenceSize": 23
            },
            {
                "sentenceNo": 2,
                "sentenceContent": "장민호는 3일 공식 SNS를 통해 첫 번째 미니앨범 ‘에세이 ep.1’의 오피셜 포토 2장을 공개했다.",
                "sentenceSize": 57
            },
            {
                "sentenceNo": 3,
                "sentenceContent": "사진 속 장민호는 의자에 앉아 은은한 미소를 띄우고 있다.",
                "sentenceSize": 32
            },
            {
                "sentenceNo": 4,
                "sentenceContent": "카메라를 바라보며 진한 눈맞춤을 하고 있는 장민호의 따뜻하면서도 부드러운 분위기가 팬들의 시선을 사로잡는다.",
                "sentenceSize": 60
            },
            {
                "sentenceNo": 5,
                "sentenceContent": "또 다른 이미지에서 장민호는 셔츠 스타일링으로 댄디한 무드를 자아냈다.",
                "sentenceSize": 39
            },
            {
                "sentenceNo": 6,
                "sentenceContent": "눈빛만으로 독보적인 아우라를 자아내는 장민호가 신보를 통해 어떤 모습을 보여줄지 팬들 궁금증을 더했다. ‘에세이 ep.1’은 장민호가 지난 8월 발매한 디지털 싱글 ‘사는 게 그런 거지’ 이후 약 5개월 만에 발매하는 신보이자, 데뷔 후 처음 선보이는 미니앨범이다. ‘에세이’라는 타이틀에 걸맞게 장민호가 손글씨로 써내려간 앨범에 대한 소회도 담겨 있어 팬들 기대감을 높였다.",
                "sentenceSize": 210
            },
            {
                "sentenceNo": 7,
                "sentenceContent": "조영수, 뮤지, 알고보니 혼수상태, 김선민, 최재은 등 가요계 내로라하는 프로듀서들이 함께해 앨범의 완성도를 높이는 것은 물론, 장민호와의 음악적 시너지를 보여줄 예정이다.",
                "sentenceSize": 96
            },
            {
                "sentenceNo": 8,
                "sentenceContent": "장민호의 첫 번째 미니앨범 ‘에세이 ep.1’은 오는 6일 오후 6시 각종 온라인 음원사이트를 통해 발매된다.",
                "sentenceSize": 61
            }
        ]
    },
    "labeledDataInfo": {
        "processSentenceInfo": [
            {
                "sentenceNo": 1,
                "sentenceContent": "가수 장민호가 부드러운 남성미를 뿜어냈다.",
                "subjectConsistencyYn": "Y"
            },
            {
                "sentenceNo": 2,
                "sentenceContent": "장민호는 3일 공식 SNS를 통해 첫 번째 미니앨범 ‘에세이 ep.1’의 오피셜 포토 2장을 공개했다.",
                "subjectConsistencyYn": "Y"
            },
            {
                "sentenceNo": 3,
                "sentenceContent": "사진 속 장민호는 의자에 앉아 은은한 미소를 띄우고 있다.",
                "subjectConsistencyYn": "Y"
            },
            {
                "sentenceNo": 4,
                "sentenceContent": "카메라를 바라보며 진한 눈맞춤을 하고 있는 장민호의 따뜻하면서도 부드러운 분위기가 팬들의 시선을 사로잡는다.",
                "subjectConsistencyYn": "Y"
            },
            {
                "sentenceNo": 5,
                "sentenceContent": "또 다른 이미지에서 장민호는 셔츠 스타일링으로 댄디한 무드를 자아냈다.",
                "subjectConsistencyYn": "Y"
            },
            {
                "sentenceNo": 6,
                "sentenceContent": "눈빛만으로 독보적인 아우라를 자아내는 장민호가 신보를 통해 어떤 모습을 보여줄지 팬들 궁금증을 더했다. ‘에세이 ep.1’은 장민호가 지난 8월 발매한 디지털 싱글 ‘사는 게 그런 거지’ 이후 약 5개월 만에 발매하는 신보이자, 데뷔 후 처음 선보이는 미니앨범이다. ‘에세이’라는 타이틀에 걸맞게 장민호가 손글씨로 써내려간 앨범에 대한 소회도 담겨 있어 팬들 기대감을 높였다.",
                "subjectConsistencyYn": "Y"
            },
            {
                "sentenceNo": 7,
                "sentenceContent": "조영수, 뮤지, 알고보니 혼수상태, 김선민, 최재은 등 가요계 내로라하는 프로듀서들이 함께해 앨범의 완성도를 높이는 것은 물론, 장민호와의 음악적 시너지를 보여줄 예정이다.",
                "subjectConsistencyYn": "Y"
            },
            {
                "sentenceNo": 8,
                "sentenceContent": "장민호의 첫 번째 미니앨범 ‘에세이 ep.1’은 오는 6일 오후 6시 각종 온라인 음원사이트를 통해 발매된다.",
                "subjectConsistencyYn": "Y"
            },
            {
                "sentenceNo": 9,
                "sentenceContent": "가수 장민호가 부드러운 남성미를 뿜어낸 가운데, 스타랭킹 스타트롯 남자 랭킹 3위를 꿰찼다.",
                "subjectConsistencyYn": "N"
            },
            {
                "sentenceNo": 10,
                "sentenceContent": "장민호는 11월 24일 오후 3시 1분부터 12월 1일 오후 3시까지 진행된 11월 4주(68차) 스타랭킹 스타트롯 남자 랭킹 투표에서 3만 5954표를 획득해 3위를 기록했다.",
                "subjectConsistencyYn": "N"
            }
        ],
        "clickbaitClass": 0
    }
}