{
    "sourceDataInfo": {
        "newsID": "ET_M13_629496",
        "newsCategory": "연예",
        "newsSubcategory": "음악",
        "newsTitle": "우주소녀 쪼꼬미, 슈퍼 히어로 변신",
        "newsSubTitle": "",
        "newsContent": "그룹 우주소녀(WJSN) 쪼꼬미(Chocome)가 만화 같은 비주얼과 음악으로 돌아온다.\n우주소녀 쪼꼬미(수빈, 루다, 여름, 다영)는 지난 3일 공식 SNS 채널을 통해 타이틀곡 ‘슈퍼 그럼요(Super Yuppers!)’의 뮤직비디오 티저 영상을 공개했다.\n영상 속 쪼꼬미는 애니메이션 주인공 같은 비주얼과 콘셉트로 시선을 강탈했다.\n먼저 카메라 플래시 세례 속 “내 이름은 슈퍼 그럼요”라는 다영의 강렬한 멘트와 동시에 음악이 시작됐고, 빗발치는 전화 문의에 바쁜 수빈과 출동 준비를 하는 루다, 여름까지 네 멤버의 짧지만 강렬한 히어로물이 펼쳐졌다.\n2AM 이창민이 프로듀싱에 참여한 ‘슈퍼 그럼요’는 쪼꼬미의 상큼한 보컬과 애니메이션을 연상케 하는 샤우팅이 인상적인 디스코 기반의 댄스곡이다.\n90년대 초중반 애니메이션 제목을 패러디했으며, “마음이 힘들 땐 쪼꼬미를 찾아 달라”는 메시지를 담아냈다.\n쪼꼬미의 싱글 ‘슈퍼 그럼요’는 오는 5일 오후 6시 각종 온라인 음원 사이트를 통해 공개된다.",
        "partNum": "P2",
        "useType": 0,
        "processType": "D",
        "processPattern": "24",
        "processLevel": "상",
        "sentenceCount": 7,
        "processSentencenum": 2,
        "sentenceInfo": [
            {
                "sentenceNo": 1,
                "sentenceContent": "그룹 우주소녀(WJSN) 쪼꼬미(Chocome)가 만화 같은 비주얼과 음악으로 돌아온다.",
                "sentenceSize": 49
            },
            {
                "sentenceNo": 2,
                "sentenceContent": "우주소녀 쪼꼬미(수빈, 루다, 여름, 다영)는 지난 3일 공식 SNS 채널을 통해 타이틀곡 ‘슈퍼 그럼요(Super Yuppers!)’의 뮤직비디오 티저 영상을 공개했다.",
                "sentenceSize": 95
            },
            {
                "sentenceNo": 3,
                "sentenceContent": "영상 속 쪼꼬미는 애니메이션 주인공 같은 비주얼과 콘셉트로 시선을 강탈했다.",
                "sentenceSize": 42
            },
            {
                "sentenceNo": 4,
                "sentenceContent": "먼저 카메라 플래시 세례 속 “내 이름은 슈퍼 그럼요”라는 다영의 강렬한 멘트와 동시에 음악이 시작됐고, 빗발치는 전화 문의에 바쁜 수빈과 출동 준비를 하는 루다, 여름까지 네 멤버의 짧지만 강렬한 히어로물이 펼쳐졌다.",
                "sentenceSize": 122
            },
            {
                "sentenceNo": 5,
                "sentenceContent": "2AM 이창민이 프로듀싱에 참여한 ‘슈퍼 그럼요’는 쪼꼬미의 상큼한 보컬과 애니메이션을 연상케 하는 샤우팅이 인상적인 디스코 기반의 댄스곡이다.",
                "sentenceSize": 80
            },
            {
                "sentenceNo": 6,
                "sentenceContent": "90년대 초중반 애니메이션 제목을 패러디했으며, “마음이 힘들 땐 쪼꼬미를 찾아 달라”는 메시지를 담아냈다.",
                "sentenceSize": 60
            },
            {
                "sentenceNo": 7,
                "sentenceContent": "쪼꼬미의 싱글 ‘슈퍼 그럼요’는 오는 5일 오후 6시 각종 온라인 음원 사이트를 통해 공개된다.",
                "sentenceSize": 53
            }
        ]
    },
    "labeledDataInfo": {
        "processSentenceInfo": [
            {
                "sentenceNo": 1,
                "sentenceContent": "그룹 우주소녀(WJSN) 쪼꼬미(Chocome)가 만화 같은 비주얼과 음악으로 돌아온다.",
                "subjectConsistencyYn": "Y"
            },
            {
                "sentenceNo": 2,
                "sentenceContent": "우주소녀 쪼꼬미(수빈, 루다, 여름, 다영)는 지난 3일 공식 SNS 채널을 통해 타이틀곡 ‘슈퍼 그럼요(Super Yuppers!)’의 뮤직비디오 티저 영상을 공개했다.",
                "subjectConsistencyYn": "Y"
            },
            {
                "sentenceNo": 3,
                "sentenceContent": "영상 속 쪼꼬미는 애니메이션 주인공 같은 비주얼과 콘셉트로 시선을 강탈했다.",
                "subjectConsistencyYn": "Y"
            },
            {
                "sentenceNo": 4,
                "sentenceContent": "먼저 카메라 플래시 세례 속 “내 이름은 슈퍼 그럼요”라는 다영의 강렬한 멘트와 동시에 음악이 시작됐고, 빗발치는 전화 문의에 바쁜 수빈과 출동 준비를 하는 루다, 여름까지 네 멤버의 짧지만 강렬한 히어로물이 펼쳐졌다.",
                "subjectConsistencyYn": "Y"
            },
            {
                "sentenceNo": 5,
                "sentenceContent": "2AM 이창민이 프로듀싱에 참여한 ‘슈퍼 그럼요’는 쪼꼬미의 상큼한 보컬과 애니메이션을 연상케 하는 샤우팅이 인상적인 디스코 기반의 댄스곡이다.",
                "subjectConsistencyYn": "Y"
            },
            {
                "sentenceNo": 6,
                "sentenceContent": "90년대 초중반 애니메이션 제목을 패러디했으며, “마음이 힘들 땐 쪼꼬미를 찾아 달라”는 메시지를 담아냈다.",
                "subjectConsistencyYn": "Y"
            },
            {
                "sentenceNo": 7,
                "sentenceContent": "쪼꼬미의 싱글 ‘슈퍼 그럼요’는 오는 5일 오후 6시 각종 온라인 음원 사이트를 통해 공개된다.",
                "subjectConsistencyYn": "Y"
            },
            {
                "sentenceNo": 8,
                "sentenceContent": "우주소녀 쪼꼬미가 만화 같은 비주얼과 음악으로 돌아온다고 선언한 가운데, 우주소녀 멤버들이 극과 극의 재테크 현황을 공개했다.",
                "subjectConsistencyYn": "N"
            },
            {
                "sentenceNo": 9,
                "sentenceContent": "엑시는 \"저는 주식하고 적금을 하고 있다\"며 \"일단 저는 절대 단타로 안 하고 40~50대까지 본다\"고 말했다.",
                "subjectConsistencyYn": "N"
            }
        ],
        "clickbaitClass": 0
    }
}