{
    "sourceDataInfo": {
        "newsID": "ET_M13_629569",
        "newsCategory": "연예",
        "newsSubcategory": "연예일반",
        "newsTitle": "‘환갑’ 니콜라스 케이지, 셋째 가졌다…30살 연하 日 아내 임신",
        "newsSubTitle": "",
        "newsContent": "할리우드 배우 니콜라스 케이지가(58세)가 세 아이의 아빠가 된다.\n미국 연예매체 피플은 6일(현지시간) 니콜라스 케이지의 30세 연하 일본인 아내 시바타 리코(28)가 최근 아이를 임신했다고 보도했다.\n보도에 따르면 니콜라스 케이지 측은 해당 소식을 인정하며 곧 태어날 아기의 부모가 될 생각에 매우 기뻐하고 있는 것으로 전해졌다.\n니콜라스 케이지는 이미 전처들 사이에서 아들 웨스턴 코폴라 케이지(32)와 칼엘 코폴라 케이지(17)을 뒀다.\n특히 첫째인 웨스턴은 새엄마인 시바타 리코보다 4살이 더 많아 화제를 모은 바 있다.\n니콜라스 케이지와 시바타 리코는 지난해 2월 라스베이거스에서 결혼식을 올렸다.\n두 사람은 니콜라스 케이지가 일본에서 영화 촬영 당시 지인을 통해 만나 연인으로 발전했다.\n한편, 시바타 리코는 니콜라스 케이지의 5번째 아내다.\n그는 1995년 배우 패트리샤 아퀘트와 결혼한 뒤 2001년 이혼했다.\n엘비스 프레슬리의 딸인 리사 마리 프레슬리와는 2002년 두번째 결혼을 했다가 2년 만인 2004년 헤어졌다.\n2004년에는 한국계 앨리스 김과 세번째로 혼인을 했으나 12년 만인 지난 2016년 6월 이혼했다.\n이후 지난 2019년 일본계 여성 에리카 코이케와 결혼했지만 불과 4일 만에 파경했다.",
        "partNum": "P2",
        "useType": 0,
        "processType": "D",
        "processPattern": "24",
        "processLevel": "상",
        "sentenceCount": 12,
        "processSentencenum": 2,
        "sentenceInfo": [
            {
                "sentenceNo": 1,
                "sentenceContent": "할리우드 배우 니콜라스 케이지가(58세)가 세 아이의 아빠가 된다.",
                "sentenceSize": 37
            },
            {
                "sentenceNo": 2,
                "sentenceContent": "미국 연예매체 피플은 6일(현지시간) 니콜라스 케이지의 30세 연하 일본인 아내 시바타 리코(28)가 최근 아이를 임신했다고 보도했다.",
                "sentenceSize": 75
            },
            {
                "sentenceNo": 3,
                "sentenceContent": "보도에 따르면 니콜라스 케이지 측은 해당 소식을 인정하며 곧 태어날 아기의 부모가 될 생각에 매우 기뻐하고 있는 것으로 전해졌다.",
                "sentenceSize": 72
            },
            {
                "sentenceNo": 4,
                "sentenceContent": "니콜라스 케이지는 이미 전처들 사이에서 아들 웨스턴 코폴라 케이지(32)와 칼엘 코폴라 케이지(17)을 뒀다.",
                "sentenceSize": 61
            },
            {
                "sentenceNo": 5,
                "sentenceContent": "특히 첫째인 웨스턴은 새엄마인 시바타 리코보다 4살이 더 많아 화제를 모은 바 있다.",
                "sentenceSize": 47
            },
            {
                "sentenceNo": 6,
                "sentenceContent": "니콜라스 케이지와 시바타 리코는 지난해 2월 라스베이거스에서 결혼식을 올렸다.",
                "sentenceSize": 43
            },
            {
                "sentenceNo": 7,
                "sentenceContent": "두 사람은 니콜라스 케이지가 일본에서 영화 촬영 당시 지인을 통해 만나 연인으로 발전했다.",
                "sentenceSize": 50
            },
            {
                "sentenceNo": 8,
                "sentenceContent": "한편, 시바타 리코는 니콜라스 케이지의 5번째 아내다.",
                "sentenceSize": 30
            },
            {
                "sentenceNo": 9,
                "sentenceContent": "그는 1995년 배우 패트리샤 아퀘트와 결혼한 뒤 2001년 이혼했다.",
                "sentenceSize": 39
            },
            {
                "sentenceNo": 10,
                "sentenceContent": "엘비스 프레슬리의 딸인 리사 마리 프레슬리와는 2002년 두번째 결혼을 했다가 2년 만인 2004년 헤어졌다.",
                "sentenceSize": 61
            },
            {
                "sentenceNo": 11,
                "sentenceContent": "2004년에는 한국계 앨리스 김과 세번째로 혼인을 했으나 12년 만인 지난 2016년 6월 이혼했다.",
                "sentenceSize": 56
            },
            {
                "sentenceNo": 12,
                "sentenceContent": "이후 지난 2019년 일본계 여성 에리카 코이케와 결혼했지만 불과 4일 만에 파경했다.",
                "sentenceSize": 48
            }
        ]
    },
    "labeledDataInfo": {
        "processSentenceInfo": [
            {
                "sentenceNo": 1,
                "sentenceContent": "할리우드 배우 니콜라스 케이지가(58세)가 세 아이의 아빠가 된다.",
                "subjectConsistencyYn": "Y"
            },
            {
                "sentenceNo": 2,
                "sentenceContent": "미국 연예매체 피플은 6일(현지시간) 니콜라스 케이지의 30세 연하 일본인 아내 시바타 리코(28)가 최근 아이를 임신했다고 보도했다.",
                "subjectConsistencyYn": "Y"
            },
            {
                "sentenceNo": 3,
                "sentenceContent": "보도에 따르면 니콜라스 케이지 측은 해당 소식을 인정하며 곧 태어날 아기의 부모가 될 생각에 매우 기뻐하고 있는 것으로 전해졌다.",
                "subjectConsistencyYn": "Y"
            },
            {
                "sentenceNo": 4,
                "sentenceContent": "니콜라스 케이지는 이미 전처들 사이에서 아들 웨스턴 코폴라 케이지(32)와 칼엘 코폴라 케이지(17)을 뒀다.",
                "subjectConsistencyYn": "Y"
            },
            {
                "sentenceNo": 5,
                "sentenceContent": "특히 첫째인 웨스턴은 새엄마인 시바타 리코보다 4살이 더 많아 화제를 모은 바 있다.",
                "subjectConsistencyYn": "Y"
            },
            {
                "sentenceNo": 6,
                "sentenceContent": "니콜라스 케이지와 시바타 리코는 지난해 2월 라스베이거스에서 결혼식을 올렸다.",
                "subjectConsistencyYn": "Y"
            },
            {
                "sentenceNo": 7,
                "sentenceContent": "두 사람은 니콜라스 케이지가 일본에서 영화 촬영 당시 지인을 통해 만나 연인으로 발전했다.",
                "subjectConsistencyYn": "Y"
            },
            {
                "sentenceNo": 8,
                "sentenceContent": "한편, 시바타 리코는 니콜라스 케이지의 5번째 아내다.",
                "subjectConsistencyYn": "Y"
            },
            {
                "sentenceNo": 9,
                "sentenceContent": "그는 1995년 배우 패트리샤 아퀘트와 결혼한 뒤 2001년 이혼했다.",
                "subjectConsistencyYn": "Y"
            },
            {
                "sentenceNo": 10,
                "sentenceContent": "엘비스 프레슬리의 딸인 리사 마리 프레슬리와는 2002년 두번째 결혼을 했다가 2년 만인 2004년 헤어졌다.",
                "subjectConsistencyYn": "Y"
            },
            {
                "sentenceNo": 11,
                "sentenceContent": "2004년에는 한국계 앨리스 김과 세번째로 혼인을 했으나 12년 만인 지난 2016년 6월 이혼했다.",
                "subjectConsistencyYn": "Y"
            },
            {
                "sentenceNo": 12,
                "sentenceContent": "이후 지난 2019년 일본계 여성 에리카 코이케와 결혼했지만 불과 4일 만에 파경했다.",
                "subjectConsistencyYn": "Y"
            },
            {
                "sentenceNo": 13,
                "sentenceContent": "할리우드 배우 니콜라스 케이지가가 세 아이의 아빠가 될 예정인 가운데, 니콜라스 케이지의 전처인 앨리스 김이 양육권 소송을 진행할 예정이라는 소식이 전해졌다. ",
                "subjectConsistencyYn": "N"
            },
            {
                "sentenceNo": 14,
                "sentenceContent": "앨리스 김은 SNS를 통해 \"그는 변덕이 심해 아이들에게 좋은 아버지가 될 수 없는 사람\", \"경제력 외에는 아무것도 갖추지 않은 그가 내 아이에게 계속 상처를 주는 사태를 용납할 수 없다\"라며 양육권 소송을 향한 의지를 불태웠다. ",
                "subjectConsistencyYn": "N"
            }
        ],
        "clickbaitClass": 0
    }
}