{
    "sourceDataInfo": {
        "newsID": "ET_M13_629384",
        "newsCategory": "연예",
        "newsSubcategory": "연예일반",
        "newsTitle": "‘쇼윈도’ 김해인, 열공중입니다!",
        "newsSubTitle": "",
        "newsContent": "배우 김해인의 연기 욕심이 드러나는 비하인드 컷이 공개됐다.\n소속사 아이오케이컴퍼니는 27일 채널A 월화드라마 ‘쇼윈도:여왕의집’(극본 한보경, 박혜영/ 연출 강솔, 박대희 / 제작 ㈜코탑미디어 / 기획 채널A)에서 재력가 집안 딸로서, 검사 남편을 만나 명예와 재력을 쥔 타운하우스 여인 ‘최은경’ 역으로 분해 감초 역할을 해내고 있는 김해인의 비하인드 컷을 공개했다.\n사진 속에는 촬영장에서 눈을 떼지 않고 대본에 열중하고 있는 김해인 모습이 담겨 있다.\n핑크빛 원피스 차림의 김해인은 핫팩을 손에 지고 대본에 열중하는 모습이다.\n대본에는 형광펜으로 분석한 흔적도 보여 그녀의 연기에 대한 열정을 증명한다.\n또 다른 사진에서는 장난스러운 눈망울로 대본을 보다 카메라를 쳐다보고 있는 그녀의 장난끼 넘치는 밝은 모습이 담겨있다.\n김해인이 최은경으로 분하는 ‘쇼윈도: 여왕의 집’ 은 남편의 여자인 줄 모르고 불륜을 응원한 한 여자의 이야기를 그린 멜로 드라마로, 매주 월·화요일 오후 10시 30분에 안방극장에 배달된다.",
        "partNum": "P2",
        "useType": 0,
        "processType": "D",
        "processPattern": "24",
        "processLevel": "상",
        "sentenceCount": 7,
        "processSentencenum": 2,
        "sentenceInfo": [
            {
                "sentenceNo": 1,
                "sentenceContent": "배우 김해인의 연기 욕심이 드러나는 비하인드 컷이 공개됐다.",
                "sentenceSize": 33
            },
            {
                "sentenceNo": 2,
                "sentenceContent": "소속사 아이오케이컴퍼니는 27일 채널A 월화드라마 ‘쇼윈도:여왕의집’(극본 한보경, 박혜영/ 연출 강솔, 박대희 / 제작 ㈜코탑미디어 / 기획 채널A)에서 재력가 집안 딸로서, 검사 남편을 만나 명예와 재력을 쥔 타운하우스 여인 ‘최은경’ 역으로 분해 감초 역할을 해내고 있는 김해인의 비하인드 컷을 공개했다.",
                "sentenceSize": 173
            },
            {
                "sentenceNo": 3,
                "sentenceContent": "사진 속에는 촬영장에서 눈을 떼지 않고 대본에 열중하고 있는 김해인 모습이 담겨 있다.",
                "sentenceSize": 48
            },
            {
                "sentenceNo": 4,
                "sentenceContent": "핑크빛 원피스 차림의 김해인은 핫팩을 손에 지고 대본에 열중하는 모습이다.",
                "sentenceSize": 41
            },
            {
                "sentenceNo": 5,
                "sentenceContent": "대본에는 형광펜으로 분석한 흔적도 보여 그녀의 연기에 대한 열정을 증명한다.",
                "sentenceSize": 42
            },
            {
                "sentenceNo": 6,
                "sentenceContent": "또 다른 사진에서는 장난스러운 눈망울로 대본을 보다 카메라를 쳐다보고 있는 그녀의 장난끼 넘치는 밝은 모습이 담겨있다.",
                "sentenceSize": 66
            },
            {
                "sentenceNo": 7,
                "sentenceContent": "김해인이 최은경으로 분하는 ‘쇼윈도: 여왕의 집’ 은 남편의 여자인 줄 모르고 불륜을 응원한 한 여자의 이야기를 그린 멜로 드라마로, 매주 월·화요일 오후 10시 30분에 안방극장에 배달된다.",
                "sentenceSize": 107
            }
        ]
    },
    "labeledDataInfo": {
        "processSentenceInfo": [
            {
                "sentenceNo": 1,
                "sentenceContent": "배우 김해인의 연기 욕심이 드러나는 비하인드 컷이 공개됐다.",
                "subjectConsistencyYn": "Y"
            },
            {
                "sentenceNo": 2,
                "sentenceContent": "소속사 아이오케이컴퍼니는 27일 채널A 월화드라마 ‘쇼윈도:여왕의집’(극본 한보경, 박혜영/ 연출 강솔, 박대희 / 제작 ㈜코탑미디어 / 기획 채널A)에서 재력가 집안 딸로서, 검사 남편을 만나 명예와 재력을 쥔 타운하우스 여인 ‘최은경’ 역으로 분해 감초 역할을 해내고 있는 김해인의 비하인드 컷을 공개했다.",
                "subjectConsistencyYn": "Y"
            },
            {
                "sentenceNo": 3,
                "sentenceContent": "사진 속에는 촬영장에서 눈을 떼지 않고 대본에 열중하고 있는 김해인 모습이 담겨 있다.",
                "subjectConsistencyYn": "Y"
            },
            {
                "sentenceNo": 4,
                "sentenceContent": "핑크빛 원피스 차림의 김해인은 핫팩을 손에 지고 대본에 열중하는 모습이다.",
                "subjectConsistencyYn": "Y"
            },
            {
                "sentenceNo": 5,
                "sentenceContent": "대본에는 형광펜으로 분석한 흔적도 보여 그녀의 연기에 대한 열정을 증명한다.",
                "subjectConsistencyYn": "Y"
            },
            {
                "sentenceNo": 6,
                "sentenceContent": "또 다른 사진에서는 장난스러운 눈망울로 대본을 보다 카메라를 쳐다보고 있는 그녀의 장난끼 넘치는 밝은 모습이 담겨있다.",
                "subjectConsistencyYn": "Y"
            },
            {
                "sentenceNo": 7,
                "sentenceContent": "김해인이 최은경으로 분하는 ‘쇼윈도: 여왕의 집’ 은 남편의 여자인 줄 모르고 불륜을 응원한 한 여자의 이야기를 그린 멜로 드라마로, 매주 월·화요일 오후 10시 30분에 안방극장에 배달된다.",
                "subjectConsistencyYn": "Y"
            },
            {
                "sentenceNo": 8,
                "sentenceContent": "연기 욕심이 드러나는 비하인드 컷을 공개한 김해인은, 지난 방송한 드라마 tvN ‘울지 않는 새’ 김윤선 역과 ‘나의 아저씨’ 출연을 하면서 얼굴을 알렸다.",
                "subjectConsistencyYn": "N"
            },
            {
                "sentenceNo": 9,
                "sentenceContent": "배우 김해인은 별오름엔터테인먼트와 전속계약을 체결하고, 더욱 활발한 연기 활동을 펼쳐나갈 것을 예고하며 이목을 집중시키고 있다.",
                "subjectConsistencyYn": "N"
            }
        ],
        "clickbaitClass": 0
    }
}