{
    "sourceDataInfo": {
        "newsID": "ET_M13_629576",
        "newsCategory": "연예",
        "newsSubcategory": "음악",
        "newsTitle": "온리원오브 리에X준지의 ‘Instinct Part. 2’",
        "newsSubTitle": "",
        "newsContent": "리에와 준지가 훈훈한 ‘비주얼 케미’를 자랑했다.\n소속사 에잇디엔터테인먼트는 오늘(8일) 0시 공식 SNS에 ‘Instinct Part. 2’ 리에, 준지 유닛 티저 이미지를 게시했다.\n리에와 준지는 사진에서 흰색 셔츠와 베이지색 민소매 티셔츠를 각각 소화했다.\n특히 셔츠 단추를 여러 개 풀고 팔뚝을 과시하며 이들은 섹시미를 은은하게 표현했다.\n또한 벤치에 앉아 서로에게 기댄 포즈로 특별한 브로맨스를 뽐냈다.\n온리원오브는 규빈과 유정의 사진 이후 두 번째로 ‘Instinct Part. 2’ 유닛 티저를 오픈한 상황. 아울러 나인과 밀의 유닛 티저가 아직 베일을 벗지 않아 ‘lyOn(라이온, 팬클럽 명)’의 궁금증을 자극하고 있다.\n더불어 지난 6일 공식 SNS에 ‘Instinct Part. 2’의 앨범 프리뷰를 업로드한 온리원오브는 컴백 프로모션을 진행 중이다.\n한편, 온리원오브의 새로운 감성을 더한 ‘Instinct Part. 2’는 오는 14일 공개된다.",
        "partNum": "P2",
        "useType": 0,
        "processType": "D",
        "processPattern": "24",
        "processLevel": "상",
        "sentenceCount": 8,
        "processSentencenum": 2,
        "sentenceInfo": [
            {
                "sentenceNo": 1,
                "sentenceContent": "리에와 준지가 훈훈한 ‘비주얼 케미’를 자랑했다.",
                "sentenceSize": 27
            },
            {
                "sentenceNo": 2,
                "sentenceContent": "소속사 에잇디엔터테인먼트는 오늘(8일) 0시 공식 SNS에 ‘Instinct Part. 2’ 리에, 준지 유닛 티저 이미지를 게시했다.",
                "sentenceSize": 75
            },
            {
                "sentenceNo": 3,
                "sentenceContent": "리에와 준지는 사진에서 흰색 셔츠와 베이지색 민소매 티셔츠를 각각 소화했다.",
                "sentenceSize": 42
            },
            {
                "sentenceNo": 4,
                "sentenceContent": "특히 셔츠 단추를 여러 개 풀고 팔뚝을 과시하며 이들은 섹시미를 은은하게 표현했다.",
                "sentenceSize": 46
            },
            {
                "sentenceNo": 5,
                "sentenceContent": "또한 벤치에 앉아 서로에게 기댄 포즈로 특별한 브로맨스를 뽐냈다.",
                "sentenceSize": 36
            },
            {
                "sentenceNo": 6,
                "sentenceContent": "온리원오브는 규빈과 유정의 사진 이후 두 번째로 ‘Instinct Part. 2’ 유닛 티저를 오픈한 상황. 아울러 나인과 밀의 유닛 티저가 아직 베일을 벗지 않아 ‘lyOn(라이온, 팬클럽 명)’의 궁금증을 자극하고 있다.",
                "sentenceSize": 125
            },
            {
                "sentenceNo": 7,
                "sentenceContent": "더불어 지난 6일 공식 SNS에 ‘Instinct Part. 2’의 앨범 프리뷰를 업로드한 온리원오브는 컴백 프로모션을 진행 중이다.",
                "sentenceSize": 74
            },
            {
                "sentenceNo": 8,
                "sentenceContent": "한편, 온리원오브의 새로운 감성을 더한 ‘Instinct Part. 2’는 오는 14일 공개된다.",
                "sentenceSize": 54
            }
        ]
    },
    "labeledDataInfo": {
        "processSentenceInfo": [
            {
                "sentenceNo": 1,
                "sentenceContent": "리에와 준지가 훈훈한 ‘비주얼 케미’를 자랑했다.",
                "subjectConsistencyYn": "Y"
            },
            {
                "sentenceNo": 2,
                "sentenceContent": "소속사 에잇디엔터테인먼트는 오늘(8일) 0시 공식 SNS에 ‘Instinct Part. 2’ 리에, 준지 유닛 티저 이미지를 게시했다.",
                "subjectConsistencyYn": "Y"
            },
            {
                "sentenceNo": 3,
                "sentenceContent": "리에와 준지는 사진에서 흰색 셔츠와 베이지색 민소매 티셔츠를 각각 소화했다.",
                "subjectConsistencyYn": "Y"
            },
            {
                "sentenceNo": 4,
                "sentenceContent": "특히 셔츠 단추를 여러 개 풀고 팔뚝을 과시하며 이들은 섹시미를 은은하게 표현했다.",
                "subjectConsistencyYn": "Y"
            },
            {
                "sentenceNo": 5,
                "sentenceContent": "또한 벤치에 앉아 서로에게 기댄 포즈로 특별한 브로맨스를 뽐냈다.",
                "subjectConsistencyYn": "Y"
            },
            {
                "sentenceNo": 6,
                "sentenceContent": "온리원오브는 규빈과 유정의 사진 이후 두 번째로 ‘Instinct Part. 2’ 유닛 티저를 오픈한 상황. 아울러 나인과 밀의 유닛 티저가 아직 베일을 벗지 않아 ‘lyOn(라이온, 팬클럽 명)’의 궁금증을 자극하고 있다.",
                "subjectConsistencyYn": "Y"
            },
            {
                "sentenceNo": 7,
                "sentenceContent": "더불어 지난 6일 공식 SNS에 ‘Instinct Part. 2’의 앨범 프리뷰를 업로드한 온리원오브는 컴백 프로모션을 진행 중이다.",
                "subjectConsistencyYn": "Y"
            },
            {
                "sentenceNo": 8,
                "sentenceContent": "한편, 온리원오브의 새로운 감성을 더한 ‘Instinct Part. 2’는 오는 14일 공개된다.",
                "subjectConsistencyYn": "Y"
            },
            {
                "sentenceNo": 9,
                "sentenceContent": "온리원오브의 멤버 리에와 준지가 훈훈한 티저 이미지를 통해 ‘비주얼 케미’를 자랑한 가운데, 리에가 예능 프로그램에 출연해 자신의 매력 포인트인 입술 관리법을 공개했다.",
                "subjectConsistencyYn": "N"
            },
            {
                "sentenceNo": 10,
                "sentenceContent": "리에는 지난 9일 방송된 한 예능 프로그램에서 \"도톰하고 매끄러운 입술을 유지하기 위해 사흘에 한 번씩 팩을 한다\", \"콜라겐도 아침저녁으로 잊지 않고 꼭 챙겨 먹는다\"라며 자신만의 특별한 입술 관리법을 공개했다.",
                "subjectConsistencyYn": "N"
            }
        ],
        "clickbaitClass": 0
    }
}