{
    "sourceDataInfo": {
        "newsID": "ET_M13_629459",
        "newsCategory": "연예",
        "newsSubcategory": "음악",
        "newsTitle": "‘SMTOWN LIVE 2022’ 기대 포인트 셋",
        "newsSubTitle": "",
        "newsContent": "SM엔터테인먼트가 온라인 콘서트로 2022년을 시작한다.\n오늘(1일) 오후 1시부터 전 세계 무료 온라인 중계되는 ‘SMTOWN LIVE 2022 : SMCU EXPRESS@KWANGYA’가 특급 라인업으로 열기를 고조시키고 있는 가운데, 이번 콘서트의 기대 포인트를 짚어봤다.\n■GOT the beat 무대 최초 공개 ‘Girls On Top(GOT)’은 SM 소속 여성 아티스트가 테마별로 새로운 조합의 유닛을 선보이는 프로젝트로 강렬한 댄스곡과 퍼포먼스를 기반으로 한 첫 유닛 ‘GOT the beat’(갓 더 비트)가 첫발을 내디딘다.\n보아, 소녀시대 태연과 효연, 레드벨벳 슬기와 웬디, 에스파 카리나와 윈터로 구성된 ‘GOT the beat’는 이번 콘서트에서 신곡 스페셜 무대를 공개하며 특급 시너지를 보여줄 전망이다.\n■SMTOWN LIVE에서만 만날 수 있는 스페셜 스테이지 이번 공연에서는 SMTOWN LIVE에서만 만날 수 있는 이색 조합의 컬래버레이션이 진행된다.\n지난 27일 발매된 ‘2021 Winter SMTOWN : SMCU EXPRESS’ 앨범에서 화제가 된 슈퍼주니어 규현, 샤이니 온유, NCT 태일의 수록곡 무대는 물론 ‘랩 유닛’ NCT 태용, 제노, 헨드리, 양양, 에스파 지젤의 스페셜 스테이지까지, 글로벌 시청자들의 이목을 사로잡을 전망이다.\n더불어 음악방송에서는 만나볼 수 없었던 샤이니 키와 소녀시대 태연의 ‘Hate That…’과 DJ HYO, 레이든, 긴조, J.E.B., 임레이, MINIMONSTER(미니몬스터), MARVISTA(마비스타), 히치하이커 등 DJ 아티스트의 무대가 예정돼 있다.\n■SM이 추구하는 공연 콘텐츠를 집대성한 메타버스 콘서트 SM은 종합 콘텐츠 프로젝트 ‘SMTOWN 2022 : SMCU EXPRESS’를 통해 ‘SMCU EXPRESS’라는 콘셉트로 ‘메타버셜 오리진 스토리’를 SMCU 기반으로 확장했다.\n이를 통해 이수만 프로듀서와 SM이 바라보는 메타버스에서의 미래 콘텐츠를 종합적으로 경험할 수 있도록 음반, 전시, 공연을 함께 선보인다.\n특히 이번 콘서트는 SM 소속 아티스트들이 모이는 ‘SMCU EXPRESS STATION’을 배경으로 SM이 추구하는 공연 콘텐츠를 집대성해 다양한 CG 효과와 콘셉트에 맞는 VCR 영상으로 공연의 몰입도를 높일 예정이다.\n한편 ‘SMTOWN LIVE 2022 : SMCU EXPRESS@KWANGYA’는 오늘(1일) 오후 1시부터 전 세계 무료로 온라인 중계된다.",
        "partNum": "P2",
        "useType": 0,
        "processType": "D",
        "processPattern": "24",
        "processLevel": "상",
        "sentenceCount": 11,
        "processSentencenum": 2,
        "sentenceInfo": [
            {
                "sentenceNo": 1,
                "sentenceContent": "SM엔터테인먼트가 온라인 콘서트로 2022년을 시작한다.",
                "sentenceSize": 31
            },
            {
                "sentenceNo": 2,
                "sentenceContent": "오늘(1일) 오후 1시부터 전 세계 무료 온라인 중계되는 ‘SMTOWN LIVE 2022 : SMCU EXPRESS@KWANGYA’가 특급 라인업으로 열기를 고조시키고 있는 가운데, 이번 콘서트의 기대 포인트를 짚어봤다.",
                "sentenceSize": 123
            },
            {
                "sentenceNo": 3,
                "sentenceContent": "■GOT the beat 무대 최초 공개 ‘Girls On Top(GOT)’은 SM 소속 여성 아티스트가 테마별로 새로운 조합의 유닛을 선보이는 프로젝트로 강렬한 댄스곡과 퍼포먼스를 기반으로 한 첫 유닛 ‘GOT the beat’(갓 더 비트)가 첫발을 내디딘다.",
                "sentenceSize": 147
            },
            {
                "sentenceNo": 4,
                "sentenceContent": "보아, 소녀시대 태연과 효연, 레드벨벳 슬기와 웬디, 에스파 카리나와 윈터로 구성된 ‘GOT the beat’는 이번 콘서트에서 신곡 스페셜 무대를 공개하며 특급 시너지를 보여줄 전망이다.",
                "sentenceSize": 105
            },
            {
                "sentenceNo": 5,
                "sentenceContent": "■SMTOWN LIVE에서만 만날 수 있는 스페셜 스테이지 이번 공연에서는 SMTOWN LIVE에서만 만날 수 있는 이색 조합의 컬래버레이션이 진행된다.",
                "sentenceSize": 85
            },
            {
                "sentenceNo": 6,
                "sentenceContent": "지난 27일 발매된 ‘2021 Winter SMTOWN : SMCU EXPRESS’ 앨범에서 화제가 된 슈퍼주니어 규현, 샤이니 온유, NCT 태일의 수록곡 무대는 물론 ‘랩 유닛’ NCT 태용, 제노, 헨드리, 양양, 에스파 지젤의 스페셜 스테이지까지, 글로벌 시청자들의 이목을 사로잡을 전망이다.",
                "sentenceSize": 167
            },
            {
                "sentenceNo": 7,
                "sentenceContent": "더불어 음악방송에서는 만나볼 수 없었던 샤이니 키와 소녀시대 태연의 ‘Hate That…’과 DJ HYO, 레이든, 긴조, J.E.B., 임레이, MINIMONSTER(미니몬스터), MARVISTA(마비스타), 히치하이커 등 DJ 아티스트의 무대가 예정돼 있다.",
                "sentenceSize": 146
            },
            {
                "sentenceNo": 8,
                "sentenceContent": "■SM이 추구하는 공연 콘텐츠를 집대성한 메타버스 콘서트 SM은 종합 콘텐츠 프로젝트 ‘SMTOWN 2022 : SMCU EXPRESS’를 통해 ‘SMCU EXPRESS’라는 콘셉트로 ‘메타버셜 오리진 스토리’를 SMCU 기반으로 확장했다.",
                "sentenceSize": 134
            },
            {
                "sentenceNo": 9,
                "sentenceContent": "이를 통해 이수만 프로듀서와 SM이 바라보는 메타버스에서의 미래 콘텐츠를 종합적으로 경험할 수 있도록 음반, 전시, 공연을 함께 선보인다.",
                "sentenceSize": 77
            },
            {
                "sentenceNo": 10,
                "sentenceContent": "특히 이번 콘서트는 SM 소속 아티스트들이 모이는 ‘SMCU EXPRESS STATION’을 배경으로 SM이 추구하는 공연 콘텐츠를 집대성해 다양한 CG 효과와 콘셉트에 맞는 VCR 영상으로 공연의 몰입도를 높일 예정이다.",
                "sentenceSize": 124
            },
            {
                "sentenceNo": 11,
                "sentenceContent": "한편 ‘SMTOWN LIVE 2022 : SMCU EXPRESS@KWANGYA’는 오늘(1일) 오후 1시부터 전 세계 무료로 온라인 중계된다.",
                "sentenceSize": 79
            }
        ]
    },
    "labeledDataInfo": {
        "processSentenceInfo": [
            {
                "sentenceNo": 1,
                "sentenceContent": "SM엔터테인먼트가 온라인 콘서트로 2022년을 시작한다.",
                "subjectConsistencyYn": "Y"
            },
            {
                "sentenceNo": 2,
                "sentenceContent": "오늘(1일) 오후 1시부터 전 세계 무료 온라인 중계되는 ‘SMTOWN LIVE 2022 : SMCU EXPRESS@KWANGYA’가 특급 라인업으로 열기를 고조시키고 있는 가운데, 이번 콘서트의 기대 포인트를 짚어봤다.",
                "subjectConsistencyYn": "Y"
            },
            {
                "sentenceNo": 3,
                "sentenceContent": "■GOT the beat 무대 최초 공개 ‘Girls On Top(GOT)’은 SM 소속 여성 아티스트가 테마별로 새로운 조합의 유닛을 선보이는 프로젝트로 강렬한 댄스곡과 퍼포먼스를 기반으로 한 첫 유닛 ‘GOT the beat’(갓 더 비트)가 첫발을 내디딘다.",
                "subjectConsistencyYn": "Y"
            },
            {
                "sentenceNo": 4,
                "sentenceContent": "보아, 소녀시대 태연과 효연, 레드벨벳 슬기와 웬디, 에스파 카리나와 윈터로 구성된 ‘GOT the beat’는 이번 콘서트에서 신곡 스페셜 무대를 공개하며 특급 시너지를 보여줄 전망이다.",
                "subjectConsistencyYn": "Y"
            },
            {
                "sentenceNo": 5,
                "sentenceContent": "■SMTOWN LIVE에서만 만날 수 있는 스페셜 스테이지 이번 공연에서는 SMTOWN LIVE에서만 만날 수 있는 이색 조합의 컬래버레이션이 진행된다.",
                "subjectConsistencyYn": "Y"
            },
            {
                "sentenceNo": 6,
                "sentenceContent": "지난 27일 발매된 ‘2021 Winter SMTOWN : SMCU EXPRESS’ 앨범에서 화제가 된 슈퍼주니어 규현, 샤이니 온유, NCT 태일의 수록곡 무대는 물론 ‘랩 유닛’ NCT 태용, 제노, 헨드리, 양양, 에스파 지젤의 스페셜 스테이지까지, 글로벌 시청자들의 이목을 사로잡을 전망이다.",
                "subjectConsistencyYn": "Y"
            },
            {
                "sentenceNo": 7,
                "sentenceContent": "더불어 음악방송에서는 만나볼 수 없었던 샤이니 키와 소녀시대 태연의 ‘Hate That…’과 DJ HYO, 레이든, 긴조, J.E.B., 임레이, MINIMONSTER(미니몬스터), MARVISTA(마비스타), 히치하이커 등 DJ 아티스트의 무대가 예정돼 있다.",
                "subjectConsistencyYn": "Y"
            },
            {
                "sentenceNo": 8,
                "sentenceContent": "■SM이 추구하는 공연 콘텐츠를 집대성한 메타버스 콘서트 SM은 종합 콘텐츠 프로젝트 ‘SMTOWN 2022 : SMCU EXPRESS’를 통해 ‘SMCU EXPRESS’라는 콘셉트로 ‘메타버셜 오리진 스토리’를 SMCU 기반으로 확장했다.",
                "subjectConsistencyYn": "Y"
            },
            {
                "sentenceNo": 9,
                "sentenceContent": "이를 통해 이수만 프로듀서와 SM이 바라보는 메타버스에서의 미래 콘텐츠를 종합적으로 경험할 수 있도록 음반, 전시, 공연을 함께 선보인다.",
                "subjectConsistencyYn": "Y"
            },
            {
                "sentenceNo": 10,
                "sentenceContent": "특히 이번 콘서트는 SM 소속 아티스트들이 모이는 ‘SMCU EXPRESS STATION’을 배경으로 SM이 추구하는 공연 콘텐츠를 집대성해 다양한 CG 효과와 콘셉트에 맞는 VCR 영상으로 공연의 몰입도를 높일 예정이다.",
                "subjectConsistencyYn": "Y"
            },
            {
                "sentenceNo": 11,
                "sentenceContent": "한편 ‘SMTOWN LIVE 2022 : SMCU EXPRESS@KWANGYA’는 오늘(1일) 오후 1시부터 전 세계 무료로 온라인 중계된다.",
                "subjectConsistencyYn": "Y"
            },
            {
                "sentenceNo": 12,
                "sentenceContent": "SM엔터테인먼트가 온라인 콘서트로 2022년을 시작하는 가운데, SM엔터테인먼트 이수만 총괄 프로듀서가 사우디아라비아 하이파 빈트 모하메드 알 사우드 공주이자 관광부 차관을 만나 ‘나무를 심는 케이팝 페스티벌’ 캠페인 참여를 제안했다.",
                "subjectConsistencyYn": "N"
            },
            {
                "sentenceNo": 13,
                "sentenceContent": "SM은 지난달 29일 사우디아라비아 리디야에 위치한 킹 압둘라지즈 콘퍼런스 센터에서 사우디 관광청과 사우디 관광 산업 활성화 업무협약 체결식을 열었다고 5일 밝혔다.",
                "subjectConsistencyYn": "N"
            }
        ],
        "clickbaitClass": 0
    }
}