{
    "sourceDataInfo": {
        "newsID": "ET_M13_629332",
        "newsCategory": "연예",
        "newsSubcategory": "방송",
        "newsTitle": "그랜드 하얏트 서울 호텔, 신세계TV쇼핑 크리스마스 선물로 숙박 특가 상품 론칭",
        "newsSubTitle": "",
        "newsContent": "동화 속 별처럼 아름답게 반짝이는 트리와 화려하게 빛나는 불빛들 사이로 넓게 펼쳐진 서울 도심을 한눈에 담을 수 있는 뷰를 가진 그랜드 하얏트 서울이 오는 25일 23시 26분과 26일 18시 24분 신세계TV쇼핑에서 숙박 특가 상품을 판매한다.\n신세계TV쇼핑에서선보이는 그랜드 하얏트 서울의 상품은 2022년 1월 3일부터 3월 31일까지 투숙할 수 있는 상품으로, 기본 구성은 아이스링크 입장 혜택이 포함된 스탠다드 객실 1박이다.\n상품은 성인 2인 기준, 월요일에서 목요일 투숙 기준이며, 금액은 199,000원이다(세금 및 봉사료 포함). 2박 연박 혹은 금요일을 포함한 주말 및 공휴일 숙박 선택 시 추가 비용으로 가능하다.\n방송에서, 주중(월-목) 투숙 예약 선착순 20명에겐 아름답게 빛나는 아이스링크와 탁 트인 서울 도심이 보이는 리버뷰 객실을 보장하는 이벤트를 진행하며, 2연박 상품을 구매한 고객 100명에겐 와인 1병이 증정된다.\n추가로, 상품을 구매한 모든 고객에겐 조식 뷔페 36% 할인 혜택이 주어져 호캉스의 꽃인 조식 뷔페 또한 합리적으로 경험해볼 수 있다.\n신세계TV쇼핑방송(Skylife 15번, olleh 20번, LG U+ 21번 등 홈페이지 참고) 및 신세계TV쇼핑 홈페이지, 모바일앱을 통해 구매할 수 있다.\n판매 상품에 대한 안내 및 문의는 방송 중 가능하며, 이용 일자에 따른 추가 요금이 발생할 수 있다.",
        "partNum": "P2",
        "useType": 0,
        "processType": "D",
        "processPattern": "24",
        "processLevel": "상",
        "sentenceCount": 7,
        "processSentencenum": 2,
        "sentenceInfo": [
            {
                "sentenceNo": 1,
                "sentenceContent": "동화 속 별처럼 아름답게 반짝이는 트리와 화려하게 빛나는 불빛들 사이로 넓게 펼쳐진 서울 도심을 한눈에 담을 수 있는 뷰를 가진 그랜드 하얏트 서울이 오는 25일 23시 26분과 26일 18시 24분 신세계TV쇼핑에서 숙박 특가 상품을 판매한다.",
                "sentenceSize": 137
            },
            {
                "sentenceNo": 2,
                "sentenceContent": "신세계TV쇼핑에서선보이는 그랜드 하얏트 서울의 상품은 2022년 1월 3일부터 3월 31일까지 투숙할 수 있는 상품으로, 기본 구성은 아이스링크 입장 혜택이 포함된 스탠다드 객실 1박이다.",
                "sentenceSize": 105
            },
            {
                "sentenceNo": 3,
                "sentenceContent": "상품은 성인 2인 기준, 월요일에서 목요일 투숙 기준이며, 금액은 199,000원이다(세금 및 봉사료 포함). 2박 연박 혹은 금요일을 포함한 주말 및 공휴일 숙박 선택 시 추가 비용으로 가능하다.",
                "sentenceSize": 110
            },
            {
                "sentenceNo": 4,
                "sentenceContent": "방송에서, 주중(월-목) 투숙 예약 선착순 20명에겐 아름답게 빛나는 아이스링크와 탁 트인 서울 도심이 보이는 리버뷰 객실을 보장하는 이벤트를 진행하며, 2연박 상품을 구매한 고객 100명에겐 와인 1병이 증정된다.",
                "sentenceSize": 120
            },
            {
                "sentenceNo": 5,
                "sentenceContent": "추가로, 상품을 구매한 모든 고객에겐 조식 뷔페 36% 할인 혜택이 주어져 호캉스의 꽃인 조식 뷔페 또한 합리적으로 경험해볼 수 있다.",
                "sentenceSize": 75
            },
            {
                "sentenceNo": 6,
                "sentenceContent": "신세계TV쇼핑방송(Skylife 15번, olleh 20번, LG U+ 21번 등 홈페이지 참고) 및 신세계TV쇼핑 홈페이지, 모바일앱을 통해 구매할 수 있다.",
                "sentenceSize": 89
            },
            {
                "sentenceNo": 7,
                "sentenceContent": "판매 상품에 대한 안내 및 문의는 방송 중 가능하며, 이용 일자에 따른 추가 요금이 발생할 수 있다.",
                "sentenceSize": 56
            }
        ]
    },
    "labeledDataInfo": {
        "processSentenceInfo": [
            {
                "sentenceNo": 1,
                "sentenceContent": "동화 속 별처럼 아름답게 반짝이는 트리와 화려하게 빛나는 불빛들 사이로 넓게 펼쳐진 서울 도심을 한눈에 담을 수 있는 뷰를 가진 그랜드 하얏트 서울이 오는 25일 23시 26분과 26일 18시 24분 신세계TV쇼핑에서 숙박 특가 상품을 판매한다.",
                "subjectConsistencyYn": "Y"
            },
            {
                "sentenceNo": 2,
                "sentenceContent": "신세계TV쇼핑에서선보이는 그랜드 하얏트 서울의 상품은 2022년 1월 3일부터 3월 31일까지 투숙할 수 있는 상품으로, 기본 구성은 아이스링크 입장 혜택이 포함된 스탠다드 객실 1박이다.",
                "subjectConsistencyYn": "Y"
            },
            {
                "sentenceNo": 3,
                "sentenceContent": "상품은 성인 2인 기준, 월요일에서 목요일 투숙 기준이며, 금액은 199,000원이다(세금 및 봉사료 포함). 2박 연박 혹은 금요일을 포함한 주말 및 공휴일 숙박 선택 시 추가 비용으로 가능하다.",
                "subjectConsistencyYn": "Y"
            },
            {
                "sentenceNo": 4,
                "sentenceContent": "방송에서, 주중(월-목) 투숙 예약 선착순 20명에겐 아름답게 빛나는 아이스링크와 탁 트인 서울 도심이 보이는 리버뷰 객실을 보장하는 이벤트를 진행하며, 2연박 상품을 구매한 고객 100명에겐 와인 1병이 증정된다.",
                "subjectConsistencyYn": "Y"
            },
            {
                "sentenceNo": 5,
                "sentenceContent": "추가로, 상품을 구매한 모든 고객에겐 조식 뷔페 36% 할인 혜택이 주어져 호캉스의 꽃인 조식 뷔페 또한 합리적으로 경험해볼 수 있다.",
                "subjectConsistencyYn": "Y"
            },
            {
                "sentenceNo": 6,
                "sentenceContent": "신세계TV쇼핑방송(Skylife 15번, olleh 20번, LG U+ 21번 등 홈페이지 참고) 및 신세계TV쇼핑 홈페이지, 모바일앱을 통해 구매할 수 있다.",
                "subjectConsistencyYn": "Y"
            },
            {
                "sentenceNo": 7,
                "sentenceContent": "판매 상품에 대한 안내 및 문의는 방송 중 가능하며, 이용 일자에 따른 추가 요금이 발생할 수 있다.",
                "subjectConsistencyYn": "Y"
            },
            {
                "sentenceNo": 8,
                "sentenceContent": "화려한 서울 도심을 한눈에 담을 수 있는 뷰를 가진 그랜드 하얏트 서울이 신세계TV쇼핑을 통해 숙박 특가 상품을 판매하는 가운데, 그랜드 하얏트 서울이 코로나19의 여파로 인한 경영난으로 곧 블루코브운용에 매각된다. ",
                "subjectConsistencyYn": "N"
            },
            {
                "sentenceNo": 9,
                "sentenceContent": "업계에 따르면 블루코브운용이 최근 그랜드하얏트서울 지분을 갖고 있는 서울미라마측과 인수를 위한 양해각서를 체결했으며 조만간 실사에 돌입할 예정이라고 밝혔다.",
                "subjectConsistencyYn": "N"
            }
        ],
        "clickbaitClass": 0
    }
}