{
    "sourceDataInfo": {
        "newsID": "ET_M13_629428",
        "newsCategory": "연예",
        "newsSubcategory": "방송",
        "newsTitle": "‘MBC 연예대상’ 김구라, 올해의 예능인상 “대상=유재석, 하늘이 도와준다”",
        "newsSubTitle": "",
        "newsContent": "‘2021 MBC 연예대상’ 김구라가 올해의 예능인상을 받았다.\n29일 오후 방송된 ‘2021 MBC 연예대상’에서는 유재석 대상을 예상하는 김구라의 모습이 전파를 탔다.\n이날 올해의 예능인상 첫 번째는 김구라가 받았다.\n무대에 오른 김구라는 “이 자리에 설 수 있어서 너무 감사드린다”라고 밝혔다.\n개인 방송을 통해 3사 대상 수상자를 예측한 김구라는 “KBS에서 하는 게 있는데 내 마음대로 해서 너무 좋다. 예측은 변함없다. KBS는 누가 받든 관심 없다고 했는데 편집 당했다. KBS는 문세윤 씨가 받아서 후배에게 기회를 주는 것 자체도 너무 좋은 방향이라 생각한다”라고 화끈한 입담을 자랑했다.\n그는 “MBC 같은 경우는 제가 기대할 게 전혀 없고 시상식 자체를 즐기러 왔다. (대상은) 유재석 씨가 받아야 한다. 얼마 전 병마도 극복하고 완벽한 대상 후보인데 거기다 인간 스토리까지, 하늘이 도와준다”라고 말해 웃음을 안겼다.\n유재석을 위협하는 인물을 묻는 말에 김구라는 “없다. 저는 시상식이라는 게, 대한민국 쟁쟁한 예능인들의 권위 있는 상이다. 전혀 긴장이 안 되는 건 방송사의 오래된 행태 아니겠느냐”라고 말해 ‘라디오스타’ 식구들에게 내려오라는 항의를 받았다.\n그는 “제가 총대 메는 거다. 제 방식대로 재미있게 해야겠다는 생각으로 말씀드린 거다. 이 자리에 매번 선사는 게 무게감, 책임감, 즐거움도 있다. 오늘 상 주셔서 대단히 감사드린다”라고 인사했다.",
        "partNum": "P2",
        "useType": 0,
        "processType": "D",
        "processPattern": "24",
        "processLevel": "상",
        "sentenceCount": 8,
        "processSentencenum": 2,
        "sentenceInfo": [
            {
                "sentenceNo": 1,
                "sentenceContent": "‘2021 MBC 연예대상’ 김구라가 올해의 예능인상을 받았다.",
                "sentenceSize": 35
            },
            {
                "sentenceNo": 2,
                "sentenceContent": "29일 오후 방송된 ‘2021 MBC 연예대상’에서는 유재석 대상을 예상하는 김구라의 모습이 전파를 탔다.",
                "sentenceSize": 59
            },
            {
                "sentenceNo": 3,
                "sentenceContent": "이날 올해의 예능인상 첫 번째는 김구라가 받았다.",
                "sentenceSize": 27
            },
            {
                "sentenceNo": 4,
                "sentenceContent": "무대에 오른 김구라는 “이 자리에 설 수 있어서 너무 감사드린다”라고 밝혔다.",
                "sentenceSize": 43
            },
            {
                "sentenceNo": 5,
                "sentenceContent": "개인 방송을 통해 3사 대상 수상자를 예측한 김구라는 “KBS에서 하는 게 있는데 내 마음대로 해서 너무 좋다. 예측은 변함없다. KBS는 누가 받든 관심 없다고 했는데 편집 당했다. KBS는 문세윤 씨가 받아서 후배에게 기회를 주는 것 자체도 너무 좋은 방향이라 생각한다”라고 화끈한 입담을 자랑했다.",
                "sentenceSize": 169
            },
            {
                "sentenceNo": 6,
                "sentenceContent": "그는 “MBC 같은 경우는 제가 기대할 게 전혀 없고 시상식 자체를 즐기러 왔다. (대상은) 유재석 씨가 받아야 한다. 얼마 전 병마도 극복하고 완벽한 대상 후보인데 거기다 인간 스토리까지, 하늘이 도와준다”라고 말해 웃음을 안겼다.",
                "sentenceSize": 130
            },
            {
                "sentenceNo": 7,
                "sentenceContent": "유재석을 위협하는 인물을 묻는 말에 김구라는 “없다. 저는 시상식이라는 게, 대한민국 쟁쟁한 예능인들의 권위 있는 상이다. 전혀 긴장이 안 되는 건 방송사의 오래된 행태 아니겠느냐”라고 말해 ‘라디오스타’ 식구들에게 내려오라는 항의를 받았다.",
                "sentenceSize": 135
            },
            {
                "sentenceNo": 8,
                "sentenceContent": "그는 “제가 총대 메는 거다. 제 방식대로 재미있게 해야겠다는 생각으로 말씀드린 거다. 이 자리에 매번 선사는 게 무게감, 책임감, 즐거움도 있다. 오늘 상 주셔서 대단히 감사드린다”라고 인사했다.",
                "sentenceSize": 110
            }
        ]
    },
    "labeledDataInfo": {
        "processSentenceInfo": [
            {
                "sentenceNo": 1,
                "sentenceContent": "‘2021 MBC 연예대상’ 김구라가 올해의 예능인상을 받았다.",
                "subjectConsistencyYn": "Y"
            },
            {
                "sentenceNo": 2,
                "sentenceContent": "29일 오후 방송된 ‘2021 MBC 연예대상’에서는 유재석 대상을 예상하는 김구라의 모습이 전파를 탔다.",
                "subjectConsistencyYn": "Y"
            },
            {
                "sentenceNo": 3,
                "sentenceContent": "이날 올해의 예능인상 첫 번째는 김구라가 받았다.",
                "subjectConsistencyYn": "Y"
            },
            {
                "sentenceNo": 4,
                "sentenceContent": "무대에 오른 김구라는 “이 자리에 설 수 있어서 너무 감사드린다”라고 밝혔다.",
                "subjectConsistencyYn": "Y"
            },
            {
                "sentenceNo": 5,
                "sentenceContent": "개인 방송을 통해 3사 대상 수상자를 예측한 김구라는 “KBS에서 하는 게 있는데 내 마음대로 해서 너무 좋다. 예측은 변함없다. KBS는 누가 받든 관심 없다고 했는데 편집 당했다. KBS는 문세윤 씨가 받아서 후배에게 기회를 주는 것 자체도 너무 좋은 방향이라 생각한다”라고 화끈한 입담을 자랑했다.",
                "subjectConsistencyYn": "Y"
            },
            {
                "sentenceNo": 6,
                "sentenceContent": "그는 “MBC 같은 경우는 제가 기대할 게 전혀 없고 시상식 자체를 즐기러 왔다. (대상은) 유재석 씨가 받아야 한다. 얼마 전 병마도 극복하고 완벽한 대상 후보인데 거기다 인간 스토리까지, 하늘이 도와준다”라고 말해 웃음을 안겼다.",
                "subjectConsistencyYn": "Y"
            },
            {
                "sentenceNo": 7,
                "sentenceContent": "유재석을 위협하는 인물을 묻는 말에 김구라는 “없다. 저는 시상식이라는 게, 대한민국 쟁쟁한 예능인들의 권위 있는 상이다. 전혀 긴장이 안 되는 건 방송사의 오래된 행태 아니겠느냐”라고 말해 ‘라디오스타’ 식구들에게 내려오라는 항의를 받았다.",
                "subjectConsistencyYn": "Y"
            },
            {
                "sentenceNo": 8,
                "sentenceContent": "그는 “제가 총대 메는 거다. 제 방식대로 재미있게 해야겠다는 생각으로 말씀드린 거다. 이 자리에 매번 선사는 게 무게감, 책임감, 즐거움도 있다. 오늘 상 주셔서 대단히 감사드린다”라고 인사했다.",
                "subjectConsistencyYn": "Y"
            },
            {
                "sentenceNo": 9,
                "sentenceContent": "‘2021 MBC 연예대상’에서 올해의 예능인상을 받은 김구라가 최근 눈 수술을 했다고 밝혔다.",
                "subjectConsistencyYn": "N"
            },
            {
                "sentenceNo": 10,
                "sentenceContent": "김구라는 “나이가 들면 노화 현상이 일어난다. 백내장이나 치질 수술을 많이 받는다”며, “저도 한쪽 눈 백내장 수술을 했다”고 솔직 고백했다.",
                "subjectConsistencyYn": "N"
            }
        ],
        "clickbaitClass": 0
    }
}