{
    "sourceDataInfo": {
        "newsID": "ET_M13_629561",
        "newsCategory": "연예",
        "newsSubcategory": "음악",
        "newsTitle": "이영지X래원, 내꺼인 듯 내꺼 아닌 내꺼 같은 너",
        "newsSubTitle": "",
        "newsContent": "래퍼 이영지와 래원이 ‘열애 지지’를 받고 있다.\n6일 오후 이영지와 래원은 각각 자신의 채널에 새 앨범 ‘꽃말’의 신곡 ‘프리지아’와 ‘아네모네’ 뮤직비디오를 업로드했다. ‘아네모네’가 이영지가 짝사랑했던 기억을 표현한 곡이라면, ‘프리지아’는 친구였던 두 사람이 ‘친구 아닌 친구’같은 애매한 사이가 된 내용을 담았다.\n뮤직비디오 속 이영지와 래원은 사랑스러운 커플 연기를 실감나게 소화하는가 하면 연인이 싸우는 모습까지 자연스럽게 연기해 호평을 받았다.\n이 모습은 마치 ‘현실 커플’ 같기도 해 누리꾼들은 사이의 반응은 더욱 뜨거웠다.\n누리꾼들은 “이제 그냥 사귄다고 말해라”, “나만 과몰입 하는거냐”라며 둘 사이를 응원하고 있다.\n두 래퍼의 뮤직비디오가 더욱 화제가 되는 이유는 실제로 이영지가 래원에게 호감을 표시한 적이 있기 때문이다.\n지난해 이영지는 한 유튜브 채널에 출연해 “래원에게 고백을 했지만 거절 당했고, 우리는 친구 사이로 잘 지내고 있다”고 밝힌 바 있다.\n이영지와 래원은 이때의 경험을 바탕으로 이번 신곡의 가사를 작업한 것으로 알려졌다.\n20대의 연애 감정에 가감 없는 모습을 보여준 그들의 행보는 많은 이들의 지지를 받았다.\n나아가 두 사람은 다양한 콘텐츠에 함께 출연하고, 바디 프로필 촬영을 위해 합숙에 들어가는 등 ‘친구 아닌 친구’ 같은 가까운 모습을 보여줘 앨범 작업을 너머 실제 커플로까지 이어졌으면 좋겠다는 대중들의 응원은 이어졌다.\n달달한 실제 커플의 탄생인지, 신곡 퍼포먼스의 연장선상일지 앞으로 그들의 관계에 대중들의 관심이 집중되고 있다.",
        "partNum": "P2",
        "useType": 0,
        "processType": "D",
        "processPattern": "24",
        "processLevel": "상",
        "sentenceCount": 11,
        "processSentencenum": 2,
        "sentenceInfo": [
            {
                "sentenceNo": 1,
                "sentenceContent": "래퍼 이영지와 래원이 ‘열애 지지’를 받고 있다.",
                "sentenceSize": 27
            },
            {
                "sentenceNo": 2,
                "sentenceContent": "6일 오후 이영지와 래원은 각각 자신의 채널에 새 앨범 ‘꽃말’의 신곡 ‘프리지아’와 ‘아네모네’ 뮤직비디오를 업로드했다. ‘아네모네’가 이영지가 짝사랑했던 기억을 표현한 곡이라면, ‘프리지아’는 친구였던 두 사람이 ‘친구 아닌 친구’같은 애매한 사이가 된 내용을 담았다.",
                "sentenceSize": 152
            },
            {
                "sentenceNo": 3,
                "sentenceContent": "뮤직비디오 속 이영지와 래원은 사랑스러운 커플 연기를 실감나게 소화하는가 하면 연인이 싸우는 모습까지 자연스럽게 연기해 호평을 받았다.",
                "sentenceSize": 75
            },
            {
                "sentenceNo": 4,
                "sentenceContent": "이 모습은 마치 ‘현실 커플’ 같기도 해 누리꾼들은 사이의 반응은 더욱 뜨거웠다.",
                "sentenceSize": 45
            },
            {
                "sentenceNo": 5,
                "sentenceContent": "누리꾼들은 “이제 그냥 사귄다고 말해라”, “나만 과몰입 하는거냐”라며 둘 사이를 응원하고 있다.",
                "sentenceSize": 54
            },
            {
                "sentenceNo": 6,
                "sentenceContent": "두 래퍼의 뮤직비디오가 더욱 화제가 되는 이유는 실제로 이영지가 래원에게 호감을 표시한 적이 있기 때문이다.",
                "sentenceSize": 60
            },
            {
                "sentenceNo": 7,
                "sentenceContent": "지난해 이영지는 한 유튜브 채널에 출연해 “래원에게 고백을 했지만 거절 당했고, 우리는 친구 사이로 잘 지내고 있다”고 밝힌 바 있다.",
                "sentenceSize": 75
            },
            {
                "sentenceNo": 8,
                "sentenceContent": "이영지와 래원은 이때의 경험을 바탕으로 이번 신곡의 가사를 작업한 것으로 알려졌다.",
                "sentenceSize": 46
            },
            {
                "sentenceNo": 9,
                "sentenceContent": "20대의 연애 감정에 가감 없는 모습을 보여준 그들의 행보는 많은 이들의 지지를 받았다.",
                "sentenceSize": 49
            },
            {
                "sentenceNo": 10,
                "sentenceContent": "나아가 두 사람은 다양한 콘텐츠에 함께 출연하고, 바디 프로필 촬영을 위해 합숙에 들어가는 등 ‘친구 아닌 친구’ 같은 가까운 모습을 보여줘 앨범 작업을 너머 실제 커플로까지 이어졌으면 좋겠다는 대중들의 응원은 이어졌다.",
                "sentenceSize": 123
            },
            {
                "sentenceNo": 11,
                "sentenceContent": "달달한 실제 커플의 탄생인지, 신곡 퍼포먼스의 연장선상일지 앞으로 그들의 관계에 대중들의 관심이 집중되고 있다.",
                "sentenceSize": 62
            }
        ]
    },
    "labeledDataInfo": {
        "processSentenceInfo": [
            {
                "sentenceNo": 1,
                "sentenceContent": "래퍼 이영지와 래원이 ‘열애 지지’를 받고 있다.",
                "subjectConsistencyYn": "Y"
            },
            {
                "sentenceNo": 2,
                "sentenceContent": "6일 오후 이영지와 래원은 각각 자신의 채널에 새 앨범 ‘꽃말’의 신곡 ‘프리지아’와 ‘아네모네’ 뮤직비디오를 업로드했다. ‘아네모네’가 이영지가 짝사랑했던 기억을 표현한 곡이라면, ‘프리지아’는 친구였던 두 사람이 ‘친구 아닌 친구’같은 애매한 사이가 된 내용을 담았다.",
                "subjectConsistencyYn": "Y"
            },
            {
                "sentenceNo": 3,
                "sentenceContent": "뮤직비디오 속 이영지와 래원은 사랑스러운 커플 연기를 실감나게 소화하는가 하면 연인이 싸우는 모습까지 자연스럽게 연기해 호평을 받았다.",
                "subjectConsistencyYn": "Y"
            },
            {
                "sentenceNo": 4,
                "sentenceContent": "이 모습은 마치 ‘현실 커플’ 같기도 해 누리꾼들은 사이의 반응은 더욱 뜨거웠다.",
                "subjectConsistencyYn": "Y"
            },
            {
                "sentenceNo": 5,
                "sentenceContent": "누리꾼들은 “이제 그냥 사귄다고 말해라”, “나만 과몰입 하는거냐”라며 둘 사이를 응원하고 있다.",
                "subjectConsistencyYn": "Y"
            },
            {
                "sentenceNo": 6,
                "sentenceContent": "두 래퍼의 뮤직비디오가 더욱 화제가 되는 이유는 실제로 이영지가 래원에게 호감을 표시한 적이 있기 때문이다.",
                "subjectConsistencyYn": "Y"
            },
            {
                "sentenceNo": 7,
                "sentenceContent": "지난해 이영지는 한 유튜브 채널에 출연해 “래원에게 고백을 했지만 거절 당했고, 우리는 친구 사이로 잘 지내고 있다”고 밝힌 바 있다.",
                "subjectConsistencyYn": "Y"
            },
            {
                "sentenceNo": 8,
                "sentenceContent": "이영지와 래원은 이때의 경험을 바탕으로 이번 신곡의 가사를 작업한 것으로 알려졌다.",
                "subjectConsistencyYn": "Y"
            },
            {
                "sentenceNo": 9,
                "sentenceContent": "20대의 연애 감정에 가감 없는 모습을 보여준 그들의 행보는 많은 이들의 지지를 받았다.",
                "subjectConsistencyYn": "Y"
            },
            {
                "sentenceNo": 10,
                "sentenceContent": "나아가 두 사람은 다양한 콘텐츠에 함께 출연하고, 바디 프로필 촬영을 위해 합숙에 들어가는 등 ‘친구 아닌 친구’ 같은 가까운 모습을 보여줘 앨범 작업을 너머 실제 커플로까지 이어졌으면 좋겠다는 대중들의 응원은 이어졌다.",
                "subjectConsistencyYn": "Y"
            },
            {
                "sentenceNo": 11,
                "sentenceContent": "달달한 실제 커플의 탄생인지, 신곡 퍼포먼스의 연장선상일지 앞으로 그들의 관계에 대중들의 관심이 집중되고 있다.",
                "subjectConsistencyYn": "Y"
            },
            {
                "sentenceNo": 12,
                "sentenceContent": "래퍼 이영지와 래원이 팬들로부터 '열애 지지'를 받고있는 한편, 최근 이영지는 유튜브 채널 '차린건 없지만'측과 갈등을 빚고 있다고 폭로했다.",
                "subjectConsistencyYn": "N"
            },
            {
                "sentenceNo": 13,
                "sentenceContent": "이영지는 11일 자신의 SNS에 \"모종의 이유로 '차없(차린건 없지만)' 원래 채널을 뺏겼다\"라며, 새 채널 '차린건 쥐뿔도 없지만'을 새롭게 홍보했다.",
                "subjectConsistencyYn": "N"
            }
        ],
        "clickbaitClass": 0
    }
}