{
    "sourceDataInfo": {
        "newsID": "ET_M13_629302",
        "newsCategory": "연예",
        "newsSubcategory": "방송",
        "newsTitle": "‘도시어부’ 이경규 “딸 시집보내니 어복이 돌아왔다”",
        "newsSubTitle": "",
        "newsContent": "방송인 이경규가 딸 이예림 양의 결혼 소감을 밝힌다. 23일 채널A 예능 ‘나만 믿고 따라와, 도시어부 시즌3’ 에서는 낚신(神) 박진철 프로와 함께 가거도에서 감성돔 낚시 대결을 벌인다.\n이날은 도시어부 최초로 이경규, 이수근, 김준현으로 구성된 희극인팀대 이덕화, 박진철, 이태곤으로 결성된 비극인(비희극인)팀이 치열한 한 판 승부를 벌인다.\n낚시 초반 등 명장들이 속한 비극인팀의 우세가 계속된 가운데, 누구도 예상 못한 반전 드라마가 전개된다.\n바로 이경규의 사라졌던 어복이 다시 돌아오며 예상못한 ‘역전의 역전’ 승부가 펼쳐지는 것. 이경규는 감성돔을 낚으며 “딸 시집 보내고 나니까 어복이 돌아왔다”며 흥분했고, 박진철 프로는 “미치겠다”며 다급한 모습을 보이다 고기를 놓치는 등 굴욕적인 모습을 보인다.\n이경규는 이에 “박프로, 좀 보고 배워라”고 응수해 현장을 웃음 바다로 만든다.\n방송은 이날 오후 10시 30분.",
        "partNum": "P2",
        "useType": 0,
        "processType": "D",
        "processPattern": "24",
        "processLevel": "상",
        "sentenceCount": 6,
        "processSentencenum": 2,
        "sentenceInfo": [
            {
                "sentenceNo": 1,
                "sentenceContent": "방송인 이경규가 딸 이예림 양의 결혼 소감을 밝힌다. 23일 채널A 예능 ‘나만 믿고 따라와, 도시어부 시즌3’ 에서는 낚신(神) 박진철 프로와 함께 가거도에서 감성돔 낚시 대결을 벌인다.",
                "sentenceSize": 105
            },
            {
                "sentenceNo": 2,
                "sentenceContent": "이날은 도시어부 최초로 이경규, 이수근, 김준현으로 구성된 희극인팀대 이덕화, 박진철, 이태곤으로 결성된 비극인(비희극인)팀이 치열한 한 판 승부를 벌인다.",
                "sentenceSize": 87
            },
            {
                "sentenceNo": 3,
                "sentenceContent": "낚시 초반 등 명장들이 속한 비극인팀의 우세가 계속된 가운데, 누구도 예상 못한 반전 드라마가 전개된다.",
                "sentenceSize": 58
            },
            {
                "sentenceNo": 4,
                "sentenceContent": "바로 이경규의 사라졌던 어복이 다시 돌아오며 예상못한 ‘역전의 역전’ 승부가 펼쳐지는 것. 이경규는 감성돔을 낚으며 “딸 시집 보내고 나니까 어복이 돌아왔다”며 흥분했고, 박진철 프로는 “미치겠다”며 다급한 모습을 보이다 고기를 놓치는 등 굴욕적인 모습을 보인다.",
                "sentenceSize": 147
            },
            {
                "sentenceNo": 5,
                "sentenceContent": "이경규는 이에 “박프로, 좀 보고 배워라”고 응수해 현장을 웃음 바다로 만든다.",
                "sentenceSize": 44
            },
            {
                "sentenceNo": 6,
                "sentenceContent": "방송은 이날 오후 10시 30분.",
                "sentenceSize": 18
            }
        ]
    },
    "labeledDataInfo": {
        "processSentenceInfo": [
            {
                "sentenceNo": 1,
                "sentenceContent": "방송인 이경규가 딸 이예림 양의 결혼 소감을 밝힌다. 23일 채널A 예능 ‘나만 믿고 따라와, 도시어부 시즌3’ 에서는 낚신(神) 박진철 프로와 함께 가거도에서 감성돔 낚시 대결을 벌인다.",
                "subjectConsistencyYn": "Y"
            },
            {
                "sentenceNo": 2,
                "sentenceContent": "이날은 도시어부 최초로 이경규, 이수근, 김준현으로 구성된 희극인팀대 이덕화, 박진철, 이태곤으로 결성된 비극인(비희극인)팀이 치열한 한 판 승부를 벌인다.",
                "subjectConsistencyYn": "Y"
            },
            {
                "sentenceNo": 3,
                "sentenceContent": "낚시 초반 등 명장들이 속한 비극인팀의 우세가 계속된 가운데, 누구도 예상 못한 반전 드라마가 전개된다.",
                "subjectConsistencyYn": "Y"
            },
            {
                "sentenceNo": 4,
                "sentenceContent": "바로 이경규의 사라졌던 어복이 다시 돌아오며 예상못한 ‘역전의 역전’ 승부가 펼쳐지는 것. 이경규는 감성돔을 낚으며 “딸 시집 보내고 나니까 어복이 돌아왔다”며 흥분했고, 박진철 프로는 “미치겠다”며 다급한 모습을 보이다 고기를 놓치는 등 굴욕적인 모습을 보인다.",
                "subjectConsistencyYn": "Y"
            },
            {
                "sentenceNo": 5,
                "sentenceContent": "이경규는 이에 “박프로, 좀 보고 배워라”고 응수해 현장을 웃음 바다로 만든다.",
                "subjectConsistencyYn": "Y"
            },
            {
                "sentenceNo": 6,
                "sentenceContent": "방송은 이날 오후 10시 30분.",
                "subjectConsistencyYn": "Y"
            },
            {
                "sentenceNo": 7,
                "sentenceContent": "'도시어부'의 이경규가 딸 이예림 양의 결혼 소감을 밝힌 가운데, 예능 '호적메이트'에서는 \"딸 이예림이 출연하는 드라마는 전부 안 본다\"라고 밝혔다.",
                "subjectConsistencyYn": "N"
            },
            {
                "sentenceNo": 8,
                "sentenceContent": "이경규는 딸이 출연하는 드라마를 보지 않은 이유에 대해 \"보게 되면 연기를 한 두 마디 지적할까 봐. 압박받을 수 있다. 저는 안 봤다\"라고 설명했다.",
                "subjectConsistencyYn": "N"
            }
        ],
        "clickbaitClass": 0
    }
}