{
    "sourceDataInfo": {
        "newsID": "ET_M03_627233",
        "newsCategory": "연예",
        "newsSubcategory": "연예가화제",
        "newsTitle": "방송인 김경란, 김상민 전 의원과 이혼…‘결혼 3년만에 파경’",
        "newsSubTitle": "",
        "newsContent": "김경란 전 KBS 아나운서가 남편 김상민 전 국회의원과 이혼했다.\n24일 오전 한 매체는 김 전 아나운서와 김 전 의원이 한 달여 간의 이혼 숙려 기간을 거치고 3년간 이어진 결혼 생활을 정리했다고 전했다.\n이에 김 전 아나운서의 소속사인 라인 엔터테인먼트 측은 보도된 내용이 사실이라며 두 사람이 합의하에 이혼했다고 밝혔다.\n정확한 이혼 사유는 알려지지 않았다.\n김 전 아나운서와 김 전 의원은 2015년 1월 결혼식을 올렸다.\n두 사람 모두 교인으로 신앙이라는 공통분모로 교제를 해왔던 것으로 알려졌다.\n김 전 아나운서는 지난 2001년 KBS 27기 공채 아나운서로 입사해 2012년까지 ‘스펀지’ ‘사랑의 리퀘스트’ 등의 프로그램을 진행했다.\n이후 프리를 선언했고, 이후에는 ‘더 지니어스’ 등에 출연하며 활동 폭을 넓혔다.\n김 전 의원은 아주대 총학생회장 출신으로 지난 2012년 제19대 국회의원 선거에서 당시 새누리당 비례대표로 국회 입성했다.\n하지만 20대 총선에서 낙선한 이후 바른정당과 바른미래당으로 당적을 옮겼다.",
        "partNum": "P2",
        "useType": 0,
        "processType": "D",
        "processPattern": "23",
        "processLevel": "중",
        "sentenceCount": 10,
        "processSentencenum": 2,
        "sentenceInfo": [
            {
                "sentenceNo": 1,
                "sentenceContent": "김경란 전 KBS 아나운서가 남편 김상민 전 국회의원과 이혼했다.",
                "sentenceSize": 36
            },
            {
                "sentenceNo": 2,
                "sentenceContent": "24일 오전 한 매체는 김 전 아나운서와 김 전 의원이 한 달여 간의 이혼 숙려 기간을 거치고 3년간 이어진 결혼 생활을 정리했다고 전했다.",
                "sentenceSize": 78
            },
            {
                "sentenceNo": 3,
                "sentenceContent": "이에 김 전 아나운서의 소속사인 라인 엔터테인먼트 측은 보도된 내용이 사실이라며 두 사람이 합의하에 이혼했다고 밝혔다.",
                "sentenceSize": 66
            },
            {
                "sentenceNo": 4,
                "sentenceContent": "정확한 이혼 사유는 알려지지 않았다.",
                "sentenceSize": 20
            },
            {
                "sentenceNo": 5,
                "sentenceContent": "김 전 아나운서와 김 전 의원은 2015년 1월 결혼식을 올렸다.",
                "sentenceSize": 36
            },
            {
                "sentenceNo": 6,
                "sentenceContent": "두 사람 모두 교인으로 신앙이라는 공통분모로 교제를 해왔던 것으로 알려졌다.",
                "sentenceSize": 42
            },
            {
                "sentenceNo": 7,
                "sentenceContent": "김 전 아나운서는 지난 2001년 KBS 27기 공채 아나운서로 입사해 2012년까지 ‘스펀지’ ‘사랑의 리퀘스트’ 등의 프로그램을 진행했다.",
                "sentenceSize": 79
            },
            {
                "sentenceNo": 8,
                "sentenceContent": "이후 프리를 선언했고, 이후에는 ‘더 지니어스’ 등에 출연하며 활동 폭을 넓혔다.",
                "sentenceSize": 45
            },
            {
                "sentenceNo": 9,
                "sentenceContent": "김 전 의원은 아주대 총학생회장 출신으로 지난 2012년 제19대 국회의원 선거에서 당시 새누리당 비례대표로 국회 입성했다.",
                "sentenceSize": 69
            },
            {
                "sentenceNo": 10,
                "sentenceContent": "하지만 20대 총선에서 낙선한 이후 바른정당과 바른미래당으로 당적을 옮겼다.",
                "sentenceSize": 42
            }
        ]
    },
    "labeledDataInfo": {
        "processSentenceInfo": [
            {
                "sentenceNo": 1,
                "sentenceContent": "김경란 전 KBS 아나운서가 남편 김상민 전 국회의원과 이혼했다.",
                "subjectConsistencyYn": "Y"
            },
            {
                "sentenceNo": 2,
                "sentenceContent": "24일 오전 한 매체는 김 전 아나운서와 김 전 의원이 한 달여 간의 이혼 숙려 기간을 거치고 3년간 이어진 결혼 생활을 정리했다고 전했다.",
                "subjectConsistencyYn": "Y"
            },
            {
                "sentenceNo": 3,
                "sentenceContent": "이에 김 전 아나운서의 소속사인 라인 엔터테인먼트 측은 보도된 내용이 사실이라며 두 사람이 합의하에 이혼했다고 밝혔다.",
                "subjectConsistencyYn": "Y"
            },
            {
                "sentenceNo": 4,
                "sentenceContent": "정확한 이혼 사유는 알려지지 않았다.",
                "subjectConsistencyYn": "Y"
            },
            {
                "sentenceNo": 5,
                "sentenceContent": "김 전 아나운서와 김 전 의원은 2015년 1월 결혼식을 올렸다.",
                "subjectConsistencyYn": "Y"
            },
            {
                "sentenceNo": 6,
                "sentenceContent": "두 사람 모두 교인으로 신앙이라는 공통분모로 교제를 해왔던 것으로 알려졌다.",
                "subjectConsistencyYn": "Y"
            },
            {
                "sentenceNo": 7,
                "sentenceContent": "김 전 아나운서는 지난 2001년 KBS 27기 공채 아나운서로 입사해 2012년까지 ‘스펀지’ ‘사랑의 리퀘스트’ 등의 프로그램을 진행했다.",
                "subjectConsistencyYn": "Y"
            },
            {
                "sentenceNo": 8,
                "sentenceContent": "이후 프리를 선언했고, 이후에는 ‘더 지니어스’ 등에 출연하며 활동 폭을 넓혔다.",
                "subjectConsistencyYn": "Y"
            },
            {
                "sentenceNo": 9,
                "sentenceContent": "김 전 의원은 아주대 총학생회장 출신으로 지난 2012년 제19대 국회의원 선거에서 당시 새누리당 비례대표로 국회 입성했다.",
                "subjectConsistencyYn": "Y"
            },
            {
                "sentenceNo": 10,
                "sentenceContent": "하지만 20대 총선에서 낙선한 이후 바른정당과 바른미래당으로 당적을 옮겼다.",
                "subjectConsistencyYn": "Y"
            },
            {
                "sentenceNo": 11,
                "sentenceContent": "한편, 남편과의 이혼 문제로 심신이 고단한 방송인 김경란이 자주 이용하는 에브리바디 타이마사지가 전통 아로마 마사지로 현대인들의 지친 몸과 마음을 달래줄 수 있는 마사지숍으로 유명세를 치르고 있다.",
                "subjectConsistencyYn": "N"
            },
            {
                "sentenceNo": 12,
                "sentenceContent": "에브리바디 타이마사지는 현장 결제 시 5,000원의 할인이 되고 회원권 10회 결제 시 1회 무료 이용권이 주어지는 등 저렴한 가격으로 이용이 가능하며 강남역 근처로 접근성이 용이해 많은 사람들이 찾고 있다.",
                "subjectConsistencyYn": "N"
            }
        ],
        "clickbaitClass": 0
    }
}