{
    "sourceDataInfo": {
        "newsID": "ET_M03_627320",
        "newsCategory": "연예",
        "newsSubcategory": "연예가화제",
        "newsTitle": "할머니가 말한 배우자 고를 때 재산보다 중요한 조건",
        "newsSubTitle": "",
        "newsContent": "할머니가 직접 밝힌 배우자 고르는 조건에 많은 네티즌이 공감하고 있다.\n과거 SBS 리얼리티 다큐멘터리 '달콤한 나의 도시'에서는 서른살이 가까워진 일반인 여성의 일상과 고민을 다뤘다.\n이 프로그램의 출연자 중 한명은 가족들과 식사 후 \\\"결혼은 언제 하냐\\\"고 묻는 할머니에게 \\\"내가 어떤 사람이랑 결혼하면 좋겠어?\\\"라고 되물었다.\n이에 할머니가 \\\"일단 비슷한 나이(였으면 좋겠다)\\\"고 답하자 \\\"뭐 하는 사람이면 좋겠어?\\\"라고 다시 물었다.\n그러자 할머니는 \\\"뭐하는 지는 중요한 게 아니다\\\"라며 \\\"재산이니 재물이니 해도 첫째는 외모지!\\\"라고 말했다.\n예상치 못한 대답에 가족들 모두 웃음을 터트리자 \\\"잘생긴 게 제일 이거야\\\"라고 외치며 엄지손가락을 치켜들었다.\n할머니의 솔직한 대답을 본 네티즌들은 \\\"연륜이 느껴진다\\\" \\\"역시 현명하시다\\\" \\\"잘생긴 게 최고야, 늘 새로워, 짜릿해!\\\" 등의 반응을 보였다.",
        "partNum": "P2",
        "useType": 0,
        "processType": "D",
        "processPattern": "23",
        "processLevel": "중",
        "sentenceCount": 7,
        "processSentencenum": 2,
        "sentenceInfo": [
            {
                "sentenceNo": 1,
                "sentenceContent": "할머니가 직접 밝힌 배우자 고르는 조건에 많은 네티즌이 공감하고 있다.",
                "sentenceSize": 39
            },
            {
                "sentenceNo": 2,
                "sentenceContent": "과거 SBS 리얼리티 다큐멘터리 '달콤한 나의 도시'에서는 서른살이 가까워진 일반인 여성의 일상과 고민을 다뤘다.",
                "sentenceSize": 63
            },
            {
                "sentenceNo": 3,
                "sentenceContent": "이 프로그램의 출연자 중 한명은 가족들과 식사 후 \\\"결혼은 언제 하냐\\\"고 묻는 할머니에게 \\\"내가 어떤 사람이랑 결혼하면 좋겠어?\\\"라고 되물었다.",
                "sentenceSize": 84
            },
            {
                "sentenceNo": 4,
                "sentenceContent": "이에 할머니가 \\\"일단 비슷한 나이(였으면 좋겠다)\\\"고 답하자 \\\"뭐 하는 사람이면 좋겠어?\\\"라고 다시 물었다.",
                "sentenceSize": 64
            },
            {
                "sentenceNo": 5,
                "sentenceContent": "그러자 할머니는 \\\"뭐하는 지는 중요한 게 아니다\\\"라며 \\\"재산이니 재물이니 해도 첫째는 외모지!\\\"라고 말했다.",
                "sentenceSize": 64
            },
            {
                "sentenceNo": 6,
                "sentenceContent": "예상치 못한 대답에 가족들 모두 웃음을 터트리자 \\\"잘생긴 게 제일 이거야\\\"라고 외치며 엄지손가락을 치켜들었다.",
                "sentenceSize": 63
            },
            {
                "sentenceNo": 7,
                "sentenceContent": "할머니의 솔직한 대답을 본 네티즌들은 \\\"연륜이 느껴진다\\\" \\\"역시 현명하시다\\\" \\\"잘생긴 게 최고야, 늘 새로워, 짜릿해!\\\" 등의 반응을 보였다.",
                "sentenceSize": 85
            }
        ]
    },
    "labeledDataInfo": {
        "processSentenceInfo": [
            {
                "sentenceNo": 1,
                "sentenceContent": "할머니가 직접 밝힌 배우자 고르는 조건에 많은 네티즌이 공감하고 있다.",
                "subjectConsistencyYn": "Y"
            },
            {
                "sentenceNo": 2,
                "sentenceContent": "과거 SBS 리얼리티 다큐멘터리 '달콤한 나의 도시'에서는 서른살이 가까워진 일반인 여성의 일상과 고민을 다뤘다.",
                "subjectConsistencyYn": "Y"
            },
            {
                "sentenceNo": 3,
                "sentenceContent": "이 프로그램의 출연자 중 한명은 가족들과 식사 후 \\\"결혼은 언제 하냐\\\"고 묻는 할머니에게 \\\"내가 어떤 사람이랑 결혼하면 좋겠어?\\\"라고 되물었다.",
                "subjectConsistencyYn": "Y"
            },
            {
                "sentenceNo": 4,
                "sentenceContent": "이에 할머니가 \\\"일단 비슷한 나이(였으면 좋겠다)\\\"고 답하자 \\\"뭐 하는 사람이면 좋겠어?\\\"라고 다시 물었다.",
                "subjectConsistencyYn": "Y"
            },
            {
                "sentenceNo": 5,
                "sentenceContent": "그러자 할머니는 \\\"뭐하는 지는 중요한 게 아니다\\\"라며 \\\"재산이니 재물이니 해도 첫째는 외모지!\\\"라고 말했다.",
                "subjectConsistencyYn": "Y"
            },
            {
                "sentenceNo": 6,
                "sentenceContent": "예상치 못한 대답에 가족들 모두 웃음을 터트리자 \\\"잘생긴 게 제일 이거야\\\"라고 외치며 엄지손가락을 치켜들었다.",
                "subjectConsistencyYn": "Y"
            },
            {
                "sentenceNo": 7,
                "sentenceContent": "할머니의 솔직한 대답을 본 네티즌들은 \\\"연륜이 느껴진다\\\" \\\"역시 현명하시다\\\" \\\"잘생긴 게 최고야, 늘 새로워, 짜릿해!\\\" 등의 반응을 보였다.",
                "subjectConsistencyYn": "Y"
            },
            {
                "sentenceNo": 8,
                "sentenceContent": "재산보다 외모가 중요하다는 할머니의 말에 많은 네티즌들이 공감한 가운데, SBS는 신규 예능 `SBS 리바이벌`에 관한 소식을 전했다.",
                "subjectConsistencyYn": "N"
            },
            {
                "sentenceNo": 9,
                "sentenceContent": "`SBS 리바이벌`은 `달콤한 나의 도시`처럼 과거에 SBS에서 방송되었던 영상을 보며 패널들의 감상을 전달하는 리뷰 프로그램으로, 이번 주 토요일 밤 11시에 첫 방송된다.",
                "subjectConsistencyYn": "N"
            }
        ],
        "clickbaitClass": 0
    }
}