{
    "sourceDataInfo": {
        "newsID": "ET_M03_627230",
        "newsCategory": "연예",
        "newsSubcategory": "연예가화제",
        "newsTitle": "SBS ‘백종원의 골목식당’ 억대 협찬 논란…시민단체 “계약서 공개하라”",
        "newsSubTitle": "",
        "newsContent": "비영리시민단체 ‘NPO 주민참여’는 SBS ‘백종원의 골목식당’(이하 골목식당)과 인천시 중구청 간 체결한 계약서를 공개하라는 행정심판을 청구했다고 22일 밝혔다.\n앞서 지난 16일 ‘골목식당’은 논란의 중심에 섰다.\n인천 중구청으로부터 제작협찬금 2억원을 받기로 했다는 사실이 드러났기 때문이다.\n협찬을 받고 소개한 곳은 인천 중구 신포시장 청년몰이다.\n이곳은 지난 6월 문을 열었기 때문에 ‘죽은 상권 살리기’라는 이 프로그램의 취지에 맞지 않는다는 지적이 나왔다. ‘골목식당’은 이전까지 방영한 서울 중구·마포구·용산구·성동구·서대문구 등 골목의 지자체로부터는 제작협찬금을 받지 않았다.\n이런 사실이 알려지자 NPO 주민참여는 국민 혈세가 투입됐다고 비판하며 계약서 공개를 요구했다.\n그러나 이는 받아들여지지 않았다.\nNPO 주민참여는 지난 20일 페이스북을 통해 “SBS는 계약서상 ‘영업상 비밀’ 등 사유로 계약서 비공개 요청을 해왔고, 인천 중구청은 정보공개법에 따른 비공개 사유를 들어 계약서를 비공개하고 있다”고 밝혔다.\nSBS와 인천 중구청이 계약서를 공개하지 않자 NPO 주민참여는 인천시행정심판위원회에 “‘골목식당’과 인천 중구청 간 계약서를 공개해달라”며 행정심판을 청구했다.\nNPO 주민참여에 따르면 이들은 청구서에서 “피청구인(인천 중구청)은 ‘골목식당’에 광고성 비용으로 제작협찬금 명목으로 혈세 2억원을 집행했다”며 “이날까지 피청구인과 ‘골목식당’ 측은 2억원의 광고비성 비용의 구체적이고 합리적인 타당한 근거를 제시하지 않고 있다”고 주장했다.\n그러면서 “통상적으로 용역 등 관련된 예산 집행 시 그 용역 계약서는 당연히 공개되고 있다. 이는 해당 예산이 투명하게 관련 규정을 준수해 집행됐는지를 확인하는 목적으로 너무나 당연한 공개정보”라며 “SBS 측과 광고비성 비용으로 2억원을 집행한 사실을 증명하고 그 2억원 예산 집행을 위한 세부 조건 등을 포함하고 있는 해당 계약서가 공개된다고 해서 ‘골목식당’의 정당한 이익을 해치지 않는다”고 지적했다.\n이들은 “피청구인에게서 제작협찬금으로 수령한 2억원의 산출 근거 등이 계약서에 명기돼 있어도 이 정보는 ‘골목식당’의 영업상 비밀이 아니다”라며 “오히려 다른 구청들에서는 받지 않았던 2억원의 제작협찬금이 지방재정법 등 관련 규정에 비추어 투명한 지출이었느냐는 확인할 수 있게 돼 공공의 이점이 훨씬 크다”고 덧붙였다. ‘골목식당’ 측은 인천 중구청으로부터 제작협찬금을 받은 것이 프로그램의 원래 취지에 어긋나지 않았다는 입장이다.\n제작진 측은 “청년몰을 살린다는 부분도 기존 골목식당이 내세우는 취지와 맞다고 생각했다”며 “협찬을 받는 과정에서 방송법 등을 준수했다”고 말했다.\n방송사가 프로그램 제작 시 협찬을 받는 것은 법적으로 문제가 없다.\n현행 방송법상 협찬을 받아도 이를 반드시 고지해야 할 의무는 없다.\n인천 중구청 측도 지역 홍보를 위한 취지였다는 설명이다.\n관계자는 “‘골목식당’ 프로그램 종료 후 대부분의 상권이 다시 활기를 찾는 등 우리 구의 시책 추진 방향과 여러모로 부합되는 측면이 있어 협약을 맺게 됐다”고 말했다.",
        "partNum": "P2",
        "useType": 0,
        "processType": "D",
        "processPattern": "23",
        "processLevel": "중",
        "sentenceCount": 17,
        "processSentencenum": 2,
        "sentenceInfo": [
            {
                "sentenceNo": 1,
                "sentenceContent": "비영리시민단체 ‘NPO 주민참여’는 SBS ‘백종원의 골목식당’(이하 골목식당)과 인천시 중구청 간 체결한 계약서를 공개하라는 행정심판을 청구했다고 22일 밝혔다.",
                "sentenceSize": 91
            },
            {
                "sentenceNo": 2,
                "sentenceContent": "앞서 지난 16일 ‘골목식당’은 논란의 중심에 섰다.",
                "sentenceSize": 29
            },
            {
                "sentenceNo": 3,
                "sentenceContent": "인천 중구청으로부터 제작협찬금 2억원을 받기로 했다는 사실이 드러났기 때문이다.",
                "sentenceSize": 44
            },
            {
                "sentenceNo": 4,
                "sentenceContent": "협찬을 받고 소개한 곳은 인천 중구 신포시장 청년몰이다.",
                "sentenceSize": 31
            },
            {
                "sentenceNo": 5,
                "sentenceContent": "이곳은 지난 6월 문을 열었기 때문에 ‘죽은 상권 살리기’라는 이 프로그램의 취지에 맞지 않는다는 지적이 나왔다. ‘골목식당’은 이전까지 방영한 서울 중구·마포구·용산구·성동구·서대문구 등 골목의 지자체로부터는 제작협찬금을 받지 않았다.",
                "sentenceSize": 132
            },
            {
                "sentenceNo": 6,
                "sentenceContent": "이런 사실이 알려지자 NPO 주민참여는 국민 혈세가 투입됐다고 비판하며 계약서 공개를 요구했다.",
                "sentenceSize": 53
            },
            {
                "sentenceNo": 7,
                "sentenceContent": "그러나 이는 받아들여지지 않았다.",
                "sentenceSize": 18
            },
            {
                "sentenceNo": 8,
                "sentenceContent": "NPO 주민참여는 지난 20일 페이스북을 통해 “SBS는 계약서상 ‘영업상 비밀’ 등 사유로 계약서 비공개 요청을 해왔고, 인천 중구청은 정보공개법에 따른 비공개 사유를 들어 계약서를 비공개하고 있다”고 밝혔다.",
                "sentenceSize": 118
            },
            {
                "sentenceNo": 9,
                "sentenceContent": "SBS와 인천 중구청이 계약서를 공개하지 않자 NPO 주민참여는 인천시행정심판위원회에 “‘골목식당’과 인천 중구청 간 계약서를 공개해달라”며 행정심판을 청구했다.",
                "sentenceSize": 90
            },
            {
                "sentenceNo": 10,
                "sentenceContent": "NPO 주민참여에 따르면 이들은 청구서에서 “피청구인(인천 중구청)은 ‘골목식당’에 광고성 비용으로 제작협찬금 명목으로 혈세 2억원을 집행했다”며 “이날까지 피청구인과 ‘골목식당’ 측은 2억원의 광고비성 비용의 구체적이고 합리적인 타당한 근거를 제시하지 않고 있다”고 주장했다.",
                "sentenceSize": 155
            },
            {
                "sentenceNo": 11,
                "sentenceContent": "그러면서 “통상적으로 용역 등 관련된 예산 집행 시 그 용역 계약서는 당연히 공개되고 있다. 이는 해당 예산이 투명하게 관련 규정을 준수해 집행됐는지를 확인하는 목적으로 너무나 당연한 공개정보”라며 “SBS 측과 광고비성 비용으로 2억원을 집행한 사실을 증명하고 그 2억원 예산 집행을 위한 세부 조건 등을 포함하고 있는 해당 계약서가 공개된다고 해서 ‘골목식당’의 정당한 이익을 해치지 않는다”고 지적했다.",
                "sentenceSize": 228
            },
            {
                "sentenceNo": 12,
                "sentenceContent": "이들은 “피청구인에게서 제작협찬금으로 수령한 2억원의 산출 근거 등이 계약서에 명기돼 있어도 이 정보는 ‘골목식당’의 영업상 비밀이 아니다”라며 “오히려 다른 구청들에서는 받지 않았던 2억원의 제작협찬금이 지방재정법 등 관련 규정에 비추어 투명한 지출이었느냐는 확인할 수 있게 돼 공공의 이점이 훨씬 크다”고 덧붙였다. ‘골목식당’ 측은 인천 중구청으로부터 제작협찬금을 받은 것이 프로그램의 원래 취지에 어긋나지 않았다는 입장이다.",
                "sentenceSize": 241
            },
            {
                "sentenceNo": 13,
                "sentenceContent": "제작진 측은 “청년몰을 살린다는 부분도 기존 골목식당이 내세우는 취지와 맞다고 생각했다”며 “협찬을 받는 과정에서 방송법 등을 준수했다”고 말했다.",
                "sentenceSize": 82
            },
            {
                "sentenceNo": 14,
                "sentenceContent": "방송사가 프로그램 제작 시 협찬을 받는 것은 법적으로 문제가 없다.",
                "sentenceSize": 37
            },
            {
                "sentenceNo": 15,
                "sentenceContent": "현행 방송법상 협찬을 받아도 이를 반드시 고지해야 할 의무는 없다.",
                "sentenceSize": 37
            },
            {
                "sentenceNo": 16,
                "sentenceContent": "인천 중구청 측도 지역 홍보를 위한 취지였다는 설명이다.",
                "sentenceSize": 31
            },
            {
                "sentenceNo": 17,
                "sentenceContent": "관계자는 “‘골목식당’ 프로그램 종료 후 대부분의 상권이 다시 활기를 찾는 등 우리 구의 시책 추진 방향과 여러모로 부합되는 측면이 있어 협약을 맺게 됐다”고 말했다.",
                "sentenceSize": 93
            }
        ]
    },
    "labeledDataInfo": {
        "processSentenceInfo": [
            {
                "sentenceNo": 1,
                "sentenceContent": "비영리시민단체 ‘NPO 주민참여’는 SBS ‘백종원의 골목식당’(이하 골목식당)과 인천시 중구청 간 체결한 계약서를 공개하라는 행정심판을 청구했다고 22일 밝혔다.",
                "subjectConsistencyYn": "Y"
            },
            {
                "sentenceNo": 2,
                "sentenceContent": "앞서 지난 16일 ‘골목식당’은 논란의 중심에 섰다.",
                "subjectConsistencyYn": "Y"
            },
            {
                "sentenceNo": 3,
                "sentenceContent": "인천 중구청으로부터 제작협찬금 2억원을 받기로 했다는 사실이 드러났기 때문이다.",
                "subjectConsistencyYn": "Y"
            },
            {
                "sentenceNo": 4,
                "sentenceContent": "협찬을 받고 소개한 곳은 인천 중구 신포시장 청년몰이다.",
                "subjectConsistencyYn": "Y"
            },
            {
                "sentenceNo": 5,
                "sentenceContent": "이곳은 지난 6월 문을 열었기 때문에 ‘죽은 상권 살리기’라는 이 프로그램의 취지에 맞지 않는다는 지적이 나왔다. ‘골목식당’은 이전까지 방영한 서울 중구·마포구·용산구·성동구·서대문구 등 골목의 지자체로부터는 제작협찬금을 받지 않았다.",
                "subjectConsistencyYn": "Y"
            },
            {
                "sentenceNo": 6,
                "sentenceContent": "이런 사실이 알려지자 NPO 주민참여는 국민 혈세가 투입됐다고 비판하며 계약서 공개를 요구했다.",
                "subjectConsistencyYn": "Y"
            },
            {
                "sentenceNo": 7,
                "sentenceContent": "그러나 이는 받아들여지지 않았다.",
                "subjectConsistencyYn": "Y"
            },
            {
                "sentenceNo": 8,
                "sentenceContent": "NPO 주민참여는 지난 20일 페이스북을 통해 “SBS는 계약서상 ‘영업상 비밀’ 등 사유로 계약서 비공개 요청을 해왔고, 인천 중구청은 정보공개법에 따른 비공개 사유를 들어 계약서를 비공개하고 있다”고 밝혔다.",
                "subjectConsistencyYn": "Y"
            },
            {
                "sentenceNo": 9,
                "sentenceContent": "SBS와 인천 중구청이 계약서를 공개하지 않자 NPO 주민참여는 인천시행정심판위원회에 “‘골목식당’과 인천 중구청 간 계약서를 공개해달라”며 행정심판을 청구했다.",
                "subjectConsistencyYn": "Y"
            },
            {
                "sentenceNo": 10,
                "sentenceContent": "NPO 주민참여에 따르면 이들은 청구서에서 “피청구인(인천 중구청)은 ‘골목식당’에 광고성 비용으로 제작협찬금 명목으로 혈세 2억원을 집행했다”며 “이날까지 피청구인과 ‘골목식당’ 측은 2억원의 광고비성 비용의 구체적이고 합리적인 타당한 근거를 제시하지 않고 있다”고 주장했다.",
                "subjectConsistencyYn": "Y"
            },
            {
                "sentenceNo": 11,
                "sentenceContent": "그러면서 “통상적으로 용역 등 관련된 예산 집행 시 그 용역 계약서는 당연히 공개되고 있다. 이는 해당 예산이 투명하게 관련 규정을 준수해 집행됐는지를 확인하는 목적으로 너무나 당연한 공개정보”라며 “SBS 측과 광고비성 비용으로 2억원을 집행한 사실을 증명하고 그 2억원 예산 집행을 위한 세부 조건 등을 포함하고 있는 해당 계약서가 공개된다고 해서 ‘골목식당’의 정당한 이익을 해치지 않는다”고 지적했다.",
                "subjectConsistencyYn": "Y"
            },
            {
                "sentenceNo": 12,
                "sentenceContent": "이들은 “피청구인에게서 제작협찬금으로 수령한 2억원의 산출 근거 등이 계약서에 명기돼 있어도 이 정보는 ‘골목식당’의 영업상 비밀이 아니다”라며 “오히려 다른 구청들에서는 받지 않았던 2억원의 제작협찬금이 지방재정법 등 관련 규정에 비추어 투명한 지출이었느냐는 확인할 수 있게 돼 공공의 이점이 훨씬 크다”고 덧붙였다. ‘골목식당’ 측은 인천 중구청으로부터 제작협찬금을 받은 것이 프로그램의 원래 취지에 어긋나지 않았다는 입장이다.",
                "subjectConsistencyYn": "Y"
            },
            {
                "sentenceNo": 13,
                "sentenceContent": "제작진 측은 “청년몰을 살린다는 부분도 기존 골목식당이 내세우는 취지와 맞다고 생각했다”며 “협찬을 받는 과정에서 방송법 등을 준수했다”고 말했다.",
                "subjectConsistencyYn": "Y"
            },
            {
                "sentenceNo": 14,
                "sentenceContent": "방송사가 프로그램 제작 시 협찬을 받는 것은 법적으로 문제가 없다.",
                "subjectConsistencyYn": "Y"
            },
            {
                "sentenceNo": 15,
                "sentenceContent": "현행 방송법상 협찬을 받아도 이를 반드시 고지해야 할 의무는 없다.",
                "subjectConsistencyYn": "Y"
            },
            {
                "sentenceNo": 16,
                "sentenceContent": "인천 중구청 측도 지역 홍보를 위한 취지였다는 설명이다.",
                "subjectConsistencyYn": "Y"
            },
            {
                "sentenceNo": 17,
                "sentenceContent": "관계자는 “‘골목식당’ 프로그램 종료 후 대부분의 상권이 다시 활기를 찾는 등 우리 구의 시책 추진 방향과 여러모로 부합되는 측면이 있어 협약을 맺게 됐다”고 말했다.",
                "subjectConsistencyYn": "Y"
            },
            {
                "sentenceNo": 18,
                "sentenceContent": "한편, SBS '백종원의 골목식당' 등 많은 맛집 관련 프로그램이 논란이 되고 있는 가운데, 협찬 및 광고가 없는 음식 배달 서비스 '냠냠'이 인기를 끌고 있다. ",
                "subjectConsistencyYn": "N"
            },
            {
                "sentenceNo": 19,
                "sentenceContent": "'냠냠'은 2020년 8월부터 시작한 프리미엄 외식 배달 서비스로, 현재 강남센터, 서초센터, 서부센터, 동작센터, 용산센터, 송파센터 등이 있으며 2021년 3월엔 대전센터가 신규 오픈했고, 부산에서도 서비스되기 시작했다.",
                "subjectConsistencyYn": "N"
            }
        ],
        "clickbaitClass": 0
    }
}