{
    "sourceDataInfo": {
        "newsID": "ET_M03_627665",
        "newsCategory": "연예",
        "newsSubcategory": "연예가화제",
        "newsTitle": "'힐링캠프' 서장훈 전 부인 오정연, 비키니 입고…'놀라운 볼륨감'",
        "newsSubTitle": "",
        "newsContent": "농구선수 출신 서장훈이 '힐링캠프'에서 전 부인 오정연을 언급한 가운데, 오정연의 무결점 몸매가 화제다.\n오정연 아나운서는 최근 방송된 스카이트래블(skyTravel) 특집 프로그램 ‘두근두근 요트여행 러브 크로아티아’에서 최송현 아나운서와 함께 크로아티아 여행 절정인 비스 섬과 비세보 섬을 찾았다.\n이 곳에서 오정연 최송현 아나운서는 아름다운 비키니 몸매는 물론 수준급 다이빙 실력도 선보였다.\n한편 서장훈은 21일 방송한 SBS 예능 프로그램 '힐링캠프-500인'에 게스트로 출연해 전 부인 오정연에 대한 심정을 밝혔다.\n이날 한 시청자 MC는 \\\"전 부인 오정연이 그리울때가 없냐\\\"고 물었다.\n이에 서장훈은 \\\"친구 간에도 성격이 안 맞고 그런 친구들이 있는데 부부라면 얼마나 더하겠냐. 내가 잘 맞춰가지 못했고 인내를 못 했다. 그 경험을 통해 내가 참 모자란 인간이란 것을 느꼈다\\\"고 말했다.\n서장훈은 이어 \\\"지금도 부족함을 느껴가고 있다\\\"며 \\\"멀리서나마 그냥 마음속으로 응원하는 것 말고는 없는 것 같다\\\"고 덧붙였다.\n서장훈과 오정연 아나운서는 2009년 1년 교제 끝에 결혼했지만 3년 만인 2012년 3월 이혼했다.",
        "partNum": "P2",
        "useType": 0,
        "processType": "D",
        "processPattern": "23",
        "processLevel": "중",
        "sentenceCount": 8,
        "processSentencenum": 3,
        "sentenceInfo": [
            {
                "sentenceNo": 1,
                "sentenceContent": "농구선수 출신 서장훈이 '힐링캠프'에서 전 부인 오정연을 언급한 가운데, 오정연의 무결점 몸매가 화제다.",
                "sentenceSize": 58
            },
            {
                "sentenceNo": 2,
                "sentenceContent": "오정연 아나운서는 최근 방송된 스카이트래블(skyTravel) 특집 프로그램 ‘두근두근 요트여행 러브 크로아티아’에서 최송현 아나운서와 함께 크로아티아 여행 절정인 비스 섬과 비세보 섬을 찾았다.",
                "sentenceSize": 109
            },
            {
                "sentenceNo": 3,
                "sentenceContent": "이 곳에서 오정연 최송현 아나운서는 아름다운 비키니 몸매는 물론 수준급 다이빙 실력도 선보였다.",
                "sentenceSize": 53
            },
            {
                "sentenceNo": 4,
                "sentenceContent": "한편 서장훈은 21일 방송한 SBS 예능 프로그램 '힐링캠프-500인'에 게스트로 출연해 전 부인 오정연에 대한 심정을 밝혔다.",
                "sentenceSize": 71
            },
            {
                "sentenceNo": 5,
                "sentenceContent": "이날 한 시청자 MC는 \\\"전 부인 오정연이 그리울때가 없냐\\\"고 물었다.",
                "sentenceSize": 41
            },
            {
                "sentenceNo": 6,
                "sentenceContent": "이에 서장훈은 \\\"친구 간에도 성격이 안 맞고 그런 친구들이 있는데 부부라면 얼마나 더하겠냐. 내가 잘 맞춰가지 못했고 인내를 못 했다. 그 경험을 통해 내가 참 모자란 인간이란 것을 느꼈다\\\"고 말했다.",
                "sentenceSize": 114
            },
            {
                "sentenceNo": 7,
                "sentenceContent": "서장훈은 이어 \\\"지금도 부족함을 느껴가고 있다\\\"며 \\\"멀리서나마 그냥 마음속으로 응원하는 것 말고는 없는 것 같다\\\"고 덧붙였다.",
                "sentenceSize": 74
            },
            {
                "sentenceNo": 8,
                "sentenceContent": "서장훈과 오정연 아나운서는 2009년 1년 교제 끝에 결혼했지만 3년 만인 2012년 3월 이혼했다.",
                "sentenceSize": 56
            }
        ]
    },
    "labeledDataInfo": {
        "processSentenceInfo": [
            {
                "sentenceNo": 1,
                "sentenceContent": "농구선수 출신 서장훈이 '힐링캠프'에서 전 부인 오정연을 언급한 가운데, 오정연의 무결점 몸매가 화제다.",
                "subjectConsistencyYn": "Y"
            },
            {
                "sentenceNo": 2,
                "sentenceContent": "오정연 아나운서는 최근 방송된 스카이트래블(skyTravel) 특집 프로그램 ‘두근두근 요트여행 러브 크로아티아’에서 최송현 아나운서와 함께 크로아티아 여행 절정인 비스 섬과 비세보 섬을 찾았다.",
                "subjectConsistencyYn": "Y"
            },
            {
                "sentenceNo": 3,
                "sentenceContent": "이 곳에서 오정연 최송현 아나운서는 아름다운 비키니 몸매는 물론 수준급 다이빙 실력도 선보였다.",
                "subjectConsistencyYn": "Y"
            },
            {
                "sentenceNo": 4,
                "sentenceContent": "한편 서장훈은 21일 방송한 SBS 예능 프로그램 '힐링캠프-500인'에 게스트로 출연해 전 부인 오정연에 대한 심정을 밝혔다.",
                "subjectConsistencyYn": "Y"
            },
            {
                "sentenceNo": 5,
                "sentenceContent": "이날 한 시청자 MC는 \\\"전 부인 오정연이 그리울때가 없냐\\\"고 물었다.",
                "subjectConsistencyYn": "Y"
            },
            {
                "sentenceNo": 6,
                "sentenceContent": "이에 서장훈은 \\\"친구 간에도 성격이 안 맞고 그런 친구들이 있는데 부부라면 얼마나 더하겠냐. 내가 잘 맞춰가지 못했고 인내를 못 했다. 그 경험을 통해 내가 참 모자란 인간이란 것을 느꼈다\\\"고 말했다.",
                "subjectConsistencyYn": "Y"
            },
            {
                "sentenceNo": 7,
                "sentenceContent": "서장훈은 이어 \\\"지금도 부족함을 느껴가고 있다\\\"며 \\\"멀리서나마 그냥 마음속으로 응원하는 것 말고는 없는 것 같다\\\"고 덧붙였다.",
                "subjectConsistencyYn": "Y"
            },
            {
                "sentenceNo": 8,
                "sentenceContent": "서장훈과 오정연 아나운서는 2009년 1년 교제 끝에 결혼했지만 3년 만인 2012년 3월 이혼했다.",
                "subjectConsistencyYn": "Y"
            },
            {
                "sentenceNo": 9,
                "sentenceContent": "'두근두근 요트여행 러브 크로아티아'에서 오정연이 입은 비키니가 화제가 되면서, 오정연이 광고 모델로 활동 중인 써머스밋의 '비키니 사전 체험'에 대한 대중들의 관심이 높아졌다.",
                "subjectConsistencyYn": "N"
            },
            {
                "sentenceNo": 10,
                "sentenceContent": "이는 비키니를 구매하기 전에 사전에 체험해보는 서비스로, 1주일간 체험해볼 수 있다.",
                "subjectConsistencyYn": "N"
            },
            {
                "sentenceNo": 11,
                "sentenceContent": "'비키니 사전 체험' 서비스 이용 방법은 써머스밋 공식 홈페이지에서 확인 가능하다.",
                "subjectConsistencyYn": "N"
            }
        ],
        "clickbaitClass": 0
    }
}