{
    "sourceDataInfo": {
        "newsID": "ET_M03_627409",
        "newsCategory": "연예",
        "newsSubcategory": "연예가화제",
        "newsTitle": "'아이가 다섯' 신혜선, 성훈 속마음 고백에 \\\"원래 남자들 다 그런다더라\\\"",
        "newsSubTitle": "",
        "newsContent": "‘아이가 다섯’ 신혜선이 성훈의 결혼 요구에 당황한 모습을 보였다.\n30일 방송된 KBS2 주말드라마 ‘아이가 다섯’에는 김상민(성훈 분)은 이연태(신혜선)에게 결혼을 재촉하는 장면이 나왔다.\n이날 김상민은 직접 만든 도시락을 들고 이연태와의 데이트에 나섰다.\n김상민은 자신의 도시락을 맛본 뒤 고마움을 표하는 이연태를 향해 “내가 점점 요리 실력이 늘고 있다. 청소 실력도 수준급이다”며 “골프 그만둬도 가정부로도 일해도 될 정도다”라고 말했다.\n이어 김상민은 “30년 동안 안 하던 집안일을 내가 왜 하겠니. 너 때문이잖아”라며 “세수할 때 말고 우리 와이프 손에 물 한 방울도 안 묻힐 거야. 내가 다 할 거야”라고 결혼에 대한 마음을 털어놨다.\n하지만 이연태는 “원래 남자들 결혼하기 전에 다 그렇게 말한대요. 우리 아버지도 엄마한테 그랬대”라며 “나한테 너무 부담 주는 거 아니에요”라고 대답했다.\n온라인 중앙일보 [사진 KBS2 화면 캡쳐]",
        "partNum": "P2",
        "useType": 0,
        "processType": "D",
        "processPattern": "23",
        "processLevel": "중",
        "sentenceCount": 7,
        "processSentencenum": 3,
        "sentenceInfo": [
            {
                "sentenceNo": 1,
                "sentenceContent": "‘아이가 다섯’ 신혜선이 성훈의 결혼 요구에 당황한 모습을 보였다.",
                "sentenceSize": 37
            },
            {
                "sentenceNo": 2,
                "sentenceContent": "30일 방송된 KBS2 주말드라마 ‘아이가 다섯’에는 김상민(성훈 분)은 이연태(신혜선)에게 결혼을 재촉하는 장면이 나왔다.",
                "sentenceSize": 69
            },
            {
                "sentenceNo": 3,
                "sentenceContent": "이날 김상민은 직접 만든 도시락을 들고 이연태와의 데이트에 나섰다.",
                "sentenceSize": 37
            },
            {
                "sentenceNo": 4,
                "sentenceContent": "김상민은 자신의 도시락을 맛본 뒤 고마움을 표하는 이연태를 향해 “내가 점점 요리 실력이 늘고 있다. 청소 실력도 수준급이다”며 “골프 그만둬도 가정부로도 일해도 될 정도다”라고 말했다.",
                "sentenceSize": 104
            },
            {
                "sentenceNo": 5,
                "sentenceContent": "이어 김상민은 “30년 동안 안 하던 집안일을 내가 왜 하겠니. 너 때문이잖아”라며 “세수할 때 말고 우리 와이프 손에 물 한 방울도 안 묻힐 거야. 내가 다 할 거야”라고 결혼에 대한 마음을 털어놨다.",
                "sentenceSize": 113
            },
            {
                "sentenceNo": 6,
                "sentenceContent": "하지만 이연태는 “원래 남자들 결혼하기 전에 다 그렇게 말한대요. 우리 아버지도 엄마한테 그랬대”라며 “나한테 너무 부담 주는 거 아니에요”라고 대답했다.",
                "sentenceSize": 86
            },
            {
                "sentenceNo": 7,
                "sentenceContent": "온라인 중앙일보 [사진 KBS2 화면 캡쳐]",
                "sentenceSize": 24
            }
        ]
    },
    "labeledDataInfo": {
        "processSentenceInfo": [
            {
                "sentenceNo": 1,
                "sentenceContent": "‘아이가 다섯’ 신혜선이 성훈의 결혼 요구에 당황한 모습을 보였다.",
                "subjectConsistencyYn": "Y"
            },
            {
                "sentenceNo": 2,
                "sentenceContent": "30일 방송된 KBS2 주말드라마 ‘아이가 다섯’에는 김상민(성훈 분)은 이연태(신혜선)에게 결혼을 재촉하는 장면이 나왔다.",
                "subjectConsistencyYn": "Y"
            },
            {
                "sentenceNo": 3,
                "sentenceContent": "이날 김상민은 직접 만든 도시락을 들고 이연태와의 데이트에 나섰다.",
                "subjectConsistencyYn": "Y"
            },
            {
                "sentenceNo": 4,
                "sentenceContent": "김상민은 자신의 도시락을 맛본 뒤 고마움을 표하는 이연태를 향해 “내가 점점 요리 실력이 늘고 있다. 청소 실력도 수준급이다”며 “골프 그만둬도 가정부로도 일해도 될 정도다”라고 말했다.",
                "subjectConsistencyYn": "Y"
            },
            {
                "sentenceNo": 5,
                "sentenceContent": "이어 김상민은 “30년 동안 안 하던 집안일을 내가 왜 하겠니. 너 때문이잖아”라며 “세수할 때 말고 우리 와이프 손에 물 한 방울도 안 묻힐 거야. 내가 다 할 거야”라고 결혼에 대한 마음을 털어놨다.",
                "subjectConsistencyYn": "Y"
            },
            {
                "sentenceNo": 6,
                "sentenceContent": "하지만 이연태는 “원래 남자들 결혼하기 전에 다 그렇게 말한대요. 우리 아버지도 엄마한테 그랬대”라며 “나한테 너무 부담 주는 거 아니에요”라고 대답했다.",
                "subjectConsistencyYn": "Y"
            },
            {
                "sentenceNo": 7,
                "sentenceContent": "온라인 중앙일보 [사진 KBS2 화면 캡쳐]",
                "subjectConsistencyYn": "Y"
            },
            {
                "sentenceNo": 8,
                "sentenceContent": "한편, '아이가 다섯'의 남자 주인공인 성훈은 한류 인기를 실감하기 위해 23일 한국관광공사 주최로 일본 고베 국제회관 국제홀에서 열리는 ‘2018 한류로 가는 한국 in 고베’ 참석차 출국, 토크 콘서트에 참여할 예정이다. ",
                "subjectConsistencyYn": "N"
            },
            {
                "sentenceNo": 9,
                "sentenceContent": "토크 콘서트는 ‘인스타그램으로 소개하는 한국’을 주제로 성훈이 직접 한국의 관광지, 명소와 맛집 등을 추천하고 알리는 형식으로 진행될 계획이다.",
                "subjectConsistencyYn": "N"
            },
            {
                "sentenceNo": 10,
                "sentenceContent": "또한 관객들의 질문을 받아 응답하는 코너와 성훈이 직접 촬영한 전체 셀카 타임까지 알찬 시간으로 꽉 채울 예정이다.",
                "subjectConsistencyYn": "N"
            }
        ],
        "clickbaitClass": 0
    }
}