{
    "sourceDataInfo": {
        "newsID": "ET_M03_627346",
        "newsCategory": "연예",
        "newsSubcategory": "연예가화제",
        "newsTitle": "다신 볼 수 없다는 가요계 '94라인' 전설의 무대",
        "newsSubTitle": "",
        "newsContent": "한때 아이돌 계에서는 '1994년생 멤버들이 예쁘다'는 소문이 퍼지면서 '94라인'이라는 단어가 유명해진 적 있습니다. '94라인' 무대를 간절히 원하는 팬들이 많았던 덕에 '94라인' 멤버들의 무대가 스페셜로 꾸려진 적도 있습니다. '94라인' 멤버들이 누구냐고요?\n걸그룹 미쓰에이 수지, 에프엑스 크리스탈·설리, 카라 강지영, 포미닛 권소현입니다.\n현재 이 무대는 이들이 연예계 대표 톱스타로 성장했거나 팀에서 탈퇴 혹은 해체한 탓에 '다시는 볼 수 없는 전설의 무대'로 회자하고 있습니다.\n2012년 말 방송된 KBS 2TV '뮤직뱅크' 연말 결산 특집에서는 연예계 대표 94라인 멤버들이 모여 크리스마스 캐럴을 불렀습니다.\n첫 포문은 권소현이 열었습니다.\n그는 '펠리스 나비다'를 불렀습니다.\n권소현이 소속된 포미닛은 지난해 공식 해체했습니다.\n강지영은 '산타 베이비' 무대를 혼자 소화했습니다.\n강지영은 2014년 카라를 탈퇴했습니다.\n수지는 '라스트 크리스마스'를 열창했습니다.\n지난해 5월 미쓰에이 멤버 지아는 JYP엔터테인먼트와의 계약이 끝나면서 팀에서 탈퇴했습니다.\n멤버 민은 지난 4월 전속 계약이 만료돼 재계약을 논의 중이라는 보도가 나온 바 있습니다.\n수지 역시 재계약을 논의하고 있다는 소식이 같은 달 전해졌습니다.\n크리스탈과 설리는 '울면 안 돼'를 함께 노래했습니다.\n설리는 2015년 에프엑스(f(x))를 탈퇴했습니다.\n설리가 나간 후 멤버가 네 명(크리스탈·엠버·빅토리아·루나)이 된 에프엑스는 같은 해 10월 정규 4집 앨범 '4 Walls' 이후 국내 음악 활동은 하지 않고 있습니다.\n마지막으로 이 다섯 사람은 그룹 핑클의 '화이트'(White)를 다 같이 불렀습니다.\n5년 후 다시 봐도 당시 이들은 참 사랑스럽고 예쁘네요.\n당시 이들은 18살이었습니다. '94라인' 전설의 무대를 다시 볼 수 있는 날이 과연 올 수 있을까요.",
        "partNum": "P2",
        "useType": 0,
        "processType": "D",
        "processPattern": "23",
        "processLevel": "중",
        "sentenceCount": 19,
        "processSentencenum": 4,
        "sentenceInfo": [
            {
                "sentenceNo": 1,
                "sentenceContent": "한때 아이돌 계에서는 '1994년생 멤버들이 예쁘다'는 소문이 퍼지면서 '94라인'이라는 단어가 유명해진 적 있습니다. '94라인' 무대를 간절히 원하는 팬들이 많았던 덕에 '94라인' 멤버들의 무대가 스페셜로 꾸려진 적도 있습니다. '94라인' 멤버들이 누구냐고요?",
                "sentenceSize": 149
            },
            {
                "sentenceNo": 2,
                "sentenceContent": "걸그룹 미쓰에이 수지, 에프엑스 크리스탈·설리, 카라 강지영, 포미닛 권소현입니다.",
                "sentenceSize": 46
            },
            {
                "sentenceNo": 3,
                "sentenceContent": "현재 이 무대는 이들이 연예계 대표 톱스타로 성장했거나 팀에서 탈퇴 혹은 해체한 탓에 '다시는 볼 수 없는 전설의 무대'로 회자하고 있습니다.",
                "sentenceSize": 79
            },
            {
                "sentenceNo": 4,
                "sentenceContent": "2012년 말 방송된 KBS 2TV '뮤직뱅크' 연말 결산 특집에서는 연예계 대표 94라인 멤버들이 모여 크리스마스 캐럴을 불렀습니다.",
                "sentenceSize": 75
            },
            {
                "sentenceNo": 5,
                "sentenceContent": "첫 포문은 권소현이 열었습니다.",
                "sentenceSize": 17
            },
            {
                "sentenceNo": 6,
                "sentenceContent": "그는 '펠리스 나비다'를 불렀습니다.",
                "sentenceSize": 20
            },
            {
                "sentenceNo": 7,
                "sentenceContent": "권소현이 소속된 포미닛은 지난해 공식 해체했습니다.",
                "sentenceSize": 28
            },
            {
                "sentenceNo": 8,
                "sentenceContent": "강지영은 '산타 베이비' 무대를 혼자 소화했습니다.",
                "sentenceSize": 28
            },
            {
                "sentenceNo": 9,
                "sentenceContent": "강지영은 2014년 카라를 탈퇴했습니다.",
                "sentenceSize": 22
            },
            {
                "sentenceNo": 10,
                "sentenceContent": "수지는 '라스트 크리스마스'를 열창했습니다.",
                "sentenceSize": 24
            },
            {
                "sentenceNo": 11,
                "sentenceContent": "지난해 5월 미쓰에이 멤버 지아는 JYP엔터테인먼트와의 계약이 끝나면서 팀에서 탈퇴했습니다.",
                "sentenceSize": 51
            },
            {
                "sentenceNo": 12,
                "sentenceContent": "멤버 민은 지난 4월 전속 계약이 만료돼 재계약을 논의 중이라는 보도가 나온 바 있습니다.",
                "sentenceSize": 50
            },
            {
                "sentenceNo": 13,
                "sentenceContent": "수지 역시 재계약을 논의하고 있다는 소식이 같은 달 전해졌습니다.",
                "sentenceSize": 36
            },
            {
                "sentenceNo": 14,
                "sentenceContent": "크리스탈과 설리는 '울면 안 돼'를 함께 노래했습니다.",
                "sentenceSize": 30
            },
            {
                "sentenceNo": 15,
                "sentenceContent": "설리는 2015년 에프엑스(f(x))를 탈퇴했습니다.",
                "sentenceSize": 29
            },
            {
                "sentenceNo": 16,
                "sentenceContent": "설리가 나간 후 멤버가 네 명(크리스탈·엠버·빅토리아·루나)이 된 에프엑스는 같은 해 10월 정규 4집 앨범 '4 Walls' 이후 국내 음악 활동은 하지 않고 있습니다.",
                "sentenceSize": 95
            },
            {
                "sentenceNo": 17,
                "sentenceContent": "마지막으로 이 다섯 사람은 그룹 핑클의 '화이트'(White)를 다 같이 불렀습니다.",
                "sentenceSize": 47
            },
            {
                "sentenceNo": 18,
                "sentenceContent": "5년 후 다시 봐도 당시 이들은 참 사랑스럽고 예쁘네요.",
                "sentenceSize": 31
            },
            {
                "sentenceNo": 19,
                "sentenceContent": "당시 이들은 18살이었습니다. '94라인' 전설의 무대를 다시 볼 수 있는 날이 과연 올 수 있을까요.",
                "sentenceSize": 57
            }
        ]
    },
    "labeledDataInfo": {
        "processSentenceInfo": [
            {
                "sentenceNo": 1,
                "sentenceContent": "한때 아이돌 계에서는 '1994년생 멤버들이 예쁘다'는 소문이 퍼지면서 '94라인'이라는 단어가 유명해진 적 있습니다. '94라인' 무대를 간절히 원하는 팬들이 많았던 덕에 '94라인' 멤버들의 무대가 스페셜로 꾸려진 적도 있습니다. '94라인' 멤버들이 누구냐고요?",
                "subjectConsistencyYn": "Y"
            },
            {
                "sentenceNo": 2,
                "sentenceContent": "걸그룹 미쓰에이 수지, 에프엑스 크리스탈·설리, 카라 강지영, 포미닛 권소현입니다.",
                "subjectConsistencyYn": "Y"
            },
            {
                "sentenceNo": 3,
                "sentenceContent": "현재 이 무대는 이들이 연예계 대표 톱스타로 성장했거나 팀에서 탈퇴 혹은 해체한 탓에 '다시는 볼 수 없는 전설의 무대'로 회자하고 있습니다.",
                "subjectConsistencyYn": "Y"
            },
            {
                "sentenceNo": 4,
                "sentenceContent": "2012년 말 방송된 KBS 2TV '뮤직뱅크' 연말 결산 특집에서는 연예계 대표 94라인 멤버들이 모여 크리스마스 캐럴을 불렀습니다.",
                "subjectConsistencyYn": "Y"
            },
            {
                "sentenceNo": 5,
                "sentenceContent": "첫 포문은 권소현이 열었습니다.",
                "subjectConsistencyYn": "Y"
            },
            {
                "sentenceNo": 6,
                "sentenceContent": "그는 '펠리스 나비다'를 불렀습니다.",
                "subjectConsistencyYn": "Y"
            },
            {
                "sentenceNo": 7,
                "sentenceContent": "권소현이 소속된 포미닛은 지난해 공식 해체했습니다.",
                "subjectConsistencyYn": "Y"
            },
            {
                "sentenceNo": 8,
                "sentenceContent": "강지영은 '산타 베이비' 무대를 혼자 소화했습니다.",
                "subjectConsistencyYn": "Y"
            },
            {
                "sentenceNo": 9,
                "sentenceContent": "강지영은 2014년 카라를 탈퇴했습니다.",
                "subjectConsistencyYn": "Y"
            },
            {
                "sentenceNo": 10,
                "sentenceContent": "수지는 '라스트 크리스마스'를 열창했습니다.",
                "subjectConsistencyYn": "Y"
            },
            {
                "sentenceNo": 11,
                "sentenceContent": "지난해 5월 미쓰에이 멤버 지아는 JYP엔터테인먼트와의 계약이 끝나면서 팀에서 탈퇴했습니다.",
                "subjectConsistencyYn": "Y"
            },
            {
                "sentenceNo": 12,
                "sentenceContent": "멤버 민은 지난 4월 전속 계약이 만료돼 재계약을 논의 중이라는 보도가 나온 바 있습니다.",
                "subjectConsistencyYn": "Y"
            },
            {
                "sentenceNo": 13,
                "sentenceContent": "수지 역시 재계약을 논의하고 있다는 소식이 같은 달 전해졌습니다.",
                "subjectConsistencyYn": "Y"
            },
            {
                "sentenceNo": 14,
                "sentenceContent": "크리스탈과 설리는 '울면 안 돼'를 함께 노래했습니다.",
                "subjectConsistencyYn": "Y"
            },
            {
                "sentenceNo": 15,
                "sentenceContent": "설리는 2015년 에프엑스(f(x))를 탈퇴했습니다.",
                "subjectConsistencyYn": "Y"
            },
            {
                "sentenceNo": 16,
                "sentenceContent": "설리가 나간 후 멤버가 네 명(크리스탈·엠버·빅토리아·루나)이 된 에프엑스는 같은 해 10월 정규 4집 앨범 '4 Walls' 이후 국내 음악 활동은 하지 않고 있습니다.",
                "subjectConsistencyYn": "Y"
            },
            {
                "sentenceNo": 17,
                "sentenceContent": "마지막으로 이 다섯 사람은 그룹 핑클의 '화이트'(White)를 다 같이 불렀습니다.",
                "subjectConsistencyYn": "Y"
            },
            {
                "sentenceNo": 18,
                "sentenceContent": "5년 후 다시 봐도 당시 이들은 참 사랑스럽고 예쁘네요.",
                "subjectConsistencyYn": "Y"
            },
            {
                "sentenceNo": 19,
                "sentenceContent": "당시 이들은 18살이었습니다. '94라인' 전설의 무대를 다시 볼 수 있는 날이 과연 올 수 있을까요.",
                "subjectConsistencyYn": "Y"
            },
            {
                "sentenceNo": 20,
                "sentenceContent": "이른바 전설의 무대로 회자되는 KBS 2TV `뮤직뱅크` 연말 결산 특집을 다시 보고 싶어 하는 네티즌들의 요청에 따라 KBS에서는 KBS 공식 유튜브 채널을 통해 해당 영상 클립을 공개하는 서비스를 시행한다고 밝혔다.",
                "subjectConsistencyYn": "N"
            },
            {
                "sentenceNo": 21,
                "sentenceContent": "KBS는 다가오는 연말을 맞아 94라인 걸그룹 멤버들이 크리스마스 특집 무대를 꾸민 해당 회차를 특별 클립 영상으로 스트리밍할 수 있게 하여 네티즌들의 뜨거운 반응을 얻고 있다.",
                "subjectConsistencyYn": "N"
            },
            {
                "sentenceNo": 22,
                "sentenceContent": "지금은 해체해서 볼 수 없는 멤버들의 무대이기 때문에 더욱 귀한 자료라는 평가 속에 해당 서비스가 공개되자 네티즌들은 드디어 KBS가 시청자의 마음을 읽었다며 즐거워하는 모습을 보인다.",
                "subjectConsistencyYn": "N"
            },
            {
                "sentenceNo": 23,
                "sentenceContent": "해당 서비스는 시작과 동시에 많은 클릭수와 좋아요 수를 받으며 실시간 인기 영상으로 떠오르는 등 대단한 화제를 모으고 있으며, KBS 측은 뮤직뱅크 영상 가운데 가장 많은 조회수를 기록할 것으로 예상된다고 밝혔다.",
                "subjectConsistencyYn": "N"
            }
        ],
        "clickbaitClass": 0
    }
}