{
    "sourceDataInfo": {
        "newsID": "ET_M03_627721",
        "newsCategory": "연예",
        "newsSubcategory": "연예가화제",
        "newsTitle": "‘무한도전’ 논란 속 세계문화유산 하시마섬, 일본 조선인 강제 징용 사실 알리지 않아…",
        "newsSubTitle": "",
        "newsContent": "‘무한도전’ 논란 속 세계문화유산 하시마섬, 일본 조선인 강제 징용 사실 알리지 않아… 12일 방송된 MBC 무한도전은 '배달의 무도' 특집으로 꾸며졌다.\n하하는 지난 주 우토로 마을에 이어 논란 속에 세계문화유산에 등재된 하시마 섬을 찾았다.\n하시마 섬은 일본 나가사키 시에 있는 무인도로 일제강점기 당시에 한국인들의 노동력을 수탈하는 장소로 사용되었으며 '지옥섬'이라고도 불린다.\n최근 세계문화유산에 등재 된 뒤로 일본 측은 약속했던 '조선인 강제 징용 사실'을 알리지 않고 있다.\n하하는 배경 설명과 정보를 위해 한국홍보전문가 서경덕 교수와 함께 하시마 섬 주변을 도는 배를 타고 멀리서 섬을 바라보며 타국에 끌려와 숨진 이들의 넋을 기렸다.\n이후 하하와 서경덕 교수는 나가사키 내륙 공동묘지를 찾아 강제 노역에 시달리다 숨진 조선인을 위한 공양탑을 찾았다.",
        "partNum": "P2",
        "useType": 0,
        "processType": "D",
        "processPattern": "23",
        "processLevel": "중",
        "sentenceCount": 6,
        "processSentencenum": 2,
        "sentenceInfo": [
            {
                "sentenceNo": 1,
                "sentenceContent": "‘무한도전’ 논란 속 세계문화유산 하시마섬, 일본 조선인 강제 징용 사실 알리지 않아… 12일 방송된 MBC 무한도전은 '배달의 무도' 특집으로 꾸며졌다.",
                "sentenceSize": 86
            },
            {
                "sentenceNo": 2,
                "sentenceContent": "하하는 지난 주 우토로 마을에 이어 논란 속에 세계문화유산에 등재된 하시마 섬을 찾았다.",
                "sentenceSize": 49
            },
            {
                "sentenceNo": 3,
                "sentenceContent": "하시마 섬은 일본 나가사키 시에 있는 무인도로 일제강점기 당시에 한국인들의 노동력을 수탈하는 장소로 사용되었으며 '지옥섬'이라고도 불린다.",
                "sentenceSize": 77
            },
            {
                "sentenceNo": 4,
                "sentenceContent": "최근 세계문화유산에 등재 된 뒤로 일본 측은 약속했던 '조선인 강제 징용 사실'을 알리지 않고 있다.",
                "sentenceSize": 56
            },
            {
                "sentenceNo": 5,
                "sentenceContent": "하하는 배경 설명과 정보를 위해 한국홍보전문가 서경덕 교수와 함께 하시마 섬 주변을 도는 배를 타고 멀리서 섬을 바라보며 타국에 끌려와 숨진 이들의 넋을 기렸다.",
                "sentenceSize": 90
            },
            {
                "sentenceNo": 6,
                "sentenceContent": "이후 하하와 서경덕 교수는 나가사키 내륙 공동묘지를 찾아 강제 노역에 시달리다 숨진 조선인을 위한 공양탑을 찾았다.",
                "sentenceSize": 64
            }
        ]
    },
    "labeledDataInfo": {
        "processSentenceInfo": [
            {
                "sentenceNo": 1,
                "sentenceContent": "‘무한도전’ 논란 속 세계문화유산 하시마섬, 일본 조선인 강제 징용 사실 알리지 않아… 12일 방송된 MBC 무한도전은 '배달의 무도' 특집으로 꾸며졌다.",
                "subjectConsistencyYn": "Y"
            },
            {
                "sentenceNo": 2,
                "sentenceContent": "하하는 지난 주 우토로 마을에 이어 논란 속에 세계문화유산에 등재된 하시마 섬을 찾았다.",
                "subjectConsistencyYn": "Y"
            },
            {
                "sentenceNo": 3,
                "sentenceContent": "하시마 섬은 일본 나가사키 시에 있는 무인도로 일제강점기 당시에 한국인들의 노동력을 수탈하는 장소로 사용되었으며 '지옥섬'이라고도 불린다.",
                "subjectConsistencyYn": "Y"
            },
            {
                "sentenceNo": 4,
                "sentenceContent": "최근 세계문화유산에 등재 된 뒤로 일본 측은 약속했던 '조선인 강제 징용 사실'을 알리지 않고 있다.",
                "subjectConsistencyYn": "Y"
            },
            {
                "sentenceNo": 5,
                "sentenceContent": "하하는 배경 설명과 정보를 위해 한국홍보전문가 서경덕 교수와 함께 하시마 섬 주변을 도는 배를 타고 멀리서 섬을 바라보며 타국에 끌려와 숨진 이들의 넋을 기렸다.",
                "subjectConsistencyYn": "Y"
            },
            {
                "sentenceNo": 6,
                "sentenceContent": "이후 하하와 서경덕 교수는 나가사키 내륙 공동묘지를 찾아 강제 노역에 시달리다 숨진 조선인을 위한 공양탑을 찾았다.",
                "subjectConsistencyYn": "Y"
            },
            {
                "sentenceNo": 7,
                "sentenceContent": "한편, 다크투어 전문 여행사 투리스타는 서경덕 교수와 함께 '국내외 일제 잔재 및 독립운동 유적지 탐방'의 일환으로 일본 나가사키현 하시마섬 투어를 진행한다. ",
                "subjectConsistencyYn": "N"
            },
            {
                "sentenceNo": 8,
                "sentenceContent": "투어 참가자들은 하시마섬의 잔혹한 역사를 배우고 이를 SNS로 알리는 캠페인 활동에 참여하게 되며, 해당 투어 참가 신청은 투리스타 홈페이지에서 가능하다. ",
                "subjectConsistencyYn": "N"
            }
        ],
        "clickbaitClass": 0
    }
}