{
    "sourceDataInfo": {
        "newsID": "ET_M03_627365",
        "newsCategory": "연예",
        "newsSubcategory": "연예가화제",
        "newsTitle": "유세윤이 유상무 병문안 사진 올렸다 네티즌 뭇매 맞는 이유",
        "newsSubTitle": "",
        "newsContent": "개그맨 유세윤이 장난스러운 병문안 인증 사진을 인스타그램에 올렸다가 일부 네티즌들의 뭇매를 맞고 있다.\n지난 9일 병문안을 간 유세윤이 올린 마지막 사진이 문제가 됐다.\n유세윤은 환자복을 입고 씁쓸한 표정으로 스마트폰을 보는 유상무 앞에 초코음료와 과자를 놓고 사진을 찍었다.\n그러면서 \\\"아 맞다 너 금식이지 미안\\\"이라 써 올렸다.\n해당 게시물을 본 이들은 \\\"장난에도 정도가 있는 법\\\"이라며 \\\"아무리 웃게 해주려는 장난이라도 환자 앞에서 저런 장난은 좋지 않다\\\"는 의견을 내고 있다.\n대체로는 유세윤의 장난에 대해 비판적인 의견이 나오고 있는 반면 반면 \\\"웃다가 완치되겠다\\\"며 긍정적인 반응을 보이는 이들도 있다.\n한편 유상무는 최근 대장암 3기 판정을 받고 10일 수술을 받기 위해 8일 경기도에 위치한 대학병원에 입원했다.",
        "partNum": "P2",
        "useType": 0,
        "processType": "D",
        "processPattern": "23",
        "processLevel": "중",
        "sentenceCount": 7,
        "processSentencenum": 3,
        "sentenceInfo": [
            {
                "sentenceNo": 1,
                "sentenceContent": "개그맨 유세윤이 장난스러운 병문안 인증 사진을 인스타그램에 올렸다가 일부 네티즌들의 뭇매를 맞고 있다.",
                "sentenceSize": 57
            },
            {
                "sentenceNo": 2,
                "sentenceContent": "지난 9일 병문안을 간 유세윤이 올린 마지막 사진이 문제가 됐다.",
                "sentenceSize": 36
            },
            {
                "sentenceNo": 3,
                "sentenceContent": "유세윤은 환자복을 입고 씁쓸한 표정으로 스마트폰을 보는 유상무 앞에 초코음료와 과자를 놓고 사진을 찍었다.",
                "sentenceSize": 59
            },
            {
                "sentenceNo": 4,
                "sentenceContent": "그러면서 \\\"아 맞다 너 금식이지 미안\\\"이라 써 올렸다.",
                "sentenceSize": 32
            },
            {
                "sentenceNo": 5,
                "sentenceContent": "해당 게시물을 본 이들은 \\\"장난에도 정도가 있는 법\\\"이라며 \\\"아무리 웃게 해주려는 장난이라도 환자 앞에서 저런 장난은 좋지 않다\\\"는 의견을 내고 있다.",
                "sentenceSize": 88
            },
            {
                "sentenceNo": 6,
                "sentenceContent": "대체로는 유세윤의 장난에 대해 비판적인 의견이 나오고 있는 반면 반면 \\\"웃다가 완치되겠다\\\"며 긍정적인 반응을 보이는 이들도 있다.",
                "sentenceSize": 74
            },
            {
                "sentenceNo": 7,
                "sentenceContent": "한편 유상무는 최근 대장암 3기 판정을 받고 10일 수술을 받기 위해 8일 경기도에 위치한 대학병원에 입원했다.",
                "sentenceSize": 62
            }
        ]
    },
    "labeledDataInfo": {
        "processSentenceInfo": [
            {
                "sentenceNo": 1,
                "sentenceContent": "개그맨 유세윤이 장난스러운 병문안 인증 사진을 인스타그램에 올렸다가 일부 네티즌들의 뭇매를 맞고 있다.",
                "subjectConsistencyYn": "Y"
            },
            {
                "sentenceNo": 2,
                "sentenceContent": "지난 9일 병문안을 간 유세윤이 올린 마지막 사진이 문제가 됐다.",
                "subjectConsistencyYn": "Y"
            },
            {
                "sentenceNo": 3,
                "sentenceContent": "유세윤은 환자복을 입고 씁쓸한 표정으로 스마트폰을 보는 유상무 앞에 초코음료와 과자를 놓고 사진을 찍었다.",
                "subjectConsistencyYn": "Y"
            },
            {
                "sentenceNo": 4,
                "sentenceContent": "그러면서 \\\"아 맞다 너 금식이지 미안\\\"이라 써 올렸다.",
                "subjectConsistencyYn": "Y"
            },
            {
                "sentenceNo": 5,
                "sentenceContent": "해당 게시물을 본 이들은 \\\"장난에도 정도가 있는 법\\\"이라며 \\\"아무리 웃게 해주려는 장난이라도 환자 앞에서 저런 장난은 좋지 않다\\\"는 의견을 내고 있다.",
                "subjectConsistencyYn": "Y"
            },
            {
                "sentenceNo": 6,
                "sentenceContent": "대체로는 유세윤의 장난에 대해 비판적인 의견이 나오고 있는 반면 반면 \\\"웃다가 완치되겠다\\\"며 긍정적인 반응을 보이는 이들도 있다.",
                "subjectConsistencyYn": "Y"
            },
            {
                "sentenceNo": 7,
                "sentenceContent": "한편 유상무는 최근 대장암 3기 판정을 받고 10일 수술을 받기 위해 8일 경기도에 위치한 대학병원에 입원했다.",
                "subjectConsistencyYn": "Y"
            },
            {
                "sentenceNo": 8,
                "sentenceContent": "한편, 유상무가 대장암 판정을 받은 소식이 알려지며, SBS가 기획한 다큐멘터리 '대장암의 진실'이 화제에 올랐다.",
                "subjectConsistencyYn": "N"
            },
            {
                "sentenceNo": 9,
                "sentenceContent": "'대장암의 진실' 관계자는 \"이번 다큐멘터리에서 대장암 환자 50명의 인터뷰를 담았으니, 이미 대장암을 겪고 있는 환자들에게 많은 도움이 되길 바란다\"라고 전했다. ",
                "subjectConsistencyYn": "N"
            },
            {
                "sentenceNo": 10,
                "sentenceContent": "해당 다큐멘터리는 오는 14일 낮 3시에 SBS에서 방송된다.",
                "subjectConsistencyYn": "N"
            }
        ],
        "clickbaitClass": 0
    }
}