{
    "sourceDataInfo": {
        "newsID": "ET_M03_627484",
        "newsCategory": "연예",
        "newsSubcategory": "연예가화제",
        "newsTitle": "신문 팔라고 허가 내준 가판대서 꼬치판매는 불법",
        "newsSubTitle": "",
        "newsContent": "보행자도로 위 가판대에서 꼬치구이·호떡 등 음식을 조리해 팔다 적발됐다면 영업 취소 처분이 가능하다는 법원의 판결이 나왔다.\n서울행정법원 행정7부(부장 조한창)는 박모씨가 서울시 동작구청장을 상대로 \\\"도로 점용 허가를 취소한 처분은 부당하다\\\"며 낸 소송에서 원고 패소 판결했다고 27일 밝혔다.\n박씨는 1998년경부터 서울시 동작구 노량진 근처에서 3.92㎡ 지역만큼 도로점용을 허가받고 가판대 사용허가(대부) 계약을 맺어 신문과 잡지 등을 팔아왔다.\n박씨는 올해 5월부터 가판대에서 호떡과 꼬치구이를 함께 팔기 시작했다.\n해당지역 관할인 동작구청은 이를 적발하고 3차례에 걸쳐 시정 명령을 했다.\n그럼에도 박씨가 음식물 판매를 멈추지 않자 구청은 박씨에게 내준 도로점용 허가 처분을 취소하고 대부 계약 해지를 통보했다.\n박씨는 \\\"생계유지를 위해 어쩔 수 없이 시작한 것이고 건강도 좋지않다\\\"며 \\\"업종 전환에 시간을 달라\\\"며 구청의 처분이 지나치다고 주장했다.\n하지만 법원은 \\\"서울시 조례는 가판대에서 음식물을 조리하여 판매하는 행위를 엄격히 금지하고 있다\\\"며 \\\"쾌적한 도시환경, 시민의 보행 편의를 위한 공익적 목적이 인정되어 재량권을 일탈·남용한 것으로 볼 수 없다\\\"며 청구를 기각했다.",
        "partNum": "P2",
        "useType": 0,
        "processType": "D",
        "processPattern": "23",
        "processLevel": "중",
        "sentenceCount": 8,
        "processSentencenum": 2,
        "sentenceInfo": [
            {
                "sentenceNo": 1,
                "sentenceContent": "보행자도로 위 가판대에서 꼬치구이·호떡 등 음식을 조리해 팔다 적발됐다면 영업 취소 처분이 가능하다는 법원의 판결이 나왔다.",
                "sentenceSize": 69
            },
            {
                "sentenceNo": 2,
                "sentenceContent": "서울행정법원 행정7부(부장 조한창)는 박모씨가 서울시 동작구청장을 상대로 \\\"도로 점용 허가를 취소한 처분은 부당하다\\\"며 낸 소송에서 원고 패소 판결했다고 27일 밝혔다.",
                "sentenceSize": 96
            },
            {
                "sentenceNo": 3,
                "sentenceContent": "박씨는 1998년경부터 서울시 동작구 노량진 근처에서 3.92㎡ 지역만큼 도로점용을 허가받고 가판대 사용허가(대부) 계약을 맺어 신문과 잡지 등을 팔아왔다.",
                "sentenceSize": 87
            },
            {
                "sentenceNo": 4,
                "sentenceContent": "박씨는 올해 5월부터 가판대에서 호떡과 꼬치구이를 함께 팔기 시작했다.",
                "sentenceSize": 39
            },
            {
                "sentenceNo": 5,
                "sentenceContent": "해당지역 관할인 동작구청은 이를 적발하고 3차례에 걸쳐 시정 명령을 했다.",
                "sentenceSize": 41
            },
            {
                "sentenceNo": 6,
                "sentenceContent": "그럼에도 박씨가 음식물 판매를 멈추지 않자 구청은 박씨에게 내준 도로점용 허가 처분을 취소하고 대부 계약 해지를 통보했다.",
                "sentenceSize": 68
            },
            {
                "sentenceNo": 7,
                "sentenceContent": "박씨는 \\\"생계유지를 위해 어쩔 수 없이 시작한 것이고 건강도 좋지않다\\\"며 \\\"업종 전환에 시간을 달라\\\"며 구청의 처분이 지나치다고 주장했다.",
                "sentenceSize": 81
            },
            {
                "sentenceNo": 8,
                "sentenceContent": "하지만 법원은 \\\"서울시 조례는 가판대에서 음식물을 조리하여 판매하는 행위를 엄격히 금지하고 있다\\\"며 \\\"쾌적한 도시환경, 시민의 보행 편의를 위한 공익적 목적이 인정되어 재량권을 일탈·남용한 것으로 볼 수 없다\\\"며 청구를 기각했다.",
                "sentenceSize": 132
            }
        ]
    },
    "labeledDataInfo": {
        "processSentenceInfo": [
            {
                "sentenceNo": 1,
                "sentenceContent": "보행자도로 위 가판대에서 꼬치구이·호떡 등 음식을 조리해 팔다 적발됐다면 영업 취소 처분이 가능하다는 법원의 판결이 나왔다.",
                "subjectConsistencyYn": "Y"
            },
            {
                "sentenceNo": 2,
                "sentenceContent": "서울행정법원 행정7부(부장 조한창)는 박모씨가 서울시 동작구청장을 상대로 \\\"도로 점용 허가를 취소한 처분은 부당하다\\\"며 낸 소송에서 원고 패소 판결했다고 27일 밝혔다.",
                "subjectConsistencyYn": "Y"
            },
            {
                "sentenceNo": 3,
                "sentenceContent": "박씨는 1998년경부터 서울시 동작구 노량진 근처에서 3.92㎡ 지역만큼 도로점용을 허가받고 가판대 사용허가(대부) 계약을 맺어 신문과 잡지 등을 팔아왔다.",
                "subjectConsistencyYn": "Y"
            },
            {
                "sentenceNo": 4,
                "sentenceContent": "박씨는 올해 5월부터 가판대에서 호떡과 꼬치구이를 함께 팔기 시작했다.",
                "subjectConsistencyYn": "Y"
            },
            {
                "sentenceNo": 5,
                "sentenceContent": "해당지역 관할인 동작구청은 이를 적발하고 3차례에 걸쳐 시정 명령을 했다.",
                "subjectConsistencyYn": "Y"
            },
            {
                "sentenceNo": 6,
                "sentenceContent": "그럼에도 박씨가 음식물 판매를 멈추지 않자 구청은 박씨에게 내준 도로점용 허가 처분을 취소하고 대부 계약 해지를 통보했다.",
                "subjectConsistencyYn": "Y"
            },
            {
                "sentenceNo": 7,
                "sentenceContent": "박씨는 \\\"생계유지를 위해 어쩔 수 없이 시작한 것이고 건강도 좋지않다\\\"며 \\\"업종 전환에 시간을 달라\\\"며 구청의 처분이 지나치다고 주장했다.",
                "subjectConsistencyYn": "Y"
            },
            {
                "sentenceNo": 8,
                "sentenceContent": "하지만 법원은 \\\"서울시 조례는 가판대에서 음식물을 조리하여 판매하는 행위를 엄격히 금지하고 있다\\\"며 \\\"쾌적한 도시환경, 시민의 보행 편의를 위한 공익적 목적이 인정되어 재량권을 일탈·남용한 것으로 볼 수 없다\\\"며 청구를 기각했다.",
                "subjectConsistencyYn": "Y"
            },
            {
                "sentenceNo": 9,
                "sentenceContent": "동작구청의 시정 명령을 어긴 채 생계유지를 위해 박씨가 지속해서 팔던 호떡을 겨울 신메뉴로 출시하여 30만 개를 판매한 이디야커피에서 '배달 서비스'를 시작한다고 밝혔다.",
                "subjectConsistencyYn": "N"
            },
            {
                "sentenceNo": 10,
                "sentenceContent": "요기요 앱에서 주문하면 이디야커피의 매장에서만 판매되던 메뉴를 매장 외 사무실, 가정, 학교 등 고객이 원하는 곳 어디서나 즐길 수 있게 됐다.",
                "subjectConsistencyYn": "N"
            }
        ],
        "clickbaitClass": 0
    }
}