{
    "sourceDataInfo": {
        "newsID": "ET_M03_627840",
        "newsCategory": "연예",
        "newsSubcategory": "연예가화제",
        "newsTitle": "‘진짜 사나이’ 신소율, 소지품 검사 중 화장품 딱 걸려…소대장 “지켜보겠다”",
        "newsSubTitle": "",
        "newsContent": "'진짜 사나이 신소율' ‘진짜 사나이’에 출연중인 신소율이 금지 물품인 화장품을 들여 왔다가, 소지품 검사에서 적발됐다.\n8월 30일 방영된 MBC ‘일밤-진짜 사나이’ 여군특집 3기에서는 특수부대에서 군생활을 시작하는 멤버들의 모습이 펼쳐졌다.\n이날 방송에서는 멤버들이 처음으로 생활관에 입소한 뒤 5분 간 짐정리를 하는 모습이 그려졌다.\n이 때 소대장이 소지품 검사를 시작했고, 각자 반입 금지 물품을 정리하고 내놓는 시간을 가졌다.\n소대장은 신소율의 소지품을 검사하며 속옷이 담겨온 주머니를 뒤졌다.\n그 안에서 틴트와 눈썹을 그리는 화장품 등이 등장했고, 소대장의 추궁에 신소율은 \\\"혹시 몰라서 숨겨왔다\\\"고 자백했다.",
        "partNum": "P2",
        "useType": 0,
        "processType": "D",
        "processPattern": "23",
        "processLevel": "중",
        "sentenceCount": 6,
        "processSentencenum": 2,
        "sentenceInfo": [
            {
                "sentenceNo": 1,
                "sentenceContent": "'진짜 사나이 신소율' ‘진짜 사나이’에 출연중인 신소율이 금지 물품인 화장품을 들여 왔다가, 소지품 검사에서 적발됐다.",
                "sentenceSize": 67
            },
            {
                "sentenceNo": 2,
                "sentenceContent": "8월 30일 방영된 MBC ‘일밤-진짜 사나이’ 여군특집 3기에서는 특수부대에서 군생활을 시작하는 멤버들의 모습이 펼쳐졌다.",
                "sentenceSize": 69
            },
            {
                "sentenceNo": 3,
                "sentenceContent": "이날 방송에서는 멤버들이 처음으로 생활관에 입소한 뒤 5분 간 짐정리를 하는 모습이 그려졌다.",
                "sentenceSize": 52
            },
            {
                "sentenceNo": 4,
                "sentenceContent": "이 때 소대장이 소지품 검사를 시작했고, 각자 반입 금지 물품을 정리하고 내놓는 시간을 가졌다.",
                "sentenceSize": 53
            },
            {
                "sentenceNo": 5,
                "sentenceContent": "소대장은 신소율의 소지품을 검사하며 속옷이 담겨온 주머니를 뒤졌다.",
                "sentenceSize": 37
            },
            {
                "sentenceNo": 6,
                "sentenceContent": "그 안에서 틴트와 눈썹을 그리는 화장품 등이 등장했고, 소대장의 추궁에 신소율은 \\\"혹시 몰라서 숨겨왔다\\\"고 자백했다.",
                "sentenceSize": 67
            }
        ]
    },
    "labeledDataInfo": {
        "processSentenceInfo": [
            {
                "sentenceNo": 1,
                "sentenceContent": "'진짜 사나이 신소율' ‘진짜 사나이’에 출연중인 신소율이 금지 물품인 화장품을 들여 왔다가, 소지품 검사에서 적발됐다.",
                "subjectConsistencyYn": "Y"
            },
            {
                "sentenceNo": 2,
                "sentenceContent": "8월 30일 방영된 MBC ‘일밤-진짜 사나이’ 여군특집 3기에서는 특수부대에서 군생활을 시작하는 멤버들의 모습이 펼쳐졌다.",
                "subjectConsistencyYn": "Y"
            },
            {
                "sentenceNo": 3,
                "sentenceContent": "이날 방송에서는 멤버들이 처음으로 생활관에 입소한 뒤 5분 간 짐정리를 하는 모습이 그려졌다.",
                "subjectConsistencyYn": "Y"
            },
            {
                "sentenceNo": 4,
                "sentenceContent": "이 때 소대장이 소지품 검사를 시작했고, 각자 반입 금지 물품을 정리하고 내놓는 시간을 가졌다.",
                "subjectConsistencyYn": "Y"
            },
            {
                "sentenceNo": 5,
                "sentenceContent": "소대장은 신소율의 소지품을 검사하며 속옷이 담겨온 주머니를 뒤졌다.",
                "subjectConsistencyYn": "Y"
            },
            {
                "sentenceNo": 6,
                "sentenceContent": "그 안에서 틴트와 눈썹을 그리는 화장품 등이 등장했고, 소대장의 추궁에 신소율은 \\\"혹시 몰라서 숨겨왔다\\\"고 자백했다.",
                "subjectConsistencyYn": "Y"
            },
            {
                "sentenceNo": 7,
                "sentenceContent": "게다가 신소율은 \"방송으로 민낯을 보이기 부담스러운데 이유는 눈썹 숱이 너무 없어서\"라고 말해 소대장을 당황스럽게 했다. ",
                "subjectConsistencyYn": "N"
            },
            {
                "sentenceNo": 8,
                "sentenceContent": "신소율처럼 눈썹 숱이 너무 없어 고민하시는 분들 위해 '미우'에서는 '반영구 눈썹' 서비스를 제공하는데, '미우'는 가장 많은 눈썹 문신 패턴과 18가지의 독보적인 기술을 보유하고 있어 개인 특성에 맞게 자연스러운 눈썹을 그릴 수 있으므로 반영구 눈썹, 반영구 화장에 관심이 있는 분들은 꼭 '미우'를 방문해주시면 좋겠다.",
                "subjectConsistencyYn": "N"
            }
        ],
        "clickbaitClass": 0
    }
}