{
    "sourceDataInfo": {
        "newsID": "ET_M03_627867",
        "newsCategory": "연예",
        "newsSubcategory": "연예가화제",
        "newsTitle": "2015 ‘송도맥주축제’ 개막, 맥주와 함께 음악까지~ '반응 뜨거워'",
        "newsSubTitle": "",
        "newsContent": "2015 ‘송도맥주축제’ 개막, 맥주와 함께 음악까지~ '반응 뜨거워' 송도맥주축제에 대한 사람들의 관심이 뜨겁다.\n송도맥주축제가 포함된 2015 제5회 송도세계문화축제는 오늘 개막해서 9일간 진행된다.\n이번 축제의 주제는 '인천 가치의 재발견' 이다.\n이 행사에서는 광복 70주년의 의미를 되새기는 시간도 마련될 예정이다.\n이번 행사의 주최는 경인방송과 코레일 유통이 맡았다.\n2015 제5회 송도세계문화축제는 송도맥주축제로도 불려지며 화제를 모으고 있다.\n송도맥주축제의 주요행사는 음악페스티벌, 전세계 맥주체험 행사 등이다.\n음악페스티벌에서는 국내외 가수들의 라이브 공연이 9일 동안 연이어 진행되며 전세계 맥주체험 행사에서는 세계 각국 맥주 시음회가 열린다.\n축제 개막일 출연진은 밴드 시나위, DJ구준엽, 다인, 아리카마, 신촌블루스, 김창기밴드, 로맨틱펀치, 킹스턴루디스카, 조항조, 채은옥, 이정희, 강허달림, 이상미 등입니다.",
        "partNum": "P2",
        "useType": 0,
        "processType": "D",
        "processPattern": "23",
        "processLevel": "중",
        "sentenceCount": 9,
        "processSentencenum": 3,
        "sentenceInfo": [
            {
                "sentenceNo": 1,
                "sentenceContent": "2015 ‘송도맥주축제’ 개막, 맥주와 함께 음악까지~ '반응 뜨거워' 송도맥주축제에 대한 사람들의 관심이 뜨겁다.",
                "sentenceSize": 64
            },
            {
                "sentenceNo": 2,
                "sentenceContent": "송도맥주축제가 포함된 2015 제5회 송도세계문화축제는 오늘 개막해서 9일간 진행된다.",
                "sentenceSize": 48
            },
            {
                "sentenceNo": 3,
                "sentenceContent": "이번 축제의 주제는 '인천 가치의 재발견' 이다.",
                "sentenceSize": 27
            },
            {
                "sentenceNo": 4,
                "sentenceContent": "이 행사에서는 광복 70주년의 의미를 되새기는 시간도 마련될 예정이다.",
                "sentenceSize": 39
            },
            {
                "sentenceNo": 5,
                "sentenceContent": "이번 행사의 주최는 경인방송과 코레일 유통이 맡았다.",
                "sentenceSize": 29
            },
            {
                "sentenceNo": 6,
                "sentenceContent": "2015 제5회 송도세계문화축제는 송도맥주축제로도 불려지며 화제를 모으고 있다.",
                "sentenceSize": 44
            },
            {
                "sentenceNo": 7,
                "sentenceContent": "송도맥주축제의 주요행사는 음악페스티벌, 전세계 맥주체험 행사 등이다.",
                "sentenceSize": 38
            },
            {
                "sentenceNo": 8,
                "sentenceContent": "음악페스티벌에서는 국내외 가수들의 라이브 공연이 9일 동안 연이어 진행되며 전세계 맥주체험 행사에서는 세계 각국 맥주 시음회가 열린다.",
                "sentenceSize": 75
            },
            {
                "sentenceNo": 9,
                "sentenceContent": "축제 개막일 출연진은 밴드 시나위, DJ구준엽, 다인, 아리카마, 신촌블루스, 김창기밴드, 로맨틱펀치, 킹스턴루디스카, 조항조, 채은옥, 이정희, 강허달림, 이상미 등입니다.",
                "sentenceSize": 97
            }
        ]
    },
    "labeledDataInfo": {
        "processSentenceInfo": [
            {
                "sentenceNo": 1,
                "sentenceContent": "2015 ‘송도맥주축제’ 개막, 맥주와 함께 음악까지~ '반응 뜨거워' 송도맥주축제에 대한 사람들의 관심이 뜨겁다.",
                "subjectConsistencyYn": "Y"
            },
            {
                "sentenceNo": 2,
                "sentenceContent": "송도맥주축제가 포함된 2015 제5회 송도세계문화축제는 오늘 개막해서 9일간 진행된다.",
                "subjectConsistencyYn": "Y"
            },
            {
                "sentenceNo": 3,
                "sentenceContent": "이번 축제의 주제는 '인천 가치의 재발견' 이다.",
                "subjectConsistencyYn": "Y"
            },
            {
                "sentenceNo": 4,
                "sentenceContent": "이 행사에서는 광복 70주년의 의미를 되새기는 시간도 마련될 예정이다.",
                "subjectConsistencyYn": "Y"
            },
            {
                "sentenceNo": 5,
                "sentenceContent": "이번 행사의 주최는 경인방송과 코레일 유통이 맡았다.",
                "subjectConsistencyYn": "Y"
            },
            {
                "sentenceNo": 6,
                "sentenceContent": "2015 제5회 송도세계문화축제는 송도맥주축제로도 불려지며 화제를 모으고 있다.",
                "subjectConsistencyYn": "Y"
            },
            {
                "sentenceNo": 7,
                "sentenceContent": "송도맥주축제의 주요행사는 음악페스티벌, 전세계 맥주체험 행사 등이다.",
                "subjectConsistencyYn": "Y"
            },
            {
                "sentenceNo": 8,
                "sentenceContent": "음악페스티벌에서는 국내외 가수들의 라이브 공연이 9일 동안 연이어 진행되며 전세계 맥주체험 행사에서는 세계 각국 맥주 시음회가 열린다.",
                "subjectConsistencyYn": "Y"
            },
            {
                "sentenceNo": 9,
                "sentenceContent": "축제 개막일 출연진은 밴드 시나위, DJ구준엽, 다인, 아리카마, 신촌블루스, 김창기밴드, 로맨틱펀치, 킹스턴루디스카, 조항조, 채은옥, 이정희, 강허달림, 이상미 등입니다.",
                "subjectConsistencyYn": "Y"
            },
            {
                "sentenceNo": 10,
                "sentenceContent": "한편, 음악페스티벌 축제 개막일에 출연하는 로맨틱펀치가 단독 콘서트를 개최한다고 밝혔다.",
                "subjectConsistencyYn": "N"
            },
            {
                "sentenceNo": 11,
                "sentenceContent": "로맨틱펀치의 단독 콘서트 `거침없이 PUNCH`는 오는 20일부터 내달 19일까지 총 6회에 걸쳐 마포아트센터에서 진행될 예정이다.",
                "subjectConsistencyYn": "N"
            },
            {
                "sentenceNo": 12,
                "sentenceContent": "티켓은 13일 오후 8시부터 멜론 티켓에서 예매할 수 있다.",
                "subjectConsistencyYn": "N"
            }
        ],
        "clickbaitClass": 0
    }
}