{
    "sourceDataInfo": {
        "newsID": "ET_M03_627693",
        "newsCategory": "연예",
        "newsSubcategory": "연예가화제",
        "newsTitle": "'치즈인더트랩' 김고은·박해진 캐릭터 싱크 100%… 대본리딩 현장 호흡도 '찰떡궁합'",
        "newsSubTitle": "",
        "newsContent": "'치즈인더트랩' 김고은·박해진 캐릭터 싱크 100%… 대본리딩 현장 호흡도 '찰떡궁합' 대본 리딩 현장에는 박해진(유정 역), 김고은(홍설 역), 서강준(백인호 역), 박민지(장보라 역), 남주혁(권은택 역) 등 드라마를 함께 만들어갈 배우 23명과 약 20명의 스태프들이 모였다.\n배우들은 웹툰에서 튀어나온 듯한 비주얼과 함께 원작 캐릭터들과 높은 싱크로율을 자랑해 눈길을 끌었다.\n유정과 이미 완벽한 싱크로율을 자랑하고 있는 박해진은 물론, 김고은은 홍설의 염색머리를 그대로 재연했고 서강준, 박민지, 남주혁 역시 역할에 어울리는 패션과 스타일을 갖췄다.\n본격적인 대본 리딩이 시작되자 배우들은 첫 호흡부터 끈끈한 호흡을 선보이면서 드라마에 대한 기대감을 높였다.\n동명의 웹툰을 원작으로 하는 드라마 '치즈인더트랩'은 달콤한 미소 뒤 위험한 본성을 숨긴 완벽 스펙남과 유일하게 그의 본모습을 꿰뚫어본 비범한 여대생의 이야기를 담은 로맨스릴러다.\n온라인 중앙일보 [사진=CJ E&M 제공] 치즈인더트랩 김고은 박해진 이성경",
        "partNum": "P2",
        "useType": 0,
        "processType": "D",
        "processPattern": "23",
        "processLevel": "중",
        "sentenceCount": 6,
        "processSentencenum": 4,
        "sentenceInfo": [
            {
                "sentenceNo": 1,
                "sentenceContent": "'치즈인더트랩' 김고은·박해진 캐릭터 싱크 100%… 대본리딩 현장 호흡도 '찰떡궁합' 대본 리딩 현장에는 박해진(유정 역), 김고은(홍설 역), 서강준(백인호 역), 박민지(장보라 역), 남주혁(권은택 역) 등 드라마를 함께 만들어갈 배우 23명과 약 20명의 스태프들이 모였다.",
                "sentenceSize": 157
            },
            {
                "sentenceNo": 2,
                "sentenceContent": "배우들은 웹툰에서 튀어나온 듯한 비주얼과 함께 원작 캐릭터들과 높은 싱크로율을 자랑해 눈길을 끌었다.",
                "sentenceSize": 56
            },
            {
                "sentenceNo": 3,
                "sentenceContent": "유정과 이미 완벽한 싱크로율을 자랑하고 있는 박해진은 물론, 김고은은 홍설의 염색머리를 그대로 재연했고 서강준, 박민지, 남주혁 역시 역할에 어울리는 패션과 스타일을 갖췄다.",
                "sentenceSize": 97
            },
            {
                "sentenceNo": 4,
                "sentenceContent": "본격적인 대본 리딩이 시작되자 배우들은 첫 호흡부터 끈끈한 호흡을 선보이면서 드라마에 대한 기대감을 높였다.",
                "sentenceSize": 60
            },
            {
                "sentenceNo": 5,
                "sentenceContent": "동명의 웹툰을 원작으로 하는 드라마 '치즈인더트랩'은 달콤한 미소 뒤 위험한 본성을 숨긴 완벽 스펙남과 유일하게 그의 본모습을 꿰뚫어본 비범한 여대생의 이야기를 담은 로맨스릴러다.",
                "sentenceSize": 100
            },
            {
                "sentenceNo": 6,
                "sentenceContent": "온라인 중앙일보 [사진=CJ E&M 제공] 치즈인더트랩 김고은 박해진 이성경",
                "sentenceSize": 42
            }
        ]
    },
    "labeledDataInfo": {
        "processSentenceInfo": [
            {
                "sentenceNo": 1,
                "sentenceContent": "'치즈인더트랩' 김고은·박해진 캐릭터 싱크 100%… 대본리딩 현장 호흡도 '찰떡궁합' 대본 리딩 현장에는 박해진(유정 역), 김고은(홍설 역), 서강준(백인호 역), 박민지(장보라 역), 남주혁(권은택 역) 등 드라마를 함께 만들어갈 배우 23명과 약 20명의 스태프들이 모였다.",
                "subjectConsistencyYn": "Y"
            },
            {
                "sentenceNo": 2,
                "sentenceContent": "배우들은 웹툰에서 튀어나온 듯한 비주얼과 함께 원작 캐릭터들과 높은 싱크로율을 자랑해 눈길을 끌었다.",
                "subjectConsistencyYn": "Y"
            },
            {
                "sentenceNo": 3,
                "sentenceContent": "유정과 이미 완벽한 싱크로율을 자랑하고 있는 박해진은 물론, 김고은은 홍설의 염색머리를 그대로 재연했고 서강준, 박민지, 남주혁 역시 역할에 어울리는 패션과 스타일을 갖췄다.",
                "subjectConsistencyYn": "Y"
            },
            {
                "sentenceNo": 4,
                "sentenceContent": "본격적인 대본 리딩이 시작되자 배우들은 첫 호흡부터 끈끈한 호흡을 선보이면서 드라마에 대한 기대감을 높였다.",
                "subjectConsistencyYn": "Y"
            },
            {
                "sentenceNo": 5,
                "sentenceContent": "동명의 웹툰을 원작으로 하는 드라마 '치즈인더트랩'은 달콤한 미소 뒤 위험한 본성을 숨긴 완벽 스펙남과 유일하게 그의 본모습을 꿰뚫어본 비범한 여대생의 이야기를 담은 로맨스릴러다.",
                "subjectConsistencyYn": "Y"
            },
            {
                "sentenceNo": 6,
                "sentenceContent": "온라인 중앙일보 [사진=CJ E&M 제공] 치즈인더트랩 김고은 박해진 이성경",
                "subjectConsistencyYn": "Y"
            },
            {
                "sentenceNo": 7,
                "sentenceContent": "한편, 홍설 역의 김고은은 대학생 이미지를 살려 KT에서 출시한 ‘Y24 요금제’ 모델로 발탁됐다. ",
                "subjectConsistencyYn": "N"
            },
            {
                "sentenceNo": 8,
                "sentenceContent": "Y24 요금제는 10~20대 고객들이 게임‧동영상‧음악 등 다양한 콘텐츠를 데이터 걱정 없이 자유롭게 이용할 수 있도록 매월 기본 제공 데이터에 추가로 매일 연속 3시간 동안 데이터를 무제한으로 이용할 수 있다.",
                "subjectConsistencyYn": "N"
            },
            {
                "sentenceNo": 9,
                "sentenceContent": "또한 ‘반값팩’을 통해 올레 TV 모바일 데일리 팩, 지니팩 LTE, 데이터 500MB 서비스를 매월 50% 할인된 혜택으로도 제공한다. ",
                "subjectConsistencyYn": "N"
            },
            {
                "sentenceNo": 10,
                "sentenceContent": "Y24 요금제는 20세부터 24세까지 고객에게만 제공된다.",
                "subjectConsistencyYn": "N"
            }
        ],
        "clickbaitClass": 0
    }
}