{
    "sourceDataInfo": {
        "newsID": "ET_M03_627669",
        "newsCategory": "연예",
        "newsSubcategory": "연예가화제",
        "newsTitle": "원펀치 사실상 해체, 원은 YG 전속계약…\\\"아이돌 외모에 랩실력까지\\\"",
        "newsSubTitle": "",
        "newsContent": "Mnet ‘쇼미더머니4’에 출연한 래퍼 원이 YG엔터테인먼트와 전속계약하며 그룹 ‘원펀치’가 사실상 해체 수순을 밟게 됐다.\n21일 한 매체는 가요 관계자의 말을 빌려 원이 최근 YG와 전속 계약을 맺고, YG에 출근해 연습 중이라고 보도했다.\n보도에 따르면 한 가요 관계자는 “YG가 ‘쇼미더머니4’에 참가한 원을 유심히 관찰했다. ‘쇼미더머니4’ 우승권에 근접한 실력자라고 판단했다”고 전했다.\n이어 관계자는 “외모도 아이돌 급 이상으로 출중하고, 랩 실력도 수준급이다. 아직 다듬어야 될 점이 많지만 원석이라고 생각했다”며 “이제 연습을 하고 있어, 앨범 발표 시기와 형태는 정해진 것이 없다”고 전했다.\n계약 형태는 원과 전속 계약한 D-Business 엔터테인먼트 이용학 대표와 YG엔터테인먼트, 원의 3자 계약으로 이뤄졌으며, YG엔터테인먼트는 D-Business엔터테인먼트로부터 원과 관련한 모든 계약 권리를 넘게 받게 됐다.\n이에 원은 YG 소속 가수로 활동하게 되는 것. 한편, 원은 올해 초 듀오 원펀치로 데뷔해 활동했으며, ‘쇼미더머니4’에 출연해 눈길을 끌었다.",
        "partNum": "P2",
        "useType": 0,
        "processType": "D",
        "processPattern": "23",
        "processLevel": "중",
        "sentenceCount": 6,
        "processSentencenum": 3,
        "sentenceInfo": [
            {
                "sentenceNo": 1,
                "sentenceContent": "Mnet ‘쇼미더머니4’에 출연한 래퍼 원이 YG엔터테인먼트와 전속계약하며 그룹 ‘원펀치’가 사실상 해체 수순을 밟게 됐다.",
                "sentenceSize": 69
            },
            {
                "sentenceNo": 2,
                "sentenceContent": "21일 한 매체는 가요 관계자의 말을 빌려 원이 최근 YG와 전속 계약을 맺고, YG에 출근해 연습 중이라고 보도했다.",
                "sentenceSize": 66
            },
            {
                "sentenceNo": 3,
                "sentenceContent": "보도에 따르면 한 가요 관계자는 “YG가 ‘쇼미더머니4’에 참가한 원을 유심히 관찰했다. ‘쇼미더머니4’ 우승권에 근접한 실력자라고 판단했다”고 전했다.",
                "sentenceSize": 85
            },
            {
                "sentenceNo": 4,
                "sentenceContent": "이어 관계자는 “외모도 아이돌 급 이상으로 출중하고, 랩 실력도 수준급이다. 아직 다듬어야 될 점이 많지만 원석이라고 생각했다”며 “이제 연습을 하고 있어, 앨범 발표 시기와 형태는 정해진 것이 없다”고 전했다.",
                "sentenceSize": 118
            },
            {
                "sentenceNo": 5,
                "sentenceContent": "계약 형태는 원과 전속 계약한 D-Business 엔터테인먼트 이용학 대표와 YG엔터테인먼트, 원의 3자 계약으로 이뤄졌으며, YG엔터테인먼트는 D-Business엔터테인먼트로부터 원과 관련한 모든 계약 권리를 넘게 받게 됐다.",
                "sentenceSize": 127
            },
            {
                "sentenceNo": 6,
                "sentenceContent": "이에 원은 YG 소속 가수로 활동하게 되는 것. 한편, 원은 올해 초 듀오 원펀치로 데뷔해 활동했으며, ‘쇼미더머니4’에 출연해 눈길을 끌었다.",
                "sentenceSize": 80
            }
        ]
    },
    "labeledDataInfo": {
        "processSentenceInfo": [
            {
                "sentenceNo": 1,
                "sentenceContent": "Mnet ‘쇼미더머니4’에 출연한 래퍼 원이 YG엔터테인먼트와 전속계약하며 그룹 ‘원펀치’가 사실상 해체 수순을 밟게 됐다.",
                "subjectConsistencyYn": "Y"
            },
            {
                "sentenceNo": 2,
                "sentenceContent": "21일 한 매체는 가요 관계자의 말을 빌려 원이 최근 YG와 전속 계약을 맺고, YG에 출근해 연습 중이라고 보도했다.",
                "subjectConsistencyYn": "Y"
            },
            {
                "sentenceNo": 3,
                "sentenceContent": "보도에 따르면 한 가요 관계자는 “YG가 ‘쇼미더머니4’에 참가한 원을 유심히 관찰했다. ‘쇼미더머니4’ 우승권에 근접한 실력자라고 판단했다”고 전했다.",
                "subjectConsistencyYn": "Y"
            },
            {
                "sentenceNo": 4,
                "sentenceContent": "이어 관계자는 “외모도 아이돌 급 이상으로 출중하고, 랩 실력도 수준급이다. 아직 다듬어야 될 점이 많지만 원석이라고 생각했다”며 “이제 연습을 하고 있어, 앨범 발표 시기와 형태는 정해진 것이 없다”고 전했다.",
                "subjectConsistencyYn": "Y"
            },
            {
                "sentenceNo": 5,
                "sentenceContent": "계약 형태는 원과 전속 계약한 D-Business 엔터테인먼트 이용학 대표와 YG엔터테인먼트, 원의 3자 계약으로 이뤄졌으며, YG엔터테인먼트는 D-Business엔터테인먼트로부터 원과 관련한 모든 계약 권리를 넘게 받게 됐다.",
                "subjectConsistencyYn": "Y"
            },
            {
                "sentenceNo": 6,
                "sentenceContent": "이에 원은 YG 소속 가수로 활동하게 되는 것. 한편, 원은 올해 초 듀오 원펀치로 데뷔해 활동했으며, ‘쇼미더머니4’에 출연해 눈길을 끌었다.",
                "subjectConsistencyYn": "Y"
            },
            {
                "sentenceNo": 7,
                "sentenceContent": "래퍼 원이 YG엔터테인먼트와 전속계약하면서 새로운 YG엔터테인먼트의 체제를 만들어가는 첫 걸음으로 YG엔터테인먼트는 '위버스 서비스'를 제공하기 시작했다.",
                "subjectConsistencyYn": "N"
            },
            {
                "sentenceNo": 8,
                "sentenceContent": "이는 아티스트와 팬들이 소통할 수 있는 커뮤니티 서비스로 YG 소속 아티스트들과 그들의 팬만 이용할 수 있다.",
                "subjectConsistencyYn": "N"
            },
            {
                "sentenceNo": 9,
                "sentenceContent": "래퍼 원이 전속계약한 YG엔터테인먼트의 '위버스 서비스'는 위버스 공식 애플리케이션에서 이용할 수 있다.",
                "subjectConsistencyYn": "N"
            }
        ],
        "clickbaitClass": 0
    }
}