{
    "sourceDataInfo": {
        "newsID": "ET_M03_627607",
        "newsCategory": "연예",
        "newsSubcategory": "연예가화제",
        "newsTitle": "‘언프리티랩스타’ 시즌2 전지윤, “아이돌 색안경 그 편견 다 부셔버리면 된다”",
        "newsSubTitle": "",
        "newsContent": "‘언프리티랩스타’ 시즌2 전지윤, “아이돌 색안경 그 편견 다 부셔버리면 된다” ‘언프리티랩스타 시즌2’ 전지윤이 아이돌 래퍼에 대한 자신의 생각을 전했다.\n2일 밤 11시 방송된 Mnet '언프리티랩스타 시즌2'에서는 전지윤이 아이돌 래퍼라는 편견에 대해 솔직하게 자신의 생각을 털어 놓았다.\n이날 전지윤은 ‘언프리티랩스타 시즌2’에 첫 등장했다.\n전지윤은 자신을 보는 냉랭한 분위기에 “자기들끼리 화기애애하니까 불청객으로 들어온 기분이었다”며 “굳이 편을 가르지 않아도 느껴지는 분위기가 있어서 외톨이 같았다”고 말했다.\n이때 등장한 MC산이는 래퍼들에게 “아이돌 멤버가 래퍼로 들어온 것에 대해 어떻게 생각하느냐”고 질문했다.\n이에 길미는 “솔직히 얼마나 잘하는 지 들어보고 싶다”고 말했다.\n전지윤은 당당하게 스테이지로 나가 즉석에서 사이퍼 랩을 시작했다.\n전지윤은 “내 신고식이 너희의 졸업식이다. 다 버리고 나왔다. 큐브 등딱지떼고”라며 시원하게 랩을 쏟아냈지만 다른 래퍼들의 혹평이 이어졌다.\n이에 전지윤은 “일단 아이돌이라 하면 색안경을 끼고 보는 것 같다. 근데 색안경 끼고 보셔도 상관없다. 내가 그 편견을 다 부셔버리면 된다”라며 자신만만한 태도를 보였다.\n한편, 이날 '언프리티랩스타 시즌2'에서는 박재범과 차차가 프로듀싱한 시즌 4번 트랙과 5번 트랙을 두고 여자 래퍼들이 대결을 펼치는 모습이 그려졌다. ‘언프리티랩스타 시즌2 전지윤’ ‘언프리티랩스타 시즌2 전지윤’ 온라인 중앙일보 [사진 Mnet ‘언프리티랩스타 시즌2’ 캡처]",
        "partNum": "P2",
        "useType": 0,
        "processType": "D",
        "processPattern": "23",
        "processLevel": "중",
        "sentenceCount": 10,
        "processSentencenum": 3,
        "sentenceInfo": [
            {
                "sentenceNo": 1,
                "sentenceContent": "‘언프리티랩스타’ 시즌2 전지윤, “아이돌 색안경 그 편견 다 부셔버리면 된다” ‘언프리티랩스타 시즌2’ 전지윤이 아이돌 래퍼에 대한 자신의 생각을 전했다.",
                "sentenceSize": 87
            },
            {
                "sentenceNo": 2,
                "sentenceContent": "2일 밤 11시 방송된 Mnet '언프리티랩스타 시즌2'에서는 전지윤이 아이돌 래퍼라는 편견에 대해 솔직하게 자신의 생각을 털어 놓았다.",
                "sentenceSize": 76
            },
            {
                "sentenceNo": 3,
                "sentenceContent": "이날 전지윤은 ‘언프리티랩스타 시즌2’에 첫 등장했다.",
                "sentenceSize": 30
            },
            {
                "sentenceNo": 4,
                "sentenceContent": "전지윤은 자신을 보는 냉랭한 분위기에 “자기들끼리 화기애애하니까 불청객으로 들어온 기분이었다”며 “굳이 편을 가르지 않아도 느껴지는 분위기가 있어서 외톨이 같았다”고 말했다.",
                "sentenceSize": 97
            },
            {
                "sentenceNo": 5,
                "sentenceContent": "이때 등장한 MC산이는 래퍼들에게 “아이돌 멤버가 래퍼로 들어온 것에 대해 어떻게 생각하느냐”고 질문했다.",
                "sentenceSize": 59
            },
            {
                "sentenceNo": 6,
                "sentenceContent": "이에 길미는 “솔직히 얼마나 잘하는 지 들어보고 싶다”고 말했다.",
                "sentenceSize": 36
            },
            {
                "sentenceNo": 7,
                "sentenceContent": "전지윤은 당당하게 스테이지로 나가 즉석에서 사이퍼 랩을 시작했다.",
                "sentenceSize": 36
            },
            {
                "sentenceNo": 8,
                "sentenceContent": "전지윤은 “내 신고식이 너희의 졸업식이다. 다 버리고 나왔다. 큐브 등딱지떼고”라며 시원하게 랩을 쏟아냈지만 다른 래퍼들의 혹평이 이어졌다.",
                "sentenceSize": 78
            },
            {
                "sentenceNo": 9,
                "sentenceContent": "이에 전지윤은 “일단 아이돌이라 하면 색안경을 끼고 보는 것 같다. 근데 색안경 끼고 보셔도 상관없다. 내가 그 편견을 다 부셔버리면 된다”라며 자신만만한 태도를 보였다.",
                "sentenceSize": 95
            },
            {
                "sentenceNo": 10,
                "sentenceContent": "한편, 이날 '언프리티랩스타 시즌2'에서는 박재범과 차차가 프로듀싱한 시즌 4번 트랙과 5번 트랙을 두고 여자 래퍼들이 대결을 펼치는 모습이 그려졌다. ‘언프리티랩스타 시즌2 전지윤’ ‘언프리티랩스타 시즌2 전지윤’ 온라인 중앙일보 [사진 Mnet ‘언프리티랩스타 시즌2’ 캡처]",
                "sentenceSize": 156
            }
        ]
    },
    "labeledDataInfo": {
        "processSentenceInfo": [
            {
                "sentenceNo": 1,
                "sentenceContent": "‘언프리티랩스타’ 시즌2 전지윤, “아이돌 색안경 그 편견 다 부셔버리면 된다” ‘언프리티랩스타 시즌2’ 전지윤이 아이돌 래퍼에 대한 자신의 생각을 전했다.",
                "subjectConsistencyYn": "Y"
            },
            {
                "sentenceNo": 2,
                "sentenceContent": "2일 밤 11시 방송된 Mnet '언프리티랩스타 시즌2'에서는 전지윤이 아이돌 래퍼라는 편견에 대해 솔직하게 자신의 생각을 털어 놓았다.",
                "subjectConsistencyYn": "Y"
            },
            {
                "sentenceNo": 3,
                "sentenceContent": "이날 전지윤은 ‘언프리티랩스타 시즌2’에 첫 등장했다.",
                "subjectConsistencyYn": "Y"
            },
            {
                "sentenceNo": 4,
                "sentenceContent": "전지윤은 자신을 보는 냉랭한 분위기에 “자기들끼리 화기애애하니까 불청객으로 들어온 기분이었다”며 “굳이 편을 가르지 않아도 느껴지는 분위기가 있어서 외톨이 같았다”고 말했다.",
                "subjectConsistencyYn": "Y"
            },
            {
                "sentenceNo": 5,
                "sentenceContent": "이때 등장한 MC산이는 래퍼들에게 “아이돌 멤버가 래퍼로 들어온 것에 대해 어떻게 생각하느냐”고 질문했다.",
                "subjectConsistencyYn": "Y"
            },
            {
                "sentenceNo": 6,
                "sentenceContent": "이에 길미는 “솔직히 얼마나 잘하는 지 들어보고 싶다”고 말했다.",
                "subjectConsistencyYn": "Y"
            },
            {
                "sentenceNo": 7,
                "sentenceContent": "전지윤은 당당하게 스테이지로 나가 즉석에서 사이퍼 랩을 시작했다.",
                "subjectConsistencyYn": "Y"
            },
            {
                "sentenceNo": 8,
                "sentenceContent": "전지윤은 “내 신고식이 너희의 졸업식이다. 다 버리고 나왔다. 큐브 등딱지떼고”라며 시원하게 랩을 쏟아냈지만 다른 래퍼들의 혹평이 이어졌다.",
                "subjectConsistencyYn": "Y"
            },
            {
                "sentenceNo": 9,
                "sentenceContent": "이에 전지윤은 “일단 아이돌이라 하면 색안경을 끼고 보는 것 같다. 근데 색안경 끼고 보셔도 상관없다. 내가 그 편견을 다 부셔버리면 된다”라며 자신만만한 태도를 보였다.",
                "subjectConsistencyYn": "Y"
            },
            {
                "sentenceNo": 10,
                "sentenceContent": "한편, 이날 '언프리티랩스타 시즌2'에서는 박재범과 차차가 프로듀싱한 시즌 4번 트랙과 5번 트랙을 두고 여자 래퍼들이 대결을 펼치는 모습이 그려졌다. ‘언프리티랩스타 시즌2 전지윤’ ‘언프리티랩스타 시즌2 전지윤’ 온라인 중앙일보 [사진 Mnet ‘언프리티랩스타 시즌2’ 캡처]",
                "subjectConsistencyYn": "Y"
            },
            {
                "sentenceNo": 11,
                "sentenceContent": "이처럼 힙합 프로그램이 인기를 얻으며 힙합에 관한 대중의 관심이 커지는 추세에 따라 (주)아이디아이디는 자사가 개발하고 서비스를 하는 소셜네트워크 엔터테인먼트 플랫폼 '바운드'를 공식 출시하였다고 밝혔다. ",
                "subjectConsistencyYn": "N"
            },
            {
                "sentenceNo": 12,
                "sentenceContent": "'바운드'는 반주 음원인 비트 위에 다양한 영상 콘텐츠를 제작할 수 있는 서비스로, 사용자는 바운드가 제공하는 비트에 랩, 노래, 댄스 등 다양한 퍼포먼스를 자유롭게 촬영해 음악, 영상 콘텐츠를 손쉽게 제작할 수 있다. ",
                "subjectConsistencyYn": "N"
            },
            {
                "sentenceNo": 13,
                "sentenceContent": "'바운드'는 300곡 이상의 엄선된 국내 정상급 프로듀서들의 독점 비트를 제공하며 앞으로 힙합, 댄스, 케이팝 등 다양한 장르 확장과 함께 지속적으로 비트 제공 수를 늘려갈 계획이다. ",
                "subjectConsistencyYn": "N"
            }
        ],
        "clickbaitClass": 0
    }
}