{
    "sourceDataInfo": {
        "newsID": "ET_M03_627303",
        "newsCategory": "연예",
        "newsSubcategory": "영화",
        "newsTitle": "'리얼', 설리 전라신 편집 안한다, \\\"소재와 장면은…\\\"",
        "newsSubTitle": "",
        "newsContent": "설리가 영화 '리얼'에서 과감한 전라신에 도전한다.\n설리의 첫 전라신 도전은 편집 없이 나올 것으로 보인다.\n20일 일간스포츠에 따르면 영화 '리얼' 팀은 15일 가진 기술시사회에서 설리의 전라신 편집 여부에 대해 논의했다.\n기술시사회는 스태프들이 모여 사전 시사를 하는 자리로 내부의 첫 반응과 목소리를 가장 적나라하게 주고받는 자리이기도 하다.\n영화의 수위가 센 편이고, 설리에겐 전라신이 첫 도전이었기 때문에 이런 저런 고민이 있었지만 결과적으로 설리의 전라신은 영화에서 편집하지 않기로 한 것으로 전해졌다.\n설리가 이번 영화에서 고심 끝에 꽤 과감한 노출신을 촬영한 만큼, 그 모습을 편집 없이 내보내는 쪽으로 내부 의견이 모아진 것이다.\n영화 관계자는 일간스포츠에 \\\"설리의 전라신이 영화에 담긴다. '리얼' 소재와 장면이 꽤 강렬하고 세다\\\"고 전했다. '리얼'은 아시아 최대 규모의 카지노를 둘러싼 두 남자의 거대한 비밀과 음모를 그린 액션 느와르다.\n극 중 설리는 김수현(장태영)이 다니는 VVIP 재활병원의 재활치료사 송유화 역을 맡아 열연한다. 28일 개봉한다.",
        "partNum": "P2",
        "useType": 0,
        "processType": "D",
        "processPattern": "23",
        "processLevel": "중",
        "sentenceCount": 8,
        "processSentencenum": 3,
        "sentenceInfo": [
            {
                "sentenceNo": 1,
                "sentenceContent": "설리가 영화 '리얼'에서 과감한 전라신에 도전한다.",
                "sentenceSize": 28
            },
            {
                "sentenceNo": 2,
                "sentenceContent": "설리의 첫 전라신 도전은 편집 없이 나올 것으로 보인다.",
                "sentenceSize": 31
            },
            {
                "sentenceNo": 3,
                "sentenceContent": "20일 일간스포츠에 따르면 영화 '리얼' 팀은 15일 가진 기술시사회에서 설리의 전라신 편집 여부에 대해 논의했다.",
                "sentenceSize": 64
            },
            {
                "sentenceNo": 4,
                "sentenceContent": "기술시사회는 스태프들이 모여 사전 시사를 하는 자리로 내부의 첫 반응과 목소리를 가장 적나라하게 주고받는 자리이기도 하다.",
                "sentenceSize": 68
            },
            {
                "sentenceNo": 5,
                "sentenceContent": "영화의 수위가 센 편이고, 설리에겐 전라신이 첫 도전이었기 때문에 이런 저런 고민이 있었지만 결과적으로 설리의 전라신은 영화에서 편집하지 않기로 한 것으로 전해졌다.",
                "sentenceSize": 92
            },
            {
                "sentenceNo": 6,
                "sentenceContent": "설리가 이번 영화에서 고심 끝에 꽤 과감한 노출신을 촬영한 만큼, 그 모습을 편집 없이 내보내는 쪽으로 내부 의견이 모아진 것이다.",
                "sentenceSize": 73
            },
            {
                "sentenceNo": 7,
                "sentenceContent": "영화 관계자는 일간스포츠에 \\\"설리의 전라신이 영화에 담긴다. '리얼' 소재와 장면이 꽤 강렬하고 세다\\\"고 전했다. '리얼'은 아시아 최대 규모의 카지노를 둘러싼 두 남자의 거대한 비밀과 음모를 그린 액션 느와르다.",
                "sentenceSize": 121
            },
            {
                "sentenceNo": 8,
                "sentenceContent": "극 중 설리는 김수현(장태영)이 다니는 VVIP 재활병원의 재활치료사 송유화 역을 맡아 열연한다. 28일 개봉한다.",
                "sentenceSize": 64
            }
        ]
    },
    "labeledDataInfo": {
        "processSentenceInfo": [
            {
                "sentenceNo": 1,
                "sentenceContent": "설리가 영화 '리얼'에서 과감한 전라신에 도전한다.",
                "subjectConsistencyYn": "Y"
            },
            {
                "sentenceNo": 2,
                "sentenceContent": "설리의 첫 전라신 도전은 편집 없이 나올 것으로 보인다.",
                "subjectConsistencyYn": "Y"
            },
            {
                "sentenceNo": 3,
                "sentenceContent": "20일 일간스포츠에 따르면 영화 '리얼' 팀은 15일 가진 기술시사회에서 설리의 전라신 편집 여부에 대해 논의했다.",
                "subjectConsistencyYn": "Y"
            },
            {
                "sentenceNo": 4,
                "sentenceContent": "기술시사회는 스태프들이 모여 사전 시사를 하는 자리로 내부의 첫 반응과 목소리를 가장 적나라하게 주고받는 자리이기도 하다.",
                "subjectConsistencyYn": "Y"
            },
            {
                "sentenceNo": 5,
                "sentenceContent": "영화의 수위가 센 편이고, 설리에겐 전라신이 첫 도전이었기 때문에 이런 저런 고민이 있었지만 결과적으로 설리의 전라신은 영화에서 편집하지 않기로 한 것으로 전해졌다.",
                "subjectConsistencyYn": "Y"
            },
            {
                "sentenceNo": 6,
                "sentenceContent": "설리가 이번 영화에서 고심 끝에 꽤 과감한 노출신을 촬영한 만큼, 그 모습을 편집 없이 내보내는 쪽으로 내부 의견이 모아진 것이다.",
                "subjectConsistencyYn": "Y"
            },
            {
                "sentenceNo": 7,
                "sentenceContent": "영화 관계자는 일간스포츠에 \\\"설리의 전라신이 영화에 담긴다. '리얼' 소재와 장면이 꽤 강렬하고 세다\\\"고 전했다. '리얼'은 아시아 최대 규모의 카지노를 둘러싼 두 남자의 거대한 비밀과 음모를 그린 액션 느와르다.",
                "subjectConsistencyYn": "Y"
            },
            {
                "sentenceNo": 8,
                "sentenceContent": "극 중 설리는 김수현(장태영)이 다니는 VVIP 재활병원의 재활치료사 송유화 역을 맡아 열연한다. 28일 개봉한다.",
                "subjectConsistencyYn": "Y"
            },
            {
                "sentenceNo": 9,
                "sentenceContent": "설리가 영화 '리얼'에서 과감한 전라신에 도전하는 가운데, 롯데시네마는 '선착순 리얼 이벤트'를 진행 중에 있다.",
                "subjectConsistencyYn": "N"
            },
            {
                "sentenceNo": 10,
                "sentenceContent": "이는 '리얼' 영화 관람객 1,000명에게 '리얼'의 포스터를 퍼즐로 제공하는 이벤트다.",
                "subjectConsistencyYn": "N"
            },
            {
                "sentenceNo": 11,
                "sentenceContent": "해당 이벤트는 용산역 롯데시네마에서만 진행되며, 자세한 내용은 롯데시네마 공식 홈페이지에서 확인할 수 있다.",
                "subjectConsistencyYn": "N"
            }
        ],
        "clickbaitClass": 0
    }
}