{
    "sourceDataInfo": {
        "newsID": "ET_M03_627595",
        "newsCategory": "연예",
        "newsSubcategory": "연예가화제",
        "newsTitle": "조혜정, 극중 작은 미용실 운영하는 '오가린'役 맡아…'눈길'",
        "newsSubTitle": "",
        "newsContent": "‘처음이라서’ 조혜정이 아버지 조재현을 언급해 화제다.\n조혜정은 5일 오전 서울 영등포구 타임스퀘어 아모리스홀에서 열린 온스타일 첫 오리지널 드라마 '처음이라서'(연출 이정효, 극본 정현정) 제작발표회에 참석했다.\n이날 조혜정은 “평소 오디션을 너무 많이 다녀서 아빠(조재현)가 내가 뭘 하는 지 잘 모르신다. 확실하게 뭔가 시작하게 되었을 때 관심을 가져주신다”고 입을 열었다.\n이어 “특히 연기 조언은 전혀 안 해 주시기 때문에 오히려 동료배우들이 많이 알려줬다”고 밝혀 이목을 끌었다.\n극중에서 조혜정은 오가린 역을 맡았다.\n작은 미용실을 운영하며 헤어 디자이너로 일하고 있는 엉뚱하고 발랄한 매력을 소유한 스무 살 청춘이다.\n태오(최민호)를 좋아해서 뜬금없는 고백했다.\n조혜정은 “정식으로 연기를 시작한 것이 처음이라 잊지 못할 것 같다”말했다.\n또한 “내 캐릭터의 사차원적인 면과 엉뚱함 등은 나와 정말 비슷한 것 같지만 좋아하는 사람에게 고백하는 스타일은 실제와는 좀 다르다”고 덧붙였다.\n한편 ‘처음이라서’는 처음이라 모든게 서툴고 불안하지만 자신만의 방식대로 고민하고 경험하면서 성숙해져 가는 20대 청춘들의 자아성장 스토리를 담은 드라마이다.\n드라마 ‘로맨스가 필요해’를 성공시킨 이정효감독과 정현정 작가가 새롭게 선보이는 20대표 로맨스드라마로 최민호 박소담 김민재 이이경 조혜정 정유진 등이 출연한다. 7일부터 매주 수요일 밤 11시 방송된다.\n온라인 중앙일보 조혜정 [사진 일간스포츠]",
        "partNum": "P2",
        "useType": 0,
        "processType": "D",
        "processPattern": "23",
        "processLevel": "중",
        "sentenceCount": 12,
        "processSentencenum": 2,
        "sentenceInfo": [
            {
                "sentenceNo": 1,
                "sentenceContent": "‘처음이라서’ 조혜정이 아버지 조재현을 언급해 화제다.",
                "sentenceSize": 30
            },
            {
                "sentenceNo": 2,
                "sentenceContent": "조혜정은 5일 오전 서울 영등포구 타임스퀘어 아모리스홀에서 열린 온스타일 첫 오리지널 드라마 '처음이라서'(연출 이정효, 극본 정현정) 제작발표회에 참석했다.",
                "sentenceSize": 88
            },
            {
                "sentenceNo": 3,
                "sentenceContent": "이날 조혜정은 “평소 오디션을 너무 많이 다녀서 아빠(조재현)가 내가 뭘 하는 지 잘 모르신다. 확실하게 뭔가 시작하게 되었을 때 관심을 가져주신다”고 입을 열었다.",
                "sentenceSize": 92
            },
            {
                "sentenceNo": 4,
                "sentenceContent": "이어 “특히 연기 조언은 전혀 안 해 주시기 때문에 오히려 동료배우들이 많이 알려줬다”고 밝혀 이목을 끌었다.",
                "sentenceSize": 61
            },
            {
                "sentenceNo": 5,
                "sentenceContent": "극중에서 조혜정은 오가린 역을 맡았다.",
                "sentenceSize": 21
            },
            {
                "sentenceNo": 6,
                "sentenceContent": "작은 미용실을 운영하며 헤어 디자이너로 일하고 있는 엉뚱하고 발랄한 매력을 소유한 스무 살 청춘이다.",
                "sentenceSize": 56
            },
            {
                "sentenceNo": 7,
                "sentenceContent": "태오(최민호)를 좋아해서 뜬금없는 고백했다.",
                "sentenceSize": 24
            },
            {
                "sentenceNo": 8,
                "sentenceContent": "조혜정은 “정식으로 연기를 시작한 것이 처음이라 잊지 못할 것 같다”말했다.",
                "sentenceSize": 42
            },
            {
                "sentenceNo": 9,
                "sentenceContent": "또한 “내 캐릭터의 사차원적인 면과 엉뚱함 등은 나와 정말 비슷한 것 같지만 좋아하는 사람에게 고백하는 스타일은 실제와는 좀 다르다”고 덧붙였다.",
                "sentenceSize": 81
            },
            {
                "sentenceNo": 10,
                "sentenceContent": "한편 ‘처음이라서’는 처음이라 모든게 서툴고 불안하지만 자신만의 방식대로 고민하고 경험하면서 성숙해져 가는 20대 청춘들의 자아성장 스토리를 담은 드라마이다.",
                "sentenceSize": 88
            },
            {
                "sentenceNo": 11,
                "sentenceContent": "드라마 ‘로맨스가 필요해’를 성공시킨 이정효감독과 정현정 작가가 새롭게 선보이는 20대표 로맨스드라마로 최민호 박소담 김민재 이이경 조혜정 정유진 등이 출연한다. 7일부터 매주 수요일 밤 11시 방송된다.",
                "sentenceSize": 114
            },
            {
                "sentenceNo": 12,
                "sentenceContent": "온라인 중앙일보 조혜정 [사진 일간스포츠]",
                "sentenceSize": 23
            }
        ]
    },
    "labeledDataInfo": {
        "processSentenceInfo": [
            {
                "sentenceNo": 1,
                "sentenceContent": "‘처음이라서’ 조혜정이 아버지 조재현을 언급해 화제다.",
                "subjectConsistencyYn": "Y"
            },
            {
                "sentenceNo": 2,
                "sentenceContent": "조혜정은 5일 오전 서울 영등포구 타임스퀘어 아모리스홀에서 열린 온스타일 첫 오리지널 드라마 '처음이라서'(연출 이정효, 극본 정현정) 제작발표회에 참석했다.",
                "subjectConsistencyYn": "Y"
            },
            {
                "sentenceNo": 3,
                "sentenceContent": "이날 조혜정은 “평소 오디션을 너무 많이 다녀서 아빠(조재현)가 내가 뭘 하는 지 잘 모르신다. 확실하게 뭔가 시작하게 되었을 때 관심을 가져주신다”고 입을 열었다.",
                "subjectConsistencyYn": "Y"
            },
            {
                "sentenceNo": 4,
                "sentenceContent": "이어 “특히 연기 조언은 전혀 안 해 주시기 때문에 오히려 동료배우들이 많이 알려줬다”고 밝혀 이목을 끌었다.",
                "subjectConsistencyYn": "Y"
            },
            {
                "sentenceNo": 5,
                "sentenceContent": "극중에서 조혜정은 오가린 역을 맡았다.",
                "subjectConsistencyYn": "Y"
            },
            {
                "sentenceNo": 6,
                "sentenceContent": "작은 미용실을 운영하며 헤어 디자이너로 일하고 있는 엉뚱하고 발랄한 매력을 소유한 스무 살 청춘이다.",
                "subjectConsistencyYn": "Y"
            },
            {
                "sentenceNo": 7,
                "sentenceContent": "태오(최민호)를 좋아해서 뜬금없는 고백했다.",
                "subjectConsistencyYn": "Y"
            },
            {
                "sentenceNo": 8,
                "sentenceContent": "조혜정은 “정식으로 연기를 시작한 것이 처음이라 잊지 못할 것 같다”말했다.",
                "subjectConsistencyYn": "Y"
            },
            {
                "sentenceNo": 9,
                "sentenceContent": "또한 “내 캐릭터의 사차원적인 면과 엉뚱함 등은 나와 정말 비슷한 것 같지만 좋아하는 사람에게 고백하는 스타일은 실제와는 좀 다르다”고 덧붙였다.",
                "subjectConsistencyYn": "Y"
            },
            {
                "sentenceNo": 10,
                "sentenceContent": "한편 ‘처음이라서’는 처음이라 모든게 서툴고 불안하지만 자신만의 방식대로 고민하고 경험하면서 성숙해져 가는 20대 청춘들의 자아성장 스토리를 담은 드라마이다.",
                "subjectConsistencyYn": "Y"
            },
            {
                "sentenceNo": 11,
                "sentenceContent": "드라마 ‘로맨스가 필요해’를 성공시킨 이정효감독과 정현정 작가가 새롭게 선보이는 20대표 로맨스드라마로 최민호 박소담 김민재 이이경 조혜정 정유진 등이 출연한다. 7일부터 매주 수요일 밤 11시 방송된다.",
                "subjectConsistencyYn": "Y"
            },
            {
                "sentenceNo": 12,
                "sentenceContent": "온라인 중앙일보 조혜정 [사진 일간스포츠]",
                "subjectConsistencyYn": "Y"
            },
            {
                "sentenceNo": 13,
                "sentenceContent": "한편, 새롭게 뜨고 있는 배우 조혜정이 광고 모델로 활약하고 있는 교촌치킨에서 리뉴얼된 자체 주문 애플리케이션 '교촌치킨'을 선보였다고 밝혔다. ",
                "subjectConsistencyYn": "N"
            },
            {
                "sentenceNo": 14,
                "sentenceContent": "'교촌치킨'은 고객 편의성을 높이기 위해 새로운 주문 앱에 아마존 웹 서비스 클라우드를 도입했고, 이를 통한 트래픽 관리로 늘어난 주문 앱 사용 고객들에게 더욱 빠르고 안정된 서비스를 제공한다. ",
                "subjectConsistencyYn": "N"
            }
        ],
        "clickbaitClass": 0
    }
}