{
    "sourceDataInfo": {
        "newsID": "ET_M03_627628",
        "newsCategory": "연예",
        "newsSubcategory": "연예가화제",
        "newsTitle": "신소율 ‘미세스캅’ 종영소감, “좋은 작품 함께할 수 있어서 너무 행복했다”",
        "newsSubTitle": "",
        "newsContent": "신소율 ‘미세스캅’ 종영소감, “좋은 작품 함께할 수 있어서 너무 행복했다” 신소율이 ‘미세스캅’ 종영소감을 밝혔다.\n29일 마지막 방송을 앞둔 SBS 월화드라마 ‘미세스캅’에서 똑 부러지는 고시생 ‘최남진’ 역을 맡은 신소율이 아쉬운 종영소감을 전했다.\n이날 신소율은 “좋은 작품에 함께할 수 있어서 너무 행복했고 감독님과 작가님을 포함한 모든 스태프들에게 감사 인사를 전하고 싶다”고 종영소감의 운을 뗐다.\n이어 “최남진을 사랑해주고 성원해주신 많은 시청자 여러분들께도 감사드린다. 앞으로 더 좋은 연기와 작품으로 사랑에 보답하겠다”고 시청자들을 향한 감사 인사도 덧붙였다.\n극중 최영진(김희애 분)의 동생이자 바쁜 언니를 대신해 실질적인 가장 역할을 하는 고시생 ‘최남진’ 역을 연기한 신소율은 번번히 시험에 떨어져 좌절했다가도 이내 용기를 잃지 않는 당차고 씩씩한 여장부의 모습을 보여 많은 시청자들의 호평을 받았다.\n한편 ‘미세스캅’은 금일 밤 10시에 마지막 방송을 한다. ‘신소율 미세스캅 종영소감’ ‘신소율 미세스캅 종영소감’ 온라인 중앙일보 [사진 가족액터스]",
        "partNum": "P2",
        "useType": 0,
        "processType": "D",
        "processPattern": "23",
        "processLevel": "중",
        "sentenceCount": 6,
        "processSentencenum": 4,
        "sentenceInfo": [
            {
                "sentenceNo": 1,
                "sentenceContent": "신소율 ‘미세스캅’ 종영소감, “좋은 작품 함께할 수 있어서 너무 행복했다” 신소율이 ‘미세스캅’ 종영소감을 밝혔다.",
                "sentenceSize": 65
            },
            {
                "sentenceNo": 2,
                "sentenceContent": "29일 마지막 방송을 앞둔 SBS 월화드라마 ‘미세스캅’에서 똑 부러지는 고시생 ‘최남진’ 역을 맡은 신소율이 아쉬운 종영소감을 전했다.",
                "sentenceSize": 76
            },
            {
                "sentenceNo": 3,
                "sentenceContent": "이날 신소율은 “좋은 작품에 함께할 수 있어서 너무 행복했고 감독님과 작가님을 포함한 모든 스태프들에게 감사 인사를 전하고 싶다”고 종영소감의 운을 뗐다.",
                "sentenceSize": 86
            },
            {
                "sentenceNo": 4,
                "sentenceContent": "이어 “최남진을 사랑해주고 성원해주신 많은 시청자 여러분들께도 감사드린다. 앞으로 더 좋은 연기와 작품으로 사랑에 보답하겠다”고 시청자들을 향한 감사 인사도 덧붙였다.",
                "sentenceSize": 93
            },
            {
                "sentenceNo": 5,
                "sentenceContent": "극중 최영진(김희애 분)의 동생이자 바쁜 언니를 대신해 실질적인 가장 역할을 하는 고시생 ‘최남진’ 역을 연기한 신소율은 번번히 시험에 떨어져 좌절했다가도 이내 용기를 잃지 않는 당차고 씩씩한 여장부의 모습을 보여 많은 시청자들의 호평을 받았다.",
                "sentenceSize": 137
            },
            {
                "sentenceNo": 6,
                "sentenceContent": "한편 ‘미세스캅’은 금일 밤 10시에 마지막 방송을 한다. ‘신소율 미세스캅 종영소감’ ‘신소율 미세스캅 종영소감’ 온라인 중앙일보 [사진 가족액터스]",
                "sentenceSize": 84
            }
        ]
    },
    "labeledDataInfo": {
        "processSentenceInfo": [
            {
                "sentenceNo": 1,
                "sentenceContent": "신소율 ‘미세스캅’ 종영소감, “좋은 작품 함께할 수 있어서 너무 행복했다” 신소율이 ‘미세스캅’ 종영소감을 밝혔다.",
                "subjectConsistencyYn": "Y"
            },
            {
                "sentenceNo": 2,
                "sentenceContent": "29일 마지막 방송을 앞둔 SBS 월화드라마 ‘미세스캅’에서 똑 부러지는 고시생 ‘최남진’ 역을 맡은 신소율이 아쉬운 종영소감을 전했다.",
                "subjectConsistencyYn": "Y"
            },
            {
                "sentenceNo": 3,
                "sentenceContent": "이날 신소율은 “좋은 작품에 함께할 수 있어서 너무 행복했고 감독님과 작가님을 포함한 모든 스태프들에게 감사 인사를 전하고 싶다”고 종영소감의 운을 뗐다.",
                "subjectConsistencyYn": "Y"
            },
            {
                "sentenceNo": 4,
                "sentenceContent": "이어 “최남진을 사랑해주고 성원해주신 많은 시청자 여러분들께도 감사드린다. 앞으로 더 좋은 연기와 작품으로 사랑에 보답하겠다”고 시청자들을 향한 감사 인사도 덧붙였다.",
                "subjectConsistencyYn": "Y"
            },
            {
                "sentenceNo": 5,
                "sentenceContent": "극중 최영진(김희애 분)의 동생이자 바쁜 언니를 대신해 실질적인 가장 역할을 하는 고시생 ‘최남진’ 역을 연기한 신소율은 번번히 시험에 떨어져 좌절했다가도 이내 용기를 잃지 않는 당차고 씩씩한 여장부의 모습을 보여 많은 시청자들의 호평을 받았다.",
                "subjectConsistencyYn": "Y"
            },
            {
                "sentenceNo": 6,
                "sentenceContent": "한편 ‘미세스캅’은 금일 밤 10시에 마지막 방송을 한다. ‘신소율 미세스캅 종영소감’ ‘신소율 미세스캅 종영소감’ 온라인 중앙일보 [사진 가족액터스]",
                "subjectConsistencyYn": "Y"
            },
            {
                "sentenceNo": 7,
                "sentenceContent": "한편, 연예인과 기업인, 정치인, 유명 BJ 등 대중에게 인지도를 갖고 있는 인플루언서를 만날 수 있는 앱 '메리토' 의 첫 번째로 공개된 인플루언서 메리토너가 배우 신소율로 알려져 관심을 받고 있다. ",
                "subjectConsistencyYn": "N"
            },
            {
                "sentenceNo": 8,
                "sentenceContent": "'메리토'는 유명인의 굿즈, 소장품 등 유형적인 물건과 한정적인 무형적인 가치인 '시간'을 경매로 구매할 수 있는 국내 최초의 인플루언서 플랫폼이다. ",
                "subjectConsistencyYn": "N"
            },
            {
                "sentenceNo": 9,
                "sentenceContent": "또 국내 외 연예 기획사, MCN 컴퍼니와 업무협약을 맺으며 250여 명의 유명인의 출연을 확정 지었다. ",
                "subjectConsistencyYn": "N"
            },
            {
                "sentenceNo": 10,
                "sentenceContent": "'메리토'를 기획, 개발한 지여로 대표는 \"국내 외 중국, 일본, 동남아시아 등 다양한 국가에서 관심을 받은 메리토가 전격적인 출시를 하게 되어 고무적\"이라며, \"현재 밝힐 수는 없지만 '메리토' 출시를 기다려주신 유저들이 놀랄만한 연예인, 정치인 등의 유명인 섭외를 마치고 일정을 조율 중\"이라고 전했다. ",
                "subjectConsistencyYn": "N"
            }
        ],
        "clickbaitClass": 0
    }
}