{
    "sourceDataInfo": {
        "newsID": "ET_M03_627341",
        "newsCategory": "연예",
        "newsSubcategory": "연예,공연",
        "newsTitle": "'4년째 솔로'라고 고백한 인기 여가수",
        "newsSubTitle": "",
        "newsContent": "과거 노래 쏘쏘(so so)로 '차트 역주행' 신화를 쓴 가수 백아연이 노래가사로 연애 소식을 알리겠다고 말했다.\n백아연은 30일 서울 강남구 청담동에 있는 한 카페에서 이데일리와 만나 \\\"4년째 솔로로 지내고 있는데 언젠가 연애를 시작하면 작사로 감정을 표현하고 싶다\\\"고 말했다.\n백아연은 \\\"작사할 때 내 이야기를 쓰지 않으면 가짜인 게 티가 난다\\\"며 \\\"작사했던 '이럴거면 그러지말지' '쏘쏘'는 경험담이 담겼다\\\"고 밝혔다.\n이전까지도 그랬듯 연애 소식도 노래 가사에 담아 전하겠다고 설명했다.\n백아연은 '어 굿보이'를 불렀던 2013년 이후 솔로로 지내고 있다.\n이후 '썸'은 탔지만 연애로 이어진 적은 없다고 밝혔다.\n\\\"왜 연애가 잘 안되는지 모르겠다\\\"며 \\\"집에 있는 걸 너무 좋아하는 성격 때문인 듯하다\\\"고 말했다.\n백아연은 29일 곡 '달콤한 빈말'이 수록된 미니앨범을 발표하고 활동을 시작했다.",
        "partNum": "P2",
        "useType": 0,
        "processType": "D",
        "processPattern": "23",
        "processLevel": "중",
        "sentenceCount": 8,
        "processSentencenum": 3,
        "sentenceInfo": [
            {
                "sentenceNo": 1,
                "sentenceContent": "과거 노래 쏘쏘(so so)로 '차트 역주행' 신화를 쓴 가수 백아연이 노래가사로 연애 소식을 알리겠다고 말했다.",
                "sentenceSize": 63
            },
            {
                "sentenceNo": 2,
                "sentenceContent": "백아연은 30일 서울 강남구 청담동에 있는 한 카페에서 이데일리와 만나 \\\"4년째 솔로로 지내고 있는데 언젠가 연애를 시작하면 작사로 감정을 표현하고 싶다\\\"고 말했다.",
                "sentenceSize": 94
            },
            {
                "sentenceNo": 3,
                "sentenceContent": "백아연은 \\\"작사할 때 내 이야기를 쓰지 않으면 가짜인 게 티가 난다\\\"며 \\\"작사했던 '이럴거면 그러지말지' '쏘쏘'는 경험담이 담겼다\\\"고 밝혔다.",
                "sentenceSize": 84
            },
            {
                "sentenceNo": 4,
                "sentenceContent": "이전까지도 그랬듯 연애 소식도 노래 가사에 담아 전하겠다고 설명했다.",
                "sentenceSize": 38
            },
            {
                "sentenceNo": 5,
                "sentenceContent": "백아연은 '어 굿보이'를 불렀던 2013년 이후 솔로로 지내고 있다.",
                "sentenceSize": 38
            },
            {
                "sentenceNo": 6,
                "sentenceContent": "이후 '썸'은 탔지만 연애로 이어진 적은 없다고 밝혔다.",
                "sentenceSize": 31
            },
            {
                "sentenceNo": 7,
                "sentenceContent": "\\\"왜 연애가 잘 안되는지 모르겠다\\\"며 \\\"집에 있는 걸 너무 좋아하는 성격 때문인 듯하다\\\"고 말했다.",
                "sentenceSize": 59
            },
            {
                "sentenceNo": 8,
                "sentenceContent": "백아연은 29일 곡 '달콤한 빈말'이 수록된 미니앨범을 발표하고 활동을 시작했다.",
                "sentenceSize": 45
            }
        ]
    },
    "labeledDataInfo": {
        "processSentenceInfo": [
            {
                "sentenceNo": 1,
                "sentenceContent": "과거 노래 쏘쏘(so so)로 '차트 역주행' 신화를 쓴 가수 백아연이 노래가사로 연애 소식을 알리겠다고 말했다.",
                "subjectConsistencyYn": "Y"
            },
            {
                "sentenceNo": 2,
                "sentenceContent": "백아연은 30일 서울 강남구 청담동에 있는 한 카페에서 이데일리와 만나 \\\"4년째 솔로로 지내고 있는데 언젠가 연애를 시작하면 작사로 감정을 표현하고 싶다\\\"고 말했다.",
                "subjectConsistencyYn": "Y"
            },
            {
                "sentenceNo": 3,
                "sentenceContent": "백아연은 \\\"작사할 때 내 이야기를 쓰지 않으면 가짜인 게 티가 난다\\\"며 \\\"작사했던 '이럴거면 그러지말지' '쏘쏘'는 경험담이 담겼다\\\"고 밝혔다.",
                "subjectConsistencyYn": "Y"
            },
            {
                "sentenceNo": 4,
                "sentenceContent": "이전까지도 그랬듯 연애 소식도 노래 가사에 담아 전하겠다고 설명했다.",
                "subjectConsistencyYn": "Y"
            },
            {
                "sentenceNo": 5,
                "sentenceContent": "백아연은 '어 굿보이'를 불렀던 2013년 이후 솔로로 지내고 있다.",
                "subjectConsistencyYn": "Y"
            },
            {
                "sentenceNo": 6,
                "sentenceContent": "이후 '썸'은 탔지만 연애로 이어진 적은 없다고 밝혔다.",
                "subjectConsistencyYn": "Y"
            },
            {
                "sentenceNo": 7,
                "sentenceContent": "\\\"왜 연애가 잘 안되는지 모르겠다\\\"며 \\\"집에 있는 걸 너무 좋아하는 성격 때문인 듯하다\\\"고 말했다.",
                "subjectConsistencyYn": "Y"
            },
            {
                "sentenceNo": 8,
                "sentenceContent": "백아연은 29일 곡 '달콤한 빈말'이 수록된 미니앨범을 발표하고 활동을 시작했다.",
                "subjectConsistencyYn": "Y"
            },
            {
                "sentenceNo": 9,
                "sentenceContent": "백아연이 직접 자신의 경험담을 가사로 쓴다는 사실이 밝혀지면서 서울 음악 학원에서는 누구나 작사가에 도전할 수 있도록 작사 교실 프로그램을 시행한다고 전해왔다.",
                "subjectConsistencyYn": "N"
            },
            {
                "sentenceNo": 10,
                "sentenceContent": "보컬과 작곡, 연주 분야의 전문가를 양성하기 위한 수업을 진행하는 서울 음악 학원은 최근 작사 교실 프로그램을 열고 누구나 작사가에 도전할 수 있도록 작사 수업을 받을 수 있게 했다.",
                "subjectConsistencyYn": "N"
            },
            {
                "sentenceNo": 11,
                "sentenceContent": "학원 등록과 작사 수업 신청 문의는 서울 음악 학원 공식 블로그와 인스타그램 등 SNS를 통해 진행할 수 있으며, 대표전화로도 문의할 수 있다.",
                "subjectConsistencyYn": "N"
            }
        ],
        "clickbaitClass": 0
    }
}