{
    "sourceDataInfo": {
        "newsID": "ET_M03_627293",
        "newsCategory": "연예",
        "newsSubcategory": "연예가화제",
        "newsTitle": "장어 영상 논란 언급한 설리, 무슨 의미?",
        "newsSubTitle": "",
        "newsContent": "배우 설리(본명 최진리)가 최근 불거진 장어 영상 논란을 또 한 번 언급했다.\n25일 설리는 자신의 인스타그램에 \\\"뭐? 장어 매출이 올랐다고?\\\"라고 적었다.\n논란에 대한 불편한 심경을 우회적으로 드러낸 것으로 보인다.\n앞서 설리는 SNS에 불판 위에 올려진 장어 영상을 게재해 논란에 휩싸였다.\n영상에서 설리는 익어가는 장어 앞에서 '살려줘'라고 음성을 덧붙였다.\n해당 영상을 두고 \\\"보기 불편하다\\\"는 일부 네티즌의 반발이 나오면서 설리는 해당 영상을 삭제했다.\n또 그는 구워진 장어 사진을 새로 올리며 \\\"너네 장어 먹지 마 메롱\\\"이라는 글을 남겼다.",
        "partNum": "P2",
        "useType": 0,
        "processType": "D",
        "processPattern": "23",
        "processLevel": "중",
        "sentenceCount": 7,
        "processSentencenum": 4,
        "sentenceInfo": [
            {
                "sentenceNo": 1,
                "sentenceContent": "배우 설리(본명 최진리)가 최근 불거진 장어 영상 논란을 또 한 번 언급했다.",
                "sentenceSize": 43
            },
            {
                "sentenceNo": 2,
                "sentenceContent": "25일 설리는 자신의 인스타그램에 \\\"뭐? 장어 매출이 올랐다고?\\\"라고 적었다.",
                "sentenceSize": 45
            },
            {
                "sentenceNo": 3,
                "sentenceContent": "논란에 대한 불편한 심경을 우회적으로 드러낸 것으로 보인다.",
                "sentenceSize": 33
            },
            {
                "sentenceNo": 4,
                "sentenceContent": "앞서 설리는 SNS에 불판 위에 올려진 장어 영상을 게재해 논란에 휩싸였다.",
                "sentenceSize": 42
            },
            {
                "sentenceNo": 5,
                "sentenceContent": "영상에서 설리는 익어가는 장어 앞에서 '살려줘'라고 음성을 덧붙였다.",
                "sentenceSize": 38
            },
            {
                "sentenceNo": 6,
                "sentenceContent": "해당 영상을 두고 \\\"보기 불편하다\\\"는 일부 네티즌의 반발이 나오면서 설리는 해당 영상을 삭제했다.",
                "sentenceSize": 56
            },
            {
                "sentenceNo": 7,
                "sentenceContent": "또 그는 구워진 장어 사진을 새로 올리며 \\\"너네 장어 먹지 마 메롱\\\"이라는 글을 남겼다.",
                "sentenceSize": 51
            }
        ]
    },
    "labeledDataInfo": {
        "processSentenceInfo": [
            {
                "sentenceNo": 1,
                "sentenceContent": "배우 설리(본명 최진리)가 최근 불거진 장어 영상 논란을 또 한 번 언급했다.",
                "subjectConsistencyYn": "Y"
            },
            {
                "sentenceNo": 2,
                "sentenceContent": "25일 설리는 자신의 인스타그램에 \\\"뭐? 장어 매출이 올랐다고?\\\"라고 적었다.",
                "subjectConsistencyYn": "Y"
            },
            {
                "sentenceNo": 3,
                "sentenceContent": "논란에 대한 불편한 심경을 우회적으로 드러낸 것으로 보인다.",
                "subjectConsistencyYn": "Y"
            },
            {
                "sentenceNo": 4,
                "sentenceContent": "앞서 설리는 SNS에 불판 위에 올려진 장어 영상을 게재해 논란에 휩싸였다.",
                "subjectConsistencyYn": "Y"
            },
            {
                "sentenceNo": 5,
                "sentenceContent": "영상에서 설리는 익어가는 장어 앞에서 '살려줘'라고 음성을 덧붙였다.",
                "subjectConsistencyYn": "Y"
            },
            {
                "sentenceNo": 6,
                "sentenceContent": "해당 영상을 두고 \\\"보기 불편하다\\\"는 일부 네티즌의 반발이 나오면서 설리는 해당 영상을 삭제했다.",
                "subjectConsistencyYn": "Y"
            },
            {
                "sentenceNo": 7,
                "sentenceContent": "또 그는 구워진 장어 사진을 새로 올리며 \\\"너네 장어 먹지 마 메롱\\\"이라는 글을 남겼다.",
                "subjectConsistencyYn": "Y"
            },
            {
                "sentenceNo": 8,
                "sentenceContent": "배우 설리가 장어 영상 논란으로 화제인 가운데, 넷플릭스는 배우 설리가 출연한 '악플의 밤 다시 보기' 서비스를 제공 중에 있다.",
                "subjectConsistencyYn": "N"
            },
            {
                "sentenceNo": 9,
                "sentenceContent": "이는 배우 설리가 출연한 '악플의 밤'을 넷플릭스 앱을 통해 다시 볼 수 있도록 하는 서비스다.",
                "subjectConsistencyYn": "N"
            },
            {
                "sentenceNo": 10,
                "sentenceContent": "저렴한 비용으로 넷플릭스를 구독 후 서비스를 이용할 수 있다.",
                "subjectConsistencyYn": "N"
            },
            {
                "sentenceNo": 11,
                "sentenceContent": "해당 서비스에 대한 자세한 내용은 넷플릭스 공식 앱에서 확인하길 바란다.",
                "subjectConsistencyYn": "N"
            }
        ],
        "clickbaitClass": 0
    }
}