{
    "sourceDataInfo": {
        "newsID": "ET_M03_627598",
        "newsCategory": "연예",
        "newsSubcategory": "연예가화제",
        "newsTitle": "유라, 하하가 인정한 몸매 최고 아이돌…다리 보험까지?",
        "newsSubTitle": "",
        "newsContent": "걸스데이 유라 각선미, 아이돌 중 몸매 최고?…다리 보험까지 들었다 5억원의 다리 보험에 가입한 걸스데이 유라의 각선미가 화제다.\n최근 SBS '런닝맨'을 통해 유라의 5억원 다리 보험에 가입한 사실이 다시 화제를 모았다.\n하하는 \\\"유라가 아이돌 중 몸매가 제일 좋을 거다. 다리 보험도 들었다\\\"고 칭찬했다.\n김종국도 \\\"기가 막히게 예쁠 때만 (보험 가입이) 가능하다. 독보적인 거다\\\"라고 감탄했다.\n유라는 \\\"어머니가 저랑 다리가 똑같다\\\"고 밝혔고 박서준 \\\"엄청나네. 가보구만\\\"이라고 말했다.\n한편 걸그룹 걸스데이의 유라와 모델 이철우가 섹시한 화보를 공개해 화제다.\n유라와 이철우는 5일 공개된 스타 스타일 매거진 '하이컷'과 화보를 통해 건강함과 섹시미가 공존하는 모습을 선사하며 팬들의 이목을 집중시켰다.\n특히 이날 공개된 화보에서 유라는 브라 톱과 레깅스 차림으로 섹시미를 유감없이 발휘했다.\n글래머 미녀 타이틀에 걸맞는 풍만한 볼륨감과 매끈한 허리라인 까지 선보이며 시선을 사로잡았다.\n또한 이철우는 189cm의 훤칠한 키를 자랑하며 유라와 함께 아슬아슬한 분위기를 연출했다.\n특히 이날 커플 컨셉으로 촬영한 화보 탓에 두 사람 사이의 은근한 스킨십 장면도 연출돼 보는 이로 하여금 감탄을 자아냈다.\n한편, 유라와 이철우의 커플화보와 인터뷰 전문은 '하이컷' 159호를 통해 공개되며 오는 6일 발행되는 '디지털 하이컷'에서는 화보와 영상을 감상할 수 있다. '걸스데이 유라 각선미' 온라인 중앙일보",
        "partNum": "P2",
        "useType": 0,
        "processType": "D",
        "processPattern": "23",
        "processLevel": "중",
        "sentenceCount": 12,
        "processSentencenum": 3,
        "sentenceInfo": [
            {
                "sentenceNo": 1,
                "sentenceContent": "걸스데이 유라 각선미, 아이돌 중 몸매 최고?…다리 보험까지 들었다 5억원의 다리 보험에 가입한 걸스데이 유라의 각선미가 화제다.",
                "sentenceSize": 72
            },
            {
                "sentenceNo": 2,
                "sentenceContent": "최근 SBS '런닝맨'을 통해 유라의 5억원 다리 보험에 가입한 사실이 다시 화제를 모았다.",
                "sentenceSize": 51
            },
            {
                "sentenceNo": 3,
                "sentenceContent": "하하는 \\\"유라가 아이돌 중 몸매가 제일 좋을 거다. 다리 보험도 들었다\\\"고 칭찬했다.",
                "sentenceSize": 49
            },
            {
                "sentenceNo": 4,
                "sentenceContent": "김종국도 \\\"기가 막히게 예쁠 때만 (보험 가입이) 가능하다. 독보적인 거다\\\"라고 감탄했다.",
                "sentenceSize": 52
            },
            {
                "sentenceNo": 5,
                "sentenceContent": "유라는 \\\"어머니가 저랑 다리가 똑같다\\\"고 밝혔고 박서준 \\\"엄청나네. 가보구만\\\"이라고 말했다.",
                "sentenceSize": 55
            },
            {
                "sentenceNo": 6,
                "sentenceContent": "한편 걸그룹 걸스데이의 유라와 모델 이철우가 섹시한 화보를 공개해 화제다.",
                "sentenceSize": 41
            },
            {
                "sentenceNo": 7,
                "sentenceContent": "유라와 이철우는 5일 공개된 스타 스타일 매거진 '하이컷'과 화보를 통해 건강함과 섹시미가 공존하는 모습을 선사하며 팬들의 이목을 집중시켰다.",
                "sentenceSize": 79
            },
            {
                "sentenceNo": 8,
                "sentenceContent": "특히 이날 공개된 화보에서 유라는 브라 톱과 레깅스 차림으로 섹시미를 유감없이 발휘했다.",
                "sentenceSize": 49
            },
            {
                "sentenceNo": 9,
                "sentenceContent": "글래머 미녀 타이틀에 걸맞는 풍만한 볼륨감과 매끈한 허리라인 까지 선보이며 시선을 사로잡았다.",
                "sentenceSize": 52
            },
            {
                "sentenceNo": 10,
                "sentenceContent": "또한 이철우는 189cm의 훤칠한 키를 자랑하며 유라와 함께 아슬아슬한 분위기를 연출했다.",
                "sentenceSize": 50
            },
            {
                "sentenceNo": 11,
                "sentenceContent": "특히 이날 커플 컨셉으로 촬영한 화보 탓에 두 사람 사이의 은근한 스킨십 장면도 연출돼 보는 이로 하여금 감탄을 자아냈다.",
                "sentenceSize": 68
            },
            {
                "sentenceNo": 12,
                "sentenceContent": "한편, 유라와 이철우의 커플화보와 인터뷰 전문은 '하이컷' 159호를 통해 공개되며 오는 6일 발행되는 '디지털 하이컷'에서는 화보와 영상을 감상할 수 있다. '걸스데이 유라 각선미' 온라인 중앙일보",
                "sentenceSize": 111
            }
        ]
    },
    "labeledDataInfo": {
        "processSentenceInfo": [
            {
                "sentenceNo": 1,
                "sentenceContent": "걸스데이 유라 각선미, 아이돌 중 몸매 최고?…다리 보험까지 들었다 5억원의 다리 보험에 가입한 걸스데이 유라의 각선미가 화제다.",
                "subjectConsistencyYn": "Y"
            },
            {
                "sentenceNo": 2,
                "sentenceContent": "최근 SBS '런닝맨'을 통해 유라의 5억원 다리 보험에 가입한 사실이 다시 화제를 모았다.",
                "subjectConsistencyYn": "Y"
            },
            {
                "sentenceNo": 3,
                "sentenceContent": "하하는 \\\"유라가 아이돌 중 몸매가 제일 좋을 거다. 다리 보험도 들었다\\\"고 칭찬했다.",
                "subjectConsistencyYn": "Y"
            },
            {
                "sentenceNo": 4,
                "sentenceContent": "김종국도 \\\"기가 막히게 예쁠 때만 (보험 가입이) 가능하다. 독보적인 거다\\\"라고 감탄했다.",
                "subjectConsistencyYn": "Y"
            },
            {
                "sentenceNo": 5,
                "sentenceContent": "유라는 \\\"어머니가 저랑 다리가 똑같다\\\"고 밝혔고 박서준 \\\"엄청나네. 가보구만\\\"이라고 말했다.",
                "subjectConsistencyYn": "Y"
            },
            {
                "sentenceNo": 6,
                "sentenceContent": "한편 걸그룹 걸스데이의 유라와 모델 이철우가 섹시한 화보를 공개해 화제다.",
                "subjectConsistencyYn": "Y"
            },
            {
                "sentenceNo": 7,
                "sentenceContent": "유라와 이철우는 5일 공개된 스타 스타일 매거진 '하이컷'과 화보를 통해 건강함과 섹시미가 공존하는 모습을 선사하며 팬들의 이목을 집중시켰다.",
                "subjectConsistencyYn": "Y"
            },
            {
                "sentenceNo": 8,
                "sentenceContent": "특히 이날 공개된 화보에서 유라는 브라 톱과 레깅스 차림으로 섹시미를 유감없이 발휘했다.",
                "subjectConsistencyYn": "Y"
            },
            {
                "sentenceNo": 9,
                "sentenceContent": "글래머 미녀 타이틀에 걸맞는 풍만한 볼륨감과 매끈한 허리라인 까지 선보이며 시선을 사로잡았다.",
                "subjectConsistencyYn": "Y"
            },
            {
                "sentenceNo": 10,
                "sentenceContent": "또한 이철우는 189cm의 훤칠한 키를 자랑하며 유라와 함께 아슬아슬한 분위기를 연출했다.",
                "subjectConsistencyYn": "Y"
            },
            {
                "sentenceNo": 11,
                "sentenceContent": "특히 이날 커플 컨셉으로 촬영한 화보 탓에 두 사람 사이의 은근한 스킨십 장면도 연출돼 보는 이로 하여금 감탄을 자아냈다.",
                "subjectConsistencyYn": "Y"
            },
            {
                "sentenceNo": 12,
                "sentenceContent": "한편, 유라와 이철우의 커플화보와 인터뷰 전문은 '하이컷' 159호를 통해 공개되며 오는 6일 발행되는 '디지털 하이컷'에서는 화보와 영상을 감상할 수 있다. '걸스데이 유라 각선미' 온라인 중앙일보",
                "subjectConsistencyYn": "Y"
            },
            {
                "sentenceNo": 13,
                "sentenceContent": "걸스데이 유라는 각선미를 유지하는 비법으로 안마의자를 언급해 주목받고 있는데, 이에 SK매직은 업계 최초로 안마의자를 최대 69개월까지 이용할 수 있는 신규 렌탈 상품을 선보인다고 밝혔다. ",
                "subjectConsistencyYn": "N"
            },
            {
                "sentenceNo": 14,
                "sentenceContent": "기존 월 렌탈료 6만 7,500원(59개월 기준) 이용 가능했던 렌탈 서비스를 기간을 연장해 69개월 기준, 4만 7,500원으로 이용 가능하다.",
                "subjectConsistencyYn": "N"
            },
            {
                "sentenceNo": 15,
                "sentenceContent": "SK매직 관계자는 “최근 20~30대 젊은 층의 수요가 급격히 증가하고, 내구성을 포함한 제품 기술력이 충분히 뒷받침된다고 판단해 업계 최초로 69개월 이상 이용할 수 있는 안마의자 장기 렌탈 서비스를 선보이게 됐다\"라며 “고객들이 보다 합리적인 가격으로 안마의자 렌탈 서비스를 이용할 수 있는 계기가 되길 바란다”라고 말했다.",
                "subjectConsistencyYn": "N"
            }
        ],
        "clickbaitClass": 0
    }
}