{
    "sourceDataInfo": {
        "newsID": "ET_M03_627354",
        "newsCategory": "연예",
        "newsSubcategory": "연예가화제",
        "newsTitle": "“조영남, 윤여정에 ‘못 생겨서 데리고 잘 수 없다’”폭언",
        "newsSubTitle": "",
        "newsContent": "가수 조영남(72)이 전처인 배우 윤여정(70)에게 한 폭언이 공개됐다.\n8일 오후 방송된 채널A '풍문으로 들었쇼(이하 풍문쇼)'에서는 윤여정과 조영남의 이혼에 대한 비하인드 스토리가 공개됐다.\n이날 한 기자는 “일설에 의하면 조영남이 윤여정에게 정말 가슴에 대못을 박는 발언을 서슴지 않았다고 하는데, ‘네가 못생겨서 데리고 잘 수 없다’, ‘너보다 더 좋은 여자가 생겼다’ 이런 말을 했다고 한다”고 전해 출연진들을 경악케 했다.\n이에 다른 기자는 “이런 데 어떻게 같이 살겠냐? 84년에 윤여정이 한국으로 귀국한 후에 조영남과 이혼을 한다”고 덧붙였다.\n이혼 후 조영남은 “꼼꼼한 성격의 아내와 원만한 조화를 이루지 못해 이혼하게 됐다”라고 밝혔다.\n그러나 조영남의 외도 때문으로 나중에 밝혀져 국민의 비판을 받았다.",
        "partNum": "P2",
        "useType": 0,
        "processType": "D",
        "processPattern": "23",
        "processLevel": "중",
        "sentenceCount": 6,
        "processSentencenum": 4,
        "sentenceInfo": [
            {
                "sentenceNo": 1,
                "sentenceContent": "가수 조영남(72)이 전처인 배우 윤여정(70)에게 한 폭언이 공개됐다.",
                "sentenceSize": 40
            },
            {
                "sentenceNo": 2,
                "sentenceContent": "8일 오후 방송된 채널A '풍문으로 들었쇼(이하 풍문쇼)'에서는 윤여정과 조영남의 이혼에 대한 비하인드 스토리가 공개됐다.",
                "sentenceSize": 68
            },
            {
                "sentenceNo": 3,
                "sentenceContent": "이날 한 기자는 “일설에 의하면 조영남이 윤여정에게 정말 가슴에 대못을 박는 발언을 서슴지 않았다고 하는데, ‘네가 못생겨서 데리고 잘 수 없다’, ‘너보다 더 좋은 여자가 생겼다’ 이런 말을 했다고 한다”고 전해 출연진들을 경악케 했다.",
                "sentenceSize": 133
            },
            {
                "sentenceNo": 4,
                "sentenceContent": "이에 다른 기자는 “이런 데 어떻게 같이 살겠냐? 84년에 윤여정이 한국으로 귀국한 후에 조영남과 이혼을 한다”고 덧붙였다.",
                "sentenceSize": 69
            },
            {
                "sentenceNo": 5,
                "sentenceContent": "이혼 후 조영남은 “꼼꼼한 성격의 아내와 원만한 조화를 이루지 못해 이혼하게 됐다”라고 밝혔다.",
                "sentenceSize": 53
            },
            {
                "sentenceNo": 6,
                "sentenceContent": "그러나 조영남의 외도 때문으로 나중에 밝혀져 국민의 비판을 받았다.",
                "sentenceSize": 37
            }
        ]
    },
    "labeledDataInfo": {
        "processSentenceInfo": [
            {
                "sentenceNo": 1,
                "sentenceContent": "가수 조영남(72)이 전처인 배우 윤여정(70)에게 한 폭언이 공개됐다.",
                "subjectConsistencyYn": "Y"
            },
            {
                "sentenceNo": 2,
                "sentenceContent": "8일 오후 방송된 채널A '풍문으로 들었쇼(이하 풍문쇼)'에서는 윤여정과 조영남의 이혼에 대한 비하인드 스토리가 공개됐다.",
                "subjectConsistencyYn": "Y"
            },
            {
                "sentenceNo": 3,
                "sentenceContent": "이날 한 기자는 “일설에 의하면 조영남이 윤여정에게 정말 가슴에 대못을 박는 발언을 서슴지 않았다고 하는데, ‘네가 못생겨서 데리고 잘 수 없다’, ‘너보다 더 좋은 여자가 생겼다’ 이런 말을 했다고 한다”고 전해 출연진들을 경악케 했다.",
                "subjectConsistencyYn": "Y"
            },
            {
                "sentenceNo": 4,
                "sentenceContent": "이에 다른 기자는 “이런 데 어떻게 같이 살겠냐? 84년에 윤여정이 한국으로 귀국한 후에 조영남과 이혼을 한다”고 덧붙였다.",
                "subjectConsistencyYn": "Y"
            },
            {
                "sentenceNo": 5,
                "sentenceContent": "이혼 후 조영남은 “꼼꼼한 성격의 아내와 원만한 조화를 이루지 못해 이혼하게 됐다”라고 밝혔다.",
                "subjectConsistencyYn": "Y"
            },
            {
                "sentenceNo": 6,
                "sentenceContent": "그러나 조영남의 외도 때문으로 나중에 밝혀져 국민의 비판을 받았다.",
                "subjectConsistencyYn": "Y"
            },
            {
                "sentenceNo": 7,
                "sentenceContent": "배우 윤여정과 가수 조영남의 이혼 뒷이야기가 공개돼 화제가 된 가운데, 가수 조영남의 콘서트 'MY WAY'가 개최된다.",
                "subjectConsistencyYn": "N"
            },
            {
                "sentenceNo": 8,
                "sentenceContent": "그간 발표된 조영남의 주옥같은 명곡들이 총망라될 예정이다.",
                "subjectConsistencyYn": "N"
            },
            {
                "sentenceNo": 9,
                "sentenceContent": "조영남은 \"팬들에게 잊지 못할 시간을 선사할 예정\"이라고 전했다.",
                "subjectConsistencyYn": "N"
            },
            {
                "sentenceNo": 10,
                "sentenceContent": "해당 콘서트는 마포아트센터 아트홀에서 4월 28에 관람할 수 있다.",
                "subjectConsistencyYn": "N"
            }
        ],
        "clickbaitClass": 0
    }
}