{
    "sourceDataInfo": {
        "newsID": "ET_M03_627395",
        "newsCategory": "연예",
        "newsSubcategory": "연예가화제",
        "newsTitle": "\\\"강한나 어때?\\\" 아이유가 지인에게 보낸 장문의 메시지",
        "newsSubTitle": "",
        "newsContent": "강한나와 아이유의 각별한 사이가 공개됐다.\n10일 방송된 패션앤 '화장대를 부탁해2'에서는 강한나가 한중 특집 프로젝트 게스트로 출연했다.\n강한나는 자신의 뷰티 팁을 아낌없이 공개했다.\n아이유의 메이크업을 담당하고 있는 신애 뷰티 마스터는 아이유에게 강한나에 대해 물어봤다가 장문의 문자를 받았다고 밝혔다.\n공개된 메시지에는 강한나의 칭찬이 가득 적혀있었다.\n아이유는 강한나를 두고 \\\"이번 드라마에서 제일 친해진 언니\\\"라며 \\\"보조개가 항상 입 아래에 쏙 들어가는게 너무 귀엽고 매력적이고 성격은 너무 좋다\\\"라고 메시지를 보냈다.\n강한나는 감동을 받았다며 아이유에게 고마움을 표현했다.\n강한나는 셀프 카메라에서 \\\"아이유가 선물해 준 핸드크림을 항상 가지고 다닌다\\\"며 애정을 표현하기도 했다.\n강한나와 아이유는 최근 종영한 SBS 드라마 '달의 연인-보보경심 려'에 함께 출연했다.",
        "partNum": "P2",
        "useType": 0,
        "processType": "D",
        "processPattern": "23",
        "processLevel": "중",
        "sentenceCount": 9,
        "processSentencenum": 4,
        "sentenceInfo": [
            {
                "sentenceNo": 1,
                "sentenceContent": "강한나와 아이유의 각별한 사이가 공개됐다.",
                "sentenceSize": 23
            },
            {
                "sentenceNo": 2,
                "sentenceContent": "10일 방송된 패션앤 '화장대를 부탁해2'에서는 강한나가 한중 특집 프로젝트 게스트로 출연했다.",
                "sentenceSize": 53
            },
            {
                "sentenceNo": 3,
                "sentenceContent": "강한나는 자신의 뷰티 팁을 아낌없이 공개했다.",
                "sentenceSize": 25
            },
            {
                "sentenceNo": 4,
                "sentenceContent": "아이유의 메이크업을 담당하고 있는 신애 뷰티 마스터는 아이유에게 강한나에 대해 물어봤다가 장문의 문자를 받았다고 밝혔다.",
                "sentenceSize": 67
            },
            {
                "sentenceNo": 5,
                "sentenceContent": "공개된 메시지에는 강한나의 칭찬이 가득 적혀있었다.",
                "sentenceSize": 28
            },
            {
                "sentenceNo": 6,
                "sentenceContent": "아이유는 강한나를 두고 \\\"이번 드라마에서 제일 친해진 언니\\\"라며 \\\"보조개가 항상 입 아래에 쏙 들어가는게 너무 귀엽고 매력적이고 성격은 너무 좋다\\\"라고 메시지를 보냈다.",
                "sentenceSize": 98
            },
            {
                "sentenceNo": 7,
                "sentenceContent": "강한나는 감동을 받았다며 아이유에게 고마움을 표현했다.",
                "sentenceSize": 30
            },
            {
                "sentenceNo": 8,
                "sentenceContent": "강한나는 셀프 카메라에서 \\\"아이유가 선물해 준 핸드크림을 항상 가지고 다닌다\\\"며 애정을 표현하기도 했다.",
                "sentenceSize": 60
            },
            {
                "sentenceNo": 9,
                "sentenceContent": "강한나와 아이유는 최근 종영한 SBS 드라마 '달의 연인-보보경심 려'에 함께 출연했다.",
                "sentenceSize": 49
            }
        ]
    },
    "labeledDataInfo": {
        "processSentenceInfo": [
            {
                "sentenceNo": 1,
                "sentenceContent": "강한나와 아이유의 각별한 사이가 공개됐다.",
                "subjectConsistencyYn": "Y"
            },
            {
                "sentenceNo": 2,
                "sentenceContent": "10일 방송된 패션앤 '화장대를 부탁해2'에서는 강한나가 한중 특집 프로젝트 게스트로 출연했다.",
                "subjectConsistencyYn": "Y"
            },
            {
                "sentenceNo": 3,
                "sentenceContent": "강한나는 자신의 뷰티 팁을 아낌없이 공개했다.",
                "subjectConsistencyYn": "Y"
            },
            {
                "sentenceNo": 4,
                "sentenceContent": "아이유의 메이크업을 담당하고 있는 신애 뷰티 마스터는 아이유에게 강한나에 대해 물어봤다가 장문의 문자를 받았다고 밝혔다.",
                "subjectConsistencyYn": "Y"
            },
            {
                "sentenceNo": 5,
                "sentenceContent": "공개된 메시지에는 강한나의 칭찬이 가득 적혀있었다.",
                "subjectConsistencyYn": "Y"
            },
            {
                "sentenceNo": 6,
                "sentenceContent": "아이유는 강한나를 두고 \\\"이번 드라마에서 제일 친해진 언니\\\"라며 \\\"보조개가 항상 입 아래에 쏙 들어가는게 너무 귀엽고 매력적이고 성격은 너무 좋다\\\"라고 메시지를 보냈다.",
                "subjectConsistencyYn": "Y"
            },
            {
                "sentenceNo": 7,
                "sentenceContent": "강한나는 감동을 받았다며 아이유에게 고마움을 표현했다.",
                "subjectConsistencyYn": "Y"
            },
            {
                "sentenceNo": 8,
                "sentenceContent": "강한나는 셀프 카메라에서 \\\"아이유가 선물해 준 핸드크림을 항상 가지고 다닌다\\\"며 애정을 표현하기도 했다.",
                "subjectConsistencyYn": "Y"
            },
            {
                "sentenceNo": 9,
                "sentenceContent": "강한나와 아이유는 최근 종영한 SBS 드라마 '달의 연인-보보경심 려'에 함께 출연했다.",
                "subjectConsistencyYn": "Y"
            },
            {
                "sentenceNo": 10,
                "sentenceContent": "한편, 다양한 즐길거리와 먹거리를 제공하는 만화카페 ‘벌툰’이 5월 한 달 동안 강한나의 ‘볼륨을 높여요’ 라디오 프로그램을 협찬하며 청취자를 위한 선물을 준비했다고 밝혔다.",
                "subjectConsistencyYn": "N"
            },
            {
                "sentenceNo": 11,
                "sentenceContent": "벌툰은 ‘볼륨을 높여요’ 프로그램의 이벤트에 참여하는 청취자들에게 만화카페 ‘벌툰’ 매장 이용권을 상품으로 지급할 예정이다.",
                "subjectConsistencyYn": "N"
            },
            {
                "sentenceNo": 12,
                "sentenceContent": "5만원 상당의 해당 상품은 전국 어디든 만화카페 ‘벌툰’을 방문해 사용할 수 있다.",
                "subjectConsistencyYn": "N"
            },
            {
                "sentenceNo": 13,
                "sentenceContent": "참고로 만화카페 ‘벌툰’ 이용권 선물이 기다리고 있는 강한나의 ‘볼륨을 높여요’는 KBS COOL FM에서 매일 저녁 8시부터 2시간 동안 만나볼 수 있다.",
                "subjectConsistencyYn": "N"
            }
        ],
        "clickbaitClass": 0
    }
}