{
    "sourceDataInfo": {
        "newsID": "ET_M03_627612",
        "newsCategory": "연예",
        "newsSubcategory": "연예가화제",
        "newsTitle": "짐 캐리 여친, 짐 캐리 이름 담긴 유서 남겨",
        "newsSubTitle": "",
        "newsContent": "할리우드 스타 짐 캐리의 여자친구가 사망해 충격을 준 가운데 짐 캐리의 이름이 담긴 유서를 남긴 것으로 드러났다. '피플'의 30일(현지시각) 보도에 따르면 짐 캐리와 지난 2012년부터 교제해 온 아일랜드 출신의 메이크업 아티스트인 카트리나 화이트(30)가 지난 28일 밤 미국 LA에 있는 자신의 아파트에서 사망하였으며 사인은 자살로 추정된다.\n카트리나 화이트가 짐캐리보다 25살 연하인 것으로 알려지면서 세간의 관심을 끌었다.\n시신 옆에는 유서가 있었는데 그 안에 짐 캐리의 이름이 담겨 있었던 것으로 알려졌다.\n하지만 유서의 구체적인 내용은 공개되지 않았다.\n짐 캐리는 카트리나 화이트의 사망에 \\\"난 굉장한 충격과 깊은 슬픔을 느끼고 있다\\\"라고 밝히며 카트리나에 대해서는 \\\"굉장히 친절하고 섬세하고 감성적인, 모든 이에게 사랑 받을 만한 여성\\\"이라고도 말했다.\n한편 카트리나는 사망 며칠 전에도 자신의 SNS에 그녀의 주변에 관련된 사진을 게재했다.\n인스타그램에는 '사랑하라, 배우라, 많이 웃어라, 창조적이 되라, 바보가 되라, 친절해라, 세상을 보라(Love, Learn, Laugh a Lot, Be Creative, Be Silly, Be Kind, See the World)'란 긍정적인 문구가 씌여진 것으로 알려져 안타까움을 더했다.",
        "partNum": "P2",
        "useType": 0,
        "processType": "D",
        "processPattern": "23",
        "processLevel": "중",
        "sentenceCount": 7,
        "processSentencenum": 2,
        "sentenceInfo": [
            {
                "sentenceNo": 1,
                "sentenceContent": "할리우드 스타 짐 캐리의 여자친구가 사망해 충격을 준 가운데 짐 캐리의 이름이 담긴 유서를 남긴 것으로 드러났다. '피플'의 30일(현지시각) 보도에 따르면 짐 캐리와 지난 2012년부터 교제해 온 아일랜드 출신의 메이크업 아티스트인 카트리나 화이트(30)가 지난 28일 밤 미국 LA에 있는 자신의 아파트에서 사망하였으며 사인은 자살로 추정된다.",
                "sentenceSize": 194
            },
            {
                "sentenceNo": 2,
                "sentenceContent": "카트리나 화이트가 짐캐리보다 25살 연하인 것으로 알려지면서 세간의 관심을 끌었다.",
                "sentenceSize": 46
            },
            {
                "sentenceNo": 3,
                "sentenceContent": "시신 옆에는 유서가 있었는데 그 안에 짐 캐리의 이름이 담겨 있었던 것으로 알려졌다.",
                "sentenceSize": 47
            },
            {
                "sentenceNo": 4,
                "sentenceContent": "하지만 유서의 구체적인 내용은 공개되지 않았다.",
                "sentenceSize": 26
            },
            {
                "sentenceNo": 5,
                "sentenceContent": "짐 캐리는 카트리나 화이트의 사망에 \\\"난 굉장한 충격과 깊은 슬픔을 느끼고 있다\\\"라고 밝히며 카트리나에 대해서는 \\\"굉장히 친절하고 섬세하고 감성적인, 모든 이에게 사랑 받을 만한 여성\\\"이라고도 말했다.",
                "sentenceSize": 116
            },
            {
                "sentenceNo": 6,
                "sentenceContent": "한편 카트리나는 사망 며칠 전에도 자신의 SNS에 그녀의 주변에 관련된 사진을 게재했다.",
                "sentenceSize": 49
            },
            {
                "sentenceNo": 7,
                "sentenceContent": "인스타그램에는 '사랑하라, 배우라, 많이 웃어라, 창조적이 되라, 바보가 되라, 친절해라, 세상을 보라(Love, Learn, Laugh a Lot, Be Creative, Be Silly, Be Kind, See the World)'란 긍정적인 문구가 씌여진 것으로 알려져 안타까움을 더했다.",
                "sentenceSize": 164
            }
        ]
    },
    "labeledDataInfo": {
        "processSentenceInfo": [
            {
                "sentenceNo": 1,
                "sentenceContent": "할리우드 스타 짐 캐리의 여자친구가 사망해 충격을 준 가운데 짐 캐리의 이름이 담긴 유서를 남긴 것으로 드러났다. '피플'의 30일(현지시각) 보도에 따르면 짐 캐리와 지난 2012년부터 교제해 온 아일랜드 출신의 메이크업 아티스트인 카트리나 화이트(30)가 지난 28일 밤 미국 LA에 있는 자신의 아파트에서 사망하였으며 사인은 자살로 추정된다.",
                "subjectConsistencyYn": "Y"
            },
            {
                "sentenceNo": 2,
                "sentenceContent": "카트리나 화이트가 짐캐리보다 25살 연하인 것으로 알려지면서 세간의 관심을 끌었다.",
                "subjectConsistencyYn": "Y"
            },
            {
                "sentenceNo": 3,
                "sentenceContent": "시신 옆에는 유서가 있었는데 그 안에 짐 캐리의 이름이 담겨 있었던 것으로 알려졌다.",
                "subjectConsistencyYn": "Y"
            },
            {
                "sentenceNo": 4,
                "sentenceContent": "하지만 유서의 구체적인 내용은 공개되지 않았다.",
                "subjectConsistencyYn": "Y"
            },
            {
                "sentenceNo": 5,
                "sentenceContent": "짐 캐리는 카트리나 화이트의 사망에 \\\"난 굉장한 충격과 깊은 슬픔을 느끼고 있다\\\"라고 밝히며 카트리나에 대해서는 \\\"굉장히 친절하고 섬세하고 감성적인, 모든 이에게 사랑 받을 만한 여성\\\"이라고도 말했다.",
                "subjectConsistencyYn": "Y"
            },
            {
                "sentenceNo": 6,
                "sentenceContent": "한편 카트리나는 사망 며칠 전에도 자신의 SNS에 그녀의 주변에 관련된 사진을 게재했다.",
                "subjectConsistencyYn": "Y"
            },
            {
                "sentenceNo": 7,
                "sentenceContent": "인스타그램에는 '사랑하라, 배우라, 많이 웃어라, 창조적이 되라, 바보가 되라, 친절해라, 세상을 보라(Love, Learn, Laugh a Lot, Be Creative, Be Silly, Be Kind, See the World)'란 긍정적인 문구가 씌여진 것으로 알려져 안타까움을 더했다.",
                "subjectConsistencyYn": "Y"
            },
            {
                "sentenceNo": 8,
                "sentenceContent": "한편, 할리우드 스타 짐 캐리의 여자친구가 활동했던 '인스타그램'은 메타에서 운영하고 있는 이미지 중심의 소셜 네트워크 서비스로, iOS, 안드로이드, Windows 10, 그리고 웹에서 서비스되고 있다. ",
                "subjectConsistencyYn": "N"
            },
            {
                "sentenceNo": 9,
                "sentenceContent": "'인스타그램'은 사진 촬영 후 자체 필터 등을 이용하여 이미지 편집이 가능하며, 이를 페이스북, 트위터와 같은 다른 소셜 미디어로 공유할 수 있다. ",
                "subjectConsistencyYn": "N"
            }
        ],
        "clickbaitClass": 0
    }
}