{
    "sourceDataInfo": {
        "newsID": "ET_M03_627476",
        "newsCategory": "연예",
        "newsSubcategory": "연예가화제",
        "newsTitle": "서예안, '스며든다'로 성공적인 데뷔…K팝스타4 출신으로 눈길",
        "newsSubTitle": "",
        "newsContent": "서예안 스며든다 'K팝스타4'의 서예안이 데뷔곡 '스며든다' 무대를 최초 공개하고 본격적인 활동에 돌입해 이슈가 되고 있다.\n3일 방송된 'SBS 인기가요'에서는 서예안이 데뷔곡 '스며든다'를 열창, 데뷔 무대를 성공적으로 마쳤다.\n이날 서예안은 차분하게 무대를 마쳐 신인답지 않은 모습을 선보였다.\n서예안의 데뷔곡 '스며든다'는 싱글 형태이며, ‘스며든다’는 서예안이 가지고 있는 목소리와 실력을 충분히 살려낸 매력적인 곡이다.\n차가운 겨울에 떠나간 사랑과 행복한 기억을 추억하는 소녀의 마음을 절절하게 그린 발라드 곡으로 아련한 피아노 반주로 시작해 이어지는 차분한 스트링과 기타 반주 위 서예안의 목소리가 조화를 이룬다.\n서예안은 지난해 'K팝스타4'에 출연해 주목받았다.\n박진영은 서예안에게 \\\"억지로 만들지 않는 자연스러운 발성\\\"이라며 칭찬했다.\n특히 서예안은 시청자들에게도 큰 관심을 받았는데, 가수 김완선의 '삐에로는 우릴 보고 웃지'를 부른 '배틀오디션' 영상은 이틀 만에 조회수 100만뷰를 돌파하며 인기를 얻은 바 있다.\n서예안은 방송 출연 당시보다 세련되고 청순해진 외모로 많은 이들의 시선을 사로잡고 있어 본격적인 데뷔곡 활동에 많은 기대감을 모으고 있다.\n이로써 서예안은 시즌4 참가자 중 제일 먼저 가요계에 데뷔하게 됐다.\n서예안의 디지털싱글 '스며든다'는 1월 4일 0시, 각종 음원사이트를 통해 공개됐다.",
        "partNum": "P2",
        "useType": 0,
        "processType": "D",
        "processPattern": "23",
        "processLevel": "중",
        "sentenceCount": 11,
        "processSentencenum": 2,
        "sentenceInfo": [
            {
                "sentenceNo": 1,
                "sentenceContent": "서예안 스며든다 'K팝스타4'의 서예안이 데뷔곡 '스며든다' 무대를 최초 공개하고 본격적인 활동에 돌입해 이슈가 되고 있다.",
                "sentenceSize": 69
            },
            {
                "sentenceNo": 2,
                "sentenceContent": "3일 방송된 'SBS 인기가요'에서는 서예안이 데뷔곡 '스며든다'를 열창, 데뷔 무대를 성공적으로 마쳤다.",
                "sentenceSize": 59
            },
            {
                "sentenceNo": 3,
                "sentenceContent": "이날 서예안은 차분하게 무대를 마쳐 신인답지 않은 모습을 선보였다.",
                "sentenceSize": 37
            },
            {
                "sentenceNo": 4,
                "sentenceContent": "서예안의 데뷔곡 '스며든다'는 싱글 형태이며, ‘스며든다’는 서예안이 가지고 있는 목소리와 실력을 충분히 살려낸 매력적인 곡이다.",
                "sentenceSize": 72
            },
            {
                "sentenceNo": 5,
                "sentenceContent": "차가운 겨울에 떠나간 사랑과 행복한 기억을 추억하는 소녀의 마음을 절절하게 그린 발라드 곡으로 아련한 피아노 반주로 시작해 이어지는 차분한 스트링과 기타 반주 위 서예안의 목소리가 조화를 이룬다.",
                "sentenceSize": 109
            },
            {
                "sentenceNo": 6,
                "sentenceContent": "서예안은 지난해 'K팝스타4'에 출연해 주목받았다.",
                "sentenceSize": 28
            },
            {
                "sentenceNo": 7,
                "sentenceContent": "박진영은 서예안에게 \\\"억지로 만들지 않는 자연스러운 발성\\\"이라며 칭찬했다.",
                "sentenceSize": 43
            },
            {
                "sentenceNo": 8,
                "sentenceContent": "특히 서예안은 시청자들에게도 큰 관심을 받았는데, 가수 김완선의 '삐에로는 우릴 보고 웃지'를 부른 '배틀오디션' 영상은 이틀 만에 조회수 100만뷰를 돌파하며 인기를 얻은 바 있다.",
                "sentenceSize": 102
            },
            {
                "sentenceNo": 9,
                "sentenceContent": "서예안은 방송 출연 당시보다 세련되고 청순해진 외모로 많은 이들의 시선을 사로잡고 있어 본격적인 데뷔곡 활동에 많은 기대감을 모으고 있다.",
                "sentenceSize": 77
            },
            {
                "sentenceNo": 10,
                "sentenceContent": "이로써 서예안은 시즌4 참가자 중 제일 먼저 가요계에 데뷔하게 됐다.",
                "sentenceSize": 38
            },
            {
                "sentenceNo": 11,
                "sentenceContent": "서예안의 디지털싱글 '스며든다'는 1월 4일 0시, 각종 음원사이트를 통해 공개됐다.",
                "sentenceSize": 47
            }
        ]
    },
    "labeledDataInfo": {
        "processSentenceInfo": [
            {
                "sentenceNo": 1,
                "sentenceContent": "서예안 스며든다 'K팝스타4'의 서예안이 데뷔곡 '스며든다' 무대를 최초 공개하고 본격적인 활동에 돌입해 이슈가 되고 있다.",
                "subjectConsistencyYn": "Y"
            },
            {
                "sentenceNo": 2,
                "sentenceContent": "3일 방송된 'SBS 인기가요'에서는 서예안이 데뷔곡 '스며든다'를 열창, 데뷔 무대를 성공적으로 마쳤다.",
                "subjectConsistencyYn": "Y"
            },
            {
                "sentenceNo": 3,
                "sentenceContent": "이날 서예안은 차분하게 무대를 마쳐 신인답지 않은 모습을 선보였다.",
                "subjectConsistencyYn": "Y"
            },
            {
                "sentenceNo": 4,
                "sentenceContent": "서예안의 데뷔곡 '스며든다'는 싱글 형태이며, ‘스며든다’는 서예안이 가지고 있는 목소리와 실력을 충분히 살려낸 매력적인 곡이다.",
                "subjectConsistencyYn": "Y"
            },
            {
                "sentenceNo": 5,
                "sentenceContent": "차가운 겨울에 떠나간 사랑과 행복한 기억을 추억하는 소녀의 마음을 절절하게 그린 발라드 곡으로 아련한 피아노 반주로 시작해 이어지는 차분한 스트링과 기타 반주 위 서예안의 목소리가 조화를 이룬다.",
                "subjectConsistencyYn": "Y"
            },
            {
                "sentenceNo": 6,
                "sentenceContent": "서예안은 지난해 'K팝스타4'에 출연해 주목받았다.",
                "subjectConsistencyYn": "Y"
            },
            {
                "sentenceNo": 7,
                "sentenceContent": "박진영은 서예안에게 \\\"억지로 만들지 않는 자연스러운 발성\\\"이라며 칭찬했다.",
                "subjectConsistencyYn": "Y"
            },
            {
                "sentenceNo": 8,
                "sentenceContent": "특히 서예안은 시청자들에게도 큰 관심을 받았는데, 가수 김완선의 '삐에로는 우릴 보고 웃지'를 부른 '배틀오디션' 영상은 이틀 만에 조회수 100만뷰를 돌파하며 인기를 얻은 바 있다.",
                "subjectConsistencyYn": "Y"
            },
            {
                "sentenceNo": 9,
                "sentenceContent": "서예안은 방송 출연 당시보다 세련되고 청순해진 외모로 많은 이들의 시선을 사로잡고 있어 본격적인 데뷔곡 활동에 많은 기대감을 모으고 있다.",
                "subjectConsistencyYn": "Y"
            },
            {
                "sentenceNo": 10,
                "sentenceContent": "이로써 서예안은 시즌4 참가자 중 제일 먼저 가요계에 데뷔하게 됐다.",
                "subjectConsistencyYn": "Y"
            },
            {
                "sentenceNo": 11,
                "sentenceContent": "서예안의 디지털싱글 '스며든다'는 1월 4일 0시, 각종 음원사이트를 통해 공개됐다.",
                "subjectConsistencyYn": "Y"
            },
            {
                "sentenceNo": 12,
                "sentenceContent": "한편, 디지털싱글 '스며든다'로 바쁜 활동을 하는 서예안이 안동구시장에서 열리는 `풍류예술난장` 행사에 출연한다고 밝혀 주목받고 있다.",
                "subjectConsistencyYn": "N"
            },
            {
                "sentenceNo": 13,
                "sentenceContent": "이 행사는 안동구시장 상인들과 시민이 함께 만드는 축제로 엽전 벼룩시장, 안동소주 칵테일, 전통 민요 공연, 해금 앙상블 등 한국의 전통문화를 즐길 수 있는 다채로운 행사로 꾸며진다.",
                "subjectConsistencyYn": "N"
            }
        ],
        "clickbaitClass": 0
    }
}