{
    "sourceDataInfo": {
        "newsID": "ET_M03_627411",
        "newsCategory": "연예",
        "newsSubcategory": "연예가화제",
        "newsTitle": "가수 이현도까지…성추행 혐의로 검찰 조사",
        "newsSubTitle": "",
        "newsContent": "1990년대 가요계에 한 획을 그었던 그룹 ‘듀스’ 출신의 래퍼 이현도(43·사진)가 성추행 혐의로 검찰 수사를 받고 있는 것으로 확인됐다.\n서울서부지검 관계자는 29일 “이씨에 대해 성추행 혐의로 조사를 하고 있다”고 밝혔다.\n고소인이 추행을 당했다고 주장하는 시점은 2013년이다.\n검찰에 따르면 지난 6월 경기 군포 경찰서에 이현도를 강제추행 혐의로 고소한 A씨는 “2013년 9월 2일 오전 2시께 서울 광진구의 집에서 이현도에게 성추행을 당했다”고 주장했다.\n평소 이현도와 친분이 있었던 A씨는 “당시 이현도가 축구경기를 시청하던 중 다리 위에 올라타 팔을 만지고 상의 안으로 손을 집어넣으려 했다”고 말한 것으로 알려졌다.\n검찰은 범행일자와 관련해 경찰에 보완수사를 지휘했고 이후 사건은 이현도의 주거지를 관할하는 서울서부지검으로 이송됐다.\n검찰은 향후 이현도와 고소인을 소환해 조사할 계획이다.\n그러나 이현도 측은 강제추행 혐의로 피소된 것과 관련 혐의 내용을 부인하며 강경 대응 입장을 밝혔다.\n이현도의 소속사 D.O 엔터테인먼트는 29일 \\\"고소인 측 주장은 전혀 사실이 아니\\\"라며 \\\"피소 사실에 대해서도 이현도는 오늘 기사를 통해 접했으며 어떠한 조사조차 받은 사실이 없다\\\"고 밝혔다.",
        "partNum": "P2",
        "useType": 0,
        "processType": "D",
        "processPattern": "23",
        "processLevel": "중",
        "sentenceCount": 9,
        "processSentencenum": 2,
        "sentenceInfo": [
            {
                "sentenceNo": 1,
                "sentenceContent": "1990년대 가요계에 한 획을 그었던 그룹 ‘듀스’ 출신의 래퍼 이현도(43·사진)가 성추행 혐의로 검찰 수사를 받고 있는 것으로 확인됐다.",
                "sentenceSize": 78
            },
            {
                "sentenceNo": 2,
                "sentenceContent": "서울서부지검 관계자는 29일 “이씨에 대해 성추행 혐의로 조사를 하고 있다”고 밝혔다.",
                "sentenceSize": 48
            },
            {
                "sentenceNo": 3,
                "sentenceContent": "고소인이 추행을 당했다고 주장하는 시점은 2013년이다.",
                "sentenceSize": 31
            },
            {
                "sentenceNo": 4,
                "sentenceContent": "검찰에 따르면 지난 6월 경기 군포 경찰서에 이현도를 강제추행 혐의로 고소한 A씨는 “2013년 9월 2일 오전 2시께 서울 광진구의 집에서 이현도에게 성추행을 당했다”고 주장했다.",
                "sentenceSize": 101
            },
            {
                "sentenceNo": 5,
                "sentenceContent": "평소 이현도와 친분이 있었던 A씨는 “당시 이현도가 축구경기를 시청하던 중 다리 위에 올라타 팔을 만지고 상의 안으로 손을 집어넣으려 했다”고 말한 것으로 알려졌다.",
                "sentenceSize": 92
            },
            {
                "sentenceNo": 6,
                "sentenceContent": "검찰은 범행일자와 관련해 경찰에 보완수사를 지휘했고 이후 사건은 이현도의 주거지를 관할하는 서울서부지검으로 이송됐다.",
                "sentenceSize": 65
            },
            {
                "sentenceNo": 7,
                "sentenceContent": "검찰은 향후 이현도와 고소인을 소환해 조사할 계획이다.",
                "sentenceSize": 30
            },
            {
                "sentenceNo": 8,
                "sentenceContent": "그러나 이현도 측은 강제추행 혐의로 피소된 것과 관련 혐의 내용을 부인하며 강경 대응 입장을 밝혔다.",
                "sentenceSize": 56
            },
            {
                "sentenceNo": 9,
                "sentenceContent": "이현도의 소속사 D.O 엔터테인먼트는 29일 \\\"고소인 측 주장은 전혀 사실이 아니\\\"라며 \\\"피소 사실에 대해서도 이현도는 오늘 기사를 통해 접했으며 어떠한 조사조차 받은 사실이 없다\\\"고 밝혔다.",
                "sentenceSize": 111
            }
        ]
    },
    "labeledDataInfo": {
        "processSentenceInfo": [
            {
                "sentenceNo": 1,
                "sentenceContent": "1990년대 가요계에 한 획을 그었던 그룹 ‘듀스’ 출신의 래퍼 이현도(43·사진)가 성추행 혐의로 검찰 수사를 받고 있는 것으로 확인됐다.",
                "subjectConsistencyYn": "Y"
            },
            {
                "sentenceNo": 2,
                "sentenceContent": "서울서부지검 관계자는 29일 “이씨에 대해 성추행 혐의로 조사를 하고 있다”고 밝혔다.",
                "subjectConsistencyYn": "Y"
            },
            {
                "sentenceNo": 3,
                "sentenceContent": "고소인이 추행을 당했다고 주장하는 시점은 2013년이다.",
                "subjectConsistencyYn": "Y"
            },
            {
                "sentenceNo": 4,
                "sentenceContent": "검찰에 따르면 지난 6월 경기 군포 경찰서에 이현도를 강제추행 혐의로 고소한 A씨는 “2013년 9월 2일 오전 2시께 서울 광진구의 집에서 이현도에게 성추행을 당했다”고 주장했다.",
                "subjectConsistencyYn": "Y"
            },
            {
                "sentenceNo": 5,
                "sentenceContent": "평소 이현도와 친분이 있었던 A씨는 “당시 이현도가 축구경기를 시청하던 중 다리 위에 올라타 팔을 만지고 상의 안으로 손을 집어넣으려 했다”고 말한 것으로 알려졌다.",
                "subjectConsistencyYn": "Y"
            },
            {
                "sentenceNo": 6,
                "sentenceContent": "검찰은 범행일자와 관련해 경찰에 보완수사를 지휘했고 이후 사건은 이현도의 주거지를 관할하는 서울서부지검으로 이송됐다.",
                "subjectConsistencyYn": "Y"
            },
            {
                "sentenceNo": 7,
                "sentenceContent": "검찰은 향후 이현도와 고소인을 소환해 조사할 계획이다.",
                "subjectConsistencyYn": "Y"
            },
            {
                "sentenceNo": 8,
                "sentenceContent": "그러나 이현도 측은 강제추행 혐의로 피소된 것과 관련 혐의 내용을 부인하며 강경 대응 입장을 밝혔다.",
                "subjectConsistencyYn": "Y"
            },
            {
                "sentenceNo": 9,
                "sentenceContent": "이현도의 소속사 D.O 엔터테인먼트는 29일 \\\"고소인 측 주장은 전혀 사실이 아니\\\"라며 \\\"피소 사실에 대해서도 이현도는 오늘 기사를 통해 접했으며 어떠한 조사조차 받은 사실이 없다\\\"고 밝혔다.",
                "subjectConsistencyYn": "Y"
            },
            {
                "sentenceNo": 10,
                "sentenceContent": "한편, 성추행 처벌 공판의 경우에는, 증거확보가 상당히 어려운 편이기에 피해자, 가해자의 진술만을 기반으로 재판이 진행되는 케이스가 생각보다 많기 때문에 대건 종합법률센터에서 사건 상담 서비스를 받는 것이 좋다.  ",
                "subjectConsistencyYn": "N"
            },
            {
                "sentenceNo": 11,
                "sentenceContent": "많은 의뢰인들이 가장 궁금해하는 성추행 사건에서의 선임비용(선임료, 수임료 라고도 함)은 의뢰인 입장에서 지금 처해있는 사건의 상황을 객관적으로 판단하여 책정되게 되는데 500만원에서 1000만원까지 해당 사건의 경중 및 유형에 따라 최대한 의뢰인의 입장을 고려하여 합리적으로 책정되고 있으니, 먼저 상담을 신청하여 형사전문변호사에게 직접 사건을 문의하길 바란다.",
                "subjectConsistencyYn": "N"
            }
        ],
        "clickbaitClass": 0
    }
}