{
    "sourceDataInfo": {
        "newsID": "ET_M03_627849",
        "newsCategory": "연예",
        "newsSubcategory": "연예가화제",
        "newsTitle": "'지드래곤과 결별' 키코, SNS에 의심장한 글 남겨 '화제 폭발'",
        "newsSubTitle": "",
        "newsContent": "빅뱅의 지드래곤과 일본 모델 겸 배우 미즈하라 키코가 결별한 가운데 키코의 인스타그램이 화제를 모으고 있다.\n미즈하라 키코는 지난 26일 자신의 인스타그램에 '사랑은 믿지 않지만 너는 믿는다(I don’t believe in love but I believe in you)'라는 문구가 적힌 사진을 게재한 바 있다.\n뿐만 아니라 키코는 앞서 미국 ‘섹스앤더시티’ 한 장면인 ‘화려한 솔로’가 게재된 방송화면을 캡처하기도 했다.\n한편 지난 27일 한 가요 관계자는 일간스포츠에 \\\"지드래곤이 최근 키코와 결별한 것이 맞다. 서로의 일이 바빠 자연스럽게 헤어진 것으로 안다\\\"고 밝혔다.\n지드래곤과 키코는 수차례 열애설에 휩싸인 바 있으나 YG 엔터테인먼트에서는 이에 \\\"아티스트의 사생활\\\"이라며 조심스러운 반응을 보여왔다.\n그러나 연예계에는 두 사람의 열애 사실을 공공연하게 알고 있었던 터라 이번 결별 소식은 당분간 큰 관심을 끌 것으로 보인다.\n한편 빅뱅은 지난 5월부터 'MADE' 시리즈 앨범을 꾸준히 발매하는가 하면 월드투어로 눈코뜰 새 없이 바쁜 나날을 보내는 중이다.",
        "partNum": "P2",
        "useType": 0,
        "processType": "D",
        "processPattern": "23",
        "processLevel": "중",
        "sentenceCount": 7,
        "processSentencenum": 4,
        "sentenceInfo": [
            {
                "sentenceNo": 1,
                "sentenceContent": "빅뱅의 지드래곤과 일본 모델 겸 배우 미즈하라 키코가 결별한 가운데 키코의 인스타그램이 화제를 모으고 있다.",
                "sentenceSize": 60
            },
            {
                "sentenceNo": 2,
                "sentenceContent": "미즈하라 키코는 지난 26일 자신의 인스타그램에 '사랑은 믿지 않지만 너는 믿는다(I don’t believe in love but I believe in you)'라는 문구가 적힌 사진을 게재한 바 있다.",
                "sentenceSize": 115
            },
            {
                "sentenceNo": 3,
                "sentenceContent": "뿐만 아니라 키코는 앞서 미국 ‘섹스앤더시티’ 한 장면인 ‘화려한 솔로’가 게재된 방송화면을 캡처하기도 했다.",
                "sentenceSize": 61
            },
            {
                "sentenceNo": 4,
                "sentenceContent": "한편 지난 27일 한 가요 관계자는 일간스포츠에 \\\"지드래곤이 최근 키코와 결별한 것이 맞다. 서로의 일이 바빠 자연스럽게 헤어진 것으로 안다\\\"고 밝혔다.",
                "sentenceSize": 87
            },
            {
                "sentenceNo": 5,
                "sentenceContent": "지드래곤과 키코는 수차례 열애설에 휩싸인 바 있으나 YG 엔터테인먼트에서는 이에 \\\"아티스트의 사생활\\\"이라며 조심스러운 반응을 보여왔다.",
                "sentenceSize": 77
            },
            {
                "sentenceNo": 6,
                "sentenceContent": "그러나 연예계에는 두 사람의 열애 사실을 공공연하게 알고 있었던 터라 이번 결별 소식은 당분간 큰 관심을 끌 것으로 보인다.",
                "sentenceSize": 69
            },
            {
                "sentenceNo": 7,
                "sentenceContent": "한편 빅뱅은 지난 5월부터 'MADE' 시리즈 앨범을 꾸준히 발매하는가 하면 월드투어로 눈코뜰 새 없이 바쁜 나날을 보내는 중이다.",
                "sentenceSize": 73
            }
        ]
    },
    "labeledDataInfo": {
        "processSentenceInfo": [
            {
                "sentenceNo": 1,
                "sentenceContent": "빅뱅의 지드래곤과 일본 모델 겸 배우 미즈하라 키코가 결별한 가운데 키코의 인스타그램이 화제를 모으고 있다.",
                "subjectConsistencyYn": "Y"
            },
            {
                "sentenceNo": 2,
                "sentenceContent": "미즈하라 키코는 지난 26일 자신의 인스타그램에 '사랑은 믿지 않지만 너는 믿는다(I don’t believe in love but I believe in you)'라는 문구가 적힌 사진을 게재한 바 있다.",
                "subjectConsistencyYn": "Y"
            },
            {
                "sentenceNo": 3,
                "sentenceContent": "뿐만 아니라 키코는 앞서 미국 ‘섹스앤더시티’ 한 장면인 ‘화려한 솔로’가 게재된 방송화면을 캡처하기도 했다.",
                "subjectConsistencyYn": "Y"
            },
            {
                "sentenceNo": 4,
                "sentenceContent": "한편 지난 27일 한 가요 관계자는 일간스포츠에 \\\"지드래곤이 최근 키코와 결별한 것이 맞다. 서로의 일이 바빠 자연스럽게 헤어진 것으로 안다\\\"고 밝혔다.",
                "subjectConsistencyYn": "Y"
            },
            {
                "sentenceNo": 5,
                "sentenceContent": "지드래곤과 키코는 수차례 열애설에 휩싸인 바 있으나 YG 엔터테인먼트에서는 이에 \\\"아티스트의 사생활\\\"이라며 조심스러운 반응을 보여왔다.",
                "subjectConsistencyYn": "Y"
            },
            {
                "sentenceNo": 6,
                "sentenceContent": "그러나 연예계에는 두 사람의 열애 사실을 공공연하게 알고 있었던 터라 이번 결별 소식은 당분간 큰 관심을 끌 것으로 보인다.",
                "subjectConsistencyYn": "Y"
            },
            {
                "sentenceNo": 7,
                "sentenceContent": "한편 빅뱅은 지난 5월부터 'MADE' 시리즈 앨범을 꾸준히 발매하는가 하면 월드투어로 눈코뜰 새 없이 바쁜 나날을 보내는 중이다.",
                "subjectConsistencyYn": "Y"
            },
            {
                "sentenceNo": 8,
                "sentenceContent": "빅뱅의 이번 월드투어는 사상 최대 규모의 초특급으로 선보일 예정이며 YG엔터테인먼트에서는 YG공식 블로그에 '2015 WORLD TOUR IN SEOUL WITH NAVER'라는 문구가 새겨진 콘서트 포스터를 공개했다.",
                "subjectConsistencyYn": "N"
            },
            {
                "sentenceNo": 9,
                "sentenceContent": "YG엔터테인먼트에 따르면 빅뱅은 이번에 발표한 서울 공연을 시작으로 전 세계 팬들과 만나는 월드투어에 돌입할 예정이며 2016년까지 이어질 이번 월드투어는 약 15개국에서 70회의 공연을 통해 전 세계 약 140만명의 관객과 만날 예정이다.",
                "subjectConsistencyYn": "N"
            },
            {
                "sentenceNo": 10,
                "sentenceContent": "이번 투어를 위해 세계적인 스태프들도 합류하는데, 디자이너 로이 베넷(Roy Bennett), 비디오그래퍼 에드버크(Ed Burke), 음악감독 길 스미스 II(Gil Smith II), 프로듀서 조나단 리아(Jonathan Lia)를 포함한 100여 명 이상의 미국 제작진이 참여하여 블록버스터급 영상을 선보일 계획이다.",
                "subjectConsistencyYn": "N"
            },
            {
                "sentenceNo": 11,
                "sentenceContent": "빅뱅 월드투어의 시작이 될 서울 콘서트 티켓 예매는 오는 6일과 7일 오후 8시, G마켓을 통해 진행된다.",
                "subjectConsistencyYn": "N"
            }
        ],
        "clickbaitClass": 0
    }
}