{
    "sourceDataInfo": {
        "newsID": "ET_M03_627568",
        "newsCategory": "연예",
        "newsSubcategory": "연예가화제",
        "newsTitle": "슈퍼스타K7, 반전을 거듭하며 TOP10 확정…박수진은 중도하차",
        "newsSubTitle": "",
        "newsContent": "슈퍼스타K7 TOP 10 반전을 거듭하며 ‘슈퍼스타K7’의 TOP10의 명단이 마침내 확정됐다.\n8일 방송된 케이블TV Mnet ‘슈퍼스타K7’ 8화에서는 지난주에 이어 TOP10을 앞둔 슈퍼위크 3라운드 라이벌 미션이 진행됐고, 최후의 TOP이 결정됐다.\n슈퍼위크 라이벌 미션에서 케빈 오와 자밀 킴은 완벽한 무대를 선보여 심사위원들을 혼란에 빠지게 했다.\n결국 케빈 오가 라이벌 미션에서 합격하며 자밀 킴은 TOP10 진출이 불투명해졌다.\n이어 현진주와 박수진은 라이벌 미션에서 컨디션 난조를 보이며 동반탈락했고, 윤슬과 곽푸른하늘 역시 멋진 무대를 선보였지만 눈에 띄지 않는다는 이유로 탈락했다.\n스티비 워너와 마틴 스미스의 무대는 심사위원의 호평을 받았지만 결국 스티비 워너가 합격했다.\n모든 라이벌 미션이 끝나고 심사위원들은 라이벌 미션 도전자들과 함게 최후의 면담 시간을 가졌다.\n면담 결과 가장 먼저 중식이 밴드가 TOP10에 진출했고, 여기에 케빈 오가 합류했다.\n이어 이요한, 자밀킴, 클라라 홍, 김민서, 마틴 스미스, 스티비 워너, 지영훈, 박수진 총 10명이 TOP10에 이름을 올리며 다음 주 생방송 무대를 선보일 수 있는 기회를 얻게 됐다.\n그러나 안타깝게도 슈퍼위크 때부터 컨디션 난조로 응급실 신세를 져온 박수진이 눈물을 흘리며 자진 중도 하차를 선언했다.\n박수진은 “합숙하는 것이 힘들 정도로 몸이 안좋다. 계속 피해만 끼쳐드릴 것 같다”며 눈물을 보였다.\n결국 제작진은 박수진의 자진하차를 받아들였고, 심사위원들은 TOP10 박수진의 빈자리에 코러스 여신 천단비를 합류시키며 최종 TOP10을 결정했다.",
        "partNum": "P2",
        "useType": 0,
        "processType": "D",
        "processPattern": "23",
        "processLevel": "중",
        "sentenceCount": 12,
        "processSentencenum": 4,
        "sentenceInfo": [
            {
                "sentenceNo": 1,
                "sentenceContent": "슈퍼스타K7 TOP 10 반전을 거듭하며 ‘슈퍼스타K7’의 TOP10의 명단이 마침내 확정됐다.",
                "sentenceSize": 53
            },
            {
                "sentenceNo": 2,
                "sentenceContent": "8일 방송된 케이블TV Mnet ‘슈퍼스타K7’ 8화에서는 지난주에 이어 TOP10을 앞둔 슈퍼위크 3라운드 라이벌 미션이 진행됐고, 최후의 TOP이 결정됐다.",
                "sentenceSize": 89
            },
            {
                "sentenceNo": 3,
                "sentenceContent": "슈퍼위크 라이벌 미션에서 케빈 오와 자밀 킴은 완벽한 무대를 선보여 심사위원들을 혼란에 빠지게 했다.",
                "sentenceSize": 56
            },
            {
                "sentenceNo": 4,
                "sentenceContent": "결국 케빈 오가 라이벌 미션에서 합격하며 자밀 킴은 TOP10 진출이 불투명해졌다.",
                "sentenceSize": 46
            },
            {
                "sentenceNo": 5,
                "sentenceContent": "이어 현진주와 박수진은 라이벌 미션에서 컨디션 난조를 보이며 동반탈락했고, 윤슬과 곽푸른하늘 역시 멋진 무대를 선보였지만 눈에 띄지 않는다는 이유로 탈락했다.",
                "sentenceSize": 88
            },
            {
                "sentenceNo": 6,
                "sentenceContent": "스티비 워너와 마틴 스미스의 무대는 심사위원의 호평을 받았지만 결국 스티비 워너가 합격했다.",
                "sentenceSize": 51
            },
            {
                "sentenceNo": 7,
                "sentenceContent": "모든 라이벌 미션이 끝나고 심사위원들은 라이벌 미션 도전자들과 함게 최후의 면담 시간을 가졌다.",
                "sentenceSize": 53
            },
            {
                "sentenceNo": 8,
                "sentenceContent": "면담 결과 가장 먼저 중식이 밴드가 TOP10에 진출했고, 여기에 케빈 오가 합류했다.",
                "sentenceSize": 48
            },
            {
                "sentenceNo": 9,
                "sentenceContent": "이어 이요한, 자밀킴, 클라라 홍, 김민서, 마틴 스미스, 스티비 워너, 지영훈, 박수진 총 10명이 TOP10에 이름을 올리며 다음 주 생방송 무대를 선보일 수 있는 기회를 얻게 됐다.",
                "sentenceSize": 104
            },
            {
                "sentenceNo": 10,
                "sentenceContent": "그러나 안타깝게도 슈퍼위크 때부터 컨디션 난조로 응급실 신세를 져온 박수진이 눈물을 흘리며 자진 중도 하차를 선언했다.",
                "sentenceSize": 66
            },
            {
                "sentenceNo": 11,
                "sentenceContent": "박수진은 “합숙하는 것이 힘들 정도로 몸이 안좋다. 계속 피해만 끼쳐드릴 것 같다”며 눈물을 보였다.",
                "sentenceSize": 56
            },
            {
                "sentenceNo": 12,
                "sentenceContent": "결국 제작진은 박수진의 자진하차를 받아들였고, 심사위원들은 TOP10 박수진의 빈자리에 코러스 여신 천단비를 합류시키며 최종 TOP10을 결정했다.",
                "sentenceSize": 82
            }
        ]
    },
    "labeledDataInfo": {
        "processSentenceInfo": [
            {
                "sentenceNo": 1,
                "sentenceContent": "슈퍼스타K7 TOP 10 반전을 거듭하며 ‘슈퍼스타K7’의 TOP10의 명단이 마침내 확정됐다.",
                "subjectConsistencyYn": "Y"
            },
            {
                "sentenceNo": 2,
                "sentenceContent": "8일 방송된 케이블TV Mnet ‘슈퍼스타K7’ 8화에서는 지난주에 이어 TOP10을 앞둔 슈퍼위크 3라운드 라이벌 미션이 진행됐고, 최후의 TOP이 결정됐다.",
                "subjectConsistencyYn": "Y"
            },
            {
                "sentenceNo": 3,
                "sentenceContent": "슈퍼위크 라이벌 미션에서 케빈 오와 자밀 킴은 완벽한 무대를 선보여 심사위원들을 혼란에 빠지게 했다.",
                "subjectConsistencyYn": "Y"
            },
            {
                "sentenceNo": 4,
                "sentenceContent": "결국 케빈 오가 라이벌 미션에서 합격하며 자밀 킴은 TOP10 진출이 불투명해졌다.",
                "subjectConsistencyYn": "Y"
            },
            {
                "sentenceNo": 5,
                "sentenceContent": "이어 현진주와 박수진은 라이벌 미션에서 컨디션 난조를 보이며 동반탈락했고, 윤슬과 곽푸른하늘 역시 멋진 무대를 선보였지만 눈에 띄지 않는다는 이유로 탈락했다.",
                "subjectConsistencyYn": "Y"
            },
            {
                "sentenceNo": 6,
                "sentenceContent": "스티비 워너와 마틴 스미스의 무대는 심사위원의 호평을 받았지만 결국 스티비 워너가 합격했다.",
                "subjectConsistencyYn": "Y"
            },
            {
                "sentenceNo": 7,
                "sentenceContent": "모든 라이벌 미션이 끝나고 심사위원들은 라이벌 미션 도전자들과 함게 최후의 면담 시간을 가졌다.",
                "subjectConsistencyYn": "Y"
            },
            {
                "sentenceNo": 8,
                "sentenceContent": "면담 결과 가장 먼저 중식이 밴드가 TOP10에 진출했고, 여기에 케빈 오가 합류했다.",
                "subjectConsistencyYn": "Y"
            },
            {
                "sentenceNo": 9,
                "sentenceContent": "이어 이요한, 자밀킴, 클라라 홍, 김민서, 마틴 스미스, 스티비 워너, 지영훈, 박수진 총 10명이 TOP10에 이름을 올리며 다음 주 생방송 무대를 선보일 수 있는 기회를 얻게 됐다.",
                "subjectConsistencyYn": "Y"
            },
            {
                "sentenceNo": 10,
                "sentenceContent": "그러나 안타깝게도 슈퍼위크 때부터 컨디션 난조로 응급실 신세를 져온 박수진이 눈물을 흘리며 자진 중도 하차를 선언했다.",
                "subjectConsistencyYn": "Y"
            },
            {
                "sentenceNo": 11,
                "sentenceContent": "박수진은 “합숙하는 것이 힘들 정도로 몸이 안좋다. 계속 피해만 끼쳐드릴 것 같다”며 눈물을 보였다.",
                "subjectConsistencyYn": "Y"
            },
            {
                "sentenceNo": 12,
                "sentenceContent": "결국 제작진은 박수진의 자진하차를 받아들였고, 심사위원들은 TOP10 박수진의 빈자리에 코러스 여신 천단비를 합류시키며 최종 TOP10을 결정했다.",
                "subjectConsistencyYn": "Y"
            },
            {
                "sentenceNo": 13,
                "sentenceContent": "한편, Mnet ‘슈퍼스타K7’에 출연했던 케빈오가 첫 정규앨범 '피시스 오브_(Pieces of _)' 프리뷰 영상을 공개하여 인기를 끌고 있다.",
                "subjectConsistencyYn": "N"
            },
            {
                "sentenceNo": 14,
                "sentenceContent": "미완성된 퍼즐을 보여주며 시작한 영상은 노래와 함께 어두운 거리를 비추는 가로등, 차 안에 놓인 꽃 한 다발, 가사를 적은 악보 등을 비췄다.",
                "subjectConsistencyYn": "N"
            },
            {
                "sentenceNo": 15,
                "sentenceContent": "케빈오와 최근 결혼한 배우 공효진이 작사에 참여한 '너도 나도 잠든 새벽(Dawn)'과 서정적인 노랫말이 담긴 '피시스 오브 유(Pieces of You)'를 더블 타이틀곡으로 확정한 가운데, 프리뷰 영상을 통해 음원 일부를 공개했다.",
                "subjectConsistencyYn": "N"
            },
            {
                "sentenceNo": 16,
                "sentenceContent": "케빈오가 첫 정규앨범에 수록된 음원을 일부 공개한 이 영상은 케빈오의 공식 SNS를 통해 확인할 수 있다.",
                "subjectConsistencyYn": "N"
            }
        ],
        "clickbaitClass": 0
    }
}