{
    "sourceDataInfo": {
        "newsID": "ET_M03_627617",
        "newsCategory": "연예",
        "newsSubcategory": "연예가화제",
        "newsTitle": "아이콘 '리듬 타', 11개국 1위… 국내 차트도 접수 '신인 맞아?'",
        "newsSubTitle": "",
        "newsContent": "아이콘 '리듬 타', 11개국 1위… 국내 차트도 접수 '신인 맞아?' YG 신인그룹 아이콘의 데뷔 하프 앨범이 아이튠즈 앨범차트 11개국 정상을 석권했다.\n1일 0시 온라인 음원사이트를 통해 공개된 아이콘의 데뷔 하프 앨범 ‘WELCOME BACK’은 이날 오전 8시 기준 홍콩, 인도네시아, 라오스, 마카오, 말레이시아, 파나마, 페루, 싱가포르, 대만, 태국, 베트남 등 무려 11개 국가 아이튠즈 차트에서 1위에 오르며 아이콘에 대한 글로벌한 관심과 인기를 반영하고 있다.\n뿐만 아니라 북미 지역인 캐나다에서 24위, 팝의 본고장 미국에서도 26위에 올랐다.\n이와 함께 이번 앨범의 타이틀곡인 '리듬 타'는 공개 후 지니, 올레, 네이버, 소리바다 등 국내 주요 음원차트에서 1위에 올라있고 '리듬 타'외에 더블타이틀곡인 '에어플래인'과 '오늘따라', 'WELCOME BACK', '솔직하게', '취향저격' 등 수록곡들도 톱10안에 랭크되어 화제다. ‘리듬 타’는 힙합 그루브 장르의 음악으로 앞서 아이콘이 공개했던 부드럽고 달달했던 ‘취향저격’과는 180도 다른 분위기로 귀를 사로잡는다.\n특히 중독적이면서도 세련된 사운드가 인상적이며 ‘리듬 타’ 라는 구절의 반복은 강렬한 인상을 준다.\n뮤직비디오 반응 역시 뜨겁다.\n음원과 함께 공개된 ‘리듬 타’, ‘에어플레인’ 뮤직비디오는 1일 오전 8시 기준 유튜브에서 각각 40만 7756뷰, 35만 2229뷰로 도합 75만 9985뷰를 기록하며 조회수를 늘려가고 있다. ‘리듬 타’ 뮤직비디오는 자유분방하면서도 강렬한 비주얼로 시선을 압도하며 B.I와 BOBBY의 연기가 인상적인 ‘에어플레인’ 뮤직비디오는 풋풋하면서도 서정적인 느낌을 물씬 담아 ‘리듬 타’와는 또 다른 상반된 분위기로 눈길을 끈다.\n한편 아이콘은 오는 11월 2일 ‘DEBUT FULL ALBUM ‘WELCOME BACK’’을 발매할 예정이다. ‘아이콘’ ‘아이콘’ 온라인 중앙일보 [사진 ‘리듬 타’ 뮤직비디오 캡처]",
        "partNum": "P2",
        "useType": 0,
        "processType": "D",
        "processPattern": "23",
        "processLevel": "중",
        "sentenceCount": 8,
        "processSentencenum": 4,
        "sentenceInfo": [
            {
                "sentenceNo": 1,
                "sentenceContent": "아이콘 '리듬 타', 11개국 1위… 국내 차트도 접수 '신인 맞아?' YG 신인그룹 아이콘의 데뷔 하프 앨범이 아이튠즈 앨범차트 11개국 정상을 석권했다.",
                "sentenceSize": 87
            },
            {
                "sentenceNo": 2,
                "sentenceContent": "1일 0시 온라인 음원사이트를 통해 공개된 아이콘의 데뷔 하프 앨범 ‘WELCOME BACK’은 이날 오전 8시 기준 홍콩, 인도네시아, 라오스, 마카오, 말레이시아, 파나마, 페루, 싱가포르, 대만, 태국, 베트남 등 무려 11개 국가 아이튠즈 차트에서 1위에 오르며 아이콘에 대한 글로벌한 관심과 인기를 반영하고 있다.",
                "sentenceSize": 180
            },
            {
                "sentenceNo": 3,
                "sentenceContent": "뿐만 아니라 북미 지역인 캐나다에서 24위, 팝의 본고장 미국에서도 26위에 올랐다.",
                "sentenceSize": 47
            },
            {
                "sentenceNo": 4,
                "sentenceContent": "이와 함께 이번 앨범의 타이틀곡인 '리듬 타'는 공개 후 지니, 올레, 네이버, 소리바다 등 국내 주요 음원차트에서 1위에 올라있고 '리듬 타'외에 더블타이틀곡인 '에어플래인'과 '오늘따라', 'WELCOME BACK', '솔직하게', '취향저격' 등 수록곡들도 톱10안에 랭크되어 화제다. ‘리듬 타’는 힙합 그루브 장르의 음악으로 앞서 아이콘이 공개했던 부드럽고 달달했던 ‘취향저격’과는 180도 다른 분위기로 귀를 사로잡는다.",
                "sentenceSize": 241
            },
            {
                "sentenceNo": 5,
                "sentenceContent": "특히 중독적이면서도 세련된 사운드가 인상적이며 ‘리듬 타’ 라는 구절의 반복은 강렬한 인상을 준다.",
                "sentenceSize": 55
            },
            {
                "sentenceNo": 6,
                "sentenceContent": "뮤직비디오 반응 역시 뜨겁다.",
                "sentenceSize": 16
            },
            {
                "sentenceNo": 7,
                "sentenceContent": "음원과 함께 공개된 ‘리듬 타’, ‘에어플레인’ 뮤직비디오는 1일 오전 8시 기준 유튜브에서 각각 40만 7756뷰, 35만 2229뷰로 도합 75만 9985뷰를 기록하며 조회수를 늘려가고 있다. ‘리듬 타’ 뮤직비디오는 자유분방하면서도 강렬한 비주얼로 시선을 압도하며 B.I와 BOBBY의 연기가 인상적인 ‘에어플레인’ 뮤직비디오는 풋풋하면서도 서정적인 느낌을 물씬 담아 ‘리듬 타’와는 또 다른 상반된 분위기로 눈길을 끈다.",
                "sentenceSize": 239
            },
            {
                "sentenceNo": 8,
                "sentenceContent": "한편 아이콘은 오는 11월 2일 ‘DEBUT FULL ALBUM ‘WELCOME BACK’’을 발매할 예정이다. ‘아이콘’ ‘아이콘’ 온라인 중앙일보 [사진 ‘리듬 타’ 뮤직비디오 캡처]",
                "sentenceSize": 104
            }
        ]
    },
    "labeledDataInfo": {
        "processSentenceInfo": [
            {
                "sentenceNo": 1,
                "sentenceContent": "아이콘 '리듬 타', 11개국 1위… 국내 차트도 접수 '신인 맞아?' YG 신인그룹 아이콘의 데뷔 하프 앨범이 아이튠즈 앨범차트 11개국 정상을 석권했다.",
                "subjectConsistencyYn": "Y"
            },
            {
                "sentenceNo": 2,
                "sentenceContent": "1일 0시 온라인 음원사이트를 통해 공개된 아이콘의 데뷔 하프 앨범 ‘WELCOME BACK’은 이날 오전 8시 기준 홍콩, 인도네시아, 라오스, 마카오, 말레이시아, 파나마, 페루, 싱가포르, 대만, 태국, 베트남 등 무려 11개 국가 아이튠즈 차트에서 1위에 오르며 아이콘에 대한 글로벌한 관심과 인기를 반영하고 있다.",
                "subjectConsistencyYn": "Y"
            },
            {
                "sentenceNo": 3,
                "sentenceContent": "뿐만 아니라 북미 지역인 캐나다에서 24위, 팝의 본고장 미국에서도 26위에 올랐다.",
                "subjectConsistencyYn": "Y"
            },
            {
                "sentenceNo": 4,
                "sentenceContent": "이와 함께 이번 앨범의 타이틀곡인 '리듬 타'는 공개 후 지니, 올레, 네이버, 소리바다 등 국내 주요 음원차트에서 1위에 올라있고 '리듬 타'외에 더블타이틀곡인 '에어플래인'과 '오늘따라', 'WELCOME BACK', '솔직하게', '취향저격' 등 수록곡들도 톱10안에 랭크되어 화제다. ‘리듬 타’는 힙합 그루브 장르의 음악으로 앞서 아이콘이 공개했던 부드럽고 달달했던 ‘취향저격’과는 180도 다른 분위기로 귀를 사로잡는다.",
                "subjectConsistencyYn": "Y"
            },
            {
                "sentenceNo": 5,
                "sentenceContent": "특히 중독적이면서도 세련된 사운드가 인상적이며 ‘리듬 타’ 라는 구절의 반복은 강렬한 인상을 준다.",
                "subjectConsistencyYn": "Y"
            },
            {
                "sentenceNo": 6,
                "sentenceContent": "뮤직비디오 반응 역시 뜨겁다.",
                "subjectConsistencyYn": "Y"
            },
            {
                "sentenceNo": 7,
                "sentenceContent": "음원과 함께 공개된 ‘리듬 타’, ‘에어플레인’ 뮤직비디오는 1일 오전 8시 기준 유튜브에서 각각 40만 7756뷰, 35만 2229뷰로 도합 75만 9985뷰를 기록하며 조회수를 늘려가고 있다. ‘리듬 타’ 뮤직비디오는 자유분방하면서도 강렬한 비주얼로 시선을 압도하며 B.I와 BOBBY의 연기가 인상적인 ‘에어플레인’ 뮤직비디오는 풋풋하면서도 서정적인 느낌을 물씬 담아 ‘리듬 타’와는 또 다른 상반된 분위기로 눈길을 끈다.",
                "subjectConsistencyYn": "Y"
            },
            {
                "sentenceNo": 8,
                "sentenceContent": "한편 아이콘은 오는 11월 2일 ‘DEBUT FULL ALBUM ‘WELCOME BACK’’을 발매할 예정이다. ‘아이콘’ ‘아이콘’ 온라인 중앙일보 [사진 ‘리듬 타’ 뮤직비디오 캡처]",
                "subjectConsistencyYn": "Y"
            },
            {
                "sentenceNo": 9,
                "sentenceContent": "아이콘은 이번 활동과 함께 팬과 아티스트가 일상을 공유하고 직접 소통하는 프라이빗 메시지 플랫폼 기업인 (주)디어유의 '디어유 버블' 서비스를 오픈한다고 알려 팬들의 기대감을 얻고 있다. ",
                "subjectConsistencyYn": "N"
            },
            {
                "sentenceNo": 10,
                "sentenceContent": "'디어유 버블' 서비스는 앱 마켓(구글 플레이스토어 또는 아이폰 앱스토어)에서 다운받아 정기 구독 방식으로 구매해 사용할 수 있다. ",
                "subjectConsistencyYn": "N"
            },
            {
                "sentenceNo": 11,
                "sentenceContent": "'디어유 버블' 서비스는 지난 2020년에 출시한 이후 SM 엔터테인먼트, JYP 엔터테인먼트, YG 엔터테인먼트 등 61개의 국내 엔터테인먼트 회사와 계약을 맺어 118개의 그룹, 솔로 아티스트, 총 357명의 아티스트와 함께 서비스를 하고 있다. ",
                "subjectConsistencyYn": "N"
            },
            {
                "sentenceNo": 12,
                "sentenceContent": "디어유 관계자는 \"요즘 MZ세대는 SNS에서 '반모'(반말 모드)를 신청한 뒤 '불소'(불타는 소통)를 한다\"라며 \"격 없는 소통을 즐기는 MZ세대에게 좋아하는 아티스트와 친구처럼 대화할 수 있는 버블 서비스는 거부할 수 없는 유혹이 됐다\"라고 설명했다.",
                "subjectConsistencyYn": "N"
            }
        ],
        "clickbaitClass": 0
    }
}