{
    "sourceDataInfo": {
        "newsID": "ET_M03_627383",
        "newsCategory": "연예",
        "newsSubcategory": "연예가화제",
        "newsTitle": "트로트계의 '설현' … 홍진영 대항마로 떠오른 트로트 가수",
        "newsSubTitle": "",
        "newsContent": "트로트계의 떠오르는 신인 설하윤이 홍진영의 대항마로 주목 받고 있다.\n설하윤은 지난해 9월 ‘신고할거야’로 긴 연습생 생활을 끝내고 가요계에 데뷔했다.\n그녀는 Mnet '너의 목소리가 보여‘에 출연해 수려한 외모와 뛰어난 가창력으로 많은 주목을 받았으며 군부대 위문공연과 각종 행사에서 종횡무진 활약 중이다.\n또 지난 12일 설하윤은‘전국노래자랑’의 축하무대에 출연해 검색어 1위에 오르는 기염을 토하기도 했다.\n설하윤은 아이돌 못지 않은 뛰어난 미모와 몸매로'트로트계의 설현'으로 통하고 있으며 점점 인지도를 쌓아가고 있는 중이다.\n데뷔 6개월 차에 접어든 설하윤이 트로트계에 돌풍을 불러일으킬지 귀추가 주목된다.",
        "partNum": "P2",
        "useType": 0,
        "processType": "D",
        "processPattern": "23",
        "processLevel": "중",
        "sentenceCount": 6,
        "processSentencenum": 2,
        "sentenceInfo": [
            {
                "sentenceNo": 1,
                "sentenceContent": "트로트계의 떠오르는 신인 설하윤이 홍진영의 대항마로 주목 받고 있다.",
                "sentenceSize": 38
            },
            {
                "sentenceNo": 2,
                "sentenceContent": "설하윤은 지난해 9월 ‘신고할거야’로 긴 연습생 생활을 끝내고 가요계에 데뷔했다.",
                "sentenceSize": 45
            },
            {
                "sentenceNo": 3,
                "sentenceContent": "그녀는 Mnet '너의 목소리가 보여‘에 출연해 수려한 외모와 뛰어난 가창력으로 많은 주목을 받았으며 군부대 위문공연과 각종 행사에서 종횡무진 활약 중이다.",
                "sentenceSize": 87
            },
            {
                "sentenceNo": 4,
                "sentenceContent": "또 지난 12일 설하윤은‘전국노래자랑’의 축하무대에 출연해 검색어 1위에 오르는 기염을 토하기도 했다.",
                "sentenceSize": 57
            },
            {
                "sentenceNo": 5,
                "sentenceContent": "설하윤은 아이돌 못지 않은 뛰어난 미모와 몸매로'트로트계의 설현'으로 통하고 있으며 점점 인지도를 쌓아가고 있는 중이다.",
                "sentenceSize": 67
            },
            {
                "sentenceNo": 6,
                "sentenceContent": "데뷔 6개월 차에 접어든 설하윤이 트로트계에 돌풍을 불러일으킬지 귀추가 주목된다.",
                "sentenceSize": 45
            }
        ]
    },
    "labeledDataInfo": {
        "processSentenceInfo": [
            {
                "sentenceNo": 1,
                "sentenceContent": "트로트계의 떠오르는 신인 설하윤이 홍진영의 대항마로 주목 받고 있다.",
                "subjectConsistencyYn": "Y"
            },
            {
                "sentenceNo": 2,
                "sentenceContent": "설하윤은 지난해 9월 ‘신고할거야’로 긴 연습생 생활을 끝내고 가요계에 데뷔했다.",
                "subjectConsistencyYn": "Y"
            },
            {
                "sentenceNo": 3,
                "sentenceContent": "그녀는 Mnet '너의 목소리가 보여‘에 출연해 수려한 외모와 뛰어난 가창력으로 많은 주목을 받았으며 군부대 위문공연과 각종 행사에서 종횡무진 활약 중이다.",
                "subjectConsistencyYn": "Y"
            },
            {
                "sentenceNo": 4,
                "sentenceContent": "또 지난 12일 설하윤은‘전국노래자랑’의 축하무대에 출연해 검색어 1위에 오르는 기염을 토하기도 했다.",
                "subjectConsistencyYn": "Y"
            },
            {
                "sentenceNo": 5,
                "sentenceContent": "설하윤은 아이돌 못지 않은 뛰어난 미모와 몸매로'트로트계의 설현'으로 통하고 있으며 점점 인지도를 쌓아가고 있는 중이다.",
                "subjectConsistencyYn": "Y"
            },
            {
                "sentenceNo": 6,
                "sentenceContent": "데뷔 6개월 차에 접어든 설하윤이 트로트계에 돌풍을 불러일으킬지 귀추가 주목된다.",
                "subjectConsistencyYn": "Y"
            },
            {
                "sentenceNo": 7,
                "sentenceContent": "트로트계의 떠오르는 신인 설하윤이 데뷔 6개월 만에 단독으로 개회식 공연을 해 주목받는 `2022 서울시민 체육 대축전`이 3년 만에 돌아온다.",
                "subjectConsistencyYn": "N"
            },
            {
                "sentenceNo": 8,
                "sentenceContent": "서울시는 해당 행사를 17일부터 18일까지 양일간 잠실 체육관과 보조경기장 등 11개 경기장에서 개최하며 행사와 관련된 자세한 사항은 서울특별시체육회 홈페이지 및 거주 지역 자치구 체육회를 통해 확인할 수 있다.",
                "subjectConsistencyYn": "N"
            }
        ],
        "clickbaitClass": 0
    }
}