{
    "sourceDataInfo": {
        "newsID": "ET_M03_627239",
        "newsCategory": "연예",
        "newsSubcategory": "연예가화제",
        "newsTitle": "방탄소년단 단 한 그룹으로 유튜브 구독자 1000만명 돌파",
        "newsSubTitle": "",
        "newsContent": "아이돌 그룹 방탄소년단이 소속된 연예기획사 빅히트 엔터테인먼트의 공식 유튜브 계정이 구독자 1000만명을 넘어섰다.\n19일 오후 빅히트 엔터테인먼트 유튜브 계정(ibighit)에 접속하면 구독자는 1000만4만3000여명에 이른다.\n연예 기획사가 구독자 1000만명을 넘어선 건 SM엔터테인먼트(SMTOWN)에 이어 두 번째다.\nSM엔터테인먼트의 유튜브 계정 구독자는 1362만여명이다.\n빅히트 엔터테인먼트 유튜브 계정에는 방탄소년단·이현·2AM·임정희 등의 동영상이 올라와 있다.\n방탄소년단을 제외하곤 가깝게는 1년 전부터 멀게는 4년 전에 올라온 영상들이다.\n때문에 빅히트 엔터테인먼트 계정 구독자가 1000만명을 넘어선 것은 방탄소년단이 주효한 원인으로 보인다.\n방탄소년단 관련 영상이 올라온 방탄소년단 공식 유튜브 계정 '방탄TV'(BABGTANTV)는 19일 오후 기준 구독자 680만여명을 기록하고 있다.",
        "partNum": "P2",
        "useType": 0,
        "processType": "D",
        "processPattern": "23",
        "processLevel": "중",
        "sentenceCount": 8,
        "processSentencenum": 4,
        "sentenceInfo": [
            {
                "sentenceNo": 1,
                "sentenceContent": "아이돌 그룹 방탄소년단이 소속된 연예기획사 빅히트 엔터테인먼트의 공식 유튜브 계정이 구독자 1000만명을 넘어섰다.",
                "sentenceSize": 64
            },
            {
                "sentenceNo": 2,
                "sentenceContent": "19일 오후 빅히트 엔터테인먼트 유튜브 계정(ibighit)에 접속하면 구독자는 1000만4만3000여명에 이른다.",
                "sentenceSize": 64
            },
            {
                "sentenceNo": 3,
                "sentenceContent": "연예 기획사가 구독자 1000만명을 넘어선 건 SM엔터테인먼트(SMTOWN)에 이어 두 번째다.",
                "sentenceSize": 53
            },
            {
                "sentenceNo": 4,
                "sentenceContent": "SM엔터테인먼트의 유튜브 계정 구독자는 1362만여명이다.",
                "sentenceSize": 32
            },
            {
                "sentenceNo": 5,
                "sentenceContent": "빅히트 엔터테인먼트 유튜브 계정에는 방탄소년단·이현·2AM·임정희 등의 동영상이 올라와 있다.",
                "sentenceSize": 52
            },
            {
                "sentenceNo": 6,
                "sentenceContent": "방탄소년단을 제외하곤 가깝게는 1년 전부터 멀게는 4년 전에 올라온 영상들이다.",
                "sentenceSize": 44
            },
            {
                "sentenceNo": 7,
                "sentenceContent": "때문에 빅히트 엔터테인먼트 계정 구독자가 1000만명을 넘어선 것은 방탄소년단이 주효한 원인으로 보인다.",
                "sentenceSize": 58
            },
            {
                "sentenceNo": 8,
                "sentenceContent": "방탄소년단 관련 영상이 올라온 방탄소년단 공식 유튜브 계정 '방탄TV'(BABGTANTV)는 19일 오후 기준 구독자 680만여명을 기록하고 있다.",
                "sentenceSize": 82
            }
        ]
    },
    "labeledDataInfo": {
        "processSentenceInfo": [
            {
                "sentenceNo": 1,
                "sentenceContent": "아이돌 그룹 방탄소년단이 소속된 연예기획사 빅히트 엔터테인먼트의 공식 유튜브 계정이 구독자 1000만명을 넘어섰다.",
                "subjectConsistencyYn": "Y"
            },
            {
                "sentenceNo": 2,
                "sentenceContent": "19일 오후 빅히트 엔터테인먼트 유튜브 계정(ibighit)에 접속하면 구독자는 1000만4만3000여명에 이른다.",
                "subjectConsistencyYn": "Y"
            },
            {
                "sentenceNo": 3,
                "sentenceContent": "연예 기획사가 구독자 1000만명을 넘어선 건 SM엔터테인먼트(SMTOWN)에 이어 두 번째다.",
                "subjectConsistencyYn": "Y"
            },
            {
                "sentenceNo": 4,
                "sentenceContent": "SM엔터테인먼트의 유튜브 계정 구독자는 1362만여명이다.",
                "subjectConsistencyYn": "Y"
            },
            {
                "sentenceNo": 5,
                "sentenceContent": "빅히트 엔터테인먼트 유튜브 계정에는 방탄소년단·이현·2AM·임정희 등의 동영상이 올라와 있다.",
                "subjectConsistencyYn": "Y"
            },
            {
                "sentenceNo": 6,
                "sentenceContent": "방탄소년단을 제외하곤 가깝게는 1년 전부터 멀게는 4년 전에 올라온 영상들이다.",
                "subjectConsistencyYn": "Y"
            },
            {
                "sentenceNo": 7,
                "sentenceContent": "때문에 빅히트 엔터테인먼트 계정 구독자가 1000만명을 넘어선 것은 방탄소년단이 주효한 원인으로 보인다.",
                "subjectConsistencyYn": "Y"
            },
            {
                "sentenceNo": 8,
                "sentenceContent": "방탄소년단 관련 영상이 올라온 방탄소년단 공식 유튜브 계정 '방탄TV'(BABGTANTV)는 19일 오후 기준 구독자 680만여명을 기록하고 있다.",
                "subjectConsistencyYn": "Y"
            },
            {
                "sentenceNo": 9,
                "sentenceContent": "이에 따라, 빅히트 유튜브 계정의 구독자가 1000만명을 넘어서며 유튜브에 대한 인기는 식을 줄을 모르고 있어 초보자도 간편하게 사용이 가능한 클립 스튜디오의 인기가 상승하였다.",
                "subjectConsistencyYn": "N"
            },
            {
                "sentenceNo": 10,
                "sentenceContent": "클립 스튜디오의 경우 초보자들도 간편하게 이용할 수 있는 무료 템플릿을 제공하고 있으며 기초적인 가이드를 상당수 제공하고 있는 만큼 그 효용 가치에 있어 높은 평가를 받고 있다.",
                "subjectConsistencyYn": "N"
            },
            {
                "sentenceNo": 11,
                "sentenceContent": "무료로 제공되고 있는 템플릿의 경우 회사와 학교 개인 작품을 모두 망라하고 있으며 추가로 구매자가 창작한 것을 새롭게 등록시킬 수 있는 등 다양한 옵션을 제공하고 있는 것으로 알려졌다.",
                "subjectConsistencyYn": "N"
            },
            {
                "sentenceNo": 12,
                "sentenceContent": "결제의 경우 무료체험 14일을 제공하고 있는 등 현재 많은 혜택을 지원하고 있으며 카카오 페이로 구매 시 10% 페이백이 가능하여 많은 이용자가 구매를 하고 있다.",
                "subjectConsistencyYn": "N"
            }
        ],
        "clickbaitClass": 0
    }
}