{
    "sourceDataInfo": {
        "newsID": "ET_M03_627685",
        "newsCategory": "연예",
        "newsSubcategory": "연예가화제",
        "newsTitle": "'언랩2', 음원사이트가 산통깬 스포일러",
        "newsSubTitle": "",
        "newsContent": "트루디와 길미의 솔로 배틀은 소용이 없었다.\n18일 방송된 Mnet '언프리티 랩스타2'에서는 프로듀서로 나선 버벌진트의 세번째 트랙을 차지 하기 위한 대결이 펼쳐졌다.\n이날 세번째 트랙의 우승자를 놓고 마지막까지 겨룬건 트루디와 길미. 두 사람은 솔로 배틀을 벌여 세 번째 트랙을 차지하려고 했다.\n그러나 음원사이트 측이 모든 산통을 다 깼다.\n자정이 넘어가자 멜론과 엠넷 등 국내 음원사이트에는 '음악이 아니었다면'을 트루디·치타가 불렀다며 즉각 게재됐다.\n방송상으로는 우승자가 나오지 않았지만 이미 음원사이트서 공개한 것. 긴장감은 몽땅 사라졌다.\n앞서 CJ E&M에서는 비슷한 사고가 있었다. '더 지니어스' 세번째 시즌에서 지연방송이 됐음에도 미리 공지를 하지 않아 IPTV 쪽에서 먼저 풀려버린 것. 본방송이 나오고 있을 때 이미 유료결제를 한 사람들은 탈락자를 알 수 있었다.\n안타까운 촌극. '언프리티 랩스타2'는 최고의 실력을 지닌 여자래퍼들이 컴필레이션 앨범을 만드는 서바이벌 프로그램. 매회 등장하는 대한민국 대표 힙합 프로듀서들이 신곡을 발표하면, 곡 녹음에 참여할 기회를 얻기 위해 출연 래퍼들이 대결을 벌이는 방식으로 진행된다.",
        "partNum": "P2",
        "useType": 0,
        "processType": "D",
        "processPattern": "23",
        "processLevel": "중",
        "sentenceCount": 8,
        "processSentencenum": 4,
        "sentenceInfo": [
            {
                "sentenceNo": 1,
                "sentenceContent": "트루디와 길미의 솔로 배틀은 소용이 없었다.",
                "sentenceSize": 24
            },
            {
                "sentenceNo": 2,
                "sentenceContent": "18일 방송된 Mnet '언프리티 랩스타2'에서는 프로듀서로 나선 버벌진트의 세번째 트랙을 차지 하기 위한 대결이 펼쳐졌다.",
                "sentenceSize": 69
            },
            {
                "sentenceNo": 3,
                "sentenceContent": "이날 세번째 트랙의 우승자를 놓고 마지막까지 겨룬건 트루디와 길미. 두 사람은 솔로 배틀을 벌여 세 번째 트랙을 차지하려고 했다.",
                "sentenceSize": 72
            },
            {
                "sentenceNo": 4,
                "sentenceContent": "그러나 음원사이트 측이 모든 산통을 다 깼다.",
                "sentenceSize": 25
            },
            {
                "sentenceNo": 5,
                "sentenceContent": "자정이 넘어가자 멜론과 엠넷 등 국내 음원사이트에는 '음악이 아니었다면'을 트루디·치타가 불렀다며 즉각 게재됐다.",
                "sentenceSize": 63
            },
            {
                "sentenceNo": 6,
                "sentenceContent": "방송상으로는 우승자가 나오지 않았지만 이미 음원사이트서 공개한 것. 긴장감은 몽땅 사라졌다.",
                "sentenceSize": 51
            },
            {
                "sentenceNo": 7,
                "sentenceContent": "앞서 CJ E&M에서는 비슷한 사고가 있었다. '더 지니어스' 세번째 시즌에서 지연방송이 됐음에도 미리 공지를 하지 않아 IPTV 쪽에서 먼저 풀려버린 것. 본방송이 나오고 있을 때 이미 유료결제를 한 사람들은 탈락자를 알 수 있었다.",
                "sentenceSize": 131
            },
            {
                "sentenceNo": 8,
                "sentenceContent": "안타까운 촌극. '언프리티 랩스타2'는 최고의 실력을 지닌 여자래퍼들이 컴필레이션 앨범을 만드는 서바이벌 프로그램. 매회 등장하는 대한민국 대표 힙합 프로듀서들이 신곡을 발표하면, 곡 녹음에 참여할 기회를 얻기 위해 출연 래퍼들이 대결을 벌이는 방식으로 진행된다.",
                "sentenceSize": 147
            }
        ]
    },
    "labeledDataInfo": {
        "processSentenceInfo": [
            {
                "sentenceNo": 1,
                "sentenceContent": "트루디와 길미의 솔로 배틀은 소용이 없었다.",
                "subjectConsistencyYn": "Y"
            },
            {
                "sentenceNo": 2,
                "sentenceContent": "18일 방송된 Mnet '언프리티 랩스타2'에서는 프로듀서로 나선 버벌진트의 세번째 트랙을 차지 하기 위한 대결이 펼쳐졌다.",
                "subjectConsistencyYn": "Y"
            },
            {
                "sentenceNo": 3,
                "sentenceContent": "이날 세번째 트랙의 우승자를 놓고 마지막까지 겨룬건 트루디와 길미. 두 사람은 솔로 배틀을 벌여 세 번째 트랙을 차지하려고 했다.",
                "subjectConsistencyYn": "Y"
            },
            {
                "sentenceNo": 4,
                "sentenceContent": "그러나 음원사이트 측이 모든 산통을 다 깼다.",
                "subjectConsistencyYn": "Y"
            },
            {
                "sentenceNo": 5,
                "sentenceContent": "자정이 넘어가자 멜론과 엠넷 등 국내 음원사이트에는 '음악이 아니었다면'을 트루디·치타가 불렀다며 즉각 게재됐다.",
                "subjectConsistencyYn": "Y"
            },
            {
                "sentenceNo": 6,
                "sentenceContent": "방송상으로는 우승자가 나오지 않았지만 이미 음원사이트서 공개한 것. 긴장감은 몽땅 사라졌다.",
                "subjectConsistencyYn": "Y"
            },
            {
                "sentenceNo": 7,
                "sentenceContent": "앞서 CJ E&M에서는 비슷한 사고가 있었다. '더 지니어스' 세번째 시즌에서 지연방송이 됐음에도 미리 공지를 하지 않아 IPTV 쪽에서 먼저 풀려버린 것. 본방송이 나오고 있을 때 이미 유료결제를 한 사람들은 탈락자를 알 수 있었다.",
                "subjectConsistencyYn": "Y"
            },
            {
                "sentenceNo": 8,
                "sentenceContent": "안타까운 촌극. '언프리티 랩스타2'는 최고의 실력을 지닌 여자래퍼들이 컴필레이션 앨범을 만드는 서바이벌 프로그램. 매회 등장하는 대한민국 대표 힙합 프로듀서들이 신곡을 발표하면, 곡 녹음에 참여할 기회를 얻기 위해 출연 래퍼들이 대결을 벌이는 방식으로 진행된다.",
                "subjectConsistencyYn": "Y"
            },
            {
                "sentenceNo": 9,
                "sentenceContent": "`언프리티 랩스타2`의 화제성이 높아지는 가운데, OTT 서비스 티빙이 `언프리티 랩스타2` 스페셜 방송을 독점 공개한다고 밝혔다.",
                "subjectConsistencyYn": "N"
            },
            {
                "sentenceNo": 10,
                "sentenceContent": "티빙에서 독점 공개하는 ‘언프리티 랩스타2:스페셜`은 `시즌1`의 우승자 `치타`와 `김진표`가 출연하여 다양한 비하인드 장면을 공개할 예정이다. ",
                "subjectConsistencyYn": "N"
            },
            {
                "sentenceNo": 11,
                "sentenceContent": "독점 영상은 티빙 유료 가입자라면 누구나 시청 가능하다.",
                "subjectConsistencyYn": "N"
            },
            {
                "sentenceNo": 12,
                "sentenceContent": "단, 스마트TV는 프리미엄/스탠다드 이용권 보유 시 시청할 수 있다.",
                "subjectConsistencyYn": "N"
            }
        ],
        "clickbaitClass": 0
    }
}