{
    "sourceDataInfo": {
        "newsID": "ET_M03_627506",
        "newsCategory": "연예",
        "newsSubcategory": "연예가화제",
        "newsTitle": "강동원·이병헌·김우빈 영화 '마스터'서 한자리에… 역대급 초호화 캐스팅",
        "newsSubTitle": "",
        "newsContent": "강동원·이병헌·김우빈 영화 '마스터'서 한자리에… 역대급 초호화 캐스팅 배우 강동원, 이병헌, 김우빈이 영화 '마스터' 출연을 확정지어 화제다. '마스터' 측은 17일 오전 공식 보도자료를 통해 강동원, 이병헌, 김우빈이 '마스터'에 캐스팅됐다고 밝혔다. '마스터'는 '감시자들'의 연출을 맡았던 조의석 감독이 연출한다.\n건국 이래 최대 규모의 사기 사건을 둘러싸고 이를 쫓는 지능범죄수사대와 희대의 사기범, 그리고 그의 브레인까지, 그들의 속고 속이는 추격을 그린 범죄오락액션 영화다.\n강동원은 극 중 희대의 사기 사건을 쫓는 지능범죄수사대 팀장 ‘김재명’ 역을 맡았다.\n빈 틈 없는 작전으로 수사를 이끄는 지적이고 세련된 카리스마, 거기에 쎈 상대일수록 더욱 강하게 밀어붙이는 저돌성과 과감함을 갖춘 김재명으로 분한 강동원은 생애 첫 형사 캐릭터를 통해 새로운 변신을 선보일 것으로 기대를 모은다.\n이병헌은 극 중 철저한 계획과 화려한 언변, 완벽한 네트워크로 최대 규모의 사기 사건을 벌이는 원네트워크 ‘진회장’ 역을 맡았다.\n최근 '내부자들'에서 보는 이를 압도하는 연기력을 다시금 입증한 이병헌은 특유의 폭발적 에너지와 강렬한 카리스마로 강동원과 팽팽하게 대립하며 극을 이끌 전망이다.\n타고난 머리와 기술로 원네트워크를 키운 장본인이자 진회장의 브레인 ‘박장군’ 실장 역은 김우빈이 맡게 됐다.\n원네트워크를 향한 수사망이 좁혀 오자 경찰과 진회장 사이에서 갈등하는 박장군 역의 김우빈은 서로가 쫓고 쫓기며, 서로를 속고 속이는 스토리의 긴장감과 재미를 한층 배가시킬 것이다.\n한편, '마스터'는 오는 2016년 상반기 크랭크인 예정이다. ‘강동원 이병헌 김우빈’ ‘강동원 이병헌 김우빈’ 온라인 중앙일보 [사진 중앙DB]",
        "partNum": "P2",
        "useType": 0,
        "processType": "D",
        "processPattern": "23",
        "processLevel": "중",
        "sentenceCount": 9,
        "processSentencenum": 3,
        "sentenceInfo": [
            {
                "sentenceNo": 1,
                "sentenceContent": "강동원·이병헌·김우빈 영화 '마스터'서 한자리에… 역대급 초호화 캐스팅 배우 강동원, 이병헌, 김우빈이 영화 '마스터' 출연을 확정지어 화제다. '마스터' 측은 17일 오전 공식 보도자료를 통해 강동원, 이병헌, 김우빈이 '마스터'에 캐스팅됐다고 밝혔다. '마스터'는 '감시자들'의 연출을 맡았던 조의석 감독이 연출한다.",
                "sentenceSize": 179
            },
            {
                "sentenceNo": 2,
                "sentenceContent": "건국 이래 최대 규모의 사기 사건을 둘러싸고 이를 쫓는 지능범죄수사대와 희대의 사기범, 그리고 그의 브레인까지, 그들의 속고 속이는 추격을 그린 범죄오락액션 영화다.",
                "sentenceSize": 92
            },
            {
                "sentenceNo": 3,
                "sentenceContent": "강동원은 극 중 희대의 사기 사건을 쫓는 지능범죄수사대 팀장 ‘김재명’ 역을 맡았다.",
                "sentenceSize": 47
            },
            {
                "sentenceNo": 4,
                "sentenceContent": "빈 틈 없는 작전으로 수사를 이끄는 지적이고 세련된 카리스마, 거기에 쎈 상대일수록 더욱 강하게 밀어붙이는 저돌성과 과감함을 갖춘 김재명으로 분한 강동원은 생애 첫 형사 캐릭터를 통해 새로운 변신을 선보일 것으로 기대를 모은다.",
                "sentenceSize": 127
            },
            {
                "sentenceNo": 5,
                "sentenceContent": "이병헌은 극 중 철저한 계획과 화려한 언변, 완벽한 네트워크로 최대 규모의 사기 사건을 벌이는 원네트워크 ‘진회장’ 역을 맡았다.",
                "sentenceSize": 72
            },
            {
                "sentenceNo": 6,
                "sentenceContent": "최근 '내부자들'에서 보는 이를 압도하는 연기력을 다시금 입증한 이병헌은 특유의 폭발적 에너지와 강렬한 카리스마로 강동원과 팽팽하게 대립하며 극을 이끌 전망이다.",
                "sentenceSize": 90
            },
            {
                "sentenceNo": 7,
                "sentenceContent": "타고난 머리와 기술로 원네트워크를 키운 장본인이자 진회장의 브레인 ‘박장군’ 실장 역은 김우빈이 맡게 됐다.",
                "sentenceSize": 60
            },
            {
                "sentenceNo": 8,
                "sentenceContent": "원네트워크를 향한 수사망이 좁혀 오자 경찰과 진회장 사이에서 갈등하는 박장군 역의 김우빈은 서로가 쫓고 쫓기며, 서로를 속고 속이는 스토리의 긴장감과 재미를 한층 배가시킬 것이다.",
                "sentenceSize": 100
            },
            {
                "sentenceNo": 9,
                "sentenceContent": "한편, '마스터'는 오는 2016년 상반기 크랭크인 예정이다. ‘강동원 이병헌 김우빈’ ‘강동원 이병헌 김우빈’ 온라인 중앙일보 [사진 중앙DB]",
                "sentenceSize": 81
            }
        ]
    },
    "labeledDataInfo": {
        "processSentenceInfo": [
            {
                "sentenceNo": 1,
                "sentenceContent": "강동원·이병헌·김우빈 영화 '마스터'서 한자리에… 역대급 초호화 캐스팅 배우 강동원, 이병헌, 김우빈이 영화 '마스터' 출연을 확정지어 화제다. '마스터' 측은 17일 오전 공식 보도자료를 통해 강동원, 이병헌, 김우빈이 '마스터'에 캐스팅됐다고 밝혔다. '마스터'는 '감시자들'의 연출을 맡았던 조의석 감독이 연출한다.",
                "subjectConsistencyYn": "Y"
            },
            {
                "sentenceNo": 2,
                "sentenceContent": "건국 이래 최대 규모의 사기 사건을 둘러싸고 이를 쫓는 지능범죄수사대와 희대의 사기범, 그리고 그의 브레인까지, 그들의 속고 속이는 추격을 그린 범죄오락액션 영화다.",
                "subjectConsistencyYn": "Y"
            },
            {
                "sentenceNo": 3,
                "sentenceContent": "강동원은 극 중 희대의 사기 사건을 쫓는 지능범죄수사대 팀장 ‘김재명’ 역을 맡았다.",
                "subjectConsistencyYn": "Y"
            },
            {
                "sentenceNo": 4,
                "sentenceContent": "빈 틈 없는 작전으로 수사를 이끄는 지적이고 세련된 카리스마, 거기에 쎈 상대일수록 더욱 강하게 밀어붙이는 저돌성과 과감함을 갖춘 김재명으로 분한 강동원은 생애 첫 형사 캐릭터를 통해 새로운 변신을 선보일 것으로 기대를 모은다.",
                "subjectConsistencyYn": "Y"
            },
            {
                "sentenceNo": 5,
                "sentenceContent": "이병헌은 극 중 철저한 계획과 화려한 언변, 완벽한 네트워크로 최대 규모의 사기 사건을 벌이는 원네트워크 ‘진회장’ 역을 맡았다.",
                "subjectConsistencyYn": "Y"
            },
            {
                "sentenceNo": 6,
                "sentenceContent": "최근 '내부자들'에서 보는 이를 압도하는 연기력을 다시금 입증한 이병헌은 특유의 폭발적 에너지와 강렬한 카리스마로 강동원과 팽팽하게 대립하며 극을 이끌 전망이다.",
                "subjectConsistencyYn": "Y"
            },
            {
                "sentenceNo": 7,
                "sentenceContent": "타고난 머리와 기술로 원네트워크를 키운 장본인이자 진회장의 브레인 ‘박장군’ 실장 역은 김우빈이 맡게 됐다.",
                "subjectConsistencyYn": "Y"
            },
            {
                "sentenceNo": 8,
                "sentenceContent": "원네트워크를 향한 수사망이 좁혀 오자 경찰과 진회장 사이에서 갈등하는 박장군 역의 김우빈은 서로가 쫓고 쫓기며, 서로를 속고 속이는 스토리의 긴장감과 재미를 한층 배가시킬 것이다.",
                "subjectConsistencyYn": "Y"
            },
            {
                "sentenceNo": 9,
                "sentenceContent": "한편, '마스터'는 오는 2016년 상반기 크랭크인 예정이다. ‘강동원 이병헌 김우빈’ ‘강동원 이병헌 김우빈’ 온라인 중앙일보 [사진 중앙DB]",
                "subjectConsistencyYn": "Y"
            },
            {
                "sentenceNo": 10,
                "sentenceContent": "또한, 영화 ‘마스터’가 5일 서울 잠실 학생체육관에서 레드카펫 쇼케이스를 개최한다.",
                "subjectConsistencyYn": "N"
            },
            {
                "sentenceNo": 11,
                "sentenceContent": "‘마스터’ 레드카펫 쇼케이스는 이병헌부터 강동원, 김우빈, 엄지원, 진경까지 대한민국 최고의 배우들이 한자리에 모여 영화를 기다리는 예비 관객들과 함께 뜻깊은 시간을 보낼 것으로 기대된다.",
                "subjectConsistencyYn": "N"
            },
            {
                "sentenceNo": 12,
                "sentenceContent": "오늘(24일) 오후 8시 예스24를 통해 레드카펫 쇼케이스의 관중석 예매가 오픈된다.",
                "subjectConsistencyYn": "N"
            }
        ],
        "clickbaitClass": 0
    }
}