{
    "sourceDataInfo": {
        "newsID": "ET_M03_627561",
        "newsCategory": "연예",
        "newsSubcategory": "연예가화제",
        "newsTitle": "‘마리텔’ 박명수·정두홍·솔지 출연, 더 강력해진 출연자와 ‘더 강력한 야외 콘텐츠’",
        "newsSubTitle": "",
        "newsContent": "‘마리텔’ 박명수·정두홍·솔지 출연, 더 강력해진 출연자와 ‘더 강력한 야외 콘텐츠’ '마이 리틀 텔레비전'에 새로운 인물이 찾아온다.\n박명수와 정두홍이다.\n11일 MBC에 따르면 '마이 리틀 텔레비전'에 김구라, 박명수, 정두홍, 오세득, 솔지가 출연한다 박명수는 ‘마리텔’에서 이른바 ‘디제잉 콘텐츠’를 선보일 예정이다.\n또다른 새 출연자인 정두홍은 우리나라 최고의 무술감독이다.\n정두홍은 ‘마리텔’에서 액션의 기초부터 실제 영화를 방불케 하는 초대형 액션까지, 다양한 액션을 보여줄 것으로 기대된다.\n대한민국에서 가장 핫한 셰프 최현석도 출연한다.\n최현석은 오세득을 지원 사격해 함께 촬영할 예정이다.\n그리고 EXID 솔지가 재출연할 예정이다.\n솔지는 앞서 두 번의 녹화 모두 상위권에 들었던 경험이 있다.\n이번에는 어떤 콘텐츠로 시청자들을 끌어 모을지 관심이 집중되고 있다.\n새로운 출연자들이 대거 참여하는 ‘마리텔’은 지난 여름 제부도 녹화에 이은 야외 특집 제2탄을 진행한다.\n출연자들도 장소에 맞는 더 강력한 야외 콘텐츠를 선보일 예정이다.\n김구라, 박명수, 정두홍, 오세득, 솔지의 1인 방송은 11일 오후에 다음 팟 생방송에서 만날 수 있다.\n본 방송은 오는 17일부터 '마이 리틀 텔레비전'에서 방송될 예정이다. ‘박명수 정두홍’ ‘박명수 정두홍’ 온라인 중앙일보 [사진 중앙DB]",
        "partNum": "P2",
        "useType": 0,
        "processType": "D",
        "processPattern": "23",
        "processLevel": "중",
        "sentenceCount": 14,
        "processSentencenum": 2,
        "sentenceInfo": [
            {
                "sentenceNo": 1,
                "sentenceContent": "‘마리텔’ 박명수·정두홍·솔지 출연, 더 강력해진 출연자와 ‘더 강력한 야외 콘텐츠’ '마이 리틀 텔레비전'에 새로운 인물이 찾아온다.",
                "sentenceSize": 75
            },
            {
                "sentenceNo": 2,
                "sentenceContent": "박명수와 정두홍이다.",
                "sentenceSize": 11
            },
            {
                "sentenceNo": 3,
                "sentenceContent": "11일 MBC에 따르면 '마이 리틀 텔레비전'에 김구라, 박명수, 정두홍, 오세득, 솔지가 출연한다 박명수는 ‘마리텔’에서 이른바 ‘디제잉 콘텐츠’를 선보일 예정이다.",
                "sentenceSize": 93
            },
            {
                "sentenceNo": 4,
                "sentenceContent": "또다른 새 출연자인 정두홍은 우리나라 최고의 무술감독이다.",
                "sentenceSize": 32
            },
            {
                "sentenceNo": 5,
                "sentenceContent": "정두홍은 ‘마리텔’에서 액션의 기초부터 실제 영화를 방불케 하는 초대형 액션까지, 다양한 액션을 보여줄 것으로 기대된다.",
                "sentenceSize": 67
            },
            {
                "sentenceNo": 6,
                "sentenceContent": "대한민국에서 가장 핫한 셰프 최현석도 출연한다.",
                "sentenceSize": 26
            },
            {
                "sentenceNo": 7,
                "sentenceContent": "최현석은 오세득을 지원 사격해 함께 촬영할 예정이다.",
                "sentenceSize": 29
            },
            {
                "sentenceNo": 8,
                "sentenceContent": "그리고 EXID 솔지가 재출연할 예정이다.",
                "sentenceSize": 23
            },
            {
                "sentenceNo": 9,
                "sentenceContent": "솔지는 앞서 두 번의 녹화 모두 상위권에 들었던 경험이 있다.",
                "sentenceSize": 34
            },
            {
                "sentenceNo": 10,
                "sentenceContent": "이번에는 어떤 콘텐츠로 시청자들을 끌어 모을지 관심이 집중되고 있다.",
                "sentenceSize": 38
            },
            {
                "sentenceNo": 11,
                "sentenceContent": "새로운 출연자들이 대거 참여하는 ‘마리텔’은 지난 여름 제부도 녹화에 이은 야외 특집 제2탄을 진행한다.",
                "sentenceSize": 58
            },
            {
                "sentenceNo": 12,
                "sentenceContent": "출연자들도 장소에 맞는 더 강력한 야외 콘텐츠를 선보일 예정이다.",
                "sentenceSize": 36
            },
            {
                "sentenceNo": 13,
                "sentenceContent": "김구라, 박명수, 정두홍, 오세득, 솔지의 1인 방송은 11일 오후에 다음 팟 생방송에서 만날 수 있다.",
                "sentenceSize": 58
            },
            {
                "sentenceNo": 14,
                "sentenceContent": "본 방송은 오는 17일부터 '마이 리틀 텔레비전'에서 방송될 예정이다. ‘박명수 정두홍’ ‘박명수 정두홍’ 온라인 중앙일보 [사진 중앙DB]",
                "sentenceSize": 78
            }
        ]
    },
    "labeledDataInfo": {
        "processSentenceInfo": [
            {
                "sentenceNo": 1,
                "sentenceContent": "‘마리텔’ 박명수·정두홍·솔지 출연, 더 강력해진 출연자와 ‘더 강력한 야외 콘텐츠’ '마이 리틀 텔레비전'에 새로운 인물이 찾아온다.",
                "subjectConsistencyYn": "Y"
            },
            {
                "sentenceNo": 2,
                "sentenceContent": "박명수와 정두홍이다.",
                "subjectConsistencyYn": "Y"
            },
            {
                "sentenceNo": 3,
                "sentenceContent": "11일 MBC에 따르면 '마이 리틀 텔레비전'에 김구라, 박명수, 정두홍, 오세득, 솔지가 출연한다 박명수는 ‘마리텔’에서 이른바 ‘디제잉 콘텐츠’를 선보일 예정이다.",
                "subjectConsistencyYn": "Y"
            },
            {
                "sentenceNo": 4,
                "sentenceContent": "또다른 새 출연자인 정두홍은 우리나라 최고의 무술감독이다.",
                "subjectConsistencyYn": "Y"
            },
            {
                "sentenceNo": 5,
                "sentenceContent": "정두홍은 ‘마리텔’에서 액션의 기초부터 실제 영화를 방불케 하는 초대형 액션까지, 다양한 액션을 보여줄 것으로 기대된다.",
                "subjectConsistencyYn": "Y"
            },
            {
                "sentenceNo": 6,
                "sentenceContent": "대한민국에서 가장 핫한 셰프 최현석도 출연한다.",
                "subjectConsistencyYn": "Y"
            },
            {
                "sentenceNo": 7,
                "sentenceContent": "최현석은 오세득을 지원 사격해 함께 촬영할 예정이다.",
                "subjectConsistencyYn": "Y"
            },
            {
                "sentenceNo": 8,
                "sentenceContent": "그리고 EXID 솔지가 재출연할 예정이다.",
                "subjectConsistencyYn": "Y"
            },
            {
                "sentenceNo": 9,
                "sentenceContent": "솔지는 앞서 두 번의 녹화 모두 상위권에 들었던 경험이 있다.",
                "subjectConsistencyYn": "Y"
            },
            {
                "sentenceNo": 10,
                "sentenceContent": "이번에는 어떤 콘텐츠로 시청자들을 끌어 모을지 관심이 집중되고 있다.",
                "subjectConsistencyYn": "Y"
            },
            {
                "sentenceNo": 11,
                "sentenceContent": "새로운 출연자들이 대거 참여하는 ‘마리텔’은 지난 여름 제부도 녹화에 이은 야외 특집 제2탄을 진행한다.",
                "subjectConsistencyYn": "Y"
            },
            {
                "sentenceNo": 12,
                "sentenceContent": "출연자들도 장소에 맞는 더 강력한 야외 콘텐츠를 선보일 예정이다.",
                "subjectConsistencyYn": "Y"
            },
            {
                "sentenceNo": 13,
                "sentenceContent": "김구라, 박명수, 정두홍, 오세득, 솔지의 1인 방송은 11일 오후에 다음 팟 생방송에서 만날 수 있다.",
                "subjectConsistencyYn": "Y"
            },
            {
                "sentenceNo": 14,
                "sentenceContent": "본 방송은 오는 17일부터 '마이 리틀 텔레비전'에서 방송될 예정이다. ‘박명수 정두홍’ ‘박명수 정두홍’ 온라인 중앙일보 [사진 중앙DB]",
                "subjectConsistencyYn": "Y"
            },
            {
                "sentenceNo": 15,
                "sentenceContent": " 박명수가 ‘마리텔’에서 이른바 ‘디제잉 콘텐츠’를 선보이는 장면이 나오자 사람들이 디제잉에 대한 관심이 높아지게되면서 DJ의 축제 '레드불 쓰리스타일'이 이목을 끌고 있다.",
                "subjectConsistencyYn": "N"
            },
            {
                "sentenceNo": 16,
                "sentenceContent": "스페셜 게스트 라인업에는 전설의 DJ 크루 인비지블 스크래치 피클즈(Invisibl Skratch Piklz)의 과거와 현재 멤버들이 포함되어 있고 에이트랙(A-Trak), 큐버트(Qbert), 디스타일스(D-Styles), 숏컷(Shortkut), 아폴로(Apollo), 그리고 믹스마스터마이크(Mix Master Mike)까지 다시 뭉쳤다고 하니 자세한 정보가 궁금하시다면 레드불 쓰리스타일 이벤트 페이지에서 확인할 수 있다.",
                "subjectConsistencyYn": "N"
            }
        ],
        "clickbaitClass": 0
    }
}