{
    "sourceDataInfo": {
        "newsID": "ET_M03_627436",
        "newsCategory": "연예",
        "newsSubcategory": "연예가화제",
        "newsTitle": "\\\"이제 네 삶을 찾아라\\\" 척사광 한예리, 공양왕 죽음에 오열",
        "newsSubTitle": "",
        "newsContent": "'육룡이 나르샤'의 척사광 한예리가 공양왕 이도엽의 죽음에 오열했다.\n지난 23일 방송된 SBS 월화 드라마 '육룡이 나르샤'에서는 공양왕(이도엽 분)이 자신의 죽음을 예감하고 척사광(한예리 분)을 떠나보내기로 마음먹는 모습이 그려졌다.\n이날 방송에서 공양왕은 자신을 사랑하는 척사광을 살리기 위해 심부름을 보냈다.\n공양왕은 척사광이 자신을 위해 싸우다가 죽음을 맞이할 것을 예상했던 것. 공양왕은 편지를 통해 척사광에게 \\\"마지막 왕의 마지막이 도망이면 안 되지 않느냐. 너는 내가 말한 곳에 가서 몸을 위탁해라. 나쁜 마음으로 목숨을 끊는 일 따위 절대 하지 말아야한다. 이제 네 삶을 찾도록 해라\\\"라고 진심을 전했다.\n뒤늦게야 이 편지를 본 척사광은 급히 돌아왔으나 공양왕은 이미 죽음을 맞이한 뒤였고 척사광은 슬픔에 눈물을 흘렸다.\n온라인 중앙일보 '척사광 한예리' [사진=SBS 방송화면 캡쳐]",
        "partNum": "P2",
        "useType": 0,
        "processType": "D",
        "processPattern": "23",
        "processLevel": "중",
        "sentenceCount": 6,
        "processSentencenum": 3,
        "sentenceInfo": [
            {
                "sentenceNo": 1,
                "sentenceContent": "'육룡이 나르샤'의 척사광 한예리가 공양왕 이도엽의 죽음에 오열했다.",
                "sentenceSize": 38
            },
            {
                "sentenceNo": 2,
                "sentenceContent": "지난 23일 방송된 SBS 월화 드라마 '육룡이 나르샤'에서는 공양왕(이도엽 분)이 자신의 죽음을 예감하고 척사광(한예리 분)을 떠나보내기로 마음먹는 모습이 그려졌다.",
                "sentenceSize": 93
            },
            {
                "sentenceNo": 3,
                "sentenceContent": "이날 방송에서 공양왕은 자신을 사랑하는 척사광을 살리기 위해 심부름을 보냈다.",
                "sentenceSize": 43
            },
            {
                "sentenceNo": 4,
                "sentenceContent": "공양왕은 척사광이 자신을 위해 싸우다가 죽음을 맞이할 것을 예상했던 것. 공양왕은 편지를 통해 척사광에게 \\\"마지막 왕의 마지막이 도망이면 안 되지 않느냐. 너는 내가 말한 곳에 가서 몸을 위탁해라. 나쁜 마음으로 목숨을 끊는 일 따위 절대 하지 말아야한다. 이제 네 삶을 찾도록 해라\\\"라고 진심을 전했다.",
                "sentenceSize": 172
            },
            {
                "sentenceNo": 5,
                "sentenceContent": "뒤늦게야 이 편지를 본 척사광은 급히 돌아왔으나 공양왕은 이미 죽음을 맞이한 뒤였고 척사광은 슬픔에 눈물을 흘렸다.",
                "sentenceSize": 64
            },
            {
                "sentenceNo": 6,
                "sentenceContent": "온라인 중앙일보 '척사광 한예리' [사진=SBS 방송화면 캡쳐]",
                "sentenceSize": 35
            }
        ]
    },
    "labeledDataInfo": {
        "processSentenceInfo": [
            {
                "sentenceNo": 1,
                "sentenceContent": "'육룡이 나르샤'의 척사광 한예리가 공양왕 이도엽의 죽음에 오열했다.",
                "subjectConsistencyYn": "Y"
            },
            {
                "sentenceNo": 2,
                "sentenceContent": "지난 23일 방송된 SBS 월화 드라마 '육룡이 나르샤'에서는 공양왕(이도엽 분)이 자신의 죽음을 예감하고 척사광(한예리 분)을 떠나보내기로 마음먹는 모습이 그려졌다.",
                "subjectConsistencyYn": "Y"
            },
            {
                "sentenceNo": 3,
                "sentenceContent": "이날 방송에서 공양왕은 자신을 사랑하는 척사광을 살리기 위해 심부름을 보냈다.",
                "subjectConsistencyYn": "Y"
            },
            {
                "sentenceNo": 4,
                "sentenceContent": "공양왕은 척사광이 자신을 위해 싸우다가 죽음을 맞이할 것을 예상했던 것. 공양왕은 편지를 통해 척사광에게 \\\"마지막 왕의 마지막이 도망이면 안 되지 않느냐. 너는 내가 말한 곳에 가서 몸을 위탁해라. 나쁜 마음으로 목숨을 끊는 일 따위 절대 하지 말아야한다. 이제 네 삶을 찾도록 해라\\\"라고 진심을 전했다.",
                "subjectConsistencyYn": "Y"
            },
            {
                "sentenceNo": 5,
                "sentenceContent": "뒤늦게야 이 편지를 본 척사광은 급히 돌아왔으나 공양왕은 이미 죽음을 맞이한 뒤였고 척사광은 슬픔에 눈물을 흘렸다.",
                "subjectConsistencyYn": "Y"
            },
            {
                "sentenceNo": 6,
                "sentenceContent": "온라인 중앙일보 '척사광 한예리' [사진=SBS 방송화면 캡쳐]",
                "subjectConsistencyYn": "Y"
            },
            {
                "sentenceNo": 7,
                "sentenceContent": "한편, '육룡이 나르샤'에서 감동적인 연기를 보여준 한예리가 온라인 스트리밍 서비스 왓챠에서 진행하는 '헐왓챠파티' 캠페인에 코멘터리를 한다고 밝혔다.",
                "subjectConsistencyYn": "N"
            },
            {
                "sentenceNo": 8,
                "sentenceContent": "왓챠에 따르면 이번 캠페인은 왓챠의 다중 동시감상 기능 왓챠파티를 통해 콘텐츠를 감상하면서 동시에 다양한 아티스트들의 실시간 음성 코멘터리(해설 및 설명)를 듣는 캠페인이다.",
                "subjectConsistencyYn": "N"
            },
            {
                "sentenceNo": 9,
                "sentenceContent": "왓챠 이용자라면 누구나 게스트로 참여 가능하고, 원하는 파티 시간에 왓챠에 접속하여 즐길 수 있다.",
                "subjectConsistencyYn": "N"
            }
        ],
        "clickbaitClass": 0
    }
}