{
    "sourceDataInfo": {
        "newsID": "ET_M03_627625",
        "newsCategory": "연예",
        "newsSubcategory": "연예가화제",
        "newsTitle": "‘냉장고를 부탁해’ 이선균, 아내 전혜진과 통화…\\\"의심하지 말라. 나도 천상 여자\\\"",
        "newsSubTitle": "",
        "newsContent": "‘냉장고를 부탁해’ 이선균, 아내 전혜진과 통화…\\\"의심하지 말라. 나도 천상 여자\\\" 28일 오후 방송된 종합편성채널 JTBC ‘냉장고를 부탁해’에서는 8인의 셰프 군단이 이선균, 임원희를 위해 15분 요리 대결을 펼치는 모습이 그려졌다.\n이날 방송에서 이선균은 “전혜진이 션이 출연한 ‘냉장고를 부탁해’를 보고 급하게 마트에 다녀왔다”고 폭로했다.\nMC들은 마트의 흔적이 보이는 이선균의 냉장고를 확인이 끝나고 “아내 전혜진 씨와 통화가 가능하냐”고 물었다.\n이선균은 전혜진과 통화를 시도했고, MC들은 전혜진과 전화 통화를 할 수 있었다.\n정형돈은 전혜진에게 “원래부터 키친타월을 깐 채 채소를 보관했냐”고 물었고, 전혜진은 “예전에 샘킴에게 배운 것”이라고 말했다.\n전혜진은 MC들이 의심하자 “의심하지 말라. 나도 천상 여자다”라고 말해 웃음을 자아냈다.\n계속된 정형돈의 추궁에 전혜진은 “거기엔 뛰어난 셰프들이 많으니 먹고 싶은 걸 맘껏 먹으라고 식재료들을 채워놨다”는 말을 해 모두를 감동시켰다.\nMC들과의 대화가 끝나고 이선균이 전화를 받자 전혜진은 “빨리 끊으라”며 쌀쌀맞은 태도를 보여 웃음을 더했다. ‘전혜진 이선균’ ‘전혜진 이선균’ 온라인 중앙일보 [사진 JTBC ‘냉장고를 부탁해’ 캡처]",
        "partNum": "P2",
        "useType": 0,
        "processType": "D",
        "processPattern": "23",
        "processLevel": "중",
        "sentenceCount": 8,
        "processSentencenum": 2,
        "sentenceInfo": [
            {
                "sentenceNo": 1,
                "sentenceContent": "‘냉장고를 부탁해’ 이선균, 아내 전혜진과 통화…\\\"의심하지 말라. 나도 천상 여자\\\" 28일 오후 방송된 종합편성채널 JTBC ‘냉장고를 부탁해’에서는 8인의 셰프 군단이 이선균, 임원희를 위해 15분 요리 대결을 펼치는 모습이 그려졌다.",
                "sentenceSize": 134
            },
            {
                "sentenceNo": 2,
                "sentenceContent": "이날 방송에서 이선균은 “전혜진이 션이 출연한 ‘냉장고를 부탁해’를 보고 급하게 마트에 다녀왔다”고 폭로했다.",
                "sentenceSize": 61
            },
            {
                "sentenceNo": 3,
                "sentenceContent": "MC들은 마트의 흔적이 보이는 이선균의 냉장고를 확인이 끝나고 “아내 전혜진 씨와 통화가 가능하냐”고 물었다.",
                "sentenceSize": 61
            },
            {
                "sentenceNo": 4,
                "sentenceContent": "이선균은 전혜진과 통화를 시도했고, MC들은 전혜진과 전화 통화를 할 수 있었다.",
                "sentenceSize": 45
            },
            {
                "sentenceNo": 5,
                "sentenceContent": "정형돈은 전혜진에게 “원래부터 키친타월을 깐 채 채소를 보관했냐”고 물었고, 전혜진은 “예전에 샘킴에게 배운 것”이라고 말했다.",
                "sentenceSize": 71
            },
            {
                "sentenceNo": 6,
                "sentenceContent": "전혜진은 MC들이 의심하자 “의심하지 말라. 나도 천상 여자다”라고 말해 웃음을 자아냈다.",
                "sentenceSize": 50
            },
            {
                "sentenceNo": 7,
                "sentenceContent": "계속된 정형돈의 추궁에 전혜진은 “거기엔 뛰어난 셰프들이 많으니 먹고 싶은 걸 맘껏 먹으라고 식재료들을 채워놨다”는 말을 해 모두를 감동시켰다.",
                "sentenceSize": 80
            },
            {
                "sentenceNo": 8,
                "sentenceContent": "MC들과의 대화가 끝나고 이선균이 전화를 받자 전혜진은 “빨리 끊으라”며 쌀쌀맞은 태도를 보여 웃음을 더했다. ‘전혜진 이선균’ ‘전혜진 이선균’ 온라인 중앙일보 [사진 JTBC ‘냉장고를 부탁해’ 캡처]",
                "sentenceSize": 114
            }
        ]
    },
    "labeledDataInfo": {
        "processSentenceInfo": [
            {
                "sentenceNo": 1,
                "sentenceContent": "‘냉장고를 부탁해’ 이선균, 아내 전혜진과 통화…\\\"의심하지 말라. 나도 천상 여자\\\" 28일 오후 방송된 종합편성채널 JTBC ‘냉장고를 부탁해’에서는 8인의 셰프 군단이 이선균, 임원희를 위해 15분 요리 대결을 펼치는 모습이 그려졌다.",
                "subjectConsistencyYn": "Y"
            },
            {
                "sentenceNo": 2,
                "sentenceContent": "이날 방송에서 이선균은 “전혜진이 션이 출연한 ‘냉장고를 부탁해’를 보고 급하게 마트에 다녀왔다”고 폭로했다.",
                "subjectConsistencyYn": "Y"
            },
            {
                "sentenceNo": 3,
                "sentenceContent": "MC들은 마트의 흔적이 보이는 이선균의 냉장고를 확인이 끝나고 “아내 전혜진 씨와 통화가 가능하냐”고 물었다.",
                "subjectConsistencyYn": "Y"
            },
            {
                "sentenceNo": 4,
                "sentenceContent": "이선균은 전혜진과 통화를 시도했고, MC들은 전혜진과 전화 통화를 할 수 있었다.",
                "subjectConsistencyYn": "Y"
            },
            {
                "sentenceNo": 5,
                "sentenceContent": "정형돈은 전혜진에게 “원래부터 키친타월을 깐 채 채소를 보관했냐”고 물었고, 전혜진은 “예전에 샘킴에게 배운 것”이라고 말했다.",
                "subjectConsistencyYn": "Y"
            },
            {
                "sentenceNo": 6,
                "sentenceContent": "전혜진은 MC들이 의심하자 “의심하지 말라. 나도 천상 여자다”라고 말해 웃음을 자아냈다.",
                "subjectConsistencyYn": "Y"
            },
            {
                "sentenceNo": 7,
                "sentenceContent": "계속된 정형돈의 추궁에 전혜진은 “거기엔 뛰어난 셰프들이 많으니 먹고 싶은 걸 맘껏 먹으라고 식재료들을 채워놨다”는 말을 해 모두를 감동시켰다.",
                "subjectConsistencyYn": "Y"
            },
            {
                "sentenceNo": 8,
                "sentenceContent": "MC들과의 대화가 끝나고 이선균이 전화를 받자 전혜진은 “빨리 끊으라”며 쌀쌀맞은 태도를 보여 웃음을 더했다. ‘전혜진 이선균’ ‘전혜진 이선균’ 온라인 중앙일보 [사진 JTBC ‘냉장고를 부탁해’ 캡처]",
                "subjectConsistencyYn": "Y"
            },
            {
                "sentenceNo": 9,
                "sentenceContent": "한편, 이선균의 냉장고를 담당했던 '냉장고를 부탁해'의 이재훈 셰프는 메디컬 코스매틱 브랜드 닥터글로덤과 함께 '닥터글로덤 스파 퀴진 서비스'를 실시한다고 방송에서 밝혀 주목받았다. ",
                "subjectConsistencyYn": "N"
            },
            {
                "sentenceNo": 10,
                "sentenceContent": "'닥터글로덤 스파 퀴진 서비스'는 이재훈 셰프와 함께 시즌별로 피부 건강에 좋은 다양한 스파 퀴진들을 선보이고, 54명의 국내 유명 피부과 전문의들의 임상 경험을 토대로 개발한 자사의 스킨케어 제품을 함께 제공함으로써 건강한 피부 관리의 기초가 되는 건강한 식생활 관리를 동시에 실현할 수 있는 서비스이다. ",
                "subjectConsistencyYn": "N"
            }
        ],
        "clickbaitClass": 0
    }
}