{
    "sourceDataInfo": {
        "newsID": "ET_M03_627404",
        "newsCategory": "연예",
        "newsSubcategory": "연예가화제",
        "newsTitle": "‘님과 함께2’ 선우선 ‘에어로빅부터 태권도까지?’ 반전 매력 폭발",
        "newsSubTitle": "",
        "newsContent": "배우 선우선이 전직 에어로빅 강사였던 사실을 공개하며 에어로빅 실력을 선보였다.\n지난 16일 방송된 JTBC ‘님과 함께 시즌2-최고의 사랑’에서는 윤정수, 김숙 커플이 김숙의 친구인 선우선, 홍석천을 만나는 모습이 방송됐다.\n이날 선우선은 윤정수, 김숙과 공방에 방문해 가죽 카드지갑을 만들어 선물하는 등 매력을 선보였다.\n또 에어로빅과 태권도 실력을 선보여 눈길을 끌었다.\n선우선은 3단 푸시업을 정확하게 선보였고, 내친 김에 “태권도 공인 4단”이라며 발차기 실력을 자랑해 반전 매력을 선사했다.\n이날 김숙은 선우선과의 인연에 대해 “최강희 덕분에 선우선과 친분을 맺게 됐다”고 언급했다.\n이어 김숙이 “윤정수는 고양이상의 여자가 이상형”이라고 말하자, 선우선은 김숙을 향해 “원래는 네 얼굴이 개상이었는데, 요즘에 고양이상이 됐다. 정말 예뻐졌다”고 말했다.\n한편, 16일 방송된 JTBC ‘님과 함께2’는 시청률 4.6%(전국기준,닐슨코리아 제공)를 기록했다.\n온라인 중앙일보 [사진 JTBC 화면 캡쳐]",
        "partNum": "P2",
        "useType": 0,
        "processType": "D",
        "processPattern": "23",
        "processLevel": "중",
        "sentenceCount": 9,
        "processSentencenum": 3,
        "sentenceInfo": [
            {
                "sentenceNo": 1,
                "sentenceContent": "배우 선우선이 전직 에어로빅 강사였던 사실을 공개하며 에어로빅 실력을 선보였다.",
                "sentenceSize": 44
            },
            {
                "sentenceNo": 2,
                "sentenceContent": "지난 16일 방송된 JTBC ‘님과 함께 시즌2-최고의 사랑’에서는 윤정수, 김숙 커플이 김숙의 친구인 선우선, 홍석천을 만나는 모습이 방송됐다.",
                "sentenceSize": 81
            },
            {
                "sentenceNo": 3,
                "sentenceContent": "이날 선우선은 윤정수, 김숙과 공방에 방문해 가죽 카드지갑을 만들어 선물하는 등 매력을 선보였다.",
                "sentenceSize": 54
            },
            {
                "sentenceNo": 4,
                "sentenceContent": "또 에어로빅과 태권도 실력을 선보여 눈길을 끌었다.",
                "sentenceSize": 28
            },
            {
                "sentenceNo": 5,
                "sentenceContent": "선우선은 3단 푸시업을 정확하게 선보였고, 내친 김에 “태권도 공인 4단”이라며 발차기 실력을 자랑해 반전 매력을 선사했다.",
                "sentenceSize": 69
            },
            {
                "sentenceNo": 6,
                "sentenceContent": "이날 김숙은 선우선과의 인연에 대해 “최강희 덕분에 선우선과 친분을 맺게 됐다”고 언급했다.",
                "sentenceSize": 51
            },
            {
                "sentenceNo": 7,
                "sentenceContent": "이어 김숙이 “윤정수는 고양이상의 여자가 이상형”이라고 말하자, 선우선은 김숙을 향해 “원래는 네 얼굴이 개상이었는데, 요즘에 고양이상이 됐다. 정말 예뻐졌다”고 말했다.",
                "sentenceSize": 95
            },
            {
                "sentenceNo": 8,
                "sentenceContent": "한편, 16일 방송된 JTBC ‘님과 함께2’는 시청률 4.6%(전국기준,닐슨코리아 제공)를 기록했다.",
                "sentenceSize": 57
            },
            {
                "sentenceNo": 9,
                "sentenceContent": "온라인 중앙일보 [사진 JTBC 화면 캡쳐]",
                "sentenceSize": 24
            }
        ]
    },
    "labeledDataInfo": {
        "processSentenceInfo": [
            {
                "sentenceNo": 1,
                "sentenceContent": "배우 선우선이 전직 에어로빅 강사였던 사실을 공개하며 에어로빅 실력을 선보였다.",
                "subjectConsistencyYn": "Y"
            },
            {
                "sentenceNo": 2,
                "sentenceContent": "지난 16일 방송된 JTBC ‘님과 함께 시즌2-최고의 사랑’에서는 윤정수, 김숙 커플이 김숙의 친구인 선우선, 홍석천을 만나는 모습이 방송됐다.",
                "subjectConsistencyYn": "Y"
            },
            {
                "sentenceNo": 3,
                "sentenceContent": "이날 선우선은 윤정수, 김숙과 공방에 방문해 가죽 카드지갑을 만들어 선물하는 등 매력을 선보였다.",
                "subjectConsistencyYn": "Y"
            },
            {
                "sentenceNo": 4,
                "sentenceContent": "또 에어로빅과 태권도 실력을 선보여 눈길을 끌었다.",
                "subjectConsistencyYn": "Y"
            },
            {
                "sentenceNo": 5,
                "sentenceContent": "선우선은 3단 푸시업을 정확하게 선보였고, 내친 김에 “태권도 공인 4단”이라며 발차기 실력을 자랑해 반전 매력을 선사했다.",
                "subjectConsistencyYn": "Y"
            },
            {
                "sentenceNo": 6,
                "sentenceContent": "이날 김숙은 선우선과의 인연에 대해 “최강희 덕분에 선우선과 친분을 맺게 됐다”고 언급했다.",
                "subjectConsistencyYn": "Y"
            },
            {
                "sentenceNo": 7,
                "sentenceContent": "이어 김숙이 “윤정수는 고양이상의 여자가 이상형”이라고 말하자, 선우선은 김숙을 향해 “원래는 네 얼굴이 개상이었는데, 요즘에 고양이상이 됐다. 정말 예뻐졌다”고 말했다.",
                "subjectConsistencyYn": "Y"
            },
            {
                "sentenceNo": 8,
                "sentenceContent": "한편, 16일 방송된 JTBC ‘님과 함께2’는 시청률 4.6%(전국기준,닐슨코리아 제공)를 기록했다.",
                "subjectConsistencyYn": "Y"
            },
            {
                "sentenceNo": 9,
                "sentenceContent": "온라인 중앙일보 [사진 JTBC 화면 캡쳐]",
                "subjectConsistencyYn": "Y"
            },
            {
                "sentenceNo": 10,
                "sentenceContent": "한편, 배우 선우선은 에어로빅 강사로 활동했던 경험을 살려서 온라인 에어로빅 교실을 운영한다고 소개했다.",
                "subjectConsistencyYn": "N"
            },
            {
                "sentenceNo": 11,
                "sentenceContent": "선우선은 코로나19의 장기화로 각종 야외활동과 집단운동이 제한돼 에어로빅을 할 수 있는 장소가 없음을 안타깝게 생각해서 산남지역주민의 건강관리를 위해 봉사하기로 했다고 설명했다.",
                "subjectConsistencyYn": "N"
            },
            {
                "sentenceNo": 12,
                "sentenceContent": "'1기 온라인 에어로빅 교실'은 2월에 시작해 3개월간 진행되고, 매주 월, 수요일 저녁 8시에서 9시까지 진행되며, 주민 참여도를 높이기 위해 야간에 주로 수업을 진행할 예정이다.",
                "subjectConsistencyYn": "N"
            }
        ],
        "clickbaitClass": 0
    }
}