{
    "sourceDataInfo": {
        "newsID": "ET_M03_627615",
        "newsCategory": "연예",
        "newsSubcategory": "연예가화제",
        "newsTitle": "지누션·에픽하이, 아이콘 데뷔 콘서트 '쇼타임'에 게스트로 출연… '힙합파티'",
        "newsSubTitle": "",
        "newsContent": "지누션·에픽하이, 아이콘 데뷔 콘서트 '쇼타임'에 게스트로 출연… '힙합파티' 힙합그룹 지누션과 에픽하이가 YG 신인그룹 아이콘의 데뷔 콘서트 '쇼타임(SHOWTIME)'의 특별 게스트로 나서 지원사격 할 예정이다.\n아이콘은 지난달 15일 선공개곡 '취향저격'을 히트시킨 데 이어 1일 데뷔하프앨범 '웰컴 백(WELCOME BACK)'을 발표했다.\n발표한 이번 앨범은 국내 주요 음원차트 1위, 아이튠즈 앨범차트 11개국 1위를 차지하며 큰 인기를 얻고 있다.\n아이콘은 오는 3일 서울 올림픽공원 체조경기장에서 데뷔 콘서트를 통해 팬들과 만난다.\n아이콘의 데뷔 콘서트에 소속사 선배인 지누션과 에픽하이가 게스트로 참여한다.\n에픽하이와 지누션은 아이콘의 데뷔 전부터 각별한 인연을 이어왔다.\n아이콘의 비아이와 바비는 에픽하이가 지난해 10월 발표한 정규 8집 앨범 수록곡 '본 헤이터(Born Hater)'의 피처링과 뮤직비디오에 참여했다.\n또 지난 7월 31일부터 8월 9일까지 진행된 에픽하이 소극장 콘서트 '현재상영중'에 깜짝 게스트로 등장해 YG 패밀리의 우정을 과시했다.\n또 두 사람은 '쇼미더머니4' 심사위원 특별 무대에 올라 에픽하이와 지누션이 이끈 YG팀을 지원 사격해 화제를 모은 바 있다. ‘아이콘’ ‘아이콘’ 온라인 중앙일보 [사진 YG 엔터테인먼트 제공]",
        "partNum": "P2",
        "useType": 0,
        "processType": "D",
        "processPattern": "23",
        "processLevel": "중",
        "sentenceCount": 9,
        "processSentencenum": 2,
        "sentenceInfo": [
            {
                "sentenceNo": 1,
                "sentenceContent": "지누션·에픽하이, 아이콘 데뷔 콘서트 '쇼타임'에 게스트로 출연… '힙합파티' 힙합그룹 지누션과 에픽하이가 YG 신인그룹 아이콘의 데뷔 콘서트 '쇼타임(SHOWTIME)'의 특별 게스트로 나서 지원사격 할 예정이다.",
                "sentenceSize": 120
            },
            {
                "sentenceNo": 2,
                "sentenceContent": "아이콘은 지난달 15일 선공개곡 '취향저격'을 히트시킨 데 이어 1일 데뷔하프앨범 '웰컴 백(WELCOME BACK)'을 발표했다.",
                "sentenceSize": 73
            },
            {
                "sentenceNo": 3,
                "sentenceContent": "발표한 이번 앨범은 국내 주요 음원차트 1위, 아이튠즈 앨범차트 11개국 1위를 차지하며 큰 인기를 얻고 있다.",
                "sentenceSize": 62
            },
            {
                "sentenceNo": 4,
                "sentenceContent": "아이콘은 오는 3일 서울 올림픽공원 체조경기장에서 데뷔 콘서트를 통해 팬들과 만난다.",
                "sentenceSize": 47
            },
            {
                "sentenceNo": 5,
                "sentenceContent": "아이콘의 데뷔 콘서트에 소속사 선배인 지누션과 에픽하이가 게스트로 참여한다.",
                "sentenceSize": 42
            },
            {
                "sentenceNo": 6,
                "sentenceContent": "에픽하이와 지누션은 아이콘의 데뷔 전부터 각별한 인연을 이어왔다.",
                "sentenceSize": 36
            },
            {
                "sentenceNo": 7,
                "sentenceContent": "아이콘의 비아이와 바비는 에픽하이가 지난해 10월 발표한 정규 8집 앨범 수록곡 '본 헤이터(Born Hater)'의 피처링과 뮤직비디오에 참여했다.",
                "sentenceSize": 83
            },
            {
                "sentenceNo": 8,
                "sentenceContent": "또 지난 7월 31일부터 8월 9일까지 진행된 에픽하이 소극장 콘서트 '현재상영중'에 깜짝 게스트로 등장해 YG 패밀리의 우정을 과시했다.",
                "sentenceSize": 77
            },
            {
                "sentenceNo": 9,
                "sentenceContent": "또 두 사람은 '쇼미더머니4' 심사위원 특별 무대에 올라 에픽하이와 지누션이 이끈 YG팀을 지원 사격해 화제를 모은 바 있다. ‘아이콘’ ‘아이콘’ 온라인 중앙일보 [사진 YG 엔터테인먼트 제공]",
                "sentenceSize": 109
            }
        ]
    },
    "labeledDataInfo": {
        "processSentenceInfo": [
            {
                "sentenceNo": 1,
                "sentenceContent": "지누션·에픽하이, 아이콘 데뷔 콘서트 '쇼타임'에 게스트로 출연… '힙합파티' 힙합그룹 지누션과 에픽하이가 YG 신인그룹 아이콘의 데뷔 콘서트 '쇼타임(SHOWTIME)'의 특별 게스트로 나서 지원사격 할 예정이다.",
                "subjectConsistencyYn": "Y"
            },
            {
                "sentenceNo": 2,
                "sentenceContent": "아이콘은 지난달 15일 선공개곡 '취향저격'을 히트시킨 데 이어 1일 데뷔하프앨범 '웰컴 백(WELCOME BACK)'을 발표했다.",
                "subjectConsistencyYn": "Y"
            },
            {
                "sentenceNo": 3,
                "sentenceContent": "발표한 이번 앨범은 국내 주요 음원차트 1위, 아이튠즈 앨범차트 11개국 1위를 차지하며 큰 인기를 얻고 있다.",
                "subjectConsistencyYn": "Y"
            },
            {
                "sentenceNo": 4,
                "sentenceContent": "아이콘은 오는 3일 서울 올림픽공원 체조경기장에서 데뷔 콘서트를 통해 팬들과 만난다.",
                "subjectConsistencyYn": "Y"
            },
            {
                "sentenceNo": 5,
                "sentenceContent": "아이콘의 데뷔 콘서트에 소속사 선배인 지누션과 에픽하이가 게스트로 참여한다.",
                "subjectConsistencyYn": "Y"
            },
            {
                "sentenceNo": 6,
                "sentenceContent": "에픽하이와 지누션은 아이콘의 데뷔 전부터 각별한 인연을 이어왔다.",
                "subjectConsistencyYn": "Y"
            },
            {
                "sentenceNo": 7,
                "sentenceContent": "아이콘의 비아이와 바비는 에픽하이가 지난해 10월 발표한 정규 8집 앨범 수록곡 '본 헤이터(Born Hater)'의 피처링과 뮤직비디오에 참여했다.",
                "subjectConsistencyYn": "Y"
            },
            {
                "sentenceNo": 8,
                "sentenceContent": "또 지난 7월 31일부터 8월 9일까지 진행된 에픽하이 소극장 콘서트 '현재상영중'에 깜짝 게스트로 등장해 YG 패밀리의 우정을 과시했다.",
                "subjectConsistencyYn": "Y"
            },
            {
                "sentenceNo": 9,
                "sentenceContent": "또 두 사람은 '쇼미더머니4' 심사위원 특별 무대에 올라 에픽하이와 지누션이 이끈 YG팀을 지원 사격해 화제를 모은 바 있다. ‘아이콘’ ‘아이콘’ 온라인 중앙일보 [사진 YG 엔터테인먼트 제공]",
                "subjectConsistencyYn": "Y"
            },
            {
                "sentenceNo": 10,
                "sentenceContent": "해당 콘서트 티켓은 티켓베이(https://m.ticketbay.co.kr) 온라인 예매 사이트를 통해 구매할 수 있다.",
                "subjectConsistencyYn": "N"
            },
            {
                "sentenceNo": 11,
                "sentenceContent": "티켓베이에서는 매달 새로운 콘서트 티켓이 업로드되고 있으며, 안전거래서비스를 통해 안전한 티켓 구매가 가능하다.",
                "subjectConsistencyYn": "N"
            }
        ],
        "clickbaitClass": 0
    }
}