{
    "sourceDataInfo": {
        "newsID": "ET_M03_627646",
        "newsCategory": "연예",
        "newsSubcategory": "연예가화제",
        "newsTitle": "언프리티 랩스타2 예지, 침대에 누워서…\\\"하의는 어디간거야\\\"",
        "newsSubTitle": "",
        "newsContent": "'언프리티 랩스타2' 예지, 침대 화보…\\\"옷 입은 거 맞지?\\\" 깜짝 '언프리티 랩스타 시즌2' 예지 과거 모습이 주목받고 있다.\n예지는 과거 피에스타 활동 중 한 남성 매거진 맥심과 화보 촬영을 진행했었다.\n당시 예지는 고혹적인 포즈로 시원하게 각선미를 드러내며 보는 이들의 눈길을 사로잡았다.\n누리꾼들은 \\\"언프리티 랩스타 시즌2 예지 멋지다\\\", \\\"언프리티 랩스타 시즌2 예지 실력자였네\\\", \\\"언프리티 랩스타 시즌2 예지 섹시하다\\\" 등 다양한 반응을 보였다.\n한편 예지는 지난 25일 방송된 Mnet '언프리티 랩스타 시즌2'에서 뛰어난 활약을 펼쳤다.\n온라인 중앙일보 언프리티랩스타2 예지[사진 맥심 화보]",
        "partNum": "P2",
        "useType": 0,
        "processType": "D",
        "processPattern": "23",
        "processLevel": "중",
        "sentenceCount": 6,
        "processSentencenum": 2,
        "sentenceInfo": [
            {
                "sentenceNo": 1,
                "sentenceContent": "'언프리티 랩스타2' 예지, 침대 화보…\\\"옷 입은 거 맞지?\\\" 깜짝 '언프리티 랩스타 시즌2' 예지 과거 모습이 주목받고 있다.",
                "sentenceSize": 73
            },
            {
                "sentenceNo": 2,
                "sentenceContent": "예지는 과거 피에스타 활동 중 한 남성 매거진 맥심과 화보 촬영을 진행했었다.",
                "sentenceSize": 43
            },
            {
                "sentenceNo": 3,
                "sentenceContent": "당시 예지는 고혹적인 포즈로 시원하게 각선미를 드러내며 보는 이들의 눈길을 사로잡았다.",
                "sentenceSize": 48
            },
            {
                "sentenceNo": 4,
                "sentenceContent": "누리꾼들은 \\\"언프리티 랩스타 시즌2 예지 멋지다\\\", \\\"언프리티 랩스타 시즌2 예지 실력자였네\\\", \\\"언프리티 랩스타 시즌2 예지 섹시하다\\\" 등 다양한 반응을 보였다.",
                "sentenceSize": 97
            },
            {
                "sentenceNo": 5,
                "sentenceContent": "한편 예지는 지난 25일 방송된 Mnet '언프리티 랩스타 시즌2'에서 뛰어난 활약을 펼쳤다.",
                "sentenceSize": 52
            },
            {
                "sentenceNo": 6,
                "sentenceContent": "온라인 중앙일보 언프리티랩스타2 예지[사진 맥심 화보]",
                "sentenceSize": 30
            }
        ]
    },
    "labeledDataInfo": {
        "processSentenceInfo": [
            {
                "sentenceNo": 1,
                "sentenceContent": "'언프리티 랩스타2' 예지, 침대 화보…\\\"옷 입은 거 맞지?\\\" 깜짝 '언프리티 랩스타 시즌2' 예지 과거 모습이 주목받고 있다.",
                "subjectConsistencyYn": "Y"
            },
            {
                "sentenceNo": 2,
                "sentenceContent": "예지는 과거 피에스타 활동 중 한 남성 매거진 맥심과 화보 촬영을 진행했었다.",
                "subjectConsistencyYn": "Y"
            },
            {
                "sentenceNo": 3,
                "sentenceContent": "당시 예지는 고혹적인 포즈로 시원하게 각선미를 드러내며 보는 이들의 눈길을 사로잡았다.",
                "subjectConsistencyYn": "Y"
            },
            {
                "sentenceNo": 4,
                "sentenceContent": "누리꾼들은 \\\"언프리티 랩스타 시즌2 예지 멋지다\\\", \\\"언프리티 랩스타 시즌2 예지 실력자였네\\\", \\\"언프리티 랩스타 시즌2 예지 섹시하다\\\" 등 다양한 반응을 보였다.",
                "subjectConsistencyYn": "Y"
            },
            {
                "sentenceNo": 5,
                "sentenceContent": "한편 예지는 지난 25일 방송된 Mnet '언프리티 랩스타 시즌2'에서 뛰어난 활약을 펼쳤다.",
                "subjectConsistencyYn": "Y"
            },
            {
                "sentenceNo": 6,
                "sentenceContent": "온라인 중앙일보 언프리티랩스타2 예지[사진 맥심 화보]",
                "subjectConsistencyYn": "Y"
            },
            {
                "sentenceNo": 7,
                "sentenceContent": "'언프리티 랩스타2'에 출연한 예지의 과거 모습이 화제가 되면서, '언프리티 랩스타2 초청' 이벤트도 함께 화제이다.",
                "subjectConsistencyYn": "N"
            },
            {
                "sentenceNo": 8,
                "sentenceContent": "이는 '언프리티 랩스타2'의 마지막 라이브 공연에 초대하는 이벤트로 '언프리티 랩스타2' 시청 인증사진을 SNS에 업로드하면 추첨을 하는 이벤트로, 자세한 정보는 '언프리티 랩스타2' 홈페이지에서 확인 가능하다.",
                "subjectConsistencyYn": "N"
            }
        ],
        "clickbaitClass": 0
    }
}