{
    "sourceDataInfo": {
        "newsID": "ET_M03_627653",
        "newsCategory": "연예",
        "newsSubcategory": "연예가화제",
        "newsTitle": "'장사의 신 객주 2015' 김민정, 망사스타킹 신고…\\\"아찔 몸매\\\"",
        "newsSubTitle": "",
        "newsContent": "'장사의 신 객주 2015' 김민정, 망사스타킹 신고…\\\"팜므파탈 따로 없네\\\" '장사의 신 - 객주 2015' 김민정이 첫 방송과 함께 화제몰이를 하고있다.\n극 중 '매월' 역인 배우 김민정의 색다른 면모가 눈길을 끌고 있는 것. 김민정은 한 패션잡지사와의 화보 촬영을 통해 팜므파탈적 매력을 뽐낸 적 있다.\n공개된 화보에서 김민정은 차이나풍의 짧은 자켓을 걸치고 블랙 핫팬츠, 스타킹, 레드 킬힐의 매치로 아찔하고 군살없는 몸매를 과시했다.\n또 김민정의 귀여운 흑역사가 새삼 눈길을 모았다.\n김민정은 지난 2010년 '제4회 2010 충무로국제영화제' 개막식에 홍보대사 자격으로 참석했다.\n당시 김민정은 풍만한 가슴라인이 드러나는 누드톤 홀터넥 드레스로 등장부터 시선을 사로잡았다.\n현장 사람들은 김민정의 여신 자태에 감탄을 쏟아냈다.\n하지만 세팅을 위해 머리에 빨간 집게핀을 꽂았던 김민정은 깜빡하고 그 상태로 레드카펫에 올라 굴욕아닌 굴욕을 맛봤다.\n이후 이 모습은 아직까지 그에게 흑역사로 회자되고 있다.\n한편 김민정이 출연하는 KBS2 드라마 '장사의 신 - 객주 2015'는 지난 23일 방송을 시작으로, 매주 수, 목 오후 10시 만나볼 수 있다. '장사의 신 객주 2015' 김민정 온라인 중앙일보",
        "partNum": "P2",
        "useType": 0,
        "processType": "D",
        "processPattern": "23",
        "processLevel": "중",
        "sentenceCount": 10,
        "processSentencenum": 4,
        "sentenceInfo": [
            {
                "sentenceNo": 1,
                "sentenceContent": "'장사의 신 객주 2015' 김민정, 망사스타킹 신고…\\\"팜므파탈 따로 없네\\\" '장사의 신 - 객주 2015' 김민정이 첫 방송과 함께 화제몰이를 하고있다.",
                "sentenceSize": 88
            },
            {
                "sentenceNo": 2,
                "sentenceContent": "극 중 '매월' 역인 배우 김민정의 색다른 면모가 눈길을 끌고 있는 것. 김민정은 한 패션잡지사와의 화보 촬영을 통해 팜므파탈적 매력을 뽐낸 적 있다.",
                "sentenceSize": 84
            },
            {
                "sentenceNo": 3,
                "sentenceContent": "공개된 화보에서 김민정은 차이나풍의 짧은 자켓을 걸치고 블랙 핫팬츠, 스타킹, 레드 킬힐의 매치로 아찔하고 군살없는 몸매를 과시했다.",
                "sentenceSize": 74
            },
            {
                "sentenceNo": 4,
                "sentenceContent": "또 김민정의 귀여운 흑역사가 새삼 눈길을 모았다.",
                "sentenceSize": 27
            },
            {
                "sentenceNo": 5,
                "sentenceContent": "김민정은 지난 2010년 '제4회 2010 충무로국제영화제' 개막식에 홍보대사 자격으로 참석했다.",
                "sentenceSize": 54
            },
            {
                "sentenceNo": 6,
                "sentenceContent": "당시 김민정은 풍만한 가슴라인이 드러나는 누드톤 홀터넥 드레스로 등장부터 시선을 사로잡았다.",
                "sentenceSize": 51
            },
            {
                "sentenceNo": 7,
                "sentenceContent": "현장 사람들은 김민정의 여신 자태에 감탄을 쏟아냈다.",
                "sentenceSize": 29
            },
            {
                "sentenceNo": 8,
                "sentenceContent": "하지만 세팅을 위해 머리에 빨간 집게핀을 꽂았던 김민정은 깜빡하고 그 상태로 레드카펫에 올라 굴욕아닌 굴욕을 맛봤다.",
                "sentenceSize": 65
            },
            {
                "sentenceNo": 9,
                "sentenceContent": "이후 이 모습은 아직까지 그에게 흑역사로 회자되고 있다.",
                "sentenceSize": 31
            },
            {
                "sentenceNo": 10,
                "sentenceContent": "한편 김민정이 출연하는 KBS2 드라마 '장사의 신 - 객주 2015'는 지난 23일 방송을 시작으로, 매주 수, 목 오후 10시 만나볼 수 있다. '장사의 신 객주 2015' 김민정 온라인 중앙일보",
                "sentenceSize": 111
            }
        ]
    },
    "labeledDataInfo": {
        "processSentenceInfo": [
            {
                "sentenceNo": 1,
                "sentenceContent": "'장사의 신 객주 2015' 김민정, 망사스타킹 신고…\\\"팜므파탈 따로 없네\\\" '장사의 신 - 객주 2015' 김민정이 첫 방송과 함께 화제몰이를 하고있다.",
                "subjectConsistencyYn": "Y"
            },
            {
                "sentenceNo": 2,
                "sentenceContent": "극 중 '매월' 역인 배우 김민정의 색다른 면모가 눈길을 끌고 있는 것. 김민정은 한 패션잡지사와의 화보 촬영을 통해 팜므파탈적 매력을 뽐낸 적 있다.",
                "subjectConsistencyYn": "Y"
            },
            {
                "sentenceNo": 3,
                "sentenceContent": "공개된 화보에서 김민정은 차이나풍의 짧은 자켓을 걸치고 블랙 핫팬츠, 스타킹, 레드 킬힐의 매치로 아찔하고 군살없는 몸매를 과시했다.",
                "subjectConsistencyYn": "Y"
            },
            {
                "sentenceNo": 4,
                "sentenceContent": "또 김민정의 귀여운 흑역사가 새삼 눈길을 모았다.",
                "subjectConsistencyYn": "Y"
            },
            {
                "sentenceNo": 5,
                "sentenceContent": "김민정은 지난 2010년 '제4회 2010 충무로국제영화제' 개막식에 홍보대사 자격으로 참석했다.",
                "subjectConsistencyYn": "Y"
            },
            {
                "sentenceNo": 6,
                "sentenceContent": "당시 김민정은 풍만한 가슴라인이 드러나는 누드톤 홀터넥 드레스로 등장부터 시선을 사로잡았다.",
                "subjectConsistencyYn": "Y"
            },
            {
                "sentenceNo": 7,
                "sentenceContent": "현장 사람들은 김민정의 여신 자태에 감탄을 쏟아냈다.",
                "subjectConsistencyYn": "Y"
            },
            {
                "sentenceNo": 8,
                "sentenceContent": "하지만 세팅을 위해 머리에 빨간 집게핀을 꽂았던 김민정은 깜빡하고 그 상태로 레드카펫에 올라 굴욕아닌 굴욕을 맛봤다.",
                "subjectConsistencyYn": "Y"
            },
            {
                "sentenceNo": 9,
                "sentenceContent": "이후 이 모습은 아직까지 그에게 흑역사로 회자되고 있다.",
                "subjectConsistencyYn": "Y"
            },
            {
                "sentenceNo": 10,
                "sentenceContent": "한편 김민정이 출연하는 KBS2 드라마 '장사의 신 - 객주 2015'는 지난 23일 방송을 시작으로, 매주 수, 목 오후 10시 만나볼 수 있다. '장사의 신 객주 2015' 김민정 온라인 중앙일보",
                "subjectConsistencyYn": "Y"
            },
            {
                "sentenceNo": 11,
                "sentenceContent": "'장사의 신 - 객주 2015'에 출연한 김민정이 뜨거운 관심을 받는 상황에, 김민정이 광고 모델로 활동 중인 바이오더마는 '김민정 포토카드 증정' 행사를 진행 중이다.",
                "subjectConsistencyYn": "N"
            },
            {
                "sentenceNo": 12,
                "sentenceContent": "이는 바이오더마의 베스트셀러 바이오더마 스킨, 로션을 구매할 시 김민정의 포토 카드를 증정하는 행사이다.",
                "subjectConsistencyYn": "N"
            },
            {
                "sentenceNo": 13,
                "sentenceContent": "김민정의 포토 카드는 3가지의 종류로 되어있으며, 제품을 3개 구매하면 종류별로 하나씩 보내준다.",
                "subjectConsistencyYn": "N"
            },
            {
                "sentenceNo": 14,
                "sentenceContent": "바이오더마의 '김민정 포토 카드 증정' 행사에 대한 정보는 바이오더마 홈페이지에서 확인할 수 있다.",
                "subjectConsistencyYn": "N"
            }
        ],
        "clickbaitClass": 0
    }
}