{
    "sourceDataInfo": {
        "newsID": "ET_M03_627227",
        "newsCategory": "연예",
        "newsSubcategory": "연예가화제",
        "newsTitle": "DJ DOC 정재용, 19세 연하 아이시어 선아와 결혼",
        "newsSubTitle": "",
        "newsContent": "그룹 DJ DOC 멤버 정재용(45)이 다음 달 19세 연하 여자 친구와 결혼한다. 1일 소속사 슈퍼잼레코드에 따르면 정재용은 12월 1일 서울 서초구 더리버사이드 호텔에서 2년간 교제한 연인과 화촉을 밝힌다.\n예비신부는 2016년 데뷔한 걸그룹 아이시어 출신이다.\n싱글 '타임 밤(Time Bomb)'으로 활동하다 이듬해 팀을 탈퇴했다.\n지금은 다른 직종에서 프리랜서로 일하고 있다.\n두 사람은 2016년 성인오락 채널 VIKI의 '아주 재미있는 쇼, 아재쇼 시즌2' MC로 활동하며 인연을 맺었다.\n소속사 측은 \\\"결혼식 날짜는 두 사람이 2년 전 처음 만난 날\\\"이라며 \\\"예비 신부는 현재 임신 9주째로 정재용은 내년 아빠가 된다\\\"고 밝혔다.\n이로써 DJ DOC 세 멤버는 모두 유부남이 된다.\n자녀 둘을 둔 김창열에 이어 이하늘이 지난달 제주에서 17세 연하 연인과 백년가약을 맺었다.\n정재용은 1995년 DJ DOC 2집 '머피의 법칙'부터 합류했다.\n이후 '겨울 이야기' '삐걱삐걱' '런 투 유'(Run To You)와 같은 히트곡을 냈다.\n엠넷 예능 '재용이의 더 순결한 19' 등을 진행하며 예능에서도 활약했다.",
        "partNum": "P2",
        "useType": 0,
        "processType": "D",
        "processPattern": "23",
        "processLevel": "중",
        "sentenceCount": 11,
        "processSentencenum": 3,
        "sentenceInfo": [
            {
                "sentenceNo": 1,
                "sentenceContent": "그룹 DJ DOC 멤버 정재용(45)이 다음 달 19세 연하 여자 친구와 결혼한다. 1일 소속사 슈퍼잼레코드에 따르면 정재용은 12월 1일 서울 서초구 더리버사이드 호텔에서 2년간 교제한 연인과 화촉을 밝힌다.",
                "sentenceSize": 117
            },
            {
                "sentenceNo": 2,
                "sentenceContent": "예비신부는 2016년 데뷔한 걸그룹 아이시어 출신이다.",
                "sentenceSize": 30
            },
            {
                "sentenceNo": 3,
                "sentenceContent": "싱글 '타임 밤(Time Bomb)'으로 활동하다 이듬해 팀을 탈퇴했다.",
                "sentenceSize": 40
            },
            {
                "sentenceNo": 4,
                "sentenceContent": "지금은 다른 직종에서 프리랜서로 일하고 있다.",
                "sentenceSize": 25
            },
            {
                "sentenceNo": 5,
                "sentenceContent": "두 사람은 2016년 성인오락 채널 VIKI의 '아주 재미있는 쇼, 아재쇼 시즌2' MC로 활동하며 인연을 맺었다.",
                "sentenceSize": 64
            },
            {
                "sentenceNo": 6,
                "sentenceContent": "소속사 측은 \\\"결혼식 날짜는 두 사람이 2년 전 처음 만난 날\\\"이라며 \\\"예비 신부는 현재 임신 9주째로 정재용은 내년 아빠가 된다\\\"고 밝혔다.",
                "sentenceSize": 83
            },
            {
                "sentenceNo": 7,
                "sentenceContent": "이로써 DJ DOC 세 멤버는 모두 유부남이 된다.",
                "sentenceSize": 28
            },
            {
                "sentenceNo": 8,
                "sentenceContent": "자녀 둘을 둔 김창열에 이어 이하늘이 지난달 제주에서 17세 연하 연인과 백년가약을 맺었다.",
                "sentenceSize": 51
            },
            {
                "sentenceNo": 9,
                "sentenceContent": "정재용은 1995년 DJ DOC 2집 '머피의 법칙'부터 합류했다.",
                "sentenceSize": 37
            },
            {
                "sentenceNo": 10,
                "sentenceContent": "이후 '겨울 이야기' '삐걱삐걱' '런 투 유'(Run To You)와 같은 히트곡을 냈다.",
                "sentenceSize": 51
            },
            {
                "sentenceNo": 11,
                "sentenceContent": "엠넷 예능 '재용이의 더 순결한 19' 등을 진행하며 예능에서도 활약했다.",
                "sentenceSize": 41
            }
        ]
    },
    "labeledDataInfo": {
        "processSentenceInfo": [
            {
                "sentenceNo": 1,
                "sentenceContent": "그룹 DJ DOC 멤버 정재용(45)이 다음 달 19세 연하 여자 친구와 결혼한다. 1일 소속사 슈퍼잼레코드에 따르면 정재용은 12월 1일 서울 서초구 더리버사이드 호텔에서 2년간 교제한 연인과 화촉을 밝힌다.",
                "subjectConsistencyYn": "Y"
            },
            {
                "sentenceNo": 2,
                "sentenceContent": "예비신부는 2016년 데뷔한 걸그룹 아이시어 출신이다.",
                "subjectConsistencyYn": "Y"
            },
            {
                "sentenceNo": 3,
                "sentenceContent": "싱글 '타임 밤(Time Bomb)'으로 활동하다 이듬해 팀을 탈퇴했다.",
                "subjectConsistencyYn": "Y"
            },
            {
                "sentenceNo": 4,
                "sentenceContent": "지금은 다른 직종에서 프리랜서로 일하고 있다.",
                "subjectConsistencyYn": "Y"
            },
            {
                "sentenceNo": 5,
                "sentenceContent": "두 사람은 2016년 성인오락 채널 VIKI의 '아주 재미있는 쇼, 아재쇼 시즌2' MC로 활동하며 인연을 맺었다.",
                "subjectConsistencyYn": "Y"
            },
            {
                "sentenceNo": 6,
                "sentenceContent": "소속사 측은 \\\"결혼식 날짜는 두 사람이 2년 전 처음 만난 날\\\"이라며 \\\"예비 신부는 현재 임신 9주째로 정재용은 내년 아빠가 된다\\\"고 밝혔다.",
                "subjectConsistencyYn": "Y"
            },
            {
                "sentenceNo": 7,
                "sentenceContent": "이로써 DJ DOC 세 멤버는 모두 유부남이 된다.",
                "subjectConsistencyYn": "Y"
            },
            {
                "sentenceNo": 8,
                "sentenceContent": "자녀 둘을 둔 김창열에 이어 이하늘이 지난달 제주에서 17세 연하 연인과 백년가약을 맺었다.",
                "subjectConsistencyYn": "Y"
            },
            {
                "sentenceNo": 9,
                "sentenceContent": "정재용은 1995년 DJ DOC 2집 '머피의 법칙'부터 합류했다.",
                "subjectConsistencyYn": "Y"
            },
            {
                "sentenceNo": 10,
                "sentenceContent": "이후 '겨울 이야기' '삐걱삐걱' '런 투 유'(Run To You)와 같은 히트곡을 냈다.",
                "subjectConsistencyYn": "Y"
            },
            {
                "sentenceNo": 11,
                "sentenceContent": "엠넷 예능 '재용이의 더 순결한 19' 등을 진행하며 예능에서도 활약했다.",
                "subjectConsistencyYn": "Y"
            },
            {
                "sentenceNo": 12,
                "sentenceContent": "한편, 19세 연하 여자친구와 결혼하는 그룹 DJ DOC 멤버 정재용은 신혼 생활을 즐긴 뒤, 연말 DJ DOC 콘서트 '멀티버스'(MULTIVERSE)'를 열 계획이라 밝혔다.",
                "subjectConsistencyYn": "N"
            },
            {
                "sentenceNo": 13,
                "sentenceContent": "DJ DOC는 오는 12월 23일과 24일 서울 잠실학생체육관에서 '멀티버스' 서울 콘서트를, 12월 31일 부산 벡스코 1전시장에서 부산 콘서트를 개최하고, 다가오는 연말을 맞아 새 포스터를 공개했으며, 확정된 '멀티버스' 서울과 부산 콘서트 티켓은 11일 오후 2시와 4시에 순차적으로 오픈, 연말 치열한 티케팅 전쟁이 이뤄질 전망이다.",
                "subjectConsistencyYn": "N"
            },
            {
                "sentenceNo": 14,
                "sentenceContent": "지난 2월 전주 콘서트를 시작으로 대중을 '멀티버스' 세계관에 초대했던 DJ DOC는, 또 한 번 신선하고도 따뜻한 추억을 선사할 계획으로, 12월 콘서트 확정 소식이 알려지면서 DJ DOC의 하이텐션으로 물들여질 크리스마스와 연말에 대한 설렘이 커지고 있다.",
                "subjectConsistencyYn": "N"
            }
        ],
        "clickbaitClass": 0
    }
}