{
    "sourceDataInfo": {
        "newsID": "ET_M03_627247",
        "newsCategory": "연예",
        "newsSubcategory": "연예가화제",
        "newsTitle": "'리턴' 하차하는 고현정 출연료는?",
        "newsSubTitle": "",
        "newsContent": "제작진과의 불화로 드라마 '리턴'에서 하차하기로 한 배우 고현정의 출연료가 10억~13억 원 선이며, 출연료의 70%가량을 선지급 받았다는 보도가 나왔다.\n스포츠서울은 12일 고현정이 SBS 드라마 '리턴'의 출연료 상당 부분을 선지급 받은 것으로 확인됐다고 보도했다.\n이 매체는 한 관계자를 인용해 고현정의 출연료 지급상황을 팩트 체크해본 결과, 고현정이 업계 최고 수준의 대우를 받았으며 이례적으로 전체 출연 회차의 3분의 2 이상의 출연료를 먼저 받았다고 전했다.\n통상적으로 제작사가 출연료를 선지급하는 사례는 많지 않다.\n그러나 방송 회차 14회 만에 하차하면서 출연료 문제가 발생하게 됐다.\n앞서 고현정은 지난 7일 촬영 중 감독과 다툼을 벌이다 촬영 현장을 벗어나 귀가했다.\n이후 제작진과의 불화설이 불거지자 8일 드라마에서 중도하차를 선언했다.\n과거 촬영 현장에서 주동민 PD를 폭행했다는 증언도 나오는 등 논란이 일었다.\n8일 소속사 아이오케이컴퍼니는 “고현정이 제작 과정에서 연출진과 거듭되는 의견 차이가 있었고 이를 최대한 조율해보려는 노력에도 간극을 좁힐 수 없었다. 많은 논의와 고심 끝에 더는 촬영을 이어 나가는 게 어렵다고 판단했다”며 고현정의 하차를 공식적으로 밝혔다.\n고현정 측은 \\\"SBS '리턴' 측에서 하차 통보를 받았고, 고현정이 책임을 안고 드라마에서 최종 하차하기로 결정했다\\\"며 \\\"폭행설은 말도 안 된다. 현장에서 폭행은 없었다\\\"고 일축했다.",
        "partNum": "P2",
        "useType": 0,
        "processType": "D",
        "processPattern": "23",
        "processLevel": "중",
        "sentenceCount": 10,
        "processSentencenum": 3,
        "sentenceInfo": [
            {
                "sentenceNo": 1,
                "sentenceContent": "제작진과의 불화로 드라마 '리턴'에서 하차하기로 한 배우 고현정의 출연료가 10억~13억 원 선이며, 출연료의 70%가량을 선지급 받았다는 보도가 나왔다.",
                "sentenceSize": 86
            },
            {
                "sentenceNo": 2,
                "sentenceContent": "스포츠서울은 12일 고현정이 SBS 드라마 '리턴'의 출연료 상당 부분을 선지급 받은 것으로 확인됐다고 보도했다.",
                "sentenceSize": 63
            },
            {
                "sentenceNo": 3,
                "sentenceContent": "이 매체는 한 관계자를 인용해 고현정의 출연료 지급상황을 팩트 체크해본 결과, 고현정이 업계 최고 수준의 대우를 받았으며 이례적으로 전체 출연 회차의 3분의 2 이상의 출연료를 먼저 받았다고 전했다.",
                "sentenceSize": 111
            },
            {
                "sentenceNo": 4,
                "sentenceContent": "통상적으로 제작사가 출연료를 선지급하는 사례는 많지 않다.",
                "sentenceSize": 32
            },
            {
                "sentenceNo": 5,
                "sentenceContent": "그러나 방송 회차 14회 만에 하차하면서 출연료 문제가 발생하게 됐다.",
                "sentenceSize": 39
            },
            {
                "sentenceNo": 6,
                "sentenceContent": "앞서 고현정은 지난 7일 촬영 중 감독과 다툼을 벌이다 촬영 현장을 벗어나 귀가했다.",
                "sentenceSize": 47
            },
            {
                "sentenceNo": 7,
                "sentenceContent": "이후 제작진과의 불화설이 불거지자 8일 드라마에서 중도하차를 선언했다.",
                "sentenceSize": 39
            },
            {
                "sentenceNo": 8,
                "sentenceContent": "과거 촬영 현장에서 주동민 PD를 폭행했다는 증언도 나오는 등 논란이 일었다.",
                "sentenceSize": 43
            },
            {
                "sentenceNo": 9,
                "sentenceContent": "8일 소속사 아이오케이컴퍼니는 “고현정이 제작 과정에서 연출진과 거듭되는 의견 차이가 있었고 이를 최대한 조율해보려는 노력에도 간극을 좁힐 수 없었다. 많은 논의와 고심 끝에 더는 촬영을 이어 나가는 게 어렵다고 판단했다”며 고현정의 하차를 공식적으로 밝혔다.",
                "sentenceSize": 145
            },
            {
                "sentenceNo": 10,
                "sentenceContent": "고현정 측은 \\\"SBS '리턴' 측에서 하차 통보를 받았고, 고현정이 책임을 안고 드라마에서 최종 하차하기로 결정했다\\\"며 \\\"폭행설은 말도 안 된다. 현장에서 폭행은 없었다\\\"고 일축했다.",
                "sentenceSize": 106
            }
        ]
    },
    "labeledDataInfo": {
        "processSentenceInfo": [
            {
                "sentenceNo": 1,
                "sentenceContent": "제작진과의 불화로 드라마 '리턴'에서 하차하기로 한 배우 고현정의 출연료가 10억~13억 원 선이며, 출연료의 70%가량을 선지급 받았다는 보도가 나왔다.",
                "subjectConsistencyYn": "Y"
            },
            {
                "sentenceNo": 2,
                "sentenceContent": "스포츠서울은 12일 고현정이 SBS 드라마 '리턴'의 출연료 상당 부분을 선지급 받은 것으로 확인됐다고 보도했다.",
                "subjectConsistencyYn": "Y"
            },
            {
                "sentenceNo": 3,
                "sentenceContent": "이 매체는 한 관계자를 인용해 고현정의 출연료 지급상황을 팩트 체크해본 결과, 고현정이 업계 최고 수준의 대우를 받았으며 이례적으로 전체 출연 회차의 3분의 2 이상의 출연료를 먼저 받았다고 전했다.",
                "subjectConsistencyYn": "Y"
            },
            {
                "sentenceNo": 4,
                "sentenceContent": "통상적으로 제작사가 출연료를 선지급하는 사례는 많지 않다.",
                "subjectConsistencyYn": "Y"
            },
            {
                "sentenceNo": 5,
                "sentenceContent": "그러나 방송 회차 14회 만에 하차하면서 출연료 문제가 발생하게 됐다.",
                "subjectConsistencyYn": "Y"
            },
            {
                "sentenceNo": 6,
                "sentenceContent": "앞서 고현정은 지난 7일 촬영 중 감독과 다툼을 벌이다 촬영 현장을 벗어나 귀가했다.",
                "subjectConsistencyYn": "Y"
            },
            {
                "sentenceNo": 7,
                "sentenceContent": "이후 제작진과의 불화설이 불거지자 8일 드라마에서 중도하차를 선언했다.",
                "subjectConsistencyYn": "Y"
            },
            {
                "sentenceNo": 8,
                "sentenceContent": "과거 촬영 현장에서 주동민 PD를 폭행했다는 증언도 나오는 등 논란이 일었다.",
                "subjectConsistencyYn": "Y"
            },
            {
                "sentenceNo": 9,
                "sentenceContent": "8일 소속사 아이오케이컴퍼니는 “고현정이 제작 과정에서 연출진과 거듭되는 의견 차이가 있었고 이를 최대한 조율해보려는 노력에도 간극을 좁힐 수 없었다. 많은 논의와 고심 끝에 더는 촬영을 이어 나가는 게 어렵다고 판단했다”며 고현정의 하차를 공식적으로 밝혔다.",
                "subjectConsistencyYn": "Y"
            },
            {
                "sentenceNo": 10,
                "sentenceContent": "고현정 측은 \\\"SBS '리턴' 측에서 하차 통보를 받았고, 고현정이 책임을 안고 드라마에서 최종 하차하기로 결정했다\\\"며 \\\"폭행설은 말도 안 된다. 현장에서 폭행은 없었다\\\"고 일축했다.",
                "subjectConsistencyYn": "Y"
            },
            {
                "sentenceNo": 11,
                "sentenceContent": "한편, 무책임하게 작품에서 하차를 한 이러한 행동은 많은 네티즌에게 빈축을 사고 있으며 갑질 사례를 정리한 앱 ''쏘치'에 기록이 되었다.",
                "subjectConsistencyYn": "N"
            },
            {
                "sentenceNo": 12,
                "sentenceContent": "'쏘치'는 검증이 된 사실적인 갑질의 대해서만 작성이 가능한 실명 전용 앱으로 앱을 보는 것은 인증이 필요하지 않지만 글을 작성하고 싶을 경우 실명 인증과 휴대폰 인증을 필수로 진행하여야 하는 만큼 적지 않은 공정성을 기반으로 글이 작성되는 커뮤니티이다.",
                "subjectConsistencyYn": "N"
            },
            {
                "sentenceNo": 13,
                "sentenceContent": "앱 내에서 글을 적는 것과 글을 읽는 것 모두 무료로 제공되고 있지만 글에 이용된 기사 전문을 읽고 싶을 경우 월 정액으로 결제가 진행이 되고 있으며 결제 액은 한 달 기준으로 9,900원이며 가입 이후 첫 결제를 진행 후 한 달 내로 글을 30개 이상 작성하는 회원에게는 결제 금액을 환불해 주는 이벤트를 진행하고 있다.",
                "subjectConsistencyYn": "N"
            }
        ],
        "clickbaitClass": 0
    }
}