{
    "sourceDataInfo": {
        "newsID": "ET_M03_627633",
        "newsCategory": "연예",
        "newsSubcategory": "연예가화제",
        "newsTitle": "'양화대교' 열창한 복면가왕 코스모스, 정체는 가수 거미?…증거 보니",
        "newsSubTitle": "",
        "newsContent": "‘복면가왕’ 코스모스 정체에 대한 궁금증이 증폭되고 있다.\n지난 27일 방송된 MBC 예능프로그램 ‘복면가왕’에서는 13대 가왕 자리를 놓고 ‘코스모스’와 ‘둥근달’의 대결이 전파를 탔다.\n이날 ‘코스모스’는 자이언티의 ‘양화대교’를 선곡해 재해석했다.\n감미로운 목소리는 가슴을 절절하게 만들었고, 이에 판정단 이윤석과 김구라는 “원래 노래를 듣고 우는 스타일이 아닌데 끝내준다” “역대 최고의 무대였다”며 칭찬했다.\n그 결과 ‘연필’ 소냐를 꺾고 13대 가왕으로 ‘코스모스’가 차지한 가운데, 방송 직후 ‘코스모스’의 정체에 관심이 쏠리고 있다.\n일부 네티즌들은 마이크를 잡는 제스쳐나 특유의 허스키한 음색, 바이브레이션 창법 등을 지적하며 유력 후보로 가수 거미를 지목하고 있다.\n한편 MBC ‘복면가왕’은 매주 일요일 오후 4시 30분에 방송된다.\n복면가왕 코스모스 [사진 MBC ‘복면가왕’ 방송화면 캡처] 온라인 중앙일보",
        "partNum": "P2",
        "useType": 0,
        "processType": "D",
        "processPattern": "23",
        "processLevel": "중",
        "sentenceCount": 8,
        "processSentencenum": 2,
        "sentenceInfo": [
            {
                "sentenceNo": 1,
                "sentenceContent": "‘복면가왕’ 코스모스 정체에 대한 궁금증이 증폭되고 있다.",
                "sentenceSize": 32
            },
            {
                "sentenceNo": 2,
                "sentenceContent": "지난 27일 방송된 MBC 예능프로그램 ‘복면가왕’에서는 13대 가왕 자리를 놓고 ‘코스모스’와 ‘둥근달’의 대결이 전파를 탔다.",
                "sentenceSize": 72
            },
            {
                "sentenceNo": 3,
                "sentenceContent": "이날 ‘코스모스’는 자이언티의 ‘양화대교’를 선곡해 재해석했다.",
                "sentenceSize": 35
            },
            {
                "sentenceNo": 4,
                "sentenceContent": "감미로운 목소리는 가슴을 절절하게 만들었고, 이에 판정단 이윤석과 김구라는 “원래 노래를 듣고 우는 스타일이 아닌데 끝내준다” “역대 최고의 무대였다”며 칭찬했다.",
                "sentenceSize": 91
            },
            {
                "sentenceNo": 5,
                "sentenceContent": "그 결과 ‘연필’ 소냐를 꺾고 13대 가왕으로 ‘코스모스’가 차지한 가운데, 방송 직후 ‘코스모스’의 정체에 관심이 쏠리고 있다.",
                "sentenceSize": 72
            },
            {
                "sentenceNo": 6,
                "sentenceContent": "일부 네티즌들은 마이크를 잡는 제스쳐나 특유의 허스키한 음색, 바이브레이션 창법 등을 지적하며 유력 후보로 가수 거미를 지목하고 있다.",
                "sentenceSize": 75
            },
            {
                "sentenceNo": 7,
                "sentenceContent": "한편 MBC ‘복면가왕’은 매주 일요일 오후 4시 30분에 방송된다.",
                "sentenceSize": 38
            },
            {
                "sentenceNo": 8,
                "sentenceContent": "복면가왕 코스모스 [사진 MBC ‘복면가왕’ 방송화면 캡처] 온라인 중앙일보",
                "sentenceSize": 42
            }
        ]
    },
    "labeledDataInfo": {
        "processSentenceInfo": [
            {
                "sentenceNo": 1,
                "sentenceContent": "‘복면가왕’ 코스모스 정체에 대한 궁금증이 증폭되고 있다.",
                "subjectConsistencyYn": "Y"
            },
            {
                "sentenceNo": 2,
                "sentenceContent": "지난 27일 방송된 MBC 예능프로그램 ‘복면가왕’에서는 13대 가왕 자리를 놓고 ‘코스모스’와 ‘둥근달’의 대결이 전파를 탔다.",
                "subjectConsistencyYn": "Y"
            },
            {
                "sentenceNo": 3,
                "sentenceContent": "이날 ‘코스모스’는 자이언티의 ‘양화대교’를 선곡해 재해석했다.",
                "subjectConsistencyYn": "Y"
            },
            {
                "sentenceNo": 4,
                "sentenceContent": "감미로운 목소리는 가슴을 절절하게 만들었고, 이에 판정단 이윤석과 김구라는 “원래 노래를 듣고 우는 스타일이 아닌데 끝내준다” “역대 최고의 무대였다”며 칭찬했다.",
                "subjectConsistencyYn": "Y"
            },
            {
                "sentenceNo": 5,
                "sentenceContent": "그 결과 ‘연필’ 소냐를 꺾고 13대 가왕으로 ‘코스모스’가 차지한 가운데, 방송 직후 ‘코스모스’의 정체에 관심이 쏠리고 있다.",
                "subjectConsistencyYn": "Y"
            },
            {
                "sentenceNo": 6,
                "sentenceContent": "일부 네티즌들은 마이크를 잡는 제스쳐나 특유의 허스키한 음색, 바이브레이션 창법 등을 지적하며 유력 후보로 가수 거미를 지목하고 있다.",
                "subjectConsistencyYn": "Y"
            },
            {
                "sentenceNo": 7,
                "sentenceContent": "한편 MBC ‘복면가왕’은 매주 일요일 오후 4시 30분에 방송된다.",
                "subjectConsistencyYn": "Y"
            },
            {
                "sentenceNo": 8,
                "sentenceContent": "복면가왕 코스모스 [사진 MBC ‘복면가왕’ 방송화면 캡처] 온라인 중앙일보",
                "subjectConsistencyYn": "Y"
            },
            {
                "sentenceNo": 9,
                "sentenceContent": "한편, 복면가왕의 일본 리메이크작이 9월 글로벌 OTT(온라인 동영상 스트리밍 서비스) '아마존 프라임 비디오'를 통해 공개된다고 발표하였는데, 한국 예능 콘텐츠 포맷의 해외 리메이크작이 글로벌 OTT를 통해 공개되는 것은 처음이다. ",
                "subjectConsistencyYn": "N"
            },
            {
                "sentenceNo": 10,
                "sentenceContent": "'아마존 프라임 비디오'는 아마존닷컴의 자회사이자 해당 기업에서 제공하는 영상 스트리밍 서비스로, 이용요금은 1개월에 5.99달러이며 가입 시 7일간 무료 서비스로 이용할 수 있다. ",
                "subjectConsistencyYn": "N"
            }
        ],
        "clickbaitClass": 0
    }
}