{
    "sourceDataInfo": {
        "newsID": "ET_M03_627815",
        "newsCategory": "연예",
        "newsSubcategory": "연예가화제",
        "newsTitle": "최설아 조현민 결혼, 3년여간 비밀연애…오는 10월 결실",
        "newsSubTitle": "",
        "newsContent": "최설아 조현민 결혼, '나는 하수다' 통해 사랑의 결실 개그맨 조현민(35)과 최설아(30)가 10월에 결혼한다.\n조현민, 최설아 커플은 오는 10월25일 서울 여의도 KT웨딩컨벤션에서 결혼식을 울린다.\n두 사람은 약 3년 6개월여 동안 비밀연애를 하다가 최근에 결혼 소식을 알렸다.\n조현민, 최설아 커플은 지난 2011년 MBC 개그 프로그램 '웃고 또 웃고'를 통해 만나게 되었다.\n당시 코너 '나는 하수다'에서 조현민이 주진우 기자 역으로, 최설아는 에리카 김 역으로 등장했다.\n조현민은 MBC '개그야', '웃고 또 웃고', '코미디에 빠지다' 등에 출연했고 현재 tvN '코미디 빅리그'에 출연하고 있다.",
        "partNum": "P2",
        "useType": 0,
        "processType": "D",
        "processPattern": "23",
        "processLevel": "중",
        "sentenceCount": 6,
        "processSentencenum": 2,
        "sentenceInfo": [
            {
                "sentenceNo": 1,
                "sentenceContent": "최설아 조현민 결혼, '나는 하수다' 통해 사랑의 결실 개그맨 조현민(35)과 최설아(30)가 10월에 결혼한다.",
                "sentenceSize": 63
            },
            {
                "sentenceNo": 2,
                "sentenceContent": "조현민, 최설아 커플은 오는 10월25일 서울 여의도 KT웨딩컨벤션에서 결혼식을 울린다.",
                "sentenceSize": 49
            },
            {
                "sentenceNo": 3,
                "sentenceContent": "두 사람은 약 3년 6개월여 동안 비밀연애를 하다가 최근에 결혼 소식을 알렸다.",
                "sentenceSize": 44
            },
            {
                "sentenceNo": 4,
                "sentenceContent": "조현민, 최설아 커플은 지난 2011년 MBC 개그 프로그램 '웃고 또 웃고'를 통해 만나게 되었다.",
                "sentenceSize": 56
            },
            {
                "sentenceNo": 5,
                "sentenceContent": "당시 코너 '나는 하수다'에서 조현민이 주진우 기자 역으로, 최설아는 에리카 김 역으로 등장했다.",
                "sentenceSize": 54
            },
            {
                "sentenceNo": 6,
                "sentenceContent": "조현민은 MBC '개그야', '웃고 또 웃고', '코미디에 빠지다' 등에 출연했고 현재 tvN '코미디 빅리그'에 출연하고 있다.",
                "sentenceSize": 72
            }
        ]
    },
    "labeledDataInfo": {
        "processSentenceInfo": [
            {
                "sentenceNo": 1,
                "sentenceContent": "최설아 조현민 결혼, '나는 하수다' 통해 사랑의 결실 개그맨 조현민(35)과 최설아(30)가 10월에 결혼한다.",
                "subjectConsistencyYn": "Y"
            },
            {
                "sentenceNo": 2,
                "sentenceContent": "조현민, 최설아 커플은 오는 10월25일 서울 여의도 KT웨딩컨벤션에서 결혼식을 울린다.",
                "subjectConsistencyYn": "Y"
            },
            {
                "sentenceNo": 3,
                "sentenceContent": "두 사람은 약 3년 6개월여 동안 비밀연애를 하다가 최근에 결혼 소식을 알렸다.",
                "subjectConsistencyYn": "Y"
            },
            {
                "sentenceNo": 4,
                "sentenceContent": "조현민, 최설아 커플은 지난 2011년 MBC 개그 프로그램 '웃고 또 웃고'를 통해 만나게 되었다.",
                "subjectConsistencyYn": "Y"
            },
            {
                "sentenceNo": 5,
                "sentenceContent": "당시 코너 '나는 하수다'에서 조현민이 주진우 기자 역으로, 최설아는 에리카 김 역으로 등장했다.",
                "subjectConsistencyYn": "Y"
            },
            {
                "sentenceNo": 6,
                "sentenceContent": "조현민은 MBC '개그야', '웃고 또 웃고', '코미디에 빠지다' 등에 출연했고 현재 tvN '코미디 빅리그'에 출연하고 있다.",
                "subjectConsistencyYn": "Y"
            },
            {
                "sentenceNo": 7,
                "sentenceContent": "조현민, 최설아 커플의 결혼식이 열리는 여의도 KT웨딩컨벤션에서 예비부부들을 위한 잔여 타임 프로모션을 진행한다.",
                "subjectConsistencyYn": "N"
            },
            {
                "sentenceNo": 8,
                "sentenceContent": "잔여 타임을 선택하게 되면 다양한 할인 혜택을 적용받을 수 있으며, 보다 더 다양한 혜택은 1 대 1 전화 상담이나 방문상담을 통해 확인할 수 있다.",
                "subjectConsistencyYn": "N"
            }
        ],
        "clickbaitClass": 0
    }
}