{
    "sourceDataInfo": {
        "newsID": "ET_M03_627567",
        "newsCategory": "연예",
        "newsSubcategory": "연예가화제",
        "newsTitle": "규현, 신곡 '밀리언 조각' 15일 0시에 공개예정, 가을에 잘 어울리는 곡",
        "newsSubTitle": "",
        "newsContent": "규현 밀리언 조각 규현이 신곡 '밀리언조각'으로 가을 감성을 노래한다.\n규현은 15이 0시 멜론, 지니, 네이버뮤직 등 각종 음원 사이트를 통해 타이틀 곡 '밀리언조각(A Million Pieces)'을 비롯한 두 번째 미니앨범 '다시, 가을이 오면'에 수록된 7곡 전곡의 음원을 오픈할 예정이다.\n규현의 앨범 역시 같은 날 오프라인으로 출시된다. '밀리언조각'은 유명 작곡가 켄지의 곡으로, 클래시컬하고 세련된 멜로디가 규현의 감미로운 보컬과 잘 어우러진 곡이다.\n소중한 사랑에 대한 마음을 밤하늘의 별에 빗대어 표현한 감성적인 가사를 담고 있는 만큼 '광화문에서'에 이어 또 하나의 가을 대표곡이 될 것으로 예상된다.\n규현은 15일 음원 공개와 함께 엠넷 '엠카운트다운'을 시작으로 각종 음악 방송에 출연해 '밀리언조각' 무대를 선보인다.\n또 규현은 9일 공식 홈페이지, 페이스북 SMTOWN 페이지 등을 통해 '밀리언조각' 콘셉트에 맞춰 규현의 새로운 모습과 함께 가사의 일부가 담긴 포스터 이미지를 공개했다.",
        "partNum": "P2",
        "useType": 0,
        "processType": "D",
        "processPattern": "23",
        "processLevel": "중",
        "sentenceCount": 6,
        "processSentencenum": 2,
        "sentenceInfo": [
            {
                "sentenceNo": 1,
                "sentenceContent": "규현 밀리언 조각 규현이 신곡 '밀리언조각'으로 가을 감성을 노래한다.",
                "sentenceSize": 39
            },
            {
                "sentenceNo": 2,
                "sentenceContent": "규현은 15이 0시 멜론, 지니, 네이버뮤직 등 각종 음원 사이트를 통해 타이틀 곡 '밀리언조각(A Million Pieces)'을 비롯한 두 번째 미니앨범 '다시, 가을이 오면'에 수록된 7곡 전곡의 음원을 오픈할 예정이다.",
                "sentenceSize": 126
            },
            {
                "sentenceNo": 3,
                "sentenceContent": "규현의 앨범 역시 같은 날 오프라인으로 출시된다. '밀리언조각'은 유명 작곡가 켄지의 곡으로, 클래시컬하고 세련된 멜로디가 규현의 감미로운 보컬과 잘 어우러진 곡이다.",
                "sentenceSize": 93
            },
            {
                "sentenceNo": 4,
                "sentenceContent": "소중한 사랑에 대한 마음을 밤하늘의 별에 빗대어 표현한 감성적인 가사를 담고 있는 만큼 '광화문에서'에 이어 또 하나의 가을 대표곡이 될 것으로 예상된다.",
                "sentenceSize": 86
            },
            {
                "sentenceNo": 5,
                "sentenceContent": "규현은 15일 음원 공개와 함께 엠넷 '엠카운트다운'을 시작으로 각종 음악 방송에 출연해 '밀리언조각' 무대를 선보인다.",
                "sentenceSize": 67
            },
            {
                "sentenceNo": 6,
                "sentenceContent": "또 규현은 9일 공식 홈페이지, 페이스북 SMTOWN 페이지 등을 통해 '밀리언조각' 콘셉트에 맞춰 규현의 새로운 모습과 함께 가사의 일부가 담긴 포스터 이미지를 공개했다.",
                "sentenceSize": 96
            }
        ]
    },
    "labeledDataInfo": {
        "processSentenceInfo": [
            {
                "sentenceNo": 1,
                "sentenceContent": "규현 밀리언 조각 규현이 신곡 '밀리언조각'으로 가을 감성을 노래한다.",
                "subjectConsistencyYn": "Y"
            },
            {
                "sentenceNo": 2,
                "sentenceContent": "규현은 15이 0시 멜론, 지니, 네이버뮤직 등 각종 음원 사이트를 통해 타이틀 곡 '밀리언조각(A Million Pieces)'을 비롯한 두 번째 미니앨범 '다시, 가을이 오면'에 수록된 7곡 전곡의 음원을 오픈할 예정이다.",
                "subjectConsistencyYn": "Y"
            },
            {
                "sentenceNo": 3,
                "sentenceContent": "규현의 앨범 역시 같은 날 오프라인으로 출시된다. '밀리언조각'은 유명 작곡가 켄지의 곡으로, 클래시컬하고 세련된 멜로디가 규현의 감미로운 보컬과 잘 어우러진 곡이다.",
                "subjectConsistencyYn": "Y"
            },
            {
                "sentenceNo": 4,
                "sentenceContent": "소중한 사랑에 대한 마음을 밤하늘의 별에 빗대어 표현한 감성적인 가사를 담고 있는 만큼 '광화문에서'에 이어 또 하나의 가을 대표곡이 될 것으로 예상된다.",
                "subjectConsistencyYn": "Y"
            },
            {
                "sentenceNo": 5,
                "sentenceContent": "규현은 15일 음원 공개와 함께 엠넷 '엠카운트다운'을 시작으로 각종 음악 방송에 출연해 '밀리언조각' 무대를 선보인다.",
                "subjectConsistencyYn": "Y"
            },
            {
                "sentenceNo": 6,
                "sentenceContent": "또 규현은 9일 공식 홈페이지, 페이스북 SMTOWN 페이지 등을 통해 '밀리언조각' 콘셉트에 맞춰 규현의 새로운 모습과 함께 가사의 일부가 담긴 포스터 이미지를 공개했다.",
                "subjectConsistencyYn": "Y"
            },
            {
                "sentenceNo": 7,
                "sentenceContent": "독보적인 감성 발라더 규현이 신곡 '밀리언조각'을 발표하며, JTBC 예능 '히든싱어7'에 출연한다고 하여 화제다.",
                "subjectConsistencyYn": "N"
            },
            {
                "sentenceNo": 8,
                "sentenceContent": "또한 규현을 응원하기 위해 동방신기 최강창민, 슈퍼주니어 려욱과 은혁, 샤이니 민호, 엑소 수호가 출연하는 '히든싱어7' 규현편은 이번주 금요일 오후 08:50에 JTBC에서 방송된다.",
                "subjectConsistencyYn": "N"
            }
        ],
        "clickbaitClass": 0
    }
}