{
    "sourceDataInfo": {
        "newsID": "ET_M03_627388",
        "newsCategory": "연예",
        "newsSubcategory": "연예가화제",
        "newsTitle": "11kg 다이어트 성공한 개그우먼 근황",
        "newsSubTitle": "",
        "newsContent": "개그우먼 심진화의 다이어트 근황이 눈길을 끌었다.\n심진화는 지난달 20일 MBC FM4U ‘정오의 희망곡 김신영입니다’에 출연해 “다이어트로 11kg 정도 감량했다”고 밝혔다.\n이후 심진화는 SNS를 통해 꾸준히 다이어트 중임을 알렸다.\n특히 그의 인스타그램에 게재된 사진은 네티즌의 눈길을 끌었다.\n공개된 사진에서 그는 체중 감량으로 몰라보게 날씬해진 모습이었다.\n심진화는 SNS를 통해 다이어트 비법을 공유하기도 했다.\n그는 \\\"가장 효과적인 방법은 운동\\\"이라며 \\\"지난해 10월부터 현재까지 일주일에 6회정도 운동을 했다\\\"고 했다.\n앞서 그는 2012년 한 방송에서 동료 개그맨이자 남편인 김원효와 결혼한 후 17kg이 쪘다고 고백한 바 있다.",
        "partNum": "P2",
        "useType": 0,
        "processType": "D",
        "processPattern": "23",
        "processLevel": "중",
        "sentenceCount": 8,
        "processSentencenum": 2,
        "sentenceInfo": [
            {
                "sentenceNo": 1,
                "sentenceContent": "개그우먼 심진화의 다이어트 근황이 눈길을 끌었다.",
                "sentenceSize": 27
            },
            {
                "sentenceNo": 2,
                "sentenceContent": "심진화는 지난달 20일 MBC FM4U ‘정오의 희망곡 김신영입니다’에 출연해 “다이어트로 11kg 정도 감량했다”고 밝혔다.",
                "sentenceSize": 70
            },
            {
                "sentenceNo": 3,
                "sentenceContent": "이후 심진화는 SNS를 통해 꾸준히 다이어트 중임을 알렸다.",
                "sentenceSize": 33
            },
            {
                "sentenceNo": 4,
                "sentenceContent": "특히 그의 인스타그램에 게재된 사진은 네티즌의 눈길을 끌었다.",
                "sentenceSize": 34
            },
            {
                "sentenceNo": 5,
                "sentenceContent": "공개된 사진에서 그는 체중 감량으로 몰라보게 날씬해진 모습이었다.",
                "sentenceSize": 36
            },
            {
                "sentenceNo": 6,
                "sentenceContent": "심진화는 SNS를 통해 다이어트 비법을 공유하기도 했다.",
                "sentenceSize": 31
            },
            {
                "sentenceNo": 7,
                "sentenceContent": "그는 \\\"가장 효과적인 방법은 운동\\\"이라며 \\\"지난해 10월부터 현재까지 일주일에 6회정도 운동을 했다\\\"고 했다.",
                "sentenceSize": 65
            },
            {
                "sentenceNo": 8,
                "sentenceContent": "앞서 그는 2012년 한 방송에서 동료 개그맨이자 남편인 김원효와 결혼한 후 17kg이 쪘다고 고백한 바 있다.",
                "sentenceSize": 62
            }
        ]
    },
    "labeledDataInfo": {
        "processSentenceInfo": [
            {
                "sentenceNo": 1,
                "sentenceContent": "개그우먼 심진화의 다이어트 근황이 눈길을 끌었다.",
                "subjectConsistencyYn": "Y"
            },
            {
                "sentenceNo": 2,
                "sentenceContent": "심진화는 지난달 20일 MBC FM4U ‘정오의 희망곡 김신영입니다’에 출연해 “다이어트로 11kg 정도 감량했다”고 밝혔다.",
                "subjectConsistencyYn": "Y"
            },
            {
                "sentenceNo": 3,
                "sentenceContent": "이후 심진화는 SNS를 통해 꾸준히 다이어트 중임을 알렸다.",
                "subjectConsistencyYn": "Y"
            },
            {
                "sentenceNo": 4,
                "sentenceContent": "특히 그의 인스타그램에 게재된 사진은 네티즌의 눈길을 끌었다.",
                "subjectConsistencyYn": "Y"
            },
            {
                "sentenceNo": 5,
                "sentenceContent": "공개된 사진에서 그는 체중 감량으로 몰라보게 날씬해진 모습이었다.",
                "subjectConsistencyYn": "Y"
            },
            {
                "sentenceNo": 6,
                "sentenceContent": "심진화는 SNS를 통해 다이어트 비법을 공유하기도 했다.",
                "subjectConsistencyYn": "Y"
            },
            {
                "sentenceNo": 7,
                "sentenceContent": "그는 \\\"가장 효과적인 방법은 운동\\\"이라며 \\\"지난해 10월부터 현재까지 일주일에 6회정도 운동을 했다\\\"고 했다.",
                "subjectConsistencyYn": "Y"
            },
            {
                "sentenceNo": 8,
                "sentenceContent": "앞서 그는 2012년 한 방송에서 동료 개그맨이자 남편인 김원효와 결혼한 후 17kg이 쪘다고 고백한 바 있다.",
                "subjectConsistencyYn": "Y"
            },
            {
                "sentenceNo": 9,
                "sentenceContent": "운동으로 11kg 감량한 심진화와 달리 다이어트에 지속해서 실패하는 사람들을 위해 푸드올로지가 전문가와의 상담 결과를 바탕으로 건강기능식품 추천 및 건강관리 코칭을 제공하는 ‘1:1 맞춤 상담 서비스’를 신설했다고 30일 밝혔다.",
                "subjectConsistencyYn": "N"
            },
            {
                "sentenceNo": 10,
                "sentenceContent": "상담은 푸드올로지 공식 몰의 ‘1:1 맞춤 상담’ 메뉴를 통해 간편하게 신청할 수 있으며 건강 관리사가 직접 소비자의 나이, 성별, 생활 식습관 등을 자세히 분석해 영양, 운동, 스트레스, 비만, 체형관리를 위한 코칭을 제공한다.",
                "subjectConsistencyYn": "N"
            }
        ],
        "clickbaitClass": 0
    }
}