{
    "sourceDataInfo": {
        "newsID": "ET_M03_627421",
        "newsCategory": "연예",
        "newsSubcategory": "연예가화제",
        "newsTitle": "가인 \\\"무슨일 있었어요?\\\" 주지훈과 악성루머 후 심경고백",
        "newsSubTitle": "",
        "newsContent": "최근 연인 주지훈과의 악성루머로 곤욕을 치른 가인이 자신의 인스타그램을 통해 근황을 공개했다.\n가인은 24일 자신의 인스타그램에 \\\"무슨 일 있었냐\\\"며 \\\"팬 분들 많이 속상했지 이 언니가 화 풀어줄 테니까 조금만 기다려 봐\\\"라는 글과 함께 사진을 여러장 공개했다.\n가인은 선글라스를 쓰고 무심한 표정으로 뒤를 돌아보며 사진을 찍었다.\n가인은 최근 공개연인 주지훈과 악성 루머에 시달린 바 있다.\n지난 20일 한 매체는 주지훈과 가인의 사생활이 담긴 사진이 온라인상에 공개됐다고 보도했다.\n그러나 주지훈과 가인의 소속사는 \\\"악성 루머는 사실이 아니다\\\"라며 \\\"최초 유포자 및 최초 보도매체에 대해 법적 책임을 물을 것\\\"이라고 밝혔다.",
        "partNum": "P2",
        "useType": 0,
        "processType": "D",
        "processPattern": "23",
        "processLevel": "중",
        "sentenceCount": 6,
        "processSentencenum": 3,
        "sentenceInfo": [
            {
                "sentenceNo": 1,
                "sentenceContent": "최근 연인 주지훈과의 악성루머로 곤욕을 치른 가인이 자신의 인스타그램을 통해 근황을 공개했다.",
                "sentenceSize": 52
            },
            {
                "sentenceNo": 2,
                "sentenceContent": "가인은 24일 자신의 인스타그램에 \\\"무슨 일 있었냐\\\"며 \\\"팬 분들 많이 속상했지 이 언니가 화 풀어줄 테니까 조금만 기다려 봐\\\"라는 글과 함께 사진을 여러장 공개했다.",
                "sentenceSize": 97
            },
            {
                "sentenceNo": 3,
                "sentenceContent": "가인은 선글라스를 쓰고 무심한 표정으로 뒤를 돌아보며 사진을 찍었다.",
                "sentenceSize": 38
            },
            {
                "sentenceNo": 4,
                "sentenceContent": "가인은 최근 공개연인 주지훈과 악성 루머에 시달린 바 있다.",
                "sentenceSize": 33
            },
            {
                "sentenceNo": 5,
                "sentenceContent": "지난 20일 한 매체는 주지훈과 가인의 사생활이 담긴 사진이 온라인상에 공개됐다고 보도했다.",
                "sentenceSize": 51
            },
            {
                "sentenceNo": 6,
                "sentenceContent": "그러나 주지훈과 가인의 소속사는 \\\"악성 루머는 사실이 아니다\\\"라며 \\\"최초 유포자 및 최초 보도매체에 대해 법적 책임을 물을 것\\\"이라고 밝혔다.",
                "sentenceSize": 83
            }
        ]
    },
    "labeledDataInfo": {
        "processSentenceInfo": [
            {
                "sentenceNo": 1,
                "sentenceContent": "최근 연인 주지훈과의 악성루머로 곤욕을 치른 가인이 자신의 인스타그램을 통해 근황을 공개했다.",
                "subjectConsistencyYn": "Y"
            },
            {
                "sentenceNo": 2,
                "sentenceContent": "가인은 24일 자신의 인스타그램에 \\\"무슨 일 있었냐\\\"며 \\\"팬 분들 많이 속상했지 이 언니가 화 풀어줄 테니까 조금만 기다려 봐\\\"라는 글과 함께 사진을 여러장 공개했다.",
                "subjectConsistencyYn": "Y"
            },
            {
                "sentenceNo": 3,
                "sentenceContent": "가인은 선글라스를 쓰고 무심한 표정으로 뒤를 돌아보며 사진을 찍었다.",
                "subjectConsistencyYn": "Y"
            },
            {
                "sentenceNo": 4,
                "sentenceContent": "가인은 최근 공개연인 주지훈과 악성 루머에 시달린 바 있다.",
                "subjectConsistencyYn": "Y"
            },
            {
                "sentenceNo": 5,
                "sentenceContent": "지난 20일 한 매체는 주지훈과 가인의 사생활이 담긴 사진이 온라인상에 공개됐다고 보도했다.",
                "subjectConsistencyYn": "Y"
            },
            {
                "sentenceNo": 6,
                "sentenceContent": "그러나 주지훈과 가인의 소속사는 \\\"악성 루머는 사실이 아니다\\\"라며 \\\"최초 유포자 및 최초 보도매체에 대해 법적 책임을 물을 것\\\"이라고 밝혔다.",
                "subjectConsistencyYn": "Y"
            },
            {
                "sentenceNo": 7,
                "sentenceContent": "한편, 영화 배우인 주지훈은 박성웅과 새 영화 ‘젠틀맨’의 촬영을 마치고 후반 작업을 거쳐 내년 극장과 웨이브에서 공개될 예정이라고 전했다.",
                "subjectConsistencyYn": "N"
            },
            {
                "sentenceNo": 8,
                "sentenceContent": "범죄 오락물인 ‘젠틀맨’에서 주지훈은 납치 사건의 용의자 누명을 벗기 위해 검사 행세를 하게 되는 흥신소 사장 지현수 역을 맡았고, 박성웅은 악의 축인 대형 로펌 대표 권도훈 역을, 최성은은 지현수와 공조해 권도훈을 추적하는 엘리트 검사 김화진 역을 각각 연기한다.",
                "subjectConsistencyYn": "N"
            },
            {
                "sentenceNo": 9,
                "sentenceContent": "이 작품은 토종 OTT(인터넷 동영상 스트리밍 서비스) 웨이브의 첫 오리지널 영화다.",
                "subjectConsistencyYn": "N"
            }
        ],
        "clickbaitClass": 0
    }
}