{
    "sourceDataInfo": {
        "newsID": "ET_M03_627400",
        "newsCategory": "연예",
        "newsSubcategory": "연예가화제",
        "newsTitle": "비욘세, VMA에 경찰에 살해된 흑인 소년 가족 초대",
        "newsSubTitle": "",
        "newsContent": "가수 비욘세(34)가 뉴욕에서 개최된 음악 전문 방송국 MTV 주최의 비디오 뮤직 어워드(VMA) 시상식에 경찰에 살해 당한 무고한 4명의 흑인 소년 어머니들을 초대했다.\n이날 비욘세는 은색 롱 드레스를 입은 채 게스트로 등장한 4명의 흑인 소년 어머니들과 함께 레드카펫에 올라 인권 문제에 항의했다.\n앞서 4명의 소년들은 모두 무기를 가지고 있지 않았음에도 현지 경찰에 살해됐다.\n이는 이후 인종 문제로 번졌고 시위도 일어났다.\n비욘세는 이 시위를 공개적으로 지지해왔다.\n이날 VMA에 참석한 3명의 어머니는 비욘세의 최신 앨범 '레모네이드' 뮤직비디오에도 출연한 바 있다.\n한편 비욘세는 이날 최우수비디오상, 최우수여성아티스트비디오상 등 8개 부문을 차지했다.",
        "partNum": "P2",
        "useType": 0,
        "processType": "D",
        "processPattern": "23",
        "processLevel": "중",
        "sentenceCount": 7,
        "processSentencenum": 3,
        "sentenceInfo": [
            {
                "sentenceNo": 1,
                "sentenceContent": "가수 비욘세(34)가 뉴욕에서 개최된 음악 전문 방송국 MTV 주최의 비디오 뮤직 어워드(VMA) 시상식에 경찰에 살해 당한 무고한 4명의 흑인 소년 어머니들을 초대했다.",
                "sentenceSize": 95
            },
            {
                "sentenceNo": 2,
                "sentenceContent": "이날 비욘세는 은색 롱 드레스를 입은 채 게스트로 등장한 4명의 흑인 소년 어머니들과 함께 레드카펫에 올라 인권 문제에 항의했다.",
                "sentenceSize": 72
            },
            {
                "sentenceNo": 3,
                "sentenceContent": "앞서 4명의 소년들은 모두 무기를 가지고 있지 않았음에도 현지 경찰에 살해됐다.",
                "sentenceSize": 44
            },
            {
                "sentenceNo": 4,
                "sentenceContent": "이는 이후 인종 문제로 번졌고 시위도 일어났다.",
                "sentenceSize": 26
            },
            {
                "sentenceNo": 5,
                "sentenceContent": "비욘세는 이 시위를 공개적으로 지지해왔다.",
                "sentenceSize": 23
            },
            {
                "sentenceNo": 6,
                "sentenceContent": "이날 VMA에 참석한 3명의 어머니는 비욘세의 최신 앨범 '레모네이드' 뮤직비디오에도 출연한 바 있다.",
                "sentenceSize": 57
            },
            {
                "sentenceNo": 7,
                "sentenceContent": "한편 비욘세는 이날 최우수비디오상, 최우수여성아티스트비디오상 등 8개 부문을 차지했다.",
                "sentenceSize": 48
            }
        ]
    },
    "labeledDataInfo": {
        "processSentenceInfo": [
            {
                "sentenceNo": 1,
                "sentenceContent": "가수 비욘세(34)가 뉴욕에서 개최된 음악 전문 방송국 MTV 주최의 비디오 뮤직 어워드(VMA) 시상식에 경찰에 살해 당한 무고한 4명의 흑인 소년 어머니들을 초대했다.",
                "subjectConsistencyYn": "Y"
            },
            {
                "sentenceNo": 2,
                "sentenceContent": "이날 비욘세는 은색 롱 드레스를 입은 채 게스트로 등장한 4명의 흑인 소년 어머니들과 함께 레드카펫에 올라 인권 문제에 항의했다.",
                "subjectConsistencyYn": "Y"
            },
            {
                "sentenceNo": 3,
                "sentenceContent": "앞서 4명의 소년들은 모두 무기를 가지고 있지 않았음에도 현지 경찰에 살해됐다.",
                "subjectConsistencyYn": "Y"
            },
            {
                "sentenceNo": 4,
                "sentenceContent": "이는 이후 인종 문제로 번졌고 시위도 일어났다.",
                "subjectConsistencyYn": "Y"
            },
            {
                "sentenceNo": 5,
                "sentenceContent": "비욘세는 이 시위를 공개적으로 지지해왔다.",
                "subjectConsistencyYn": "Y"
            },
            {
                "sentenceNo": 6,
                "sentenceContent": "이날 VMA에 참석한 3명의 어머니는 비욘세의 최신 앨범 '레모네이드' 뮤직비디오에도 출연한 바 있다.",
                "subjectConsistencyYn": "Y"
            },
            {
                "sentenceNo": 7,
                "sentenceContent": "한편 비욘세는 이날 최우수비디오상, 최우수여성아티스트비디오상 등 8개 부문을 차지했다.",
                "subjectConsistencyYn": "Y"
            },
            {
                "sentenceNo": 8,
                "sentenceContent": "이밖에도 비디오 뮤직 어워드 시상식에서 8개 부문 수상으로 국내외를 뜨겁게 달군 비욘세는 SNS를 통해 오는 10월 20일~21일 양일간 서울 올림픽 공원 체조경기장에서 2년 만에 열리는 내한 공연에 대한 소식도 전했다.",
                "subjectConsistencyYn": "N"
            },
            {
                "sentenceNo": 9,
                "sentenceContent": "올해 3월부터 캐나다를 시작으로, 유럽, 전미지역을 거쳐 호주, 아시아 지역으로 이어지는 '아이 엠 월드투어'의 일환이다.",
                "subjectConsistencyYn": "N"
            },
            {
                "sentenceNo": 10,
                "sentenceContent": "마침내 한국에 상륙하게 된 최고의 팝가수, 비욘세 '아이 엠 투어 인 서울!' 공연은 지정 예매처 옥션티켓과 YES24를 통해 오는 목요일 9월 10일 1차 티켓 예매를 시작, 스탠딩 좌석부터 오픈을 앞두고 있다.",
                "subjectConsistencyYn": "N"
            }
        ],
        "clickbaitClass": 0
    }
}