{
    "sourceDataInfo": {
        "newsID": "ET_M03_627529",
        "newsCategory": "연예",
        "newsSubcategory": "연예가화제",
        "newsTitle": "슈가맨 황치열, \\\"서울말 쓰면 손발이 이렇게 된다?\\\" 폭소",
        "newsSubTitle": "",
        "newsContent": "슈가맨 황치열, \\\"포털에 나이 감춰\\\" 몇살이기에 ‘슈가맨’ 황치열이 자신의 나이에 대해 언급했다.\n지난 10일 방송된 JTBC ‘투유 프로젝트-슈가맨(이하 슈가맨)’에서는 황치열, 백아연, 10cm가 쇼맨으로 등장했다.\n이날 ‘슈가맨’에서 유재석은 황치열에 대해 “노래를 얼마나 잘하는지 모른다. 깜짝 놀란다”고 말했고 유희열은 “오늘 나오신다고 하셔서 어떤 분인지 찾아봤는데 나이가 안 뜨더라”라고 말했다.\n이에 황치열은 “사이트에 감춰뒀다. 겉모습으로 봤을 때는 ‘저 정도 나이는 아닌데’라는 느낌이 있어서 숨겨 놓으면 어리게 봐주시지 않을까 해서 요청했다”고 말해 폭소케 했다.\n또 황치열은 \\\"요즘 가요계에 드문 친근한 억양이다\\\"라는 유희열의 질문에 \\\"서울말을 쓸 수 있긴 하다\\\"고 말했다.\n이어 \\\"그런데 서울말을 쓰면 손발이 이렇게 된다. 손이 왜 이렇게 오그라들어있지?\\\"라고 말하며 손을 오므리는 모습을 보였다.\n황치열의 예능감에 유희열은 \\\"희극인 출신 아니죠?\\\"라고 물었고, 유재석은 \\\"노래를 얼마나 잘하는지 모른다\\\"며 가수 능력을 강조했다.\n한편 이날 ‘슈가맨’ 황치열은 82년생 개띠라고 고백했다.\n온라인 중앙일보 '슈가맨 황치열'",
        "partNum": "P2",
        "useType": 0,
        "processType": "D",
        "processPattern": "23",
        "processLevel": "중",
        "sentenceCount": 9,
        "processSentencenum": 2,
        "sentenceInfo": [
            {
                "sentenceNo": 1,
                "sentenceContent": "슈가맨 황치열, \\\"포털에 나이 감춰\\\" 몇살이기에 ‘슈가맨’ 황치열이 자신의 나이에 대해 언급했다.",
                "sentenceSize": 56
            },
            {
                "sentenceNo": 2,
                "sentenceContent": "지난 10일 방송된 JTBC ‘투유 프로젝트-슈가맨(이하 슈가맨)’에서는 황치열, 백아연, 10cm가 쇼맨으로 등장했다.",
                "sentenceSize": 67
            },
            {
                "sentenceNo": 3,
                "sentenceContent": "이날 ‘슈가맨’에서 유재석은 황치열에 대해 “노래를 얼마나 잘하는지 모른다. 깜짝 놀란다”고 말했고 유희열은 “오늘 나오신다고 하셔서 어떤 분인지 찾아봤는데 나이가 안 뜨더라”라고 말했다.",
                "sentenceSize": 105
            },
            {
                "sentenceNo": 4,
                "sentenceContent": "이에 황치열은 “사이트에 감춰뒀다. 겉모습으로 봤을 때는 ‘저 정도 나이는 아닌데’라는 느낌이 있어서 숨겨 놓으면 어리게 봐주시지 않을까 해서 요청했다”고 말해 폭소케 했다.",
                "sentenceSize": 97
            },
            {
                "sentenceNo": 5,
                "sentenceContent": "또 황치열은 \\\"요즘 가요계에 드문 친근한 억양이다\\\"라는 유희열의 질문에 \\\"서울말을 쓸 수 있긴 하다\\\"고 말했다.",
                "sentenceSize": 66
            },
            {
                "sentenceNo": 6,
                "sentenceContent": "이어 \\\"그런데 서울말을 쓰면 손발이 이렇게 된다. 손이 왜 이렇게 오그라들어있지?\\\"라고 말하며 손을 오므리는 모습을 보였다.",
                "sentenceSize": 71
            },
            {
                "sentenceNo": 7,
                "sentenceContent": "황치열의 예능감에 유희열은 \\\"희극인 출신 아니죠?\\\"라고 물었고, 유재석은 \\\"노래를 얼마나 잘하는지 모른다\\\"며 가수 능력을 강조했다.",
                "sentenceSize": 77
            },
            {
                "sentenceNo": 8,
                "sentenceContent": "한편 이날 ‘슈가맨’ 황치열은 82년생 개띠라고 고백했다.",
                "sentenceSize": 32
            },
            {
                "sentenceNo": 9,
                "sentenceContent": "온라인 중앙일보 '슈가맨 황치열'",
                "sentenceSize": 18
            }
        ]
    },
    "labeledDataInfo": {
        "processSentenceInfo": [
            {
                "sentenceNo": 1,
                "sentenceContent": "슈가맨 황치열, \\\"포털에 나이 감춰\\\" 몇살이기에 ‘슈가맨’ 황치열이 자신의 나이에 대해 언급했다.",
                "subjectConsistencyYn": "Y"
            },
            {
                "sentenceNo": 2,
                "sentenceContent": "지난 10일 방송된 JTBC ‘투유 프로젝트-슈가맨(이하 슈가맨)’에서는 황치열, 백아연, 10cm가 쇼맨으로 등장했다.",
                "subjectConsistencyYn": "Y"
            },
            {
                "sentenceNo": 3,
                "sentenceContent": "이날 ‘슈가맨’에서 유재석은 황치열에 대해 “노래를 얼마나 잘하는지 모른다. 깜짝 놀란다”고 말했고 유희열은 “오늘 나오신다고 하셔서 어떤 분인지 찾아봤는데 나이가 안 뜨더라”라고 말했다.",
                "subjectConsistencyYn": "Y"
            },
            {
                "sentenceNo": 4,
                "sentenceContent": "이에 황치열은 “사이트에 감춰뒀다. 겉모습으로 봤을 때는 ‘저 정도 나이는 아닌데’라는 느낌이 있어서 숨겨 놓으면 어리게 봐주시지 않을까 해서 요청했다”고 말해 폭소케 했다.",
                "subjectConsistencyYn": "Y"
            },
            {
                "sentenceNo": 5,
                "sentenceContent": "또 황치열은 \\\"요즘 가요계에 드문 친근한 억양이다\\\"라는 유희열의 질문에 \\\"서울말을 쓸 수 있긴 하다\\\"고 말했다.",
                "subjectConsistencyYn": "Y"
            },
            {
                "sentenceNo": 6,
                "sentenceContent": "이어 \\\"그런데 서울말을 쓰면 손발이 이렇게 된다. 손이 왜 이렇게 오그라들어있지?\\\"라고 말하며 손을 오므리는 모습을 보였다.",
                "subjectConsistencyYn": "Y"
            },
            {
                "sentenceNo": 7,
                "sentenceContent": "황치열의 예능감에 유희열은 \\\"희극인 출신 아니죠?\\\"라고 물었고, 유재석은 \\\"노래를 얼마나 잘하는지 모른다\\\"며 가수 능력을 강조했다.",
                "subjectConsistencyYn": "Y"
            },
            {
                "sentenceNo": 8,
                "sentenceContent": "한편 이날 ‘슈가맨’ 황치열은 82년생 개띠라고 고백했다.",
                "subjectConsistencyYn": "Y"
            },
            {
                "sentenceNo": 9,
                "sentenceContent": "온라인 중앙일보 '슈가맨 황치열'",
                "subjectConsistencyYn": "Y"
            },
            {
                "sentenceNo": 10,
                "sentenceContent": "지난 10일 방송된 JTBC 투유 프로젝트-슈가맨에 황치열이 쇼맨으로 등장한 가운데, 황치열이 광고 모델로 활동하고 있는 GC케어에서 출시된 앱 '어떠케어'가 앱 어워드 코리아 2022에서 '디지털 헬스케어 부문' 대상을 수상하며 주목받고 있다. ",
                "subjectConsistencyYn": "N"
            },
            {
                "sentenceNo": 11,
                "sentenceContent": "'어떠케어' 앱에서는 건강검진 예약부터 생활 습관 관리까지 무료로 제공하고 있으며 500여 개 건강검진센터의 상품을 비교 후 최대 49% 할인가에 검진받을 수 있다. ",
                "subjectConsistencyYn": "N"
            }
        ],
        "clickbaitClass": 0
    }
}