{
    "sourceDataInfo": {
        "newsID": "ET_M03_627836",
        "newsCategory": "연예",
        "newsSubcategory": "연예가화제",
        "newsTitle": "‘진짜 사나이’ 신소율, 몰래 숨겨온 화장품 …소대장 \\\"지켜보겠다\\\"",
        "newsSubTitle": "",
        "newsContent": "‘진짜 사나이’에 출연중인 신소율이 금지 물품인 화장품을 들여 왔다가, 소지품 검사에서 적발됐다.\n8월 30일 방영된 MBC ‘일밤-진짜 사나이’ 여군특집 3기에서는 특수부대에서 군생활을 시작하는 멤버들의 모습이 펼쳐졌다.\n이날 방송에서는 멤버들이 처음으로 생활관에 입소한 뒤 5분 간 짐정리를 하는 모습이 그려졌다.\n이 때 소대장이 소지품 검사를 시작했고, 각자 반입 금지 물품을 정리하고 내놓는 시간을 가졌다.\n소대장은 신소율의 소지품을 검사하며 속옷이 담겨온 주머니를 뒤졌다.\n그 안에서 틴트와 눈썹을 그리는 화장품 등이 등장했고, 소대장의 추궁에 신소율은 \\\"혹시 몰라서 숨겨왔다\\\"고 자백했다.\n소대장은 \\\"사람은 첫인상이 중요한데 신소율 후보생 앞으로 지켜보겠다\\\"고 말해 보는 이로 하여금 긴장감을 자아냈다.",
        "partNum": "P2",
        "useType": 0,
        "processType": "D",
        "processPattern": "23",
        "processLevel": "중",
        "sentenceCount": 7,
        "processSentencenum": 3,
        "sentenceInfo": [
            {
                "sentenceNo": 1,
                "sentenceContent": "‘진짜 사나이’에 출연중인 신소율이 금지 물품인 화장품을 들여 왔다가, 소지품 검사에서 적발됐다.",
                "sentenceSize": 54
            },
            {
                "sentenceNo": 2,
                "sentenceContent": "8월 30일 방영된 MBC ‘일밤-진짜 사나이’ 여군특집 3기에서는 특수부대에서 군생활을 시작하는 멤버들의 모습이 펼쳐졌다.",
                "sentenceSize": 69
            },
            {
                "sentenceNo": 3,
                "sentenceContent": "이날 방송에서는 멤버들이 처음으로 생활관에 입소한 뒤 5분 간 짐정리를 하는 모습이 그려졌다.",
                "sentenceSize": 52
            },
            {
                "sentenceNo": 4,
                "sentenceContent": "이 때 소대장이 소지품 검사를 시작했고, 각자 반입 금지 물품을 정리하고 내놓는 시간을 가졌다.",
                "sentenceSize": 53
            },
            {
                "sentenceNo": 5,
                "sentenceContent": "소대장은 신소율의 소지품을 검사하며 속옷이 담겨온 주머니를 뒤졌다.",
                "sentenceSize": 37
            },
            {
                "sentenceNo": 6,
                "sentenceContent": "그 안에서 틴트와 눈썹을 그리는 화장품 등이 등장했고, 소대장의 추궁에 신소율은 \\\"혹시 몰라서 숨겨왔다\\\"고 자백했다.",
                "sentenceSize": 67
            },
            {
                "sentenceNo": 7,
                "sentenceContent": "소대장은 \\\"사람은 첫인상이 중요한데 신소율 후보생 앞으로 지켜보겠다\\\"고 말해 보는 이로 하여금 긴장감을 자아냈다.",
                "sentenceSize": 65
            }
        ]
    },
    "labeledDataInfo": {
        "processSentenceInfo": [
            {
                "sentenceNo": 1,
                "sentenceContent": "‘진짜 사나이’에 출연중인 신소율이 금지 물품인 화장품을 들여 왔다가, 소지품 검사에서 적발됐다.",
                "subjectConsistencyYn": "Y"
            },
            {
                "sentenceNo": 2,
                "sentenceContent": "8월 30일 방영된 MBC ‘일밤-진짜 사나이’ 여군특집 3기에서는 특수부대에서 군생활을 시작하는 멤버들의 모습이 펼쳐졌다.",
                "subjectConsistencyYn": "Y"
            },
            {
                "sentenceNo": 3,
                "sentenceContent": "이날 방송에서는 멤버들이 처음으로 생활관에 입소한 뒤 5분 간 짐정리를 하는 모습이 그려졌다.",
                "subjectConsistencyYn": "Y"
            },
            {
                "sentenceNo": 4,
                "sentenceContent": "이 때 소대장이 소지품 검사를 시작했고, 각자 반입 금지 물품을 정리하고 내놓는 시간을 가졌다.",
                "subjectConsistencyYn": "Y"
            },
            {
                "sentenceNo": 5,
                "sentenceContent": "소대장은 신소율의 소지품을 검사하며 속옷이 담겨온 주머니를 뒤졌다.",
                "subjectConsistencyYn": "Y"
            },
            {
                "sentenceNo": 6,
                "sentenceContent": "그 안에서 틴트와 눈썹을 그리는 화장품 등이 등장했고, 소대장의 추궁에 신소율은 \\\"혹시 몰라서 숨겨왔다\\\"고 자백했다.",
                "subjectConsistencyYn": "Y"
            },
            {
                "sentenceNo": 7,
                "sentenceContent": "소대장은 \\\"사람은 첫인상이 중요한데 신소율 후보생 앞으로 지켜보겠다\\\"고 말해 보는 이로 하여금 긴장감을 자아냈다.",
                "subjectConsistencyYn": "Y"
            },
            {
                "sentenceNo": 8,
                "sentenceContent": "한편, '진짜 사나이: 여군 특집'이 일요일 종합 예능 코너별 시청률 경쟁에서 접전 끝에 1위를 기록하고 있는 가운데, 군대 생활에 대한 세간의 관심이 높아지고 있다.",
                "subjectConsistencyYn": "N"
            },
            {
                "sentenceNo": 9,
                "sentenceContent": "계룡대에서 운영하는 '나라 사랑 계룡대 견학'은 초, 중, 고등학생 및 대학생, 일반인 및 예비역들이 계룡대를 방문하여 다양한 프로그램을 체험할 수 있는 프로그램이다.",
                "subjectConsistencyYn": "N"
            },
            {
                "sentenceNo": 10,
                "sentenceContent": "이 프로그램은 무료이며, 견학 신청은 최소 2주 전 홈페이지에서 사전 예약을 통해 진행되므로 관심이 있는 분들, 학부모님들, 선생님들은 계룡대 홈페이지를 방문하면 된다.",
                "subjectConsistencyYn": "N"
            }
        ],
        "clickbaitClass": 0
    }
}