{
    "sourceDataInfo": {
        "newsID": "ET_M03_627503",
        "newsCategory": "연예",
        "newsSubcategory": "연예가화제",
        "newsTitle": "‘백종원의 3대 천왕’ 국수, 옥천 어탕국수 먹고 “면 탄력이 남달라” 극찬",
        "newsSubTitle": "",
        "newsContent": "‘백종원의 3대 천왕’ 국수, 옥천 어탕국수 먹고 “면 탄력이 남달라” 극찬 18일 밤 방송된 SBS 예능프로그램 '백종원의 3대 천왕'에서는 백종원, 이휘재, 김준현과 게스트 걸그룹 러블리즈가 출연한 가운데 담양 옥천 제주도의 국수 3대천왕 등 국수 맛집이 소개됐다.\n이날 백종원은 담양 멸치국수, 제주도의 돔베고기가 올라간 제주 고기국수, 옥천 어탕국수 식당을 찾았다.\n가장 먼저 백종원이 맛 본 것은 도리뱅뱅이었다.\n도리뱅뱅은 피라미를 냄비에 동그랗게 깔고 기름에 살짝 튀겨 고추장 양념을 버무려 깻잎과 함께 낸 생선양념튀김 요리로 백종원은 \\\"멸치 맛이 하나도 안 나는 멸치다. 고추장 넣어서 맛있다\\\"고 평가했다.\n이어 어탕국수의 맛을 본 백종원은 나직히 \\\"맛있네\\\"라고 감탄하며 연이어 \\\"국물이 정말 진하다\\\"며 연신 극찬을 했다.\n또한 백종원은 어탕국수의 면 탄력이 남다르다며 감탄하며 추어탕보다 맛있다고 말해 출연진의 입맛을 다시게 했다.\n마지막으로 어탕국수에 밥을 말아 어죽으로 만들어 맛있게 먹은 백종원은 \\\"정말 맛있다\\\"는 멘트와 함께 감탄을 자아냈다.\n백종원은 줄서서 먹는 제주 고기국수 맛집도 찾았다.\n백종원은 고기국수의 맛에 푹 빠져서 말 하는 것도 잊은 채 열심히 국수를 들이켰다.\n특히 진한 국물 맛에 심취해 사발을 들고 국물을 들이키기도 했다.\n한참을 먹기만 하던 백종원. 그는 “국물 먹고 술 땡기는데? 국물 진짜 진하네”라며 소주 한 잔을 그리워했다.\n한편 ‘백종원의 3대천왕’은 대한민국 방방곡곡에 숨어 있는 각 분야 TOP3 맛집 고수들이 요리 월드컵을 벌이는 색다른 쿡방 프로그램이다. ‘백종원의 3대천왕 국수’ ‘백종원의 3대천왕 국수’ 온라인 중앙일보 [사진 SBS ‘백종원의 3대천왕’ 캡처]",
        "partNum": "P2",
        "useType": 0,
        "processType": "D",
        "processPattern": "23",
        "processLevel": "중",
        "sentenceCount": 12,
        "processSentencenum": 4,
        "sentenceInfo": [
            {
                "sentenceNo": 1,
                "sentenceContent": "‘백종원의 3대 천왕’ 국수, 옥천 어탕국수 먹고 “면 탄력이 남달라” 극찬 18일 밤 방송된 SBS 예능프로그램 '백종원의 3대 천왕'에서는 백종원, 이휘재, 김준현과 게스트 걸그룹 러블리즈가 출연한 가운데 담양 옥천 제주도의 국수 3대천왕 등 국수 맛집이 소개됐다.",
                "sentenceSize": 150
            },
            {
                "sentenceNo": 2,
                "sentenceContent": "이날 백종원은 담양 멸치국수, 제주도의 돔베고기가 올라간 제주 고기국수, 옥천 어탕국수 식당을 찾았다.",
                "sentenceSize": 57
            },
            {
                "sentenceNo": 3,
                "sentenceContent": "가장 먼저 백종원이 맛 본 것은 도리뱅뱅이었다.",
                "sentenceSize": 26
            },
            {
                "sentenceNo": 4,
                "sentenceContent": "도리뱅뱅은 피라미를 냄비에 동그랗게 깔고 기름에 살짝 튀겨 고추장 양념을 버무려 깻잎과 함께 낸 생선양념튀김 요리로 백종원은 \\\"멸치 맛이 하나도 안 나는 멸치다. 고추장 넣어서 맛있다\\\"고 평가했다.",
                "sentenceSize": 112
            },
            {
                "sentenceNo": 5,
                "sentenceContent": "이어 어탕국수의 맛을 본 백종원은 나직히 \\\"맛있네\\\"라고 감탄하며 연이어 \\\"국물이 정말 진하다\\\"며 연신 극찬을 했다.",
                "sentenceSize": 68
            },
            {
                "sentenceNo": 6,
                "sentenceContent": "또한 백종원은 어탕국수의 면 탄력이 남다르다며 감탄하며 추어탕보다 맛있다고 말해 출연진의 입맛을 다시게 했다.",
                "sentenceSize": 61
            },
            {
                "sentenceNo": 7,
                "sentenceContent": "마지막으로 어탕국수에 밥을 말아 어죽으로 만들어 맛있게 먹은 백종원은 \\\"정말 맛있다\\\"는 멘트와 함께 감탄을 자아냈다.",
                "sentenceSize": 67
            },
            {
                "sentenceNo": 8,
                "sentenceContent": "백종원은 줄서서 먹는 제주 고기국수 맛집도 찾았다.",
                "sentenceSize": 28
            },
            {
                "sentenceNo": 9,
                "sentenceContent": "백종원은 고기국수의 맛에 푹 빠져서 말 하는 것도 잊은 채 열심히 국수를 들이켰다.",
                "sentenceSize": 46
            },
            {
                "sentenceNo": 10,
                "sentenceContent": "특히 진한 국물 맛에 심취해 사발을 들고 국물을 들이키기도 했다.",
                "sentenceSize": 36
            },
            {
                "sentenceNo": 11,
                "sentenceContent": "한참을 먹기만 하던 백종원. 그는 “국물 먹고 술 땡기는데? 국물 진짜 진하네”라며 소주 한 잔을 그리워했다.",
                "sentenceSize": 61
            },
            {
                "sentenceNo": 12,
                "sentenceContent": "한편 ‘백종원의 3대천왕’은 대한민국 방방곡곡에 숨어 있는 각 분야 TOP3 맛집 고수들이 요리 월드컵을 벌이는 색다른 쿡방 프로그램이다. ‘백종원의 3대천왕 국수’ ‘백종원의 3대천왕 국수’ 온라인 중앙일보 [사진 SBS ‘백종원의 3대천왕’ 캡처]",
                "sentenceSize": 140
            }
        ]
    },
    "labeledDataInfo": {
        "processSentenceInfo": [
            {
                "sentenceNo": 1,
                "sentenceContent": "‘백종원의 3대 천왕’ 국수, 옥천 어탕국수 먹고 “면 탄력이 남달라” 극찬 18일 밤 방송된 SBS 예능프로그램 '백종원의 3대 천왕'에서는 백종원, 이휘재, 김준현과 게스트 걸그룹 러블리즈가 출연한 가운데 담양 옥천 제주도의 국수 3대천왕 등 국수 맛집이 소개됐다.",
                "subjectConsistencyYn": "Y"
            },
            {
                "sentenceNo": 2,
                "sentenceContent": "이날 백종원은 담양 멸치국수, 제주도의 돔베고기가 올라간 제주 고기국수, 옥천 어탕국수 식당을 찾았다.",
                "subjectConsistencyYn": "Y"
            },
            {
                "sentenceNo": 3,
                "sentenceContent": "가장 먼저 백종원이 맛 본 것은 도리뱅뱅이었다.",
                "subjectConsistencyYn": "Y"
            },
            {
                "sentenceNo": 4,
                "sentenceContent": "도리뱅뱅은 피라미를 냄비에 동그랗게 깔고 기름에 살짝 튀겨 고추장 양념을 버무려 깻잎과 함께 낸 생선양념튀김 요리로 백종원은 \\\"멸치 맛이 하나도 안 나는 멸치다. 고추장 넣어서 맛있다\\\"고 평가했다.",
                "subjectConsistencyYn": "Y"
            },
            {
                "sentenceNo": 5,
                "sentenceContent": "이어 어탕국수의 맛을 본 백종원은 나직히 \\\"맛있네\\\"라고 감탄하며 연이어 \\\"국물이 정말 진하다\\\"며 연신 극찬을 했다.",
                "subjectConsistencyYn": "Y"
            },
            {
                "sentenceNo": 6,
                "sentenceContent": "또한 백종원은 어탕국수의 면 탄력이 남다르다며 감탄하며 추어탕보다 맛있다고 말해 출연진의 입맛을 다시게 했다.",
                "subjectConsistencyYn": "Y"
            },
            {
                "sentenceNo": 7,
                "sentenceContent": "마지막으로 어탕국수에 밥을 말아 어죽으로 만들어 맛있게 먹은 백종원은 \\\"정말 맛있다\\\"는 멘트와 함께 감탄을 자아냈다.",
                "subjectConsistencyYn": "Y"
            },
            {
                "sentenceNo": 8,
                "sentenceContent": "백종원은 줄서서 먹는 제주 고기국수 맛집도 찾았다.",
                "subjectConsistencyYn": "Y"
            },
            {
                "sentenceNo": 9,
                "sentenceContent": "백종원은 고기국수의 맛에 푹 빠져서 말 하는 것도 잊은 채 열심히 국수를 들이켰다.",
                "subjectConsistencyYn": "Y"
            },
            {
                "sentenceNo": 10,
                "sentenceContent": "특히 진한 국물 맛에 심취해 사발을 들고 국물을 들이키기도 했다.",
                "subjectConsistencyYn": "Y"
            },
            {
                "sentenceNo": 11,
                "sentenceContent": "한참을 먹기만 하던 백종원. 그는 “국물 먹고 술 땡기는데? 국물 진짜 진하네”라며 소주 한 잔을 그리워했다.",
                "subjectConsistencyYn": "Y"
            },
            {
                "sentenceNo": 12,
                "sentenceContent": "한편 ‘백종원의 3대천왕’은 대한민국 방방곡곡에 숨어 있는 각 분야 TOP3 맛집 고수들이 요리 월드컵을 벌이는 색다른 쿡방 프로그램이다. ‘백종원의 3대천왕 국수’ ‘백종원의 3대천왕 국수’ 온라인 중앙일보 [사진 SBS ‘백종원의 3대천왕’ 캡처]",
                "subjectConsistencyYn": "Y"
            },
            {
                "sentenceNo": 13,
                "sentenceContent": "또한, '백종원의 3대 천왕'으로 바쁜 일정속에서도 백종원은 ‘제20회 대한민국 막걸리 축제’에 참석한다.",
                "subjectConsistencyYn": "N"
            },
            {
                "sentenceNo": 14,
                "sentenceContent": "고양특례시 일산문화광장에서 8일 '제20회 대한민국 막걸리 축제'가 개막한다.",
                "subjectConsistencyYn": "N"
            },
            {
                "sentenceNo": 15,
                "sentenceContent": "11일까지 진행되는 이번 축제에 전국의 100여개 막걸리 업체가 참가하고, 팔도막걸리 전시장과 전문가 품평회, 막걸리 빚기 체험 등을 시민들을 위해 준비한다.",
                "subjectConsistencyYn": "N"
            },
            {
                "sentenceNo": 16,
                "sentenceContent": "자세한 사항은 고양시 홈페이지를 통해 문의 가능하며, 축제 참가 신청도 이달 5일부터 할 수 있다.",
                "subjectConsistencyYn": "N"
            }
        ],
        "clickbaitClass": 0
    }
}