{
    "sourceDataInfo": {
        "newsID": "ET_M03_627446",
        "newsCategory": "연예",
        "newsSubcategory": "연예가화제",
        "newsTitle": "신세경 악플러 고소, 초밀착 원피스에 드러난 S라인 몸매 '아찔'",
        "newsSubTitle": "",
        "newsContent": "배우 신세경이 악플러들을 고소한 가운데, 그의 과거 화보가 화제다.\n신세경은 과거 바자 화보에서 군살 없는 몸매를 드러내 눈길을 끌었다.\n신세경은 블랙 롱 드레스를 입고 고혹적인 매력을 뽐냈다.\n특히 튜브톱으로 과감하게 쇄골과 어깨라인을 드러내 섹시함을 더했다.\n한편 신세경의 소속사 나무엑터스는 2일 \\\"비방을 일삼는 악플러들을 지난 1일 강남경찰서에 명예훼손 및 모욕죄로 고소했다\\\"고 밝혔다.\n소속사 측은 “일부 악플러들이 아무런 근거 없는 허위사실을 유포하고, 인신공격적이며 모욕적인 댓글을 무차별적으로 계속하여 달고 있는 것에 소속사로서 깊은 분노를 느꼈으며, 이에 강력히 대응하기로 결정했다”며 “익명성에 숨어 유명인에게 무자비한 인신공격을 하는 행태는 앞으로도 근절돼야 할 것”이라고 설명했다.",
        "partNum": "P2",
        "useType": 0,
        "processType": "D",
        "processPattern": "23",
        "processLevel": "중",
        "sentenceCount": 6,
        "processSentencenum": 3,
        "sentenceInfo": [
            {
                "sentenceNo": 1,
                "sentenceContent": "배우 신세경이 악플러들을 고소한 가운데, 그의 과거 화보가 화제다.",
                "sentenceSize": 37
            },
            {
                "sentenceNo": 2,
                "sentenceContent": "신세경은 과거 바자 화보에서 군살 없는 몸매를 드러내 눈길을 끌었다.",
                "sentenceSize": 38
            },
            {
                "sentenceNo": 3,
                "sentenceContent": "신세경은 블랙 롱 드레스를 입고 고혹적인 매력을 뽐냈다.",
                "sentenceSize": 31
            },
            {
                "sentenceNo": 4,
                "sentenceContent": "특히 튜브톱으로 과감하게 쇄골과 어깨라인을 드러내 섹시함을 더했다.",
                "sentenceSize": 37
            },
            {
                "sentenceNo": 5,
                "sentenceContent": "한편 신세경의 소속사 나무엑터스는 2일 \\\"비방을 일삼는 악플러들을 지난 1일 강남경찰서에 명예훼손 및 모욕죄로 고소했다\\\"고 밝혔다.",
                "sentenceSize": 75
            },
            {
                "sentenceNo": 6,
                "sentenceContent": "소속사 측은 “일부 악플러들이 아무런 근거 없는 허위사실을 유포하고, 인신공격적이며 모욕적인 댓글을 무차별적으로 계속하여 달고 있는 것에 소속사로서 깊은 분노를 느꼈으며, 이에 강력히 대응하기로 결정했다”며 “익명성에 숨어 유명인에게 무자비한 인신공격을 하는 행태는 앞으로도 근절돼야 할 것”이라고 설명했다.",
                "sentenceSize": 172
            }
        ]
    },
    "labeledDataInfo": {
        "processSentenceInfo": [
            {
                "sentenceNo": 1,
                "sentenceContent": "배우 신세경이 악플러들을 고소한 가운데, 그의 과거 화보가 화제다.",
                "subjectConsistencyYn": "Y"
            },
            {
                "sentenceNo": 2,
                "sentenceContent": "신세경은 과거 바자 화보에서 군살 없는 몸매를 드러내 눈길을 끌었다.",
                "subjectConsistencyYn": "Y"
            },
            {
                "sentenceNo": 3,
                "sentenceContent": "신세경은 블랙 롱 드레스를 입고 고혹적인 매력을 뽐냈다.",
                "subjectConsistencyYn": "Y"
            },
            {
                "sentenceNo": 4,
                "sentenceContent": "특히 튜브톱으로 과감하게 쇄골과 어깨라인을 드러내 섹시함을 더했다.",
                "subjectConsistencyYn": "Y"
            },
            {
                "sentenceNo": 5,
                "sentenceContent": "한편 신세경의 소속사 나무엑터스는 2일 \\\"비방을 일삼는 악플러들을 지난 1일 강남경찰서에 명예훼손 및 모욕죄로 고소했다\\\"고 밝혔다.",
                "subjectConsistencyYn": "Y"
            },
            {
                "sentenceNo": 6,
                "sentenceContent": "소속사 측은 “일부 악플러들이 아무런 근거 없는 허위사실을 유포하고, 인신공격적이며 모욕적인 댓글을 무차별적으로 계속하여 달고 있는 것에 소속사로서 깊은 분노를 느꼈으며, 이에 강력히 대응하기로 결정했다”며 “익명성에 숨어 유명인에게 무자비한 인신공격을 하는 행태는 앞으로도 근절돼야 할 것”이라고 설명했다.",
                "subjectConsistencyYn": "Y"
            },
            {
                "sentenceNo": 7,
                "sentenceContent": "최근 유명 연예인 외에도 악플로 피해를 입는 유튜버가 증가하고 있는 가운데, 황병각 법률사무소는 악성 댓글 및 저작권 침해 등 유튜버가 겪는 어려움에 대한 정기 법률 자문을 제공한다고 밝혔다. ",
                "subjectConsistencyYn": "N"
            },
            {
                "sentenceNo": 8,
                "sentenceContent": "특히, 일정 변동이 많은 유튜버의 직업적 특성을 고려해 전화, 채팅, zoom 미팅 등 다양한 채널을 통한 비대면 상담을 제공하는 배려가 눈에 띈다. ",
                "subjectConsistencyYn": "N"
            },
            {
                "sentenceNo": 9,
                "sentenceContent": "황병각 변호사는 \"MCN과의 계약 체결 및 콘텐츠에 대한 법률 자문 등 전문적인 법률 지식이 필요한 경우가 다수 있음에도 유튜버가 단독으로 대응해 불이익을 겪는 경우가 많다\"며, \"법률사무소와의 자문 계약이 장기적 관점에서 이익이 될 것\"이라고 조언했다. ",
                "subjectConsistencyYn": "N"
            }
        ],
        "clickbaitClass": 0
    }
}