{
    "sourceDataInfo": {
        "newsID": "ET_M03_627326",
        "newsCategory": "연예",
        "newsSubcategory": "연예가화제",
        "newsTitle": "미국 여자아이돌의 '뮤비' 의상에 적힌 한글 뜻",
        "newsSubTitle": "",
        "newsContent": "미국 아이돌 '피프스 하모니'의 신곡 'Down' 뮤직비디오 속 의상이 화제다.\n지난 3일 피프스 하모니는 신곡 'Down'을 발표했다.\n고막을 자극하는 캐치한 사운드가 돋보이는 가운데 이들의 뮤직비디오 속 노르마니 코르데이(Normani Kordei)가 입었던 의상이 네티즌들의 시선을 사로잡았다.\n노르마니 코르데이는 파격적인 핫팬츠에 하얀 재킷을 걸쳤다.\n평범해 보였던 재킷의 뒷부분에 '불안정이 안정'이라는 한글 문구가 쓰여 있었다.\n뮤직비디오에 노출된 시간을 짧았지만, 국내 네티즌들은 이를 놓치지 않았다.\n네티즌들은 \\\"알다가도 모를 일\\\" \\\"되게 웃기다ㅋㅋ 더 이상 영어 프린트는 입지 않겠다\\\" \\\"신기하다. 우리 영어 옷 입은 거 보는 느낌이랑 비슷한가\\\" 등 반응을 보였다.\n한편 피프스 하모니는 미국의 인기 오디션 프로그램 '더 엑스 팩터'(The X-Factor)에 출연해 이름을 알렸고, 이후 글로벌 대표 걸그룹으로 떠올랐다.\n멤버 카밀라 카베요(Camila Cabello) 탈퇴 이후 알리 브룩 에르난데스(Ally Brooke Hernandez), 노르마니 코르데이(Normani Kordei), 다이나 제인 핸슨(Dinah Jane Hansen), 로렌 하우레기(Lauren Jauregui)까지 4인조로 활동 중이다.",
        "partNum": "P2",
        "useType": 0,
        "processType": "D",
        "processPattern": "23",
        "processLevel": "중",
        "sentenceCount": 9,
        "processSentencenum": 2,
        "sentenceInfo": [
            {
                "sentenceNo": 1,
                "sentenceContent": "미국 아이돌 '피프스 하모니'의 신곡 'Down' 뮤직비디오 속 의상이 화제다.",
                "sentenceSize": 44
            },
            {
                "sentenceNo": 2,
                "sentenceContent": "지난 3일 피프스 하모니는 신곡 'Down'을 발표했다.",
                "sentenceSize": 31
            },
            {
                "sentenceNo": 3,
                "sentenceContent": "고막을 자극하는 캐치한 사운드가 돋보이는 가운데 이들의 뮤직비디오 속 노르마니 코르데이(Normani Kordei)가 입었던 의상이 네티즌들의 시선을 사로잡았다.",
                "sentenceSize": 90
            },
            {
                "sentenceNo": 4,
                "sentenceContent": "노르마니 코르데이는 파격적인 핫팬츠에 하얀 재킷을 걸쳤다.",
                "sentenceSize": 32
            },
            {
                "sentenceNo": 5,
                "sentenceContent": "평범해 보였던 재킷의 뒷부분에 '불안정이 안정'이라는 한글 문구가 쓰여 있었다.",
                "sentenceSize": 44
            },
            {
                "sentenceNo": 6,
                "sentenceContent": "뮤직비디오에 노출된 시간을 짧았지만, 국내 네티즌들은 이를 놓치지 않았다.",
                "sentenceSize": 41
            },
            {
                "sentenceNo": 7,
                "sentenceContent": "네티즌들은 \\\"알다가도 모를 일\\\" \\\"되게 웃기다ㅋㅋ 더 이상 영어 프린트는 입지 않겠다\\\" \\\"신기하다. 우리 영어 옷 입은 거 보는 느낌이랑 비슷한가\\\" 등 반응을 보였다.",
                "sentenceSize": 99
            },
            {
                "sentenceNo": 8,
                "sentenceContent": "한편 피프스 하모니는 미국의 인기 오디션 프로그램 '더 엑스 팩터'(The X-Factor)에 출연해 이름을 알렸고, 이후 글로벌 대표 걸그룹으로 떠올랐다.",
                "sentenceSize": 87
            },
            {
                "sentenceNo": 9,
                "sentenceContent": "멤버 카밀라 카베요(Camila Cabello) 탈퇴 이후 알리 브룩 에르난데스(Ally Brooke Hernandez), 노르마니 코르데이(Normani Kordei), 다이나 제인 핸슨(Dinah Jane Hansen), 로렌 하우레기(Lauren Jauregui)까지 4인조로 활동 중이다.",
                "sentenceSize": 165
            }
        ]
    },
    "labeledDataInfo": {
        "processSentenceInfo": [
            {
                "sentenceNo": 1,
                "sentenceContent": "미국 아이돌 '피프스 하모니'의 신곡 'Down' 뮤직비디오 속 의상이 화제다.",
                "subjectConsistencyYn": "Y"
            },
            {
                "sentenceNo": 2,
                "sentenceContent": "지난 3일 피프스 하모니는 신곡 'Down'을 발표했다.",
                "subjectConsistencyYn": "Y"
            },
            {
                "sentenceNo": 3,
                "sentenceContent": "고막을 자극하는 캐치한 사운드가 돋보이는 가운데 이들의 뮤직비디오 속 노르마니 코르데이(Normani Kordei)가 입었던 의상이 네티즌들의 시선을 사로잡았다.",
                "subjectConsistencyYn": "Y"
            },
            {
                "sentenceNo": 4,
                "sentenceContent": "노르마니 코르데이는 파격적인 핫팬츠에 하얀 재킷을 걸쳤다.",
                "subjectConsistencyYn": "Y"
            },
            {
                "sentenceNo": 5,
                "sentenceContent": "평범해 보였던 재킷의 뒷부분에 '불안정이 안정'이라는 한글 문구가 쓰여 있었다.",
                "subjectConsistencyYn": "Y"
            },
            {
                "sentenceNo": 6,
                "sentenceContent": "뮤직비디오에 노출된 시간을 짧았지만, 국내 네티즌들은 이를 놓치지 않았다.",
                "subjectConsistencyYn": "Y"
            },
            {
                "sentenceNo": 7,
                "sentenceContent": "네티즌들은 \\\"알다가도 모를 일\\\" \\\"되게 웃기다ㅋㅋ 더 이상 영어 프린트는 입지 않겠다\\\" \\\"신기하다. 우리 영어 옷 입은 거 보는 느낌이랑 비슷한가\\\" 등 반응을 보였다.",
                "subjectConsistencyYn": "Y"
            },
            {
                "sentenceNo": 8,
                "sentenceContent": "한편 피프스 하모니는 미국의 인기 오디션 프로그램 '더 엑스 팩터'(The X-Factor)에 출연해 이름을 알렸고, 이후 글로벌 대표 걸그룹으로 떠올랐다.",
                "subjectConsistencyYn": "Y"
            },
            {
                "sentenceNo": 9,
                "sentenceContent": "멤버 카밀라 카베요(Camila Cabello) 탈퇴 이후 알리 브룩 에르난데스(Ally Brooke Hernandez), 노르마니 코르데이(Normani Kordei), 다이나 제인 핸슨(Dinah Jane Hansen), 로렌 하우레기(Lauren Jauregui)까지 4인조로 활동 중이다.",
                "subjectConsistencyYn": "Y"
            },
            {
                "sentenceNo": 10,
                "sentenceContent": "피프스 하모니의 멤버가 한국어가 적힌 옷을 입어 화제가 되면서 커스텀 프린팅 서비스 업체 `원프린팅`의 의류 프린팅 서비스가 화제다. ",
                "subjectConsistencyYn": "N"
            },
            {
                "sentenceNo": 11,
                "sentenceContent": "의류 프린팅 서비스는 고객이 본인의 옷과 프린팅 시안을 원프린팅 측으로 보내주면, 해당 옷에 시안대로 프린팅을 해주는 서비스로 최근 한국어 프린팅을 원하는 고객이 많아졌다.",
                "subjectConsistencyYn": "N"
            }
        ],
        "clickbaitClass": 0
    }
}