{
    "sourceDataInfo": {
        "newsID": "ET_M03_627735",
        "newsCategory": "연예",
        "newsSubcategory": "연예가화제",
        "newsTitle": "해투 권상우, 성동일과 함께 '최강콤비'로 예능 나들이 '화제 만발'",
        "newsSubTitle": "",
        "newsContent": "배우 권상우가 오랜만에 예능에 출연하는 소식이 전해져 화제다.\n배우 성동일, 가수 레이디제인, 아나운서 박은영과 함께'해피투게더3'을 통해 인사할 예정이다.\n9월 10일 오전 '해피투게더3' 관계자에 따르면 오는 9월 12일 진행될 녹화는 '최강콤비' 편으로 성동일, 권상우, 가수 레이디제인, 박은영의 모습이 전파를 탄다.\n관계자는 \\\"이번 녹화에서는 스타들이 연예계 활동을 하면서 자신과 완벽한 호흡을 맞춘 콤비에 대한 다양한 이야기를 털어놓을 것\\\"이라며 \\\"이달 중 방송될 예정이다\\\"고 전했다.\n관계자는 \\\"이번 녹화는 전현무가 '해피투게더3'에 합류하기 전으로 프로그램 개편과는 무관하다\\\"고 말했다.\n한편 '해피투게더3'는 오는 9월 26일부터 전현무가 새 MC로 합류, 개편 후 첫 방송은 오는 10월 8일 방송된다.\n온라인 중앙일보 [사진 중앙DB] 해투 권상우",
        "partNum": "P2",
        "useType": 0,
        "processType": "D",
        "processPattern": "23",
        "processLevel": "중",
        "sentenceCount": 7,
        "processSentencenum": 3,
        "sentenceInfo": [
            {
                "sentenceNo": 1,
                "sentenceContent": "배우 권상우가 오랜만에 예능에 출연하는 소식이 전해져 화제다.",
                "sentenceSize": 34
            },
            {
                "sentenceNo": 2,
                "sentenceContent": "배우 성동일, 가수 레이디제인, 아나운서 박은영과 함께'해피투게더3'을 통해 인사할 예정이다.",
                "sentenceSize": 52
            },
            {
                "sentenceNo": 3,
                "sentenceContent": "9월 10일 오전 '해피투게더3' 관계자에 따르면 오는 9월 12일 진행될 녹화는 '최강콤비' 편으로 성동일, 권상우, 가수 레이디제인, 박은영의 모습이 전파를 탄다.",
                "sentenceSize": 93
            },
            {
                "sentenceNo": 4,
                "sentenceContent": "관계자는 \\\"이번 녹화에서는 스타들이 연예계 활동을 하면서 자신과 완벽한 호흡을 맞춘 콤비에 대한 다양한 이야기를 털어놓을 것\\\"이라며 \\\"이달 중 방송될 예정이다\\\"고 전했다.",
                "sentenceSize": 99
            },
            {
                "sentenceNo": 5,
                "sentenceContent": "관계자는 \\\"이번 녹화는 전현무가 '해피투게더3'에 합류하기 전으로 프로그램 개편과는 무관하다\\\"고 말했다.",
                "sentenceSize": 60
            },
            {
                "sentenceNo": 6,
                "sentenceContent": "한편 '해피투게더3'는 오는 9월 26일부터 전현무가 새 MC로 합류, 개편 후 첫 방송은 오는 10월 8일 방송된다.",
                "sentenceSize": 66
            },
            {
                "sentenceNo": 7,
                "sentenceContent": "온라인 중앙일보 [사진 중앙DB] 해투 권상우",
                "sentenceSize": 25
            }
        ]
    },
    "labeledDataInfo": {
        "processSentenceInfo": [
            {
                "sentenceNo": 1,
                "sentenceContent": "배우 권상우가 오랜만에 예능에 출연하는 소식이 전해져 화제다.",
                "subjectConsistencyYn": "Y"
            },
            {
                "sentenceNo": 2,
                "sentenceContent": "배우 성동일, 가수 레이디제인, 아나운서 박은영과 함께'해피투게더3'을 통해 인사할 예정이다.",
                "subjectConsistencyYn": "Y"
            },
            {
                "sentenceNo": 3,
                "sentenceContent": "9월 10일 오전 '해피투게더3' 관계자에 따르면 오는 9월 12일 진행될 녹화는 '최강콤비' 편으로 성동일, 권상우, 가수 레이디제인, 박은영의 모습이 전파를 탄다.",
                "subjectConsistencyYn": "Y"
            },
            {
                "sentenceNo": 4,
                "sentenceContent": "관계자는 \\\"이번 녹화에서는 스타들이 연예계 활동을 하면서 자신과 완벽한 호흡을 맞춘 콤비에 대한 다양한 이야기를 털어놓을 것\\\"이라며 \\\"이달 중 방송될 예정이다\\\"고 전했다.",
                "subjectConsistencyYn": "Y"
            },
            {
                "sentenceNo": 5,
                "sentenceContent": "관계자는 \\\"이번 녹화는 전현무가 '해피투게더3'에 합류하기 전으로 프로그램 개편과는 무관하다\\\"고 말했다.",
                "subjectConsistencyYn": "Y"
            },
            {
                "sentenceNo": 6,
                "sentenceContent": "한편 '해피투게더3'는 오는 9월 26일부터 전현무가 새 MC로 합류, 개편 후 첫 방송은 오는 10월 8일 방송된다.",
                "subjectConsistencyYn": "Y"
            },
            {
                "sentenceNo": 7,
                "sentenceContent": "온라인 중앙일보 [사진 중앙DB] 해투 권상우",
                "subjectConsistencyYn": "Y"
            },
            {
                "sentenceNo": 8,
                "sentenceContent": "이번 해피투게더에서 권상우X성동일의 조합은 두 사람이 콤비로 활약한 코믹 범죄 영화 '탐정'의 개봉이 계기가 된 것으로 알려졌다. ",
                "subjectConsistencyYn": "N"
            },
            {
                "sentenceNo": 9,
                "sentenceContent": "영화 '탐정'은 공모전 대상을 수상한 탄탄한 시나리오와 베테랑 배우들의 만남으로 영화계의 기대를 한 몸에 받는 작품이다.",
                "subjectConsistencyYn": "N"
            },
            {
                "sentenceNo": 10,
                "sentenceContent": "코믹하지만 탄탄하게 전개되는 추리 스토리가 매력적인 '탐정'은 올 추석 극장가의 유일한 코미디 영화로 코미디를 사랑하는 관객의 마음을 사로잡을 예정이다. ",
                "subjectConsistencyYn": "N"
            }
        ],
        "clickbaitClass": 0
    }
}