{
    "sourceDataInfo": {
        "newsID": "ET_M03_627273",
        "newsCategory": "연예",
        "newsSubcategory": "연예가화제",
        "newsTitle": "'믹스나인' vs '더유닛' 방송으로 보는 숙소 비교",
        "newsSubTitle": "",
        "newsContent": "아이돌 참가자들이 등장하는 JTBC 프로그램 '믹스나인'과 KBS2 프로그램 '더유닛'의 숙소가 방송을 통해 공개됐다.\n비슷한 형식의 프로그램인 만큼 숙소와 같이 세세한 부분에서도 비교를 피할 수 없었다.\n단적으로 비교하자면 '믹스나인' 출연자들은 인천에 있는 한 호텔에서 묵게 됐다. '더유닛' 출연자들은 KBS 인재개발원에서 지내게 됐다.\n출연자들의 평은 대부분 좋았다.\n믹스나인 출연자 중 한명은 \\\"와 내 생에 이런 데에 오다니\\\"라고 말하며 침대에 누워보기도 했다.\n더유닛 출연자들도 숙소를 보고 난 뒤 \\\"호텔인 줄 알았다\\\" \\\"여기서 살고 싶다\\\" \\\"역시 KBS\\\" 등의 반응을 보였다.\n네티즌들의 평은 크게 갈렸다.\n해당 방송분을 모두 시청한 네티즌 중에는 \\\"방송을 떠나 숙소만 보자면 믹스나인이 훨씬 좋다\\\" \\\"제작 비용을 숙소에 많이 쓴 것 같다\\\"라며 믹스나인의 숙소가 더 좋아 보인다는 의견이 있었다.\n반면 \\\"같이 쓰는 침대보다는 1인 침대가 더 중요하다. 더유닛 숙소가 나아 보인다\\\" \\\"숙소 자체가 방송사 소유이니 시설 이용에 무리가 없을 것으로 보인다\\\"라며 더유닛 숙소가 좋아 보인다는 의견도 있었다.",
        "partNum": "P2",
        "useType": 0,
        "processType": "D",
        "processPattern": "23",
        "processLevel": "중",
        "sentenceCount": 9,
        "processSentencenum": 4,
        "sentenceInfo": [
            {
                "sentenceNo": 1,
                "sentenceContent": "아이돌 참가자들이 등장하는 JTBC 프로그램 '믹스나인'과 KBS2 프로그램 '더유닛'의 숙소가 방송을 통해 공개됐다.",
                "sentenceSize": 66
            },
            {
                "sentenceNo": 2,
                "sentenceContent": "비슷한 형식의 프로그램인 만큼 숙소와 같이 세세한 부분에서도 비교를 피할 수 없었다.",
                "sentenceSize": 47
            },
            {
                "sentenceNo": 3,
                "sentenceContent": "단적으로 비교하자면 '믹스나인' 출연자들은 인천에 있는 한 호텔에서 묵게 됐다. '더유닛' 출연자들은 KBS 인재개발원에서 지내게 됐다.",
                "sentenceSize": 76
            },
            {
                "sentenceNo": 4,
                "sentenceContent": "출연자들의 평은 대부분 좋았다.",
                "sentenceSize": 17
            },
            {
                "sentenceNo": 5,
                "sentenceContent": "믹스나인 출연자 중 한명은 \\\"와 내 생에 이런 데에 오다니\\\"라고 말하며 침대에 누워보기도 했다.",
                "sentenceSize": 55
            },
            {
                "sentenceNo": 6,
                "sentenceContent": "더유닛 출연자들도 숙소를 보고 난 뒤 \\\"호텔인 줄 알았다\\\" \\\"여기서 살고 싶다\\\" \\\"역시 KBS\\\" 등의 반응을 보였다.",
                "sentenceSize": 71
            },
            {
                "sentenceNo": 7,
                "sentenceContent": "네티즌들의 평은 크게 갈렸다.",
                "sentenceSize": 16
            },
            {
                "sentenceNo": 8,
                "sentenceContent": "해당 방송분을 모두 시청한 네티즌 중에는 \\\"방송을 떠나 숙소만 보자면 믹스나인이 훨씬 좋다\\\" \\\"제작 비용을 숙소에 많이 쓴 것 같다\\\"라며 믹스나인의 숙소가 더 좋아 보인다는 의견이 있었다.",
                "sentenceSize": 109
            },
            {
                "sentenceNo": 9,
                "sentenceContent": "반면 \\\"같이 쓰는 침대보다는 1인 침대가 더 중요하다. 더유닛 숙소가 나아 보인다\\\" \\\"숙소 자체가 방송사 소유이니 시설 이용에 무리가 없을 것으로 보인다\\\"라며 더유닛 숙소가 좋아 보인다는 의견도 있었다.",
                "sentenceSize": 117
            }
        ]
    },
    "labeledDataInfo": {
        "processSentenceInfo": [
            {
                "sentenceNo": 1,
                "sentenceContent": "아이돌 참가자들이 등장하는 JTBC 프로그램 '믹스나인'과 KBS2 프로그램 '더유닛'의 숙소가 방송을 통해 공개됐다.",
                "subjectConsistencyYn": "Y"
            },
            {
                "sentenceNo": 2,
                "sentenceContent": "비슷한 형식의 프로그램인 만큼 숙소와 같이 세세한 부분에서도 비교를 피할 수 없었다.",
                "subjectConsistencyYn": "Y"
            },
            {
                "sentenceNo": 3,
                "sentenceContent": "단적으로 비교하자면 '믹스나인' 출연자들은 인천에 있는 한 호텔에서 묵게 됐다. '더유닛' 출연자들은 KBS 인재개발원에서 지내게 됐다.",
                "subjectConsistencyYn": "Y"
            },
            {
                "sentenceNo": 4,
                "sentenceContent": "출연자들의 평은 대부분 좋았다.",
                "subjectConsistencyYn": "Y"
            },
            {
                "sentenceNo": 5,
                "sentenceContent": "믹스나인 출연자 중 한명은 \\\"와 내 생에 이런 데에 오다니\\\"라고 말하며 침대에 누워보기도 했다.",
                "subjectConsistencyYn": "Y"
            },
            {
                "sentenceNo": 6,
                "sentenceContent": "더유닛 출연자들도 숙소를 보고 난 뒤 \\\"호텔인 줄 알았다\\\" \\\"여기서 살고 싶다\\\" \\\"역시 KBS\\\" 등의 반응을 보였다.",
                "subjectConsistencyYn": "Y"
            },
            {
                "sentenceNo": 7,
                "sentenceContent": "네티즌들의 평은 크게 갈렸다.",
                "subjectConsistencyYn": "Y"
            },
            {
                "sentenceNo": 8,
                "sentenceContent": "해당 방송분을 모두 시청한 네티즌 중에는 \\\"방송을 떠나 숙소만 보자면 믹스나인이 훨씬 좋다\\\" \\\"제작 비용을 숙소에 많이 쓴 것 같다\\\"라며 믹스나인의 숙소가 더 좋아 보인다는 의견이 있었다.",
                "subjectConsistencyYn": "Y"
            },
            {
                "sentenceNo": 9,
                "sentenceContent": "반면 \\\"같이 쓰는 침대보다는 1인 침대가 더 중요하다. 더유닛 숙소가 나아 보인다\\\" \\\"숙소 자체가 방송사 소유이니 시설 이용에 무리가 없을 것으로 보인다\\\"라며 더유닛 숙소가 좋아 보인다는 의견도 있었다.",
                "subjectConsistencyYn": "Y"
            },
            {
                "sentenceNo": 10,
                "sentenceContent": "'믹스나인'과 '더유닛' 프로그램에서 숙소 관련 논란이 일고 있는 가운데 네이버에서 인원과 지역뿐만 아니라 즐기고 싶은 분위기까지 선택해 숙소를 고를 수 있는 숙소 맞춤 검색 서비스가 새로 출시되었다.",
                "subjectConsistencyYn": "N"
            },
            {
                "sentenceNo": 11,
                "sentenceContent": "기존 숙소 검색 서비스에서는 인원과 지역, 그리고 숙소 유형 정도만 검색이 가능한 점에 비해 네이버 숙소 맞춤 검색 서비스에서는 '친구와 함께', '부모님과 함께' 등 숙소 검색 시 선택 가능한 옵션이 매우 다양하다.",
                "subjectConsistencyYn": "N"
            },
            {
                "sentenceNo": 12,
                "sentenceContent": "여행을 떠나기 위해 여러 숙소 검색 서비스를 왔다갔다하면서 숙소 검색에 많은 시간을 소비하지 않아도 되서 많은 이용자들의 극찬을 받고 있다.",
                "subjectConsistencyYn": "N"
            },
            {
                "sentenceNo": 13,
                "sentenceContent": "네이버 숙소 맞춤 검색 서비스는 신규 출시 기념으로 해당 서비스로 숙소를 예약하는 이용자에게 모두 10% 할인 쿠폰을 제공하고 있어 많은 이용자들이 사용할 것으로 기대된다.",
                "subjectConsistencyYn": "N"
            }
        ],
        "clickbaitClass": 0
    }
}