{
    "sourceDataInfo": {
        "newsID": "ET_M03_627215",
        "newsCategory": "연예",
        "newsSubcategory": "연예가화제",
        "newsTitle": "악역에도 이유가 있다? ‘펜트하우스’ 정당방위 악역 꼽자면",
        "newsSubTitle": "[민경원의 심스틸러] 체육교사·투자사 대표 1인 2역 박은석 동생 죽인 범인 찾고자 처절 복수 기획 구수한 사투리서 유창한 영어 반전 매력 연극 무대 오가며 담금질한 실력 발휘",
        "newsContent": "시청률 23.3%를 기록하며 미니시리즈 1위를 달리고 있는 SBS 월화드라마 ‘펜트하우스’는 악역의 향연이라 해도 과언이 아니다.\n부동산과 교육 문제가 맞물리면서 등장인물이 절대적인 선과 악으로 양분되는 것이 아니라 특정 사안에 대해 상대적으로 악한 인물이 계속해서 등장하는 구조인 탓이다.\n이를테면 오윤희(유진)에게는 학창시절 자신의 재능을 살릴 기회와 6년간 사귄 남자친구를 빼앗아간 천서진(김소연)이 악역이지만, 천서진에게는 17년을 함께 살면서도 마음 한 번 준 적 없는 남편 하윤철(윤종훈)과 여전히 그의 마음을 흔들어놓는 오윤희가 악역인 셈이다.\n이 같은 악연은 대를 넘어 그들의 딸 배로나(김현수)와 하은별(최예빈)에게도 그대로 반복된다.\n섣불리 옳고 그름을 따질 수 없는 상황에 다다른다.\n그중에서도 가장 이유 있는 악역을 꼽자면 단연 심수련(이지아)과 구호동(박은석)이다.\n각각 민설아(조수민)의 친엄마이자 양오빠로서 의도치 않게 그의 손을 놓게 되면서 씻을 수 없는 상처를 안겼지만 이를 만회하기 위해 안간힘을 쓴다.\n민설아의 죽음과 관련된 이라면 수단과 방법을 가리지 않고 잔인한 복수극을 강행해도 이들을 욕하는 사람은 거의 없다.\n사랑하는 가족을 잃은 슬픔이 범행을 정당화할 수는 없지만 심정적으로는 충분히 이해할 수 있으므로. 날카롭게 대립하던 두 사람의 공조가 시작되면서 굿데이터코퍼레이션 드라마 출연자 화제성 조사 결과 박은석과 이지아는 각각 1, 2위를 차지하는 등 높은 관심을 받고 있다.\n특히 박은석(36)의 활약이 놀랍다.\n체육 교사 구호동 신분으로 청아예고에 잠입한 그는 파란색 트레이닝복 차림에 구수한 사투리를 구사하며 아이들 사이에서 민설아에 대한 정보를 캐내는 한편 투자회사 대표 로건 리로 돌아오면 멋진 수트를 차려입고 유창한 영어를 구사하며 유력한 용의자로 꼽히는 부동산 재벌 주단태(엄기준) 회장을 압박한다.\n점 하나 찍고 다른 사람이 되어 돌아온 김순옥 작가의 전작 ‘아내의 유혹’(2008~2009)과는 달리 단발머리 가발과 잠자리 안경, 누런 덧니 틀니까지 준비하는 치밀함으로 180도 다른 이미지를 구축했다.\n두 인물이 같은 사람이라는 사실을 더 믿기 힘들 정도. 한층 넓어진 연기 스펙트럼도 눈에 띈다.\n전작 KBS2 ‘닥터 프리즈너’(2019)의 재벌 2세 이재환이 분노조절 장애를 이기지 못하고 표출하는 스타일이었다면, ‘펜트하우스’의 로건 리는 훨씬 능수능란하다.\n치고 빠질 때를 아는 ‘밀당의 달인’이랄까.\n하여 그동안 원하는 것을 손에 넣지 못한 적이 없는 100층 펜트하우스의 바깥양반 주단태와 안주인 심수련도 그에게만큼은 속수무책으로 당한다.\nKBS2 주말극 ‘월계수 양복점 신사들’(2016~2017)의 얄미운 악동 민효상부터 MBC 사극 ‘역적: 백성을 훔친 도적’(2017)의 안하무인 조수학까지 색다른 악역의 계보를 선보인 데 이어 멋짐과 촌스러움을 겸비한 독특한 악역을 탄생시켰다.\n보다 입체적인 캐릭터를 위해 고민한 결과다. ‘월계수 양복점 신사들’를 함께 한 황인혁 PD의 제안으로 ‘닥터 프리즈너’에 합류하게 된 그는 당시 인터뷰에서 “대본에 그려진 인물을 고스란히 3D 작업하자는 마음으로 임했다”고 밝혔다. “화를 내다보면 울컥하는 감정이 삐져나오기” 마련이고 그러다 보면 한 걸음 더 파고들 수 있는 틈새도 많아질 거란 얘기다. “세상에 같은 악역은 없다”는 것이 그의 지론이기도 하다. “또 악역이냐”라는 질문을 받을 때면 “악역이라고 해서 일부러 악역이 된 것도 아니고 그 안에서 정당성을 찾고 어떻게 만들어가느냐에 따라 얼마든지 새로운 인물을 만들 수 있을 것이라 생각한다”며 현명하게 응수했다.\n7살 때 가족들과 함께 미국에 이민을 떠나 22살에 홀로 한국에 돌아와 쌓은 다양한 경험은 큰 자산이다.\n뉴욕 낫소커뮤니티칼리지에서 패션디자인을 전공했지만 서울예대 방송연예과에 재진학해 연기 공부를 하고, 미국 시민권자로 병역 의무가 없지만 자진 입대해 군 복무를 마쳤다. “해외 생활을 오래 해서 한국을 잘 모른다”는 말을 듣기 싫어서 택한 길이었지만 “압축적으로 사회생활을 경험하면서 한국말은 물론 문화와 정서까지 배울 수 있었다”고. ‘버터 발음’ 때문에 번번이 오디션에서 떨어졌던 그는 2010년 SBS ‘아테나 전쟁의 여신’으로 데뷔 이후 차근차근 성장 곡선을 그릴 수 있었다.\n2012년 ‘옥탑방 고양이’를 시작으로 꾸준히 연극도 병행하고 있다. ‘클로저’ ‘엘리펀트 송’ ‘히스토리 보이즈’로 2016년 골든티켓어워즈에서 연극 부문 남자배우상을 받은 그는 올해도 ‘아트’ ‘아마데우스’ 무대에 오르는 등 연극에 대한 변함없는 애정을 과시하고 있다. “자신을 객관적인 입장에서 볼 수 있는” 드라마와 “나를 볼 수는 없지만 그 안에서 살아있다고 느끼는” 연극을 오가며 끊임없이 배우로서 칼날을 담금질하고 있는 셈이다.\n내년 상반기 시즌 2와 시즌 3까지 예정된 ‘펜트하우스’에서 그가 어떤 칼춤을 선보일지 자못 궁금해진다.",
        "partNum": "P2",
        "useType": 0,
        "processType": "D",
        "processPattern": "23",
        "processLevel": "중",
        "sentenceCount": 22,
        "processSentencenum": 4,
        "sentenceInfo": [
            {
                "sentenceNo": 1,
                "sentenceContent": "시청률 23.3%를 기록하며 미니시리즈 1위를 달리고 있는 SBS 월화드라마 ‘펜트하우스’는 악역의 향연이라 해도 과언이 아니다.",
                "sentenceSize": 72
            },
            {
                "sentenceNo": 2,
                "sentenceContent": "부동산과 교육 문제가 맞물리면서 등장인물이 절대적인 선과 악으로 양분되는 것이 아니라 특정 사안에 대해 상대적으로 악한 인물이 계속해서 등장하는 구조인 탓이다.",
                "sentenceSize": 89
            },
            {
                "sentenceNo": 3,
                "sentenceContent": "이를테면 오윤희(유진)에게는 학창시절 자신의 재능을 살릴 기회와 6년간 사귄 남자친구를 빼앗아간 천서진(김소연)이 악역이지만, 천서진에게는 17년을 함께 살면서도 마음 한 번 준 적 없는 남편 하윤철(윤종훈)과 여전히 그의 마음을 흔들어놓는 오윤희가 악역인 셈이다.",
                "sentenceSize": 148
            },
            {
                "sentenceNo": 4,
                "sentenceContent": "이 같은 악연은 대를 넘어 그들의 딸 배로나(김현수)와 하은별(최예빈)에게도 그대로 반복된다.",
                "sentenceSize": 52
            },
            {
                "sentenceNo": 5,
                "sentenceContent": "섣불리 옳고 그름을 따질 수 없는 상황에 다다른다.",
                "sentenceSize": 28
            },
            {
                "sentenceNo": 6,
                "sentenceContent": "그중에서도 가장 이유 있는 악역을 꼽자면 단연 심수련(이지아)과 구호동(박은석)이다.",
                "sentenceSize": 47
            },
            {
                "sentenceNo": 7,
                "sentenceContent": "각각 민설아(조수민)의 친엄마이자 양오빠로서 의도치 않게 그의 손을 놓게 되면서 씻을 수 없는 상처를 안겼지만 이를 만회하기 위해 안간힘을 쓴다.",
                "sentenceSize": 81
            },
            {
                "sentenceNo": 8,
                "sentenceContent": "민설아의 죽음과 관련된 이라면 수단과 방법을 가리지 않고 잔인한 복수극을 강행해도 이들을 욕하는 사람은 거의 없다.",
                "sentenceSize": 64
            },
            {
                "sentenceNo": 9,
                "sentenceContent": "사랑하는 가족을 잃은 슬픔이 범행을 정당화할 수는 없지만 심정적으로는 충분히 이해할 수 있으므로. 날카롭게 대립하던 두 사람의 공조가 시작되면서 굿데이터코퍼레이션 드라마 출연자 화제성 조사 결과 박은석과 이지아는 각각 1, 2위를 차지하는 등 높은 관심을 받고 있다.",
                "sentenceSize": 149
            },
            {
                "sentenceNo": 10,
                "sentenceContent": "특히 박은석(36)의 활약이 놀랍다.",
                "sentenceSize": 20
            },
            {
                "sentenceNo": 11,
                "sentenceContent": "체육 교사 구호동 신분으로 청아예고에 잠입한 그는 파란색 트레이닝복 차림에 구수한 사투리를 구사하며 아이들 사이에서 민설아에 대한 정보를 캐내는 한편 투자회사 대표 로건 리로 돌아오면 멋진 수트를 차려입고 유창한 영어를 구사하며 유력한 용의자로 꼽히는 부동산 재벌 주단태(엄기준) 회장을 압박한다.",
                "sentenceSize": 166
            },
            {
                "sentenceNo": 12,
                "sentenceContent": "점 하나 찍고 다른 사람이 되어 돌아온 김순옥 작가의 전작 ‘아내의 유혹’(2008~2009)과는 달리 단발머리 가발과 잠자리 안경, 누런 덧니 틀니까지 준비하는 치밀함으로 180도 다른 이미지를 구축했다.",
                "sentenceSize": 115
            },
            {
                "sentenceNo": 13,
                "sentenceContent": "두 인물이 같은 사람이라는 사실을 더 믿기 힘들 정도. 한층 넓어진 연기 스펙트럼도 눈에 띈다.",
                "sentenceSize": 53
            },
            {
                "sentenceNo": 14,
                "sentenceContent": "전작 KBS2 ‘닥터 프리즈너’(2019)의 재벌 2세 이재환이 분노조절 장애를 이기지 못하고 표출하는 스타일이었다면, ‘펜트하우스’의 로건 리는 훨씬 능수능란하다.",
                "sentenceSize": 92
            },
            {
                "sentenceNo": 15,
                "sentenceContent": "치고 빠질 때를 아는 ‘밀당의 달인’이랄까.",
                "sentenceSize": 24
            },
            {
                "sentenceNo": 16,
                "sentenceContent": "하여 그동안 원하는 것을 손에 넣지 못한 적이 없는 100층 펜트하우스의 바깥양반 주단태와 안주인 심수련도 그에게만큼은 속수무책으로 당한다.",
                "sentenceSize": 78
            },
            {
                "sentenceNo": 17,
                "sentenceContent": "KBS2 주말극 ‘월계수 양복점 신사들’(2016~2017)의 얄미운 악동 민효상부터 MBC 사극 ‘역적: 백성을 훔친 도적’(2017)의 안하무인 조수학까지 색다른 악역의 계보를 선보인 데 이어 멋짐과 촌스러움을 겸비한 독특한 악역을 탄생시켰다.",
                "sentenceSize": 138
            },
            {
                "sentenceNo": 18,
                "sentenceContent": "보다 입체적인 캐릭터를 위해 고민한 결과다. ‘월계수 양복점 신사들’를 함께 한 황인혁 PD의 제안으로 ‘닥터 프리즈너’에 합류하게 된 그는 당시 인터뷰에서 “대본에 그려진 인물을 고스란히 3D 작업하자는 마음으로 임했다”고 밝혔다. “화를 내다보면 울컥하는 감정이 삐져나오기” 마련이고 그러다 보면 한 걸음 더 파고들 수 있는 틈새도 많아질 거란 얘기다. “세상에 같은 악역은 없다”는 것이 그의 지론이기도 하다. “또 악역이냐”라는 질문을 받을 때면 “악역이라고 해서 일부러 악역이 된 것도 아니고 그 안에서 정당성을 찾고 어떻게 만들어가느냐에 따라 얼마든지 새로운 인물을 만들 수 있을 것이라 생각한다”며 현명하게 응수했다.",
                "sentenceSize": 352
            },
            {
                "sentenceNo": 19,
                "sentenceContent": "7살 때 가족들과 함께 미국에 이민을 떠나 22살에 홀로 한국에 돌아와 쌓은 다양한 경험은 큰 자산이다.",
                "sentenceSize": 58
            },
            {
                "sentenceNo": 20,
                "sentenceContent": "뉴욕 낫소커뮤니티칼리지에서 패션디자인을 전공했지만 서울예대 방송연예과에 재진학해 연기 공부를 하고, 미국 시민권자로 병역 의무가 없지만 자진 입대해 군 복무를 마쳤다. “해외 생활을 오래 해서 한국을 잘 모른다”는 말을 듣기 싫어서 택한 길이었지만 “압축적으로 사회생활을 경험하면서 한국말은 물론 문화와 정서까지 배울 수 있었다”고. ‘버터 발음’ 때문에 번번이 오디션에서 떨어졌던 그는 2010년 SBS ‘아테나 전쟁의 여신’으로 데뷔 이후 차근차근 성장 곡선을 그릴 수 있었다.",
                "sentenceSize": 269
            },
            {
                "sentenceNo": 21,
                "sentenceContent": "2012년 ‘옥탑방 고양이’를 시작으로 꾸준히 연극도 병행하고 있다. ‘클로저’ ‘엘리펀트 송’ ‘히스토리 보이즈’로 2016년 골든티켓어워즈에서 연극 부문 남자배우상을 받은 그는 올해도 ‘아트’ ‘아마데우스’ 무대에 오르는 등 연극에 대한 변함없는 애정을 과시하고 있다. “자신을 객관적인 입장에서 볼 수 있는” 드라마와 “나를 볼 수는 없지만 그 안에서 살아있다고 느끼는” 연극을 오가며 끊임없이 배우로서 칼날을 담금질하고 있는 셈이다.",
                "sentenceSize": 246
            },
            {
                "sentenceNo": 22,
                "sentenceContent": "내년 상반기 시즌 2와 시즌 3까지 예정된 ‘펜트하우스’에서 그가 어떤 칼춤을 선보일지 자못 궁금해진다.",
                "sentenceSize": 58
            }
        ]
    },
    "labeledDataInfo": {
        "processSentenceInfo": [
            {
                "sentenceNo": 1,
                "sentenceContent": "시청률 23.3%를 기록하며 미니시리즈 1위를 달리고 있는 SBS 월화드라마 ‘펜트하우스’는 악역의 향연이라 해도 과언이 아니다.",
                "subjectConsistencyYn": "Y"
            },
            {
                "sentenceNo": 2,
                "sentenceContent": "부동산과 교육 문제가 맞물리면서 등장인물이 절대적인 선과 악으로 양분되는 것이 아니라 특정 사안에 대해 상대적으로 악한 인물이 계속해서 등장하는 구조인 탓이다.",
                "subjectConsistencyYn": "Y"
            },
            {
                "sentenceNo": 3,
                "sentenceContent": "이를테면 오윤희(유진)에게는 학창시절 자신의 재능을 살릴 기회와 6년간 사귄 남자친구를 빼앗아간 천서진(김소연)이 악역이지만, 천서진에게는 17년을 함께 살면서도 마음 한 번 준 적 없는 남편 하윤철(윤종훈)과 여전히 그의 마음을 흔들어놓는 오윤희가 악역인 셈이다.",
                "subjectConsistencyYn": "Y"
            },
            {
                "sentenceNo": 4,
                "sentenceContent": "이 같은 악연은 대를 넘어 그들의 딸 배로나(김현수)와 하은별(최예빈)에게도 그대로 반복된다.",
                "subjectConsistencyYn": "Y"
            },
            {
                "sentenceNo": 5,
                "sentenceContent": "섣불리 옳고 그름을 따질 수 없는 상황에 다다른다.",
                "subjectConsistencyYn": "Y"
            },
            {
                "sentenceNo": 6,
                "sentenceContent": "그중에서도 가장 이유 있는 악역을 꼽자면 단연 심수련(이지아)과 구호동(박은석)이다.",
                "subjectConsistencyYn": "Y"
            },
            {
                "sentenceNo": 7,
                "sentenceContent": "각각 민설아(조수민)의 친엄마이자 양오빠로서 의도치 않게 그의 손을 놓게 되면서 씻을 수 없는 상처를 안겼지만 이를 만회하기 위해 안간힘을 쓴다.",
                "subjectConsistencyYn": "Y"
            },
            {
                "sentenceNo": 8,
                "sentenceContent": "민설아의 죽음과 관련된 이라면 수단과 방법을 가리지 않고 잔인한 복수극을 강행해도 이들을 욕하는 사람은 거의 없다.",
                "subjectConsistencyYn": "Y"
            },
            {
                "sentenceNo": 9,
                "sentenceContent": "사랑하는 가족을 잃은 슬픔이 범행을 정당화할 수는 없지만 심정적으로는 충분히 이해할 수 있으므로. 날카롭게 대립하던 두 사람의 공조가 시작되면서 굿데이터코퍼레이션 드라마 출연자 화제성 조사 결과 박은석과 이지아는 각각 1, 2위를 차지하는 등 높은 관심을 받고 있다.",
                "subjectConsistencyYn": "Y"
            },
            {
                "sentenceNo": 10,
                "sentenceContent": "특히 박은석(36)의 활약이 놀랍다.",
                "subjectConsistencyYn": "Y"
            },
            {
                "sentenceNo": 11,
                "sentenceContent": "체육 교사 구호동 신분으로 청아예고에 잠입한 그는 파란색 트레이닝복 차림에 구수한 사투리를 구사하며 아이들 사이에서 민설아에 대한 정보를 캐내는 한편 투자회사 대표 로건 리로 돌아오면 멋진 수트를 차려입고 유창한 영어를 구사하며 유력한 용의자로 꼽히는 부동산 재벌 주단태(엄기준) 회장을 압박한다.",
                "subjectConsistencyYn": "Y"
            },
            {
                "sentenceNo": 12,
                "sentenceContent": "점 하나 찍고 다른 사람이 되어 돌아온 김순옥 작가의 전작 ‘아내의 유혹’(2008~2009)과는 달리 단발머리 가발과 잠자리 안경, 누런 덧니 틀니까지 준비하는 치밀함으로 180도 다른 이미지를 구축했다.",
                "subjectConsistencyYn": "Y"
            },
            {
                "sentenceNo": 13,
                "sentenceContent": "두 인물이 같은 사람이라는 사실을 더 믿기 힘들 정도. 한층 넓어진 연기 스펙트럼도 눈에 띈다.",
                "subjectConsistencyYn": "Y"
            },
            {
                "sentenceNo": 14,
                "sentenceContent": "전작 KBS2 ‘닥터 프리즈너’(2019)의 재벌 2세 이재환이 분노조절 장애를 이기지 못하고 표출하는 스타일이었다면, ‘펜트하우스’의 로건 리는 훨씬 능수능란하다.",
                "subjectConsistencyYn": "Y"
            },
            {
                "sentenceNo": 15,
                "sentenceContent": "치고 빠질 때를 아는 ‘밀당의 달인’이랄까.",
                "subjectConsistencyYn": "Y"
            },
            {
                "sentenceNo": 16,
                "sentenceContent": "하여 그동안 원하는 것을 손에 넣지 못한 적이 없는 100층 펜트하우스의 바깥양반 주단태와 안주인 심수련도 그에게만큼은 속수무책으로 당한다.",
                "subjectConsistencyYn": "Y"
            },
            {
                "sentenceNo": 17,
                "sentenceContent": "KBS2 주말극 ‘월계수 양복점 신사들’(2016~2017)의 얄미운 악동 민효상부터 MBC 사극 ‘역적: 백성을 훔친 도적’(2017)의 안하무인 조수학까지 색다른 악역의 계보를 선보인 데 이어 멋짐과 촌스러움을 겸비한 독특한 악역을 탄생시켰다.",
                "subjectConsistencyYn": "Y"
            },
            {
                "sentenceNo": 18,
                "sentenceContent": "보다 입체적인 캐릭터를 위해 고민한 결과다. ‘월계수 양복점 신사들’를 함께 한 황인혁 PD의 제안으로 ‘닥터 프리즈너’에 합류하게 된 그는 당시 인터뷰에서 “대본에 그려진 인물을 고스란히 3D 작업하자는 마음으로 임했다”고 밝혔다. “화를 내다보면 울컥하는 감정이 삐져나오기” 마련이고 그러다 보면 한 걸음 더 파고들 수 있는 틈새도 많아질 거란 얘기다. “세상에 같은 악역은 없다”는 것이 그의 지론이기도 하다. “또 악역이냐”라는 질문을 받을 때면 “악역이라고 해서 일부러 악역이 된 것도 아니고 그 안에서 정당성을 찾고 어떻게 만들어가느냐에 따라 얼마든지 새로운 인물을 만들 수 있을 것이라 생각한다”며 현명하게 응수했다.",
                "subjectConsistencyYn": "Y"
            },
            {
                "sentenceNo": 19,
                "sentenceContent": "7살 때 가족들과 함께 미국에 이민을 떠나 22살에 홀로 한국에 돌아와 쌓은 다양한 경험은 큰 자산이다.",
                "subjectConsistencyYn": "Y"
            },
            {
                "sentenceNo": 20,
                "sentenceContent": "뉴욕 낫소커뮤니티칼리지에서 패션디자인을 전공했지만 서울예대 방송연예과에 재진학해 연기 공부를 하고, 미국 시민권자로 병역 의무가 없지만 자진 입대해 군 복무를 마쳤다. “해외 생활을 오래 해서 한국을 잘 모른다”는 말을 듣기 싫어서 택한 길이었지만 “압축적으로 사회생활을 경험하면서 한국말은 물론 문화와 정서까지 배울 수 있었다”고. ‘버터 발음’ 때문에 번번이 오디션에서 떨어졌던 그는 2010년 SBS ‘아테나 전쟁의 여신’으로 데뷔 이후 차근차근 성장 곡선을 그릴 수 있었다.",
                "subjectConsistencyYn": "Y"
            },
            {
                "sentenceNo": 21,
                "sentenceContent": "2012년 ‘옥탑방 고양이’를 시작으로 꾸준히 연극도 병행하고 있다. ‘클로저’ ‘엘리펀트 송’ ‘히스토리 보이즈’로 2016년 골든티켓어워즈에서 연극 부문 남자배우상을 받은 그는 올해도 ‘아트’ ‘아마데우스’ 무대에 오르는 등 연극에 대한 변함없는 애정을 과시하고 있다. “자신을 객관적인 입장에서 볼 수 있는” 드라마와 “나를 볼 수는 없지만 그 안에서 살아있다고 느끼는” 연극을 오가며 끊임없이 배우로서 칼날을 담금질하고 있는 셈이다.",
                "subjectConsistencyYn": "Y"
            },
            {
                "sentenceNo": 22,
                "sentenceContent": "내년 상반기 시즌 2와 시즌 3까지 예정된 ‘펜트하우스’에서 그가 어떤 칼춤을 선보일지 자못 궁금해진다.",
                "subjectConsistencyYn": "Y"
            },
            {
                "sentenceNo": 23,
                "sentenceContent": "또한, 펜트하우스 제작진은 시즌 2의 제작 전 프리퀄인 '세컨드하우스'를 티빙에 이어 넷플릭스에서 공개했다.",
                "subjectConsistencyYn": "N"
            },
            {
                "sentenceNo": 24,
                "sentenceContent": "지난 7일 넷플릭스 코리아 공식 유튜브 채널에는 SBS 드라마 '세컨드하우스' 예고 영상이 공개됐으며, 앞서 SBS는 새 드라마 '세컨드하우스'의 편성에 대해 금·토·일 등 주 3회 방영과 국내 OTT 플랫폼 티빙에서 볼 수 있다고 밝혔다. ",
                "subjectConsistencyYn": "N"
            },
            {
                "sentenceNo": 25,
                "sentenceContent": "'세컨드하우스'는 100층 펜트하우스의 범접 불가 ‘퀸’ VS 모든 것을 집어삼키는 욕망의 ‘프리마돈나’ VS 상류사회 입성을 향해 질주하는 ‘여자’가 채워질 수 없는 일그러진 욕망으로 집값 1번지, 교육 1번지에서 벌이는 부동산과 교육 전쟁을 담은 드라마이다.",
                "subjectConsistencyYn": "N"
            },
            {
                "sentenceNo": 26,
                "sentenceContent": "드라마 '세컨드하우스'는 오는 18일 오후 10시 30분 첫 방송된다.",
                "subjectConsistencyYn": "N"
            }
        ],
        "clickbaitClass": 0
    }
}