{
    "sourceDataInfo": {
        "newsID": "ET_M03_627225",
        "newsCategory": "연예",
        "newsSubcategory": "연예가화제",
        "newsTitle": "\\\"강성훈이 직접 참여한 행사 아냐\\\" 티켓 수익금 사기·횡령 혐의 부인",
        "newsSubTitle": "",
        "newsContent": "젝스키스 팬들로부터 사기·횡령 혐의로 피소된 젝스키스 멤버 강성훈 측이 13일 반박 입장을 냈다.\n앞서 텐아시아는 젝스키스 팬 70여명이 강성훈과 강성훈의 개인 팬클럽 '후니월드'를 사기·횡령 혐의로 고소했다고 보도했다.\n보도에 따르면 '후니월드'는 지난해 4월 젝스키스 데뷔 20주년 기념 영상회를 개최하고 기부하겠다던 티켓 판매 수익금을 가로챈 혐의를 받는다.\n강성훈 법률대리인 조대진 변호사는 이날 공식 보도자료를 통해 \\\"강성훈의 팬클럽 '후니월드' 측은 젝스키스 20주년 기념 영상회와 관련하여 이미 보도된 바가 사실과 명백히 다름을 알려왔다\\\"라며 \\\"추후 수사를 통하여 진실된 결과를 보여드릴 것을 약속드린다\\\"고 밝혔다.\n이어 \\\"영상회와 관련된 추측 및 억측을 통한 루머 형성의 자제를 부탁드린다. 허위 사실의 보도 및 유포로 인해서 발생하는 문제에 대해서는 그 책임을 물을 것\\\"이라고 전했다.\n또 이 사건과 관련해 \\\"강성훈이 전혀 개입되어 있지 않으며 직접적으로 참여한 행사가 아니었다. 추후 후니월드 팬클럽 관계자에 대한 본 건 수사결과가 나오는 대로 이를 성실히 밝혀드릴 것\\\"이라고 밝혔다.",
        "partNum": "P2",
        "useType": 0,
        "processType": "D",
        "processPattern": "23",
        "processLevel": "중",
        "sentenceCount": 6,
        "processSentencenum": 4,
        "sentenceInfo": [
            {
                "sentenceNo": 1,
                "sentenceContent": "젝스키스 팬들로부터 사기·횡령 혐의로 피소된 젝스키스 멤버 강성훈 측이 13일 반박 입장을 냈다.",
                "sentenceSize": 54
            },
            {
                "sentenceNo": 2,
                "sentenceContent": "앞서 텐아시아는 젝스키스 팬 70여명이 강성훈과 강성훈의 개인 팬클럽 '후니월드'를 사기·횡령 혐의로 고소했다고 보도했다.",
                "sentenceSize": 68
            },
            {
                "sentenceNo": 3,
                "sentenceContent": "보도에 따르면 '후니월드'는 지난해 4월 젝스키스 데뷔 20주년 기념 영상회를 개최하고 기부하겠다던 티켓 판매 수익금을 가로챈 혐의를 받는다.",
                "sentenceSize": 79
            },
            {
                "sentenceNo": 4,
                "sentenceContent": "강성훈 법률대리인 조대진 변호사는 이날 공식 보도자료를 통해 \\\"강성훈의 팬클럽 '후니월드' 측은 젝스키스 20주년 기념 영상회와 관련하여 이미 보도된 바가 사실과 명백히 다름을 알려왔다\\\"라며 \\\"추후 수사를 통하여 진실된 결과를 보여드릴 것을 약속드린다\\\"고 밝혔다.",
                "sentenceSize": 151
            },
            {
                "sentenceNo": 5,
                "sentenceContent": "이어 \\\"영상회와 관련된 추측 및 억측을 통한 루머 형성의 자제를 부탁드린다. 허위 사실의 보도 및 유포로 인해서 발생하는 문제에 대해서는 그 책임을 물을 것\\\"이라고 전했다.",
                "sentenceSize": 98
            },
            {
                "sentenceNo": 6,
                "sentenceContent": "또 이 사건과 관련해 \\\"강성훈이 전혀 개입되어 있지 않으며 직접적으로 참여한 행사가 아니었다. 추후 후니월드 팬클럽 관계자에 대한 본 건 수사결과가 나오는 대로 이를 성실히 밝혀드릴 것\\\"이라고 밝혔다.",
                "sentenceSize": 114
            }
        ]
    },
    "labeledDataInfo": {
        "processSentenceInfo": [
            {
                "sentenceNo": 1,
                "sentenceContent": "젝스키스 팬들로부터 사기·횡령 혐의로 피소된 젝스키스 멤버 강성훈 측이 13일 반박 입장을 냈다.",
                "subjectConsistencyYn": "Y"
            },
            {
                "sentenceNo": 2,
                "sentenceContent": "앞서 텐아시아는 젝스키스 팬 70여명이 강성훈과 강성훈의 개인 팬클럽 '후니월드'를 사기·횡령 혐의로 고소했다고 보도했다.",
                "subjectConsistencyYn": "Y"
            },
            {
                "sentenceNo": 3,
                "sentenceContent": "보도에 따르면 '후니월드'는 지난해 4월 젝스키스 데뷔 20주년 기념 영상회를 개최하고 기부하겠다던 티켓 판매 수익금을 가로챈 혐의를 받는다.",
                "subjectConsistencyYn": "Y"
            },
            {
                "sentenceNo": 4,
                "sentenceContent": "강성훈 법률대리인 조대진 변호사는 이날 공식 보도자료를 통해 \\\"강성훈의 팬클럽 '후니월드' 측은 젝스키스 20주년 기념 영상회와 관련하여 이미 보도된 바가 사실과 명백히 다름을 알려왔다\\\"라며 \\\"추후 수사를 통하여 진실된 결과를 보여드릴 것을 약속드린다\\\"고 밝혔다.",
                "subjectConsistencyYn": "Y"
            },
            {
                "sentenceNo": 5,
                "sentenceContent": "이어 \\\"영상회와 관련된 추측 및 억측을 통한 루머 형성의 자제를 부탁드린다. 허위 사실의 보도 및 유포로 인해서 발생하는 문제에 대해서는 그 책임을 물을 것\\\"이라고 전했다.",
                "subjectConsistencyYn": "Y"
            },
            {
                "sentenceNo": 6,
                "sentenceContent": "또 이 사건과 관련해 \\\"강성훈이 전혀 개입되어 있지 않으며 직접적으로 참여한 행사가 아니었다. 추후 후니월드 팬클럽 관계자에 대한 본 건 수사결과가 나오는 대로 이를 성실히 밝혀드릴 것\\\"이라고 밝혔다.",
                "subjectConsistencyYn": "Y"
            },
            {
                "sentenceNo": 7,
                "sentenceContent": "한편, 사기·횡령 혐의를 부인하고 있는 강성훈의 소속사는 '유튜브 생일 콘서트' 계획을 조심스럽게 밝혔다.",
                "subjectConsistencyYn": "N"
            },
            {
                "sentenceNo": 8,
                "sentenceContent": "강성훈의 소속사 홈페이지에는 지난 16일 \"2월 22일 깜짝 이벤트 공지 \"For You & I\" 스트리밍 라이브 콘서트\"라는 제목의 글이 공개됐다.",
                "subjectConsistencyYn": "N"
            },
            {
                "sentenceNo": 9,
                "sentenceContent": "관리자는 \"팬미팅 연기 후, 긴급회의를 하면서 '현재 상황에서 아티스트와 팬분들이 좋은 추억도 만들고, 소통하는 시간을 만드는 방법이 없을까?’라는 생각을 해보다가, '현재 오프라인에서 모이는 것이 힘든 상황이라면, 팬분들과 온라인에서 만나는 것은 어떨까?'라는 아이디어에서 출발하여 준비하게 되었다\"라며 SNS 라이브 방송을 통해 콘서트를 하게 된 계기를 밝혔다.",
                "subjectConsistencyYn": "N"
            },
            {
                "sentenceNo": 10,
                "sentenceContent": "이어 \"2월 22일 오후 6시 강성훈 님의 생일 당일날 공식 유튜브 채널에서 강성훈 님의 팬분들을 위한 유튜브 스트리밍 라이브 콘서트를 진행한다\"고 설명했다.",
                "subjectConsistencyYn": "N"
            }
        ],
        "clickbaitClass": 0
    }
}