{
    "sourceDataInfo": {
        "newsID": "ET_M03_627733",
        "newsCategory": "연예",
        "newsSubcategory": "연예가화제",
        "newsTitle": "미니언즈에게 KO패를 당한 강아지",
        "newsSubTitle": "",
        "newsContent": "오뚝이 미니언즈 인형과 놀다 박치기로 KO패 당하는 강아지의 모습이 사람들에게 웃음을 유발한다.\n최근 유튜브의 한 채널에는 미니언즈 오뚝이 인형을 가지고 노는 강아지의 영상이 올라왔다.\n영상 속에 나타나는 강아지는 인사하듯 앞 발로 인형을 쓰다듬더니 코를 맞대고 힘껏 밀어부치며 힘을 과시한다.\n강아지는 인형이 방심할 때를 놓치지 않고 최후의 일격으로 머리를 꽝 부딪힌다.\n하지만 승자의 기쁨을 만끽한 것도 잠시, 그 힘의 반동으로 반격을 한 미니언즈 인형에게 튕겨져나가, 강아지는 화면에서 사라진다.\n이 영상은 25만 건이 넘는 조횟수를 기록하며 네티즌들에게 웃음을 선사하고 있다.\n영상 : Arne Doodle / YouTube(유튜브)",
        "partNum": "P2",
        "useType": 0,
        "processType": "D",
        "processPattern": "23",
        "processLevel": "중",
        "sentenceCount": 7,
        "processSentencenum": 2,
        "sentenceInfo": [
            {
                "sentenceNo": 1,
                "sentenceContent": "오뚝이 미니언즈 인형과 놀다 박치기로 KO패 당하는 강아지의 모습이 사람들에게 웃음을 유발한다.",
                "sentenceSize": 53
            },
            {
                "sentenceNo": 2,
                "sentenceContent": "최근 유튜브의 한 채널에는 미니언즈 오뚝이 인형을 가지고 노는 강아지의 영상이 올라왔다.",
                "sentenceSize": 49
            },
            {
                "sentenceNo": 3,
                "sentenceContent": "영상 속에 나타나는 강아지는 인사하듯 앞 발로 인형을 쓰다듬더니 코를 맞대고 힘껏 밀어부치며 힘을 과시한다.",
                "sentenceSize": 60
            },
            {
                "sentenceNo": 4,
                "sentenceContent": "강아지는 인형이 방심할 때를 놓치지 않고 최후의 일격으로 머리를 꽝 부딪힌다.",
                "sentenceSize": 43
            },
            {
                "sentenceNo": 5,
                "sentenceContent": "하지만 승자의 기쁨을 만끽한 것도 잠시, 그 힘의 반동으로 반격을 한 미니언즈 인형에게 튕겨져나가, 강아지는 화면에서 사라진다.",
                "sentenceSize": 71
            },
            {
                "sentenceNo": 6,
                "sentenceContent": "이 영상은 25만 건이 넘는 조횟수를 기록하며 네티즌들에게 웃음을 선사하고 있다.",
                "sentenceSize": 45
            },
            {
                "sentenceNo": 7,
                "sentenceContent": "영상 : Arne Doodle / YouTube(유튜브)",
                "sentenceSize": 31
            }
        ]
    },
    "labeledDataInfo": {
        "processSentenceInfo": [
            {
                "sentenceNo": 1,
                "sentenceContent": "오뚝이 미니언즈 인형과 놀다 박치기로 KO패 당하는 강아지의 모습이 사람들에게 웃음을 유발한다.",
                "subjectConsistencyYn": "Y"
            },
            {
                "sentenceNo": 2,
                "sentenceContent": "최근 유튜브의 한 채널에는 미니언즈 오뚝이 인형을 가지고 노는 강아지의 영상이 올라왔다.",
                "subjectConsistencyYn": "Y"
            },
            {
                "sentenceNo": 3,
                "sentenceContent": "영상 속에 나타나는 강아지는 인사하듯 앞 발로 인형을 쓰다듬더니 코를 맞대고 힘껏 밀어부치며 힘을 과시한다.",
                "subjectConsistencyYn": "Y"
            },
            {
                "sentenceNo": 4,
                "sentenceContent": "강아지는 인형이 방심할 때를 놓치지 않고 최후의 일격으로 머리를 꽝 부딪힌다.",
                "subjectConsistencyYn": "Y"
            },
            {
                "sentenceNo": 5,
                "sentenceContent": "하지만 승자의 기쁨을 만끽한 것도 잠시, 그 힘의 반동으로 반격을 한 미니언즈 인형에게 튕겨져나가, 강아지는 화면에서 사라진다.",
                "subjectConsistencyYn": "Y"
            },
            {
                "sentenceNo": 6,
                "sentenceContent": "이 영상은 25만 건이 넘는 조횟수를 기록하며 네티즌들에게 웃음을 선사하고 있다.",
                "subjectConsistencyYn": "Y"
            },
            {
                "sentenceNo": 7,
                "sentenceContent": "영상 : Arne Doodle / YouTube(유튜브)",
                "subjectConsistencyYn": "Y"
            },
            {
                "sentenceNo": 8,
                "sentenceContent": "한편, 집을 비운 사이 혼자 남은 반려견에게 특별한 케어를 해 주고 싶어 하는 직장인 견주들 사이에 '하울팟케어클럽' 등 반려견 유치원이 인기다. ",
                "subjectConsistencyYn": "N"
            },
            {
                "sentenceNo": 9,
                "sentenceContent": "'하울팟케어클럽' 측은 \"반려견의 행복하고 건강한 생활을 위해 게임, 체육, 창의력, 사회화 등 특화 프로그램을 운영한다\"며, \"현재 3개 지점에서 월평균 170마리의 반려견들이 등원 중\"이라고 밝혔다. ",
                "subjectConsistencyYn": "N"
            }
        ],
        "clickbaitClass": 0
    }
}