{
    "sourceDataInfo": {
        "newsID": "ET_M03_627351",
        "newsCategory": "연예",
        "newsSubcategory": "연예가화제",
        "newsTitle": "\\\"팬사랑도 남다르지유\\\" 봉사하는 팬들 깜짝 방문한 아이유",
        "newsSubTitle": "",
        "newsContent": "남다른 팬 사랑으로 유명한 아이유가 또 한 번 팬들에게 감동을 줬다.\n13일 아이유는 벽화 봉사를 나선 팬들을 깜짝 방문했다.\n16일이 생일인 아이유를 위해 아이유 팬클럽 ‘유애나’는 벽화 그리기 봉사에 나섰다.\n앞서 아이유가 팬들과 함께 벽화 봉사에 나선다는 보도가 나가자 소속사는 “잘못 알려진 것”이라며 “팬들만 행사에 참석한다”고 말했다.\n이날 아무런 기대 없이 봉사를 하던 팬들에게 아이유는 피자와 치킨을 사 들고 깜짝 방문했다.\n또한 봉사에 참여한 50명의 팬 한명 한명과 셀카를 찍었다고 한다.\n당시 현장에 있던 팬은 SNS에 “지은이는 못 온다고 했었는데 왔어! 대박!”이라며 영상을 공개하기도 했다.\n영상 속에서 아이유는 팬들이 불러주는 생일 축하 노래를 들은 후 스케줄이 있어 급히 이동했다.\n아쉬워하는 팬들의 모습에 아이유는 문을 나설 때까지 열심히 손을 흔들어줬다.\n같은 날 아이유는 “벽화는 유애나가 그리고 생색은 아이유가 낸다”는 글과 함께 완성된 벽화 앞에서 찍은 영상을 자신의 SNS에 공개했다.",
        "partNum": "P2",
        "useType": 0,
        "processType": "D",
        "processPattern": "23",
        "processLevel": "중",
        "sentenceCount": 10,
        "processSentencenum": 2,
        "sentenceInfo": [
            {
                "sentenceNo": 1,
                "sentenceContent": "남다른 팬 사랑으로 유명한 아이유가 또 한 번 팬들에게 감동을 줬다.",
                "sentenceSize": 38
            },
            {
                "sentenceNo": 2,
                "sentenceContent": "13일 아이유는 벽화 봉사를 나선 팬들을 깜짝 방문했다.",
                "sentenceSize": 31
            },
            {
                "sentenceNo": 3,
                "sentenceContent": "16일이 생일인 아이유를 위해 아이유 팬클럽 ‘유애나’는 벽화 그리기 봉사에 나섰다.",
                "sentenceSize": 47
            },
            {
                "sentenceNo": 4,
                "sentenceContent": "앞서 아이유가 팬들과 함께 벽화 봉사에 나선다는 보도가 나가자 소속사는 “잘못 알려진 것”이라며 “팬들만 행사에 참석한다”고 말했다.",
                "sentenceSize": 74
            },
            {
                "sentenceNo": 5,
                "sentenceContent": "이날 아무런 기대 없이 봉사를 하던 팬들에게 아이유는 피자와 치킨을 사 들고 깜짝 방문했다.",
                "sentenceSize": 51
            },
            {
                "sentenceNo": 6,
                "sentenceContent": "또한 봉사에 참여한 50명의 팬 한명 한명과 셀카를 찍었다고 한다.",
                "sentenceSize": 37
            },
            {
                "sentenceNo": 7,
                "sentenceContent": "당시 현장에 있던 팬은 SNS에 “지은이는 못 온다고 했었는데 왔어! 대박!”이라며 영상을 공개하기도 했다.",
                "sentenceSize": 60
            },
            {
                "sentenceNo": 8,
                "sentenceContent": "영상 속에서 아이유는 팬들이 불러주는 생일 축하 노래를 들은 후 스케줄이 있어 급히 이동했다.",
                "sentenceSize": 52
            },
            {
                "sentenceNo": 9,
                "sentenceContent": "아쉬워하는 팬들의 모습에 아이유는 문을 나설 때까지 열심히 손을 흔들어줬다.",
                "sentenceSize": 42
            },
            {
                "sentenceNo": 10,
                "sentenceContent": "같은 날 아이유는 “벽화는 유애나가 그리고 생색은 아이유가 낸다”는 글과 함께 완성된 벽화 앞에서 찍은 영상을 자신의 SNS에 공개했다.",
                "sentenceSize": 76
            }
        ]
    },
    "labeledDataInfo": {
        "processSentenceInfo": [
            {
                "sentenceNo": 1,
                "sentenceContent": "남다른 팬 사랑으로 유명한 아이유가 또 한 번 팬들에게 감동을 줬다.",
                "subjectConsistencyYn": "Y"
            },
            {
                "sentenceNo": 2,
                "sentenceContent": "13일 아이유는 벽화 봉사를 나선 팬들을 깜짝 방문했다.",
                "subjectConsistencyYn": "Y"
            },
            {
                "sentenceNo": 3,
                "sentenceContent": "16일이 생일인 아이유를 위해 아이유 팬클럽 ‘유애나’는 벽화 그리기 봉사에 나섰다.",
                "subjectConsistencyYn": "Y"
            },
            {
                "sentenceNo": 4,
                "sentenceContent": "앞서 아이유가 팬들과 함께 벽화 봉사에 나선다는 보도가 나가자 소속사는 “잘못 알려진 것”이라며 “팬들만 행사에 참석한다”고 말했다.",
                "subjectConsistencyYn": "Y"
            },
            {
                "sentenceNo": 5,
                "sentenceContent": "이날 아무런 기대 없이 봉사를 하던 팬들에게 아이유는 피자와 치킨을 사 들고 깜짝 방문했다.",
                "subjectConsistencyYn": "Y"
            },
            {
                "sentenceNo": 6,
                "sentenceContent": "또한 봉사에 참여한 50명의 팬 한명 한명과 셀카를 찍었다고 한다.",
                "subjectConsistencyYn": "Y"
            },
            {
                "sentenceNo": 7,
                "sentenceContent": "당시 현장에 있던 팬은 SNS에 “지은이는 못 온다고 했었는데 왔어! 대박!”이라며 영상을 공개하기도 했다.",
                "subjectConsistencyYn": "Y"
            },
            {
                "sentenceNo": 8,
                "sentenceContent": "영상 속에서 아이유는 팬들이 불러주는 생일 축하 노래를 들은 후 스케줄이 있어 급히 이동했다.",
                "subjectConsistencyYn": "Y"
            },
            {
                "sentenceNo": 9,
                "sentenceContent": "아쉬워하는 팬들의 모습에 아이유는 문을 나설 때까지 열심히 손을 흔들어줬다.",
                "subjectConsistencyYn": "Y"
            },
            {
                "sentenceNo": 10,
                "sentenceContent": "같은 날 아이유는 “벽화는 유애나가 그리고 생색은 아이유가 낸다”는 글과 함께 완성된 벽화 앞에서 찍은 영상을 자신의 SNS에 공개했다.",
                "subjectConsistencyYn": "Y"
            },
            {
                "sentenceNo": 11,
                "sentenceContent": "유애나의 벽화 그리기 이벤트가 이처럼 훈훈하게 마무리되는 가운데, 로봇 페인팅 기술 기반의 벽화 제작 기업 로보프린트에서는 아파트 외벽, 일반 건축물 외벽, 지하도 등에 로봇을 활용한 벽화 페인팅 서비스를 제공한다. ",
                "subjectConsistencyYn": "N"
            },
            {
                "sentenceNo": 12,
                "sentenceContent": "아트봇 공법을 사용하는 로봇 페인팅 기술은 숙련공 수작업 대비 작업 기간, 비용, 인력 투입 측면에서 우수한 결과를 끌어내며, 로봇과 전문화가 작업을 효율적으로 배치하여 작업 기간을 획기적으로 단축하고 이를 통해 공사비용을 절감시켜주는 우수한 품질의 서비스로, 디자인과 공정 설계에 관한 절차 문의는 로보프린트 홈페이지를 통해 접수할 수 있다.",
                "subjectConsistencyYn": "N"
            }
        ],
        "clickbaitClass": 0
    }
}