{
    "sourceDataInfo": {
        "newsID": "ET_M03_627752",
        "newsCategory": "연예",
        "newsSubcategory": "연예가화제",
        "newsTitle": "김현중 전 여자친구 최씨 곧 출산인데…김현중 \\\"9월 휴가 반납했다\\\"",
        "newsSubTitle": "",
        "newsContent": "가수 겸 배우 김현중이 9월 신병위로휴가를 반납한 것으로 알려져 네티즌들의 관심이 쏠리고 잇다.\n9일 소속사 키이시트의 관계자는 “김현중이 9월에는 휴가를 나오지 않는 것으로 알고 있다. 개인적인 사안이기 때문에 그 이유에 대해서는 소속사도 알 수 없다”고 말을 아꼈다.\n앞서 김현중은 지난 5월 12일 경기도 고양시에 위치한 육군 30사단 신병교육대에 입소했으며 5주간의 기초군사훈련을 마친 뒤 30사단 예하부대로 자대배치를 받아 경계병으로 복무 중에 있다.\n날짜대로라면 지난달 말 혹은 이달 초 신병위로휴가를 나와야 했다.\n이런 가운데 그의 전 여자친구인 최씨는 오는 12일 출산 예정인 것으로 알려졌다.\n만약 최씨가 예정대로 12일에 출산하게 될 경우 친자 확인을 할 것으로 예상된다.\n김현중의 변호를 맡은 이재만 변호사는 \\\"최씨가 양육비를 받길 바란다면 알아서 친자 확인을 한 결과를 줄 것\\\"이라며 \\\"친자 여부는 현재 진행 중인 소송과 전혀 관련이 없다. 23일 예정된 변론기일은 불법행위 손해배상에 대한 것\\\"이라고 밝혔다.\n한편, 김현중의 전 여자친구 최씨는 김현중을 상대로 16억원대 손해배상청구를 냈고 오는 23일 서울중앙지법에서 변론기일이 열린다.\n온라인 중앙일보 [사진=중앙포토DB]",
        "partNum": "P2",
        "useType": 0,
        "processType": "D",
        "processPattern": "23",
        "processLevel": "중",
        "sentenceCount": 9,
        "processSentencenum": 3,
        "sentenceInfo": [
            {
                "sentenceNo": 1,
                "sentenceContent": "가수 겸 배우 김현중이 9월 신병위로휴가를 반납한 것으로 알려져 네티즌들의 관심이 쏠리고 잇다.",
                "sentenceSize": 53
            },
            {
                "sentenceNo": 2,
                "sentenceContent": "9일 소속사 키이시트의 관계자는 “김현중이 9월에는 휴가를 나오지 않는 것으로 알고 있다. 개인적인 사안이기 때문에 그 이유에 대해서는 소속사도 알 수 없다”고 말을 아꼈다.",
                "sentenceSize": 97
            },
            {
                "sentenceNo": 3,
                "sentenceContent": "앞서 김현중은 지난 5월 12일 경기도 고양시에 위치한 육군 30사단 신병교육대에 입소했으며 5주간의 기초군사훈련을 마친 뒤 30사단 예하부대로 자대배치를 받아 경계병으로 복무 중에 있다.",
                "sentenceSize": 105
            },
            {
                "sentenceNo": 4,
                "sentenceContent": "날짜대로라면 지난달 말 혹은 이달 초 신병위로휴가를 나와야 했다.",
                "sentenceSize": 36
            },
            {
                "sentenceNo": 5,
                "sentenceContent": "이런 가운데 그의 전 여자친구인 최씨는 오는 12일 출산 예정인 것으로 알려졌다.",
                "sentenceSize": 45
            },
            {
                "sentenceNo": 6,
                "sentenceContent": "만약 최씨가 예정대로 12일에 출산하게 될 경우 친자 확인을 할 것으로 예상된다.",
                "sentenceSize": 45
            },
            {
                "sentenceNo": 7,
                "sentenceContent": "김현중의 변호를 맡은 이재만 변호사는 \\\"최씨가 양육비를 받길 바란다면 알아서 친자 확인을 한 결과를 줄 것\\\"이라며 \\\"친자 여부는 현재 진행 중인 소송과 전혀 관련이 없다. 23일 예정된 변론기일은 불법행위 손해배상에 대한 것\\\"이라고 밝혔다.",
                "sentenceSize": 138
            },
            {
                "sentenceNo": 8,
                "sentenceContent": "한편, 김현중의 전 여자친구 최씨는 김현중을 상대로 16억원대 손해배상청구를 냈고 오는 23일 서울중앙지법에서 변론기일이 열린다.",
                "sentenceSize": 72
            },
            {
                "sentenceNo": 9,
                "sentenceContent": "온라인 중앙일보 [사진=중앙포토DB]",
                "sentenceSize": 20
            }
        ]
    },
    "labeledDataInfo": {
        "processSentenceInfo": [
            {
                "sentenceNo": 1,
                "sentenceContent": "가수 겸 배우 김현중이 9월 신병위로휴가를 반납한 것으로 알려져 네티즌들의 관심이 쏠리고 잇다.",
                "subjectConsistencyYn": "Y"
            },
            {
                "sentenceNo": 2,
                "sentenceContent": "9일 소속사 키이시트의 관계자는 “김현중이 9월에는 휴가를 나오지 않는 것으로 알고 있다. 개인적인 사안이기 때문에 그 이유에 대해서는 소속사도 알 수 없다”고 말을 아꼈다.",
                "subjectConsistencyYn": "Y"
            },
            {
                "sentenceNo": 3,
                "sentenceContent": "앞서 김현중은 지난 5월 12일 경기도 고양시에 위치한 육군 30사단 신병교육대에 입소했으며 5주간의 기초군사훈련을 마친 뒤 30사단 예하부대로 자대배치를 받아 경계병으로 복무 중에 있다.",
                "subjectConsistencyYn": "Y"
            },
            {
                "sentenceNo": 4,
                "sentenceContent": "날짜대로라면 지난달 말 혹은 이달 초 신병위로휴가를 나와야 했다.",
                "subjectConsistencyYn": "Y"
            },
            {
                "sentenceNo": 5,
                "sentenceContent": "이런 가운데 그의 전 여자친구인 최씨는 오는 12일 출산 예정인 것으로 알려졌다.",
                "subjectConsistencyYn": "Y"
            },
            {
                "sentenceNo": 6,
                "sentenceContent": "만약 최씨가 예정대로 12일에 출산하게 될 경우 친자 확인을 할 것으로 예상된다.",
                "subjectConsistencyYn": "Y"
            },
            {
                "sentenceNo": 7,
                "sentenceContent": "김현중의 변호를 맡은 이재만 변호사는 \\\"최씨가 양육비를 받길 바란다면 알아서 친자 확인을 한 결과를 줄 것\\\"이라며 \\\"친자 여부는 현재 진행 중인 소송과 전혀 관련이 없다. 23일 예정된 변론기일은 불법행위 손해배상에 대한 것\\\"이라고 밝혔다.",
                "subjectConsistencyYn": "Y"
            },
            {
                "sentenceNo": 8,
                "sentenceContent": "한편, 김현중의 전 여자친구 최씨는 김현중을 상대로 16억원대 손해배상청구를 냈고 오는 23일 서울중앙지법에서 변론기일이 열린다.",
                "subjectConsistencyYn": "Y"
            },
            {
                "sentenceNo": 9,
                "sentenceContent": "온라인 중앙일보 [사진=중앙포토DB]",
                "subjectConsistencyYn": "Y"
            },
            {
                "sentenceNo": 10,
                "sentenceContent": "김현중의 신병 위로휴가 반납 소식이 전해진 가운데, CJ 푸드빌이 자사 외식 브랜드 빕스의 군인 할인 혜택을 25%로 확대한다고 밝혔다. ",
                "subjectConsistencyYn": "N"
            },
            {
                "sentenceNo": 11,
                "sentenceContent": "빕스의 군인 할인 혜택 확대는 군인에 대한 감사를 표현한다는 의미로 진행된 것으로, 본 할인 혜택은 현역 병사 외에도 간부, 주한미군 등 군인 신분이 가능한 누구에게나 적용된다. ",
                "subjectConsistencyYn": "N"
            },
            {
                "sentenceNo": 12,
                "sentenceContent": "주문 금액 20만 원 한도 내에서 제휴 신용카드 10% 중복 할인도 가능하며, 자세한 정보는 빕스 공식 홈페이지에서 확인 가능하다. ",
                "subjectConsistencyYn": "N"
            }
        ],
        "clickbaitClass": 0
    }
}