{
    "sourceDataInfo": {
        "newsID": "ET_M03_627610",
        "newsCategory": "연예",
        "newsSubcategory": "연예가화제",
        "newsTitle": "나쁜놈 손예진, \\\"첫 중국 영화 데뷔작…매력적인 부분 많아서 택했다\\\"",
        "newsSubTitle": "",
        "newsContent": "영화 '나쁜놈'에 출연하는 배우 손예진이 \\\"첫 중국 영화 데뷔작\\\"이라며 \\\"매력적인 부분이 많아서 택하게 됐다\\\"고 전했다.\n손예진은 2일 부산 해운대 노보텔 그랜드볼룸에서 열린 영화 '나쁜놈은 반드시 죽는다' 제작보고회에서 이 같이 설명했다.\n이날 손예진은 \\\"처음으로 중국 영화에 데뷔하게 됐다. '나쁜놈'은 미스터리 코미디 장르인 것 같다. 강제규 감독님이 시나리오 보내주셔서 봤고, 손호 감독님의 첫 데뷔작이라고 듣게 됐다. 로드무비 하고 싶었고, 매력적이었던 것은 중국 영화지만 제주도에서 찍게 된다는 것이었다. 캐릭터도 매력적이었던 것도 있다\\\"고 밝혔다.\n이 영화는 한중합작의 코믹액션 장르. 강제규 감독과 펑 샤오강 감독이 공동으로 제작을 맡았으며, 손호 감독이 연출을 맡았다.\n배우 손예진과 진백림, 신현준, 박철민, 장광, 교진우, 양욱문, 정문박이 출연한다.\n한편, 이번 영화제에는 75개국에서 304편의 영화가 초청됐다.\n국내외에서 처음 선보이는 월드 프리미어 94편과 자국 외 처음 선보이는 인터내셔널 프리미어 27편 등 121편의 신작이 관객을 만난다.\n영화제 기간 동안 부산 해운대와 센텀시티, 중구 남포동 등 6개 극장 35개 스크린에서 상영될 예정이다.\n온라인 중앙일보 나쁜놈 손예진 [사진 일간스포츠]",
        "partNum": "P2",
        "useType": 0,
        "processType": "D",
        "processPattern": "23",
        "processLevel": "중",
        "sentenceCount": 9,
        "processSentencenum": 2,
        "sentenceInfo": [
            {
                "sentenceNo": 1,
                "sentenceContent": "영화 '나쁜놈'에 출연하는 배우 손예진이 \\\"첫 중국 영화 데뷔작\\\"이라며 \\\"매력적인 부분이 많아서 택하게 됐다\\\"고 전했다.",
                "sentenceSize": 71
            },
            {
                "sentenceNo": 2,
                "sentenceContent": "손예진은 2일 부산 해운대 노보텔 그랜드볼룸에서 열린 영화 '나쁜놈은 반드시 죽는다' 제작보고회에서 이 같이 설명했다.",
                "sentenceSize": 66
            },
            {
                "sentenceNo": 3,
                "sentenceContent": "이날 손예진은 \\\"처음으로 중국 영화에 데뷔하게 됐다. '나쁜놈'은 미스터리 코미디 장르인 것 같다. 강제규 감독님이 시나리오 보내주셔서 봤고, 손호 감독님의 첫 데뷔작이라고 듣게 됐다. 로드무비 하고 싶었고, 매력적이었던 것은 중국 영화지만 제주도에서 찍게 된다는 것이었다. 캐릭터도 매력적이었던 것도 있다\\\"고 밝혔다.",
                "sentenceSize": 180
            },
            {
                "sentenceNo": 4,
                "sentenceContent": "이 영화는 한중합작의 코믹액션 장르. 강제규 감독과 펑 샤오강 감독이 공동으로 제작을 맡았으며, 손호 감독이 연출을 맡았다.",
                "sentenceSize": 69
            },
            {
                "sentenceNo": 5,
                "sentenceContent": "배우 손예진과 진백림, 신현준, 박철민, 장광, 교진우, 양욱문, 정문박이 출연한다.",
                "sentenceSize": 47
            },
            {
                "sentenceNo": 6,
                "sentenceContent": "한편, 이번 영화제에는 75개국에서 304편의 영화가 초청됐다.",
                "sentenceSize": 35
            },
            {
                "sentenceNo": 7,
                "sentenceContent": "국내외에서 처음 선보이는 월드 프리미어 94편과 자국 외 처음 선보이는 인터내셔널 프리미어 27편 등 121편의 신작이 관객을 만난다.",
                "sentenceSize": 75
            },
            {
                "sentenceNo": 8,
                "sentenceContent": "영화제 기간 동안 부산 해운대와 센텀시티, 중구 남포동 등 6개 극장 35개 스크린에서 상영될 예정이다.",
                "sentenceSize": 58
            },
            {
                "sentenceNo": 9,
                "sentenceContent": "온라인 중앙일보 나쁜놈 손예진 [사진 일간스포츠]",
                "sentenceSize": 27
            }
        ]
    },
    "labeledDataInfo": {
        "processSentenceInfo": [
            {
                "sentenceNo": 1,
                "sentenceContent": "영화 '나쁜놈'에 출연하는 배우 손예진이 \\\"첫 중국 영화 데뷔작\\\"이라며 \\\"매력적인 부분이 많아서 택하게 됐다\\\"고 전했다.",
                "subjectConsistencyYn": "Y"
            },
            {
                "sentenceNo": 2,
                "sentenceContent": "손예진은 2일 부산 해운대 노보텔 그랜드볼룸에서 열린 영화 '나쁜놈은 반드시 죽는다' 제작보고회에서 이 같이 설명했다.",
                "subjectConsistencyYn": "Y"
            },
            {
                "sentenceNo": 3,
                "sentenceContent": "이날 손예진은 \\\"처음으로 중국 영화에 데뷔하게 됐다. '나쁜놈'은 미스터리 코미디 장르인 것 같다. 강제규 감독님이 시나리오 보내주셔서 봤고, 손호 감독님의 첫 데뷔작이라고 듣게 됐다. 로드무비 하고 싶었고, 매력적이었던 것은 중국 영화지만 제주도에서 찍게 된다는 것이었다. 캐릭터도 매력적이었던 것도 있다\\\"고 밝혔다.",
                "subjectConsistencyYn": "Y"
            },
            {
                "sentenceNo": 4,
                "sentenceContent": "이 영화는 한중합작의 코믹액션 장르. 강제규 감독과 펑 샤오강 감독이 공동으로 제작을 맡았으며, 손호 감독이 연출을 맡았다.",
                "subjectConsistencyYn": "Y"
            },
            {
                "sentenceNo": 5,
                "sentenceContent": "배우 손예진과 진백림, 신현준, 박철민, 장광, 교진우, 양욱문, 정문박이 출연한다.",
                "subjectConsistencyYn": "Y"
            },
            {
                "sentenceNo": 6,
                "sentenceContent": "한편, 이번 영화제에는 75개국에서 304편의 영화가 초청됐다.",
                "subjectConsistencyYn": "Y"
            },
            {
                "sentenceNo": 7,
                "sentenceContent": "국내외에서 처음 선보이는 월드 프리미어 94편과 자국 외 처음 선보이는 인터내셔널 프리미어 27편 등 121편의 신작이 관객을 만난다.",
                "subjectConsistencyYn": "Y"
            },
            {
                "sentenceNo": 8,
                "sentenceContent": "영화제 기간 동안 부산 해운대와 센텀시티, 중구 남포동 등 6개 극장 35개 스크린에서 상영될 예정이다.",
                "subjectConsistencyYn": "Y"
            },
            {
                "sentenceNo": 9,
                "sentenceContent": "온라인 중앙일보 나쁜놈 손예진 [사진 일간스포츠]",
                "subjectConsistencyYn": "Y"
            },
            {
                "sentenceNo": 10,
                "sentenceContent": "한편, 영화 '나쁜놈은 반드시 죽는다'로 컴백한 손예진은 소지섭에 이어 모바일 전략게임 앱 '클래시 오브 킹즈'의 광고 모델로 캐스팅됐다고 밝혔다. ",
                "subjectConsistencyYn": "N"
            },
            {
                "sentenceNo": 11,
                "sentenceContent": "'클래시 오브 킹즈'는 일렉스에서 서비스 중인 모바일 전략게임 앱으로, 나만의 강한 제국을 육성하고 드넓은 월드 맵에서 펼쳐지는 전투까지 경험할 수 있으며, 구글플레이 스토어와 애플 앱스토어에서 다운받을 수 있다. ",
                "subjectConsistencyYn": "N"
            }
        ],
        "clickbaitClass": 0
    }
}