{
    "sourceDataInfo": {
        "newsID": "ET_M03_627678",
        "newsCategory": "연예",
        "newsSubcategory": "연예가화제",
        "newsTitle": "복면가왕, 김종서-김정민 새 판정단으로 합류…'기대만발'",
        "newsSubTitle": "",
        "newsContent": "가수 김종서와 방송인 김정민이 '복면가왕' 판정단으로 새롭게 합류해 화제다. 20일 방송되는 MBC '일밤-복면가왕'에서는 팔색조 매력을 지닌 12대 가왕 ‘사랑은 연필로 쓰세요’에게 맞설 새로운 8인의 복면가수가 등장해 듀엣곡 대결을 펼칠 예정이다.\n이번 연예인 판정단에는 록의 전설 김종서, 만능 엔터테이너 김정민이 합류해 한층 업그레이드된 추리전이 펼쳐진다.\n패션과 메이크업을 포함한 다방면에서 해박한 지식을 자랑하는 만능 엔터테이너 김정민은 복면가왕에서 시각적인 맥을 짚어내겠다며 단단한 각오를 전했다.\n또 '복면가왕' 3회에서 성악 발성으로 특유의 목소리를 숨기는 전략을 썼다가 탈락의 고배를 마신 전설의 록커 김종서의 합류로 더욱 보강된 음악적 추리도 주목을 끌고 있다.\n한편 가수 김종서와 방송인 김정민이 합류한 ‘복면가왕’은 20일 오후 4시 50분 방송된다.\n복면가왕 [사진 MBC] joongang.co.kr",
        "partNum": "P2",
        "useType": 0,
        "processType": "D",
        "processPattern": "23",
        "processLevel": "중",
        "sentenceCount": 6,
        "processSentencenum": 3,
        "sentenceInfo": [
            {
                "sentenceNo": 1,
                "sentenceContent": "가수 김종서와 방송인 김정민이 '복면가왕' 판정단으로 새롭게 합류해 화제다. 20일 방송되는 MBC '일밤-복면가왕'에서는 팔색조 매력을 지닌 12대 가왕 ‘사랑은 연필로 쓰세요’에게 맞설 새로운 8인의 복면가수가 등장해 듀엣곡 대결을 펼칠 예정이다.",
                "sentenceSize": 140
            },
            {
                "sentenceNo": 2,
                "sentenceContent": "이번 연예인 판정단에는 록의 전설 김종서, 만능 엔터테이너 김정민이 합류해 한층 업그레이드된 추리전이 펼쳐진다.",
                "sentenceSize": 62
            },
            {
                "sentenceNo": 3,
                "sentenceContent": "패션과 메이크업을 포함한 다방면에서 해박한 지식을 자랑하는 만능 엔터테이너 김정민은 복면가왕에서 시각적인 맥을 짚어내겠다며 단단한 각오를 전했다.",
                "sentenceSize": 81
            },
            {
                "sentenceNo": 4,
                "sentenceContent": "또 '복면가왕' 3회에서 성악 발성으로 특유의 목소리를 숨기는 전략을 썼다가 탈락의 고배를 마신 전설의 록커 김종서의 합류로 더욱 보강된 음악적 추리도 주목을 끌고 있다.",
                "sentenceSize": 95
            },
            {
                "sentenceNo": 5,
                "sentenceContent": "한편 가수 김종서와 방송인 김정민이 합류한 ‘복면가왕’은 20일 오후 4시 50분 방송된다.",
                "sentenceSize": 51
            },
            {
                "sentenceNo": 6,
                "sentenceContent": "복면가왕 [사진 MBC] joongang.co.kr",
                "sentenceSize": 28
            }
        ]
    },
    "labeledDataInfo": {
        "processSentenceInfo": [
            {
                "sentenceNo": 1,
                "sentenceContent": "가수 김종서와 방송인 김정민이 '복면가왕' 판정단으로 새롭게 합류해 화제다. 20일 방송되는 MBC '일밤-복면가왕'에서는 팔색조 매력을 지닌 12대 가왕 ‘사랑은 연필로 쓰세요’에게 맞설 새로운 8인의 복면가수가 등장해 듀엣곡 대결을 펼칠 예정이다.",
                "subjectConsistencyYn": "Y"
            },
            {
                "sentenceNo": 2,
                "sentenceContent": "이번 연예인 판정단에는 록의 전설 김종서, 만능 엔터테이너 김정민이 합류해 한층 업그레이드된 추리전이 펼쳐진다.",
                "subjectConsistencyYn": "Y"
            },
            {
                "sentenceNo": 3,
                "sentenceContent": "패션과 메이크업을 포함한 다방면에서 해박한 지식을 자랑하는 만능 엔터테이너 김정민은 복면가왕에서 시각적인 맥을 짚어내겠다며 단단한 각오를 전했다.",
                "subjectConsistencyYn": "Y"
            },
            {
                "sentenceNo": 4,
                "sentenceContent": "또 '복면가왕' 3회에서 성악 발성으로 특유의 목소리를 숨기는 전략을 썼다가 탈락의 고배를 마신 전설의 록커 김종서의 합류로 더욱 보강된 음악적 추리도 주목을 끌고 있다.",
                "subjectConsistencyYn": "Y"
            },
            {
                "sentenceNo": 5,
                "sentenceContent": "한편 가수 김종서와 방송인 김정민이 합류한 ‘복면가왕’은 20일 오후 4시 50분 방송된다.",
                "subjectConsistencyYn": "Y"
            },
            {
                "sentenceNo": 6,
                "sentenceContent": "복면가왕 [사진 MBC] joongang.co.kr",
                "subjectConsistencyYn": "Y"
            },
            {
                "sentenceNo": 7,
                "sentenceContent": "한편, ㈜네오위즈인터넷의 음악포털 벅스(http://bugs.co.kr)가 MBC 음악 버라이어티 ‘복면가왕’과 공동 이벤트를 진행한다고 19일 밝혔다.",
                "subjectConsistencyYn": "N"
            },
            {
                "sentenceNo": 8,
                "sentenceContent": "프로그램 종료 직후인 20일 밤부터 28일까지 벅스 앱 내 이벤트 페이지를 통해 ‘복면가왕’ 최종 우승자 관련 퀴즈에 참여하는 방식으로, 응모자 중 추첨을 거쳐 필립스 헤드폰 ‘A5PRO’, 소니 블루투스 스피커 ‘SRS-BTX300’, 스컬캔디 헤드폰 ‘HESH2’ 등 총 150만 원 상당의 경품을 7명에게 선물한다.",
                "subjectConsistencyYn": "N"
            },
            {
                "sentenceNo": 9,
                "sentenceContent": "방송 출연진이 부른 노래의 원곡은 벅스 앱 ‘복면가왕’ 이벤트 페이지에서 무료로 감상할 수 있다.",
                "subjectConsistencyYn": "N"
            }
        ],
        "clickbaitClass": 0
    }
}