{
    "sourceDataInfo": {
        "newsID": "ET_M03_627405",
        "newsCategory": "연예",
        "newsSubcategory": "연예가화제",
        "newsTitle": "‘올드스쿨’ 심으뜸 ‘힐 신고 점프스쿼트‘ 운동신경 뽐내",
        "newsSubTitle": "",
        "newsContent": "16일 방송된 SBS 라디오 '김창렬의 올드스쿨'에 스포츠 트레이너 심으뜸이 SNS 계정에 검색어 1위 공약을 인증했다.\n심으뜸은 자신의 인스타그램에 “검색어 1위 공약실천 #sbs #fm #김창렬의올드스쿨 #김창렬 #최현우 #심으뜸 #스쿼트 #점프스쿼트 #하이힐 #네이버 #녹색창 #실검1위“ 라는 글과 함께 힐을 신고 점프스쿼트를 하는 영상을 올렸다. 높은 구두를 신었음에도 안정적인 자세로 점프 스쿼트를 하는 모습이 눈길을 끈다. 심으뜸은 네이버 실시간 1위에 오르게 되면 하이힐 구두신고 점프 스쿼트를 하겠다고 공약을 걸었다. 심으뜸이라는 이름에 대해서는 \\\"어릴 때는 특이해서 부끄러웠는데 지금은 너무 좋아한다. 사람들이 내 이름을 까먹지 않는다\\\"고 말했다.\n한편, 이날 방송에서 심으뜸은 \\\"일란성 쌍둥이 동생과 다른 점이 많다.\n동생은 많이 말랐다\\\"고 말했다.\n또한 \\\"1분 차이인데 동생에게 애기라고 한다.\n나보다 목소리도 한 옥타브 더 높고 애기같다\\\"고 전했다.\n온라인 중앙일보 [사진 심으뜸 인스타그램]",
        "partNum": "P2",
        "useType": 0,
        "processType": "D",
        "processPattern": "23",
        "processLevel": "중",
        "sentenceCount": 7,
        "processSentencenum": 2,
        "sentenceInfo": [
            {
                "sentenceNo": 1,
                "sentenceContent": "16일 방송된 SBS 라디오 '김창렬의 올드스쿨'에 스포츠 트레이너 심으뜸이 SNS 계정에 검색어 1위 공약을 인증했다.",
                "sentenceSize": 67
            },
            {
                "sentenceNo": 2,
                "sentenceContent": "심으뜸은 자신의 인스타그램에 “검색어 1위 공약실천 #sbs #fm #김창렬의올드스쿨 #김창렬 #최현우 #심으뜸 #스쿼트 #점프스쿼트 #하이힐 #네이버 #녹색창 #실검1위“ 라는 글과 함께 힐을 신고 점프스쿼트를 하는 영상을 올렸다. 높은 구두를 신었음에도 안정적인 자세로 점프 스쿼트를 하는 모습이 눈길을 끈다. 심으뜸은 네이버 실시간 1위에 오르게 되면 하이힐 구두신고 점프 스쿼트를 하겠다고 공약을 걸었다. 심으뜸이라는 이름에 대해서는 \\\"어릴 때는 특이해서 부끄러웠는데 지금은 너무 좋아한다. 사람들이 내 이름을 까먹지 않는다\\\"고 말했다.",
                "sentenceSize": 306
            },
            {
                "sentenceNo": 3,
                "sentenceContent": "한편, 이날 방송에서 심으뜸은 \\\"일란성 쌍둥이 동생과 다른 점이 많다.",
                "sentenceSize": 40
            },
            {
                "sentenceNo": 4,
                "sentenceContent": "동생은 많이 말랐다\\\"고 말했다.",
                "sentenceSize": 18
            },
            {
                "sentenceNo": 5,
                "sentenceContent": "또한 \\\"1분 차이인데 동생에게 애기라고 한다.",
                "sentenceSize": 26
            },
            {
                "sentenceNo": 6,
                "sentenceContent": "나보다 목소리도 한 옥타브 더 높고 애기같다\\\"고 전했다.",
                "sentenceSize": 32
            },
            {
                "sentenceNo": 7,
                "sentenceContent": "온라인 중앙일보 [사진 심으뜸 인스타그램]",
                "sentenceSize": 23
            }
        ]
    },
    "labeledDataInfo": {
        "processSentenceInfo": [
            {
                "sentenceNo": 1,
                "sentenceContent": "16일 방송된 SBS 라디오 '김창렬의 올드스쿨'에 스포츠 트레이너 심으뜸이 SNS 계정에 검색어 1위 공약을 인증했다.",
                "subjectConsistencyYn": "Y"
            },
            {
                "sentenceNo": 2,
                "sentenceContent": "심으뜸은 자신의 인스타그램에 “검색어 1위 공약실천 #sbs #fm #김창렬의올드스쿨 #김창렬 #최현우 #심으뜸 #스쿼트 #점프스쿼트 #하이힐 #네이버 #녹색창 #실검1위“ 라는 글과 함께 힐을 신고 점프스쿼트를 하는 영상을 올렸다. 높은 구두를 신었음에도 안정적인 자세로 점프 스쿼트를 하는 모습이 눈길을 끈다. 심으뜸은 네이버 실시간 1위에 오르게 되면 하이힐 구두신고 점프 스쿼트를 하겠다고 공약을 걸었다. 심으뜸이라는 이름에 대해서는 \\\"어릴 때는 특이해서 부끄러웠는데 지금은 너무 좋아한다. 사람들이 내 이름을 까먹지 않는다\\\"고 말했다.",
                "subjectConsistencyYn": "Y"
            },
            {
                "sentenceNo": 3,
                "sentenceContent": "한편, 이날 방송에서 심으뜸은 \\\"일란성 쌍둥이 동생과 다른 점이 많다.",
                "subjectConsistencyYn": "Y"
            },
            {
                "sentenceNo": 4,
                "sentenceContent": "동생은 많이 말랐다\\\"고 말했다.",
                "subjectConsistencyYn": "Y"
            },
            {
                "sentenceNo": 5,
                "sentenceContent": "또한 \\\"1분 차이인데 동생에게 애기라고 한다.",
                "subjectConsistencyYn": "Y"
            },
            {
                "sentenceNo": 6,
                "sentenceContent": "나보다 목소리도 한 옥타브 더 높고 애기같다\\\"고 전했다.",
                "subjectConsistencyYn": "Y"
            },
            {
                "sentenceNo": 7,
                "sentenceContent": "온라인 중앙일보 [사진 심으뜸 인스타그램]",
                "subjectConsistencyYn": "Y"
            },
            {
                "sentenceNo": 8,
                "sentenceContent": "한편, 유튜버 심으뜸은 무제한 구독 서비스인 ‘클래스 101’에서 15일부터 홈트레이닝 강의를 실시한다고 밝혔다.",
                "subjectConsistencyYn": "N"
            },
            {
                "sentenceNo": 9,
                "sentenceContent": "특히 1~2개 강의로도 작품 완성이 가능한 짧은 커리큘럼으로 구성돼 있어, 부담 없이 집에서도 쉽게 홈트레이닝 자세를 익히고 싶어하는 MZ세대들에게 큰 호응을 얻고 있다.",
                "subjectConsistencyYn": "N"
            }
        ],
        "clickbaitClass": 0
    }
}