{
    "sourceDataInfo": {
        "newsID": "ET_M03_627604",
        "newsCategory": "연예",
        "newsSubcategory": "연예가화제",
        "newsTitle": "‘나 혼자 산다’ 김용건, 아들 하정우가 선물한 2억 5천만 원 슈퍼카 벤틀리 공개",
        "newsSubTitle": "",
        "newsContent": "‘나 혼자 산다’ 김용건, 아들 하정우가 선물한 2억 5천만 원 슈퍼카 벤틀리 공개 ‘나 혼자 산다’ 김용건이 자신의 차를 최초로 공개했다.\n지난 2일 방송된 MBC ‘나 혼자 산다’에서 김용건은 “짧은 가을을 느끼고 싶어서 바닷가를 가기 위해 나왔다”며 홀로 서울 근교 바닷가로 떠났다.\n김용건은 트렌치코트에 선글라스를 매치한 멋스런 패션으로 가을 분위기를 물씬 풍겼다.\n이날 김용건은 직접 자신의 차로 덕포진으로 떠났는데 그 과정에서 자신의 차인 벤틀리를 공개했다.\n김용건이 모는 벤틀리는 아들 하정우가 선물한 것으로 알려져 눈길을 끌었다.\n해당 차종은 가격이 2억 5천만 원대를 호가하는 최고급 슈퍼카다. ‘나 혼자 산다 김용건 벤틀리’ ‘나 혼자 산다 김용건 벤틀리’ 온라인 중앙일보 [사진 MBC ‘나 혼자 산다’ 캡처]",
        "partNum": "P2",
        "useType": 0,
        "processType": "D",
        "processPattern": "23",
        "processLevel": "중",
        "sentenceCount": 6,
        "processSentencenum": 2,
        "sentenceInfo": [
            {
                "sentenceNo": 1,
                "sentenceContent": "‘나 혼자 산다’ 김용건, 아들 하정우가 선물한 2억 5천만 원 슈퍼카 벤틀리 공개 ‘나 혼자 산다’ 김용건이 자신의 차를 최초로 공개했다.",
                "sentenceSize": 78
            },
            {
                "sentenceNo": 2,
                "sentenceContent": "지난 2일 방송된 MBC ‘나 혼자 산다’에서 김용건은 “짧은 가을을 느끼고 싶어서 바닷가를 가기 위해 나왔다”며 홀로 서울 근교 바닷가로 떠났다.",
                "sentenceSize": 82
            },
            {
                "sentenceNo": 3,
                "sentenceContent": "김용건은 트렌치코트에 선글라스를 매치한 멋스런 패션으로 가을 분위기를 물씬 풍겼다.",
                "sentenceSize": 46
            },
            {
                "sentenceNo": 4,
                "sentenceContent": "이날 김용건은 직접 자신의 차로 덕포진으로 떠났는데 그 과정에서 자신의 차인 벤틀리를 공개했다.",
                "sentenceSize": 53
            },
            {
                "sentenceNo": 5,
                "sentenceContent": "김용건이 모는 벤틀리는 아들 하정우가 선물한 것으로 알려져 눈길을 끌었다.",
                "sentenceSize": 41
            },
            {
                "sentenceNo": 6,
                "sentenceContent": "해당 차종은 가격이 2억 5천만 원대를 호가하는 최고급 슈퍼카다. ‘나 혼자 산다 김용건 벤틀리’ ‘나 혼자 산다 김용건 벤틀리’ 온라인 중앙일보 [사진 MBC ‘나 혼자 산다’ 캡처]",
                "sentenceSize": 103
            }
        ]
    },
    "labeledDataInfo": {
        "processSentenceInfo": [
            {
                "sentenceNo": 1,
                "sentenceContent": "‘나 혼자 산다’ 김용건, 아들 하정우가 선물한 2억 5천만 원 슈퍼카 벤틀리 공개 ‘나 혼자 산다’ 김용건이 자신의 차를 최초로 공개했다.",
                "subjectConsistencyYn": "Y"
            },
            {
                "sentenceNo": 2,
                "sentenceContent": "지난 2일 방송된 MBC ‘나 혼자 산다’에서 김용건은 “짧은 가을을 느끼고 싶어서 바닷가를 가기 위해 나왔다”며 홀로 서울 근교 바닷가로 떠났다.",
                "subjectConsistencyYn": "Y"
            },
            {
                "sentenceNo": 3,
                "sentenceContent": "김용건은 트렌치코트에 선글라스를 매치한 멋스런 패션으로 가을 분위기를 물씬 풍겼다.",
                "subjectConsistencyYn": "Y"
            },
            {
                "sentenceNo": 4,
                "sentenceContent": "이날 김용건은 직접 자신의 차로 덕포진으로 떠났는데 그 과정에서 자신의 차인 벤틀리를 공개했다.",
                "subjectConsistencyYn": "Y"
            },
            {
                "sentenceNo": 5,
                "sentenceContent": "김용건이 모는 벤틀리는 아들 하정우가 선물한 것으로 알려져 눈길을 끌었다.",
                "subjectConsistencyYn": "Y"
            },
            {
                "sentenceNo": 6,
                "sentenceContent": "해당 차종은 가격이 2억 5천만 원대를 호가하는 최고급 슈퍼카다. ‘나 혼자 산다 김용건 벤틀리’ ‘나 혼자 산다 김용건 벤틀리’ 온라인 중앙일보 [사진 MBC ‘나 혼자 산다’ 캡처]",
                "subjectConsistencyYn": "Y"
            },
            {
                "sentenceNo": 7,
                "sentenceContent": "한편, 벤틀리 서울은 '나 혼자 산다'의 김용건과 같은 벤틀리 오너를 위한 자체 멤버십 서비스인 '벤틀리 서울 멤버십'을 출시한다고 밝혔다. ",
                "subjectConsistencyYn": "N"
            },
            {
                "sentenceNo": 8,
                "sentenceContent": "'벤틀리 서울 멤버십'은 온, 오프라인 통합 럭셔리 멤버십 프로그램으로, 벤틀리 오너들은 모바일 앱 기반의 차량 관리 컨시어지 서비스를 제공받을 수 있으며, 벤틀리 오너만이 누릴 수 있는 다양한 경험과 혜택을 제공할 예정이다. ",
                "subjectConsistencyYn": "N"
            }
        ],
        "clickbaitClass": 0
    }
}