{
    "sourceDataInfo": {
        "newsID": "ET_M03_627635",
        "newsCategory": "연예",
        "newsSubcategory": "연예가화제",
        "newsTitle": "아육대 샤넌, \\\"내 콧구멍에 집중했어요\\\"…귀여운 캐릭터 '눈길'",
        "newsSubTitle": "",
        "newsContent": "가수 샤넌이 ‘아육대’ 양궁 출연한 소감을 전했다.\n최근 샤넌은 SNS에 세 장의 사진을 게재했다.\n이는 지난 8월 이미 녹화를 마친 MBC 예능 ‘아이돌 스타 육상 씨름 농구 풋살 양궁 선수권대회’에 참가했을 당시 찍은 사진과 이를 바탕으로 그린 캐리커처다.\n양궁 분야에 출전한 샤넌은 당시 소감에 대해 “콧구멍이 벌렁벌렁거리네용ㅠ 그래서 내 콧구멍에 집중했어요”라고 전했다.\n또한 다른 사진에서 샤넌은 같은 팀원들과 화기애애한 포즈를 취했다.\n샤넌은 영국과 한국의 혼혈로 월드팀에 소속돼 경기에 참여해 주목을 모았다.\n아육대 샤넌 [사진 샤넌 인스타그램 캡처] 온라인 중앙일보",
        "partNum": "P2",
        "useType": 0,
        "processType": "D",
        "processPattern": "23",
        "processLevel": "중",
        "sentenceCount": 7,
        "processSentencenum": 2,
        "sentenceInfo": [
            {
                "sentenceNo": 1,
                "sentenceContent": "가수 샤넌이 ‘아육대’ 양궁 출연한 소감을 전했다.",
                "sentenceSize": 28
            },
            {
                "sentenceNo": 2,
                "sentenceContent": "최근 샤넌은 SNS에 세 장의 사진을 게재했다.",
                "sentenceSize": 26
            },
            {
                "sentenceNo": 3,
                "sentenceContent": "이는 지난 8월 이미 녹화를 마친 MBC 예능 ‘아이돌 스타 육상 씨름 농구 풋살 양궁 선수권대회’에 참가했을 당시 찍은 사진과 이를 바탕으로 그린 캐리커처다.",
                "sentenceSize": 89
            },
            {
                "sentenceNo": 4,
                "sentenceContent": "양궁 분야에 출전한 샤넌은 당시 소감에 대해 “콧구멍이 벌렁벌렁거리네용ㅠ 그래서 내 콧구멍에 집중했어요”라고 전했다.",
                "sentenceSize": 65
            },
            {
                "sentenceNo": 5,
                "sentenceContent": "또한 다른 사진에서 샤넌은 같은 팀원들과 화기애애한 포즈를 취했다.",
                "sentenceSize": 37
            },
            {
                "sentenceNo": 6,
                "sentenceContent": "샤넌은 영국과 한국의 혼혈로 월드팀에 소속돼 경기에 참여해 주목을 모았다.",
                "sentenceSize": 41
            },
            {
                "sentenceNo": 7,
                "sentenceContent": "아육대 샤넌 [사진 샤넌 인스타그램 캡처] 온라인 중앙일보",
                "sentenceSize": 32
            }
        ]
    },
    "labeledDataInfo": {
        "processSentenceInfo": [
            {
                "sentenceNo": 1,
                "sentenceContent": "가수 샤넌이 ‘아육대’ 양궁 출연한 소감을 전했다.",
                "subjectConsistencyYn": "Y"
            },
            {
                "sentenceNo": 2,
                "sentenceContent": "최근 샤넌은 SNS에 세 장의 사진을 게재했다.",
                "subjectConsistencyYn": "Y"
            },
            {
                "sentenceNo": 3,
                "sentenceContent": "이는 지난 8월 이미 녹화를 마친 MBC 예능 ‘아이돌 스타 육상 씨름 농구 풋살 양궁 선수권대회’에 참가했을 당시 찍은 사진과 이를 바탕으로 그린 캐리커처다.",
                "subjectConsistencyYn": "Y"
            },
            {
                "sentenceNo": 4,
                "sentenceContent": "양궁 분야에 출전한 샤넌은 당시 소감에 대해 “콧구멍이 벌렁벌렁거리네용ㅠ 그래서 내 콧구멍에 집중했어요”라고 전했다.",
                "subjectConsistencyYn": "Y"
            },
            {
                "sentenceNo": 5,
                "sentenceContent": "또한 다른 사진에서 샤넌은 같은 팀원들과 화기애애한 포즈를 취했다.",
                "subjectConsistencyYn": "Y"
            },
            {
                "sentenceNo": 6,
                "sentenceContent": "샤넌은 영국과 한국의 혼혈로 월드팀에 소속돼 경기에 참여해 주목을 모았다.",
                "subjectConsistencyYn": "Y"
            },
            {
                "sentenceNo": 7,
                "sentenceContent": "아육대 샤넌 [사진 샤넌 인스타그램 캡처] 온라인 중앙일보",
                "subjectConsistencyYn": "Y"
            },
            {
                "sentenceNo": 8,
                "sentenceContent": "한편, SK텔레콤은 OTT 서비스 옥수수 5GX 관에서 예능프로그램 '아육대'를 오는 12일 방송부터 '멀티뷰 VOD'로 서비스할 예정이라고 밝혔다. ",
                "subjectConsistencyYn": "N"
            },
            {
                "sentenceNo": 9,
                "sentenceContent": "아육대 '멀티뷰 VOD'는 프로그램 시청자가 여러 화면 중에서 원하는 화면을 선택해 볼 수 있는 콘텐츠 서비스로, e스포츠와 뮤직 멀티뷰에 사용 중인 에스타일 기술을 적용했다. ",
                "subjectConsistencyYn": "N"
            }
        ],
        "clickbaitClass": 0
    }
}