{
    "sourceDataInfo": {
        "newsID": "ET_M03_627690",
        "newsCategory": "연예",
        "newsSubcategory": "연예가화제",
        "newsTitle": "SBS, 자체 DB 활용해도 왜 일베에 취약하나",
        "newsSubTitle": "",
        "newsContent": "SBS 측이 또 일베 방송사고를 냈다.\n이번이 7번째다.\n지난 16일 방송된 SBS '한밤의 TV 연예'에서는 '닮은꼴 연예계 천태만상'에 대해 보도했다.\n이날 보도 중 영화 '암살'이 최근 표절 시비에 휘말린 것을 거론하며 포스터를 띄웠다. '암살' 주인공 6명이 모두 나온 포스터지만 문제는 극우사이트 일베 손을 거친 것이다.\n본래 황덕삼 역에 최덕문 얼굴이 있어야할 자리에는 故 노무현 대통령의 얼굴이 합성돼 있다.\n일베 유저들이 장난친 자료를 필터링하지 않고 그대로 쓴 명백한 제작진의 실수. SBS 측은 반나절을 넘기지 않고 곧바로 공식입장을 내놓았다. '방송되지 말아야 할 이미지가 어떤 이유로든 전파를 탄 것에 대해 깊이 사과드린다. 생방송 프로그램의 특성상 최신 영화 이미지를 급하게 찾는 과정에서 자료에 대한 검증에 소홀히 한 잘못이 있었으며 앞으로 재발 방지를 위해 각고의 노력을 하겠다'고 사과했다.\n그러나 SBS의 일베 콘텐츠 사용은 이번이 7번째로 단순 실수로 보기 힘들다는 지적이 이어지고 있다.\n앞서 방송통신심의위원회 측은 \\\"일베 로고나 음원을 사용한 게 SBS만 여섯번째다. 일베 관련 전체 방송 제재 17건 중 SBS만 3분의 1을 차지한다\\\"고 지적했다.\n일베 콘텐츠 사용으로 논란이 됐던 SBS는 로고 이미지를 자체 데이터베이스화해 구글의 일간베스트 로고를 사용하지 않겠다는 방침을 지난해 내세웠다.\n이중점검 시스템을 재발방지책으로 내놓았으며 이 같은 사실을 널리 알렸지만 소용 없었다.\n2013년 3월 '런닝맨'에서 일베 회원들이 변형한 고려대 로고를 사용해 주의조치를 받았다.\n그해 9월 SBS '스포츠뉴스'에서 일베에서 합성한 연세대 로고를 사용해 주의조치를 받았고 지난해 10월 '세상에 이런 일이'에서는 동자승의 얼굴에 노무현 전 대통령의 얼굴이 합성된 신윤복의 '단오풍정'을 내보냈다.",
        "partNum": "P2",
        "useType": 0,
        "processType": "D",
        "processPattern": "23",
        "processLevel": "중",
        "sentenceCount": 12,
        "processSentencenum": 2,
        "sentenceInfo": [
            {
                "sentenceNo": 1,
                "sentenceContent": "SBS 측이 또 일베 방송사고를 냈다.",
                "sentenceSize": 21
            },
            {
                "sentenceNo": 2,
                "sentenceContent": "이번이 7번째다.",
                "sentenceSize": 9
            },
            {
                "sentenceNo": 3,
                "sentenceContent": "지난 16일 방송된 SBS '한밤의 TV 연예'에서는 '닮은꼴 연예계 천태만상'에 대해 보도했다.",
                "sentenceSize": 54
            },
            {
                "sentenceNo": 4,
                "sentenceContent": "이날 보도 중 영화 '암살'이 최근 표절 시비에 휘말린 것을 거론하며 포스터를 띄웠다. '암살' 주인공 6명이 모두 나온 포스터지만 문제는 극우사이트 일베 손을 거친 것이다.",
                "sentenceSize": 97
            },
            {
                "sentenceNo": 5,
                "sentenceContent": "본래 황덕삼 역에 최덕문 얼굴이 있어야할 자리에는 故 노무현 대통령의 얼굴이 합성돼 있다.",
                "sentenceSize": 50
            },
            {
                "sentenceNo": 6,
                "sentenceContent": "일베 유저들이 장난친 자료를 필터링하지 않고 그대로 쓴 명백한 제작진의 실수. SBS 측은 반나절을 넘기지 않고 곧바로 공식입장을 내놓았다. '방송되지 말아야 할 이미지가 어떤 이유로든 전파를 탄 것에 대해 깊이 사과드린다. 생방송 프로그램의 특성상 최신 영화 이미지를 급하게 찾는 과정에서 자료에 대한 검증에 소홀히 한 잘못이 있었으며 앞으로 재발 방지를 위해 각고의 노력을 하겠다'고 사과했다.",
                "sentenceSize": 222
            },
            {
                "sentenceNo": 7,
                "sentenceContent": "그러나 SBS의 일베 콘텐츠 사용은 이번이 7번째로 단순 실수로 보기 힘들다는 지적이 이어지고 있다.",
                "sentenceSize": 56
            },
            {
                "sentenceNo": 8,
                "sentenceContent": "앞서 방송통신심의위원회 측은 \\\"일베 로고나 음원을 사용한 게 SBS만 여섯번째다. 일베 관련 전체 방송 제재 17건 중 SBS만 3분의 1을 차지한다\\\"고 지적했다.",
                "sentenceSize": 93
            },
            {
                "sentenceNo": 9,
                "sentenceContent": "일베 콘텐츠 사용으로 논란이 됐던 SBS는 로고 이미지를 자체 데이터베이스화해 구글의 일간베스트 로고를 사용하지 않겠다는 방침을 지난해 내세웠다.",
                "sentenceSize": 81
            },
            {
                "sentenceNo": 10,
                "sentenceContent": "이중점검 시스템을 재발방지책으로 내놓았으며 이 같은 사실을 널리 알렸지만 소용 없었다.",
                "sentenceSize": 48
            },
            {
                "sentenceNo": 11,
                "sentenceContent": "2013년 3월 '런닝맨'에서 일베 회원들이 변형한 고려대 로고를 사용해 주의조치를 받았다.",
                "sentenceSize": 51
            },
            {
                "sentenceNo": 12,
                "sentenceContent": "그해 9월 SBS '스포츠뉴스'에서 일베에서 합성한 연세대 로고를 사용해 주의조치를 받았고 지난해 10월 '세상에 이런 일이'에서는 동자승의 얼굴에 노무현 전 대통령의 얼굴이 합성된 신윤복의 '단오풍정'을 내보냈다.",
                "sentenceSize": 120
            }
        ]
    },
    "labeledDataInfo": {
        "processSentenceInfo": [
            {
                "sentenceNo": 1,
                "sentenceContent": "SBS 측이 또 일베 방송사고를 냈다.",
                "subjectConsistencyYn": "Y"
            },
            {
                "sentenceNo": 2,
                "sentenceContent": "이번이 7번째다.",
                "subjectConsistencyYn": "Y"
            },
            {
                "sentenceNo": 3,
                "sentenceContent": "지난 16일 방송된 SBS '한밤의 TV 연예'에서는 '닮은꼴 연예계 천태만상'에 대해 보도했다.",
                "subjectConsistencyYn": "Y"
            },
            {
                "sentenceNo": 4,
                "sentenceContent": "이날 보도 중 영화 '암살'이 최근 표절 시비에 휘말린 것을 거론하며 포스터를 띄웠다. '암살' 주인공 6명이 모두 나온 포스터지만 문제는 극우사이트 일베 손을 거친 것이다.",
                "subjectConsistencyYn": "Y"
            },
            {
                "sentenceNo": 5,
                "sentenceContent": "본래 황덕삼 역에 최덕문 얼굴이 있어야할 자리에는 故 노무현 대통령의 얼굴이 합성돼 있다.",
                "subjectConsistencyYn": "Y"
            },
            {
                "sentenceNo": 6,
                "sentenceContent": "일베 유저들이 장난친 자료를 필터링하지 않고 그대로 쓴 명백한 제작진의 실수. SBS 측은 반나절을 넘기지 않고 곧바로 공식입장을 내놓았다. '방송되지 말아야 할 이미지가 어떤 이유로든 전파를 탄 것에 대해 깊이 사과드린다. 생방송 프로그램의 특성상 최신 영화 이미지를 급하게 찾는 과정에서 자료에 대한 검증에 소홀히 한 잘못이 있었으며 앞으로 재발 방지를 위해 각고의 노력을 하겠다'고 사과했다.",
                "subjectConsistencyYn": "Y"
            },
            {
                "sentenceNo": 7,
                "sentenceContent": "그러나 SBS의 일베 콘텐츠 사용은 이번이 7번째로 단순 실수로 보기 힘들다는 지적이 이어지고 있다.",
                "subjectConsistencyYn": "Y"
            },
            {
                "sentenceNo": 8,
                "sentenceContent": "앞서 방송통신심의위원회 측은 \\\"일베 로고나 음원을 사용한 게 SBS만 여섯번째다. 일베 관련 전체 방송 제재 17건 중 SBS만 3분의 1을 차지한다\\\"고 지적했다.",
                "subjectConsistencyYn": "Y"
            },
            {
                "sentenceNo": 9,
                "sentenceContent": "일베 콘텐츠 사용으로 논란이 됐던 SBS는 로고 이미지를 자체 데이터베이스화해 구글의 일간베스트 로고를 사용하지 않겠다는 방침을 지난해 내세웠다.",
                "subjectConsistencyYn": "Y"
            },
            {
                "sentenceNo": 10,
                "sentenceContent": "이중점검 시스템을 재발방지책으로 내놓았으며 이 같은 사실을 널리 알렸지만 소용 없었다.",
                "subjectConsistencyYn": "Y"
            },
            {
                "sentenceNo": 11,
                "sentenceContent": "2013년 3월 '런닝맨'에서 일베 회원들이 변형한 고려대 로고를 사용해 주의조치를 받았다.",
                "subjectConsistencyYn": "Y"
            },
            {
                "sentenceNo": 12,
                "sentenceContent": "그해 9월 SBS '스포츠뉴스'에서 일베에서 합성한 연세대 로고를 사용해 주의조치를 받았고 지난해 10월 '세상에 이런 일이'에서는 동자승의 얼굴에 노무현 전 대통령의 얼굴이 합성된 신윤복의 '단오풍정'을 내보냈다.",
                "subjectConsistencyYn": "Y"
            },
            {
                "sentenceNo": 13,
                "sentenceContent": "한편, 이날 `한밤의 TV 연예`에서 다룬 영화 `암살`은 한국 독립운동가들의 이야기로 최근 `암살:감독판`이 OTT플랫폼인 넷플릭스에서 공개됐다.",
                "subjectConsistencyYn": "N"
            },
            {
                "sentenceNo": 14,
                "sentenceContent": "넷플릭스에서 공개된 `암살:감독판`은 미공개된 쿠키 영상과 극장에서는 볼 수 없었던 영화 속 인물들의 숨겨진 장면들이 담겨 있어 인물들의 감정 변화가 잘 드러난다는 평을 받고 있다.",
                "subjectConsistencyYn": "N"
            }
        ],
        "clickbaitClass": 0
    }
}