{
    "sourceDataInfo": {
        "newsID": "ET_M03_627311",
        "newsCategory": "연예",
        "newsSubcategory": "연예가화제",
        "newsTitle": "여성 40명과 남성 1명이 소개팅 한 영상 화제…제시 조건 보니",
        "newsSubTitle": "",
        "newsContent": "'이걸 물어봐도 되나 싶은게 많더라구요' 1개월 전 유튜브와 소셜네트워크서비스(SNS) 중심으로 '40대 1 이상형 찾기 실사판 (여자 편)' 영상이 화제였다.\n16일 2탄 격인 '40 대 1 이상형 찾기 실사판 (남자 편)'이 공개돼 유튜브 인기 동영상으로 급상승했다.\n진행 방식은 다음과 같다.\n한 남성이 자신이 요구하는 조건을 공개하고 이에 맞지 않은 여성들은 일어난다.\n마지막 여성이 남을 때까지 질문은 계속된다.\n참가자 간 대화는 온라인 메신저를 활용해 이뤄진다.\n취향 관련 질문. 1. 아이들 안 좋아하는 분은 나가주세요.\n2. 자연스러운 눈을 원하니 서클렌즈 끼는 분들은 나가주세요.\n3. 밤에 수동적인 분들은 나가주세요.\n외모 관련 질문. 4. 키 160~170㎝에 몸무게 45~55㎏, 해당하지 않으면 나가주세요.\n5. 쌍꺼풀 수술은 괜찮지만, 성형수술하신 분 나가주세요.\n6. 몸매가 탄탄하고 예쁜 여자가 좋습니다.\n개인적 조건 관련 질문. 7. 연령대는 또래나 연상이면 좋겠습니다.\n나이 22~26살이 아닌 분 나가주세요.\n8. 학생이 좋습니다.\n학생이 아닌 분 나가주세요.\n8번째 질문이 마무리되자 매칭은 종료됐고 여성 두 명만이 남게 됐다.\n실험을 마친 남성은 \\\"이상형을 생각해보고 또 거기서 걸러내니 나가는 분에게는 죄송했고 남아있는 분에게도 죄송했다\\\"고 소감을 전했다.\n이 영상을 본 네티즌은 실험에 참여한 일부 여성들을 비판하기도 했다.\n매칭이 진행되는 과정에서 일부 참가 여성들이 남성에게 불쾌한 발언을 하기도 했기 때문이다.\n가장 공감을 많이 받은 댓글은 \\\"중간에 말 함부로 하는 애들 뭐냐. 아니 이상형이라는데 거기 지 안 들어간다고 '빨리 나가게 해주세요'라니 너무 부끄럽다\\\"였다.",
        "partNum": "P2",
        "useType": 0,
        "processType": "D",
        "processPattern": "23",
        "processLevel": "중",
        "sentenceCount": 21,
        "processSentencenum": 3,
        "sentenceInfo": [
            {
                "sentenceNo": 1,
                "sentenceContent": "'이걸 물어봐도 되나 싶은게 많더라구요' 1개월 전 유튜브와 소셜네트워크서비스(SNS) 중심으로 '40대 1 이상형 찾기 실사판 (여자 편)' 영상이 화제였다.",
                "sentenceSize": 89
            },
            {
                "sentenceNo": 2,
                "sentenceContent": "16일 2탄 격인 '40 대 1 이상형 찾기 실사판 (남자 편)'이 공개돼 유튜브 인기 동영상으로 급상승했다.",
                "sentenceSize": 61
            },
            {
                "sentenceNo": 3,
                "sentenceContent": "진행 방식은 다음과 같다.",
                "sentenceSize": 14
            },
            {
                "sentenceNo": 4,
                "sentenceContent": "한 남성이 자신이 요구하는 조건을 공개하고 이에 맞지 않은 여성들은 일어난다.",
                "sentenceSize": 43
            },
            {
                "sentenceNo": 5,
                "sentenceContent": "마지막 여성이 남을 때까지 질문은 계속된다.",
                "sentenceSize": 24
            },
            {
                "sentenceNo": 6,
                "sentenceContent": "참가자 간 대화는 온라인 메신저를 활용해 이뤄진다.",
                "sentenceSize": 28
            },
            {
                "sentenceNo": 7,
                "sentenceContent": "취향 관련 질문. 1. 아이들 안 좋아하는 분은 나가주세요.",
                "sentenceSize": 33
            },
            {
                "sentenceNo": 8,
                "sentenceContent": "2. 자연스러운 눈을 원하니 서클렌즈 끼는 분들은 나가주세요.",
                "sentenceSize": 34
            },
            {
                "sentenceNo": 9,
                "sentenceContent": "3. 밤에 수동적인 분들은 나가주세요.",
                "sentenceSize": 21
            },
            {
                "sentenceNo": 10,
                "sentenceContent": "외모 관련 질문. 4. 키 160~170㎝에 몸무게 45~55㎏, 해당하지 않으면 나가주세요.",
                "sentenceSize": 52
            },
            {
                "sentenceNo": 11,
                "sentenceContent": "5. 쌍꺼풀 수술은 괜찮지만, 성형수술하신 분 나가주세요.",
                "sentenceSize": 32
            },
            {
                "sentenceNo": 12,
                "sentenceContent": "6. 몸매가 탄탄하고 예쁜 여자가 좋습니다.",
                "sentenceSize": 24
            },
            {
                "sentenceNo": 13,
                "sentenceContent": "개인적 조건 관련 질문. 7. 연령대는 또래나 연상이면 좋겠습니다.",
                "sentenceSize": 37
            },
            {
                "sentenceNo": 14,
                "sentenceContent": "나이 22~26살이 아닌 분 나가주세요.",
                "sentenceSize": 22
            },
            {
                "sentenceNo": 15,
                "sentenceContent": "8. 학생이 좋습니다.",
                "sentenceSize": 12
            },
            {
                "sentenceNo": 16,
                "sentenceContent": "학생이 아닌 분 나가주세요.",
                "sentenceSize": 15
            },
            {
                "sentenceNo": 17,
                "sentenceContent": "8번째 질문이 마무리되자 매칭은 종료됐고 여성 두 명만이 남게 됐다.",
                "sentenceSize": 38
            },
            {
                "sentenceNo": 18,
                "sentenceContent": "실험을 마친 남성은 \\\"이상형을 생각해보고 또 거기서 걸러내니 나가는 분에게는 죄송했고 남아있는 분에게도 죄송했다\\\"고 소감을 전했다.",
                "sentenceSize": 75
            },
            {
                "sentenceNo": 19,
                "sentenceContent": "이 영상을 본 네티즌은 실험에 참여한 일부 여성들을 비판하기도 했다.",
                "sentenceSize": 38
            },
            {
                "sentenceNo": 20,
                "sentenceContent": "매칭이 진행되는 과정에서 일부 참가 여성들이 남성에게 불쾌한 발언을 하기도 했기 때문이다.",
                "sentenceSize": 50
            },
            {
                "sentenceNo": 21,
                "sentenceContent": "가장 공감을 많이 받은 댓글은 \\\"중간에 말 함부로 하는 애들 뭐냐. 아니 이상형이라는데 거기 지 안 들어간다고 '빨리 나가게 해주세요'라니 너무 부끄럽다\\\"였다.",
                "sentenceSize": 91
            }
        ]
    },
    "labeledDataInfo": {
        "processSentenceInfo": [
            {
                "sentenceNo": 1,
                "sentenceContent": "'이걸 물어봐도 되나 싶은게 많더라구요' 1개월 전 유튜브와 소셜네트워크서비스(SNS) 중심으로 '40대 1 이상형 찾기 실사판 (여자 편)' 영상이 화제였다.",
                "subjectConsistencyYn": "Y"
            },
            {
                "sentenceNo": 2,
                "sentenceContent": "16일 2탄 격인 '40 대 1 이상형 찾기 실사판 (남자 편)'이 공개돼 유튜브 인기 동영상으로 급상승했다.",
                "subjectConsistencyYn": "Y"
            },
            {
                "sentenceNo": 3,
                "sentenceContent": "진행 방식은 다음과 같다.",
                "subjectConsistencyYn": "Y"
            },
            {
                "sentenceNo": 4,
                "sentenceContent": "한 남성이 자신이 요구하는 조건을 공개하고 이에 맞지 않은 여성들은 일어난다.",
                "subjectConsistencyYn": "Y"
            },
            {
                "sentenceNo": 5,
                "sentenceContent": "마지막 여성이 남을 때까지 질문은 계속된다.",
                "subjectConsistencyYn": "Y"
            },
            {
                "sentenceNo": 6,
                "sentenceContent": "참가자 간 대화는 온라인 메신저를 활용해 이뤄진다.",
                "subjectConsistencyYn": "Y"
            },
            {
                "sentenceNo": 7,
                "sentenceContent": "취향 관련 질문. 1. 아이들 안 좋아하는 분은 나가주세요.",
                "subjectConsistencyYn": "Y"
            },
            {
                "sentenceNo": 8,
                "sentenceContent": "2. 자연스러운 눈을 원하니 서클렌즈 끼는 분들은 나가주세요.",
                "subjectConsistencyYn": "Y"
            },
            {
                "sentenceNo": 9,
                "sentenceContent": "3. 밤에 수동적인 분들은 나가주세요.",
                "subjectConsistencyYn": "Y"
            },
            {
                "sentenceNo": 10,
                "sentenceContent": "외모 관련 질문. 4. 키 160~170㎝에 몸무게 45~55㎏, 해당하지 않으면 나가주세요.",
                "subjectConsistencyYn": "Y"
            },
            {
                "sentenceNo": 11,
                "sentenceContent": "5. 쌍꺼풀 수술은 괜찮지만, 성형수술하신 분 나가주세요.",
                "subjectConsistencyYn": "Y"
            },
            {
                "sentenceNo": 12,
                "sentenceContent": "6. 몸매가 탄탄하고 예쁜 여자가 좋습니다.",
                "subjectConsistencyYn": "Y"
            },
            {
                "sentenceNo": 13,
                "sentenceContent": "개인적 조건 관련 질문. 7. 연령대는 또래나 연상이면 좋겠습니다.",
                "subjectConsistencyYn": "Y"
            },
            {
                "sentenceNo": 14,
                "sentenceContent": "나이 22~26살이 아닌 분 나가주세요.",
                "subjectConsistencyYn": "Y"
            },
            {
                "sentenceNo": 15,
                "sentenceContent": "8. 학생이 좋습니다.",
                "subjectConsistencyYn": "Y"
            },
            {
                "sentenceNo": 16,
                "sentenceContent": "학생이 아닌 분 나가주세요.",
                "subjectConsistencyYn": "Y"
            },
            {
                "sentenceNo": 17,
                "sentenceContent": "8번째 질문이 마무리되자 매칭은 종료됐고 여성 두 명만이 남게 됐다.",
                "subjectConsistencyYn": "Y"
            },
            {
                "sentenceNo": 18,
                "sentenceContent": "실험을 마친 남성은 \\\"이상형을 생각해보고 또 거기서 걸러내니 나가는 분에게는 죄송했고 남아있는 분에게도 죄송했다\\\"고 소감을 전했다.",
                "subjectConsistencyYn": "Y"
            },
            {
                "sentenceNo": 19,
                "sentenceContent": "이 영상을 본 네티즌은 실험에 참여한 일부 여성들을 비판하기도 했다.",
                "subjectConsistencyYn": "Y"
            },
            {
                "sentenceNo": 20,
                "sentenceContent": "매칭이 진행되는 과정에서 일부 참가 여성들이 남성에게 불쾌한 발언을 하기도 했기 때문이다.",
                "subjectConsistencyYn": "Y"
            },
            {
                "sentenceNo": 21,
                "sentenceContent": "가장 공감을 많이 받은 댓글은 \\\"중간에 말 함부로 하는 애들 뭐냐. 아니 이상형이라는데 거기 지 안 들어간다고 '빨리 나가게 해주세요'라니 너무 부끄럽다\\\"였다.",
                "subjectConsistencyYn": "Y"
            },
            {
                "sentenceNo": 22,
                "sentenceContent": "여성 40명과 남성 1명이 소개팅 한 영상이 화제가 되면서, 소개팅 서비스 '가연'이 인기이다.",
                "subjectConsistencyYn": "N"
            },
            {
                "sentenceNo": 23,
                "sentenceContent": "이는 자신의 정보를 입력하면 자신과 맞는 이성을 소개해 주는 소개팅 서비스이다.",
                "subjectConsistencyYn": "N"
            },
            {
                "sentenceNo": 24,
                "sentenceContent": "서비스 이용은 '가연' 공식 애플리케이션에서 할 수 있다.",
                "subjectConsistencyYn": "N"
            }
        ],
        "clickbaitClass": 0
    }
}