{
    "sourceDataInfo": {
        "newsID": "ET_M03_627712",
        "newsCategory": "연예",
        "newsSubcategory": "연예가화제",
        "newsTitle": "하연수, 꼬부기 하연수 \\\"스폰서가 있겠나, 나쁜 말만 하면 벌받는다\\\"",
        "newsSubTitle": "",
        "newsContent": "‘마리텔’ 하연수, 꼬부기 하연수 \\\"스폰서가 있겠나, 나쁜 말만 하면 벌받는다\\\" 오해? ‘마이리틀텔레비전’(이하 ‘마리텔’)에 배우 하연수가 만화캐릭터 꼬부기 분장으로 등장했다.\n하연수는 13일 오후 MBC 예능 프로그램 ‘마리텔’의 인터넷 생방송에 출연했다.\n이날 하연수는 ‘이상한 나라의 연수’라는 방제(채팅방의 제목)를 만들고 공방을 꾸려 다양한 재능을 선보였다.\n특히 하연수는 등장부터 꼬부기 분장으로 눈길을 모았다.\n자신의 별명이 만화캐릭터 꼬부기와 닮은 것을 알고 분장을 한 것이다.\n직접 준비한 거북이 탈과 거북이 등까지 짊어지고 '꼬북꼬북'을 외치면서 깜짝 '퍼포먼스'까지 펼치는 모습을 보였다.\n하연수는 꼬부기 모자를 보며 “나의 분신 같다”면서 털털한 모습도 나타냈다.\n한편, 하연수는 스폰서에 대해 언급해서 화제를 모으기도 했다.\n이날 대화 도중 하연수는 “저 (고기 부위 중) 채끝살을 좋아한다”고 말했다.\n이에 한 누리꾼은 “가브리살 무한제공”이라고 말했다.\n이는 2015 무한도전 영동고속도로 가요제에서 하하와 자이언티가 함께 부른 ‘스폰서’에 나오는 가사를 인용한 것이다.\n하연수는 이를 알아채지 못한 채 “가브리살 무한제공? 거기 어딘가”라고 응수했다.\n당황한 누리꾼들은 하연수에게 “‘스폰서’ 모르냐”고 물었다.\n하연수는 이를 다른 뜻으로 오해해 “이것에 대해서는 인터넷 방송이니까 속 시원하게 이야기해드리겠다”며 입을 열었다.\n하연수는 “내가 (일을)쉰 지 4개월 됐다. 스폰서가 있겠나, 얼마 전까지 월세 살았다. 그렇게 나쁜 말만 하면 벌 받는다”라고 해명했다.\n그때 한 스태프가 하연수에게 “그 스폰서 이야기가 아니다”라고 말해주었다.\n그러자 하연수는 “무한도전을 잘 안 봐서 몰랐다”며 “죄송하다”고 멋쩍게 웃었다.",
        "partNum": "P2",
        "useType": 0,
        "processType": "D",
        "processPattern": "23",
        "processLevel": "중",
        "sentenceCount": 17,
        "processSentencenum": 3,
        "sentenceInfo": [
            {
                "sentenceNo": 1,
                "sentenceContent": "‘마리텔’ 하연수, 꼬부기 하연수 \\\"스폰서가 있겠나, 나쁜 말만 하면 벌받는다\\\" 오해? ‘마이리틀텔레비전’(이하 ‘마리텔’)에 배우 하연수가 만화캐릭터 꼬부기 분장으로 등장했다.",
                "sentenceSize": 101
            },
            {
                "sentenceNo": 2,
                "sentenceContent": "하연수는 13일 오후 MBC 예능 프로그램 ‘마리텔’의 인터넷 생방송에 출연했다.",
                "sentenceSize": 45
            },
            {
                "sentenceNo": 3,
                "sentenceContent": "이날 하연수는 ‘이상한 나라의 연수’라는 방제(채팅방의 제목)를 만들고 공방을 꾸려 다양한 재능을 선보였다.",
                "sentenceSize": 60
            },
            {
                "sentenceNo": 4,
                "sentenceContent": "특히 하연수는 등장부터 꼬부기 분장으로 눈길을 모았다.",
                "sentenceSize": 30
            },
            {
                "sentenceNo": 5,
                "sentenceContent": "자신의 별명이 만화캐릭터 꼬부기와 닮은 것을 알고 분장을 한 것이다.",
                "sentenceSize": 38
            },
            {
                "sentenceNo": 6,
                "sentenceContent": "직접 준비한 거북이 탈과 거북이 등까지 짊어지고 '꼬북꼬북'을 외치면서 깜짝 '퍼포먼스'까지 펼치는 모습을 보였다.",
                "sentenceSize": 64
            },
            {
                "sentenceNo": 7,
                "sentenceContent": "하연수는 꼬부기 모자를 보며 “나의 분신 같다”면서 털털한 모습도 나타냈다.",
                "sentenceSize": 42
            },
            {
                "sentenceNo": 8,
                "sentenceContent": "한편, 하연수는 스폰서에 대해 언급해서 화제를 모으기도 했다.",
                "sentenceSize": 34
            },
            {
                "sentenceNo": 9,
                "sentenceContent": "이날 대화 도중 하연수는 “저 (고기 부위 중) 채끝살을 좋아한다”고 말했다.",
                "sentenceSize": 43
            },
            {
                "sentenceNo": 10,
                "sentenceContent": "이에 한 누리꾼은 “가브리살 무한제공”이라고 말했다.",
                "sentenceSize": 29
            },
            {
                "sentenceNo": 11,
                "sentenceContent": "이는 2015 무한도전 영동고속도로 가요제에서 하하와 자이언티가 함께 부른 ‘스폰서’에 나오는 가사를 인용한 것이다.",
                "sentenceSize": 65
            },
            {
                "sentenceNo": 12,
                "sentenceContent": "하연수는 이를 알아채지 못한 채 “가브리살 무한제공? 거기 어딘가”라고 응수했다.",
                "sentenceSize": 45
            },
            {
                "sentenceNo": 13,
                "sentenceContent": "당황한 누리꾼들은 하연수에게 “‘스폰서’ 모르냐”고 물었다.",
                "sentenceSize": 33
            },
            {
                "sentenceNo": 14,
                "sentenceContent": "하연수는 이를 다른 뜻으로 오해해 “이것에 대해서는 인터넷 방송이니까 속 시원하게 이야기해드리겠다”며 입을 열었다.",
                "sentenceSize": 64
            },
            {
                "sentenceNo": 15,
                "sentenceContent": "하연수는 “내가 (일을)쉰 지 4개월 됐다. 스폰서가 있겠나, 얼마 전까지 월세 살았다. 그렇게 나쁜 말만 하면 벌 받는다”라고 해명했다.",
                "sentenceSize": 77
            },
            {
                "sentenceNo": 16,
                "sentenceContent": "그때 한 스태프가 하연수에게 “그 스폰서 이야기가 아니다”라고 말해주었다.",
                "sentenceSize": 41
            },
            {
                "sentenceNo": 17,
                "sentenceContent": "그러자 하연수는 “무한도전을 잘 안 봐서 몰랐다”며 “죄송하다”고 멋쩍게 웃었다.",
                "sentenceSize": 45
            }
        ]
    },
    "labeledDataInfo": {
        "processSentenceInfo": [
            {
                "sentenceNo": 1,
                "sentenceContent": "‘마리텔’ 하연수, 꼬부기 하연수 \\\"스폰서가 있겠나, 나쁜 말만 하면 벌받는다\\\" 오해? ‘마이리틀텔레비전’(이하 ‘마리텔’)에 배우 하연수가 만화캐릭터 꼬부기 분장으로 등장했다.",
                "subjectConsistencyYn": "Y"
            },
            {
                "sentenceNo": 2,
                "sentenceContent": "하연수는 13일 오후 MBC 예능 프로그램 ‘마리텔’의 인터넷 생방송에 출연했다.",
                "subjectConsistencyYn": "Y"
            },
            {
                "sentenceNo": 3,
                "sentenceContent": "이날 하연수는 ‘이상한 나라의 연수’라는 방제(채팅방의 제목)를 만들고 공방을 꾸려 다양한 재능을 선보였다.",
                "subjectConsistencyYn": "Y"
            },
            {
                "sentenceNo": 4,
                "sentenceContent": "특히 하연수는 등장부터 꼬부기 분장으로 눈길을 모았다.",
                "subjectConsistencyYn": "Y"
            },
            {
                "sentenceNo": 5,
                "sentenceContent": "자신의 별명이 만화캐릭터 꼬부기와 닮은 것을 알고 분장을 한 것이다.",
                "subjectConsistencyYn": "Y"
            },
            {
                "sentenceNo": 6,
                "sentenceContent": "직접 준비한 거북이 탈과 거북이 등까지 짊어지고 '꼬북꼬북'을 외치면서 깜짝 '퍼포먼스'까지 펼치는 모습을 보였다.",
                "subjectConsistencyYn": "Y"
            },
            {
                "sentenceNo": 7,
                "sentenceContent": "하연수는 꼬부기 모자를 보며 “나의 분신 같다”면서 털털한 모습도 나타냈다.",
                "subjectConsistencyYn": "Y"
            },
            {
                "sentenceNo": 8,
                "sentenceContent": "한편, 하연수는 스폰서에 대해 언급해서 화제를 모으기도 했다.",
                "subjectConsistencyYn": "Y"
            },
            {
                "sentenceNo": 9,
                "sentenceContent": "이날 대화 도중 하연수는 “저 (고기 부위 중) 채끝살을 좋아한다”고 말했다.",
                "subjectConsistencyYn": "Y"
            },
            {
                "sentenceNo": 10,
                "sentenceContent": "이에 한 누리꾼은 “가브리살 무한제공”이라고 말했다.",
                "subjectConsistencyYn": "Y"
            },
            {
                "sentenceNo": 11,
                "sentenceContent": "이는 2015 무한도전 영동고속도로 가요제에서 하하와 자이언티가 함께 부른 ‘스폰서’에 나오는 가사를 인용한 것이다.",
                "subjectConsistencyYn": "Y"
            },
            {
                "sentenceNo": 12,
                "sentenceContent": "하연수는 이를 알아채지 못한 채 “가브리살 무한제공? 거기 어딘가”라고 응수했다.",
                "subjectConsistencyYn": "Y"
            },
            {
                "sentenceNo": 13,
                "sentenceContent": "당황한 누리꾼들은 하연수에게 “‘스폰서’ 모르냐”고 물었다.",
                "subjectConsistencyYn": "Y"
            },
            {
                "sentenceNo": 14,
                "sentenceContent": "하연수는 이를 다른 뜻으로 오해해 “이것에 대해서는 인터넷 방송이니까 속 시원하게 이야기해드리겠다”며 입을 열었다.",
                "subjectConsistencyYn": "Y"
            },
            {
                "sentenceNo": 15,
                "sentenceContent": "하연수는 “내가 (일을)쉰 지 4개월 됐다. 스폰서가 있겠나, 얼마 전까지 월세 살았다. 그렇게 나쁜 말만 하면 벌 받는다”라고 해명했다.",
                "subjectConsistencyYn": "Y"
            },
            {
                "sentenceNo": 16,
                "sentenceContent": "그때 한 스태프가 하연수에게 “그 스폰서 이야기가 아니다”라고 말해주었다.",
                "subjectConsistencyYn": "Y"
            },
            {
                "sentenceNo": 17,
                "sentenceContent": "그러자 하연수는 “무한도전을 잘 안 봐서 몰랐다”며 “죄송하다”고 멋쩍게 웃었다.",
                "subjectConsistencyYn": "Y"
            },
            {
                "sentenceNo": 18,
                "sentenceContent": "한편, 이날 하연수의 언급으로 한 번 더 화제가 된 곡 '스폰서' 무대를 '2015 가요대제전'에서 다시 한번 만날 수 있게 됐다. ",
                "subjectConsistencyYn": "N"
            },
            {
                "sentenceNo": 19,
                "sentenceContent": "MBC는 오는 12월 27일 방송 예정인 가요대제전에서 자이언티와 하하가 꾸미는 '스폰서' 무대가 공개된다고 전했다.",
                "subjectConsistencyYn": "N"
            },
            {
                "sentenceNo": 20,
                "sentenceContent": "'2015 가요대제전'은 이 외에도 러블리즈, 세븐틴, 소녀시대 등 화려한 출연진 라인업을 공개해 K팝 팬들의 뜨거운 관심을 받는 중이다. ",
                "subjectConsistencyYn": "N"
            }
        ],
        "clickbaitClass": 0
    }
}