{
    "sourceDataInfo": {
        "newsID": "ET_M03_627274",
        "newsCategory": "연예",
        "newsSubcategory": "연예가화제",
        "newsTitle": "한강서 포착된 ‘무한도전’ 멤버들",
        "newsSubTitle": "",
        "newsContent": "MBC ‘무한도전’이 방송을 재개한다.\n하하는 16일 자신의 인스타그램 라이브 방송을 통해 무한도전 녹화 현장을 공개했다.\n무한도전 팀은 이날 총파업 종료 후 첫 녹화를 진행했다.\n이날 녹화분은 오는 25일 방송된다.\n공개된 영상에는 하하와 유재석, 정준하 등 무한도전 멤버들과 게스트 조세호가 한강에서 뗏목을 타고 한강 종주 중인 모습이 담겨 있다.\n앞서 멤버들은 6월 한강 종주에 도전했지만 기상악화, 배에 물이 차는 등 돌발 상황에 부닥쳐 미션을 수행하지 못했다.\n하하는 “지금 동작대교를 건너고 있다”고 운을 뗐고 유재석은 “바람이 불면 갈 것 같은데 바람이 불지 않아 가지 못하고 있다. 살려달라”고 외쳤다.\n유재석은 “‘무한도전’이 다시 방송한다. 이번 주까지는 스페셜 방송이 나가고 다음 주부터 정상방송된다”고 말해 기대감을 높였다. ‘무한도전’은 전국언론노동조합 MBC 본부(MBC 노조)가 김장겸 사장 퇴진과 공영방송 정상화를 요구하며 9월 4일 총파업에 돌입한 이후부터 결방 체제를 이어왔다.\n지난 14일 김장겸 사장의 해임안이 가결됐고 이어진 주주총회에서 해임이 최종 확정되면서 정상화 수순을 밟게 됐다.",
        "partNum": "P2",
        "useType": 0,
        "processType": "D",
        "processPattern": "23",
        "processLevel": "중",
        "sentenceCount": 9,
        "processSentencenum": 3,
        "sentenceInfo": [
            {
                "sentenceNo": 1,
                "sentenceContent": "MBC ‘무한도전’이 방송을 재개한다.",
                "sentenceSize": 21
            },
            {
                "sentenceNo": 2,
                "sentenceContent": "하하는 16일 자신의 인스타그램 라이브 방송을 통해 무한도전 녹화 현장을 공개했다.",
                "sentenceSize": 46
            },
            {
                "sentenceNo": 3,
                "sentenceContent": "무한도전 팀은 이날 총파업 종료 후 첫 녹화를 진행했다.",
                "sentenceSize": 31
            },
            {
                "sentenceNo": 4,
                "sentenceContent": "이날 녹화분은 오는 25일 방송된다.",
                "sentenceSize": 20
            },
            {
                "sentenceNo": 5,
                "sentenceContent": "공개된 영상에는 하하와 유재석, 정준하 등 무한도전 멤버들과 게스트 조세호가 한강에서 뗏목을 타고 한강 종주 중인 모습이 담겨 있다.",
                "sentenceSize": 74
            },
            {
                "sentenceNo": 6,
                "sentenceContent": "앞서 멤버들은 6월 한강 종주에 도전했지만 기상악화, 배에 물이 차는 등 돌발 상황에 부닥쳐 미션을 수행하지 못했다.",
                "sentenceSize": 65
            },
            {
                "sentenceNo": 7,
                "sentenceContent": "하하는 “지금 동작대교를 건너고 있다”고 운을 뗐고 유재석은 “바람이 불면 갈 것 같은데 바람이 불지 않아 가지 못하고 있다. 살려달라”고 외쳤다.",
                "sentenceSize": 82
            },
            {
                "sentenceNo": 8,
                "sentenceContent": "유재석은 “‘무한도전’이 다시 방송한다. 이번 주까지는 스페셜 방송이 나가고 다음 주부터 정상방송된다”고 말해 기대감을 높였다. ‘무한도전’은 전국언론노동조합 MBC 본부(MBC 노조)가 김장겸 사장 퇴진과 공영방송 정상화를 요구하며 9월 4일 총파업에 돌입한 이후부터 결방 체제를 이어왔다.",
                "sentenceSize": 163
            },
            {
                "sentenceNo": 9,
                "sentenceContent": "지난 14일 김장겸 사장의 해임안이 가결됐고 이어진 주주총회에서 해임이 최종 확정되면서 정상화 수순을 밟게 됐다.",
                "sentenceSize": 63
            }
        ]
    },
    "labeledDataInfo": {
        "processSentenceInfo": [
            {
                "sentenceNo": 1,
                "sentenceContent": "MBC ‘무한도전’이 방송을 재개한다.",
                "subjectConsistencyYn": "Y"
            },
            {
                "sentenceNo": 2,
                "sentenceContent": "하하는 16일 자신의 인스타그램 라이브 방송을 통해 무한도전 녹화 현장을 공개했다.",
                "subjectConsistencyYn": "Y"
            },
            {
                "sentenceNo": 3,
                "sentenceContent": "무한도전 팀은 이날 총파업 종료 후 첫 녹화를 진행했다.",
                "subjectConsistencyYn": "Y"
            },
            {
                "sentenceNo": 4,
                "sentenceContent": "이날 녹화분은 오는 25일 방송된다.",
                "subjectConsistencyYn": "Y"
            },
            {
                "sentenceNo": 5,
                "sentenceContent": "공개된 영상에는 하하와 유재석, 정준하 등 무한도전 멤버들과 게스트 조세호가 한강에서 뗏목을 타고 한강 종주 중인 모습이 담겨 있다.",
                "subjectConsistencyYn": "Y"
            },
            {
                "sentenceNo": 6,
                "sentenceContent": "앞서 멤버들은 6월 한강 종주에 도전했지만 기상악화, 배에 물이 차는 등 돌발 상황에 부닥쳐 미션을 수행하지 못했다.",
                "subjectConsistencyYn": "Y"
            },
            {
                "sentenceNo": 7,
                "sentenceContent": "하하는 “지금 동작대교를 건너고 있다”고 운을 뗐고 유재석은 “바람이 불면 갈 것 같은데 바람이 불지 않아 가지 못하고 있다. 살려달라”고 외쳤다.",
                "subjectConsistencyYn": "Y"
            },
            {
                "sentenceNo": 8,
                "sentenceContent": "유재석은 “‘무한도전’이 다시 방송한다. 이번 주까지는 스페셜 방송이 나가고 다음 주부터 정상방송된다”고 말해 기대감을 높였다. ‘무한도전’은 전국언론노동조합 MBC 본부(MBC 노조)가 김장겸 사장 퇴진과 공영방송 정상화를 요구하며 9월 4일 총파업에 돌입한 이후부터 결방 체제를 이어왔다.",
                "subjectConsistencyYn": "Y"
            },
            {
                "sentenceNo": 9,
                "sentenceContent": "지난 14일 김장겸 사장의 해임안이 가결됐고 이어진 주주총회에서 해임이 최종 확정되면서 정상화 수순을 밟게 됐다.",
                "subjectConsistencyYn": "Y"
            },
            {
                "sentenceNo": 10,
                "sentenceContent": "인기리에 방영되었던 '무한도전'이 다시 방송을 재개하는 가운데 무한도전 방송 재개 기념으로 OTT 서비스앱 티빙에서는 'MBC 예능 정주행 상품'을 출시했다.",
                "subjectConsistencyYn": "N"
            },
            {
                "sentenceNo": 11,
                "sentenceContent": "'MBC 예능 정주행 상품'은 그동안 무한도전을 정주행하는 시청자들이 많았던 점에 착안해 출시된 상품으로 이번에 방송을 재개한 무한도전을 포함해 '놀면 뭐하니', '나는 가수다' 등 인기리에 방영된 MBC 예능을 모아놓았다.",
                "subjectConsistencyYn": "N"
            },
            {
                "sentenceNo": 12,
                "sentenceContent": "해당 상품은 12월 31일까지 모든 MBC 인기예능을 월 2900원에 즐길 수 있어 많은 이용자들의 인기를 끌고 있으며, 특히 예능 정주행을 즐기는 이용자들의 호평을 받고 있다.",
                "subjectConsistencyYn": "N"
            }
        ],
        "clickbaitClass": 0
    }
}