{
    "sourceDataInfo": {
        "newsID": "ET_M03_627427",
        "newsCategory": "연예",
        "newsSubcategory": "연예가화제",
        "newsTitle": "'대박' 윤지혜, 조선판 걸크러쉬… \\\"역대급 카리스마\\\"",
        "newsSubTitle": "",
        "newsContent": "드라마‘대박’의 윤지혜가 조선판 걸크러쉬의 탄생을 알렸다.\n윤지혜는 지난 28일 방송된 SBS 새 월화드라마 ‘대박’1회에서 투전방 설주 홍매로 변신했다.\n시선을 사로잡는 화려한 비주얼과 걸걸한 카리스마로 브라운관을 휘어잡은 윤지혜의 활약에 뜨거운 반응이 이어지고 있다.\n이날 방송에서는 범상치 않은 아우라를 뽐내는 홍매(윤지혜 분)의 첫 등장이 눈길을 끌었다.\n홍매는 도박을 하러 온 백만금(이문식 분)에게 돈을 빌려준 후, 그가 빚을 갚지 못하자 수단과 방법을 가리지 않고 악착같이 돈을 받아내려 했다.\n특히 화려한 한복과 특수분장으로 시선을 집중시킨 윤지혜(홍매 역)는 여느 남성들보다 터프한 모습은 물론 사투리와 거침없는 표현이 어우러진 독특한 말투를 선보이며 관심을 모았다.\n이처럼 전에없이 새로운 사극 캐릭터를 탄생시키며 방송 첫 회만에 '조선판 걸크러쉬'로 등극한 윤지혜의 활약에 뜨거운 반응이 이어지고 있다.\n한편 SBS 새 월화드라마 '대박' 은 매주 월요일, 화요일 10시에 방송된다.\n온라인 중앙일보 [사진 SBS '대박' 캡처]",
        "partNum": "P2",
        "useType": 0,
        "processType": "D",
        "processPattern": "23",
        "processLevel": "중",
        "sentenceCount": 9,
        "processSentencenum": 2,
        "sentenceInfo": [
            {
                "sentenceNo": 1,
                "sentenceContent": "드라마‘대박’의 윤지혜가 조선판 걸크러쉬의 탄생을 알렸다.",
                "sentenceSize": 32
            },
            {
                "sentenceNo": 2,
                "sentenceContent": "윤지혜는 지난 28일 방송된 SBS 새 월화드라마 ‘대박’1회에서 투전방 설주 홍매로 변신했다.",
                "sentenceSize": 53
            },
            {
                "sentenceNo": 3,
                "sentenceContent": "시선을 사로잡는 화려한 비주얼과 걸걸한 카리스마로 브라운관을 휘어잡은 윤지혜의 활약에 뜨거운 반응이 이어지고 있다.",
                "sentenceSize": 64
            },
            {
                "sentenceNo": 4,
                "sentenceContent": "이날 방송에서는 범상치 않은 아우라를 뽐내는 홍매(윤지혜 분)의 첫 등장이 눈길을 끌었다.",
                "sentenceSize": 50
            },
            {
                "sentenceNo": 5,
                "sentenceContent": "홍매는 도박을 하러 온 백만금(이문식 분)에게 돈을 빌려준 후, 그가 빚을 갚지 못하자 수단과 방법을 가리지 않고 악착같이 돈을 받아내려 했다.",
                "sentenceSize": 80
            },
            {
                "sentenceNo": 6,
                "sentenceContent": "특히 화려한 한복과 특수분장으로 시선을 집중시킨 윤지혜(홍매 역)는 여느 남성들보다 터프한 모습은 물론 사투리와 거침없는 표현이 어우러진 독특한 말투를 선보이며 관심을 모았다.",
                "sentenceSize": 98
            },
            {
                "sentenceNo": 7,
                "sentenceContent": "이처럼 전에없이 새로운 사극 캐릭터를 탄생시키며 방송 첫 회만에 '조선판 걸크러쉬'로 등극한 윤지혜의 활약에 뜨거운 반응이 이어지고 있다.",
                "sentenceSize": 77
            },
            {
                "sentenceNo": 8,
                "sentenceContent": "한편 SBS 새 월화드라마 '대박' 은 매주 월요일, 화요일 10시에 방송된다.",
                "sentenceSize": 44
            },
            {
                "sentenceNo": 9,
                "sentenceContent": "온라인 중앙일보 [사진 SBS '대박' 캡처]",
                "sentenceSize": 25
            }
        ]
    },
    "labeledDataInfo": {
        "processSentenceInfo": [
            {
                "sentenceNo": 1,
                "sentenceContent": "드라마‘대박’의 윤지혜가 조선판 걸크러쉬의 탄생을 알렸다.",
                "subjectConsistencyYn": "Y"
            },
            {
                "sentenceNo": 2,
                "sentenceContent": "윤지혜는 지난 28일 방송된 SBS 새 월화드라마 ‘대박’1회에서 투전방 설주 홍매로 변신했다.",
                "subjectConsistencyYn": "Y"
            },
            {
                "sentenceNo": 3,
                "sentenceContent": "시선을 사로잡는 화려한 비주얼과 걸걸한 카리스마로 브라운관을 휘어잡은 윤지혜의 활약에 뜨거운 반응이 이어지고 있다.",
                "subjectConsistencyYn": "Y"
            },
            {
                "sentenceNo": 4,
                "sentenceContent": "이날 방송에서는 범상치 않은 아우라를 뽐내는 홍매(윤지혜 분)의 첫 등장이 눈길을 끌었다.",
                "subjectConsistencyYn": "Y"
            },
            {
                "sentenceNo": 5,
                "sentenceContent": "홍매는 도박을 하러 온 백만금(이문식 분)에게 돈을 빌려준 후, 그가 빚을 갚지 못하자 수단과 방법을 가리지 않고 악착같이 돈을 받아내려 했다.",
                "subjectConsistencyYn": "Y"
            },
            {
                "sentenceNo": 6,
                "sentenceContent": "특히 화려한 한복과 특수분장으로 시선을 집중시킨 윤지혜(홍매 역)는 여느 남성들보다 터프한 모습은 물론 사투리와 거침없는 표현이 어우러진 독특한 말투를 선보이며 관심을 모았다.",
                "subjectConsistencyYn": "Y"
            },
            {
                "sentenceNo": 7,
                "sentenceContent": "이처럼 전에없이 새로운 사극 캐릭터를 탄생시키며 방송 첫 회만에 '조선판 걸크러쉬'로 등극한 윤지혜의 활약에 뜨거운 반응이 이어지고 있다.",
                "subjectConsistencyYn": "Y"
            },
            {
                "sentenceNo": 8,
                "sentenceContent": "한편 SBS 새 월화드라마 '대박' 은 매주 월요일, 화요일 10시에 방송된다.",
                "subjectConsistencyYn": "Y"
            },
            {
                "sentenceNo": 9,
                "sentenceContent": "온라인 중앙일보 [사진 SBS '대박' 캡처]",
                "subjectConsistencyYn": "Y"
            },
            {
                "sentenceNo": 10,
                "sentenceContent": "한편, 윤지혜가 최근에 참여한 영화 '뜨거운 피'가 오는 11일(일) 22시 45분 KBS2에서 2022년 추석특선영화로 방송된다. ",
                "subjectConsistencyYn": "N"
            },
            {
                "sentenceNo": 11,
                "sentenceContent": "영화 <뜨거운 피>는 2022년 3월 23일 한국에서 개봉된 천명관 감독의 범죄작품이고, 평점 정보로 관람객 평점 6.94, 네티즌 평점 7.30, 누적관객수 398,105명을 기록한 120분 분량의 영화이다.",
                "subjectConsistencyYn": "N"
            }
        ],
        "clickbaitClass": 0
    }
}