{
    "sourceDataInfo": {
        "newsID": "ET_M03_627254",
        "newsCategory": "연예",
        "newsSubcategory": "연예가화제",
        "newsTitle": "BTS, 美 빌보드서 ‘순위 역주행’…‘핫100’ 6주 연속 차트인",
        "newsSubTitle": "",
        "newsContent": "그룹 방탄소년단이 ‘MIC Drop’ 리믹스로 6주 연속 미국 빌보드 메인차트인 ‘핫 100’에 오르는 것은 물론, 차트 순위를 역주행 하며 새로운 기록을 세우고 있다.\n9일(현지시각) 미국 빌보드가 발표한 1월 13일자 최신 차트에 따르면, 방탄소년단의 ‘MIC Drop’ 리믹스가 메인 차트인 ‘핫 100’ 차트 66위에 이름을 올렸다.\n6주 연속 메인 차트인이라는 기록을 세운 것이다.\n더욱 놀라운 것은 지난주 82위에서 16계단이나 상승하며 순위를 역주행 한 결과라는 것이다. ‘LOVE YOURSELF 承 Her’ 앨범의 ‘빌보드 200’ 차트 성적은 지난주 106위에서 이번주에는 72위로 껑충 뛰어올랐다.\n13주 동안 차트에 머무르고 있을 뿐 아니라 상승세를 이어가고 있는 것이다.\n이와 함께 방탄소년단은 ‘아티스트100’ 차트에서는 71위, ‘메인스트림 톱40 팝송’ 차트 26위, ‘캐나디안 앨범’ 차트는 44위, ‘캐나디안 핫100’ 차트에서는8계단 상승한 58위, ‘인디펜던트 앨범’ 차트에서도 12위에 올랐다. ‘월드앨범’ 차트에서는 6주 연속 1위를 기록하고 있으며, ‘소셜 50’ 차트에서도 변치 않는 1위를 지키며 56번째 1위 기록을 세우고 있다.",
        "partNum": "P2",
        "useType": 0,
        "processType": "D",
        "processPattern": "23",
        "processLevel": "중",
        "sentenceCount": 6,
        "processSentencenum": 4,
        "sentenceInfo": [
            {
                "sentenceNo": 1,
                "sentenceContent": "그룹 방탄소년단이 ‘MIC Drop’ 리믹스로 6주 연속 미국 빌보드 메인차트인 ‘핫 100’에 오르는 것은 물론, 차트 순위를 역주행 하며 새로운 기록을 세우고 있다.",
                "sentenceSize": 94
            },
            {
                "sentenceNo": 2,
                "sentenceContent": "9일(현지시각) 미국 빌보드가 발표한 1월 13일자 최신 차트에 따르면, 방탄소년단의 ‘MIC Drop’ 리믹스가 메인 차트인 ‘핫 100’ 차트 66위에 이름을 올렸다.",
                "sentenceSize": 95
            },
            {
                "sentenceNo": 3,
                "sentenceContent": "6주 연속 메인 차트인이라는 기록을 세운 것이다.",
                "sentenceSize": 27
            },
            {
                "sentenceNo": 4,
                "sentenceContent": "더욱 놀라운 것은 지난주 82위에서 16계단이나 상승하며 순위를 역주행 한 결과라는 것이다. ‘LOVE YOURSELF 承 Her’ 앨범의 ‘빌보드 200’ 차트 성적은 지난주 106위에서 이번주에는 72위로 껑충 뛰어올랐다.",
                "sentenceSize": 126
            },
            {
                "sentenceNo": 5,
                "sentenceContent": "13주 동안 차트에 머무르고 있을 뿐 아니라 상승세를 이어가고 있는 것이다.",
                "sentenceSize": 42
            },
            {
                "sentenceNo": 6,
                "sentenceContent": "이와 함께 방탄소년단은 ‘아티스트100’ 차트에서는 71위, ‘메인스트림 톱40 팝송’ 차트 26위, ‘캐나디안 앨범’ 차트는 44위, ‘캐나디안 핫100’ 차트에서는8계단 상승한 58위, ‘인디펜던트 앨범’ 차트에서도 12위에 올랐다. ‘월드앨범’ 차트에서는 6주 연속 1위를 기록하고 있으며, ‘소셜 50’ 차트에서도 변치 않는 1위를 지키며 56번째 1위 기록을 세우고 있다.",
                "sentenceSize": 213
            }
        ]
    },
    "labeledDataInfo": {
        "processSentenceInfo": [
            {
                "sentenceNo": 1,
                "sentenceContent": "그룹 방탄소년단이 ‘MIC Drop’ 리믹스로 6주 연속 미국 빌보드 메인차트인 ‘핫 100’에 오르는 것은 물론, 차트 순위를 역주행 하며 새로운 기록을 세우고 있다.",
                "subjectConsistencyYn": "Y"
            },
            {
                "sentenceNo": 2,
                "sentenceContent": "9일(현지시각) 미국 빌보드가 발표한 1월 13일자 최신 차트에 따르면, 방탄소년단의 ‘MIC Drop’ 리믹스가 메인 차트인 ‘핫 100’ 차트 66위에 이름을 올렸다.",
                "subjectConsistencyYn": "Y"
            },
            {
                "sentenceNo": 3,
                "sentenceContent": "6주 연속 메인 차트인이라는 기록을 세운 것이다.",
                "subjectConsistencyYn": "Y"
            },
            {
                "sentenceNo": 4,
                "sentenceContent": "더욱 놀라운 것은 지난주 82위에서 16계단이나 상승하며 순위를 역주행 한 결과라는 것이다. ‘LOVE YOURSELF 承 Her’ 앨범의 ‘빌보드 200’ 차트 성적은 지난주 106위에서 이번주에는 72위로 껑충 뛰어올랐다.",
                "subjectConsistencyYn": "Y"
            },
            {
                "sentenceNo": 5,
                "sentenceContent": "13주 동안 차트에 머무르고 있을 뿐 아니라 상승세를 이어가고 있는 것이다.",
                "subjectConsistencyYn": "Y"
            },
            {
                "sentenceNo": 6,
                "sentenceContent": "이와 함께 방탄소년단은 ‘아티스트100’ 차트에서는 71위, ‘메인스트림 톱40 팝송’ 차트 26위, ‘캐나디안 앨범’ 차트는 44위, ‘캐나디안 핫100’ 차트에서는8계단 상승한 58위, ‘인디펜던트 앨범’ 차트에서도 12위에 올랐다. ‘월드앨범’ 차트에서는 6주 연속 1위를 기록하고 있으며, ‘소셜 50’ 차트에서도 변치 않는 1위를 지키며 56번째 1위 기록을 세우고 있다.",
                "subjectConsistencyYn": "Y"
            },
            {
                "sentenceNo": 7,
                "sentenceContent": "방탄소년단이 기록적인 글로벌 인기몰이 중인 가운데, 방탄소년단 자체 콘텐츠인 웹 예능 '달려라 방탄'이 100회 특집을 공개한다. ",
                "subjectConsistencyYn": "N"
            },
            {
                "sentenceNo": 8,
                "sentenceContent": "이번 100회 특집은 지난 99회 동안 멤버들과 팬들에게 가장 반응이 좋았던 콘텐츠를 다시 한번 진행하는 구성으로 꾸며진다. ",
                "subjectConsistencyYn": "N"
            },
            {
                "sentenceNo": 9,
                "sentenceContent": "특히, 방탄소년단 멤버들이 \"100회까지 오게 될 줄 몰랐는데, 모든 게 팬 덕분\"이라며 팬들에게 감사 인사를 전하는 장면이 브이라이브 예고편을 통해 공개되어 기대감을 선사했다. ",
                "subjectConsistencyYn": "N"
            },
            {
                "sentenceNo": 10,
                "sentenceContent": "이번 100회 특집 역시 브이라이브를 통해 공개되며, 방송일은 오는 14일이다. ",
                "subjectConsistencyYn": "N"
            }
        ],
        "clickbaitClass": 0
    }
}