{
    "sourceDataInfo": {
        "newsID": "ET_M03_627582",
        "newsCategory": "연예",
        "newsSubcategory": "연예가화제",
        "newsTitle": "송종국·박잎선, 결혼 9년만에 이혼…SNS 비공개 전환",
        "newsSubTitle": "",
        "newsContent": "국가대표 축구선수 출신 송종국(36)과 배우 박잎선(36) 부부가 결혼 9년 만에 파경설에 휘말렸다.\n6일 한 연예매체는 업계 관계자를 인용해 박잎선이 최근 법원에 이혼 관련 서류를 접수했다고 밝혔다.\n송종국과 박잎선은 슬하에 아들 지욱과 딸 지아를 두고 있다.\n송종국은퇴한 뒤 스포츠해설가로 활동했다.\n2013년에는 MBC 예능프로그램 '일밤-아빠 어디가'에 딸 지아와 함께 출연해 그해 MBC 방송연예대상 올해의 스타상을 받기도 했다.\n박잎선은 2001년 데뷔했으며 2006년 송종국과 결혼 후 활동을 쉬다 최근 요리프로그램 출연으로 활동을 재개했다.\n이혼 소식이 알려진 가운데, 박잎선이 자신의 SNS를 비공개로 전환했다.",
        "partNum": "P2",
        "useType": 0,
        "processType": "D",
        "processPattern": "23",
        "processLevel": "중",
        "sentenceCount": 7,
        "processSentencenum": 2,
        "sentenceInfo": [
            {
                "sentenceNo": 1,
                "sentenceContent": "국가대표 축구선수 출신 송종국(36)과 배우 박잎선(36) 부부가 결혼 9년 만에 파경설에 휘말렸다.",
                "sentenceSize": 56
            },
            {
                "sentenceNo": 2,
                "sentenceContent": "6일 한 연예매체는 업계 관계자를 인용해 박잎선이 최근 법원에 이혼 관련 서류를 접수했다고 밝혔다.",
                "sentenceSize": 55
            },
            {
                "sentenceNo": 3,
                "sentenceContent": "송종국과 박잎선은 슬하에 아들 지욱과 딸 지아를 두고 있다.",
                "sentenceSize": 33
            },
            {
                "sentenceNo": 4,
                "sentenceContent": "송종국은퇴한 뒤 스포츠해설가로 활동했다.",
                "sentenceSize": 22
            },
            {
                "sentenceNo": 5,
                "sentenceContent": "2013년에는 MBC 예능프로그램 '일밤-아빠 어디가'에 딸 지아와 함께 출연해 그해 MBC 방송연예대상 올해의 스타상을 받기도 했다.",
                "sentenceSize": 75
            },
            {
                "sentenceNo": 6,
                "sentenceContent": "박잎선은 2001년 데뷔했으며 2006년 송종국과 결혼 후 활동을 쉬다 최근 요리프로그램 출연으로 활동을 재개했다.",
                "sentenceSize": 64
            },
            {
                "sentenceNo": 7,
                "sentenceContent": "이혼 소식이 알려진 가운데, 박잎선이 자신의 SNS를 비공개로 전환했다.",
                "sentenceSize": 40
            }
        ]
    },
    "labeledDataInfo": {
        "processSentenceInfo": [
            {
                "sentenceNo": 1,
                "sentenceContent": "국가대표 축구선수 출신 송종국(36)과 배우 박잎선(36) 부부가 결혼 9년 만에 파경설에 휘말렸다.",
                "subjectConsistencyYn": "Y"
            },
            {
                "sentenceNo": 2,
                "sentenceContent": "6일 한 연예매체는 업계 관계자를 인용해 박잎선이 최근 법원에 이혼 관련 서류를 접수했다고 밝혔다.",
                "subjectConsistencyYn": "Y"
            },
            {
                "sentenceNo": 3,
                "sentenceContent": "송종국과 박잎선은 슬하에 아들 지욱과 딸 지아를 두고 있다.",
                "subjectConsistencyYn": "Y"
            },
            {
                "sentenceNo": 4,
                "sentenceContent": "송종국은퇴한 뒤 스포츠해설가로 활동했다.",
                "subjectConsistencyYn": "Y"
            },
            {
                "sentenceNo": 5,
                "sentenceContent": "2013년에는 MBC 예능프로그램 '일밤-아빠 어디가'에 딸 지아와 함께 출연해 그해 MBC 방송연예대상 올해의 스타상을 받기도 했다.",
                "subjectConsistencyYn": "Y"
            },
            {
                "sentenceNo": 6,
                "sentenceContent": "박잎선은 2001년 데뷔했으며 2006년 송종국과 결혼 후 활동을 쉬다 최근 요리프로그램 출연으로 활동을 재개했다.",
                "subjectConsistencyYn": "Y"
            },
            {
                "sentenceNo": 7,
                "sentenceContent": "이혼 소식이 알려진 가운데, 박잎선이 자신의 SNS를 비공개로 전환했다.",
                "subjectConsistencyYn": "Y"
            },
            {
                "sentenceNo": 8,
                "sentenceContent": "최근, 송종국을 광고 모델로 홍보를 시작한 축구 모바일 애플리케이션 'FotMob'은 이번 이혼 소식으로 인한 당혹스러움을 감추지 못했다. ",
                "subjectConsistencyYn": "N"
            },
            {
                "sentenceNo": 9,
                "sentenceContent": "'FotMob'은 전 세계의 축구 경기 일정이 잘 정리되어 있는 모바일 애플리케이션으로, 날짜별, 조별 경기 일정과 국제축구연맹(FIFA)의 기사도 모아서 보여준다. ",
                "subjectConsistencyYn": "N"
            }
        ],
        "clickbaitClass": 0
    }
}