{
    "sourceDataInfo": {
        "newsID": "ET_M03_627364",
        "newsCategory": "연예",
        "newsSubcategory": "연예가화제",
        "newsTitle": "“이상우 김소연 커플, 6월 9일 비공개 결혼”",
        "newsSubTitle": "",
        "newsContent": "배우 이상우(36)와 김소연(36)이 6월 9일 결혼한다. 12일 한 매체는 두 사람은 오는 6월 9일 서울 모처에서 결혼식을 올린다고 전했다.\n보도에 따르면 결혼식은 가족, 친지, 가까운 지인 등을 초청한 가운데 비공개로 진행할 계획이다.\n앞서 이상우는 지난달 28일 상견례 직후 찍은 사진을 공개하며 결혼 소식을 알렸다.\n이상우는 이날 오후 팬카페를 통해 “상견례는 마치고 말씀드리려고 했는데 여러 가지 상황으로 이렇게 글을 적고 있습니다. 아직 결혼식에 대한 구체적인 장소나 계획은 없습니다. 상의해서 잡아나갈 생각입니다”라고 결혼 소식을 언급했다.\n이어 “이런 일로 이렇게 글을 적고 있는 제 모습이 신기하고 신기하지만 평범한 한 남자로서 좋은 사람과 잘 살아가겠습니다. 예쁘게 봐주시고 같이 많이 응원해 주시면 좋겠습니다”라고 적었다.\n이들은 MBC 주말드라마 ‘가화만사성’의 남녀 주인공으로 처음 만난 두 사람은 지난해 9월부터 공개 열애 중이었다.\n김소연은 1994년 아역 배우로 데뷔한 24년차 배우다.\n드라마 ‘아이리스’ ‘검사 프린세스’ ‘로맨스가 필요해’ 등에서 활약했다.\n2005년 데뷔한 이상우는 드라마 ‘조강지처클럽’ ‘인생은 아름다워’ ‘신들의 만찬’ 등에 출연하면서 인지도를 쌓았다.",
        "partNum": "P2",
        "useType": 0,
        "processType": "D",
        "processPattern": "23",
        "processLevel": "중",
        "sentenceCount": 9,
        "processSentencenum": 3,
        "sentenceInfo": [
            {
                "sentenceNo": 1,
                "sentenceContent": "배우 이상우(36)와 김소연(36)이 6월 9일 결혼한다. 12일 한 매체는 두 사람은 오는 6월 9일 서울 모처에서 결혼식을 올린다고 전했다.",
                "sentenceSize": 80
            },
            {
                "sentenceNo": 2,
                "sentenceContent": "보도에 따르면 결혼식은 가족, 친지, 가까운 지인 등을 초청한 가운데 비공개로 진행할 계획이다.",
                "sentenceSize": 53
            },
            {
                "sentenceNo": 3,
                "sentenceContent": "앞서 이상우는 지난달 28일 상견례 직후 찍은 사진을 공개하며 결혼 소식을 알렸다.",
                "sentenceSize": 46
            },
            {
                "sentenceNo": 4,
                "sentenceContent": "이상우는 이날 오후 팬카페를 통해 “상견례는 마치고 말씀드리려고 했는데 여러 가지 상황으로 이렇게 글을 적고 있습니다. 아직 결혼식에 대한 구체적인 장소나 계획은 없습니다. 상의해서 잡아나갈 생각입니다”라고 결혼 소식을 언급했다.",
                "sentenceSize": 128
            },
            {
                "sentenceNo": 5,
                "sentenceContent": "이어 “이런 일로 이렇게 글을 적고 있는 제 모습이 신기하고 신기하지만 평범한 한 남자로서 좋은 사람과 잘 살아가겠습니다. 예쁘게 봐주시고 같이 많이 응원해 주시면 좋겠습니다”라고 적었다.",
                "sentenceSize": 105
            },
            {
                "sentenceNo": 6,
                "sentenceContent": "이들은 MBC 주말드라마 ‘가화만사성’의 남녀 주인공으로 처음 만난 두 사람은 지난해 9월부터 공개 열애 중이었다.",
                "sentenceSize": 64
            },
            {
                "sentenceNo": 7,
                "sentenceContent": "김소연은 1994년 아역 배우로 데뷔한 24년차 배우다.",
                "sentenceSize": 31
            },
            {
                "sentenceNo": 8,
                "sentenceContent": "드라마 ‘아이리스’ ‘검사 프린세스’ ‘로맨스가 필요해’ 등에서 활약했다.",
                "sentenceSize": 41
            },
            {
                "sentenceNo": 9,
                "sentenceContent": "2005년 데뷔한 이상우는 드라마 ‘조강지처클럽’ ‘인생은 아름다워’ ‘신들의 만찬’ 등에 출연하면서 인지도를 쌓았다.",
                "sentenceSize": 66
            }
        ]
    },
    "labeledDataInfo": {
        "processSentenceInfo": [
            {
                "sentenceNo": 1,
                "sentenceContent": "배우 이상우(36)와 김소연(36)이 6월 9일 결혼한다. 12일 한 매체는 두 사람은 오는 6월 9일 서울 모처에서 결혼식을 올린다고 전했다.",
                "subjectConsistencyYn": "Y"
            },
            {
                "sentenceNo": 2,
                "sentenceContent": "보도에 따르면 결혼식은 가족, 친지, 가까운 지인 등을 초청한 가운데 비공개로 진행할 계획이다.",
                "subjectConsistencyYn": "Y"
            },
            {
                "sentenceNo": 3,
                "sentenceContent": "앞서 이상우는 지난달 28일 상견례 직후 찍은 사진을 공개하며 결혼 소식을 알렸다.",
                "subjectConsistencyYn": "Y"
            },
            {
                "sentenceNo": 4,
                "sentenceContent": "이상우는 이날 오후 팬카페를 통해 “상견례는 마치고 말씀드리려고 했는데 여러 가지 상황으로 이렇게 글을 적고 있습니다. 아직 결혼식에 대한 구체적인 장소나 계획은 없습니다. 상의해서 잡아나갈 생각입니다”라고 결혼 소식을 언급했다.",
                "subjectConsistencyYn": "Y"
            },
            {
                "sentenceNo": 5,
                "sentenceContent": "이어 “이런 일로 이렇게 글을 적고 있는 제 모습이 신기하고 신기하지만 평범한 한 남자로서 좋은 사람과 잘 살아가겠습니다. 예쁘게 봐주시고 같이 많이 응원해 주시면 좋겠습니다”라고 적었다.",
                "subjectConsistencyYn": "Y"
            },
            {
                "sentenceNo": 6,
                "sentenceContent": "이들은 MBC 주말드라마 ‘가화만사성’의 남녀 주인공으로 처음 만난 두 사람은 지난해 9월부터 공개 열애 중이었다.",
                "subjectConsistencyYn": "Y"
            },
            {
                "sentenceNo": 7,
                "sentenceContent": "김소연은 1994년 아역 배우로 데뷔한 24년차 배우다.",
                "subjectConsistencyYn": "Y"
            },
            {
                "sentenceNo": 8,
                "sentenceContent": "드라마 ‘아이리스’ ‘검사 프린세스’ ‘로맨스가 필요해’ 등에서 활약했다.",
                "subjectConsistencyYn": "Y"
            },
            {
                "sentenceNo": 9,
                "sentenceContent": "2005년 데뷔한 이상우는 드라마 ‘조강지처클럽’ ‘인생은 아름다워’ ‘신들의 만찬’ 등에 출연하면서 인지도를 쌓았다.",
                "subjectConsistencyYn": "Y"
            },
            {
                "sentenceNo": 10,
                "sentenceContent": "배우 이상우와 김소연이 결혼 소식을 알린 가운데, 김소연의 웨딩드레스를 제작한 `더블유드레스`가 애플리케이션 `유어드레스`를 출시한다고 밝혔다.",
                "subjectConsistencyYn": "N"
            },
            {
                "sentenceNo": 11,
                "sentenceContent": "본인 얼굴과 체형이 잘 찍힌 전신사진을 게시하면 유어드레스 담당자에게 3벌의 드레스를 추천받을 수 있는 앱이다. ",
                "subjectConsistencyYn": "N"
            },
            {
                "sentenceNo": 12,
                "sentenceContent": "`유어드레스`는 오는 30일부터 앱 마켓에서 내려받을 수 있다.",
                "subjectConsistencyYn": "N"
            }
        ],
        "clickbaitClass": 0
    }
}