{
    "sourceDataInfo": {
        "newsID": "ET_M03_627714",
        "newsCategory": "연예",
        "newsSubcategory": "연예가화제",
        "newsTitle": "엑소, '국내 최초' 돔 콘서트 개최… 팬들 위해 무대와 토크, 이벤트까지 할 예정",
        "newsSubTitle": "",
        "newsContent": "엑소, '국내 최초' 돔 콘서트 개최… 팬들 위해 무대와 토크, 이벤트까지 할 예정 남성 아이돌 그룹 엑소가 국내 최초 돔 콘서트를 개최한다.\n엑소는 오는 10월 10일 오후 6시 서울 고척동에 위치한 고척 스카이돔에서 ‘2015 EXO-Love CONCERT in DOME’을 개최한다.\n이번 콘서트는 엑소가 올해 발표한 정규 2집 ‘EXODUS’ 및 2집 리패키지 ‘LOVE ME RIGHT’으로 앨범판매량 100만장을 돌파하며 2013년 정규 1집에 이어 더블 밀리언셀러에 등극하는 놀라운 기록을 세웠다.\n또한 각종 음원차트 1위, 상반기 지상파 및 케이블TV 음악 프로그램 총 30회 1위 등 가요계 최고 대세다운 위상을 입증한 만큼, 뜨거운 성원을 보내준 팬들에게 보답하는 의미로 특별 기획해 눈길을 끈다.\n게다가 이번 콘서트는 국내 최초 돔구장인 고척 스카이돔에서 열리는 첫 공연이라서 더 눈길을 끈다.\n엑소는 이날 팬들을 위해 무대와 토크, 이벤트가 어우러진 새로운 형식의 공연을 선사할 예정이다.\n이번 콘서트 예매는 오는 21일 오후 8시부터 인터넷 예매사이트 예스24를 통해 진행된다.",
        "partNum": "P2",
        "useType": 0,
        "processType": "D",
        "processPattern": "23",
        "processLevel": "중",
        "sentenceCount": 7,
        "processSentencenum": 2,
        "sentenceInfo": [
            {
                "sentenceNo": 1,
                "sentenceContent": "엑소, '국내 최초' 돔 콘서트 개최… 팬들 위해 무대와 토크, 이벤트까지 할 예정 남성 아이돌 그룹 엑소가 국내 최초 돔 콘서트를 개최한다.",
                "sentenceSize": 79
            },
            {
                "sentenceNo": 2,
                "sentenceContent": "엑소는 오는 10월 10일 오후 6시 서울 고척동에 위치한 고척 스카이돔에서 ‘2015 EXO-Love CONCERT in DOME’을 개최한다.",
                "sentenceSize": 81
            },
            {
                "sentenceNo": 3,
                "sentenceContent": "이번 콘서트는 엑소가 올해 발표한 정규 2집 ‘EXODUS’ 및 2집 리패키지 ‘LOVE ME RIGHT’으로 앨범판매량 100만장을 돌파하며 2013년 정규 1집에 이어 더블 밀리언셀러에 등극하는 놀라운 기록을 세웠다.",
                "sentenceSize": 123
            },
            {
                "sentenceNo": 4,
                "sentenceContent": "또한 각종 음원차트 1위, 상반기 지상파 및 케이블TV 음악 프로그램 총 30회 1위 등 가요계 최고 대세다운 위상을 입증한 만큼, 뜨거운 성원을 보내준 팬들에게 보답하는 의미로 특별 기획해 눈길을 끈다.",
                "sentenceSize": 114
            },
            {
                "sentenceNo": 5,
                "sentenceContent": "게다가 이번 콘서트는 국내 최초 돔구장인 고척 스카이돔에서 열리는 첫 공연이라서 더 눈길을 끈다.",
                "sentenceSize": 54
            },
            {
                "sentenceNo": 6,
                "sentenceContent": "엑소는 이날 팬들을 위해 무대와 토크, 이벤트가 어우러진 새로운 형식의 공연을 선사할 예정이다.",
                "sentenceSize": 53
            },
            {
                "sentenceNo": 7,
                "sentenceContent": "이번 콘서트 예매는 오는 21일 오후 8시부터 인터넷 예매사이트 예스24를 통해 진행된다.",
                "sentenceSize": 50
            }
        ]
    },
    "labeledDataInfo": {
        "processSentenceInfo": [
            {
                "sentenceNo": 1,
                "sentenceContent": "엑소, '국내 최초' 돔 콘서트 개최… 팬들 위해 무대와 토크, 이벤트까지 할 예정 남성 아이돌 그룹 엑소가 국내 최초 돔 콘서트를 개최한다.",
                "subjectConsistencyYn": "Y"
            },
            {
                "sentenceNo": 2,
                "sentenceContent": "엑소는 오는 10월 10일 오후 6시 서울 고척동에 위치한 고척 스카이돔에서 ‘2015 EXO-Love CONCERT in DOME’을 개최한다.",
                "subjectConsistencyYn": "Y"
            },
            {
                "sentenceNo": 3,
                "sentenceContent": "이번 콘서트는 엑소가 올해 발표한 정규 2집 ‘EXODUS’ 및 2집 리패키지 ‘LOVE ME RIGHT’으로 앨범판매량 100만장을 돌파하며 2013년 정규 1집에 이어 더블 밀리언셀러에 등극하는 놀라운 기록을 세웠다.",
                "subjectConsistencyYn": "Y"
            },
            {
                "sentenceNo": 4,
                "sentenceContent": "또한 각종 음원차트 1위, 상반기 지상파 및 케이블TV 음악 프로그램 총 30회 1위 등 가요계 최고 대세다운 위상을 입증한 만큼, 뜨거운 성원을 보내준 팬들에게 보답하는 의미로 특별 기획해 눈길을 끈다.",
                "subjectConsistencyYn": "Y"
            },
            {
                "sentenceNo": 5,
                "sentenceContent": "게다가 이번 콘서트는 국내 최초 돔구장인 고척 스카이돔에서 열리는 첫 공연이라서 더 눈길을 끈다.",
                "subjectConsistencyYn": "Y"
            },
            {
                "sentenceNo": 6,
                "sentenceContent": "엑소는 이날 팬들을 위해 무대와 토크, 이벤트가 어우러진 새로운 형식의 공연을 선사할 예정이다.",
                "subjectConsistencyYn": "Y"
            },
            {
                "sentenceNo": 7,
                "sentenceContent": "이번 콘서트 예매는 오는 21일 오후 8시부터 인터넷 예매사이트 예스24를 통해 진행된다.",
                "subjectConsistencyYn": "Y"
            },
            {
                "sentenceNo": 8,
                "sentenceContent": "고척 스카이돔 콘서트를 앞둔 엑소가 SKT '누+ㅌ'의 광고 모델로 발탁되며 광고계 대세 행보로 이목을 집중시켰다. ",
                "subjectConsistencyYn": "N"
            },
            {
                "sentenceNo": 9,
                "sentenceContent": "엑소가 광고 모델을 맡은 SKT '누+ㅌ'는 게임을 플레이하면 데이터가 적립되는 서비스로, SKT 관계자는 \"10~20대의 아이콘이 된 엑소와 같이 SKT '누+ㅌ'도 젊은 고객들에게 새로운 문화로 자리 잡기를 기대한다\"는 포부를 전했다. ",
                "subjectConsistencyYn": "N"
            }
        ],
        "clickbaitClass": 0
    }
}