{
    "sourceDataInfo": {
        "newsID": "ET_M03_627256",
        "newsCategory": "연예",
        "newsSubcategory": "연예가화제",
        "newsTitle": "\\\"자기야 이거 먹어봐\\\"하는 것 같다는 방탄 슈가의 남친짤",
        "newsSubTitle": "",
        "newsContent": "최근 방탄소년단의 한 팬이 \\\"자기야 이것 좀 먹어봐\\\"라고 말하는 것을 상상해보자며 방탄소년단 슈가가 카메라를 그윽하게 바라보는 사진을 올렸다.\n슈가가 젓가락을 들고선 카메라를 똑바로 응시하고 있는 사진이다.\n이 팬은 \\\"만약 네 젓가락이 움직이지 않는다면, 내가 먹여줄게\\\"라는 상상의 대화까지 더해 팬들의 마음을 자극했다.\n네티즌들은 \\\"너무 사랑스러운 눈빛이다. 심장이 멎을 것만 같다\\\" \\\"저렇게 부드러우면서도 강해 보일 수 있다니\\\" \\\"먹여만 준다면 젓가락을 내다 버리겠다\\\" 등의 반응을 보였다.\n이 네티즌이 올린 슈가 사진은 2016년 방탄소년단 공식 유튜브 채널에 올라온 영상 속에 나온다.\n당시 방탄소년단 멤버들은 무대 대기실에 함께 모여 베트남 음식을 먹었다.\n음식을 나눠 먹던 방탄소년단 멤버들이 음식을 먹는 방법에 대해 뜨거운 토론을 벌이자 슈가는 \\\"이럴 시간에 음식을 하나 더 먹는 게 이득입니다\\\"라고 젓가락을 들고선 카메라를 향해 말했다. '슈가 남친짤'을 만든 팬은 이 장면을 활용한 것이다.",
        "partNum": "P2",
        "useType": 0,
        "processType": "D",
        "processPattern": "23",
        "processLevel": "중",
        "sentenceCount": 7,
        "processSentencenum": 4,
        "sentenceInfo": [
            {
                "sentenceNo": 1,
                "sentenceContent": "최근 방탄소년단의 한 팬이 \\\"자기야 이것 좀 먹어봐\\\"라고 말하는 것을 상상해보자며 방탄소년단 슈가가 카메라를 그윽하게 바라보는 사진을 올렸다.",
                "sentenceSize": 81
            },
            {
                "sentenceNo": 2,
                "sentenceContent": "슈가가 젓가락을 들고선 카메라를 똑바로 응시하고 있는 사진이다.",
                "sentenceSize": 35
            },
            {
                "sentenceNo": 3,
                "sentenceContent": "이 팬은 \\\"만약 네 젓가락이 움직이지 않는다면, 내가 먹여줄게\\\"라는 상상의 대화까지 더해 팬들의 마음을 자극했다.",
                "sentenceSize": 65
            },
            {
                "sentenceNo": 4,
                "sentenceContent": "네티즌들은 \\\"너무 사랑스러운 눈빛이다. 심장이 멎을 것만 같다\\\" \\\"저렇게 부드러우면서도 강해 보일 수 있다니\\\" \\\"먹여만 준다면 젓가락을 내다 버리겠다\\\" 등의 반응을 보였다.",
                "sentenceSize": 102
            },
            {
                "sentenceNo": 5,
                "sentenceContent": "이 네티즌이 올린 슈가 사진은 2016년 방탄소년단 공식 유튜브 채널에 올라온 영상 속에 나온다.",
                "sentenceSize": 54
            },
            {
                "sentenceNo": 6,
                "sentenceContent": "당시 방탄소년단 멤버들은 무대 대기실에 함께 모여 베트남 음식을 먹었다.",
                "sentenceSize": 40
            },
            {
                "sentenceNo": 7,
                "sentenceContent": "음식을 나눠 먹던 방탄소년단 멤버들이 음식을 먹는 방법에 대해 뜨거운 토론을 벌이자 슈가는 \\\"이럴 시간에 음식을 하나 더 먹는 게 이득입니다\\\"라고 젓가락을 들고선 카메라를 향해 말했다. '슈가 남친짤'을 만든 팬은 이 장면을 활용한 것이다.",
                "sentenceSize": 136
            }
        ]
    },
    "labeledDataInfo": {
        "processSentenceInfo": [
            {
                "sentenceNo": 1,
                "sentenceContent": "최근 방탄소년단의 한 팬이 \\\"자기야 이것 좀 먹어봐\\\"라고 말하는 것을 상상해보자며 방탄소년단 슈가가 카메라를 그윽하게 바라보는 사진을 올렸다.",
                "subjectConsistencyYn": "Y"
            },
            {
                "sentenceNo": 2,
                "sentenceContent": "슈가가 젓가락을 들고선 카메라를 똑바로 응시하고 있는 사진이다.",
                "subjectConsistencyYn": "Y"
            },
            {
                "sentenceNo": 3,
                "sentenceContent": "이 팬은 \\\"만약 네 젓가락이 움직이지 않는다면, 내가 먹여줄게\\\"라는 상상의 대화까지 더해 팬들의 마음을 자극했다.",
                "subjectConsistencyYn": "Y"
            },
            {
                "sentenceNo": 4,
                "sentenceContent": "네티즌들은 \\\"너무 사랑스러운 눈빛이다. 심장이 멎을 것만 같다\\\" \\\"저렇게 부드러우면서도 강해 보일 수 있다니\\\" \\\"먹여만 준다면 젓가락을 내다 버리겠다\\\" 등의 반응을 보였다.",
                "subjectConsistencyYn": "Y"
            },
            {
                "sentenceNo": 5,
                "sentenceContent": "이 네티즌이 올린 슈가 사진은 2016년 방탄소년단 공식 유튜브 채널에 올라온 영상 속에 나온다.",
                "subjectConsistencyYn": "Y"
            },
            {
                "sentenceNo": 6,
                "sentenceContent": "당시 방탄소년단 멤버들은 무대 대기실에 함께 모여 베트남 음식을 먹었다.",
                "subjectConsistencyYn": "Y"
            },
            {
                "sentenceNo": 7,
                "sentenceContent": "음식을 나눠 먹던 방탄소년단 멤버들이 음식을 먹는 방법에 대해 뜨거운 토론을 벌이자 슈가는 \\\"이럴 시간에 음식을 하나 더 먹는 게 이득입니다\\\"라고 젓가락을 들고선 카메라를 향해 말했다. '슈가 남친짤'을 만든 팬은 이 장면을 활용한 것이다.",
                "subjectConsistencyYn": "Y"
            },
            {
                "sentenceNo": 8,
                "sentenceContent": "이 밖에도, 글로벌 팬들을 설레게 할 방탄소년단 콘서트 실황 영상 'BTS: 퍼미션 투 댄스 온 스테이지'가 디즈니플러스를 통해 공개됐다. ",
                "subjectConsistencyYn": "N"
            },
            {
                "sentenceNo": 9,
                "sentenceContent": "'BTS: 퍼미션 투 댄스 온 스테이지'는 방탄소년단의 LA 콘서트 현장과 백스테이지 영상 등을 하나로 묶은 서프라이즈 콘텐츠다. ",
                "subjectConsistencyYn": "N"
            },
            {
                "sentenceNo": 10,
                "sentenceContent": "이번 영상은 팬데믹 이후 첫 대면 콘서트를 통해 폭발적인 에너지를 보여준 방탄소년단과 팬들의 뜨거운 열기를 그대로 느낄 수 있어 팬들에게 벅찬 감동을 선사할 예정이다. ",
                "subjectConsistencyYn": "N"
            },
            {
                "sentenceNo": 11,
                "sentenceContent": "불타오르네, 다이너마이트 등 히트곡들과 5만 명의 관객들의 함성으로 짜릿한 경험을 안겨줄 'BTS: 퍼미션 투 댄스 온 스테이지'는 오직 디즈니플러스에서만 만날 수 있다. ",
                "subjectConsistencyYn": "N"
            }
        ],
        "clickbaitClass": 0
    }
}