{
    "sourceDataInfo": {
        "newsID": "ET_M03_627739",
        "newsCategory": "연예",
        "newsSubcategory": "연예가화제",
        "newsTitle": "유재석 유희열 '슈가맨' 정규편성…\\\"둘이 너무좋은듯! 기대됩니다!\\\" 응원 봇물",
        "newsSubTitle": "",
        "newsContent": "종합편성채널 JTBC 파일럿 프로그램으로 방송된 ‘투유 프로젝트-슈가맨을 찾아서’가 ‘투유 프로젝트-슈가맨’(이하 슈가맨)으로 정규 편성이 확정되었다. ‘슈가맨’은 유재석과 유희열이 MC를 맡아 화제가 된 방송 프로로 ‘원 히트 원더’로 남은 슈가맨의 히트곡을 재조명하는 포맷이다.\n시청률은 저조했다.\n시청률조사회사 닐슨 코리아 집계 유료방송가구 기준 첫회가 2%, 2회가 1.8%의 시청률을 기록했다.\n제작진은 “다양한 볼거리를 제공했던 파일럿 프로그램의 장점을 극대화하고 단점을 보완해 한층 더 업그레이드 된 방송을 선보일 예정”이라고 전했다. ‘슈가맨’을 기획한 윤현준 CP는 “‘슈가맨’은 유재석-유희열 콤비의 첫 번째 프로젝트가 될 것”이라며 “파일럿에서 보여주신 시청자 여러분의 성원과 우려를 모두 종합해 한층 업그레이드된 달라진 모습을 보여 드리기 위해 노력하겠다. 선택과 집중, 공감의 확장이 새로운 ‘슈가맨’의 포인트가 될 것”이라고 말했다. '슈가맨'의 정규 편성 소식에 네티즌들은 \\\"유재석 보고 목소리 듣는 것 만으로도 힐링이 될 듯 해요\\\" \\\"둘이 너무좋은듯! 기대됩니다!\\\" \\\"정규편성 기다렸어요~~감성 공감되는 예능이라 더 기대!!\\\"라며 응원하고 있다.\n한편 정규방송 ‘슈가맨’은 10월 첫 방송된다.\n온라인 중앙일보 유재석 유희열 [사진=중앙포토DB]",
        "partNum": "P2",
        "useType": 0,
        "processType": "D",
        "processPattern": "23",
        "processLevel": "중",
        "sentenceCount": 6,
        "processSentencenum": 2,
        "sentenceInfo": [
            {
                "sentenceNo": 1,
                "sentenceContent": "종합편성채널 JTBC 파일럿 프로그램으로 방송된 ‘투유 프로젝트-슈가맨을 찾아서’가 ‘투유 프로젝트-슈가맨’(이하 슈가맨)으로 정규 편성이 확정되었다. ‘슈가맨’은 유재석과 유희열이 MC를 맡아 화제가 된 방송 프로로 ‘원 히트 원더’로 남은 슈가맨의 히트곡을 재조명하는 포맷이다.",
                "sentenceSize": 157
            },
            {
                "sentenceNo": 2,
                "sentenceContent": "시청률은 저조했다.",
                "sentenceSize": 10
            },
            {
                "sentenceNo": 3,
                "sentenceContent": "시청률조사회사 닐슨 코리아 집계 유료방송가구 기준 첫회가 2%, 2회가 1.8%의 시청률을 기록했다.",
                "sentenceSize": 56
            },
            {
                "sentenceNo": 4,
                "sentenceContent": "제작진은 “다양한 볼거리를 제공했던 파일럿 프로그램의 장점을 극대화하고 단점을 보완해 한층 더 업그레이드 된 방송을 선보일 예정”이라고 전했다. ‘슈가맨’을 기획한 윤현준 CP는 “‘슈가맨’은 유재석-유희열 콤비의 첫 번째 프로젝트가 될 것”이라며 “파일럿에서 보여주신 시청자 여러분의 성원과 우려를 모두 종합해 한층 업그레이드된 달라진 모습을 보여 드리기 위해 노력하겠다. 선택과 집중, 공감의 확장이 새로운 ‘슈가맨’의 포인트가 될 것”이라고 말했다. '슈가맨'의 정규 편성 소식에 네티즌들은 \\\"유재석 보고 목소리 듣는 것 만으로도 힐링이 될 듯 해요\\\" \\\"둘이 너무좋은듯! 기대됩니다!\\\" \\\"정규편성 기다렸어요~~감성 공감되는 예능이라 더 기대!!\\\"라며 응원하고 있다.",
                "sentenceSize": 381
            },
            {
                "sentenceNo": 5,
                "sentenceContent": "한편 정규방송 ‘슈가맨’은 10월 첫 방송된다.",
                "sentenceSize": 26
            },
            {
                "sentenceNo": 6,
                "sentenceContent": "온라인 중앙일보 유재석 유희열 [사진=중앙포토DB]",
                "sentenceSize": 28
            }
        ]
    },
    "labeledDataInfo": {
        "processSentenceInfo": [
            {
                "sentenceNo": 1,
                "sentenceContent": "종합편성채널 JTBC 파일럿 프로그램으로 방송된 ‘투유 프로젝트-슈가맨을 찾아서’가 ‘투유 프로젝트-슈가맨’(이하 슈가맨)으로 정규 편성이 확정되었다. ‘슈가맨’은 유재석과 유희열이 MC를 맡아 화제가 된 방송 프로로 ‘원 히트 원더’로 남은 슈가맨의 히트곡을 재조명하는 포맷이다.",
                "subjectConsistencyYn": "Y"
            },
            {
                "sentenceNo": 2,
                "sentenceContent": "시청률은 저조했다.",
                "subjectConsistencyYn": "Y"
            },
            {
                "sentenceNo": 3,
                "sentenceContent": "시청률조사회사 닐슨 코리아 집계 유료방송가구 기준 첫회가 2%, 2회가 1.8%의 시청률을 기록했다.",
                "subjectConsistencyYn": "Y"
            },
            {
                "sentenceNo": 4,
                "sentenceContent": "제작진은 “다양한 볼거리를 제공했던 파일럿 프로그램의 장점을 극대화하고 단점을 보완해 한층 더 업그레이드 된 방송을 선보일 예정”이라고 전했다. ‘슈가맨’을 기획한 윤현준 CP는 “‘슈가맨’은 유재석-유희열 콤비의 첫 번째 프로젝트가 될 것”이라며 “파일럿에서 보여주신 시청자 여러분의 성원과 우려를 모두 종합해 한층 업그레이드된 달라진 모습을 보여 드리기 위해 노력하겠다. 선택과 집중, 공감의 확장이 새로운 ‘슈가맨’의 포인트가 될 것”이라고 말했다. '슈가맨'의 정규 편성 소식에 네티즌들은 \\\"유재석 보고 목소리 듣는 것 만으로도 힐링이 될 듯 해요\\\" \\\"둘이 너무좋은듯! 기대됩니다!\\\" \\\"정규편성 기다렸어요~~감성 공감되는 예능이라 더 기대!!\\\"라며 응원하고 있다.",
                "subjectConsistencyYn": "Y"
            },
            {
                "sentenceNo": 5,
                "sentenceContent": "한편 정규방송 ‘슈가맨’은 10월 첫 방송된다.",
                "subjectConsistencyYn": "Y"
            },
            {
                "sentenceNo": 6,
                "sentenceContent": "온라인 중앙일보 유재석 유희열 [사진=중앙포토DB]",
                "subjectConsistencyYn": "Y"
            },
            {
                "sentenceNo": 7,
                "sentenceContent": "'슈가맨'의 정규 편성 소식이 전해진 가운데, JTBC는 '슈가맨'과 '효리네 민박' 등 자체 프로그램을 무료로 감상할 수 있는 'JTBC NOW'를 론칭한다고 밝혔다. ",
                "subjectConsistencyYn": "N"
            },
            {
                "sentenceNo": 8,
                "sentenceContent": "JTBC 콘텐트허브 장지희 팀장은 \"예능 프로그램 외에도 '밀회', '아내의 자격' 등 인기 드라마도 서비스할 예정\"이라며, \"JTBC 프로그램을 사랑해 주시는 팬들의 성원에 힘입어 'JTBC NOW'를 기획하게 됐다\"고 설명했다. ",
                "subjectConsistencyYn": "N"
            }
        ],
        "clickbaitClass": 0
    }
}