{
    "sourceDataInfo": {
        "newsID": "ET_M03_627682",
        "newsCategory": "연예",
        "newsSubcategory": "연예가화제",
        "newsTitle": "3대 천왕, 백종원의 돈까스…\\\"백주부가 선택한 돈까스집은 어디?\\\"",
        "newsSubTitle": "",
        "newsContent": "3대 천왕 백종원의 돈까스…\\\"그 집이 어디죠\\\" '백종원의 3대 천왕' 백종원이 돈까스 먹방을 선보였다.\n18일 방송된 SBS '백종원의 3대천왕'에서는 돈까스 천왕을 찾아 나선 백종원과 김준현, 이휘재의 모습이 그려졌다.\n이날 백종원은 네티즌이 추천한 경양식집을 찾기 위해 부산을 찾았다.\n백종원은 추억이 가득한 돈까스집을 찾았다.\n그는 \\\"이 곳은 나보다 선배다. 62년 때부터 있었다\\\"며 감자와 단무지를 맛보며 추억에 잠겼다.\n그는 포크를 뒤집어 밥을 먹으며 \\\"왜 이렇게 먹는 지 모르겠다\\\"고 말했다.\n이에 돈까스 집 사장은 \\\"60세 이상이 안다\\\"고 받아쳤고, 백종원은 \\\"아직 60대는 아니다\\\"라고 말하며 손사래를 쳐 웃음을 자아냈다.\n한편 '백종원의 3대천왕'은 백종원, 이휘재, 김준현이 3MC로 의기투합, 다양한 맛집 명인들의 불꽃 튀는 요리 열전을 박진감 넘치게 중계하는 프로그램으로 백종원이 직접 명인들의 조리 과정을 세세히 분석하며, 해당 요리를 더 맛있게 먹는 방법까지 소개하는 등 눈과 귀를 모두 만족시키는 알찬 쿡방이다.",
        "partNum": "P2",
        "useType": 0,
        "processType": "D",
        "processPattern": "23",
        "processLevel": "중",
        "sentenceCount": 8,
        "processSentencenum": 3,
        "sentenceInfo": [
            {
                "sentenceNo": 1,
                "sentenceContent": "3대 천왕 백종원의 돈까스…\\\"그 집이 어디죠\\\" '백종원의 3대 천왕' 백종원이 돈까스 먹방을 선보였다.",
                "sentenceSize": 59
            },
            {
                "sentenceNo": 2,
                "sentenceContent": "18일 방송된 SBS '백종원의 3대천왕'에서는 돈까스 천왕을 찾아 나선 백종원과 김준현, 이휘재의 모습이 그려졌다.",
                "sentenceSize": 65
            },
            {
                "sentenceNo": 3,
                "sentenceContent": "이날 백종원은 네티즌이 추천한 경양식집을 찾기 위해 부산을 찾았다.",
                "sentenceSize": 37
            },
            {
                "sentenceNo": 4,
                "sentenceContent": "백종원은 추억이 가득한 돈까스집을 찾았다.",
                "sentenceSize": 23
            },
            {
                "sentenceNo": 5,
                "sentenceContent": "그는 \\\"이 곳은 나보다 선배다. 62년 때부터 있었다\\\"며 감자와 단무지를 맛보며 추억에 잠겼다.",
                "sentenceSize": 55
            },
            {
                "sentenceNo": 6,
                "sentenceContent": "그는 포크를 뒤집어 밥을 먹으며 \\\"왜 이렇게 먹는 지 모르겠다\\\"고 말했다.",
                "sentenceSize": 43
            },
            {
                "sentenceNo": 7,
                "sentenceContent": "이에 돈까스 집 사장은 \\\"60세 이상이 안다\\\"고 받아쳤고, 백종원은 \\\"아직 60대는 아니다\\\"라고 말하며 손사래를 쳐 웃음을 자아냈다.",
                "sentenceSize": 78
            },
            {
                "sentenceNo": 8,
                "sentenceContent": "한편 '백종원의 3대천왕'은 백종원, 이휘재, 김준현이 3MC로 의기투합, 다양한 맛집 명인들의 불꽃 튀는 요리 열전을 박진감 넘치게 중계하는 프로그램으로 백종원이 직접 명인들의 조리 과정을 세세히 분석하며, 해당 요리를 더 맛있게 먹는 방법까지 소개하는 등 눈과 귀를 모두 만족시키는 알찬 쿡방이다.",
                "sentenceSize": 168
            }
        ]
    },
    "labeledDataInfo": {
        "processSentenceInfo": [
            {
                "sentenceNo": 1,
                "sentenceContent": "3대 천왕 백종원의 돈까스…\\\"그 집이 어디죠\\\" '백종원의 3대 천왕' 백종원이 돈까스 먹방을 선보였다.",
                "subjectConsistencyYn": "Y"
            },
            {
                "sentenceNo": 2,
                "sentenceContent": "18일 방송된 SBS '백종원의 3대천왕'에서는 돈까스 천왕을 찾아 나선 백종원과 김준현, 이휘재의 모습이 그려졌다.",
                "subjectConsistencyYn": "Y"
            },
            {
                "sentenceNo": 3,
                "sentenceContent": "이날 백종원은 네티즌이 추천한 경양식집을 찾기 위해 부산을 찾았다.",
                "subjectConsistencyYn": "Y"
            },
            {
                "sentenceNo": 4,
                "sentenceContent": "백종원은 추억이 가득한 돈까스집을 찾았다.",
                "subjectConsistencyYn": "Y"
            },
            {
                "sentenceNo": 5,
                "sentenceContent": "그는 \\\"이 곳은 나보다 선배다. 62년 때부터 있었다\\\"며 감자와 단무지를 맛보며 추억에 잠겼다.",
                "subjectConsistencyYn": "Y"
            },
            {
                "sentenceNo": 6,
                "sentenceContent": "그는 포크를 뒤집어 밥을 먹으며 \\\"왜 이렇게 먹는 지 모르겠다\\\"고 말했다.",
                "subjectConsistencyYn": "Y"
            },
            {
                "sentenceNo": 7,
                "sentenceContent": "이에 돈까스 집 사장은 \\\"60세 이상이 안다\\\"고 받아쳤고, 백종원은 \\\"아직 60대는 아니다\\\"라고 말하며 손사래를 쳐 웃음을 자아냈다.",
                "subjectConsistencyYn": "Y"
            },
            {
                "sentenceNo": 8,
                "sentenceContent": "한편 '백종원의 3대천왕'은 백종원, 이휘재, 김준현이 3MC로 의기투합, 다양한 맛집 명인들의 불꽃 튀는 요리 열전을 박진감 넘치게 중계하는 프로그램으로 백종원이 직접 명인들의 조리 과정을 세세히 분석하며, 해당 요리를 더 맛있게 먹는 방법까지 소개하는 등 눈과 귀를 모두 만족시키는 알찬 쿡방이다.",
                "subjectConsistencyYn": "Y"
            },
            {
                "sentenceNo": 9,
                "sentenceContent": "`백종원의 3대천왕`은 OTT서비스 `pooq`에서 다시 볼 수 있다.",
                "subjectConsistencyYn": "N"
            },
            {
                "sentenceNo": 10,
                "sentenceContent": "`pooq`은 KBS, MBC, SBS 등 지상파 방송사업자가 설립한 인터넷 기반 동영상 서비스(OTT·over the top)다.",
                "subjectConsistencyYn": "N"
            },
            {
                "sentenceNo": 11,
                "sentenceContent": "지상파방송 다시 보기 서비스는 월정액 14,900원으로 책정되어 있으며, 월정액 요금제에 가입하지 않으면 VOD 1건당 1,000원에 시청할 수 있다.",
                "subjectConsistencyYn": "N"
            }
        ],
        "clickbaitClass": 0
    }
}