{
    "sourceDataInfo": {
        "newsID": "ET_M03_627241",
        "newsCategory": "연예",
        "newsSubcategory": "연예가화제",
        "newsTitle": "\\\"조민기 조문도 카메라 의식하나\\\" 조성규의 작심 비판",
        "newsSubTitle": "",
        "newsContent": "배우 조성규가 성추행 의혹으로 경찰의 수사를 받다가 숨진 채 발견된 배우 조민기의 빈소를 다녀온 후 그를 외면하는 동료 연예인들에 대해 씁쓸함을 감추지 못했다.\n조성규는 12일 오전 1시쯤 자신의 소셜네트워크서비스(SNS)에 “어제 오늘, 조민기 빈소에 다녀왔다”며 “하지만 그가 28년간 쌓아온 연기자 인생의 그 인연은 어느 자리에도 없었다”고 밝혔다.\n그는 “뭐가 그리 두려운가?”라며 “조민기의 죄는 죄이고 그와의 인연은 인연인데, 아니, 경조사 때마다 카메라만 쫓던 그 많은 연기자는 다 어디로 갔는가?”라고 안타까워했다.\n그러면서 “연예계의 분 바른 모습을 보는 듯했다”고 덧붙였다.\n조성규는 프로복서 출신 배우다. 1992년 KBS2 일일연속극 ‘가시나무꽃’의 ‘강종구’로 데뷔해 드라마 ‘젊은이의 양지’ ‘첫사랑’ ‘야망의 전설’ 등 180여 편에 출연했다.\n최근 MBC ‘무한도전’ 파키아오 편에서 멤버들과의 복싱 경기 주심을 맡기도 했다.\n이날 오전 6시쯤 조민기의 발인식이 서울 건국대학교 병원 장례식에서 엄수됐다.\n영결식은 유족의 뜻에 따라 비공개로 진행됐으며 식은 어느 때보다 빠르게 진행됐다.\n조민기는 9일 오후 4시 5분쯤 서울 광진구 구의동의 한 대형 주상복합 건물 지하 1층 주차장 내 창고 안에서 숨진 채 발견됐다.\n그는 심정지 및 호흡정지 상태로 발견됐으며, 병원에 도착할 당시 이미 사망한 상태였던 것으로 전해졌다.\n숨진 장소에서 유서가 발견됐고, 타살의 흔적이 없는 점을 고려해 부검은 진행되지 않았다.\n4일장으로 치러졌지만, 친분이 있었던 유명 지인들은 부담감을 느낀 듯 장례식장에 얼굴을 비치지 않았다.\n유족들의 지인 일부만 조용히 방문했다.\n빈소 입구에도 근조 화환 몇 개만 조촐하게 놓였다.\n실제로 배우 정일우가 조민기를 애도하는 듯한 글을 SNS에 올렸다가 논란이 되자 결국 해당 글을 삭제했다.\n1982년 연극배우로 데뷔한 조민기는 연극과 영화, 드라마 등 다양한 작품에 출연해왔다.\n그는 2004년 청주대 연극학과 겸임교수를 시작으로 2010년 조교수로 부임해 지난해까지 학생을 가르쳤다.\n재직 중 학생들을 상습 성추행했다는 피해자의 폭로가 나오면서 경찰 수사를 받아왔고 이날 경찰에 소환될 예정이었다.",
        "partNum": "P2",
        "useType": 0,
        "processType": "D",
        "processPattern": "23",
        "processLevel": "중",
        "sentenceCount": 18,
        "processSentencenum": 2,
        "sentenceInfo": [
            {
                "sentenceNo": 1,
                "sentenceContent": "배우 조성규가 성추행 의혹으로 경찰의 수사를 받다가 숨진 채 발견된 배우 조민기의 빈소를 다녀온 후 그를 외면하는 동료 연예인들에 대해 씁쓸함을 감추지 못했다.",
                "sentenceSize": 89
            },
            {
                "sentenceNo": 2,
                "sentenceContent": "조성규는 12일 오전 1시쯤 자신의 소셜네트워크서비스(SNS)에 “어제 오늘, 조민기 빈소에 다녀왔다”며 “하지만 그가 28년간 쌓아온 연기자 인생의 그 인연은 어느 자리에도 없었다”고 밝혔다.",
                "sentenceSize": 108
            },
            {
                "sentenceNo": 3,
                "sentenceContent": "그는 “뭐가 그리 두려운가?”라며 “조민기의 죄는 죄이고 그와의 인연은 인연인데, 아니, 경조사 때마다 카메라만 쫓던 그 많은 연기자는 다 어디로 갔는가?”라고 안타까워했다.",
                "sentenceSize": 97
            },
            {
                "sentenceNo": 4,
                "sentenceContent": "그러면서 “연예계의 분 바른 모습을 보는 듯했다”고 덧붙였다.",
                "sentenceSize": 34
            },
            {
                "sentenceNo": 5,
                "sentenceContent": "조성규는 프로복서 출신 배우다. 1992년 KBS2 일일연속극 ‘가시나무꽃’의 ‘강종구’로 데뷔해 드라마 ‘젊은이의 양지’ ‘첫사랑’ ‘야망의 전설’ 등 180여 편에 출연했다.",
                "sentenceSize": 99
            },
            {
                "sentenceNo": 6,
                "sentenceContent": "최근 MBC ‘무한도전’ 파키아오 편에서 멤버들과의 복싱 경기 주심을 맡기도 했다.",
                "sentenceSize": 46
            },
            {
                "sentenceNo": 7,
                "sentenceContent": "이날 오전 6시쯤 조민기의 발인식이 서울 건국대학교 병원 장례식에서 엄수됐다.",
                "sentenceSize": 43
            },
            {
                "sentenceNo": 8,
                "sentenceContent": "영결식은 유족의 뜻에 따라 비공개로 진행됐으며 식은 어느 때보다 빠르게 진행됐다.",
                "sentenceSize": 45
            },
            {
                "sentenceNo": 9,
                "sentenceContent": "조민기는 9일 오후 4시 5분쯤 서울 광진구 구의동의 한 대형 주상복합 건물 지하 1층 주차장 내 창고 안에서 숨진 채 발견됐다.",
                "sentenceSize": 72
            },
            {
                "sentenceNo": 10,
                "sentenceContent": "그는 심정지 및 호흡정지 상태로 발견됐으며, 병원에 도착할 당시 이미 사망한 상태였던 것으로 전해졌다.",
                "sentenceSize": 57
            },
            {
                "sentenceNo": 11,
                "sentenceContent": "숨진 장소에서 유서가 발견됐고, 타살의 흔적이 없는 점을 고려해 부검은 진행되지 않았다.",
                "sentenceSize": 49
            },
            {
                "sentenceNo": 12,
                "sentenceContent": "4일장으로 치러졌지만, 친분이 있었던 유명 지인들은 부담감을 느낀 듯 장례식장에 얼굴을 비치지 않았다.",
                "sentenceSize": 57
            },
            {
                "sentenceNo": 13,
                "sentenceContent": "유족들의 지인 일부만 조용히 방문했다.",
                "sentenceSize": 21
            },
            {
                "sentenceNo": 14,
                "sentenceContent": "빈소 입구에도 근조 화환 몇 개만 조촐하게 놓였다.",
                "sentenceSize": 28
            },
            {
                "sentenceNo": 15,
                "sentenceContent": "실제로 배우 정일우가 조민기를 애도하는 듯한 글을 SNS에 올렸다가 논란이 되자 결국 해당 글을 삭제했다.",
                "sentenceSize": 59
            },
            {
                "sentenceNo": 16,
                "sentenceContent": "1982년 연극배우로 데뷔한 조민기는 연극과 영화, 드라마 등 다양한 작품에 출연해왔다.",
                "sentenceSize": 49
            },
            {
                "sentenceNo": 17,
                "sentenceContent": "그는 2004년 청주대 연극학과 겸임교수를 시작으로 2010년 조교수로 부임해 지난해까지 학생을 가르쳤다.",
                "sentenceSize": 59
            },
            {
                "sentenceNo": 18,
                "sentenceContent": "재직 중 학생들을 상습 성추행했다는 피해자의 폭로가 나오면서 경찰 수사를 받아왔고 이날 경찰에 소환될 예정이었다.",
                "sentenceSize": 63
            }
        ]
    },
    "labeledDataInfo": {
        "processSentenceInfo": [
            {
                "sentenceNo": 1,
                "sentenceContent": "배우 조성규가 성추행 의혹으로 경찰의 수사를 받다가 숨진 채 발견된 배우 조민기의 빈소를 다녀온 후 그를 외면하는 동료 연예인들에 대해 씁쓸함을 감추지 못했다.",
                "subjectConsistencyYn": "Y"
            },
            {
                "sentenceNo": 2,
                "sentenceContent": "조성규는 12일 오전 1시쯤 자신의 소셜네트워크서비스(SNS)에 “어제 오늘, 조민기 빈소에 다녀왔다”며 “하지만 그가 28년간 쌓아온 연기자 인생의 그 인연은 어느 자리에도 없었다”고 밝혔다.",
                "subjectConsistencyYn": "Y"
            },
            {
                "sentenceNo": 3,
                "sentenceContent": "그는 “뭐가 그리 두려운가?”라며 “조민기의 죄는 죄이고 그와의 인연은 인연인데, 아니, 경조사 때마다 카메라만 쫓던 그 많은 연기자는 다 어디로 갔는가?”라고 안타까워했다.",
                "subjectConsistencyYn": "Y"
            },
            {
                "sentenceNo": 4,
                "sentenceContent": "그러면서 “연예계의 분 바른 모습을 보는 듯했다”고 덧붙였다.",
                "subjectConsistencyYn": "Y"
            },
            {
                "sentenceNo": 5,
                "sentenceContent": "조성규는 프로복서 출신 배우다. 1992년 KBS2 일일연속극 ‘가시나무꽃’의 ‘강종구’로 데뷔해 드라마 ‘젊은이의 양지’ ‘첫사랑’ ‘야망의 전설’ 등 180여 편에 출연했다.",
                "subjectConsistencyYn": "Y"
            },
            {
                "sentenceNo": 6,
                "sentenceContent": "최근 MBC ‘무한도전’ 파키아오 편에서 멤버들과의 복싱 경기 주심을 맡기도 했다.",
                "subjectConsistencyYn": "Y"
            },
            {
                "sentenceNo": 7,
                "sentenceContent": "이날 오전 6시쯤 조민기의 발인식이 서울 건국대학교 병원 장례식에서 엄수됐다.",
                "subjectConsistencyYn": "Y"
            },
            {
                "sentenceNo": 8,
                "sentenceContent": "영결식은 유족의 뜻에 따라 비공개로 진행됐으며 식은 어느 때보다 빠르게 진행됐다.",
                "subjectConsistencyYn": "Y"
            },
            {
                "sentenceNo": 9,
                "sentenceContent": "조민기는 9일 오후 4시 5분쯤 서울 광진구 구의동의 한 대형 주상복합 건물 지하 1층 주차장 내 창고 안에서 숨진 채 발견됐다.",
                "subjectConsistencyYn": "Y"
            },
            {
                "sentenceNo": 10,
                "sentenceContent": "그는 심정지 및 호흡정지 상태로 발견됐으며, 병원에 도착할 당시 이미 사망한 상태였던 것으로 전해졌다.",
                "subjectConsistencyYn": "Y"
            },
            {
                "sentenceNo": 11,
                "sentenceContent": "숨진 장소에서 유서가 발견됐고, 타살의 흔적이 없는 점을 고려해 부검은 진행되지 않았다.",
                "subjectConsistencyYn": "Y"
            },
            {
                "sentenceNo": 12,
                "sentenceContent": "4일장으로 치러졌지만, 친분이 있었던 유명 지인들은 부담감을 느낀 듯 장례식장에 얼굴을 비치지 않았다.",
                "subjectConsistencyYn": "Y"
            },
            {
                "sentenceNo": 13,
                "sentenceContent": "유족들의 지인 일부만 조용히 방문했다.",
                "subjectConsistencyYn": "Y"
            },
            {
                "sentenceNo": 14,
                "sentenceContent": "빈소 입구에도 근조 화환 몇 개만 조촐하게 놓였다.",
                "subjectConsistencyYn": "Y"
            },
            {
                "sentenceNo": 15,
                "sentenceContent": "실제로 배우 정일우가 조민기를 애도하는 듯한 글을 SNS에 올렸다가 논란이 되자 결국 해당 글을 삭제했다.",
                "subjectConsistencyYn": "Y"
            },
            {
                "sentenceNo": 16,
                "sentenceContent": "1982년 연극배우로 데뷔한 조민기는 연극과 영화, 드라마 등 다양한 작품에 출연해왔다.",
                "subjectConsistencyYn": "Y"
            },
            {
                "sentenceNo": 17,
                "sentenceContent": "그는 2004년 청주대 연극학과 겸임교수를 시작으로 2010년 조교수로 부임해 지난해까지 학생을 가르쳤다.",
                "subjectConsistencyYn": "Y"
            },
            {
                "sentenceNo": 18,
                "sentenceContent": "재직 중 학생들을 상습 성추행했다는 피해자의 폭로가 나오면서 경찰 수사를 받아왔고 이날 경찰에 소환될 예정이었다.",
                "subjectConsistencyYn": "Y"
            },
            {
                "sentenceNo": 19,
                "sentenceContent": "조성규가 조문 중에도 카메라를 의식하는 동료 연예인을 비판했다는 안타까운 소식이 있었지만 이날 장례 서비스를 대표하는 보람상조가 보람장례지도사 교육원에서 전문 장례지도사와 복지사를 양성하여, 전국 어디에서나 동일한 품격 있는 상조서비스를 지원한다는 소식도 들려왔다.",
                "subjectConsistencyYn": "N"
            },
            {
                "sentenceNo": 20,
                "sentenceContent": "보람상조는 인터넷과 전화로 가입이 가능하며 월 35,000원의 저렴한 가격으로 해당 서비스를 받아볼 수 있다. ",
                "subjectConsistencyYn": "N"
            }
        ],
        "clickbaitClass": 0
    }
}