{
    "sourceDataInfo": {
        "newsID": "ET_M03_627480",
        "newsCategory": "연예",
        "newsSubcategory": "연예가화제",
        "newsTitle": "'꽃보다 청춘' 조정석, 첫방서 나영석PD에게…핵웃음 투척",
        "newsSubTitle": "",
        "newsContent": "'꽃보다 청춘' 조정석, 첫방서 나영석PD에게…핵웃음 투척 지난 1일 tvN (꽃보다 청춘-아이슬란드)가 드디어 첫 방송을 했다.\n이날 방송에서 조정석은 나영석 PD와 이야기 하는 장면에서 “섭외 받고 이미 짐은 다 싸뒀다. 며칠 전부터 짐은 준비해놨다”고 말해 시청자들의 웃음을 자아냈다.\n조정석은 “특히 1, 2회를 유심히 봤다”며 (꽃보다 청춘)의 팬이라는 것을 밝혔다.\n이어 조정석은 “저만 아는 거에요? 누구, 누구 가는지? 제가 얘길 다 들었으니까”라며 말해 나영석PD를 당황하게 했다.\n앞서 조정석의 매니저가 실수로 여행 멤버를 사전에 알려 준 것이다.\n조정석은 “전 거의 지금 간파를 한 것 아닌가. 그 분들은 모르는 거지 않냐”고 물었다.\n이에 나영석 PD는 “대충.. 대충 백프로는 아닐 걸?”이라고 말해 시청자들에게 즐거움을 더해줬다.",
        "partNum": "P2",
        "useType": 0,
        "processType": "D",
        "processPattern": "23",
        "processLevel": "중",
        "sentenceCount": 7,
        "processSentencenum": 4,
        "sentenceInfo": [
            {
                "sentenceNo": 1,
                "sentenceContent": "'꽃보다 청춘' 조정석, 첫방서 나영석PD에게…핵웃음 투척 지난 1일 tvN (꽃보다 청춘-아이슬란드)가 드디어 첫 방송을 했다.",
                "sentenceSize": 72
            },
            {
                "sentenceNo": 2,
                "sentenceContent": "이날 방송에서 조정석은 나영석 PD와 이야기 하는 장면에서 “섭외 받고 이미 짐은 다 싸뒀다. 며칠 전부터 짐은 준비해놨다”고 말해 시청자들의 웃음을 자아냈다.",
                "sentenceSize": 89
            },
            {
                "sentenceNo": 3,
                "sentenceContent": "조정석은 “특히 1, 2회를 유심히 봤다”며 (꽃보다 청춘)의 팬이라는 것을 밝혔다.",
                "sentenceSize": 47
            },
            {
                "sentenceNo": 4,
                "sentenceContent": "이어 조정석은 “저만 아는 거에요? 누구, 누구 가는지? 제가 얘길 다 들었으니까”라며 말해 나영석PD를 당황하게 했다.",
                "sentenceSize": 67
            },
            {
                "sentenceNo": 5,
                "sentenceContent": "앞서 조정석의 매니저가 실수로 여행 멤버를 사전에 알려 준 것이다.",
                "sentenceSize": 37
            },
            {
                "sentenceNo": 6,
                "sentenceContent": "조정석은 “전 거의 지금 간파를 한 것 아닌가. 그 분들은 모르는 거지 않냐”고 물었다.",
                "sentenceSize": 49
            },
            {
                "sentenceNo": 7,
                "sentenceContent": "이에 나영석 PD는 “대충.. 대충 백프로는 아닐 걸?”이라고 말해 시청자들에게 즐거움을 더해줬다.",
                "sentenceSize": 55
            }
        ]
    },
    "labeledDataInfo": {
        "processSentenceInfo": [
            {
                "sentenceNo": 1,
                "sentenceContent": "'꽃보다 청춘' 조정석, 첫방서 나영석PD에게…핵웃음 투척 지난 1일 tvN (꽃보다 청춘-아이슬란드)가 드디어 첫 방송을 했다.",
                "subjectConsistencyYn": "Y"
            },
            {
                "sentenceNo": 2,
                "sentenceContent": "이날 방송에서 조정석은 나영석 PD와 이야기 하는 장면에서 “섭외 받고 이미 짐은 다 싸뒀다. 며칠 전부터 짐은 준비해놨다”고 말해 시청자들의 웃음을 자아냈다.",
                "subjectConsistencyYn": "Y"
            },
            {
                "sentenceNo": 3,
                "sentenceContent": "조정석은 “특히 1, 2회를 유심히 봤다”며 (꽃보다 청춘)의 팬이라는 것을 밝혔다.",
                "subjectConsistencyYn": "Y"
            },
            {
                "sentenceNo": 4,
                "sentenceContent": "이어 조정석은 “저만 아는 거에요? 누구, 누구 가는지? 제가 얘길 다 들었으니까”라며 말해 나영석PD를 당황하게 했다.",
                "subjectConsistencyYn": "Y"
            },
            {
                "sentenceNo": 5,
                "sentenceContent": "앞서 조정석의 매니저가 실수로 여행 멤버를 사전에 알려 준 것이다.",
                "subjectConsistencyYn": "Y"
            },
            {
                "sentenceNo": 6,
                "sentenceContent": "조정석은 “전 거의 지금 간파를 한 것 아닌가. 그 분들은 모르는 거지 않냐”고 물었다.",
                "subjectConsistencyYn": "Y"
            },
            {
                "sentenceNo": 7,
                "sentenceContent": "이에 나영석 PD는 “대충.. 대충 백프로는 아닐 걸?”이라고 말해 시청자들에게 즐거움을 더해줬다.",
                "subjectConsistencyYn": "Y"
            },
            {
                "sentenceNo": 8,
                "sentenceContent": "한편, ‘꽃보다 청춘’ 조정석은 뮤지컬 ‘헤드윅’으로 컴백한다. ",
                "subjectConsistencyYn": "N"
            },
            {
                "sentenceNo": 9,
                "sentenceContent": "조정석은 뮤지컬 ‘헤드윅’에 대해 “2006년 처음 ‘헤드윅’ 역을 맡은 이후 네 번째 오르는 무대로 할 때마다 어려운 숙제가 주어지지만 그것을 풀어가며 정답에 가깝게 작품을 만들어가는 희열이 있다.”라며 작품에 대한 애정을 드러냈다.",
                "subjectConsistencyYn": "N"
            },
            {
                "sentenceNo": 10,
                "sentenceContent": "이어 조정석은 오랜만에 무대에 서는 느낌에 대해 “드라마, 영화와 달리 무대에선 배우와 관객이 함께 소통하고 공감할 수 있어 최선을 다해 놀아볼 생각이다.”라고 전해 이번 공연에 대한 기대감을 더욱 높였다.",
                "subjectConsistencyYn": "N"
            },
            {
                "sentenceNo": 11,
                "sentenceContent": "3월 1일부터 5월 29일까지 홍익대 대학로 아트센터 대극장에서 공연되는 뮤지컬 ‘헤드윅’은 '뉴 메이크업'이라는 부제에 걸맞게 살아있는 무대, 강력해진 음악, 파격적인 의상과 메이크업 등 더욱 진화한 모습을 선보일 예정이다.",
                "subjectConsistencyYn": "N"
            }
        ],
        "clickbaitClass": 0
    }
}