{
    "sourceDataInfo": {
        "newsID": "ET_M03_627336",
        "newsCategory": "연예",
        "newsSubcategory": "연예가화제",
        "newsTitle": "최준희 “짐이 많다” “진짜 살려주세요”…갑자기 왜?",
        "newsSubTitle": "",
        "newsContent": "고(故) 최진실 딸 최준희(14)양이 “짐이 많다”라는 글과 수심 많은 표정의 셀카(자신이 찍은) 사진을 올렸다.\n준희양은 5일 자신의 인스타그램에 “가족이라는 사람들의 상처가 너무 크다. 진짜 살려주세요”라고 글을 올린 뒤 그리고는 얼마 지나지 않아 이러한 게시물을 올렸다.\n해당 글을 접한 이들은 준희양의 상태에 우려의 반응을 보이고 있다.\n준희양은 고(故) 최진실과 고(故) 조성민의 딸이자 고(故) 최진영의 외조카다.\n그가 어떤 이유로 이러한 글을 올렸는지는 확인되지 않고 있다.\n해당 게시물은 계속 남아있는 상태다.\n해당 글을 접한 이들은 준희양의 상태에 우려의 반응을 보이고 있다.",
        "partNum": "P2",
        "useType": 0,
        "processType": "D",
        "processPattern": "23",
        "processLevel": "중",
        "sentenceCount": 7,
        "processSentencenum": 3,
        "sentenceInfo": [
            {
                "sentenceNo": 1,
                "sentenceContent": "고(故) 최진실 딸 최준희(14)양이 “짐이 많다”라는 글과 수심 많은 표정의 셀카(자신이 찍은) 사진을 올렸다.",
                "sentenceSize": 63
            },
            {
                "sentenceNo": 2,
                "sentenceContent": "준희양은 5일 자신의 인스타그램에 “가족이라는 사람들의 상처가 너무 크다. 진짜 살려주세요”라고 글을 올린 뒤 그리고는 얼마 지나지 않아 이러한 게시물을 올렸다.",
                "sentenceSize": 90
            },
            {
                "sentenceNo": 3,
                "sentenceContent": "해당 글을 접한 이들은 준희양의 상태에 우려의 반응을 보이고 있다.",
                "sentenceSize": 37
            },
            {
                "sentenceNo": 4,
                "sentenceContent": "준희양은 고(故) 최진실과 고(故) 조성민의 딸이자 고(故) 최진영의 외조카다.",
                "sentenceSize": 44
            },
            {
                "sentenceNo": 5,
                "sentenceContent": "그가 어떤 이유로 이러한 글을 올렸는지는 확인되지 않고 있다.",
                "sentenceSize": 34
            },
            {
                "sentenceNo": 6,
                "sentenceContent": "해당 게시물은 계속 남아있는 상태다.",
                "sentenceSize": 20
            },
            {
                "sentenceNo": 7,
                "sentenceContent": "해당 글을 접한 이들은 준희양의 상태에 우려의 반응을 보이고 있다.",
                "sentenceSize": 37
            }
        ]
    },
    "labeledDataInfo": {
        "processSentenceInfo": [
            {
                "sentenceNo": 1,
                "sentenceContent": "고(故) 최진실 딸 최준희(14)양이 “짐이 많다”라는 글과 수심 많은 표정의 셀카(자신이 찍은) 사진을 올렸다.",
                "subjectConsistencyYn": "Y"
            },
            {
                "sentenceNo": 2,
                "sentenceContent": "준희양은 5일 자신의 인스타그램에 “가족이라는 사람들의 상처가 너무 크다. 진짜 살려주세요”라고 글을 올린 뒤 그리고는 얼마 지나지 않아 이러한 게시물을 올렸다.",
                "subjectConsistencyYn": "Y"
            },
            {
                "sentenceNo": 3,
                "sentenceContent": "해당 글을 접한 이들은 준희양의 상태에 우려의 반응을 보이고 있다.",
                "subjectConsistencyYn": "Y"
            },
            {
                "sentenceNo": 4,
                "sentenceContent": "준희양은 고(故) 최진실과 고(故) 조성민의 딸이자 고(故) 최진영의 외조카다.",
                "subjectConsistencyYn": "Y"
            },
            {
                "sentenceNo": 5,
                "sentenceContent": "그가 어떤 이유로 이러한 글을 올렸는지는 확인되지 않고 있다.",
                "subjectConsistencyYn": "Y"
            },
            {
                "sentenceNo": 6,
                "sentenceContent": "해당 게시물은 계속 남아있는 상태다.",
                "subjectConsistencyYn": "Y"
            },
            {
                "sentenceNo": 7,
                "sentenceContent": "해당 글을 접한 이들은 준희양의 상태에 우려의 반응을 보이고 있다.",
                "subjectConsistencyYn": "Y"
            },
            {
                "sentenceNo": 8,
                "sentenceContent": "이처럼 우울한 모습을 보인 준희양의 게시물에 대한 큰 우려가 쏠리면서, 생명의 전화에서는 젊은이들의 우울증 상담 서비스를 시작한다고 밝혔다. ",
                "subjectConsistencyYn": "N"
            },
            {
                "sentenceNo": 9,
                "sentenceContent": "최근 젊은 층의 우울증이 사회적 문제로 대두되면서 그들이 겪는 일상에서의 무력감과 우울감, 그로 인한 극단적 선택을 막기 위해 시행되는 이번 서비스는 전문 상담가와 전화 통화를 통해 마음을 털어놓고 고민을 해결할 수 있도록 적극적으로 권장되고 있다.",
                "subjectConsistencyYn": "N"
            },
            {
                "sentenceNo": 10,
                "sentenceContent": "생명의 전화 홈페이지에 연락처를 남기거나, 대표전화로 직접 전화를 걸 수 있으며 24시간 상담원이 대기하고 있어 언제든 도움을 요청할 수 있도록 준비하고 있다.",
                "subjectConsistencyYn": "N"
            }
        ],
        "clickbaitClass": 0
    }
}