{
    "sourceDataInfo": {
        "newsID": "ET_M03_627832",
        "newsCategory": "연예",
        "newsSubcategory": "연예가화제",
        "newsTitle": "복면가왕 첸, 가왕전에서 아쉽게 탈락하자…\\\"아쉽지 않다면 거짓말\\\"",
        "newsSubTitle": "",
        "newsContent": "복면가왕 첸, 가왕전에서 아쉽게 탈락하자…\\\"아쉽지 않다면 거짓말\\\" 복면가왕 첸 MBC '미스터리 음악쇼 복면가왕'에 출연한 EXO의 메인 보컬인 첸이 복면가왕에 출연했다.\n30일 복면가왕에서는 지난주 1라운드에서 '어메이징 척척박사' 뮤지컬배우 정상훈을 꺾고 2라운드로 올라선 '전설의 기타맨'이 2라운드에서 '일편단심 해바라기' 솔라를 제치고 3라운드에서 '밤에 피는 장미' 대가수 신효범을 3표차이로 이기며 가왕전 후보로 올라섰다.\n특히 첸은 3라운드에서 여심을 자극하는 달달한 보이스로 전람회의 '취중진담'을 선곡하여 청중평가단의 마음을 흔들기도 했다.\n가왕전에서는 제10대 복면가왕 '네가 가라 하와이'가 정경화의 '나에게로의 초대'를 선곡하며 특유의 흥과 힘이 넘치는 보이스를 뽐내며 청중을 사로잡았다.\n가왕전에서 '네가 가라 하와이'에게 진 기타맨은 한류 아이돌 'EXO'의 첸으로 밝혀졌고, MC 김성주는 유명한 아이돌의 멤버인데 나온 이유를 묻자, \\\"'EXO'의 첸이 아닌 첸이란 사람으로서 목소리를 여러분께 다가갈 수 있을지 냉정하게 평가받고 싶어서 이 자리에 나오게 됐다\\\"고 말했다.\nMC 김성주가 첸에게 아쉬운지 여부를 묻자 첸은 \\\"안 아쉽다 하는 건 너무 거짓말 일거 같아 아쉽다\\\" 라며 \\\"그러나 얻어 가는게 있어서 그 것에 의미를 두고 싶다\\\" 고 말했다.\n이에 네티즌은 \\\"복면가왕 첸? 엑소라고? 락커라 생각했는데\\\" \\\"복면가왕 기타맨이 첸이었어?\\\" \\\"복면가왕 첸 노래 진짜 잘한다\\\" 등의 반응을 보이기도 했다. '복면가왕 첸' 온라인 중앙일보 '복면가왕 첸' [사진 MBC '복면가왕' 화면 캡쳐]",
        "partNum": "P2",
        "useType": 0,
        "processType": "D",
        "processPattern": "23",
        "processLevel": "중",
        "sentenceCount": 7,
        "processSentencenum": 4,
        "sentenceInfo": [
            {
                "sentenceNo": 1,
                "sentenceContent": "복면가왕 첸, 가왕전에서 아쉽게 탈락하자…\\\"아쉽지 않다면 거짓말\\\" 복면가왕 첸 MBC '미스터리 음악쇼 복면가왕'에 출연한 EXO의 메인 보컬인 첸이 복면가왕에 출연했다.",
                "sentenceSize": 97
            },
            {
                "sentenceNo": 2,
                "sentenceContent": "30일 복면가왕에서는 지난주 1라운드에서 '어메이징 척척박사' 뮤지컬배우 정상훈을 꺾고 2라운드로 올라선 '전설의 기타맨'이 2라운드에서 '일편단심 해바라기' 솔라를 제치고 3라운드에서 '밤에 피는 장미' 대가수 신효범을 3표차이로 이기며 가왕전 후보로 올라섰다.",
                "sentenceSize": 147
            },
            {
                "sentenceNo": 3,
                "sentenceContent": "특히 첸은 3라운드에서 여심을 자극하는 달달한 보이스로 전람회의 '취중진담'을 선곡하여 청중평가단의 마음을 흔들기도 했다.",
                "sentenceSize": 68
            },
            {
                "sentenceNo": 4,
                "sentenceContent": "가왕전에서는 제10대 복면가왕 '네가 가라 하와이'가 정경화의 '나에게로의 초대'를 선곡하며 특유의 흥과 힘이 넘치는 보이스를 뽐내며 청중을 사로잡았다.",
                "sentenceSize": 85
            },
            {
                "sentenceNo": 5,
                "sentenceContent": "가왕전에서 '네가 가라 하와이'에게 진 기타맨은 한류 아이돌 'EXO'의 첸으로 밝혀졌고, MC 김성주는 유명한 아이돌의 멤버인데 나온 이유를 묻자, \\\"'EXO'의 첸이 아닌 첸이란 사람으로서 목소리를 여러분께 다가갈 수 있을지 냉정하게 평가받고 싶어서 이 자리에 나오게 됐다\\\"고 말했다.",
                "sentenceSize": 163
            },
            {
                "sentenceNo": 6,
                "sentenceContent": "MC 김성주가 첸에게 아쉬운지 여부를 묻자 첸은 \\\"안 아쉽다 하는 건 너무 거짓말 일거 같아 아쉽다\\\" 라며 \\\"그러나 얻어 가는게 있어서 그 것에 의미를 두고 싶다\\\" 고 말했다.",
                "sentenceSize": 102
            },
            {
                "sentenceNo": 7,
                "sentenceContent": "이에 네티즌은 \\\"복면가왕 첸? 엑소라고? 락커라 생각했는데\\\" \\\"복면가왕 기타맨이 첸이었어?\\\" \\\"복면가왕 첸 노래 진짜 잘한다\\\" 등의 반응을 보이기도 했다. '복면가왕 첸' 온라인 중앙일보 '복면가왕 첸' [사진 MBC '복면가왕' 화면 캡쳐]",
                "sentenceSize": 141
            }
        ]
    },
    "labeledDataInfo": {
        "processSentenceInfo": [
            {
                "sentenceNo": 1,
                "sentenceContent": "복면가왕 첸, 가왕전에서 아쉽게 탈락하자…\\\"아쉽지 않다면 거짓말\\\" 복면가왕 첸 MBC '미스터리 음악쇼 복면가왕'에 출연한 EXO의 메인 보컬인 첸이 복면가왕에 출연했다.",
                "subjectConsistencyYn": "Y"
            },
            {
                "sentenceNo": 2,
                "sentenceContent": "30일 복면가왕에서는 지난주 1라운드에서 '어메이징 척척박사' 뮤지컬배우 정상훈을 꺾고 2라운드로 올라선 '전설의 기타맨'이 2라운드에서 '일편단심 해바라기' 솔라를 제치고 3라운드에서 '밤에 피는 장미' 대가수 신효범을 3표차이로 이기며 가왕전 후보로 올라섰다.",
                "subjectConsistencyYn": "Y"
            },
            {
                "sentenceNo": 3,
                "sentenceContent": "특히 첸은 3라운드에서 여심을 자극하는 달달한 보이스로 전람회의 '취중진담'을 선곡하여 청중평가단의 마음을 흔들기도 했다.",
                "subjectConsistencyYn": "Y"
            },
            {
                "sentenceNo": 4,
                "sentenceContent": "가왕전에서는 제10대 복면가왕 '네가 가라 하와이'가 정경화의 '나에게로의 초대'를 선곡하며 특유의 흥과 힘이 넘치는 보이스를 뽐내며 청중을 사로잡았다.",
                "subjectConsistencyYn": "Y"
            },
            {
                "sentenceNo": 5,
                "sentenceContent": "가왕전에서 '네가 가라 하와이'에게 진 기타맨은 한류 아이돌 'EXO'의 첸으로 밝혀졌고, MC 김성주는 유명한 아이돌의 멤버인데 나온 이유를 묻자, \\\"'EXO'의 첸이 아닌 첸이란 사람으로서 목소리를 여러분께 다가갈 수 있을지 냉정하게 평가받고 싶어서 이 자리에 나오게 됐다\\\"고 말했다.",
                "subjectConsistencyYn": "Y"
            },
            {
                "sentenceNo": 6,
                "sentenceContent": "MC 김성주가 첸에게 아쉬운지 여부를 묻자 첸은 \\\"안 아쉽다 하는 건 너무 거짓말 일거 같아 아쉽다\\\" 라며 \\\"그러나 얻어 가는게 있어서 그 것에 의미를 두고 싶다\\\" 고 말했다.",
                "subjectConsistencyYn": "Y"
            },
            {
                "sentenceNo": 7,
                "sentenceContent": "이에 네티즌은 \\\"복면가왕 첸? 엑소라고? 락커라 생각했는데\\\" \\\"복면가왕 기타맨이 첸이었어?\\\" \\\"복면가왕 첸 노래 진짜 잘한다\\\" 등의 반응을 보이기도 했다. '복면가왕 첸' 온라인 중앙일보 '복면가왕 첸' [사진 MBC '복면가왕' 화면 캡쳐]",
                "subjectConsistencyYn": "Y"
            },
            {
                "sentenceNo": 8,
                "sentenceContent": "복면가왕에 출연한 첸은 신곡 '사라지고 있어(Last Scene)'의 라이브 영상을 오는 15일 처음 공개한다고 밝혔다. ",
                "subjectConsistencyYn": "N"
            },
            {
                "sentenceNo": 9,
                "sentenceContent": "15일 오후 7시 유튜브 채널 '스튜디오 플로(Studio FLO)'에서는 고퀄리티 랜선 콘서트 '스테이지 & 플로: 취향의 발견(stage & FLO: 취향의 발견)'을 열 예정이다.",
                "subjectConsistencyYn": "N"
            },
            {
                "sentenceNo": 10,
                "sentenceContent": "이 콘서트에서 첸은 신곡 '사라지고 있어'를 라이브로 부르며, 가을 계절감이 돋보이는 애틋한 발라드로 귀를 사로잡을 전망이다.",
                "subjectConsistencyYn": "N"
            },
            {
                "sentenceNo": 11,
                "sentenceContent": "한편, 첸의 미니 3집 '사라지고 있어'는 14일 오후 6시 각종 음악 사이트에서 음원 공개되며, 이날 음반으로도 발매되므로, 관심이 있는 분들은 멜론, 벅스, 플로, 지니 뮤직 등에서 검색해보면 된다.",
                "subjectConsistencyYn": "N"
            }
        ],
        "clickbaitClass": 0
    }
}