{
    "sourceDataInfo": {
        "newsID": "ET_M03_627272",
        "newsCategory": "연예",
        "newsSubcategory": "연예가화제",
        "newsTitle": "상습 협박범에 분노한 정은지 “누군지 알고 있지만…” 심경 전해",
        "newsSubTitle": "",
        "newsContent": "에이핑크 정은지가 폭발물 설치 협박범과 관련한 심경을 밝혔다.\n정은지는 21일 자신의 인스타그램에 “난 당신이 누군지 모르지만, 법은 당신을 안다고 합니다”고 말문을 열며 정은지는 “하지만 캐나다와 한국의 법이 달라 범죄를 저지르고 있음에도, 누군지 알고 있음에도, 벌을 주지 못하고 있다 합니다”라며 “계속해서 피해를 끼치고 있는 범죄자가 하루빨리 잡힐 수 있도록 더 강력한 조치를 부탁드리겠습니다”고 덧붙였다.\n그러면서 “그리고 매번 수고해 주시는 경찰분들, 오늘 와주시고, 기다려주신 기자님들. 죄송하고 감사합니다”고 전했다.\n앞서 이날 정은지가 참석한 JTBC 드라마 ‘언터쳐블’ 제작발표회 현장에는 폭발물이 설치됐다는 협박 전화가 걸려와 경찰과 경찰특공대가 출동, 행사가 약 20분 지연된 바 있다.\n정은지가 속한 에이핑크는 지난 6월부터 수차례 폭발물 테러 협박에 시달려왔다.\n이와 관련해 에이핑크 소속사 측은 “현재 상습 협박범은 해외 거주 중인 것으로 파악됐다”며 “신상까지 모두 파악된 상황이며 인터폴도 나서 해당 인물을 검거할 계획이다”라고 전했다.",
        "partNum": "P2",
        "useType": 0,
        "processType": "D",
        "processPattern": "23",
        "processLevel": "중",
        "sentenceCount": 6,
        "processSentencenum": 4,
        "sentenceInfo": [
            {
                "sentenceNo": 1,
                "sentenceContent": "에이핑크 정은지가 폭발물 설치 협박범과 관련한 심경을 밝혔다.",
                "sentenceSize": 34
            },
            {
                "sentenceNo": 2,
                "sentenceContent": "정은지는 21일 자신의 인스타그램에 “난 당신이 누군지 모르지만, 법은 당신을 안다고 합니다”고 말문을 열며 정은지는 “하지만 캐나다와 한국의 법이 달라 범죄를 저지르고 있음에도, 누군지 알고 있음에도, 벌을 주지 못하고 있다 합니다”라며 “계속해서 피해를 끼치고 있는 범죄자가 하루빨리 잡힐 수 있도록 더 강력한 조치를 부탁드리겠습니다”고 덧붙였다.",
                "sentenceSize": 196
            },
            {
                "sentenceNo": 3,
                "sentenceContent": "그러면서 “그리고 매번 수고해 주시는 경찰분들, 오늘 와주시고, 기다려주신 기자님들. 죄송하고 감사합니다”고 전했다.",
                "sentenceSize": 65
            },
            {
                "sentenceNo": 4,
                "sentenceContent": "앞서 이날 정은지가 참석한 JTBC 드라마 ‘언터쳐블’ 제작발표회 현장에는 폭발물이 설치됐다는 협박 전화가 걸려와 경찰과 경찰특공대가 출동, 행사가 약 20분 지연된 바 있다.",
                "sentenceSize": 98
            },
            {
                "sentenceNo": 5,
                "sentenceContent": "정은지가 속한 에이핑크는 지난 6월부터 수차례 폭발물 테러 협박에 시달려왔다.",
                "sentenceSize": 43
            },
            {
                "sentenceNo": 6,
                "sentenceContent": "이와 관련해 에이핑크 소속사 측은 “현재 상습 협박범은 해외 거주 중인 것으로 파악됐다”며 “신상까지 모두 파악된 상황이며 인터폴도 나서 해당 인물을 검거할 계획이다”라고 전했다.",
                "sentenceSize": 100
            }
        ]
    },
    "labeledDataInfo": {
        "processSentenceInfo": [
            {
                "sentenceNo": 1,
                "sentenceContent": "에이핑크 정은지가 폭발물 설치 협박범과 관련한 심경을 밝혔다.",
                "subjectConsistencyYn": "Y"
            },
            {
                "sentenceNo": 2,
                "sentenceContent": "정은지는 21일 자신의 인스타그램에 “난 당신이 누군지 모르지만, 법은 당신을 안다고 합니다”고 말문을 열며 정은지는 “하지만 캐나다와 한국의 법이 달라 범죄를 저지르고 있음에도, 누군지 알고 있음에도, 벌을 주지 못하고 있다 합니다”라며 “계속해서 피해를 끼치고 있는 범죄자가 하루빨리 잡힐 수 있도록 더 강력한 조치를 부탁드리겠습니다”고 덧붙였다.",
                "subjectConsistencyYn": "Y"
            },
            {
                "sentenceNo": 3,
                "sentenceContent": "그러면서 “그리고 매번 수고해 주시는 경찰분들, 오늘 와주시고, 기다려주신 기자님들. 죄송하고 감사합니다”고 전했다.",
                "subjectConsistencyYn": "Y"
            },
            {
                "sentenceNo": 4,
                "sentenceContent": "앞서 이날 정은지가 참석한 JTBC 드라마 ‘언터쳐블’ 제작발표회 현장에는 폭발물이 설치됐다는 협박 전화가 걸려와 경찰과 경찰특공대가 출동, 행사가 약 20분 지연된 바 있다.",
                "subjectConsistencyYn": "Y"
            },
            {
                "sentenceNo": 5,
                "sentenceContent": "정은지가 속한 에이핑크는 지난 6월부터 수차례 폭발물 테러 협박에 시달려왔다.",
                "subjectConsistencyYn": "Y"
            },
            {
                "sentenceNo": 6,
                "sentenceContent": "이와 관련해 에이핑크 소속사 측은 “현재 상습 협박범은 해외 거주 중인 것으로 파악됐다”며 “신상까지 모두 파악된 상황이며 인터폴도 나서 해당 인물을 검거할 계획이다”라고 전했다.",
                "subjectConsistencyYn": "Y"
            },
            {
                "sentenceNo": 7,
                "sentenceContent": "협박, 스토킹 등의 범죄 피해를 입었을 때, '숨고'의 '고수 매칭' 서비스를 이용하면 전문 경호원을 편리하게 고용할 수 있다. ",
                "subjectConsistencyYn": "N"
            },
            {
                "sentenceNo": 8,
                "sentenceContent": "업무의 내용과 이용 기간 등에 따라 정확한 견적서를 미리 받고, 견적서 비교를 통해 합리적인 가격으로 경호 서비스를 이용할 수 있는 것이 장점이다. ",
                "subjectConsistencyYn": "N"
            },
            {
                "sentenceNo": 9,
                "sentenceContent": "최근 콜 포비아 현상으로 전화 통화를 꺼리는 고객들을 위해 채팅으로 견적과 상담을 제공해 계약 체결 전 부담 없이 상담을 진행할 수 있다. ",
                "subjectConsistencyYn": "N"
            },
            {
                "sentenceNo": 10,
                "sentenceContent": "'숨고'의 '고수 매칭' 서비스는 숨고 앱을 통해 이용할 수 있으며, 이용방법에 대한 상세한 상담은 숨고 대표번호를 통해 가능하다. ",
                "subjectConsistencyYn": "N"
            }
        ],
        "clickbaitClass": 0
    }
}