{
    "sourceDataInfo": {
        "newsID": "ET_M03_627671",
        "newsCategory": "연예",
        "newsSubcategory": "연예가화제",
        "newsTitle": "원펀치 사실상 해체, 원은 YG 전속계약…꽃미남 외모 '심쿵'",
        "newsSubTitle": "",
        "newsContent": "'원펀치 해체' Mnet ‘쇼미더머니4’에 출연한 래퍼 원이 YG엔터테인먼트와 전속계약하며 그룹 ‘원펀치’가 사실상 해체 수순을 밟게 됐다.\n21일 한 매체는 가요 관계자의 말을 빌려 원이 최근 YG와 전속 계약을 맺고, YG에 출근해 연습 중이라고 보도했다.\n보도에 따르면 한 가요 관계자는 “YG가 ‘쇼미더머니4’에 참가한 원을 유심히 관찰했다. ‘쇼미더머니4’ 우승권에 근접한 실력자라고 판단했다”고 전했다.\n이어 관계자는 “외모도 아이돌 급 이상으로 출중하고, 랩 실력도 수준급이다. 아직 다듬어야 될 점이 많지만 원석이라고 생각했다”며 “이제 연습을 하고 있어, 앨범 발표 시기와 형태는 정해진 것이 없다”고 전했다.\n계약 형태는 원과 전속 계약한 D-Business 엔터테인먼트 이용학 대표와 YG엔터테인먼트, 원의 3자 계약으로 이뤄졌으며, YG엔터테인먼트는 D-Business엔터테인먼트로부터 원과 관련한 모든 계약 권리를 넘게 받게 됐다.\n이에 원은 YG 소속 가수로 활동하게 되는 것. 한편, 원은 올해 초 듀오 원펀치로 데뷔해 활동했으며, ‘쇼미더머니4’에 출연해 눈길을 끌었다.",
        "partNum": "P2",
        "useType": 0,
        "processType": "D",
        "processPattern": "23",
        "processLevel": "중",
        "sentenceCount": 6,
        "processSentencenum": 4,
        "sentenceInfo": [
            {
                "sentenceNo": 1,
                "sentenceContent": "'원펀치 해체' Mnet ‘쇼미더머니4’에 출연한 래퍼 원이 YG엔터테인먼트와 전속계약하며 그룹 ‘원펀치’가 사실상 해체 수순을 밟게 됐다.",
                "sentenceSize": 78
            },
            {
                "sentenceNo": 2,
                "sentenceContent": "21일 한 매체는 가요 관계자의 말을 빌려 원이 최근 YG와 전속 계약을 맺고, YG에 출근해 연습 중이라고 보도했다.",
                "sentenceSize": 66
            },
            {
                "sentenceNo": 3,
                "sentenceContent": "보도에 따르면 한 가요 관계자는 “YG가 ‘쇼미더머니4’에 참가한 원을 유심히 관찰했다. ‘쇼미더머니4’ 우승권에 근접한 실력자라고 판단했다”고 전했다.",
                "sentenceSize": 85
            },
            {
                "sentenceNo": 4,
                "sentenceContent": "이어 관계자는 “외모도 아이돌 급 이상으로 출중하고, 랩 실력도 수준급이다. 아직 다듬어야 될 점이 많지만 원석이라고 생각했다”며 “이제 연습을 하고 있어, 앨범 발표 시기와 형태는 정해진 것이 없다”고 전했다.",
                "sentenceSize": 118
            },
            {
                "sentenceNo": 5,
                "sentenceContent": "계약 형태는 원과 전속 계약한 D-Business 엔터테인먼트 이용학 대표와 YG엔터테인먼트, 원의 3자 계약으로 이뤄졌으며, YG엔터테인먼트는 D-Business엔터테인먼트로부터 원과 관련한 모든 계약 권리를 넘게 받게 됐다.",
                "sentenceSize": 127
            },
            {
                "sentenceNo": 6,
                "sentenceContent": "이에 원은 YG 소속 가수로 활동하게 되는 것. 한편, 원은 올해 초 듀오 원펀치로 데뷔해 활동했으며, ‘쇼미더머니4’에 출연해 눈길을 끌었다.",
                "sentenceSize": 80
            }
        ]
    },
    "labeledDataInfo": {
        "processSentenceInfo": [
            {
                "sentenceNo": 1,
                "sentenceContent": "'원펀치 해체' Mnet ‘쇼미더머니4’에 출연한 래퍼 원이 YG엔터테인먼트와 전속계약하며 그룹 ‘원펀치’가 사실상 해체 수순을 밟게 됐다.",
                "subjectConsistencyYn": "Y"
            },
            {
                "sentenceNo": 2,
                "sentenceContent": "21일 한 매체는 가요 관계자의 말을 빌려 원이 최근 YG와 전속 계약을 맺고, YG에 출근해 연습 중이라고 보도했다.",
                "subjectConsistencyYn": "Y"
            },
            {
                "sentenceNo": 3,
                "sentenceContent": "보도에 따르면 한 가요 관계자는 “YG가 ‘쇼미더머니4’에 참가한 원을 유심히 관찰했다. ‘쇼미더머니4’ 우승권에 근접한 실력자라고 판단했다”고 전했다.",
                "subjectConsistencyYn": "Y"
            },
            {
                "sentenceNo": 4,
                "sentenceContent": "이어 관계자는 “외모도 아이돌 급 이상으로 출중하고, 랩 실력도 수준급이다. 아직 다듬어야 될 점이 많지만 원석이라고 생각했다”며 “이제 연습을 하고 있어, 앨범 발표 시기와 형태는 정해진 것이 없다”고 전했다.",
                "subjectConsistencyYn": "Y"
            },
            {
                "sentenceNo": 5,
                "sentenceContent": "계약 형태는 원과 전속 계약한 D-Business 엔터테인먼트 이용학 대표와 YG엔터테인먼트, 원의 3자 계약으로 이뤄졌으며, YG엔터테인먼트는 D-Business엔터테인먼트로부터 원과 관련한 모든 계약 권리를 넘게 받게 됐다.",
                "subjectConsistencyYn": "Y"
            },
            {
                "sentenceNo": 6,
                "sentenceContent": "이에 원은 YG 소속 가수로 활동하게 되는 것. 한편, 원은 올해 초 듀오 원펀치로 데뷔해 활동했으며, ‘쇼미더머니4’에 출연해 눈길을 끌었다.",
                "subjectConsistencyYn": "Y"
            },
            {
                "sentenceNo": 7,
                "sentenceContent": "래퍼 원이 YG엔터테인먼트와 전속계약하여 '원펀치'가 사실상 해체 수순을 밟게된 가운데, YG엔터테인먼트는 '원 팬미팅' 행사를 개최한다.",
                "subjectConsistencyYn": "N"
            },
            {
                "sentenceNo": 8,
                "sentenceContent": "이는 YG엔터테인먼트와 전속계약을 한 원을 축하하는 기념으로 열리는 행사다.",
                "subjectConsistencyYn": "N"
            },
            {
                "sentenceNo": 9,
                "sentenceContent": "해당 행사에서 원은 자신의 노래 6곡을 공연하며, 팬들과 하이파이브도 할 예정이다.",
                "subjectConsistencyYn": "N"
            },
            {
                "sentenceNo": 10,
                "sentenceContent": "YG엔터테인먼트의 '원 팬미팅' 행사 신청은 YG엔터테인먼트 공식 홈페이지에서 할 수 있다.",
                "subjectConsistencyYn": "N"
            }
        ],
        "clickbaitClass": 0
    }
}