{
    "sourceDataInfo": {
        "newsID": "ET_M03_627435",
        "newsCategory": "연예",
        "newsSubcategory": "연예가화제",
        "newsTitle": "태양의 후예 송중기, 재치있는 농담으로 여심 정조준",
        "newsSubTitle": "",
        "newsContent": "애정 어린 배려까지 동시에 담은, 어려운 농담을 척척 해내며 여심을 정조준. “이 와중에 농담이 나와요?” ‘태양의 후예’ 송중기는 힘든 상황에서도 재치있는 농담으로 송혜교의 눈물을 멈추게 만들었다.\n그의 농담은 곱씹어보면 진한 배려와 애정이 묻어 나온다.\n그래서 더 설렌다.\nKBS 2TV 수목드라마 ‘태양의 후예’(극본 김은숙, 김원석, 연출 이응복, 백상훈, 제작 태양의후예 문화산업전문회사, NEW)에서 아이와 미인, 노인은 보호해야 한다는 믿음을 가진 유시진(송중기) 대위. 그가 자주하는 농담이 여성을 설레게 하는 이유는 재미와 애정 어린 배려를 모두 담고 있기 때문이다.\n힘든 상황에서도 분위기를 전환시키는, 그의 말대로라면 “그 어려운 걸 해내는” 농담이다.\n그래서 요즘 네티즌들 사이에서는 ‘유시진 유머집’이 유행할 정도로 인기다.\n그의 농담에 잠 못이루고 별 헤는 여심, ‘유시진표 여성공략법’을 살펴봤다.\n#. 남자답게 직진, 재치는 덤. 강모연(송혜교)과의 첫 만남부터 농담을 서슴지 않은 시진. 그는 “미인과 노인, 아이는 보호해야 한다는 게 내 원칙”이라는 자신의 말에 모연이 “다행이네요. 셋 중 하나(미인)엔 속해서”라고 답하자, “안 속하는데”라는 말로 둘 사이에 맴돌던 어색함을 깨뜨렸다.\n물론, 그간 남자끼리 지내온 탓에 조금은 짓궂은 듯한 농담이었지만, 덕분에 시진과 모연은 긴장감을 풀었고 첫 만남부터 가까워질 수 있었다.\n#. “예쁘다”는 말은 누구나 좋아한다.\n이후 시진이 모연에게 제대로 빠지자, 그의 농담에는 간질간질한 애정이 묻어나기 시작했다.\n모연의 작은 행동도 눈에 담으려는 듯 뚫어지게 바라봤고, 영화 상영 직전 “태어나서 지금이 제일 설레요. 미인이랑 같이 있는데 불 꺼지기 바로 직전”이라는 능글맞지만, 달달한 멘트를 선보였다.\n물론, “노인 아니구요?”라며 새침하게 묻는 모연에게 “아, 어두워서 미인으로 잘못 봤습니다”라는 농담도 잊지 않았다.\n#. 힘든 마음, 재치로 힐링한다!\n무엇보다 시진의 농담은 얼핏 듣기엔 위트 넘치지만, 곱씹을수록 배려가 드러나는 여운으로 설렘을 증폭시킨다.\n법처럼 따르던 상사의 명령에 불복종, 모연에게 환자를 살릴 기회를 준 대가로 직위 해임과 구금을 당한 상황에도 “미안하다”며 우는 모연에게 “이 남자, 저 남자 너무 걱정하는 남자가 많은 거 아닙니까? 이 시간 이후 내 걱정만 합니다”라는 농담으로 무거운 분위기를 반전시켰다.\n이어 “오늘 아주 용감했어요”라는 진담으로 위로를 건넸고 “이 와중에 농담이 나와요?”라는 물음에 “안 되는데, 그 어려운 걸 자꾸 해냅니다. 내가”라는 뻔뻔한 자기 자랑 멘트로 결국, 모연의 미소를 자아냈다.\n모든 상황을 제 탓으로 돌리는 모연에게 의연한 척, 위트 있는 멘트로 부담을 덜어주는 시진만의 속 깊은 배려법이 돋보인 순간이었다.\n모연을 향한 관심과 사랑, 배려가 듬뿍 담긴 시진의 농담과 그것을 부담스럽지 않게 표현해내는 송중기의 소화력으로 매주 여심을 잠 못 이루게 하는 ‘태양의 후예’. 는 매주 수, 목요일 밤 10시에 방송된다.",
        "partNum": "P2",
        "useType": 0,
        "processType": "D",
        "processPattern": "23",
        "processLevel": "중",
        "sentenceCount": 19,
        "processSentencenum": 2,
        "sentenceInfo": [
            {
                "sentenceNo": 1,
                "sentenceContent": "애정 어린 배려까지 동시에 담은, 어려운 농담을 척척 해내며 여심을 정조준. “이 와중에 농담이 나와요?” ‘태양의 후예’ 송중기는 힘든 상황에서도 재치있는 농담으로 송혜교의 눈물을 멈추게 만들었다.",
                "sentenceSize": 111
            },
            {
                "sentenceNo": 2,
                "sentenceContent": "그의 농담은 곱씹어보면 진한 배려와 애정이 묻어 나온다.",
                "sentenceSize": 31
            },
            {
                "sentenceNo": 3,
                "sentenceContent": "그래서 더 설렌다.",
                "sentenceSize": 10
            },
            {
                "sentenceNo": 4,
                "sentenceContent": "KBS 2TV 수목드라마 ‘태양의 후예’(극본 김은숙, 김원석, 연출 이응복, 백상훈, 제작 태양의후예 문화산업전문회사, NEW)에서 아이와 미인, 노인은 보호해야 한다는 믿음을 가진 유시진(송중기) 대위. 그가 자주하는 농담이 여성을 설레게 하는 이유는 재미와 애정 어린 배려를 모두 담고 있기 때문이다.",
                "sentenceSize": 171
            },
            {
                "sentenceNo": 5,
                "sentenceContent": "힘든 상황에서도 분위기를 전환시키는, 그의 말대로라면 “그 어려운 걸 해내는” 농담이다.",
                "sentenceSize": 49
            },
            {
                "sentenceNo": 6,
                "sentenceContent": "그래서 요즘 네티즌들 사이에서는 ‘유시진 유머집’이 유행할 정도로 인기다.",
                "sentenceSize": 41
            },
            {
                "sentenceNo": 7,
                "sentenceContent": "그의 농담에 잠 못이루고 별 헤는 여심, ‘유시진표 여성공략법’을 살펴봤다.",
                "sentenceSize": 42
            },
            {
                "sentenceNo": 8,
                "sentenceContent": "#. 남자답게 직진, 재치는 덤. 강모연(송혜교)과의 첫 만남부터 농담을 서슴지 않은 시진. 그는 “미인과 노인, 아이는 보호해야 한다는 게 내 원칙”이라는 자신의 말에 모연이 “다행이네요. 셋 중 하나(미인)엔 속해서”라고 답하자, “안 속하는데”라는 말로 둘 사이에 맴돌던 어색함을 깨뜨렸다.",
                "sentenceSize": 165
            },
            {
                "sentenceNo": 9,
                "sentenceContent": "물론, 그간 남자끼리 지내온 탓에 조금은 짓궂은 듯한 농담이었지만, 덕분에 시진과 모연은 긴장감을 풀었고 첫 만남부터 가까워질 수 있었다.",
                "sentenceSize": 77
            },
            {
                "sentenceNo": 10,
                "sentenceContent": "#. “예쁘다”는 말은 누구나 좋아한다.",
                "sentenceSize": 22
            },
            {
                "sentenceNo": 11,
                "sentenceContent": "이후 시진이 모연에게 제대로 빠지자, 그의 농담에는 간질간질한 애정이 묻어나기 시작했다.",
                "sentenceSize": 49
            },
            {
                "sentenceNo": 12,
                "sentenceContent": "모연의 작은 행동도 눈에 담으려는 듯 뚫어지게 바라봤고, 영화 상영 직전 “태어나서 지금이 제일 설레요. 미인이랑 같이 있는데 불 꺼지기 바로 직전”이라는 능글맞지만, 달달한 멘트를 선보였다.",
                "sentenceSize": 107
            },
            {
                "sentenceNo": 13,
                "sentenceContent": "물론, “노인 아니구요?”라며 새침하게 묻는 모연에게 “아, 어두워서 미인으로 잘못 봤습니다”라는 농담도 잊지 않았다.",
                "sentenceSize": 66
            },
            {
                "sentenceNo": 14,
                "sentenceContent": "#. 힘든 마음, 재치로 힐링한다!",
                "sentenceSize": 19
            },
            {
                "sentenceNo": 15,
                "sentenceContent": "무엇보다 시진의 농담은 얼핏 듣기엔 위트 넘치지만, 곱씹을수록 배려가 드러나는 여운으로 설렘을 증폭시킨다.",
                "sentenceSize": 59
            },
            {
                "sentenceNo": 16,
                "sentenceContent": "법처럼 따르던 상사의 명령에 불복종, 모연에게 환자를 살릴 기회를 준 대가로 직위 해임과 구금을 당한 상황에도 “미안하다”며 우는 모연에게 “이 남자, 저 남자 너무 걱정하는 남자가 많은 거 아닙니까? 이 시간 이후 내 걱정만 합니다”라는 농담으로 무거운 분위기를 반전시켰다.",
                "sentenceSize": 154
            },
            {
                "sentenceNo": 17,
                "sentenceContent": "이어 “오늘 아주 용감했어요”라는 진담으로 위로를 건넸고 “이 와중에 농담이 나와요?”라는 물음에 “안 되는데, 그 어려운 걸 자꾸 해냅니다. 내가”라는 뻔뻔한 자기 자랑 멘트로 결국, 모연의 미소를 자아냈다.",
                "sentenceSize": 117
            },
            {
                "sentenceNo": 18,
                "sentenceContent": "모든 상황을 제 탓으로 돌리는 모연에게 의연한 척, 위트 있는 멘트로 부담을 덜어주는 시진만의 속 깊은 배려법이 돋보인 순간이었다.",
                "sentenceSize": 73
            },
            {
                "sentenceNo": 19,
                "sentenceContent": "모연을 향한 관심과 사랑, 배려가 듬뿍 담긴 시진의 농담과 그것을 부담스럽지 않게 표현해내는 송중기의 소화력으로 매주 여심을 잠 못 이루게 하는 ‘태양의 후예’. 는 매주 수, 목요일 밤 10시에 방송된다.",
                "sentenceSize": 115
            }
        ]
    },
    "labeledDataInfo": {
        "processSentenceInfo": [
            {
                "sentenceNo": 1,
                "sentenceContent": "애정 어린 배려까지 동시에 담은, 어려운 농담을 척척 해내며 여심을 정조준. “이 와중에 농담이 나와요?” ‘태양의 후예’ 송중기는 힘든 상황에서도 재치있는 농담으로 송혜교의 눈물을 멈추게 만들었다.",
                "subjectConsistencyYn": "Y"
            },
            {
                "sentenceNo": 2,
                "sentenceContent": "그의 농담은 곱씹어보면 진한 배려와 애정이 묻어 나온다.",
                "subjectConsistencyYn": "Y"
            },
            {
                "sentenceNo": 3,
                "sentenceContent": "그래서 더 설렌다.",
                "subjectConsistencyYn": "Y"
            },
            {
                "sentenceNo": 4,
                "sentenceContent": "KBS 2TV 수목드라마 ‘태양의 후예’(극본 김은숙, 김원석, 연출 이응복, 백상훈, 제작 태양의후예 문화산업전문회사, NEW)에서 아이와 미인, 노인은 보호해야 한다는 믿음을 가진 유시진(송중기) 대위. 그가 자주하는 농담이 여성을 설레게 하는 이유는 재미와 애정 어린 배려를 모두 담고 있기 때문이다.",
                "subjectConsistencyYn": "Y"
            },
            {
                "sentenceNo": 5,
                "sentenceContent": "힘든 상황에서도 분위기를 전환시키는, 그의 말대로라면 “그 어려운 걸 해내는” 농담이다.",
                "subjectConsistencyYn": "Y"
            },
            {
                "sentenceNo": 6,
                "sentenceContent": "그래서 요즘 네티즌들 사이에서는 ‘유시진 유머집’이 유행할 정도로 인기다.",
                "subjectConsistencyYn": "Y"
            },
            {
                "sentenceNo": 7,
                "sentenceContent": "그의 농담에 잠 못이루고 별 헤는 여심, ‘유시진표 여성공략법’을 살펴봤다.",
                "subjectConsistencyYn": "Y"
            },
            {
                "sentenceNo": 8,
                "sentenceContent": "#. 남자답게 직진, 재치는 덤. 강모연(송혜교)과의 첫 만남부터 농담을 서슴지 않은 시진. 그는 “미인과 노인, 아이는 보호해야 한다는 게 내 원칙”이라는 자신의 말에 모연이 “다행이네요. 셋 중 하나(미인)엔 속해서”라고 답하자, “안 속하는데”라는 말로 둘 사이에 맴돌던 어색함을 깨뜨렸다.",
                "subjectConsistencyYn": "Y"
            },
            {
                "sentenceNo": 9,
                "sentenceContent": "물론, 그간 남자끼리 지내온 탓에 조금은 짓궂은 듯한 농담이었지만, 덕분에 시진과 모연은 긴장감을 풀었고 첫 만남부터 가까워질 수 있었다.",
                "subjectConsistencyYn": "Y"
            },
            {
                "sentenceNo": 10,
                "sentenceContent": "#. “예쁘다”는 말은 누구나 좋아한다.",
                "subjectConsistencyYn": "Y"
            },
            {
                "sentenceNo": 11,
                "sentenceContent": "이후 시진이 모연에게 제대로 빠지자, 그의 농담에는 간질간질한 애정이 묻어나기 시작했다.",
                "subjectConsistencyYn": "Y"
            },
            {
                "sentenceNo": 12,
                "sentenceContent": "모연의 작은 행동도 눈에 담으려는 듯 뚫어지게 바라봤고, 영화 상영 직전 “태어나서 지금이 제일 설레요. 미인이랑 같이 있는데 불 꺼지기 바로 직전”이라는 능글맞지만, 달달한 멘트를 선보였다.",
                "subjectConsistencyYn": "Y"
            },
            {
                "sentenceNo": 13,
                "sentenceContent": "물론, “노인 아니구요?”라며 새침하게 묻는 모연에게 “아, 어두워서 미인으로 잘못 봤습니다”라는 농담도 잊지 않았다.",
                "subjectConsistencyYn": "Y"
            },
            {
                "sentenceNo": 14,
                "sentenceContent": "#. 힘든 마음, 재치로 힐링한다!",
                "subjectConsistencyYn": "Y"
            },
            {
                "sentenceNo": 15,
                "sentenceContent": "무엇보다 시진의 농담은 얼핏 듣기엔 위트 넘치지만, 곱씹을수록 배려가 드러나는 여운으로 설렘을 증폭시킨다.",
                "subjectConsistencyYn": "Y"
            },
            {
                "sentenceNo": 16,
                "sentenceContent": "법처럼 따르던 상사의 명령에 불복종, 모연에게 환자를 살릴 기회를 준 대가로 직위 해임과 구금을 당한 상황에도 “미안하다”며 우는 모연에게 “이 남자, 저 남자 너무 걱정하는 남자가 많은 거 아닙니까? 이 시간 이후 내 걱정만 합니다”라는 농담으로 무거운 분위기를 반전시켰다.",
                "subjectConsistencyYn": "Y"
            },
            {
                "sentenceNo": 17,
                "sentenceContent": "이어 “오늘 아주 용감했어요”라는 진담으로 위로를 건넸고 “이 와중에 농담이 나와요?”라는 물음에 “안 되는데, 그 어려운 걸 자꾸 해냅니다. 내가”라는 뻔뻔한 자기 자랑 멘트로 결국, 모연의 미소를 자아냈다.",
                "subjectConsistencyYn": "Y"
            },
            {
                "sentenceNo": 18,
                "sentenceContent": "모든 상황을 제 탓으로 돌리는 모연에게 의연한 척, 위트 있는 멘트로 부담을 덜어주는 시진만의 속 깊은 배려법이 돋보인 순간이었다.",
                "subjectConsistencyYn": "Y"
            },
            {
                "sentenceNo": 19,
                "sentenceContent": "모연을 향한 관심과 사랑, 배려가 듬뿍 담긴 시진의 농담과 그것을 부담스럽지 않게 표현해내는 송중기의 소화력으로 매주 여심을 잠 못 이루게 하는 ‘태양의 후예’. 는 매주 수, 목요일 밤 10시에 방송된다.",
                "subjectConsistencyYn": "Y"
            },
            {
                "sentenceNo": 20,
                "sentenceContent": "한편, 소속사 하이스토리 디앤씨 측은 30일 \"송중기가 오는 5월 7일 유튜브 라이브 '송중기, 라이브(송중기, Live)'를 개최한다\"고 밝혔다.",
                "subjectConsistencyYn": "N"
            },
            {
                "sentenceNo": 21,
                "sentenceContent": "올해 꼭 하고 싶은 일로 팬미팅을 꼽기도 한 송중기는 팬미팅이 선물 같은 시간이 될 수 있도록 준비에 박차를 가하고 있으며, 팬들과 새로운 추억을 만들고 싶은 송중기의 소망을 녹여냈다고 해 기대를 모으고 있다.",
                "subjectConsistencyYn": "N"
            }
        ],
        "clickbaitClass": 0
    }
}