{
    "sourceDataInfo": {
        "newsID": "ET_M03_627439",
        "newsCategory": "연예",
        "newsSubcategory": "연예가화제",
        "newsTitle": "예림이네 만물트럭 유재환, tvN 새 프로그램에서 예능 유망주의 면모 뽑내나",
        "newsSubTitle": "",
        "newsContent": "예림이네 만물트럭 유재환 방송인 유재환이 이예림에 대한 호감을 적극 드러냈다.\n오는 17일(수요일) 오후 4시 첫 방송하는 tvN 신규 예능 프로그램 ‘예림이네 만물트럭’에서 유재환이 개그맨 이경규의 딸 이예림과 멋진 호흡을 보여준다. ‘예림이네 만물트럭’은 이경규, 이예림, 유재환이 만물트럭을 끌고 전국 방방곡곡을 찾아가 시골 어르신들에게 유쾌한 활력을 선사하는 리얼리티 예능 프로그램이다.\n첫 방송 전 온라인에 선공개된 스페셜 영상에서 유재환은 “솔직히 예림이를 처음 봤을 때 소름이 돋았다. 이상형에 가까울 만큼 너무 에쁘다”며 “챙겨주고 싶은 마음이 든다”고 밝혀 화제가 됐다.\n유재환에 대해 이예림도 “뭘 해도 항상 저부터 챙겨주시고 배려해주신다. 아빠와 다르게 따뜻함이 느껴진다”고 말하며 둘의 케미를 기대하게 만들었다.\n이에 이경규는 특유의 호통으로 “유재환은 말이 정말 많다. 우리 딸하고 계속 떠들기만 한다”고 불만을 표시해 현장을 웃음바다로 만들었다. ‘예림이네 만물트럭’은 오는 2월 17일(수) 오후 4시에 O tvN에서, 밤 11시에 O tvN과 tvN에서 동시 첫 방송한다.\n온라인중앙일보 예림이네 만물트럭 유재환",
        "partNum": "P2",
        "useType": 0,
        "processType": "D",
        "processPattern": "23",
        "processLevel": "중",
        "sentenceCount": 6,
        "processSentencenum": 3,
        "sentenceInfo": [
            {
                "sentenceNo": 1,
                "sentenceContent": "예림이네 만물트럭 유재환 방송인 유재환이 이예림에 대한 호감을 적극 드러냈다.",
                "sentenceSize": 43
            },
            {
                "sentenceNo": 2,
                "sentenceContent": "오는 17일(수요일) 오후 4시 첫 방송하는 tvN 신규 예능 프로그램 ‘예림이네 만물트럭’에서 유재환이 개그맨 이경규의 딸 이예림과 멋진 호흡을 보여준다. ‘예림이네 만물트럭’은 이경규, 이예림, 유재환이 만물트럭을 끌고 전국 방방곡곡을 찾아가 시골 어르신들에게 유쾌한 활력을 선사하는 리얼리티 예능 프로그램이다.",
                "sentenceSize": 176
            },
            {
                "sentenceNo": 3,
                "sentenceContent": "첫 방송 전 온라인에 선공개된 스페셜 영상에서 유재환은 “솔직히 예림이를 처음 봤을 때 소름이 돋았다. 이상형에 가까울 만큼 너무 에쁘다”며 “챙겨주고 싶은 마음이 든다”고 밝혀 화제가 됐다.",
                "sentenceSize": 107
            },
            {
                "sentenceNo": 4,
                "sentenceContent": "유재환에 대해 이예림도 “뭘 해도 항상 저부터 챙겨주시고 배려해주신다. 아빠와 다르게 따뜻함이 느껴진다”고 말하며 둘의 케미를 기대하게 만들었다.",
                "sentenceSize": 81
            },
            {
                "sentenceNo": 5,
                "sentenceContent": "이에 이경규는 특유의 호통으로 “유재환은 말이 정말 많다. 우리 딸하고 계속 떠들기만 한다”고 불만을 표시해 현장을 웃음바다로 만들었다. ‘예림이네 만물트럭’은 오는 2월 17일(수) 오후 4시에 O tvN에서, 밤 11시에 O tvN과 tvN에서 동시 첫 방송한다.",
                "sentenceSize": 149
            },
            {
                "sentenceNo": 6,
                "sentenceContent": "온라인중앙일보 예림이네 만물트럭 유재환",
                "sentenceSize": 21
            }
        ]
    },
    "labeledDataInfo": {
        "processSentenceInfo": [
            {
                "sentenceNo": 1,
                "sentenceContent": "예림이네 만물트럭 유재환 방송인 유재환이 이예림에 대한 호감을 적극 드러냈다.",
                "subjectConsistencyYn": "Y"
            },
            {
                "sentenceNo": 2,
                "sentenceContent": "오는 17일(수요일) 오후 4시 첫 방송하는 tvN 신규 예능 프로그램 ‘예림이네 만물트럭’에서 유재환이 개그맨 이경규의 딸 이예림과 멋진 호흡을 보여준다. ‘예림이네 만물트럭’은 이경규, 이예림, 유재환이 만물트럭을 끌고 전국 방방곡곡을 찾아가 시골 어르신들에게 유쾌한 활력을 선사하는 리얼리티 예능 프로그램이다.",
                "subjectConsistencyYn": "Y"
            },
            {
                "sentenceNo": 3,
                "sentenceContent": "첫 방송 전 온라인에 선공개된 스페셜 영상에서 유재환은 “솔직히 예림이를 처음 봤을 때 소름이 돋았다. 이상형에 가까울 만큼 너무 에쁘다”며 “챙겨주고 싶은 마음이 든다”고 밝혀 화제가 됐다.",
                "subjectConsistencyYn": "Y"
            },
            {
                "sentenceNo": 4,
                "sentenceContent": "유재환에 대해 이예림도 “뭘 해도 항상 저부터 챙겨주시고 배려해주신다. 아빠와 다르게 따뜻함이 느껴진다”고 말하며 둘의 케미를 기대하게 만들었다.",
                "subjectConsistencyYn": "Y"
            },
            {
                "sentenceNo": 5,
                "sentenceContent": "이에 이경규는 특유의 호통으로 “유재환은 말이 정말 많다. 우리 딸하고 계속 떠들기만 한다”고 불만을 표시해 현장을 웃음바다로 만들었다. ‘예림이네 만물트럭’은 오는 2월 17일(수) 오후 4시에 O tvN에서, 밤 11시에 O tvN과 tvN에서 동시 첫 방송한다.",
                "subjectConsistencyYn": "Y"
            },
            {
                "sentenceNo": 6,
                "sentenceContent": "온라인중앙일보 예림이네 만물트럭 유재환",
                "subjectConsistencyYn": "Y"
            },
            {
                "sentenceNo": 7,
                "sentenceContent": "이날 방송에서 유재환이 몰라보게 달라진 모습으로 나타나 눈길을 끌면서, 유재환의 다이어트 비법으로 알려진 '쥬비스 다이어트'가 화제를 모으고 있다. ",
                "subjectConsistencyYn": "N"
            },
            {
                "sentenceNo": 8,
                "sentenceContent": "'쥬비스 다이어트'는 고객의 몸과 성향, 고객의 생활 환경에 최적화된 다이어트 솔루션을 제공하는 다이어트 전문 프로그램으로, 김태우, 다나, 강남 등 유명 연예인의 다이어트를 성공시킨 것으로 알려져 있다. ",
                "subjectConsistencyYn": "N"
            },
            {
                "sentenceNo": 9,
                "sentenceContent": "'쥬비스 다이어트' 프로그램 신청 문의는 쥬비스 공식 홈페이지나 카카오 채널을 통해 하면 된다. ",
                "subjectConsistencyYn": "N"
            }
        ],
        "clickbaitClass": 0
    }
}