{
    "sourceDataInfo": {
        "newsID": "ET_M03_627833",
        "newsCategory": "연예",
        "newsSubcategory": "연예가화제",
        "newsTitle": "'컬투쇼' 마동석, 마스크 쓰고 극장 갔더니 \\\"마동석 감기걸렸나봐\\\" 말해",
        "newsSubTitle": "",
        "newsContent": "'컬투쇼' 마동석 '컬투쇼' 마동석 \\\"몸무게 20kg 감량…현재 90kg\\\" 감량 이유 알고보니 배우 마동석이 과거보다 체중을 20kg 감량했다고 밝혀 화제다.\n31일 방송된 SBS 파워FM '두시탈출 컬투쇼'에는 영화 '함정'의 배우 마동석이 게스트로 출연했다.\n이날 DJ 컬투는 마동석에게 \\\"벌크 18인치라고 들었는데 본인 스스로도 부담스럽지 않으냐\\\"고 물었다.\n이에 마동석은 \\\"역할에 따라 많이 빼기도 한다. 요즘 많이 빠졌다\\\"며 \\\"최근에는 액션 연기도 많고 해서 체중을 더 감량하지는 않는다\\\"고 설명했다.\n이어 \\\"과거에 비해 지금은 25~30kg 뺀 상태이다. 미국에서 110kg이 넘었다. 2005년 영화 '천군' 출연 당시가 105kg이었다\\\"며 \\\"지금 체중은 90kg이다\\\"라고 덧붙였다.\n또 마동석은 운동을 시작하게 된 계기에 대해 \\\"20세 때 미국에서 운동을 급격하게 하면서 얼굴도 변하고 몸도 커졌다\\\"고 말했다.\n그는 \\\"어렸을 때부터 여러 가지 운동을 하긴 했다. 근데 미국에 갔더니 기본적으로 남자가 체격이 있고 운동하는 사람을 덜 무시하더라. 특히 동양인은. 그래서 처음에 승부욕으로 시작한 게 나중에 점점 전문적이 되면서 직업이 됐다\\\"고 밝혔다.\n이날 방송에서 마동석은 “난 주변 시선을 신경 안쓴다. 세수도 안하고 돌아다닌다”고 말했다.\n이에 DJ 컬투는 “사람들이 엄청 많이 알아보지 않냐”고 물었고 마동석은 “예전에 모자 쓰고 마스크를 착용하고 극장에 영화를 보러 갔는데 어떤 분이 날 보더니 ‘야 마동석 감기걸렸다’고 말하더라”라고 전해 폭소를 유발했다.\n컬투쇼 공식 인스타그램에 공개된 사진 속 마동석은 미소를 지으며 카메라를 향해 브이 자를 그리고 있다.\n훈훈한 인상을 자아내는 마동석의 모습이 눈길을 사로잡았다.\n한편 마동석이 출연하는 영화 '함정'은 5년 차 부부가 외딴 섬으로 여행을 가게 되고, 그곳에서 인터넷을 통해 우연히 알게 된 식당 주인을 만나면서 벌어지는 이야기를 담은 스릴러다.",
        "partNum": "P2",
        "useType": 0,
        "processType": "D",
        "processPattern": "23",
        "processLevel": "중",
        "sentenceCount": 12,
        "processSentencenum": 4,
        "sentenceInfo": [
            {
                "sentenceNo": 1,
                "sentenceContent": "'컬투쇼' 마동석 '컬투쇼' 마동석 \\\"몸무게 20kg 감량…현재 90kg\\\" 감량 이유 알고보니 배우 마동석이 과거보다 체중을 20kg 감량했다고 밝혀 화제다.",
                "sentenceSize": 90
            },
            {
                "sentenceNo": 2,
                "sentenceContent": "31일 방송된 SBS 파워FM '두시탈출 컬투쇼'에는 영화 '함정'의 배우 마동석이 게스트로 출연했다.",
                "sentenceSize": 57
            },
            {
                "sentenceNo": 3,
                "sentenceContent": "이날 DJ 컬투는 마동석에게 \\\"벌크 18인치라고 들었는데 본인 스스로도 부담스럽지 않으냐\\\"고 물었다.",
                "sentenceSize": 58
            },
            {
                "sentenceNo": 4,
                "sentenceContent": "이에 마동석은 \\\"역할에 따라 많이 빼기도 한다. 요즘 많이 빠졌다\\\"며 \\\"최근에는 액션 연기도 많고 해서 체중을 더 감량하지는 않는다\\\"고 설명했다.",
                "sentenceSize": 85
            },
            {
                "sentenceNo": 5,
                "sentenceContent": "이어 \\\"과거에 비해 지금은 25~30kg 뺀 상태이다. 미국에서 110kg이 넘었다. 2005년 영화 '천군' 출연 당시가 105kg이었다\\\"며 \\\"지금 체중은 90kg이다\\\"라고 덧붙였다.",
                "sentenceSize": 107
            },
            {
                "sentenceNo": 6,
                "sentenceContent": "또 마동석은 운동을 시작하게 된 계기에 대해 \\\"20세 때 미국에서 운동을 급격하게 하면서 얼굴도 변하고 몸도 커졌다\\\"고 말했다.",
                "sentenceSize": 73
            },
            {
                "sentenceNo": 7,
                "sentenceContent": "그는 \\\"어렸을 때부터 여러 가지 운동을 하긴 했다. 근데 미국에 갔더니 기본적으로 남자가 체격이 있고 운동하는 사람을 덜 무시하더라. 특히 동양인은. 그래서 처음에 승부욕으로 시작한 게 나중에 점점 전문적이 되면서 직업이 됐다\\\"고 밝혔다.",
                "sentenceSize": 135
            },
            {
                "sentenceNo": 8,
                "sentenceContent": "이날 방송에서 마동석은 “난 주변 시선을 신경 안쓴다. 세수도 안하고 돌아다닌다”고 말했다.",
                "sentenceSize": 51
            },
            {
                "sentenceNo": 9,
                "sentenceContent": "이에 DJ 컬투는 “사람들이 엄청 많이 알아보지 않냐”고 물었고 마동석은 “예전에 모자 쓰고 마스크를 착용하고 극장에 영화를 보러 갔는데 어떤 분이 날 보더니 ‘야 마동석 감기걸렸다’고 말하더라”라고 전해 폭소를 유발했다.",
                "sentenceSize": 124
            },
            {
                "sentenceNo": 10,
                "sentenceContent": "컬투쇼 공식 인스타그램에 공개된 사진 속 마동석은 미소를 지으며 카메라를 향해 브이 자를 그리고 있다.",
                "sentenceSize": 57
            },
            {
                "sentenceNo": 11,
                "sentenceContent": "훈훈한 인상을 자아내는 마동석의 모습이 눈길을 사로잡았다.",
                "sentenceSize": 32
            },
            {
                "sentenceNo": 12,
                "sentenceContent": "한편 마동석이 출연하는 영화 '함정'은 5년 차 부부가 외딴 섬으로 여행을 가게 되고, 그곳에서 인터넷을 통해 우연히 알게 된 식당 주인을 만나면서 벌어지는 이야기를 담은 스릴러다.",
                "sentenceSize": 101
            }
        ]
    },
    "labeledDataInfo": {
        "processSentenceInfo": [
            {
                "sentenceNo": 1,
                "sentenceContent": "'컬투쇼' 마동석 '컬투쇼' 마동석 \\\"몸무게 20kg 감량…현재 90kg\\\" 감량 이유 알고보니 배우 마동석이 과거보다 체중을 20kg 감량했다고 밝혀 화제다.",
                "subjectConsistencyYn": "Y"
            },
            {
                "sentenceNo": 2,
                "sentenceContent": "31일 방송된 SBS 파워FM '두시탈출 컬투쇼'에는 영화 '함정'의 배우 마동석이 게스트로 출연했다.",
                "subjectConsistencyYn": "Y"
            },
            {
                "sentenceNo": 3,
                "sentenceContent": "이날 DJ 컬투는 마동석에게 \\\"벌크 18인치라고 들었는데 본인 스스로도 부담스럽지 않으냐\\\"고 물었다.",
                "subjectConsistencyYn": "Y"
            },
            {
                "sentenceNo": 4,
                "sentenceContent": "이에 마동석은 \\\"역할에 따라 많이 빼기도 한다. 요즘 많이 빠졌다\\\"며 \\\"최근에는 액션 연기도 많고 해서 체중을 더 감량하지는 않는다\\\"고 설명했다.",
                "subjectConsistencyYn": "Y"
            },
            {
                "sentenceNo": 5,
                "sentenceContent": "이어 \\\"과거에 비해 지금은 25~30kg 뺀 상태이다. 미국에서 110kg이 넘었다. 2005년 영화 '천군' 출연 당시가 105kg이었다\\\"며 \\\"지금 체중은 90kg이다\\\"라고 덧붙였다.",
                "subjectConsistencyYn": "Y"
            },
            {
                "sentenceNo": 6,
                "sentenceContent": "또 마동석은 운동을 시작하게 된 계기에 대해 \\\"20세 때 미국에서 운동을 급격하게 하면서 얼굴도 변하고 몸도 커졌다\\\"고 말했다.",
                "subjectConsistencyYn": "Y"
            },
            {
                "sentenceNo": 7,
                "sentenceContent": "그는 \\\"어렸을 때부터 여러 가지 운동을 하긴 했다. 근데 미국에 갔더니 기본적으로 남자가 체격이 있고 운동하는 사람을 덜 무시하더라. 특히 동양인은. 그래서 처음에 승부욕으로 시작한 게 나중에 점점 전문적이 되면서 직업이 됐다\\\"고 밝혔다.",
                "subjectConsistencyYn": "Y"
            },
            {
                "sentenceNo": 8,
                "sentenceContent": "이날 방송에서 마동석은 “난 주변 시선을 신경 안쓴다. 세수도 안하고 돌아다닌다”고 말했다.",
                "subjectConsistencyYn": "Y"
            },
            {
                "sentenceNo": 9,
                "sentenceContent": "이에 DJ 컬투는 “사람들이 엄청 많이 알아보지 않냐”고 물었고 마동석은 “예전에 모자 쓰고 마스크를 착용하고 극장에 영화를 보러 갔는데 어떤 분이 날 보더니 ‘야 마동석 감기걸렸다’고 말하더라”라고 전해 폭소를 유발했다.",
                "subjectConsistencyYn": "Y"
            },
            {
                "sentenceNo": 10,
                "sentenceContent": "컬투쇼 공식 인스타그램에 공개된 사진 속 마동석은 미소를 지으며 카메라를 향해 브이 자를 그리고 있다.",
                "subjectConsistencyYn": "Y"
            },
            {
                "sentenceNo": 11,
                "sentenceContent": "훈훈한 인상을 자아내는 마동석의 모습이 눈길을 사로잡았다.",
                "subjectConsistencyYn": "Y"
            },
            {
                "sentenceNo": 12,
                "sentenceContent": "한편 마동석이 출연하는 영화 '함정'은 5년 차 부부가 외딴 섬으로 여행을 가게 되고, 그곳에서 인터넷을 통해 우연히 알게 된 식당 주인을 만나면서 벌어지는 이야기를 담은 스릴러다.",
                "subjectConsistencyYn": "Y"
            },
            {
                "sentenceNo": 13,
                "sentenceContent": "한편, 마동석의 다이어트를 전적으로 담당한 '쥬비스 다이어트(Juvis Diet)'가 11월 영화 개봉을 맞이하여 한정 이벤트를 진행한다.",
                "subjectConsistencyYn": "N"
            },
            {
                "sentenceNo": 14,
                "sentenceContent": "'쥬비스'는 다이어트 목적에 따라 건강하고 빠른 감량 방법을 통해 토털 솔루션을 제공하는 다이어트 프로그램으로 순간에만 집중하는 다이어트가 아닌 생활 습관과 방식을 꾸준히 유지하게 도와주는 특징이 있다. ",
                "subjectConsistencyYn": "N"
            },
            {
                "sentenceNo": 15,
                "sentenceContent": "또한 '쥬비스'는 유수의 전문 컨설턴트를 보유하고 있는데, 이들은 다이어트 관련 학과 출신의 전문가이고, 1급 다이어트 컨설턴트 자격증을 보유하고 있으며, 신체적, 환경적, 심리적 요인까지 분석해서 솔루션을 제공하고 있다.",
                "subjectConsistencyYn": "N"
            },
            {
                "sentenceNo": 16,
                "sentenceContent": "'쥬비스'에서는 11월 한 달, 롯데 롤라 카드로 결제 시 24개월 무이자 할부가 가능하고, 쥬비스 제휴 하나카드로 결제 시 최대 15만 원 청구 할인 혜택, 최대 36개월 할부 혜택이 가능하므로, 다이어트를 고민하시는 분들은 '쥬비스'를 검색해보기를 추천한다.",
                "subjectConsistencyYn": "N"
            }
        ],
        "clickbaitClass": 0
    }
}