{
    "sourceDataInfo": {
        "newsID": "ET_M03_627619",
        "newsCategory": "연예",
        "newsSubcategory": "연예가화제",
        "newsTitle": "싸이월드 개편 앞두고 일부 종료, 오늘까지 백업…없어지는 서비스보니",
        "newsSubTitle": "",
        "newsContent": "'싸이월드' 싸이월드 일부 기능 종료…\\\"잘가, 나의 추억\\\" 아쉬운 누리꾼 싸이월드가 방명록, 일촌평, 쪽지 기능이 오늘부로 종료된다는 소식이 알려져 화제다.\n지난 11일 싸이월드 측은 공식 홈페이지를 통해 “10월 1일부터 방명록, 일촌평, 쪽지 기능을 종료한다. 기존 데이터는 백업센터에서 9월 30일까지 저장할 수 있다”고 밝혔다.\n싸이월드 측은 사진첩, 게시판, 다이어리 기능은 당분간 유지되며, 싸이월드 서비스를 종료하는 것이 아니라 개편을 거쳐 ‘싸이홈’이라는 이름으로 계속 서비스된다고 설명했다.\n한편, 싸이월드는 2003년 8월 SK커뮤니케이션즈에 피흡수 합병돼 운영됐다.\n2009년 9월 네이트와 메인을 통합하는 등 생존을 위한 다양한 시도를 추진해 왔다.\n그리고 2014년 초 SK컴즈로부터 분사해 독립 운영돼 왔음에도 모바일 시대의 흐름에 제대로 대응하지 못해 계속된 내리막길을 걸었다.\n싸이월드 소식을 접한 네티즌들은 \\\"싸이월드, 아쉽지만 사진첩이랑 다이어리는 남는구나\\\" \\\"싸이월드, 오늘 백업 해야 겠네\\\" \\\"싸이월드, 방명록으로 남았는 나의 추억 잘가\\\" 등의 반응을 보였다. '싸이월드' 온라인 중앙일보 '싸이월드'",
        "partNum": "P2",
        "useType": 0,
        "processType": "D",
        "processPattern": "23",
        "processLevel": "중",
        "sentenceCount": 7,
        "processSentencenum": 4,
        "sentenceInfo": [
            {
                "sentenceNo": 1,
                "sentenceContent": "'싸이월드' 싸이월드 일부 기능 종료…\\\"잘가, 나의 추억\\\" 아쉬운 누리꾼 싸이월드가 방명록, 일촌평, 쪽지 기능이 오늘부로 종료된다는 소식이 알려져 화제다.",
                "sentenceSize": 89
            },
            {
                "sentenceNo": 2,
                "sentenceContent": "지난 11일 싸이월드 측은 공식 홈페이지를 통해 “10월 1일부터 방명록, 일촌평, 쪽지 기능을 종료한다. 기존 데이터는 백업센터에서 9월 30일까지 저장할 수 있다”고 밝혔다.",
                "sentenceSize": 99
            },
            {
                "sentenceNo": 3,
                "sentenceContent": "싸이월드 측은 사진첩, 게시판, 다이어리 기능은 당분간 유지되며, 싸이월드 서비스를 종료하는 것이 아니라 개편을 거쳐 ‘싸이홈’이라는 이름으로 계속 서비스된다고 설명했다.",
                "sentenceSize": 95
            },
            {
                "sentenceNo": 4,
                "sentenceContent": "한편, 싸이월드는 2003년 8월 SK커뮤니케이션즈에 피흡수 합병돼 운영됐다.",
                "sentenceSize": 43
            },
            {
                "sentenceNo": 5,
                "sentenceContent": "2009년 9월 네이트와 메인을 통합하는 등 생존을 위한 다양한 시도를 추진해 왔다.",
                "sentenceSize": 47
            },
            {
                "sentenceNo": 6,
                "sentenceContent": "그리고 2014년 초 SK컴즈로부터 분사해 독립 운영돼 왔음에도 모바일 시대의 흐름에 제대로 대응하지 못해 계속된 내리막길을 걸었다.",
                "sentenceSize": 74
            },
            {
                "sentenceNo": 7,
                "sentenceContent": "싸이월드 소식을 접한 네티즌들은 \\\"싸이월드, 아쉽지만 사진첩이랑 다이어리는 남는구나\\\" \\\"싸이월드, 오늘 백업 해야 겠네\\\" \\\"싸이월드, 방명록으로 남았는 나의 추억 잘가\\\" 등의 반응을 보였다. '싸이월드' 온라인 중앙일보 '싸이월드'",
                "sentenceSize": 135
            }
        ]
    },
    "labeledDataInfo": {
        "processSentenceInfo": [
            {
                "sentenceNo": 1,
                "sentenceContent": "'싸이월드' 싸이월드 일부 기능 종료…\\\"잘가, 나의 추억\\\" 아쉬운 누리꾼 싸이월드가 방명록, 일촌평, 쪽지 기능이 오늘부로 종료된다는 소식이 알려져 화제다.",
                "subjectConsistencyYn": "Y"
            },
            {
                "sentenceNo": 2,
                "sentenceContent": "지난 11일 싸이월드 측은 공식 홈페이지를 통해 “10월 1일부터 방명록, 일촌평, 쪽지 기능을 종료한다. 기존 데이터는 백업센터에서 9월 30일까지 저장할 수 있다”고 밝혔다.",
                "subjectConsistencyYn": "Y"
            },
            {
                "sentenceNo": 3,
                "sentenceContent": "싸이월드 측은 사진첩, 게시판, 다이어리 기능은 당분간 유지되며, 싸이월드 서비스를 종료하는 것이 아니라 개편을 거쳐 ‘싸이홈’이라는 이름으로 계속 서비스된다고 설명했다.",
                "subjectConsistencyYn": "Y"
            },
            {
                "sentenceNo": 4,
                "sentenceContent": "한편, 싸이월드는 2003년 8월 SK커뮤니케이션즈에 피흡수 합병돼 운영됐다.",
                "subjectConsistencyYn": "Y"
            },
            {
                "sentenceNo": 5,
                "sentenceContent": "2009년 9월 네이트와 메인을 통합하는 등 생존을 위한 다양한 시도를 추진해 왔다.",
                "subjectConsistencyYn": "Y"
            },
            {
                "sentenceNo": 6,
                "sentenceContent": "그리고 2014년 초 SK컴즈로부터 분사해 독립 운영돼 왔음에도 모바일 시대의 흐름에 제대로 대응하지 못해 계속된 내리막길을 걸었다.",
                "subjectConsistencyYn": "Y"
            },
            {
                "sentenceNo": 7,
                "sentenceContent": "싸이월드 소식을 접한 네티즌들은 \\\"싸이월드, 아쉽지만 사진첩이랑 다이어리는 남는구나\\\" \\\"싸이월드, 오늘 백업 해야 겠네\\\" \\\"싸이월드, 방명록으로 남았는 나의 추억 잘가\\\" 등의 반응을 보였다. '싸이월드' 온라인 중앙일보 '싸이월드'",
                "subjectConsistencyYn": "Y"
            },
            {
                "sentenceNo": 8,
                "sentenceContent": "싸이월드의 일부 기능이 종료된 가운데, LG U+가 백업에 필요한 ACN(AP Centric Network) 인프라를 기반으로 한 개인클라우드 서비스 '유플러스박스(U+ Box)'를 출시한다고 밝혔다. ",
                "subjectConsistencyYn": "N"
            },
            {
                "sentenceNo": 9,
                "sentenceContent": "'유플러스박스(U+ Box)'는 고객이 PC나 스마트폰 등을 이용해 업로드한 사진, 음악, 동영상 콘텐츠를 스마트폰은 물론 PMP 및 디지털 액자, 태블릿 PC, IPTV 등의 인터넷 기기를 통해 어디서나 실시간으로 감상할 수 있는 멀티미디어 N-스크린 서비스를 제공한다. ",
                "subjectConsistencyYn": "N"
            },
            {
                "sentenceNo": 10,
                "sentenceContent": "이 서비스는 케이블을 이용해 PC와 디지털기기를 연결해 직접 파일을 변환하지 않아도 바로 이용할 수 있는 장점이 있다. ",
                "subjectConsistencyYn": "N"
            },
            {
                "sentenceNo": 11,
                "sentenceContent": "이정식 사업본부장은 “유플러스박스(U+ Box)는 단순히 인터넷 저장공간인 스토리지 클라우드를 제공하는 서비스를 넘어 모든 인터넷 기기와 서비스를 하나로 연결하는 ‘웹 허브(Web Herb)’의 역할을 할 것”이라며, “LG U+는 상생 경영을 위해 서비스 플랫폼을 모두 오픈하고 외부 개발자와 제휴 파트너의 서비스 개발 및 마케팅을 활성화하는 ‘에코시스템(Eco System)’을 마련, 이를 적극 지원할 계획”이라고 밝혔다.",
                "subjectConsistencyYn": "N"
            }
        ],
        "clickbaitClass": 0
    }
}