{
    "sourceDataInfo": {
        "newsID": "ET_M03_627214",
        "newsCategory": "연예",
        "newsSubcategory": "연예가화제",
        "newsTitle": "5년간 70편 ‘경이로운’ 다작러, 액션·청춘 다되는 ‘소문’이 되다",
        "newsSubTitle": "[민경원의 심스틸러] 짠내 풀풀 나는 히어로 소문 역 조병규 10㎏ 감량해 날렵한 액션 연기 선보여 유준상·염혜란·김세정 사이서 중심 잡아 “일 끊길까” 두려움 넘어 쉼없는 도전",
        "newsContent": "OCN 토일드라마 ‘경이로운 소문’은 독특한 드라마다.\n통상 히어로물이라 하면 ‘어벤져스’처럼 엄청난 초능력을 가진 캐릭터들이 나와 저마다의 능력을 뽐내기 마련이지만 ‘경이로운 소문’에서는 보통 사람보다 2~3배의 힘을 지닌 ‘카운터즈’ 서너명이 힘을 합쳐야 겨우 악귀 한명을 물리칠까 말까 한 수준. 코마 상태에서 깨어나는 것을 조건으로 악귀 사냥꾼 임무를 맡게 된 이들은 그야말로 목숨 내놓고 일하는 힘들고 더럽고 어려운 3D 업종으로 매사가 짠 내 나기 그지없다.\n후임을 구하기도 쉽지 않다.\n남을 위해 위험을 감내할 만큼 선한 마음을 지닌 자를 찾는 것도 어려울뿐더러 애써 권해도 그쪽에서 먼저 거절하기 일쑤다.\n누가 알아주는 일도 아니요, 빛이 나는 일은 더더욱 아니기에 묵묵히 외로운 싸움을 이어갈 뿐이다.\n철중(성지루)의 빈자리를 채우기 위해 신입 카운터로 합류한 소문(조병규)의 상황은 더욱 열악하다.\n7년 전 교통사고로 부모님을 잃고 한쪽 다리를 쓸 수 없게 된 터였다.\n다른 사람들처럼 코마 상태에 있었던 것도 아니었으나 그저 부모님을 볼 수 있게 해준다는 말에 물불 가리지 않고 뛰어들었다.\n그렇게 부모님을 죽인 악귀를 찾아 복수에 한 발짝 다가섰지만 카운터 자격을 박탈당하고 만다.\n그의 파트너인 위겐(문숙)이 “소문의 복수심이 때때로 살해 충동으로 이어진다”며 “하늘의 힘을 가진 사람이 그런 마음을 갖는 것은 악귀나 다름없다”고 자격 박탈을 요청한 탓이다.\n카운터로 활동하는 동안 맘껏 걷고 뛰며 자유를 맛본 그는 다시 다리를 절뚝거리며 일진에게 괴롭힘을 당하는 비참한 신세로 돌아간다.\n드라마 제작 전부터 원작 웹툰 장이 작가로부터 “내 마음속 캐스팅 1순위”로 꼽힌 조병규(25)는 소문 역을 실감 나게 소화한다.\n스피드와 점프가 특기인 캐릭터를 위해 10㎏을 감량한 그는 날렵한 액션 연기를 선보인다.\n학교 안에선 위축돼 있다가도 밖에 나오면 눈빛부터 돌변한다.\n선한 마음과 복수심, 불안함과 두려움이 뒤엉켜 엄청난 폭발력을 자랑하는 것이다.\n악귀를 잡기 위해서라면 단독 행동도 불사하는 탓에 다른 카운터들도 덩달아 바빠졌지만 그를 미워하기는커녕 끔찍이 아낀다.\n가모탁(유준상)에게는 동료 형사의 아들이자 함께 괴력을 발휘할 동료이고, 치유력을 지닌 추매옥(염혜란)에게는 먼저 세상을 떠난 아들 같은 존재이며, 악귀 감지 및 사이코메트리 능력을 갖춘 도하나(김세정)에게는 지키지 못한 동생 같은 아이이기 때문이다.\n조병규는 첫 주연작이라는 타이틀이 무색하게 제 몫을 톡톡히 해낸다.\n가모탁과 그의 여자친구였던 김정영(최윤영)과 공조해 사건을 파헤칠 때는 제법 형사 냄새도 나고, 도하나에게 “위로는 받아만 봐서 할 줄은 모른다”며 서툴게 진심을 전할 땐 청춘물 느낌도 난다.\nJTBC ‘SKY 캐슬’(2018~2019)에서 함께 호흡을 맞췄던 임주연 역의 이지원과는 아래로 10살 차이, 김웅민 역의 김은수와는 위로 5살 차이지만 삼총사로 어울리는 모습이 전혀 어색하지 않다.\n국숫집 사장 추매옥을 살뜰히 살피고 외할아버지와 외할머니 마음마저 헤아릴 때면 영락없는 가족극으로 서로 다른 장르를 자연스레 넘나들며 이를 하나로 봉합하는 역할을 한다.\n웬만한 내공 없이는 불가능한 일이다.\n이는 2015년 데뷔 이후 70여편에 달하는 작품에서 활약해온 덕분이기도 하다.\n배우를 꿈꾸며 안양예고 연극영화과를 졸업하고 서울예대 공연학부에 진학한 그는 KBS2 ‘후아유-학교 2015’로 데뷔 이후 닥치는 대로 필모그래피를 채워나갔다.\n연극ㆍ뮤지컬ㆍ독립영화 등 장르도 가리지 않았다.\n행여 “일이 끊기지 않을까” 하는 불안감이 그를 다작 배우로 키운 것. 나이와 경력에 비해 압도적으로 다양한 작품에 참여한 경력은 곧 그의 경쟁력이 됐다. ‘SKY 캐슬’에서 반항적인 쌍둥이 동생 차기준 역으로 주목받으면서 ‘음주가무’ 시즌 1, 2(2017, 2018) 등 그가 출연한 웹드라마가 화제가 되기도 했다.\n그는 최근 인터뷰에서도 “휴식시간이 생기면 오히려 괴롭다. 좋은 작품이나 하고픈 역할을 체력적인 한계로 놓치고 싶지 않았다”며 변치 않은 욕심을 밝혔다. ‘스토브리그’(2019~2020)의 금수저 운영팀원 한재희까지 연타석 홈런을 날리며 SBS 연기대상에서 신인상까지 거머쥐게 됐지만 그의 삶은 별로 달라진 게 없다. “어렵지 않게 다음 작품을 할 수 있겠다”는 보험을 얻고, 부모님께 받는 용돈이 1주일에 25만원으로 올랐을 뿐이다.\n그는 여전히 새로움에 대한 갈증을 느낀다.\n다음 달 개봉을 앞둔 독립영화 ‘이 안에 외계인이 있다’ 역시 웹드라마 ‘독고 리와인드’(2018)를 함께 했던 최은종 감독과 다시 머리를 맞댄 작품. 한번 뜨고 나면 안정적인 선택을 하기 마련인데 배우로서 도전할 수 있는 여지가 있다면 얼마든지 모험을 감수할 준비가 되어있는 것이다.\n이 정도 페이스로 꾸준히 달려나간다면 앞으로 5년 후의 조병규는 어떤 모습이 되어있을까.\n동년배 10년 차 배우들과는 전혀 다른 밀도를 자랑하고 있지 않을까.",
        "partNum": "P2",
        "useType": 0,
        "processType": "D",
        "processPattern": "23",
        "processLevel": "중",
        "sentenceCount": 31,
        "processSentencenum": 4,
        "sentenceInfo": [
            {
                "sentenceNo": 1,
                "sentenceContent": "OCN 토일드라마 ‘경이로운 소문’은 독특한 드라마다.",
                "sentenceSize": 30
            },
            {
                "sentenceNo": 2,
                "sentenceContent": "통상 히어로물이라 하면 ‘어벤져스’처럼 엄청난 초능력을 가진 캐릭터들이 나와 저마다의 능력을 뽐내기 마련이지만 ‘경이로운 소문’에서는 보통 사람보다 2~3배의 힘을 지닌 ‘카운터즈’ 서너명이 힘을 합쳐야 겨우 악귀 한명을 물리칠까 말까 한 수준. 코마 상태에서 깨어나는 것을 조건으로 악귀 사냥꾼 임무를 맡게 된 이들은 그야말로 목숨 내놓고 일하는 힘들고 더럽고 어려운 3D 업종으로 매사가 짠 내 나기 그지없다.",
                "sentenceSize": 231
            },
            {
                "sentenceNo": 3,
                "sentenceContent": "후임을 구하기도 쉽지 않다.",
                "sentenceSize": 15
            },
            {
                "sentenceNo": 4,
                "sentenceContent": "남을 위해 위험을 감내할 만큼 선한 마음을 지닌 자를 찾는 것도 어려울뿐더러 애써 권해도 그쪽에서 먼저 거절하기 일쑤다.",
                "sentenceSize": 67
            },
            {
                "sentenceNo": 5,
                "sentenceContent": "누가 알아주는 일도 아니요, 빛이 나는 일은 더더욱 아니기에 묵묵히 외로운 싸움을 이어갈 뿐이다.",
                "sentenceSize": 54
            },
            {
                "sentenceNo": 6,
                "sentenceContent": "철중(성지루)의 빈자리를 채우기 위해 신입 카운터로 합류한 소문(조병규)의 상황은 더욱 열악하다.",
                "sentenceSize": 54
            },
            {
                "sentenceNo": 7,
                "sentenceContent": "7년 전 교통사고로 부모님을 잃고 한쪽 다리를 쓸 수 없게 된 터였다.",
                "sentenceSize": 39
            },
            {
                "sentenceNo": 8,
                "sentenceContent": "다른 사람들처럼 코마 상태에 있었던 것도 아니었으나 그저 부모님을 볼 수 있게 해준다는 말에 물불 가리지 않고 뛰어들었다.",
                "sentenceSize": 68
            },
            {
                "sentenceNo": 9,
                "sentenceContent": "그렇게 부모님을 죽인 악귀를 찾아 복수에 한 발짝 다가섰지만 카운터 자격을 박탈당하고 만다.",
                "sentenceSize": 51
            },
            {
                "sentenceNo": 10,
                "sentenceContent": "그의 파트너인 위겐(문숙)이 “소문의 복수심이 때때로 살해 충동으로 이어진다”며 “하늘의 힘을 가진 사람이 그런 마음을 갖는 것은 악귀나 다름없다”고 자격 박탈을 요청한 탓이다.",
                "sentenceSize": 99
            },
            {
                "sentenceNo": 11,
                "sentenceContent": "카운터로 활동하는 동안 맘껏 걷고 뛰며 자유를 맛본 그는 다시 다리를 절뚝거리며 일진에게 괴롭힘을 당하는 비참한 신세로 돌아간다.",
                "sentenceSize": 72
            },
            {
                "sentenceNo": 12,
                "sentenceContent": "드라마 제작 전부터 원작 웹툰 장이 작가로부터 “내 마음속 캐스팅 1순위”로 꼽힌 조병규(25)는 소문 역을 실감 나게 소화한다.",
                "sentenceSize": 72
            },
            {
                "sentenceNo": 13,
                "sentenceContent": "스피드와 점프가 특기인 캐릭터를 위해 10㎏을 감량한 그는 날렵한 액션 연기를 선보인다.",
                "sentenceSize": 49
            },
            {
                "sentenceNo": 14,
                "sentenceContent": "학교 안에선 위축돼 있다가도 밖에 나오면 눈빛부터 돌변한다.",
                "sentenceSize": 33
            },
            {
                "sentenceNo": 15,
                "sentenceContent": "선한 마음과 복수심, 불안함과 두려움이 뒤엉켜 엄청난 폭발력을 자랑하는 것이다.",
                "sentenceSize": 44
            },
            {
                "sentenceNo": 16,
                "sentenceContent": "악귀를 잡기 위해서라면 단독 행동도 불사하는 탓에 다른 카운터들도 덩달아 바빠졌지만 그를 미워하기는커녕 끔찍이 아낀다.",
                "sentenceSize": 66
            },
            {
                "sentenceNo": 17,
                "sentenceContent": "가모탁(유준상)에게는 동료 형사의 아들이자 함께 괴력을 발휘할 동료이고, 치유력을 지닌 추매옥(염혜란)에게는 먼저 세상을 떠난 아들 같은 존재이며, 악귀 감지 및 사이코메트리 능력을 갖춘 도하나(김세정)에게는 지키지 못한 동생 같은 아이이기 때문이다.",
                "sentenceSize": 140
            },
            {
                "sentenceNo": 18,
                "sentenceContent": "조병규는 첫 주연작이라는 타이틀이 무색하게 제 몫을 톡톡히 해낸다.",
                "sentenceSize": 37
            },
            {
                "sentenceNo": 19,
                "sentenceContent": "가모탁과 그의 여자친구였던 김정영(최윤영)과 공조해 사건을 파헤칠 때는 제법 형사 냄새도 나고, 도하나에게 “위로는 받아만 봐서 할 줄은 모른다”며 서툴게 진심을 전할 땐 청춘물 느낌도 난다.",
                "sentenceSize": 107
            },
            {
                "sentenceNo": 20,
                "sentenceContent": "JTBC ‘SKY 캐슬’(2018~2019)에서 함께 호흡을 맞췄던 임주연 역의 이지원과는 아래로 10살 차이, 김웅민 역의 김은수와는 위로 5살 차이지만 삼총사로 어울리는 모습이 전혀 어색하지 않다.",
                "sentenceSize": 112
            },
            {
                "sentenceNo": 21,
                "sentenceContent": "국숫집 사장 추매옥을 살뜰히 살피고 외할아버지와 외할머니 마음마저 헤아릴 때면 영락없는 가족극으로 서로 다른 장르를 자연스레 넘나들며 이를 하나로 봉합하는 역할을 한다.",
                "sentenceSize": 94
            },
            {
                "sentenceNo": 22,
                "sentenceContent": "웬만한 내공 없이는 불가능한 일이다.",
                "sentenceSize": 20
            },
            {
                "sentenceNo": 23,
                "sentenceContent": "이는 2015년 데뷔 이후 70여편에 달하는 작품에서 활약해온 덕분이기도 하다.",
                "sentenceSize": 44
            },
            {
                "sentenceNo": 24,
                "sentenceContent": "배우를 꿈꾸며 안양예고 연극영화과를 졸업하고 서울예대 공연학부에 진학한 그는 KBS2 ‘후아유-학교 2015’로 데뷔 이후 닥치는 대로 필모그래피를 채워나갔다.",
                "sentenceSize": 89
            },
            {
                "sentenceNo": 25,
                "sentenceContent": "연극ㆍ뮤지컬ㆍ독립영화 등 장르도 가리지 않았다.",
                "sentenceSize": 26
            },
            {
                "sentenceNo": 26,
                "sentenceContent": "행여 “일이 끊기지 않을까” 하는 불안감이 그를 다작 배우로 키운 것. 나이와 경력에 비해 압도적으로 다양한 작품에 참여한 경력은 곧 그의 경쟁력이 됐다. ‘SKY 캐슬’에서 반항적인 쌍둥이 동생 차기준 역으로 주목받으면서 ‘음주가무’ 시즌 1, 2(2017, 2018) 등 그가 출연한 웹드라마가 화제가 되기도 했다.",
                "sentenceSize": 178
            },
            {
                "sentenceNo": 27,
                "sentenceContent": "그는 최근 인터뷰에서도 “휴식시간이 생기면 오히려 괴롭다. 좋은 작품이나 하고픈 역할을 체력적인 한계로 놓치고 싶지 않았다”며 변치 않은 욕심을 밝혔다. ‘스토브리그’(2019~2020)의 금수저 운영팀원 한재희까지 연타석 홈런을 날리며 SBS 연기대상에서 신인상까지 거머쥐게 됐지만 그의 삶은 별로 달라진 게 없다. “어렵지 않게 다음 작품을 할 수 있겠다”는 보험을 얻고, 부모님께 받는 용돈이 1주일에 25만원으로 올랐을 뿐이다.",
                "sentenceSize": 243
            },
            {
                "sentenceNo": 28,
                "sentenceContent": "그는 여전히 새로움에 대한 갈증을 느낀다.",
                "sentenceSize": 23
            },
            {
                "sentenceNo": 29,
                "sentenceContent": "다음 달 개봉을 앞둔 독립영화 ‘이 안에 외계인이 있다’ 역시 웹드라마 ‘독고 리와인드’(2018)를 함께 했던 최은종 감독과 다시 머리를 맞댄 작품. 한번 뜨고 나면 안정적인 선택을 하기 마련인데 배우로서 도전할 수 있는 여지가 있다면 얼마든지 모험을 감수할 준비가 되어있는 것이다.",
                "sentenceSize": 159
            },
            {
                "sentenceNo": 30,
                "sentenceContent": "이 정도 페이스로 꾸준히 달려나간다면 앞으로 5년 후의 조병규는 어떤 모습이 되어있을까.",
                "sentenceSize": 49
            },
            {
                "sentenceNo": 31,
                "sentenceContent": "동년배 10년 차 배우들과는 전혀 다른 밀도를 자랑하고 있지 않을까.",
                "sentenceSize": 38
            }
        ]
    },
    "labeledDataInfo": {
        "processSentenceInfo": [
            {
                "sentenceNo": 1,
                "sentenceContent": "OCN 토일드라마 ‘경이로운 소문’은 독특한 드라마다.",
                "subjectConsistencyYn": "Y"
            },
            {
                "sentenceNo": 2,
                "sentenceContent": "통상 히어로물이라 하면 ‘어벤져스’처럼 엄청난 초능력을 가진 캐릭터들이 나와 저마다의 능력을 뽐내기 마련이지만 ‘경이로운 소문’에서는 보통 사람보다 2~3배의 힘을 지닌 ‘카운터즈’ 서너명이 힘을 합쳐야 겨우 악귀 한명을 물리칠까 말까 한 수준. 코마 상태에서 깨어나는 것을 조건으로 악귀 사냥꾼 임무를 맡게 된 이들은 그야말로 목숨 내놓고 일하는 힘들고 더럽고 어려운 3D 업종으로 매사가 짠 내 나기 그지없다.",
                "subjectConsistencyYn": "Y"
            },
            {
                "sentenceNo": 3,
                "sentenceContent": "후임을 구하기도 쉽지 않다.",
                "subjectConsistencyYn": "Y"
            },
            {
                "sentenceNo": 4,
                "sentenceContent": "남을 위해 위험을 감내할 만큼 선한 마음을 지닌 자를 찾는 것도 어려울뿐더러 애써 권해도 그쪽에서 먼저 거절하기 일쑤다.",
                "subjectConsistencyYn": "Y"
            },
            {
                "sentenceNo": 5,
                "sentenceContent": "누가 알아주는 일도 아니요, 빛이 나는 일은 더더욱 아니기에 묵묵히 외로운 싸움을 이어갈 뿐이다.",
                "subjectConsistencyYn": "Y"
            },
            {
                "sentenceNo": 6,
                "sentenceContent": "철중(성지루)의 빈자리를 채우기 위해 신입 카운터로 합류한 소문(조병규)의 상황은 더욱 열악하다.",
                "subjectConsistencyYn": "Y"
            },
            {
                "sentenceNo": 7,
                "sentenceContent": "7년 전 교통사고로 부모님을 잃고 한쪽 다리를 쓸 수 없게 된 터였다.",
                "subjectConsistencyYn": "Y"
            },
            {
                "sentenceNo": 8,
                "sentenceContent": "다른 사람들처럼 코마 상태에 있었던 것도 아니었으나 그저 부모님을 볼 수 있게 해준다는 말에 물불 가리지 않고 뛰어들었다.",
                "subjectConsistencyYn": "Y"
            },
            {
                "sentenceNo": 9,
                "sentenceContent": "그렇게 부모님을 죽인 악귀를 찾아 복수에 한 발짝 다가섰지만 카운터 자격을 박탈당하고 만다.",
                "subjectConsistencyYn": "Y"
            },
            {
                "sentenceNo": 10,
                "sentenceContent": "그의 파트너인 위겐(문숙)이 “소문의 복수심이 때때로 살해 충동으로 이어진다”며 “하늘의 힘을 가진 사람이 그런 마음을 갖는 것은 악귀나 다름없다”고 자격 박탈을 요청한 탓이다.",
                "subjectConsistencyYn": "Y"
            },
            {
                "sentenceNo": 11,
                "sentenceContent": "카운터로 활동하는 동안 맘껏 걷고 뛰며 자유를 맛본 그는 다시 다리를 절뚝거리며 일진에게 괴롭힘을 당하는 비참한 신세로 돌아간다.",
                "subjectConsistencyYn": "Y"
            },
            {
                "sentenceNo": 12,
                "sentenceContent": "드라마 제작 전부터 원작 웹툰 장이 작가로부터 “내 마음속 캐스팅 1순위”로 꼽힌 조병규(25)는 소문 역을 실감 나게 소화한다.",
                "subjectConsistencyYn": "Y"
            },
            {
                "sentenceNo": 13,
                "sentenceContent": "스피드와 점프가 특기인 캐릭터를 위해 10㎏을 감량한 그는 날렵한 액션 연기를 선보인다.",
                "subjectConsistencyYn": "Y"
            },
            {
                "sentenceNo": 14,
                "sentenceContent": "학교 안에선 위축돼 있다가도 밖에 나오면 눈빛부터 돌변한다.",
                "subjectConsistencyYn": "Y"
            },
            {
                "sentenceNo": 15,
                "sentenceContent": "선한 마음과 복수심, 불안함과 두려움이 뒤엉켜 엄청난 폭발력을 자랑하는 것이다.",
                "subjectConsistencyYn": "Y"
            },
            {
                "sentenceNo": 16,
                "sentenceContent": "악귀를 잡기 위해서라면 단독 행동도 불사하는 탓에 다른 카운터들도 덩달아 바빠졌지만 그를 미워하기는커녕 끔찍이 아낀다.",
                "subjectConsistencyYn": "Y"
            },
            {
                "sentenceNo": 17,
                "sentenceContent": "가모탁(유준상)에게는 동료 형사의 아들이자 함께 괴력을 발휘할 동료이고, 치유력을 지닌 추매옥(염혜란)에게는 먼저 세상을 떠난 아들 같은 존재이며, 악귀 감지 및 사이코메트리 능력을 갖춘 도하나(김세정)에게는 지키지 못한 동생 같은 아이이기 때문이다.",
                "subjectConsistencyYn": "Y"
            },
            {
                "sentenceNo": 18,
                "sentenceContent": "조병규는 첫 주연작이라는 타이틀이 무색하게 제 몫을 톡톡히 해낸다.",
                "subjectConsistencyYn": "Y"
            },
            {
                "sentenceNo": 19,
                "sentenceContent": "가모탁과 그의 여자친구였던 김정영(최윤영)과 공조해 사건을 파헤칠 때는 제법 형사 냄새도 나고, 도하나에게 “위로는 받아만 봐서 할 줄은 모른다”며 서툴게 진심을 전할 땐 청춘물 느낌도 난다.",
                "subjectConsistencyYn": "Y"
            },
            {
                "sentenceNo": 20,
                "sentenceContent": "JTBC ‘SKY 캐슬’(2018~2019)에서 함께 호흡을 맞췄던 임주연 역의 이지원과는 아래로 10살 차이, 김웅민 역의 김은수와는 위로 5살 차이지만 삼총사로 어울리는 모습이 전혀 어색하지 않다.",
                "subjectConsistencyYn": "Y"
            },
            {
                "sentenceNo": 21,
                "sentenceContent": "국숫집 사장 추매옥을 살뜰히 살피고 외할아버지와 외할머니 마음마저 헤아릴 때면 영락없는 가족극으로 서로 다른 장르를 자연스레 넘나들며 이를 하나로 봉합하는 역할을 한다.",
                "subjectConsistencyYn": "Y"
            },
            {
                "sentenceNo": 22,
                "sentenceContent": "웬만한 내공 없이는 불가능한 일이다.",
                "subjectConsistencyYn": "Y"
            },
            {
                "sentenceNo": 23,
                "sentenceContent": "이는 2015년 데뷔 이후 70여편에 달하는 작품에서 활약해온 덕분이기도 하다.",
                "subjectConsistencyYn": "Y"
            },
            {
                "sentenceNo": 24,
                "sentenceContent": "배우를 꿈꾸며 안양예고 연극영화과를 졸업하고 서울예대 공연학부에 진학한 그는 KBS2 ‘후아유-학교 2015’로 데뷔 이후 닥치는 대로 필모그래피를 채워나갔다.",
                "subjectConsistencyYn": "Y"
            },
            {
                "sentenceNo": 25,
                "sentenceContent": "연극ㆍ뮤지컬ㆍ독립영화 등 장르도 가리지 않았다.",
                "subjectConsistencyYn": "Y"
            },
            {
                "sentenceNo": 26,
                "sentenceContent": "행여 “일이 끊기지 않을까” 하는 불안감이 그를 다작 배우로 키운 것. 나이와 경력에 비해 압도적으로 다양한 작품에 참여한 경력은 곧 그의 경쟁력이 됐다. ‘SKY 캐슬’에서 반항적인 쌍둥이 동생 차기준 역으로 주목받으면서 ‘음주가무’ 시즌 1, 2(2017, 2018) 등 그가 출연한 웹드라마가 화제가 되기도 했다.",
                "subjectConsistencyYn": "Y"
            },
            {
                "sentenceNo": 27,
                "sentenceContent": "그는 최근 인터뷰에서도 “휴식시간이 생기면 오히려 괴롭다. 좋은 작품이나 하고픈 역할을 체력적인 한계로 놓치고 싶지 않았다”며 변치 않은 욕심을 밝혔다. ‘스토브리그’(2019~2020)의 금수저 운영팀원 한재희까지 연타석 홈런을 날리며 SBS 연기대상에서 신인상까지 거머쥐게 됐지만 그의 삶은 별로 달라진 게 없다. “어렵지 않게 다음 작품을 할 수 있겠다”는 보험을 얻고, 부모님께 받는 용돈이 1주일에 25만원으로 올랐을 뿐이다.",
                "subjectConsistencyYn": "Y"
            },
            {
                "sentenceNo": 28,
                "sentenceContent": "그는 여전히 새로움에 대한 갈증을 느낀다.",
                "subjectConsistencyYn": "Y"
            },
            {
                "sentenceNo": 29,
                "sentenceContent": "다음 달 개봉을 앞둔 독립영화 ‘이 안에 외계인이 있다’ 역시 웹드라마 ‘독고 리와인드’(2018)를 함께 했던 최은종 감독과 다시 머리를 맞댄 작품. 한번 뜨고 나면 안정적인 선택을 하기 마련인데 배우로서 도전할 수 있는 여지가 있다면 얼마든지 모험을 감수할 준비가 되어있는 것이다.",
                "subjectConsistencyYn": "Y"
            },
            {
                "sentenceNo": 30,
                "sentenceContent": "이 정도 페이스로 꾸준히 달려나간다면 앞으로 5년 후의 조병규는 어떤 모습이 되어있을까.",
                "subjectConsistencyYn": "Y"
            },
            {
                "sentenceNo": 31,
                "sentenceContent": "동년배 10년 차 배우들과는 전혀 다른 밀도를 자랑하고 있지 않을까.",
                "subjectConsistencyYn": "Y"
            },
            {
                "sentenceNo": 32,
                "sentenceContent": "또한, TV 드라마로 공전의 히트를 친 '경이로운 소문'은 뮤지컬 '놀라운 소문' 제작을 발표하며, 캐스팅 라인업도 공개했다.",
                "subjectConsistencyYn": "N"
            },
            {
                "sentenceNo": 33,
                "sentenceContent": "9일 뮤지컬 '놀라운 소문'의 제작사 EMK 뮤지컬컴퍼니(이하 EMK)는 감각적인 티저 영상과 함께 2023년 1월 월드 프리미어 무대에 오를 배우 캐스팅 라인업을 함께 공개해 작품에 대한 기대를 최대치로 끌어올렸다.",
                "subjectConsistencyYn": "N"
            },
            {
                "sentenceNo": 34,
                "sentenceContent": "2023년 1월, 대한민국 공연 예술을 대표하는 극장으로 불리는 예술의전당 오페라극장에서 전관 개관 30주년 기념작으로 월드 프리미어로 상연될 뮤지컬 '놀라운 소문'은 뮤지컬 극작가 미하엘 쿤체와 작곡가 실베스터 르베이의 거장 콤비를 비롯해 전 세계 톱클래스의 크리에이티브가 모두 모인 대작인 만큼, 그 영광의 무대에 오를 캐스팅 라인업에도 초미의 관심이 집중된다.",
                "subjectConsistencyYn": "N"
            },
            {
                "sentenceNo": 35,
                "sentenceContent": "뮤지컬 '놀라운 소문'은 오는 15일 오후 3시 예술의전당 예매 사이트와 16일 오전 11시 멜론 티켓, 인터파크 티켓에서 대망의 프리뷰 티켓 오픈을 진행하며, 2023년 1월 12일 예술의전당 오페라극장에서 월드 프리미어로 상연된다.",
                "subjectConsistencyYn": "N"
            }
        ],
        "clickbaitClass": 0
    }
}