{
    "sourceDataInfo": {
        "newsID": "ET_M03_627333",
        "newsCategory": "연예",
        "newsSubcategory": "연예가화제",
        "newsTitle": "SNL에 등장한 새 캐릭터 ‘정눈알’ ‘쩐유라’",
        "newsSubTitle": "",
        "newsContent": "개그맨 김민교가 연기한 ‘정눈알’과 ‘쩐유라’가 개그프로그램의 새로운 캐릭터로 떠올랐다.\n김민교는 최근 방송된 tvN ‘SNL 코리아 시즌9(SNL9)’ 오프닝에서 ‘정눈알’로 변신했다.\n정눈알은 최순실씨의 딸 정유라씨를 패러디한 가상의 인물로, 귀국 당시 인터뷰한 모습을 극화했다.\n이 상황극에서 정눈알은 정씨의 당시 인터뷰에서 화제가 됐던 “죄송합니다” “잘 모르겠습니다” “어린 마음에 욱해서 한 거고 죄송합니다” 등을 녹여냈다. ‘전공이 연기냐. 분장이냐’는 질문에는 “처음부터 전공 잘 모르고, 저는 분장인지 연기인지…죄송합니다. 잘 모르겠습니다”고 사과했다.\n이어 ‘눈알도 실력이냐’는 질문에는 “그때는 눈알끼리 다툼이 있어서 어린 마음에 욱해서 한 거고 죄송하다”고 했다.\n본 프로그램 중 ‘미운 우리 프로듀스 101 시즌2’에서 김민교는 ‘쩐유라’와 그의 모친 ‘시리’, ‘문재수’, 이들을 지켜보는 ‘박수홍 모친’까지 1인4역을 연기했다.\n상황극에서 쩐유라는 “주특기가 보컬인지 댄스인지 관심없고, 좀 억울하고, 기획사 들어갈 생각도 없었고, 요즘 막 퍼즐을 좀 맞춰봤는데도 잘 안 맞춰지고, 할 줄 아는 게 뭔지 잘 모르겠다”고 말하며 주변을 웃겼다.",
        "partNum": "P2",
        "useType": 0,
        "processType": "D",
        "processPattern": "23",
        "processLevel": "중",
        "sentenceCount": 7,
        "processSentencenum": 3,
        "sentenceInfo": [
            {
                "sentenceNo": 1,
                "sentenceContent": "개그맨 김민교가 연기한 ‘정눈알’과 ‘쩐유라’가 개그프로그램의 새로운 캐릭터로 떠올랐다.",
                "sentenceSize": 49
            },
            {
                "sentenceNo": 2,
                "sentenceContent": "김민교는 최근 방송된 tvN ‘SNL 코리아 시즌9(SNL9)’ 오프닝에서 ‘정눈알’로 변신했다.",
                "sentenceSize": 54
            },
            {
                "sentenceNo": 3,
                "sentenceContent": "정눈알은 최순실씨의 딸 정유라씨를 패러디한 가상의 인물로, 귀국 당시 인터뷰한 모습을 극화했다.",
                "sentenceSize": 53
            },
            {
                "sentenceNo": 4,
                "sentenceContent": "이 상황극에서 정눈알은 정씨의 당시 인터뷰에서 화제가 됐던 “죄송합니다” “잘 모르겠습니다” “어린 마음에 욱해서 한 거고 죄송합니다” 등을 녹여냈다. ‘전공이 연기냐. 분장이냐’는 질문에는 “처음부터 전공 잘 모르고, 저는 분장인지 연기인지…죄송합니다. 잘 모르겠습니다”고 사과했다.",
                "sentenceSize": 159
            },
            {
                "sentenceNo": 5,
                "sentenceContent": "이어 ‘눈알도 실력이냐’는 질문에는 “그때는 눈알끼리 다툼이 있어서 어린 마음에 욱해서 한 거고 죄송하다”고 했다.",
                "sentenceSize": 64
            },
            {
                "sentenceNo": 6,
                "sentenceContent": "본 프로그램 중 ‘미운 우리 프로듀스 101 시즌2’에서 김민교는 ‘쩐유라’와 그의 모친 ‘시리’, ‘문재수’, 이들을 지켜보는 ‘박수홍 모친’까지 1인4역을 연기했다.",
                "sentenceSize": 94
            },
            {
                "sentenceNo": 7,
                "sentenceContent": "상황극에서 쩐유라는 “주특기가 보컬인지 댄스인지 관심없고, 좀 억울하고, 기획사 들어갈 생각도 없었고, 요즘 막 퍼즐을 좀 맞춰봤는데도 잘 안 맞춰지고, 할 줄 아는 게 뭔지 잘 모르겠다”고 말하며 주변을 웃겼다.",
                "sentenceSize": 119
            }
        ]
    },
    "labeledDataInfo": {
        "processSentenceInfo": [
            {
                "sentenceNo": 1,
                "sentenceContent": "개그맨 김민교가 연기한 ‘정눈알’과 ‘쩐유라’가 개그프로그램의 새로운 캐릭터로 떠올랐다.",
                "subjectConsistencyYn": "Y"
            },
            {
                "sentenceNo": 2,
                "sentenceContent": "김민교는 최근 방송된 tvN ‘SNL 코리아 시즌9(SNL9)’ 오프닝에서 ‘정눈알’로 변신했다.",
                "subjectConsistencyYn": "Y"
            },
            {
                "sentenceNo": 3,
                "sentenceContent": "정눈알은 최순실씨의 딸 정유라씨를 패러디한 가상의 인물로, 귀국 당시 인터뷰한 모습을 극화했다.",
                "subjectConsistencyYn": "Y"
            },
            {
                "sentenceNo": 4,
                "sentenceContent": "이 상황극에서 정눈알은 정씨의 당시 인터뷰에서 화제가 됐던 “죄송합니다” “잘 모르겠습니다” “어린 마음에 욱해서 한 거고 죄송합니다” 등을 녹여냈다. ‘전공이 연기냐. 분장이냐’는 질문에는 “처음부터 전공 잘 모르고, 저는 분장인지 연기인지…죄송합니다. 잘 모르겠습니다”고 사과했다.",
                "subjectConsistencyYn": "Y"
            },
            {
                "sentenceNo": 5,
                "sentenceContent": "이어 ‘눈알도 실력이냐’는 질문에는 “그때는 눈알끼리 다툼이 있어서 어린 마음에 욱해서 한 거고 죄송하다”고 했다.",
                "subjectConsistencyYn": "Y"
            },
            {
                "sentenceNo": 6,
                "sentenceContent": "본 프로그램 중 ‘미운 우리 프로듀스 101 시즌2’에서 김민교는 ‘쩐유라’와 그의 모친 ‘시리’, ‘문재수’, 이들을 지켜보는 ‘박수홍 모친’까지 1인4역을 연기했다.",
                "subjectConsistencyYn": "Y"
            },
            {
                "sentenceNo": 7,
                "sentenceContent": "상황극에서 쩐유라는 “주특기가 보컬인지 댄스인지 관심없고, 좀 억울하고, 기획사 들어갈 생각도 없었고, 요즘 막 퍼즐을 좀 맞춰봤는데도 잘 안 맞춰지고, 할 줄 아는 게 뭔지 잘 모르겠다”고 말하며 주변을 웃겼다.",
                "subjectConsistencyYn": "Y"
            },
            {
                "sentenceNo": 8,
                "sentenceContent": "한편, 쿠팡 플레이에서는 김민교의 감칠맛 나는 1인4역 연기를 볼 수 있는 SNL 코리아 시즌9 단독 스트리밍 서비스를 제공한다고 밝혔다.",
                "subjectConsistencyYn": "N"
            },
            {
                "sentenceNo": 9,
                "sentenceContent": "쿠팡 플레이는 쿠팡의 유료 회원으로 가입하면 이용할 수 있는 서비스로, 2만여 편의 영화, 드라마, 애니메이션 VOD와 현재 방송하고 있는 예능 프로그램을 무제한으로 이용할 수 있다.",
                "subjectConsistencyYn": "N"
            },
            {
                "sentenceNo": 10,
                "sentenceContent": "SNL 코리아 시즌9 역시 쿠팡 플레이를 통해 전 회차 공개되며, 이를 보기 위해서는 쿠팡 유료 회원인 로켓 회원으로 가입하면 된다.",
                "subjectConsistencyYn": "N"
            }
        ],
        "clickbaitClass": 0
    }
}