{
    "sourceDataInfo": {
        "newsID": "ET_M03_627842",
        "newsCategory": "연예",
        "newsSubcategory": "연예가화제",
        "newsTitle": "'식사하셨어요' 홍진영, 하루 스케줄은 몇 개?…\\\"365일 행사\\\"",
        "newsSubTitle": "",
        "newsContent": "'식사하셨어요 홍진영' 식사하셨어요 홍진영, '살벌한' 스케쥴 공개 … \\\"하루 행사 6~7개?\\\" '대박' 홍진영의 바쁜 스케쥴이 화제다.\n30일 오전 SBS '잘 먹고 잘 사는 법, 식사하셨어요?'(이하 '식사하셨어요')는 요리연구가 임지호와 스페셜 MC 김규리의 진행으로 방송됐다.\n이날에는 트로트가수 홍진영이 초대되었다.\n이날 홍진영은 '식사하셨어요'에 출연하는 것에 대해 여유롭게 1박 2일 여행을 할 수 있을 것 같다며 들뜬 모습이었다.\n홍진영은 \\\"사실 행사나 공연을 가도 이렇게 즐길 시간이 없다. 항상 공연장 바로 옆에 차를 세워두고 공연을 하고 다시 돌아온다\\\"고 즐길 여유가 없는 빡빡한 스케줄에 대해 털어놓았다.\n또한 홍진영은 \\\"나는 365일 늘 행사철이다. 많은면 하루에 행사를 6~7개 씩 한다. 그래서 여행을 갈 시간이 없다\\\"고 설명했다.\n한편 '잘 먹고 잘사는 법, 식사하셨어요?'는 지난 2014년 4월 26일 첫 방송 이래 배우 김혜수, 이선균, 황정민 등 최고의 스타들을 섭외해 주목을 받았다.",
        "partNum": "P2",
        "useType": 0,
        "processType": "D",
        "processPattern": "23",
        "processLevel": "중",
        "sentenceCount": 7,
        "processSentencenum": 2,
        "sentenceInfo": [
            {
                "sentenceNo": 1,
                "sentenceContent": "'식사하셨어요 홍진영' 식사하셨어요 홍진영, '살벌한' 스케쥴 공개 … \\\"하루 행사 6~7개?\\\" '대박' 홍진영의 바쁜 스케쥴이 화제다.",
                "sentenceSize": 78
            },
            {
                "sentenceNo": 2,
                "sentenceContent": "30일 오전 SBS '잘 먹고 잘 사는 법, 식사하셨어요?'(이하 '식사하셨어요')는 요리연구가 임지호와 스페셜 MC 김규리의 진행으로 방송됐다.",
                "sentenceSize": 81
            },
            {
                "sentenceNo": 3,
                "sentenceContent": "이날에는 트로트가수 홍진영이 초대되었다.",
                "sentenceSize": 22
            },
            {
                "sentenceNo": 4,
                "sentenceContent": "이날 홍진영은 '식사하셨어요'에 출연하는 것에 대해 여유롭게 1박 2일 여행을 할 수 있을 것 같다며 들뜬 모습이었다.",
                "sentenceSize": 66
            },
            {
                "sentenceNo": 5,
                "sentenceContent": "홍진영은 \\\"사실 행사나 공연을 가도 이렇게 즐길 시간이 없다. 항상 공연장 바로 옆에 차를 세워두고 공연을 하고 다시 돌아온다\\\"고 즐길 여유가 없는 빡빡한 스케줄에 대해 털어놓았다.",
                "sentenceSize": 103
            },
            {
                "sentenceNo": 6,
                "sentenceContent": "또한 홍진영은 \\\"나는 365일 늘 행사철이다. 많은면 하루에 행사를 6~7개 씩 한다. 그래서 여행을 갈 시간이 없다\\\"고 설명했다.",
                "sentenceSize": 75
            },
            {
                "sentenceNo": 7,
                "sentenceContent": "한편 '잘 먹고 잘사는 법, 식사하셨어요?'는 지난 2014년 4월 26일 첫 방송 이래 배우 김혜수, 이선균, 황정민 등 최고의 스타들을 섭외해 주목을 받았다.",
                "sentenceSize": 90
            }
        ]
    },
    "labeledDataInfo": {
        "processSentenceInfo": [
            {
                "sentenceNo": 1,
                "sentenceContent": "'식사하셨어요 홍진영' 식사하셨어요 홍진영, '살벌한' 스케쥴 공개 … \\\"하루 행사 6~7개?\\\" '대박' 홍진영의 바쁜 스케쥴이 화제다.",
                "subjectConsistencyYn": "Y"
            },
            {
                "sentenceNo": 2,
                "sentenceContent": "30일 오전 SBS '잘 먹고 잘 사는 법, 식사하셨어요?'(이하 '식사하셨어요')는 요리연구가 임지호와 스페셜 MC 김규리의 진행으로 방송됐다.",
                "subjectConsistencyYn": "Y"
            },
            {
                "sentenceNo": 3,
                "sentenceContent": "이날에는 트로트가수 홍진영이 초대되었다.",
                "subjectConsistencyYn": "Y"
            },
            {
                "sentenceNo": 4,
                "sentenceContent": "이날 홍진영은 '식사하셨어요'에 출연하는 것에 대해 여유롭게 1박 2일 여행을 할 수 있을 것 같다며 들뜬 모습이었다.",
                "subjectConsistencyYn": "Y"
            },
            {
                "sentenceNo": 5,
                "sentenceContent": "홍진영은 \\\"사실 행사나 공연을 가도 이렇게 즐길 시간이 없다. 항상 공연장 바로 옆에 차를 세워두고 공연을 하고 다시 돌아온다\\\"고 즐길 여유가 없는 빡빡한 스케줄에 대해 털어놓았다.",
                "subjectConsistencyYn": "Y"
            },
            {
                "sentenceNo": 6,
                "sentenceContent": "또한 홍진영은 \\\"나는 365일 늘 행사철이다. 많은면 하루에 행사를 6~7개 씩 한다. 그래서 여행을 갈 시간이 없다\\\"고 설명했다.",
                "subjectConsistencyYn": "Y"
            },
            {
                "sentenceNo": 7,
                "sentenceContent": "한편 '잘 먹고 잘사는 법, 식사하셨어요?'는 지난 2014년 4월 26일 첫 방송 이래 배우 김혜수, 이선균, 황정민 등 최고의 스타들을 섭외해 주목을 받았다.",
                "subjectConsistencyYn": "Y"
            },
            {
                "sentenceNo": 8,
                "sentenceContent": "홍진영은 \"영주에 다시 오게 되어 기쁘다며, 5년 전 세계 풍기 인삼 엑스포 때 공연하고 인삼 선물 세트도 받았다\"고 말했다.",
                "subjectConsistencyYn": "N"
            },
            {
                "sentenceNo": 9,
                "sentenceContent": "영주시는 오는 10월 그간 코로나19로 인해 행사 진행이 불가능했던 풍기인삼축제를 5일간 개최한다고 밝혔으며 기존과 차별화된 프로그램을 통해 엑스포를 홍보하고 전통성을 지속할 것이라고 말했으므로 관심이 있는 분들은 '2022 풍기 인삼축제'를 검색해보면 된다.",
                "subjectConsistencyYn": "N"
            }
        ],
        "clickbaitClass": 0
    }
}