{
    "sourceDataInfo": {
        "newsID": "ET_M03_627251",
        "newsCategory": "연예",
        "newsSubcategory": "연예가화제",
        "newsTitle": "개그맨 김준호 이혼…“떨어져 지내며 소원해져”",
        "newsSubTitle": "",
        "newsContent": "개그맨 김준호(42)가 아내 김은영(44)씨와 이혼했다.\n김준호의 소속사 JDB엔터테인먼트는 22일 보도자료를 통해 “김준호가 그간의 결혼 생활을 마무리하기로 결정, 원만한 합의 후 협의 이혼 절차를 마쳤다”고 밝혔다.\n소속사는 “많은 시간 떨어져 지내다 보니 자연스럽게 관계도 소원해지게 됐고 성격 차이도 생겨 부득이하게 서로의 앞날을 위해 이러한 결단을 내리게 됐다”며 “두 사람은 각자의 길을 걷게 됐지만, 서로를 응원하고 있다”고 설명했다.\n그러면서 “(김준호) 본인 역시 행복하게 잘 사는 모습을 보여드리지 못한 점, 많은 분께 송구하게 생각하고 있다”며 “앞으로도 활동에 최선을 다할 예정이니 따뜻한 관심으로 지켜봐 달라”고 했다.\n김준호는 2006년 3월 뮤지컬 배우 출신의 김은영씨와 6년간 열애 끝에 결혼했으나 김씨가 필리핀으로 유학을 가면서 오랜 기간 떨어져 지냈다.\n두 사람 사이에 자녀는 없다.\n김준호는 1996년 SBS 5기 공채 개그맨으로 데뷔 후 현재 KBS 2TV ‘해피선데이-1박2일’과 ‘개그콘서트’ 등에 출연 중이다.",
        "partNum": "P2",
        "useType": 0,
        "processType": "D",
        "processPattern": "23",
        "processLevel": "중",
        "sentenceCount": 7,
        "processSentencenum": 2,
        "sentenceInfo": [
            {
                "sentenceNo": 1,
                "sentenceContent": "개그맨 김준호(42)가 아내 김은영(44)씨와 이혼했다.",
                "sentenceSize": 31
            },
            {
                "sentenceNo": 2,
                "sentenceContent": "김준호의 소속사 JDB엔터테인먼트는 22일 보도자료를 통해 “김준호가 그간의 결혼 생활을 마무리하기로 결정, 원만한 합의 후 협의 이혼 절차를 마쳤다”고 밝혔다.",
                "sentenceSize": 90
            },
            {
                "sentenceNo": 3,
                "sentenceContent": "소속사는 “많은 시간 떨어져 지내다 보니 자연스럽게 관계도 소원해지게 됐고 성격 차이도 생겨 부득이하게 서로의 앞날을 위해 이러한 결단을 내리게 됐다”며 “두 사람은 각자의 길을 걷게 됐지만, 서로를 응원하고 있다”고 설명했다.",
                "sentenceSize": 127
            },
            {
                "sentenceNo": 4,
                "sentenceContent": "그러면서 “(김준호) 본인 역시 행복하게 잘 사는 모습을 보여드리지 못한 점, 많은 분께 송구하게 생각하고 있다”며 “앞으로도 활동에 최선을 다할 예정이니 따뜻한 관심으로 지켜봐 달라”고 했다.",
                "sentenceSize": 108
            },
            {
                "sentenceNo": 5,
                "sentenceContent": "김준호는 2006년 3월 뮤지컬 배우 출신의 김은영씨와 6년간 열애 끝에 결혼했으나 김씨가 필리핀으로 유학을 가면서 오랜 기간 떨어져 지냈다.",
                "sentenceSize": 79
            },
            {
                "sentenceNo": 6,
                "sentenceContent": "두 사람 사이에 자녀는 없다.",
                "sentenceSize": 16
            },
            {
                "sentenceNo": 7,
                "sentenceContent": "김준호는 1996년 SBS 5기 공채 개그맨으로 데뷔 후 현재 KBS 2TV ‘해피선데이-1박2일’과 ‘개그콘서트’ 등에 출연 중이다.",
                "sentenceSize": 75
            }
        ]
    },
    "labeledDataInfo": {
        "processSentenceInfo": [
            {
                "sentenceNo": 1,
                "sentenceContent": "개그맨 김준호(42)가 아내 김은영(44)씨와 이혼했다.",
                "subjectConsistencyYn": "Y"
            },
            {
                "sentenceNo": 2,
                "sentenceContent": "김준호의 소속사 JDB엔터테인먼트는 22일 보도자료를 통해 “김준호가 그간의 결혼 생활을 마무리하기로 결정, 원만한 합의 후 협의 이혼 절차를 마쳤다”고 밝혔다.",
                "subjectConsistencyYn": "Y"
            },
            {
                "sentenceNo": 3,
                "sentenceContent": "소속사는 “많은 시간 떨어져 지내다 보니 자연스럽게 관계도 소원해지게 됐고 성격 차이도 생겨 부득이하게 서로의 앞날을 위해 이러한 결단을 내리게 됐다”며 “두 사람은 각자의 길을 걷게 됐지만, 서로를 응원하고 있다”고 설명했다.",
                "subjectConsistencyYn": "Y"
            },
            {
                "sentenceNo": 4,
                "sentenceContent": "그러면서 “(김준호) 본인 역시 행복하게 잘 사는 모습을 보여드리지 못한 점, 많은 분께 송구하게 생각하고 있다”며 “앞으로도 활동에 최선을 다할 예정이니 따뜻한 관심으로 지켜봐 달라”고 했다.",
                "subjectConsistencyYn": "Y"
            },
            {
                "sentenceNo": 5,
                "sentenceContent": "김준호는 2006년 3월 뮤지컬 배우 출신의 김은영씨와 6년간 열애 끝에 결혼했으나 김씨가 필리핀으로 유학을 가면서 오랜 기간 떨어져 지냈다.",
                "subjectConsistencyYn": "Y"
            },
            {
                "sentenceNo": 6,
                "sentenceContent": "두 사람 사이에 자녀는 없다.",
                "subjectConsistencyYn": "Y"
            },
            {
                "sentenceNo": 7,
                "sentenceContent": "김준호는 1996년 SBS 5기 공채 개그맨으로 데뷔 후 현재 KBS 2TV ‘해피선데이-1박2일’과 ‘개그콘서트’ 등에 출연 중이다.",
                "subjectConsistencyYn": "Y"
            },
            {
                "sentenceNo": 8,
                "sentenceContent": "한편, 소속사 전담 변호사를 통해 김준호가 이혼 절차를 밟았는데 이혼전문 변호사 법무법인 심플이 브로커가 없이 변호사들로만 이루어져 변호사들이 처음부터 끝까지 진행하며 변호 비용이 압도적인 가성비로 알려져 눈길을 끌고 있다.",
                "subjectConsistencyYn": "N"
            },
            {
                "sentenceNo": 9,
                "sentenceContent": "이혼조정 변호사 선임비용은 착수금 220만 원으로 성공보수는 따로 없고 네이버 톡톡과 카카오톡으로 가벼운 접근성을 가지고 있어 손쉽게 상담을 진행할 수 있다.",
                "subjectConsistencyYn": "N"
            }
        ],
        "clickbaitClass": 0
    }
}