{
    "sourceDataInfo": {
        "newsID": "ET_M03_627738",
        "newsCategory": "연예",
        "newsSubcategory": "연예가화제",
        "newsTitle": "김미진, ♥깜짝 결혼 발표♥…\\\"예비신랑은 공부 열심히 한 박사\\\"",
        "newsSubTitle": "",
        "newsContent": "쇼핑호스트 김미진(32)이 오는 11월 결혼소식을 알렸다.\n김미진은 10일 방송된 KBS 쿨FM '박명수의 라디오쇼'에 게스트로 출연해 \\\"11월에 결혼한다\\\"고 깜짝 발표를 했다.\n그는 \\\"결혼 두 달 전이면 이야기해도 되지 않나\\\"라며 \\\"예비신랑은 2살 연상이고 공부를 열심히 한 브레인, 박사다\\\"라고 말했다.\n이어 \\\"우리집이 그렇다. 똑똑한 남자를 좋아한다. 소개팅으로 만났다\\\"고 솔직히 털어놔 웃음을 자아냈다.\n이날 김미진은 쇼호스트 직업을 소개하며 \\\"월급으로 유럽 여행 2~3번 다녀올 정도는 된다\\\"고 말해 또 한 번 눈길을 끌었다.\n한편 김미진의 친오빠인 개그맨 김준호가 동생의 남편감에 대해 언급했던 사실도 새삼 화제가 되고 있다.\n김준호는 최근 KBS 쿨FM 에 동생 김미진과 출연해 “을 하면서 조우종과 많이 친해졌지만 내 동생은 그냥 평범한 사람을 만났으면 좋겠다”고 말했다.\n이어 김준호의 동생 김미진 또한 “직장 생활을 하고 제도권 안의 사람이 좋다. 나도 쇼호스트를 하며 스케줄이 들쭉날쭉 하니까 힘들더라. 그래서 그렇지 않은 사람이 좋겠다는 생각이 들었다”고 털어놨다.",
        "partNum": "P2",
        "useType": 0,
        "processType": "D",
        "processPattern": "23",
        "processLevel": "중",
        "sentenceCount": 8,
        "processSentencenum": 4,
        "sentenceInfo": [
            {
                "sentenceNo": 1,
                "sentenceContent": "쇼핑호스트 김미진(32)이 오는 11월 결혼소식을 알렸다.",
                "sentenceSize": 32
            },
            {
                "sentenceNo": 2,
                "sentenceContent": "김미진은 10일 방송된 KBS 쿨FM '박명수의 라디오쇼'에 게스트로 출연해 \\\"11월에 결혼한다\\\"고 깜짝 발표를 했다.",
                "sentenceSize": 68
            },
            {
                "sentenceNo": 3,
                "sentenceContent": "그는 \\\"결혼 두 달 전이면 이야기해도 되지 않나\\\"라며 \\\"예비신랑은 2살 연상이고 공부를 열심히 한 브레인, 박사다\\\"라고 말했다.",
                "sentenceSize": 75
            },
            {
                "sentenceNo": 4,
                "sentenceContent": "이어 \\\"우리집이 그렇다. 똑똑한 남자를 좋아한다. 소개팅으로 만났다\\\"고 솔직히 털어놔 웃음을 자아냈다.",
                "sentenceSize": 59
            },
            {
                "sentenceNo": 5,
                "sentenceContent": "이날 김미진은 쇼호스트 직업을 소개하며 \\\"월급으로 유럽 여행 2~3번 다녀올 정도는 된다\\\"고 말해 또 한 번 눈길을 끌었다.",
                "sentenceSize": 71
            },
            {
                "sentenceNo": 6,
                "sentenceContent": "한편 김미진의 친오빠인 개그맨 김준호가 동생의 남편감에 대해 언급했던 사실도 새삼 화제가 되고 있다.",
                "sentenceSize": 56
            },
            {
                "sentenceNo": 7,
                "sentenceContent": "김준호는 최근 KBS 쿨FM 에 동생 김미진과 출연해 “을 하면서 조우종과 많이 친해졌지만 내 동생은 그냥 평범한 사람을 만났으면 좋겠다”고 말했다.",
                "sentenceSize": 83
            },
            {
                "sentenceNo": 8,
                "sentenceContent": "이어 김준호의 동생 김미진 또한 “직장 생활을 하고 제도권 안의 사람이 좋다. 나도 쇼호스트를 하며 스케줄이 들쭉날쭉 하니까 힘들더라. 그래서 그렇지 않은 사람이 좋겠다는 생각이 들었다”고 털어놨다.",
                "sentenceSize": 111
            }
        ]
    },
    "labeledDataInfo": {
        "processSentenceInfo": [
            {
                "sentenceNo": 1,
                "sentenceContent": "쇼핑호스트 김미진(32)이 오는 11월 결혼소식을 알렸다.",
                "subjectConsistencyYn": "Y"
            },
            {
                "sentenceNo": 2,
                "sentenceContent": "김미진은 10일 방송된 KBS 쿨FM '박명수의 라디오쇼'에 게스트로 출연해 \\\"11월에 결혼한다\\\"고 깜짝 발표를 했다.",
                "subjectConsistencyYn": "Y"
            },
            {
                "sentenceNo": 3,
                "sentenceContent": "그는 \\\"결혼 두 달 전이면 이야기해도 되지 않나\\\"라며 \\\"예비신랑은 2살 연상이고 공부를 열심히 한 브레인, 박사다\\\"라고 말했다.",
                "subjectConsistencyYn": "Y"
            },
            {
                "sentenceNo": 4,
                "sentenceContent": "이어 \\\"우리집이 그렇다. 똑똑한 남자를 좋아한다. 소개팅으로 만났다\\\"고 솔직히 털어놔 웃음을 자아냈다.",
                "subjectConsistencyYn": "Y"
            },
            {
                "sentenceNo": 5,
                "sentenceContent": "이날 김미진은 쇼호스트 직업을 소개하며 \\\"월급으로 유럽 여행 2~3번 다녀올 정도는 된다\\\"고 말해 또 한 번 눈길을 끌었다.",
                "subjectConsistencyYn": "Y"
            },
            {
                "sentenceNo": 6,
                "sentenceContent": "한편 김미진의 친오빠인 개그맨 김준호가 동생의 남편감에 대해 언급했던 사실도 새삼 화제가 되고 있다.",
                "subjectConsistencyYn": "Y"
            },
            {
                "sentenceNo": 7,
                "sentenceContent": "김준호는 최근 KBS 쿨FM 에 동생 김미진과 출연해 “을 하면서 조우종과 많이 친해졌지만 내 동생은 그냥 평범한 사람을 만났으면 좋겠다”고 말했다.",
                "subjectConsistencyYn": "Y"
            },
            {
                "sentenceNo": 8,
                "sentenceContent": "이어 김준호의 동생 김미진 또한 “직장 생활을 하고 제도권 안의 사람이 좋다. 나도 쇼호스트를 하며 스케줄이 들쭉날쭉 하니까 힘들더라. 그래서 그렇지 않은 사람이 좋겠다는 생각이 들었다”고 털어놨다.",
                "subjectConsistencyYn": "Y"
            },
            {
                "sentenceNo": 9,
                "sentenceContent": "소개팅으로 박사 예비신랑을 만났다는 쇼호스트 김미진의 고백에 관심이 집중된 한편, 개인의 니즈에 맞는 결혼 상대자를 찾을 수 있는 결혼정보회사 '듀오'에 대한 관심도 높아지고 있다. ",
                "subjectConsistencyYn": "N"
            },
            {
                "sentenceNo": 10,
                "sentenceContent": "'듀오'는 고객의 특징과 선호도를 고려해 적절한 결혼 상대자를 매칭해주는 서비스로, 업계 1위 다운 체계적인 시스템을 자랑한다. ",
                "subjectConsistencyYn": "N"
            },
            {
                "sentenceNo": 11,
                "sentenceContent": "회원이 제출한 모든 정보는 철저한 검증 절차를 거치며, 만남 중 불만이나 이슈가 발생하는 경우 탈회 등 신속한 조치를 취해 믿고 만남을 진행할 수 있다. ",
                "subjectConsistencyYn": "N"
            },
            {
                "sentenceNo": 12,
                "sentenceContent": "가입 상담을 원하는 경우, 전화 문의 또는 네이버 예약 후 가까운 듀오 지사에 방문하면 된다. ",
                "subjectConsistencyYn": "N"
            }
        ],
        "clickbaitClass": 0
    }
}