{
    "sourceDataInfo": {
        "newsID": "ET_M03_627345",
        "newsCategory": "연예",
        "newsSubcategory": "연예가화제",
        "newsTitle": "\\\"앞머리 있으려면 앞머리 잘라야\\\" 남자들 이해 못하는 여자 '앞머리'",
        "newsSubTitle": "",
        "newsContent": "최근 온라인커뮤니티에는 여성과 남성의 관점 차이를 보여주는 게시물이 올라왔다.\n이 게시물 속 대화 내용을 보면 '앞머리가 있다'의 의미에 대한 생각이 각기 달랐다.\n남자는 '앞머리가 있는 것'이 곧, '앞머리를 기르는 것'이라고 생각했으나, 여자는 '앞머리가 있는 것의 의미는 앞머리를 자르는 것'이라고 설명했다.\n여자들은 앞머리를 잘라야 앞머리가 생긴다는 것을 당연하게 받아들이고 있으나, 남성들은 앞머리를 자르면 앞머리가 없어지는 것이지, 어떻게 생길 수 있는지 의아해 하고 있다는 말이다.\n이를 본 한 남성은 \\\"앞머리가 있는 게 이쁘다는데 왜 자르냐\\\"며 이해를 하지 못했다.\n이에 상대 여성은 \\\"'앞머리 있는 게 이쁘니까 잘라'라고 말해야 맞는 것이다\\\"라고 설명했다.\n그러나 계속되는 설명에도 \\\"앞머리를 자르면 없어지는 것 아니냐\\\"고 의문을 제기했다.\n서로를 이해하지 못하는 상황이 계속되자 보다 못한 한 네티즌은 직접 그림을 그려 설명하기 시작했다.\n그는 대머리 여성, 앞머리가 있는 여성, 앞머리가 없는 여성을 차례로 보여줬다.\n이어 앞머리 부분을 빨갛게 강조하며 \\\"앞머리가 길었습니다. 이 앞머리를 양쪽으로 넘깁니다. 앞머리 없는 여성이 되었습니다!\\\"라고 설명을 덧붙였다.\n이어 앞머리를 자르면 앞머리가 없어지는 것이 아니냐는 의심이 틀린 생각이라는 사실을 알려주기 위해 \\\"(실제로) 앞머리를 자르면 이렇게 됩니다\\\"라고 덧붙이며 앞머리를 민 여성을 표현했다.\n때아닌 '앞머리 논쟁'을 본 네티즌들은 \\\"그림으로 보니까 이제야 이해가 된다\\\" \\\"남자는 앞머리가 있으려면 앞머리를 길러야 한다\\\" \\\"앞머리탈트붕괴현상 온다\\\" 등의 반응을 보였다.",
        "partNum": "P2",
        "useType": 0,
        "processType": "D",
        "processPattern": "23",
        "processLevel": "중",
        "sentenceCount": 12,
        "processSentencenum": 2,
        "sentenceInfo": [
            {
                "sentenceNo": 1,
                "sentenceContent": "최근 온라인커뮤니티에는 여성과 남성의 관점 차이를 보여주는 게시물이 올라왔다.",
                "sentenceSize": 43
            },
            {
                "sentenceNo": 2,
                "sentenceContent": "이 게시물 속 대화 내용을 보면 '앞머리가 있다'의 의미에 대한 생각이 각기 달랐다.",
                "sentenceSize": 47
            },
            {
                "sentenceNo": 3,
                "sentenceContent": "남자는 '앞머리가 있는 것'이 곧, '앞머리를 기르는 것'이라고 생각했으나, 여자는 '앞머리가 있는 것의 의미는 앞머리를 자르는 것'이라고 설명했다.",
                "sentenceSize": 83
            },
            {
                "sentenceNo": 4,
                "sentenceContent": "여자들은 앞머리를 잘라야 앞머리가 생긴다는 것을 당연하게 받아들이고 있으나, 남성들은 앞머리를 자르면 앞머리가 없어지는 것이지, 어떻게 생길 수 있는지 의아해 하고 있다는 말이다.",
                "sentenceSize": 100
            },
            {
                "sentenceNo": 5,
                "sentenceContent": "이를 본 한 남성은 \\\"앞머리가 있는 게 이쁘다는데 왜 자르냐\\\"며 이해를 하지 못했다.",
                "sentenceSize": 49
            },
            {
                "sentenceNo": 6,
                "sentenceContent": "이에 상대 여성은 \\\"'앞머리 있는 게 이쁘니까 잘라'라고 말해야 맞는 것이다\\\"라고 설명했다.",
                "sentenceSize": 53
            },
            {
                "sentenceNo": 7,
                "sentenceContent": "그러나 계속되는 설명에도 \\\"앞머리를 자르면 없어지는 것 아니냐\\\"고 의문을 제기했다.",
                "sentenceSize": 48
            },
            {
                "sentenceNo": 8,
                "sentenceContent": "서로를 이해하지 못하는 상황이 계속되자 보다 못한 한 네티즌은 직접 그림을 그려 설명하기 시작했다.",
                "sentenceSize": 55
            },
            {
                "sentenceNo": 9,
                "sentenceContent": "그는 대머리 여성, 앞머리가 있는 여성, 앞머리가 없는 여성을 차례로 보여줬다.",
                "sentenceSize": 44
            },
            {
                "sentenceNo": 10,
                "sentenceContent": "이어 앞머리 부분을 빨갛게 강조하며 \\\"앞머리가 길었습니다. 이 앞머리를 양쪽으로 넘깁니다. 앞머리 없는 여성이 되었습니다!\\\"라고 설명을 덧붙였다.",
                "sentenceSize": 83
            },
            {
                "sentenceNo": 11,
                "sentenceContent": "이어 앞머리를 자르면 앞머리가 없어지는 것이 아니냐는 의심이 틀린 생각이라는 사실을 알려주기 위해 \\\"(실제로) 앞머리를 자르면 이렇게 됩니다\\\"라고 덧붙이며 앞머리를 민 여성을 표현했다.",
                "sentenceSize": 105
            },
            {
                "sentenceNo": 12,
                "sentenceContent": "때아닌 '앞머리 논쟁'을 본 네티즌들은 \\\"그림으로 보니까 이제야 이해가 된다\\\" \\\"남자는 앞머리가 있으려면 앞머리를 길러야 한다\\\" \\\"앞머리탈트붕괴현상 온다\\\" 등의 반응을 보였다.",
                "sentenceSize": 104
            }
        ]
    },
    "labeledDataInfo": {
        "processSentenceInfo": [
            {
                "sentenceNo": 1,
                "sentenceContent": "최근 온라인커뮤니티에는 여성과 남성의 관점 차이를 보여주는 게시물이 올라왔다.",
                "subjectConsistencyYn": "Y"
            },
            {
                "sentenceNo": 2,
                "sentenceContent": "이 게시물 속 대화 내용을 보면 '앞머리가 있다'의 의미에 대한 생각이 각기 달랐다.",
                "subjectConsistencyYn": "Y"
            },
            {
                "sentenceNo": 3,
                "sentenceContent": "남자는 '앞머리가 있는 것'이 곧, '앞머리를 기르는 것'이라고 생각했으나, 여자는 '앞머리가 있는 것의 의미는 앞머리를 자르는 것'이라고 설명했다.",
                "subjectConsistencyYn": "Y"
            },
            {
                "sentenceNo": 4,
                "sentenceContent": "여자들은 앞머리를 잘라야 앞머리가 생긴다는 것을 당연하게 받아들이고 있으나, 남성들은 앞머리를 자르면 앞머리가 없어지는 것이지, 어떻게 생길 수 있는지 의아해 하고 있다는 말이다.",
                "subjectConsistencyYn": "Y"
            },
            {
                "sentenceNo": 5,
                "sentenceContent": "이를 본 한 남성은 \\\"앞머리가 있는 게 이쁘다는데 왜 자르냐\\\"며 이해를 하지 못했다.",
                "subjectConsistencyYn": "Y"
            },
            {
                "sentenceNo": 6,
                "sentenceContent": "이에 상대 여성은 \\\"'앞머리 있는 게 이쁘니까 잘라'라고 말해야 맞는 것이다\\\"라고 설명했다.",
                "subjectConsistencyYn": "Y"
            },
            {
                "sentenceNo": 7,
                "sentenceContent": "그러나 계속되는 설명에도 \\\"앞머리를 자르면 없어지는 것 아니냐\\\"고 의문을 제기했다.",
                "subjectConsistencyYn": "Y"
            },
            {
                "sentenceNo": 8,
                "sentenceContent": "서로를 이해하지 못하는 상황이 계속되자 보다 못한 한 네티즌은 직접 그림을 그려 설명하기 시작했다.",
                "subjectConsistencyYn": "Y"
            },
            {
                "sentenceNo": 9,
                "sentenceContent": "그는 대머리 여성, 앞머리가 있는 여성, 앞머리가 없는 여성을 차례로 보여줬다.",
                "subjectConsistencyYn": "Y"
            },
            {
                "sentenceNo": 10,
                "sentenceContent": "이어 앞머리 부분을 빨갛게 강조하며 \\\"앞머리가 길었습니다. 이 앞머리를 양쪽으로 넘깁니다. 앞머리 없는 여성이 되었습니다!\\\"라고 설명을 덧붙였다.",
                "subjectConsistencyYn": "Y"
            },
            {
                "sentenceNo": 11,
                "sentenceContent": "이어 앞머리를 자르면 앞머리가 없어지는 것이 아니냐는 의심이 틀린 생각이라는 사실을 알려주기 위해 \\\"(실제로) 앞머리를 자르면 이렇게 됩니다\\\"라고 덧붙이며 앞머리를 민 여성을 표현했다.",
                "subjectConsistencyYn": "Y"
            },
            {
                "sentenceNo": 12,
                "sentenceContent": "때아닌 '앞머리 논쟁'을 본 네티즌들은 \\\"그림으로 보니까 이제야 이해가 된다\\\" \\\"남자는 앞머리가 있으려면 앞머리를 길러야 한다\\\" \\\"앞머리탈트붕괴현상 온다\\\" 등의 반응을 보였다.",
                "subjectConsistencyYn": "Y"
            },
            {
                "sentenceNo": 13,
                "sentenceContent": "여성과 남성의 다른 시각과 생각의 차이가 이처럼 재미있는 에피소드로 전해지면서, 커뮤니티 사이트 모두놀자에서는 남녀의 미묘하게 다른 심리를 잘 파악하고 의사소통을 더 잘하기 위한 남녀 생각 백서 서비스를 제공하기로 했다.",
                "subjectConsistencyYn": "N"
            },
            {
                "sentenceNo": 14,
                "sentenceContent": "해당 서비스는 남자와 여자의 생각 차이가 어떤 이유에서 비롯되는지 뇌 과학 분야의 전문가 견해를 밝히는 한편 심리테스트, 생각 토론방, 가상현실 체험방 등이 제공되며 모두놀자 홈페이지와 전용 앱을 통해 PC와 모바일 두 가지 버전으로 이용할 수 있다. ",
                "subjectConsistencyYn": "N"
            }
        ],
        "clickbaitClass": 0
    }
}