{
    "sourceDataInfo": {
        "newsID": "ET_M03_627621",
        "newsCategory": "연예",
        "newsSubcategory": "연예가화제",
        "newsTitle": "‘여우사이’정형돈, 생방송 도중 고통 호소하는 모습… \\\"투혼 상태였다\\\"",
        "newsSubTitle": "",
        "newsContent": "‘여우사이’정형돈, 생방송 도중 고통 호소하는 모습… \\\"투혼 상태였다\\\" '여우사이' 정형돈이 생방송 도중 고통을 호소했다.\n29일 오후 10시 50분에 방송된 KBS2 속 보이는 라디오 '여우사이'에서는 라디오 극장 후 노래를 내보내는 동안 갑자기 괴로워하는 정형돈의 모습이 그려졌다.\n정형돈은 라디오 극장이 끝난 뒤 폐 부분을 붙잡고 일어서서 나갔다.\n그는 \\\"병원에 전화 한 통만 하고 올게. 너무 막.. 아플 정도야\\\"라고 자신의 상태를 말했다.\n유희열은 인터뷰에서 \\\"형돈이한테 아픈 것에 대해서 방송에 말하는 게 어떠냐고 했다. 투혼 상태였다. 입원해서 나올 수 없는 상황인데 나와서 아픈 모습을 보여주고 싶지 않아했다\\\"며 안타까워했다.\n정형돈은 본인이 아픈 와중에도 자신 때문에 방송을 망칠까 노심초사하는 모습을 보여 주변을 더욱 안타깝게 했다.\n라디오의 콘텐츠를 TV예능과 접목시킨 '여우사이'는 라디오버전인 '감성진료소-여우사이'가 지난 19일 자정부터 3시간동안(KBS cool FM, 89.1MHz) 생방송으로 진행됐다.",
        "partNum": "P2",
        "useType": 0,
        "processType": "D",
        "processPattern": "23",
        "processLevel": "중",
        "sentenceCount": 7,
        "processSentencenum": 4,
        "sentenceInfo": [
            {
                "sentenceNo": 1,
                "sentenceContent": "‘여우사이’정형돈, 생방송 도중 고통 호소하는 모습… \\\"투혼 상태였다\\\" '여우사이' 정형돈이 생방송 도중 고통을 호소했다.",
                "sentenceSize": 70
            },
            {
                "sentenceNo": 2,
                "sentenceContent": "29일 오후 10시 50분에 방송된 KBS2 속 보이는 라디오 '여우사이'에서는 라디오 극장 후 노래를 내보내는 동안 갑자기 괴로워하는 정형돈의 모습이 그려졌다.",
                "sentenceSize": 90
            },
            {
                "sentenceNo": 3,
                "sentenceContent": "정형돈은 라디오 극장이 끝난 뒤 폐 부분을 붙잡고 일어서서 나갔다.",
                "sentenceSize": 37
            },
            {
                "sentenceNo": 4,
                "sentenceContent": "그는 \\\"병원에 전화 한 통만 하고 올게. 너무 막.. 아플 정도야\\\"라고 자신의 상태를 말했다.",
                "sentenceSize": 54
            },
            {
                "sentenceNo": 5,
                "sentenceContent": "유희열은 인터뷰에서 \\\"형돈이한테 아픈 것에 대해서 방송에 말하는 게 어떠냐고 했다. 투혼 상태였다. 입원해서 나올 수 없는 상황인데 나와서 아픈 모습을 보여주고 싶지 않아했다\\\"며 안타까워했다.",
                "sentenceSize": 109
            },
            {
                "sentenceNo": 6,
                "sentenceContent": "정형돈은 본인이 아픈 와중에도 자신 때문에 방송을 망칠까 노심초사하는 모습을 보여 주변을 더욱 안타깝게 했다.",
                "sentenceSize": 61
            },
            {
                "sentenceNo": 7,
                "sentenceContent": "라디오의 콘텐츠를 TV예능과 접목시킨 '여우사이'는 라디오버전인 '감성진료소-여우사이'가 지난 19일 자정부터 3시간동안(KBS cool FM, 89.1MHz) 생방송으로 진행됐다.",
                "sentenceSize": 101
            }
        ]
    },
    "labeledDataInfo": {
        "processSentenceInfo": [
            {
                "sentenceNo": 1,
                "sentenceContent": "‘여우사이’정형돈, 생방송 도중 고통 호소하는 모습… \\\"투혼 상태였다\\\" '여우사이' 정형돈이 생방송 도중 고통을 호소했다.",
                "subjectConsistencyYn": "Y"
            },
            {
                "sentenceNo": 2,
                "sentenceContent": "29일 오후 10시 50분에 방송된 KBS2 속 보이는 라디오 '여우사이'에서는 라디오 극장 후 노래를 내보내는 동안 갑자기 괴로워하는 정형돈의 모습이 그려졌다.",
                "subjectConsistencyYn": "Y"
            },
            {
                "sentenceNo": 3,
                "sentenceContent": "정형돈은 라디오 극장이 끝난 뒤 폐 부분을 붙잡고 일어서서 나갔다.",
                "subjectConsistencyYn": "Y"
            },
            {
                "sentenceNo": 4,
                "sentenceContent": "그는 \\\"병원에 전화 한 통만 하고 올게. 너무 막.. 아플 정도야\\\"라고 자신의 상태를 말했다.",
                "subjectConsistencyYn": "Y"
            },
            {
                "sentenceNo": 5,
                "sentenceContent": "유희열은 인터뷰에서 \\\"형돈이한테 아픈 것에 대해서 방송에 말하는 게 어떠냐고 했다. 투혼 상태였다. 입원해서 나올 수 없는 상황인데 나와서 아픈 모습을 보여주고 싶지 않아했다\\\"며 안타까워했다.",
                "subjectConsistencyYn": "Y"
            },
            {
                "sentenceNo": 6,
                "sentenceContent": "정형돈은 본인이 아픈 와중에도 자신 때문에 방송을 망칠까 노심초사하는 모습을 보여 주변을 더욱 안타깝게 했다.",
                "subjectConsistencyYn": "Y"
            },
            {
                "sentenceNo": 7,
                "sentenceContent": "라디오의 콘텐츠를 TV예능과 접목시킨 '여우사이'는 라디오버전인 '감성진료소-여우사이'가 지난 19일 자정부터 3시간동안(KBS cool FM, 89.1MHz) 생방송으로 진행됐다.",
                "subjectConsistencyYn": "Y"
            },
            {
                "sentenceNo": 8,
                "sentenceContent": "생방송 라디오 '여우사이'에서 정형돈이 고통을 호소한 가운데, 이 장면은 최근 네이버 라이브 플랫폼 NOW와 KBS 라디오가 합의한 '24시간 스트리밍 서비스'를 통해 공개되었다. ",
                "subjectConsistencyYn": "N"
            },
            {
                "sentenceNo": 9,
                "sentenceContent": "'24시간 스트리밍 서비스'는 KBS 표준FM과 FM4U의 정규 라디오 프로그램을 네이버 앱과 NOW 앱을 통해 실시간으로 청취할 수 있는 서비스로, 라이브 스트리밍 플랫폼에서 국내 지상파 라디오 프로그램을 지원하는 것은 처음이다. ",
                "subjectConsistencyYn": "N"
            },
            {
                "sentenceNo": 10,
                "sentenceContent": "이 서비스는 '백그라우드 재생' 기능을 통해 이용자들에게 편리한 콘텐츠 감상 경험을 제공하며, 다른 서비스와 동시에 이용할 수 있는 장점이 있다. ",
                "subjectConsistencyYn": "N"
            },
            {
                "sentenceNo": 11,
                "sentenceContent": "KBS 라디오 본부장은 \"네이버 NOW라는 새로운 플랫폼에서 KBS 라디오가 청취자들을 찾을 수 있다\"라며 \"앞으로도 청취자들이 더 쉽게 KBS 라디오를 접할 수 있도록 노력하겠다\"라고 말했다. ",
                "subjectConsistencyYn": "N"
            }
        ],
        "clickbaitClass": 0
    }
}