{
    "sourceDataInfo": {
        "newsID": "ET_M03_627723",
        "newsCategory": "연예",
        "newsSubcategory": "연예가화제",
        "newsTitle": "‘출발드림팀 허민’ 57초 30으로 여자최강자전 우승… 여자 김병만 탄생?",
        "newsSubTitle": "",
        "newsContent": "‘출발드림팀 허민’ 57초 30으로 여자최강자전 우승… 여자 김병만 탄생? '출발드림팀' 허민이 종합 장애물 경기에서 최종 우승을 차지했다.\n13일 방송된 KBS2 '출발드림팀 시즌2'에서는 여자최강자전 2탄 종합 장애물 5종 경기가 방송됐다.\n이날 종합 장애물 경기에 첫 도전한 허민은 순식간에 1단계를 통과한데 이어 탈락자가 속출하는 2단계 코스를 빠른 속도로 통과하는 모습을 보여주었다.\n허민은 이어 3, 4단계 역시 뛰어난 균형감각으로 속도를 줄이지 않고 완주에 성공했다.\n특히 허민의 완주기록은 57초30이었다.\n기록을 본 MC 이창명은 \\\"정말 대단하다. 이 기록은 김병만의 기록과 비슷하다\\\"며 감탄했다.",
        "partNum": "P2",
        "useType": 0,
        "processType": "D",
        "processPattern": "23",
        "processLevel": "중",
        "sentenceCount": 6,
        "processSentencenum": 3,
        "sentenceInfo": [
            {
                "sentenceNo": 1,
                "sentenceContent": "‘출발드림팀 허민’ 57초 30으로 여자최강자전 우승… 여자 김병만 탄생? '출발드림팀' 허민이 종합 장애물 경기에서 최종 우승을 차지했다.",
                "sentenceSize": 78
            },
            {
                "sentenceNo": 2,
                "sentenceContent": "13일 방송된 KBS2 '출발드림팀 시즌2'에서는 여자최강자전 2탄 종합 장애물 5종 경기가 방송됐다.",
                "sentenceSize": 57
            },
            {
                "sentenceNo": 3,
                "sentenceContent": "이날 종합 장애물 경기에 첫 도전한 허민은 순식간에 1단계를 통과한데 이어 탈락자가 속출하는 2단계 코스를 빠른 속도로 통과하는 모습을 보여주었다.",
                "sentenceSize": 82
            },
            {
                "sentenceNo": 4,
                "sentenceContent": "허민은 이어 3, 4단계 역시 뛰어난 균형감각으로 속도를 줄이지 않고 완주에 성공했다.",
                "sentenceSize": 48
            },
            {
                "sentenceNo": 5,
                "sentenceContent": "특히 허민의 완주기록은 57초30이었다.",
                "sentenceSize": 22
            },
            {
                "sentenceNo": 6,
                "sentenceContent": "기록을 본 MC 이창명은 \\\"정말 대단하다. 이 기록은 김병만의 기록과 비슷하다\\\"며 감탄했다.",
                "sentenceSize": 53
            }
        ]
    },
    "labeledDataInfo": {
        "processSentenceInfo": [
            {
                "sentenceNo": 1,
                "sentenceContent": "‘출발드림팀 허민’ 57초 30으로 여자최강자전 우승… 여자 김병만 탄생? '출발드림팀' 허민이 종합 장애물 경기에서 최종 우승을 차지했다.",
                "subjectConsistencyYn": "Y"
            },
            {
                "sentenceNo": 2,
                "sentenceContent": "13일 방송된 KBS2 '출발드림팀 시즌2'에서는 여자최강자전 2탄 종합 장애물 5종 경기가 방송됐다.",
                "subjectConsistencyYn": "Y"
            },
            {
                "sentenceNo": 3,
                "sentenceContent": "이날 종합 장애물 경기에 첫 도전한 허민은 순식간에 1단계를 통과한데 이어 탈락자가 속출하는 2단계 코스를 빠른 속도로 통과하는 모습을 보여주었다.",
                "subjectConsistencyYn": "Y"
            },
            {
                "sentenceNo": 4,
                "sentenceContent": "허민은 이어 3, 4단계 역시 뛰어난 균형감각으로 속도를 줄이지 않고 완주에 성공했다.",
                "subjectConsistencyYn": "Y"
            },
            {
                "sentenceNo": 5,
                "sentenceContent": "특히 허민의 완주기록은 57초30이었다.",
                "subjectConsistencyYn": "Y"
            },
            {
                "sentenceNo": 6,
                "sentenceContent": "기록을 본 MC 이창명은 \\\"정말 대단하다. 이 기록은 김병만의 기록과 비슷하다\\\"며 감탄했다.",
                "subjectConsistencyYn": "Y"
            },
            {
                "sentenceNo": 7,
                "sentenceContent": "방송에서 놀라운 운동신경을 보여준 허민과 같이, 육상 실력을 키워 마라톤 등 육상 경기에 참여하려는 일반인 역시 '숨고 스포츠 레슨'을 통해 전문가의 육상 레슨을 받는 것이 좋다. ",
                "subjectConsistencyYn": "N"
            },
            {
                "sentenceNo": 8,
                "sentenceContent": "'숨고 스포츠 레슨'은 전문적인고 체계적인 커리큘럼을 가진 전문 강사에게 육상 등 스포츠를 직접 배울 수 있는 서비스로, 개인 또는 그룹 레슨을 선택 가능하다. ",
                "subjectConsistencyYn": "N"
            },
            {
                "sentenceNo": 9,
                "sentenceContent": "'숨고 스포츠 레슨'을 받기 원하는 예비 수강생은 홈페이지를 통한 상담신청서 작성 후, 전문 스포츠 강사와의 상담을 통해 상담 커리큘럼을 조율하면 된다. ",
                "subjectConsistencyYn": "N"
            }
        ],
        "clickbaitClass": 0
    }
}