{
    "sourceDataInfo": {
        "newsID": "ET_M03_627297",
        "newsCategory": "연예",
        "newsSubcategory": "연예가화제",
        "newsTitle": "마마무가 '마피아 게임' 마지막에 포복절도한 이유",
        "newsSubTitle": "",
        "newsContent": "그룹 마마무가 마피아 없는 마피아 게임으로 큰 웃음을 선물했다.\n지난달 28일 네이버 브이라이브를 통해 '아무말 대잔치' 방송을 진행한 마마무는 예상치 못한 반전에 포복절도했다.\n이날 마마무 멤버들은 방송 콘텐츠로 마피아 게임을 진행했다.\n멤버들은 매니저에게 사회자 역할을 맡기며 \\\"마피아를 정해달라\\\"고 부탁한다.\n눈을 꼭 감고 엎드린 멤버들은 마피아를 선정하는 매니저의 움직임에 집중했다.\n매니저는 슬그머니 다가가 솔라를 가리켰다.\n마피아 선정이 끝나자 멤버들은 마피아 추리에 나섰다.\n가장 먼저 희생양이 된 것은 휘인이었다.\n휘인을 제외한 멤버들은 일제히 \\\"일단 휘인이다\\\" \\\"나도 휘인 같다\\\"며 그를 지목한 것. 휘인은 \\\"어이가 없다\\\"며 \\\"난 진짜 거짓말 못 한다\\\"고 항변했지만 결국 마피아 재판을 받았다.\n하지만 휘인은 마피아가 아니었고 게임은 계속됐다.\n솔라는 문별을 마피아로 몰아가며 화사의 동의를 구했다.\n문별은 적극 부인했지만 그럴수록 솔라의 '몰아가기'는 거세졌다.\n문별은 \\\"나 믿어. 나 아니야\\\"라고 말하자, 솔라는 질겁하며 \\\"얘좀 봐! 연기해!\\\"라며 확신을 굳혔다.\n마피아 재판을 받은 문별 역시 마피아가 아니었다.\n이 사실이 밝혀지자 솔라는 \\\"꺄아아악!\\\" 소리를 지르며 소름 돋는 리액션을 시작했다.\n솔라는 \\\"얘야 얘야 어떡해 얘야 얘!\\\"라며 화사를 가리켰고, 당황한 화사는 \\\"뭐야 나 마피아 아니야\\\"라며 당혹감을 내비쳤다.\n결국 멤버들은 타임을 외치며 게임을 중단했고, 이 사태를 몰고온 매니저가 직접 중재에 나섰다.\n본인이 마피아였다는 사실을 몰랐던 솔라는 \\\"그래서 마피아가 누구에요?\\\"라고 물었고, 매니저는 \\\"마피아? 용선이(솔라)\\\"라고 답했다.\n믿을 수 없는 결과에 혼란에 빠진 솔라는 \\\"저요? 제가 마피에요?\\\"라고 거듭 물으며 \\\"혹시 어디 치셨어요?\\\"라고 물었다.\n매니저는 \\\"그냥 지목했는데, 쳐야 되는거야?\\\"라고 답해 현장을 초토화시켰다.\n결국 마마무의 '마피아 게임'은 게임을 제안하고 게임을 진행했으며 게임을 지배한 솔라의 맹 활약으로 성황리에 마무리됐다.",
        "partNum": "P2",
        "useType": 0,
        "processType": "D",
        "processPattern": "23",
        "processLevel": "중",
        "sentenceCount": 21,
        "processSentencenum": 4,
        "sentenceInfo": [
            {
                "sentenceNo": 1,
                "sentenceContent": "그룹 마마무가 마피아 없는 마피아 게임으로 큰 웃음을 선물했다.",
                "sentenceSize": 35
            },
            {
                "sentenceNo": 2,
                "sentenceContent": "지난달 28일 네이버 브이라이브를 통해 '아무말 대잔치' 방송을 진행한 마마무는 예상치 못한 반전에 포복절도했다.",
                "sentenceSize": 63
            },
            {
                "sentenceNo": 3,
                "sentenceContent": "이날 마마무 멤버들은 방송 콘텐츠로 마피아 게임을 진행했다.",
                "sentenceSize": 33
            },
            {
                "sentenceNo": 4,
                "sentenceContent": "멤버들은 매니저에게 사회자 역할을 맡기며 \\\"마피아를 정해달라\\\"고 부탁한다.",
                "sentenceSize": 43
            },
            {
                "sentenceNo": 5,
                "sentenceContent": "눈을 꼭 감고 엎드린 멤버들은 마피아를 선정하는 매니저의 움직임에 집중했다.",
                "sentenceSize": 42
            },
            {
                "sentenceNo": 6,
                "sentenceContent": "매니저는 슬그머니 다가가 솔라를 가리켰다.",
                "sentenceSize": 23
            },
            {
                "sentenceNo": 7,
                "sentenceContent": "마피아 선정이 끝나자 멤버들은 마피아 추리에 나섰다.",
                "sentenceSize": 29
            },
            {
                "sentenceNo": 8,
                "sentenceContent": "가장 먼저 희생양이 된 것은 휘인이었다.",
                "sentenceSize": 22
            },
            {
                "sentenceNo": 9,
                "sentenceContent": "휘인을 제외한 멤버들은 일제히 \\\"일단 휘인이다\\\" \\\"나도 휘인 같다\\\"며 그를 지목한 것. 휘인은 \\\"어이가 없다\\\"며 \\\"난 진짜 거짓말 못 한다\\\"고 항변했지만 결국 마피아 재판을 받았다.",
                "sentenceSize": 109
            },
            {
                "sentenceNo": 10,
                "sentenceContent": "하지만 휘인은 마피아가 아니었고 게임은 계속됐다.",
                "sentenceSize": 27
            },
            {
                "sentenceNo": 11,
                "sentenceContent": "솔라는 문별을 마피아로 몰아가며 화사의 동의를 구했다.",
                "sentenceSize": 30
            },
            {
                "sentenceNo": 12,
                "sentenceContent": "문별은 적극 부인했지만 그럴수록 솔라의 '몰아가기'는 거세졌다.",
                "sentenceSize": 35
            },
            {
                "sentenceNo": 13,
                "sentenceContent": "문별은 \\\"나 믿어. 나 아니야\\\"라고 말하자, 솔라는 질겁하며 \\\"얘좀 봐! 연기해!\\\"라며 확신을 굳혔다.",
                "sentenceSize": 61
            },
            {
                "sentenceNo": 14,
                "sentenceContent": "마피아 재판을 받은 문별 역시 마피아가 아니었다.",
                "sentenceSize": 27
            },
            {
                "sentenceNo": 15,
                "sentenceContent": "이 사실이 밝혀지자 솔라는 \\\"꺄아아악!\\\" 소리를 지르며 소름 돋는 리액션을 시작했다.",
                "sentenceSize": 49
            },
            {
                "sentenceNo": 16,
                "sentenceContent": "솔라는 \\\"얘야 얘야 어떡해 얘야 얘!\\\"라며 화사를 가리켰고, 당황한 화사는 \\\"뭐야 나 마피아 아니야\\\"라며 당혹감을 내비쳤다.",
                "sentenceSize": 73
            },
            {
                "sentenceNo": 17,
                "sentenceContent": "결국 멤버들은 타임을 외치며 게임을 중단했고, 이 사태를 몰고온 매니저가 직접 중재에 나섰다.",
                "sentenceSize": 52
            },
            {
                "sentenceNo": 18,
                "sentenceContent": "본인이 마피아였다는 사실을 몰랐던 솔라는 \\\"그래서 마피아가 누구에요?\\\"라고 물었고, 매니저는 \\\"마피아? 용선이(솔라)\\\"라고 답했다.",
                "sentenceSize": 77
            },
            {
                "sentenceNo": 19,
                "sentenceContent": "믿을 수 없는 결과에 혼란에 빠진 솔라는 \\\"저요? 제가 마피에요?\\\"라고 거듭 물으며 \\\"혹시 어디 치셨어요?\\\"라고 물었다.",
                "sentenceSize": 71
            },
            {
                "sentenceNo": 20,
                "sentenceContent": "매니저는 \\\"그냥 지목했는데, 쳐야 되는거야?\\\"라고 답해 현장을 초토화시켰다.",
                "sentenceSize": 44
            },
            {
                "sentenceNo": 21,
                "sentenceContent": "결국 마마무의 '마피아 게임'은 게임을 제안하고 게임을 진행했으며 게임을 지배한 솔라의 맹 활약으로 성황리에 마무리됐다.",
                "sentenceSize": 67
            }
        ]
    },
    "labeledDataInfo": {
        "processSentenceInfo": [
            {
                "sentenceNo": 1,
                "sentenceContent": "그룹 마마무가 마피아 없는 마피아 게임으로 큰 웃음을 선물했다.",
                "subjectConsistencyYn": "Y"
            },
            {
                "sentenceNo": 2,
                "sentenceContent": "지난달 28일 네이버 브이라이브를 통해 '아무말 대잔치' 방송을 진행한 마마무는 예상치 못한 반전에 포복절도했다.",
                "subjectConsistencyYn": "Y"
            },
            {
                "sentenceNo": 3,
                "sentenceContent": "이날 마마무 멤버들은 방송 콘텐츠로 마피아 게임을 진행했다.",
                "subjectConsistencyYn": "Y"
            },
            {
                "sentenceNo": 4,
                "sentenceContent": "멤버들은 매니저에게 사회자 역할을 맡기며 \\\"마피아를 정해달라\\\"고 부탁한다.",
                "subjectConsistencyYn": "Y"
            },
            {
                "sentenceNo": 5,
                "sentenceContent": "눈을 꼭 감고 엎드린 멤버들은 마피아를 선정하는 매니저의 움직임에 집중했다.",
                "subjectConsistencyYn": "Y"
            },
            {
                "sentenceNo": 6,
                "sentenceContent": "매니저는 슬그머니 다가가 솔라를 가리켰다.",
                "subjectConsistencyYn": "Y"
            },
            {
                "sentenceNo": 7,
                "sentenceContent": "마피아 선정이 끝나자 멤버들은 마피아 추리에 나섰다.",
                "subjectConsistencyYn": "Y"
            },
            {
                "sentenceNo": 8,
                "sentenceContent": "가장 먼저 희생양이 된 것은 휘인이었다.",
                "subjectConsistencyYn": "Y"
            },
            {
                "sentenceNo": 9,
                "sentenceContent": "휘인을 제외한 멤버들은 일제히 \\\"일단 휘인이다\\\" \\\"나도 휘인 같다\\\"며 그를 지목한 것. 휘인은 \\\"어이가 없다\\\"며 \\\"난 진짜 거짓말 못 한다\\\"고 항변했지만 결국 마피아 재판을 받았다.",
                "subjectConsistencyYn": "Y"
            },
            {
                "sentenceNo": 10,
                "sentenceContent": "하지만 휘인은 마피아가 아니었고 게임은 계속됐다.",
                "subjectConsistencyYn": "Y"
            },
            {
                "sentenceNo": 11,
                "sentenceContent": "솔라는 문별을 마피아로 몰아가며 화사의 동의를 구했다.",
                "subjectConsistencyYn": "Y"
            },
            {
                "sentenceNo": 12,
                "sentenceContent": "문별은 적극 부인했지만 그럴수록 솔라의 '몰아가기'는 거세졌다.",
                "subjectConsistencyYn": "Y"
            },
            {
                "sentenceNo": 13,
                "sentenceContent": "문별은 \\\"나 믿어. 나 아니야\\\"라고 말하자, 솔라는 질겁하며 \\\"얘좀 봐! 연기해!\\\"라며 확신을 굳혔다.",
                "subjectConsistencyYn": "Y"
            },
            {
                "sentenceNo": 14,
                "sentenceContent": "마피아 재판을 받은 문별 역시 마피아가 아니었다.",
                "subjectConsistencyYn": "Y"
            },
            {
                "sentenceNo": 15,
                "sentenceContent": "이 사실이 밝혀지자 솔라는 \\\"꺄아아악!\\\" 소리를 지르며 소름 돋는 리액션을 시작했다.",
                "subjectConsistencyYn": "Y"
            },
            {
                "sentenceNo": 16,
                "sentenceContent": "솔라는 \\\"얘야 얘야 어떡해 얘야 얘!\\\"라며 화사를 가리켰고, 당황한 화사는 \\\"뭐야 나 마피아 아니야\\\"라며 당혹감을 내비쳤다.",
                "subjectConsistencyYn": "Y"
            },
            {
                "sentenceNo": 17,
                "sentenceContent": "결국 멤버들은 타임을 외치며 게임을 중단했고, 이 사태를 몰고온 매니저가 직접 중재에 나섰다.",
                "subjectConsistencyYn": "Y"
            },
            {
                "sentenceNo": 18,
                "sentenceContent": "본인이 마피아였다는 사실을 몰랐던 솔라는 \\\"그래서 마피아가 누구에요?\\\"라고 물었고, 매니저는 \\\"마피아? 용선이(솔라)\\\"라고 답했다.",
                "subjectConsistencyYn": "Y"
            },
            {
                "sentenceNo": 19,
                "sentenceContent": "믿을 수 없는 결과에 혼란에 빠진 솔라는 \\\"저요? 제가 마피에요?\\\"라고 거듭 물으며 \\\"혹시 어디 치셨어요?\\\"라고 물었다.",
                "subjectConsistencyYn": "Y"
            },
            {
                "sentenceNo": 20,
                "sentenceContent": "매니저는 \\\"그냥 지목했는데, 쳐야 되는거야?\\\"라고 답해 현장을 초토화시켰다.",
                "subjectConsistencyYn": "Y"
            },
            {
                "sentenceNo": 21,
                "sentenceContent": "결국 마마무의 '마피아 게임'은 게임을 제안하고 게임을 진행했으며 게임을 지배한 솔라의 맹 활약으로 성황리에 마무리됐다.",
                "subjectConsistencyYn": "Y"
            },
            {
                "sentenceNo": 22,
                "sentenceContent": "그룹 마마무가 마피아 없는 마피아 게임으로 화제인 한편, 그룹 마마무는 '앨범 팬 사인회' 행사를 진행 중이다.",
                "subjectConsistencyYn": "N"
            },
            {
                "sentenceNo": 23,
                "sentenceContent": "이는 최근 새로운 앨범을 발매한 기념으로 진행하는 행사이다.",
                "subjectConsistencyYn": "N"
            },
            {
                "sentenceNo": 24,
                "sentenceContent": "마마무의 앨범 'MIC ON'을 구매한 사람들을 대상으로 추첨 후 팬 사인회에 초청하는 서비스다.",
                "subjectConsistencyYn": "N"
            },
            {
                "sentenceNo": 25,
                "sentenceContent": "'앨범 팬 사인회' 행사에 관한 자세한 정보는 마마무 공식 홈페이지에서 확인 가능하다.",
                "subjectConsistencyYn": "N"
            }
        ],
        "clickbaitClass": 0
    }
}