{
    "sourceDataInfo": {
        "newsID": "ET_M03_627796",
        "newsCategory": "연예",
        "newsSubcategory": "연예가화제",
        "newsTitle": "진짜 사나이 여군 특집3 신소율, 씩씩 분대장 모습에 180도 이미지 변신",
        "newsSubTitle": "",
        "newsContent": "‘약골 병사’ 배우 신소율이 강해진 모습을 보여 화제다.\n6일 방송된 MBC 예능프로그램 ‘일밤-진짜 사나이 여군특집3’에서는 여군 부사관에 도전한 신소율이 분대장으로 선발돼 부대원들을 이끄는 모습이 그려졌다.\n이날 약골 병사 타이틀을 반전시키기 위해 분대장 선출과정에서 제일 먼저 용기 있게 손을 든 신소율은 지원 자격을 알아보기 위한 목청대결에서 카랑카랑한 목소리와 용기 있는 모습을 보였다.\n이어 총 4표를 획득하고 최종적으로 분대장으로 발탁된 신소율은 “제가 체력이 안되더라도 우리 부대원들은 뒷받침 하는 역할을 하겠다”라며 강인한 포부를 밝혔다.\n또한 생활관에서 큰소리로 대화를 나누는 동기들을 제지하고 군생활에 어려움을 겪는 제시에게 괜찮냐며 위로의 말을 건네는 등 약골병사의 모습을 벗고 책임감 있는 분대장의 모습을 보였다.\n한편 ‘일밤-진짜 사나이 여군특집3’은 14.0%(전국기준,닐슨코리아 제공)의 시청률을 기록했다.",
        "partNum": "P2",
        "useType": 0,
        "processType": "D",
        "processPattern": "23",
        "processLevel": "중",
        "sentenceCount": 6,
        "processSentencenum": 2,
        "sentenceInfo": [
            {
                "sentenceNo": 1,
                "sentenceContent": "‘약골 병사’ 배우 신소율이 강해진 모습을 보여 화제다.",
                "sentenceSize": 31
            },
            {
                "sentenceNo": 2,
                "sentenceContent": "6일 방송된 MBC 예능프로그램 ‘일밤-진짜 사나이 여군특집3’에서는 여군 부사관에 도전한 신소율이 분대장으로 선발돼 부대원들을 이끄는 모습이 그려졌다.",
                "sentenceSize": 85
            },
            {
                "sentenceNo": 3,
                "sentenceContent": "이날 약골 병사 타이틀을 반전시키기 위해 분대장 선출과정에서 제일 먼저 용기 있게 손을 든 신소율은 지원 자격을 알아보기 위한 목청대결에서 카랑카랑한 목소리와 용기 있는 모습을 보였다.",
                "sentenceSize": 103
            },
            {
                "sentenceNo": 4,
                "sentenceContent": "이어 총 4표를 획득하고 최종적으로 분대장으로 발탁된 신소율은 “제가 체력이 안되더라도 우리 부대원들은 뒷받침 하는 역할을 하겠다”라며 강인한 포부를 밝혔다.",
                "sentenceSize": 88
            },
            {
                "sentenceNo": 5,
                "sentenceContent": "또한 생활관에서 큰소리로 대화를 나누는 동기들을 제지하고 군생활에 어려움을 겪는 제시에게 괜찮냐며 위로의 말을 건네는 등 약골병사의 모습을 벗고 책임감 있는 분대장의 모습을 보였다.",
                "sentenceSize": 101
            },
            {
                "sentenceNo": 6,
                "sentenceContent": "한편 ‘일밤-진짜 사나이 여군특집3’은 14.0%(전국기준,닐슨코리아 제공)의 시청률을 기록했다.",
                "sentenceSize": 54
            }
        ]
    },
    "labeledDataInfo": {
        "processSentenceInfo": [
            {
                "sentenceNo": 1,
                "sentenceContent": "‘약골 병사’ 배우 신소율이 강해진 모습을 보여 화제다.",
                "subjectConsistencyYn": "Y"
            },
            {
                "sentenceNo": 2,
                "sentenceContent": "6일 방송된 MBC 예능프로그램 ‘일밤-진짜 사나이 여군특집3’에서는 여군 부사관에 도전한 신소율이 분대장으로 선발돼 부대원들을 이끄는 모습이 그려졌다.",
                "subjectConsistencyYn": "Y"
            },
            {
                "sentenceNo": 3,
                "sentenceContent": "이날 약골 병사 타이틀을 반전시키기 위해 분대장 선출과정에서 제일 먼저 용기 있게 손을 든 신소율은 지원 자격을 알아보기 위한 목청대결에서 카랑카랑한 목소리와 용기 있는 모습을 보였다.",
                "subjectConsistencyYn": "Y"
            },
            {
                "sentenceNo": 4,
                "sentenceContent": "이어 총 4표를 획득하고 최종적으로 분대장으로 발탁된 신소율은 “제가 체력이 안되더라도 우리 부대원들은 뒷받침 하는 역할을 하겠다”라며 강인한 포부를 밝혔다.",
                "subjectConsistencyYn": "Y"
            },
            {
                "sentenceNo": 5,
                "sentenceContent": "또한 생활관에서 큰소리로 대화를 나누는 동기들을 제지하고 군생활에 어려움을 겪는 제시에게 괜찮냐며 위로의 말을 건네는 등 약골병사의 모습을 벗고 책임감 있는 분대장의 모습을 보였다.",
                "subjectConsistencyYn": "Y"
            },
            {
                "sentenceNo": 6,
                "sentenceContent": "한편 ‘일밤-진짜 사나이 여군특집3’은 14.0%(전국기준,닐슨코리아 제공)의 시청률을 기록했다.",
                "subjectConsistencyYn": "Y"
            },
            {
                "sentenceNo": 7,
                "sentenceContent": "신소율의 변화된 모습을 볼 수 있는 진짜사나이 여군특집3는 OTT 플랫폼 티빙을 통해 다시보기 할 수 있다.",
                "subjectConsistencyYn": "N"
            },
            {
                "sentenceNo": 8,
                "sentenceContent": "티빙에서는 진짜사나이를 포함한 5만여 편의 VOD를 HD급 고화질로 시청할 수 있으며, 간단한 회원 가입을 통해 인기 프로그램 다시보기를 무료로 이용할 수 있다.",
                "subjectConsistencyYn": "N"
            }
        ],
        "clickbaitClass": 0
    }
}