{
    "sourceDataInfo": {
        "newsID": "ET_M03_627746",
        "newsCategory": "연예",
        "newsSubcategory": "연예가화제",
        "newsTitle": "임재범-태연 '사랑보다 깊은 상처' 리메이크 버전 하이라이트 일부 공개",
        "newsSubTitle": "",
        "newsContent": "임재범 태연, '사랑보다 깊은 상처'로 호흡 맞춰…임재범 데뷔 30주년 기념 그룹 소녀시대 멤버 태연이 임재범의 데뷔 30주년을 기념 파트너로 호흡을 맞춘다.\n임재범 측은 공식 페이스북에 오는 10일 발표될 '사랑보다 깊은 상처' 2015년 버전의 리메이크곡 발표를 알리는 티저 이미지를 공개했다.\n공개된 부분은 이 곡의 가장 고음 파트로, 명불허전 임재범의 보컬과 압도적인 감성을 바탕으로 한 매력적인 음색의 태연의 보컬이 만나 최강 듀엣 파워를 만들어냈다.\n1997년 박정현과의 듀엣곡으로 큰 사랑을 받은 이 곡은 19년 만에 원곡 가수인 임재범에 의해 리메이크되며, ‘썸’이 유행하는 현 시대의 연애 풍토와는 달리, 진짜 사랑이 어떤 것인지에 대한 가치를 되묻게 될 것으로 예상된다.\n한편 임재범은 ‘사랑보다 깊은 상처’ 발표를 시작으로 올해로 데뷔 30주년을 맞아 기념 앨범과 공연을 열 계획이다.\n오는 9, 10월 중 새 앨범 발표를 계획하고 있으며 현재 앨범 녹음 작업에 한창이다.",
        "partNum": "P2",
        "useType": 0,
        "processType": "D",
        "processPattern": "23",
        "processLevel": "중",
        "sentenceCount": 6,
        "processSentencenum": 3,
        "sentenceInfo": [
            {
                "sentenceNo": 1,
                "sentenceContent": "임재범 태연, '사랑보다 깊은 상처'로 호흡 맞춰…임재범 데뷔 30주년 기념 그룹 소녀시대 멤버 태연이 임재범의 데뷔 30주년을 기념 파트너로 호흡을 맞춘다.",
                "sentenceSize": 88
            },
            {
                "sentenceNo": 2,
                "sentenceContent": "임재범 측은 공식 페이스북에 오는 10일 발표될 '사랑보다 깊은 상처' 2015년 버전의 리메이크곡 발표를 알리는 티저 이미지를 공개했다.",
                "sentenceSize": 77
            },
            {
                "sentenceNo": 3,
                "sentenceContent": "공개된 부분은 이 곡의 가장 고음 파트로, 명불허전 임재범의 보컬과 압도적인 감성을 바탕으로 한 매력적인 음색의 태연의 보컬이 만나 최강 듀엣 파워를 만들어냈다.",
                "sentenceSize": 90
            },
            {
                "sentenceNo": 4,
                "sentenceContent": "1997년 박정현과의 듀엣곡으로 큰 사랑을 받은 이 곡은 19년 만에 원곡 가수인 임재범에 의해 리메이크되며, ‘썸’이 유행하는 현 시대의 연애 풍토와는 달리, 진짜 사랑이 어떤 것인지에 대한 가치를 되묻게 될 것으로 예상된다.",
                "sentenceSize": 127
            },
            {
                "sentenceNo": 5,
                "sentenceContent": "한편 임재범은 ‘사랑보다 깊은 상처’ 발표를 시작으로 올해로 데뷔 30주년을 맞아 기념 앨범과 공연을 열 계획이다.",
                "sentenceSize": 64
            },
            {
                "sentenceNo": 6,
                "sentenceContent": "오는 9, 10월 중 새 앨범 발표를 계획하고 있으며 현재 앨범 녹음 작업에 한창이다.",
                "sentenceSize": 48
            }
        ]
    },
    "labeledDataInfo": {
        "processSentenceInfo": [
            {
                "sentenceNo": 1,
                "sentenceContent": "임재범 태연, '사랑보다 깊은 상처'로 호흡 맞춰…임재범 데뷔 30주년 기념 그룹 소녀시대 멤버 태연이 임재범의 데뷔 30주년을 기념 파트너로 호흡을 맞춘다.",
                "subjectConsistencyYn": "Y"
            },
            {
                "sentenceNo": 2,
                "sentenceContent": "임재범 측은 공식 페이스북에 오는 10일 발표될 '사랑보다 깊은 상처' 2015년 버전의 리메이크곡 발표를 알리는 티저 이미지를 공개했다.",
                "subjectConsistencyYn": "Y"
            },
            {
                "sentenceNo": 3,
                "sentenceContent": "공개된 부분은 이 곡의 가장 고음 파트로, 명불허전 임재범의 보컬과 압도적인 감성을 바탕으로 한 매력적인 음색의 태연의 보컬이 만나 최강 듀엣 파워를 만들어냈다.",
                "subjectConsistencyYn": "Y"
            },
            {
                "sentenceNo": 4,
                "sentenceContent": "1997년 박정현과의 듀엣곡으로 큰 사랑을 받은 이 곡은 19년 만에 원곡 가수인 임재범에 의해 리메이크되며, ‘썸’이 유행하는 현 시대의 연애 풍토와는 달리, 진짜 사랑이 어떤 것인지에 대한 가치를 되묻게 될 것으로 예상된다.",
                "subjectConsistencyYn": "Y"
            },
            {
                "sentenceNo": 5,
                "sentenceContent": "한편 임재범은 ‘사랑보다 깊은 상처’ 발표를 시작으로 올해로 데뷔 30주년을 맞아 기념 앨범과 공연을 열 계획이다.",
                "subjectConsistencyYn": "Y"
            },
            {
                "sentenceNo": 6,
                "sentenceContent": "오는 9, 10월 중 새 앨범 발표를 계획하고 있으며 현재 앨범 녹음 작업에 한창이다.",
                "subjectConsistencyYn": "Y"
            },
            {
                "sentenceNo": 7,
                "sentenceContent": "임재범과의 듀엣으로 화제를 모으고 있는 태연은 소녀시대 멤버들과 함께 타이틀곡인 '라이언 하트' 뮤직비디오를 공개하며 그룹 활동을 이어간다. ",
                "subjectConsistencyYn": "N"
            },
            {
                "sentenceNo": 8,
                "sentenceContent": "'라이언 하트' 뮤직비디오는 위트 있고 감각적인 영상으로 트렌드를 주도해온 용이 감독의 연출 소식으로 화제가 된 바 있다.",
                "subjectConsistencyYn": "N"
            },
            {
                "sentenceNo": 9,
                "sentenceContent": "소녀시대의 '라이언 하트' 뮤직비디오는 오는 22일 소녀시대 공식 유튜브 채널을 통해 첫 공개될 예정이다. ",
                "subjectConsistencyYn": "N"
            }
        ],
        "clickbaitClass": 0
    }
}