{
    "sourceDataInfo": {
        "newsID": "ET_M03_627374",
        "newsCategory": "연예",
        "newsSubcategory": "연예가화제",
        "newsTitle": "화장 전후 차이없는 여자연예인",
        "newsSubTitle": "",
        "newsContent": "송지효의 화장 전후 차이 없는 모습이 화제다.\n지난 26일 방송된 SBS '런닝맨'에서는 이광수가 자신의 특집을 맞아 한밤중에 멤버들에게 깜짝 미션을 내렸다. '광수 맘대로 밤샘 투어'라는 주제로 시작된 이광수 위크에서 광수는 \\\"헤어, 메이크업하지 말고 매니저도 없이, 자정에 모일 것\\\"을 주문했다.\n이광수의 말대로 편한 차림으로 모습을 드러낸 멤버 중 눈에 띄는 것은 단연 송지효였다.\n모자와 안경을 착용한 채 화장기없는 얼굴로 나타난 송지효는 민낯에도 굴욕 없는 모습이었다.\n\\\"밤에 부르고 난리냐\\\"며 짜증을 내는 모습에도 소탈한 미모가 빛을 발했다.\n이를 본 네티즌들은 \\\"화장 안 해도 이쁘다\\\" \\\"전후 차이 없네\\\" \\\"송지효 정말 털털하다\\\"와 같은 반응을 보였다.",
        "partNum": "P2",
        "useType": 0,
        "processType": "D",
        "processPattern": "23",
        "processLevel": "중",
        "sentenceCount": 6,
        "processSentencenum": 2,
        "sentenceInfo": [
            {
                "sentenceNo": 1,
                "sentenceContent": "송지효의 화장 전후 차이 없는 모습이 화제다.",
                "sentenceSize": 25
            },
            {
                "sentenceNo": 2,
                "sentenceContent": "지난 26일 방송된 SBS '런닝맨'에서는 이광수가 자신의 특집을 맞아 한밤중에 멤버들에게 깜짝 미션을 내렸다. '광수 맘대로 밤샘 투어'라는 주제로 시작된 이광수 위크에서 광수는 \\\"헤어, 메이크업하지 말고 매니저도 없이, 자정에 모일 것\\\"을 주문했다.",
                "sentenceSize": 143
            },
            {
                "sentenceNo": 3,
                "sentenceContent": "이광수의 말대로 편한 차림으로 모습을 드러낸 멤버 중 눈에 띄는 것은 단연 송지효였다.",
                "sentenceSize": 48
            },
            {
                "sentenceNo": 4,
                "sentenceContent": "모자와 안경을 착용한 채 화장기없는 얼굴로 나타난 송지효는 민낯에도 굴욕 없는 모습이었다.",
                "sentenceSize": 50
            },
            {
                "sentenceNo": 5,
                "sentenceContent": "\\\"밤에 부르고 난리냐\\\"며 짜증을 내는 모습에도 소탈한 미모가 빛을 발했다.",
                "sentenceSize": 43
            },
            {
                "sentenceNo": 6,
                "sentenceContent": "이를 본 네티즌들은 \\\"화장 안 해도 이쁘다\\\" \\\"전후 차이 없네\\\" \\\"송지효 정말 털털하다\\\"와 같은 반응을 보였다.",
                "sentenceSize": 68
            }
        ]
    },
    "labeledDataInfo": {
        "processSentenceInfo": [
            {
                "sentenceNo": 1,
                "sentenceContent": "송지효의 화장 전후 차이 없는 모습이 화제다.",
                "subjectConsistencyYn": "Y"
            },
            {
                "sentenceNo": 2,
                "sentenceContent": "지난 26일 방송된 SBS '런닝맨'에서는 이광수가 자신의 특집을 맞아 한밤중에 멤버들에게 깜짝 미션을 내렸다. '광수 맘대로 밤샘 투어'라는 주제로 시작된 이광수 위크에서 광수는 \\\"헤어, 메이크업하지 말고 매니저도 없이, 자정에 모일 것\\\"을 주문했다.",
                "subjectConsistencyYn": "Y"
            },
            {
                "sentenceNo": 3,
                "sentenceContent": "이광수의 말대로 편한 차림으로 모습을 드러낸 멤버 중 눈에 띄는 것은 단연 송지효였다.",
                "subjectConsistencyYn": "Y"
            },
            {
                "sentenceNo": 4,
                "sentenceContent": "모자와 안경을 착용한 채 화장기없는 얼굴로 나타난 송지효는 민낯에도 굴욕 없는 모습이었다.",
                "subjectConsistencyYn": "Y"
            },
            {
                "sentenceNo": 5,
                "sentenceContent": "\\\"밤에 부르고 난리냐\\\"며 짜증을 내는 모습에도 소탈한 미모가 빛을 발했다.",
                "subjectConsistencyYn": "Y"
            },
            {
                "sentenceNo": 6,
                "sentenceContent": "이를 본 네티즌들은 \\\"화장 안 해도 이쁘다\\\" \\\"전후 차이 없네\\\" \\\"송지효 정말 털털하다\\\"와 같은 반응을 보였다.",
                "subjectConsistencyYn": "Y"
            },
            {
                "sentenceNo": 7,
                "sentenceContent": "이렇게 송지효의 완벽한 민낯이 화제를 모으며, 화장하지 않은 기초 피부 관리에 관한 관심이 증가하는 가운데 (주)ART 랩에서는 피부관리 앱 스킨 로그를 출시해 화제를 모으고 있다.",
                "subjectConsistencyYn": "N"
            },
            {
                "sentenceNo": 8,
                "sentenceContent": "스킨 로그는 홈 케어 필수 아이템, 피부 일기, 피부진단, 화장품 관리, 커뮤니티까지 피부와 관련된 모든 활동을 앱에서 진행 가능하며 Play 스토어 및 애플스토어에서 무료로 다운로드 후 사용이 가능하다.",
                "subjectConsistencyYn": "N"
            }
        ],
        "clickbaitClass": 0
    }
}