{
    "sourceDataInfo": {
        "newsID": "ET_M03_627871",
        "newsCategory": "연예",
        "newsSubcategory": "연예가화제",
        "newsTitle": "김우주 \\\"귀신이 보인다\\\" 정신병 행세…실형 선고 '징역 1년'",
        "newsSubTitle": "",
        "newsContent": "김우주 \\\"귀신이 보인다\\\" 정신병 행세…상고도 기각 '징역 1년' 병역 기피 혐의를 받고 있는 힙합 가수 김우주가 실형을 선고받았다.\n27일 법조계에 따르면 지난 21일 대법원 2부는 병역법 위반 혐의로 기소된 김우주의 상고를 기각 판결했다.\n지난달 7일 진행된 항소심에서도 법원은 \\\"김우주가 2년 넘게 정신과 의사에게 정신병을 앓고 있는 것처럼 거짓 행세를 해 결국 병역처분을 변경 받았다. 다른 병역 의무자들과의 형평성을 고려할 때 엄중히 처벌할 필요가 있다\\\"며 항소를 기각하고, 원심과 마찬가지로 징역 1년을 선고했다.\n이에 판결에 불복한 김우주는 같은 달 10일 상고장을 접수했지만, 대법원은 이를 기각했다.\n앞서 김우주는 \\\"귀신이 보인다\\\"는 증세를 호소하며 정신과 진료를 받은 뒤 정신질환자 진단을 받아 지난해 10월 공익 요원 대상자가 됐다.\n하지만 이같은 사실이 거짓임이 드러나 1심에서 징역 1년을 선고받았다.\n2005년 앨범 '인사이드 마이 헐트(inside my heart)'로 데뷔한 김우주는 이후 그룹 올드타임의 멤버로 활동하며 2010년 앨범 '언더와 오버사이 Part.1'와 '그녀가 떠나간다', '언더와 오버사이 Part.2' 등을 발매했다.\n온라인 중앙일보 [사진 김우주 트위터]",
        "partNum": "P2",
        "useType": 0,
        "processType": "D",
        "processPattern": "23",
        "processLevel": "중",
        "sentenceCount": 8,
        "processSentencenum": 4,
        "sentenceInfo": [
            {
                "sentenceNo": 1,
                "sentenceContent": "김우주 \\\"귀신이 보인다\\\" 정신병 행세…상고도 기각 '징역 1년' 병역 기피 혐의를 받고 있는 힙합 가수 김우주가 실형을 선고받았다.",
                "sentenceSize": 75
            },
            {
                "sentenceNo": 2,
                "sentenceContent": "27일 법조계에 따르면 지난 21일 대법원 2부는 병역법 위반 혐의로 기소된 김우주의 상고를 기각 판결했다.",
                "sentenceSize": 60
            },
            {
                "sentenceNo": 3,
                "sentenceContent": "지난달 7일 진행된 항소심에서도 법원은 \\\"김우주가 2년 넘게 정신과 의사에게 정신병을 앓고 있는 것처럼 거짓 행세를 해 결국 병역처분을 변경 받았다. 다른 병역 의무자들과의 형평성을 고려할 때 엄중히 처벌할 필요가 있다\\\"며 항소를 기각하고, 원심과 마찬가지로 징역 1년을 선고했다.",
                "sentenceSize": 159
            },
            {
                "sentenceNo": 4,
                "sentenceContent": "이에 판결에 불복한 김우주는 같은 달 10일 상고장을 접수했지만, 대법원은 이를 기각했다.",
                "sentenceSize": 50
            },
            {
                "sentenceNo": 5,
                "sentenceContent": "앞서 김우주는 \\\"귀신이 보인다\\\"는 증세를 호소하며 정신과 진료를 받은 뒤 정신질환자 진단을 받아 지난해 10월 공익 요원 대상자가 됐다.",
                "sentenceSize": 78
            },
            {
                "sentenceNo": 6,
                "sentenceContent": "하지만 이같은 사실이 거짓임이 드러나 1심에서 징역 1년을 선고받았다.",
                "sentenceSize": 39
            },
            {
                "sentenceNo": 7,
                "sentenceContent": "2005년 앨범 '인사이드 마이 헐트(inside my heart)'로 데뷔한 김우주는 이후 그룹 올드타임의 멤버로 활동하며 2010년 앨범 '언더와 오버사이 Part.1'와 '그녀가 떠나간다', '언더와 오버사이 Part.2' 등을 발매했다.",
                "sentenceSize": 136
            },
            {
                "sentenceNo": 8,
                "sentenceContent": "온라인 중앙일보 [사진 김우주 트위터]",
                "sentenceSize": 21
            }
        ]
    },
    "labeledDataInfo": {
        "processSentenceInfo": [
            {
                "sentenceNo": 1,
                "sentenceContent": "김우주 \\\"귀신이 보인다\\\" 정신병 행세…상고도 기각 '징역 1년' 병역 기피 혐의를 받고 있는 힙합 가수 김우주가 실형을 선고받았다.",
                "subjectConsistencyYn": "Y"
            },
            {
                "sentenceNo": 2,
                "sentenceContent": "27일 법조계에 따르면 지난 21일 대법원 2부는 병역법 위반 혐의로 기소된 김우주의 상고를 기각 판결했다.",
                "subjectConsistencyYn": "Y"
            },
            {
                "sentenceNo": 3,
                "sentenceContent": "지난달 7일 진행된 항소심에서도 법원은 \\\"김우주가 2년 넘게 정신과 의사에게 정신병을 앓고 있는 것처럼 거짓 행세를 해 결국 병역처분을 변경 받았다. 다른 병역 의무자들과의 형평성을 고려할 때 엄중히 처벌할 필요가 있다\\\"며 항소를 기각하고, 원심과 마찬가지로 징역 1년을 선고했다.",
                "subjectConsistencyYn": "Y"
            },
            {
                "sentenceNo": 4,
                "sentenceContent": "이에 판결에 불복한 김우주는 같은 달 10일 상고장을 접수했지만, 대법원은 이를 기각했다.",
                "subjectConsistencyYn": "Y"
            },
            {
                "sentenceNo": 5,
                "sentenceContent": "앞서 김우주는 \\\"귀신이 보인다\\\"는 증세를 호소하며 정신과 진료를 받은 뒤 정신질환자 진단을 받아 지난해 10월 공익 요원 대상자가 됐다.",
                "subjectConsistencyYn": "Y"
            },
            {
                "sentenceNo": 6,
                "sentenceContent": "하지만 이같은 사실이 거짓임이 드러나 1심에서 징역 1년을 선고받았다.",
                "subjectConsistencyYn": "Y"
            },
            {
                "sentenceNo": 7,
                "sentenceContent": "2005년 앨범 '인사이드 마이 헐트(inside my heart)'로 데뷔한 김우주는 이후 그룹 올드타임의 멤버로 활동하며 2010년 앨범 '언더와 오버사이 Part.1'와 '그녀가 떠나간다', '언더와 오버사이 Part.2' 등을 발매했다.",
                "subjectConsistencyYn": "Y"
            },
            {
                "sentenceNo": 8,
                "sentenceContent": "온라인 중앙일보 [사진 김우주 트위터]",
                "subjectConsistencyYn": "Y"
            },
            {
                "sentenceNo": 9,
                "sentenceContent": "한편, 김우주가 귀신이 보인다며 정신병 투병 행세를 한 것이 거짓으로 드러난 가운데, 붉은달정신의학과의원에서 조현병 집중 상담 서비스를 시작한다고 밝혔다. ",
                "subjectConsistencyYn": "N"
            },
            {
                "sentenceNo": 10,
                "sentenceContent": "‘조현병`은 망상, 환청, 와해한 언어와 행동 등을 보여, 주변 사람들에게 상당한 고통을 줄 수 있다. ",
                "subjectConsistencyYn": "N"
            },
            {
                "sentenceNo": 11,
                "sentenceContent": "일부 환자의 경우 예후가 좋지 않고 만성적인 경과를 보이기도 해 붉은달정신의학과의원에서는 조현병 의심 환자를 우선으로 상담하는 기간을 마련한다고 밝혔다.",
                "subjectConsistencyYn": "N"
            },
            {
                "sentenceNo": 12,
                "sentenceContent": "'조현병 집중 상담 서비스'는 오는 29일부터 시작된다.",
                "subjectConsistencyYn": "N"
            }
        ],
        "clickbaitClass": 0
    }
}