{
    "sourceDataInfo": {
        "newsID": "ET_M03_627358",
        "newsCategory": "연예",
        "newsSubcategory": "연예가화제",
        "newsTitle": "팬 위해 수화로 대화한 서현진의 특별한 배려",
        "newsSubTitle": "",
        "newsContent": "배우 서현진이 팬 사인회에서 수화로 대화하는 모습이 포착됐다.\n서현진은 29일 한방 헤어케어 브랜드 '댕기 머리' 팬 사인회를 위해 서울 강남구 삼성동 코엑스를 찾았다.\n30일 한 온라인 커뮤니티에는 \\\"어제 서현진 팬 사인회에서 한 남성분이 사인을 받으러 오셨는데 말씀을 잘 못 하고 머뭇거리셨다\\\"며 \\\"알고 보니 그 팬은 청각장애가 있으셨는데 서현진은 당황하지 않고 곧바로 간단한 수화로 소통했다\\\"는 후일담이 게재됐다.\nSNS에도 서현진이 남성 팬을 위해 \\\"사랑합니다\\\"라고 수화를 하는 모습을 담은 영상이 게재됐다.\n서현진의 수화에 이 남성은 엄지를 치켜세웠고, 야구공에도 사인해달라고 부탁했다.\n서현진은 환하게 웃으며 고개를 끄떡였다.\n이날 팬 사인회에 갔던 네티즌은 \\\"수화로 대화한 서현진에게서 친정과 다정을 넘어서 '배려'가 느껴졌다\\\"고 평했다.",
        "partNum": "P2",
        "useType": 0,
        "processType": "D",
        "processPattern": "23",
        "processLevel": "중",
        "sentenceCount": 7,
        "processSentencenum": 4,
        "sentenceInfo": [
            {
                "sentenceNo": 1,
                "sentenceContent": "배우 서현진이 팬 사인회에서 수화로 대화하는 모습이 포착됐다.",
                "sentenceSize": 34
            },
            {
                "sentenceNo": 2,
                "sentenceContent": "서현진은 29일 한방 헤어케어 브랜드 '댕기 머리' 팬 사인회를 위해 서울 강남구 삼성동 코엑스를 찾았다.",
                "sentenceSize": 59
            },
            {
                "sentenceNo": 3,
                "sentenceContent": "30일 한 온라인 커뮤니티에는 \\\"어제 서현진 팬 사인회에서 한 남성분이 사인을 받으러 오셨는데 말씀을 잘 못 하고 머뭇거리셨다\\\"며 \\\"알고 보니 그 팬은 청각장애가 있으셨는데 서현진은 당황하지 않고 곧바로 간단한 수화로 소통했다\\\"는 후일담이 게재됐다.",
                "sentenceSize": 143
            },
            {
                "sentenceNo": 4,
                "sentenceContent": "SNS에도 서현진이 남성 팬을 위해 \\\"사랑합니다\\\"라고 수화를 하는 모습을 담은 영상이 게재됐다.",
                "sentenceSize": 55
            },
            {
                "sentenceNo": 5,
                "sentenceContent": "서현진의 수화에 이 남성은 엄지를 치켜세웠고, 야구공에도 사인해달라고 부탁했다.",
                "sentenceSize": 44
            },
            {
                "sentenceNo": 6,
                "sentenceContent": "서현진은 환하게 웃으며 고개를 끄떡였다.",
                "sentenceSize": 22
            },
            {
                "sentenceNo": 7,
                "sentenceContent": "이날 팬 사인회에 갔던 네티즌은 \\\"수화로 대화한 서현진에게서 친정과 다정을 넘어서 '배려'가 느껴졌다\\\"고 평했다.",
                "sentenceSize": 65
            }
        ]
    },
    "labeledDataInfo": {
        "processSentenceInfo": [
            {
                "sentenceNo": 1,
                "sentenceContent": "배우 서현진이 팬 사인회에서 수화로 대화하는 모습이 포착됐다.",
                "subjectConsistencyYn": "Y"
            },
            {
                "sentenceNo": 2,
                "sentenceContent": "서현진은 29일 한방 헤어케어 브랜드 '댕기 머리' 팬 사인회를 위해 서울 강남구 삼성동 코엑스를 찾았다.",
                "subjectConsistencyYn": "Y"
            },
            {
                "sentenceNo": 3,
                "sentenceContent": "30일 한 온라인 커뮤니티에는 \\\"어제 서현진 팬 사인회에서 한 남성분이 사인을 받으러 오셨는데 말씀을 잘 못 하고 머뭇거리셨다\\\"며 \\\"알고 보니 그 팬은 청각장애가 있으셨는데 서현진은 당황하지 않고 곧바로 간단한 수화로 소통했다\\\"는 후일담이 게재됐다.",
                "subjectConsistencyYn": "Y"
            },
            {
                "sentenceNo": 4,
                "sentenceContent": "SNS에도 서현진이 남성 팬을 위해 \\\"사랑합니다\\\"라고 수화를 하는 모습을 담은 영상이 게재됐다.",
                "subjectConsistencyYn": "Y"
            },
            {
                "sentenceNo": 5,
                "sentenceContent": "서현진의 수화에 이 남성은 엄지를 치켜세웠고, 야구공에도 사인해달라고 부탁했다.",
                "subjectConsistencyYn": "Y"
            },
            {
                "sentenceNo": 6,
                "sentenceContent": "서현진은 환하게 웃으며 고개를 끄떡였다.",
                "subjectConsistencyYn": "Y"
            },
            {
                "sentenceNo": 7,
                "sentenceContent": "이날 팬 사인회에 갔던 네티즌은 \\\"수화로 대화한 서현진에게서 친정과 다정을 넘어서 '배려'가 느껴졌다\\\"고 평했다.",
                "subjectConsistencyYn": "Y"
            },
            {
                "sentenceNo": 8,
                "sentenceContent": "서현진이 청각 장애인 팬과 수화로 소통한 사실이 알려지면서 온라인 수화 클래스 `손으로 말해요`가 화제에 올랐다.",
                "subjectConsistencyYn": "N"
            },
            {
                "sentenceNo": 9,
                "sentenceContent": "수화를 전혀 해본 적 없는 수화 초보자를 위한 강의다.",
                "subjectConsistencyYn": "N"
            },
            {
                "sentenceNo": 10,
                "sentenceContent": "회당 30분 분량의 강의로 총 60회로 구성되어 있다.",
                "subjectConsistencyYn": "N"
            },
            {
                "sentenceNo": 11,
                "sentenceContent": "`손으로 말해요`는 강남수어교육원 홈페이지에서 수강할 수 있다.",
                "subjectConsistencyYn": "N"
            }
        ],
        "clickbaitClass": 0
    }
}