{
    "sourceDataInfo": {
        "newsID": "ET_M03_627329",
        "newsCategory": "연예",
        "newsSubcategory": "연예가화제",
        "newsTitle": "\\\"요즘 05년생 일진\\\"이라고 회자되는 사진",
        "newsSubTitle": "",
        "newsContent": "한 초등학생이 팔과 목, 손에 한 문신을 공개해 놀라움을 자아냈다.\n최근 각종 온라인 커뮤니티를 통해 ‘2005년생 일진의 근황’이라는 사진이 공유되고 있다.\n왼쪽 팔 전체에 화려한 문신을 새긴 그는 자신이 05년생임을 밝히며 “친하게 지낼 분”을 구하고 있다.\n이어 그는 “(문신이) 토시 아니고 합성도 아니”라며 ‘리얼 타투’라고 강조했다.\n그는 “부산 서면 타투 샵에서 명암까지 넣어 250 줬다”고 말하며 “날씨도 안 좋은데 담배나 피우러 가야겠다”고 말해 네티즌들을 충격에 빠뜨렸다.\n이에 커뮤니티에선 “손목 자세히 보면 경계선이 있다. 블러 처리한 것 같다”며 문신이 가짜라고 주장하는 의견부터 “애한테 250 받고 해주는 타투 샵이라니...” “예나 지금이나 허세는 달라진 게 없다” “아이야... 왜 그러니….” 등 다양한 반응을 보인다.",
        "partNum": "P2",
        "useType": 0,
        "processType": "D",
        "processPattern": "23",
        "processLevel": "중",
        "sentenceCount": 6,
        "processSentencenum": 3,
        "sentenceInfo": [
            {
                "sentenceNo": 1,
                "sentenceContent": "한 초등학생이 팔과 목, 손에 한 문신을 공개해 놀라움을 자아냈다.",
                "sentenceSize": 37
            },
            {
                "sentenceNo": 2,
                "sentenceContent": "최근 각종 온라인 커뮤니티를 통해 ‘2005년생 일진의 근황’이라는 사진이 공유되고 있다.",
                "sentenceSize": 50
            },
            {
                "sentenceNo": 3,
                "sentenceContent": "왼쪽 팔 전체에 화려한 문신을 새긴 그는 자신이 05년생임을 밝히며 “친하게 지낼 분”을 구하고 있다.",
                "sentenceSize": 57
            },
            {
                "sentenceNo": 4,
                "sentenceContent": "이어 그는 “(문신이) 토시 아니고 합성도 아니”라며 ‘리얼 타투’라고 강조했다.",
                "sentenceSize": 45
            },
            {
                "sentenceNo": 5,
                "sentenceContent": "그는 “부산 서면 타투 샵에서 명암까지 넣어 250 줬다”고 말하며 “날씨도 안 좋은데 담배나 피우러 가야겠다”고 말해 네티즌들을 충격에 빠뜨렸다.",
                "sentenceSize": 82
            },
            {
                "sentenceNo": 6,
                "sentenceContent": "이에 커뮤니티에선 “손목 자세히 보면 경계선이 있다. 블러 처리한 것 같다”며 문신이 가짜라고 주장하는 의견부터 “애한테 250 받고 해주는 타투 샵이라니...” “예나 지금이나 허세는 달라진 게 없다” “아이야... 왜 그러니….” 등 다양한 반응을 보인다.",
                "sentenceSize": 145
            }
        ]
    },
    "labeledDataInfo": {
        "processSentenceInfo": [
            {
                "sentenceNo": 1,
                "sentenceContent": "한 초등학생이 팔과 목, 손에 한 문신을 공개해 놀라움을 자아냈다.",
                "subjectConsistencyYn": "Y"
            },
            {
                "sentenceNo": 2,
                "sentenceContent": "최근 각종 온라인 커뮤니티를 통해 ‘2005년생 일진의 근황’이라는 사진이 공유되고 있다.",
                "subjectConsistencyYn": "Y"
            },
            {
                "sentenceNo": 3,
                "sentenceContent": "왼쪽 팔 전체에 화려한 문신을 새긴 그는 자신이 05년생임을 밝히며 “친하게 지낼 분”을 구하고 있다.",
                "subjectConsistencyYn": "Y"
            },
            {
                "sentenceNo": 4,
                "sentenceContent": "이어 그는 “(문신이) 토시 아니고 합성도 아니”라며 ‘리얼 타투’라고 강조했다.",
                "subjectConsistencyYn": "Y"
            },
            {
                "sentenceNo": 5,
                "sentenceContent": "그는 “부산 서면 타투 샵에서 명암까지 넣어 250 줬다”고 말하며 “날씨도 안 좋은데 담배나 피우러 가야겠다”고 말해 네티즌들을 충격에 빠뜨렸다.",
                "subjectConsistencyYn": "Y"
            },
            {
                "sentenceNo": 6,
                "sentenceContent": "이에 커뮤니티에선 “손목 자세히 보면 경계선이 있다. 블러 처리한 것 같다”며 문신이 가짜라고 주장하는 의견부터 “애한테 250 받고 해주는 타투 샵이라니...” “예나 지금이나 허세는 달라진 게 없다” “아이야... 왜 그러니….” 등 다양한 반응을 보인다.",
                "subjectConsistencyYn": "Y"
            },
            {
                "sentenceNo": 7,
                "sentenceContent": "온라인 커뮤니티를 통해 왼쪽 팔 전체에 문신을 새긴 초등학생의 사진이 논란이 된 가운데, 강남동안의원이 `문신 제거 이벤트`를 진행한다고 밝혔다.",
                "subjectConsistencyYn": "N"
            },
            {
                "sentenceNo": 8,
                "sentenceContent": "강남동안의원은 문신 제거 시술 시 미국 Cynosure사에서 Accolade 다음 버전으로 출시한 피코슈어 레이저를 이용한다. ",
                "subjectConsistencyYn": "N"
            },
            {
                "sentenceNo": 9,
                "sentenceContent": "문신 제거 이벤트는 5회 시술비용 선결제 시 시술 1회를 추가로 이용할 수 있는 이벤트로 내달 30일까지 진행된다.",
                "subjectConsistencyYn": "N"
            }
        ],
        "clickbaitClass": 0
    }
}