{
    "sourceDataInfo": {
        "newsID": "ET_M03_627319",
        "newsCategory": "연예",
        "newsSubcategory": "연예가화제",
        "newsTitle": "'철통 보안' 이효리, 틈 사이로 살짝 보인 '의외의' 헤어스타일",
        "newsSubTitle": "",
        "newsContent": "7월 컴백을 앞둔 가수 이효리의 헤어스타일이 살짝 공개돼 눈길을 끌고 있다.\n이효리는 14일 오후 네이버 V라이브 케이튠콜렉티브 채널을 통해 '효리의 브이앱 데뷔'를 방송했다.\n이날 이효리는 \\\"저는 지금 뮤직비디오 촬영차 미국 로스앤젤레스(LA)로 출국을 위해 공항에 나와 있다\\\"며 방송을 시작했다.\n그러면서 \\\"이제 곧 MBC '무한도전'과 JTBC '효리네 민박' 방송이 될 예정이다. 오랜만에 하는 방송이다 보니 긴장도 됐는데, 재미있게 잘 찍었으니 즐겁게 봐주셨으면 좋겠다\\\"고 당부했다.\n머리를 보여달라는 팬의 요청에는 \\\"머리는 지금 보여줄 수 있는 상태가 아니다. 급하게 머리를 땋다 보니 약간 벌칙 머리가 됐다\\\"고 말했다.\n그러나 그가 모자로 가린 틈 사이로 헤어스타일이 살짝 드러나기도 했다. '블레이즈'(땋은 머리)를 했다는 추측이다.\n이를 발견한 일부 네티즌은 \\\"이효리가 뮤직비디오 촬영을 미국으로 떠나는 만큼 강렬한 이미지를 선보이는 것 아니냐\\\"고 말하기도 했다.\n한편 이효리는 이날 오후 인천국제공항을 통해 타이틀곡 뮤직비디오 촬영차 미국으로 출국했다.",
        "partNum": "P2",
        "useType": 0,
        "processType": "D",
        "processPattern": "23",
        "processLevel": "중",
        "sentenceCount": 8,
        "processSentencenum": 3,
        "sentenceInfo": [
            {
                "sentenceNo": 1,
                "sentenceContent": "7월 컴백을 앞둔 가수 이효리의 헤어스타일이 살짝 공개돼 눈길을 끌고 있다.",
                "sentenceSize": 42
            },
            {
                "sentenceNo": 2,
                "sentenceContent": "이효리는 14일 오후 네이버 V라이브 케이튠콜렉티브 채널을 통해 '효리의 브이앱 데뷔'를 방송했다.",
                "sentenceSize": 55
            },
            {
                "sentenceNo": 3,
                "sentenceContent": "이날 이효리는 \\\"저는 지금 뮤직비디오 촬영차 미국 로스앤젤레스(LA)로 출국을 위해 공항에 나와 있다\\\"며 방송을 시작했다.",
                "sentenceSize": 70
            },
            {
                "sentenceNo": 4,
                "sentenceContent": "그러면서 \\\"이제 곧 MBC '무한도전'과 JTBC '효리네 민박' 방송이 될 예정이다. 오랜만에 하는 방송이다 보니 긴장도 됐는데, 재미있게 잘 찍었으니 즐겁게 봐주셨으면 좋겠다\\\"고 당부했다.",
                "sentenceSize": 109
            },
            {
                "sentenceNo": 5,
                "sentenceContent": "머리를 보여달라는 팬의 요청에는 \\\"머리는 지금 보여줄 수 있는 상태가 아니다. 급하게 머리를 땋다 보니 약간 벌칙 머리가 됐다\\\"고 말했다.",
                "sentenceSize": 79
            },
            {
                "sentenceNo": 6,
                "sentenceContent": "그러나 그가 모자로 가린 틈 사이로 헤어스타일이 살짝 드러나기도 했다. '블레이즈'(땋은 머리)를 했다는 추측이다.",
                "sentenceSize": 64
            },
            {
                "sentenceNo": 7,
                "sentenceContent": "이를 발견한 일부 네티즌은 \\\"이효리가 뮤직비디오 촬영을 미국으로 떠나는 만큼 강렬한 이미지를 선보이는 것 아니냐\\\"고 말하기도 했다.",
                "sentenceSize": 75
            },
            {
                "sentenceNo": 8,
                "sentenceContent": "한편 이효리는 이날 오후 인천국제공항을 통해 타이틀곡 뮤직비디오 촬영차 미국으로 출국했다.",
                "sentenceSize": 50
            }
        ]
    },
    "labeledDataInfo": {
        "processSentenceInfo": [
            {
                "sentenceNo": 1,
                "sentenceContent": "7월 컴백을 앞둔 가수 이효리의 헤어스타일이 살짝 공개돼 눈길을 끌고 있다.",
                "subjectConsistencyYn": "Y"
            },
            {
                "sentenceNo": 2,
                "sentenceContent": "이효리는 14일 오후 네이버 V라이브 케이튠콜렉티브 채널을 통해 '효리의 브이앱 데뷔'를 방송했다.",
                "subjectConsistencyYn": "Y"
            },
            {
                "sentenceNo": 3,
                "sentenceContent": "이날 이효리는 \\\"저는 지금 뮤직비디오 촬영차 미국 로스앤젤레스(LA)로 출국을 위해 공항에 나와 있다\\\"며 방송을 시작했다.",
                "subjectConsistencyYn": "Y"
            },
            {
                "sentenceNo": 4,
                "sentenceContent": "그러면서 \\\"이제 곧 MBC '무한도전'과 JTBC '효리네 민박' 방송이 될 예정이다. 오랜만에 하는 방송이다 보니 긴장도 됐는데, 재미있게 잘 찍었으니 즐겁게 봐주셨으면 좋겠다\\\"고 당부했다.",
                "subjectConsistencyYn": "Y"
            },
            {
                "sentenceNo": 5,
                "sentenceContent": "머리를 보여달라는 팬의 요청에는 \\\"머리는 지금 보여줄 수 있는 상태가 아니다. 급하게 머리를 땋다 보니 약간 벌칙 머리가 됐다\\\"고 말했다.",
                "subjectConsistencyYn": "Y"
            },
            {
                "sentenceNo": 6,
                "sentenceContent": "그러나 그가 모자로 가린 틈 사이로 헤어스타일이 살짝 드러나기도 했다. '블레이즈'(땋은 머리)를 했다는 추측이다.",
                "subjectConsistencyYn": "Y"
            },
            {
                "sentenceNo": 7,
                "sentenceContent": "이를 발견한 일부 네티즌은 \\\"이효리가 뮤직비디오 촬영을 미국으로 떠나는 만큼 강렬한 이미지를 선보이는 것 아니냐\\\"고 말하기도 했다.",
                "subjectConsistencyYn": "Y"
            },
            {
                "sentenceNo": 8,
                "sentenceContent": "한편 이효리는 이날 오후 인천국제공항을 통해 타이틀곡 뮤직비디오 촬영차 미국으로 출국했다.",
                "subjectConsistencyYn": "Y"
            },
            {
                "sentenceNo": 9,
                "sentenceContent": "이효리가 `효리의 브이앱 데뷔`를 방송하던 중 블레이즈 머리가 살짝 노출되면서, 그녀의 헤어를 담당하는 헤어샵 `레드`의 첫 방문 이벤트에 관심이 높아지고 있다. ",
                "subjectConsistencyYn": "N"
            },
            {
                "sentenceNo": 10,
                "sentenceContent": "레드는 처음 방문한 고객이 염색 시술 시, 무코타 클리닉 3단계를 추가 비용 없이 병행 진행할 예정이라고 밝혔다.  ",
                "subjectConsistencyYn": "N"
            },
            {
                "sentenceNo": 11,
                "sentenceContent": "레드는 강남구 강남대로120길에 있는 대형 시계탑 맞은편에 있다. ",
                "subjectConsistencyYn": "N"
            }
        ],
        "clickbaitClass": 0
    }
}