{
    "sourceDataInfo": {
        "newsID": "ET_M03_627292",
        "newsCategory": "연예",
        "newsSubcategory": "연예가화제",
        "newsTitle": "“말도 안 되게 잘 생겼다” 말 들은 손지창ㆍ오연수 아들",
        "newsSubTitle": "",
        "newsContent": "배우 오연수(46)의 두 아들이 외모 칭찬을 들었다.\n오연수는 25일 방송된 SBS ‘미운 우리 새끼’에 특별 MC로 출연해 “첫째는 고3, 둘째는 중2”라며 두 아들의 사진을 공개했다.\n사진을 본 어머니들은 두 아들의 외모에 감탄했고 MC 서장훈은 “아들들이 말도 안 되게 잘 생겼다”고 놀라워 했다.\n김건모 모친은 둘째 아들을 보고 “쟤는 어디 탤런트 같다”고 칭찬하며 “아들들이 조금만 더 나이가 들면 사람들이 오연수와 애인인 줄 오해할 수도 있겠다”고 말했다.\n그러자 오연수는 “실제로도 애인 사이인 줄 오해하는 사람들이 있다”고 했다.\n오연수는 출연 계기에 대해 “나도 두 아들을 키우니까 ‘미운 우리 새끼’를 즐겨봤다”며 “남편 손지창이 ‘섭외 다 끝났다’라고 말해서 출연하는 것을 알게 됐다”고 밝혔다.\n두 아들 이야기를 들은 김건모 모친은 오연수에게 “그 집 아들들은 미운 우리 새끼가 안 되길 바란다”고 조언하기도 했다.",
        "partNum": "P2",
        "useType": 0,
        "processType": "D",
        "processPattern": "23",
        "processLevel": "중",
        "sentenceCount": 7,
        "processSentencenum": 3,
        "sentenceInfo": [
            {
                "sentenceNo": 1,
                "sentenceContent": "배우 오연수(46)의 두 아들이 외모 칭찬을 들었다.",
                "sentenceSize": 29
            },
            {
                "sentenceNo": 2,
                "sentenceContent": "오연수는 25일 방송된 SBS ‘미운 우리 새끼’에 특별 MC로 출연해 “첫째는 고3, 둘째는 중2”라며 두 아들의 사진을 공개했다.",
                "sentenceSize": 74
            },
            {
                "sentenceNo": 3,
                "sentenceContent": "사진을 본 어머니들은 두 아들의 외모에 감탄했고 MC 서장훈은 “아들들이 말도 안 되게 잘 생겼다”고 놀라워 했다.",
                "sentenceSize": 64
            },
            {
                "sentenceNo": 4,
                "sentenceContent": "김건모 모친은 둘째 아들을 보고 “쟤는 어디 탤런트 같다”고 칭찬하며 “아들들이 조금만 더 나이가 들면 사람들이 오연수와 애인인 줄 오해할 수도 있겠다”고 말했다.",
                "sentenceSize": 91
            },
            {
                "sentenceNo": 5,
                "sentenceContent": "그러자 오연수는 “실제로도 애인 사이인 줄 오해하는 사람들이 있다”고 했다.",
                "sentenceSize": 42
            },
            {
                "sentenceNo": 6,
                "sentenceContent": "오연수는 출연 계기에 대해 “나도 두 아들을 키우니까 ‘미운 우리 새끼’를 즐겨봤다”며 “남편 손지창이 ‘섭외 다 끝났다’라고 말해서 출연하는 것을 알게 됐다”고 밝혔다.",
                "sentenceSize": 95
            },
            {
                "sentenceNo": 7,
                "sentenceContent": "두 아들 이야기를 들은 김건모 모친은 오연수에게 “그 집 아들들은 미운 우리 새끼가 안 되길 바란다”고 조언하기도 했다.",
                "sentenceSize": 67
            }
        ]
    },
    "labeledDataInfo": {
        "processSentenceInfo": [
            {
                "sentenceNo": 1,
                "sentenceContent": "배우 오연수(46)의 두 아들이 외모 칭찬을 들었다.",
                "subjectConsistencyYn": "Y"
            },
            {
                "sentenceNo": 2,
                "sentenceContent": "오연수는 25일 방송된 SBS ‘미운 우리 새끼’에 특별 MC로 출연해 “첫째는 고3, 둘째는 중2”라며 두 아들의 사진을 공개했다.",
                "subjectConsistencyYn": "Y"
            },
            {
                "sentenceNo": 3,
                "sentenceContent": "사진을 본 어머니들은 두 아들의 외모에 감탄했고 MC 서장훈은 “아들들이 말도 안 되게 잘 생겼다”고 놀라워 했다.",
                "subjectConsistencyYn": "Y"
            },
            {
                "sentenceNo": 4,
                "sentenceContent": "김건모 모친은 둘째 아들을 보고 “쟤는 어디 탤런트 같다”고 칭찬하며 “아들들이 조금만 더 나이가 들면 사람들이 오연수와 애인인 줄 오해할 수도 있겠다”고 말했다.",
                "subjectConsistencyYn": "Y"
            },
            {
                "sentenceNo": 5,
                "sentenceContent": "그러자 오연수는 “실제로도 애인 사이인 줄 오해하는 사람들이 있다”고 했다.",
                "subjectConsistencyYn": "Y"
            },
            {
                "sentenceNo": 6,
                "sentenceContent": "오연수는 출연 계기에 대해 “나도 두 아들을 키우니까 ‘미운 우리 새끼’를 즐겨봤다”며 “남편 손지창이 ‘섭외 다 끝났다’라고 말해서 출연하는 것을 알게 됐다”고 밝혔다.",
                "subjectConsistencyYn": "Y"
            },
            {
                "sentenceNo": 7,
                "sentenceContent": "두 아들 이야기를 들은 김건모 모친은 오연수에게 “그 집 아들들은 미운 우리 새끼가 안 되길 바란다”고 조언하기도 했다.",
                "subjectConsistencyYn": "Y"
            },
            {
                "sentenceNo": 8,
                "sentenceContent": "배우 오연수의 초등학교, 중학교 아들이 외모 칭찬을 들은 가운데 KT에서 초등학생 대상 라이브 교육 플랫폼 '크루디'를 출시했다고 밝혔다.",
                "subjectConsistencyYn": "N"
            },
            {
                "sentenceNo": 9,
                "sentenceContent": "크루디는 그룹을 의미하는 '크루(crew)'와 학습을 의미하는 '스터디(study)'를 결합한 것으로, 교사와 학생들이 하나의 모임 형태로 함께 배우고 참여하는 실시간 온라인 교육 서비스이다.",
                "subjectConsistencyYn": "N"
            },
            {
                "sentenceNo": 10,
                "sentenceContent": "한편, 크루디 신규 가입시 정규 수업 결제 때 첫 달 90% 할인 행사도 12월까지 적용한다고 밝혀 초등생 학부모의 뜨거운 관심을 받고 있다.",
                "subjectConsistencyYn": "N"
            }
        ],
        "clickbaitClass": 0
    }
}