{
    "sourceDataInfo": {
        "newsID": "ET_M03_627614",
        "newsCategory": "연예",
        "newsSubcategory": "연예가화제",
        "newsTitle": "아이콘 데뷔 콘서트 ‘쇼타임’ 게스트 누구? 에픽하이·지누션… '역시 YG패밀리'",
        "newsSubTitle": "",
        "newsContent": "아이콘 데뷔 콘서트 ‘쇼타임’ 게스트 누구? 에픽하이·지누션… '역시 YG패밀리' 힙합그룹 지누션과 에픽하이가 YG 신인그룹 아이콘의 데뷔 콘서트 '쇼타임(SHOWTIME)'의 특별 게스트로 나서 지원사격 할 예정이다.\n아이콘은 지난달 15일 선공개곡 '취향저격'을 히트시킨 데 이어 1일 데뷔하프앨범 '웰컴 백(WELCOME BACK)'을 발표했다.\n발표한 이번 앨범은 국내 주요 음원차트 1위, 아이튠즈 앨범차트 11개국 1위를 차지하며 큰 인기를 얻고 있다.\n아이콘은 오는 3일 서울 올림픽공원 체조경기장에서 데뷔 콘서트를 통해 팬들과 만난다.\n아이콘의 데뷔 콘서트에 소속사 선배인 지누션과 에픽하이가 게스트로 참여한다.\n에픽하이와 지누션은 아이콘의 데뷔 전부터 각별한 인연을 이어왔다.\n아이콘의 비아이와 바비는 에픽하이가 지난해 10월 발표한 정규 8집 앨범 수록곡 '본 헤이터(Born Hater)'의 피처링과 뮤직비디오에 참여했다.\n또 지난 7월 31일부터 8월 9일까지 진행된 에픽하이 소극장 콘서트 '현재상영중'에 깜짝 게스트로 등장해 YG 패밀리의 우정을 과시했다.\n또 두 사람은 '쇼미더머니4' 심사위원 특별 무대에 올라 에픽하이와 지누션이 이끈 YG팀을 지원 사격해 화제를 모은 바 있다. ‘아이콘’ ‘아이콘’ 온라인 중앙일보 [사진 YG 엔터테인먼트 제공]",
        "partNum": "P2",
        "useType": 0,
        "processType": "D",
        "processPattern": "23",
        "processLevel": "중",
        "sentenceCount": 9,
        "processSentencenum": 4,
        "sentenceInfo": [
            {
                "sentenceNo": 1,
                "sentenceContent": "아이콘 데뷔 콘서트 ‘쇼타임’ 게스트 누구? 에픽하이·지누션… '역시 YG패밀리' 힙합그룹 지누션과 에픽하이가 YG 신인그룹 아이콘의 데뷔 콘서트 '쇼타임(SHOWTIME)'의 특별 게스트로 나서 지원사격 할 예정이다.",
                "sentenceSize": 122
            },
            {
                "sentenceNo": 2,
                "sentenceContent": "아이콘은 지난달 15일 선공개곡 '취향저격'을 히트시킨 데 이어 1일 데뷔하프앨범 '웰컴 백(WELCOME BACK)'을 발표했다.",
                "sentenceSize": 73
            },
            {
                "sentenceNo": 3,
                "sentenceContent": "발표한 이번 앨범은 국내 주요 음원차트 1위, 아이튠즈 앨범차트 11개국 1위를 차지하며 큰 인기를 얻고 있다.",
                "sentenceSize": 62
            },
            {
                "sentenceNo": 4,
                "sentenceContent": "아이콘은 오는 3일 서울 올림픽공원 체조경기장에서 데뷔 콘서트를 통해 팬들과 만난다.",
                "sentenceSize": 47
            },
            {
                "sentenceNo": 5,
                "sentenceContent": "아이콘의 데뷔 콘서트에 소속사 선배인 지누션과 에픽하이가 게스트로 참여한다.",
                "sentenceSize": 42
            },
            {
                "sentenceNo": 6,
                "sentenceContent": "에픽하이와 지누션은 아이콘의 데뷔 전부터 각별한 인연을 이어왔다.",
                "sentenceSize": 36
            },
            {
                "sentenceNo": 7,
                "sentenceContent": "아이콘의 비아이와 바비는 에픽하이가 지난해 10월 발표한 정규 8집 앨범 수록곡 '본 헤이터(Born Hater)'의 피처링과 뮤직비디오에 참여했다.",
                "sentenceSize": 83
            },
            {
                "sentenceNo": 8,
                "sentenceContent": "또 지난 7월 31일부터 8월 9일까지 진행된 에픽하이 소극장 콘서트 '현재상영중'에 깜짝 게스트로 등장해 YG 패밀리의 우정을 과시했다.",
                "sentenceSize": 77
            },
            {
                "sentenceNo": 9,
                "sentenceContent": "또 두 사람은 '쇼미더머니4' 심사위원 특별 무대에 올라 에픽하이와 지누션이 이끈 YG팀을 지원 사격해 화제를 모은 바 있다. ‘아이콘’ ‘아이콘’ 온라인 중앙일보 [사진 YG 엔터테인먼트 제공]",
                "sentenceSize": 109
            }
        ]
    },
    "labeledDataInfo": {
        "processSentenceInfo": [
            {
                "sentenceNo": 1,
                "sentenceContent": "아이콘 데뷔 콘서트 ‘쇼타임’ 게스트 누구? 에픽하이·지누션… '역시 YG패밀리' 힙합그룹 지누션과 에픽하이가 YG 신인그룹 아이콘의 데뷔 콘서트 '쇼타임(SHOWTIME)'의 특별 게스트로 나서 지원사격 할 예정이다.",
                "subjectConsistencyYn": "Y"
            },
            {
                "sentenceNo": 2,
                "sentenceContent": "아이콘은 지난달 15일 선공개곡 '취향저격'을 히트시킨 데 이어 1일 데뷔하프앨범 '웰컴 백(WELCOME BACK)'을 발표했다.",
                "subjectConsistencyYn": "Y"
            },
            {
                "sentenceNo": 3,
                "sentenceContent": "발표한 이번 앨범은 국내 주요 음원차트 1위, 아이튠즈 앨범차트 11개국 1위를 차지하며 큰 인기를 얻고 있다.",
                "subjectConsistencyYn": "Y"
            },
            {
                "sentenceNo": 4,
                "sentenceContent": "아이콘은 오는 3일 서울 올림픽공원 체조경기장에서 데뷔 콘서트를 통해 팬들과 만난다.",
                "subjectConsistencyYn": "Y"
            },
            {
                "sentenceNo": 5,
                "sentenceContent": "아이콘의 데뷔 콘서트에 소속사 선배인 지누션과 에픽하이가 게스트로 참여한다.",
                "subjectConsistencyYn": "Y"
            },
            {
                "sentenceNo": 6,
                "sentenceContent": "에픽하이와 지누션은 아이콘의 데뷔 전부터 각별한 인연을 이어왔다.",
                "subjectConsistencyYn": "Y"
            },
            {
                "sentenceNo": 7,
                "sentenceContent": "아이콘의 비아이와 바비는 에픽하이가 지난해 10월 발표한 정규 8집 앨범 수록곡 '본 헤이터(Born Hater)'의 피처링과 뮤직비디오에 참여했다.",
                "subjectConsistencyYn": "Y"
            },
            {
                "sentenceNo": 8,
                "sentenceContent": "또 지난 7월 31일부터 8월 9일까지 진행된 에픽하이 소극장 콘서트 '현재상영중'에 깜짝 게스트로 등장해 YG 패밀리의 우정을 과시했다.",
                "subjectConsistencyYn": "Y"
            },
            {
                "sentenceNo": 9,
                "sentenceContent": "또 두 사람은 '쇼미더머니4' 심사위원 특별 무대에 올라 에픽하이와 지누션이 이끈 YG팀을 지원 사격해 화제를 모은 바 있다. ‘아이콘’ ‘아이콘’ 온라인 중앙일보 [사진 YG 엔터테인먼트 제공]",
                "subjectConsistencyYn": "Y"
            },
            {
                "sentenceNo": 10,
                "sentenceContent": "한편, 아이콘의 데뷔 하프앨범 '웰컴 백'을 최초 공개한 지니 뮤직은 최근 애플워치 단독 재생 모드가 탑재된 지니 앱 5.0.2 버전을 출시하여 주목받고 있다. ",
                "subjectConsistencyYn": "N"
            },
            {
                "sentenceNo": 11,
                "sentenceContent": "지니 앱 5.0.2 버전은 단독 재생 모드를 탑재하였는데, 단독 재생 모드는 아이폰을 실행하거나 별도의 설정을 하지 않고 애플워치만으로도 음원 스트리밍 등 지니뮤직의 핵심 서비스를 자유롭게 이용할 수 있는 기능이다. ",
                "subjectConsistencyYn": "N"
            },
            {
                "sentenceNo": 12,
                "sentenceContent": "지니뮤직은 앱 5.0.2 업데이트를 통해 애플워치에 간편하게 로그인 될 뿐만 아니라 재생도 쉽게 할 수 있도록 구성해 이용자의 편의를 높였다. ",
                "subjectConsistencyYn": "N"
            },
            {
                "sentenceNo": 13,
                "sentenceContent": "김태훈 지니뮤직 본부장은 “이번 애플워치 단독 재생 탑재를 기반으로 다양한 IT 디바이스를 통한 음악 서비스를 지속적으로 확대할 예정”이라며 “앞으로도 고객 중심 사고로 소비자가 보다 쉽고 편리하게 지니뮤직을 이용할 수 있도록 노력하겠다”라고 말했다. ",
                "subjectConsistencyYn": "N"
            }
        ],
        "clickbaitClass": 0
    }
}