{
    "sourceDataInfo": {
        "newsID": "ET_M03_627631",
        "newsCategory": "연예",
        "newsSubcategory": "연예가화제",
        "newsTitle": "마녀사냥 아유미, 단독 게스트 출격…'19금 입담 기대↑'",
        "newsSubTitle": "",
        "newsContent": "걸그룹 슈가 출신 가수 아유미(31·본명 이아유미)가 JTBC '마녀사냥'에 출연한다.\nJTBC 관계자는 28일 오후 (더팩트)에 \\\"아유미가 이날 예능 프로그램 '마녀사냥' 녹화에 단독 게스트로 참여한다\\\"고 전했다.\n아유미가 한국 예능 프로그램에 출연하는 것은 지난 2006년 이후 약 9년 만으로 국내 활동 당시 귀여운 매력으로 팬들의 사랑을 한몸에 받았던 아유미가 '마녀사냥'에 출연해 어떤 '19금' 입담을 뽐낼지 기대감을 모으고 있다.\n이어 '마녀사냥' 이후 한국 활동을 재개할지도 큰 기대를 모으고 있다.\n한국 활동을 중단하고 일본으로 건너갔던 아유미는 지난 2010년 아이코닉이라는 이름으로 데뷔해 가수 활동과 함께 연기 및 광고 모델을 병행해 이어왔다.\n한편 아유미가 출연하는 '마녀사냥'은 다음 달 9일 전파를 탄다.\n마녀사냥 아유미 [사진 중앙DB] 온라인 중앙일보",
        "partNum": "P2",
        "useType": 0,
        "processType": "D",
        "processPattern": "23",
        "processLevel": "중",
        "sentenceCount": 7,
        "processSentencenum": 2,
        "sentenceInfo": [
            {
                "sentenceNo": 1,
                "sentenceContent": "걸그룹 슈가 출신 가수 아유미(31·본명 이아유미)가 JTBC '마녀사냥'에 출연한다.",
                "sentenceSize": 48
            },
            {
                "sentenceNo": 2,
                "sentenceContent": "JTBC 관계자는 28일 오후 (더팩트)에 \\\"아유미가 이날 예능 프로그램 '마녀사냥' 녹화에 단독 게스트로 참여한다\\\"고 전했다.",
                "sentenceSize": 73
            },
            {
                "sentenceNo": 3,
                "sentenceContent": "아유미가 한국 예능 프로그램에 출연하는 것은 지난 2006년 이후 약 9년 만으로 국내 활동 당시 귀여운 매력으로 팬들의 사랑을 한몸에 받았던 아유미가 '마녀사냥'에 출연해 어떤 '19금' 입담을 뽐낼지 기대감을 모으고 있다.",
                "sentenceSize": 126
            },
            {
                "sentenceNo": 4,
                "sentenceContent": "이어 '마녀사냥' 이후 한국 활동을 재개할지도 큰 기대를 모으고 있다.",
                "sentenceSize": 39
            },
            {
                "sentenceNo": 5,
                "sentenceContent": "한국 활동을 중단하고 일본으로 건너갔던 아유미는 지난 2010년 아이코닉이라는 이름으로 데뷔해 가수 활동과 함께 연기 및 광고 모델을 병행해 이어왔다.",
                "sentenceSize": 84
            },
            {
                "sentenceNo": 6,
                "sentenceContent": "한편 아유미가 출연하는 '마녀사냥'은 다음 달 9일 전파를 탄다.",
                "sentenceSize": 36
            },
            {
                "sentenceNo": 7,
                "sentenceContent": "마녀사냥 아유미 [사진 중앙DB] 온라인 중앙일보",
                "sentenceSize": 27
            }
        ]
    },
    "labeledDataInfo": {
        "processSentenceInfo": [
            {
                "sentenceNo": 1,
                "sentenceContent": "걸그룹 슈가 출신 가수 아유미(31·본명 이아유미)가 JTBC '마녀사냥'에 출연한다.",
                "subjectConsistencyYn": "Y"
            },
            {
                "sentenceNo": 2,
                "sentenceContent": "JTBC 관계자는 28일 오후 (더팩트)에 \\\"아유미가 이날 예능 프로그램 '마녀사냥' 녹화에 단독 게스트로 참여한다\\\"고 전했다.",
                "subjectConsistencyYn": "Y"
            },
            {
                "sentenceNo": 3,
                "sentenceContent": "아유미가 한국 예능 프로그램에 출연하는 것은 지난 2006년 이후 약 9년 만으로 국내 활동 당시 귀여운 매력으로 팬들의 사랑을 한몸에 받았던 아유미가 '마녀사냥'에 출연해 어떤 '19금' 입담을 뽐낼지 기대감을 모으고 있다.",
                "subjectConsistencyYn": "Y"
            },
            {
                "sentenceNo": 4,
                "sentenceContent": "이어 '마녀사냥' 이후 한국 활동을 재개할지도 큰 기대를 모으고 있다.",
                "subjectConsistencyYn": "Y"
            },
            {
                "sentenceNo": 5,
                "sentenceContent": "한국 활동을 중단하고 일본으로 건너갔던 아유미는 지난 2010년 아이코닉이라는 이름으로 데뷔해 가수 활동과 함께 연기 및 광고 모델을 병행해 이어왔다.",
                "subjectConsistencyYn": "Y"
            },
            {
                "sentenceNo": 6,
                "sentenceContent": "한편 아유미가 출연하는 '마녀사냥'은 다음 달 9일 전파를 탄다.",
                "subjectConsistencyYn": "Y"
            },
            {
                "sentenceNo": 7,
                "sentenceContent": "마녀사냥 아유미 [사진 중앙DB] 온라인 중앙일보",
                "subjectConsistencyYn": "Y"
            },
            {
                "sentenceNo": 8,
                "sentenceContent": "아유미가 왕성한 활동을 이어 나가는 가운데, 수개월 전부터 아유미가 모델로 활동한 롯데제과에서 11월 11일 '빼빼로데이'를 앞두고 '우편 배송 서비스'를 실시한다고 밝혔다. ",
                "subjectConsistencyYn": "N"
            },
            {
                "sentenceNo": 9,
                "sentenceContent": "'우편 배송 서비스'는 빼빼로 상자 뒷면에 우표를 붙이고 받을 사람 이름과 주소를 적은 후 가까운 우체통에 넣으면 우편 발송된다.",
                "subjectConsistencyYn": "N"
            }
        ],
        "clickbaitClass": 0
    }
}