{
    "sourceDataInfo": {
        "newsID": "ET_M03_627825",
        "newsCategory": "연예",
        "newsSubcategory": "연예가화제",
        "newsTitle": "조현영 박두식 막돼먹은 영애씨 시즌14, 취중 키스 '너무 리얼해'",
        "newsSubTitle": "",
        "newsContent": "조현영 막돼먹은 영애씨 시즌14 박두식과, 취중 키스 '너무 리얼해' ‘막돼먹은 영애씨 시즌14’ 조현영과 박두식이 취중 키스를 나눠 눈길을 끌고 있다.\n지난달 31일 방송된 tvN 월화드라마 ‘막돼먹은 영애씨 시즌14’에서는 조현영(조현영 분)과 박두식(박두식)이 술김에 취중 키스하는 모습이 그려졌다.\n이날 방송에서 조현영은 박선호(박선호)에게 퇴짜 맞은 뒤 박두식을 술자리로 불러내 함께 술을 마셨다.\n이후 술에 취한 조현영은 박선호에게 퇴짜를 맞은 것에 분통을 터뜨리며 “내가 안 예뻐? 내가 얼마나 섹시한데”라며 자신의 매력을 어필했고, 춤을 추다가 계단에서 발을 헛디뎠다.\n이때 넘어지던 조현영을 박두식이 잡았고, 눈이 마주친 두 사람은 이내 격정적인 키스를 나눠 눈길을 끌었다.\n온라인 중앙일보 '막돼먹은 영애씨 시즌 조현영 박두식'.",
        "partNum": "P2",
        "useType": 0,
        "processType": "D",
        "processPattern": "23",
        "processLevel": "중",
        "sentenceCount": 6,
        "processSentencenum": 2,
        "sentenceInfo": [
            {
                "sentenceNo": 1,
                "sentenceContent": "조현영 막돼먹은 영애씨 시즌14 박두식과, 취중 키스 '너무 리얼해' ‘막돼먹은 영애씨 시즌14’ 조현영과 박두식이 취중 키스를 나눠 눈길을 끌고 있다.",
                "sentenceSize": 85
            },
            {
                "sentenceNo": 2,
                "sentenceContent": "지난달 31일 방송된 tvN 월화드라마 ‘막돼먹은 영애씨 시즌14’에서는 조현영(조현영 분)과 박두식(박두식)이 술김에 취중 키스하는 모습이 그려졌다.",
                "sentenceSize": 84
            },
            {
                "sentenceNo": 3,
                "sentenceContent": "이날 방송에서 조현영은 박선호(박선호)에게 퇴짜 맞은 뒤 박두식을 술자리로 불러내 함께 술을 마셨다.",
                "sentenceSize": 56
            },
            {
                "sentenceNo": 4,
                "sentenceContent": "이후 술에 취한 조현영은 박선호에게 퇴짜를 맞은 것에 분통을 터뜨리며 “내가 안 예뻐? 내가 얼마나 섹시한데”라며 자신의 매력을 어필했고, 춤을 추다가 계단에서 발을 헛디뎠다.",
                "sentenceSize": 98
            },
            {
                "sentenceNo": 5,
                "sentenceContent": "이때 넘어지던 조현영을 박두식이 잡았고, 눈이 마주친 두 사람은 이내 격정적인 키스를 나눠 눈길을 끌었다.",
                "sentenceSize": 59
            },
            {
                "sentenceNo": 6,
                "sentenceContent": "온라인 중앙일보 '막돼먹은 영애씨 시즌 조현영 박두식'.",
                "sentenceSize": 31
            }
        ]
    },
    "labeledDataInfo": {
        "processSentenceInfo": [
            {
                "sentenceNo": 1,
                "sentenceContent": "조현영 막돼먹은 영애씨 시즌14 박두식과, 취중 키스 '너무 리얼해' ‘막돼먹은 영애씨 시즌14’ 조현영과 박두식이 취중 키스를 나눠 눈길을 끌고 있다.",
                "subjectConsistencyYn": "Y"
            },
            {
                "sentenceNo": 2,
                "sentenceContent": "지난달 31일 방송된 tvN 월화드라마 ‘막돼먹은 영애씨 시즌14’에서는 조현영(조현영 분)과 박두식(박두식)이 술김에 취중 키스하는 모습이 그려졌다.",
                "subjectConsistencyYn": "Y"
            },
            {
                "sentenceNo": 3,
                "sentenceContent": "이날 방송에서 조현영은 박선호(박선호)에게 퇴짜 맞은 뒤 박두식을 술자리로 불러내 함께 술을 마셨다.",
                "subjectConsistencyYn": "Y"
            },
            {
                "sentenceNo": 4,
                "sentenceContent": "이후 술에 취한 조현영은 박선호에게 퇴짜를 맞은 것에 분통을 터뜨리며 “내가 안 예뻐? 내가 얼마나 섹시한데”라며 자신의 매력을 어필했고, 춤을 추다가 계단에서 발을 헛디뎠다.",
                "subjectConsistencyYn": "Y"
            },
            {
                "sentenceNo": 5,
                "sentenceContent": "이때 넘어지던 조현영을 박두식이 잡았고, 눈이 마주친 두 사람은 이내 격정적인 키스를 나눠 눈길을 끌었다.",
                "subjectConsistencyYn": "Y"
            },
            {
                "sentenceNo": 6,
                "sentenceContent": "온라인 중앙일보 '막돼먹은 영애씨 시즌 조현영 박두식'.",
                "subjectConsistencyYn": "Y"
            },
            {
                "sentenceNo": 7,
                "sentenceContent": "드라마의 흥행으로 뮤지컬로 제작된 막돼먹은 영애씨가 두 번째 뮤지컬 론칭과 함께 '문화 코디네이터'의 출범을 알려 눈길을 끌고 있다.",
                "subjectConsistencyYn": "N"
            },
            {
                "sentenceNo": 8,
                "sentenceContent": "뮤지컬 막돼먹은 영애씨의 뮤지컬 '문화 코디네이터'는 음주가무 회식은 지양하고 뮤지컬 관람에 소그룹 독서모임, 솔로들의 연애 및 커플들의 운세 상담 등을 특별 서비스로 제공해 바쁘고 지친 직장인들의 문화 속풀이 라이프를 책임지는 신개념 문화 컨설턴트 시스템으로 삼성역 KT&G 상상아트홀에서 만나볼 수 있다.",
                "subjectConsistencyYn": "N"
            }
        ],
        "clickbaitClass": 0
    }
}