{
    "sourceDataInfo": {
        "newsID": "ET_M03_627322",
        "newsCategory": "연예",
        "newsSubcategory": "연예가화제",
        "newsTitle": "한밤 “이은형, 김소연 결혼식 입장거부”…왜곡보도 ‘논란’",
        "newsSubTitle": "",
        "newsContent": "SBS ‘본격 연예 한밤’이 이상우-김소연 결혼식과 관련해 왜곡 보도로 질타를 받고 있다.\n13일 방송된‘’에서는 지난 9일 결혼한 이상우·김소연의 결혼식 소식을 전했다.\n비공개로 진행된 결혼식으로 '한밤' 취재진은 결혼식장 입구에서 현장을 스케치했다.\n한밤 측은 ‘하객은 아무나 하나’라며 “이 날 결혼식 필수 아이템은 청첩장이었다” “비공개 예식인 만큼 청첩장을 지참한 하객만 입장 가능했다”고 강조했다.\n이 과정에서 이은형은 청첩장 없이 결혼식을 찾았다가 경호원에게 제지당해 결국 식장에 들어가지 못한 것처럼 그려졌다.\n이에 방송만 본 일부 네티즌들이 이상우·김소연 부부를 질타하면서 사태는 더욱 악화됐다.\n하지만 이은형이 청첩장 때문에 결혼식에 입장하지 못했다는 보도는 사실이 아니었다.\n이은형은 14일 오전 자신의 SNS에 13일 방송된 SBS '본격연예 한밤'에서 전한 내용과 관련, 사실관계를 바로 잡았다.\n이은형은 네티즌들의 댓글 문의에 '아 그거 그냥 근처에 필라테스 수업을 받고 맹승지를 데리러 간 건데 찍힌 것이다'고 해명했다, 이은형은 이상우와 김소연의 결혼식에 참석한 맹승지를 픽업하기 위해 결혼식장을 방문했다.\n이은형은 자신의 SNS에 걱정스러운 댓글을 단 네티즌에게 \\\"그거 전 그냥 근처에 필라테스 수업받고 맹승지 데리러 간 건데 찍힌 거예요\\\"라는 답글을 남겼다.\n김소연 소속사 나무엑터스 측은 14일 “평소 워낙 예의 바른 배우들로 유명하다. 결혼식 당일에도 하객 한 명 한 명에게 직접 신경 썼고, 경호업체와도 직접 미팅하며 이 같은 뜻을 세심하게 전달했다. 보도에 앞서 당사자나 소속사에 확인하지 않은 내용이 왜곡돼 나와 안타깝다”고 전했다.\n이와 관련해 SBS는 해당 영상의 다시보기를 삭제한 상태다.",
        "partNum": "P2",
        "useType": 0,
        "processType": "D",
        "processPattern": "23",
        "processLevel": "중",
        "sentenceCount": 12,
        "processSentencenum": 2,
        "sentenceInfo": [
            {
                "sentenceNo": 1,
                "sentenceContent": "SBS ‘본격 연예 한밤’이 이상우-김소연 결혼식과 관련해 왜곡 보도로 질타를 받고 있다.",
                "sentenceSize": 50
            },
            {
                "sentenceNo": 2,
                "sentenceContent": "13일 방송된‘’에서는 지난 9일 결혼한 이상우·김소연의 결혼식 소식을 전했다.",
                "sentenceSize": 44
            },
            {
                "sentenceNo": 3,
                "sentenceContent": "비공개로 진행된 결혼식으로 '한밤' 취재진은 결혼식장 입구에서 현장을 스케치했다.",
                "sentenceSize": 45
            },
            {
                "sentenceNo": 4,
                "sentenceContent": "한밤 측은 ‘하객은 아무나 하나’라며 “이 날 결혼식 필수 아이템은 청첩장이었다” “비공개 예식인 만큼 청첩장을 지참한 하객만 입장 가능했다”고 강조했다.",
                "sentenceSize": 86
            },
            {
                "sentenceNo": 5,
                "sentenceContent": "이 과정에서 이은형은 청첩장 없이 결혼식을 찾았다가 경호원에게 제지당해 결국 식장에 들어가지 못한 것처럼 그려졌다.",
                "sentenceSize": 64
            },
            {
                "sentenceNo": 6,
                "sentenceContent": "이에 방송만 본 일부 네티즌들이 이상우·김소연 부부를 질타하면서 사태는 더욱 악화됐다.",
                "sentenceSize": 48
            },
            {
                "sentenceNo": 7,
                "sentenceContent": "하지만 이은형이 청첩장 때문에 결혼식에 입장하지 못했다는 보도는 사실이 아니었다.",
                "sentenceSize": 45
            },
            {
                "sentenceNo": 8,
                "sentenceContent": "이은형은 14일 오전 자신의 SNS에 13일 방송된 SBS '본격연예 한밤'에서 전한 내용과 관련, 사실관계를 바로 잡았다.",
                "sentenceSize": 69
            },
            {
                "sentenceNo": 9,
                "sentenceContent": "이은형은 네티즌들의 댓글 문의에 '아 그거 그냥 근처에 필라테스 수업을 받고 맹승지를 데리러 간 건데 찍힌 것이다'고 해명했다, 이은형은 이상우와 김소연의 결혼식에 참석한 맹승지를 픽업하기 위해 결혼식장을 방문했다.",
                "sentenceSize": 120
            },
            {
                "sentenceNo": 10,
                "sentenceContent": "이은형은 자신의 SNS에 걱정스러운 댓글을 단 네티즌에게 \\\"그거 전 그냥 근처에 필라테스 수업받고 맹승지 데리러 간 건데 찍힌 거예요\\\"라는 답글을 남겼다.",
                "sentenceSize": 88
            },
            {
                "sentenceNo": 11,
                "sentenceContent": "김소연 소속사 나무엑터스 측은 14일 “평소 워낙 예의 바른 배우들로 유명하다. 결혼식 당일에도 하객 한 명 한 명에게 직접 신경 썼고, 경호업체와도 직접 미팅하며 이 같은 뜻을 세심하게 전달했다. 보도에 앞서 당사자나 소속사에 확인하지 않은 내용이 왜곡돼 나와 안타깝다”고 전했다.",
                "sentenceSize": 158
            },
            {
                "sentenceNo": 12,
                "sentenceContent": "이와 관련해 SBS는 해당 영상의 다시보기를 삭제한 상태다.",
                "sentenceSize": 33
            }
        ]
    },
    "labeledDataInfo": {
        "processSentenceInfo": [
            {
                "sentenceNo": 1,
                "sentenceContent": "SBS ‘본격 연예 한밤’이 이상우-김소연 결혼식과 관련해 왜곡 보도로 질타를 받고 있다.",
                "subjectConsistencyYn": "Y"
            },
            {
                "sentenceNo": 2,
                "sentenceContent": "13일 방송된‘’에서는 지난 9일 결혼한 이상우·김소연의 결혼식 소식을 전했다.",
                "subjectConsistencyYn": "Y"
            },
            {
                "sentenceNo": 3,
                "sentenceContent": "비공개로 진행된 결혼식으로 '한밤' 취재진은 결혼식장 입구에서 현장을 스케치했다.",
                "subjectConsistencyYn": "Y"
            },
            {
                "sentenceNo": 4,
                "sentenceContent": "한밤 측은 ‘하객은 아무나 하나’라며 “이 날 결혼식 필수 아이템은 청첩장이었다” “비공개 예식인 만큼 청첩장을 지참한 하객만 입장 가능했다”고 강조했다.",
                "subjectConsistencyYn": "Y"
            },
            {
                "sentenceNo": 5,
                "sentenceContent": "이 과정에서 이은형은 청첩장 없이 결혼식을 찾았다가 경호원에게 제지당해 결국 식장에 들어가지 못한 것처럼 그려졌다.",
                "subjectConsistencyYn": "Y"
            },
            {
                "sentenceNo": 6,
                "sentenceContent": "이에 방송만 본 일부 네티즌들이 이상우·김소연 부부를 질타하면서 사태는 더욱 악화됐다.",
                "subjectConsistencyYn": "Y"
            },
            {
                "sentenceNo": 7,
                "sentenceContent": "하지만 이은형이 청첩장 때문에 결혼식에 입장하지 못했다는 보도는 사실이 아니었다.",
                "subjectConsistencyYn": "Y"
            },
            {
                "sentenceNo": 8,
                "sentenceContent": "이은형은 14일 오전 자신의 SNS에 13일 방송된 SBS '본격연예 한밤'에서 전한 내용과 관련, 사실관계를 바로 잡았다.",
                "subjectConsistencyYn": "Y"
            },
            {
                "sentenceNo": 9,
                "sentenceContent": "이은형은 네티즌들의 댓글 문의에 '아 그거 그냥 근처에 필라테스 수업을 받고 맹승지를 데리러 간 건데 찍힌 것이다'고 해명했다, 이은형은 이상우와 김소연의 결혼식에 참석한 맹승지를 픽업하기 위해 결혼식장을 방문했다.",
                "subjectConsistencyYn": "Y"
            },
            {
                "sentenceNo": 10,
                "sentenceContent": "이은형은 자신의 SNS에 걱정스러운 댓글을 단 네티즌에게 \\\"그거 전 그냥 근처에 필라테스 수업받고 맹승지 데리러 간 건데 찍힌 거예요\\\"라는 답글을 남겼다.",
                "subjectConsistencyYn": "Y"
            },
            {
                "sentenceNo": 11,
                "sentenceContent": "김소연 소속사 나무엑터스 측은 14일 “평소 워낙 예의 바른 배우들로 유명하다. 결혼식 당일에도 하객 한 명 한 명에게 직접 신경 썼고, 경호업체와도 직접 미팅하며 이 같은 뜻을 세심하게 전달했다. 보도에 앞서 당사자나 소속사에 확인하지 않은 내용이 왜곡돼 나와 안타깝다”고 전했다.",
                "subjectConsistencyYn": "Y"
            },
            {
                "sentenceNo": 12,
                "sentenceContent": "이와 관련해 SBS는 해당 영상의 다시보기를 삭제한 상태다.",
                "subjectConsistencyYn": "Y"
            },
            {
                "sentenceNo": 13,
                "sentenceContent": "이은형이 잘못된 보도에 대해 필라테스 수업을 받고 동료를 데리러 간 것이라는 사실을 밝히자, 그녀가 등록한 필라테스센터 `린바디`가 화제에 올랐다.",
                "subjectConsistencyYn": "N"
            },
            {
                "sentenceNo": 14,
                "sentenceContent": "`린바디`는 공식 SNS 계정을 통해 높은 관심에 힘입어 이번 달에 3개월 이상 등록하는 신규 회원을 대상으로 수강료 10% 할인 이벤트를 진행할 예정이라고 밝혔다.",
                "subjectConsistencyYn": "N"
            }
        ],
        "clickbaitClass": 0
    }
}