{
    "sourceDataInfo": {
        "newsID": "ET_M03_627837",
        "newsCategory": "연예",
        "newsSubcategory": "연예가화제",
        "newsTitle": "고지혈증에 좋은 음식, 뭐가 좋을까 …\\\"콜레스테롤 적고 콜레스테롤 낮춰주는게 주요\\\"",
        "newsSubTitle": "",
        "newsContent": "고지혈증에 좋은 음식, 뭐가 좋을까 …\\\"콜레스테롤 적고 콜레스테롤 낮춰주는게 주요\\\" 고지혈증에 좋은 음식에는 어떤 게 있을까?\n성인병은 서구화된 음식 문화로 인해 최근 어린이와 청소년에게서도 흔히 나타난다.\n많은 성인병 중 고지혈증은 혈중 콜레스테롤과 중성지방이 정상 범위 이상으로 늘어나 발생하게 된다.\n당뇨병, 고혈압 등 심혈관 질환도 발생할 수 있기 때문에 무시하기엔 너무 큰 질환이다.\n고지혈증은 식이요법과 운동을 통해서도 예방과 치료를 할 수 있으므로 평소에 식생활습관을 잘 조절하는 것이 중요하다.\n고지혈증에 도움이 되는 음식에는 어떤 것이 있는지에 대해서 알아보도록 하자. 1. 고등어 및 등푸른생선류 등푸른생선의 종류에는 고등어, 연어, 멸치, 정어리, 참치 등이 있다.\n등푸른생선에 함유된 오메가 3는 혈액을 맑게 해주고 콜레스테롤과 혈압을 낮춰주며 고지혈증을 예방해주고 심혈관 질환을 개선하는데 효능이 있다.\n주요성분으로는 dha와 epa인데, dha는 두뇌건강, 눈 건강에 도움이 되고, epa는 염증을 줄여주는 효과가 있어 관절염, 뇌졸중 예방에도 좋다. 2. 현미 곡물의 겉껍질만 벗긴 것을 통곡물이라 하며, 현미, 보리, 콩 등이 있다.\n통곡물인 현미는 당질, 미네랄, 비타민, 단백질 등 신체에 필요한 영양소가 균형 있게 함유되어 있다.\n특히, 현미에는 우리 몸에 좋은 hdl 콜레스테롤을 높여주며 동맥경화를 예방해주는 피토스테롤(phytosterol)이 많이 함유되어 있다.\n피토스테롤은 콜레스테롤과 비슷한 물질인데 인체 내에 존재하는 우리 몸에 좋지 않은 ldl 콜레스테롤의 수치를 낮춘다.\n또한, 동맥경화증을 예방하는 비타민e가 쌀겨를 포함하여 현미에 많이 포함되어 있으므로 고혈압, 심장질환 및 당뇨에도 좋다. 3. 신선한 채소와 과일 신선한 각종 채소와 과일에는 항산화 성분인 화이토케미컬과 안토시아닌, 섬유질 등의 다양한 영양 성분이 함유되어 있다.\n섬유질은 포화지방, 콜레스테롤을 대변으로 배출하는 기능이 있고 항산화 성분은 동맥경화의 주원인인 피가 끈적이지 않게 되는 것을 막아주는 역할을 한다. 4. 양파 양파의 황리알리 성분은 콜레스테롤을 낮추는 효과가 있어 고지혈증에 좋은 음식이다.\n황리알리는 비타민 b1의 체내 흡수를 높이는 작용을 해 불안해소, 신진대사 촉진, 피로회복, 콜레스테롤 억제에 도움을 준다.\n굽거나 삶으면 황리알리가 파괴되어 효능이 떨어지므로 될 수 있으면 생으로 먹는 것이 좋다.\n고지혈증에 좋은 음식 온라인 중앙일보 고지혈증에 좋은 음식",
        "partNum": "P2",
        "useType": 0,
        "processType": "D",
        "processPattern": "23",
        "processLevel": "중",
        "sentenceCount": 16,
        "processSentencenum": 2,
        "sentenceInfo": [
            {
                "sentenceNo": 1,
                "sentenceContent": "고지혈증에 좋은 음식, 뭐가 좋을까 …\\\"콜레스테롤 적고 콜레스테롤 낮춰주는게 주요\\\" 고지혈증에 좋은 음식에는 어떤 게 있을까?",
                "sentenceSize": 72
            },
            {
                "sentenceNo": 2,
                "sentenceContent": "성인병은 서구화된 음식 문화로 인해 최근 어린이와 청소년에게서도 흔히 나타난다.",
                "sentenceSize": 44
            },
            {
                "sentenceNo": 3,
                "sentenceContent": "많은 성인병 중 고지혈증은 혈중 콜레스테롤과 중성지방이 정상 범위 이상으로 늘어나 발생하게 된다.",
                "sentenceSize": 54
            },
            {
                "sentenceNo": 4,
                "sentenceContent": "당뇨병, 고혈압 등 심혈관 질환도 발생할 수 있기 때문에 무시하기엔 너무 큰 질환이다.",
                "sentenceSize": 48
            },
            {
                "sentenceNo": 5,
                "sentenceContent": "고지혈증은 식이요법과 운동을 통해서도 예방과 치료를 할 수 있으므로 평소에 식생활습관을 잘 조절하는 것이 중요하다.",
                "sentenceSize": 64
            },
            {
                "sentenceNo": 6,
                "sentenceContent": "고지혈증에 도움이 되는 음식에는 어떤 것이 있는지에 대해서 알아보도록 하자. 1. 고등어 및 등푸른생선류 등푸른생선의 종류에는 고등어, 연어, 멸치, 정어리, 참치 등이 있다.",
                "sentenceSize": 98
            },
            {
                "sentenceNo": 7,
                "sentenceContent": "등푸른생선에 함유된 오메가 3는 혈액을 맑게 해주고 콜레스테롤과 혈압을 낮춰주며 고지혈증을 예방해주고 심혈관 질환을 개선하는데 효능이 있다.",
                "sentenceSize": 78
            },
            {
                "sentenceNo": 8,
                "sentenceContent": "주요성분으로는 dha와 epa인데, dha는 두뇌건강, 눈 건강에 도움이 되고, epa는 염증을 줄여주는 효과가 있어 관절염, 뇌졸중 예방에도 좋다. 2. 현미 곡물의 겉껍질만 벗긴 것을 통곡물이라 하며, 현미, 보리, 콩 등이 있다.",
                "sentenceSize": 131
            },
            {
                "sentenceNo": 9,
                "sentenceContent": "통곡물인 현미는 당질, 미네랄, 비타민, 단백질 등 신체에 필요한 영양소가 균형 있게 함유되어 있다.",
                "sentenceSize": 56
            },
            {
                "sentenceNo": 10,
                "sentenceContent": "특히, 현미에는 우리 몸에 좋은 hdl 콜레스테롤을 높여주며 동맥경화를 예방해주는 피토스테롤(phytosterol)이 많이 함유되어 있다.",
                "sentenceSize": 77
            },
            {
                "sentenceNo": 11,
                "sentenceContent": "피토스테롤은 콜레스테롤과 비슷한 물질인데 인체 내에 존재하는 우리 몸에 좋지 않은 ldl 콜레스테롤의 수치를 낮춘다.",
                "sentenceSize": 65
            },
            {
                "sentenceNo": 12,
                "sentenceContent": "또한, 동맥경화증을 예방하는 비타민e가 쌀겨를 포함하여 현미에 많이 포함되어 있으므로 고혈압, 심장질환 및 당뇨에도 좋다. 3. 신선한 채소와 과일 신선한 각종 채소와 과일에는 항산화 성분인 화이토케미컬과 안토시아닌, 섬유질 등의 다양한 영양 성분이 함유되어 있다.",
                "sentenceSize": 148
            },
            {
                "sentenceNo": 13,
                "sentenceContent": "섬유질은 포화지방, 콜레스테롤을 대변으로 배출하는 기능이 있고 항산화 성분은 동맥경화의 주원인인 피가 끈적이지 않게 되는 것을 막아주는 역할을 한다. 4. 양파 양파의 황리알리 성분은 콜레스테롤을 낮추는 효과가 있어 고지혈증에 좋은 음식이다.",
                "sentenceSize": 135
            },
            {
                "sentenceNo": 14,
                "sentenceContent": "황리알리는 비타민 b1의 체내 흡수를 높이는 작용을 해 불안해소, 신진대사 촉진, 피로회복, 콜레스테롤 억제에 도움을 준다.",
                "sentenceSize": 69
            },
            {
                "sentenceNo": 15,
                "sentenceContent": "굽거나 삶으면 황리알리가 파괴되어 효능이 떨어지므로 될 수 있으면 생으로 먹는 것이 좋다.",
                "sentenceSize": 50
            },
            {
                "sentenceNo": 16,
                "sentenceContent": "고지혈증에 좋은 음식 온라인 중앙일보 고지혈증에 좋은 음식",
                "sentenceSize": 32
            }
        ]
    },
    "labeledDataInfo": {
        "processSentenceInfo": [
            {
                "sentenceNo": 1,
                "sentenceContent": "고지혈증에 좋은 음식, 뭐가 좋을까 …\\\"콜레스테롤 적고 콜레스테롤 낮춰주는게 주요\\\" 고지혈증에 좋은 음식에는 어떤 게 있을까?",
                "subjectConsistencyYn": "Y"
            },
            {
                "sentenceNo": 2,
                "sentenceContent": "성인병은 서구화된 음식 문화로 인해 최근 어린이와 청소년에게서도 흔히 나타난다.",
                "subjectConsistencyYn": "Y"
            },
            {
                "sentenceNo": 3,
                "sentenceContent": "많은 성인병 중 고지혈증은 혈중 콜레스테롤과 중성지방이 정상 범위 이상으로 늘어나 발생하게 된다.",
                "subjectConsistencyYn": "Y"
            },
            {
                "sentenceNo": 4,
                "sentenceContent": "당뇨병, 고혈압 등 심혈관 질환도 발생할 수 있기 때문에 무시하기엔 너무 큰 질환이다.",
                "subjectConsistencyYn": "Y"
            },
            {
                "sentenceNo": 5,
                "sentenceContent": "고지혈증은 식이요법과 운동을 통해서도 예방과 치료를 할 수 있으므로 평소에 식생활습관을 잘 조절하는 것이 중요하다.",
                "subjectConsistencyYn": "Y"
            },
            {
                "sentenceNo": 6,
                "sentenceContent": "고지혈증에 도움이 되는 음식에는 어떤 것이 있는지에 대해서 알아보도록 하자. 1. 고등어 및 등푸른생선류 등푸른생선의 종류에는 고등어, 연어, 멸치, 정어리, 참치 등이 있다.",
                "subjectConsistencyYn": "Y"
            },
            {
                "sentenceNo": 7,
                "sentenceContent": "등푸른생선에 함유된 오메가 3는 혈액을 맑게 해주고 콜레스테롤과 혈압을 낮춰주며 고지혈증을 예방해주고 심혈관 질환을 개선하는데 효능이 있다.",
                "subjectConsistencyYn": "Y"
            },
            {
                "sentenceNo": 8,
                "sentenceContent": "주요성분으로는 dha와 epa인데, dha는 두뇌건강, 눈 건강에 도움이 되고, epa는 염증을 줄여주는 효과가 있어 관절염, 뇌졸중 예방에도 좋다. 2. 현미 곡물의 겉껍질만 벗긴 것을 통곡물이라 하며, 현미, 보리, 콩 등이 있다.",
                "subjectConsistencyYn": "Y"
            },
            {
                "sentenceNo": 9,
                "sentenceContent": "통곡물인 현미는 당질, 미네랄, 비타민, 단백질 등 신체에 필요한 영양소가 균형 있게 함유되어 있다.",
                "subjectConsistencyYn": "Y"
            },
            {
                "sentenceNo": 10,
                "sentenceContent": "특히, 현미에는 우리 몸에 좋은 hdl 콜레스테롤을 높여주며 동맥경화를 예방해주는 피토스테롤(phytosterol)이 많이 함유되어 있다.",
                "subjectConsistencyYn": "Y"
            },
            {
                "sentenceNo": 11,
                "sentenceContent": "피토스테롤은 콜레스테롤과 비슷한 물질인데 인체 내에 존재하는 우리 몸에 좋지 않은 ldl 콜레스테롤의 수치를 낮춘다.",
                "subjectConsistencyYn": "Y"
            },
            {
                "sentenceNo": 12,
                "sentenceContent": "또한, 동맥경화증을 예방하는 비타민e가 쌀겨를 포함하여 현미에 많이 포함되어 있으므로 고혈압, 심장질환 및 당뇨에도 좋다. 3. 신선한 채소와 과일 신선한 각종 채소와 과일에는 항산화 성분인 화이토케미컬과 안토시아닌, 섬유질 등의 다양한 영양 성분이 함유되어 있다.",
                "subjectConsistencyYn": "Y"
            },
            {
                "sentenceNo": 13,
                "sentenceContent": "섬유질은 포화지방, 콜레스테롤을 대변으로 배출하는 기능이 있고 항산화 성분은 동맥경화의 주원인인 피가 끈적이지 않게 되는 것을 막아주는 역할을 한다. 4. 양파 양파의 황리알리 성분은 콜레스테롤을 낮추는 효과가 있어 고지혈증에 좋은 음식이다.",
                "subjectConsistencyYn": "Y"
            },
            {
                "sentenceNo": 14,
                "sentenceContent": "황리알리는 비타민 b1의 체내 흡수를 높이는 작용을 해 불안해소, 신진대사 촉진, 피로회복, 콜레스테롤 억제에 도움을 준다.",
                "subjectConsistencyYn": "Y"
            },
            {
                "sentenceNo": 15,
                "sentenceContent": "굽거나 삶으면 황리알리가 파괴되어 효능이 떨어지므로 될 수 있으면 생으로 먹는 것이 좋다.",
                "subjectConsistencyYn": "Y"
            },
            {
                "sentenceNo": 16,
                "sentenceContent": "고지혈증에 좋은 음식 온라인 중앙일보 고지혈증에 좋은 음식",
                "subjectConsistencyYn": "Y"
            },
            {
                "sentenceNo": 17,
                "sentenceContent": "하지만, 고지혈증에 좋은 음식을 알고 있으면서도 막상 영양 잡힌 식단을 짜는 것은 쉽지 않으므로 앱을 통해 바쁜 현대인들에게 1:1로 건강한 식단 관리 코칭을 해주는 '눔(Noom)'을 사용해 보기를 추천한다. ",
                "subjectConsistencyYn": "N"
            },
            {
                "sentenceNo": 18,
                "sentenceContent": "'눔'의 전문 코치는 식품 영양, 임상 영양, 체육 등 관련 분야 전문가들로 구성되어 있으며, 가입 후 이용자가 코치에게 1:1로 상담받고, 예산을 잡아, 구성한 식단을 편리하게 집으로 받아 볼 수 있다는 특징이 있다. ",
                "subjectConsistencyYn": "N"
            }
        ],
        "clickbaitClass": 0
    }
}