{
    "sourceDataInfo": {
        "newsID": "ET_M03_627627",
        "newsCategory": "연예",
        "newsSubcategory": "연예가화제",
        "newsTitle": "신소율 ‘미세스캅’ 종영소감 밝혀… “더 좋은 연기와 작품으로 사랑에 보답”",
        "newsSubTitle": "",
        "newsContent": "신소율 ‘미세스캅’ 종영소감 밝혀… “더 좋은 연기와 작품으로 사랑에 보답” 신소율이 ‘미세스캅’ 종영소감을 밝혔다.\n29일 마지막 방송을 앞둔 SBS 월화드라마 ‘미세스캅’에서 똑 부러지는 고시생 ‘최남진’ 역을 맡은 신소율이 아쉬운 종영소감을 전했다.\n이날 신소율은 “좋은 작품에 함께할 수 있어서 너무 행복했고 감독님과 작가님을 포함한 모든 스태프들에게 감사 인사를 전하고 싶다”고 종영소감의 운을 뗐다.\n이어 “최남진을 사랑해주고 성원해주신 많은 시청자 여러분들께도 감사드린다. 앞으로 더 좋은 연기와 작품으로 사랑에 보답하겠다”고 시청자들을 향한 감사 인사도 덧붙였다.\n극중 최영진(김희애 분)의 동생이자 바쁜 언니를 대신해 실질적인 가장 역할을 하는 고시생 ‘최남진’ 역을 연기한 신소율은 번번히 시험에 떨어져 좌절했다가도 이내 용기를 잃지 않는 당차고 씩씩한 여장부의 모습을 보여 많은 시청자들의 호평을 받았다.\n한편 ‘미세스캅’은 금일 밤 10시에 마지막 방송을 한다. ‘신소율 미세스캅 종영소감’ ‘신소율 미세스캅 종영소감’ 온라인 중앙일보 [사진 가족액터스]",
        "partNum": "P2",
        "useType": 0,
        "processType": "D",
        "processPattern": "23",
        "processLevel": "중",
        "sentenceCount": 6,
        "processSentencenum": 3,
        "sentenceInfo": [
            {
                "sentenceNo": 1,
                "sentenceContent": "신소율 ‘미세스캅’ 종영소감 밝혀… “더 좋은 연기와 작품으로 사랑에 보답” 신소율이 ‘미세스캅’ 종영소감을 밝혔다.",
                "sentenceSize": 65
            },
            {
                "sentenceNo": 2,
                "sentenceContent": "29일 마지막 방송을 앞둔 SBS 월화드라마 ‘미세스캅’에서 똑 부러지는 고시생 ‘최남진’ 역을 맡은 신소율이 아쉬운 종영소감을 전했다.",
                "sentenceSize": 76
            },
            {
                "sentenceNo": 3,
                "sentenceContent": "이날 신소율은 “좋은 작품에 함께할 수 있어서 너무 행복했고 감독님과 작가님을 포함한 모든 스태프들에게 감사 인사를 전하고 싶다”고 종영소감의 운을 뗐다.",
                "sentenceSize": 86
            },
            {
                "sentenceNo": 4,
                "sentenceContent": "이어 “최남진을 사랑해주고 성원해주신 많은 시청자 여러분들께도 감사드린다. 앞으로 더 좋은 연기와 작품으로 사랑에 보답하겠다”고 시청자들을 향한 감사 인사도 덧붙였다.",
                "sentenceSize": 93
            },
            {
                "sentenceNo": 5,
                "sentenceContent": "극중 최영진(김희애 분)의 동생이자 바쁜 언니를 대신해 실질적인 가장 역할을 하는 고시생 ‘최남진’ 역을 연기한 신소율은 번번히 시험에 떨어져 좌절했다가도 이내 용기를 잃지 않는 당차고 씩씩한 여장부의 모습을 보여 많은 시청자들의 호평을 받았다.",
                "sentenceSize": 137
            },
            {
                "sentenceNo": 6,
                "sentenceContent": "한편 ‘미세스캅’은 금일 밤 10시에 마지막 방송을 한다. ‘신소율 미세스캅 종영소감’ ‘신소율 미세스캅 종영소감’ 온라인 중앙일보 [사진 가족액터스]",
                "sentenceSize": 84
            }
        ]
    },
    "labeledDataInfo": {
        "processSentenceInfo": [
            {
                "sentenceNo": 1,
                "sentenceContent": "신소율 ‘미세스캅’ 종영소감 밝혀… “더 좋은 연기와 작품으로 사랑에 보답” 신소율이 ‘미세스캅’ 종영소감을 밝혔다.",
                "subjectConsistencyYn": "Y"
            },
            {
                "sentenceNo": 2,
                "sentenceContent": "29일 마지막 방송을 앞둔 SBS 월화드라마 ‘미세스캅’에서 똑 부러지는 고시생 ‘최남진’ 역을 맡은 신소율이 아쉬운 종영소감을 전했다.",
                "subjectConsistencyYn": "Y"
            },
            {
                "sentenceNo": 3,
                "sentenceContent": "이날 신소율은 “좋은 작품에 함께할 수 있어서 너무 행복했고 감독님과 작가님을 포함한 모든 스태프들에게 감사 인사를 전하고 싶다”고 종영소감의 운을 뗐다.",
                "subjectConsistencyYn": "Y"
            },
            {
                "sentenceNo": 4,
                "sentenceContent": "이어 “최남진을 사랑해주고 성원해주신 많은 시청자 여러분들께도 감사드린다. 앞으로 더 좋은 연기와 작품으로 사랑에 보답하겠다”고 시청자들을 향한 감사 인사도 덧붙였다.",
                "subjectConsistencyYn": "Y"
            },
            {
                "sentenceNo": 5,
                "sentenceContent": "극중 최영진(김희애 분)의 동생이자 바쁜 언니를 대신해 실질적인 가장 역할을 하는 고시생 ‘최남진’ 역을 연기한 신소율은 번번히 시험에 떨어져 좌절했다가도 이내 용기를 잃지 않는 당차고 씩씩한 여장부의 모습을 보여 많은 시청자들의 호평을 받았다.",
                "subjectConsistencyYn": "Y"
            },
            {
                "sentenceNo": 6,
                "sentenceContent": "한편 ‘미세스캅’은 금일 밤 10시에 마지막 방송을 한다. ‘신소율 미세스캅 종영소감’ ‘신소율 미세스캅 종영소감’ 온라인 중앙일보 [사진 가족액터스]",
                "subjectConsistencyYn": "Y"
            },
            {
                "sentenceNo": 7,
                "sentenceContent": "신소율이 소속된 YG엔터테인먼트에서 소속 연예인의 정보가 담긴 스마트폰용 애플리케이션 'YG패밀리'를 출시했다고 밝혔다. ",
                "subjectConsistencyYn": "N"
            },
            {
                "sentenceNo": 8,
                "sentenceContent": "'YG패밀리'는 빅뱅, 투애니원, 신소율, 아이콘 등 소속 연예인의 모든 정보를 한눈에 볼 수 있는 것이 특징이다. ",
                "subjectConsistencyYn": "N"
            },
            {
                "sentenceNo": 9,
                "sentenceContent": "앱에는 연예인의 방송 출연 정보 및 프로필 이미지, 음반 수록곡과 영상 등 콘텐츠가 담겼으며, 아이폰 앱스토어와 안드로이드 마켓에서 무료로 내려받을 수 있으며 한국어와 영어로 서비스된다. ",
                "subjectConsistencyYn": "N"
            }
        ],
        "clickbaitClass": 0
    }
}