{
    "sourceDataInfo": {
        "newsID": "ET_M03_627440",
        "newsCategory": "연예",
        "newsSubcategory": "연예가화제",
        "newsTitle": "육룡이 나르샤, 세자 책봉을 둘러싼 첨예한 대립…선택의 기로에 선 신세경",
        "newsSubTitle": "",
        "newsContent": "육룡이나르샤 '육룡이 나르샤'의 신세경이 선택의 기로에 놓인다. 15일 오후 방송될 SBS 월화드라마 '육룡이 나르샤' 39회에서는 정도전(김명민)과 이방원(유아인)을 두고 선택의 기로에 놓인 분이(신세경)의 모습이 방송될 예정이다.\n이날 방송의 예고편에서 민다경(공승연)은 이방원에게 \\\"의연군 마마가 세자가 된다면 이 나라가 삼봉의 손아귀에 들어가는 것이다\\\"고 말한다.\n정도전은 의안대군, 이방석을 세자로 책봉하려는 이성계(천호진)에게 \\\"저에게 전권을 주시겠냐\\\"고 묻고, 이성계는 \\\"의연군, 방석이를 지켜 달라\\\"고 부탁한다.\n연희(정유민)는 분이에게 정도전과 이방원에 대해 언급하며 \\\"네가 선택해야 될 시기\\\"라고 말한다.\n이를 들은 분이는 조영규(민성욱)를 찾아가 \\\"이제 정말로 삼봉 어르신이랑 저희랑 갈라서는 것이냐\\\"고 묻는다.\n조선건국 이후 새 나라의 방향에 대한 공신들의 대립이 첨예한 가운데 드라마는 연일 높은 시청률로 시청자들의 사랑을 받고 있다.\n육료이 나르샤 39회는 15일(월) 오후 10시에 방송된다.",
        "partNum": "P2",
        "useType": 0,
        "processType": "D",
        "processPattern": "23",
        "processLevel": "중",
        "sentenceCount": 7,
        "processSentencenum": 2,
        "sentenceInfo": [
            {
                "sentenceNo": 1,
                "sentenceContent": "육룡이나르샤 '육룡이 나르샤'의 신세경이 선택의 기로에 놓인다. 15일 오후 방송될 SBS 월화드라마 '육룡이 나르샤' 39회에서는 정도전(김명민)과 이방원(유아인)을 두고 선택의 기로에 놓인 분이(신세경)의 모습이 방송될 예정이다.",
                "sentenceSize": 130
            },
            {
                "sentenceNo": 2,
                "sentenceContent": "이날 방송의 예고편에서 민다경(공승연)은 이방원에게 \\\"의연군 마마가 세자가 된다면 이 나라가 삼봉의 손아귀에 들어가는 것이다\\\"고 말한다.",
                "sentenceSize": 78
            },
            {
                "sentenceNo": 3,
                "sentenceContent": "정도전은 의안대군, 이방석을 세자로 책봉하려는 이성계(천호진)에게 \\\"저에게 전권을 주시겠냐\\\"고 묻고, 이성계는 \\\"의연군, 방석이를 지켜 달라\\\"고 부탁한다.",
                "sentenceSize": 90
            },
            {
                "sentenceNo": 4,
                "sentenceContent": "연희(정유민)는 분이에게 정도전과 이방원에 대해 언급하며 \\\"네가 선택해야 될 시기\\\"라고 말한다.",
                "sentenceSize": 55
            },
            {
                "sentenceNo": 5,
                "sentenceContent": "이를 들은 분이는 조영규(민성욱)를 찾아가 \\\"이제 정말로 삼봉 어르신이랑 저희랑 갈라서는 것이냐\\\"고 묻는다.",
                "sentenceSize": 62
            },
            {
                "sentenceNo": 6,
                "sentenceContent": "조선건국 이후 새 나라의 방향에 대한 공신들의 대립이 첨예한 가운데 드라마는 연일 높은 시청률로 시청자들의 사랑을 받고 있다.",
                "sentenceSize": 70
            },
            {
                "sentenceNo": 7,
                "sentenceContent": "육료이 나르샤 39회는 15일(월) 오후 10시에 방송된다.",
                "sentenceSize": 33
            }
        ]
    },
    "labeledDataInfo": {
        "processSentenceInfo": [
            {
                "sentenceNo": 1,
                "sentenceContent": "육룡이나르샤 '육룡이 나르샤'의 신세경이 선택의 기로에 놓인다. 15일 오후 방송될 SBS 월화드라마 '육룡이 나르샤' 39회에서는 정도전(김명민)과 이방원(유아인)을 두고 선택의 기로에 놓인 분이(신세경)의 모습이 방송될 예정이다.",
                "subjectConsistencyYn": "Y"
            },
            {
                "sentenceNo": 2,
                "sentenceContent": "이날 방송의 예고편에서 민다경(공승연)은 이방원에게 \\\"의연군 마마가 세자가 된다면 이 나라가 삼봉의 손아귀에 들어가는 것이다\\\"고 말한다.",
                "subjectConsistencyYn": "Y"
            },
            {
                "sentenceNo": 3,
                "sentenceContent": "정도전은 의안대군, 이방석을 세자로 책봉하려는 이성계(천호진)에게 \\\"저에게 전권을 주시겠냐\\\"고 묻고, 이성계는 \\\"의연군, 방석이를 지켜 달라\\\"고 부탁한다.",
                "subjectConsistencyYn": "Y"
            },
            {
                "sentenceNo": 4,
                "sentenceContent": "연희(정유민)는 분이에게 정도전과 이방원에 대해 언급하며 \\\"네가 선택해야 될 시기\\\"라고 말한다.",
                "subjectConsistencyYn": "Y"
            },
            {
                "sentenceNo": 5,
                "sentenceContent": "이를 들은 분이는 조영규(민성욱)를 찾아가 \\\"이제 정말로 삼봉 어르신이랑 저희랑 갈라서는 것이냐\\\"고 묻는다.",
                "subjectConsistencyYn": "Y"
            },
            {
                "sentenceNo": 6,
                "sentenceContent": "조선건국 이후 새 나라의 방향에 대한 공신들의 대립이 첨예한 가운데 드라마는 연일 높은 시청률로 시청자들의 사랑을 받고 있다.",
                "subjectConsistencyYn": "Y"
            },
            {
                "sentenceNo": 7,
                "sentenceContent": "육료이 나르샤 39회는 15일(월) 오후 10시에 방송된다.",
                "subjectConsistencyYn": "Y"
            },
            {
                "sentenceNo": 8,
                "sentenceContent": "드라마에서 빛나는 피부로 주목받고 있는 신세경이 피부관리 전문 기업 지수에스테틱 모델로 발탁됐다. ",
                "subjectConsistencyYn": "N"
            },
            {
                "sentenceNo": 9,
                "sentenceContent": "피부관리와 윤곽관리프로그램을 제공하는 지수에스테틱은 고객의 피부 컨디션에 맞는 1:1 관리가 특징으로, 지수에스테틱만의 맞춤 관리 서비스는 지수에스테틱 전국 29개 숍에서 만나볼 수 있다. ",
                "subjectConsistencyYn": "N"
            }
        ],
        "clickbaitClass": 0
    }
}