{
    "sourceDataInfo": {
        "newsID": "ET_M03_627393",
        "newsCategory": "연예",
        "newsSubcategory": "영화",
        "newsTitle": "[매거진M | 디테일의 재발견] '비밀은 없다'의 꽃",
        "newsSubTitle": "",
        "newsContent": "지난 칼럼(174호) ‘바그다드 카페’(1987, 7월 14일 재개봉, 퍼시 애들론 감독)에 이어 이번에도 꽃 이야기다.\n텍스트는 이경미 감독의 ‘비밀은 없다’(6월 23일 개봉)다.\n이 영화에서 꽃은 엄마 연홍(손예진)과 딸 민진(신지훈)을 이어 주는 매개체이자.\n민진과 친구 미옥(김소희)의 공간을 채우는 테마이기도 하다.!\n스포일러가 있습니다.\n영화 초반부. 집에 홀로 남은 연홍의 딸 민진은 무료한 듯 마당에서 그네를 탄다.\n이때 전화 한 통이 온다.\n휴대전화 바탕 화면에는 꽃 이미지가 뜬다.\n이 꽃은 민진의 노트 표지의 꽃 이미지와 같고, 그가 항상 듣는 조앤 페이의 앨범 ‘와일드 로즈 힐(Wild Rose Hill)’ 이미지와도 이어진다.\n이 아이에게 꽃은 언제나 곁에 있는 존재다.\n마치 엄마가 아이에게 그러는 것처럼. 하지만 현실은 그렇지 못하다.\n정치인 아버지(김주혁)을 둔 탓에, 그의 엄마는 아빠의 내조에 바쁘다.\n대신 꽃이 마치 부적처럼 아이와 함께한다.\n아이가 꽃과 항상 함께하는 건 따지고 보면 엄마 연홍의 영향이다.\n민진이 실종된 후 종찬과 연홍은 딸의 방을 뒤진다.\n이때 민진의 방을 자세히 보면 온통 꽃이다.\n책상엔 꽃병과 꽃이 있고, 벽지나 이불은 물론 의자에도 꽃무늬가 있다.\n시계와 전등갓마저 그렇다.\n아이의 방을 꾸며 주는 사람은 엄마이고, 엄마는 아이에게 어릴 적부터 꽃을 선사했던 것이다.\n초반부를 다시 떠올려 보자.\n아이가 전화를 받고 나간 후 시간이 흘러 밤이 된다.\n연홍은 차를 몰고 집으로 돌아오는데, 차 안엔 꽃 모양 장식품이 있다.\n이 영화는 처음부터 엄마와 딸이 ‘꽃’으로 연결되어 있음을 보여 주는 셈이다(연홍의 방도 꽃과 꽃무늬로 가득하다). 그래서 연홍이 민진의 방에서 노트와 앨범을 발견하는 장면은, 마치 그가 자기의 흔적을 밟는 것과 같다.\n이후에도 연홍은 끊임없이 ‘꽃’을 발견하게 된다.\n모녀는 평행 관계다.\n연홍은 젊은 시절 가수를 꿈꾼 적 있고, 민진은 미옥과 함께 밴드를 만들었다.\n연홍은 전라도 출신이라는 것 밝혀지며 ‘외지인’ 취급을 당하고, 민진은 학교에서 ‘왕따’다.\n하지만 행동은 다르다.\n연홍은 어쩔 수 없이 순응하고, 민진은 나름의 방식으로 저항한다.\n그리고 자신(들)만의 공간을 만든다.\n그 공간은 꽃으로 상징되는 조앤 페이의 음악 세계이며, 미옥과 깊은 감정과 슬픔을 나누는 찔레꽃(와일드 로즈)이 만발한 숲속의 공간이고, 음악 작업을 하는 꽃무늬로 장식된 아지트다.\n민진은 아버지와 내연 관계를 맺은 손소라(최유화)에 대해 “치마를 살랑살랑, 미친 년 꽃다발 나가신다”라고 표현하고, 깊은 슬픔을 느낄 땐 머리 위에 꽃 한 송이를 올려 놓는다.\n아이에게 꽃은 엄마에게 물려받은 DNA이며, 자신을 드러내는 정체성이고, 감정을 드러내는 방식인 셈이다.\n그렇다면 연홍이 딸의 장례식에서 왜 그렇게 화려한 옷을 입었는지 이해할 수 있다.\n현란한 꽃무늬가 있는 그의 옷은 딸에 대한 추모의 의상으로 가장 적절하며, 이때 그의 표정은 결연하면서도 모든 것을 초월한 듯하다.\n이후 복수를 마친 연홍은 숲속으로 간다.\n그곳엔 민진의 추모 공간이 있다.\n연홍은 조앤 페이의 CD를 연다. 포스트잇이 붙어 있고, 거기엔 민진이 쓴 글씨가 있다. “세상에서 제일 사랑하는 내 친구 옥이에게 -민진.” 이때 저쪽에서 미옥이 걸어온다.\n연홍은 미옥에게 “민진아!”라며 달려가 끌어안는다.\n미옥은 엉엉 운다. “울지 마…, 추웠지? 엄마야, 민진아. 우리 딸…, 괜찮아. 울지 마….” 그리고 미옥에게서 엄마에 대한 민진의 마음을 듣는다. “엄마는 멍청하다고 그랬어요…. 그래서 자기가 지켜 줘야 한다고 그랬어요….” 두 사람 주위엔, 하얀 찔레꽃은 모두 지고 붉은 열매가 열려 있다.\n글=김형석 영화저널리스트. 프리랜서 8년차. 매년 개봉하는 우디 앨런 영화가 유일한 인생의 낙. *매거진M 176호(2016.08.12-2016.08.18)에 실린 기사입니다*",
        "partNum": "P2",
        "useType": 0,
        "processType": "D",
        "processPattern": "23",
        "processLevel": "중",
        "sentenceCount": 41,
        "processSentencenum": 3,
        "sentenceInfo": [
            {
                "sentenceNo": 1,
                "sentenceContent": "지난 칼럼(174호) ‘바그다드 카페’(1987, 7월 14일 재개봉, 퍼시 애들론 감독)에 이어 이번에도 꽃 이야기다.",
                "sentenceSize": 67
            },
            {
                "sentenceNo": 2,
                "sentenceContent": "텍스트는 이경미 감독의 ‘비밀은 없다’(6월 23일 개봉)다.",
                "sentenceSize": 34
            },
            {
                "sentenceNo": 3,
                "sentenceContent": "이 영화에서 꽃은 엄마 연홍(손예진)과 딸 민진(신지훈)을 이어 주는 매개체이자.",
                "sentenceSize": 45
            },
            {
                "sentenceNo": 4,
                "sentenceContent": "민진과 친구 미옥(김소희)의 공간을 채우는 테마이기도 하다.!",
                "sentenceSize": 34
            },
            {
                "sentenceNo": 5,
                "sentenceContent": "스포일러가 있습니다.",
                "sentenceSize": 11
            },
            {
                "sentenceNo": 6,
                "sentenceContent": "영화 초반부. 집에 홀로 남은 연홍의 딸 민진은 무료한 듯 마당에서 그네를 탄다.",
                "sentenceSize": 45
            },
            {
                "sentenceNo": 7,
                "sentenceContent": "이때 전화 한 통이 온다.",
                "sentenceSize": 14
            },
            {
                "sentenceNo": 8,
                "sentenceContent": "휴대전화 바탕 화면에는 꽃 이미지가 뜬다.",
                "sentenceSize": 23
            },
            {
                "sentenceNo": 9,
                "sentenceContent": "이 꽃은 민진의 노트 표지의 꽃 이미지와 같고, 그가 항상 듣는 조앤 페이의 앨범 ‘와일드 로즈 힐(Wild Rose Hill)’ 이미지와도 이어진다.",
                "sentenceSize": 84
            },
            {
                "sentenceNo": 10,
                "sentenceContent": "이 아이에게 꽃은 언제나 곁에 있는 존재다.",
                "sentenceSize": 24
            },
            {
                "sentenceNo": 11,
                "sentenceContent": "마치 엄마가 아이에게 그러는 것처럼. 하지만 현실은 그렇지 못하다.",
                "sentenceSize": 37
            },
            {
                "sentenceNo": 12,
                "sentenceContent": "정치인 아버지(김주혁)을 둔 탓에, 그의 엄마는 아빠의 내조에 바쁘다.",
                "sentenceSize": 39
            },
            {
                "sentenceNo": 13,
                "sentenceContent": "대신 꽃이 마치 부적처럼 아이와 함께한다.",
                "sentenceSize": 23
            },
            {
                "sentenceNo": 14,
                "sentenceContent": "아이가 꽃과 항상 함께하는 건 따지고 보면 엄마 연홍의 영향이다.",
                "sentenceSize": 36
            },
            {
                "sentenceNo": 15,
                "sentenceContent": "민진이 실종된 후 종찬과 연홍은 딸의 방을 뒤진다.",
                "sentenceSize": 28
            },
            {
                "sentenceNo": 16,
                "sentenceContent": "이때 민진의 방을 자세히 보면 온통 꽃이다.",
                "sentenceSize": 24
            },
            {
                "sentenceNo": 17,
                "sentenceContent": "책상엔 꽃병과 꽃이 있고, 벽지나 이불은 물론 의자에도 꽃무늬가 있다.",
                "sentenceSize": 39
            },
            {
                "sentenceNo": 18,
                "sentenceContent": "시계와 전등갓마저 그렇다.",
                "sentenceSize": 14
            },
            {
                "sentenceNo": 19,
                "sentenceContent": "아이의 방을 꾸며 주는 사람은 엄마이고, 엄마는 아이에게 어릴 적부터 꽃을 선사했던 것이다.",
                "sentenceSize": 51
            },
            {
                "sentenceNo": 20,
                "sentenceContent": "초반부를 다시 떠올려 보자.",
                "sentenceSize": 15
            },
            {
                "sentenceNo": 21,
                "sentenceContent": "아이가 전화를 받고 나간 후 시간이 흘러 밤이 된다.",
                "sentenceSize": 29
            },
            {
                "sentenceNo": 22,
                "sentenceContent": "연홍은 차를 몰고 집으로 돌아오는데, 차 안엔 꽃 모양 장식품이 있다.",
                "sentenceSize": 39
            },
            {
                "sentenceNo": 23,
                "sentenceContent": "이 영화는 처음부터 엄마와 딸이 ‘꽃’으로 연결되어 있음을 보여 주는 셈이다(연홍의 방도 꽃과 꽃무늬로 가득하다). 그래서 연홍이 민진의 방에서 노트와 앨범을 발견하는 장면은, 마치 그가 자기의 흔적을 밟는 것과 같다.",
                "sentenceSize": 122
            },
            {
                "sentenceNo": 24,
                "sentenceContent": "이후에도 연홍은 끊임없이 ‘꽃’을 발견하게 된다.",
                "sentenceSize": 27
            },
            {
                "sentenceNo": 25,
                "sentenceContent": "모녀는 평행 관계다.",
                "sentenceSize": 11
            },
            {
                "sentenceNo": 26,
                "sentenceContent": "연홍은 젊은 시절 가수를 꿈꾼 적 있고, 민진은 미옥과 함께 밴드를 만들었다.",
                "sentenceSize": 43
            },
            {
                "sentenceNo": 27,
                "sentenceContent": "연홍은 전라도 출신이라는 것 밝혀지며 ‘외지인’ 취급을 당하고, 민진은 학교에서 ‘왕따’다.",
                "sentenceSize": 51
            },
            {
                "sentenceNo": 28,
                "sentenceContent": "하지만 행동은 다르다.",
                "sentenceSize": 12
            },
            {
                "sentenceNo": 29,
                "sentenceContent": "연홍은 어쩔 수 없이 순응하고, 민진은 나름의 방식으로 저항한다.",
                "sentenceSize": 36
            },
            {
                "sentenceNo": 30,
                "sentenceContent": "그리고 자신(들)만의 공간을 만든다.",
                "sentenceSize": 20
            },
            {
                "sentenceNo": 31,
                "sentenceContent": "그 공간은 꽃으로 상징되는 조앤 페이의 음악 세계이며, 미옥과 깊은 감정과 슬픔을 나누는 찔레꽃(와일드 로즈)이 만발한 숲속의 공간이고, 음악 작업을 하는 꽃무늬로 장식된 아지트다.",
                "sentenceSize": 101
            },
            {
                "sentenceNo": 32,
                "sentenceContent": "민진은 아버지와 내연 관계를 맺은 손소라(최유화)에 대해 “치마를 살랑살랑, 미친 년 꽃다발 나가신다”라고 표현하고, 깊은 슬픔을 느낄 땐 머리 위에 꽃 한 송이를 올려 놓는다.",
                "sentenceSize": 99
            },
            {
                "sentenceNo": 33,
                "sentenceContent": "아이에게 꽃은 엄마에게 물려받은 DNA이며, 자신을 드러내는 정체성이고, 감정을 드러내는 방식인 셈이다.",
                "sentenceSize": 58
            },
            {
                "sentenceNo": 34,
                "sentenceContent": "그렇다면 연홍이 딸의 장례식에서 왜 그렇게 화려한 옷을 입었는지 이해할 수 있다.",
                "sentenceSize": 45
            },
            {
                "sentenceNo": 35,
                "sentenceContent": "현란한 꽃무늬가 있는 그의 옷은 딸에 대한 추모의 의상으로 가장 적절하며, 이때 그의 표정은 결연하면서도 모든 것을 초월한 듯하다.",
                "sentenceSize": 73
            },
            {
                "sentenceNo": 36,
                "sentenceContent": "이후 복수를 마친 연홍은 숲속으로 간다.",
                "sentenceSize": 22
            },
            {
                "sentenceNo": 37,
                "sentenceContent": "그곳엔 민진의 추모 공간이 있다.",
                "sentenceSize": 18
            },
            {
                "sentenceNo": 38,
                "sentenceContent": "연홍은 조앤 페이의 CD를 연다. 포스트잇이 붙어 있고, 거기엔 민진이 쓴 글씨가 있다. “세상에서 제일 사랑하는 내 친구 옥이에게 -민진.” 이때 저쪽에서 미옥이 걸어온다.",
                "sentenceSize": 97
            },
            {
                "sentenceNo": 39,
                "sentenceContent": "연홍은 미옥에게 “민진아!”라며 달려가 끌어안는다.",
                "sentenceSize": 28
            },
            {
                "sentenceNo": 40,
                "sentenceContent": "미옥은 엉엉 운다. “울지 마…, 추웠지? 엄마야, 민진아. 우리 딸…, 괜찮아. 울지 마….” 그리고 미옥에게서 엄마에 대한 민진의 마음을 듣는다. “엄마는 멍청하다고 그랬어요…. 그래서 자기가 지켜 줘야 한다고 그랬어요….” 두 사람 주위엔, 하얀 찔레꽃은 모두 지고 붉은 열매가 열려 있다.",
                "sentenceSize": 165
            },
            {
                "sentenceNo": 41,
                "sentenceContent": "글=김형석 영화저널리스트. 프리랜서 8년차. 매년 개봉하는 우디 앨런 영화가 유일한 인생의 낙. *매거진M 176호(2016.08.12-2016.08.18)에 실린 기사입니다*",
                "sentenceSize": 98
            }
        ]
    },
    "labeledDataInfo": {
        "processSentenceInfo": [
            {
                "sentenceNo": 1,
                "sentenceContent": "지난 칼럼(174호) ‘바그다드 카페’(1987, 7월 14일 재개봉, 퍼시 애들론 감독)에 이어 이번에도 꽃 이야기다.",
                "subjectConsistencyYn": "Y"
            },
            {
                "sentenceNo": 2,
                "sentenceContent": "텍스트는 이경미 감독의 ‘비밀은 없다’(6월 23일 개봉)다.",
                "subjectConsistencyYn": "Y"
            },
            {
                "sentenceNo": 3,
                "sentenceContent": "이 영화에서 꽃은 엄마 연홍(손예진)과 딸 민진(신지훈)을 이어 주는 매개체이자.",
                "subjectConsistencyYn": "Y"
            },
            {
                "sentenceNo": 4,
                "sentenceContent": "민진과 친구 미옥(김소희)의 공간을 채우는 테마이기도 하다.!",
                "subjectConsistencyYn": "Y"
            },
            {
                "sentenceNo": 5,
                "sentenceContent": "스포일러가 있습니다.",
                "subjectConsistencyYn": "Y"
            },
            {
                "sentenceNo": 6,
                "sentenceContent": "영화 초반부. 집에 홀로 남은 연홍의 딸 민진은 무료한 듯 마당에서 그네를 탄다.",
                "subjectConsistencyYn": "Y"
            },
            {
                "sentenceNo": 7,
                "sentenceContent": "이때 전화 한 통이 온다.",
                "subjectConsistencyYn": "Y"
            },
            {
                "sentenceNo": 8,
                "sentenceContent": "휴대전화 바탕 화면에는 꽃 이미지가 뜬다.",
                "subjectConsistencyYn": "Y"
            },
            {
                "sentenceNo": 9,
                "sentenceContent": "이 꽃은 민진의 노트 표지의 꽃 이미지와 같고, 그가 항상 듣는 조앤 페이의 앨범 ‘와일드 로즈 힐(Wild Rose Hill)’ 이미지와도 이어진다.",
                "subjectConsistencyYn": "Y"
            },
            {
                "sentenceNo": 10,
                "sentenceContent": "이 아이에게 꽃은 언제나 곁에 있는 존재다.",
                "subjectConsistencyYn": "Y"
            },
            {
                "sentenceNo": 11,
                "sentenceContent": "마치 엄마가 아이에게 그러는 것처럼. 하지만 현실은 그렇지 못하다.",
                "subjectConsistencyYn": "Y"
            },
            {
                "sentenceNo": 12,
                "sentenceContent": "정치인 아버지(김주혁)을 둔 탓에, 그의 엄마는 아빠의 내조에 바쁘다.",
                "subjectConsistencyYn": "Y"
            },
            {
                "sentenceNo": 13,
                "sentenceContent": "대신 꽃이 마치 부적처럼 아이와 함께한다.",
                "subjectConsistencyYn": "Y"
            },
            {
                "sentenceNo": 14,
                "sentenceContent": "아이가 꽃과 항상 함께하는 건 따지고 보면 엄마 연홍의 영향이다.",
                "subjectConsistencyYn": "Y"
            },
            {
                "sentenceNo": 15,
                "sentenceContent": "민진이 실종된 후 종찬과 연홍은 딸의 방을 뒤진다.",
                "subjectConsistencyYn": "Y"
            },
            {
                "sentenceNo": 16,
                "sentenceContent": "이때 민진의 방을 자세히 보면 온통 꽃이다.",
                "subjectConsistencyYn": "Y"
            },
            {
                "sentenceNo": 17,
                "sentenceContent": "책상엔 꽃병과 꽃이 있고, 벽지나 이불은 물론 의자에도 꽃무늬가 있다.",
                "subjectConsistencyYn": "Y"
            },
            {
                "sentenceNo": 18,
                "sentenceContent": "시계와 전등갓마저 그렇다.",
                "subjectConsistencyYn": "Y"
            },
            {
                "sentenceNo": 19,
                "sentenceContent": "아이의 방을 꾸며 주는 사람은 엄마이고, 엄마는 아이에게 어릴 적부터 꽃을 선사했던 것이다.",
                "subjectConsistencyYn": "Y"
            },
            {
                "sentenceNo": 20,
                "sentenceContent": "초반부를 다시 떠올려 보자.",
                "subjectConsistencyYn": "Y"
            },
            {
                "sentenceNo": 21,
                "sentenceContent": "아이가 전화를 받고 나간 후 시간이 흘러 밤이 된다.",
                "subjectConsistencyYn": "Y"
            },
            {
                "sentenceNo": 22,
                "sentenceContent": "연홍은 차를 몰고 집으로 돌아오는데, 차 안엔 꽃 모양 장식품이 있다.",
                "subjectConsistencyYn": "Y"
            },
            {
                "sentenceNo": 23,
                "sentenceContent": "이 영화는 처음부터 엄마와 딸이 ‘꽃’으로 연결되어 있음을 보여 주는 셈이다(연홍의 방도 꽃과 꽃무늬로 가득하다). 그래서 연홍이 민진의 방에서 노트와 앨범을 발견하는 장면은, 마치 그가 자기의 흔적을 밟는 것과 같다.",
                "subjectConsistencyYn": "Y"
            },
            {
                "sentenceNo": 24,
                "sentenceContent": "이후에도 연홍은 끊임없이 ‘꽃’을 발견하게 된다.",
                "subjectConsistencyYn": "Y"
            },
            {
                "sentenceNo": 25,
                "sentenceContent": "모녀는 평행 관계다.",
                "subjectConsistencyYn": "Y"
            },
            {
                "sentenceNo": 26,
                "sentenceContent": "연홍은 젊은 시절 가수를 꿈꾼 적 있고, 민진은 미옥과 함께 밴드를 만들었다.",
                "subjectConsistencyYn": "Y"
            },
            {
                "sentenceNo": 27,
                "sentenceContent": "연홍은 전라도 출신이라는 것 밝혀지며 ‘외지인’ 취급을 당하고, 민진은 학교에서 ‘왕따’다.",
                "subjectConsistencyYn": "Y"
            },
            {
                "sentenceNo": 28,
                "sentenceContent": "하지만 행동은 다르다.",
                "subjectConsistencyYn": "Y"
            },
            {
                "sentenceNo": 29,
                "sentenceContent": "연홍은 어쩔 수 없이 순응하고, 민진은 나름의 방식으로 저항한다.",
                "subjectConsistencyYn": "Y"
            },
            {
                "sentenceNo": 30,
                "sentenceContent": "그리고 자신(들)만의 공간을 만든다.",
                "subjectConsistencyYn": "Y"
            },
            {
                "sentenceNo": 31,
                "sentenceContent": "그 공간은 꽃으로 상징되는 조앤 페이의 음악 세계이며, 미옥과 깊은 감정과 슬픔을 나누는 찔레꽃(와일드 로즈)이 만발한 숲속의 공간이고, 음악 작업을 하는 꽃무늬로 장식된 아지트다.",
                "subjectConsistencyYn": "Y"
            },
            {
                "sentenceNo": 32,
                "sentenceContent": "민진은 아버지와 내연 관계를 맺은 손소라(최유화)에 대해 “치마를 살랑살랑, 미친 년 꽃다발 나가신다”라고 표현하고, 깊은 슬픔을 느낄 땐 머리 위에 꽃 한 송이를 올려 놓는다.",
                "subjectConsistencyYn": "Y"
            },
            {
                "sentenceNo": 33,
                "sentenceContent": "아이에게 꽃은 엄마에게 물려받은 DNA이며, 자신을 드러내는 정체성이고, 감정을 드러내는 방식인 셈이다.",
                "subjectConsistencyYn": "Y"
            },
            {
                "sentenceNo": 34,
                "sentenceContent": "그렇다면 연홍이 딸의 장례식에서 왜 그렇게 화려한 옷을 입었는지 이해할 수 있다.",
                "subjectConsistencyYn": "Y"
            },
            {
                "sentenceNo": 35,
                "sentenceContent": "현란한 꽃무늬가 있는 그의 옷은 딸에 대한 추모의 의상으로 가장 적절하며, 이때 그의 표정은 결연하면서도 모든 것을 초월한 듯하다.",
                "subjectConsistencyYn": "Y"
            },
            {
                "sentenceNo": 36,
                "sentenceContent": "이후 복수를 마친 연홍은 숲속으로 간다.",
                "subjectConsistencyYn": "Y"
            },
            {
                "sentenceNo": 37,
                "sentenceContent": "그곳엔 민진의 추모 공간이 있다.",
                "subjectConsistencyYn": "Y"
            },
            {
                "sentenceNo": 38,
                "sentenceContent": "연홍은 조앤 페이의 CD를 연다. 포스트잇이 붙어 있고, 거기엔 민진이 쓴 글씨가 있다. “세상에서 제일 사랑하는 내 친구 옥이에게 -민진.” 이때 저쪽에서 미옥이 걸어온다.",
                "subjectConsistencyYn": "Y"
            },
            {
                "sentenceNo": 39,
                "sentenceContent": "연홍은 미옥에게 “민진아!”라며 달려가 끌어안는다.",
                "subjectConsistencyYn": "Y"
            },
            {
                "sentenceNo": 40,
                "sentenceContent": "미옥은 엉엉 운다. “울지 마…, 추웠지? 엄마야, 민진아. 우리 딸…, 괜찮아. 울지 마….” 그리고 미옥에게서 엄마에 대한 민진의 마음을 듣는다. “엄마는 멍청하다고 그랬어요…. 그래서 자기가 지켜 줘야 한다고 그랬어요….” 두 사람 주위엔, 하얀 찔레꽃은 모두 지고 붉은 열매가 열려 있다.",
                "subjectConsistencyYn": "Y"
            },
            {
                "sentenceNo": 41,
                "sentenceContent": "글=김형석 영화저널리스트. 프리랜서 8년차. 매년 개봉하는 우디 앨런 영화가 유일한 인생의 낙. *매거진M 176호(2016.08.12-2016.08.18)에 실린 기사입니다*",
                "subjectConsistencyYn": "Y"
            },
            {
                "sentenceNo": 42,
                "sentenceContent": "한편, 1960년대 한국 영화 촬영의 전성기를 이끌었던 서울 동대문구 답십리에서 오는 11일부터 13일까지 3일간 아이부터 어르신까지 온 가족이 함께 소통하고 공감할 수 있는 '제1회 답십리영화제'가 개최된다.",
                "subjectConsistencyYn": "N"
            },
            {
                "sentenceNo": 43,
                "sentenceContent": "이 행사는 동대문구가 후원하고 서울영상위원회가 협력하며 동대문문화재단과 한국영상자료원이 공동 주최한다.",
                "subjectConsistencyYn": "N"
            },
            {
                "sentenceNo": 44,
                "sentenceContent": "영화제에 참여하려면 사전 예약이 필요하며 답십리영화미디어아트센터 누리집과 서울시 공공서비스예약시스템에서 신청할 수 있다.",
                "subjectConsistencyYn": "N"
            }
        ],
        "clickbaitClass": 0
    }
}