{
    "sourceDataInfo": {
        "newsID": "ET_M03_627360",
        "newsCategory": "연예",
        "newsSubcategory": "연예가화제",
        "newsTitle": "금메달리스트가 응원하는 '프로듀스 101' 연습생",
        "newsSubTitle": "",
        "newsContent": "2016 리우데자네이루 올림픽 펜싱 금메달리스트 박상영이 Mnet '프로듀스 101 시즌 2' 권현빈 연습생 응원을 부탁했다.\n지난 17일 박상영은 자신의 소셜네트워크서비스(SNS)에 \\\"평소 친한 동생이 '프로듀스 101' 나갔다\\\"며 권현빈의 사진을 올렸다.\n그는 \\\"옛날부터 자기 꿈을 향해 열심히 달려가더니 드디어 기회가 왔다\\\"며 \\\"이런 친구들이 잘됐으면 하는 마음이 크다. 권현빈이라고 하는데 많이 응원해달라\\\"고 밝혔다.\n박상영은 리우 올림픽 펜싱 남자 에페 개인전에서 상대 선수에게 뒤지고 있을 때 \\\"할 수 있다\\\"고 외친 뒤 깜빡 금메달을 따내 화제가 된 바 있다.\n권현빈 연습생은 청소년 펜싱 국가대표로 활동했으나 허벅지 근육 부상으로 펜싱을 포기한 것으로 전해졌다.\n권현빈과 박상영은 펜싱을 할 때 친분을 맺게 된 것으로 보인다.\n한편 권현빈은 '프로듀스 101 시즌 2' 3주차 투표 순위에서 22위를 기록했다.",
        "partNum": "P2",
        "useType": 0,
        "processType": "D",
        "processPattern": "23",
        "processLevel": "중",
        "sentenceCount": 7,
        "processSentencenum": 3,
        "sentenceInfo": [
            {
                "sentenceNo": 1,
                "sentenceContent": "2016 리우데자네이루 올림픽 펜싱 금메달리스트 박상영이 Mnet '프로듀스 101 시즌 2' 권현빈 연습생 응원을 부탁했다.",
                "sentenceSize": 70
            },
            {
                "sentenceNo": 2,
                "sentenceContent": "지난 17일 박상영은 자신의 소셜네트워크서비스(SNS)에 \\\"평소 친한 동생이 '프로듀스 101' 나갔다\\\"며 권현빈의 사진을 올렸다.",
                "sentenceSize": 75
            },
            {
                "sentenceNo": 3,
                "sentenceContent": "그는 \\\"옛날부터 자기 꿈을 향해 열심히 달려가더니 드디어 기회가 왔다\\\"며 \\\"이런 친구들이 잘됐으면 하는 마음이 크다. 권현빈이라고 하는데 많이 응원해달라\\\"고 밝혔다.",
                "sentenceSize": 96
            },
            {
                "sentenceNo": 4,
                "sentenceContent": "박상영은 리우 올림픽 펜싱 남자 에페 개인전에서 상대 선수에게 뒤지고 있을 때 \\\"할 수 있다\\\"고 외친 뒤 깜빡 금메달을 따내 화제가 된 바 있다.",
                "sentenceSize": 83
            },
            {
                "sentenceNo": 5,
                "sentenceContent": "권현빈 연습생은 청소년 펜싱 국가대표로 활동했으나 허벅지 근육 부상으로 펜싱을 포기한 것으로 전해졌다.",
                "sentenceSize": 57
            },
            {
                "sentenceNo": 6,
                "sentenceContent": "권현빈과 박상영은 펜싱을 할 때 친분을 맺게 된 것으로 보인다.",
                "sentenceSize": 35
            },
            {
                "sentenceNo": 7,
                "sentenceContent": "한편 권현빈은 '프로듀스 101 시즌 2' 3주차 투표 순위에서 22위를 기록했다.",
                "sentenceSize": 46
            }
        ]
    },
    "labeledDataInfo": {
        "processSentenceInfo": [
            {
                "sentenceNo": 1,
                "sentenceContent": "2016 리우데자네이루 올림픽 펜싱 금메달리스트 박상영이 Mnet '프로듀스 101 시즌 2' 권현빈 연습생 응원을 부탁했다.",
                "subjectConsistencyYn": "Y"
            },
            {
                "sentenceNo": 2,
                "sentenceContent": "지난 17일 박상영은 자신의 소셜네트워크서비스(SNS)에 \\\"평소 친한 동생이 '프로듀스 101' 나갔다\\\"며 권현빈의 사진을 올렸다.",
                "subjectConsistencyYn": "Y"
            },
            {
                "sentenceNo": 3,
                "sentenceContent": "그는 \\\"옛날부터 자기 꿈을 향해 열심히 달려가더니 드디어 기회가 왔다\\\"며 \\\"이런 친구들이 잘됐으면 하는 마음이 크다. 권현빈이라고 하는데 많이 응원해달라\\\"고 밝혔다.",
                "subjectConsistencyYn": "Y"
            },
            {
                "sentenceNo": 4,
                "sentenceContent": "박상영은 리우 올림픽 펜싱 남자 에페 개인전에서 상대 선수에게 뒤지고 있을 때 \\\"할 수 있다\\\"고 외친 뒤 깜빡 금메달을 따내 화제가 된 바 있다.",
                "subjectConsistencyYn": "Y"
            },
            {
                "sentenceNo": 5,
                "sentenceContent": "권현빈 연습생은 청소년 펜싱 국가대표로 활동했으나 허벅지 근육 부상으로 펜싱을 포기한 것으로 전해졌다.",
                "subjectConsistencyYn": "Y"
            },
            {
                "sentenceNo": 6,
                "sentenceContent": "권현빈과 박상영은 펜싱을 할 때 친분을 맺게 된 것으로 보인다.",
                "subjectConsistencyYn": "Y"
            },
            {
                "sentenceNo": 7,
                "sentenceContent": "한편 권현빈은 '프로듀스 101 시즌 2' 3주차 투표 순위에서 22위를 기록했다.",
                "subjectConsistencyYn": "Y"
            },
            {
                "sentenceNo": 8,
                "sentenceContent": "박상영이 권현빈과의 친분을 과시한 가운데, 권현빈이 프로듀스101에서 참여한 음원이 발매를 앞두고 있다.  ",
                "subjectConsistencyYn": "N"
            },
            {
                "sentenceNo": 9,
                "sentenceContent": "권현빈은 ‘월하소년’팀에서 ‘I Know You Know’를 부르며 남다른 음색을 자랑했다.",
                "subjectConsistencyYn": "N"
            },
            {
                "sentenceNo": 10,
                "sentenceContent": "‘I Know You Know’는 25일 저녁 6시, 멜론을 비롯한 국내 음원 사이트에서 감상할 수 있다.",
                "subjectConsistencyYn": "N"
            }
        ],
        "clickbaitClass": 0
    }
}