{
    "sourceDataInfo": {
        "newsID": "ET_M03_627495",
        "newsCategory": "연예",
        "newsSubcategory": "연예가화제",
        "newsTitle": "‘복면가왕’ 루돌프의 정체는 트로트 가수 조정민?…김구라, \\\"재미가 없다\\\"",
        "newsSubTitle": "",
        "newsContent": "'복면가왕 루돌프' 복면가왕 ‘루돌프’의 정체에 네티즌들의 관심이 집중됐다.\n13일 방영된 MBC ‘일밤-복면가왕’에서는 19대 가왕 자리를 두고 8인의 복면가수가 도전장을 내밀었다.\n이날 1라운드에서 ‘만나면 좋은 친구 산타클로스’와 ‘8등신 루돌프’는 김동률과 이소은의 ‘욕심쟁이’를 불렀다.\n투표 결과 산타클로스를 꺾은 루돌프는 “정말 기분 좋다. 제 목표가 1라운드 통과였다”며 미소지었다.\n이를 본 김구라는 “조정민 아니야? 트로트를 하지만 원래는 피아노를 전공했다. 그 친구도 재미가 없다”며 “곧이곧대로 하는 걸 보니까 조정민 같은데?”라고 트로트 가수 조정민을 언급했다.\n김형석은 “나인뮤지스 혹은 애프터스쿨 멤버인 것 같다”고 추측했다.\n반면 이윤석은 “섹시가 온몸에 절어있다. 1,2년 된 게 아니다. 룰라의 김지현 아니냐”고 추측했다.\n복면가왕을 시청한 네티즌도 \\\"각선미, 노래 사이 몸짓 안무, 간드러지는 목소리가 조정민 같다\\\"며 루돌프로 조정민을 꼽았다. '복면가왕 루돌프' 온라인 중앙일보",
        "partNum": "P2",
        "useType": 0,
        "processType": "D",
        "processPattern": "23",
        "processLevel": "중",
        "sentenceCount": 8,
        "processSentencenum": 4,
        "sentenceInfo": [
            {
                "sentenceNo": 1,
                "sentenceContent": "'복면가왕 루돌프' 복면가왕 ‘루돌프’의 정체에 네티즌들의 관심이 집중됐다.",
                "sentenceSize": 42
            },
            {
                "sentenceNo": 2,
                "sentenceContent": "13일 방영된 MBC ‘일밤-복면가왕’에서는 19대 가왕 자리를 두고 8인의 복면가수가 도전장을 내밀었다.",
                "sentenceSize": 59
            },
            {
                "sentenceNo": 3,
                "sentenceContent": "이날 1라운드에서 ‘만나면 좋은 친구 산타클로스’와 ‘8등신 루돌프’는 김동률과 이소은의 ‘욕심쟁이’를 불렀다.",
                "sentenceSize": 62
            },
            {
                "sentenceNo": 4,
                "sentenceContent": "투표 결과 산타클로스를 꺾은 루돌프는 “정말 기분 좋다. 제 목표가 1라운드 통과였다”며 미소지었다.",
                "sentenceSize": 56
            },
            {
                "sentenceNo": 5,
                "sentenceContent": "이를 본 김구라는 “조정민 아니야? 트로트를 하지만 원래는 피아노를 전공했다. 그 친구도 재미가 없다”며 “곧이곧대로 하는 걸 보니까 조정민 같은데?”라고 트로트 가수 조정민을 언급했다.",
                "sentenceSize": 104
            },
            {
                "sentenceNo": 6,
                "sentenceContent": "김형석은 “나인뮤지스 혹은 애프터스쿨 멤버인 것 같다”고 추측했다.",
                "sentenceSize": 37
            },
            {
                "sentenceNo": 7,
                "sentenceContent": "반면 이윤석은 “섹시가 온몸에 절어있다. 1,2년 된 게 아니다. 룰라의 김지현 아니냐”고 추측했다.",
                "sentenceSize": 56
            },
            {
                "sentenceNo": 8,
                "sentenceContent": "복면가왕을 시청한 네티즌도 \\\"각선미, 노래 사이 몸짓 안무, 간드러지는 목소리가 조정민 같다\\\"며 루돌프로 조정민을 꼽았다. '복면가왕 루돌프' 온라인 중앙일보",
                "sentenceSize": 90
            }
        ]
    },
    "labeledDataInfo": {
        "processSentenceInfo": [
            {
                "sentenceNo": 1,
                "sentenceContent": "'복면가왕 루돌프' 복면가왕 ‘루돌프’의 정체에 네티즌들의 관심이 집중됐다.",
                "subjectConsistencyYn": "Y"
            },
            {
                "sentenceNo": 2,
                "sentenceContent": "13일 방영된 MBC ‘일밤-복면가왕’에서는 19대 가왕 자리를 두고 8인의 복면가수가 도전장을 내밀었다.",
                "subjectConsistencyYn": "Y"
            },
            {
                "sentenceNo": 3,
                "sentenceContent": "이날 1라운드에서 ‘만나면 좋은 친구 산타클로스’와 ‘8등신 루돌프’는 김동률과 이소은의 ‘욕심쟁이’를 불렀다.",
                "subjectConsistencyYn": "Y"
            },
            {
                "sentenceNo": 4,
                "sentenceContent": "투표 결과 산타클로스를 꺾은 루돌프는 “정말 기분 좋다. 제 목표가 1라운드 통과였다”며 미소지었다.",
                "subjectConsistencyYn": "Y"
            },
            {
                "sentenceNo": 5,
                "sentenceContent": "이를 본 김구라는 “조정민 아니야? 트로트를 하지만 원래는 피아노를 전공했다. 그 친구도 재미가 없다”며 “곧이곧대로 하는 걸 보니까 조정민 같은데?”라고 트로트 가수 조정민을 언급했다.",
                "subjectConsistencyYn": "Y"
            },
            {
                "sentenceNo": 6,
                "sentenceContent": "김형석은 “나인뮤지스 혹은 애프터스쿨 멤버인 것 같다”고 추측했다.",
                "subjectConsistencyYn": "Y"
            },
            {
                "sentenceNo": 7,
                "sentenceContent": "반면 이윤석은 “섹시가 온몸에 절어있다. 1,2년 된 게 아니다. 룰라의 김지현 아니냐”고 추측했다.",
                "subjectConsistencyYn": "Y"
            },
            {
                "sentenceNo": 8,
                "sentenceContent": "복면가왕을 시청한 네티즌도 \\\"각선미, 노래 사이 몸짓 안무, 간드러지는 목소리가 조정민 같다\\\"며 루돌프로 조정민을 꼽았다. '복면가왕 루돌프' 온라인 중앙일보",
                "subjectConsistencyYn": "Y"
            },
            {
                "sentenceNo": 9,
                "sentenceContent": "한편, 복면가왕 루돌프로 거론되는 조정민이 오는 12월 크리스마스 디너 콘서트(‘조정민 디너 콘서트’)를 연다.",
                "subjectConsistencyYn": "N"
            },
            {
                "sentenceNo": 10,
                "sentenceContent": "소속사 루체엔터테인먼트에 따르면, 조정민은 12월 25일 서울 그랜드워커힐서울 비스타홀에서 ‘조정민 디너 콘서트’를 개최한다.",
                "subjectConsistencyYn": "N"
            },
            {
                "sentenceNo": 11,
                "sentenceContent": "9일 조정민의 자신의 SNS를 통해 “여러분의 사랑에 힘입어 크리스마스 당일, 12/25 월요일 디너콘서트를 하게 되었습니다”라며 기쁜 마음을 나타냈다. ",
                "subjectConsistencyYn": "N"
            },
            {
                "sentenceNo": 12,
                "sentenceContent": "이번 콘서트는 온라인 예매 사이트 YES24를 통해 오는 11일 오후 8시 일반 예매를 오픈한다.",
                "subjectConsistencyYn": "N"
            }
        ],
        "clickbaitClass": 0
    }
}