{
    "sourceDataInfo": {
        "newsID": "ET_M03_627652",
        "newsCategory": "연예",
        "newsSubcategory": "연예가화제",
        "newsTitle": "윤현상 밥 한끼 해요, '먹방'의 아이콘들 대거 출연…시선 집중",
        "newsSubTitle": "",
        "newsContent": "가수 윤현상이 위트 있는 고백이 담긴 유쾌한 러브송을 선보여 화제다.\n24일 로엔트리는 “윤현상과 에이핑크 윤보미가 첫 호흡을 맞춘 새 디지털 싱글 ‘밥 한 끼 해요’가 발매된다”며 “‘밥 한 끼 해요’는 윤현상이 그 동안 선보여왔던 서정적인 감성과는 또 다른 경쾌한 분위기의 자작곡으로 포크 장르에 팝-블루스적인 요소 또한 새롭게 담았다”고 설명했다.\n이어 “피처링을 맡은 에이핑크 윤보미는 남자의 엉뚱하지만 재치 있는 고백에 수줍게 화답하는 여자의 마음을 특유의 청아한 보이스로 표현했다”고 덧붙였다.\n한편 음원과 함께 공개되는 뮤직비디오에는 밥을 주제로 다양한 요리들과 함께 '먹방'의 아이콘들이 대거 출연해 시선을 사로잡는다.\n개그맨 문세윤이 윤보미의 남자친구로 등장하는 반전을 선사하며, ‘냉장고를 부탁해’를 통해 대세로 떠오른 김풍 작가는 윤보미를 보고 첫 눈에 반하는 허세 셰프로 등장했다.\n윤현상 밥 한끼 해요 [사진 윤현상 밥 한끼 해요 MV 캡처] 온라인 중앙일보",
        "partNum": "P2",
        "useType": 0,
        "processType": "D",
        "processPattern": "23",
        "processLevel": "중",
        "sentenceCount": 6,
        "processSentencenum": 2,
        "sentenceInfo": [
            {
                "sentenceNo": 1,
                "sentenceContent": "가수 윤현상이 위트 있는 고백이 담긴 유쾌한 러브송을 선보여 화제다.",
                "sentenceSize": 38
            },
            {
                "sentenceNo": 2,
                "sentenceContent": "24일 로엔트리는 “윤현상과 에이핑크 윤보미가 첫 호흡을 맞춘 새 디지털 싱글 ‘밥 한 끼 해요’가 발매된다”며 “‘밥 한 끼 해요’는 윤현상이 그 동안 선보여왔던 서정적인 감성과는 또 다른 경쾌한 분위기의 자작곡으로 포크 장르에 팝-블루스적인 요소 또한 새롭게 담았다”고 설명했다.",
                "sentenceSize": 158
            },
            {
                "sentenceNo": 3,
                "sentenceContent": "이어 “피처링을 맡은 에이핑크 윤보미는 남자의 엉뚱하지만 재치 있는 고백에 수줍게 화답하는 여자의 마음을 특유의 청아한 보이스로 표현했다”고 덧붙였다.",
                "sentenceSize": 84
            },
            {
                "sentenceNo": 4,
                "sentenceContent": "한편 음원과 함께 공개되는 뮤직비디오에는 밥을 주제로 다양한 요리들과 함께 '먹방'의 아이콘들이 대거 출연해 시선을 사로잡는다.",
                "sentenceSize": 71
            },
            {
                "sentenceNo": 5,
                "sentenceContent": "개그맨 문세윤이 윤보미의 남자친구로 등장하는 반전을 선사하며, ‘냉장고를 부탁해’를 통해 대세로 떠오른 김풍 작가는 윤보미를 보고 첫 눈에 반하는 허세 셰프로 등장했다.",
                "sentenceSize": 94
            },
            {
                "sentenceNo": 6,
                "sentenceContent": "윤현상 밥 한끼 해요 [사진 윤현상 밥 한끼 해요 MV 캡처] 온라인 중앙일보",
                "sentenceSize": 43
            }
        ]
    },
    "labeledDataInfo": {
        "processSentenceInfo": [
            {
                "sentenceNo": 1,
                "sentenceContent": "가수 윤현상이 위트 있는 고백이 담긴 유쾌한 러브송을 선보여 화제다.",
                "subjectConsistencyYn": "Y"
            },
            {
                "sentenceNo": 2,
                "sentenceContent": "24일 로엔트리는 “윤현상과 에이핑크 윤보미가 첫 호흡을 맞춘 새 디지털 싱글 ‘밥 한 끼 해요’가 발매된다”며 “‘밥 한 끼 해요’는 윤현상이 그 동안 선보여왔던 서정적인 감성과는 또 다른 경쾌한 분위기의 자작곡으로 포크 장르에 팝-블루스적인 요소 또한 새롭게 담았다”고 설명했다.",
                "subjectConsistencyYn": "Y"
            },
            {
                "sentenceNo": 3,
                "sentenceContent": "이어 “피처링을 맡은 에이핑크 윤보미는 남자의 엉뚱하지만 재치 있는 고백에 수줍게 화답하는 여자의 마음을 특유의 청아한 보이스로 표현했다”고 덧붙였다.",
                "subjectConsistencyYn": "Y"
            },
            {
                "sentenceNo": 4,
                "sentenceContent": "한편 음원과 함께 공개되는 뮤직비디오에는 밥을 주제로 다양한 요리들과 함께 '먹방'의 아이콘들이 대거 출연해 시선을 사로잡는다.",
                "subjectConsistencyYn": "Y"
            },
            {
                "sentenceNo": 5,
                "sentenceContent": "개그맨 문세윤이 윤보미의 남자친구로 등장하는 반전을 선사하며, ‘냉장고를 부탁해’를 통해 대세로 떠오른 김풍 작가는 윤보미를 보고 첫 눈에 반하는 허세 셰프로 등장했다.",
                "subjectConsistencyYn": "Y"
            },
            {
                "sentenceNo": 6,
                "sentenceContent": "윤현상 밥 한끼 해요 [사진 윤현상 밥 한끼 해요 MV 캡처] 온라인 중앙일보",
                "subjectConsistencyYn": "Y"
            },
            {
                "sentenceNo": 7,
                "sentenceContent": "가수 윤현상의 위트있는 고백이 담긴 러브송이 인기인 상황에, 가수 윤현상은 '러브송 팬 사인회'를 개최할 예정이다.",
                "subjectConsistencyYn": "N"
            },
            {
                "sentenceNo": 8,
                "sentenceContent": "이는 윤현상의 '밥 한 끼 해요' 음원을 스트리밍한 사람을 대상으로 팬 사인회에 초청하는 행사로, 행사 참여 신청은 예스24 홈페이지에서 가능하다.",
                "subjectConsistencyYn": "N"
            }
        ],
        "clickbaitClass": 0
    }
}