{
    "sourceDataInfo": {
        "newsID": "ET_M03_627253",
        "newsCategory": "연예",
        "newsSubcategory": "연예가화제",
        "newsTitle": "제32회 골든디스크 음원 본상 '블랙핑크' 수상",
        "newsSubTitle": "",
        "newsContent": "블랙핑크가 골든디스크 시상식의 문을 열었다.\n10일 일산 킨텍스에서 진행된 제32회 골든디스크 시상식 디지털 음원 부문 '본상'은 블랙핑크와 헤이즈에게 돌아갔다.\n블랙핑크 지수는 \\\"저희가 작년에 골든디스크에서 신인상을 받았는데 이번에 본상을 주셔서 감사드립니다\\\"라며 YG 엔터테인먼트의 양현석 회장을 비롯한 사람들에게 감사를 표현했다.\n또 팬들에게도 인사를 잊지 않았다.\n블랙핑크는 \\\"항상 힘이 되주는 블링크 감사드립니다. 앞으로 열심히 노려개서 좋은 모습 보여드리는 블랙핑크가 되겠습니다\\\"라고 인사를 맺었다.\n블랙핑크는 본상을 수상한 후 히트곡 '불장난'을 부르며 골든디스크 시상식의 첫 무대를 성공적으로 꾸몄다.",
        "partNum": "P2",
        "useType": 0,
        "processType": "D",
        "processPattern": "23",
        "processLevel": "중",
        "sentenceCount": 6,
        "processSentencenum": 2,
        "sentenceInfo": [
            {
                "sentenceNo": 1,
                "sentenceContent": "블랙핑크가 골든디스크 시상식의 문을 열었다.",
                "sentenceSize": 24
            },
            {
                "sentenceNo": 2,
                "sentenceContent": "10일 일산 킨텍스에서 진행된 제32회 골든디스크 시상식 디지털 음원 부문 '본상'은 블랙핑크와 헤이즈에게 돌아갔다.",
                "sentenceSize": 65
            },
            {
                "sentenceNo": 3,
                "sentenceContent": "블랙핑크 지수는 \\\"저희가 작년에 골든디스크에서 신인상을 받았는데 이번에 본상을 주셔서 감사드립니다\\\"라며 YG 엔터테인먼트의 양현석 회장을 비롯한 사람들에게 감사를 표현했다.",
                "sentenceSize": 98
            },
            {
                "sentenceNo": 4,
                "sentenceContent": "또 팬들에게도 인사를 잊지 않았다.",
                "sentenceSize": 19
            },
            {
                "sentenceNo": 5,
                "sentenceContent": "블랙핑크는 \\\"항상 힘이 되주는 블링크 감사드립니다. 앞으로 열심히 노려개서 좋은 모습 보여드리는 블랙핑크가 되겠습니다\\\"라고 인사를 맺었다.",
                "sentenceSize": 79
            },
            {
                "sentenceNo": 6,
                "sentenceContent": "블랙핑크는 본상을 수상한 후 히트곡 '불장난'을 부르며 골든디스크 시상식의 첫 무대를 성공적으로 꾸몄다.",
                "sentenceSize": 58
            }
        ]
    },
    "labeledDataInfo": {
        "processSentenceInfo": [
            {
                "sentenceNo": 1,
                "sentenceContent": "블랙핑크가 골든디스크 시상식의 문을 열었다.",
                "subjectConsistencyYn": "Y"
            },
            {
                "sentenceNo": 2,
                "sentenceContent": "10일 일산 킨텍스에서 진행된 제32회 골든디스크 시상식 디지털 음원 부문 '본상'은 블랙핑크와 헤이즈에게 돌아갔다.",
                "subjectConsistencyYn": "Y"
            },
            {
                "sentenceNo": 3,
                "sentenceContent": "블랙핑크 지수는 \\\"저희가 작년에 골든디스크에서 신인상을 받았는데 이번에 본상을 주셔서 감사드립니다\\\"라며 YG 엔터테인먼트의 양현석 회장을 비롯한 사람들에게 감사를 표현했다.",
                "subjectConsistencyYn": "Y"
            },
            {
                "sentenceNo": 4,
                "sentenceContent": "또 팬들에게도 인사를 잊지 않았다.",
                "subjectConsistencyYn": "Y"
            },
            {
                "sentenceNo": 5,
                "sentenceContent": "블랙핑크는 \\\"항상 힘이 되주는 블링크 감사드립니다. 앞으로 열심히 노려개서 좋은 모습 보여드리는 블랙핑크가 되겠습니다\\\"라고 인사를 맺었다.",
                "subjectConsistencyYn": "Y"
            },
            {
                "sentenceNo": 6,
                "sentenceContent": "블랙핑크는 본상을 수상한 후 히트곡 '불장난'을 부르며 골든디스크 시상식의 첫 무대를 성공적으로 꾸몄다.",
                "subjectConsistencyYn": "Y"
            },
            {
                "sentenceNo": 7,
                "sentenceContent": "한편, 넷플릭스는 괴물 신인 블랙핑크의 여정을 담은 다큐멘터리 '블랙핑크: 세상을 밝혀라'를 지난 10일 공개했다. ",
                "subjectConsistencyYn": "N"
            },
            {
                "sentenceNo": 8,
                "sentenceContent": "한국 뿐 아니라 넷플릭스 아시아, 글로벌 차트에서도 높은 순위를 차지하며 팬들의 사랑을 받고 있는 '블랙핑크: 세상을 밝혀라'는 블랙핑크의 지수, 제니, 로제, 리사가 출연하는 러닝타임 79분의 다큐멘터리 영화다. ",
                "subjectConsistencyYn": "N"
            }
        ],
        "clickbaitClass": 0
    }
}