{
    "sourceDataInfo": {
        "newsID": "ET_M03_627772",
        "newsCategory": "연예",
        "newsSubcategory": "연예가화제",
        "newsTitle": "나윤권, 3월 직장인 여성과 결혼발표…예비신부는 어떤 사람?",
        "newsSubTitle": "",
        "newsContent": "가수 나윤권이 동갑내기 직작인 여성과 내년 3월 결혼식을 올린다.\n나윤권은 8일 자신의 팬카페에 \\\"오랜만에 글을 남기는 이유는 11년 동안 함께해 준 우리 레인보우 가족에게 제일 먼저 말씀드리고 싶은 얘기가 있기 때문이다\\\"로 말문을 열었다.\n나윤권은 \\\"제가 결혼을 한다. 내년 3월이라 아직 날짜는 많이 남았지만 누구보다 이 소식을 제일 먼저 알려드리고 싶어서 짧게나마 우리 가족들에게 글을 쓴다\\\"고 말했다.\n나윤권은 \\\"너무 갑작스레 말씀드려 놀라셨을 테지만 결혼할 친구가 일반인이기에 모든 걸 말씀 드릴 수 없었던 점 이해해 주실 거라 믿는다. 인생에서 결혼은 특별하고 소중한 일이기에 무엇보다 여러분의 응원과 축복을 받고 싶다\\\"고 결혼 사실을 발표했다.\n이어 나윤권은 \\\"늘 무뚝뚝한 저를 11년 동안 묵묵히 응원해 주시고 늘 제 편이 되어 준 레인보우. 말로 다 표현하지 못했지만 내 마음 알죠? 항상 고맙다. 그리고 앞으로도 여러분을 위해 많은 사람들을 위해 늘 그 자리에서 묵묵히 노래하는 윤권이가 되겠다. 정말 고맙다\\\"고 적었다.\n나윤권은 교제 중이던 여자친구와 오는 2016년 3월께 결혼식을 올릴 예정이다.\n구체적인 날짜와 장소 등은 미정이다.",
        "partNum": "P2",
        "useType": 0,
        "processType": "D",
        "processPattern": "23",
        "processLevel": "중",
        "sentenceCount": 7,
        "processSentencenum": 4,
        "sentenceInfo": [
            {
                "sentenceNo": 1,
                "sentenceContent": "가수 나윤권이 동갑내기 직작인 여성과 내년 3월 결혼식을 올린다.",
                "sentenceSize": 36
            },
            {
                "sentenceNo": 2,
                "sentenceContent": "나윤권은 8일 자신의 팬카페에 \\\"오랜만에 글을 남기는 이유는 11년 동안 함께해 준 우리 레인보우 가족에게 제일 먼저 말씀드리고 싶은 얘기가 있기 때문이다\\\"로 말문을 열었다.",
                "sentenceSize": 99
            },
            {
                "sentenceNo": 3,
                "sentenceContent": "나윤권은 \\\"제가 결혼을 한다. 내년 3월이라 아직 날짜는 많이 남았지만 누구보다 이 소식을 제일 먼저 알려드리고 싶어서 짧게나마 우리 가족들에게 글을 쓴다\\\"고 말했다.",
                "sentenceSize": 95
            },
            {
                "sentenceNo": 4,
                "sentenceContent": "나윤권은 \\\"너무 갑작스레 말씀드려 놀라셨을 테지만 결혼할 친구가 일반인이기에 모든 걸 말씀 드릴 수 없었던 점 이해해 주실 거라 믿는다. 인생에서 결혼은 특별하고 소중한 일이기에 무엇보다 여러분의 응원과 축복을 받고 싶다\\\"고 결혼 사실을 발표했다.",
                "sentenceSize": 140
            },
            {
                "sentenceNo": 5,
                "sentenceContent": "이어 나윤권은 \\\"늘 무뚝뚝한 저를 11년 동안 묵묵히 응원해 주시고 늘 제 편이 되어 준 레인보우. 말로 다 표현하지 못했지만 내 마음 알죠? 항상 고맙다. 그리고 앞으로도 여러분을 위해 많은 사람들을 위해 늘 그 자리에서 묵묵히 노래하는 윤권이가 되겠다. 정말 고맙다\\\"고 적었다.",
                "sentenceSize": 159
            },
            {
                "sentenceNo": 6,
                "sentenceContent": "나윤권은 교제 중이던 여자친구와 오는 2016년 3월께 결혼식을 올릴 예정이다.",
                "sentenceSize": 44
            },
            {
                "sentenceNo": 7,
                "sentenceContent": "구체적인 날짜와 장소 등은 미정이다.",
                "sentenceSize": 20
            }
        ]
    },
    "labeledDataInfo": {
        "processSentenceInfo": [
            {
                "sentenceNo": 1,
                "sentenceContent": "가수 나윤권이 동갑내기 직작인 여성과 내년 3월 결혼식을 올린다.",
                "subjectConsistencyYn": "Y"
            },
            {
                "sentenceNo": 2,
                "sentenceContent": "나윤권은 8일 자신의 팬카페에 \\\"오랜만에 글을 남기는 이유는 11년 동안 함께해 준 우리 레인보우 가족에게 제일 먼저 말씀드리고 싶은 얘기가 있기 때문이다\\\"로 말문을 열었다.",
                "subjectConsistencyYn": "Y"
            },
            {
                "sentenceNo": 3,
                "sentenceContent": "나윤권은 \\\"제가 결혼을 한다. 내년 3월이라 아직 날짜는 많이 남았지만 누구보다 이 소식을 제일 먼저 알려드리고 싶어서 짧게나마 우리 가족들에게 글을 쓴다\\\"고 말했다.",
                "subjectConsistencyYn": "Y"
            },
            {
                "sentenceNo": 4,
                "sentenceContent": "나윤권은 \\\"너무 갑작스레 말씀드려 놀라셨을 테지만 결혼할 친구가 일반인이기에 모든 걸 말씀 드릴 수 없었던 점 이해해 주실 거라 믿는다. 인생에서 결혼은 특별하고 소중한 일이기에 무엇보다 여러분의 응원과 축복을 받고 싶다\\\"고 결혼 사실을 발표했다.",
                "subjectConsistencyYn": "Y"
            },
            {
                "sentenceNo": 5,
                "sentenceContent": "이어 나윤권은 \\\"늘 무뚝뚝한 저를 11년 동안 묵묵히 응원해 주시고 늘 제 편이 되어 준 레인보우. 말로 다 표현하지 못했지만 내 마음 알죠? 항상 고맙다. 그리고 앞으로도 여러분을 위해 많은 사람들을 위해 늘 그 자리에서 묵묵히 노래하는 윤권이가 되겠다. 정말 고맙다\\\"고 적었다.",
                "subjectConsistencyYn": "Y"
            },
            {
                "sentenceNo": 6,
                "sentenceContent": "나윤권은 교제 중이던 여자친구와 오는 2016년 3월께 결혼식을 올릴 예정이다.",
                "subjectConsistencyYn": "Y"
            },
            {
                "sentenceNo": 7,
                "sentenceContent": "구체적인 날짜와 장소 등은 미정이다.",
                "subjectConsistencyYn": "Y"
            },
            {
                "sentenceNo": 8,
                "sentenceContent": "한편, 가수 나윤권의 결혼 소식이 화제인 가운데 OK웨딩에서는 내년 결혼식을 앞둔 예비부부들을 위해 11월 5일과 6일 대구웨딩박람회를 개최한다.",
                "subjectConsistencyYn": "N"
            },
            {
                "sentenceNo": 9,
                "sentenceContent": "이번 웨딩박람회에서 OK웨딩은 최저 견적 서비스, 웨딩 다이렉트 케어를 제공한다.",
                "subjectConsistencyYn": "N"
            },
            {
                "sentenceNo": 10,
                "sentenceContent": "결혼을 위한 다양한 서비스를 제공하는 OK웨딩은 똑같이 정해진 스드메 스타일에서 벗어나 합리적인 가격에 전문 웨딩플래너가 정성을 다해 준비해 준다.",
                "subjectConsistencyYn": "N"
            },
            {
                "sentenceNo": 11,
                "sentenceContent": "또한, OK웨딩에서는 웨딩홀 결정과 내가 원하는 날에 예약이 가능할지 고민되는 모든 분들을 위해 웨딩홀 무료 섭외 서비스도 제공한다.",
                "subjectConsistencyYn": "N"
            }
        ],
        "clickbaitClass": 0
    }
}