{
    "sourceDataInfo": {
        "newsID": "ET_M03_627299",
        "newsCategory": "연예",
        "newsSubcategory": "연예가화제",
        "newsTitle": "\\\"공원에서 고기 구워 먹는다고 욕하는 사람들 황당하네요\\\"",
        "newsSubTitle": "",
        "newsContent": "공원에서 고기를 구워 먹다 비난받은 부부가 조언을 구했다.\n최근 온라인 커뮤니티에 '공원에서 고기 구워 먹는다고 욕하는 사람들 황당하네요'라는 제목의 게시물이 올라왔다.\n글쓴이는 \\\"남편하고 공원에 산책 겸 고기 구워 먹으러 갔다\\\"며 \\\"정자에 테이블 있는 공원이고 취사금지 문구가 없었다\\\"고 설명했다.\n하지만 식사를 하던 부부에게 한 중년 부부가 다가왔다.\n중년 부부는 \\\"냄새나게 뭐 하는 겁니까\\\"라며 핀잔을 주었다.\n글쓴이는 \\\"여기저기 맥주에 치킨 먹는 사람들 많은데 왜 우리한테만 뭐라고 하느냐\\\"며 당혹감을 내비쳤다.\n결국 고기 냄새를 풍긴 글쓴이 부부 곁으로 사람들이 하나둘 모여들었다.\n글쓴이는 \\\"기분 나빠서 정리하고 들어왔다. 공원에서 고기 먹으면 안 되는 거 처음 알았다\\\"며 글을 마무리했다.\n한편 해당 사연을 본 네티즌은 글쓴이의 행동을 나무라며 비난을 가했다.\n네티즌 A는 \\\"캠핑장이나 단독주택의 집 앞도 아닌 공원 정자에서 고기 구워 먹는 사람 처음 봤다\\\"며 \\\"정자 기름 튄 건 잘 닦고 오셨나요?\\\"라고 썼다.\n네티즌 B는 \\\"거기서 불을 켤 생각을 하다니 대단하네...다른 사람들은 다 시켜서 먹지 조리해서 먹지 않잖아\\\"라며 \\\"무슨 시골 동네 사는 사람도 아니고 웃기다\\\"라며 비난했다.\n네티즌 C는 \\\"진짜 이해가 안 가는 것 중 하나가 '공원' '수목원' 이런 곳에 가면 돗자리 깔고 술판 벌일 생각부터 한다\\\"며 \\\"먹는 것까진 이해한다 해도 왜 그걸 거기에 버리고 오냐\\\"며 분노했다.",
        "partNum": "P2",
        "useType": 0,
        "processType": "D",
        "processPattern": "23",
        "processLevel": "중",
        "sentenceCount": 12,
        "processSentencenum": 4,
        "sentenceInfo": [
            {
                "sentenceNo": 1,
                "sentenceContent": "공원에서 고기를 구워 먹다 비난받은 부부가 조언을 구했다.",
                "sentenceSize": 32
            },
            {
                "sentenceNo": 2,
                "sentenceContent": "최근 온라인 커뮤니티에 '공원에서 고기 구워 먹는다고 욕하는 사람들 황당하네요'라는 제목의 게시물이 올라왔다.",
                "sentenceSize": 61
            },
            {
                "sentenceNo": 3,
                "sentenceContent": "글쓴이는 \\\"남편하고 공원에 산책 겸 고기 구워 먹으러 갔다\\\"며 \\\"정자에 테이블 있는 공원이고 취사금지 문구가 없었다\\\"고 설명했다.",
                "sentenceSize": 76
            },
            {
                "sentenceNo": 4,
                "sentenceContent": "하지만 식사를 하던 부부에게 한 중년 부부가 다가왔다.",
                "sentenceSize": 30
            },
            {
                "sentenceNo": 5,
                "sentenceContent": "중년 부부는 \\\"냄새나게 뭐 하는 겁니까\\\"라며 핀잔을 주었다.",
                "sentenceSize": 35
            },
            {
                "sentenceNo": 6,
                "sentenceContent": "글쓴이는 \\\"여기저기 맥주에 치킨 먹는 사람들 많은데 왜 우리한테만 뭐라고 하느냐\\\"며 당혹감을 내비쳤다.",
                "sentenceSize": 59
            },
            {
                "sentenceNo": 7,
                "sentenceContent": "결국 고기 냄새를 풍긴 글쓴이 부부 곁으로 사람들이 하나둘 모여들었다.",
                "sentenceSize": 39
            },
            {
                "sentenceNo": 8,
                "sentenceContent": "글쓴이는 \\\"기분 나빠서 정리하고 들어왔다. 공원에서 고기 먹으면 안 되는 거 처음 알았다\\\"며 글을 마무리했다.",
                "sentenceSize": 63
            },
            {
                "sentenceNo": 9,
                "sentenceContent": "한편 해당 사연을 본 네티즌은 글쓴이의 행동을 나무라며 비난을 가했다.",
                "sentenceSize": 39
            },
            {
                "sentenceNo": 10,
                "sentenceContent": "네티즌 A는 \\\"캠핑장이나 단독주택의 집 앞도 아닌 공원 정자에서 고기 구워 먹는 사람 처음 봤다\\\"며 \\\"정자 기름 튄 건 잘 닦고 오셨나요?\\\"라고 썼다.",
                "sentenceSize": 88
            },
            {
                "sentenceNo": 11,
                "sentenceContent": "네티즌 B는 \\\"거기서 불을 켤 생각을 하다니 대단하네...다른 사람들은 다 시켜서 먹지 조리해서 먹지 않잖아\\\"라며 \\\"무슨 시골 동네 사는 사람도 아니고 웃기다\\\"라며 비난했다.",
                "sentenceSize": 101
            },
            {
                "sentenceNo": 12,
                "sentenceContent": "네티즌 C는 \\\"진짜 이해가 안 가는 것 중 하나가 '공원' '수목원' 이런 곳에 가면 돗자리 깔고 술판 벌일 생각부터 한다\\\"며 \\\"먹는 것까진 이해한다 해도 왜 그걸 거기에 버리고 오냐\\\"며 분노했다.",
                "sentenceSize": 114
            }
        ]
    },
    "labeledDataInfo": {
        "processSentenceInfo": [
            {
                "sentenceNo": 1,
                "sentenceContent": "공원에서 고기를 구워 먹다 비난받은 부부가 조언을 구했다.",
                "subjectConsistencyYn": "Y"
            },
            {
                "sentenceNo": 2,
                "sentenceContent": "최근 온라인 커뮤니티에 '공원에서 고기 구워 먹는다고 욕하는 사람들 황당하네요'라는 제목의 게시물이 올라왔다.",
                "subjectConsistencyYn": "Y"
            },
            {
                "sentenceNo": 3,
                "sentenceContent": "글쓴이는 \\\"남편하고 공원에 산책 겸 고기 구워 먹으러 갔다\\\"며 \\\"정자에 테이블 있는 공원이고 취사금지 문구가 없었다\\\"고 설명했다.",
                "subjectConsistencyYn": "Y"
            },
            {
                "sentenceNo": 4,
                "sentenceContent": "하지만 식사를 하던 부부에게 한 중년 부부가 다가왔다.",
                "subjectConsistencyYn": "Y"
            },
            {
                "sentenceNo": 5,
                "sentenceContent": "중년 부부는 \\\"냄새나게 뭐 하는 겁니까\\\"라며 핀잔을 주었다.",
                "subjectConsistencyYn": "Y"
            },
            {
                "sentenceNo": 6,
                "sentenceContent": "글쓴이는 \\\"여기저기 맥주에 치킨 먹는 사람들 많은데 왜 우리한테만 뭐라고 하느냐\\\"며 당혹감을 내비쳤다.",
                "subjectConsistencyYn": "Y"
            },
            {
                "sentenceNo": 7,
                "sentenceContent": "결국 고기 냄새를 풍긴 글쓴이 부부 곁으로 사람들이 하나둘 모여들었다.",
                "subjectConsistencyYn": "Y"
            },
            {
                "sentenceNo": 8,
                "sentenceContent": "글쓴이는 \\\"기분 나빠서 정리하고 들어왔다. 공원에서 고기 먹으면 안 되는 거 처음 알았다\\\"며 글을 마무리했다.",
                "subjectConsistencyYn": "Y"
            },
            {
                "sentenceNo": 9,
                "sentenceContent": "한편 해당 사연을 본 네티즌은 글쓴이의 행동을 나무라며 비난을 가했다.",
                "subjectConsistencyYn": "Y"
            },
            {
                "sentenceNo": 10,
                "sentenceContent": "네티즌 A는 \\\"캠핑장이나 단독주택의 집 앞도 아닌 공원 정자에서 고기 구워 먹는 사람 처음 봤다\\\"며 \\\"정자 기름 튄 건 잘 닦고 오셨나요?\\\"라고 썼다.",
                "subjectConsistencyYn": "Y"
            },
            {
                "sentenceNo": 11,
                "sentenceContent": "네티즌 B는 \\\"거기서 불을 켤 생각을 하다니 대단하네...다른 사람들은 다 시켜서 먹지 조리해서 먹지 않잖아\\\"라며 \\\"무슨 시골 동네 사는 사람도 아니고 웃기다\\\"라며 비난했다.",
                "subjectConsistencyYn": "Y"
            },
            {
                "sentenceNo": 12,
                "sentenceContent": "네티즌 C는 \\\"진짜 이해가 안 가는 것 중 하나가 '공원' '수목원' 이런 곳에 가면 돗자리 깔고 술판 벌일 생각부터 한다\\\"며 \\\"먹는 것까진 이해한다 해도 왜 그걸 거기에 버리고 오냐\\\"며 분노했다.",
                "subjectConsistencyYn": "Y"
            },
            {
                "sentenceNo": 13,
                "sentenceContent": "공원에서 고기를 구워 먹다 비난받은 부부에 대한 대중들의 관심이 높은 가운데, 국내 기업 캠핑레츠고는 '아웃도어 장비 대여' 서비스를 제공하고 있다.",
                "subjectConsistencyYn": "N"
            },
            {
                "sentenceNo": 14,
                "sentenceContent": "해당 서비스는 고기를 구워 먹을 수 있는 장비들을 저렴한 가격에 대여해주는 서비스다.",
                "subjectConsistencyYn": "N"
            },
            {
                "sentenceNo": 15,
                "sentenceContent": "캠핑 장비뿐만 아니라 일상생활에 필요한 공구 세트도 대여해준다.",
                "subjectConsistencyYn": "N"
            },
            {
                "sentenceNo": 16,
                "sentenceContent": "'아웃도어 장비 대여' 서비스에 대한 자세한 정보는 캠핑레츠고 홈페이지에서 확인하길 바란다.",
                "subjectConsistencyYn": "N"
            }
        ],
        "clickbaitClass": 0
    }
}