{
    "sourceDataInfo": {
        "newsID": "ET_M03_627236",
        "newsCategory": "연예",
        "newsSubcategory": "연예가화제",
        "newsTitle": "고현정, 2달 만에 모습 드러낸다…‘리턴’ 하차 후 처음",
        "newsSubTitle": "",
        "newsContent": "배우 고현정이 12일 공식석상에 모습을 드러낸다.\n지난 2월 7일 SBS 드라마 ‘리턴’ 하차를 공식 발표한 뒤 2달여 만이다. 5일 소속사 아이오케이컴퍼니에 따르면 고현정은 12일 진행될 '호랑이보다 무서운 겨울손님'의 관객과 대화에 참여할 예정이다.\n이날은 이 영화의 개봉일이다.\n고현정이 참석하는 ‘관객과의 대화’ 행사는 이날 오후 7시 30분 서울 광화문 씨네큐브에서 열리는 '호랑이보다 무서운 겨울손님' 개봉기념 특별 씨네토크를 말한다.\n이 행사에는 연출을 맡은 이광국 감독, 고현정과 함께 주연을 맡은 배우 이진욱도 참석한다.\n관계자에 따르면 고현정이 앞서 논란이 있었음에도 불구, 영화에 대한 애정으로 논의 끝에 참석을 결정했다고 한다.\n하지만 이 일정 이후에도 홍보 행사에 고현정이 동참할지는 아직 논의 중이다.\n앞서 고씨는 지난 2일 진행된 언론시사회에는 불참했다.\n영화 제작사와 고현정 측이 꾸준히 논의했지만 고현정이 부담감을 느껴 참석하지 않기로 했다고 한다. ‘호랑이보다 무서운 겨울 손님'은 동물원에서 호랑이가 탈출하던 어느 겨울날, 영문도 모르고 갑작스레 여자친구에게 버림받은 경유(이진욱 분), 그리고 그런 경유 앞에 불현듯 나타난 소설가 유정(고현정 분)의 이야기다.\n고현정은 지난 2월 7일 제작진과 불화설로 SBS 드라마'리턴'에서 하차했다.\n그가 맡은 최자혜 변호사 역은 배우 박진희가 이어받아 연기했다.",
        "partNum": "P2",
        "useType": 0,
        "processType": "D",
        "processPattern": "23",
        "processLevel": "중",
        "sentenceCount": 11,
        "processSentencenum": 4,
        "sentenceInfo": [
            {
                "sentenceNo": 1,
                "sentenceContent": "배우 고현정이 12일 공식석상에 모습을 드러낸다.",
                "sentenceSize": 27
            },
            {
                "sentenceNo": 2,
                "sentenceContent": "지난 2월 7일 SBS 드라마 ‘리턴’ 하차를 공식 발표한 뒤 2달여 만이다. 5일 소속사 아이오케이컴퍼니에 따르면 고현정은 12일 진행될 '호랑이보다 무서운 겨울손님'의 관객과 대화에 참여할 예정이다.",
                "sentenceSize": 113
            },
            {
                "sentenceNo": 3,
                "sentenceContent": "이날은 이 영화의 개봉일이다.",
                "sentenceSize": 16
            },
            {
                "sentenceNo": 4,
                "sentenceContent": "고현정이 참석하는 ‘관객과의 대화’ 행사는 이날 오후 7시 30분 서울 광화문 씨네큐브에서 열리는 '호랑이보다 무서운 겨울손님' 개봉기념 특별 씨네토크를 말한다.",
                "sentenceSize": 90
            },
            {
                "sentenceNo": 5,
                "sentenceContent": "이 행사에는 연출을 맡은 이광국 감독, 고현정과 함께 주연을 맡은 배우 이진욱도 참석한다.",
                "sentenceSize": 50
            },
            {
                "sentenceNo": 6,
                "sentenceContent": "관계자에 따르면 고현정이 앞서 논란이 있었음에도 불구, 영화에 대한 애정으로 논의 끝에 참석을 결정했다고 한다.",
                "sentenceSize": 62
            },
            {
                "sentenceNo": 7,
                "sentenceContent": "하지만 이 일정 이후에도 홍보 행사에 고현정이 동참할지는 아직 논의 중이다.",
                "sentenceSize": 42
            },
            {
                "sentenceNo": 8,
                "sentenceContent": "앞서 고씨는 지난 2일 진행된 언론시사회에는 불참했다.",
                "sentenceSize": 30
            },
            {
                "sentenceNo": 9,
                "sentenceContent": "영화 제작사와 고현정 측이 꾸준히 논의했지만 고현정이 부담감을 느껴 참석하지 않기로 했다고 한다. ‘호랑이보다 무서운 겨울 손님'은 동물원에서 호랑이가 탈출하던 어느 겨울날, 영문도 모르고 갑작스레 여자친구에게 버림받은 경유(이진욱 분), 그리고 그런 경유 앞에 불현듯 나타난 소설가 유정(고현정 분)의 이야기다.",
                "sentenceSize": 175
            },
            {
                "sentenceNo": 10,
                "sentenceContent": "고현정은 지난 2월 7일 제작진과 불화설로 SBS 드라마'리턴'에서 하차했다.",
                "sentenceSize": 43
            },
            {
                "sentenceNo": 11,
                "sentenceContent": "그가 맡은 최자혜 변호사 역은 배우 박진희가 이어받아 연기했다.",
                "sentenceSize": 35
            }
        ]
    },
    "labeledDataInfo": {
        "processSentenceInfo": [
            {
                "sentenceNo": 1,
                "sentenceContent": "배우 고현정이 12일 공식석상에 모습을 드러낸다.",
                "subjectConsistencyYn": "Y"
            },
            {
                "sentenceNo": 2,
                "sentenceContent": "지난 2월 7일 SBS 드라마 ‘리턴’ 하차를 공식 발표한 뒤 2달여 만이다. 5일 소속사 아이오케이컴퍼니에 따르면 고현정은 12일 진행될 '호랑이보다 무서운 겨울손님'의 관객과 대화에 참여할 예정이다.",
                "subjectConsistencyYn": "Y"
            },
            {
                "sentenceNo": 3,
                "sentenceContent": "이날은 이 영화의 개봉일이다.",
                "subjectConsistencyYn": "Y"
            },
            {
                "sentenceNo": 4,
                "sentenceContent": "고현정이 참석하는 ‘관객과의 대화’ 행사는 이날 오후 7시 30분 서울 광화문 씨네큐브에서 열리는 '호랑이보다 무서운 겨울손님' 개봉기념 특별 씨네토크를 말한다.",
                "subjectConsistencyYn": "Y"
            },
            {
                "sentenceNo": 5,
                "sentenceContent": "이 행사에는 연출을 맡은 이광국 감독, 고현정과 함께 주연을 맡은 배우 이진욱도 참석한다.",
                "subjectConsistencyYn": "Y"
            },
            {
                "sentenceNo": 6,
                "sentenceContent": "관계자에 따르면 고현정이 앞서 논란이 있었음에도 불구, 영화에 대한 애정으로 논의 끝에 참석을 결정했다고 한다.",
                "subjectConsistencyYn": "Y"
            },
            {
                "sentenceNo": 7,
                "sentenceContent": "하지만 이 일정 이후에도 홍보 행사에 고현정이 동참할지는 아직 논의 중이다.",
                "subjectConsistencyYn": "Y"
            },
            {
                "sentenceNo": 8,
                "sentenceContent": "앞서 고씨는 지난 2일 진행된 언론시사회에는 불참했다.",
                "subjectConsistencyYn": "Y"
            },
            {
                "sentenceNo": 9,
                "sentenceContent": "영화 제작사와 고현정 측이 꾸준히 논의했지만 고현정이 부담감을 느껴 참석하지 않기로 했다고 한다. ‘호랑이보다 무서운 겨울 손님'은 동물원에서 호랑이가 탈출하던 어느 겨울날, 영문도 모르고 갑작스레 여자친구에게 버림받은 경유(이진욱 분), 그리고 그런 경유 앞에 불현듯 나타난 소설가 유정(고현정 분)의 이야기다.",
                "subjectConsistencyYn": "Y"
            },
            {
                "sentenceNo": 10,
                "sentenceContent": "고현정은 지난 2월 7일 제작진과 불화설로 SBS 드라마'리턴'에서 하차했다.",
                "subjectConsistencyYn": "Y"
            },
            {
                "sentenceNo": 11,
                "sentenceContent": "그가 맡은 최자혜 변호사 역은 배우 박진희가 이어받아 연기했다.",
                "subjectConsistencyYn": "Y"
            },
            {
                "sentenceNo": 12,
                "sentenceContent": "고현정의 하차에 따라, 본인이 좋아하는 배우의 필모그래피를 정리하여 찾아주는 앱 '필모' 서비스가 주목받기 시작했다.",
                "subjectConsistencyYn": "N"
            },
            {
                "sentenceNo": 13,
                "sentenceContent": "앱 '필모'는 인지도가 높은 배우들뿐만이 아니라 인지도가 적은 소수 팬들을 위한 별도 카테고리를 생성해 놓은 것뿐만이 아니라 해당 영상물을 즉시 볼 수 있도록 연동이 되어있어 앱을 처음 이용하는 사람들도 배우의 이름만 알고 있다면 간편한 이용이 가능한 것이 장점이다.",
                "subjectConsistencyYn": "N"
            },
            {
                "sentenceNo": 14,
                "sentenceContent": "엑스트라로 등장한 단역을 포함하여 주조연은 물론 감독의 작품까지 정리가 되어있어 드라마나 영화와 같은 것에 열광하는 사람들의 경우 특정 배우와 감독이 같이 찍은 작품을 찾아볼 수 있어서 좋았다는 후기가 종종 있었다.",
                "subjectConsistencyYn": "N"
            },
            {
                "sentenceNo": 15,
                "sentenceContent": "이러한 앱 서비스의 경우 별도로 유료로 이용이 진행이 되고 있지는 않지만 카테고리 개설 및 개인 저장은 유료 옵션으로 제공되고 있으며 유료 옵션 또한 하루에 영상 하나는 무료로 제공을 하는 방식으로 진행되는 만큼 입소문을 타고 점차 많은 이용객들이 증가할 전망이다.",
                "subjectConsistencyYn": "N"
            }
        ],
        "clickbaitClass": 0
    }
}