{
    "sourceDataInfo": {
        "newsID": "ET_M03_627541",
        "newsCategory": "연예",
        "newsSubcategory": "연예가화제",
        "newsTitle": "아빠는 딸 이미도, 강기영 사내 섹시녀로 출연 확정",
        "newsSubTitle": "",
        "newsContent": "배우 이미도가 영화 '아빠는 딸'(가제, 김형협 감독, 영화사 김치주식회사 제작) 출연을 확정해 화제다.\n27일 복수의 영화관계자는 TV리포트에 이미도와 tvN 드라마 '오 나의 귀신님'에서 수셰프 역을 맡아 감초 역할을 선보인 배우 강기영이 '아빠는 딸' 출연을 확정했다고 밝혔다.\n이미도는 '아빠는 딸'에서 윤제문이 근무하는 회사 사내 섹시녀 나대리 역에 낙점됐다.\n강기영은 시골에서 상경한 주대리 역을 맡았다. '아빠는 딸'은 사고 많고 탈도 많은 아빠와 딸의 특별한 교감을 전하는 코믹휴먼드라마로 아빠와 딸이 서로의 사생활은 물론 마음까지 훔쳐봄으로써 잊고 지냈던 추억과 사랑을 되찾게 되는 가슴 따뜻한 이야기를 감동적으로 풀어내는 스토리이다.\n이번 영화는 앞서 윤제문, 정소민, 신구, 이일화가 출연을 확정한 바 있다.\n오는 11월 촬영을 개시한다.\n온라인 중앙일보 [사진 일간스포츠] 이미도 아빠는 딸",
        "partNum": "P2",
        "useType": 0,
        "processType": "D",
        "processPattern": "23",
        "processLevel": "중",
        "sentenceCount": 7,
        "processSentencenum": 2,
        "sentenceInfo": [
            {
                "sentenceNo": 1,
                "sentenceContent": "배우 이미도가 영화 '아빠는 딸'(가제, 김형협 감독, 영화사 김치주식회사 제작) 출연을 확정해 화제다.",
                "sentenceSize": 58
            },
            {
                "sentenceNo": 2,
                "sentenceContent": "27일 복수의 영화관계자는 TV리포트에 이미도와 tvN 드라마 '오 나의 귀신님'에서 수셰프 역을 맡아 감초 역할을 선보인 배우 강기영이 '아빠는 딸' 출연을 확정했다고 밝혔다.",
                "sentenceSize": 99
            },
            {
                "sentenceNo": 3,
                "sentenceContent": "이미도는 '아빠는 딸'에서 윤제문이 근무하는 회사 사내 섹시녀 나대리 역에 낙점됐다.",
                "sentenceSize": 47
            },
            {
                "sentenceNo": 4,
                "sentenceContent": "강기영은 시골에서 상경한 주대리 역을 맡았다. '아빠는 딸'은 사고 많고 탈도 많은 아빠와 딸의 특별한 교감을 전하는 코믹휴먼드라마로 아빠와 딸이 서로의 사생활은 물론 마음까지 훔쳐봄으로써 잊고 지냈던 추억과 사랑을 되찾게 되는 가슴 따뜻한 이야기를 감동적으로 풀어내는 스토리이다.",
                "sentenceSize": 157
            },
            {
                "sentenceNo": 5,
                "sentenceContent": "이번 영화는 앞서 윤제문, 정소민, 신구, 이일화가 출연을 확정한 바 있다.",
                "sentenceSize": 42
            },
            {
                "sentenceNo": 6,
                "sentenceContent": "오는 11월 촬영을 개시한다.",
                "sentenceSize": 16
            },
            {
                "sentenceNo": 7,
                "sentenceContent": "온라인 중앙일보 [사진 일간스포츠] 이미도 아빠는 딸",
                "sentenceSize": 29
            }
        ]
    },
    "labeledDataInfo": {
        "processSentenceInfo": [
            {
                "sentenceNo": 1,
                "sentenceContent": "배우 이미도가 영화 '아빠는 딸'(가제, 김형협 감독, 영화사 김치주식회사 제작) 출연을 확정해 화제다.",
                "subjectConsistencyYn": "Y"
            },
            {
                "sentenceNo": 2,
                "sentenceContent": "27일 복수의 영화관계자는 TV리포트에 이미도와 tvN 드라마 '오 나의 귀신님'에서 수셰프 역을 맡아 감초 역할을 선보인 배우 강기영이 '아빠는 딸' 출연을 확정했다고 밝혔다.",
                "subjectConsistencyYn": "Y"
            },
            {
                "sentenceNo": 3,
                "sentenceContent": "이미도는 '아빠는 딸'에서 윤제문이 근무하는 회사 사내 섹시녀 나대리 역에 낙점됐다.",
                "subjectConsistencyYn": "Y"
            },
            {
                "sentenceNo": 4,
                "sentenceContent": "강기영은 시골에서 상경한 주대리 역을 맡았다. '아빠는 딸'은 사고 많고 탈도 많은 아빠와 딸의 특별한 교감을 전하는 코믹휴먼드라마로 아빠와 딸이 서로의 사생활은 물론 마음까지 훔쳐봄으로써 잊고 지냈던 추억과 사랑을 되찾게 되는 가슴 따뜻한 이야기를 감동적으로 풀어내는 스토리이다.",
                "subjectConsistencyYn": "Y"
            },
            {
                "sentenceNo": 5,
                "sentenceContent": "이번 영화는 앞서 윤제문, 정소민, 신구, 이일화가 출연을 확정한 바 있다.",
                "subjectConsistencyYn": "Y"
            },
            {
                "sentenceNo": 6,
                "sentenceContent": "오는 11월 촬영을 개시한다.",
                "subjectConsistencyYn": "Y"
            },
            {
                "sentenceNo": 7,
                "sentenceContent": "온라인 중앙일보 [사진 일간스포츠] 이미도 아빠는 딸",
                "subjectConsistencyYn": "Y"
            },
            {
                "sentenceNo": 8,
                "sentenceContent": "배우 이미도가 영화 '아빠는 딸' 출연을 확정해 화제인 가운데, 이미도가 광고 모델로 활약 중인 대학생, 취준생 커리어 플랫폼 '링커리어'가 100만 사용자 편의 향상을 위해 '링커리어' 애플리케이션을 리뉴얼 출시했다고 밝혔다. ",
                "subjectConsistencyYn": "N"
            },
            {
                "sentenceNo": 9,
                "sentenceContent": "'링커리어'는 신입 구직자와 기업을 연결하는 커리어 플랫폼으로, 이번 리뉴얼은 '링커리어' 앱 고도화 과정의 일환으로 월간 활성 이용자 수(MAU, Monthly Active Users) 100만 명 돌파로 대규모 트래픽이 발생하는 앱에서 사용자 경험을 개선하고 새로운 기능을 선보이기 위해 진행됐다. ",
                "subjectConsistencyYn": "N"
            }
        ],
        "clickbaitClass": 0
    }
}