{
    "sourceDataInfo": {
        "newsID": "ET_M03_627473",
        "newsCategory": "연예",
        "newsSubcategory": "연예가화제",
        "newsTitle": "우체국 알뜰폰 요금제, 기본요금 無·데이터 무제한",
        "newsSubTitle": "",
        "newsContent": "기본요금이 없는 요금제, 데이터를 무제한 쓸 수 있는 요금제가 우체국에서 출시된다.\n미래창조과학부 우정사업본부는 우체국알뜰폰 상품을 다양화해 4일부터 '우체국 제로 요금제' 등 새로운 요금제를 판매한다고 밝혔다.\n이번에 추가한 상품 중 '우체국 제로 요금제'는 기본 요금 없이 매월 50분 동안 공짜로 음성통화를 할 수 있다.\n우정사업본부는 이번에 출시되는 월 3만 9천900원짜리 무제한 요금제에 가입하면 기본 데이터 10기가바이트를 다 써도, 매일 2기가바이트씩 추가 데이터를 제공한다고 설명했다.\n또한 데이터 사용이 필요한 이용자를 위해 기본 요금 6000원에 음성 230분과 문자 100건, 데이터 500MB를 주는 상품도 출시됐다.\n단말기 선택 폭도 넓어진다.\n우체국 알뜰폰 전용 폴더폰을 3만원에 살 수 있다.\n단말기 시장이 스마트폰 위주로 변하면서 상대적으로 구입이 어려워진 폴더폰을 원활하게 공급하기 위해 우체국 알뜰폰 제휴업체가 직접 기획한 제품들이다.",
        "partNum": "P2",
        "useType": 0,
        "processType": "D",
        "processPattern": "23",
        "processLevel": "중",
        "sentenceCount": 8,
        "processSentencenum": 4,
        "sentenceInfo": [
            {
                "sentenceNo": 1,
                "sentenceContent": "기본요금이 없는 요금제, 데이터를 무제한 쓸 수 있는 요금제가 우체국에서 출시된다.",
                "sentenceSize": 46
            },
            {
                "sentenceNo": 2,
                "sentenceContent": "미래창조과학부 우정사업본부는 우체국알뜰폰 상품을 다양화해 4일부터 '우체국 제로 요금제' 등 새로운 요금제를 판매한다고 밝혔다.",
                "sentenceSize": 71
            },
            {
                "sentenceNo": 3,
                "sentenceContent": "이번에 추가한 상품 중 '우체국 제로 요금제'는 기본 요금 없이 매월 50분 동안 공짜로 음성통화를 할 수 있다.",
                "sentenceSize": 63
            },
            {
                "sentenceNo": 4,
                "sentenceContent": "우정사업본부는 이번에 출시되는 월 3만 9천900원짜리 무제한 요금제에 가입하면 기본 데이터 10기가바이트를 다 써도, 매일 2기가바이트씩 추가 데이터를 제공한다고 설명했다.",
                "sentenceSize": 97
            },
            {
                "sentenceNo": 5,
                "sentenceContent": "또한 데이터 사용이 필요한 이용자를 위해 기본 요금 6000원에 음성 230분과 문자 100건, 데이터 500MB를 주는 상품도 출시됐다.",
                "sentenceSize": 77
            },
            {
                "sentenceNo": 6,
                "sentenceContent": "단말기 선택 폭도 넓어진다.",
                "sentenceSize": 15
            },
            {
                "sentenceNo": 7,
                "sentenceContent": "우체국 알뜰폰 전용 폴더폰을 3만원에 살 수 있다.",
                "sentenceSize": 28
            },
            {
                "sentenceNo": 8,
                "sentenceContent": "단말기 시장이 스마트폰 위주로 변하면서 상대적으로 구입이 어려워진 폴더폰을 원활하게 공급하기 위해 우체국 알뜰폰 제휴업체가 직접 기획한 제품들이다.",
                "sentenceSize": 82
            }
        ]
    },
    "labeledDataInfo": {
        "processSentenceInfo": [
            {
                "sentenceNo": 1,
                "sentenceContent": "기본요금이 없는 요금제, 데이터를 무제한 쓸 수 있는 요금제가 우체국에서 출시된다.",
                "subjectConsistencyYn": "Y"
            },
            {
                "sentenceNo": 2,
                "sentenceContent": "미래창조과학부 우정사업본부는 우체국알뜰폰 상품을 다양화해 4일부터 '우체국 제로 요금제' 등 새로운 요금제를 판매한다고 밝혔다.",
                "subjectConsistencyYn": "Y"
            },
            {
                "sentenceNo": 3,
                "sentenceContent": "이번에 추가한 상품 중 '우체국 제로 요금제'는 기본 요금 없이 매월 50분 동안 공짜로 음성통화를 할 수 있다.",
                "subjectConsistencyYn": "Y"
            },
            {
                "sentenceNo": 4,
                "sentenceContent": "우정사업본부는 이번에 출시되는 월 3만 9천900원짜리 무제한 요금제에 가입하면 기본 데이터 10기가바이트를 다 써도, 매일 2기가바이트씩 추가 데이터를 제공한다고 설명했다.",
                "subjectConsistencyYn": "Y"
            },
            {
                "sentenceNo": 5,
                "sentenceContent": "또한 데이터 사용이 필요한 이용자를 위해 기본 요금 6000원에 음성 230분과 문자 100건, 데이터 500MB를 주는 상품도 출시됐다.",
                "subjectConsistencyYn": "Y"
            },
            {
                "sentenceNo": 6,
                "sentenceContent": "단말기 선택 폭도 넓어진다.",
                "subjectConsistencyYn": "Y"
            },
            {
                "sentenceNo": 7,
                "sentenceContent": "우체국 알뜰폰 전용 폴더폰을 3만원에 살 수 있다.",
                "subjectConsistencyYn": "Y"
            },
            {
                "sentenceNo": 8,
                "sentenceContent": "단말기 시장이 스마트폰 위주로 변하면서 상대적으로 구입이 어려워진 폴더폰을 원활하게 공급하기 위해 우체국 알뜰폰 제휴업체가 직접 기획한 제품들이다.",
                "subjectConsistencyYn": "Y"
            },
            {
                "sentenceNo": 9,
                "sentenceContent": "우체국 알뜰폰이 적극적인 상품 전개에 나선 가운데, 우정사업본부의 '우체국 펀드'가 스마트폰 앱 '스마트 우체국 펀드'를 출시해 눈길을 끈다. ",
                "subjectConsistencyYn": "N"
            },
            {
                "sentenceNo": 10,
                "sentenceContent": "'스마트 우체국 펀드'는 '우체국 펀드'를 누구나 쉽게 이용할 수 있도록, 시각장애인을 위한 음성 서비스와 노인을 위한 큰 글자 서비스를 제공하는 것이 특징이다. ",
                "subjectConsistencyYn": "N"
            },
            {
                "sentenceNo": 11,
                "sentenceContent": "본 서비스는 그간 스마트폰 펀드 투자에서 소외되었던 계층에 편리한 투자 기회를 제공한다는 점에서 다양한 소비자들에게 환영을 받을 것으로 보인다. ",
                "subjectConsistencyYn": "N"
            },
            {
                "sentenceNo": 12,
                "sentenceContent": "'스마트 우체국 펀드' 앱에 대해 궁금한 점이 있을 경우 전국 총괄우체국 방문 또는 우체국 고객센터에 전화문의하면 된다. ",
                "subjectConsistencyYn": "N"
            }
        ],
        "clickbaitClass": 0
    }
}