{
    "sourceDataInfo": {
        "newsID": "ET_M03_627624",
        "newsCategory": "연예",
        "newsSubcategory": "연예가화제",
        "newsTitle": "화정 서강준, 최종 대본 들고선 인증샷…종영 소감 \\\"값진 시간이었다\\\"",
        "newsSubTitle": "",
        "newsContent": "배우 서강준이 '화정' 종영 소감을 밝혔다.\n서강준은 MBC 54주년 월화특별기획 '화정(극본 김이영 연출 최정규)'에서 한없이 부드럽고 순수한 모습과 냉철한 카리스마를 동시에 지닌 꽃선비 홍주원 역으로 시청자들의 사랑을 한 몸에 받았다.\n29일 오전 서강준의 소속사 판타지오 공식 페이스북에는 '화정' 최종회 대본을 들고 환한 미소를 지으며 카메라를 응시하고 있는 서강준의 모습이 공개됐다.\n공개된 사진 속 대본에 \\\"그동안 감사했습니다. 끝난다니 섭섭함이 눈 앞을 가려와 앞이 보이질 않아요...흑\\\"라는 친필 메시지와 함께 종영에 대한 아쉬운 마음을 털어 놓았다.\n또 \\\"지난 7개월 동안 '화정'이라는 작품을 만나 훌륭한 감독님과 작가님, 스태프분들 그리고 최고의 선배님들과 함께 연기할 수 있어서 영광이었고, 값진 시간이었다\\\"고 소감을 전했다.\n이어 \\\"'화정'이라는 마라톤을 끝까지 완주한 기분이다. 그 시간과 과정이 결코 쉽지만은 않았지만 도전을 통해 보람과 성취감을 얻을 수 있었던 것 같다. 부족한 저를 끝까지 지켜봐 주시고 응원해주신 시청자분들께 진심으로 감사드린다\\\"며 감사 인사를 또한 잊지 않았다.\n한편 서강준은 이후 차기작 tvN '치즈인더트랩'을 통해 자유로운 영혼이자 무한 매력남 백인호 역할로 시청자들과 만날 계획이며 곧바로 촬영에 합류한다.\n화정 서강준 [사진 판타지오 공식 페이스북 캡처] 온라인 중앙일보",
        "partNum": "P2",
        "useType": 0,
        "processType": "D",
        "processPattern": "23",
        "processLevel": "중",
        "sentenceCount": 8,
        "processSentencenum": 3,
        "sentenceInfo": [
            {
                "sentenceNo": 1,
                "sentenceContent": "배우 서강준이 '화정' 종영 소감을 밝혔다.",
                "sentenceSize": 24
            },
            {
                "sentenceNo": 2,
                "sentenceContent": "서강준은 MBC 54주년 월화특별기획 '화정(극본 김이영 연출 최정규)'에서 한없이 부드럽고 순수한 모습과 냉철한 카리스마를 동시에 지닌 꽃선비 홍주원 역으로 시청자들의 사랑을 한 몸에 받았다.",
                "sentenceSize": 108
            },
            {
                "sentenceNo": 3,
                "sentenceContent": "29일 오전 서강준의 소속사 판타지오 공식 페이스북에는 '화정' 최종회 대본을 들고 환한 미소를 지으며 카메라를 응시하고 있는 서강준의 모습이 공개됐다.",
                "sentenceSize": 85
            },
            {
                "sentenceNo": 4,
                "sentenceContent": "공개된 사진 속 대본에 \\\"그동안 감사했습니다. 끝난다니 섭섭함이 눈 앞을 가려와 앞이 보이질 않아요...흑\\\"라는 친필 메시지와 함께 종영에 대한 아쉬운 마음을 털어 놓았다.",
                "sentenceSize": 98
            },
            {
                "sentenceNo": 5,
                "sentenceContent": "또 \\\"지난 7개월 동안 '화정'이라는 작품을 만나 훌륭한 감독님과 작가님, 스태프분들 그리고 최고의 선배님들과 함께 연기할 수 있어서 영광이었고, 값진 시간이었다\\\"고 소감을 전했다.",
                "sentenceSize": 103
            },
            {
                "sentenceNo": 6,
                "sentenceContent": "이어 \\\"'화정'이라는 마라톤을 끝까지 완주한 기분이다. 그 시간과 과정이 결코 쉽지만은 않았지만 도전을 통해 보람과 성취감을 얻을 수 있었던 것 같다. 부족한 저를 끝까지 지켜봐 주시고 응원해주신 시청자분들께 진심으로 감사드린다\\\"며 감사 인사를 또한 잊지 않았다.",
                "sentenceSize": 149
            },
            {
                "sentenceNo": 7,
                "sentenceContent": "한편 서강준은 이후 차기작 tvN '치즈인더트랩'을 통해 자유로운 영혼이자 무한 매력남 백인호 역할로 시청자들과 만날 계획이며 곧바로 촬영에 합류한다.",
                "sentenceSize": 84
            },
            {
                "sentenceNo": 8,
                "sentenceContent": "화정 서강준 [사진 판타지오 공식 페이스북 캡처] 온라인 중앙일보",
                "sentenceSize": 36
            }
        ]
    },
    "labeledDataInfo": {
        "processSentenceInfo": [
            {
                "sentenceNo": 1,
                "sentenceContent": "배우 서강준이 '화정' 종영 소감을 밝혔다.",
                "subjectConsistencyYn": "Y"
            },
            {
                "sentenceNo": 2,
                "sentenceContent": "서강준은 MBC 54주년 월화특별기획 '화정(극본 김이영 연출 최정규)'에서 한없이 부드럽고 순수한 모습과 냉철한 카리스마를 동시에 지닌 꽃선비 홍주원 역으로 시청자들의 사랑을 한 몸에 받았다.",
                "subjectConsistencyYn": "Y"
            },
            {
                "sentenceNo": 3,
                "sentenceContent": "29일 오전 서강준의 소속사 판타지오 공식 페이스북에는 '화정' 최종회 대본을 들고 환한 미소를 지으며 카메라를 응시하고 있는 서강준의 모습이 공개됐다.",
                "subjectConsistencyYn": "Y"
            },
            {
                "sentenceNo": 4,
                "sentenceContent": "공개된 사진 속 대본에 \\\"그동안 감사했습니다. 끝난다니 섭섭함이 눈 앞을 가려와 앞이 보이질 않아요...흑\\\"라는 친필 메시지와 함께 종영에 대한 아쉬운 마음을 털어 놓았다.",
                "subjectConsistencyYn": "Y"
            },
            {
                "sentenceNo": 5,
                "sentenceContent": "또 \\\"지난 7개월 동안 '화정'이라는 작품을 만나 훌륭한 감독님과 작가님, 스태프분들 그리고 최고의 선배님들과 함께 연기할 수 있어서 영광이었고, 값진 시간이었다\\\"고 소감을 전했다.",
                "subjectConsistencyYn": "Y"
            },
            {
                "sentenceNo": 6,
                "sentenceContent": "이어 \\\"'화정'이라는 마라톤을 끝까지 완주한 기분이다. 그 시간과 과정이 결코 쉽지만은 않았지만 도전을 통해 보람과 성취감을 얻을 수 있었던 것 같다. 부족한 저를 끝까지 지켜봐 주시고 응원해주신 시청자분들께 진심으로 감사드린다\\\"며 감사 인사를 또한 잊지 않았다.",
                "subjectConsistencyYn": "Y"
            },
            {
                "sentenceNo": 7,
                "sentenceContent": "한편 서강준은 이후 차기작 tvN '치즈인더트랩'을 통해 자유로운 영혼이자 무한 매력남 백인호 역할로 시청자들과 만날 계획이며 곧바로 촬영에 합류한다.",
                "subjectConsistencyYn": "Y"
            },
            {
                "sentenceNo": 8,
                "sentenceContent": "화정 서강준 [사진 판타지오 공식 페이스북 캡처] 온라인 중앙일보",
                "subjectConsistencyYn": "Y"
            },
            {
                "sentenceNo": 9,
                "sentenceContent": "서강준이 활발한 활동을 이어가는 가운데, 부동산 서비스 앱 '직방'은 서강준을 광고 모델로 발탁하고 모바일 관리사무소 '우리집' 서비스를 선보인다고 발표했다. ",
                "subjectConsistencyYn": "N"
            },
            {
                "sentenceNo": 10,
                "sentenceContent": "직방 '우리집' 서비스는 입주자에게 필요한 기능을 두루 갖춘 모바일 아파트 관리사무소 역할을 하며, 앱에서 입주자에게 알리는 각종 공지사항과 관리비 내역 등을 제공한다. ",
                "subjectConsistencyYn": "N"
            },
            {
                "sentenceNo": 11,
                "sentenceContent": "또한 별도의 앱 개발 비용과 유지 보수 비용이 들지 않으며, 관리비 조회 실거래가 정보 등 기본 기능을 무료로 제공한다. ",
                "subjectConsistencyYn": "N"
            }
        ],
        "clickbaitClass": 0
    }
}