{
    "sourceDataInfo": {
        "newsID": "ET_M03_627525",
        "newsCategory": "연예",
        "newsSubcategory": "연예가화제",
        "newsTitle": "소지섭, 신민아 뱃살보고 당황… \\\"코르셋 벗기자 쏟아져\\\" 깜짝",
        "newsSubTitle": "",
        "newsContent": "'오마이비너스 소지섭, 신민아' 오마이비너스 소지섭, 신민아 뱃살보고 당황 \\\"코르셋 벗기자 쏟아져\\\" 깜짝 신민아, 소지섭 주연의 '오마이비너스'가 첫 방송된 가운데 몸꽝으로 출연한 신민아의 뱃살이 화제다.\n16일 첫 방송된 KBS 2TV 새 월화드라마 '오 마이 비너스'에서는 강주은(신민아)과 김영호(소지섭)이 비행기에서 만나는 장면이 그려졌다.\n술과 다이어트 약을 먹고 비행기를 탄 강주은은 갑자기 의식을 잃고 쓰러졌다.\n이에 의사인 영호는 주은을 구하기에 나선다.\n영호는 응급처치를 하기 위해 주은의 옷을 벗겼고, 이 과정에서 주은의 코르셋까지 거침없이 찢었다.\n영호가 주은의 코르셋을 찢자마자 주은의 숨겨놨던 뱃살이 빠져나와 주위의 사람들을 당황케 했다.\n영호는 \\\"만난 지 5분도 안 돼서 옷 벗겨본 여자가 처음이라..복대는 가방 안에 있다\\\"고 말했다.\n이에 주은은 \\\"복대 아니고 코르셋이다\\\"라고 받아치며 향후 이들의 인연이 어떻게 전개될지 기대를 하게 했다.\n이날 첫 방송된 신민아 소지섭 주연의 '오마이비너스'는 1회 방송분은 시청률 7.4%(닐슨 코리아, 전국 기준)를 기록, 순조로운 첫 출발을 알렸다.\n한편, '오마이비너스' 신민아가 티저영상을 통해 소지섭과 아찔한 장면을 연출해 눈길을 끌었다.\n최근 '오마이비너스' 측은 배우 신민아와 소지섭이 등장하는 티저영상을 공개했다.\n오마이비너스 티저영상 속 신민아와 소지섭은 다정한 눈길을 주고받으며 서로를 그윽하게 바라보고 있다.\n소지섭은 신민아에게 점점 다가가고, 신민아는 소지섭 어깨에 그의 다리를 걸쳐 놓는다.\n달달한 분위기가 이어질 것 같지만 신민아와 소지섭이 레슬링을 시작하면서 대반전을 연출한다.\n이어 \\\"절대 빠져나올 수 없는 드라마가 시작한다\\\"라는 문구가 영상에 등장해 눈길을 끌었다. '오마이비너스 소지섭, 신민아' 온라인 중앙일보 [사진 KBS '오마이비너스' 캡처] '오마이비너스 소지섭, 신민아'",
        "partNum": "P2",
        "useType": 0,
        "processType": "D",
        "processPattern": "23",
        "processLevel": "중",
        "sentenceCount": 15,
        "processSentencenum": 2,
        "sentenceInfo": [
            {
                "sentenceNo": 1,
                "sentenceContent": "'오마이비너스 소지섭, 신민아' 오마이비너스 소지섭, 신민아 뱃살보고 당황 \\\"코르셋 벗기자 쏟아져\\\" 깜짝 신민아, 소지섭 주연의 '오마이비너스'가 첫 방송된 가운데 몸꽝으로 출연한 신민아의 뱃살이 화제다.",
                "sentenceSize": 116
            },
            {
                "sentenceNo": 2,
                "sentenceContent": "16일 첫 방송된 KBS 2TV 새 월화드라마 '오 마이 비너스'에서는 강주은(신민아)과 김영호(소지섭)이 비행기에서 만나는 장면이 그려졌다.",
                "sentenceSize": 79
            },
            {
                "sentenceNo": 3,
                "sentenceContent": "술과 다이어트 약을 먹고 비행기를 탄 강주은은 갑자기 의식을 잃고 쓰러졌다.",
                "sentenceSize": 42
            },
            {
                "sentenceNo": 4,
                "sentenceContent": "이에 의사인 영호는 주은을 구하기에 나선다.",
                "sentenceSize": 24
            },
            {
                "sentenceNo": 5,
                "sentenceContent": "영호는 응급처치를 하기 위해 주은의 옷을 벗겼고, 이 과정에서 주은의 코르셋까지 거침없이 찢었다.",
                "sentenceSize": 54
            },
            {
                "sentenceNo": 6,
                "sentenceContent": "영호가 주은의 코르셋을 찢자마자 주은의 숨겨놨던 뱃살이 빠져나와 주위의 사람들을 당황케 했다.",
                "sentenceSize": 52
            },
            {
                "sentenceNo": 7,
                "sentenceContent": "영호는 \\\"만난 지 5분도 안 돼서 옷 벗겨본 여자가 처음이라..복대는 가방 안에 있다\\\"고 말했다.",
                "sentenceSize": 56
            },
            {
                "sentenceNo": 8,
                "sentenceContent": "이에 주은은 \\\"복대 아니고 코르셋이다\\\"라고 받아치며 향후 이들의 인연이 어떻게 전개될지 기대를 하게 했다.",
                "sentenceSize": 61
            },
            {
                "sentenceNo": 9,
                "sentenceContent": "이날 첫 방송된 신민아 소지섭 주연의 '오마이비너스'는 1회 방송분은 시청률 7.4%(닐슨 코리아, 전국 기준)를 기록, 순조로운 첫 출발을 알렸다.",
                "sentenceSize": 83
            },
            {
                "sentenceNo": 10,
                "sentenceContent": "한편, '오마이비너스' 신민아가 티저영상을 통해 소지섭과 아찔한 장면을 연출해 눈길을 끌었다.",
                "sentenceSize": 52
            },
            {
                "sentenceNo": 11,
                "sentenceContent": "최근 '오마이비너스' 측은 배우 신민아와 소지섭이 등장하는 티저영상을 공개했다.",
                "sentenceSize": 44
            },
            {
                "sentenceNo": 12,
                "sentenceContent": "오마이비너스 티저영상 속 신민아와 소지섭은 다정한 눈길을 주고받으며 서로를 그윽하게 바라보고 있다.",
                "sentenceSize": 55
            },
            {
                "sentenceNo": 13,
                "sentenceContent": "소지섭은 신민아에게 점점 다가가고, 신민아는 소지섭 어깨에 그의 다리를 걸쳐 놓는다.",
                "sentenceSize": 47
            },
            {
                "sentenceNo": 14,
                "sentenceContent": "달달한 분위기가 이어질 것 같지만 신민아와 소지섭이 레슬링을 시작하면서 대반전을 연출한다.",
                "sentenceSize": 50
            },
            {
                "sentenceNo": 15,
                "sentenceContent": "이어 \\\"절대 빠져나올 수 없는 드라마가 시작한다\\\"라는 문구가 영상에 등장해 눈길을 끌었다. '오마이비너스 소지섭, 신민아' 온라인 중앙일보 [사진 KBS '오마이비너스' 캡처] '오마이비너스 소지섭, 신민아'",
                "sentenceSize": 118
            }
        ]
    },
    "labeledDataInfo": {
        "processSentenceInfo": [
            {
                "sentenceNo": 1,
                "sentenceContent": "'오마이비너스 소지섭, 신민아' 오마이비너스 소지섭, 신민아 뱃살보고 당황 \\\"코르셋 벗기자 쏟아져\\\" 깜짝 신민아, 소지섭 주연의 '오마이비너스'가 첫 방송된 가운데 몸꽝으로 출연한 신민아의 뱃살이 화제다.",
                "subjectConsistencyYn": "Y"
            },
            {
                "sentenceNo": 2,
                "sentenceContent": "16일 첫 방송된 KBS 2TV 새 월화드라마 '오 마이 비너스'에서는 강주은(신민아)과 김영호(소지섭)이 비행기에서 만나는 장면이 그려졌다.",
                "subjectConsistencyYn": "Y"
            },
            {
                "sentenceNo": 3,
                "sentenceContent": "술과 다이어트 약을 먹고 비행기를 탄 강주은은 갑자기 의식을 잃고 쓰러졌다.",
                "subjectConsistencyYn": "Y"
            },
            {
                "sentenceNo": 4,
                "sentenceContent": "이에 의사인 영호는 주은을 구하기에 나선다.",
                "subjectConsistencyYn": "Y"
            },
            {
                "sentenceNo": 5,
                "sentenceContent": "영호는 응급처치를 하기 위해 주은의 옷을 벗겼고, 이 과정에서 주은의 코르셋까지 거침없이 찢었다.",
                "subjectConsistencyYn": "Y"
            },
            {
                "sentenceNo": 6,
                "sentenceContent": "영호가 주은의 코르셋을 찢자마자 주은의 숨겨놨던 뱃살이 빠져나와 주위의 사람들을 당황케 했다.",
                "subjectConsistencyYn": "Y"
            },
            {
                "sentenceNo": 7,
                "sentenceContent": "영호는 \\\"만난 지 5분도 안 돼서 옷 벗겨본 여자가 처음이라..복대는 가방 안에 있다\\\"고 말했다.",
                "subjectConsistencyYn": "Y"
            },
            {
                "sentenceNo": 8,
                "sentenceContent": "이에 주은은 \\\"복대 아니고 코르셋이다\\\"라고 받아치며 향후 이들의 인연이 어떻게 전개될지 기대를 하게 했다.",
                "subjectConsistencyYn": "Y"
            },
            {
                "sentenceNo": 9,
                "sentenceContent": "이날 첫 방송된 신민아 소지섭 주연의 '오마이비너스'는 1회 방송분은 시청률 7.4%(닐슨 코리아, 전국 기준)를 기록, 순조로운 첫 출발을 알렸다.",
                "subjectConsistencyYn": "Y"
            },
            {
                "sentenceNo": 10,
                "sentenceContent": "한편, '오마이비너스' 신민아가 티저영상을 통해 소지섭과 아찔한 장면을 연출해 눈길을 끌었다.",
                "subjectConsistencyYn": "Y"
            },
            {
                "sentenceNo": 11,
                "sentenceContent": "최근 '오마이비너스' 측은 배우 신민아와 소지섭이 등장하는 티저영상을 공개했다.",
                "subjectConsistencyYn": "Y"
            },
            {
                "sentenceNo": 12,
                "sentenceContent": "오마이비너스 티저영상 속 신민아와 소지섭은 다정한 눈길을 주고받으며 서로를 그윽하게 바라보고 있다.",
                "subjectConsistencyYn": "Y"
            },
            {
                "sentenceNo": 13,
                "sentenceContent": "소지섭은 신민아에게 점점 다가가고, 신민아는 소지섭 어깨에 그의 다리를 걸쳐 놓는다.",
                "subjectConsistencyYn": "Y"
            },
            {
                "sentenceNo": 14,
                "sentenceContent": "달달한 분위기가 이어질 것 같지만 신민아와 소지섭이 레슬링을 시작하면서 대반전을 연출한다.",
                "subjectConsistencyYn": "Y"
            },
            {
                "sentenceNo": 15,
                "sentenceContent": "이어 \\\"절대 빠져나올 수 없는 드라마가 시작한다\\\"라는 문구가 영상에 등장해 눈길을 끌었다. '오마이비너스 소지섭, 신민아' 온라인 중앙일보 [사진 KBS '오마이비너스' 캡처] '오마이비너스 소지섭, 신민아'",
                "subjectConsistencyYn": "Y"
            },
            {
                "sentenceNo": 16,
                "sentenceContent": "소지섭 주연의 '오 마이 비너스'가 첫 방송된 가운데, Elex Technology는 최근 자사가 개발하고 출시한 '클래시 오브 킹즈(Clash of kings)'의 새로운 광고모델로 브라운관을 뜨겁게 달구고 있는 대세 배우 소지섭을 선정했다고 밝혔다.",
                "subjectConsistencyYn": "N"
            },
            {
                "sentenceNo": 17,
                "sentenceContent": "'클래시 오브 킹즈'는 유저들 사이에서 전쟁 게임의 '스테디셀러'라고 불리는 작품으로, 유저가 메인 캐릭터인 영주가 돼 도시의 발전 계획을 세우고, 타 도시와 연맹을 맺어 다른 유저와 전투를 벌이는 실시간 전략 시뮬레이션 게임이다. ",
                "subjectConsistencyYn": "N"
            }
        ],
        "clickbaitClass": 0
    }
}