{
    "sourceDataInfo": {
        "newsID": "ET_M03_627864",
        "newsCategory": "연예",
        "newsSubcategory": "연예가화제",
        "newsTitle": "2015 ‘송도맥주축제’ 맥주체험행사+음악 페스티벌, 가수 라인업은…?",
        "newsSubTitle": "",
        "newsContent": "2015 ‘송도맥주축제’ 맥주체험행사+음악 페스티벌, 가수 라인업은…? 송도맥주축제에 대한 사람들의 관심이 뜨겁다.\n송도맥주축제가 포함된 2015 제5회 송도세계문화축제는 오늘 개막해서 9일간 진행된다.\n이번 축제의 주제는 '인천 가치의 재발견' 이다.\n이 행사에서는 광복 70주년의 의미를 되새기는 시간도 마련될 예정이다.\n이번 행사의 주최는 경인방송과 코레일 유통이 맡았다.\n2015 제5회 송도세계문화축제는 송도맥주축제로도 불려지며 화제를 모으고 있다.\n송도맥주축제의 주요행사는 음악페스티벌, 전세계 맥주체험 행사 등이다.\n음악페스티벌에서는 국내외 가수들의 라이브 공연이 9일 동안 연이어 진행되며 전세계 맥주체험 행사에서는 세계 각국 맥주 시음회가 열린다.\n축제 개막일 출연진은 밴드 시나위, DJ구준엽, 다인, 아리카마, 신촌블루스, 김창기밴드, 로맨틱펀치, 킹스턴루디스카, 조항조, 채은옥, 이정희, 강허달림, 이상미 등입니다.",
        "partNum": "P2",
        "useType": 0,
        "processType": "D",
        "processPattern": "23",
        "processLevel": "중",
        "sentenceCount": 9,
        "processSentencenum": 4,
        "sentenceInfo": [
            {
                "sentenceNo": 1,
                "sentenceContent": "2015 ‘송도맥주축제’ 맥주체험행사+음악 페스티벌, 가수 라인업은…? 송도맥주축제에 대한 사람들의 관심이 뜨겁다.",
                "sentenceSize": 64
            },
            {
                "sentenceNo": 2,
                "sentenceContent": "송도맥주축제가 포함된 2015 제5회 송도세계문화축제는 오늘 개막해서 9일간 진행된다.",
                "sentenceSize": 48
            },
            {
                "sentenceNo": 3,
                "sentenceContent": "이번 축제의 주제는 '인천 가치의 재발견' 이다.",
                "sentenceSize": 27
            },
            {
                "sentenceNo": 4,
                "sentenceContent": "이 행사에서는 광복 70주년의 의미를 되새기는 시간도 마련될 예정이다.",
                "sentenceSize": 39
            },
            {
                "sentenceNo": 5,
                "sentenceContent": "이번 행사의 주최는 경인방송과 코레일 유통이 맡았다.",
                "sentenceSize": 29
            },
            {
                "sentenceNo": 6,
                "sentenceContent": "2015 제5회 송도세계문화축제는 송도맥주축제로도 불려지며 화제를 모으고 있다.",
                "sentenceSize": 44
            },
            {
                "sentenceNo": 7,
                "sentenceContent": "송도맥주축제의 주요행사는 음악페스티벌, 전세계 맥주체험 행사 등이다.",
                "sentenceSize": 38
            },
            {
                "sentenceNo": 8,
                "sentenceContent": "음악페스티벌에서는 국내외 가수들의 라이브 공연이 9일 동안 연이어 진행되며 전세계 맥주체험 행사에서는 세계 각국 맥주 시음회가 열린다.",
                "sentenceSize": 75
            },
            {
                "sentenceNo": 9,
                "sentenceContent": "축제 개막일 출연진은 밴드 시나위, DJ구준엽, 다인, 아리카마, 신촌블루스, 김창기밴드, 로맨틱펀치, 킹스턴루디스카, 조항조, 채은옥, 이정희, 강허달림, 이상미 등입니다.",
                "sentenceSize": 97
            }
        ]
    },
    "labeledDataInfo": {
        "processSentenceInfo": [
            {
                "sentenceNo": 1,
                "sentenceContent": "2015 ‘송도맥주축제’ 맥주체험행사+음악 페스티벌, 가수 라인업은…? 송도맥주축제에 대한 사람들의 관심이 뜨겁다.",
                "subjectConsistencyYn": "Y"
            },
            {
                "sentenceNo": 2,
                "sentenceContent": "송도맥주축제가 포함된 2015 제5회 송도세계문화축제는 오늘 개막해서 9일간 진행된다.",
                "subjectConsistencyYn": "Y"
            },
            {
                "sentenceNo": 3,
                "sentenceContent": "이번 축제의 주제는 '인천 가치의 재발견' 이다.",
                "subjectConsistencyYn": "Y"
            },
            {
                "sentenceNo": 4,
                "sentenceContent": "이 행사에서는 광복 70주년의 의미를 되새기는 시간도 마련될 예정이다.",
                "subjectConsistencyYn": "Y"
            },
            {
                "sentenceNo": 5,
                "sentenceContent": "이번 행사의 주최는 경인방송과 코레일 유통이 맡았다.",
                "subjectConsistencyYn": "Y"
            },
            {
                "sentenceNo": 6,
                "sentenceContent": "2015 제5회 송도세계문화축제는 송도맥주축제로도 불려지며 화제를 모으고 있다.",
                "subjectConsistencyYn": "Y"
            },
            {
                "sentenceNo": 7,
                "sentenceContent": "송도맥주축제의 주요행사는 음악페스티벌, 전세계 맥주체험 행사 등이다.",
                "subjectConsistencyYn": "Y"
            },
            {
                "sentenceNo": 8,
                "sentenceContent": "음악페스티벌에서는 국내외 가수들의 라이브 공연이 9일 동안 연이어 진행되며 전세계 맥주체험 행사에서는 세계 각국 맥주 시음회가 열린다.",
                "subjectConsistencyYn": "Y"
            },
            {
                "sentenceNo": 9,
                "sentenceContent": "축제 개막일 출연진은 밴드 시나위, DJ구준엽, 다인, 아리카마, 신촌블루스, 김창기밴드, 로맨틱펀치, 킹스턴루디스카, 조항조, 채은옥, 이정희, 강허달림, 이상미 등입니다.",
                "subjectConsistencyYn": "Y"
            },
            {
                "sentenceNo": 10,
                "sentenceContent": "2015 ‘송도맥주축제’가 개막한 가운데, 이번 맥주 축제에 참가한 `송도에일` 측이 `송도에일 시음 후기 이벤트`를 시행한다고 밝혔다.",
                "subjectConsistencyYn": "N"
            },
            {
                "sentenceNo": 11,
                "sentenceContent": "송도에일이 인천의 대표 맥주로 자리 잡을 수 있도록 최대한 많은 소비자에게 송도에일의 맛을 알리겠다는 취지로 시행되는 이벤트다.",
                "subjectConsistencyYn": "N"
            },
            {
                "sentenceNo": 12,
                "sentenceContent": "송도맥주축제 기간과 겹쳐서 이번 축제에서 해당 제품을 처음 접한 소비자들도 이벤트에 참여할 수 있다.",
                "subjectConsistencyYn": "N"
            },
            {
                "sentenceNo": 13,
                "sentenceContent": "`송도에일 시음 후기 이벤트`는 내달 30일까지 약 두 달간 진행된다.",
                "subjectConsistencyYn": "N"
            }
        ],
        "clickbaitClass": 0
    }
}