{
    "sourceDataInfo": {
        "newsID": "ET_M03_627547",
        "newsCategory": "연예",
        "newsSubcategory": "연예가화제",
        "newsTitle": "두 번째 스무살 최지우, '대형 떡밥! 외모 몰아주기'…무슨 일?",
        "newsSubTitle": "",
        "newsContent": "‘두번째 스무살’ 최지우 이상윤 정수영 김강현의 외모 몰아주기가 화제다.\ntvN 금토드라마 ‘두번째 스무살’ 측은 지난달 공식 페이스북에 “금요일을 목 빠지게 기다릴 그대들을 위한 대형 떡밥! 외모 몰아주기 ‘셀카’ 3종 세트. 차교수님 ‘지못미’”의 글과 함께 사진을 올렸다.\n공개된 사진 속에는 ‘두번째 스무살’에 출연중인 최지우, 이상윤, 정수영, 김강현이 교복을 입고 최지우에게 외모를 몰아주고 있다.\n코믹한 표정을 펼치는 세 사람 가운데 최지우는 꽃받침을 한채 우월 미모를 뽐내 네티즌들의 이목을 끌었다. ‘두번째 스무살’ 측은 “교복. 위화감제로. 꾸러기. 빛나는 지우히메. 급 동창회 5화보고 싶지? 본방사수”의 해시태그를 게재했다.\n한편 ‘두번째 스무살’은 꽃다운 19세에 덜컥 엄마가 되어 살아온 지 20년이 된 하노라(최지우 분)가 대학에 입학해 난생처음 캠퍼스 라이프를 겪는 이야기를 담은 드라마로 지난 17일 종영했다.\n온라인 중앙일보 [사진 ‘두번째 스무살’ 공식 페이스북 화면 캡처] 두 번째 스무살 최지우",
        "partNum": "P2",
        "useType": 0,
        "processType": "D",
        "processPattern": "23",
        "processLevel": "중",
        "sentenceCount": 6,
        "processSentencenum": 4,
        "sentenceInfo": [
            {
                "sentenceNo": 1,
                "sentenceContent": "‘두번째 스무살’ 최지우 이상윤 정수영 김강현의 외모 몰아주기가 화제다.",
                "sentenceSize": 40
            },
            {
                "sentenceNo": 2,
                "sentenceContent": "tvN 금토드라마 ‘두번째 스무살’ 측은 지난달 공식 페이스북에 “금요일을 목 빠지게 기다릴 그대들을 위한 대형 떡밥! 외모 몰아주기 ‘셀카’ 3종 세트. 차교수님 ‘지못미’”의 글과 함께 사진을 올렸다.",
                "sentenceSize": 114
            },
            {
                "sentenceNo": 3,
                "sentenceContent": "공개된 사진 속에는 ‘두번째 스무살’에 출연중인 최지우, 이상윤, 정수영, 김강현이 교복을 입고 최지우에게 외모를 몰아주고 있다.",
                "sentenceSize": 72
            },
            {
                "sentenceNo": 4,
                "sentenceContent": "코믹한 표정을 펼치는 세 사람 가운데 최지우는 꽃받침을 한채 우월 미모를 뽐내 네티즌들의 이목을 끌었다. ‘두번째 스무살’ 측은 “교복. 위화감제로. 꾸러기. 빛나는 지우히메. 급 동창회 5화보고 싶지? 본방사수”의 해시태그를 게재했다.",
                "sentenceSize": 132
            },
            {
                "sentenceNo": 5,
                "sentenceContent": "한편 ‘두번째 스무살’은 꽃다운 19세에 덜컥 엄마가 되어 살아온 지 20년이 된 하노라(최지우 분)가 대학에 입학해 난생처음 캠퍼스 라이프를 겪는 이야기를 담은 드라마로 지난 17일 종영했다.",
                "sentenceSize": 108
            },
            {
                "sentenceNo": 6,
                "sentenceContent": "온라인 중앙일보 [사진 ‘두번째 스무살’ 공식 페이스북 화면 캡처] 두 번째 스무살 최지우",
                "sentenceSize": 50
            }
        ]
    },
    "labeledDataInfo": {
        "processSentenceInfo": [
            {
                "sentenceNo": 1,
                "sentenceContent": "‘두번째 스무살’ 최지우 이상윤 정수영 김강현의 외모 몰아주기가 화제다.",
                "subjectConsistencyYn": "Y"
            },
            {
                "sentenceNo": 2,
                "sentenceContent": "tvN 금토드라마 ‘두번째 스무살’ 측은 지난달 공식 페이스북에 “금요일을 목 빠지게 기다릴 그대들을 위한 대형 떡밥! 외모 몰아주기 ‘셀카’ 3종 세트. 차교수님 ‘지못미’”의 글과 함께 사진을 올렸다.",
                "subjectConsistencyYn": "Y"
            },
            {
                "sentenceNo": 3,
                "sentenceContent": "공개된 사진 속에는 ‘두번째 스무살’에 출연중인 최지우, 이상윤, 정수영, 김강현이 교복을 입고 최지우에게 외모를 몰아주고 있다.",
                "subjectConsistencyYn": "Y"
            },
            {
                "sentenceNo": 4,
                "sentenceContent": "코믹한 표정을 펼치는 세 사람 가운데 최지우는 꽃받침을 한채 우월 미모를 뽐내 네티즌들의 이목을 끌었다. ‘두번째 스무살’ 측은 “교복. 위화감제로. 꾸러기. 빛나는 지우히메. 급 동창회 5화보고 싶지? 본방사수”의 해시태그를 게재했다.",
                "subjectConsistencyYn": "Y"
            },
            {
                "sentenceNo": 5,
                "sentenceContent": "한편 ‘두번째 스무살’은 꽃다운 19세에 덜컥 엄마가 되어 살아온 지 20년이 된 하노라(최지우 분)가 대학에 입학해 난생처음 캠퍼스 라이프를 겪는 이야기를 담은 드라마로 지난 17일 종영했다.",
                "subjectConsistencyYn": "Y"
            },
            {
                "sentenceNo": 6,
                "sentenceContent": "온라인 중앙일보 [사진 ‘두번째 스무살’ 공식 페이스북 화면 캡처] 두 번째 스무살 최지우",
                "subjectConsistencyYn": "Y"
            },
            {
                "sentenceNo": 7,
                "sentenceContent": "한편, 두 번째 스무살 홍보팀은 종영기념으로 이달 30일 코엑스에서 주인공들 팬 사인회를 연다고 덧붙였다. ",
                "subjectConsistencyYn": "N"
            },
            {
                "sentenceNo": 8,
                "sentenceContent": "이날, 하노라 역의 최지우, 차현석 역의 이상윤 등 메인 배우들이 대거 참여하는 팬 사인회로 2시간 동안 진행되는데 선착순으로 번호표를 배정, 30명 단위로 입장할 예정이라고 한다.  ",
                "subjectConsistencyYn": "N"
            },
            {
                "sentenceNo": 9,
                "sentenceContent": "팬 사인회 옆 부스에서는 두 번째 스무살 관련 굿즈 상품도 함께 배포한다고 전했다.",
                "subjectConsistencyYn": "N"
            },
            {
                "sentenceNo": 10,
                "sentenceContent": "더 자세한 내용은 tvN 홈페이지에서 확인할 수 있다.",
                "subjectConsistencyYn": "N"
            }
        ],
        "clickbaitClass": 0
    }
}