{
    "sourceDataInfo": {
        "newsID": "ET_M03_627447",
        "newsCategory": "연예",
        "newsSubcategory": "연예가화제",
        "newsTitle": "\\\"아이돌이 아이돌 보고 긴장해\\\" 더블에스301 허영생, 에이핑크 멤버들과 함께…",
        "newsSubTitle": "",
        "newsContent": "더블에스301 허영생 더블에스301의 두번째 티저, 허영생의 컴백 티저 영상이 공개되어 화제가 되고 있는 가운데, 과거 허영생이 걸그룹 에이핑크와 함께 찍어 자신의 인스타그램에 올린 사진이 화제가 되고 있다.\n2015년 9월, 허영생은 에이핑크 멤버들과 함께 사진을 찍어 '에이핑크 콘서트, 에이핑크 동생들 잘하더라 노래도 좋고, 잘봤어요' 라는 글과 함께 인스타그램에 업로드했다.\n에이핑크 멤버들이 환하게 웃고 있는 것과 달리 허영생은 혼자 긴장한 듯한 모습을 보여 누리꾼들의 웃음을 자아냈다.\n한편 7년 만의 컴백을 앞둔 더블에스301은 지난달 29일 공개된 새 미니앨범 ‘ETERNAL 5’ 첫 번째 컴백 티저 영상의 주인공 김규종에 이어, 2일 CI ENT 공식 SNS를 통해 두 번째로 허영생의 컴백 티저를 공개하며 많은 이들의 관심을 받고 있다.\n공개된 티저 영상 속 허영생은 강렬한 레드 색상의 배경에 블랙 실루엣으로 초반부터 시선을 사로잡는 카리스마를 보여줬으며, 이어 눈 내리는 배경 속 코트 차림으로 아련하게 허공을 응시하는 등 초반 영상과 반전되는 따뜻한 ‘겨울 감성’을 동시에 담아내 많은 팬들의 이목이 집중되고 있다.\n이에 강렬한 카리스마와 아련한 감성을 넘나드는 다양한 매력을 동시에 담은 허영생의 두 번째 티저 영상이 공개되자 신곡에 대한 팬들의 기대감이 한 층 높아지고 있으며, 하이라이트 부분 화려한 군무 씬 또한 첫 번째 타자였던 김규종의 티저 영상과는 또 다른 느낌을 선사해 새 앨범에 대한 궁금증이 높아지고 있다.\n더블에스301은 오는 16일 0시 각종 온라인 음원 사이트를 통해 미니앨범 ‘ETERNAL 5’를 발매하며 7년 만에 컴백할 예정이다.",
        "partNum": "P2",
        "useType": 0,
        "processType": "D",
        "processPattern": "23",
        "processLevel": "중",
        "sentenceCount": 7,
        "processSentencenum": 3,
        "sentenceInfo": [
            {
                "sentenceNo": 1,
                "sentenceContent": "더블에스301 허영생 더블에스301의 두번째 티저, 허영생의 컴백 티저 영상이 공개되어 화제가 되고 있는 가운데, 과거 허영생이 걸그룹 에이핑크와 함께 찍어 자신의 인스타그램에 올린 사진이 화제가 되고 있다.",
                "sentenceSize": 116
            },
            {
                "sentenceNo": 2,
                "sentenceContent": "2015년 9월, 허영생은 에이핑크 멤버들과 함께 사진을 찍어 '에이핑크 콘서트, 에이핑크 동생들 잘하더라 노래도 좋고, 잘봤어요' 라는 글과 함께 인스타그램에 업로드했다.",
                "sentenceSize": 96
            },
            {
                "sentenceNo": 3,
                "sentenceContent": "에이핑크 멤버들이 환하게 웃고 있는 것과 달리 허영생은 혼자 긴장한 듯한 모습을 보여 누리꾼들의 웃음을 자아냈다.",
                "sentenceSize": 63
            },
            {
                "sentenceNo": 4,
                "sentenceContent": "한편 7년 만의 컴백을 앞둔 더블에스301은 지난달 29일 공개된 새 미니앨범 ‘ETERNAL 5’ 첫 번째 컴백 티저 영상의 주인공 김규종에 이어, 2일 CI ENT 공식 SNS를 통해 두 번째로 허영생의 컴백 티저를 공개하며 많은 이들의 관심을 받고 있다.",
                "sentenceSize": 145
            },
            {
                "sentenceNo": 5,
                "sentenceContent": "공개된 티저 영상 속 허영생은 강렬한 레드 색상의 배경에 블랙 실루엣으로 초반부터 시선을 사로잡는 카리스마를 보여줬으며, 이어 눈 내리는 배경 속 코트 차림으로 아련하게 허공을 응시하는 등 초반 영상과 반전되는 따뜻한 ‘겨울 감성’을 동시에 담아내 많은 팬들의 이목이 집중되고 있다.",
                "sentenceSize": 158
            },
            {
                "sentenceNo": 6,
                "sentenceContent": "이에 강렬한 카리스마와 아련한 감성을 넘나드는 다양한 매력을 동시에 담은 허영생의 두 번째 티저 영상이 공개되자 신곡에 대한 팬들의 기대감이 한 층 높아지고 있으며, 하이라이트 부분 화려한 군무 씬 또한 첫 번째 타자였던 김규종의 티저 영상과는 또 다른 느낌을 선사해 새 앨범에 대한 궁금증이 높아지고 있다.",
                "sentenceSize": 172
            },
            {
                "sentenceNo": 7,
                "sentenceContent": "더블에스301은 오는 16일 0시 각종 온라인 음원 사이트를 통해 미니앨범 ‘ETERNAL 5’를 발매하며 7년 만에 컴백할 예정이다.",
                "sentenceSize": 75
            }
        ]
    },
    "labeledDataInfo": {
        "processSentenceInfo": [
            {
                "sentenceNo": 1,
                "sentenceContent": "더블에스301 허영생 더블에스301의 두번째 티저, 허영생의 컴백 티저 영상이 공개되어 화제가 되고 있는 가운데, 과거 허영생이 걸그룹 에이핑크와 함께 찍어 자신의 인스타그램에 올린 사진이 화제가 되고 있다.",
                "subjectConsistencyYn": "Y"
            },
            {
                "sentenceNo": 2,
                "sentenceContent": "2015년 9월, 허영생은 에이핑크 멤버들과 함께 사진을 찍어 '에이핑크 콘서트, 에이핑크 동생들 잘하더라 노래도 좋고, 잘봤어요' 라는 글과 함께 인스타그램에 업로드했다.",
                "subjectConsistencyYn": "Y"
            },
            {
                "sentenceNo": 3,
                "sentenceContent": "에이핑크 멤버들이 환하게 웃고 있는 것과 달리 허영생은 혼자 긴장한 듯한 모습을 보여 누리꾼들의 웃음을 자아냈다.",
                "subjectConsistencyYn": "Y"
            },
            {
                "sentenceNo": 4,
                "sentenceContent": "한편 7년 만의 컴백을 앞둔 더블에스301은 지난달 29일 공개된 새 미니앨범 ‘ETERNAL 5’ 첫 번째 컴백 티저 영상의 주인공 김규종에 이어, 2일 CI ENT 공식 SNS를 통해 두 번째로 허영생의 컴백 티저를 공개하며 많은 이들의 관심을 받고 있다.",
                "subjectConsistencyYn": "Y"
            },
            {
                "sentenceNo": 5,
                "sentenceContent": "공개된 티저 영상 속 허영생은 강렬한 레드 색상의 배경에 블랙 실루엣으로 초반부터 시선을 사로잡는 카리스마를 보여줬으며, 이어 눈 내리는 배경 속 코트 차림으로 아련하게 허공을 응시하는 등 초반 영상과 반전되는 따뜻한 ‘겨울 감성’을 동시에 담아내 많은 팬들의 이목이 집중되고 있다.",
                "subjectConsistencyYn": "Y"
            },
            {
                "sentenceNo": 6,
                "sentenceContent": "이에 강렬한 카리스마와 아련한 감성을 넘나드는 다양한 매력을 동시에 담은 허영생의 두 번째 티저 영상이 공개되자 신곡에 대한 팬들의 기대감이 한 층 높아지고 있으며, 하이라이트 부분 화려한 군무 씬 또한 첫 번째 타자였던 김규종의 티저 영상과는 또 다른 느낌을 선사해 새 앨범에 대한 궁금증이 높아지고 있다.",
                "subjectConsistencyYn": "Y"
            },
            {
                "sentenceNo": 7,
                "sentenceContent": "더블에스301은 오는 16일 0시 각종 온라인 음원 사이트를 통해 미니앨범 ‘ETERNAL 5’를 발매하며 7년 만에 컴백할 예정이다.",
                "subjectConsistencyYn": "Y"
            },
            {
                "sentenceNo": 8,
                "sentenceContent": "이 밖에도, 더블에스301은 공식 인스타그램을 통해 오는 3월 단독 콘서트 개최 소식을 알렸다. ",
                "subjectConsistencyYn": "N"
            },
            {
                "sentenceNo": 9,
                "sentenceContent": "허영생, 김규종, 김형준 세 명의 멤버가 출연하는 이번 콘서트는 대만, 일본, 멕시코 등 월드 투어를 앞두고 처음으로 개최되는 한국 콘서트로 알려져 더욱 눈길을 끈다. ",
                "subjectConsistencyYn": "N"
            },
            {
                "sentenceNo": 10,
                "sentenceContent": "블루스퀘어 삼성카드 홀에서 진행되는 콘서트의 예매는 인터파크 티켓에서 오는 20일 오픈된다. ",
                "subjectConsistencyYn": "N"
            }
        ],
        "clickbaitClass": 0
    }
}