{
    "sourceDataInfo": {
        "newsID": "ET_M03_627550",
        "newsCategory": "연예",
        "newsSubcategory": "연예가화제",
        "newsTitle": "복면가왕 뮤지, 코스모스에게 패…\\\"손꼽아 기억할 수 있는 날\\\"",
        "newsSubTitle": "",
        "newsContent": "복면가왕 태권브이 UV 뮤지 '복면가왕' 태권브이의 정체가 UV멤버 뮤지로 밝혀졌다.\n지난 11일 방송된 MBC ‘일밤-복면가왕’에서는 13대 복면가왕 소녀의 순정 코스모스(이하 코스모스)를 꺾기 위한 대결이 펼쳐졌다.\n이날 태권브이는 타이거와 팽팽한 대결을 펼쳤지만, 특유의 감미로움으로 가왕과 대결을 펼치게 됐다.\n하지만 가왕 코스모스의 벽은 높았다.\n태권브이 뮤지는 코스모스를 이기지 못하고 패배했다.\n태권브이는 \\\"'복면가왕'에 출연해 많은 칭찬을 받았다. 꼭 오늘을 기억 하겠다\\\"고 소감을 밝힌 후 가면을 벗었다.\n이후 밝혀진 그의 정체는 UV의 뮤지였고 모두를 놀라게 했다.\n뮤지는 \\\"합주실에서 노래를 하는데 울컥했다. '마지막으로 혼자 노래를 부르는게 언제였지?'라고 생각하니 기억이 안 나더라. 이렇게 노래를 하니 감동 받았다\\\"고 소감을 밝혔다.\n또한 “본연의 가수 활동에서 멀어진 듯 했었는데, 손꼽아 기억할 수 있는 날이 될 것 같다. 동기부여가 될 수 있다는 확신이 들었다”고 덧붙였다.\n한편 뮤지는 유세윤과 함께 'UV'라는 그룹으로 '이태원 프리덤' 등 신선하고 중독성 강한 노래들을 발표하며 대중들의 사랑을 받았고, 각종 예능에서 독특한 존재감을 드러내며 인기를 끌었다.\n복면가왕 태권브이 UV 뮤지 온라인 중앙일보",
        "partNum": "P2",
        "useType": 0,
        "processType": "D",
        "processPattern": "23",
        "processLevel": "중",
        "sentenceCount": 11,
        "processSentencenum": 2,
        "sentenceInfo": [
            {
                "sentenceNo": 1,
                "sentenceContent": "복면가왕 태권브이 UV 뮤지 '복면가왕' 태권브이의 정체가 UV멤버 뮤지로 밝혀졌다.",
                "sentenceSize": 47
            },
            {
                "sentenceNo": 2,
                "sentenceContent": "지난 11일 방송된 MBC ‘일밤-복면가왕’에서는 13대 복면가왕 소녀의 순정 코스모스(이하 코스모스)를 꺾기 위한 대결이 펼쳐졌다.",
                "sentenceSize": 74
            },
            {
                "sentenceNo": 3,
                "sentenceContent": "이날 태권브이는 타이거와 팽팽한 대결을 펼쳤지만, 특유의 감미로움으로 가왕과 대결을 펼치게 됐다.",
                "sentenceSize": 54
            },
            {
                "sentenceNo": 4,
                "sentenceContent": "하지만 가왕 코스모스의 벽은 높았다.",
                "sentenceSize": 20
            },
            {
                "sentenceNo": 5,
                "sentenceContent": "태권브이 뮤지는 코스모스를 이기지 못하고 패배했다.",
                "sentenceSize": 28
            },
            {
                "sentenceNo": 6,
                "sentenceContent": "태권브이는 \\\"'복면가왕'에 출연해 많은 칭찬을 받았다. 꼭 오늘을 기억 하겠다\\\"고 소감을 밝힌 후 가면을 벗었다.",
                "sentenceSize": 65
            },
            {
                "sentenceNo": 7,
                "sentenceContent": "이후 밝혀진 그의 정체는 UV의 뮤지였고 모두를 놀라게 했다.",
                "sentenceSize": 34
            },
            {
                "sentenceNo": 8,
                "sentenceContent": "뮤지는 \\\"합주실에서 노래를 하는데 울컥했다. '마지막으로 혼자 노래를 부르는게 언제였지?'라고 생각하니 기억이 안 나더라. 이렇게 노래를 하니 감동 받았다\\\"고 소감을 밝혔다.",
                "sentenceSize": 99
            },
            {
                "sentenceNo": 9,
                "sentenceContent": "또한 “본연의 가수 활동에서 멀어진 듯 했었는데, 손꼽아 기억할 수 있는 날이 될 것 같다. 동기부여가 될 수 있다는 확신이 들었다”고 덧붙였다.",
                "sentenceSize": 81
            },
            {
                "sentenceNo": 10,
                "sentenceContent": "한편 뮤지는 유세윤과 함께 'UV'라는 그룹으로 '이태원 프리덤' 등 신선하고 중독성 강한 노래들을 발표하며 대중들의 사랑을 받았고, 각종 예능에서 독특한 존재감을 드러내며 인기를 끌었다.",
                "sentenceSize": 105
            },
            {
                "sentenceNo": 11,
                "sentenceContent": "복면가왕 태권브이 UV 뮤지 온라인 중앙일보",
                "sentenceSize": 24
            }
        ]
    },
    "labeledDataInfo": {
        "processSentenceInfo": [
            {
                "sentenceNo": 1,
                "sentenceContent": "복면가왕 태권브이 UV 뮤지 '복면가왕' 태권브이의 정체가 UV멤버 뮤지로 밝혀졌다.",
                "subjectConsistencyYn": "Y"
            },
            {
                "sentenceNo": 2,
                "sentenceContent": "지난 11일 방송된 MBC ‘일밤-복면가왕’에서는 13대 복면가왕 소녀의 순정 코스모스(이하 코스모스)를 꺾기 위한 대결이 펼쳐졌다.",
                "subjectConsistencyYn": "Y"
            },
            {
                "sentenceNo": 3,
                "sentenceContent": "이날 태권브이는 타이거와 팽팽한 대결을 펼쳤지만, 특유의 감미로움으로 가왕과 대결을 펼치게 됐다.",
                "subjectConsistencyYn": "Y"
            },
            {
                "sentenceNo": 4,
                "sentenceContent": "하지만 가왕 코스모스의 벽은 높았다.",
                "subjectConsistencyYn": "Y"
            },
            {
                "sentenceNo": 5,
                "sentenceContent": "태권브이 뮤지는 코스모스를 이기지 못하고 패배했다.",
                "subjectConsistencyYn": "Y"
            },
            {
                "sentenceNo": 6,
                "sentenceContent": "태권브이는 \\\"'복면가왕'에 출연해 많은 칭찬을 받았다. 꼭 오늘을 기억 하겠다\\\"고 소감을 밝힌 후 가면을 벗었다.",
                "subjectConsistencyYn": "Y"
            },
            {
                "sentenceNo": 7,
                "sentenceContent": "이후 밝혀진 그의 정체는 UV의 뮤지였고 모두를 놀라게 했다.",
                "subjectConsistencyYn": "Y"
            },
            {
                "sentenceNo": 8,
                "sentenceContent": "뮤지는 \\\"합주실에서 노래를 하는데 울컥했다. '마지막으로 혼자 노래를 부르는게 언제였지?'라고 생각하니 기억이 안 나더라. 이렇게 노래를 하니 감동 받았다\\\"고 소감을 밝혔다.",
                "subjectConsistencyYn": "Y"
            },
            {
                "sentenceNo": 9,
                "sentenceContent": "또한 “본연의 가수 활동에서 멀어진 듯 했었는데, 손꼽아 기억할 수 있는 날이 될 것 같다. 동기부여가 될 수 있다는 확신이 들었다”고 덧붙였다.",
                "subjectConsistencyYn": "Y"
            },
            {
                "sentenceNo": 10,
                "sentenceContent": "한편 뮤지는 유세윤과 함께 'UV'라는 그룹으로 '이태원 프리덤' 등 신선하고 중독성 강한 노래들을 발표하며 대중들의 사랑을 받았고, 각종 예능에서 독특한 존재감을 드러내며 인기를 끌었다.",
                "subjectConsistencyYn": "Y"
            },
            {
                "sentenceNo": 11,
                "sentenceContent": "복면가왕 태권브이 UV 뮤지 온라인 중앙일보",
                "subjectConsistencyYn": "Y"
            },
            {
                "sentenceNo": 12,
                "sentenceContent": "이처럼 복면가왕의 인기로 노래를 감상하는 이들이 늘어나면서, 뮤직플랫폼 멜론에서 ‘내돌내상’ 이벤트를 진행한다고 하여 관심을 끌고 있다.",
                "subjectConsistencyYn": "N"
            },
            {
                "sentenceNo": 13,
                "sentenceContent": "내가 좋아하는 아티스트 이름을 검색하여, 해당 아티스트에게 내가 시상하고 싶은 상의 이름과 그 이유를 자유롭게 입력하면 되며, ‘내돌내상’ 이벤트는 멜론 앱과 홈페이지에서 참여할 수 있다.",
                "subjectConsistencyYn": "N"
            }
        ],
        "clickbaitClass": 0
    }
}