{
    "sourceDataInfo": {
        "newsID": "ET_M03_627543",
        "newsCategory": "연예",
        "newsSubcategory": "연예가화제",
        "newsTitle": "유일랍미 이태임, 전설의 연애고수 박지호와는 무슨 관계?",
        "newsSubTitle": "",
        "newsContent": "배우 이태임이 지난 3월 일었던 '욕설 논란'에 대해 밝혔다.\n이태임은 22일 오후 2시 서울 서대문구 창천동 신촌 현대백화점 유플렉스 제이드홀에서 열린 DRAMA H 목금드라마 '유일랍미'(극본 윤소영 / 연출 이정표) 제작발표회에서 \\\"(논란이 있은 후) 처음에는 일상 생활이 많이 힘들었었다\\\"고 말했다.\n그는 이어 \\\"마음 추스르기가 힘들더라. 쉬면서 영화 나오는 거 다 보고 운동도 열심히 했다. 처음에는 많이 힘들었는데 점점 좋아졌다. 지금은 이제 웃으면서 이야기할 수 있는 것 같다\\\"고 털어놨다.\n이날 그는 복귀 소감을 묻는 질문에 \\\"사실 저는 그 논란을 마음에서 많이 내려놨다\\\"라며 \\\"이 작품을 하게 된 계기는 워낙 예전부터 해보고 싶은 역할이었다\\\"라고 답했다.\n이어 이태임은 \\\"그동안 암울한 캐릭터들을 많이 했었기 때문에 밝고 명랑하고 쾌활한 역할을 해보고 싶었다\\\"라며 \\\"촬영장에서 다들 따뜻하게 대해주셔서 행복하게 촬영했다\\\"고 전했다.\n이태임은 극중 SNS상에서 전설의 연애고수가 돼 모태솔로 찌질남을 환골탈태시키는 박지호 역을 맡았다.\n한편, '유일랍미'는 의도치 않게 남자행세를 하게 된 여자가 SNS상에서 전설의 연애고수가 되어 연애 전무 최강 찌질남을 환골탈태 시키는 연애 사육 프로젝트를 그린 16부작 드라마다.\n오는 29일 낮 12시 30분 첫 방송된다.",
        "partNum": "P2",
        "useType": 0,
        "processType": "D",
        "processPattern": "23",
        "processLevel": "중",
        "sentenceCount": 8,
        "processSentencenum": 2,
        "sentenceInfo": [
            {
                "sentenceNo": 1,
                "sentenceContent": "배우 이태임이 지난 3월 일었던 '욕설 논란'에 대해 밝혔다.",
                "sentenceSize": 34
            },
            {
                "sentenceNo": 2,
                "sentenceContent": "이태임은 22일 오후 2시 서울 서대문구 창천동 신촌 현대백화점 유플렉스 제이드홀에서 열린 DRAMA H 목금드라마 '유일랍미'(극본 윤소영 / 연출 이정표) 제작발표회에서 \\\"(논란이 있은 후) 처음에는 일상 생활이 많이 힘들었었다\\\"고 말했다.",
                "sentenceSize": 138
            },
            {
                "sentenceNo": 3,
                "sentenceContent": "그는 이어 \\\"마음 추스르기가 힘들더라. 쉬면서 영화 나오는 거 다 보고 운동도 열심히 했다. 처음에는 많이 힘들었는데 점점 좋아졌다. 지금은 이제 웃으면서 이야기할 수 있는 것 같다\\\"고 털어놨다.",
                "sentenceSize": 111
            },
            {
                "sentenceNo": 4,
                "sentenceContent": "이날 그는 복귀 소감을 묻는 질문에 \\\"사실 저는 그 논란을 마음에서 많이 내려놨다\\\"라며 \\\"이 작품을 하게 된 계기는 워낙 예전부터 해보고 싶은 역할이었다\\\"라고 답했다.",
                "sentenceSize": 97
            },
            {
                "sentenceNo": 5,
                "sentenceContent": "이어 이태임은 \\\"그동안 암울한 캐릭터들을 많이 했었기 때문에 밝고 명랑하고 쾌활한 역할을 해보고 싶었다\\\"라며 \\\"촬영장에서 다들 따뜻하게 대해주셔서 행복하게 촬영했다\\\"고 전했다.",
                "sentenceSize": 102
            },
            {
                "sentenceNo": 6,
                "sentenceContent": "이태임은 극중 SNS상에서 전설의 연애고수가 돼 모태솔로 찌질남을 환골탈태시키는 박지호 역을 맡았다.",
                "sentenceSize": 56
            },
            {
                "sentenceNo": 7,
                "sentenceContent": "한편, '유일랍미'는 의도치 않게 남자행세를 하게 된 여자가 SNS상에서 전설의 연애고수가 되어 연애 전무 최강 찌질남을 환골탈태 시키는 연애 사육 프로젝트를 그린 16부작 드라마다.",
                "sentenceSize": 102
            },
            {
                "sentenceNo": 8,
                "sentenceContent": "오는 29일 낮 12시 30분 첫 방송된다.",
                "sentenceSize": 24
            }
        ]
    },
    "labeledDataInfo": {
        "processSentenceInfo": [
            {
                "sentenceNo": 1,
                "sentenceContent": "배우 이태임이 지난 3월 일었던 '욕설 논란'에 대해 밝혔다.",
                "subjectConsistencyYn": "Y"
            },
            {
                "sentenceNo": 2,
                "sentenceContent": "이태임은 22일 오후 2시 서울 서대문구 창천동 신촌 현대백화점 유플렉스 제이드홀에서 열린 DRAMA H 목금드라마 '유일랍미'(극본 윤소영 / 연출 이정표) 제작발표회에서 \\\"(논란이 있은 후) 처음에는 일상 생활이 많이 힘들었었다\\\"고 말했다.",
                "subjectConsistencyYn": "Y"
            },
            {
                "sentenceNo": 3,
                "sentenceContent": "그는 이어 \\\"마음 추스르기가 힘들더라. 쉬면서 영화 나오는 거 다 보고 운동도 열심히 했다. 처음에는 많이 힘들었는데 점점 좋아졌다. 지금은 이제 웃으면서 이야기할 수 있는 것 같다\\\"고 털어놨다.",
                "subjectConsistencyYn": "Y"
            },
            {
                "sentenceNo": 4,
                "sentenceContent": "이날 그는 복귀 소감을 묻는 질문에 \\\"사실 저는 그 논란을 마음에서 많이 내려놨다\\\"라며 \\\"이 작품을 하게 된 계기는 워낙 예전부터 해보고 싶은 역할이었다\\\"라고 답했다.",
                "subjectConsistencyYn": "Y"
            },
            {
                "sentenceNo": 5,
                "sentenceContent": "이어 이태임은 \\\"그동안 암울한 캐릭터들을 많이 했었기 때문에 밝고 명랑하고 쾌활한 역할을 해보고 싶었다\\\"라며 \\\"촬영장에서 다들 따뜻하게 대해주셔서 행복하게 촬영했다\\\"고 전했다.",
                "subjectConsistencyYn": "Y"
            },
            {
                "sentenceNo": 6,
                "sentenceContent": "이태임은 극중 SNS상에서 전설의 연애고수가 돼 모태솔로 찌질남을 환골탈태시키는 박지호 역을 맡았다.",
                "subjectConsistencyYn": "Y"
            },
            {
                "sentenceNo": 7,
                "sentenceContent": "한편, '유일랍미'는 의도치 않게 남자행세를 하게 된 여자가 SNS상에서 전설의 연애고수가 되어 연애 전무 최강 찌질남을 환골탈태 시키는 연애 사육 프로젝트를 그린 16부작 드라마다.",
                "subjectConsistencyYn": "Y"
            },
            {
                "sentenceNo": 8,
                "sentenceContent": "오는 29일 낮 12시 30분 첫 방송된다.",
                "subjectConsistencyYn": "Y"
            },
            {
                "sentenceNo": 9,
                "sentenceContent": "배우 이태임이 지난 3월 일었던 '욕설 논란'에 대해 밝힌 가운데, 배우 이태임이 광고 모델로 활동 중인 카카오의 블록체인 기술 계열사 그라운드엑스가 삼성전자 스마트TV에서 디지털 아트와 대체불가토큰(NFT)을 감상하고 구매할 수 있는 '클립 드롭스 삼성 TV 앱'을 출시했다고 밝혔다.\t",
                "subjectConsistencyYn": "N"
            },
            {
                "sentenceNo": 10,
                "sentenceContent": "'클립 드롭스 삼성 TV 앱'은 2022년도 이후 한국에 출시된 모든 삼성 스마트TV에서 사용 가능하고 더 프레임, 마이크로 LED(발광 다이오드), 크리스탈 UHD 제품 등 일부 모델에서는 앱 설치가 필요하다.  ",
                "subjectConsistencyYn": "N"
            }
        ],
        "clickbaitClass": 0
    }
}