{
    "sourceDataInfo": {
        "newsID": "ET_M03_627841",
        "newsCategory": "연예",
        "newsSubcategory": "연예가화제",
        "newsTitle": "복면가왕 '해바라기' 정체는 아이돌로 밝혀져 … 마마무의 OO",
        "newsSubTitle": "",
        "newsContent": "복면가왕 '해바라기' 정체는 아이돌로 밝혀져 'WOW' ‘복면가왕’ 해바라기의 정체가 마마무 솔라로 밝혀졌다.\n30일 오후 방송된 MBC ‘일밤-복면가왕(이하 복면가왕)’에서 ‘일편단심 해바라기’와 ‘전설의 기타맨’의 경쟁을 펼쳤다. ‘일편단심 해바라기’(이하 해바라기)는 장혜리의 ‘내게 남은 사랑을 드릴게요’를 선곡해 흥겨운 무대를 꾸몄다.\n이에 맞서는 ‘전설의 기타맨’(이하 기타맨)은 BMK의 ‘물들어’를 매력적인 목소리로 열창했다.\n투표결과 ‘해바라기’는 ‘기타맨’에 71-28로 패배했다.\n이에 ‘해바라기’는 가면을 벗었고 그의 정체는 아이돌 마마무의 솔라였다.\n솔라는 “복면가왕에서 우리 마마무에 대한 언급이 많아서 꼭 나와서 감사하다는 말씀을 드리고 싶었다. 아쉽기도 하지만 너무 소중한 시간이었다. 탈락했지만 많은 것을 배웠다”고 설명했다.\n또 “인생에서 가장 소중한 시점에 내 목소리에 대해 더 잘 알게 되어 고맙다”고 말했다.",
        "partNum": "P2",
        "useType": 0,
        "processType": "D",
        "processPattern": "23",
        "processLevel": "중",
        "sentenceCount": 7,
        "processSentencenum": 2,
        "sentenceInfo": [
            {
                "sentenceNo": 1,
                "sentenceContent": "복면가왕 '해바라기' 정체는 아이돌로 밝혀져 'WOW' ‘복면가왕’ 해바라기의 정체가 마마무 솔라로 밝혀졌다.",
                "sentenceSize": 61
            },
            {
                "sentenceNo": 2,
                "sentenceContent": "30일 오후 방송된 MBC ‘일밤-복면가왕(이하 복면가왕)’에서 ‘일편단심 해바라기’와 ‘전설의 기타맨’의 경쟁을 펼쳤다. ‘일편단심 해바라기’(이하 해바라기)는 장혜리의 ‘내게 남은 사랑을 드릴게요’를 선곡해 흥겨운 무대를 꾸몄다.",
                "sentenceSize": 130
            },
            {
                "sentenceNo": 3,
                "sentenceContent": "이에 맞서는 ‘전설의 기타맨’(이하 기타맨)은 BMK의 ‘물들어’를 매력적인 목소리로 열창했다.",
                "sentenceSize": 53
            },
            {
                "sentenceNo": 4,
                "sentenceContent": "투표결과 ‘해바라기’는 ‘기타맨’에 71-28로 패배했다.",
                "sentenceSize": 32
            },
            {
                "sentenceNo": 5,
                "sentenceContent": "이에 ‘해바라기’는 가면을 벗었고 그의 정체는 아이돌 마마무의 솔라였다.",
                "sentenceSize": 40
            },
            {
                "sentenceNo": 6,
                "sentenceContent": "솔라는 “복면가왕에서 우리 마마무에 대한 언급이 많아서 꼭 나와서 감사하다는 말씀을 드리고 싶었다. 아쉽기도 하지만 너무 소중한 시간이었다. 탈락했지만 많은 것을 배웠다”고 설명했다.",
                "sentenceSize": 102
            },
            {
                "sentenceNo": 7,
                "sentenceContent": "또 “인생에서 가장 소중한 시점에 내 목소리에 대해 더 잘 알게 되어 고맙다”고 말했다.",
                "sentenceSize": 49
            }
        ]
    },
    "labeledDataInfo": {
        "processSentenceInfo": [
            {
                "sentenceNo": 1,
                "sentenceContent": "복면가왕 '해바라기' 정체는 아이돌로 밝혀져 'WOW' ‘복면가왕’ 해바라기의 정체가 마마무 솔라로 밝혀졌다.",
                "subjectConsistencyYn": "Y"
            },
            {
                "sentenceNo": 2,
                "sentenceContent": "30일 오후 방송된 MBC ‘일밤-복면가왕(이하 복면가왕)’에서 ‘일편단심 해바라기’와 ‘전설의 기타맨’의 경쟁을 펼쳤다. ‘일편단심 해바라기’(이하 해바라기)는 장혜리의 ‘내게 남은 사랑을 드릴게요’를 선곡해 흥겨운 무대를 꾸몄다.",
                "subjectConsistencyYn": "Y"
            },
            {
                "sentenceNo": 3,
                "sentenceContent": "이에 맞서는 ‘전설의 기타맨’(이하 기타맨)은 BMK의 ‘물들어’를 매력적인 목소리로 열창했다.",
                "subjectConsistencyYn": "Y"
            },
            {
                "sentenceNo": 4,
                "sentenceContent": "투표결과 ‘해바라기’는 ‘기타맨’에 71-28로 패배했다.",
                "subjectConsistencyYn": "Y"
            },
            {
                "sentenceNo": 5,
                "sentenceContent": "이에 ‘해바라기’는 가면을 벗었고 그의 정체는 아이돌 마마무의 솔라였다.",
                "subjectConsistencyYn": "Y"
            },
            {
                "sentenceNo": 6,
                "sentenceContent": "솔라는 “복면가왕에서 우리 마마무에 대한 언급이 많아서 꼭 나와서 감사하다는 말씀을 드리고 싶었다. 아쉽기도 하지만 너무 소중한 시간이었다. 탈락했지만 많은 것을 배웠다”고 설명했다.",
                "subjectConsistencyYn": "Y"
            },
            {
                "sentenceNo": 7,
                "sentenceContent": "또 “인생에서 가장 소중한 시점에 내 목소리에 대해 더 잘 알게 되어 고맙다”고 말했다.",
                "subjectConsistencyYn": "Y"
            },
            {
                "sentenceNo": 8,
                "sentenceContent": "또한 솔라는 \"방송이 나가는 날 저와 문별이 첫 유닛을 결성해 발표하는 신곡 'Better'의 뮤직비디오 티저 영상이 마마무 공식 유튜브 채널을 통해 선보일 예정이니, 많이 사랑해 달라\"고 전했다.",
                "subjectConsistencyYn": "N"
            },
            {
                "sentenceNo": 9,
                "sentenceContent": "솔라와 문별의 신곡 'Better'는 무채색 삶 속, 사랑하는 사람과 함께하는 순간이 위로를 준다는 내용을 담은 낭만이 가득한 곡으로 오는 30일 오후 6시 각종 음원 사이트를 통해 만날 수 있다.",
                "subjectConsistencyYn": "N"
            }
        ],
        "clickbaitClass": 0
    }
}