{
    "sourceDataInfo": {
        "newsID": "ET_M03_627331",
        "newsCategory": "연예",
        "newsSubcategory": "연예가화제",
        "newsTitle": "빅뱅 탑, 中음료 광고서 얼굴 사라졌다",
        "newsSubTitle": "",
        "newsContent": "빅뱅이 모델로 나선 중국의 한 음료 광고에서 탑(본명 최승현·30)의 얼굴이 삭제됐다.\n탑이 대마초를 피운 혐의로 지난 5일 재판에 넘겨진 직후 벌어진 일이다.\n대만 ET투데이의 5일 보도에 따르면 중국의 대형 음료 브랜드인 농부산천(农夫山泉)은 빅뱅 5명 멤버가 모델로 등장한 광고 사진에서 탑의 얼굴을 편집했다.\n이 광고는 해당 음료 브랜드가 가장 최근 게재한 사진이다.\n현재 광고 사진에는 빅뱅의 다른 멤버인 지드래곤, 태양, 대성, 승리의 얼굴만 남아 있다.\n이는 연예인 마약류 범죄에 엄격한 중국 내 시장 상황을 고려한 음료 브랜드의 발 빠른 조치로 해석된다.\n매체는 이와 함께 탑이 입대 전 중국에서 찍은 영화 '아웃 오브 컨트롤(Out of Control)' 개봉 역시 불투명할 것으로 보인다고 전했다.\n한편 탑은 지난 6일 대마초 흡연 혐의로 검찰에 넘겨지며 의경에서 직위해제 됐다.\n만약 재판에서 1년 6개월 이상의 형을 받게 될 경우 탑은 강제 전역 후 재입대해야 한다.",
        "partNum": "P2",
        "useType": 0,
        "processType": "D",
        "processPattern": "23",
        "processLevel": "중",
        "sentenceCount": 9,
        "processSentencenum": 4,
        "sentenceInfo": [
            {
                "sentenceNo": 1,
                "sentenceContent": "빅뱅이 모델로 나선 중국의 한 음료 광고에서 탑(본명 최승현·30)의 얼굴이 삭제됐다.",
                "sentenceSize": 48
            },
            {
                "sentenceNo": 2,
                "sentenceContent": "탑이 대마초를 피운 혐의로 지난 5일 재판에 넘겨진 직후 벌어진 일이다.",
                "sentenceSize": 40
            },
            {
                "sentenceNo": 3,
                "sentenceContent": "대만 ET투데이의 5일 보도에 따르면 중국의 대형 음료 브랜드인 농부산천(农夫山泉)은 빅뱅 5명 멤버가 모델로 등장한 광고 사진에서 탑의 얼굴을 편집했다.",
                "sentenceSize": 86
            },
            {
                "sentenceNo": 4,
                "sentenceContent": "이 광고는 해당 음료 브랜드가 가장 최근 게재한 사진이다.",
                "sentenceSize": 32
            },
            {
                "sentenceNo": 5,
                "sentenceContent": "현재 광고 사진에는 빅뱅의 다른 멤버인 지드래곤, 태양, 대성, 승리의 얼굴만 남아 있다.",
                "sentenceSize": 50
            },
            {
                "sentenceNo": 6,
                "sentenceContent": "이는 연예인 마약류 범죄에 엄격한 중국 내 시장 상황을 고려한 음료 브랜드의 발 빠른 조치로 해석된다.",
                "sentenceSize": 57
            },
            {
                "sentenceNo": 7,
                "sentenceContent": "매체는 이와 함께 탑이 입대 전 중국에서 찍은 영화 '아웃 오브 컨트롤(Out of Control)' 개봉 역시 불투명할 것으로 보인다고 전했다.",
                "sentenceSize": 81
            },
            {
                "sentenceNo": 8,
                "sentenceContent": "한편 탑은 지난 6일 대마초 흡연 혐의로 검찰에 넘겨지며 의경에서 직위해제 됐다.",
                "sentenceSize": 45
            },
            {
                "sentenceNo": 9,
                "sentenceContent": "만약 재판에서 1년 6개월 이상의 형을 받게 될 경우 탑은 강제 전역 후 재입대해야 한다.",
                "sentenceSize": 50
            }
        ]
    },
    "labeledDataInfo": {
        "processSentenceInfo": [
            {
                "sentenceNo": 1,
                "sentenceContent": "빅뱅이 모델로 나선 중국의 한 음료 광고에서 탑(본명 최승현·30)의 얼굴이 삭제됐다.",
                "subjectConsistencyYn": "Y"
            },
            {
                "sentenceNo": 2,
                "sentenceContent": "탑이 대마초를 피운 혐의로 지난 5일 재판에 넘겨진 직후 벌어진 일이다.",
                "subjectConsistencyYn": "Y"
            },
            {
                "sentenceNo": 3,
                "sentenceContent": "대만 ET투데이의 5일 보도에 따르면 중국의 대형 음료 브랜드인 농부산천(农夫山泉)은 빅뱅 5명 멤버가 모델로 등장한 광고 사진에서 탑의 얼굴을 편집했다.",
                "subjectConsistencyYn": "Y"
            },
            {
                "sentenceNo": 4,
                "sentenceContent": "이 광고는 해당 음료 브랜드가 가장 최근 게재한 사진이다.",
                "subjectConsistencyYn": "Y"
            },
            {
                "sentenceNo": 5,
                "sentenceContent": "현재 광고 사진에는 빅뱅의 다른 멤버인 지드래곤, 태양, 대성, 승리의 얼굴만 남아 있다.",
                "subjectConsistencyYn": "Y"
            },
            {
                "sentenceNo": 6,
                "sentenceContent": "이는 연예인 마약류 범죄에 엄격한 중국 내 시장 상황을 고려한 음료 브랜드의 발 빠른 조치로 해석된다.",
                "subjectConsistencyYn": "Y"
            },
            {
                "sentenceNo": 7,
                "sentenceContent": "매체는 이와 함께 탑이 입대 전 중국에서 찍은 영화 '아웃 오브 컨트롤(Out of Control)' 개봉 역시 불투명할 것으로 보인다고 전했다.",
                "subjectConsistencyYn": "Y"
            },
            {
                "sentenceNo": 8,
                "sentenceContent": "한편 탑은 지난 6일 대마초 흡연 혐의로 검찰에 넘겨지며 의경에서 직위해제 됐다.",
                "subjectConsistencyYn": "Y"
            },
            {
                "sentenceNo": 9,
                "sentenceContent": "만약 재판에서 1년 6개월 이상의 형을 받게 될 경우 탑은 강제 전역 후 재입대해야 한다.",
                "subjectConsistencyYn": "Y"
            },
            {
                "sentenceNo": 10,
                "sentenceContent": "탑이 대마초를 피운 혐의로 재판에 넘겨지며 농부산천 측에서 탑의 얼굴만 삭제한 사진을 게재한 가운데, 사진 보정 애플리케이션 `스마일`이 출시됐다.",
                "subjectConsistencyYn": "N"
            },
            {
                "sentenceNo": 11,
                "sentenceContent": "이 앱은 사진에서 불필요한 물건이나 사람을 자연스럽게 지울 수 있다.",
                "subjectConsistencyYn": "N"
            },
            {
                "sentenceNo": 12,
                "sentenceContent": "또한 피부의 잡티나 털을 지우거나 눈, 코, 입의 크기를 조절할 수 있다.",
                "subjectConsistencyYn": "N"
            },
            {
                "sentenceNo": 13,
                "sentenceContent": "특히 여드름이나 뾰루지를 지우고 싶은 이용자들이 유용하게 쓸 수 있는 앱이다.",
                "subjectConsistencyYn": "N"
            }
        ],
        "clickbaitClass": 0
    }
}