{
    "sourceDataInfo": {
        "newsID": "ET_M03_627339",
        "newsCategory": "연예",
        "newsSubcategory": "연예가화제",
        "newsTitle": "팬들이 만든 자신의 지하철 광고를 본 '프듀 연습생'이 한 일",
        "newsSubTitle": "",
        "newsContent": "프로듀스101에서 10위에 안착한 연습생 주학년이 귀여운 행동으로 팬들을 행복하게 하고 있다.\n30일 크래커 소속 주학년은 자신의 인스타그램에 사진 한 장을 게재했다.\n사진 속에는 자신의 모습이 나온 전광판과 그 앞에서 '브이'자를 하고 있는 주학년의 모습이 담겨 있다.\n자세히 보면 전광판에는 포스트잇이 붙어 있다.\n포스트잇에는 '감사합니다'라는 말이 쓰여 있다.\n주학년은 학교에 가는 길 자신의 팬들이 지하철에 만들어 준 전광판을 보고 신기한 마음과 고마운 마음에 포스트잇을 붙이기 시작했다고 밝혔다.\n실제 온라인 상에는 주학년이 자신의 전광판에 각종 감사인사를 담은 포스트잇을 붙여놓은 사진이 여러 장 올라와 있다.\n주학년은 홍콩 혼혈, 제주도 출신, 그리고 홀어머니가 돼지농장을 운영 중이라는 남다른 이력이 화제를 낳으면서 시청자들에게 '아기돼지' '본투 아이돌' 등 귀여운 애칭을 얻었다.\n자신이 받는 사랑에 대해 고마운 마음을 포스트잇으로 표현한 주학년의 행동은 팬들의 지지를 더욱 굳건하게 하고 있다.\n한편 주학년은 26일 방송된 '프로듀스101 시즌2'에서 최종 생존권인 11위 안에 안착하며 \\\"제가 같은 조들 형들 힘들게 했다. 겸손하고 열심히하는 학년이가 되겠다\\\"고 소감을 말했다.",
        "partNum": "P2",
        "useType": 0,
        "processType": "D",
        "processPattern": "23",
        "processLevel": "중",
        "sentenceCount": 10,
        "processSentencenum": 4,
        "sentenceInfo": [
            {
                "sentenceNo": 1,
                "sentenceContent": "프로듀스101에서 10위에 안착한 연습생 주학년이 귀여운 행동으로 팬들을 행복하게 하고 있다.",
                "sentenceSize": 52
            },
            {
                "sentenceNo": 2,
                "sentenceContent": "30일 크래커 소속 주학년은 자신의 인스타그램에 사진 한 장을 게재했다.",
                "sentenceSize": 40
            },
            {
                "sentenceNo": 3,
                "sentenceContent": "사진 속에는 자신의 모습이 나온 전광판과 그 앞에서 '브이'자를 하고 있는 주학년의 모습이 담겨 있다.",
                "sentenceSize": 57
            },
            {
                "sentenceNo": 4,
                "sentenceContent": "자세히 보면 전광판에는 포스트잇이 붙어 있다.",
                "sentenceSize": 25
            },
            {
                "sentenceNo": 5,
                "sentenceContent": "포스트잇에는 '감사합니다'라는 말이 쓰여 있다.",
                "sentenceSize": 26
            },
            {
                "sentenceNo": 6,
                "sentenceContent": "주학년은 학교에 가는 길 자신의 팬들이 지하철에 만들어 준 전광판을 보고 신기한 마음과 고마운 마음에 포스트잇을 붙이기 시작했다고 밝혔다.",
                "sentenceSize": 77
            },
            {
                "sentenceNo": 7,
                "sentenceContent": "실제 온라인 상에는 주학년이 자신의 전광판에 각종 감사인사를 담은 포스트잇을 붙여놓은 사진이 여러 장 올라와 있다.",
                "sentenceSize": 64
            },
            {
                "sentenceNo": 8,
                "sentenceContent": "주학년은 홍콩 혼혈, 제주도 출신, 그리고 홀어머니가 돼지농장을 운영 중이라는 남다른 이력이 화제를 낳으면서 시청자들에게 '아기돼지' '본투 아이돌' 등 귀여운 애칭을 얻었다.",
                "sentenceSize": 98
            },
            {
                "sentenceNo": 9,
                "sentenceContent": "자신이 받는 사랑에 대해 고마운 마음을 포스트잇으로 표현한 주학년의 행동은 팬들의 지지를 더욱 굳건하게 하고 있다.",
                "sentenceSize": 64
            },
            {
                "sentenceNo": 10,
                "sentenceContent": "한편 주학년은 26일 방송된 '프로듀스101 시즌2'에서 최종 생존권인 11위 안에 안착하며 \\\"제가 같은 조들 형들 힘들게 했다. 겸손하고 열심히하는 학년이가 되겠다\\\"고 소감을 말했다.",
                "sentenceSize": 105
            }
        ]
    },
    "labeledDataInfo": {
        "processSentenceInfo": [
            {
                "sentenceNo": 1,
                "sentenceContent": "프로듀스101에서 10위에 안착한 연습생 주학년이 귀여운 행동으로 팬들을 행복하게 하고 있다.",
                "subjectConsistencyYn": "Y"
            },
            {
                "sentenceNo": 2,
                "sentenceContent": "30일 크래커 소속 주학년은 자신의 인스타그램에 사진 한 장을 게재했다.",
                "subjectConsistencyYn": "Y"
            },
            {
                "sentenceNo": 3,
                "sentenceContent": "사진 속에는 자신의 모습이 나온 전광판과 그 앞에서 '브이'자를 하고 있는 주학년의 모습이 담겨 있다.",
                "subjectConsistencyYn": "Y"
            },
            {
                "sentenceNo": 4,
                "sentenceContent": "자세히 보면 전광판에는 포스트잇이 붙어 있다.",
                "subjectConsistencyYn": "Y"
            },
            {
                "sentenceNo": 5,
                "sentenceContent": "포스트잇에는 '감사합니다'라는 말이 쓰여 있다.",
                "subjectConsistencyYn": "Y"
            },
            {
                "sentenceNo": 6,
                "sentenceContent": "주학년은 학교에 가는 길 자신의 팬들이 지하철에 만들어 준 전광판을 보고 신기한 마음과 고마운 마음에 포스트잇을 붙이기 시작했다고 밝혔다.",
                "subjectConsistencyYn": "Y"
            },
            {
                "sentenceNo": 7,
                "sentenceContent": "실제 온라인 상에는 주학년이 자신의 전광판에 각종 감사인사를 담은 포스트잇을 붙여놓은 사진이 여러 장 올라와 있다.",
                "subjectConsistencyYn": "Y"
            },
            {
                "sentenceNo": 8,
                "sentenceContent": "주학년은 홍콩 혼혈, 제주도 출신, 그리고 홀어머니가 돼지농장을 운영 중이라는 남다른 이력이 화제를 낳으면서 시청자들에게 '아기돼지' '본투 아이돌' 등 귀여운 애칭을 얻었다.",
                "subjectConsistencyYn": "Y"
            },
            {
                "sentenceNo": 9,
                "sentenceContent": "자신이 받는 사랑에 대해 고마운 마음을 포스트잇으로 표현한 주학년의 행동은 팬들의 지지를 더욱 굳건하게 하고 있다.",
                "subjectConsistencyYn": "Y"
            },
            {
                "sentenceNo": 10,
                "sentenceContent": "한편 주학년은 26일 방송된 '프로듀스101 시즌2'에서 최종 생존권인 11위 안에 안착하며 \\\"제가 같은 조들 형들 힘들게 했다. 겸손하고 열심히하는 학년이가 되겠다\\\"고 소감을 말했다.",
                "subjectConsistencyYn": "Y"
            },
            {
                "sentenceNo": 11,
                "sentenceContent": "프로듀스101을 통해 주학년이 좋은 반응을 얻게 되자 소속사인 크래커에서는 홈페이지를 통해 주학년의 무대 뒷모습을 담은 영상을 모아 '프로듀스101의 매력남 주학년 바로 알기` 서비스를 공개한다고 밝혔다.",
                "subjectConsistencyYn": "N"
            },
            {
                "sentenceNo": 12,
                "sentenceContent": "팬들에게 감사하는 마음을 담아 준비한 이번 서비스는 주학년이 무대를 준비하는 모습과 다른 참가자들과 보내는 일상 모습, 연습실 연습 영상, 출퇴근 길 등 일상부터 촬영 현장까지 주학년의 다양한 모습을 볼 수 있는 기회가 될 것으로 보인다.",
                "subjectConsistencyYn": "N"
            },
            {
                "sentenceNo": 13,
                "sentenceContent": "크래커는 최근 홈페이지 공지를 통해 `프로듀스101의 매력남 주학년 바로 알기` 팝업창을 띄워 해당 사실을 공개했으며, 팬들의 많은 유입이 계속해서 이어지고 있는 것으로 전해졌다.",
                "subjectConsistencyYn": "N"
            },
            {
                "sentenceNo": 14,
                "sentenceContent": "크래커는 조만간 주학년 뿐 아니라 크래커의 다른 연습생들의 특별 영상도 차례대로 공개할 것이라고 전해 더 큰 기대감을 불러일으키고 있다.",
                "subjectConsistencyYn": "N"
            }
        ],
        "clickbaitClass": 0
    }
}