{
    "sourceDataInfo": {
        "newsID": "ET_M03_627403",
        "newsCategory": "연예",
        "newsSubcategory": "연예가화제",
        "newsTitle": "에이트 주희· 범주 프로젝트 음반으로 호흡 맞춘다, 24일 공개",
        "newsSubTitle": "",
        "newsContent": "그룹 에이트 주희와 프로듀서 겸 가수 범주(BUMZU)가 프로듀서 그룹 팻뮤직(PHAT music)의 첫 번째 싱글에서 만난다.\n팻뮤직의 소속사 측은 22일 “주희와 범주가 첫 싱글 ‘그만하자’에 참여한다”고 전했다.\n팻뮤직은 버스커버스커 장범준, 홍대광, 여자친구, 버즈 등 다양한 가수들의 음반에 작곡가와 프로듀서를 맡았다.\n아울러 MBC ‘일밤-복면가왕’, ‘나는 가수다’, tvN ‘노래의 탄생’, ‘너의 목소리가 보여’ 등 다수의 음악 프로그램의 음악 감독으로 활약하고 있는 프로듀서 그룹이다.\n그 동안 다양한 아티스트와 작업을 통해 음악의 산소를 공급했던 팻뮤직은 이번 음반을 시작으로 팻뮤직이라는 독립적인 아티스트로 활동을 시작한다고 전했다.\n첫 번째 주자로 참여하는 주희는 2007년 데뷔한 실력파 혼성그룹 에이트 출신으로 ‘그 입술을 막아본다’ ‘심장이 없어’ 등으로 활동했다.\n범주는 그룹 세븐틴의 메인 프로듀서이자 블락비, 샤이니, 레인보우, 애프터스쿨, 뉴이스트 등 다양한 아티스트 음반에 참여하며 프로듀서로의 역량을 검증 받은 바 있다.\n주희와 범주가 호흡을 맞춘 ‘그만하자’는 오는 24일 정오 발표된다.\n온라인 중앙일보 [사진 엘앤씨 엔터테인먼트]",
        "partNum": "P2",
        "useType": 0,
        "processType": "D",
        "processPattern": "23",
        "processLevel": "중",
        "sentenceCount": 9,
        "processSentencenum": 3,
        "sentenceInfo": [
            {
                "sentenceNo": 1,
                "sentenceContent": "그룹 에이트 주희와 프로듀서 겸 가수 범주(BUMZU)가 프로듀서 그룹 팻뮤직(PHAT music)의 첫 번째 싱글에서 만난다.",
                "sentenceSize": 71
            },
            {
                "sentenceNo": 2,
                "sentenceContent": "팻뮤직의 소속사 측은 22일 “주희와 범주가 첫 싱글 ‘그만하자’에 참여한다”고 전했다.",
                "sentenceSize": 49
            },
            {
                "sentenceNo": 3,
                "sentenceContent": "팻뮤직은 버스커버스커 장범준, 홍대광, 여자친구, 버즈 등 다양한 가수들의 음반에 작곡가와 프로듀서를 맡았다.",
                "sentenceSize": 61
            },
            {
                "sentenceNo": 4,
                "sentenceContent": "아울러 MBC ‘일밤-복면가왕’, ‘나는 가수다’, tvN ‘노래의 탄생’, ‘너의 목소리가 보여’ 등 다수의 음악 프로그램의 음악 감독으로 활약하고 있는 프로듀서 그룹이다.",
                "sentenceSize": 97
            },
            {
                "sentenceNo": 5,
                "sentenceContent": "그 동안 다양한 아티스트와 작업을 통해 음악의 산소를 공급했던 팻뮤직은 이번 음반을 시작으로 팻뮤직이라는 독립적인 아티스트로 활동을 시작한다고 전했다.",
                "sentenceSize": 84
            },
            {
                "sentenceNo": 6,
                "sentenceContent": "첫 번째 주자로 참여하는 주희는 2007년 데뷔한 실력파 혼성그룹 에이트 출신으로 ‘그 입술을 막아본다’ ‘심장이 없어’ 등으로 활동했다.",
                "sentenceSize": 77
            },
            {
                "sentenceNo": 7,
                "sentenceContent": "범주는 그룹 세븐틴의 메인 프로듀서이자 블락비, 샤이니, 레인보우, 애프터스쿨, 뉴이스트 등 다양한 아티스트 음반에 참여하며 프로듀서로의 역량을 검증 받은 바 있다.",
                "sentenceSize": 92
            },
            {
                "sentenceNo": 8,
                "sentenceContent": "주희와 범주가 호흡을 맞춘 ‘그만하자’는 오는 24일 정오 발표된다.",
                "sentenceSize": 38
            },
            {
                "sentenceNo": 9,
                "sentenceContent": "온라인 중앙일보 [사진 엘앤씨 엔터테인먼트]",
                "sentenceSize": 24
            }
        ]
    },
    "labeledDataInfo": {
        "processSentenceInfo": [
            {
                "sentenceNo": 1,
                "sentenceContent": "그룹 에이트 주희와 프로듀서 겸 가수 범주(BUMZU)가 프로듀서 그룹 팻뮤직(PHAT music)의 첫 번째 싱글에서 만난다.",
                "subjectConsistencyYn": "Y"
            },
            {
                "sentenceNo": 2,
                "sentenceContent": "팻뮤직의 소속사 측은 22일 “주희와 범주가 첫 싱글 ‘그만하자’에 참여한다”고 전했다.",
                "subjectConsistencyYn": "Y"
            },
            {
                "sentenceNo": 3,
                "sentenceContent": "팻뮤직은 버스커버스커 장범준, 홍대광, 여자친구, 버즈 등 다양한 가수들의 음반에 작곡가와 프로듀서를 맡았다.",
                "subjectConsistencyYn": "Y"
            },
            {
                "sentenceNo": 4,
                "sentenceContent": "아울러 MBC ‘일밤-복면가왕’, ‘나는 가수다’, tvN ‘노래의 탄생’, ‘너의 목소리가 보여’ 등 다수의 음악 프로그램의 음악 감독으로 활약하고 있는 프로듀서 그룹이다.",
                "subjectConsistencyYn": "Y"
            },
            {
                "sentenceNo": 5,
                "sentenceContent": "그 동안 다양한 아티스트와 작업을 통해 음악의 산소를 공급했던 팻뮤직은 이번 음반을 시작으로 팻뮤직이라는 독립적인 아티스트로 활동을 시작한다고 전했다.",
                "subjectConsistencyYn": "Y"
            },
            {
                "sentenceNo": 6,
                "sentenceContent": "첫 번째 주자로 참여하는 주희는 2007년 데뷔한 실력파 혼성그룹 에이트 출신으로 ‘그 입술을 막아본다’ ‘심장이 없어’ 등으로 활동했다.",
                "subjectConsistencyYn": "Y"
            },
            {
                "sentenceNo": 7,
                "sentenceContent": "범주는 그룹 세븐틴의 메인 프로듀서이자 블락비, 샤이니, 레인보우, 애프터스쿨, 뉴이스트 등 다양한 아티스트 음반에 참여하며 프로듀서로의 역량을 검증 받은 바 있다.",
                "subjectConsistencyYn": "Y"
            },
            {
                "sentenceNo": 8,
                "sentenceContent": "주희와 범주가 호흡을 맞춘 ‘그만하자’는 오는 24일 정오 발표된다.",
                "subjectConsistencyYn": "Y"
            },
            {
                "sentenceNo": 9,
                "sentenceContent": "온라인 중앙일보 [사진 엘앤씨 엔터테인먼트]",
                "subjectConsistencyYn": "Y"
            },
            {
                "sentenceNo": 10,
                "sentenceContent": "이번에 발매된 음반은 아마존의 '음악 스트리밍 서비스'를 통해서도 무료로 감상할 수 있다.",
                "subjectConsistencyYn": "N"
            },
            {
                "sentenceNo": 11,
                "sentenceContent": "아마존은 프라임의 일부로 제공되는 음악 외에도 아마존 뮤직 언리미티드 구독 서비스를 한 달에 9.99달러, 프라임 회원들에게는 8.99달러에 제공한다.",
                "subjectConsistencyYn": "N"
            },
            {
                "sentenceNo": 12,
                "sentenceContent": "한편, 데이터 조사기관인 미디어리서치에 따르면 아마존의 음악 가입자 기반은 다중 가입 플랜을 통해 가장 빠르게 성장하는 것 중 하나이며, 향후 1년 안에 애플뮤직을 제치고 가입자 수 2위가 될 수 있다고 미디어 분석가 마크 멀리건은 말했다.",
                "subjectConsistencyYn": "N"
            }
        ],
        "clickbaitClass": 0
    }
}