{
    "sourceDataInfo": {
        "newsID": "ET_M03_627516",
        "newsCategory": "연예",
        "newsSubcategory": "연예가화제",
        "newsTitle": "‘님과함께2' 윤정수 김숙, \\\"애라도 있으면…\\\" 이 커플 진심일까?",
        "newsSubTitle": "",
        "newsContent": "'님과함께2 윤정수 김숙' '님과 함께2' 김숙이 윤정수의 폭탄 발언에 발끈했다. '님과함께2 윤정수 김숙' 11월12일 방송된 JTBC '님과 함께 시즌2-최고(高)의 사랑'에서 김숙과 윤정수는 윤정수 집에서 함께 가상 결혼 생활을 펼쳤다.\n김숙은 윤정수 집에서 함께 식사를 하며 윤정수에게 밥을 해달라고 부탁했고 윤정수는 \\\"나도 나가서 일한다. 신봉선이랑 라디오한다\\\"고 말했다.\n김숙은 \\\"주말에 하지 않냐. 그러니까 주중에 밥 좀 해봐. 주말에는 내가 봐줄게\\\"라고 밝혔다.\n이에 윤정수는 \\\"애라도 있으면 당연히 하겠는데 애도 없는데 뭐\\\"라고 말했다.\n김숙은 \\\"이 오빠 진짜. 계약서 보고와\\\"라고 말했다.\n윤정수는 \\\"뭐. 내가 무슨 말을 잘못했는데\\\"라고 물었고 김숙은 계약서 7번 조항을 언급하며 \\\"임신은 안돼\\\"라고 답했다.\n김숙은 \\\"오빠 이렇게 날 구속할 거면 접자\\\"라고 말했고 윤정수는 \\\"구속시켜버리고 싶다. 내가 아니라 경찰한테 얘기해서\\\"라고 농담했다. ['님과함께2 윤정수 김숙' 사진=JTBC '님과 함께 시즌2-최고의 사랑' 캡처] '님과함께2 윤정수 김숙' 온라인 중앙일보",
        "partNum": "P2",
        "useType": 0,
        "processType": "D",
        "processPattern": "23",
        "processLevel": "중",
        "sentenceCount": 7,
        "processSentencenum": 2,
        "sentenceInfo": [
            {
                "sentenceNo": 1,
                "sentenceContent": "'님과함께2 윤정수 김숙' '님과 함께2' 김숙이 윤정수의 폭탄 발언에 발끈했다. '님과함께2 윤정수 김숙' 11월12일 방송된 JTBC '님과 함께 시즌2-최고(高)의 사랑'에서 김숙과 윤정수는 윤정수 집에서 함께 가상 결혼 생활을 펼쳤다.",
                "sentenceSize": 135
            },
            {
                "sentenceNo": 2,
                "sentenceContent": "김숙은 윤정수 집에서 함께 식사를 하며 윤정수에게 밥을 해달라고 부탁했고 윤정수는 \\\"나도 나가서 일한다. 신봉선이랑 라디오한다\\\"고 말했다.",
                "sentenceSize": 79
            },
            {
                "sentenceNo": 3,
                "sentenceContent": "김숙은 \\\"주말에 하지 않냐. 그러니까 주중에 밥 좀 해봐. 주말에는 내가 봐줄게\\\"라고 밝혔다.",
                "sentenceSize": 54
            },
            {
                "sentenceNo": 4,
                "sentenceContent": "이에 윤정수는 \\\"애라도 있으면 당연히 하겠는데 애도 없는데 뭐\\\"라고 말했다.",
                "sentenceSize": 44
            },
            {
                "sentenceNo": 5,
                "sentenceContent": "김숙은 \\\"이 오빠 진짜. 계약서 보고와\\\"라고 말했다.",
                "sentenceSize": 31
            },
            {
                "sentenceNo": 6,
                "sentenceContent": "윤정수는 \\\"뭐. 내가 무슨 말을 잘못했는데\\\"라고 물었고 김숙은 계약서 7번 조항을 언급하며 \\\"임신은 안돼\\\"라고 답했다.",
                "sentenceSize": 70
            },
            {
                "sentenceNo": 7,
                "sentenceContent": "김숙은 \\\"오빠 이렇게 날 구속할 거면 접자\\\"라고 말했고 윤정수는 \\\"구속시켜버리고 싶다. 내가 아니라 경찰한테 얘기해서\\\"라고 농담했다. ['님과함께2 윤정수 김숙' 사진=JTBC '님과 함께 시즌2-최고의 사랑' 캡처] '님과함께2 윤정수 김숙' 온라인 중앙일보",
                "sentenceSize": 149
            }
        ]
    },
    "labeledDataInfo": {
        "processSentenceInfo": [
            {
                "sentenceNo": 1,
                "sentenceContent": "'님과함께2 윤정수 김숙' '님과 함께2' 김숙이 윤정수의 폭탄 발언에 발끈했다. '님과함께2 윤정수 김숙' 11월12일 방송된 JTBC '님과 함께 시즌2-최고(高)의 사랑'에서 김숙과 윤정수는 윤정수 집에서 함께 가상 결혼 생활을 펼쳤다.",
                "subjectConsistencyYn": "Y"
            },
            {
                "sentenceNo": 2,
                "sentenceContent": "김숙은 윤정수 집에서 함께 식사를 하며 윤정수에게 밥을 해달라고 부탁했고 윤정수는 \\\"나도 나가서 일한다. 신봉선이랑 라디오한다\\\"고 말했다.",
                "subjectConsistencyYn": "Y"
            },
            {
                "sentenceNo": 3,
                "sentenceContent": "김숙은 \\\"주말에 하지 않냐. 그러니까 주중에 밥 좀 해봐. 주말에는 내가 봐줄게\\\"라고 밝혔다.",
                "subjectConsistencyYn": "Y"
            },
            {
                "sentenceNo": 4,
                "sentenceContent": "이에 윤정수는 \\\"애라도 있으면 당연히 하겠는데 애도 없는데 뭐\\\"라고 말했다.",
                "subjectConsistencyYn": "Y"
            },
            {
                "sentenceNo": 5,
                "sentenceContent": "김숙은 \\\"이 오빠 진짜. 계약서 보고와\\\"라고 말했다.",
                "subjectConsistencyYn": "Y"
            },
            {
                "sentenceNo": 6,
                "sentenceContent": "윤정수는 \\\"뭐. 내가 무슨 말을 잘못했는데\\\"라고 물었고 김숙은 계약서 7번 조항을 언급하며 \\\"임신은 안돼\\\"라고 답했다.",
                "subjectConsistencyYn": "Y"
            },
            {
                "sentenceNo": 7,
                "sentenceContent": "김숙은 \\\"오빠 이렇게 날 구속할 거면 접자\\\"라고 말했고 윤정수는 \\\"구속시켜버리고 싶다. 내가 아니라 경찰한테 얘기해서\\\"라고 농담했다. ['님과함께2 윤정수 김숙' 사진=JTBC '님과 함께 시즌2-최고의 사랑' 캡처] '님과함께2 윤정수 김숙' 온라인 중앙일보",
                "subjectConsistencyYn": "Y"
            },
            {
                "sentenceNo": 8,
                "sentenceContent": "'님과 함께2' 김숙이 윤정수의 폭탄 발언에 발끈한 장면이 방송된 가운데, 김숙이 광고 모델로 활동 중인 넥슨은 온라인 RPG '바람의 나라'를 업데이트했다고 밝혔다. ",
                "subjectConsistencyYn": "N"
            },
            {
                "sentenceNo": 9,
                "sentenceContent": "'바람의 나라'는 이번 업데이트를 통해 각 직업의 특색에 맞춰 주요 기술을 개편했으며, 이를 기념해 8월 7일까지 출석 이벤트를 실시하고, 캐릭터의 빠른 성장을 돕는 ‘바린이 나르샤’ 이벤트를 9월 4일까지 진행한다.",
                "subjectConsistencyYn": "N"
            }
        ],
        "clickbaitClass": 0
    }
}