{
    "sourceDataInfo": {
        "newsID": "ET_M03_627835",
        "newsCategory": "연예",
        "newsSubcategory": "연예가화제",
        "newsTitle": "구자철, 아우크스부르크로 이적… 라오스전은 출전 불가능",
        "newsSubTitle": "",
        "newsContent": "구자철, 아우크스부르크로 이적… 라오스전은 출전 불가능 구자철(26)이 이적 대열에 합류했다.\n구자철이 독일 분데스리가 마인츠에서 아우크스부르크로 전격 이적했다.\n30일 귀국한 구자철은 이날 밤 다시 독일로 떠났다.\n메디컬테스트와 이적 절차를 마무리하기 위해 급하게 일정이 변경됐다.\n이에 따라 구자철은 9월3일 열릴 라오스전에 출전이 불가능하게 됐다.\n대표팀은 독일 현지에서 이적 절차가 진행되는 상황에 따라 9월8일 레바논에서 열리는 원정경기에 구자철을 합류시킬지 여부를 결정할 계획이다.\n2011년 K리그 제주에서 독일 볼프스부르크 이적한 구자철은 2012년 아스쿠스부르크에서 임대로 한 시즌 반을 누볐다.\n구자철은 2012~2013시즌 아우크스부르크에 맹활약을 하며 분데스리가 잔류를 이끌었다.\n아우크스부르크는 구자철의 합류로 홍정호 지동원 구자철 등 3명의 한국 선수를 보유하게 됐다.\n2015~2016시즌 여름 손흥민(토트넘), 박주호(도르트문트)에 이어 구자철이 이적 시장 마감일에 마침표를 찍었다. ‘구자철’ 온라인 중앙일보 [사진 중앙DB] ‘구자철’",
        "partNum": "P2",
        "useType": 0,
        "processType": "D",
        "processPattern": "23",
        "processLevel": "중",
        "sentenceCount": 10,
        "processSentencenum": 2,
        "sentenceInfo": [
            {
                "sentenceNo": 1,
                "sentenceContent": "구자철, 아우크스부르크로 이적… 라오스전은 출전 불가능 구자철(26)이 이적 대열에 합류했다.",
                "sentenceSize": 52
            },
            {
                "sentenceNo": 2,
                "sentenceContent": "구자철이 독일 분데스리가 마인츠에서 아우크스부르크로 전격 이적했다.",
                "sentenceSize": 37
            },
            {
                "sentenceNo": 3,
                "sentenceContent": "30일 귀국한 구자철은 이날 밤 다시 독일로 떠났다.",
                "sentenceSize": 29
            },
            {
                "sentenceNo": 4,
                "sentenceContent": "메디컬테스트와 이적 절차를 마무리하기 위해 급하게 일정이 변경됐다.",
                "sentenceSize": 37
            },
            {
                "sentenceNo": 5,
                "sentenceContent": "이에 따라 구자철은 9월3일 열릴 라오스전에 출전이 불가능하게 됐다.",
                "sentenceSize": 38
            },
            {
                "sentenceNo": 6,
                "sentenceContent": "대표팀은 독일 현지에서 이적 절차가 진행되는 상황에 따라 9월8일 레바논에서 열리는 원정경기에 구자철을 합류시킬지 여부를 결정할 계획이다.",
                "sentenceSize": 77
            },
            {
                "sentenceNo": 7,
                "sentenceContent": "2011년 K리그 제주에서 독일 볼프스부르크 이적한 구자철은 2012년 아스쿠스부르크에서 임대로 한 시즌 반을 누볐다.",
                "sentenceSize": 66
            },
            {
                "sentenceNo": 8,
                "sentenceContent": "구자철은 2012~2013시즌 아우크스부르크에 맹활약을 하며 분데스리가 잔류를 이끌었다.",
                "sentenceSize": 49
            },
            {
                "sentenceNo": 9,
                "sentenceContent": "아우크스부르크는 구자철의 합류로 홍정호 지동원 구자철 등 3명의 한국 선수를 보유하게 됐다.",
                "sentenceSize": 51
            },
            {
                "sentenceNo": 10,
                "sentenceContent": "2015~2016시즌 여름 손흥민(토트넘), 박주호(도르트문트)에 이어 구자철이 이적 시장 마감일에 마침표를 찍었다. ‘구자철’ 온라인 중앙일보 [사진 중앙DB] ‘구자철’",
                "sentenceSize": 96
            }
        ]
    },
    "labeledDataInfo": {
        "processSentenceInfo": [
            {
                "sentenceNo": 1,
                "sentenceContent": "구자철, 아우크스부르크로 이적… 라오스전은 출전 불가능 구자철(26)이 이적 대열에 합류했다.",
                "subjectConsistencyYn": "Y"
            },
            {
                "sentenceNo": 2,
                "sentenceContent": "구자철이 독일 분데스리가 마인츠에서 아우크스부르크로 전격 이적했다.",
                "subjectConsistencyYn": "Y"
            },
            {
                "sentenceNo": 3,
                "sentenceContent": "30일 귀국한 구자철은 이날 밤 다시 독일로 떠났다.",
                "subjectConsistencyYn": "Y"
            },
            {
                "sentenceNo": 4,
                "sentenceContent": "메디컬테스트와 이적 절차를 마무리하기 위해 급하게 일정이 변경됐다.",
                "subjectConsistencyYn": "Y"
            },
            {
                "sentenceNo": 5,
                "sentenceContent": "이에 따라 구자철은 9월3일 열릴 라오스전에 출전이 불가능하게 됐다.",
                "subjectConsistencyYn": "Y"
            },
            {
                "sentenceNo": 6,
                "sentenceContent": "대표팀은 독일 현지에서 이적 절차가 진행되는 상황에 따라 9월8일 레바논에서 열리는 원정경기에 구자철을 합류시킬지 여부를 결정할 계획이다.",
                "subjectConsistencyYn": "Y"
            },
            {
                "sentenceNo": 7,
                "sentenceContent": "2011년 K리그 제주에서 독일 볼프스부르크 이적한 구자철은 2012년 아스쿠스부르크에서 임대로 한 시즌 반을 누볐다.",
                "subjectConsistencyYn": "Y"
            },
            {
                "sentenceNo": 8,
                "sentenceContent": "구자철은 2012~2013시즌 아우크스부르크에 맹활약을 하며 분데스리가 잔류를 이끌었다.",
                "subjectConsistencyYn": "Y"
            },
            {
                "sentenceNo": 9,
                "sentenceContent": "아우크스부르크는 구자철의 합류로 홍정호 지동원 구자철 등 3명의 한국 선수를 보유하게 됐다.",
                "subjectConsistencyYn": "Y"
            },
            {
                "sentenceNo": 10,
                "sentenceContent": "2015~2016시즌 여름 손흥민(토트넘), 박주호(도르트문트)에 이어 구자철이 이적 시장 마감일에 마침표를 찍었다. ‘구자철’ 온라인 중앙일보 [사진 중앙DB] ‘구자철’",
                "subjectConsistencyYn": "Y"
            },
            {
                "sentenceNo": 11,
                "sentenceContent": "구자철의 팬들은 그의 이적을 환영하고 있으며, 하루빨리 그가 아우크스부르크에 적응하여 뛰는 모습을 보고 싶다는 반응이 대부분인 가운데, 축구 매니아들에게 축구를 직접 관람할 수 있는 티켓을 제공하는 사이트 '스텁허브(Stubhub)'가 주목받고 있다.",
                "subjectConsistencyYn": "N"
            },
            {
                "sentenceNo": 12,
                "sentenceContent": "'스텁허브'는 전 세계 공연, 스포츠, 이벤트 티켓을 구매할 수 있는 전문 사이트로, 상황에 따라 정가로 또는 할인된 금액으로도 티켓을 구매할 수 있으므로 축구 매니아라면 사이트(https://www.stubhub.ie/?tb-source=KR)를 꼭 방문해보길 추천한다.",
                "subjectConsistencyYn": "N"
            }
        ],
        "clickbaitClass": 0
    }
}