{
    "sourceDataInfo": {
        "newsID": "ET_M03_627433",
        "newsCategory": "연예",
        "newsSubcategory": "연예가화제",
        "newsTitle": "비투비 컴백, 프니엘 \\\"은광이형은 안 외로워…온라인 게임이 여자친구니까\\\"",
        "newsSubTitle": "",
        "newsContent": "'비투비 컴백'이 화제인 가운데, 비투비의 멤버인 은광의 과거 발언이 눈길을 끈다.\n비투비의 멤버인 은광은 과거 한 매체와의 인터뷰에서 \\\"은광의 LOL(온라인 게임 '리그 오브 레전드') 사랑은 유명하지 않느냐\\\"는 기자의 질문에 \\\"무엇을 하든지 최고가 되겠다는 생각이 있어서…\\\"라고 답해 웃음을 자아냈다.\n이에 민혁은 \\\"LOL 얘기를 한지 반년이 넘었다\\\"며 맞장구를 쳤고, 프니엘은 \\\"은광이 형은 여자친구가 LOL이라고 생각한다.\n내가'형은 안 외로워요?\\\"라고 물어보니 \\\"LOL이 내 여자친구야\\\"라고 답하더라\\\"고 덧붙였다.\n한편 비투비는 오는 28일 여덟번째 미니앨범 '리멤버 댓'을 공개할 예정이다.\n온라인 중앙일보 [사진 은광 인스타그램]",
        "partNum": "P2",
        "useType": 0,
        "processType": "D",
        "processPattern": "23",
        "processLevel": "중",
        "sentenceCount": 6,
        "processSentencenum": 3,
        "sentenceInfo": [
            {
                "sentenceNo": 1,
                "sentenceContent": "'비투비 컴백'이 화제인 가운데, 비투비의 멤버인 은광의 과거 발언이 눈길을 끈다.",
                "sentenceSize": 46
            },
            {
                "sentenceNo": 2,
                "sentenceContent": "비투비의 멤버인 은광은 과거 한 매체와의 인터뷰에서 \\\"은광의 LOL(온라인 게임 '리그 오브 레전드') 사랑은 유명하지 않느냐\\\"는 기자의 질문에 \\\"무엇을 하든지 최고가 되겠다는 생각이 있어서…\\\"라고 답해 웃음을 자아냈다.",
                "sentenceSize": 127
            },
            {
                "sentenceNo": 3,
                "sentenceContent": "이에 민혁은 \\\"LOL 얘기를 한지 반년이 넘었다\\\"며 맞장구를 쳤고, 프니엘은 \\\"은광이 형은 여자친구가 LOL이라고 생각한다.",
                "sentenceSize": 72
            },
            {
                "sentenceNo": 4,
                "sentenceContent": "내가'형은 안 외로워요?\\\"라고 물어보니 \\\"LOL이 내 여자친구야\\\"라고 답하더라\\\"고 덧붙였다.",
                "sentenceSize": 55
            },
            {
                "sentenceNo": 5,
                "sentenceContent": "한편 비투비는 오는 28일 여덟번째 미니앨범 '리멤버 댓'을 공개할 예정이다.",
                "sentenceSize": 43
            },
            {
                "sentenceNo": 6,
                "sentenceContent": "온라인 중앙일보 [사진 은광 인스타그램]",
                "sentenceSize": 22
            }
        ]
    },
    "labeledDataInfo": {
        "processSentenceInfo": [
            {
                "sentenceNo": 1,
                "sentenceContent": "'비투비 컴백'이 화제인 가운데, 비투비의 멤버인 은광의 과거 발언이 눈길을 끈다.",
                "subjectConsistencyYn": "Y"
            },
            {
                "sentenceNo": 2,
                "sentenceContent": "비투비의 멤버인 은광은 과거 한 매체와의 인터뷰에서 \\\"은광의 LOL(온라인 게임 '리그 오브 레전드') 사랑은 유명하지 않느냐\\\"는 기자의 질문에 \\\"무엇을 하든지 최고가 되겠다는 생각이 있어서…\\\"라고 답해 웃음을 자아냈다.",
                "subjectConsistencyYn": "Y"
            },
            {
                "sentenceNo": 3,
                "sentenceContent": "이에 민혁은 \\\"LOL 얘기를 한지 반년이 넘었다\\\"며 맞장구를 쳤고, 프니엘은 \\\"은광이 형은 여자친구가 LOL이라고 생각한다.",
                "subjectConsistencyYn": "Y"
            },
            {
                "sentenceNo": 4,
                "sentenceContent": "내가'형은 안 외로워요?\\\"라고 물어보니 \\\"LOL이 내 여자친구야\\\"라고 답하더라\\\"고 덧붙였다.",
                "subjectConsistencyYn": "Y"
            },
            {
                "sentenceNo": 5,
                "sentenceContent": "한편 비투비는 오는 28일 여덟번째 미니앨범 '리멤버 댓'을 공개할 예정이다.",
                "subjectConsistencyYn": "Y"
            },
            {
                "sentenceNo": 6,
                "sentenceContent": "온라인 중앙일보 [사진 은광 인스타그램]",
                "subjectConsistencyYn": "Y"
            },
            {
                "sentenceNo": 7,
                "sentenceContent": "오랜만에 비투비가 그룹 완성체로 다시 모인 가운데, 코로나19로 무산됐던 데뷔 10주년 콘서트를 드디어 개최한다.",
                "subjectConsistencyYn": "N"
            },
            {
                "sentenceNo": 8,
                "sentenceContent": "큐브 엔터테인먼트는 11일 오후 비투비의 공식 SNS를 통해 비투비의 콘서트 포스터를 공개하며, ‘Be Together’라는 문구와 함께 클래식하고 감성적인 분위기를 자아내 콘서트에 대한 기대감과 궁금증을 동시에 불러일으킨다.",
                "subjectConsistencyYn": "N"
            },
            {
                "sentenceNo": 9,
                "sentenceContent": "비투비의 콘서트 ‘BTOB 10TH ANNIVERSARY CONCERT 2022 BTOB TIME ‘Be Together’’는 12월 30일부터 2023년 1월 1일까지 3일간 올림픽공원 KSPO DOME(구 체조경기장)에서 열릴 예정이다.",
                "subjectConsistencyYn": "N"
            }
        ],
        "clickbaitClass": 0
    }
}