{
    "sourceDataInfo": {
        "newsID": "ET_M03_627820",
        "newsCategory": "연예",
        "newsSubcategory": "연예가화제",
        "newsTitle": "케이트 업튼, 남친과 아찔한 다리 위 '달콤 키스'",
        "newsSubTitle": "",
        "newsContent": "미국 유명 모델 케이트 업튼(23)이 야구선수인 남자친구 저스틴 벌렌더(32)와 아찔한 다리 위 키스를 나누는 모습이 공개됐다.\n미국 연예매체 '할리우드라이프'는 1일(현지시각) 케이트 업튼과 저스틴 벌렌더가 캐나다 토론토에서 유명한 CN타워의 옥상 가장자리를 걸으며 데이트를 즐긴 사진을 보도했다.\n두 사람의 데이트 사진은 케이트 업튼이 인스타그램에 게재하면서 알려지게 됐다.\n공개된 사진 속 케이튼 업튼과 저스틴 벌렌더는 세상 누구보다 행복한 미소를 짓고 있다.\n특히 고공 위 달콤한 키스를 나눠 부러움을 자아냈다.\n한편 케이트 업튼의 남자친구 저스틴 벌렌더는 미국 메이저리그 디트로이트 타이거스 소속 투수다.",
        "partNum": "P2",
        "useType": 0,
        "processType": "D",
        "processPattern": "23",
        "processLevel": "중",
        "sentenceCount": 6,
        "processSentencenum": 2,
        "sentenceInfo": [
            {
                "sentenceNo": 1,
                "sentenceContent": "미국 유명 모델 케이트 업튼(23)이 야구선수인 남자친구 저스틴 벌렌더(32)와 아찔한 다리 위 키스를 나누는 모습이 공개됐다.",
                "sentenceSize": 71
            },
            {
                "sentenceNo": 2,
                "sentenceContent": "미국 연예매체 '할리우드라이프'는 1일(현지시각) 케이트 업튼과 저스틴 벌렌더가 캐나다 토론토에서 유명한 CN타워의 옥상 가장자리를 걸으며 데이트를 즐긴 사진을 보도했다.",
                "sentenceSize": 95
            },
            {
                "sentenceNo": 3,
                "sentenceContent": "두 사람의 데이트 사진은 케이트 업튼이 인스타그램에 게재하면서 알려지게 됐다.",
                "sentenceSize": 43
            },
            {
                "sentenceNo": 4,
                "sentenceContent": "공개된 사진 속 케이튼 업튼과 저스틴 벌렌더는 세상 누구보다 행복한 미소를 짓고 있다.",
                "sentenceSize": 48
            },
            {
                "sentenceNo": 5,
                "sentenceContent": "특히 고공 위 달콤한 키스를 나눠 부러움을 자아냈다.",
                "sentenceSize": 29
            },
            {
                "sentenceNo": 6,
                "sentenceContent": "한편 케이트 업튼의 남자친구 저스틴 벌렌더는 미국 메이저리그 디트로이트 타이거스 소속 투수다.",
                "sentenceSize": 52
            }
        ]
    },
    "labeledDataInfo": {
        "processSentenceInfo": [
            {
                "sentenceNo": 1,
                "sentenceContent": "미국 유명 모델 케이트 업튼(23)이 야구선수인 남자친구 저스틴 벌렌더(32)와 아찔한 다리 위 키스를 나누는 모습이 공개됐다.",
                "subjectConsistencyYn": "Y"
            },
            {
                "sentenceNo": 2,
                "sentenceContent": "미국 연예매체 '할리우드라이프'는 1일(현지시각) 케이트 업튼과 저스틴 벌렌더가 캐나다 토론토에서 유명한 CN타워의 옥상 가장자리를 걸으며 데이트를 즐긴 사진을 보도했다.",
                "subjectConsistencyYn": "Y"
            },
            {
                "sentenceNo": 3,
                "sentenceContent": "두 사람의 데이트 사진은 케이트 업튼이 인스타그램에 게재하면서 알려지게 됐다.",
                "subjectConsistencyYn": "Y"
            },
            {
                "sentenceNo": 4,
                "sentenceContent": "공개된 사진 속 케이튼 업튼과 저스틴 벌렌더는 세상 누구보다 행복한 미소를 짓고 있다.",
                "subjectConsistencyYn": "Y"
            },
            {
                "sentenceNo": 5,
                "sentenceContent": "특히 고공 위 달콤한 키스를 나눠 부러움을 자아냈다.",
                "subjectConsistencyYn": "Y"
            },
            {
                "sentenceNo": 6,
                "sentenceContent": "한편 케이트 업튼의 남자친구 저스틴 벌렌더는 미국 메이저리그 디트로이트 타이거스 소속 투수다.",
                "subjectConsistencyYn": "Y"
            },
            {
                "sentenceNo": 7,
                "sentenceContent": "최근 '게임오브워'는 홍보모델인 케이트 업튼이 등장하는 새로운 광고를 공개하며, 케이트 업튼이 열정적으로 전투에 참여하는 일련의 과정을 보여주어 긴장감 넘치는 이 게임의 주요 재미를 전달하고 있다.",
                "subjectConsistencyYn": "N"
            },
            {
                "sentenceNo": 8,
                "sentenceContent": "'게임오브워'는 강한 중독성을 자랑하는 인터랙티브 액션 전략 게임으로 앱스토에서 다운로드할 수 있다.",
                "subjectConsistencyYn": "N"
            }
        ],
        "clickbaitClass": 0
    }
}