{
    "sourceDataInfo": {
        "newsID": "ET_M03_627848",
        "newsCategory": "연예",
        "newsSubcategory": "연예가화제",
        "newsTitle": "'우결' 강예원♥오민석, 댓글로 '클럽' 폭로 … 부부싸움까지 번져 '화제'",
        "newsSubTitle": "",
        "newsContent": "'우결' 강예원-오민석, 서로 클럽 갔다 '부부싸움'…무슨 일? ‘우결’ 강예원 오민석 부부가 결혼 후 처음으로 부부싸움을 벌여 화제다.\n29일 저녁 방송된 MBC 예능프로그램 ‘우리 결혼했어요 시즌4’에서는 강예원-오민석 부부의 가상 결혼 생활을 하는 모습이 전파를 탔다.\n이날 강예원은 영화 촬영을 마치고 오민석과 함께 스킨스쿠버 교육을 받기 위해 차를 몰고 수영장으로 향했다.\n강예원은 운전을 하던 중 머뭇거리며 “할 말이 있다”고 입을 열었다.\n그는 오민석에게 “클럽 좋아하냐”고 묻더니 며칠 전 자신의 SNS에 클럽에서 오민석을 봤다는 댓글이 달렸다고 밝혔다.\n그러면서 강예원은 “난 세상에서 제일 싫은 게 거짓말하는 사람이다”고 덧붙였다.\n오민석은 사실무근이라며 당황했다.\n클럽이 나쁜 데가 아니기에 갔으면 갔다고 했을 것이라는 이유였다.\n더구나 오민석은 당시 강예원과 전화 통화를 했다며 알리바이까지 제시했다.\n이번엔 반대로 오민석이 3주 전에 지인으로부터 강예원을 클럽에서 봤다는 말을 들었다고 말했다.\n오민석은 “여자 4명과 와서 놀다가 술 한 잔 하고 헤어졌다더라”고 구체적인 설명까지 더했다.\n하지만 강예원은 전혀 그런 적이 없다며 목소리를 높이며 “어두우니까 누구 닮았다고 하면 오해할 수 있는 상황”이라며 “앞으로 이런 얘기 들으면 바로 말하라. 작은 일이라고 넘어가다 보면 문제가 커질 수 있다”고 뒤늦게 말한 남편에 대해 서운함을 표했다.",
        "partNum": "P2",
        "useType": 0,
        "processType": "D",
        "processPattern": "23",
        "processLevel": "중",
        "sentenceCount": 12,
        "processSentencenum": 3,
        "sentenceInfo": [
            {
                "sentenceNo": 1,
                "sentenceContent": "'우결' 강예원-오민석, 서로 클럽 갔다 '부부싸움'…무슨 일? ‘우결’ 강예원 오민석 부부가 결혼 후 처음으로 부부싸움을 벌여 화제다.",
                "sentenceSize": 76
            },
            {
                "sentenceNo": 2,
                "sentenceContent": "29일 저녁 방송된 MBC 예능프로그램 ‘우리 결혼했어요 시즌4’에서는 강예원-오민석 부부의 가상 결혼 생활을 하는 모습이 전파를 탔다.",
                "sentenceSize": 76
            },
            {
                "sentenceNo": 3,
                "sentenceContent": "이날 강예원은 영화 촬영을 마치고 오민석과 함께 스킨스쿠버 교육을 받기 위해 차를 몰고 수영장으로 향했다.",
                "sentenceSize": 59
            },
            {
                "sentenceNo": 4,
                "sentenceContent": "강예원은 운전을 하던 중 머뭇거리며 “할 말이 있다”고 입을 열었다.",
                "sentenceSize": 38
            },
            {
                "sentenceNo": 5,
                "sentenceContent": "그는 오민석에게 “클럽 좋아하냐”고 묻더니 며칠 전 자신의 SNS에 클럽에서 오민석을 봤다는 댓글이 달렸다고 밝혔다.",
                "sentenceSize": 65
            },
            {
                "sentenceNo": 6,
                "sentenceContent": "그러면서 강예원은 “난 세상에서 제일 싫은 게 거짓말하는 사람이다”고 덧붙였다.",
                "sentenceSize": 44
            },
            {
                "sentenceNo": 7,
                "sentenceContent": "오민석은 사실무근이라며 당황했다.",
                "sentenceSize": 18
            },
            {
                "sentenceNo": 8,
                "sentenceContent": "클럽이 나쁜 데가 아니기에 갔으면 갔다고 했을 것이라는 이유였다.",
                "sentenceSize": 36
            },
            {
                "sentenceNo": 9,
                "sentenceContent": "더구나 오민석은 당시 강예원과 전화 통화를 했다며 알리바이까지 제시했다.",
                "sentenceSize": 40
            },
            {
                "sentenceNo": 10,
                "sentenceContent": "이번엔 반대로 오민석이 3주 전에 지인으로부터 강예원을 클럽에서 봤다는 말을 들었다고 말했다.",
                "sentenceSize": 52
            },
            {
                "sentenceNo": 11,
                "sentenceContent": "오민석은 “여자 4명과 와서 놀다가 술 한 잔 하고 헤어졌다더라”고 구체적인 설명까지 더했다.",
                "sentenceSize": 52
            },
            {
                "sentenceNo": 12,
                "sentenceContent": "하지만 강예원은 전혀 그런 적이 없다며 목소리를 높이며 “어두우니까 누구 닮았다고 하면 오해할 수 있는 상황”이라며 “앞으로 이런 얘기 들으면 바로 말하라. 작은 일이라고 넘어가다 보면 문제가 커질 수 있다”고 뒤늦게 말한 남편에 대해 서운함을 표했다.",
                "sentenceSize": 141
            }
        ]
    },
    "labeledDataInfo": {
        "processSentenceInfo": [
            {
                "sentenceNo": 1,
                "sentenceContent": "'우결' 강예원-오민석, 서로 클럽 갔다 '부부싸움'…무슨 일? ‘우결’ 강예원 오민석 부부가 결혼 후 처음으로 부부싸움을 벌여 화제다.",
                "subjectConsistencyYn": "Y"
            },
            {
                "sentenceNo": 2,
                "sentenceContent": "29일 저녁 방송된 MBC 예능프로그램 ‘우리 결혼했어요 시즌4’에서는 강예원-오민석 부부의 가상 결혼 생활을 하는 모습이 전파를 탔다.",
                "subjectConsistencyYn": "Y"
            },
            {
                "sentenceNo": 3,
                "sentenceContent": "이날 강예원은 영화 촬영을 마치고 오민석과 함께 스킨스쿠버 교육을 받기 위해 차를 몰고 수영장으로 향했다.",
                "subjectConsistencyYn": "Y"
            },
            {
                "sentenceNo": 4,
                "sentenceContent": "강예원은 운전을 하던 중 머뭇거리며 “할 말이 있다”고 입을 열었다.",
                "subjectConsistencyYn": "Y"
            },
            {
                "sentenceNo": 5,
                "sentenceContent": "그는 오민석에게 “클럽 좋아하냐”고 묻더니 며칠 전 자신의 SNS에 클럽에서 오민석을 봤다는 댓글이 달렸다고 밝혔다.",
                "subjectConsistencyYn": "Y"
            },
            {
                "sentenceNo": 6,
                "sentenceContent": "그러면서 강예원은 “난 세상에서 제일 싫은 게 거짓말하는 사람이다”고 덧붙였다.",
                "subjectConsistencyYn": "Y"
            },
            {
                "sentenceNo": 7,
                "sentenceContent": "오민석은 사실무근이라며 당황했다.",
                "subjectConsistencyYn": "Y"
            },
            {
                "sentenceNo": 8,
                "sentenceContent": "클럽이 나쁜 데가 아니기에 갔으면 갔다고 했을 것이라는 이유였다.",
                "subjectConsistencyYn": "Y"
            },
            {
                "sentenceNo": 9,
                "sentenceContent": "더구나 오민석은 당시 강예원과 전화 통화를 했다며 알리바이까지 제시했다.",
                "subjectConsistencyYn": "Y"
            },
            {
                "sentenceNo": 10,
                "sentenceContent": "이번엔 반대로 오민석이 3주 전에 지인으로부터 강예원을 클럽에서 봤다는 말을 들었다고 말했다.",
                "subjectConsistencyYn": "Y"
            },
            {
                "sentenceNo": 11,
                "sentenceContent": "오민석은 “여자 4명과 와서 놀다가 술 한 잔 하고 헤어졌다더라”고 구체적인 설명까지 더했다.",
                "subjectConsistencyYn": "Y"
            },
            {
                "sentenceNo": 12,
                "sentenceContent": "하지만 강예원은 전혀 그런 적이 없다며 목소리를 높이며 “어두우니까 누구 닮았다고 하면 오해할 수 있는 상황”이라며 “앞으로 이런 얘기 들으면 바로 말하라. 작은 일이라고 넘어가다 보면 문제가 커질 수 있다”고 뒤늦게 말한 남편에 대해 서운함을 표했다.",
                "subjectConsistencyYn": "Y"
            },
            {
                "sentenceNo": 13,
                "sentenceContent": "한편, 강예원-오민석 부부가 스킨스쿠버 교육을 받기 위해 간 곳은 '잠실 스쿠버 스쿨'로 잠실 종합 운동장에 있는 스쿠버 전용 풀장에서 안전하고 책임감 있는 교육 서비스를 제공하기로 유명하다. ",
                "subjectConsistencyYn": "N"
            },
            {
                "sentenceNo": 14,
                "sentenceContent": "'잠실 스쿠버 스쿨'에서는 스쿠버를 처음 접하는 초급자에서 다이브마스터 강사가 될 수 있는 자격증 프로그램까지 다양한 프로그램을 제공하며, 전 세게 1%의 스쿠버 강사 레벨인 PADI 코스 디렉터에게 교육받을 수 있다.",
                "subjectConsistencyYn": "N"
            },
            {
                "sentenceNo": 15,
                "sentenceContent": "스킨 스쿠버를 배워보고 싶거나 관심이 있는 분들은 카카오톡 이나 네이버 검색창에서 \"잠실 스쿠버 스쿨\"을 검색하여 예약 및 상담을 받아보길 추천한다.",
                "subjectConsistencyYn": "N"
            }
        ],
        "clickbaitClass": 0
    }
}