{
    "sourceDataInfo": {
        "newsID": "ET_M03_627794",
        "newsCategory": "연예",
        "newsSubcategory": "연예가화제",
        "newsTitle": "'진짜 사나이 여군 특집' 한채아, 남대문 열린채 군부대 활보 '털털하네'",
        "newsSubTitle": "",
        "newsContent": "'진짜 사나이 여군 특집' 한채아, 남대문 열린채 군부대 활보 '털털하네' ‘진짜 사나이 여군 특집’에 출연한 배우 한채아가 털털한 매력을 뽐냈다.\n지난달 30일 오후 방송된 MBC 예능프로그램 '진짜사나이' 여군특집3'에서는 10명의 멤버들이 부사관 후보생으로 훈련을 받는 모습이 그려졌다.\n이날 한채아는 후보생으로 입소하기 전 간부와 면담 시간에 발차기를 하다 바지가 찢어지는 굴욕을 맛봤다.\n이후 생활관에 도착한 한채아는 한그루의 언급으로 바지 지퍼가 열린 것을 확인하고 \\\"남대문 열렸다. 언제 열린거지? 아까 발차기 하다 열렸나\\\"라고 말해 웃음을 자아냈다.\n6일 방송된 MBC‘일밤-진짜사나이 여군특집3’에서는 생활관에서 휴지로 코를 파는 모습을 보이며 털털한 매력을 뽐냈다.\n또 화생방 훈련에 앞두고 방독면 쓰는 연습을 하면서 “중학교 때 교련 시간이 있었다. 그 때 써봤다”고 밝히기도 했다.",
        "partNum": "P2",
        "useType": 0,
        "processType": "D",
        "processPattern": "23",
        "processLevel": "중",
        "sentenceCount": 6,
        "processSentencenum": 4,
        "sentenceInfo": [
            {
                "sentenceNo": 1,
                "sentenceContent": "'진짜 사나이 여군 특집' 한채아, 남대문 열린채 군부대 활보 '털털하네' ‘진짜 사나이 여군 특집’에 출연한 배우 한채아가 털털한 매력을 뽐냈다.",
                "sentenceSize": 82
            },
            {
                "sentenceNo": 2,
                "sentenceContent": "지난달 30일 오후 방송된 MBC 예능프로그램 '진짜사나이' 여군특집3'에서는 10명의 멤버들이 부사관 후보생으로 훈련을 받는 모습이 그려졌다.",
                "sentenceSize": 80
            },
            {
                "sentenceNo": 3,
                "sentenceContent": "이날 한채아는 후보생으로 입소하기 전 간부와 면담 시간에 발차기를 하다 바지가 찢어지는 굴욕을 맛봤다.",
                "sentenceSize": 57
            },
            {
                "sentenceNo": 4,
                "sentenceContent": "이후 생활관에 도착한 한채아는 한그루의 언급으로 바지 지퍼가 열린 것을 확인하고 \\\"남대문 열렸다. 언제 열린거지? 아까 발차기 하다 열렸나\\\"라고 말해 웃음을 자아냈다.",
                "sentenceSize": 95
            },
            {
                "sentenceNo": 5,
                "sentenceContent": "6일 방송된 MBC‘일밤-진짜사나이 여군특집3’에서는 생활관에서 휴지로 코를 파는 모습을 보이며 털털한 매력을 뽐냈다.",
                "sentenceSize": 66
            },
            {
                "sentenceNo": 6,
                "sentenceContent": "또 화생방 훈련에 앞두고 방독면 쓰는 연습을 하면서 “중학교 때 교련 시간이 있었다. 그 때 써봤다”고 밝히기도 했다.",
                "sentenceSize": 66
            }
        ]
    },
    "labeledDataInfo": {
        "processSentenceInfo": [
            {
                "sentenceNo": 1,
                "sentenceContent": "'진짜 사나이 여군 특집' 한채아, 남대문 열린채 군부대 활보 '털털하네' ‘진짜 사나이 여군 특집’에 출연한 배우 한채아가 털털한 매력을 뽐냈다.",
                "subjectConsistencyYn": "Y"
            },
            {
                "sentenceNo": 2,
                "sentenceContent": "지난달 30일 오후 방송된 MBC 예능프로그램 '진짜사나이' 여군특집3'에서는 10명의 멤버들이 부사관 후보생으로 훈련을 받는 모습이 그려졌다.",
                "subjectConsistencyYn": "Y"
            },
            {
                "sentenceNo": 3,
                "sentenceContent": "이날 한채아는 후보생으로 입소하기 전 간부와 면담 시간에 발차기를 하다 바지가 찢어지는 굴욕을 맛봤다.",
                "subjectConsistencyYn": "Y"
            },
            {
                "sentenceNo": 4,
                "sentenceContent": "이후 생활관에 도착한 한채아는 한그루의 언급으로 바지 지퍼가 열린 것을 확인하고 \\\"남대문 열렸다. 언제 열린거지? 아까 발차기 하다 열렸나\\\"라고 말해 웃음을 자아냈다.",
                "subjectConsistencyYn": "Y"
            },
            {
                "sentenceNo": 5,
                "sentenceContent": "6일 방송된 MBC‘일밤-진짜사나이 여군특집3’에서는 생활관에서 휴지로 코를 파는 모습을 보이며 털털한 매력을 뽐냈다.",
                "subjectConsistencyYn": "Y"
            },
            {
                "sentenceNo": 6,
                "sentenceContent": "또 화생방 훈련에 앞두고 방독면 쓰는 연습을 하면서 “중학교 때 교련 시간이 있었다. 그 때 써봤다”고 밝히기도 했다.",
                "subjectConsistencyYn": "Y"
            },
            {
                "sentenceNo": 7,
                "sentenceContent": "한편, 출연자들의 리얼한 모습을 보여주며 인기를 끌었던 진짜 사나이의 연출을 맡았던 김민종PD가 기획한 카카오M 新서바이벌 예능 '내 꿈은 라이언'이 12월 22일 첫 방영된다.",
                "subjectConsistencyYn": "N"
            },
            {
                "sentenceNo": 8,
                "sentenceContent": "'내 꿈은 라이언'은 전국의 흙수저 마스코트들이 세계 최초의 마스코트 예술 종합학교에 입학해 펼치는 도전을 담은 서바이벌 콘텐츠다.",
                "subjectConsistencyYn": "N"
            },
            {
                "sentenceNo": 9,
                "sentenceContent": "해당 프로그램에서 수석 졸업생이 되면 장학금과 함께 모든 마스코트들의 꿈이라고 불리는 카톡 이모티콘 출시 혜택을 받게 된다.",
                "subjectConsistencyYn": "N"
            },
            {
                "sentenceNo": 10,
                "sentenceContent": "서바이벌이 진행되는 동안 마스코트들의 개성 가득한 성격과 보는 이의 마음을 들었다 놨다 하는 팬서비스까지 보여주며 남녀노소 모두를 사로잡을 전망이다. ",
                "subjectConsistencyYn": "N"
            }
        ],
        "clickbaitClass": 0
    }
}