{
    "sourceDataInfo": {
        "newsID": "ET_M03_627761",
        "newsCategory": "연예",
        "newsSubcategory": "연예가화제",
        "newsTitle": "인물 사진 잘 찍는 방법, \\\"자신감부터 챙기세요~\\\"",
        "newsSubTitle": "",
        "newsContent": "\\\" 인물 사진 잘 찍는 방법 \\\" 인물 사진 잘 찍는 방법이 SNS에서 화제다.\n한 결혼정보업체에 따르면 사진 잘 찍히는 방법 중 가장 중요한 것은 '자신감'이라고 말했다.\n부끄러움이나 경직없이 당당한 모습으로 사진을 찍는다면 자연스러운 모습을 연출할 수 있고, 메이크업의 중요성, 최상의 컨디션 등도 사진 찍는데 도움을 주는 것으로 알려져 있다.\n또, 인물 사진은 세상에서 가장 중요한 존재인 사람을 주제로 표현한 사진인데, 인물 사진을 잘 표현하기 위해서는 그 사람에 대한 연구와 사랑이 근본 바탕에 있어야 한다고 알려져 있다.\n인물 사진 잘 찍는 방법 중 가장 중요한 것은 대상과 맺는 관계에서 나오는 자연스러움으로 아름다운 미소를 만들어 주는 것도 사진작가의 몫이며 필요하다면 재미있는 농담을 해주거나 칭찬을 해 상대의 기분을 좋게 만드는 것도 중요하다.\n온라인 중앙일보 사진=권지용 인스타그램",
        "partNum": "P2",
        "useType": 0,
        "processType": "D",
        "processPattern": "23",
        "processLevel": "중",
        "sentenceCount": 6,
        "processSentencenum": 3,
        "sentenceInfo": [
            {
                "sentenceNo": 1,
                "sentenceContent": "\\\" 인물 사진 잘 찍는 방법 \\\" 인물 사진 잘 찍는 방법이 SNS에서 화제다.",
                "sentenceSize": 45
            },
            {
                "sentenceNo": 2,
                "sentenceContent": "한 결혼정보업체에 따르면 사진 잘 찍히는 방법 중 가장 중요한 것은 '자신감'이라고 말했다.",
                "sentenceSize": 51
            },
            {
                "sentenceNo": 3,
                "sentenceContent": "부끄러움이나 경직없이 당당한 모습으로 사진을 찍는다면 자연스러운 모습을 연출할 수 있고, 메이크업의 중요성, 최상의 컨디션 등도 사진 찍는데 도움을 주는 것으로 알려져 있다.",
                "sentenceSize": 97
            },
            {
                "sentenceNo": 4,
                "sentenceContent": "또, 인물 사진은 세상에서 가장 중요한 존재인 사람을 주제로 표현한 사진인데, 인물 사진을 잘 표현하기 위해서는 그 사람에 대한 연구와 사랑이 근본 바탕에 있어야 한다고 알려져 있다.",
                "sentenceSize": 102
            },
            {
                "sentenceNo": 5,
                "sentenceContent": "인물 사진 잘 찍는 방법 중 가장 중요한 것은 대상과 맺는 관계에서 나오는 자연스러움으로 아름다운 미소를 만들어 주는 것도 사진작가의 몫이며 필요하다면 재미있는 농담을 해주거나 칭찬을 해 상대의 기분을 좋게 만드는 것도 중요하다.",
                "sentenceSize": 128
            },
            {
                "sentenceNo": 6,
                "sentenceContent": "온라인 중앙일보 사진=권지용 인스타그램",
                "sentenceSize": 21
            }
        ]
    },
    "labeledDataInfo": {
        "processSentenceInfo": [
            {
                "sentenceNo": 1,
                "sentenceContent": "\\\" 인물 사진 잘 찍는 방법 \\\" 인물 사진 잘 찍는 방법이 SNS에서 화제다.",
                "subjectConsistencyYn": "Y"
            },
            {
                "sentenceNo": 2,
                "sentenceContent": "한 결혼정보업체에 따르면 사진 잘 찍히는 방법 중 가장 중요한 것은 '자신감'이라고 말했다.",
                "subjectConsistencyYn": "Y"
            },
            {
                "sentenceNo": 3,
                "sentenceContent": "부끄러움이나 경직없이 당당한 모습으로 사진을 찍는다면 자연스러운 모습을 연출할 수 있고, 메이크업의 중요성, 최상의 컨디션 등도 사진 찍는데 도움을 주는 것으로 알려져 있다.",
                "subjectConsistencyYn": "Y"
            },
            {
                "sentenceNo": 4,
                "sentenceContent": "또, 인물 사진은 세상에서 가장 중요한 존재인 사람을 주제로 표현한 사진인데, 인물 사진을 잘 표현하기 위해서는 그 사람에 대한 연구와 사랑이 근본 바탕에 있어야 한다고 알려져 있다.",
                "subjectConsistencyYn": "Y"
            },
            {
                "sentenceNo": 5,
                "sentenceContent": "인물 사진 잘 찍는 방법 중 가장 중요한 것은 대상과 맺는 관계에서 나오는 자연스러움으로 아름다운 미소를 만들어 주는 것도 사진작가의 몫이며 필요하다면 재미있는 농담을 해주거나 칭찬을 해 상대의 기분을 좋게 만드는 것도 중요하다.",
                "subjectConsistencyYn": "Y"
            },
            {
                "sentenceNo": 6,
                "sentenceContent": "온라인 중앙일보 사진=권지용 인스타그램",
                "subjectConsistencyYn": "Y"
            },
            {
                "sentenceNo": 7,
                "sentenceContent": "최근 MZ세대 사이에서는 사진작가와의 소통을 통해 자기다움을 드러내는 사진을 촬영할 수 있는 인물 전문 스튜디오 '시현하다'가 인기를 끌고 있다. ",
                "subjectConsistencyYn": "N"
            },
            {
                "sentenceNo": 8,
                "sentenceContent": "'시현하다'는 사진을 찍기 전 고객과의 대화를 통해 특별한 증명사진을 촬영해 주는 사진관으로, 다양한 연예인들과의 협업으로도 널리 알려져 있다. ",
                "subjectConsistencyYn": "N"
            },
            {
                "sentenceNo": 9,
                "sentenceContent": "'시현하다'의 김시현 대표는 \"사진을 촬영하는 고객들의 개성을 발견하려고 노력한다\"며 \"평생 간직할 수 있는 인생 사진을 모토로 고객의 진짜 모습을 기록하겠다\"고 말했다. ",
                "subjectConsistencyYn": "N"
            }
        ],
        "clickbaitClass": 0
    }
}