{
    "sourceDataInfo": {
        "newsID": "ET_M03_627729",
        "newsCategory": "연예",
        "newsSubcategory": "연예가화제",
        "newsTitle": "'신서유기' 강호동…나영석PD \\\"옛날식 개그잖아\\\" 독설",
        "newsSubTitle": "",
        "newsContent": "'신서유기' 강호동이 웹 예능 신고식을 치뤘다.\n11일 공개된 tvN 디지털 컨텐츠 '신서유기'에서는 삼장법사 레이스에 본격적으로 나선 강호동·이수근·은지원·이승기의 모습이 그려졌다.\n이날 삼륜차를 타고 이동한 강호동과 이수근은 이승기-은지원보다 뒤늦게 숙소에 도착했다.\n이를 모른 채 강호동은 숙소 앞에서 \\\"도착을~ 했습니다!\\\"라며 큰 소리로 특유의 리액션을 펼쳤다.\n그러자 나영석 PD와 이수근은 \\\"옛날식이다\\\"라고 독설을 날렸고 이수근도 \\\"요즘은 리액션 안 하고 편안하게 들어간다\\\"고 말해 웃음을 자아냈다.\n한 강호동은 저팔계라는 자신의 캐릭터에 남다른 애착을 가지며 \\\"쮸빠찌에\\\"(저팔계의 중국어)를 외치며 자신과 어울리는 제스처를 만들기 시작했다.\n하지만 그를 바라보는 나영석 PD의 시선은 여전히 차가웠다.\n나 PD의 얼굴 밑에는 \\\"형 그거 옛날 거잖아\\\" \\\"우리 망했다\\\"라는 자막이 실려 웃음을 자아냈다.\n그러나 강호동은 굴하지 않고 저녁 식사를 하러 가는 길에도 신이나 계속 \\\"쮸빠찌에\\\"를 외치며 우스꽝스러운 포즈를 지었다.\n이를 바라본 외국인 관광객은 그를 향해 엄지 손가락을 치켜보이며 \\\"슈퍼 개그맨\\\"이라고 칭찬했다.\n한편 '신서유기'는 손오공·사오정·저팔계·삼장법사가 등장하는 중국의 고전 '서유기'를 예능적으로 재해석한 리얼 버라이어티로 네이버 PC와 모바일 TV캐스트(tvcast.naver.com)에서 단독 공개된다.",
        "partNum": "P2",
        "useType": 0,
        "processType": "D",
        "processPattern": "23",
        "processLevel": "중",
        "sentenceCount": 11,
        "processSentencenum": 3,
        "sentenceInfo": [
            {
                "sentenceNo": 1,
                "sentenceContent": "'신서유기' 강호동이 웹 예능 신고식을 치뤘다.",
                "sentenceSize": 26
            },
            {
                "sentenceNo": 2,
                "sentenceContent": "11일 공개된 tvN 디지털 컨텐츠 '신서유기'에서는 삼장법사 레이스에 본격적으로 나선 강호동·이수근·은지원·이승기의 모습이 그려졌다.",
                "sentenceSize": 75
            },
            {
                "sentenceNo": 3,
                "sentenceContent": "이날 삼륜차를 타고 이동한 강호동과 이수근은 이승기-은지원보다 뒤늦게 숙소에 도착했다.",
                "sentenceSize": 48
            },
            {
                "sentenceNo": 4,
                "sentenceContent": "이를 모른 채 강호동은 숙소 앞에서 \\\"도착을~ 했습니다!\\\"라며 큰 소리로 특유의 리액션을 펼쳤다.",
                "sentenceSize": 56
            },
            {
                "sentenceNo": 5,
                "sentenceContent": "그러자 나영석 PD와 이수근은 \\\"옛날식이다\\\"라고 독설을 날렸고 이수근도 \\\"요즘은 리액션 안 하고 편안하게 들어간다\\\"고 말해 웃음을 자아냈다.",
                "sentenceSize": 82
            },
            {
                "sentenceNo": 6,
                "sentenceContent": "한 강호동은 저팔계라는 자신의 캐릭터에 남다른 애착을 가지며 \\\"쮸빠찌에\\\"(저팔계의 중국어)를 외치며 자신과 어울리는 제스처를 만들기 시작했다.",
                "sentenceSize": 81
            },
            {
                "sentenceNo": 7,
                "sentenceContent": "하지만 그를 바라보는 나영석 PD의 시선은 여전히 차가웠다.",
                "sentenceSize": 33
            },
            {
                "sentenceNo": 8,
                "sentenceContent": "나 PD의 얼굴 밑에는 \\\"형 그거 옛날 거잖아\\\" \\\"우리 망했다\\\"라는 자막이 실려 웃음을 자아냈다.",
                "sentenceSize": 58
            },
            {
                "sentenceNo": 9,
                "sentenceContent": "그러나 강호동은 굴하지 않고 저녁 식사를 하러 가는 길에도 신이나 계속 \\\"쮸빠찌에\\\"를 외치며 우스꽝스러운 포즈를 지었다.",
                "sentenceSize": 69
            },
            {
                "sentenceNo": 10,
                "sentenceContent": "이를 바라본 외국인 관광객은 그를 향해 엄지 손가락을 치켜보이며 \\\"슈퍼 개그맨\\\"이라고 칭찬했다.",
                "sentenceSize": 55
            },
            {
                "sentenceNo": 11,
                "sentenceContent": "한편 '신서유기'는 손오공·사오정·저팔계·삼장법사가 등장하는 중국의 고전 '서유기'를 예능적으로 재해석한 리얼 버라이어티로 네이버 PC와 모바일 TV캐스트(tvcast.naver.com)에서 단독 공개된다.",
                "sentenceSize": 115
            }
        ]
    },
    "labeledDataInfo": {
        "processSentenceInfo": [
            {
                "sentenceNo": 1,
                "sentenceContent": "'신서유기' 강호동이 웹 예능 신고식을 치뤘다.",
                "subjectConsistencyYn": "Y"
            },
            {
                "sentenceNo": 2,
                "sentenceContent": "11일 공개된 tvN 디지털 컨텐츠 '신서유기'에서는 삼장법사 레이스에 본격적으로 나선 강호동·이수근·은지원·이승기의 모습이 그려졌다.",
                "subjectConsistencyYn": "Y"
            },
            {
                "sentenceNo": 3,
                "sentenceContent": "이날 삼륜차를 타고 이동한 강호동과 이수근은 이승기-은지원보다 뒤늦게 숙소에 도착했다.",
                "subjectConsistencyYn": "Y"
            },
            {
                "sentenceNo": 4,
                "sentenceContent": "이를 모른 채 강호동은 숙소 앞에서 \\\"도착을~ 했습니다!\\\"라며 큰 소리로 특유의 리액션을 펼쳤다.",
                "subjectConsistencyYn": "Y"
            },
            {
                "sentenceNo": 5,
                "sentenceContent": "그러자 나영석 PD와 이수근은 \\\"옛날식이다\\\"라고 독설을 날렸고 이수근도 \\\"요즘은 리액션 안 하고 편안하게 들어간다\\\"고 말해 웃음을 자아냈다.",
                "subjectConsistencyYn": "Y"
            },
            {
                "sentenceNo": 6,
                "sentenceContent": "한 강호동은 저팔계라는 자신의 캐릭터에 남다른 애착을 가지며 \\\"쮸빠찌에\\\"(저팔계의 중국어)를 외치며 자신과 어울리는 제스처를 만들기 시작했다.",
                "subjectConsistencyYn": "Y"
            },
            {
                "sentenceNo": 7,
                "sentenceContent": "하지만 그를 바라보는 나영석 PD의 시선은 여전히 차가웠다.",
                "subjectConsistencyYn": "Y"
            },
            {
                "sentenceNo": 8,
                "sentenceContent": "나 PD의 얼굴 밑에는 \\\"형 그거 옛날 거잖아\\\" \\\"우리 망했다\\\"라는 자막이 실려 웃음을 자아냈다.",
                "subjectConsistencyYn": "Y"
            },
            {
                "sentenceNo": 9,
                "sentenceContent": "그러나 강호동은 굴하지 않고 저녁 식사를 하러 가는 길에도 신이나 계속 \\\"쮸빠찌에\\\"를 외치며 우스꽝스러운 포즈를 지었다.",
                "subjectConsistencyYn": "Y"
            },
            {
                "sentenceNo": 10,
                "sentenceContent": "이를 바라본 외국인 관광객은 그를 향해 엄지 손가락을 치켜보이며 \\\"슈퍼 개그맨\\\"이라고 칭찬했다.",
                "subjectConsistencyYn": "Y"
            },
            {
                "sentenceNo": 11,
                "sentenceContent": "한편 '신서유기'는 손오공·사오정·저팔계·삼장법사가 등장하는 중국의 고전 '서유기'를 예능적으로 재해석한 리얼 버라이어티로 네이버 PC와 모바일 TV캐스트(tvcast.naver.com)에서 단독 공개된다.",
                "subjectConsistencyYn": "Y"
            },
            {
                "sentenceNo": 12,
                "sentenceContent": "강호동은 웹 예능 신서유기 외에도, 종합편성채널 JTBC의 신규 예능프로그램 '아는 형님'의 메인 MC를 맡는 등 다양한 영역에서 종횡무진 활동을 보여주고 있다. ",
                "subjectConsistencyYn": "N"
            },
            {
                "sentenceNo": 13,
                "sentenceContent": "'아는 형님'은 출연자들이 시청자들이 보내온 다양한 질문을 온몸으로 해결하는 프로그램으로, 강호동과 서장훈, 김영철, 이수근 등 7명의 형님들이 출연한다. ",
                "subjectConsistencyYn": "N"
            },
            {
                "sentenceNo": 14,
                "sentenceContent": "'아는 형님' 관계자는 \"몸을 사리지 않는 출연진의 열정으로 촬영 현장에서도 폭소가 연이어 터지고 있다\"며 \"시청자들이 주말 저녁 함박웃음을 지을 수 있는 프로그램을 선사하겠다\"고 말했다. ",
                "subjectConsistencyYn": "N"
            }
        ],
        "clickbaitClass": 0
    }
}