{
    "sourceDataInfo": {
        "newsID": "ET_M03_627591",
        "newsCategory": "연예",
        "newsSubcategory": "연예가화제",
        "newsTitle": "월화드라마 '발칙하게 고고', 정은지-이원근 키스 오해로 동아리 폐쇄 위기…춤으로 승화?",
        "newsSubTitle": "",
        "newsContent": "발칙하게 고고 정은지, 이번에는 화려한 춤실력 뽐내 … \\\"내가 바로 리얼킹 춤꾼!\\\" '발칙하게 고고'에 출연중인 걸그룹 에이핑크 정은지가 이번에는 화려한 춤실력을 뽐냈다.\n댄스 동아리 리얼킹을 이끄는 강연두(정은지)는 안정적인 연기력에 파워풀한 춤실력까지 마음껏 발휘했다.\n지난 5일 첫 방송된 KBS 2TV 새 월화드라마 ‘발칙하게 고고’ 1회에서는 성적 상위권 학생들이 모인 백호와 성적 바닥인 학생들의 리얼킹, 두 동아리를 배경으로 이야기가 펼쳐졌다.\n연두(정은지 분)는 성적에만 온 신경을 쏟느라 성격이 이상해진, 친구라고 믿었던 수아(채수빈 분)로 인해 위기에 빠졌다.\n그는 응원동아리 백호의 김열(이원근 분)과 키스했다는 오해를 받아 동아리가 폐부됐다.\n자사고의 200명 학생 가운데 196등을 하는 꼴찌 정은지는 성적지상주의 왕국의 피라미드 밑바닥에서 춤으로 겨우 숨을 쉬고 사는 연두를 연기하면서, 동아리가 폐부되자 눈물로 절실함을 호소하거나, 홀로 대자보를 쓰며 투쟁하는 특유의 긍정적이고 발랄한 모습을 보이기도 했다.\n정은지는 슬플 때 혼자 추는 파워풀한 춤으로 화면을 채웠다.\n정은지는 이번에도 연두의 시선으로 이야기가 전개된 1회에서 극을 안정적으로 끌고나가며 강력한 존재감을 발휘했다.\n정은지는 다양한 캐릭터, 또 신예 배우들이 잔뜩 등장해 이야기의 밑그림을 그리느라 다소 어수선하고 낯설 수 있는 이 드라마의 1회에서 공부만 조금 못할 뿐인, 꿈 많고 밝은 여고생으로 분해 발랄함과 함께 청춘만의 뜨거운 열정을 보였다.\n한편 ‘발칙하게 고고’는 높은 대입 진학률을 자랑하는 세빛고에서 춤을 사랑하는 열등생들의 동아리와 우등생들의 대입 스펙용 동아리가 치어리딩으로 통폐합되면서 펼쳐지는 열여덟 청춘들의 좌충우돌 성장스토리를 그려낸 드라마로 매주 월, 화 오후 10시에 방송된다. '발칙하게 고고, 정은지' 온라인 중앙일보",
        "partNum": "P2",
        "useType": 0,
        "processType": "D",
        "processPattern": "23",
        "processLevel": "중",
        "sentenceCount": 10,
        "processSentencenum": 2,
        "sentenceInfo": [
            {
                "sentenceNo": 1,
                "sentenceContent": "발칙하게 고고 정은지, 이번에는 화려한 춤실력 뽐내 … \\\"내가 바로 리얼킹 춤꾼!\\\" '발칙하게 고고'에 출연중인 걸그룹 에이핑크 정은지가 이번에는 화려한 춤실력을 뽐냈다.",
                "sentenceSize": 97
            },
            {
                "sentenceNo": 2,
                "sentenceContent": "댄스 동아리 리얼킹을 이끄는 강연두(정은지)는 안정적인 연기력에 파워풀한 춤실력까지 마음껏 발휘했다.",
                "sentenceSize": 56
            },
            {
                "sentenceNo": 3,
                "sentenceContent": "지난 5일 첫 방송된 KBS 2TV 새 월화드라마 ‘발칙하게 고고’ 1회에서는 성적 상위권 학생들이 모인 백호와 성적 바닥인 학생들의 리얼킹, 두 동아리를 배경으로 이야기가 펼쳐졌다.",
                "sentenceSize": 102
            },
            {
                "sentenceNo": 4,
                "sentenceContent": "연두(정은지 분)는 성적에만 온 신경을 쏟느라 성격이 이상해진, 친구라고 믿었던 수아(채수빈 분)로 인해 위기에 빠졌다.",
                "sentenceSize": 67
            },
            {
                "sentenceNo": 5,
                "sentenceContent": "그는 응원동아리 백호의 김열(이원근 분)과 키스했다는 오해를 받아 동아리가 폐부됐다.",
                "sentenceSize": 47
            },
            {
                "sentenceNo": 6,
                "sentenceContent": "자사고의 200명 학생 가운데 196등을 하는 꼴찌 정은지는 성적지상주의 왕국의 피라미드 밑바닥에서 춤으로 겨우 숨을 쉬고 사는 연두를 연기하면서, 동아리가 폐부되자 눈물로 절실함을 호소하거나, 홀로 대자보를 쓰며 투쟁하는 특유의 긍정적이고 발랄한 모습을 보이기도 했다.",
                "sentenceSize": 151
            },
            {
                "sentenceNo": 7,
                "sentenceContent": "정은지는 슬플 때 혼자 추는 파워풀한 춤으로 화면을 채웠다.",
                "sentenceSize": 33
            },
            {
                "sentenceNo": 8,
                "sentenceContent": "정은지는 이번에도 연두의 시선으로 이야기가 전개된 1회에서 극을 안정적으로 끌고나가며 강력한 존재감을 발휘했다.",
                "sentenceSize": 62
            },
            {
                "sentenceNo": 9,
                "sentenceContent": "정은지는 다양한 캐릭터, 또 신예 배우들이 잔뜩 등장해 이야기의 밑그림을 그리느라 다소 어수선하고 낯설 수 있는 이 드라마의 1회에서 공부만 조금 못할 뿐인, 꿈 많고 밝은 여고생으로 분해 발랄함과 함께 청춘만의 뜨거운 열정을 보였다.",
                "sentenceSize": 131
            },
            {
                "sentenceNo": 10,
                "sentenceContent": "한편 ‘발칙하게 고고’는 높은 대입 진학률을 자랑하는 세빛고에서 춤을 사랑하는 열등생들의 동아리와 우등생들의 대입 스펙용 동아리가 치어리딩으로 통폐합되면서 펼쳐지는 열여덟 청춘들의 좌충우돌 성장스토리를 그려낸 드라마로 매주 월, 화 오후 10시에 방송된다. '발칙하게 고고, 정은지' 온라인 중앙일보",
                "sentenceSize": 167
            }
        ]
    },
    "labeledDataInfo": {
        "processSentenceInfo": [
            {
                "sentenceNo": 1,
                "sentenceContent": "발칙하게 고고 정은지, 이번에는 화려한 춤실력 뽐내 … \\\"내가 바로 리얼킹 춤꾼!\\\" '발칙하게 고고'에 출연중인 걸그룹 에이핑크 정은지가 이번에는 화려한 춤실력을 뽐냈다.",
                "subjectConsistencyYn": "Y"
            },
            {
                "sentenceNo": 2,
                "sentenceContent": "댄스 동아리 리얼킹을 이끄는 강연두(정은지)는 안정적인 연기력에 파워풀한 춤실력까지 마음껏 발휘했다.",
                "subjectConsistencyYn": "Y"
            },
            {
                "sentenceNo": 3,
                "sentenceContent": "지난 5일 첫 방송된 KBS 2TV 새 월화드라마 ‘발칙하게 고고’ 1회에서는 성적 상위권 학생들이 모인 백호와 성적 바닥인 학생들의 리얼킹, 두 동아리를 배경으로 이야기가 펼쳐졌다.",
                "subjectConsistencyYn": "Y"
            },
            {
                "sentenceNo": 4,
                "sentenceContent": "연두(정은지 분)는 성적에만 온 신경을 쏟느라 성격이 이상해진, 친구라고 믿었던 수아(채수빈 분)로 인해 위기에 빠졌다.",
                "subjectConsistencyYn": "Y"
            },
            {
                "sentenceNo": 5,
                "sentenceContent": "그는 응원동아리 백호의 김열(이원근 분)과 키스했다는 오해를 받아 동아리가 폐부됐다.",
                "subjectConsistencyYn": "Y"
            },
            {
                "sentenceNo": 6,
                "sentenceContent": "자사고의 200명 학생 가운데 196등을 하는 꼴찌 정은지는 성적지상주의 왕국의 피라미드 밑바닥에서 춤으로 겨우 숨을 쉬고 사는 연두를 연기하면서, 동아리가 폐부되자 눈물로 절실함을 호소하거나, 홀로 대자보를 쓰며 투쟁하는 특유의 긍정적이고 발랄한 모습을 보이기도 했다.",
                "subjectConsistencyYn": "Y"
            },
            {
                "sentenceNo": 7,
                "sentenceContent": "정은지는 슬플 때 혼자 추는 파워풀한 춤으로 화면을 채웠다.",
                "subjectConsistencyYn": "Y"
            },
            {
                "sentenceNo": 8,
                "sentenceContent": "정은지는 이번에도 연두의 시선으로 이야기가 전개된 1회에서 극을 안정적으로 끌고나가며 강력한 존재감을 발휘했다.",
                "subjectConsistencyYn": "Y"
            },
            {
                "sentenceNo": 9,
                "sentenceContent": "정은지는 다양한 캐릭터, 또 신예 배우들이 잔뜩 등장해 이야기의 밑그림을 그리느라 다소 어수선하고 낯설 수 있는 이 드라마의 1회에서 공부만 조금 못할 뿐인, 꿈 많고 밝은 여고생으로 분해 발랄함과 함께 청춘만의 뜨거운 열정을 보였다.",
                "subjectConsistencyYn": "Y"
            },
            {
                "sentenceNo": 10,
                "sentenceContent": "한편 ‘발칙하게 고고’는 높은 대입 진학률을 자랑하는 세빛고에서 춤을 사랑하는 열등생들의 동아리와 우등생들의 대입 스펙용 동아리가 치어리딩으로 통폐합되면서 펼쳐지는 열여덟 청춘들의 좌충우돌 성장스토리를 그려낸 드라마로 매주 월, 화 오후 10시에 방송된다. '발칙하게 고고, 정은지' 온라인 중앙일보",
                "subjectConsistencyYn": "Y"
            },
            {
                "sentenceNo": 11,
                "sentenceContent": "월화드라마 '발칙하게 고고'가 안정된 시청률을 보여주고 있는 가운데, 드라마에 PPL로 등장한 스마트기기 애프터서비스 전문기업 픽스퀵 주식회사의 전문 수리기사 매칭 플랫폼 '픽스케어'가 광고 효과를 톡톡히 보고 있다. ",
                "subjectConsistencyYn": "N"
            },
            {
                "sentenceNo": 12,
                "sentenceContent": "'픽스케어'는 고객들에게 원하는 장소에서 더 편리하게 수리받을 수 있는 출장 수리 앱 서비스로 언제 어디서나 편하게 수리 서비스를 누릴 수 있도록 제공된다. ",
                "subjectConsistencyYn": "N"
            }
        ],
        "clickbaitClass": 0
    }
}