{
    "sourceDataInfo": {
        "newsID": "ET_M03_627298",
        "newsCategory": "연예",
        "newsSubcategory": "연예가화제",
        "newsTitle": "순수함의 절정 보여준 대박이의 소금 심부름",
        "newsSubTitle": "",
        "newsContent": "바구니를 들고 옆집으로 소금 심부름을 간 대박이의 모습이 화제다.\n11일 방송된 KBS2 '해피선데이-슈퍼맨이 돌아왔다' 186회에 자는 동안 오줌을 싸 이불에 지도를 만든 대박이의 모습이 담겼다.\n이동국은 대박이에게 옆집에서 소금을 얻어오라는 심부름을 시켰고 대박이는 소쿠리를 들고 문을 나섰다.\n처음 방문한 집에서 집주인이 반가워하며 “여긴 어쩐 일이냐”고 묻자 대박이는 기어들어가는 목소리로 “쉬 했어요”라며 웃음을 자아냈다.\n친절한 집주인은 대박이가 들고 온 소쿠리에 소금을 넉넉하게 담아줬다.\n대박이를 귀여워하는 이웃들 덕에 금세 자신감을 얻은 대박이는 자신 있게 다음 집으로 향했다.\n평소 강아지를 무서워하는 대박이는 이번엔 당황하지 않고 강아지와 인사까지 하는 여유를 보였다.\n이웃집 할머니가 “맛있는 걸로 골라보라”며 과자 바구니를 내밀자 대박이는 “설아, 수아 것도 가져가도 되냐”고 물었다.\n할머니는 대박이를 대견해 하며 소금을 듬뿍 담아줬다.\n소금을 받아온 대박이는 집으로 달려갔고 할머니네 집에서 가져온 과자의 모습이 드러났다.\n풍성한 간식 바구니를 앞에 두고도 대박이는 설아, 수아와 한 개씩 먹으려고 과자를 단 3개만 챙겨온 것이다.\n네티즌들은 “낱개로 가져올 줄은 상상도 못했다”며 욕심 없고 순수한 대박이의 모습에 흐뭇해했다.",
        "partNum": "P2",
        "useType": 0,
        "processType": "D",
        "processPattern": "23",
        "processLevel": "중",
        "sentenceCount": 12,
        "processSentencenum": 4,
        "sentenceInfo": [
            {
                "sentenceNo": 1,
                "sentenceContent": "바구니를 들고 옆집으로 소금 심부름을 간 대박이의 모습이 화제다.",
                "sentenceSize": 36
            },
            {
                "sentenceNo": 2,
                "sentenceContent": "11일 방송된 KBS2 '해피선데이-슈퍼맨이 돌아왔다' 186회에 자는 동안 오줌을 싸 이불에 지도를 만든 대박이의 모습이 담겼다.",
                "sentenceSize": 73
            },
            {
                "sentenceNo": 3,
                "sentenceContent": "이동국은 대박이에게 옆집에서 소금을 얻어오라는 심부름을 시켰고 대박이는 소쿠리를 들고 문을 나섰다.",
                "sentenceSize": 55
            },
            {
                "sentenceNo": 4,
                "sentenceContent": "처음 방문한 집에서 집주인이 반가워하며 “여긴 어쩐 일이냐”고 묻자 대박이는 기어들어가는 목소리로 “쉬 했어요”라며 웃음을 자아냈다.",
                "sentenceSize": 74
            },
            {
                "sentenceNo": 5,
                "sentenceContent": "친절한 집주인은 대박이가 들고 온 소쿠리에 소금을 넉넉하게 담아줬다.",
                "sentenceSize": 38
            },
            {
                "sentenceNo": 6,
                "sentenceContent": "대박이를 귀여워하는 이웃들 덕에 금세 자신감을 얻은 대박이는 자신 있게 다음 집으로 향했다.",
                "sentenceSize": 51
            },
            {
                "sentenceNo": 7,
                "sentenceContent": "평소 강아지를 무서워하는 대박이는 이번엔 당황하지 않고 강아지와 인사까지 하는 여유를 보였다.",
                "sentenceSize": 52
            },
            {
                "sentenceNo": 8,
                "sentenceContent": "이웃집 할머니가 “맛있는 걸로 골라보라”며 과자 바구니를 내밀자 대박이는 “설아, 수아 것도 가져가도 되냐”고 물었다.",
                "sentenceSize": 66
            },
            {
                "sentenceNo": 9,
                "sentenceContent": "할머니는 대박이를 대견해 하며 소금을 듬뿍 담아줬다.",
                "sentenceSize": 29
            },
            {
                "sentenceNo": 10,
                "sentenceContent": "소금을 받아온 대박이는 집으로 달려갔고 할머니네 집에서 가져온 과자의 모습이 드러났다.",
                "sentenceSize": 48
            },
            {
                "sentenceNo": 11,
                "sentenceContent": "풍성한 간식 바구니를 앞에 두고도 대박이는 설아, 수아와 한 개씩 먹으려고 과자를 단 3개만 챙겨온 것이다.",
                "sentenceSize": 60
            },
            {
                "sentenceNo": 12,
                "sentenceContent": "네티즌들은 “낱개로 가져올 줄은 상상도 못했다”며 욕심 없고 순수한 대박이의 모습에 흐뭇해했다.",
                "sentenceSize": 53
            }
        ]
    },
    "labeledDataInfo": {
        "processSentenceInfo": [
            {
                "sentenceNo": 1,
                "sentenceContent": "바구니를 들고 옆집으로 소금 심부름을 간 대박이의 모습이 화제다.",
                "subjectConsistencyYn": "Y"
            },
            {
                "sentenceNo": 2,
                "sentenceContent": "11일 방송된 KBS2 '해피선데이-슈퍼맨이 돌아왔다' 186회에 자는 동안 오줌을 싸 이불에 지도를 만든 대박이의 모습이 담겼다.",
                "subjectConsistencyYn": "Y"
            },
            {
                "sentenceNo": 3,
                "sentenceContent": "이동국은 대박이에게 옆집에서 소금을 얻어오라는 심부름을 시켰고 대박이는 소쿠리를 들고 문을 나섰다.",
                "subjectConsistencyYn": "Y"
            },
            {
                "sentenceNo": 4,
                "sentenceContent": "처음 방문한 집에서 집주인이 반가워하며 “여긴 어쩐 일이냐”고 묻자 대박이는 기어들어가는 목소리로 “쉬 했어요”라며 웃음을 자아냈다.",
                "subjectConsistencyYn": "Y"
            },
            {
                "sentenceNo": 5,
                "sentenceContent": "친절한 집주인은 대박이가 들고 온 소쿠리에 소금을 넉넉하게 담아줬다.",
                "subjectConsistencyYn": "Y"
            },
            {
                "sentenceNo": 6,
                "sentenceContent": "대박이를 귀여워하는 이웃들 덕에 금세 자신감을 얻은 대박이는 자신 있게 다음 집으로 향했다.",
                "subjectConsistencyYn": "Y"
            },
            {
                "sentenceNo": 7,
                "sentenceContent": "평소 강아지를 무서워하는 대박이는 이번엔 당황하지 않고 강아지와 인사까지 하는 여유를 보였다.",
                "subjectConsistencyYn": "Y"
            },
            {
                "sentenceNo": 8,
                "sentenceContent": "이웃집 할머니가 “맛있는 걸로 골라보라”며 과자 바구니를 내밀자 대박이는 “설아, 수아 것도 가져가도 되냐”고 물었다.",
                "subjectConsistencyYn": "Y"
            },
            {
                "sentenceNo": 9,
                "sentenceContent": "할머니는 대박이를 대견해 하며 소금을 듬뿍 담아줬다.",
                "subjectConsistencyYn": "Y"
            },
            {
                "sentenceNo": 10,
                "sentenceContent": "소금을 받아온 대박이는 집으로 달려갔고 할머니네 집에서 가져온 과자의 모습이 드러났다.",
                "subjectConsistencyYn": "Y"
            },
            {
                "sentenceNo": 11,
                "sentenceContent": "풍성한 간식 바구니를 앞에 두고도 대박이는 설아, 수아와 한 개씩 먹으려고 과자를 단 3개만 챙겨온 것이다.",
                "subjectConsistencyYn": "Y"
            },
            {
                "sentenceNo": 12,
                "sentenceContent": "네티즌들은 “낱개로 가져올 줄은 상상도 못했다”며 욕심 없고 순수한 대박이의 모습에 흐뭇해했다.",
                "subjectConsistencyYn": "Y"
            },
            {
                "sentenceNo": 13,
                "sentenceContent": "'슈퍼맨이 돌아왔다' 프로그램의 심부름을 간 대박이의 모습이 인기인 가운데, 티빙은 '슈퍼맨이 돌아왔다 정주행' 서비스를 제공 중이다.",
                "subjectConsistencyYn": "N"
            },
            {
                "sentenceNo": 14,
                "sentenceContent": "이는 '슈퍼맨이 돌아왔다' 프로그램을 1화부터 최신 회차까지 모두 볼 수 있도록 하는 서비스다.",
                "subjectConsistencyYn": "N"
            },
            {
                "sentenceNo": 15,
                "sentenceContent": "서비스를 이용할 시 '슈퍼맨이 돌아왔다' 프로그램을 자신이 원하는 시간대부터 보는 것도 가능하다.",
                "subjectConsistencyYn": "N"
            },
            {
                "sentenceNo": 16,
                "sentenceContent": "서비스 이용은 티빙 앱에서 구독 시 가능하며, 자세한 내용은 티빙 공식 애플리케이션에서 확인할 수 있다.",
                "subjectConsistencyYn": "N"
            }
        ],
        "clickbaitClass": 0
    }
}