{
    "sourceDataInfo": {
        "newsID": "ET_M03_627718",
        "newsCategory": "연예",
        "newsSubcategory": "연예가화제",
        "newsTitle": "‘더 지니어스4’ 장동민 2번째 최종우승 '갓동민'",
        "newsSubTitle": "",
        "newsContent": "‘더 지니어스4’ 장동민 2번째 최종우승… 상금은 1억 3200만 원 역시 '갓동민' 지난 12일 방송된 tvN '더 지니어스: 그랜드 파이널'(이하 '더지니어스')마지막 회 farewell 편에서는 김경훈과 장동민 최후의 결승전이 펼쳐졌다.\n이날은 '더지니어스4'에서 그동안 탈락했던 전 출연진들이 모였다.\n장동민과 김경훈에게 도움이 될 아이템을 각각 뽑은 후 각자 지지하는 플레이어에게 특수 아이템을 선물하는 방식으로 진행이 되었다.\n장동민을 지지하는 플레이어는 유정현·최연승·최정문·김경란·홍진호였고, 나머지 오현민·이준석·김유현·임윤선·이상민·임요환은 김경훈에게 아이템을 선물했다.\n이로써 김경훈이 하나 더 많은 아이템을 가지게 돼 유리하게 시작했다.\n결승전은 숫자장기와 미스터리 사인, 베팅 흑과백으로 짜였다.\n여기서 먼저 2승을 거두는 플레이어가 이번 '더지니어스4'의 우승자가 되는 방식으로 진행되었다.\n장동민과 김경훈은 첫 번째 메인 대결인 숫자 장기 게임을 펼쳤고 김경훈의 최종 말을 잡은 장동민이 첫 번째 라운드에서 우승을 차지했다.\n두 번째 메인매치 게임은 미스터리 사인이었다.\n복잡한 숫자를 부르며 게임을 유도하던 두 사람은 결국 김경훈의 '무리수 작전'에도 흔들림이 없던 장동민의 승리로 돌아갔다.\n장동민은 시즌3에 이어 '더 지니어스4' 우승자로 등극했다.\n이에 따라 장동민은 총 1억3200만 원의 상금을 받게 됐다.\n한편, 장동민은 “개그맨들이 조금 더 높게 평가됐으면 좋겠다. ‘장동민이 머리 좋다’가 아니라 ‘대한민국 지금 현존하는 개그맨들이 머리 좋다’고 되면 좋겠다”고 밝혔다.",
        "partNum": "P2",
        "useType": 0,
        "processType": "D",
        "processPattern": "23",
        "processLevel": "중",
        "sentenceCount": 13,
        "processSentencenum": 2,
        "sentenceInfo": [
            {
                "sentenceNo": 1,
                "sentenceContent": "‘더 지니어스4’ 장동민 2번째 최종우승… 상금은 1억 3200만 원 역시 '갓동민' 지난 12일 방송된 tvN '더 지니어스: 그랜드 파이널'(이하 '더지니어스')마지막 회 farewell 편에서는 김경훈과 장동민 최후의 결승전이 펼쳐졌다.",
                "sentenceSize": 135
            },
            {
                "sentenceNo": 2,
                "sentenceContent": "이날은 '더지니어스4'에서 그동안 탈락했던 전 출연진들이 모였다.",
                "sentenceSize": 36
            },
            {
                "sentenceNo": 3,
                "sentenceContent": "장동민과 김경훈에게 도움이 될 아이템을 각각 뽑은 후 각자 지지하는 플레이어에게 특수 아이템을 선물하는 방식으로 진행이 되었다.",
                "sentenceSize": 71
            },
            {
                "sentenceNo": 4,
                "sentenceContent": "장동민을 지지하는 플레이어는 유정현·최연승·최정문·김경란·홍진호였고, 나머지 오현민·이준석·김유현·임윤선·이상민·임요환은 김경훈에게 아이템을 선물했다.",
                "sentenceSize": 84
            },
            {
                "sentenceNo": 5,
                "sentenceContent": "이로써 김경훈이 하나 더 많은 아이템을 가지게 돼 유리하게 시작했다.",
                "sentenceSize": 38
            },
            {
                "sentenceNo": 6,
                "sentenceContent": "결승전은 숫자장기와 미스터리 사인, 베팅 흑과백으로 짜였다.",
                "sentenceSize": 33
            },
            {
                "sentenceNo": 7,
                "sentenceContent": "여기서 먼저 2승을 거두는 플레이어가 이번 '더지니어스4'의 우승자가 되는 방식으로 진행되었다.",
                "sentenceSize": 53
            },
            {
                "sentenceNo": 8,
                "sentenceContent": "장동민과 김경훈은 첫 번째 메인 대결인 숫자 장기 게임을 펼쳤고 김경훈의 최종 말을 잡은 장동민이 첫 번째 라운드에서 우승을 차지했다.",
                "sentenceSize": 75
            },
            {
                "sentenceNo": 9,
                "sentenceContent": "두 번째 메인매치 게임은 미스터리 사인이었다.",
                "sentenceSize": 25
            },
            {
                "sentenceNo": 10,
                "sentenceContent": "복잡한 숫자를 부르며 게임을 유도하던 두 사람은 결국 김경훈의 '무리수 작전'에도 흔들림이 없던 장동민의 승리로 돌아갔다.",
                "sentenceSize": 68
            },
            {
                "sentenceNo": 11,
                "sentenceContent": "장동민은 시즌3에 이어 '더 지니어스4' 우승자로 등극했다.",
                "sentenceSize": 33
            },
            {
                "sentenceNo": 12,
                "sentenceContent": "이에 따라 장동민은 총 1억3200만 원의 상금을 받게 됐다.",
                "sentenceSize": 34
            },
            {
                "sentenceNo": 13,
                "sentenceContent": "한편, 장동민은 “개그맨들이 조금 더 높게 평가됐으면 좋겠다. ‘장동민이 머리 좋다’가 아니라 ‘대한민국 지금 현존하는 개그맨들이 머리 좋다’고 되면 좋겠다”고 밝혔다.",
                "sentenceSize": 94
            }
        ]
    },
    "labeledDataInfo": {
        "processSentenceInfo": [
            {
                "sentenceNo": 1,
                "sentenceContent": "‘더 지니어스4’ 장동민 2번째 최종우승… 상금은 1억 3200만 원 역시 '갓동민' 지난 12일 방송된 tvN '더 지니어스: 그랜드 파이널'(이하 '더지니어스')마지막 회 farewell 편에서는 김경훈과 장동민 최후의 결승전이 펼쳐졌다.",
                "subjectConsistencyYn": "Y"
            },
            {
                "sentenceNo": 2,
                "sentenceContent": "이날은 '더지니어스4'에서 그동안 탈락했던 전 출연진들이 모였다.",
                "subjectConsistencyYn": "Y"
            },
            {
                "sentenceNo": 3,
                "sentenceContent": "장동민과 김경훈에게 도움이 될 아이템을 각각 뽑은 후 각자 지지하는 플레이어에게 특수 아이템을 선물하는 방식으로 진행이 되었다.",
                "subjectConsistencyYn": "Y"
            },
            {
                "sentenceNo": 4,
                "sentenceContent": "장동민을 지지하는 플레이어는 유정현·최연승·최정문·김경란·홍진호였고, 나머지 오현민·이준석·김유현·임윤선·이상민·임요환은 김경훈에게 아이템을 선물했다.",
                "subjectConsistencyYn": "Y"
            },
            {
                "sentenceNo": 5,
                "sentenceContent": "이로써 김경훈이 하나 더 많은 아이템을 가지게 돼 유리하게 시작했다.",
                "subjectConsistencyYn": "Y"
            },
            {
                "sentenceNo": 6,
                "sentenceContent": "결승전은 숫자장기와 미스터리 사인, 베팅 흑과백으로 짜였다.",
                "subjectConsistencyYn": "Y"
            },
            {
                "sentenceNo": 7,
                "sentenceContent": "여기서 먼저 2승을 거두는 플레이어가 이번 '더지니어스4'의 우승자가 되는 방식으로 진행되었다.",
                "subjectConsistencyYn": "Y"
            },
            {
                "sentenceNo": 8,
                "sentenceContent": "장동민과 김경훈은 첫 번째 메인 대결인 숫자 장기 게임을 펼쳤고 김경훈의 최종 말을 잡은 장동민이 첫 번째 라운드에서 우승을 차지했다.",
                "subjectConsistencyYn": "Y"
            },
            {
                "sentenceNo": 9,
                "sentenceContent": "두 번째 메인매치 게임은 미스터리 사인이었다.",
                "subjectConsistencyYn": "Y"
            },
            {
                "sentenceNo": 10,
                "sentenceContent": "복잡한 숫자를 부르며 게임을 유도하던 두 사람은 결국 김경훈의 '무리수 작전'에도 흔들림이 없던 장동민의 승리로 돌아갔다.",
                "subjectConsistencyYn": "Y"
            },
            {
                "sentenceNo": 11,
                "sentenceContent": "장동민은 시즌3에 이어 '더 지니어스4' 우승자로 등극했다.",
                "subjectConsistencyYn": "Y"
            },
            {
                "sentenceNo": 12,
                "sentenceContent": "이에 따라 장동민은 총 1억3200만 원의 상금을 받게 됐다.",
                "subjectConsistencyYn": "Y"
            },
            {
                "sentenceNo": 13,
                "sentenceContent": "한편, 장동민은 “개그맨들이 조금 더 높게 평가됐으면 좋겠다. ‘장동민이 머리 좋다’가 아니라 ‘대한민국 지금 현존하는 개그맨들이 머리 좋다’고 되면 좋겠다”고 밝혔다.",
                "subjectConsistencyYn": "Y"
            },
            {
                "sentenceNo": 14,
                "sentenceContent": "이 외에도, 장동민은 여자친구인 가수 나비와 함께 MBC 라디오스타에 출연하는 등 활발한 활동으로 팬들에게 기쁨을 선사하고 있다. ",
                "subjectConsistencyYn": "N"
            },
            {
                "sentenceNo": 15,
                "sentenceContent": "장동민과 나비 커플이 동반 출연해 이목을 끄는 MBC 라디오스타에는 그의 절친인 유세윤과 유상무도 함께 출연할 예정이며, 방송 예정 시간은 오는 10일 밤 11시다. ",
                "subjectConsistencyYn": "N"
            }
        ],
        "clickbaitClass": 0
    }
}