{
    "sourceDataInfo": {
        "newsID": "ET_M03_627250",
        "newsCategory": "연예",
        "newsSubcategory": "연예가화제",
        "newsTitle": "‘고독한 채팅방’에 직접 등장한 스타들",
        "newsSubTitle": "",
        "newsContent": "최근 말없이 사진만 올리는 ‘고독한 오픈채팅방’이 인기다.\n불특정 다수가 익명으로 참여하는 그룹 채팅으로 ‘고독한 무도방’ 등의 이름으로 열린다.\n각 방의 이름에 맞게 관련된 사진만 말없이 올려야 한다.\n이러한 ‘고독한 ㅇㅇ방’이 인기를 얻자 자신의 이름을 딴 채팅방에 직접 등장하는 연예인들이 늘고 있다.\n23일 유병재는 ‘고독한 유병재’ 채팅방에 나타나 A4용지에 인사말을 남긴 사진을 게재했다.\n그는 “나 이런 거 너무 좋아요. 너무 재미있어요”라며 “감사합니다”라고 인사했다.\n이후 ‘고독한 유병재’ 방은 채팅 제한 인원인 1000명을 넘기며 관심을 받았고 ‘고독한 유병재 대기방’까지 생겼다.\n설리 역시 ‘고독한 설리’방에 나타나 팬들에게 인사를 건넸다.\n설리는 자신의 인스타그램 캡처 화면에 “안녕?”이라는 글귀를 쓴 사진을 게재했다.\n프로필 사진을 변경할 수 있는 표시가 뜨는데, 이는 계정 주인만 가능하다.\n이어 “얘들아 뭐해?”라는 글을 적어 전송했다.\n채팅방 참가자들이 “사랑해요” 등의 말을 하자 설리는 “말하면 안 돼”라고 지적하기도 했다.\n25일에는 박명수가 ‘고독한 방명수’ 채팅방에 깜짝 입장했다. ‘이병 박명수’라는 이름으로 등장한 박명수는 “무도 녹화중”이라며 “고독한 명수 알랍(아이 러브 유)”이라는 글귀와 함께 환하게 웃는 사진을 게재했다.\n그는 MBC ‘무한도전’ 멤버인 양세형, 하하와 함께 찍은 사진도 올렸다.\n해당 사진에 얽힌 뒷이야기를 ‘무한도전’ 방송에서 들을 수 있을지 기대를 모은다.\n이밖에도 마마무 멤버 문별과 블락비 멤버 박경, 나인뮤지스 멤버 금조 등이 자신의 채팅방에 등장해 팬들과 소통했다.",
        "partNum": "P2",
        "useType": 0,
        "processType": "D",
        "processPattern": "23",
        "processLevel": "중",
        "sentenceCount": 16,
        "processSentencenum": 2,
        "sentenceInfo": [
            {
                "sentenceNo": 1,
                "sentenceContent": "최근 말없이 사진만 올리는 ‘고독한 오픈채팅방’이 인기다.",
                "sentenceSize": 32
            },
            {
                "sentenceNo": 2,
                "sentenceContent": "불특정 다수가 익명으로 참여하는 그룹 채팅으로 ‘고독한 무도방’ 등의 이름으로 열린다.",
                "sentenceSize": 48
            },
            {
                "sentenceNo": 3,
                "sentenceContent": "각 방의 이름에 맞게 관련된 사진만 말없이 올려야 한다.",
                "sentenceSize": 31
            },
            {
                "sentenceNo": 4,
                "sentenceContent": "이러한 ‘고독한 ㅇㅇ방’이 인기를 얻자 자신의 이름을 딴 채팅방에 직접 등장하는 연예인들이 늘고 있다.",
                "sentenceSize": 57
            },
            {
                "sentenceNo": 5,
                "sentenceContent": "23일 유병재는 ‘고독한 유병재’ 채팅방에 나타나 A4용지에 인사말을 남긴 사진을 게재했다.",
                "sentenceSize": 51
            },
            {
                "sentenceNo": 6,
                "sentenceContent": "그는 “나 이런 거 너무 좋아요. 너무 재미있어요”라며 “감사합니다”라고 인사했다.",
                "sentenceSize": 46
            },
            {
                "sentenceNo": 7,
                "sentenceContent": "이후 ‘고독한 유병재’ 방은 채팅 제한 인원인 1000명을 넘기며 관심을 받았고 ‘고독한 유병재 대기방’까지 생겼다.",
                "sentenceSize": 65
            },
            {
                "sentenceNo": 8,
                "sentenceContent": "설리 역시 ‘고독한 설리’방에 나타나 팬들에게 인사를 건넸다.",
                "sentenceSize": 34
            },
            {
                "sentenceNo": 9,
                "sentenceContent": "설리는 자신의 인스타그램 캡처 화면에 “안녕?”이라는 글귀를 쓴 사진을 게재했다.",
                "sentenceSize": 45
            },
            {
                "sentenceNo": 10,
                "sentenceContent": "프로필 사진을 변경할 수 있는 표시가 뜨는데, 이는 계정 주인만 가능하다.",
                "sentenceSize": 41
            },
            {
                "sentenceNo": 11,
                "sentenceContent": "이어 “얘들아 뭐해?”라는 글을 적어 전송했다.",
                "sentenceSize": 26
            },
            {
                "sentenceNo": 12,
                "sentenceContent": "채팅방 참가자들이 “사랑해요” 등의 말을 하자 설리는 “말하면 안 돼”라고 지적하기도 했다.",
                "sentenceSize": 51
            },
            {
                "sentenceNo": 13,
                "sentenceContent": "25일에는 박명수가 ‘고독한 방명수’ 채팅방에 깜짝 입장했다. ‘이병 박명수’라는 이름으로 등장한 박명수는 “무도 녹화중”이라며 “고독한 명수 알랍(아이 러브 유)”이라는 글귀와 함께 환하게 웃는 사진을 게재했다.",
                "sentenceSize": 119
            },
            {
                "sentenceNo": 14,
                "sentenceContent": "그는 MBC ‘무한도전’ 멤버인 양세형, 하하와 함께 찍은 사진도 올렸다.",
                "sentenceSize": 41
            },
            {
                "sentenceNo": 15,
                "sentenceContent": "해당 사진에 얽힌 뒷이야기를 ‘무한도전’ 방송에서 들을 수 있을지 기대를 모은다.",
                "sentenceSize": 45
            },
            {
                "sentenceNo": 16,
                "sentenceContent": "이밖에도 마마무 멤버 문별과 블락비 멤버 박경, 나인뮤지스 멤버 금조 등이 자신의 채팅방에 등장해 팬들과 소통했다.",
                "sentenceSize": 64
            }
        ]
    },
    "labeledDataInfo": {
        "processSentenceInfo": [
            {
                "sentenceNo": 1,
                "sentenceContent": "최근 말없이 사진만 올리는 ‘고독한 오픈채팅방’이 인기다.",
                "subjectConsistencyYn": "Y"
            },
            {
                "sentenceNo": 2,
                "sentenceContent": "불특정 다수가 익명으로 참여하는 그룹 채팅으로 ‘고독한 무도방’ 등의 이름으로 열린다.",
                "subjectConsistencyYn": "Y"
            },
            {
                "sentenceNo": 3,
                "sentenceContent": "각 방의 이름에 맞게 관련된 사진만 말없이 올려야 한다.",
                "subjectConsistencyYn": "Y"
            },
            {
                "sentenceNo": 4,
                "sentenceContent": "이러한 ‘고독한 ㅇㅇ방’이 인기를 얻자 자신의 이름을 딴 채팅방에 직접 등장하는 연예인들이 늘고 있다.",
                "subjectConsistencyYn": "Y"
            },
            {
                "sentenceNo": 5,
                "sentenceContent": "23일 유병재는 ‘고독한 유병재’ 채팅방에 나타나 A4용지에 인사말을 남긴 사진을 게재했다.",
                "subjectConsistencyYn": "Y"
            },
            {
                "sentenceNo": 6,
                "sentenceContent": "그는 “나 이런 거 너무 좋아요. 너무 재미있어요”라며 “감사합니다”라고 인사했다.",
                "subjectConsistencyYn": "Y"
            },
            {
                "sentenceNo": 7,
                "sentenceContent": "이후 ‘고독한 유병재’ 방은 채팅 제한 인원인 1000명을 넘기며 관심을 받았고 ‘고독한 유병재 대기방’까지 생겼다.",
                "subjectConsistencyYn": "Y"
            },
            {
                "sentenceNo": 8,
                "sentenceContent": "설리 역시 ‘고독한 설리’방에 나타나 팬들에게 인사를 건넸다.",
                "subjectConsistencyYn": "Y"
            },
            {
                "sentenceNo": 9,
                "sentenceContent": "설리는 자신의 인스타그램 캡처 화면에 “안녕?”이라는 글귀를 쓴 사진을 게재했다.",
                "subjectConsistencyYn": "Y"
            },
            {
                "sentenceNo": 10,
                "sentenceContent": "프로필 사진을 변경할 수 있는 표시가 뜨는데, 이는 계정 주인만 가능하다.",
                "subjectConsistencyYn": "Y"
            },
            {
                "sentenceNo": 11,
                "sentenceContent": "이어 “얘들아 뭐해?”라는 글을 적어 전송했다.",
                "subjectConsistencyYn": "Y"
            },
            {
                "sentenceNo": 12,
                "sentenceContent": "채팅방 참가자들이 “사랑해요” 등의 말을 하자 설리는 “말하면 안 돼”라고 지적하기도 했다.",
                "subjectConsistencyYn": "Y"
            },
            {
                "sentenceNo": 13,
                "sentenceContent": "25일에는 박명수가 ‘고독한 방명수’ 채팅방에 깜짝 입장했다. ‘이병 박명수’라는 이름으로 등장한 박명수는 “무도 녹화중”이라며 “고독한 명수 알랍(아이 러브 유)”이라는 글귀와 함께 환하게 웃는 사진을 게재했다.",
                "subjectConsistencyYn": "Y"
            },
            {
                "sentenceNo": 14,
                "sentenceContent": "그는 MBC ‘무한도전’ 멤버인 양세형, 하하와 함께 찍은 사진도 올렸다.",
                "subjectConsistencyYn": "Y"
            },
            {
                "sentenceNo": 15,
                "sentenceContent": "해당 사진에 얽힌 뒷이야기를 ‘무한도전’ 방송에서 들을 수 있을지 기대를 모은다.",
                "subjectConsistencyYn": "Y"
            },
            {
                "sentenceNo": 16,
                "sentenceContent": "이밖에도 마마무 멤버 문별과 블락비 멤버 박경, 나인뮤지스 멤버 금조 등이 자신의 채팅방에 등장해 팬들과 소통했다.",
                "subjectConsistencyYn": "Y"
            },
            {
                "sentenceNo": 17,
                "sentenceContent": "이에 따라, '고독한 오픈채팅방' 인기를 실감하고 있는 카카오톡은 1:1채팅과 오픈 채팅방에서 사진 보내기와 선물하기 등 다양한 서비스로 많은 사람들의 눈길을 끌고 있다. ",
                "subjectConsistencyYn": "N"
            },
            {
                "sentenceNo": 18,
                "sentenceContent": "카카오톡은 모바일 스토어에서 다운이 가능하며 온라인에서도 무료로 간편한 사용이 가능하다. ",
                "subjectConsistencyYn": "N"
            }
        ],
        "clickbaitClass": 0
    }
}