{
    "sourceDataInfo": {
        "newsID": "ET_M03_627294",
        "newsCategory": "연예",
        "newsSubcategory": "연예가화제",
        "newsTitle": "\\\"한국 가야 하는데…\\\" 해외서 강도당한 이특",
        "newsSubTitle": "",
        "newsContent": "슈퍼주니어 이특이 외국에서 강도를 당했다.\n이특은 25일 자신의 인스타그램에 \\\"한국 가야 하는데\\\"라며 한장의 사진을 게재했다.\n공개된 사진에는 자동차 뒷좌석의 유리가 심하게 파손된 모습이 담겨 있다.\n이특은 \\\"스태프들의 전화기도 여권도 모두 분실이 됐다\\\"며 \\\"한국에 있는 '배달왔습니다' 프로그램 제작진에 이렇게 SNS로 연락드린다. 바로 녹화 어려울지 몰라서 연락드린다\\\"고 적었다.\n그러면서 이특은 \\\"여권 모두 강도. 빨리 돌아가겠습니다\\\"라고 덧붙였다.\n이특은 최근 촬영을 위해 스위스로 떠났다.",
        "partNum": "P2",
        "useType": 0,
        "processType": "D",
        "processPattern": "23",
        "processLevel": "중",
        "sentenceCount": 6,
        "processSentencenum": 4,
        "sentenceInfo": [
            {
                "sentenceNo": 1,
                "sentenceContent": "슈퍼주니어 이특이 외국에서 강도를 당했다.",
                "sentenceSize": 23
            },
            {
                "sentenceNo": 2,
                "sentenceContent": "이특은 25일 자신의 인스타그램에 \\\"한국 가야 하는데\\\"라며 한장의 사진을 게재했다.",
                "sentenceSize": 48
            },
            {
                "sentenceNo": 3,
                "sentenceContent": "공개된 사진에는 자동차 뒷좌석의 유리가 심하게 파손된 모습이 담겨 있다.",
                "sentenceSize": 40
            },
            {
                "sentenceNo": 4,
                "sentenceContent": "이특은 \\\"스태프들의 전화기도 여권도 모두 분실이 됐다\\\"며 \\\"한국에 있는 '배달왔습니다' 프로그램 제작진에 이렇게 SNS로 연락드린다. 바로 녹화 어려울지 몰라서 연락드린다\\\"고 적었다.",
                "sentenceSize": 106
            },
            {
                "sentenceNo": 5,
                "sentenceContent": "그러면서 이특은 \\\"여권 모두 강도. 빨리 돌아가겠습니다\\\"라고 덧붙였다.",
                "sentenceSize": 41
            },
            {
                "sentenceNo": 6,
                "sentenceContent": "이특은 최근 촬영을 위해 스위스로 떠났다.",
                "sentenceSize": 23
            }
        ]
    },
    "labeledDataInfo": {
        "processSentenceInfo": [
            {
                "sentenceNo": 1,
                "sentenceContent": "슈퍼주니어 이특이 외국에서 강도를 당했다.",
                "subjectConsistencyYn": "Y"
            },
            {
                "sentenceNo": 2,
                "sentenceContent": "이특은 25일 자신의 인스타그램에 \\\"한국 가야 하는데\\\"라며 한장의 사진을 게재했다.",
                "subjectConsistencyYn": "Y"
            },
            {
                "sentenceNo": 3,
                "sentenceContent": "공개된 사진에는 자동차 뒷좌석의 유리가 심하게 파손된 모습이 담겨 있다.",
                "subjectConsistencyYn": "Y"
            },
            {
                "sentenceNo": 4,
                "sentenceContent": "이특은 \\\"스태프들의 전화기도 여권도 모두 분실이 됐다\\\"며 \\\"한국에 있는 '배달왔습니다' 프로그램 제작진에 이렇게 SNS로 연락드린다. 바로 녹화 어려울지 몰라서 연락드린다\\\"고 적었다.",
                "subjectConsistencyYn": "Y"
            },
            {
                "sentenceNo": 5,
                "sentenceContent": "그러면서 이특은 \\\"여권 모두 강도. 빨리 돌아가겠습니다\\\"라고 덧붙였다.",
                "subjectConsistencyYn": "Y"
            },
            {
                "sentenceNo": 6,
                "sentenceContent": "이특은 최근 촬영을 위해 스위스로 떠났다.",
                "subjectConsistencyYn": "Y"
            },
            {
                "sentenceNo": 7,
                "sentenceContent": "슈퍼주니어 이특이 외국에서 강도를 당한 것이 화제가 되면서, 슈퍼주니어 이특이 출연한 '버디보이즈 다시 보기' 서비스도 함께 인기이다.",
                "subjectConsistencyYn": "N"
            },
            {
                "sentenceNo": 8,
                "sentenceContent": "이는 슈퍼주니어 이특이 출연한 TV 프로그램 '버디보이즈'를 왓챠 앱에서 다시 볼 수 있는 서비스다.",
                "subjectConsistencyYn": "N"
            },
            {
                "sentenceNo": 9,
                "sentenceContent": "자기가 보고 싶을 때 시청이 가능하며 월 3,900원의 비용으로 다른 TV 프로그램도 시청 가능하다.",
                "subjectConsistencyYn": "N"
            },
            {
                "sentenceNo": 10,
                "sentenceContent": "'버디보이즈'만 다시 시청하고 싶다면 500원에 대여할 수 있으며, 서비스 이용은 왓챠 공식 앱에서 할 수 있다.",
                "subjectConsistencyYn": "N"
            }
        ],
        "clickbaitClass": 0
    }
}