{
    "sourceDataInfo": {
        "newsID": "ET_M03_627618",
        "newsCategory": "연예",
        "newsSubcategory": "연예가화제",
        "newsTitle": "에일리, '너나 잘 해’로 컴백…30일 첫 정규앨범과 함께 선보여",
        "newsSubTitle": "",
        "newsContent": "에일리 너나 잘해 에일리는 30일 정오 주요 음원사이트를 통해 정규앨범 ‘비비드’를 공개했다.\n에일리가 정규앨범을 발표하는 건 데뷔한 지 3년 7개월 만에 처음이다.\n에일리는 새 앨범 ‘비비드’의 타이틀곡 ‘너나 잘해’에서 처음과 달라진 연인을 향해 떠나기 전에 잘하라는 직접적인 메시지를 담아냈다.\n타이틀곡 ‘너나 잘해’를 비롯해 총 10곡이 수록된 ‘비비드’는 록발라드, 발라드, 레트로 소울, 팝, 리듬앤블루스(R&B) 등 다양한 장르의 음악이 담겼다.\n지난 미니앨범을 통해 싱어송라이터로서의 자질을 드러낸 에일리는 이번 앨범에서도 작곡, 작사에 참여하며 자신의 색깔을 드러냈다.\n에일리는 다음 달 1일 Mnet ‘엠카운트다운’에서 컴백 무대를 선보이며 본격적인 앨범 활동을 시작한다.\n그동안 특유의 '센'이미지에 파워풀한 가창력을 더한 노래로 인기몰이를 한 에일리가 이번에도 음원차트 석권에 성공할지 이목이 집중되고 있다.\n에일리 너나 잘해 온라인 중앙일보 에일리 너나 잘해 [사진 일간스포츠]",
        "partNum": "P2",
        "useType": 0,
        "processType": "D",
        "processPattern": "23",
        "processLevel": "중",
        "sentenceCount": 8,
        "processSentencenum": 2,
        "sentenceInfo": [
            {
                "sentenceNo": 1,
                "sentenceContent": "에일리 너나 잘해 에일리는 30일 정오 주요 음원사이트를 통해 정규앨범 ‘비비드’를 공개했다.",
                "sentenceSize": 52
            },
            {
                "sentenceNo": 2,
                "sentenceContent": "에일리가 정규앨범을 발표하는 건 데뷔한 지 3년 7개월 만에 처음이다.",
                "sentenceSize": 39
            },
            {
                "sentenceNo": 3,
                "sentenceContent": "에일리는 새 앨범 ‘비비드’의 타이틀곡 ‘너나 잘해’에서 처음과 달라진 연인을 향해 떠나기 전에 잘하라는 직접적인 메시지를 담아냈다.",
                "sentenceSize": 74
            },
            {
                "sentenceNo": 4,
                "sentenceContent": "타이틀곡 ‘너나 잘해’를 비롯해 총 10곡이 수록된 ‘비비드’는 록발라드, 발라드, 레트로 소울, 팝, 리듬앤블루스(R&B) 등 다양한 장르의 음악이 담겼다.",
                "sentenceSize": 88
            },
            {
                "sentenceNo": 5,
                "sentenceContent": "지난 미니앨범을 통해 싱어송라이터로서의 자질을 드러낸 에일리는 이번 앨범에서도 작곡, 작사에 참여하며 자신의 색깔을 드러냈다.",
                "sentenceSize": 70
            },
            {
                "sentenceNo": 6,
                "sentenceContent": "에일리는 다음 달 1일 Mnet ‘엠카운트다운’에서 컴백 무대를 선보이며 본격적인 앨범 활동을 시작한다.",
                "sentenceSize": 58
            },
            {
                "sentenceNo": 7,
                "sentenceContent": "그동안 특유의 '센'이미지에 파워풀한 가창력을 더한 노래로 인기몰이를 한 에일리가 이번에도 음원차트 석권에 성공할지 이목이 집중되고 있다.",
                "sentenceSize": 77
            },
            {
                "sentenceNo": 8,
                "sentenceContent": "에일리 너나 잘해 온라인 중앙일보 에일리 너나 잘해 [사진 일간스포츠]",
                "sentenceSize": 39
            }
        ]
    },
    "labeledDataInfo": {
        "processSentenceInfo": [
            {
                "sentenceNo": 1,
                "sentenceContent": "에일리 너나 잘해 에일리는 30일 정오 주요 음원사이트를 통해 정규앨범 ‘비비드’를 공개했다.",
                "subjectConsistencyYn": "Y"
            },
            {
                "sentenceNo": 2,
                "sentenceContent": "에일리가 정규앨범을 발표하는 건 데뷔한 지 3년 7개월 만에 처음이다.",
                "subjectConsistencyYn": "Y"
            },
            {
                "sentenceNo": 3,
                "sentenceContent": "에일리는 새 앨범 ‘비비드’의 타이틀곡 ‘너나 잘해’에서 처음과 달라진 연인을 향해 떠나기 전에 잘하라는 직접적인 메시지를 담아냈다.",
                "subjectConsistencyYn": "Y"
            },
            {
                "sentenceNo": 4,
                "sentenceContent": "타이틀곡 ‘너나 잘해’를 비롯해 총 10곡이 수록된 ‘비비드’는 록발라드, 발라드, 레트로 소울, 팝, 리듬앤블루스(R&B) 등 다양한 장르의 음악이 담겼다.",
                "subjectConsistencyYn": "Y"
            },
            {
                "sentenceNo": 5,
                "sentenceContent": "지난 미니앨범을 통해 싱어송라이터로서의 자질을 드러낸 에일리는 이번 앨범에서도 작곡, 작사에 참여하며 자신의 색깔을 드러냈다.",
                "subjectConsistencyYn": "Y"
            },
            {
                "sentenceNo": 6,
                "sentenceContent": "에일리는 다음 달 1일 Mnet ‘엠카운트다운’에서 컴백 무대를 선보이며 본격적인 앨범 활동을 시작한다.",
                "subjectConsistencyYn": "Y"
            },
            {
                "sentenceNo": 7,
                "sentenceContent": "그동안 특유의 '센'이미지에 파워풀한 가창력을 더한 노래로 인기몰이를 한 에일리가 이번에도 음원차트 석권에 성공할지 이목이 집중되고 있다.",
                "subjectConsistencyYn": "Y"
            },
            {
                "sentenceNo": 8,
                "sentenceContent": "에일리 너나 잘해 온라인 중앙일보 에일리 너나 잘해 [사진 일간스포츠]",
                "subjectConsistencyYn": "Y"
            },
            {
                "sentenceNo": 9,
                "sentenceContent": "에일리의 정규앨범은 최근 국내에 정식으로 서비스 시작을 발표했던 세계 최대 음원 서비스 '스포티파이'에도 공개되었다. ",
                "subjectConsistencyYn": "N"
            },
            {
                "sentenceNo": 10,
                "sentenceContent": "'스포티파이'는 월 1만 900원(부가세 별도)을 내는 기본 요금제와 둘이서 같이 듣는 월 1만 6,350원의 프리미엄 듀오 요금제로 구성되었으며, 오프라인에서도 음원 재생을 지원한다. ",
                "subjectConsistencyYn": "N"
            }
        ],
        "clickbaitClass": 0
    }
}