{
    "sourceDataInfo": {
        "newsID": "ET_M03_627860",
        "newsCategory": "연예",
        "newsSubcategory": "연예가화제",
        "newsTitle": "'삼시세끼' 옥택연·박신혜…이서진-김광규, 조증 증세 '빙구' 놀려 왜",
        "newsSubTitle": "",
        "newsContent": "'삼시세끼' 옥택연·박신혜 \\\"신혜가 택연에 은근 스킨십 시도\\\" 둘이 무슨 사이? 역시 박신혜 효과가 컸다.\ntvN ‘삼시세끼 정선편’이 16주 연속 동시간대 시청률 1위를 기록해 눈길을 끌고 있다.\n지난 28일 방송된 ‘삼시세끼 정선편’ 제16회가 케이블, 위성, IPTV 통합가구 시청률 기준 평균 11.4%, 최고 13.1%로 16주 연속 케이블과 종편을 통틀어 동시간대 시청률 1위를 차지했다.\n이날 방송에선 이번 ‘삼시세끼 정선편’의 수미상관 게스트인 배우 박신혜가 다시 옥순봉을 찾아 더욱 뜻깊은 추억을 만들었다.\n지난 방문과 달리 빈손으로 세끼 하우스를 방문한 박신혜는 “이번엔 얻어먹고 가겠다”는 의지 표명에도 불구하고 메뉴 선정부터 재료 손질과 요리 등 터지는 일복에 그야말로 ‘옥순봉 일바라기’가 돼버려 큰 웃음을 선사했다.\n특히, 어제 방송에서는 풋풋한 느낌이 충만했던 박신혜와 옥택연의 청춘 케미가 보는 이들을 절로 미소 짓게 했다.\n오락가락하는 빗속에서 펼쳐진 옥수수 수확부터 신혜 드라이버를 대동한 읍내 장보기, 대본 연습 등 함께하는 순간마다 알콩달콩한 호흡으로 행복한 기운을 유감없이 전달한 것. 무엇보다 신혜만 보면 조증 증세와 함께 ‘빙구’로 변신하는 옥택연을 놀리며 노부부 느낌 물씬 풍긴 이서진-김광규의 농익은 케미가 청춘들과 대비를 이루며 더욱 큰 재미 포인트가 됐다.\n이에 더해 방송 말미에 공개된 다음 주 예고에선 세찬 비가 내리는 궂은 날씨 속에서 이어진 고된 노동 때문에 점차 이상 행동을 보인 세 남자와 박신혜의 좌충우돌 옥순봉 스토리가 살짝 공개되며 시청자들의 눈을 사로잡았다.",
        "partNum": "P2",
        "useType": 0,
        "processType": "D",
        "processPattern": "23",
        "processLevel": "중",
        "sentenceCount": 8,
        "processSentencenum": 4,
        "sentenceInfo": [
            {
                "sentenceNo": 1,
                "sentenceContent": "'삼시세끼' 옥택연·박신혜 \\\"신혜가 택연에 은근 스킨십 시도\\\" 둘이 무슨 사이? 역시 박신혜 효과가 컸다.",
                "sentenceSize": 61
            },
            {
                "sentenceNo": 2,
                "sentenceContent": "tvN ‘삼시세끼 정선편’이 16주 연속 동시간대 시청률 1위를 기록해 눈길을 끌고 있다.",
                "sentenceSize": 50
            },
            {
                "sentenceNo": 3,
                "sentenceContent": "지난 28일 방송된 ‘삼시세끼 정선편’ 제16회가 케이블, 위성, IPTV 통합가구 시청률 기준 평균 11.4%, 최고 13.1%로 16주 연속 케이블과 종편을 통틀어 동시간대 시청률 1위를 차지했다.",
                "sentenceSize": 112
            },
            {
                "sentenceNo": 4,
                "sentenceContent": "이날 방송에선 이번 ‘삼시세끼 정선편’의 수미상관 게스트인 배우 박신혜가 다시 옥순봉을 찾아 더욱 뜻깊은 추억을 만들었다.",
                "sentenceSize": 68
            },
            {
                "sentenceNo": 5,
                "sentenceContent": "지난 방문과 달리 빈손으로 세끼 하우스를 방문한 박신혜는 “이번엔 얻어먹고 가겠다”는 의지 표명에도 불구하고 메뉴 선정부터 재료 손질과 요리 등 터지는 일복에 그야말로 ‘옥순봉 일바라기’가 돼버려 큰 웃음을 선사했다.",
                "sentenceSize": 121
            },
            {
                "sentenceNo": 6,
                "sentenceContent": "특히, 어제 방송에서는 풋풋한 느낌이 충만했던 박신혜와 옥택연의 청춘 케미가 보는 이들을 절로 미소 짓게 했다.",
                "sentenceSize": 62
            },
            {
                "sentenceNo": 7,
                "sentenceContent": "오락가락하는 빗속에서 펼쳐진 옥수수 수확부터 신혜 드라이버를 대동한 읍내 장보기, 대본 연습 등 함께하는 순간마다 알콩달콩한 호흡으로 행복한 기운을 유감없이 전달한 것. 무엇보다 신혜만 보면 조증 증세와 함께 ‘빙구’로 변신하는 옥택연을 놀리며 노부부 느낌 물씬 풍긴 이서진-김광규의 농익은 케미가 청춘들과 대비를 이루며 더욱 큰 재미 포인트가 됐다.",
                "sentenceSize": 196
            },
            {
                "sentenceNo": 8,
                "sentenceContent": "이에 더해 방송 말미에 공개된 다음 주 예고에선 세찬 비가 내리는 궂은 날씨 속에서 이어진 고된 노동 때문에 점차 이상 행동을 보인 세 남자와 박신혜의 좌충우돌 옥순봉 스토리가 살짝 공개되며 시청자들의 눈을 사로잡았다.",
                "sentenceSize": 122
            }
        ]
    },
    "labeledDataInfo": {
        "processSentenceInfo": [
            {
                "sentenceNo": 1,
                "sentenceContent": "'삼시세끼' 옥택연·박신혜 \\\"신혜가 택연에 은근 스킨십 시도\\\" 둘이 무슨 사이? 역시 박신혜 효과가 컸다.",
                "subjectConsistencyYn": "Y"
            },
            {
                "sentenceNo": 2,
                "sentenceContent": "tvN ‘삼시세끼 정선편’이 16주 연속 동시간대 시청률 1위를 기록해 눈길을 끌고 있다.",
                "subjectConsistencyYn": "Y"
            },
            {
                "sentenceNo": 3,
                "sentenceContent": "지난 28일 방송된 ‘삼시세끼 정선편’ 제16회가 케이블, 위성, IPTV 통합가구 시청률 기준 평균 11.4%, 최고 13.1%로 16주 연속 케이블과 종편을 통틀어 동시간대 시청률 1위를 차지했다.",
                "subjectConsistencyYn": "Y"
            },
            {
                "sentenceNo": 4,
                "sentenceContent": "이날 방송에선 이번 ‘삼시세끼 정선편’의 수미상관 게스트인 배우 박신혜가 다시 옥순봉을 찾아 더욱 뜻깊은 추억을 만들었다.",
                "subjectConsistencyYn": "Y"
            },
            {
                "sentenceNo": 5,
                "sentenceContent": "지난 방문과 달리 빈손으로 세끼 하우스를 방문한 박신혜는 “이번엔 얻어먹고 가겠다”는 의지 표명에도 불구하고 메뉴 선정부터 재료 손질과 요리 등 터지는 일복에 그야말로 ‘옥순봉 일바라기’가 돼버려 큰 웃음을 선사했다.",
                "subjectConsistencyYn": "Y"
            },
            {
                "sentenceNo": 6,
                "sentenceContent": "특히, 어제 방송에서는 풋풋한 느낌이 충만했던 박신혜와 옥택연의 청춘 케미가 보는 이들을 절로 미소 짓게 했다.",
                "subjectConsistencyYn": "Y"
            },
            {
                "sentenceNo": 7,
                "sentenceContent": "오락가락하는 빗속에서 펼쳐진 옥수수 수확부터 신혜 드라이버를 대동한 읍내 장보기, 대본 연습 등 함께하는 순간마다 알콩달콩한 호흡으로 행복한 기운을 유감없이 전달한 것. 무엇보다 신혜만 보면 조증 증세와 함께 ‘빙구’로 변신하는 옥택연을 놀리며 노부부 느낌 물씬 풍긴 이서진-김광규의 농익은 케미가 청춘들과 대비를 이루며 더욱 큰 재미 포인트가 됐다.",
                "subjectConsistencyYn": "Y"
            },
            {
                "sentenceNo": 8,
                "sentenceContent": "이에 더해 방송 말미에 공개된 다음 주 예고에선 세찬 비가 내리는 궂은 날씨 속에서 이어진 고된 노동 때문에 점차 이상 행동을 보인 세 남자와 박신혜의 좌충우돌 옥순봉 스토리가 살짝 공개되며 시청자들의 눈을 사로잡았다.",
                "subjectConsistencyYn": "Y"
            },
            {
                "sentenceNo": 9,
                "sentenceContent": "tvN ‘삼시세끼 정선편’에 박신혜가 출연하며 동 시간대 시청률 1위를 기록한 가운데, tvN이 온라인 사이트 `삼시세끼 레시피`를 개설했다.",
                "subjectConsistencyYn": "N"
            },
            {
                "sentenceNo": 10,
                "sentenceContent": "그간 삼시세끼 시리즈에서 출연자들이 만든 식사 레시피를 모아 업로드하는 사이트다.",
                "subjectConsistencyYn": "N"
            },
            {
                "sentenceNo": 11,
                "sentenceContent": "출연진들의 레시피 외에도 시청자들이 본인만의 레시피 또는 본인만의 요리 꿀팁을 공유할 수도 있다.",
                "subjectConsistencyYn": "N"
            },
            {
                "sentenceNo": 12,
                "sentenceContent": "삼시세끼 제작진은 \"시청자들이 올려주는 레시피는 다음 시즌 제작 시 참고하겠다\"라고 전했다.",
                "subjectConsistencyYn": "N"
            }
        ],
        "clickbaitClass": 0
    }
}