{
    "sourceDataInfo": {
        "newsID": "ET_M03_627563",
        "newsCategory": "연예",
        "newsSubcategory": "연예가화제",
        "newsTitle": "마리텔 초아, 연애 시뮬레이션 게임 도중 버럭 “그래 나 다리 짧다!”",
        "newsSubTitle": "",
        "newsContent": "마리텔 초아, 연애 시뮬레이션 게임 도중 버럭 “그래 나 다리 짧다!” '마이 리틀 텔레비전'에 출연 중인 걸그룹 AOA의 초아가 연애 시뮬레이션 게임 콘셉트로 방송을 진행했다.\n초아는 지난 10일 방송된 MBC 예능프로그램 '마이 리틀 텔레비전'에 출연해 MLT-12로 김구라, 오세득, 황재근, 차홍과 시청률 대결을 벌였다.\n이날 초아는 모르모트 PD와 연애 시물레이션 게임을 콘셉트로 방송을 진행했다.\n모르모트 PD는 데이트를 하다 말고 날씬한 각선미의 여성에게 눈길을 돌렸다.\n이를 본 초아는 모르모트 PD에게 질투를 드러냈다.\n당황한 모르모트 PD는 \\\"초아야. 다리가 짧으면 오래 산대\\\"라고 말을 돌렸지만, 초아는 \\\"그래, 오빠. 나 다리 짧다. 벽에 똥칠할 때까지 살거다\\\"라고 버럭해 귀여운 모습을 보였다.",
        "partNum": "P2",
        "useType": 0,
        "processType": "D",
        "processPattern": "23",
        "processLevel": "중",
        "sentenceCount": 6,
        "processSentencenum": 2,
        "sentenceInfo": [
            {
                "sentenceNo": 1,
                "sentenceContent": "마리텔 초아, 연애 시뮬레이션 게임 도중 버럭 “그래 나 다리 짧다!” '마이 리틀 텔레비전'에 출연 중인 걸그룹 AOA의 초아가 연애 시뮬레이션 게임 콘셉트로 방송을 진행했다.",
                "sentenceSize": 99
            },
            {
                "sentenceNo": 2,
                "sentenceContent": "초아는 지난 10일 방송된 MBC 예능프로그램 '마이 리틀 텔레비전'에 출연해 MLT-12로 김구라, 오세득, 황재근, 차홍과 시청률 대결을 벌였다.",
                "sentenceSize": 83
            },
            {
                "sentenceNo": 3,
                "sentenceContent": "이날 초아는 모르모트 PD와 연애 시물레이션 게임을 콘셉트로 방송을 진행했다.",
                "sentenceSize": 43
            },
            {
                "sentenceNo": 4,
                "sentenceContent": "모르모트 PD는 데이트를 하다 말고 날씬한 각선미의 여성에게 눈길을 돌렸다.",
                "sentenceSize": 42
            },
            {
                "sentenceNo": 5,
                "sentenceContent": "이를 본 초아는 모르모트 PD에게 질투를 드러냈다.",
                "sentenceSize": 28
            },
            {
                "sentenceNo": 6,
                "sentenceContent": "당황한 모르모트 PD는 \\\"초아야. 다리가 짧으면 오래 산대\\\"라고 말을 돌렸지만, 초아는 \\\"그래, 오빠. 나 다리 짧다. 벽에 똥칠할 때까지 살거다\\\"라고 버럭해 귀여운 모습을 보였다.",
                "sentenceSize": 105
            }
        ]
    },
    "labeledDataInfo": {
        "processSentenceInfo": [
            {
                "sentenceNo": 1,
                "sentenceContent": "마리텔 초아, 연애 시뮬레이션 게임 도중 버럭 “그래 나 다리 짧다!” '마이 리틀 텔레비전'에 출연 중인 걸그룹 AOA의 초아가 연애 시뮬레이션 게임 콘셉트로 방송을 진행했다.",
                "subjectConsistencyYn": "Y"
            },
            {
                "sentenceNo": 2,
                "sentenceContent": "초아는 지난 10일 방송된 MBC 예능프로그램 '마이 리틀 텔레비전'에 출연해 MLT-12로 김구라, 오세득, 황재근, 차홍과 시청률 대결을 벌였다.",
                "subjectConsistencyYn": "Y"
            },
            {
                "sentenceNo": 3,
                "sentenceContent": "이날 초아는 모르모트 PD와 연애 시물레이션 게임을 콘셉트로 방송을 진행했다.",
                "subjectConsistencyYn": "Y"
            },
            {
                "sentenceNo": 4,
                "sentenceContent": "모르모트 PD는 데이트를 하다 말고 날씬한 각선미의 여성에게 눈길을 돌렸다.",
                "subjectConsistencyYn": "Y"
            },
            {
                "sentenceNo": 5,
                "sentenceContent": "이를 본 초아는 모르모트 PD에게 질투를 드러냈다.",
                "subjectConsistencyYn": "Y"
            },
            {
                "sentenceNo": 6,
                "sentenceContent": "당황한 모르모트 PD는 \\\"초아야. 다리가 짧으면 오래 산대\\\"라고 말을 돌렸지만, 초아는 \\\"그래, 오빠. 나 다리 짧다. 벽에 똥칠할 때까지 살거다\\\"라고 버럭해 귀여운 모습을 보였다.",
                "subjectConsistencyYn": "Y"
            },
            {
                "sentenceNo": 7,
                "sentenceContent": "한편, 예능에서의 매력을 뽐내는 동시에 5년 만의 첫 솔로 앨범을 내면서 초아의 인기는 날로 급상승 중이다.",
                "subjectConsistencyYn": "N"
            },
            {
                "sentenceNo": 8,
                "sentenceContent": "총 10곡이 수록된 이번 앨범은 초아가 연예계 생활동안 겪었던 고충과 가족에 대한 사랑 등 개인적인 이야기를 자작곡을 통해 팬들에게 솔직한 초아의 모습을 전해준다. ",
                "subjectConsistencyYn": "N"
            }
        ],
        "clickbaitClass": 0
    }
}