{
    "sourceDataInfo": {
        "newsID": "ET_M03_627801",
        "newsCategory": "연예",
        "newsSubcategory": "연예가화제",
        "newsTitle": "‘나혼자산다’ 도끼의 \\\"몇십 억\\\" 재산 보고 육중완 \\\"내 아이 힙합시켜야…\\\"",
        "newsSubTitle": "",
        "newsContent": "‘나혼자산다’ 도끼의 \\\"몇십 억\\\" 재산 보고 육중완 \\\"내 아이 힙합시켜야…\\\" 래퍼 도끼가 '나 혼자 산다'에서 엄청난 재력을 과시했다.\n4일 MBC 예능프로그램 '나 혼자 산다'에서는 도끼의 싱글 라이프가 그려졌다.\n이날 방송에서 도끼의 집이 공개되었다.\n도끼의 집에는 당구대와 음료수 전용 냉장고가 비치돼 있었고, 장식장 안에는 금으로 된 액세서리 진열돼 있어 놀라움을 자아냈다.\n특히 도끼는 남자들의 로망인 고가의 외제차를 한 대도 아닌 여러 대를 보유하고 있어 눈길을 끌었다.\n이날 육중완은 도끼에게 \\\"단도직입적으로 물어보겠다. 재산이 어느 정도냐?\\\"라고 물었다.\n이에 도끼는 \\\"한 몇십 억 되려나?\\\"라고 대답했고, 이를 들은 멤버들은 놀라워 하며 자리에서 일어났다.",
        "partNum": "P2",
        "useType": 0,
        "processType": "D",
        "processPattern": "23",
        "processLevel": "중",
        "sentenceCount": 7,
        "processSentencenum": 3,
        "sentenceInfo": [
            {
                "sentenceNo": 1,
                "sentenceContent": "‘나혼자산다’ 도끼의 \\\"몇십 억\\\" 재산 보고 육중완 \\\"내 아이 힙합시켜야…\\\" 래퍼 도끼가 '나 혼자 산다'에서 엄청난 재력을 과시했다.",
                "sentenceSize": 79
            },
            {
                "sentenceNo": 2,
                "sentenceContent": "4일 MBC 예능프로그램 '나 혼자 산다'에서는 도끼의 싱글 라이프가 그려졌다.",
                "sentenceSize": 44
            },
            {
                "sentenceNo": 3,
                "sentenceContent": "이날 방송에서 도끼의 집이 공개되었다.",
                "sentenceSize": 21
            },
            {
                "sentenceNo": 4,
                "sentenceContent": "도끼의 집에는 당구대와 음료수 전용 냉장고가 비치돼 있었고, 장식장 안에는 금으로 된 액세서리 진열돼 있어 놀라움을 자아냈다.",
                "sentenceSize": 70
            },
            {
                "sentenceNo": 5,
                "sentenceContent": "특히 도끼는 남자들의 로망인 고가의 외제차를 한 대도 아닌 여러 대를 보유하고 있어 눈길을 끌었다.",
                "sentenceSize": 55
            },
            {
                "sentenceNo": 6,
                "sentenceContent": "이날 육중완은 도끼에게 \\\"단도직입적으로 물어보겠다. 재산이 어느 정도냐?\\\"라고 물었다.",
                "sentenceSize": 50
            },
            {
                "sentenceNo": 7,
                "sentenceContent": "이에 도끼는 \\\"한 몇십 억 되려나?\\\"라고 대답했고, 이를 들은 멤버들은 놀라워 하며 자리에서 일어났다.",
                "sentenceSize": 59
            }
        ]
    },
    "labeledDataInfo": {
        "processSentenceInfo": [
            {
                "sentenceNo": 1,
                "sentenceContent": "‘나혼자산다’ 도끼의 \\\"몇십 억\\\" 재산 보고 육중완 \\\"내 아이 힙합시켜야…\\\" 래퍼 도끼가 '나 혼자 산다'에서 엄청난 재력을 과시했다.",
                "subjectConsistencyYn": "Y"
            },
            {
                "sentenceNo": 2,
                "sentenceContent": "4일 MBC 예능프로그램 '나 혼자 산다'에서는 도끼의 싱글 라이프가 그려졌다.",
                "subjectConsistencyYn": "Y"
            },
            {
                "sentenceNo": 3,
                "sentenceContent": "이날 방송에서 도끼의 집이 공개되었다.",
                "subjectConsistencyYn": "Y"
            },
            {
                "sentenceNo": 4,
                "sentenceContent": "도끼의 집에는 당구대와 음료수 전용 냉장고가 비치돼 있었고, 장식장 안에는 금으로 된 액세서리 진열돼 있어 놀라움을 자아냈다.",
                "subjectConsistencyYn": "Y"
            },
            {
                "sentenceNo": 5,
                "sentenceContent": "특히 도끼는 남자들의 로망인 고가의 외제차를 한 대도 아닌 여러 대를 보유하고 있어 눈길을 끌었다.",
                "subjectConsistencyYn": "Y"
            },
            {
                "sentenceNo": 6,
                "sentenceContent": "이날 육중완은 도끼에게 \\\"단도직입적으로 물어보겠다. 재산이 어느 정도냐?\\\"라고 물었다.",
                "subjectConsistencyYn": "Y"
            },
            {
                "sentenceNo": 7,
                "sentenceContent": "이에 도끼는 \\\"한 몇십 억 되려나?\\\"라고 대답했고, 이를 들은 멤버들은 놀라워 하며 자리에서 일어났다.",
                "subjectConsistencyYn": "Y"
            },
            {
                "sentenceNo": 8,
                "sentenceContent": "최연소 래퍼로 성공해 몇십억의 자산을 가진 프로듀서 도끼가 '쇼미더머니6'에 프로듀서로 출연하면서, 역대급 시즌이 될 것으로 기대를 모으고 있다.",
                "subjectConsistencyYn": "N"
            },
            {
                "sentenceNo": 9,
                "sentenceContent": "'쇼미더머니6'는 이번 시즌에서 더 다양한 스타일을 가진 래퍼들의 출연을 예고했으며, 랩뿐 아니라 힙합 문화의 전반적인 모습을 보여주기 위해 새로운 미션을 추가했다.",
                "subjectConsistencyYn": "N"
            },
            {
                "sentenceNo": 10,
                "sentenceContent": "오는 30일 밤 11시 첫 방송 예정인 '쇼미더머니6'에서 프로듀서X참가자들의 활약을 확인할 수 있다.",
                "subjectConsistencyYn": "N"
            }
        ],
        "clickbaitClass": 0
    }
}