{
    "sourceDataInfo": {
        "newsID": "ET_M03_627406",
        "newsCategory": "연예",
        "newsSubcategory": "영화",
        "newsTitle": "제니퍼 로렌스X크리스 프랫 주연작 '패신저스' 스틸컷 첫 공개",
        "newsSubTitle": "",
        "newsContent": "제니퍼 로렌스와 크리스 프랫의 주연작 '패신저스'가 스틸 이미지를 공개했다.\n14일(현지기준) '패신저스'는 스틸 이미지를 처음 선보이며 영화에 대한 기대감을 높였다.\n제니퍼 로렌스와 크리스 프랫이 서로 마주보며 심각한 표정을 짓고 있는 모습이다.\n영화의 배경과 의상 등도 함께 확인할 수 있다. '패신저스'는 수천명이 잠든 채 우주식민지로 이동하던 중 실수로 깨어난 남자가 홀로 90년을 버티는 대신 누군가를 깨우는 내용을 그린다.\n모튼 틸덤 감독이 메가폰을 잡았다.\n오는 12월 개봉 예정이다.",
        "partNum": "P2",
        "useType": 0,
        "processType": "D",
        "processPattern": "23",
        "processLevel": "중",
        "sentenceCount": 6,
        "processSentencenum": 3,
        "sentenceInfo": [
            {
                "sentenceNo": 1,
                "sentenceContent": "제니퍼 로렌스와 크리스 프랫의 주연작 '패신저스'가 스틸 이미지를 공개했다.",
                "sentenceSize": 42
            },
            {
                "sentenceNo": 2,
                "sentenceContent": "14일(현지기준) '패신저스'는 스틸 이미지를 처음 선보이며 영화에 대한 기대감을 높였다.",
                "sentenceSize": 50
            },
            {
                "sentenceNo": 3,
                "sentenceContent": "제니퍼 로렌스와 크리스 프랫이 서로 마주보며 심각한 표정을 짓고 있는 모습이다.",
                "sentenceSize": 44
            },
            {
                "sentenceNo": 4,
                "sentenceContent": "영화의 배경과 의상 등도 함께 확인할 수 있다. '패신저스'는 수천명이 잠든 채 우주식민지로 이동하던 중 실수로 깨어난 남자가 홀로 90년을 버티는 대신 누군가를 깨우는 내용을 그린다.",
                "sentenceSize": 103
            },
            {
                "sentenceNo": 5,
                "sentenceContent": "모튼 틸덤 감독이 메가폰을 잡았다.",
                "sentenceSize": 19
            },
            {
                "sentenceNo": 6,
                "sentenceContent": "오는 12월 개봉 예정이다.",
                "sentenceSize": 15
            }
        ]
    },
    "labeledDataInfo": {
        "processSentenceInfo": [
            {
                "sentenceNo": 1,
                "sentenceContent": "제니퍼 로렌스와 크리스 프랫의 주연작 '패신저스'가 스틸 이미지를 공개했다.",
                "subjectConsistencyYn": "Y"
            },
            {
                "sentenceNo": 2,
                "sentenceContent": "14일(현지기준) '패신저스'는 스틸 이미지를 처음 선보이며 영화에 대한 기대감을 높였다.",
                "subjectConsistencyYn": "Y"
            },
            {
                "sentenceNo": 3,
                "sentenceContent": "제니퍼 로렌스와 크리스 프랫이 서로 마주보며 심각한 표정을 짓고 있는 모습이다.",
                "subjectConsistencyYn": "Y"
            },
            {
                "sentenceNo": 4,
                "sentenceContent": "영화의 배경과 의상 등도 함께 확인할 수 있다. '패신저스'는 수천명이 잠든 채 우주식민지로 이동하던 중 실수로 깨어난 남자가 홀로 90년을 버티는 대신 누군가를 깨우는 내용을 그린다.",
                "subjectConsistencyYn": "Y"
            },
            {
                "sentenceNo": 5,
                "sentenceContent": "모튼 틸덤 감독이 메가폰을 잡았다.",
                "subjectConsistencyYn": "Y"
            },
            {
                "sentenceNo": 6,
                "sentenceContent": "오는 12월 개봉 예정이다.",
                "subjectConsistencyYn": "Y"
            },
            {
                "sentenceNo": 7,
                "sentenceContent": "한편, 믿고 보는 배우 제니퍼 로렌스의 한층 깊어진 연기로 뜨거운 울림을 선사할 영화 '더 브릿지'는 11월 4일(금) Apple TV+를 통해 전 세계에 공개된다.",
                "subjectConsistencyYn": "N"
            },
            {
                "sentenceNo": 8,
                "sentenceContent": "이 작품은 '유전', '미나리' 등 웰메이드 작품을 탄생시킨 A24가 제작하고 릴레 노이게바우어 감독이 연출한 '더 브릿지'의 각본은 오테사 모쉬페그와 루크 괴벨, 그리고 엘리자베스 샌더스가 집필했다. ",
                "subjectConsistencyYn": "N"
            },
            {
                "sentenceNo": 9,
                "sentenceContent": "상처 받은 두 주인공이 차츰 연대감을 형성하며 궁극적인 희망을 쫓아 앞으로 나아가는 고요하면서도 강렬한 이야기는 릴레 노이게바우어 감독 작품의 핵심이다.",
                "subjectConsistencyYn": "N"
            }
        ],
        "clickbaitClass": 0
    }
}