{
    "sourceDataInfo": {
        "newsID": "ET_M03_627276",
        "newsCategory": "연예",
        "newsSubcategory": "연예가화제",
        "newsTitle": "설현이 직접 밝힌 자신의 신체에서 가장 매력있는 부위",
        "newsSubTitle": "",
        "newsContent": "매력 넘치는 외모로 사랑받는 설현, 그가 생각하는 자신의 매력 포인트는 뭘까.\n이런 궁금증에 설현이 직접 내놓은 답변이 재조명 되고 있다.\n지난 2016년 5월 26일 KBS 2TV 예능 프로그램 '해피투게더3'에 설현이 출연했다.\n이날 설현은 \\\"자신이 생각하는 가장 매력적인 부위\\\"를 꼽아달란 질문에 \\\"내 입으로 말하기는 부끄럽지만, 허리에서 골반으로 이어지는 라인이다\\\"라고 솔직히 답했다.\n설현이 직접 자신 있게 밝힌 의견은 팬들의 생각과 크게 다르지 않다.\n실제로 설현이 등장한 대부분의 광고도 설현의 허리와 골반을 강조하고 있다.",
        "partNum": "P2",
        "useType": 0,
        "processType": "D",
        "processPattern": "23",
        "processLevel": "중",
        "sentenceCount": 6,
        "processSentencenum": 4,
        "sentenceInfo": [
            {
                "sentenceNo": 1,
                "sentenceContent": "매력 넘치는 외모로 사랑받는 설현, 그가 생각하는 자신의 매력 포인트는 뭘까.",
                "sentenceSize": 43
            },
            {
                "sentenceNo": 2,
                "sentenceContent": "이런 궁금증에 설현이 직접 내놓은 답변이 재조명 되고 있다.",
                "sentenceSize": 33
            },
            {
                "sentenceNo": 3,
                "sentenceContent": "지난 2016년 5월 26일 KBS 2TV 예능 프로그램 '해피투게더3'에 설현이 출연했다.",
                "sentenceSize": 51
            },
            {
                "sentenceNo": 4,
                "sentenceContent": "이날 설현은 \\\"자신이 생각하는 가장 매력적인 부위\\\"를 꼽아달란 질문에 \\\"내 입으로 말하기는 부끄럽지만, 허리에서 골반으로 이어지는 라인이다\\\"라고 솔직히 답했다.",
                "sentenceSize": 93
            },
            {
                "sentenceNo": 5,
                "sentenceContent": "설현이 직접 자신 있게 밝힌 의견은 팬들의 생각과 크게 다르지 않다.",
                "sentenceSize": 38
            },
            {
                "sentenceNo": 6,
                "sentenceContent": "실제로 설현이 등장한 대부분의 광고도 설현의 허리와 골반을 강조하고 있다.",
                "sentenceSize": 41
            }
        ]
    },
    "labeledDataInfo": {
        "processSentenceInfo": [
            {
                "sentenceNo": 1,
                "sentenceContent": "매력 넘치는 외모로 사랑받는 설현, 그가 생각하는 자신의 매력 포인트는 뭘까.",
                "subjectConsistencyYn": "Y"
            },
            {
                "sentenceNo": 2,
                "sentenceContent": "이런 궁금증에 설현이 직접 내놓은 답변이 재조명 되고 있다.",
                "subjectConsistencyYn": "Y"
            },
            {
                "sentenceNo": 3,
                "sentenceContent": "지난 2016년 5월 26일 KBS 2TV 예능 프로그램 '해피투게더3'에 설현이 출연했다.",
                "subjectConsistencyYn": "Y"
            },
            {
                "sentenceNo": 4,
                "sentenceContent": "이날 설현은 \\\"자신이 생각하는 가장 매력적인 부위\\\"를 꼽아달란 질문에 \\\"내 입으로 말하기는 부끄럽지만, 허리에서 골반으로 이어지는 라인이다\\\"라고 솔직히 답했다.",
                "subjectConsistencyYn": "Y"
            },
            {
                "sentenceNo": 5,
                "sentenceContent": "설현이 직접 자신 있게 밝힌 의견은 팬들의 생각과 크게 다르지 않다.",
                "subjectConsistencyYn": "Y"
            },
            {
                "sentenceNo": 6,
                "sentenceContent": "실제로 설현이 등장한 대부분의 광고도 설현의 허리와 골반을 강조하고 있다.",
                "subjectConsistencyYn": "Y"
            },
            {
                "sentenceNo": 7,
                "sentenceContent": "설현의 몸매에 많은 사람들의 관심이 쏠린 가운데, 설현만큼 예쁜 허리와 골반을 만들 수 있도록 도움을 주는 홈트레이닝 서비스 '콰트'가 출시되었다.",
                "subjectConsistencyYn": "N"
            },
            {
                "sentenceNo": 8,
                "sentenceContent": "'콰트'는 필라테스부터 복싱 다이어트까지 다양하게 즐길 수 있는 운동프로그램 구독 서비스로 월 19,800원으로 스타 코치의 수업을 집에서 따라할 수 있는 장점이 있다.",
                "subjectConsistencyYn": "N"
            },
            {
                "sentenceNo": 9,
                "sentenceContent": "'콰트'에는 총 800여 개의 운동콘텐츠가 있고, 질릴 틈 없이 다양한 운동을 집에서 쉽게 따라할 수 있어 많은 여성들이 해당 서비스에 대한 관심이 높아지고 있다.",
                "subjectConsistencyYn": "N"
            },
            {
                "sentenceNo": 10,
                "sentenceContent": "'콰트'는 현재 7일 무료 이벤트를 진행하고 있어 더욱 부담 없이 운동을 시작할 수 있으며 신규 가입 회원들을 위한 할인 쿠폰도 제공하고 있다.",
                "subjectConsistencyYn": "N"
            }
        ],
        "clickbaitClass": 0
    }
}