{
    "sourceDataInfo": {
        "newsID": "ET_M03_627670",
        "newsCategory": "연예",
        "newsSubcategory": "연예가화제",
        "newsTitle": "'육룡이 나르샤' 신세경 셀카, 꼬질해도 이뻐~",
        "newsSubTitle": "",
        "newsContent": "'육룡이 나르샤' 신세경 배우 신세경이 '육룡이 나르샤' 촬영 인증샷을 공개해 청순한 미모를 자랑했다.\n공개된 사진에는 사극 복장을 한 신세경 자신이 주연을 맡은 SBS 새 드라마 '육룡이 나르샤' 2회 대본을 손에 들고 있는 모습이다.\n신세경은 '육룡이 나르샤' 여주인공 분이로 분장을 한 채 셀카를 SNS에 공개해 화사한 피부와 함께 깜찍한 분위기를 자아내는 신세경의 미모를 자랑해 눈길을 끌었다.\n오는 5일 첫 방송을 앞두고 있는 SBS 창사25주년 특별기획 '육룡이 나르샤'에 출연하는 신세경은 극중 유일한 여성이자, 이방원(유아인 분)의 여인인 분이 역을 맡는다.\n분이는 불의를 보면 참지 못하고 약한 자를 보면 반드시 돕는 착한 성정을 지니고 있으며, 당시 백성들의 얼굴을 가장 솔직하게 보여줄 인물이다.\n열혈 민초 분이로 분한 신세경은 몸을 사리지 않는 열연과 살아있는 눈빛 연기로 벌써부터 예비 시청자들의 기대를 한 몸에 받고 있다.\n한편 신세경은 2015년 하반기 기대작인 '육룡이 나르샤'에서 여주인공 분이 역을 맡아 김명민, 유아인, 변요한, 윤균상 등과 호흡을 맞춘다. '육룡이 나르샤' 신세경 온라인 중앙일보 '육룡이 나르샤' 신세경 [사진 신세경 인스타그램]",
        "partNum": "P2",
        "useType": 0,
        "processType": "D",
        "processPattern": "23",
        "processLevel": "중",
        "sentenceCount": 7,
        "processSentencenum": 3,
        "sentenceInfo": [
            {
                "sentenceNo": 1,
                "sentenceContent": "'육룡이 나르샤' 신세경 배우 신세경이 '육룡이 나르샤' 촬영 인증샷을 공개해 청순한 미모를 자랑했다.",
                "sentenceSize": 57
            },
            {
                "sentenceNo": 2,
                "sentenceContent": "공개된 사진에는 사극 복장을 한 신세경 자신이 주연을 맡은 SBS 새 드라마 '육룡이 나르샤' 2회 대본을 손에 들고 있는 모습이다.",
                "sentenceSize": 74
            },
            {
                "sentenceNo": 3,
                "sentenceContent": "신세경은 '육룡이 나르샤' 여주인공 분이로 분장을 한 채 셀카를 SNS에 공개해 화사한 피부와 함께 깜찍한 분위기를 자아내는 신세경의 미모를 자랑해 눈길을 끌었다.",
                "sentenceSize": 91
            },
            {
                "sentenceNo": 4,
                "sentenceContent": "오는 5일 첫 방송을 앞두고 있는 SBS 창사25주년 특별기획 '육룡이 나르샤'에 출연하는 신세경은 극중 유일한 여성이자, 이방원(유아인 분)의 여인인 분이 역을 맡는다.",
                "sentenceSize": 95
            },
            {
                "sentenceNo": 5,
                "sentenceContent": "분이는 불의를 보면 참지 못하고 약한 자를 보면 반드시 돕는 착한 성정을 지니고 있으며, 당시 백성들의 얼굴을 가장 솔직하게 보여줄 인물이다.",
                "sentenceSize": 79
            },
            {
                "sentenceNo": 6,
                "sentenceContent": "열혈 민초 분이로 분한 신세경은 몸을 사리지 않는 열연과 살아있는 눈빛 연기로 벌써부터 예비 시청자들의 기대를 한 몸에 받고 있다.",
                "sentenceSize": 73
            },
            {
                "sentenceNo": 7,
                "sentenceContent": "한편 신세경은 2015년 하반기 기대작인 '육룡이 나르샤'에서 여주인공 분이 역을 맡아 김명민, 유아인, 변요한, 윤균상 등과 호흡을 맞춘다. '육룡이 나르샤' 신세경 온라인 중앙일보 '육룡이 나르샤' 신세경 [사진 신세경 인스타그램]",
                "sentenceSize": 131
            }
        ]
    },
    "labeledDataInfo": {
        "processSentenceInfo": [
            {
                "sentenceNo": 1,
                "sentenceContent": "'육룡이 나르샤' 신세경 배우 신세경이 '육룡이 나르샤' 촬영 인증샷을 공개해 청순한 미모를 자랑했다.",
                "subjectConsistencyYn": "Y"
            },
            {
                "sentenceNo": 2,
                "sentenceContent": "공개된 사진에는 사극 복장을 한 신세경 자신이 주연을 맡은 SBS 새 드라마 '육룡이 나르샤' 2회 대본을 손에 들고 있는 모습이다.",
                "subjectConsistencyYn": "Y"
            },
            {
                "sentenceNo": 3,
                "sentenceContent": "신세경은 '육룡이 나르샤' 여주인공 분이로 분장을 한 채 셀카를 SNS에 공개해 화사한 피부와 함께 깜찍한 분위기를 자아내는 신세경의 미모를 자랑해 눈길을 끌었다.",
                "subjectConsistencyYn": "Y"
            },
            {
                "sentenceNo": 4,
                "sentenceContent": "오는 5일 첫 방송을 앞두고 있는 SBS 창사25주년 특별기획 '육룡이 나르샤'에 출연하는 신세경은 극중 유일한 여성이자, 이방원(유아인 분)의 여인인 분이 역을 맡는다.",
                "subjectConsistencyYn": "Y"
            },
            {
                "sentenceNo": 5,
                "sentenceContent": "분이는 불의를 보면 참지 못하고 약한 자를 보면 반드시 돕는 착한 성정을 지니고 있으며, 당시 백성들의 얼굴을 가장 솔직하게 보여줄 인물이다.",
                "subjectConsistencyYn": "Y"
            },
            {
                "sentenceNo": 6,
                "sentenceContent": "열혈 민초 분이로 분한 신세경은 몸을 사리지 않는 열연과 살아있는 눈빛 연기로 벌써부터 예비 시청자들의 기대를 한 몸에 받고 있다.",
                "subjectConsistencyYn": "Y"
            },
            {
                "sentenceNo": 7,
                "sentenceContent": "한편 신세경은 2015년 하반기 기대작인 '육룡이 나르샤'에서 여주인공 분이 역을 맡아 김명민, 유아인, 변요한, 윤균상 등과 호흡을 맞춘다. '육룡이 나르샤' 신세경 온라인 중앙일보 '육룡이 나르샤' 신세경 [사진 신세경 인스타그램]",
                "subjectConsistencyYn": "Y"
            },
            {
                "sentenceNo": 8,
                "sentenceContent": "'육룡이 나르샤'의 제작진은 시청자분들의 관심에 힘입어 '육룡이 나르샤 스틸 컷' 서비스를 제공하기 시작했다.",
                "subjectConsistencyYn": "N"
            },
            {
                "sentenceNo": 9,
                "sentenceContent": "이는 '육룡이 나르샤'의 촬영 비하인드를 영상이나 사진으로 공개하는 서비스다.",
                "subjectConsistencyYn": "N"
            },
            {
                "sentenceNo": 10,
                "sentenceContent": "'육룡이 나르샤 스틸 컷' 서비스에 대한 자세한 정보는 '육룡이 나르샤' 공식 SNS 계정에서 확인할 수 있다.",
                "subjectConsistencyYn": "N"
            }
        ],
        "clickbaitClass": 0
    }
}