{
    "sourceDataInfo": {
        "newsID": "ET_M03_627347",
        "newsCategory": "연예",
        "newsSubcategory": "연예가화제",
        "newsTitle": "생일 맞은 아이유 위해 방송에서 깜짝 파티 열어준 남자 가수",
        "newsSubTitle": "",
        "newsContent": "월드스타 싸이가 아이유를 위해 깜짝 생일 파티를 열어줬다.\n오늘(17일) SBS '판타스틱 듀오2'에서 영상 하나를 공개했다.\n영상은 5월 16일에 찍힌 것으로 이번 주 방송에 출연할 아이유가 신곡 '팔레트'를 부르고 있는 모습이 담겨 있었다.\n심취해 노래를 부르는 아이유의 뒤로 함께 출연한 싸이가 케이크를 들고 다가온다.\n아이유의 생일(16일)을 맞아 싸이가 깜짝 선물을 준비한 것이다.\n아이유는 놀란 표정을 지으면서도 노래를 계속 부르고 싸이가 케이크에 불을 붙이자 갑자기 생일 축하 노래가 흘러나온다.\n이를 지켜보던 방청객들은 한목소리로 생일 축하 노래를 불러주고 아이유는 기쁜 표정으로 초를 불고 미처 못 부른 노래를 마무리한다.\n아이유와 싸이가 함께 출연해 '초특급 콜라보'를 선보일 방송은 이번주 일요일에 방영된다.",
        "partNum": "P2",
        "useType": 0,
        "processType": "D",
        "processPattern": "23",
        "processLevel": "중",
        "sentenceCount": 8,
        "processSentencenum": 3,
        "sentenceInfo": [
            {
                "sentenceNo": 1,
                "sentenceContent": "월드스타 싸이가 아이유를 위해 깜짝 생일 파티를 열어줬다.",
                "sentenceSize": 32
            },
            {
                "sentenceNo": 2,
                "sentenceContent": "오늘(17일) SBS '판타스틱 듀오2'에서 영상 하나를 공개했다.",
                "sentenceSize": 37
            },
            {
                "sentenceNo": 3,
                "sentenceContent": "영상은 5월 16일에 찍힌 것으로 이번 주 방송에 출연할 아이유가 신곡 '팔레트'를 부르고 있는 모습이 담겨 있었다.",
                "sentenceSize": 65
            },
            {
                "sentenceNo": 4,
                "sentenceContent": "심취해 노래를 부르는 아이유의 뒤로 함께 출연한 싸이가 케이크를 들고 다가온다.",
                "sentenceSize": 44
            },
            {
                "sentenceNo": 5,
                "sentenceContent": "아이유의 생일(16일)을 맞아 싸이가 깜짝 선물을 준비한 것이다.",
                "sentenceSize": 36
            },
            {
                "sentenceNo": 6,
                "sentenceContent": "아이유는 놀란 표정을 지으면서도 노래를 계속 부르고 싸이가 케이크에 불을 붙이자 갑자기 생일 축하 노래가 흘러나온다.",
                "sentenceSize": 65
            },
            {
                "sentenceNo": 7,
                "sentenceContent": "이를 지켜보던 방청객들은 한목소리로 생일 축하 노래를 불러주고 아이유는 기쁜 표정으로 초를 불고 미처 못 부른 노래를 마무리한다.",
                "sentenceSize": 72
            },
            {
                "sentenceNo": 8,
                "sentenceContent": "아이유와 싸이가 함께 출연해 '초특급 콜라보'를 선보일 방송은 이번주 일요일에 방영된다.",
                "sentenceSize": 49
            }
        ]
    },
    "labeledDataInfo": {
        "processSentenceInfo": [
            {
                "sentenceNo": 1,
                "sentenceContent": "월드스타 싸이가 아이유를 위해 깜짝 생일 파티를 열어줬다.",
                "subjectConsistencyYn": "Y"
            },
            {
                "sentenceNo": 2,
                "sentenceContent": "오늘(17일) SBS '판타스틱 듀오2'에서 영상 하나를 공개했다.",
                "subjectConsistencyYn": "Y"
            },
            {
                "sentenceNo": 3,
                "sentenceContent": "영상은 5월 16일에 찍힌 것으로 이번 주 방송에 출연할 아이유가 신곡 '팔레트'를 부르고 있는 모습이 담겨 있었다.",
                "subjectConsistencyYn": "Y"
            },
            {
                "sentenceNo": 4,
                "sentenceContent": "심취해 노래를 부르는 아이유의 뒤로 함께 출연한 싸이가 케이크를 들고 다가온다.",
                "subjectConsistencyYn": "Y"
            },
            {
                "sentenceNo": 5,
                "sentenceContent": "아이유의 생일(16일)을 맞아 싸이가 깜짝 선물을 준비한 것이다.",
                "subjectConsistencyYn": "Y"
            },
            {
                "sentenceNo": 6,
                "sentenceContent": "아이유는 놀란 표정을 지으면서도 노래를 계속 부르고 싸이가 케이크에 불을 붙이자 갑자기 생일 축하 노래가 흘러나온다.",
                "subjectConsistencyYn": "Y"
            },
            {
                "sentenceNo": 7,
                "sentenceContent": "이를 지켜보던 방청객들은 한목소리로 생일 축하 노래를 불러주고 아이유는 기쁜 표정으로 초를 불고 미처 못 부른 노래를 마무리한다.",
                "subjectConsistencyYn": "Y"
            },
            {
                "sentenceNo": 8,
                "sentenceContent": "아이유와 싸이가 함께 출연해 '초특급 콜라보'를 선보일 방송은 이번주 일요일에 방영된다.",
                "subjectConsistencyYn": "Y"
            },
            {
                "sentenceNo": 9,
                "sentenceContent": "해당 영상에 나온 생일 케이크가 뚜레쥬르의 얼그레이 케이크라는 사실이 밝혀지면서, 뚜레쥬르의 케이크 예약 서비스가 그 어느 때보다도 활발하게 이용되고 있다고 전해진다.",
                "subjectConsistencyYn": "N"
            },
            {
                "sentenceNo": 10,
                "sentenceContent": "뚜레쥬르는 전용 앱과 홈페이지를 통해 케이크 예약 서비스를 시행하고 있는데, 이는 케이크가 필요한 날짜와 시간을 예약하고 선결제까지 마쳐 놓으면 구매자가 입력한 날짜와 시간에 맞게 원하는 장소로 케이크를 배달해주거나 직접 픽업할 수 있는 서비스이다.",
                "subjectConsistencyYn": "N"
            },
            {
                "sentenceNo": 11,
                "sentenceContent": "뚜레쥬르는 올해 연말연시에도 케이크가 필요한 순간에 간편하고 빠르게 케이크를 준비할 수 있도록 해당 서비스를 정성껏 준비하겠다고 밝혔다.",
                "subjectConsistencyYn": "N"
            }
        ],
        "clickbaitClass": 0
    }
}