{
    "sourceDataInfo": {
        "newsID": "ET_M03_627823",
        "newsCategory": "연예",
        "newsSubcategory": "연예가화제",
        "newsTitle": "조현영 박두식 막돼먹은 영애씨 시즌14, 취중 키스 '눈이 마주치자…'",
        "newsSubTitle": "",
        "newsContent": "조현영 박두식 막돼먹은 영애씨 시즌14, 취중 키스 '눈이 마주치자…' ‘막돼먹은 영애씨 시즌14’ 조현영과 박두식이 취중 키스를 나눠 눈길을 끌고 있다.\n지난달 31일 방송된 tvN 월화드라마 ‘막돼먹은 영애씨 시즌14’에서는 조현영(조현영 분)과 박두식(박두식)이 술김에 취중 키스하는 모습이 그려졌다.\n이날 방송에서 조현영은 박선호(박선호)에게 퇴짜 맞은 뒤 박두식을 술자리로 불러내 함께 술을 마셨다.\n이후 술에 취한 조현영은 박선호에게 퇴짜를 맞은 것에 분통을 터뜨리며 “내가 안 예뻐? 내가 얼마나 섹시한데”라며 자신의 매력을 어필했고, 춤을 추다가 계단에서 발을 헛디뎠다.\n이때 넘어지던 조현영을 박두식이 잡았고, 눈이 마주친 두 사람은 이내 격정적인 키스를 나눠 눈길을 끌었다.\n온라인 중앙일보 '막돼먹은 영애씨 시즌 조현영 박두식'.",
        "partNum": "P2",
        "useType": 0,
        "processType": "D",
        "processPattern": "23",
        "processLevel": "중",
        "sentenceCount": 6,
        "processSentencenum": 3,
        "sentenceInfo": [
            {
                "sentenceNo": 1,
                "sentenceContent": "조현영 박두식 막돼먹은 영애씨 시즌14, 취중 키스 '눈이 마주치자…' ‘막돼먹은 영애씨 시즌14’ 조현영과 박두식이 취중 키스를 나눠 눈길을 끌고 있다.",
                "sentenceSize": 86
            },
            {
                "sentenceNo": 2,
                "sentenceContent": "지난달 31일 방송된 tvN 월화드라마 ‘막돼먹은 영애씨 시즌14’에서는 조현영(조현영 분)과 박두식(박두식)이 술김에 취중 키스하는 모습이 그려졌다.",
                "sentenceSize": 84
            },
            {
                "sentenceNo": 3,
                "sentenceContent": "이날 방송에서 조현영은 박선호(박선호)에게 퇴짜 맞은 뒤 박두식을 술자리로 불러내 함께 술을 마셨다.",
                "sentenceSize": 56
            },
            {
                "sentenceNo": 4,
                "sentenceContent": "이후 술에 취한 조현영은 박선호에게 퇴짜를 맞은 것에 분통을 터뜨리며 “내가 안 예뻐? 내가 얼마나 섹시한데”라며 자신의 매력을 어필했고, 춤을 추다가 계단에서 발을 헛디뎠다.",
                "sentenceSize": 98
            },
            {
                "sentenceNo": 5,
                "sentenceContent": "이때 넘어지던 조현영을 박두식이 잡았고, 눈이 마주친 두 사람은 이내 격정적인 키스를 나눠 눈길을 끌었다.",
                "sentenceSize": 59
            },
            {
                "sentenceNo": 6,
                "sentenceContent": "온라인 중앙일보 '막돼먹은 영애씨 시즌 조현영 박두식'.",
                "sentenceSize": 31
            }
        ]
    },
    "labeledDataInfo": {
        "processSentenceInfo": [
            {
                "sentenceNo": 1,
                "sentenceContent": "조현영 박두식 막돼먹은 영애씨 시즌14, 취중 키스 '눈이 마주치자…' ‘막돼먹은 영애씨 시즌14’ 조현영과 박두식이 취중 키스를 나눠 눈길을 끌고 있다.",
                "subjectConsistencyYn": "Y"
            },
            {
                "sentenceNo": 2,
                "sentenceContent": "지난달 31일 방송된 tvN 월화드라마 ‘막돼먹은 영애씨 시즌14’에서는 조현영(조현영 분)과 박두식(박두식)이 술김에 취중 키스하는 모습이 그려졌다.",
                "subjectConsistencyYn": "Y"
            },
            {
                "sentenceNo": 3,
                "sentenceContent": "이날 방송에서 조현영은 박선호(박선호)에게 퇴짜 맞은 뒤 박두식을 술자리로 불러내 함께 술을 마셨다.",
                "subjectConsistencyYn": "Y"
            },
            {
                "sentenceNo": 4,
                "sentenceContent": "이후 술에 취한 조현영은 박선호에게 퇴짜를 맞은 것에 분통을 터뜨리며 “내가 안 예뻐? 내가 얼마나 섹시한데”라며 자신의 매력을 어필했고, 춤을 추다가 계단에서 발을 헛디뎠다.",
                "subjectConsistencyYn": "Y"
            },
            {
                "sentenceNo": 5,
                "sentenceContent": "이때 넘어지던 조현영을 박두식이 잡았고, 눈이 마주친 두 사람은 이내 격정적인 키스를 나눠 눈길을 끌었다.",
                "subjectConsistencyYn": "Y"
            },
            {
                "sentenceNo": 6,
                "sentenceContent": "온라인 중앙일보 '막돼먹은 영애씨 시즌 조현영 박두식'.",
                "subjectConsistencyYn": "Y"
            },
            {
                "sentenceNo": 7,
                "sentenceContent": "직장인의 공감을 끌어내어 시즌 14까지 방영된 드라마 막돼먹은 영애씨의 OST가 음원으로 출시된다.",
                "subjectConsistencyYn": "N"
            },
            {
                "sentenceNo": 8,
                "sentenceContent": "이번 음원에는 TV 드라마의 인기에 힘입어 대학로에 진출하여 성공 신화를 이뤄내고 있는 뮤지컬 막돼먹은 영애씨의 출연진들이 직접 참여했다.",
                "subjectConsistencyYn": "N"
            },
            {
                "sentenceNo": 9,
                "sentenceContent": "또한, 팝, 락, 뽕짝 등 대한민국 직장인들의 공감을 이끌어내는 다양한 장르의 넘버 15곡이 수록되어 있으며, 엠넷닷컴을 비롯한 음원사이트를 통해 25일 공개된다. ",
                "subjectConsistencyYn": "N"
            }
        ],
        "clickbaitClass": 0
    }
}