{
    "sourceDataInfo": {
        "newsID": "ET_M03_627413",
        "newsCategory": "연예",
        "newsSubcategory": "연예가화제",
        "newsTitle": "'내 마음의 꽃비' 나해령-정이연 날 선 신경전…\\\"너무 뻔뻔해\\\"",
        "newsSubTitle": "",
        "newsContent": "‘TV소설 내 마음의 꽃비’의 나해령과 정이연이 백화점 입점을 두고 또다시 경쟁을 펼치게 됐다.\n가게에 손님이 끊겨 고민인 나해령이 백화점 입점을 통해 위기를 극복할 수 있을지 귀추가 주목된다.\n26일 오전 9시에 방송된 KBS 2TV 아침드라마 ‘TV소설 내 마음의 꽃비’(연출 어수선·극본 문영훈)에서는 정꽃님(나해령 분)과 민혜주(정이연 분)가 신경전을 벌이는 장면이 그려졌다.\n이날 방송에서는 나해령이 가게에 손님이 없자 고민에 빠졌다.\n가게에서 그릇을 닦고 있던 나해령은 깔아놓은 신문지에서 화신백화점 베이커리 카페 입점 공모 기사를 확인했다.\n나해령은 화신백화점으로 향했고, 이강욱(이창욱 분)에게 이 소식을 전하며 “연화당을 살릴 수 있는 아주 좋은 기회죠”라고 말했다.\n이창욱 또한 “좋아. 열심히 한번 해보자”며 응원했다.\n그런데 정이연 또한 나해령과 마찬가지로 화신백화점 입점을 준비하고 있었다.\n이에 정이연과 나해령은 화신백화점으로 향하는 길에 마주쳤다.\n정이연은 나해령을 발견하고 “정꽃님. 네가 여긴 웬일이야?”라고 물으며 그가 손에 들고 있는 빵 박스로 시선을 옮겼다.\n정이연은 나해령 또한 화신백화점 입점 공모에 참여했단 사실을 알고 화가 났다.\n정이연은 “너무 뻔뻔하다고 생각하지 않니?”라며 연화당에서 오래된 밀가루를 사용했던 것으로 흠을 잡았다.\n나해령은 자신의 실수를 인정했지만, 정이연은 백화점에 오는 손님들을 언급하며 “너 같은 국밥집 출신 제빵사가 감히 감당할 수 있는 사람들이 아냐”라고 말했다.\n온라인 중앙일보 [사진 KBS 캡처]",
        "partNum": "P2",
        "useType": 0,
        "processType": "D",
        "processPattern": "23",
        "processLevel": "중",
        "sentenceCount": 14,
        "processSentencenum": 3,
        "sentenceInfo": [
            {
                "sentenceNo": 1,
                "sentenceContent": "‘TV소설 내 마음의 꽃비’의 나해령과 정이연이 백화점 입점을 두고 또다시 경쟁을 펼치게 됐다.",
                "sentenceSize": 53
            },
            {
                "sentenceNo": 2,
                "sentenceContent": "가게에 손님이 끊겨 고민인 나해령이 백화점 입점을 통해 위기를 극복할 수 있을지 귀추가 주목된다.",
                "sentenceSize": 54
            },
            {
                "sentenceNo": 3,
                "sentenceContent": "26일 오전 9시에 방송된 KBS 2TV 아침드라마 ‘TV소설 내 마음의 꽃비’(연출 어수선·극본 문영훈)에서는 정꽃님(나해령 분)과 민혜주(정이연 분)가 신경전을 벌이는 장면이 그려졌다.",
                "sentenceSize": 105
            },
            {
                "sentenceNo": 4,
                "sentenceContent": "이날 방송에서는 나해령이 가게에 손님이 없자 고민에 빠졌다.",
                "sentenceSize": 33
            },
            {
                "sentenceNo": 5,
                "sentenceContent": "가게에서 그릇을 닦고 있던 나해령은 깔아놓은 신문지에서 화신백화점 베이커리 카페 입점 공모 기사를 확인했다.",
                "sentenceSize": 60
            },
            {
                "sentenceNo": 6,
                "sentenceContent": "나해령은 화신백화점으로 향했고, 이강욱(이창욱 분)에게 이 소식을 전하며 “연화당을 살릴 수 있는 아주 좋은 기회죠”라고 말했다.",
                "sentenceSize": 72
            },
            {
                "sentenceNo": 7,
                "sentenceContent": "이창욱 또한 “좋아. 열심히 한번 해보자”며 응원했다.",
                "sentenceSize": 30
            },
            {
                "sentenceNo": 8,
                "sentenceContent": "그런데 정이연 또한 나해령과 마찬가지로 화신백화점 입점을 준비하고 있었다.",
                "sentenceSize": 41
            },
            {
                "sentenceNo": 9,
                "sentenceContent": "이에 정이연과 나해령은 화신백화점으로 향하는 길에 마주쳤다.",
                "sentenceSize": 33
            },
            {
                "sentenceNo": 10,
                "sentenceContent": "정이연은 나해령을 발견하고 “정꽃님. 네가 여긴 웬일이야?”라고 물으며 그가 손에 들고 있는 빵 박스로 시선을 옮겼다.",
                "sentenceSize": 66
            },
            {
                "sentenceNo": 11,
                "sentenceContent": "정이연은 나해령 또한 화신백화점 입점 공모에 참여했단 사실을 알고 화가 났다.",
                "sentenceSize": 43
            },
            {
                "sentenceNo": 12,
                "sentenceContent": "정이연은 “너무 뻔뻔하다고 생각하지 않니?”라며 연화당에서 오래된 밀가루를 사용했던 것으로 흠을 잡았다.",
                "sentenceSize": 58
            },
            {
                "sentenceNo": 13,
                "sentenceContent": "나해령은 자신의 실수를 인정했지만, 정이연은 백화점에 오는 손님들을 언급하며 “너 같은 국밥집 출신 제빵사가 감히 감당할 수 있는 사람들이 아냐”라고 말했다.",
                "sentenceSize": 88
            },
            {
                "sentenceNo": 14,
                "sentenceContent": "온라인 중앙일보 [사진 KBS 캡처]",
                "sentenceSize": 20
            }
        ]
    },
    "labeledDataInfo": {
        "processSentenceInfo": [
            {
                "sentenceNo": 1,
                "sentenceContent": "‘TV소설 내 마음의 꽃비’의 나해령과 정이연이 백화점 입점을 두고 또다시 경쟁을 펼치게 됐다.",
                "subjectConsistencyYn": "Y"
            },
            {
                "sentenceNo": 2,
                "sentenceContent": "가게에 손님이 끊겨 고민인 나해령이 백화점 입점을 통해 위기를 극복할 수 있을지 귀추가 주목된다.",
                "subjectConsistencyYn": "Y"
            },
            {
                "sentenceNo": 3,
                "sentenceContent": "26일 오전 9시에 방송된 KBS 2TV 아침드라마 ‘TV소설 내 마음의 꽃비’(연출 어수선·극본 문영훈)에서는 정꽃님(나해령 분)과 민혜주(정이연 분)가 신경전을 벌이는 장면이 그려졌다.",
                "subjectConsistencyYn": "Y"
            },
            {
                "sentenceNo": 4,
                "sentenceContent": "이날 방송에서는 나해령이 가게에 손님이 없자 고민에 빠졌다.",
                "subjectConsistencyYn": "Y"
            },
            {
                "sentenceNo": 5,
                "sentenceContent": "가게에서 그릇을 닦고 있던 나해령은 깔아놓은 신문지에서 화신백화점 베이커리 카페 입점 공모 기사를 확인했다.",
                "subjectConsistencyYn": "Y"
            },
            {
                "sentenceNo": 6,
                "sentenceContent": "나해령은 화신백화점으로 향했고, 이강욱(이창욱 분)에게 이 소식을 전하며 “연화당을 살릴 수 있는 아주 좋은 기회죠”라고 말했다.",
                "subjectConsistencyYn": "Y"
            },
            {
                "sentenceNo": 7,
                "sentenceContent": "이창욱 또한 “좋아. 열심히 한번 해보자”며 응원했다.",
                "subjectConsistencyYn": "Y"
            },
            {
                "sentenceNo": 8,
                "sentenceContent": "그런데 정이연 또한 나해령과 마찬가지로 화신백화점 입점을 준비하고 있었다.",
                "subjectConsistencyYn": "Y"
            },
            {
                "sentenceNo": 9,
                "sentenceContent": "이에 정이연과 나해령은 화신백화점으로 향하는 길에 마주쳤다.",
                "subjectConsistencyYn": "Y"
            },
            {
                "sentenceNo": 10,
                "sentenceContent": "정이연은 나해령을 발견하고 “정꽃님. 네가 여긴 웬일이야?”라고 물으며 그가 손에 들고 있는 빵 박스로 시선을 옮겼다.",
                "subjectConsistencyYn": "Y"
            },
            {
                "sentenceNo": 11,
                "sentenceContent": "정이연은 나해령 또한 화신백화점 입점 공모에 참여했단 사실을 알고 화가 났다.",
                "subjectConsistencyYn": "Y"
            },
            {
                "sentenceNo": 12,
                "sentenceContent": "정이연은 “너무 뻔뻔하다고 생각하지 않니?”라며 연화당에서 오래된 밀가루를 사용했던 것으로 흠을 잡았다.",
                "subjectConsistencyYn": "Y"
            },
            {
                "sentenceNo": 13,
                "sentenceContent": "나해령은 자신의 실수를 인정했지만, 정이연은 백화점에 오는 손님들을 언급하며 “너 같은 국밥집 출신 제빵사가 감히 감당할 수 있는 사람들이 아냐”라고 말했다.",
                "subjectConsistencyYn": "Y"
            },
            {
                "sentenceNo": 14,
                "sentenceContent": "온라인 중앙일보 [사진 KBS 캡처]",
                "subjectConsistencyYn": "Y"
            },
            {
                "sentenceNo": 15,
                "sentenceContent": "한편, 내 마음의 꽃비를 애청하는 시각 장애인들이 보다 편리하게 드라마를 즐길 수 있도록 SK텔레콤이 고객 참여형 디지털 캠페인을 통해 시각보조 인공지능(AI) 서비스 고도화에 나선다고 14일 밝혔다. ",
                "subjectConsistencyYn": "N"
            },
            {
                "sentenceNo": 16,
                "sentenceContent": "SK텔레콤은 누구나 참여 가능한 SNS 챌린지를 실시해 모은 사진을 기반으로, 소셜 벤처 투아트의 시각보조 AI 서비스인 ‘설리번플러스’의 학습을 지원한다.",
                "subjectConsistencyYn": "N"
            },
            {
                "sentenceNo": 17,
                "sentenceContent": "‘설리번플러스’는 국내 유일의 AI 기반 시각보조 음성안내 앱으로, 시각장애인들과 저시력자들이 스마트폰의 카메라를 통해 사람·글자·사물·색상 등을 쉽게 인식할 수 있도록 도울 예정이다.",
                "subjectConsistencyYn": "N"
            }
        ],
        "clickbaitClass": 0
    }
}