{
    "sourceDataInfo": {
        "newsID": "ET_M03_627429",
        "newsCategory": "연예",
        "newsSubcategory": "연예가화제",
        "newsTitle": "‘태양의 후예’ 데이비드 맥기니스, 훈훈한 알파팀 모습…반전 셀카 ‘깜짝’",
        "newsSubTitle": "",
        "newsContent": "‘태양의 후예’ 악역 데이비드 맥기니스가 촬영장 모습을 공개했다. ‘태양의 후예’ 데이비드 맥기니스는 25일 자신의 인스타그램에 “세트장 마지막 촬영날”이라는 글과 함께 사진을 게재했다.\n공개된 사진에서 ‘태양의 후예’ 데이비드 맥기니스 진구, 최웅, 안보현 등 알파팀 멤버들의 모습이 담겨있다.\n극중 총구를 겨누는 살벌한 분위기와 달리 장난스러운 남자들의 표정이 눈길을 끈다.\n특히 배꼽을 잡고 박장대소하는 진구의 표정과 환한 미소의 데이비드 맥기니스가 훈훈한 현장 분위기를 만들었다. ‘태양의 후예’ 데이비드 맥기니스는 군인 출신 갱단두목 ‘아구스’ 역을 맡아 드라마에 긴장을 불어넣고 있다.\n한편, 지난 24일 방송된 KBS2 수목드라마 '태양의 후예' 시청률이 31.6%(닐슨 코리아, 전국 기준)을 기록했다.\n이는 지난 23일 30.4%를 기록한 9회에 비해 1.2%P 상승한 수치로, '태양의 후예' 수도권 가구시청률은 36.4%까지 치솟는 등 화제를 낳았다.",
        "partNum": "P2",
        "useType": 0,
        "processType": "D",
        "processPattern": "23",
        "processLevel": "중",
        "sentenceCount": 6,
        "processSentencenum": 4,
        "sentenceInfo": [
            {
                "sentenceNo": 1,
                "sentenceContent": "‘태양의 후예’ 악역 데이비드 맥기니스가 촬영장 모습을 공개했다. ‘태양의 후예’ 데이비드 맥기니스는 25일 자신의 인스타그램에 “세트장 마지막 촬영날”이라는 글과 함께 사진을 게재했다.",
                "sentenceSize": 104
            },
            {
                "sentenceNo": 2,
                "sentenceContent": "공개된 사진에서 ‘태양의 후예’ 데이비드 맥기니스 진구, 최웅, 안보현 등 알파팀 멤버들의 모습이 담겨있다.",
                "sentenceSize": 60
            },
            {
                "sentenceNo": 3,
                "sentenceContent": "극중 총구를 겨누는 살벌한 분위기와 달리 장난스러운 남자들의 표정이 눈길을 끈다.",
                "sentenceSize": 45
            },
            {
                "sentenceNo": 4,
                "sentenceContent": "특히 배꼽을 잡고 박장대소하는 진구의 표정과 환한 미소의 데이비드 맥기니스가 훈훈한 현장 분위기를 만들었다. ‘태양의 후예’ 데이비드 맥기니스는 군인 출신 갱단두목 ‘아구스’ 역을 맡아 드라마에 긴장을 불어넣고 있다.",
                "sentenceSize": 121
            },
            {
                "sentenceNo": 5,
                "sentenceContent": "한편, 지난 24일 방송된 KBS2 수목드라마 '태양의 후예' 시청률이 31.6%(닐슨 코리아, 전국 기준)을 기록했다.",
                "sentenceSize": 67
            },
            {
                "sentenceNo": 6,
                "sentenceContent": "이는 지난 23일 30.4%를 기록한 9회에 비해 1.2%P 상승한 수치로, '태양의 후예' 수도권 가구시청률은 36.4%까지 치솟는 등 화제를 낳았다.",
                "sentenceSize": 85
            }
        ]
    },
    "labeledDataInfo": {
        "processSentenceInfo": [
            {
                "sentenceNo": 1,
                "sentenceContent": "‘태양의 후예’ 악역 데이비드 맥기니스가 촬영장 모습을 공개했다. ‘태양의 후예’ 데이비드 맥기니스는 25일 자신의 인스타그램에 “세트장 마지막 촬영날”이라는 글과 함께 사진을 게재했다.",
                "subjectConsistencyYn": "Y"
            },
            {
                "sentenceNo": 2,
                "sentenceContent": "공개된 사진에서 ‘태양의 후예’ 데이비드 맥기니스 진구, 최웅, 안보현 등 알파팀 멤버들의 모습이 담겨있다.",
                "subjectConsistencyYn": "Y"
            },
            {
                "sentenceNo": 3,
                "sentenceContent": "극중 총구를 겨누는 살벌한 분위기와 달리 장난스러운 남자들의 표정이 눈길을 끈다.",
                "subjectConsistencyYn": "Y"
            },
            {
                "sentenceNo": 4,
                "sentenceContent": "특히 배꼽을 잡고 박장대소하는 진구의 표정과 환한 미소의 데이비드 맥기니스가 훈훈한 현장 분위기를 만들었다. ‘태양의 후예’ 데이비드 맥기니스는 군인 출신 갱단두목 ‘아구스’ 역을 맡아 드라마에 긴장을 불어넣고 있다.",
                "subjectConsistencyYn": "Y"
            },
            {
                "sentenceNo": 5,
                "sentenceContent": "한편, 지난 24일 방송된 KBS2 수목드라마 '태양의 후예' 시청률이 31.6%(닐슨 코리아, 전국 기준)을 기록했다.",
                "subjectConsistencyYn": "Y"
            },
            {
                "sentenceNo": 6,
                "sentenceContent": "이는 지난 23일 30.4%를 기록한 9회에 비해 1.2%P 상승한 수치로, '태양의 후예' 수도권 가구시청률은 36.4%까지 치솟는 등 화제를 낳았다.",
                "subjectConsistencyYn": "Y"
            },
            {
                "sentenceNo": 7,
                "sentenceContent": "한편, 경기관광공사가 인기드라마 '태양의 후예' 체험 행사를 앞세워 오는 15∼17일 광주광역시 김대중컨벤션센터에서 '2016 찾아가는 경기관광박람회'를 개최한다.",
                "subjectConsistencyYn": "N"
            },
            {
                "sentenceNo": 8,
                "sentenceContent": "공사는 요즘 가장 핫한 '태양의 후예' 촬영지이자 국내 유일의 민통선 내 숙박 체험시설인 캠프그리브스 홍보관을 선보인다.",
                "subjectConsistencyYn": "N"
            },
            {
                "sentenceNo": 9,
                "sentenceContent": "경기도 주제관에서는 '유시진 대위의 숨결을 느끼다'를 주제로 태양의 후예 공식 협찬사인 유성금속의 제공으로 송중기가 직접 사용한 구리머그컵 등 드라마 소품을 전시하고, 드라마 속 군번 줄 만들기 체험행사도 함께 진행할 예정이다.",
                "subjectConsistencyYn": "N"
            },
            {
                "sentenceNo": 10,
                "sentenceContent": "박람회 기간에 경기도 시군홍보관, 경기우수농특산물관, 경기관광설명회를 개최하고 15일 개막일에는 경기도와 광주전라지역 여행업계 관계자 80여 명이 모여 관광상품 정보를 공유할 예정이다.",
                "subjectConsistencyYn": "N"
            }
        ],
        "clickbaitClass": 0
    }
}