{
    "sourceDataInfo": {
        "newsID": "ET_M03_627557",
        "newsCategory": "연예",
        "newsSubcategory": "연예가화제",
        "newsTitle": "아이유♡장기하 11살 차이 커플, 아이유 열애설 직접 입 열어…\\\"2년 만난 남자친구\\\"",
        "newsSubTitle": "",
        "newsContent": "아이유♡장기하 11살 차이 커플, 아이유 열애설 직접 입 열어…\\\"2년 만난 남자친구\\\" 가수 아이유와 팬들에게 직접 장기하와의 열애에 대해 입을 열었다.\n아이유는 8일 오후 장기하와의 열애가 보도된 후, 직접 자신의 팬카페 '유애나'에 \\\"유애나! 저는 (하필) 뮤직비디오 촬영 중이에요. 갑작스러운 기사에 놀랐어요 하지만 저보다 더 놀란 건 아마 유애나겠죠? 놀라게 해서 미안합니다.. 미리 얘기하지 못 한 것도 미안하고요\\\"라는 글을 올렸다.\n이어 아이유는 \\\"더 조심했어야지!라고 하신다면 또 그러지 못 한 것도 미안해요. 만난 지는 2년 가까이 돼 가요. 라디오에서 처음 만났고 제가 첫눈에 반했습니다. 배울 것이 많고 고마운 남자친구예요. 좋고 싸우고 섭섭해하고 고마워하고 하는..평범한 연애를 하고 있어요\\\"라고 전했다.\n또 아이유는 \\\"조금 더 좋은 방법으로 여러분께 전할 수 있는 방법이 뭐가 없을까 고민했는데 선수를 뺏겼네요..하하 갑작스럽지만 공개연애를 시작해야 할 것 같습니다\\\"라며 \\\"아마 모른 척 해도 이 공간에는 얼마간 어색한 기운이 돌겠죠? 이 유쾌하고 복작복작 귀여운 공간을 그렇게 만들어서 미안합니다. 그런데도 제 마음부터 걱정하고 살펴주시는 우리 유애나 정말 고맙고요. 모든 걱정들 응원들 서운함들..다 미안하고 고마워요\\\"라고 팬들에게 미안한 마음을 전했다.\n마지막으로 아이유는 \\\"아 수천번 시뮬레이션을 돌린 상황인데도 막상 닥치니 어떻게 전해야 할지 모르겠어요..일단 저는 당장의 제 일을 씩씩하게 하고 있겠습니다. 저 때문에 오늘 하루 힘들지 않길 진심으로..바라요 또 올게요\\\"라고 덧붙여 말했다.\n이날 한 매체는 장기하와 아이유가 11살의 나이 차를 뛰어넘어 지난 3월부터 연인 관계를 유지하고 있다고 보도하고 보도하며, 두 사람의 데이트 사진을 공개했다.\n온라인 중앙일보 아이유 장기하[사진 SBS 파워FM 장기하의 대단한 라디오]",
        "partNum": "P2",
        "useType": 0,
        "processType": "D",
        "processPattern": "23",
        "processLevel": "중",
        "sentenceCount": 7,
        "processSentencenum": 4,
        "sentenceInfo": [
            {
                "sentenceNo": 1,
                "sentenceContent": "아이유♡장기하 11살 차이 커플, 아이유 열애설 직접 입 열어…\\\"2년 만난 남자친구\\\" 가수 아이유와 팬들에게 직접 장기하와의 열애에 대해 입을 열었다.",
                "sentenceSize": 86
            },
            {
                "sentenceNo": 2,
                "sentenceContent": "아이유는 8일 오후 장기하와의 열애가 보도된 후, 직접 자신의 팬카페 '유애나'에 \\\"유애나! 저는 (하필) 뮤직비디오 촬영 중이에요. 갑작스러운 기사에 놀랐어요 하지만 저보다 더 놀란 건 아마 유애나겠죠? 놀라게 해서 미안합니다.. 미리 얘기하지 못 한 것도 미안하고요\\\"라는 글을 올렸다.",
                "sentenceSize": 163
            },
            {
                "sentenceNo": 3,
                "sentenceContent": "이어 아이유는 \\\"더 조심했어야지!라고 하신다면 또 그러지 못 한 것도 미안해요. 만난 지는 2년 가까이 돼 가요. 라디오에서 처음 만났고 제가 첫눈에 반했습니다. 배울 것이 많고 고마운 남자친구예요. 좋고 싸우고 섭섭해하고 고마워하고 하는..평범한 연애를 하고 있어요\\\"라고 전했다.",
                "sentenceSize": 159
            },
            {
                "sentenceNo": 4,
                "sentenceContent": "또 아이유는 \\\"조금 더 좋은 방법으로 여러분께 전할 수 있는 방법이 뭐가 없을까 고민했는데 선수를 뺏겼네요..하하 갑작스럽지만 공개연애를 시작해야 할 것 같습니다\\\"라며 \\\"아마 모른 척 해도 이 공간에는 얼마간 어색한 기운이 돌겠죠? 이 유쾌하고 복작복작 귀여운 공간을 그렇게 만들어서 미안합니다. 그런데도 제 마음부터 걱정하고 살펴주시는 우리 유애나 정말 고맙고요. 모든 걱정들 응원들 서운함들..다 미안하고 고마워요\\\"라고 팬들에게 미안한 마음을 전했다.",
                "sentenceSize": 258
            },
            {
                "sentenceNo": 5,
                "sentenceContent": "마지막으로 아이유는 \\\"아 수천번 시뮬레이션을 돌린 상황인데도 막상 닥치니 어떻게 전해야 할지 모르겠어요..일단 저는 당장의 제 일을 씩씩하게 하고 있겠습니다. 저 때문에 오늘 하루 힘들지 않길 진심으로..바라요 또 올게요\\\"라고 덧붙여 말했다.",
                "sentenceSize": 137
            },
            {
                "sentenceNo": 6,
                "sentenceContent": "이날 한 매체는 장기하와 아이유가 11살의 나이 차를 뛰어넘어 지난 3월부터 연인 관계를 유지하고 있다고 보도하고 보도하며, 두 사람의 데이트 사진을 공개했다.",
                "sentenceSize": 89
            },
            {
                "sentenceNo": 7,
                "sentenceContent": "온라인 중앙일보 아이유 장기하[사진 SBS 파워FM 장기하의 대단한 라디오]",
                "sentenceSize": 42
            }
        ]
    },
    "labeledDataInfo": {
        "processSentenceInfo": [
            {
                "sentenceNo": 1,
                "sentenceContent": "아이유♡장기하 11살 차이 커플, 아이유 열애설 직접 입 열어…\\\"2년 만난 남자친구\\\" 가수 아이유와 팬들에게 직접 장기하와의 열애에 대해 입을 열었다.",
                "subjectConsistencyYn": "Y"
            },
            {
                "sentenceNo": 2,
                "sentenceContent": "아이유는 8일 오후 장기하와의 열애가 보도된 후, 직접 자신의 팬카페 '유애나'에 \\\"유애나! 저는 (하필) 뮤직비디오 촬영 중이에요. 갑작스러운 기사에 놀랐어요 하지만 저보다 더 놀란 건 아마 유애나겠죠? 놀라게 해서 미안합니다.. 미리 얘기하지 못 한 것도 미안하고요\\\"라는 글을 올렸다.",
                "subjectConsistencyYn": "Y"
            },
            {
                "sentenceNo": 3,
                "sentenceContent": "이어 아이유는 \\\"더 조심했어야지!라고 하신다면 또 그러지 못 한 것도 미안해요. 만난 지는 2년 가까이 돼 가요. 라디오에서 처음 만났고 제가 첫눈에 반했습니다. 배울 것이 많고 고마운 남자친구예요. 좋고 싸우고 섭섭해하고 고마워하고 하는..평범한 연애를 하고 있어요\\\"라고 전했다.",
                "subjectConsistencyYn": "Y"
            },
            {
                "sentenceNo": 4,
                "sentenceContent": "또 아이유는 \\\"조금 더 좋은 방법으로 여러분께 전할 수 있는 방법이 뭐가 없을까 고민했는데 선수를 뺏겼네요..하하 갑작스럽지만 공개연애를 시작해야 할 것 같습니다\\\"라며 \\\"아마 모른 척 해도 이 공간에는 얼마간 어색한 기운이 돌겠죠? 이 유쾌하고 복작복작 귀여운 공간을 그렇게 만들어서 미안합니다. 그런데도 제 마음부터 걱정하고 살펴주시는 우리 유애나 정말 고맙고요. 모든 걱정들 응원들 서운함들..다 미안하고 고마워요\\\"라고 팬들에게 미안한 마음을 전했다.",
                "subjectConsistencyYn": "Y"
            },
            {
                "sentenceNo": 5,
                "sentenceContent": "마지막으로 아이유는 \\\"아 수천번 시뮬레이션을 돌린 상황인데도 막상 닥치니 어떻게 전해야 할지 모르겠어요..일단 저는 당장의 제 일을 씩씩하게 하고 있겠습니다. 저 때문에 오늘 하루 힘들지 않길 진심으로..바라요 또 올게요\\\"라고 덧붙여 말했다.",
                "subjectConsistencyYn": "Y"
            },
            {
                "sentenceNo": 6,
                "sentenceContent": "이날 한 매체는 장기하와 아이유가 11살의 나이 차를 뛰어넘어 지난 3월부터 연인 관계를 유지하고 있다고 보도하고 보도하며, 두 사람의 데이트 사진을 공개했다.",
                "subjectConsistencyYn": "Y"
            },
            {
                "sentenceNo": 7,
                "sentenceContent": "온라인 중앙일보 아이유 장기하[사진 SBS 파워FM 장기하의 대단한 라디오]",
                "subjectConsistencyYn": "Y"
            },
            {
                "sentenceNo": 8,
                "sentenceContent": "한편, 코로나 확신세가 감소하면서 극장가 및 연극계 등 연예계에 활기찬 바람이 불고 있어, 콘서트 소식도 자주 들려오기 시작했다.",
                "subjectConsistencyYn": "N"
            },
            {
                "sentenceNo": 9,
                "sentenceContent": "그 중, 가장 화젯거리인 콘서트 중 하나가 올 8월에 열리는 아이유의 뜨거운 여름 콘서트이다.",
                "subjectConsistencyYn": "N"
            },
            {
                "sentenceNo": 10,
                "sentenceContent": "3년 만에 열리는 콘서트라 화제성과 열기는 대단했고, 선 예매는 물론 일반예매까지 오픈과 동시에 매진 될 것이라 예상한다.  ",
                "subjectConsistencyYn": "N"
            },
            {
                "sentenceNo": 11,
                "sentenceContent": "8월 18일 잠실 주경기장에서 열리는 아이유의 `뜨거운 여름` 콘서트의 역대급 매표는 다음 주 7월 15일 월요일부터 시작된다고 한다.",
                "subjectConsistencyYn": "N"
            }
        ],
        "clickbaitClass": 0
    }
}