{
    "sourceDataInfo": {
        "newsID": "ET_M03_627367",
        "newsCategory": "연예",
        "newsSubcategory": "영화",
        "newsTitle": "[매거진M] '공각기동대' 필로우 애스백, \\\"내가 바토와 닮은 점은...\\\"",
        "newsSubTitle": "",
        "newsContent": "덴마크 배우 필로우 애스백이 연기하는 바토는, 엘리트 특수 부대 요원이자 메이저의 곁을 든든하게 지키는 인물. 거친 겉모습과 달리, 여심을 사로잡는 따뜻하고 우직한 매력으로 원작 캐릭터와 완벽한 싱크로율을 보여 준다.\n영화 홍보차 처음으로 한국에 방문한 그는 “한국말을 한마디도 못해 미안하다. 다음엔 꼭 배워 오겠다”며 거듭 사과의 인사를 전했다.\nQ : -원작 애니메이션을 재미있게 봤다고. A : “10대 시절에 극장판 ‘공각기동대’를 여러 번 봤다. 당시 자아를 찾던 사춘기 시절이라 크게 공감했던 기억이 난다. 이번에 바토 역을 맡으면서 시로 마사무네 작가의 원작 만화도 읽었다. 정신적으로 많은 깨달음을 주는 이야기라서, 한스 크리스티안 안데르센(1805~1875)의 동화를 읽을 때처럼 행복한 느낌이 들더라.” Q : -바토는 원작 만화에서 굉장히 매력적인 인물이라 표현하기에 부담이 컸을 듯하다.\nA : “사실 애니메이션을 볼 때 바토보다 메이저에 더 공감했다. 그런데 시나리오를 읽고 바토에 대해 알아가면서 이 역할이 얼마나 큰 도전인지 깨달았다. 전 세계적으로 사랑받는 캐릭터이지 않나. 과연 내가 ‘관객과 소통하고 공감을 끌어낼 수 있을까’ 고민했다. 샌더스 감독과 많은 이야기를 나누면서 캐릭터를 만들어 갔다.” Q : -바토를 어떤 인물로 만들었나.\nA : “‘고스트 인 더 쉘’의 바토는 나와 샌더스 감독이 함께 만든 캐릭터다. 원작 애니메이션보다 더 젊고, 원작 만화보다 더 강직한 인물이다. 바토는 ‘가브리엘’이란 이름의 개를 키우고, 피자와 맥주를 좋아한다. 그리고 성품이 온화하다. 나와 비슷한 점이 매우 많아 연기하기에 어렵지 않았다(웃음).” Q : -샌더스 감독이 “처음 만났을 때부터 바토 역에 필요한 배우라 생각했다”고 하던데.\nA : “샌더스 감독은 오디션 영상을 보자마자 나를 마음에 뒀다고 한다. 하지만 스튜디오 쪽에서 나에 대한 확신이 없었는지, LA에서 직접 오디션을 했으면 좋겠다고 연락이 왔다. 바로 LA로 가서 샌더스 감독을 만났고, 4시간 동안 해변을 걸으면서 이런저런 이야기를 나눴다. 샌더스 감독의 말로는, 나와 이야기하면서 ‘의안(義眼)을 착용한 캐릭터를 잘 묘사할 수 있을지, 가슴이 따뜻한 사람일지’에 대해 다 파악했다고 하더라.” Q : -바토는 우직하고 남성미 넘치는 캐릭터다.",
        "partNum": "P2",
        "useType": 0,
        "processType": "D",
        "processPattern": "23",
        "processLevel": "중",
        "sentenceCount": 6,
        "processSentencenum": 3,
        "sentenceInfo": [
            {
                "sentenceNo": 1,
                "sentenceContent": "덴마크 배우 필로우 애스백이 연기하는 바토는, 엘리트 특수 부대 요원이자 메이저의 곁을 든든하게 지키는 인물. 거친 겉모습과 달리, 여심을 사로잡는 따뜻하고 우직한 매력으로 원작 캐릭터와 완벽한 싱크로율을 보여 준다.",
                "sentenceSize": 121
            },
            {
                "sentenceNo": 2,
                "sentenceContent": "영화 홍보차 처음으로 한국에 방문한 그는 “한국말을 한마디도 못해 미안하다. 다음엔 꼭 배워 오겠다”며 거듭 사과의 인사를 전했다.",
                "sentenceSize": 73
            },
            {
                "sentenceNo": 3,
                "sentenceContent": "Q : -원작 애니메이션을 재미있게 봤다고. A : “10대 시절에 극장판 ‘공각기동대’를 여러 번 봤다. 당시 자아를 찾던 사춘기 시절이라 크게 공감했던 기억이 난다. 이번에 바토 역을 맡으면서 시로 마사무네 작가의 원작 만화도 읽었다. 정신적으로 많은 깨달음을 주는 이야기라서, 한스 크리스티안 안데르센(1805~1875)의 동화를 읽을 때처럼 행복한 느낌이 들더라.” Q : -바토는 원작 만화에서 굉장히 매력적인 인물이라 표현하기에 부담이 컸을 듯하다.",
                "sentenceSize": 257
            },
            {
                "sentenceNo": 4,
                "sentenceContent": "A : “사실 애니메이션을 볼 때 바토보다 메이저에 더 공감했다. 그런데 시나리오를 읽고 바토에 대해 알아가면서 이 역할이 얼마나 큰 도전인지 깨달았다. 전 세계적으로 사랑받는 캐릭터이지 않나. 과연 내가 ‘관객과 소통하고 공감을 끌어낼 수 있을까’ 고민했다. 샌더스 감독과 많은 이야기를 나누면서 캐릭터를 만들어 갔다.” Q : -바토를 어떤 인물로 만들었나.",
                "sentenceSize": 202
            },
            {
                "sentenceNo": 5,
                "sentenceContent": "A : “‘고스트 인 더 쉘’의 바토는 나와 샌더스 감독이 함께 만든 캐릭터다. 원작 애니메이션보다 더 젊고, 원작 만화보다 더 강직한 인물이다. 바토는 ‘가브리엘’이란 이름의 개를 키우고, 피자와 맥주를 좋아한다. 그리고 성품이 온화하다. 나와 비슷한 점이 매우 많아 연기하기에 어렵지 않았다(웃음).” Q : -샌더스 감독이 “처음 만났을 때부터 바토 역에 필요한 배우라 생각했다”고 하던데.",
                "sentenceSize": 221
            },
            {
                "sentenceNo": 6,
                "sentenceContent": "A : “샌더스 감독은 오디션 영상을 보자마자 나를 마음에 뒀다고 한다. 하지만 스튜디오 쪽에서 나에 대한 확신이 없었는지, LA에서 직접 오디션을 했으면 좋겠다고 연락이 왔다. 바로 LA로 가서 샌더스 감독을 만났고, 4시간 동안 해변을 걸으면서 이런저런 이야기를 나눴다. 샌더스 감독의 말로는, 나와 이야기하면서 ‘의안(義眼)을 착용한 캐릭터를 잘 묘사할 수 있을지, 가슴이 따뜻한 사람일지’에 대해 다 파악했다고 하더라.” Q : -바토는 우직하고 남성미 넘치는 캐릭터다.",
                "sentenceSize": 267
            }
        ]
    },
    "labeledDataInfo": {
        "processSentenceInfo": [
            {
                "sentenceNo": 1,
                "sentenceContent": "덴마크 배우 필로우 애스백이 연기하는 바토는, 엘리트 특수 부대 요원이자 메이저의 곁을 든든하게 지키는 인물. 거친 겉모습과 달리, 여심을 사로잡는 따뜻하고 우직한 매력으로 원작 캐릭터와 완벽한 싱크로율을 보여 준다.",
                "subjectConsistencyYn": "Y"
            },
            {
                "sentenceNo": 2,
                "sentenceContent": "영화 홍보차 처음으로 한국에 방문한 그는 “한국말을 한마디도 못해 미안하다. 다음엔 꼭 배워 오겠다”며 거듭 사과의 인사를 전했다.",
                "subjectConsistencyYn": "Y"
            },
            {
                "sentenceNo": 3,
                "sentenceContent": "Q : -원작 애니메이션을 재미있게 봤다고. A : “10대 시절에 극장판 ‘공각기동대’를 여러 번 봤다. 당시 자아를 찾던 사춘기 시절이라 크게 공감했던 기억이 난다. 이번에 바토 역을 맡으면서 시로 마사무네 작가의 원작 만화도 읽었다. 정신적으로 많은 깨달음을 주는 이야기라서, 한스 크리스티안 안데르센(1805~1875)의 동화를 읽을 때처럼 행복한 느낌이 들더라.” Q : -바토는 원작 만화에서 굉장히 매력적인 인물이라 표현하기에 부담이 컸을 듯하다.",
                "subjectConsistencyYn": "Y"
            },
            {
                "sentenceNo": 4,
                "sentenceContent": "A : “사실 애니메이션을 볼 때 바토보다 메이저에 더 공감했다. 그런데 시나리오를 읽고 바토에 대해 알아가면서 이 역할이 얼마나 큰 도전인지 깨달았다. 전 세계적으로 사랑받는 캐릭터이지 않나. 과연 내가 ‘관객과 소통하고 공감을 끌어낼 수 있을까’ 고민했다. 샌더스 감독과 많은 이야기를 나누면서 캐릭터를 만들어 갔다.” Q : -바토를 어떤 인물로 만들었나.",
                "subjectConsistencyYn": "Y"
            },
            {
                "sentenceNo": 5,
                "sentenceContent": "A : “‘고스트 인 더 쉘’의 바토는 나와 샌더스 감독이 함께 만든 캐릭터다. 원작 애니메이션보다 더 젊고, 원작 만화보다 더 강직한 인물이다. 바토는 ‘가브리엘’이란 이름의 개를 키우고, 피자와 맥주를 좋아한다. 그리고 성품이 온화하다. 나와 비슷한 점이 매우 많아 연기하기에 어렵지 않았다(웃음).” Q : -샌더스 감독이 “처음 만났을 때부터 바토 역에 필요한 배우라 생각했다”고 하던데.",
                "subjectConsistencyYn": "Y"
            },
            {
                "sentenceNo": 6,
                "sentenceContent": "A : “샌더스 감독은 오디션 영상을 보자마자 나를 마음에 뒀다고 한다. 하지만 스튜디오 쪽에서 나에 대한 확신이 없었는지, LA에서 직접 오디션을 했으면 좋겠다고 연락이 왔다. 바로 LA로 가서 샌더스 감독을 만났고, 4시간 동안 해변을 걸으면서 이런저런 이야기를 나눴다. 샌더스 감독의 말로는, 나와 이야기하면서 ‘의안(義眼)을 착용한 캐릭터를 잘 묘사할 수 있을지, 가슴이 따뜻한 사람일지’에 대해 다 파악했다고 하더라.” Q : -바토는 우직하고 남성미 넘치는 캐릭터다.",
                "subjectConsistencyYn": "Y"
            },
            {
                "sentenceNo": 7,
                "sentenceContent": "`공각기동대`에 출연한 필로우 애스백이 한국을 방문한 가운데, 그가 출연했던 영화 `마리아`가 국내에서 재개봉된다. ",
                "subjectConsistencyYn": "N"
            },
            {
                "sentenceNo": 8,
                "sentenceContent": "`마리아`는 가수가 되고 싶은 청각 장애인 남성이 시각 장애인 여성을 만나며 겪는 이야기를 담은 영화다. ",
                "subjectConsistencyYn": "N"
            },
            {
                "sentenceNo": 9,
                "sentenceContent": "따뜻한 감성으로 국내에서 100만 관객을 돌파했던 `마리아`는 이번 달 5일부터 메가박스 강남과 메가박스 발산에서 관람할 수 있다.",
                "subjectConsistencyYn": "N"
            }
        ],
        "clickbaitClass": 0
    }
}