{
    "sourceDataInfo": {
        "newsID": "ET_M03_627730",
        "newsCategory": "연예",
        "newsSubcategory": "연예가화제",
        "newsTitle": "임강성, 이슬비 이혼…\\\"아직 이혼도장은 안찍었다\\\" 공식입장",
        "newsSubTitle": "",
        "newsContent": "임강성, 이슬비 이혼…\\\"결혼 3년만에 왜?\\\" 배우 임강성(34)과 이슬비(30)가 이혼한다. 11일 일간스포츠는 \\\"임강성과 이슬비가 결혼 3년 만에 이혼한다\\\"고 한 연예계 관계자의 말을 전했다.\n최근 임강성은 자신의 인스타그램에 “열심히 일해야지. 부끄러워지지 않으려면”이라는 글과 사진을 게재했다.\n두 사람은 지난 7년간 오빠 동생 사이로 우정을 쌓아오다가 연인 사이로 발전해 2011년 10월 1일 결혼식을 올렸다.\n당시 임신 4주차 소식이 눈길을 끌기도 했다.\n3년간 부부로 지내오던 두 사람은 결국 이혼하게 된 것이다.\n이에 대해 임강성의 소속사 디오르골엔터테인먼트 관계자는 \\\"두 사람이 아직 (이혼) 도장을 찍지는 않은 상태\\\"라고 말했다.",
        "partNum": "P2",
        "useType": 0,
        "processType": "D",
        "processPattern": "23",
        "processLevel": "중",
        "sentenceCount": 6,
        "processSentencenum": 2,
        "sentenceInfo": [
            {
                "sentenceNo": 1,
                "sentenceContent": "임강성, 이슬비 이혼…\\\"결혼 3년만에 왜?\\\" 배우 임강성(34)과 이슬비(30)가 이혼한다. 11일 일간스포츠는 \\\"임강성과 이슬비가 결혼 3년 만에 이혼한다\\\"고 한 연예계 관계자의 말을 전했다.",
                "sentenceSize": 112
            },
            {
                "sentenceNo": 2,
                "sentenceContent": "최근 임강성은 자신의 인스타그램에 “열심히 일해야지. 부끄러워지지 않으려면”이라는 글과 사진을 게재했다.",
                "sentenceSize": 58
            },
            {
                "sentenceNo": 3,
                "sentenceContent": "두 사람은 지난 7년간 오빠 동생 사이로 우정을 쌓아오다가 연인 사이로 발전해 2011년 10월 1일 결혼식을 올렸다.",
                "sentenceSize": 66
            },
            {
                "sentenceNo": 4,
                "sentenceContent": "당시 임신 4주차 소식이 눈길을 끌기도 했다.",
                "sentenceSize": 25
            },
            {
                "sentenceNo": 5,
                "sentenceContent": "3년간 부부로 지내오던 두 사람은 결국 이혼하게 된 것이다.",
                "sentenceSize": 33
            },
            {
                "sentenceNo": 6,
                "sentenceContent": "이에 대해 임강성의 소속사 디오르골엔터테인먼트 관계자는 \\\"두 사람이 아직 (이혼) 도장을 찍지는 않은 상태\\\"라고 말했다.",
                "sentenceSize": 69
            }
        ]
    },
    "labeledDataInfo": {
        "processSentenceInfo": [
            {
                "sentenceNo": 1,
                "sentenceContent": "임강성, 이슬비 이혼…\\\"결혼 3년만에 왜?\\\" 배우 임강성(34)과 이슬비(30)가 이혼한다. 11일 일간스포츠는 \\\"임강성과 이슬비가 결혼 3년 만에 이혼한다\\\"고 한 연예계 관계자의 말을 전했다.",
                "subjectConsistencyYn": "Y"
            },
            {
                "sentenceNo": 2,
                "sentenceContent": "최근 임강성은 자신의 인스타그램에 “열심히 일해야지. 부끄러워지지 않으려면”이라는 글과 사진을 게재했다.",
                "subjectConsistencyYn": "Y"
            },
            {
                "sentenceNo": 3,
                "sentenceContent": "두 사람은 지난 7년간 오빠 동생 사이로 우정을 쌓아오다가 연인 사이로 발전해 2011년 10월 1일 결혼식을 올렸다.",
                "subjectConsistencyYn": "Y"
            },
            {
                "sentenceNo": 4,
                "sentenceContent": "당시 임신 4주차 소식이 눈길을 끌기도 했다.",
                "subjectConsistencyYn": "Y"
            },
            {
                "sentenceNo": 5,
                "sentenceContent": "3년간 부부로 지내오던 두 사람은 결국 이혼하게 된 것이다.",
                "subjectConsistencyYn": "Y"
            },
            {
                "sentenceNo": 6,
                "sentenceContent": "이에 대해 임강성의 소속사 디오르골엔터테인먼트 관계자는 \\\"두 사람이 아직 (이혼) 도장을 찍지는 않은 상태\\\"라고 말했다.",
                "subjectConsistencyYn": "Y"
            },
            {
                "sentenceNo": 7,
                "sentenceContent": "임강성, 이슬비 부부의 이혼 소식이 알려진 가운데, 이혼 전문 변호사이자 웹툰 작가인 최유나의 웹툰 '메리지 레드'가 이혼 과정에서 벌어지는 에피소드를 상세히 소개해 인기를 끌고 있다. ",
                "subjectConsistencyYn": "N"
            },
            {
                "sentenceNo": 8,
                "sentenceContent": "'메리지 레드'는 최유나 작가의 인스타그램을 통해서 볼 수 있으며, 독자들의 열화와 같은 요청으로 단행본으로도 출간 예정인 것으로 알려졌다. ",
                "subjectConsistencyYn": "N"
            }
        ],
        "clickbaitClass": 0
    }
}