{
    "sourceDataInfo": {
        "newsID": "ET_M03_627424",
        "newsCategory": "연예",
        "newsSubcategory": "연예가화제",
        "newsTitle": "‘3대 천왕’ 하니, 과거 남동생 때문에 눈물 흘려… ‘왜?’",
        "newsSubTitle": "",
        "newsContent": "‘3대 천왕’ 하니, 과거 남동생 때문에 눈물 흘려… ‘왜?’ ‘동네 빵집’편으로 진행된 SBS '토요일이 좋다-백종원의 3대 천왕'에서 EXID의 멤버 하니가 녹화 중 눈물을 흘려 화제가 되고 있는 가운데, 과거 동생과의 사연이 다시금 눈길을 끌고 있다.\n과거 KBS2 ‘우리는 형제입니다’에 남동생과 함께 출연한 하니, 남동생은 통기타를 들고 연주를 하기 시작했다.\n하지만 하니는 갑자기 눈물을 흘리며 울기 시작했다.\n하니는 방송에서 그 기타가 자신이 힘들었던 시절 용돈을 모두 털어 동생에게 주었던 선물이라고 밝혔다.\n이에 누리꾼들은 “하니는 참 마음도 여리고 곱고 예쁘기까지 하네요”, “눈물이 많구나 우리 하니” 등 반응을 보였다.\n온라인 중앙일보 [사진 온라인 커뮤니티 캡처]",
        "partNum": "P2",
        "useType": 0,
        "processType": "D",
        "processPattern": "23",
        "processLevel": "중",
        "sentenceCount": 6,
        "processSentencenum": 4,
        "sentenceInfo": [
            {
                "sentenceNo": 1,
                "sentenceContent": "‘3대 천왕’ 하니, 과거 남동생 때문에 눈물 흘려… ‘왜?’ ‘동네 빵집’편으로 진행된 SBS '토요일이 좋다-백종원의 3대 천왕'에서 EXID의 멤버 하니가 녹화 중 눈물을 흘려 화제가 되고 있는 가운데, 과거 동생과의 사연이 다시금 눈길을 끌고 있다.",
                "sentenceSize": 143
            },
            {
                "sentenceNo": 2,
                "sentenceContent": "과거 KBS2 ‘우리는 형제입니다’에 남동생과 함께 출연한 하니, 남동생은 통기타를 들고 연주를 하기 시작했다.",
                "sentenceSize": 62
            },
            {
                "sentenceNo": 3,
                "sentenceContent": "하지만 하니는 갑자기 눈물을 흘리며 울기 시작했다.",
                "sentenceSize": 28
            },
            {
                "sentenceNo": 4,
                "sentenceContent": "하니는 방송에서 그 기타가 자신이 힘들었던 시절 용돈을 모두 털어 동생에게 주었던 선물이라고 밝혔다.",
                "sentenceSize": 56
            },
            {
                "sentenceNo": 5,
                "sentenceContent": "이에 누리꾼들은 “하니는 참 마음도 여리고 곱고 예쁘기까지 하네요”, “눈물이 많구나 우리 하니” 등 반응을 보였다.",
                "sentenceSize": 65
            },
            {
                "sentenceNo": 6,
                "sentenceContent": "온라인 중앙일보 [사진 온라인 커뮤니티 캡처]",
                "sentenceSize": 25
            }
        ]
    },
    "labeledDataInfo": {
        "processSentenceInfo": [
            {
                "sentenceNo": 1,
                "sentenceContent": "‘3대 천왕’ 하니, 과거 남동생 때문에 눈물 흘려… ‘왜?’ ‘동네 빵집’편으로 진행된 SBS '토요일이 좋다-백종원의 3대 천왕'에서 EXID의 멤버 하니가 녹화 중 눈물을 흘려 화제가 되고 있는 가운데, 과거 동생과의 사연이 다시금 눈길을 끌고 있다.",
                "subjectConsistencyYn": "Y"
            },
            {
                "sentenceNo": 2,
                "sentenceContent": "과거 KBS2 ‘우리는 형제입니다’에 남동생과 함께 출연한 하니, 남동생은 통기타를 들고 연주를 하기 시작했다.",
                "subjectConsistencyYn": "Y"
            },
            {
                "sentenceNo": 3,
                "sentenceContent": "하지만 하니는 갑자기 눈물을 흘리며 울기 시작했다.",
                "subjectConsistencyYn": "Y"
            },
            {
                "sentenceNo": 4,
                "sentenceContent": "하니는 방송에서 그 기타가 자신이 힘들었던 시절 용돈을 모두 털어 동생에게 주었던 선물이라고 밝혔다.",
                "subjectConsistencyYn": "Y"
            },
            {
                "sentenceNo": 5,
                "sentenceContent": "이에 누리꾼들은 “하니는 참 마음도 여리고 곱고 예쁘기까지 하네요”, “눈물이 많구나 우리 하니” 등 반응을 보였다.",
                "subjectConsistencyYn": "Y"
            },
            {
                "sentenceNo": 6,
                "sentenceContent": "온라인 중앙일보 [사진 온라인 커뮤니티 캡처]",
                "subjectConsistencyYn": "Y"
            },
            {
                "sentenceNo": 7,
                "sentenceContent": "한편, EXID의 멤버인 하니는 23일 자신의 인스타그램을 통해 10주년 기념 팬미팅 겸 콘서트 ‘EXID 10th Anniversary FAN-CON EXID X LEGGO’의 티켓 오픈을 알렸다.",
                "subjectConsistencyYn": "N"
            },
            {
                "sentenceNo": 8,
                "sentenceContent": "이번 행사는 지난 2016년 EXID의 첫 번째 팬미팅 ‘1st EXID LEGGO PARTY’ 이후 약 6년 만에 열리는 공식 팬 행사이다.",
                "subjectConsistencyYn": "N"
            },
            {
                "sentenceNo": 9,
                "sentenceContent": "‘EXID X LEGGO’는 오는 10월 29일 오후 6시 예스24 라이브홀에서 시작한다.",
                "subjectConsistencyYn": "N"
            },
            {
                "sentenceNo": 10,
                "sentenceContent": "공연은 오프라인 공연과 온라인 스트리밍으로 동시 진행된다.",
                "subjectConsistencyYn": "N"
            }
        ],
        "clickbaitClass": 0
    }
}