{
    "sourceDataInfo": {
        "newsID": "ET_M03_627279",
        "newsCategory": "연예",
        "newsSubcategory": "연예가화제",
        "newsTitle": "장신영, 강경준 사주에 걱정 \\\"홍염살 때문에 여자 잘 붙는다\\\"",
        "newsSubTitle": "",
        "newsContent": "'동상이몽2' 장신영이 강경준의 사주에 경악했다.\n16일 방송된 SBS '동상이몽2-너는 내운명'에서는 장신영과 강경준이 궁합을 보기 위해 철학관을 찾았다.\n이날 사주 전문가는 \\\"강경준은 금이 둘이라 약하다. 금이 필요한 사주다. 장신영은 금 하나지만 토가 3개라서 조합이 잘 맞는다. 남자 입장에서는 이 여자를 만난 게 아주 잘 된 것이다\\\"라고 말했다.\n이어 \\\"서로 끌어안고 보듬고 있는 현상이다. 그러나 남자 사주엔 홍염살이 껴있다. 여자가 많이 접근하는 사주다. 여자가 잘 붙는다\\\"고 설명했다.\n사주 전문가는 \\\"헤어질 운은 없냐\\\"는 질문에 \\\"헤어질 운은 궁합이 좋아도 있을 수 있다. 여자가 (강경준에게) 붙으려면 힘든데 떼려면 안떼진다\\\"고 조언했다.\n이에 장신영은 \\\"오빠는 바람 피우면 진짜 위험하겠다. 떼려고 해도 안 떼어진다고 하지 않았냐\\\"며 걱정했다.",
        "partNum": "P2",
        "useType": 0,
        "processType": "D",
        "processPattern": "23",
        "processLevel": "중",
        "sentenceCount": 6,
        "processSentencenum": 2,
        "sentenceInfo": [
            {
                "sentenceNo": 1,
                "sentenceContent": "'동상이몽2' 장신영이 강경준의 사주에 경악했다.",
                "sentenceSize": 27
            },
            {
                "sentenceNo": 2,
                "sentenceContent": "16일 방송된 SBS '동상이몽2-너는 내운명'에서는 장신영과 강경준이 궁합을 보기 위해 철학관을 찾았다.",
                "sentenceSize": 59
            },
            {
                "sentenceNo": 3,
                "sentenceContent": "이날 사주 전문가는 \\\"강경준은 금이 둘이라 약하다. 금이 필요한 사주다. 장신영은 금 하나지만 토가 3개라서 조합이 잘 맞는다. 남자 입장에서는 이 여자를 만난 게 아주 잘 된 것이다\\\"라고 말했다.",
                "sentenceSize": 112
            },
            {
                "sentenceNo": 4,
                "sentenceContent": "이어 \\\"서로 끌어안고 보듬고 있는 현상이다. 그러나 남자 사주엔 홍염살이 껴있다. 여자가 많이 접근하는 사주다. 여자가 잘 붙는다\\\"고 설명했다.",
                "sentenceSize": 82
            },
            {
                "sentenceNo": 5,
                "sentenceContent": "사주 전문가는 \\\"헤어질 운은 없냐\\\"는 질문에 \\\"헤어질 운은 궁합이 좋아도 있을 수 있다. 여자가 (강경준에게) 붙으려면 힘든데 떼려면 안떼진다\\\"고 조언했다.",
                "sentenceSize": 91
            },
            {
                "sentenceNo": 6,
                "sentenceContent": "이에 장신영은 \\\"오빠는 바람 피우면 진짜 위험하겠다. 떼려고 해도 안 떼어진다고 하지 않았냐\\\"며 걱정했다.",
                "sentenceSize": 61
            }
        ]
    },
    "labeledDataInfo": {
        "processSentenceInfo": [
            {
                "sentenceNo": 1,
                "sentenceContent": "'동상이몽2' 장신영이 강경준의 사주에 경악했다.",
                "subjectConsistencyYn": "Y"
            },
            {
                "sentenceNo": 2,
                "sentenceContent": "16일 방송된 SBS '동상이몽2-너는 내운명'에서는 장신영과 강경준이 궁합을 보기 위해 철학관을 찾았다.",
                "subjectConsistencyYn": "Y"
            },
            {
                "sentenceNo": 3,
                "sentenceContent": "이날 사주 전문가는 \\\"강경준은 금이 둘이라 약하다. 금이 필요한 사주다. 장신영은 금 하나지만 토가 3개라서 조합이 잘 맞는다. 남자 입장에서는 이 여자를 만난 게 아주 잘 된 것이다\\\"라고 말했다.",
                "subjectConsistencyYn": "Y"
            },
            {
                "sentenceNo": 4,
                "sentenceContent": "이어 \\\"서로 끌어안고 보듬고 있는 현상이다. 그러나 남자 사주엔 홍염살이 껴있다. 여자가 많이 접근하는 사주다. 여자가 잘 붙는다\\\"고 설명했다.",
                "subjectConsistencyYn": "Y"
            },
            {
                "sentenceNo": 5,
                "sentenceContent": "사주 전문가는 \\\"헤어질 운은 없냐\\\"는 질문에 \\\"헤어질 운은 궁합이 좋아도 있을 수 있다. 여자가 (강경준에게) 붙으려면 힘든데 떼려면 안떼진다\\\"고 조언했다.",
                "subjectConsistencyYn": "Y"
            },
            {
                "sentenceNo": 6,
                "sentenceContent": "이에 장신영은 \\\"오빠는 바람 피우면 진짜 위험하겠다. 떼려고 해도 안 떼어진다고 하지 않았냐\\\"며 걱정했다.",
                "subjectConsistencyYn": "Y"
            },
            {
                "sentenceNo": 7,
                "sentenceContent": "동상이몽2에서 장신영, 강경준 부부가 사주를 보러간 가운데 집에서도 편하게 카톡과 전화로 사주와 타로를 볼 수 있는 \"티파니 타로\"가 입소문을 타고 있다.",
                "subjectConsistencyYn": "N"
            },
            {
                "sentenceNo": 8,
                "sentenceContent": "\"티파니 타로\" 오픈 카톡방을 통해 가능한 일정을 문의하고 예약할 수 있으며 30분에 3만원, 1시간에 5만원의 가격이 책정되어 있고 전화나 카톡 중 편한 방법으로 사주와 타로를 받을 수 있다.",
                "subjectConsistencyYn": "N"
            }
        ],
        "clickbaitClass": 0
    }
}