{
    "sourceDataInfo": {
        "newsID": "ET_M03_627444",
        "newsCategory": "연예",
        "newsSubcategory": "연예가화제",
        "newsTitle": "\\\"불편하고 이상한 여자…?\\\" 런닝맨 김가연, 멤버들에게 굴욕 당한 이유",
        "newsSubTitle": "",
        "newsContent": "런닝맨 김가연 '런닝맨' 에 출연한 김가연이 멤버들에게 '좀 이상한 여자' '불편한 여자'라고 디스당해 시청자들의 웃음을 자아냈다.\n14일 방송된 SBS 예능프로그램 ‘일요일이 좋다-런닝맨(이하 '런닝맨')’은 미스터리 산장과 7인의 탐정편으로 김가연이 다이아몬드를 도둑맞는 산장주인으로 출연했다.\n김가연과 멤버들에 만남은 처음부터 심상치 않았다.\n털 코트를 입고 등장한 김가연이 멤버들에게 자신을 소개하자 유재석은 \\\"(털 코트를 보고) 삽살개인 줄 알았다\\\" 라고 말해 김가연은 \\\"이거 물 건너 온 코트\\\"라며“내가 요즘 가장 핫한 상속녀다. 가진 건 미모와 돈 뿐이다”라고 강조했다.\n이어서 김가은이 코트를 벗어 시가 200억원에 달한다는 다이아몬드 목걸이를 자랑하자 개리가 \\\"경동시장에서 본 것 같다\\\"라고 받아쳐 또 한번 굴욕을 당했다.\n이후 김가연은 강력한 카리스마로 손님들에게 자꾸만 심부름을 시켜 눈길을 끌었다.\n극중 하하는 김가연에게 심부름을 당하면서 \\\"그냥 우리끼리 놀겠다. 손님이 왕인데 자꾸 뭘 시킨다\\\" 며 \\\"좀 이상한 여자 같았다\\\"라고 불만을 털어놨고, 유재석도 김가연을 \\\"불편한 여자\\\"라며 \\\"주인을 좀 바꿔달라\\\"고 발언해 폭소를 이끌어냈다.",
        "partNum": "P2",
        "useType": 0,
        "processType": "D",
        "processPattern": "23",
        "processLevel": "중",
        "sentenceCount": 7,
        "processSentencenum": 2,
        "sentenceInfo": [
            {
                "sentenceNo": 1,
                "sentenceContent": "런닝맨 김가연 '런닝맨' 에 출연한 김가연이 멤버들에게 '좀 이상한 여자' '불편한 여자'라고 디스당해 시청자들의 웃음을 자아냈다.",
                "sentenceSize": 73
            },
            {
                "sentenceNo": 2,
                "sentenceContent": "14일 방송된 SBS 예능프로그램 ‘일요일이 좋다-런닝맨(이하 '런닝맨')’은 미스터리 산장과 7인의 탐정편으로 김가연이 다이아몬드를 도둑맞는 산장주인으로 출연했다.",
                "sentenceSize": 92
            },
            {
                "sentenceNo": 3,
                "sentenceContent": "김가연과 멤버들에 만남은 처음부터 심상치 않았다.",
                "sentenceSize": 27
            },
            {
                "sentenceNo": 4,
                "sentenceContent": "털 코트를 입고 등장한 김가연이 멤버들에게 자신을 소개하자 유재석은 \\\"(털 코트를 보고) 삽살개인 줄 알았다\\\" 라고 말해 김가연은 \\\"이거 물 건너 온 코트\\\"라며“내가 요즘 가장 핫한 상속녀다. 가진 건 미모와 돈 뿐이다”라고 강조했다.",
                "sentenceSize": 135
            },
            {
                "sentenceNo": 5,
                "sentenceContent": "이어서 김가은이 코트를 벗어 시가 200억원에 달한다는 다이아몬드 목걸이를 자랑하자 개리가 \\\"경동시장에서 본 것 같다\\\"라고 받아쳐 또 한번 굴욕을 당했다.",
                "sentenceSize": 88
            },
            {
                "sentenceNo": 6,
                "sentenceContent": "이후 김가연은 강력한 카리스마로 손님들에게 자꾸만 심부름을 시켜 눈길을 끌었다.",
                "sentenceSize": 44
            },
            {
                "sentenceNo": 7,
                "sentenceContent": "극중 하하는 김가연에게 심부름을 당하면서 \\\"그냥 우리끼리 놀겠다. 손님이 왕인데 자꾸 뭘 시킨다\\\" 며 \\\"좀 이상한 여자 같았다\\\"라고 불만을 털어놨고, 유재석도 김가연을 \\\"불편한 여자\\\"라며 \\\"주인을 좀 바꿔달라\\\"고 발언해 폭소를 이끌어냈다.",
                "sentenceSize": 141
            }
        ]
    },
    "labeledDataInfo": {
        "processSentenceInfo": [
            {
                "sentenceNo": 1,
                "sentenceContent": "런닝맨 김가연 '런닝맨' 에 출연한 김가연이 멤버들에게 '좀 이상한 여자' '불편한 여자'라고 디스당해 시청자들의 웃음을 자아냈다.",
                "subjectConsistencyYn": "Y"
            },
            {
                "sentenceNo": 2,
                "sentenceContent": "14일 방송된 SBS 예능프로그램 ‘일요일이 좋다-런닝맨(이하 '런닝맨')’은 미스터리 산장과 7인의 탐정편으로 김가연이 다이아몬드를 도둑맞는 산장주인으로 출연했다.",
                "subjectConsistencyYn": "Y"
            },
            {
                "sentenceNo": 3,
                "sentenceContent": "김가연과 멤버들에 만남은 처음부터 심상치 않았다.",
                "subjectConsistencyYn": "Y"
            },
            {
                "sentenceNo": 4,
                "sentenceContent": "털 코트를 입고 등장한 김가연이 멤버들에게 자신을 소개하자 유재석은 \\\"(털 코트를 보고) 삽살개인 줄 알았다\\\" 라고 말해 김가연은 \\\"이거 물 건너 온 코트\\\"라며“내가 요즘 가장 핫한 상속녀다. 가진 건 미모와 돈 뿐이다”라고 강조했다.",
                "subjectConsistencyYn": "Y"
            },
            {
                "sentenceNo": 5,
                "sentenceContent": "이어서 김가은이 코트를 벗어 시가 200억원에 달한다는 다이아몬드 목걸이를 자랑하자 개리가 \\\"경동시장에서 본 것 같다\\\"라고 받아쳐 또 한번 굴욕을 당했다.",
                "subjectConsistencyYn": "Y"
            },
            {
                "sentenceNo": 6,
                "sentenceContent": "이후 김가연은 강력한 카리스마로 손님들에게 자꾸만 심부름을 시켜 눈길을 끌었다.",
                "subjectConsistencyYn": "Y"
            },
            {
                "sentenceNo": 7,
                "sentenceContent": "극중 하하는 김가연에게 심부름을 당하면서 \\\"그냥 우리끼리 놀겠다. 손님이 왕인데 자꾸 뭘 시킨다\\\" 며 \\\"좀 이상한 여자 같았다\\\"라고 불만을 털어놨고, 유재석도 김가연을 \\\"불편한 여자\\\"라며 \\\"주인을 좀 바꿔달라\\\"고 발언해 폭소를 이끌어냈다.",
                "subjectConsistencyYn": "Y"
            },
            {
                "sentenceNo": 8,
                "sentenceContent": "이 밖에도, 김가연은 '1호가 될 순 없어'에 출연해 남편 임요한과의 첫 만남 비하인드를 공개하는 등 활발한 활동을 이어가며 시청자들의 사랑을 받고 있다. ",
                "subjectConsistencyYn": "N"
            },
            {
                "sentenceNo": 9,
                "sentenceContent": "김가연과 임요한의 결혼 스토리를 들을 수 있는 '1호가 될 순 없어'는 오는 23일 밤 10시 JTBC에서 방송된다. ",
                "subjectConsistencyYn": "N"
            }
        ],
        "clickbaitClass": 0
    }
}