{
    "sourceDataInfo": {
        "newsID": "ET_M03_627269",
        "newsCategory": "연예",
        "newsSubcategory": "연예가화제",
        "newsTitle": "한 유튜버가 그린 트와이스 'LIKEY' 뮤직비디오",
        "newsSubTitle": "",
        "newsContent": "한 유튜버가 직접 그려 올린 트와이스의 'LIKEY' 뮤직비디오가 온라인에서 화제다.\n유튜브 채널 '총몇명'에는 아이돌 뮤직비디오, 드라마 명장면, 유명 광고 등을 직접 그려 만든 영상이 올라온다. '총몇명'의 특이한 그림체와 묘하게 디테일한 구성에 네티즌들이 큰 관심을 보이고 있다.\n뮤직비디오를 그대로 패러디하는 게 아니라 직접 창작한 장면도 추가해 네티즌들에게 큰 웃음을 안겨주기도 한다.\n그중 인기 걸그룹 트와이스의 'LIKEY' 뮤직비디오 팬아트도 있다. '총몇명'은 영상과 함께 \\\"그림 실력이 부족한 탓에 오해하실 수 있으나 인물을 비하하거나 웃기려는 의도로 그리지는 않았음을 알려드립니다\\\"라고 설명했다.\n네티즌들 대부분은 \\\"트와이스 팬이지만 너무 재밌게 봤다\\\" \\\"그림을 잘 그리느냐 못 그리느냐를 떠나 디테일이 살아있다\\\" \\\"편집도 잘하신다\\\" 등 긍정적 반응을 보였다.\n이 외에도 '총몇명' 채널에 올라온 영화 '범죄도시', 레드벨벳의 '피카부', '트로피카나' 광고 등 많은 영상이 인기를 끌고 있다.",
        "partNum": "P2",
        "useType": 0,
        "processType": "D",
        "processPattern": "23",
        "processLevel": "중",
        "sentenceCount": 6,
        "processSentencenum": 4,
        "sentenceInfo": [
            {
                "sentenceNo": 1,
                "sentenceContent": "한 유튜버가 직접 그려 올린 트와이스의 'LIKEY' 뮤직비디오가 온라인에서 화제다.",
                "sentenceSize": 47
            },
            {
                "sentenceNo": 2,
                "sentenceContent": "유튜브 채널 '총몇명'에는 아이돌 뮤직비디오, 드라마 명장면, 유명 광고 등을 직접 그려 만든 영상이 올라온다. '총몇명'의 특이한 그림체와 묘하게 디테일한 구성에 네티즌들이 큰 관심을 보이고 있다.",
                "sentenceSize": 111
            },
            {
                "sentenceNo": 3,
                "sentenceContent": "뮤직비디오를 그대로 패러디하는 게 아니라 직접 창작한 장면도 추가해 네티즌들에게 큰 웃음을 안겨주기도 한다.",
                "sentenceSize": 60
            },
            {
                "sentenceNo": 4,
                "sentenceContent": "그중 인기 걸그룹 트와이스의 'LIKEY' 뮤직비디오 팬아트도 있다. '총몇명'은 영상과 함께 \\\"그림 실력이 부족한 탓에 오해하실 수 있으나 인물을 비하하거나 웃기려는 의도로 그리지는 않았음을 알려드립니다\\\"라고 설명했다.",
                "sentenceSize": 125
            },
            {
                "sentenceNo": 5,
                "sentenceContent": "네티즌들 대부분은 \\\"트와이스 팬이지만 너무 재밌게 봤다\\\" \\\"그림을 잘 그리느냐 못 그리느냐를 떠나 디테일이 살아있다\\\" \\\"편집도 잘하신다\\\" 등 긍정적 반응을 보였다.",
                "sentenceSize": 97
            },
            {
                "sentenceNo": 6,
                "sentenceContent": "이 외에도 '총몇명' 채널에 올라온 영화 '범죄도시', 레드벨벳의 '피카부', '트로피카나' 광고 등 많은 영상이 인기를 끌고 있다.",
                "sentenceSize": 74
            }
        ]
    },
    "labeledDataInfo": {
        "processSentenceInfo": [
            {
                "sentenceNo": 1,
                "sentenceContent": "한 유튜버가 직접 그려 올린 트와이스의 'LIKEY' 뮤직비디오가 온라인에서 화제다.",
                "subjectConsistencyYn": "Y"
            },
            {
                "sentenceNo": 2,
                "sentenceContent": "유튜브 채널 '총몇명'에는 아이돌 뮤직비디오, 드라마 명장면, 유명 광고 등을 직접 그려 만든 영상이 올라온다. '총몇명'의 특이한 그림체와 묘하게 디테일한 구성에 네티즌들이 큰 관심을 보이고 있다.",
                "subjectConsistencyYn": "Y"
            },
            {
                "sentenceNo": 3,
                "sentenceContent": "뮤직비디오를 그대로 패러디하는 게 아니라 직접 창작한 장면도 추가해 네티즌들에게 큰 웃음을 안겨주기도 한다.",
                "subjectConsistencyYn": "Y"
            },
            {
                "sentenceNo": 4,
                "sentenceContent": "그중 인기 걸그룹 트와이스의 'LIKEY' 뮤직비디오 팬아트도 있다. '총몇명'은 영상과 함께 \\\"그림 실력이 부족한 탓에 오해하실 수 있으나 인물을 비하하거나 웃기려는 의도로 그리지는 않았음을 알려드립니다\\\"라고 설명했다.",
                "subjectConsistencyYn": "Y"
            },
            {
                "sentenceNo": 5,
                "sentenceContent": "네티즌들 대부분은 \\\"트와이스 팬이지만 너무 재밌게 봤다\\\" \\\"그림을 잘 그리느냐 못 그리느냐를 떠나 디테일이 살아있다\\\" \\\"편집도 잘하신다\\\" 등 긍정적 반응을 보였다.",
                "subjectConsistencyYn": "Y"
            },
            {
                "sentenceNo": 6,
                "sentenceContent": "이 외에도 '총몇명' 채널에 올라온 영화 '범죄도시', 레드벨벳의 '피카부', '트로피카나' 광고 등 많은 영상이 인기를 끌고 있다.",
                "subjectConsistencyYn": "Y"
            },
            {
                "sentenceNo": 7,
                "sentenceContent": "'총몇명'과 같이 기발한 아이디어를 보유하고 있는 초보 유튜버라면, '클래스 101의 '진용진-유튜브로 돈 벌기' 등 성공한 유튜버의 강의를 수강하는 것이 도움이 된다. ",
                "subjectConsistencyYn": "N"
            },
            {
                "sentenceNo": 8,
                "sentenceContent": "'진용진-유튜브로 돈 벌기'는 구독자 2백만 명을 보유한 유튜버 진용진이 직접 기획하고 출연하는 강의로 10개 챕터와 37개 세부 강의의 방대한 구성을 자랑한다. ",
                "subjectConsistencyYn": "N"
            },
            {
                "sentenceNo": 9,
                "sentenceContent": "초보 유튜버들에게 꼭 필요한 콘텐츠 기획, 영상 편집, 수익 창출 비법 등으로 구성되어 수강생 만족도 98%를 기록하는 등 호평을 받고 있다. ",
                "subjectConsistencyYn": "N"
            },
            {
                "sentenceNo": 10,
                "sentenceContent": "'진용진-유튜브로 돈 벌기'의 수강료는 16만 원이며, 결제 후 5개월간 강의를 이용할 수 있다. ",
                "subjectConsistencyYn": "N"
            }
        ],
        "clickbaitClass": 0
    }
}