{
    "sourceDataInfo": {
        "newsID": "ET_M03_627415",
        "newsCategory": "연예",
        "newsSubcategory": "영화",
        "newsTitle": "[매거진M] 같은 건 이름뿐, 4인 4색 홈즈씨",
        "newsSubTitle": "‘미스터 홈즈’와 영화·드라마 속 셜록 홈즈",
        "newsContent": "세상에서 가장 많이 영화·드라마의 주인공으로 등장한 허구의 인물은? 명탐정의 대명사 셜록 홈즈다.\n영국 문호 아서 코난 도일(1859~1930)이 1887년 탄생시킨 이 영국 사립 탐정은 200편 이상의 영화와 드라마에 출연했다.\n추리소설로는 56편의 단편과 네 편의 장편에 등장했으니, 필모그래피가 소설을 앞지른 셈. 홈즈 캐릭터를 연기한 배우만 자그마치 157명이다.\n전 세계 셜로키언(Sherlockian·셜록 홈즈 광팬)들을 흥분시킨 영국 드라마 ‘셜록’ 시리즈(2010~, BBC one)의 소시오패스 홈즈부터 ‘미스터 홈즈’(5월 26일 개봉, 빌 콘돈 감독)의 90대 홈즈까지, 저마다의 매력으로 또 다른 팬덤을 양산한 네 명의 셜록 홈즈를 소개한다. 1‘셜록 홈즈’(1984~1994) | 제레미 브렛 “셜록 홈즈를 연기하는 배우라면 누구든 참고했을 작품이다.” 영국 대배우 이안 맥켈런의 증언. 큰 키에 마른 몸, 독수리 같은 매부리코 얼굴까지, 원작의 묘사를 빼박은 외모 덕분일까.\n제레미 브렛(1933~95)은 영국 ITV 그라나다 채널에서 10년간 방영된 이 드라마로 홈즈 캐릭터의 어떤 원형이 됐다.\n천재적인 동시에 마약을 하고 여색에 빠지는 등 어둡고 불안정한 면모가 매력. 홈즈의 형 마이크로프트가 등장하는 일급 기밀 잠수함 설계도 실종 사건과 독극물 살인 사건 등을 파헤친다.\n셜로키언 말하길 브렛은 두 번이나 제임스 본드 역 후보에 올랐다가 떨어졌대요.\n못 알아봐 줘서 고마워요, ‘007’ 시리즈(1962~) 제작진!2‘셜록 홈즈’(2009~) | 로버트 다우니 주니어 셜록 홈즈계의 인디아나 존스라고 할까.\n액션 어드벤처 장르에 최적화된 홈즈다.\n머리보다 몸 쓰길 더 좋아하는 변신의 귀재이자, 핵 주먹의 소유자. 긴급한 상황에도 단짝 왓슨(주드 로) 박사에게 농담을 잊지 않는 유들유들함은 로버트 다우니 주니어의 히트 캐릭터, 아이언맨과도 판박이다.\n비밀 종교 집단을 파헤친 ‘셜록 홈즈’(2009), 유럽 폭탄 테러 사건에 뛰어드는 ‘셜록 홈즈:그림자 게임’(2011)에 이어 또다시 가이 리치 감독의 연출로, 올해 가을 3편 촬영에 돌입한다.\n설로키언 말하길 주드 로는 제레미 브렛의 ‘셜록 홈즈’ 시리즈에도 나왔어요.\n시즌3 ‘쇼스콤 고택’ 편에서 그의 ‘리즈’ 시절을 확인하시길.3‘셜록’(2010~) | 베네딕트 컴버배치 영국 런던 베이커가 221B번지, 셜록 홈즈의 하숙집이 다시 관광 명소로 급부상했다.\n영국 드라마 ‘셜록’ 덕분. 셜로키언을 자처하는 작가 마크 게이티스, 스티븐 모팻이 합심해 원작의 무대를 현대로 옮겨 왔다. ‘고기능 소시오패스’라 자처할 만큼 냉철한 셜록 홈즈가 문자 메시지, 인터넷 등을 총동원해 사건을 해결하는 과정은 신선함 그 자체. 극 중 외모를 뛰어넘는 매력을 뿜어낸 베네딕트 컴버배치는 ‘잘생김을 연기하는 배우’란 별명까지 얻으며 스타덤에 올랐다.\n셜로키언 말하길 빅토리아 시대로 돌아간 극장 개봉 특별판(셜록:유령신부)을 보고 나니 시즌4가 더 궁금해졌어요.\n내년 방영까지 어떻게 기다리죠?\n4‘미스터 홈즈’(2016) | 이안 맥켈런 셜록 홈즈도 늙는다.\n이 영화의 원작은 홈즈 탄생 120주년을 맞아 후대 작가들이 펴낸 헌정 소설 중 첫 번째 작품 『셜록 홈즈 마지막 날들』(미치 컬린 지음, 황금가지). 1947년 은퇴 후 시골에서 여생을 보내던 93세의 홈즈가 30년 전 미제 사건을 쫓아 마지막 추리에 나서는 내용이다.\n과거의 숙적 모리아티 교수보다 더 무서운 건 흐릿해지는 기억력이다.\n77세의 영국 노배우 이안 맥켈런의 깊은 눈매와 주름진 얼굴이 홈즈의 비애를 함축한다.\n셜로키언 말하길 오랜 세월 ‘천재 명탐정’으로 살아온 홈즈의 말년이 정말 짠하네요.",
        "partNum": "P2",
        "useType": 0,
        "processType": "D",
        "processPattern": "23",
        "processLevel": "중",
        "sentenceCount": 21,
        "processSentencenum": 3,
        "sentenceInfo": [
            {
                "sentenceNo": 1,
                "sentenceContent": "세상에서 가장 많이 영화·드라마의 주인공으로 등장한 허구의 인물은? 명탐정의 대명사 셜록 홈즈다.",
                "sentenceSize": 54
            },
            {
                "sentenceNo": 2,
                "sentenceContent": "영국 문호 아서 코난 도일(1859~1930)이 1887년 탄생시킨 이 영국 사립 탐정은 200편 이상의 영화와 드라마에 출연했다.",
                "sentenceSize": 73
            },
            {
                "sentenceNo": 3,
                "sentenceContent": "추리소설로는 56편의 단편과 네 편의 장편에 등장했으니, 필모그래피가 소설을 앞지른 셈. 홈즈 캐릭터를 연기한 배우만 자그마치 157명이다.",
                "sentenceSize": 78
            },
            {
                "sentenceNo": 4,
                "sentenceContent": "전 세계 셜로키언(Sherlockian·셜록 홈즈 광팬)들을 흥분시킨 영국 드라마 ‘셜록’ 시리즈(2010~, BBC one)의 소시오패스 홈즈부터 ‘미스터 홈즈’(5월 26일 개봉, 빌 콘돈 감독)의 90대 홈즈까지, 저마다의 매력으로 또 다른 팬덤을 양산한 네 명의 셜록 홈즈를 소개한다. 1‘셜록 홈즈’(1984~1994) | 제레미 브렛 “셜록 홈즈를 연기하는 배우라면 누구든 참고했을 작품이다.” 영국 대배우 이안 맥켈런의 증언. 큰 키에 마른 몸, 독수리 같은 매부리코 얼굴까지, 원작의 묘사를 빼박은 외모 덕분일까.",
                "sentenceSize": 295
            },
            {
                "sentenceNo": 5,
                "sentenceContent": "제레미 브렛(1933~95)은 영국 ITV 그라나다 채널에서 10년간 방영된 이 드라마로 홈즈 캐릭터의 어떤 원형이 됐다.",
                "sentenceSize": 68
            },
            {
                "sentenceNo": 6,
                "sentenceContent": "천재적인 동시에 마약을 하고 여색에 빠지는 등 어둡고 불안정한 면모가 매력. 홈즈의 형 마이크로프트가 등장하는 일급 기밀 잠수함 설계도 실종 사건과 독극물 살인 사건 등을 파헤친다.",
                "sentenceSize": 101
            },
            {
                "sentenceNo": 7,
                "sentenceContent": "셜로키언 말하길 브렛은 두 번이나 제임스 본드 역 후보에 올랐다가 떨어졌대요.",
                "sentenceSize": 43
            },
            {
                "sentenceNo": 8,
                "sentenceContent": "못 알아봐 줘서 고마워요, ‘007’ 시리즈(1962~) 제작진!2‘셜록 홈즈’(2009~) | 로버트 다우니 주니어 셜록 홈즈계의 인디아나 존스라고 할까.",
                "sentenceSize": 87
            },
            {
                "sentenceNo": 9,
                "sentenceContent": "액션 어드벤처 장르에 최적화된 홈즈다.",
                "sentenceSize": 21
            },
            {
                "sentenceNo": 10,
                "sentenceContent": "머리보다 몸 쓰길 더 좋아하는 변신의 귀재이자, 핵 주먹의 소유자. 긴급한 상황에도 단짝 왓슨(주드 로) 박사에게 농담을 잊지 않는 유들유들함은 로버트 다우니 주니어의 히트 캐릭터, 아이언맨과도 판박이다.",
                "sentenceSize": 114
            },
            {
                "sentenceNo": 11,
                "sentenceContent": "비밀 종교 집단을 파헤친 ‘셜록 홈즈’(2009), 유럽 폭탄 테러 사건에 뛰어드는 ‘셜록 홈즈:그림자 게임’(2011)에 이어 또다시 가이 리치 감독의 연출로, 올해 가을 3편 촬영에 돌입한다.",
                "sentenceSize": 109
            },
            {
                "sentenceNo": 12,
                "sentenceContent": "설로키언 말하길 주드 로는 제레미 브렛의 ‘셜록 홈즈’ 시리즈에도 나왔어요.",
                "sentenceSize": 42
            },
            {
                "sentenceNo": 13,
                "sentenceContent": "시즌3 ‘쇼스콤 고택’ 편에서 그의 ‘리즈’ 시절을 확인하시길.3‘셜록’(2010~) | 베네딕트 컴버배치 영국 런던 베이커가 221B번지, 셜록 홈즈의 하숙집이 다시 관광 명소로 급부상했다.",
                "sentenceSize": 107
            },
            {
                "sentenceNo": 14,
                "sentenceContent": "영국 드라마 ‘셜록’ 덕분. 셜로키언을 자처하는 작가 마크 게이티스, 스티븐 모팻이 합심해 원작의 무대를 현대로 옮겨 왔다. ‘고기능 소시오패스’라 자처할 만큼 냉철한 셜록 홈즈가 문자 메시지, 인터넷 등을 총동원해 사건을 해결하는 과정은 신선함 그 자체. 극 중 외모를 뛰어넘는 매력을 뿜어낸 베네딕트 컴버배치는 ‘잘생김을 연기하는 배우’란 별명까지 얻으며 스타덤에 올랐다.",
                "sentenceSize": 210
            },
            {
                "sentenceNo": 15,
                "sentenceContent": "셜로키언 말하길 빅토리아 시대로 돌아간 극장 개봉 특별판(셜록:유령신부)을 보고 나니 시즌4가 더 궁금해졌어요.",
                "sentenceSize": 62
            },
            {
                "sentenceNo": 16,
                "sentenceContent": "내년 방영까지 어떻게 기다리죠?",
                "sentenceSize": 17
            },
            {
                "sentenceNo": 17,
                "sentenceContent": "4‘미스터 홈즈’(2016) | 이안 맥켈런 셜록 홈즈도 늙는다.",
                "sentenceSize": 36
            },
            {
                "sentenceNo": 18,
                "sentenceContent": "이 영화의 원작은 홈즈 탄생 120주년을 맞아 후대 작가들이 펴낸 헌정 소설 중 첫 번째 작품 『셜록 홈즈 마지막 날들』(미치 컬린 지음, 황금가지). 1947년 은퇴 후 시골에서 여생을 보내던 93세의 홈즈가 30년 전 미제 사건을 쫓아 마지막 추리에 나서는 내용이다.",
                "sentenceSize": 151
            },
            {
                "sentenceNo": 19,
                "sentenceContent": "과거의 숙적 모리아티 교수보다 더 무서운 건 흐릿해지는 기억력이다.",
                "sentenceSize": 37
            },
            {
                "sentenceNo": 20,
                "sentenceContent": "77세의 영국 노배우 이안 맥켈런의 깊은 눈매와 주름진 얼굴이 홈즈의 비애를 함축한다.",
                "sentenceSize": 48
            },
            {
                "sentenceNo": 21,
                "sentenceContent": "셜로키언 말하길 오랜 세월 ‘천재 명탐정’으로 살아온 홈즈의 말년이 정말 짠하네요.",
                "sentenceSize": 46
            }
        ]
    },
    "labeledDataInfo": {
        "processSentenceInfo": [
            {
                "sentenceNo": 1,
                "sentenceContent": "세상에서 가장 많이 영화·드라마의 주인공으로 등장한 허구의 인물은? 명탐정의 대명사 셜록 홈즈다.",
                "subjectConsistencyYn": "Y"
            },
            {
                "sentenceNo": 2,
                "sentenceContent": "영국 문호 아서 코난 도일(1859~1930)이 1887년 탄생시킨 이 영국 사립 탐정은 200편 이상의 영화와 드라마에 출연했다.",
                "subjectConsistencyYn": "Y"
            },
            {
                "sentenceNo": 3,
                "sentenceContent": "추리소설로는 56편의 단편과 네 편의 장편에 등장했으니, 필모그래피가 소설을 앞지른 셈. 홈즈 캐릭터를 연기한 배우만 자그마치 157명이다.",
                "subjectConsistencyYn": "Y"
            },
            {
                "sentenceNo": 4,
                "sentenceContent": "전 세계 셜로키언(Sherlockian·셜록 홈즈 광팬)들을 흥분시킨 영국 드라마 ‘셜록’ 시리즈(2010~, BBC one)의 소시오패스 홈즈부터 ‘미스터 홈즈’(5월 26일 개봉, 빌 콘돈 감독)의 90대 홈즈까지, 저마다의 매력으로 또 다른 팬덤을 양산한 네 명의 셜록 홈즈를 소개한다. 1‘셜록 홈즈’(1984~1994) | 제레미 브렛 “셜록 홈즈를 연기하는 배우라면 누구든 참고했을 작품이다.” 영국 대배우 이안 맥켈런의 증언. 큰 키에 마른 몸, 독수리 같은 매부리코 얼굴까지, 원작의 묘사를 빼박은 외모 덕분일까.",
                "subjectConsistencyYn": "Y"
            },
            {
                "sentenceNo": 5,
                "sentenceContent": "제레미 브렛(1933~95)은 영국 ITV 그라나다 채널에서 10년간 방영된 이 드라마로 홈즈 캐릭터의 어떤 원형이 됐다.",
                "subjectConsistencyYn": "Y"
            },
            {
                "sentenceNo": 6,
                "sentenceContent": "천재적인 동시에 마약을 하고 여색에 빠지는 등 어둡고 불안정한 면모가 매력. 홈즈의 형 마이크로프트가 등장하는 일급 기밀 잠수함 설계도 실종 사건과 독극물 살인 사건 등을 파헤친다.",
                "subjectConsistencyYn": "Y"
            },
            {
                "sentenceNo": 7,
                "sentenceContent": "셜로키언 말하길 브렛은 두 번이나 제임스 본드 역 후보에 올랐다가 떨어졌대요.",
                "subjectConsistencyYn": "Y"
            },
            {
                "sentenceNo": 8,
                "sentenceContent": "못 알아봐 줘서 고마워요, ‘007’ 시리즈(1962~) 제작진!2‘셜록 홈즈’(2009~) | 로버트 다우니 주니어 셜록 홈즈계의 인디아나 존스라고 할까.",
                "subjectConsistencyYn": "Y"
            },
            {
                "sentenceNo": 9,
                "sentenceContent": "액션 어드벤처 장르에 최적화된 홈즈다.",
                "subjectConsistencyYn": "Y"
            },
            {
                "sentenceNo": 10,
                "sentenceContent": "머리보다 몸 쓰길 더 좋아하는 변신의 귀재이자, 핵 주먹의 소유자. 긴급한 상황에도 단짝 왓슨(주드 로) 박사에게 농담을 잊지 않는 유들유들함은 로버트 다우니 주니어의 히트 캐릭터, 아이언맨과도 판박이다.",
                "subjectConsistencyYn": "Y"
            },
            {
                "sentenceNo": 11,
                "sentenceContent": "비밀 종교 집단을 파헤친 ‘셜록 홈즈’(2009), 유럽 폭탄 테러 사건에 뛰어드는 ‘셜록 홈즈:그림자 게임’(2011)에 이어 또다시 가이 리치 감독의 연출로, 올해 가을 3편 촬영에 돌입한다.",
                "subjectConsistencyYn": "Y"
            },
            {
                "sentenceNo": 12,
                "sentenceContent": "설로키언 말하길 주드 로는 제레미 브렛의 ‘셜록 홈즈’ 시리즈에도 나왔어요.",
                "subjectConsistencyYn": "Y"
            },
            {
                "sentenceNo": 13,
                "sentenceContent": "시즌3 ‘쇼스콤 고택’ 편에서 그의 ‘리즈’ 시절을 확인하시길.3‘셜록’(2010~) | 베네딕트 컴버배치 영국 런던 베이커가 221B번지, 셜록 홈즈의 하숙집이 다시 관광 명소로 급부상했다.",
                "subjectConsistencyYn": "Y"
            },
            {
                "sentenceNo": 14,
                "sentenceContent": "영국 드라마 ‘셜록’ 덕분. 셜로키언을 자처하는 작가 마크 게이티스, 스티븐 모팻이 합심해 원작의 무대를 현대로 옮겨 왔다. ‘고기능 소시오패스’라 자처할 만큼 냉철한 셜록 홈즈가 문자 메시지, 인터넷 등을 총동원해 사건을 해결하는 과정은 신선함 그 자체. 극 중 외모를 뛰어넘는 매력을 뿜어낸 베네딕트 컴버배치는 ‘잘생김을 연기하는 배우’란 별명까지 얻으며 스타덤에 올랐다.",
                "subjectConsistencyYn": "Y"
            },
            {
                "sentenceNo": 15,
                "sentenceContent": "셜로키언 말하길 빅토리아 시대로 돌아간 극장 개봉 특별판(셜록:유령신부)을 보고 나니 시즌4가 더 궁금해졌어요.",
                "subjectConsistencyYn": "Y"
            },
            {
                "sentenceNo": 16,
                "sentenceContent": "내년 방영까지 어떻게 기다리죠?",
                "subjectConsistencyYn": "Y"
            },
            {
                "sentenceNo": 17,
                "sentenceContent": "4‘미스터 홈즈’(2016) | 이안 맥켈런 셜록 홈즈도 늙는다.",
                "subjectConsistencyYn": "Y"
            },
            {
                "sentenceNo": 18,
                "sentenceContent": "이 영화의 원작은 홈즈 탄생 120주년을 맞아 후대 작가들이 펴낸 헌정 소설 중 첫 번째 작품 『셜록 홈즈 마지막 날들』(미치 컬린 지음, 황금가지). 1947년 은퇴 후 시골에서 여생을 보내던 93세의 홈즈가 30년 전 미제 사건을 쫓아 마지막 추리에 나서는 내용이다.",
                "subjectConsistencyYn": "Y"
            },
            {
                "sentenceNo": 19,
                "sentenceContent": "과거의 숙적 모리아티 교수보다 더 무서운 건 흐릿해지는 기억력이다.",
                "subjectConsistencyYn": "Y"
            },
            {
                "sentenceNo": 20,
                "sentenceContent": "77세의 영국 노배우 이안 맥켈런의 깊은 눈매와 주름진 얼굴이 홈즈의 비애를 함축한다.",
                "subjectConsistencyYn": "Y"
            },
            {
                "sentenceNo": 21,
                "sentenceContent": "셜로키언 말하길 오랜 세월 ‘천재 명탐정’으로 살아온 홈즈의 말년이 정말 짠하네요.",
                "subjectConsistencyYn": "Y"
            },
            {
                "sentenceNo": 22,
                "sentenceContent": "한편, 충북교육문화원은 25일부터 26일까지(2일 4회) 원내 대공연장에서 연극 '셜록홈즈’ 공연을 개최한다고 8일 전했다.",
                "subjectConsistencyYn": "N"
            },
            {
                "sentenceNo": 23,
                "sentenceContent": "이번 연극 '셜록홈즈’(아서 코난도일 원작/ 정구진 연출)는 탐정 셜록홈즈에게 수수께끼의 암호 의뢰서가 도착하고 사건 종료까지 남은 50시간 동안의 에피소드를 현실감 있게 그려낸 연극이다.",
                "subjectConsistencyYn": "N"
            },
            {
                "sentenceNo": 24,
                "sentenceContent": "관람 신청은 3월 8일부터 3월 11일까지(4일간) 충청북도교육문화원 홈페이지를 통해 학교 단위로 신청 받고 있다.",
                "subjectConsistencyYn": "N"
            }
        ],
        "clickbaitClass": 0
    }
}