{
    "sourceDataInfo": {
        "newsID": "ET_M03_627335",
        "newsCategory": "연예",
        "newsSubcategory": "연예가화제",
        "newsTitle": "박정욱 측 “가인 언급한 인물 아냐…동명이인일 뿐”",
        "newsSubTitle": "",
        "newsContent": "가수 가인(30)이 자신에게 대마초를 권유한 인물의 이름을 폭로한 가운데 동명이인 모델 겸 배우 박정욱이 연관설에 대해 부인했다.\n4일 박정욱의 소속사 다인엔터테인먼트 측은 다수의 매체를 통해 “현재 가인에게 대마초를 권한 것으로 알려진 박정욱은, 모델 출신 배우 박정욱이 아니다. 박정욱은 94년생으로 연배도 맞지 않는다. 특히 두 사람과는 전혀 친분이 없다”고 일축했다.\n앞서 가인은 자신의 인스타그램에 “권유한 것은 맞지만, 본인은 절대 하지 않았다고 하니 그건 그분이 알아서 할 일입니다. 공황장애인 내가 왜 경찰서까지 피곤하네”라고 적었다.\n주지훈 측은 이와 관련해 “경찰로부터 소환 통보를 받은 적이 없다”고 밝혔다.\n이와 관련 가인이 말한 박정욱의 정체에 대한 네티즌의 관심이 증폭되는 가운데 동명이인이자 모델인 박정욱이 곤욕을 치르고 있다.\n이어 가인은 “광고 안 찍어도 된다. 쓰고 먹고 죽어도 남을 만큼 벌어놨다”며 “앞으로 3개월마다 자진해서 마약 검사 하겠다”며 의혹에 대해 부인했다.\n한편 가인의 폭로에 서울지방경찰청 광역수사대 마약수사계는 5일 가인이 SNS에 마약 관련 언급을 한 만큼 혐의점이 있는지 살펴볼 필요가 있다고 밝혔다.\n경찰은 이번 주 안에 관련 대상자들을 우선 소환할 방침이라고 전했다.",
        "partNum": "P2",
        "useType": 0,
        "processType": "D",
        "processPattern": "23",
        "processLevel": "중",
        "sentenceCount": 8,
        "processSentencenum": 3,
        "sentenceInfo": [
            {
                "sentenceNo": 1,
                "sentenceContent": "가수 가인(30)이 자신에게 대마초를 권유한 인물의 이름을 폭로한 가운데 동명이인 모델 겸 배우 박정욱이 연관설에 대해 부인했다.",
                "sentenceSize": 72
            },
            {
                "sentenceNo": 2,
                "sentenceContent": "4일 박정욱의 소속사 다인엔터테인먼트 측은 다수의 매체를 통해 “현재 가인에게 대마초를 권한 것으로 알려진 박정욱은, 모델 출신 배우 박정욱이 아니다. 박정욱은 94년생으로 연배도 맞지 않는다. 특히 두 사람과는 전혀 친분이 없다”고 일축했다.",
                "sentenceSize": 136
            },
            {
                "sentenceNo": 3,
                "sentenceContent": "앞서 가인은 자신의 인스타그램에 “권유한 것은 맞지만, 본인은 절대 하지 않았다고 하니 그건 그분이 알아서 할 일입니다. 공황장애인 내가 왜 경찰서까지 피곤하네”라고 적었다.",
                "sentenceSize": 97
            },
            {
                "sentenceNo": 4,
                "sentenceContent": "주지훈 측은 이와 관련해 “경찰로부터 소환 통보를 받은 적이 없다”고 밝혔다.",
                "sentenceSize": 43
            },
            {
                "sentenceNo": 5,
                "sentenceContent": "이와 관련 가인이 말한 박정욱의 정체에 대한 네티즌의 관심이 증폭되는 가운데 동명이인이자 모델인 박정욱이 곤욕을 치르고 있다.",
                "sentenceSize": 70
            },
            {
                "sentenceNo": 6,
                "sentenceContent": "이어 가인은 “광고 안 찍어도 된다. 쓰고 먹고 죽어도 남을 만큼 벌어놨다”며 “앞으로 3개월마다 자진해서 마약 검사 하겠다”며 의혹에 대해 부인했다.",
                "sentenceSize": 84
            },
            {
                "sentenceNo": 7,
                "sentenceContent": "한편 가인의 폭로에 서울지방경찰청 광역수사대 마약수사계는 5일 가인이 SNS에 마약 관련 언급을 한 만큼 혐의점이 있는지 살펴볼 필요가 있다고 밝혔다.",
                "sentenceSize": 84
            },
            {
                "sentenceNo": 8,
                "sentenceContent": "경찰은 이번 주 안에 관련 대상자들을 우선 소환할 방침이라고 전했다.",
                "sentenceSize": 38
            }
        ]
    },
    "labeledDataInfo": {
        "processSentenceInfo": [
            {
                "sentenceNo": 1,
                "sentenceContent": "가수 가인(30)이 자신에게 대마초를 권유한 인물의 이름을 폭로한 가운데 동명이인 모델 겸 배우 박정욱이 연관설에 대해 부인했다.",
                "subjectConsistencyYn": "Y"
            },
            {
                "sentenceNo": 2,
                "sentenceContent": "4일 박정욱의 소속사 다인엔터테인먼트 측은 다수의 매체를 통해 “현재 가인에게 대마초를 권한 것으로 알려진 박정욱은, 모델 출신 배우 박정욱이 아니다. 박정욱은 94년생으로 연배도 맞지 않는다. 특히 두 사람과는 전혀 친분이 없다”고 일축했다.",
                "subjectConsistencyYn": "Y"
            },
            {
                "sentenceNo": 3,
                "sentenceContent": "앞서 가인은 자신의 인스타그램에 “권유한 것은 맞지만, 본인은 절대 하지 않았다고 하니 그건 그분이 알아서 할 일입니다. 공황장애인 내가 왜 경찰서까지 피곤하네”라고 적었다.",
                "subjectConsistencyYn": "Y"
            },
            {
                "sentenceNo": 4,
                "sentenceContent": "주지훈 측은 이와 관련해 “경찰로부터 소환 통보를 받은 적이 없다”고 밝혔다.",
                "subjectConsistencyYn": "Y"
            },
            {
                "sentenceNo": 5,
                "sentenceContent": "이와 관련 가인이 말한 박정욱의 정체에 대한 네티즌의 관심이 증폭되는 가운데 동명이인이자 모델인 박정욱이 곤욕을 치르고 있다.",
                "subjectConsistencyYn": "Y"
            },
            {
                "sentenceNo": 6,
                "sentenceContent": "이어 가인은 “광고 안 찍어도 된다. 쓰고 먹고 죽어도 남을 만큼 벌어놨다”며 “앞으로 3개월마다 자진해서 마약 검사 하겠다”며 의혹에 대해 부인했다.",
                "subjectConsistencyYn": "Y"
            },
            {
                "sentenceNo": 7,
                "sentenceContent": "한편 가인의 폭로에 서울지방경찰청 광역수사대 마약수사계는 5일 가인이 SNS에 마약 관련 언급을 한 만큼 혐의점이 있는지 살펴볼 필요가 있다고 밝혔다.",
                "subjectConsistencyYn": "Y"
            },
            {
                "sentenceNo": 8,
                "sentenceContent": "경찰은 이번 주 안에 관련 대상자들을 우선 소환할 방침이라고 전했다.",
                "subjectConsistencyYn": "Y"
            },
            {
                "sentenceNo": 9,
                "sentenceContent": "최근 은밀하게 거래되는 마약 유통의 실체가 속속 드러나면서 보건복지부에서는 전 국민을 대상으로 마약 중독 상담 서비스를 시작한다.",
                "subjectConsistencyYn": "N"
            },
            {
                "sentenceNo": 10,
                "sentenceContent": "호기심에 시작한 마약으로 인해 괴로움을 겪거나 마약을 그만두고 싶지만 어쩔 수 없이 다시 찾게 되는 중독자들을 대상으로 하며, 처벌을 받기 전 우선 중독 현상부터 치료하고 초범의 경우 자진 신고와 마약 중독 치료 의지를 참작하여 형량을 줄일 수 있다는 점을 근거로 더 많은 이용자의 자발적인 등록을 격려하고 있다.",
                "subjectConsistencyYn": "N"
            },
            {
                "sentenceNo": 11,
                "sentenceContent": "상담과 치료 과정에서 개인 정보는 철저하게 지켜지며, 누구라도 도움의 손길을 내밀 수 있도록 전화상담과 이메일 상담도 모두 받고 있다.",
                "subjectConsistencyYn": "N"
            }
        ],
        "clickbaitClass": 0
    }
}