{
    "sourceDataInfo": {
        "newsID": "ET_M03_627268",
        "newsCategory": "연예",
        "newsSubcategory": "연예가화제",
        "newsTitle": "지드래곤이 아이유에게 준 ‘특별한 선물’의 정체",
        "newsSubTitle": "",
        "newsContent": "가수 아이유가 지난 4월 발표한 앨범 ‘팔레트’의 동명 타이틀곡에 피처링 아티스트로 참여한 지드래곤에게 받은 선물을 공개해 화제다.\n지드래곤은 9일 서울 잠실 실내체육관에서 열린 ‘2017 아이유 투어 콘서트 서울’ 무대에 게스트로 참여했다.\n아이유는 이날 ‘팔레트’의 합동무대를 마친 뒤 자리를 함께한 지드래곤에게 고마움을 전하며 최근 지드래곤에게 받은 ‘깜짝 선물’을 공개했다.\n아이유는 “며칠 전 지드래곤으로부터 소포를 받았다”며 “직접 산 팔레트 앨범을 표지부터 내지까지 전부 커스텀 했는데, 숭고할 정도로 너무 좋은 선물을 받았다”고 말했다.\n지드래곤은 이에 “아이유에게 선물을 먼저 받아서 뭔가 특별한 걸 드려야겠다고 생각했다”고 말했다.\n앞서 아이유는 지난 6월 자신이 모델로 활동 중인 소주 브랜드의 제품을 가득 채운 냉장고를 지드래곤에게 선물한 바 있다.\n아이유가 “정말 예뻤다”고 거듭 칭찬하자 지드래곤은 “저도 하면서 좀 놀랐다”며 능청을 떨었다.\n아이유는 이후 콘서트에서 언급한 선물의 사진을 인스타그램을 통해 공개했다.",
        "partNum": "P2",
        "useType": 0,
        "processType": "D",
        "processPattern": "23",
        "processLevel": "중",
        "sentenceCount": 8,
        "processSentencenum": 4,
        "sentenceInfo": [
            {
                "sentenceNo": 1,
                "sentenceContent": "가수 아이유가 지난 4월 발표한 앨범 ‘팔레트’의 동명 타이틀곡에 피처링 아티스트로 참여한 지드래곤에게 받은 선물을 공개해 화제다.",
                "sentenceSize": 73
            },
            {
                "sentenceNo": 2,
                "sentenceContent": "지드래곤은 9일 서울 잠실 실내체육관에서 열린 ‘2017 아이유 투어 콘서트 서울’ 무대에 게스트로 참여했다.",
                "sentenceSize": 61
            },
            {
                "sentenceNo": 3,
                "sentenceContent": "아이유는 이날 ‘팔레트’의 합동무대를 마친 뒤 자리를 함께한 지드래곤에게 고마움을 전하며 최근 지드래곤에게 받은 ‘깜짝 선물’을 공개했다.",
                "sentenceSize": 77
            },
            {
                "sentenceNo": 4,
                "sentenceContent": "아이유는 “며칠 전 지드래곤으로부터 소포를 받았다”며 “직접 산 팔레트 앨범을 표지부터 내지까지 전부 커스텀 했는데, 숭고할 정도로 너무 좋은 선물을 받았다”고 말했다.",
                "sentenceSize": 94
            },
            {
                "sentenceNo": 5,
                "sentenceContent": "지드래곤은 이에 “아이유에게 선물을 먼저 받아서 뭔가 특별한 걸 드려야겠다고 생각했다”고 말했다.",
                "sentenceSize": 54
            },
            {
                "sentenceNo": 6,
                "sentenceContent": "앞서 아이유는 지난 6월 자신이 모델로 활동 중인 소주 브랜드의 제품을 가득 채운 냉장고를 지드래곤에게 선물한 바 있다.",
                "sentenceSize": 67
            },
            {
                "sentenceNo": 7,
                "sentenceContent": "아이유가 “정말 예뻤다”고 거듭 칭찬하자 지드래곤은 “저도 하면서 좀 놀랐다”며 능청을 떨었다.",
                "sentenceSize": 53
            },
            {
                "sentenceNo": 8,
                "sentenceContent": "아이유는 이후 콘서트에서 언급한 선물의 사진을 인스타그램을 통해 공개했다.",
                "sentenceSize": 41
            }
        ]
    },
    "labeledDataInfo": {
        "processSentenceInfo": [
            {
                "sentenceNo": 1,
                "sentenceContent": "가수 아이유가 지난 4월 발표한 앨범 ‘팔레트’의 동명 타이틀곡에 피처링 아티스트로 참여한 지드래곤에게 받은 선물을 공개해 화제다.",
                "subjectConsistencyYn": "Y"
            },
            {
                "sentenceNo": 2,
                "sentenceContent": "지드래곤은 9일 서울 잠실 실내체육관에서 열린 ‘2017 아이유 투어 콘서트 서울’ 무대에 게스트로 참여했다.",
                "subjectConsistencyYn": "Y"
            },
            {
                "sentenceNo": 3,
                "sentenceContent": "아이유는 이날 ‘팔레트’의 합동무대를 마친 뒤 자리를 함께한 지드래곤에게 고마움을 전하며 최근 지드래곤에게 받은 ‘깜짝 선물’을 공개했다.",
                "subjectConsistencyYn": "Y"
            },
            {
                "sentenceNo": 4,
                "sentenceContent": "아이유는 “며칠 전 지드래곤으로부터 소포를 받았다”며 “직접 산 팔레트 앨범을 표지부터 내지까지 전부 커스텀 했는데, 숭고할 정도로 너무 좋은 선물을 받았다”고 말했다.",
                "subjectConsistencyYn": "Y"
            },
            {
                "sentenceNo": 5,
                "sentenceContent": "지드래곤은 이에 “아이유에게 선물을 먼저 받아서 뭔가 특별한 걸 드려야겠다고 생각했다”고 말했다.",
                "subjectConsistencyYn": "Y"
            },
            {
                "sentenceNo": 6,
                "sentenceContent": "앞서 아이유는 지난 6월 자신이 모델로 활동 중인 소주 브랜드의 제품을 가득 채운 냉장고를 지드래곤에게 선물한 바 있다.",
                "subjectConsistencyYn": "Y"
            },
            {
                "sentenceNo": 7,
                "sentenceContent": "아이유가 “정말 예뻤다”고 거듭 칭찬하자 지드래곤은 “저도 하면서 좀 놀랐다”며 능청을 떨었다.",
                "subjectConsistencyYn": "Y"
            },
            {
                "sentenceNo": 8,
                "sentenceContent": "아이유는 이후 콘서트에서 언급한 선물의 사진을 인스타그램을 통해 공개했다.",
                "subjectConsistencyYn": "Y"
            },
            {
                "sentenceNo": 9,
                "sentenceContent": "아이유의 선물 공개가 온라인 커뮤니티에서 화제를 모은 가운데, 위기프트는 특별한 선물을 원하는 고객을 위해 '선물 큐레이션 서비스'를 론칭한다고 밝혔다. ",
                "subjectConsistencyYn": "N"
            },
            {
                "sentenceNo": 10,
                "sentenceContent": "위기프트의 '선물 큐레이션 서비스'는 고객이 미리 등록한 일정에 맞춰 선물을 큐레이션 해주는 서비스다. ",
                "subjectConsistencyYn": "N"
            },
            {
                "sentenceNo": 11,
                "sentenceContent": "선물 받을 대상의 취향, 연령, 직업 등의 정보를 선택해두면, 위기프트만의 전문 선물 큐레이터가 상황과 취향에 맞는 선물을 선택해 포장까지 대신해 준다.",
                "subjectConsistencyYn": "N"
            },
            {
                "sentenceNo": 12,
                "sentenceContent": "위기프트 측은 \"'선물 큐레이션 서비스'는 마음을 표현하고 싶지만 바쁜 일정 때문에 적절한 선물을 선택하기 곤란했던 고객들로부터 높은 호응을 얻고 있다\"며, \"앞으로 고객의 진심을 표현하는 큐레이션에 더욱 힘쓰며 고객의 삶에 사랑과 풍요로움을 더하겠다\"는 각오를 밝혔다.",
                "subjectConsistencyYn": "N"
            }
        ],
        "clickbaitClass": 0
    }
}