{
    "sourceDataInfo": {
        "newsID": "ET_M03_627378",
        "newsCategory": "연예",
        "newsSubcategory": "연예가화제",
        "newsTitle": "레드벨벳 아이린·예리가 입은 치마의 비밀",
        "newsSubTitle": "",
        "newsContent": "걸그룹 레드벨벳이 입은 의상의 비밀이 화제가 되고 있다.\n16일 한 네티즌은 자신의 트위터에 레드벨벳 멤버 아이린과 예리가 입은 치마의 브랜드를 밝혀냈다.\n이에 따르면 아이린과 예리가 입은 치마는 원래는 한 벌로, 둘은 이를 나눠 입은 것으로 보인다.\n아이린과 예리가 한 벌의 치마를 나눠 입었다는 사실이 알려지자 이 사진은 각종 온라인 커뮤니티와 소셜네트워크서비스(SNS) 등지에 퍼져 화제가 되고 있다.\n이를 본 한 네티즌은 \\\"레드벨벳 코디의 창조경제\\\" \\\"저 긴 치마를 반으로 잘랐다니 머리 좋다\\\" 등의 반응을 보였다.\n한편 레드벨벳은 신곡 '루키(Rookie)'로 활발한 활동을 벌이고 있다.",
        "partNum": "P2",
        "useType": 0,
        "processType": "D",
        "processPattern": "23",
        "processLevel": "중",
        "sentenceCount": 6,
        "processSentencenum": 2,
        "sentenceInfo": [
            {
                "sentenceNo": 1,
                "sentenceContent": "걸그룹 레드벨벳이 입은 의상의 비밀이 화제가 되고 있다.",
                "sentenceSize": 31
            },
            {
                "sentenceNo": 2,
                "sentenceContent": "16일 한 네티즌은 자신의 트위터에 레드벨벳 멤버 아이린과 예리가 입은 치마의 브랜드를 밝혀냈다.",
                "sentenceSize": 54
            },
            {
                "sentenceNo": 3,
                "sentenceContent": "이에 따르면 아이린과 예리가 입은 치마는 원래는 한 벌로, 둘은 이를 나눠 입은 것으로 보인다.",
                "sentenceSize": 53
            },
            {
                "sentenceNo": 4,
                "sentenceContent": "아이린과 예리가 한 벌의 치마를 나눠 입었다는 사실이 알려지자 이 사진은 각종 온라인 커뮤니티와 소셜네트워크서비스(SNS) 등지에 퍼져 화제가 되고 있다.",
                "sentenceSize": 86
            },
            {
                "sentenceNo": 5,
                "sentenceContent": "이를 본 한 네티즌은 \\\"레드벨벳 코디의 창조경제\\\" \\\"저 긴 치마를 반으로 잘랐다니 머리 좋다\\\" 등의 반응을 보였다.",
                "sentenceSize": 68
            },
            {
                "sentenceNo": 6,
                "sentenceContent": "한편 레드벨벳은 신곡 '루키(Rookie)'로 활발한 활동을 벌이고 있다.",
                "sentenceSize": 41
            }
        ]
    },
    "labeledDataInfo": {
        "processSentenceInfo": [
            {
                "sentenceNo": 1,
                "sentenceContent": "걸그룹 레드벨벳이 입은 의상의 비밀이 화제가 되고 있다.",
                "subjectConsistencyYn": "Y"
            },
            {
                "sentenceNo": 2,
                "sentenceContent": "16일 한 네티즌은 자신의 트위터에 레드벨벳 멤버 아이린과 예리가 입은 치마의 브랜드를 밝혀냈다.",
                "subjectConsistencyYn": "Y"
            },
            {
                "sentenceNo": 3,
                "sentenceContent": "이에 따르면 아이린과 예리가 입은 치마는 원래는 한 벌로, 둘은 이를 나눠 입은 것으로 보인다.",
                "subjectConsistencyYn": "Y"
            },
            {
                "sentenceNo": 4,
                "sentenceContent": "아이린과 예리가 한 벌의 치마를 나눠 입었다는 사실이 알려지자 이 사진은 각종 온라인 커뮤니티와 소셜네트워크서비스(SNS) 등지에 퍼져 화제가 되고 있다.",
                "subjectConsistencyYn": "Y"
            },
            {
                "sentenceNo": 5,
                "sentenceContent": "이를 본 한 네티즌은 \\\"레드벨벳 코디의 창조경제\\\" \\\"저 긴 치마를 반으로 잘랐다니 머리 좋다\\\" 등의 반응을 보였다.",
                "subjectConsistencyYn": "Y"
            },
            {
                "sentenceNo": 6,
                "sentenceContent": "한편 레드벨벳은 신곡 '루키(Rookie)'로 활발한 활동을 벌이고 있다.",
                "subjectConsistencyYn": "Y"
            },
            {
                "sentenceNo": 7,
                "sentenceContent": "신곡 `루키(Rookie)`를 홍보하기 위해 활발한 활동하는 레드벨벳이 오는 3월 19~20일 스페셜 라이브 공연 ‘2022 The ReVe Festival : Prologue’를 3월 19~20일 양일간 서울 올림픽공원 SK 핸드볼경기장에서 개최한다.",
                "subjectConsistencyYn": "N"
            },
            {
                "sentenceNo": 8,
                "sentenceContent": "티켓 예매는 Beyond LIVE, SMTOWN &STORE 및 예스24 홈페이지에서 가능하며, 2월 23일 오후 8시부터 9시까지는 팬클럽 선 예매가, 2월 25일 오후 8시에는 일반 예매가 진행된다.",
                "subjectConsistencyYn": "N"
            }
        ],
        "clickbaitClass": 0
    }
}