{
    "sourceDataInfo": {
        "newsID": "ET_M03_627556",
        "newsCategory": "연예",
        "newsSubcategory": "연예가화제",
        "newsTitle": "‘섹션’ 전인화-유동근, 26년 전 결혼식 사진 공개 “결혼은 많은 사람 만나보고 해”",
        "newsSubTitle": "",
        "newsContent": "‘섹션’ 전인화-유동근, 26년 전 결혼식 사진 공개 “결혼은 많은 사람 만나보고 해” 배우 전인화 유동근 부부의 결혼식 현장이 공개됐다.\n10월11일 방송된 MBC '섹션TV 연예통신'에서 전인화는 남편 유동근과의 결혼에 얽힌 비화를 공개했다.\n전인화는 데뷔 2년 만에 MBC '인현왕후'에 캐스팅됐다.\n당시 전인화는 당대 최고 여배우에게만 허락되는 역할인 장희빈 역에 낙점됐다.\n전인화는 \\\"장희빈 연기는 정말 어려웠다. 사실 자신 없어 안 한다고 했다. 그런데 감독님이 '네가 어떻게 내 작품을 거절하냐'며 혼내셔서 출연하게 됐다. 김을동 선배님이 사극 연기를 잘한다고 유동근에게 배우라고 했다\\\"고 말했다.\n이후 전인화는 유동근과 1989년 결혼에 골인했다.\n이와 함께 공개된 사진 속 전인화 유동근은 풋풋한 외모, 다정한 모습으로 눈길을 모았다.\n전인화는 \\\"대학교 졸업식과 동시에 결혼했다. 그때 잘 갔다. 안 그랬으면 내 연기자 길을 탄탄하게 잡아주지 못 했을 거란 생각이 요즘 많이 든다\\\"며 \\\"일찍 결혼해 후회됐다고 가끔 농담으로 그런 이야기를 한다\\\"고 밝혔다.\n마지막으로 전인화는 박슬기에게 \\\"결혼은 많은 사람을 만나보고 서른 넘어서 결혼해라\\\"라고 조언해 웃음을 자아내기도 했다. ‘섹션 전인화 유동근’ ‘섹션 전인화 유동근’ 온라인 중앙일보 [사진 MBC ‘섹션TV 연예통신’ 캡처]",
        "partNum": "P2",
        "useType": 0,
        "processType": "D",
        "processPattern": "23",
        "processLevel": "중",
        "sentenceCount": 9,
        "processSentencenum": 4,
        "sentenceInfo": [
            {
                "sentenceNo": 1,
                "sentenceContent": "‘섹션’ 전인화-유동근, 26년 전 결혼식 사진 공개 “결혼은 많은 사람 만나보고 해” 배우 전인화 유동근 부부의 결혼식 현장이 공개됐다.",
                "sentenceSize": 77
            },
            {
                "sentenceNo": 2,
                "sentenceContent": "10월11일 방송된 MBC '섹션TV 연예통신'에서 전인화는 남편 유동근과의 결혼에 얽힌 비화를 공개했다.",
                "sentenceSize": 59
            },
            {
                "sentenceNo": 3,
                "sentenceContent": "전인화는 데뷔 2년 만에 MBC '인현왕후'에 캐스팅됐다.",
                "sentenceSize": 32
            },
            {
                "sentenceNo": 4,
                "sentenceContent": "당시 전인화는 당대 최고 여배우에게만 허락되는 역할인 장희빈 역에 낙점됐다.",
                "sentenceSize": 42
            },
            {
                "sentenceNo": 5,
                "sentenceContent": "전인화는 \\\"장희빈 연기는 정말 어려웠다. 사실 자신 없어 안 한다고 했다. 그런데 감독님이 '네가 어떻게 내 작품을 거절하냐'며 혼내셔서 출연하게 됐다. 김을동 선배님이 사극 연기를 잘한다고 유동근에게 배우라고 했다\\\"고 말했다.",
                "sentenceSize": 129
            },
            {
                "sentenceNo": 6,
                "sentenceContent": "이후 전인화는 유동근과 1989년 결혼에 골인했다.",
                "sentenceSize": 28
            },
            {
                "sentenceNo": 7,
                "sentenceContent": "이와 함께 공개된 사진 속 전인화 유동근은 풋풋한 외모, 다정한 모습으로 눈길을 모았다.",
                "sentenceSize": 49
            },
            {
                "sentenceNo": 8,
                "sentenceContent": "전인화는 \\\"대학교 졸업식과 동시에 결혼했다. 그때 잘 갔다. 안 그랬으면 내 연기자 길을 탄탄하게 잡아주지 못 했을 거란 생각이 요즘 많이 든다\\\"며 \\\"일찍 결혼해 후회됐다고 가끔 농담으로 그런 이야기를 한다\\\"고 밝혔다.",
                "sentenceSize": 126
            },
            {
                "sentenceNo": 9,
                "sentenceContent": "마지막으로 전인화는 박슬기에게 \\\"결혼은 많은 사람을 만나보고 서른 넘어서 결혼해라\\\"라고 조언해 웃음을 자아내기도 했다. ‘섹션 전인화 유동근’ ‘섹션 전인화 유동근’ 온라인 중앙일보 [사진 MBC ‘섹션TV 연예통신’ 캡처]",
                "sentenceSize": 127
            }
        ]
    },
    "labeledDataInfo": {
        "processSentenceInfo": [
            {
                "sentenceNo": 1,
                "sentenceContent": "‘섹션’ 전인화-유동근, 26년 전 결혼식 사진 공개 “결혼은 많은 사람 만나보고 해” 배우 전인화 유동근 부부의 결혼식 현장이 공개됐다.",
                "subjectConsistencyYn": "Y"
            },
            {
                "sentenceNo": 2,
                "sentenceContent": "10월11일 방송된 MBC '섹션TV 연예통신'에서 전인화는 남편 유동근과의 결혼에 얽힌 비화를 공개했다.",
                "subjectConsistencyYn": "Y"
            },
            {
                "sentenceNo": 3,
                "sentenceContent": "전인화는 데뷔 2년 만에 MBC '인현왕후'에 캐스팅됐다.",
                "subjectConsistencyYn": "Y"
            },
            {
                "sentenceNo": 4,
                "sentenceContent": "당시 전인화는 당대 최고 여배우에게만 허락되는 역할인 장희빈 역에 낙점됐다.",
                "subjectConsistencyYn": "Y"
            },
            {
                "sentenceNo": 5,
                "sentenceContent": "전인화는 \\\"장희빈 연기는 정말 어려웠다. 사실 자신 없어 안 한다고 했다. 그런데 감독님이 '네가 어떻게 내 작품을 거절하냐'며 혼내셔서 출연하게 됐다. 김을동 선배님이 사극 연기를 잘한다고 유동근에게 배우라고 했다\\\"고 말했다.",
                "subjectConsistencyYn": "Y"
            },
            {
                "sentenceNo": 6,
                "sentenceContent": "이후 전인화는 유동근과 1989년 결혼에 골인했다.",
                "subjectConsistencyYn": "Y"
            },
            {
                "sentenceNo": 7,
                "sentenceContent": "이와 함께 공개된 사진 속 전인화 유동근은 풋풋한 외모, 다정한 모습으로 눈길을 모았다.",
                "subjectConsistencyYn": "Y"
            },
            {
                "sentenceNo": 8,
                "sentenceContent": "전인화는 \\\"대학교 졸업식과 동시에 결혼했다. 그때 잘 갔다. 안 그랬으면 내 연기자 길을 탄탄하게 잡아주지 못 했을 거란 생각이 요즘 많이 든다\\\"며 \\\"일찍 결혼해 후회됐다고 가끔 농담으로 그런 이야기를 한다\\\"고 밝혔다.",
                "subjectConsistencyYn": "Y"
            },
            {
                "sentenceNo": 9,
                "sentenceContent": "마지막으로 전인화는 박슬기에게 \\\"결혼은 많은 사람을 만나보고 서른 넘어서 결혼해라\\\"라고 조언해 웃음을 자아내기도 했다. ‘섹션 전인화 유동근’ ‘섹션 전인화 유동근’ 온라인 중앙일보 [사진 MBC ‘섹션TV 연예통신’ 캡처]",
                "subjectConsistencyYn": "Y"
            },
            {
                "sentenceNo": 10,
                "sentenceContent": "한편, 전인화 유동근 부부가 창작뮤지컬에 우정 출연을 한다고 전했다.",
                "subjectConsistencyYn": "N"
            },
            {
                "sentenceNo": 11,
                "sentenceContent": "오는 10일부터 5일간 국립극장 해오름에서 테스트 공연 형식으로 열리는 `빚을지게 하는 남자`에 카메오로 출연하기로 했는데, 무대에 오르기에 앞서, 유동근은 처음 연기를 연극으로 시작했고, 언젠가는 꼭 돌아가겠다는 마음을 갖고 있어 흔쾌히 동의했다고 덧붙였다.",
                "subjectConsistencyYn": "N"
            },
            {
                "sentenceNo": 12,
                "sentenceContent": "전인화는 `빚을지게 하는 남자`의 대본을 보고 그 자리에서 출연을 결심했다고 밝혀 감동적인 이야기의 결말이 기대되는 작품이다. ",
                "subjectConsistencyYn": "N"
            },
            {
                "sentenceNo": 13,
                "sentenceContent": "`빚을지게 하는 남자`의 연극 표는 뮤지컬 당일 선착순 현장 예매만 가능하다.",
                "subjectConsistencyYn": "N"
            }
        ],
        "clickbaitClass": 0
    }
}