{
    "sourceDataInfo": {
        "newsID": "ET_M03_627716",
        "newsCategory": "연예",
        "newsSubcategory": "연예가화제",
        "newsTitle": "복면가왕 연필, 12대 가왕…임형주 제치고 결승행, 라미란 맞아? '대박'",
        "newsSubTitle": "",
        "newsContent": "복면가왕 연필, 12대 가왕…임형주 제치고 결승행, 라미란 맞아? '대박' 복면가왕 연필이 하와이를 꺾고 12대 가왕이 됐다.\n복면가왕 연필은 13일 방송된 MBC '일밤-복면가왕'에서 10대, 11대 복면가왕 네가 가라 하와이가 사랑은 연필로 쓰세요와 함께 12대 복면가왕 결정전을 펼치는 모습이 그려졌다.\n복면가왕 연필은 햇빛촌 '유리창엔 비'를 열창해 상남자인 팝페라가수 임형주를 제치고 가왕 결정전에 진출했다.\n하와이는 처진 달팽이 '말하는 대로'를 부르며 폭발적인 가창력을 과시했다.\n승자는 복면가왕 연필이었다.\n58대 42로 승리를 거둔 것. 복면가왕 연필은 감격의 눈물을 흘리며 \\\"내가 무대 위에서 많이 까불었지만 솔직히 대기실이랑 무대 뒤에서는 계속 아파서 화장실 왔다갔다하고 그랬다. 근데 그런 모습은 보여드리기 싫어 고생했다\\\"고 털어놨다.\n복면가왕 연필의 정체를 네티즌들은 유력한 후보로 배우 라미란을 거론하고 있다.\n배우 이청아는 연필의 정체에 대해 \\\"라씨 성을 가진 분이 의심된다\\\"고 말했다.\n이청아는 \\\"라미란 씨다. 라미란 씨가 노래를 굉장히 잘 부른다. 문으로 걸어 들어가는 교태나 그런 것도 라미란 선배님과 닮으셨다\\\"고 의혹을 제기했다.\n온라인 중앙일보 ‘복면가왕 연필 라미란’",
        "partNum": "P2",
        "useType": 0,
        "processType": "D",
        "processPattern": "23",
        "processLevel": "중",
        "sentenceCount": 10,
        "processSentencenum": 4,
        "sentenceInfo": [
            {
                "sentenceNo": 1,
                "sentenceContent": "복면가왕 연필, 12대 가왕…임형주 제치고 결승행, 라미란 맞아? '대박' 복면가왕 연필이 하와이를 꺾고 12대 가왕이 됐다.",
                "sentenceSize": 70
            },
            {
                "sentenceNo": 2,
                "sentenceContent": "복면가왕 연필은 13일 방송된 MBC '일밤-복면가왕'에서 10대, 11대 복면가왕 네가 가라 하와이가 사랑은 연필로 쓰세요와 함께 12대 복면가왕 결정전을 펼치는 모습이 그려졌다.",
                "sentenceSize": 101
            },
            {
                "sentenceNo": 3,
                "sentenceContent": "복면가왕 연필은 햇빛촌 '유리창엔 비'를 열창해 상남자인 팝페라가수 임형주를 제치고 가왕 결정전에 진출했다.",
                "sentenceSize": 60
            },
            {
                "sentenceNo": 4,
                "sentenceContent": "하와이는 처진 달팽이 '말하는 대로'를 부르며 폭발적인 가창력을 과시했다.",
                "sentenceSize": 41
            },
            {
                "sentenceNo": 5,
                "sentenceContent": "승자는 복면가왕 연필이었다.",
                "sentenceSize": 15
            },
            {
                "sentenceNo": 6,
                "sentenceContent": "58대 42로 승리를 거둔 것. 복면가왕 연필은 감격의 눈물을 흘리며 \\\"내가 무대 위에서 많이 까불었지만 솔직히 대기실이랑 무대 뒤에서는 계속 아파서 화장실 왔다갔다하고 그랬다. 근데 그런 모습은 보여드리기 싫어 고생했다\\\"고 털어놨다.",
                "sentenceSize": 133
            },
            {
                "sentenceNo": 7,
                "sentenceContent": "복면가왕 연필의 정체를 네티즌들은 유력한 후보로 배우 라미란을 거론하고 있다.",
                "sentenceSize": 43
            },
            {
                "sentenceNo": 8,
                "sentenceContent": "배우 이청아는 연필의 정체에 대해 \\\"라씨 성을 가진 분이 의심된다\\\"고 말했다.",
                "sentenceSize": 45
            },
            {
                "sentenceNo": 9,
                "sentenceContent": "이청아는 \\\"라미란 씨다. 라미란 씨가 노래를 굉장히 잘 부른다. 문으로 걸어 들어가는 교태나 그런 것도 라미란 선배님과 닮으셨다\\\"고 의혹을 제기했다.",
                "sentenceSize": 85
            },
            {
                "sentenceNo": 10,
                "sentenceContent": "온라인 중앙일보 ‘복면가왕 연필 라미란’",
                "sentenceSize": 22
            }
        ]
    },
    "labeledDataInfo": {
        "processSentenceInfo": [
            {
                "sentenceNo": 1,
                "sentenceContent": "복면가왕 연필, 12대 가왕…임형주 제치고 결승행, 라미란 맞아? '대박' 복면가왕 연필이 하와이를 꺾고 12대 가왕이 됐다.",
                "subjectConsistencyYn": "Y"
            },
            {
                "sentenceNo": 2,
                "sentenceContent": "복면가왕 연필은 13일 방송된 MBC '일밤-복면가왕'에서 10대, 11대 복면가왕 네가 가라 하와이가 사랑은 연필로 쓰세요와 함께 12대 복면가왕 결정전을 펼치는 모습이 그려졌다.",
                "subjectConsistencyYn": "Y"
            },
            {
                "sentenceNo": 3,
                "sentenceContent": "복면가왕 연필은 햇빛촌 '유리창엔 비'를 열창해 상남자인 팝페라가수 임형주를 제치고 가왕 결정전에 진출했다.",
                "subjectConsistencyYn": "Y"
            },
            {
                "sentenceNo": 4,
                "sentenceContent": "하와이는 처진 달팽이 '말하는 대로'를 부르며 폭발적인 가창력을 과시했다.",
                "subjectConsistencyYn": "Y"
            },
            {
                "sentenceNo": 5,
                "sentenceContent": "승자는 복면가왕 연필이었다.",
                "subjectConsistencyYn": "Y"
            },
            {
                "sentenceNo": 6,
                "sentenceContent": "58대 42로 승리를 거둔 것. 복면가왕 연필은 감격의 눈물을 흘리며 \\\"내가 무대 위에서 많이 까불었지만 솔직히 대기실이랑 무대 뒤에서는 계속 아파서 화장실 왔다갔다하고 그랬다. 근데 그런 모습은 보여드리기 싫어 고생했다\\\"고 털어놨다.",
                "subjectConsistencyYn": "Y"
            },
            {
                "sentenceNo": 7,
                "sentenceContent": "복면가왕 연필의 정체를 네티즌들은 유력한 후보로 배우 라미란을 거론하고 있다.",
                "subjectConsistencyYn": "Y"
            },
            {
                "sentenceNo": 8,
                "sentenceContent": "배우 이청아는 연필의 정체에 대해 \\\"라씨 성을 가진 분이 의심된다\\\"고 말했다.",
                "subjectConsistencyYn": "Y"
            },
            {
                "sentenceNo": 9,
                "sentenceContent": "이청아는 \\\"라미란 씨다. 라미란 씨가 노래를 굉장히 잘 부른다. 문으로 걸어 들어가는 교태나 그런 것도 라미란 선배님과 닮으셨다\\\"고 의혹을 제기했다.",
                "subjectConsistencyYn": "Y"
            },
            {
                "sentenceNo": 10,
                "sentenceContent": "온라인 중앙일보 ‘복면가왕 연필 라미란’",
                "subjectConsistencyYn": "Y"
            },
            {
                "sentenceNo": 11,
                "sentenceContent": "복면가왕이 매 방송마다 실시간 검색어를 장악하는 등 높은 인기를 끌고 있는 가운데, 세븐스타코인노래방이 '세븐스타 복면 가요제'를 개최한다고 발표했다. ",
                "subjectConsistencyYn": "N"
            },
            {
                "sentenceNo": 12,
                "sentenceContent": "'세븐스타 복면 가요제'는 세븐스타코인노래방에서 직접 촬영한 노래 영상을 통해서 응모할 수 있는 가요제로, 1등에게는 상금 3백만 원이 수여된다. ",
                "subjectConsistencyYn": "N"
            },
            {
                "sentenceNo": 13,
                "sentenceContent": "특히, 입상자는 세븐 엔터테인먼트를 통한 대면 오디션 기회를 얻을 수 있어 가수를 꿈꾸는 지망생에게 좋은 기회가 될 것으로 보인다. ",
                "subjectConsistencyYn": "N"
            },
            {
                "sentenceNo": 14,
                "sentenceContent": "세븐스타코인노래방 측은 \"전문 엔터테인먼트 회사와 함께 진행하는 가요제인 만큼 더욱 세심하고 공정한 심사를 진행할 계획\"이라며 \"재능 있는 지원자들의 관심과 참여를 기대하겠다\"고 말했다.",
                "subjectConsistencyYn": "N"
            }
        ],
        "clickbaitClass": 0
    }
}