{
    "sourceDataInfo": {
        "newsID": "ET_M03_627359",
        "newsCategory": "연예",
        "newsSubcategory": "연예가화제",
        "newsTitle": "'지은아 오빠는 말이야' 여혐 논란 휩싸인 지드래곤",
        "newsSubTitle": "",
        "newsContent": "지드래곤이 ‘여혐’ 논란에 휩싸였다.\n최근 한 온라인 커뮤니티에 ‘아이유 피쳐링 가사 때문에 트위터에서 욕먹는 지드래곤’이라는 제목의 글이 올라왔다.\n가수 지드래곤은 21일 공개된 가수 아이유의 정규 4집 앨범의 타이틀곡 ‘팔레트’ 피쳐링에 참여하며 주목을 받았다.\n그런데 일부 네티즌들이 지드래곤의 랩 가사를 지적하고 나선 것이다.\n이들이 문제 삼는 부분은 첫 소절인 ‘지은아 오빠는 말이야’다.\n한 네티즌은 “자신을 ‘오빠’라 칭하며 나이 권력과 젠더 권력에서 우위를 드러내는 뉘앙스가 역겹다”며 지드래곤을 비난했다.\n이뿐만이 아니었다.\n이 네티즌은 지난 2월 발매된 가수 자이언티의 ‘콤플렉스’에서 지드래곤이 맡았던 랩피처링도 비난하며 “도입부에 ‘해솔아 형은’이라며 나이 권력을 드러내고 ‘GD라 하면 돈 FAME 여자’라는 부분은 여혐(여성 혐오) 가사”라고 말했다.\n여혐이 아닌 다른 이유로 해당 가사를 문제 삼는 네티즌도 있다.\n일각에선 “아이유가 본인의 스물 다섯을 긍정하는 노래에 ‘지은아 오빠는 말이야’로 시작하는 랩가사가 꼭 필요했는지 의문이 든다”는 의견도 제시되고 있다.\n그러나 글이 게시된 온라인 커뮤니티 회원들은 대체로 동의하지 않는 모습을 보인다. “별걸 다 트집 잡는다”며 “개인적으로 지디의 랩 가사는 공감 되고 좋은 가사라고 생각한다”며 지드래곤이 비난받는 것에 대해 속상한 마음을 드러냈다.\n공개된 SNS 내용에 대해 “그냥 상대방의 입장에서 자신을 지칭한 것이다. 지디가 여자였으면 언니라고 했을텐데 그때도 나이 권력 얘기를 할 수 있느냐”고 했다.",
        "partNum": "P2",
        "useType": 0,
        "processType": "D",
        "processPattern": "23",
        "processLevel": "중",
        "sentenceCount": 12,
        "processSentencenum": 4,
        "sentenceInfo": [
            {
                "sentenceNo": 1,
                "sentenceContent": "지드래곤이 ‘여혐’ 논란에 휩싸였다.",
                "sentenceSize": 20
            },
            {
                "sentenceNo": 2,
                "sentenceContent": "최근 한 온라인 커뮤니티에 ‘아이유 피쳐링 가사 때문에 트위터에서 욕먹는 지드래곤’이라는 제목의 글이 올라왔다.",
                "sentenceSize": 62
            },
            {
                "sentenceNo": 3,
                "sentenceContent": "가수 지드래곤은 21일 공개된 가수 아이유의 정규 4집 앨범의 타이틀곡 ‘팔레트’ 피쳐링에 참여하며 주목을 받았다.",
                "sentenceSize": 64
            },
            {
                "sentenceNo": 4,
                "sentenceContent": "그런데 일부 네티즌들이 지드래곤의 랩 가사를 지적하고 나선 것이다.",
                "sentenceSize": 37
            },
            {
                "sentenceNo": 5,
                "sentenceContent": "이들이 문제 삼는 부분은 첫 소절인 ‘지은아 오빠는 말이야’다.",
                "sentenceSize": 35
            },
            {
                "sentenceNo": 6,
                "sentenceContent": "한 네티즌은 “자신을 ‘오빠’라 칭하며 나이 권력과 젠더 권력에서 우위를 드러내는 뉘앙스가 역겹다”며 지드래곤을 비난했다.",
                "sentenceSize": 68
            },
            {
                "sentenceNo": 7,
                "sentenceContent": "이뿐만이 아니었다.",
                "sentenceSize": 10
            },
            {
                "sentenceNo": 8,
                "sentenceContent": "이 네티즌은 지난 2월 발매된 가수 자이언티의 ‘콤플렉스’에서 지드래곤이 맡았던 랩피처링도 비난하며 “도입부에 ‘해솔아 형은’이라며 나이 권력을 드러내고 ‘GD라 하면 돈 FAME 여자’라는 부분은 여혐(여성 혐오) 가사”라고 말했다.",
                "sentenceSize": 131
            },
            {
                "sentenceNo": 9,
                "sentenceContent": "여혐이 아닌 다른 이유로 해당 가사를 문제 삼는 네티즌도 있다.",
                "sentenceSize": 35
            },
            {
                "sentenceNo": 10,
                "sentenceContent": "일각에선 “아이유가 본인의 스물 다섯을 긍정하는 노래에 ‘지은아 오빠는 말이야’로 시작하는 랩가사가 꼭 필요했는지 의문이 든다”는 의견도 제시되고 있다.",
                "sentenceSize": 85
            },
            {
                "sentenceNo": 11,
                "sentenceContent": "그러나 글이 게시된 온라인 커뮤니티 회원들은 대체로 동의하지 않는 모습을 보인다. “별걸 다 트집 잡는다”며 “개인적으로 지디의 랩 가사는 공감 되고 좋은 가사라고 생각한다”며 지드래곤이 비난받는 것에 대해 속상한 마음을 드러냈다.",
                "sentenceSize": 129
            },
            {
                "sentenceNo": 12,
                "sentenceContent": "공개된 SNS 내용에 대해 “그냥 상대방의 입장에서 자신을 지칭한 것이다. 지디가 여자였으면 언니라고 했을텐데 그때도 나이 권력 얘기를 할 수 있느냐”고 했다.",
                "sentenceSize": 89
            }
        ]
    },
    "labeledDataInfo": {
        "processSentenceInfo": [
            {
                "sentenceNo": 1,
                "sentenceContent": "지드래곤이 ‘여혐’ 논란에 휩싸였다.",
                "subjectConsistencyYn": "Y"
            },
            {
                "sentenceNo": 2,
                "sentenceContent": "최근 한 온라인 커뮤니티에 ‘아이유 피쳐링 가사 때문에 트위터에서 욕먹는 지드래곤’이라는 제목의 글이 올라왔다.",
                "subjectConsistencyYn": "Y"
            },
            {
                "sentenceNo": 3,
                "sentenceContent": "가수 지드래곤은 21일 공개된 가수 아이유의 정규 4집 앨범의 타이틀곡 ‘팔레트’ 피쳐링에 참여하며 주목을 받았다.",
                "subjectConsistencyYn": "Y"
            },
            {
                "sentenceNo": 4,
                "sentenceContent": "그런데 일부 네티즌들이 지드래곤의 랩 가사를 지적하고 나선 것이다.",
                "subjectConsistencyYn": "Y"
            },
            {
                "sentenceNo": 5,
                "sentenceContent": "이들이 문제 삼는 부분은 첫 소절인 ‘지은아 오빠는 말이야’다.",
                "subjectConsistencyYn": "Y"
            },
            {
                "sentenceNo": 6,
                "sentenceContent": "한 네티즌은 “자신을 ‘오빠’라 칭하며 나이 권력과 젠더 권력에서 우위를 드러내는 뉘앙스가 역겹다”며 지드래곤을 비난했다.",
                "subjectConsistencyYn": "Y"
            },
            {
                "sentenceNo": 7,
                "sentenceContent": "이뿐만이 아니었다.",
                "subjectConsistencyYn": "Y"
            },
            {
                "sentenceNo": 8,
                "sentenceContent": "이 네티즌은 지난 2월 발매된 가수 자이언티의 ‘콤플렉스’에서 지드래곤이 맡았던 랩피처링도 비난하며 “도입부에 ‘해솔아 형은’이라며 나이 권력을 드러내고 ‘GD라 하면 돈 FAME 여자’라는 부분은 여혐(여성 혐오) 가사”라고 말했다.",
                "subjectConsistencyYn": "Y"
            },
            {
                "sentenceNo": 9,
                "sentenceContent": "여혐이 아닌 다른 이유로 해당 가사를 문제 삼는 네티즌도 있다.",
                "subjectConsistencyYn": "Y"
            },
            {
                "sentenceNo": 10,
                "sentenceContent": "일각에선 “아이유가 본인의 스물 다섯을 긍정하는 노래에 ‘지은아 오빠는 말이야’로 시작하는 랩가사가 꼭 필요했는지 의문이 든다”는 의견도 제시되고 있다.",
                "subjectConsistencyYn": "Y"
            },
            {
                "sentenceNo": 11,
                "sentenceContent": "그러나 글이 게시된 온라인 커뮤니티 회원들은 대체로 동의하지 않는 모습을 보인다. “별걸 다 트집 잡는다”며 “개인적으로 지디의 랩 가사는 공감 되고 좋은 가사라고 생각한다”며 지드래곤이 비난받는 것에 대해 속상한 마음을 드러냈다.",
                "subjectConsistencyYn": "Y"
            },
            {
                "sentenceNo": 12,
                "sentenceContent": "공개된 SNS 내용에 대해 “그냥 상대방의 입장에서 자신을 지칭한 것이다. 지디가 여자였으면 언니라고 했을텐데 그때도 나이 권력 얘기를 할 수 있느냐”고 했다.",
                "subjectConsistencyYn": "Y"
            },
            {
                "sentenceNo": 13,
                "sentenceContent": "지드래곤이 아이유의 신곡 `팔레트` 작업에 참여하며 여혐 논란에 휩싸인 가운데, 지드래곤의 전국 투어가 시작된다.  ",
                "subjectConsistencyYn": "N"
            },
            {
                "sentenceNo": 14,
                "sentenceContent": "소속사 YG엔터테인먼트는 공식 SNS 채널에 `지드래곤 전국 투어 - 무제` 일정을 공개했다.",
                "subjectConsistencyYn": "N"
            },
            {
                "sentenceNo": 15,
                "sentenceContent": "서울 콘서트를 시작으로 광주, 대전, 인천, 대구, 제주에서 지드래곤의 콘서트를 관람할 수 있다. ",
                "subjectConsistencyYn": "N"
            },
            {
                "sentenceNo": 16,
                "sentenceContent": "예매처는 멜론 티켓이며, 오는 30일 낮 2시부터 예매 서버가 오픈된다. ",
                "subjectConsistencyYn": "N"
            }
        ],
        "clickbaitClass": 0
    }
}