{
    "sourceDataInfo": {
        "newsID": "ET_M03_627349",
        "newsCategory": "연예",
        "newsSubcategory": "연예가화제",
        "newsTitle": "외계인이 되어버린 트둥이...트와이스 신곡 '시그널' 영상",
        "newsSubTitle": "",
        "newsContent": "걸그룹 트와이스가 톡톡 튀는 상큼함을 뽐내며 마침내 돌아왔다.\n15일 오후 트와이스는 미니 4집 앨범 타이틀곡 '시그널(SIGNAL)' 음원과 뮤직비디오를 전격 공개했다.\n공개된 뮤직비디오에는 푸른 얼굴의 외계인에게 지속해서 시그널을 보내는 트와이스 멤버들의 적극적인 구애 과정이 담겨 있다.\n스쿨룩을 입은 멤버들은 시종일관 무표정인 외계인과 소통하기 위해 저마다의 매력을 뽐냈다.\n\\\"사인을 보내. 시그널 보내\\\"라는 가사가 귓가에 맴돌 때쯤 트와이스 멤버들을 뒤로하고 외계인은 지구를 떠나버린다.\n이어 아쉬운 표정으로 카메라를 바라보는 멤버들이 일제히 외계인으로 변해 시선을 사로잡았다.\n트와이스의 마음을 사로잡은 파란 얼굴 외계인의 정체가 궁금증을 불러일으키는 가운데 뮤직비디오는 분홍 외계인으로 변한 트둥이들의 매력을 한껏 담아냈다.\n한편 트와이스는 다음 달 6월 17일, 18일 이틀간 서울 잠실 실내체육관에서 앙코르 콘서트 'SIGNAL ENCORE TWICELAND'를 개최한다.",
        "partNum": "P2",
        "useType": 0,
        "processType": "D",
        "processPattern": "23",
        "processLevel": "중",
        "sentenceCount": 8,
        "processSentencenum": 4,
        "sentenceInfo": [
            {
                "sentenceNo": 1,
                "sentenceContent": "걸그룹 트와이스가 톡톡 튀는 상큼함을 뽐내며 마침내 돌아왔다.",
                "sentenceSize": 34
            },
            {
                "sentenceNo": 2,
                "sentenceContent": "15일 오후 트와이스는 미니 4집 앨범 타이틀곡 '시그널(SIGNAL)' 음원과 뮤직비디오를 전격 공개했다.",
                "sentenceSize": 60
            },
            {
                "sentenceNo": 3,
                "sentenceContent": "공개된 뮤직비디오에는 푸른 얼굴의 외계인에게 지속해서 시그널을 보내는 트와이스 멤버들의 적극적인 구애 과정이 담겨 있다.",
                "sentenceSize": 67
            },
            {
                "sentenceNo": 4,
                "sentenceContent": "스쿨룩을 입은 멤버들은 시종일관 무표정인 외계인과 소통하기 위해 저마다의 매력을 뽐냈다.",
                "sentenceSize": 49
            },
            {
                "sentenceNo": 5,
                "sentenceContent": "\\\"사인을 보내. 시그널 보내\\\"라는 가사가 귓가에 맴돌 때쯤 트와이스 멤버들을 뒤로하고 외계인은 지구를 떠나버린다.",
                "sentenceSize": 65
            },
            {
                "sentenceNo": 6,
                "sentenceContent": "이어 아쉬운 표정으로 카메라를 바라보는 멤버들이 일제히 외계인으로 변해 시선을 사로잡았다.",
                "sentenceSize": 50
            },
            {
                "sentenceNo": 7,
                "sentenceContent": "트와이스의 마음을 사로잡은 파란 얼굴 외계인의 정체가 궁금증을 불러일으키는 가운데 뮤직비디오는 분홍 외계인으로 변한 트둥이들의 매력을 한껏 담아냈다.",
                "sentenceSize": 83
            },
            {
                "sentenceNo": 8,
                "sentenceContent": "한편 트와이스는 다음 달 6월 17일, 18일 이틀간 서울 잠실 실내체육관에서 앙코르 콘서트 'SIGNAL ENCORE TWICELAND'를 개최한다.",
                "sentenceSize": 84
            }
        ]
    },
    "labeledDataInfo": {
        "processSentenceInfo": [
            {
                "sentenceNo": 1,
                "sentenceContent": "걸그룹 트와이스가 톡톡 튀는 상큼함을 뽐내며 마침내 돌아왔다.",
                "subjectConsistencyYn": "Y"
            },
            {
                "sentenceNo": 2,
                "sentenceContent": "15일 오후 트와이스는 미니 4집 앨범 타이틀곡 '시그널(SIGNAL)' 음원과 뮤직비디오를 전격 공개했다.",
                "subjectConsistencyYn": "Y"
            },
            {
                "sentenceNo": 3,
                "sentenceContent": "공개된 뮤직비디오에는 푸른 얼굴의 외계인에게 지속해서 시그널을 보내는 트와이스 멤버들의 적극적인 구애 과정이 담겨 있다.",
                "subjectConsistencyYn": "Y"
            },
            {
                "sentenceNo": 4,
                "sentenceContent": "스쿨룩을 입은 멤버들은 시종일관 무표정인 외계인과 소통하기 위해 저마다의 매력을 뽐냈다.",
                "subjectConsistencyYn": "Y"
            },
            {
                "sentenceNo": 5,
                "sentenceContent": "\\\"사인을 보내. 시그널 보내\\\"라는 가사가 귓가에 맴돌 때쯤 트와이스 멤버들을 뒤로하고 외계인은 지구를 떠나버린다.",
                "subjectConsistencyYn": "Y"
            },
            {
                "sentenceNo": 6,
                "sentenceContent": "이어 아쉬운 표정으로 카메라를 바라보는 멤버들이 일제히 외계인으로 변해 시선을 사로잡았다.",
                "subjectConsistencyYn": "Y"
            },
            {
                "sentenceNo": 7,
                "sentenceContent": "트와이스의 마음을 사로잡은 파란 얼굴 외계인의 정체가 궁금증을 불러일으키는 가운데 뮤직비디오는 분홍 외계인으로 변한 트둥이들의 매력을 한껏 담아냈다.",
                "subjectConsistencyYn": "Y"
            },
            {
                "sentenceNo": 8,
                "sentenceContent": "한편 트와이스는 다음 달 6월 17일, 18일 이틀간 서울 잠실 실내체육관에서 앙코르 콘서트 'SIGNAL ENCORE TWICELAND'를 개최한다.",
                "subjectConsistencyYn": "Y"
            },
            {
                "sentenceNo": 9,
                "sentenceContent": "또한, 이번에 펼쳐질 트와이스 콘서트 `SIGNAL ENCORE TWICELAND`는 G마켓에서 단독으로 티켓 예매 서비스를 제공하게 된다.",
                "subjectConsistencyYn": "N"
            },
            {
                "sentenceNo": 10,
                "sentenceContent": "G마켓은 티켓 예매 서비스를 통해 트와이스의 이번 콘서트 2회차의 티켓을 예매할 수 있는 전용 링크를 개설하고 정확한 예매 방법을 예매 2주 전 미리 공지하기로 했다.",
                "subjectConsistencyYn": "N"
            },
            {
                "sentenceNo": 11,
                "sentenceContent": "많은 팬이 동시에 서버에 몰릴 것을 대비하여 임시로 서버를 늘리고 관리 인원을 충원하여 동시 접속자들의 불편을 최소화하겠다고 밝혔다.",
                "subjectConsistencyYn": "N"
            },
            {
                "sentenceNo": 12,
                "sentenceContent": "티켓 예매와 관련한 문의는 G마켓 홈페이지 고객센터와 1:1 상담을 통해 확인할 수 있다.",
                "subjectConsistencyYn": "N"
            }
        ],
        "clickbaitClass": 0
    }
}