{
    "sourceDataInfo": {
        "newsID": "ET_M03_627795",
        "newsCategory": "연예",
        "newsSubcategory": "연예가화제",
        "newsTitle": "복면가왕 김동욱 \\\"예능 나가면 편집돼 자신감 많이 잃었다\\\"",
        "newsSubTitle": "",
        "newsContent": "어릿광대 김동욱이 ‘복면가왕’ 출연소감을 밝혔다.\n6일 방송된 MBC ‘일밤-복면가왕’ 1라운드 듀엣곡 대결에서 어릿광대가 12년차 배우 김동욱으로 밝혀져 화제다.\n이날 어릿광대는 나비부인과 정태우 장나라 ‘Be Happy’를 열창했지만 5표 차이로 패해 복면을 벗게 됐다.\n이후 어릿광대는 故 김광석 ‘잊어야 한다는 마음으로’를 부르며 자신의 정체를 공개했다.\n복면을 벗자마자 모두를 놀라게 한 김동욱은 “수백번 고민 끝에 나오게 됐다”며 “예능 나가면 왜 말을 안하냐고 하시는데 사실 춤도 추고 시키는 건 다 하는데 편집될 뿐이다. 자신감을 많이 잃었는데 ‘복면가왕’을 통해 자신감을 되찾고자 한다”고 소감을 밝혔다.\n이어 김동욱은 “노래한다는 것 자체만 보여준다는 게 나한텐 굉장한 도전이었고, 계속 작품을 할 수 있는 배우이고 싶다. 그 끝이 어딘지 모르겠지만 연기하는 모습 보여드릴 수 있는 배우가 되고 싶다”고 앞으로의 각오를 드러냈다.\n한편 흥의 제왕 ‘네가 가라 하와이’는 지난 30일 방송에서 ‘전설의 기타맨’과 제 11대 복면가왕 결정전을 펼쳤다.\n그 결과 ‘네가 가라 하와이’가 승리해 2연승을 달리게 됐다.",
        "partNum": "P2",
        "useType": 0,
        "processType": "D",
        "processPattern": "23",
        "processLevel": "중",
        "sentenceCount": 8,
        "processSentencenum": 4,
        "sentenceInfo": [
            {
                "sentenceNo": 1,
                "sentenceContent": "어릿광대 김동욱이 ‘복면가왕’ 출연소감을 밝혔다.",
                "sentenceSize": 27
            },
            {
                "sentenceNo": 2,
                "sentenceContent": "6일 방송된 MBC ‘일밤-복면가왕’ 1라운드 듀엣곡 대결에서 어릿광대가 12년차 배우 김동욱으로 밝혀져 화제다.",
                "sentenceSize": 63
            },
            {
                "sentenceNo": 3,
                "sentenceContent": "이날 어릿광대는 나비부인과 정태우 장나라 ‘Be Happy’를 열창했지만 5표 차이로 패해 복면을 벗게 됐다.",
                "sentenceSize": 61
            },
            {
                "sentenceNo": 4,
                "sentenceContent": "이후 어릿광대는 故 김광석 ‘잊어야 한다는 마음으로’를 부르며 자신의 정체를 공개했다.",
                "sentenceSize": 48
            },
            {
                "sentenceNo": 5,
                "sentenceContent": "복면을 벗자마자 모두를 놀라게 한 김동욱은 “수백번 고민 끝에 나오게 됐다”며 “예능 나가면 왜 말을 안하냐고 하시는데 사실 춤도 추고 시키는 건 다 하는데 편집될 뿐이다. 자신감을 많이 잃었는데 ‘복면가왕’을 통해 자신감을 되찾고자 한다”고 소감을 밝혔다.",
                "sentenceSize": 144
            },
            {
                "sentenceNo": 6,
                "sentenceContent": "이어 김동욱은 “노래한다는 것 자체만 보여준다는 게 나한텐 굉장한 도전이었고, 계속 작품을 할 수 있는 배우이고 싶다. 그 끝이 어딘지 모르겠지만 연기하는 모습 보여드릴 수 있는 배우가 되고 싶다”고 앞으로의 각오를 드러냈다.",
                "sentenceSize": 126
            },
            {
                "sentenceNo": 7,
                "sentenceContent": "한편 흥의 제왕 ‘네가 가라 하와이’는 지난 30일 방송에서 ‘전설의 기타맨’과 제 11대 복면가왕 결정전을 펼쳤다.",
                "sentenceSize": 65
            },
            {
                "sentenceNo": 8,
                "sentenceContent": "그 결과 ‘네가 가라 하와이’가 승리해 2연승을 달리게 됐다.",
                "sentenceSize": 34
            }
        ]
    },
    "labeledDataInfo": {
        "processSentenceInfo": [
            {
                "sentenceNo": 1,
                "sentenceContent": "어릿광대 김동욱이 ‘복면가왕’ 출연소감을 밝혔다.",
                "subjectConsistencyYn": "Y"
            },
            {
                "sentenceNo": 2,
                "sentenceContent": "6일 방송된 MBC ‘일밤-복면가왕’ 1라운드 듀엣곡 대결에서 어릿광대가 12년차 배우 김동욱으로 밝혀져 화제다.",
                "subjectConsistencyYn": "Y"
            },
            {
                "sentenceNo": 3,
                "sentenceContent": "이날 어릿광대는 나비부인과 정태우 장나라 ‘Be Happy’를 열창했지만 5표 차이로 패해 복면을 벗게 됐다.",
                "subjectConsistencyYn": "Y"
            },
            {
                "sentenceNo": 4,
                "sentenceContent": "이후 어릿광대는 故 김광석 ‘잊어야 한다는 마음으로’를 부르며 자신의 정체를 공개했다.",
                "subjectConsistencyYn": "Y"
            },
            {
                "sentenceNo": 5,
                "sentenceContent": "복면을 벗자마자 모두를 놀라게 한 김동욱은 “수백번 고민 끝에 나오게 됐다”며 “예능 나가면 왜 말을 안하냐고 하시는데 사실 춤도 추고 시키는 건 다 하는데 편집될 뿐이다. 자신감을 많이 잃었는데 ‘복면가왕’을 통해 자신감을 되찾고자 한다”고 소감을 밝혔다.",
                "subjectConsistencyYn": "Y"
            },
            {
                "sentenceNo": 6,
                "sentenceContent": "이어 김동욱은 “노래한다는 것 자체만 보여준다는 게 나한텐 굉장한 도전이었고, 계속 작품을 할 수 있는 배우이고 싶다. 그 끝이 어딘지 모르겠지만 연기하는 모습 보여드릴 수 있는 배우가 되고 싶다”고 앞으로의 각오를 드러냈다.",
                "subjectConsistencyYn": "Y"
            },
            {
                "sentenceNo": 7,
                "sentenceContent": "한편 흥의 제왕 ‘네가 가라 하와이’는 지난 30일 방송에서 ‘전설의 기타맨’과 제 11대 복면가왕 결정전을 펼쳤다.",
                "subjectConsistencyYn": "Y"
            },
            {
                "sentenceNo": 8,
                "sentenceContent": "그 결과 ‘네가 가라 하와이’가 승리해 2연승을 달리게 됐다.",
                "subjectConsistencyYn": "Y"
            },
            {
                "sentenceNo": 9,
                "sentenceContent": "한편, 복면가왕에서 무패가도를 질주했던 '우리 동네 음악대장(이하 음악대장)'이 부른 故 신해철의 노래들이 드디어 음원으로 출시된다. ",
                "subjectConsistencyYn": "N"
            },
            {
                "sentenceNo": 10,
                "sentenceContent": "MBC 측은 음악대장이 부른 故 신해철의 노래 'Lazenca, Save Us', '일상으로의 초대', '민물장어의 꿈' 3곡을 음원으로 출시하게 됐다고 밝혔다. ",
                "subjectConsistencyYn": "N"
            },
            {
                "sentenceNo": 11,
                "sentenceContent": "특히 ‘민물장어의 꿈’과 ‘Lazenca, Save Us’는 음악대장을 가왕에 오르게 한 곡으로 동영상 클립 조회 수가 1000만 뷰가 넘는 등 큰 사랑을 받아왔다.",
                "subjectConsistencyYn": "N"
            },
            {
                "sentenceNo": 12,
                "sentenceContent": "오는 10일(일) 저녁 7시, 복면가왕 방송 직후에 멜론을 비롯한 주요 음원사 이트를 통해 전격 공개될 예정이다.",
                "subjectConsistencyYn": "N"
            }
        ],
        "clickbaitClass": 0
    }
}