{
    "sourceDataInfo": {
        "newsID": "ET_M03_627246",
        "newsCategory": "연예",
        "newsSubcategory": "연예가화제",
        "newsTitle": "‘조재현 폭로’ 최율 “찾아와 죽인다고 하는데 무서웠다”",
        "newsSubTitle": "",
        "newsContent": "미투 운동에 동참하며 배우 조재현을 언급했던 배우 최율이 갑자기 글을 삭제한 이유를 설명했다.\n최율은 26일 자신의 소셜네트워크서비스(SNS)에 “그때는 배우 생활을 계속하고 싶었고 그냥 눈감고 입 닫고 참아야 하는 건 줄만 알았다”며 “그렇게 시간이 흐르고 이제 그 세계에서 멀리 떨어졌다고 생각해 올린 글이 이렇게 관심을 받을지 예상 못 했다”고 밝혔다.\n그는 “갑자기 쏟아지는 관심에 아무 말도 할 수 없었고 아이들에게 피해가 갈까 두려웠다”며 “찾아와 죽인다고 하는데 안 무서울 사람이 어디 있겠습니까? 그래서 글을 삭제했다”고 전했다.\n최율은 또 “그분도 인정하고 사과를 하신 상황에서 구구절절 폭로해봤자 남는 게 뭐가 있을까요. 사람 미워하고 원망해봤자 제 마음만 힘들 뿐”이라며 “제가 과거에 무슨 일이 있었는지 내 아이들은 아무것도 모르고 별 탈 없이 컸으면 하는 마음뿐”이라고 밝혔다.\n그러면서 “저에게 보내신 메시지나 댓글 다 읽어보았다”며 “왜 제가 그런 욕을 하시는지 제가 뭘 잘못했는지 다 이해할 수는 없을 것 같다. 이제 그만하시라고 긴 글 올린다”고 덧붙였다.\n그가 “조재현씨가 협박했다는 게 아니다”라고 밝힌 것으로 보아 네티즌들로부터 욕설과 협박을 들었던 것으로 예상된다.\n앞서 지난 23일 최율은 조재현의 포털사이트 프로필을 캡처해 올리며 “내가 너 언제 터지나 기다렸지. 생각보다 빨리 올게 왔군. 이제 겨우 시작. 더 많은 쓰레기들이 남았다”라는 글을 올린 바 있다.\n이후 글이 주목을 받자 SNS를 비공개로 전환하고 글을 삭제했다.\n다음날인 24일 조재현은 입장문을 통해 “전 잘못 살아왔다. 30년 가까이 연기 생활하며 동료, 스태프, 후배들에게 실수와 죄스러운 말과 행동도 참 많았다”고 사과했다.\n그는 “모든 걸 내려놓겠다. 지금부터는 피해자분들께 속죄하는 마음으로 제 삶을 되돌아보는 시간을 보내겠다”며 출연 중인 드라마에서 하차하고 교수직에서 물러났다.",
        "partNum": "P2",
        "useType": 0,
        "processType": "D",
        "processPattern": "23",
        "processLevel": "중",
        "sentenceCount": 10,
        "processSentencenum": 4,
        "sentenceInfo": [
            {
                "sentenceNo": 1,
                "sentenceContent": "미투 운동에 동참하며 배우 조재현을 언급했던 배우 최율이 갑자기 글을 삭제한 이유를 설명했다.",
                "sentenceSize": 52
            },
            {
                "sentenceNo": 2,
                "sentenceContent": "최율은 26일 자신의 소셜네트워크서비스(SNS)에 “그때는 배우 생활을 계속하고 싶었고 그냥 눈감고 입 닫고 참아야 하는 건 줄만 알았다”며 “그렇게 시간이 흐르고 이제 그 세계에서 멀리 떨어졌다고 생각해 올린 글이 이렇게 관심을 받을지 예상 못 했다”고 밝혔다.",
                "sentenceSize": 147
            },
            {
                "sentenceNo": 3,
                "sentenceContent": "그는 “갑자기 쏟아지는 관심에 아무 말도 할 수 없었고 아이들에게 피해가 갈까 두려웠다”며 “찾아와 죽인다고 하는데 안 무서울 사람이 어디 있겠습니까? 그래서 글을 삭제했다”고 전했다.",
                "sentenceSize": 103
            },
            {
                "sentenceNo": 4,
                "sentenceContent": "최율은 또 “그분도 인정하고 사과를 하신 상황에서 구구절절 폭로해봤자 남는 게 뭐가 있을까요. 사람 미워하고 원망해봤자 제 마음만 힘들 뿐”이라며 “제가 과거에 무슨 일이 있었는지 내 아이들은 아무것도 모르고 별 탈 없이 컸으면 하는 마음뿐”이라고 밝혔다.",
                "sentenceSize": 143
            },
            {
                "sentenceNo": 5,
                "sentenceContent": "그러면서 “저에게 보내신 메시지나 댓글 다 읽어보았다”며 “왜 제가 그런 욕을 하시는지 제가 뭘 잘못했는지 다 이해할 수는 없을 것 같다. 이제 그만하시라고 긴 글 올린다”고 덧붙였다.",
                "sentenceSize": 103
            },
            {
                "sentenceNo": 6,
                "sentenceContent": "그가 “조재현씨가 협박했다는 게 아니다”라고 밝힌 것으로 보아 네티즌들로부터 욕설과 협박을 들었던 것으로 예상된다.",
                "sentenceSize": 64
            },
            {
                "sentenceNo": 7,
                "sentenceContent": "앞서 지난 23일 최율은 조재현의 포털사이트 프로필을 캡처해 올리며 “내가 너 언제 터지나 기다렸지. 생각보다 빨리 올게 왔군. 이제 겨우 시작. 더 많은 쓰레기들이 남았다”라는 글을 올린 바 있다.",
                "sentenceSize": 111
            },
            {
                "sentenceNo": 8,
                "sentenceContent": "이후 글이 주목을 받자 SNS를 비공개로 전환하고 글을 삭제했다.",
                "sentenceSize": 36
            },
            {
                "sentenceNo": 9,
                "sentenceContent": "다음날인 24일 조재현은 입장문을 통해 “전 잘못 살아왔다. 30년 가까이 연기 생활하며 동료, 스태프, 후배들에게 실수와 죄스러운 말과 행동도 참 많았다”고 사과했다.",
                "sentenceSize": 94
            },
            {
                "sentenceNo": 10,
                "sentenceContent": "그는 “모든 걸 내려놓겠다. 지금부터는 피해자분들께 속죄하는 마음으로 제 삶을 되돌아보는 시간을 보내겠다”며 출연 중인 드라마에서 하차하고 교수직에서 물러났다.",
                "sentenceSize": 89
            }
        ]
    },
    "labeledDataInfo": {
        "processSentenceInfo": [
            {
                "sentenceNo": 1,
                "sentenceContent": "미투 운동에 동참하며 배우 조재현을 언급했던 배우 최율이 갑자기 글을 삭제한 이유를 설명했다.",
                "subjectConsistencyYn": "Y"
            },
            {
                "sentenceNo": 2,
                "sentenceContent": "최율은 26일 자신의 소셜네트워크서비스(SNS)에 “그때는 배우 생활을 계속하고 싶었고 그냥 눈감고 입 닫고 참아야 하는 건 줄만 알았다”며 “그렇게 시간이 흐르고 이제 그 세계에서 멀리 떨어졌다고 생각해 올린 글이 이렇게 관심을 받을지 예상 못 했다”고 밝혔다.",
                "subjectConsistencyYn": "Y"
            },
            {
                "sentenceNo": 3,
                "sentenceContent": "그는 “갑자기 쏟아지는 관심에 아무 말도 할 수 없었고 아이들에게 피해가 갈까 두려웠다”며 “찾아와 죽인다고 하는데 안 무서울 사람이 어디 있겠습니까? 그래서 글을 삭제했다”고 전했다.",
                "subjectConsistencyYn": "Y"
            },
            {
                "sentenceNo": 4,
                "sentenceContent": "최율은 또 “그분도 인정하고 사과를 하신 상황에서 구구절절 폭로해봤자 남는 게 뭐가 있을까요. 사람 미워하고 원망해봤자 제 마음만 힘들 뿐”이라며 “제가 과거에 무슨 일이 있었는지 내 아이들은 아무것도 모르고 별 탈 없이 컸으면 하는 마음뿐”이라고 밝혔다.",
                "subjectConsistencyYn": "Y"
            },
            {
                "sentenceNo": 5,
                "sentenceContent": "그러면서 “저에게 보내신 메시지나 댓글 다 읽어보았다”며 “왜 제가 그런 욕을 하시는지 제가 뭘 잘못했는지 다 이해할 수는 없을 것 같다. 이제 그만하시라고 긴 글 올린다”고 덧붙였다.",
                "subjectConsistencyYn": "Y"
            },
            {
                "sentenceNo": 6,
                "sentenceContent": "그가 “조재현씨가 협박했다는 게 아니다”라고 밝힌 것으로 보아 네티즌들로부터 욕설과 협박을 들었던 것으로 예상된다.",
                "subjectConsistencyYn": "Y"
            },
            {
                "sentenceNo": 7,
                "sentenceContent": "앞서 지난 23일 최율은 조재현의 포털사이트 프로필을 캡처해 올리며 “내가 너 언제 터지나 기다렸지. 생각보다 빨리 올게 왔군. 이제 겨우 시작. 더 많은 쓰레기들이 남았다”라는 글을 올린 바 있다.",
                "subjectConsistencyYn": "Y"
            },
            {
                "sentenceNo": 8,
                "sentenceContent": "이후 글이 주목을 받자 SNS를 비공개로 전환하고 글을 삭제했다.",
                "subjectConsistencyYn": "Y"
            },
            {
                "sentenceNo": 9,
                "sentenceContent": "다음날인 24일 조재현은 입장문을 통해 “전 잘못 살아왔다. 30년 가까이 연기 생활하며 동료, 스태프, 후배들에게 실수와 죄스러운 말과 행동도 참 많았다”고 사과했다.",
                "subjectConsistencyYn": "Y"
            },
            {
                "sentenceNo": 10,
                "sentenceContent": "그는 “모든 걸 내려놓겠다. 지금부터는 피해자분들께 속죄하는 마음으로 제 삶을 되돌아보는 시간을 보내겠다”며 출연 중인 드라마에서 하차하고 교수직에서 물러났다.",
                "subjectConsistencyYn": "Y"
            },
            {
                "sentenceNo": 11,
                "sentenceContent": "한편, 최율이 이용한 마음애 심리 상담 센터가 대한민국 최고의 심리 상담 센터로 알려져 심리 상담이 필요한 이들에게 눈길을 끌고 있다.",
                "subjectConsistencyYn": "N"
            },
            {
                "sentenceNo": 12,
                "sentenceContent": "마음애 심리 상담 센터는 전문상담심리사에 의한 병합적인 시스템을 구축하고 있으며 각 분야 최고의 심리 상담 전문가들이 소속되어 있다.",
                "subjectConsistencyYn": "N"
            },
            {
                "sentenceNo": 13,
                "sentenceContent": "또한 부모교육 프로그램을 연중 상설로 진행하여 자녀 양육태도 개선을 도우며 타 센터 대비 상대적으로 저렴한 정책을 고집하고 있다.",
                "subjectConsistencyYn": "N"
            },
            {
                "sentenceNo": 14,
                "sentenceContent": "마음애 심리 상담 센터는 온라인과 전화로 예약이 가능하며 각 지점에 직접 찾아가 심리 상담을 받을 수 있다.",
                "subjectConsistencyYn": "N"
            }
        ],
        "clickbaitClass": 0
    }
}