{
	"sourceDataInfo": {
		"newsID": "ET_M13_490687",
		"newsCategory": "연예",
		"newsSubcategory": "방송",
		"newsTitle": "‘두 번째 남편’ 엄현경, 문태양 친아들 진실 알았다[종합]",
		"newsSubTitle": "",
		"newsContent": "‘두 번째 남편’ 엄현경이 문태양의 화상 자국을 보고 놀랐다.\n20일 오후 방송된 MBC 일일드라마 ‘두 번째 남편’에서는 문태양과 문새벽의 같은 화상 자국을 보고 놀란 엄현경의 모습이 전파를 탔다.\n이날 가족들은 저녁 준비를 하는 샤론박(엄현경)에 의아함을 느꼈다.\n주해란(지수원)은 이런 것도 해봐야 한다며 샤론박에게 집안일을 시켰다.\n분가를 언급하는 주해란에 윤대국(정성모)은 다 끼고 같이 살 것이라 말했고 윤재경은(오승아) 분가가 편하다고 그를 부추겼다.\n그 말에 주해란은 “그럼 너희들부터 분가하면 되겠구나”라고 날카롭게 말했다.\n윤재경은 주해란이 샤론을 대하는 태도가 달라진 것 같다고 이상함을 느꼈다.\n그는 “샤론, 분위기가 달라졌어”라며 “그나저나 봉선화(엄현경)가 새벽이 살아있는 거 저렇게 파헤치고 다니니 어떻게?”라고 걱정했다.\n문상혁(박기웅)은 미리부터 걱정하지 말자고 말했고 짜증 내는 윤재경에 술을 마시러 방을 나갔다.\n부엌에 있는 봉선화를 본 문상혁은 그를 데리고 움직였다.\n주해란은 ‘봉선화를 어떻게 해야 우리 재민이 곁에서 떼어낼 수가 있지? 기가 막혀. 윤대국, 당신도 이 사실을 알게 되면 얼마나 기가 막힐까? 그렇게 애지중지하던 재민이도 당신 핏줄이 아니고 태양이도 당신 핏줄이 아닌데, 기껏 들인 며느리도 가짜라니. 아니, 가짜인 것도 모자라 당신 사위의 전 부인이었다니. 그러니까 죄를 짓고 살면 안 돼. 남한테 준 고통이 다 부메랑이 돼서 당신한테 돌아오잖아?’라며 윤대국을 내려봤다.\n문상혁은 주해란이 봉선화의 정체를 눈치챈 것을 알게 됐다.\n봉선화는 “정말 새벽이 어디 있는지 말 안 해줄 거야? 오빠 알면서도 숨기는 거잖아. 나랑 같이 살 생각 있긴 있는 거야?”라고 따졌다.\n문상혁은 “알고 있으면 내가 너한테 왜 말 안 하겠어. 나도 새벽이 궁금하고 어떻게든 알아내서 너랑 같이 살고 싶어”라고 답했다.\n제이 타운 때문에 거짓말하는 거냐 묻는 봉선화에 그는 새벽이 가지고 거짓말하지 않는다고 받아쳤다.\n이어 문상혁은 “네가 회장님한테 우리 관계 터트린다고 했잖아. 내가 진짜 못된 놈 같았으면 그때 가짜 새벽이라도 데려와서 널 속였을 거야. 그렇지만 자식 일이니까 그렇게 못 해. 내 양심이 허락하지 않아. 날 그렇게 못 믿으면서 내가 네 정체 지켜줄 거라는 걸 어떻게 믿어?”라고 말했다.\n이를 밖에서 듣고 있던 주해란은 ‘천박한 것들이 내 집에서 뭐 하는 거야? 문상혁, 너도 봉선화 정체를 알고 있었다는 거지? 이 연놈들이 내 집에서’라고 분노했다.\n이때 잠에서 깬 윤재경이 주해란에게 말을 거는 것을 봉선화와 문상혁이 듣게 됐다.\n주해란이 윤재경을 데리고 가는 소리를 들은 두 사람은 몰래 2층으로 올라갔다.\n주해란은 윤재경에게 앞으로도 재미있는 일이 많을 테니 기대하라고 미소지었다.\n패를 까라는 윤재경에 그는 “다 집안의 평화를 위해서 어디까지나 널 보호해줘야 하지 않겠니? 다 널 위해서 네 아버지 앞에서 입 꾹 다물고 비밀 지켜주고 있잖니?”라고 말했다.\n윤재경은 “그런 어마어마한 비밀을 지켜주시는데 어머니한테 잘해야겠네요? 그래서 저도 아빠한테 불륜녀의 더러움을 고하지 않고 있잖아요. 그런 걸 보고 샘샘이라고 하죠?”라고 비아냥거리며 기 싸움을 했다.\n다음 날 봉선화에게 아침 식사 준비를 시키려던 주해란은 운동 가야 한다며 그를 데리고 가는 윤재민(차서원)에 계획이 실패했다.\n윤재민은 정복순(김희정)에게 주해란이 봉선화 정체를 발설하지는 않을 거라 말하며 미안함을 전했다.\n배서준(신우겸)은 봉선화를 데리고 나와야 하는 거 아니냐고 물었고 윤재민은 “그렇게 하려고 했는데 선화 씨가 우선 좀 버텨보겠대. 우리 목적은 윤재경이나 문상혁이 가진 증거를 찾아서 선화 씨 누명을 벗기고 새벽이 찾는 거니까”라고 답했다.\n봉선화와 윤재민은 브로커를 만나 문새벽에 관해 추궁했다.\n돈은 현찰로 주겠다는 말에 브로커는 자료가 있을 수도 있다며 여지를 줬다.\n봉선화는 “제발요. 제가 새벽이 엄마예요. 우리 아이 어떻게든 찾아야 해요. 제가 누명 쓰고 교도소 들어간 사이에 전남편이라는 사람이 부잣집 여자랑 결혼하려고 애를 버린 거예요. 그래놓고 저한테 애가 죽었다고 거짓말까지 했어요”라고 호소했다.\n없다고 말한 브로커는 캐비닛을 열어 보였고 봉선화는 몰래 그 속을 촬영했다.\n봉선화는 황금덕에게 캐비닛 영상을 보여주며 빨간색 파일에 의문을 가졌다.\n이때 브로커가 밖을 나간 것을 본 황금덕은 윤재경과 브로커가 만나 대화하는 것을 엿들었다.\n황금덕은 “우리 예상이 맞았네. 윤재경 그 고얀 계집애가 새벽이 키우기 싫다고 어디 보내버렸네”라고 오해했다.\n봉선화는 어떻게 하든 캐비닛을 뒤져봐야 한다고 말했다.\n집에 돌아온 윤재민은 주해란에게 “엄마가 어제저녁부터 너무 티 나게 선화 씨를 괴롭히잖아요. 선화 씨 제가 사랑하는 사람이에요. 함부로 대하지 말아주세요”라고 말했다.\n엄마 감정은 상관없냐고 따지는 주해란에 그는 “엄마만 이해하시고 넘어가면 되잖아요. 엄마 아들 재민이, 한 번만 믿고 넘어가 주세요. 엄마 화내시는 거 이해하는데 저 정말 봉선화 씨 사랑해요”라고 설득했다.\n주해란은 연민과 사랑을 착각하고 있다고 윤재민에게 정신 차리라고 호소했다.\n그는 “나 절대로 봉선화 인정 못 해. 그러니까 당장 쫓겨나기 전에 네 마음부터 정리해”라고 단호하게 말했다.\n윤재민은 “엄마가 인정 못 하셔도 할 수 없어요. 저 어머니 아들이기 전에 이제는 사랑하는 사람을 지켜야 하는 가장입니다”라고 답했다.\n브로커는 윤재경에게 돈이 입금된 것을 보고 빨간 파일은 서랍에 넣고 잠가버렸다.\n황금덕과 진아는 캐비닛을 뒤지러 브로커 사무실에 들어갔다.\n이때 브로커가 돌아오는 모습에 봉선화는 황급히 경찰 사이렌을 울려 이들에게 알렸다.\n그 소리를 들은 브로커는 도망쳐버렸고 황금덕은 빨간 파일을 챙겨 사무실을 벗어났다.\n파일을 확인하려던 봉선화는 주해란 전화에 이를 확인하지 못했다.\n집에 돌아온 봉선화는 태양이가 입원했다는 주해란 말을 들었다.\n학원에서 새우튀김을 먹고 알레르기로 호흡곤란이 온 것을 들은 봉선화는 “나도 그 알레르기 겪어봐서 알아. 엄청 힘들고 아플 텐데. 내가 태양이 좀 봐도 될까?”라고 물었다.\n모두가 자리를 비운 후 봉선화는 문태양을 보고 걱정했다.\n문태양 몸에까지 발진이 난 것을 본 봉선화는 그의 상의를 들쳤다.\n봉선화는 새벽이와 똑같은 부위에 화상 자국이 있는 것을 보고 깜짝 놀랐다.\n한편 MBC 일일드라마 ‘두 번째 남편’은 매주 월~금 오후 7시 5분에 방송된다.",
		"partNum": "P2",
		"useType": 0,
		"processType": "A",
		"processPattern": "99",
		"processLevel": "하",
		"sentenceCount": 49,
		"processSentencenum": 5,
		"sentenceInfo": [
			{
				"sentenceNo": 1,
				"sentenceContent": "‘두 번째 남편’ 엄현경이 문태양의 화상 자국을 보고 놀랐다.",
				"sentenceSize": 34
			},
			{
				"sentenceNo": 2,
				"sentenceContent": "20일 오후 방송된 MBC 일일드라마 ‘두 번째 남편’에서는 문태양과 문새벽의 같은 화상 자국을 보고 놀란 엄현경의 모습이 전파를 탔다.",
				"sentenceSize": 76
			},
			{
				"sentenceNo": 3,
				"sentenceContent": "이날 가족들은 저녁 준비를 하는 샤론박(엄현경)에 의아함을 느꼈다.",
				"sentenceSize": 37
			},
			{
				"sentenceNo": 4,
				"sentenceContent": "주해란(지수원)은 이런 것도 해봐야 한다며 샤론박에게 집안일을 시켰다.",
				"sentenceSize": 39
			},
			{
				"sentenceNo": 5,
				"sentenceContent": "분가를 언급하는 주해란에 윤대국(정성모)은 다 끼고 같이 살 것이라 말했고 윤재경은(오승아) 분가가 편하다고 그를 부추겼다.",
				"sentenceSize": 69
			},
			{
				"sentenceNo": 6,
				"sentenceContent": "그 말에 주해란은 “그럼 너희들부터 분가하면 되겠구나”라고 날카롭게 말했다.",
				"sentenceSize": 42
			},
			{
				"sentenceNo": 7,
				"sentenceContent": "윤재경은 주해란이 샤론을 대하는 태도가 달라진 것 같다고 이상함을 느꼈다.",
				"sentenceSize": 41
			},
			{
				"sentenceNo": 8,
				"sentenceContent": "그는 “샤론, 분위기가 달라졌어”라며 “그나저나 봉선화(엄현경)가 새벽이 살아있는 거 저렇게 파헤치고 다니니 어떻게?”라고 걱정했다.",
				"sentenceSize": 74
			},
			{
				"sentenceNo": 9,
				"sentenceContent": "문상혁(박기웅)은 미리부터 걱정하지 말자고 말했고 짜증 내는 윤재경에 술을 마시러 방을 나갔다.",
				"sentenceSize": 53
			},
			{
				"sentenceNo": 10,
				"sentenceContent": "부엌에 있는 봉선화를 본 문상혁은 그를 데리고 움직였다.",
				"sentenceSize": 31
			},
			{
				"sentenceNo": 11,
				"sentenceContent": "주해란은 ‘봉선화를 어떻게 해야 우리 재민이 곁에서 떼어낼 수가 있지? 기가 막혀. 윤대국, 당신도 이 사실을 알게 되면 얼마나 기가 막힐까? 그렇게 애지중지하던 재민이도 당신 핏줄이 아니고 태양이도 당신 핏줄이 아닌데, 기껏 들인 며느리도 가짜라니. 아니, 가짜인 것도 모자라 당신 사위의 전 부인이었다니. 그러니까 죄를 짓고 살면 안 돼. 남한테 준 고통이 다 부메랑이 돼서 당신한테 돌아오잖아?’라며 윤대국을 내려봤다.",
				"sentenceSize": 237
			},
			{
				"sentenceNo": 12,
				"sentenceContent": "문상혁은 주해란이 봉선화의 정체를 눈치챈 것을 알게 됐다.",
				"sentenceSize": 32
			},
			{
				"sentenceNo": 13,
				"sentenceContent": "봉선화는 “정말 새벽이 어디 있는지 말 안 해줄 거야? 오빠 알면서도 숨기는 거잖아. 나랑 같이 살 생각 있긴 있는 거야?”라고 따졌다.",
				"sentenceSize": 76
			},
			{
				"sentenceNo": 14,
				"sentenceContent": "문상혁은 “알고 있으면 내가 너한테 왜 말 안 하겠어. 나도 새벽이 궁금하고 어떻게든 알아내서 너랑 같이 살고 싶어”라고 답했다.",
				"sentenceSize": 72
			},
			{
				"sentenceNo": 15,
				"sentenceContent": "제이 타운 때문에 거짓말하는 거냐 묻는 봉선화에 그는 새벽이 가지고 거짓말하지 않는다고 받아쳤다.",
				"sentenceSize": 54
			},
			{
				"sentenceNo": 16,
				"sentenceContent": "이어 문상혁은 “네가 회장님한테 우리 관계 터트린다고 했잖아. 내가 진짜 못된 놈 같았으면 그때 가짜 새벽이라도 데려와서 널 속였을 거야. 그렇지만 자식 일이니까 그렇게 못 해. 내 양심이 허락하지 않아. 날 그렇게 못 믿으면서 내가 네 정체 지켜줄 거라는 걸 어떻게 믿어?”라고 말했다.",
				"sentenceSize": 161
			},
			{
				"sentenceNo": 17,
				"sentenceContent": "이를 밖에서 듣고 있던 주해란은 ‘천박한 것들이 내 집에서 뭐 하는 거야? 문상혁, 너도 봉선화 정체를 알고 있었다는 거지? 이 연놈들이 내 집에서’라고 분노했다.",
				"sentenceSize": 91
			},
			{
				"sentenceNo": 18,
				"sentenceContent": "이때 잠에서 깬 윤재경이 주해란에게 말을 거는 것을 봉선화와 문상혁이 듣게 됐다.",
				"sentenceSize": 45
			},
			{
				"sentenceNo": 19,
				"sentenceContent": "주해란이 윤재경을 데리고 가는 소리를 들은 두 사람은 몰래 2층으로 올라갔다.",
				"sentenceSize": 43
			},
			{
				"sentenceNo": 20,
				"sentenceContent": "주해란은 윤재경에게 앞으로도 재미있는 일이 많을 테니 기대하라고 미소지었다.",
				"sentenceSize": 42
			},
			{
				"sentenceNo": 21,
				"sentenceContent": "패를 까라는 윤재경에 그는 “다 집안의 평화를 위해서 어디까지나 널 보호해줘야 하지 않겠니? 다 널 위해서 네 아버지 앞에서 입 꾹 다물고 비밀 지켜주고 있잖니?”라고 말했다.",
				"sentenceSize": 98
			},
			{
				"sentenceNo": 22,
				"sentenceContent": "윤재경은 “그런 어마어마한 비밀을 지켜주시는데 어머니한테 잘해야겠네요? 그래서 저도 아빠한테 불륜녀의 더러움을 고하지 않고 있잖아요. 그런 걸 보고 샘샘이라고 하죠?”라고 비아냥거리며 기 싸움을 했다.",
				"sentenceSize": 112
			},
			{
				"sentenceNo": 23,
				"sentenceContent": "다음 날 봉선화에게 아침 식사 준비를 시키려던 주해란은 운동 가야 한다며 그를 데리고 가는 윤재민(차서원)에 계획이 실패했다.",
				"sentenceSize": 70
			},
			{
				"sentenceNo": 24,
				"sentenceContent": "윤재민은 정복순(김희정)에게 주해란이 봉선화 정체를 발설하지는 않을 거라 말하며 미안함을 전했다.",
				"sentenceSize": 54
			},
			{
				"sentenceNo": 25,
				"sentenceContent": "배서준(신우겸)은 봉선화를 데리고 나와야 하는 거 아니냐고 물었고 윤재민은 “그렇게 하려고 했는데 선화 씨가 우선 좀 버텨보겠대. 우리 목적은 윤재경이나 문상혁이 가진 증거를 찾아서 선화 씨 누명을 벗기고 새벽이 찾는 거니까”라고 답했다.",
				"sentenceSize": 133
			},
			{
				"sentenceNo": 26,
				"sentenceContent": "봉선화와 윤재민은 브로커를 만나 문새벽에 관해 추궁했다.",
				"sentenceSize": 31
			},
			{
				"sentenceNo": 27,
				"sentenceContent": "돈은 현찰로 주겠다는 말에 브로커는 자료가 있을 수도 있다며 여지를 줬다.",
				"sentenceSize": 41
			},
			{
				"sentenceNo": 28,
				"sentenceContent": "봉선화는 “제발요. 제가 새벽이 엄마예요. 우리 아이 어떻게든 찾아야 해요. 제가 누명 쓰고 교도소 들어간 사이에 전남편이라는 사람이 부잣집 여자랑 결혼하려고 애를 버린 거예요. 그래놓고 저한테 애가 죽었다고 거짓말까지 했어요”라고 호소했다.",
				"sentenceSize": 135
			},
			{
				"sentenceNo": 29,
				"sentenceContent": "없다고 말한 브로커는 캐비닛을 열어 보였고 봉선화는 몰래 그 속을 촬영했다.",
				"sentenceSize": 42
			},
			{
				"sentenceNo": 30,
				"sentenceContent": "봉선화는 황금덕에게 캐비닛 영상을 보여주며 빨간색 파일에 의문을 가졌다.",
				"sentenceSize": 40
			},
			{
				"sentenceNo": 31,
				"sentenceContent": "이때 브로커가 밖을 나간 것을 본 황금덕은 윤재경과 브로커가 만나 대화하는 것을 엿들었다.",
				"sentenceSize": 50
			},
			{
				"sentenceNo": 32,
				"sentenceContent": "황금덕은 “우리 예상이 맞았네. 윤재경 그 고얀 계집애가 새벽이 키우기 싫다고 어디 보내버렸네”라고 오해했다.",
				"sentenceSize": 61
			},
			{
				"sentenceNo": 33,
				"sentenceContent": "봉선화는 어떻게 하든 캐비닛을 뒤져봐야 한다고 말했다.",
				"sentenceSize": 30
			},
			{
				"sentenceNo": 34,
				"sentenceContent": "집에 돌아온 윤재민은 주해란에게 “엄마가 어제저녁부터 너무 티 나게 선화 씨를 괴롭히잖아요. 선화 씨 제가 사랑하는 사람이에요. 함부로 대하지 말아주세요”라고 말했다.",
				"sentenceSize": 93
			},
			{
				"sentenceNo": 35,
				"sentenceContent": "엄마 감정은 상관없냐고 따지는 주해란에 그는 “엄마만 이해하시고 넘어가면 되잖아요. 엄마 아들 재민이, 한 번만 믿고 넘어가 주세요. 엄마 화내시는 거 이해하는데 저 정말 봉선화 씨 사랑해요”라고 설득했다.",
				"sentenceSize": 115
			},
			{
				"sentenceNo": 36,
				"sentenceContent": "주해란은 연민과 사랑을 착각하고 있다고 윤재민에게 정신 차리라고 호소했다.",
				"sentenceSize": 41
			},
			{
				"sentenceNo": 37,
				"sentenceContent": "그는 “나 절대로 봉선화 인정 못 해. 그러니까 당장 쫓겨나기 전에 네 마음부터 정리해”라고 단호하게 말했다.",
				"sentenceSize": 61
			},
			{
				"sentenceNo": 38,
				"sentenceContent": "윤재민은 “엄마가 인정 못 하셔도 할 수 없어요. 저 어머니 아들이기 전에 이제는 사랑하는 사람을 지켜야 하는 가장입니다”라고 답했다.",
				"sentenceSize": 75
			},
			{
				"sentenceNo": 39,
				"sentenceContent": "브로커는 윤재경에게 돈이 입금된 것을 보고 빨간 파일은 서랍에 넣고 잠가버렸다.",
				"sentenceSize": 44
			},
			{
				"sentenceNo": 40,
				"sentenceContent": "황금덕과 진아는 캐비닛을 뒤지러 브로커 사무실에 들어갔다.",
				"sentenceSize": 32
			},
			{
				"sentenceNo": 41,
				"sentenceContent": "이때 브로커가 돌아오는 모습에 봉선화는 황급히 경찰 사이렌을 울려 이들에게 알렸다.",
				"sentenceSize": 46
			},
			{
				"sentenceNo": 42,
				"sentenceContent": "그 소리를 들은 브로커는 도망쳐버렸고 황금덕은 빨간 파일을 챙겨 사무실을 벗어났다.",
				"sentenceSize": 46
			},
			{
				"sentenceNo": 43,
				"sentenceContent": "파일을 확인하려던 봉선화는 주해란 전화에 이를 확인하지 못했다.",
				"sentenceSize": 35
			},
			{
				"sentenceNo": 44,
				"sentenceContent": "집에 돌아온 봉선화는 태양이가 입원했다는 주해란 말을 들었다.",
				"sentenceSize": 34
			},
			{
				"sentenceNo": 45,
				"sentenceContent": "학원에서 새우튀김을 먹고 알레르기로 호흡곤란이 온 것을 들은 봉선화는 “나도 그 알레르기 겪어봐서 알아. 엄청 힘들고 아플 텐데. 내가 태양이 좀 봐도 될까?”라고 물었다.",
				"sentenceSize": 96
			},
			{
				"sentenceNo": 46,
				"sentenceContent": "모두가 자리를 비운 후 봉선화는 문태양을 보고 걱정했다.",
				"sentenceSize": 31
			},
			{
				"sentenceNo": 47,
				"sentenceContent": "문태양 몸에까지 발진이 난 것을 본 봉선화는 그의 상의를 들쳤다.",
				"sentenceSize": 36
			},
			{
				"sentenceNo": 48,
				"sentenceContent": "봉선화는 새벽이와 똑같은 부위에 화상 자국이 있는 것을 보고 깜짝 놀랐다.",
				"sentenceSize": 41
			},
			{
				"sentenceNo": 49,
				"sentenceContent": "한편 MBC 일일드라마 ‘두 번째 남편’은 매주 월~금 오후 7시 5분에 방송된다.",
				"sentenceSize": 46
			}
		]
	},
	"labeledDataInfo": {
		"processSentenceInfo": [
			{
				"sentenceNo": 1,
				"sentenceContent": "‘두 번째 남편’ 엄현경이 문태양의 화상 자국을 보고 놀랐다.",
				"subjectConsistencyYn": "Y"
			},
			{
				"sentenceNo": 2,
				"sentenceContent": "20일 오후 방송된 MBC 일일드라마 ‘두 번째 남편’에서는 문태양과 문새벽의 같은 화상 자국을 보고 놀란 엄현경의 모습이 전파를 탔다.",
				"subjectConsistencyYn": "Y"
			},
			{
				"sentenceNo": 3,
				"sentenceContent": "이날 가족들은 저녁 준비를 하는 샤론박(엄현경)에 의아함을 느꼈다.",
				"subjectConsistencyYn": "Y"
			},
			{
				"sentenceNo": 4,
				"sentenceContent": "주해란(지수원)은 이런 것도 해봐야 한다며 샤론박에게 집안일을 시켰다.",
				"subjectConsistencyYn": "Y"
			},
			{
				"sentenceNo": 5,
				"sentenceContent": "분가를 언급하는 주해란에 윤대국(정성모)은 다 끼고 같이 살 것이라 말했고 윤재경은(오승아) 분가가 편하다고 그를 부추겼다.",
				"subjectConsistencyYn": "Y"
			},
			{
				"sentenceNo": 6,
				"sentenceContent": "그 말에 주해란은 “그럼 너희들부터 분가하면 되겠구나”라고 날카롭게 말했다.",
				"subjectConsistencyYn": "Y"
			},
			{
				"sentenceNo": 7,
				"sentenceContent": "윤재경은 주해란이 샤론을 대하는 태도가 달라진 것 같다고 이상함을 느꼈다.",
				"subjectConsistencyYn": "Y"
			},
			{
				"sentenceNo": 8,
				"sentenceContent": "그는 “샤론, 분위기가 달라졌어”라며 “그나저나 봉선화(엄현경)가 새벽이 살아있는 거 저렇게 파헤치고 다니니 어떻게?”라고 걱정했다.",
				"subjectConsistencyYn": "Y"
			},
			{
				"sentenceNo": 9,
				"sentenceContent": "문상혁(박기웅)은 미리부터 걱정하지 말자고 말했고 짜증 내는 윤재경에 술을 마시러 방을 나갔다.",
				"subjectConsistencyYn": "Y"
			},
			{
				"sentenceNo": 10,
				"sentenceContent": "부엌에 있는 봉선화를 본 문상혁은 그를 데리고 움직였다.",
				"subjectConsistencyYn": "Y"
			},
			{
				"sentenceNo": 11,
				"sentenceContent": "주해란은 ‘봉선화를 어떻게 해야 우리 재민이 곁에서 떼어낼 수가 있지? 기가 막혀. 윤대국, 당신도 이 사실을 알게 되면 얼마나 기가 막힐까? 그렇게 애지중지하던 재민이도 당신 핏줄이 아니고 태양이도 당신 핏줄이 아닌데, 기껏 들인 며느리도 가짜라니. 아니, 가짜인 것도 모자라 당신 사위의 전 부인이었다니. 그러니까 죄를 짓고 살면 안 돼. 남한테 준 고통이 다 부메랑이 돼서 당신한테 돌아오잖아?’라며 윤대국을 내려봤다.",
				"subjectConsistencyYn": "Y"
			},
			{
				"sentenceNo": 12,
				"sentenceContent": "문상혁은 주해란이 봉선화의 정체를 눈치챈 것을 알게 됐다.",
				"subjectConsistencyYn": "Y"
			},
			{
				"sentenceNo": 13,
				"sentenceContent": "봉선화는 “정말 새벽이 어디 있는지 말 안 해줄 거야? 오빠 알면서도 숨기는 거잖아. 나랑 같이 살 생각 있긴 있는 거야?”라고 따졌다.",
				"subjectConsistencyYn": "Y"
			},
			{
				"sentenceNo": 14,
				"sentenceContent": "문상혁은 “알고 있으면 내가 너한테 왜 말 안 하겠어. 나도 새벽이 궁금하고 어떻게든 알아내서 너랑 같이 살고 싶어”라고 답했다.",
				"subjectConsistencyYn": "Y"
			},
			{
				"sentenceNo": 15,
				"sentenceContent": "제이 타운 때문에 거짓말하는 거냐 묻는 봉선화에 그는 새벽이 가지고 거짓말하지 않는다고 받아쳤다.",
				"subjectConsistencyYn": "Y"
			},
			{
				"sentenceNo": 16,
				"sentenceContent": "이어 문상혁은 “네가 회장님한테 우리 관계 터트린다고 했잖아. 내가 진짜 못된 놈 같았으면 그때 가짜 새벽이라도 데려와서 널 속였을 거야. 그렇지만 자식 일이니까 그렇게 못 해. 내 양심이 허락하지 않아. 날 그렇게 못 믿으면서 내가 네 정체 지켜줄 거라는 걸 어떻게 믿어?”라고 말했다.",
				"subjectConsistencyYn": "Y"
			},
			{
				"sentenceNo": 17,
				"sentenceContent": "이를 밖에서 듣고 있던 주해란은 ‘천박한 것들이 내 집에서 뭐 하는 거야? 문상혁, 너도 봉선화 정체를 알고 있었다는 거지? 이 연놈들이 내 집에서’라고 분노했다.",
				"subjectConsistencyYn": "Y"
			},
			{
				"sentenceNo": 18,
				"sentenceContent": "이때 잠에서 깬 윤재경이 주해란에게 말을 거는 것을 봉선화와 문상혁이 듣게 됐다.",
				"subjectConsistencyYn": "Y"
			},
			{
				"sentenceNo": 19,
				"sentenceContent": "주해란이 윤재경을 데리고 가는 소리를 들은 두 사람은 몰래 2층으로 올라갔다.",
				"subjectConsistencyYn": "Y"
			},
			{
				"sentenceNo": 20,
				"sentenceContent": "주해란은 윤재경에게 앞으로도 재미있는 일이 많을 테니 기대하라고 미소지었다.",
				"subjectConsistencyYn": "Y"
			},
			{
				"sentenceNo": 21,
				"sentenceContent": "패를 까라는 윤재경에 그는 “다 집안의 평화를 위해서 어디까지나 널 보호해줘야 하지 않겠니? 다 널 위해서 네 아버지 앞에서 입 꾹 다물고 비밀 지켜주고 있잖니?”라고 말했다.",
				"subjectConsistencyYn": "Y"
			},
			{
				"sentenceNo": 22,
				"sentenceContent": "윤재경은 “그런 어마어마한 비밀을 지켜주시는데 어머니한테 잘해야겠네요? 그래서 저도 아빠한테 불륜녀의 더러움을 고하지 않고 있잖아요. 그런 걸 보고 샘샘이라고 하죠?”라고 비아냥거리며 기 싸움을 했다.",
				"subjectConsistencyYn": "Y"
			},
			{
				"sentenceNo": 23,
				"sentenceContent": "다음 날 봉선화에게 아침 식사 준비를 시키려던 주해란은 운동 가야 한다며 그를 데리고 가는 윤재민(차서원)에 계획이 실패했다.",
				"subjectConsistencyYn": "Y"
			},
			{
				"sentenceNo": 24,
				"sentenceContent": "윤재민은 정복순(김희정)에게 주해란이 봉선화 정체를 발설하지는 않을 거라 말하며 미안함을 전했다.",
				"subjectConsistencyYn": "Y"
			},
			{
				"sentenceNo": 25,
				"sentenceContent": "배서준(신우겸)은 봉선화를 데리고 나와야 하는 거 아니냐고 물었고 윤재민은 “그렇게 하려고 했는데 선화 씨가 우선 좀 버텨보겠대. 우리 목적은 윤재경이나 문상혁이 가진 증거를 찾아서 선화 씨 누명을 벗기고 새벽이 찾는 거니까”라고 답했다.",
				"subjectConsistencyYn": "Y"
			},
			{
				"sentenceNo": 26,
				"sentenceContent": "봉선화와 윤재민은 브로커를 만나 문새벽에 관해 추궁했다.",
				"subjectConsistencyYn": "Y"
			},
			{
				"sentenceNo": 27,
				"sentenceContent": "돈은 현찰로 주겠다는 말에 브로커는 자료가 있을 수도 있다며 여지를 줬다.",
				"subjectConsistencyYn": "Y"
			},
			{
				"sentenceNo": 28,
				"sentenceContent": "봉선화는 “제발요. 제가 새벽이 엄마예요. 우리 아이 어떻게든 찾아야 해요. 제가 누명 쓰고 교도소 들어간 사이에 전남편이라는 사람이 부잣집 여자랑 결혼하려고 애를 버린 거예요. 그래놓고 저한테 애가 죽었다고 거짓말까지 했어요”라고 호소했다.",
				"subjectConsistencyYn": "Y"
			},
			{
				"sentenceNo": 29,
				"sentenceContent": "없다고 말한 브로커는 캐비닛을 열어 보였고 봉선화는 몰래 그 속을 촬영했다.",
				"subjectConsistencyYn": "Y"
			},
			{
				"sentenceNo": 30,
				"sentenceContent": "봉선화는 황금덕에게 캐비닛 영상을 보여주며 빨간색 파일에 의문을 가졌다.",
				"subjectConsistencyYn": "Y"
			},
			{
				"sentenceNo": 31,
				"sentenceContent": "이때 브로커가 밖을 나간 것을 본 황금덕은 윤재경과 브로커가 만나 대화하는 것을 엿들었다.",
				"subjectConsistencyYn": "Y"
			},
			{
				"sentenceNo": 32,
				"sentenceContent": "황금덕은 “우리 예상이 맞았네. 윤재경 그 고얀 계집애가 새벽이 키우기 싫다고 어디 보내버렸네”라고 오해했다.",
				"subjectConsistencyYn": "Y"
			},
			{
				"sentenceNo": 33,
				"sentenceContent": "봉선화는 어떻게 하든 캐비닛을 뒤져봐야 한다고 말했다.",
				"subjectConsistencyYn": "Y"
			},
			{
				"sentenceNo": 34,
				"sentenceContent": "집에 돌아온 윤재민은 주해란에게 “엄마가 어제저녁부터 너무 티 나게 선화 씨를 괴롭히잖아요. 선화 씨 제가 사랑하는 사람이에요. 함부로 대하지 말아주세요”라고 말했다.",
				"subjectConsistencyYn": "Y"
			},
			{
				"sentenceNo": 35,
				"sentenceContent": "엄마 감정은 상관없냐고 따지는 주해란에 그는 “엄마만 이해하시고 넘어가면 되잖아요. 엄마 아들 재민이, 한 번만 믿고 넘어가 주세요. 엄마 화내시는 거 이해하는데 저 정말 봉선화 씨 사랑해요”라고 설득했다.",
				"subjectConsistencyYn": "Y"
			},
			{
				"sentenceNo": 36,
				"sentenceContent": "주해란은 연민과 사랑을 착각하고 있다고 윤재민에게 정신 차리라고 호소했다.",
				"subjectConsistencyYn": "Y"
			},
			{
				"sentenceNo": 37,
				"sentenceContent": "그는 “나 절대로 봉선화 인정 못 해. 그러니까 당장 쫓겨나기 전에 네 마음부터 정리해”라고 단호하게 말했다.",
				"subjectConsistencyYn": "Y"
			},
			{
				"sentenceNo": 38,
				"sentenceContent": "윤재민은 “엄마가 인정 못 하셔도 할 수 없어요. 저 어머니 아들이기 전에 이제는 사랑하는 사람을 지켜야 하는 가장입니다”라고 답했다.",
				"subjectConsistencyYn": "Y"
			},
			{
				"sentenceNo": 39,
				"sentenceContent": "브로커는 윤재경에게 돈이 입금된 것을 보고 빨간 파일은 서랍에 넣고 잠가버렸다.",
				"subjectConsistencyYn": "Y"
			},
			{
				"sentenceNo": 40,
				"sentenceContent": "황금덕과 진아는 캐비닛을 뒤지러 브로커 사무실에 들어갔다.",
				"subjectConsistencyYn": "Y"
			},
			{
				"sentenceNo": 41,
				"sentenceContent": "이때 브로커가 돌아오는 모습에 봉선화는 황급히 경찰 사이렌을 울려 이들에게 알렸다.",
				"subjectConsistencyYn": "Y"
			},
			{
				"sentenceNo": 42,
				"sentenceContent": "그 소리를 들은 브로커는 도망쳐버렸고 황금덕은 빨간 파일을 챙겨 사무실을 벗어났다.",
				"subjectConsistencyYn": "Y"
			},
			{
				"sentenceNo": 43,
				"sentenceContent": "파일을 확인하려던 봉선화는 주해란 전화에 이를 확인하지 못했다.",
				"subjectConsistencyYn": "Y"
			},
			{
				"sentenceNo": 44,
				"sentenceContent": "집에 돌아온 봉선화는 태양이가 입원했다는 주해란 말을 들었다.",
				"subjectConsistencyYn": "Y"
			},
			{
				"sentenceNo": 45,
				"sentenceContent": "김종국은 불편한 기색을 감추지 않았다.",
				"subjectConsistencyYn": "N"
			},
			{
				"sentenceNo": 46,
				"sentenceContent": "김종국은 9일 자신의 유튜브 커뮤니티에 “가장 최근까지 업데이트된 불법 약물을 단 한 가지도 빼지 않은 WADA(세계반도핑기구)기준 391가지 도핑검사를 진행한다”며 검사 도구 등을 공개했다.",
				"subjectConsistencyYn": "N"
			},
			{
				"sentenceNo": 47,
				"sentenceContent": "그러면서 “다름을 인정하고 존중할 줄 아는 성숙함을 배울 수 있길 기대해본다”며 그렉 듀셋의 발언을 반박했다.",
				"subjectConsistencyYn": "N"
			}
		],
		"clickbaitClass": 0
	}
}