{
	"sourceDataInfo": {
		"newsID": "ET_M13_490511",
		"newsCategory": "연예",
		"newsSubcategory": "영화",
		"newsTitle": "‘킹스맨3’ 이 형, 지금 겁나 진지하다[편파적인 씨네리뷰]",
		"newsSubTitle": "",
		"newsContent": "■편파적인 한줄평 : 견뎌봐라, 130분. ‘병맛’을 빼고 ‘진지함’만 담았다.\n웃음기 대신 현란한 액션만 남겼다.\n전쟁에 대한 철학적인 메시지까지 무겁게 얹는다.\n러닝타임 130분을 견뎌야하는 영화 ‘킹스맨: 퍼스트 에이전트’(감독 매튜 본, 이하 ‘킹스맨3’)다. ‘킹스맨3’는 역사상 최악의 폭군들과 범죄자들이 모여 세계 전쟁을 모의하는 광기의 시대, 이들을 막으려는 옥스포드 공작(랄프 파인즈)의 고군분투와 독립 정보기관 ‘킹스맨’을 창설하기까지 서사를 담는다.\n여기에 역사적 인물들을 재가공해 독특한 빌런의 탄생을 알리고자 한다.\n전작의 혹평을 씻어내려는 매튜 본 감독의 욕심이 컸던 탓일까.\n색깔이 매우 모호하다.\n역사와 상업성을 믹스매치한 선택 때문이다.\n흥행에 성공했던 ‘킹스맨: 시크릿 에이전트(킹스맨1)’처럼 가볍게 즐기는 재미 대신 역사와 전쟁, 대의와 희생이라는 무거운 화두를 첨가해 시종일관 ‘궁서체’(진지함)를 유지한다. ‘킹스맨1’의 차진 맛을 원한 이라면 호불호가 갈릴 듯 하다. ‘킹스맨’ 시리즈 특유의 멋도 그다지 부각되지 않는다.\n옥스포드 공작과 아들 콘래드(해리스 딕킨슨), 조력자 숄라(디몬 하운수) 등의 캐릭터들은 매력적이지 않고, 이들이 빌런들과 대치하면서 벌어지는 액션 또한 화려하지만 통쾌하지 않다.\n오히려 진지한 서사에 비해 붕 뜬다는 느낌마저 준다.\n다만 악당 라스푸틴(리스 이판)이 발레 동작을 이용한 현란한 액션으로 강렬한 인상을 남기는 데에 성공한다.\n또한 여성주의적 시선을 의식한 듯 유모인 ‘폴리’(젬마 아터튼)는 한방 있는 액션으로 존재감을 보여준다.\n장점은 하나다.\n영화가 던지는 화두가 생각해볼 만한 물음표라는 점이다.\n입대를 고집하는 콘래드와 이를 말리려는 옥스포드 공작 사이 갈등을 통해 ‘전시 상황 속 국가를 위한 죽음을 강요할 수 있는가’에 대한 질문을 던진다.\n시리즈의 색깔과 맞지 않는 그림이긴 하나, 그럼에도 보는 이에게 나름 의미있는 자극을 준다.\n연기는 논하기 어렵다.\n특히 라스푸틴 역의 리스 이판의 악랄한 아우라는 잊기 어렵다.\nP.S. 생각지 못한 쿠키 영상이 있다.\n■고구마지수 : 1개 ■수면제지수 : 3개",
		"partNum": "P2",
		"useType": 0,
		"processType": "A",
		"processPattern": "99",
		"processLevel": "하",
		"sentenceCount": 21,
		"processSentencenum": 3,
		"sentenceInfo": [
			{
				"sentenceNo": 1,
				"sentenceContent": "■편파적인 한줄평 : 견뎌봐라, 130분. ‘병맛’을 빼고 ‘진지함’만 담았다.",
				"sentenceSize": 44
			},
			{
				"sentenceNo": 2,
				"sentenceContent": "웃음기 대신 현란한 액션만 남겼다.",
				"sentenceSize": 19
			},
			{
				"sentenceNo": 3,
				"sentenceContent": "전쟁에 대한 철학적인 메시지까지 무겁게 얹는다.",
				"sentenceSize": 26
			},
			{
				"sentenceNo": 4,
				"sentenceContent": "러닝타임 130분을 견뎌야하는 영화 ‘킹스맨: 퍼스트 에이전트’(감독 매튜 본, 이하 ‘킹스맨3’)다. ‘킹스맨3’는 역사상 최악의 폭군들과 범죄자들이 모여 세계 전쟁을 모의하는 광기의 시대, 이들을 막으려는 옥스포드 공작(랄프 파인즈)의 고군분투와 독립 정보기관 ‘킹스맨’을 창설하기까지 서사를 담는다.",
				"sentenceSize": 170
			},
			{
				"sentenceNo": 5,
				"sentenceContent": "여기에 역사적 인물들을 재가공해 독특한 빌런의 탄생을 알리고자 한다.",
				"sentenceSize": 38
			},
			{
				"sentenceNo": 6,
				"sentenceContent": "전작의 혹평을 씻어내려는 매튜 본 감독의 욕심이 컸던 탓일까.",
				"sentenceSize": 34
			},
			{
				"sentenceNo": 7,
				"sentenceContent": "색깔이 매우 모호하다.",
				"sentenceSize": 12
			},
			{
				"sentenceNo": 8,
				"sentenceContent": "역사와 상업성을 믹스매치한 선택 때문이다.",
				"sentenceSize": 23
			},
			{
				"sentenceNo": 9,
				"sentenceContent": "흥행에 성공했던 ‘킹스맨: 시크릿 에이전트(킹스맨1)’처럼 가볍게 즐기는 재미 대신 역사와 전쟁, 대의와 희생이라는 무거운 화두를 첨가해 시종일관 ‘궁서체’(진지함)를 유지한다. ‘킹스맨1’의 차진 맛을 원한 이라면 호불호가 갈릴 듯 하다. ‘킹스맨’ 시리즈 특유의 멋도 그다지 부각되지 않는다.",
				"sentenceSize": 165
			},
			{
				"sentenceNo": 10,
				"sentenceContent": "옥스포드 공작과 아들 콘래드(해리스 딕킨슨), 조력자 숄라(디몬 하운수) 등의 캐릭터들은 매력적이지 않고, 이들이 빌런들과 대치하면서 벌어지는 액션 또한 화려하지만 통쾌하지 않다.",
				"sentenceSize": 100
			},
			{
				"sentenceNo": 11,
				"sentenceContent": "오히려 진지한 서사에 비해 붕 뜬다는 느낌마저 준다.",
				"sentenceSize": 29
			},
			{
				"sentenceNo": 12,
				"sentenceContent": "다만 악당 라스푸틴(리스 이판)이 발레 동작을 이용한 현란한 액션으로 강렬한 인상을 남기는 데에 성공한다.",
				"sentenceSize": 59
			},
			{
				"sentenceNo": 13,
				"sentenceContent": "또한 여성주의적 시선을 의식한 듯 유모인 ‘폴리’(젬마 아터튼)는 한방 있는 액션으로 존재감을 보여준다.",
				"sentenceSize": 58
			},
			{
				"sentenceNo": 14,
				"sentenceContent": "장점은 하나다.",
				"sentenceSize": 8
			},
			{
				"sentenceNo": 15,
				"sentenceContent": "영화가 던지는 화두가 생각해볼 만한 물음표라는 점이다.",
				"sentenceSize": 30
			},
			{
				"sentenceNo": 16,
				"sentenceContent": "입대를 고집하는 콘래드와 이를 말리려는 옥스포드 공작 사이 갈등을 통해 ‘전시 상황 속 국가를 위한 죽음을 강요할 수 있는가’에 대한 질문을 던진다.",
				"sentenceSize": 83
			},
			{
				"sentenceNo": 17,
				"sentenceContent": "시리즈의 색깔과 맞지 않는 그림이긴 하나, 그럼에도 보는 이에게 나름 의미있는 자극을 준다.",
				"sentenceSize": 51
			},
			{
				"sentenceNo": 18,
				"sentenceContent": "연기는 논하기 어렵다.",
				"sentenceSize": 12
			},
			{
				"sentenceNo": 19,
				"sentenceContent": "특히 라스푸틴 역의 리스 이판의 악랄한 아우라는 잊기 어렵다.",
				"sentenceSize": 34
			},
			{
				"sentenceNo": 20,
				"sentenceContent": "P.S. 생각지 못한 쿠키 영상이 있다.",
				"sentenceSize": 22
			},
			{
				"sentenceNo": 21,
				"sentenceContent": "■고구마지수 : 1개 ■수면제지수 : 3개",
				"sentenceSize": 23
			}
		]
	},
	"labeledDataInfo": {
		"processSentenceInfo": [
			{
				"sentenceNo": 1,
				"sentenceContent": "■편파적인 한줄평 : 견뎌봐라, 130분. ‘병맛’을 빼고 ‘진지함’만 담았다.",
				"subjectConsistencyYn": "Y"
			},
			{
				"sentenceNo": 2,
				"sentenceContent": "웃음기 대신 현란한 액션만 남겼다.",
				"subjectConsistencyYn": "Y"
			},
			{
				"sentenceNo": 3,
				"sentenceContent": "전쟁에 대한 철학적인 메시지까지 무겁게 얹는다.",
				"subjectConsistencyYn": "Y"
			},
			{
				"sentenceNo": 4,
				"sentenceContent": "러닝타임 130분을 견뎌야하는 영화 ‘킹스맨: 퍼스트 에이전트’(감독 매튜 본, 이하 ‘킹스맨3’)다. ‘킹스맨3’는 역사상 최악의 폭군들과 범죄자들이 모여 세계 전쟁을 모의하는 광기의 시대, 이들을 막으려는 옥스포드 공작(랄프 파인즈)의 고군분투와 독립 정보기관 ‘킹스맨’을 창설하기까지 서사를 담는다.",
				"subjectConsistencyYn": "Y"
			},
			{
				"sentenceNo": 5,
				"sentenceContent": "여기에 역사적 인물들을 재가공해 독특한 빌런의 탄생을 알리고자 한다.",
				"subjectConsistencyYn": "Y"
			},
			{
				"sentenceNo": 6,
				"sentenceContent": "전작의 혹평을 씻어내려는 매튜 본 감독의 욕심이 컸던 탓일까.",
				"subjectConsistencyYn": "Y"
			},
			{
				"sentenceNo": 7,
				"sentenceContent": "색깔이 매우 모호하다.",
				"subjectConsistencyYn": "Y"
			},
			{
				"sentenceNo": 8,
				"sentenceContent": "역사와 상업성을 믹스매치한 선택 때문이다.",
				"subjectConsistencyYn": "Y"
			},
			{
				"sentenceNo": 9,
				"sentenceContent": "흥행에 성공했던 ‘킹스맨: 시크릿 에이전트(킹스맨1)’처럼 가볍게 즐기는 재미 대신 역사와 전쟁, 대의와 희생이라는 무거운 화두를 첨가해 시종일관 ‘궁서체’(진지함)를 유지한다. ‘킹스맨1’의 차진 맛을 원한 이라면 호불호가 갈릴 듯 하다. ‘킹스맨’ 시리즈 특유의 멋도 그다지 부각되지 않는다.",
				"subjectConsistencyYn": "Y"
			},
			{
				"sentenceNo": 10,
				"sentenceContent": "옥스포드 공작과 아들 콘래드(해리스 딕킨슨), 조력자 숄라(디몬 하운수) 등의 캐릭터들은 매력적이지 않고, 이들이 빌런들과 대치하면서 벌어지는 액션 또한 화려하지만 통쾌하지 않다.",
				"subjectConsistencyYn": "Y"
			},
			{
				"sentenceNo": 11,
				"sentenceContent": "오히려 진지한 서사에 비해 붕 뜬다는 느낌마저 준다.",
				"subjectConsistencyYn": "Y"
			},
			{
				"sentenceNo": 12,
				"sentenceContent": "다만 악당 라스푸틴(리스 이판)이 발레 동작을 이용한 현란한 액션으로 강렬한 인상을 남기는 데에 성공한다.",
				"subjectConsistencyYn": "Y"
			},
			{
				"sentenceNo": 13,
				"sentenceContent": "또한 여성주의적 시선을 의식한 듯 유모인 ‘폴리’(젬마 아터튼)는 한방 있는 액션으로 존재감을 보여준다.",
				"subjectConsistencyYn": "Y"
			},
			{
				"sentenceNo": 14,
				"sentenceContent": "장점은 하나다.",
				"subjectConsistencyYn": "Y"
			},
			{
				"sentenceNo": 15,
				"sentenceContent": "영화가 던지는 화두가 생각해볼 만한 물음표라는 점이다.",
				"subjectConsistencyYn": "Y"
			},
			{
				"sentenceNo": 16,
				"sentenceContent": "입대를 고집하는 콘래드와 이를 말리려는 옥스포드 공작 사이 갈등을 통해 ‘전시 상황 속 국가를 위한 죽음을 강요할 수 있는가’에 대한 질문을 던진다.",
				"subjectConsistencyYn": "Y"
			},
			{
				"sentenceNo": 17,
				"sentenceContent": "시리즈의 색깔과 맞지 않는 그림이긴 하나, 그럼에도 보는 이에게 나름 의미있는 자극을 준다.",
				"subjectConsistencyYn": "Y"
			},
			{
				"sentenceNo": 18,
				"sentenceContent": "연기는 논하기 어렵다.",
				"subjectConsistencyYn": "Y"
			},
			{
				"sentenceNo": 19,
				"sentenceContent": "한편 이날 방송분은 5.2%(닐슨코리아)의 시청률을 기록, 동시간대 2위를 기록했다.",
				"subjectConsistencyYn": "N"
			}
		],
		"clickbaitClass": 0
	}
}