{
	"sourceDataInfo": {
		"newsID": "ET_M13_490614",
		"newsCategory": "연예",
		"newsSubcategory": "음악",
		"newsTitle": "권은비, 첫 팬미팅 ‘미리 메리 크리스마스’ 선물",
		"newsSubTitle": "",
		"newsContent": "가수 권은비가 첫 온라인 팬미팅을 성공적으로 마쳤다.\n권은비는 지난 18일 오후 7시 첫 글로벌 온라인 팬미팅 ‘웰컴 투 은비 랜드 : 오픈 더 도어(WELCOME TO EUNBI LAND : OPEN THE DOOR)’를 열고 전 세계 팬들과 만났다.\n권은비와 팬들이 미리 즐기는 크리스마스 파티로 꾸며진 ‘웰컴 투 은비 랜드 : 오픈 더 도어’는 권은비의 다채로운 매력과 깊은 팬 사랑을 느끼기에 충분했다.\n이날 권은비는 첫 번째 미니 앨범 ‘오픈(OPEN)’의 타이틀곡 ‘도어(Door)’로 오프닝을 활짝 열었다.\n권은비는 독보적인 고혹미를 발산하며 시작부터 팬미팅의 열기를 뜨겁게 달궜다.\n청량하면서도 몽환적인 ‘블루 아이즈(Blue Eyes)’와 짙은 감성이 담긴 ‘비 오는 길’ 무대 역시 글로벌 팬들의 열띤 반응을 얻었다.\n서로 다른 느낌의 완성도 높은 무대로 팔색조 매력을 뽐낸 권은비는 팬들과 더욱 가까워질 수 있는 다양한 코너들을 통해 활발한 소통에 나서 이목을 집중시켰다.\n권은비는 팬들의 위시리스트를 이뤄준 ‘오픈 더 도어(OPEN THE DOOR)’, 실시간 채팅방을 활용해 팬들과 다양한 이야기를 나눈 ‘은비랑 토크 토크(TALK TALK)’, MBTI와 관련된 팬들의 궁금증을 해결해주는 ‘은비 인사이드(INSIDE)’ 등 알찬 코너들로 색다른 재미를 안겼다.\n또 권은비는 크리스마스를 앞두고 쿠키를 초콜릿 펜으로 꾸미거나 크리스마스 트리를 예쁘게 장식하며 팬들과 즐거운 추억을 만들었고, 놀라운 센스를 발휘하며 연예계 대표 ‘금손’을 인증했다.\n전 세계 팬들의 큰 사랑과 관심 속에 첫 온라인 팬미팅을 마친 권은비는 “함께해 주셔서 진심으로 감사드린다. 얼른 대면으로 만나면 좋겠다”며 팬들에게 고마운 마음을 전했다.\n끝으로 권은비는 영화 ‘위대한 쇼맨’ OST ‘어 밀리언 드림즈(A Million Dreams)’ 무대로 엔딩을 장식, 팬들을 위해 특별한 크리스마스 선물을 선사해 감동을 자아냈다. ‘어 밀리언 드림즈’ 무대가 끝난 후에는 권은비가 직접 쓴 “솔로 활동을 하면서 걱정이 많았는데 루비(공식 팬클럽명) 덕분에 정말 많은 힘을 받고, 소중한 하루하루를 보내고 있다”는 내용의 손편지가 공개돼 그의 남다른 팬 사랑을 또 한 번 실감하게 했다.",
		"partNum": "P2",
		"useType": 0,
		"processType": "A",
		"processPattern": "99",
		"processLevel": "하",
		"sentenceCount": 11,
		"processSentencenum": 1,
		"sentenceInfo": [
			{
				"sentenceNo": 1,
				"sentenceContent": "가수 권은비가 첫 온라인 팬미팅을 성공적으로 마쳤다.",
				"sentenceSize": 29
			},
			{
				"sentenceNo": 2,
				"sentenceContent": "권은비는 지난 18일 오후 7시 첫 글로벌 온라인 팬미팅 ‘웰컴 투 은비 랜드 : 오픈 더 도어(WELCOME TO EUNBI LAND : OPEN THE DOOR)’를 열고 전 세계 팬들과 만났다.",
				"sentenceSize": 111
			},
			{
				"sentenceNo": 3,
				"sentenceContent": "권은비와 팬들이 미리 즐기는 크리스마스 파티로 꾸며진 ‘웰컴 투 은비 랜드 : 오픈 더 도어’는 권은비의 다채로운 매력과 깊은 팬 사랑을 느끼기에 충분했다.",
				"sentenceSize": 87
			},
			{
				"sentenceNo": 4,
				"sentenceContent": "이날 권은비는 첫 번째 미니 앨범 ‘오픈(OPEN)’의 타이틀곡 ‘도어(Door)’로 오프닝을 활짝 열었다.",
				"sentenceSize": 60
			},
			{
				"sentenceNo": 5,
				"sentenceContent": "권은비는 독보적인 고혹미를 발산하며 시작부터 팬미팅의 열기를 뜨겁게 달궜다.",
				"sentenceSize": 42
			},
			{
				"sentenceNo": 6,
				"sentenceContent": "청량하면서도 몽환적인 ‘블루 아이즈(Blue Eyes)’와 짙은 감성이 담긴 ‘비 오는 길’ 무대 역시 글로벌 팬들의 열띤 반응을 얻었다.",
				"sentenceSize": 77
			},
			{
				"sentenceNo": 7,
				"sentenceContent": "서로 다른 느낌의 완성도 높은 무대로 팔색조 매력을 뽐낸 권은비는 팬들과 더욱 가까워질 수 있는 다양한 코너들을 통해 활발한 소통에 나서 이목을 집중시켰다.",
				"sentenceSize": 87
			},
			{
				"sentenceNo": 8,
				"sentenceContent": "권은비는 팬들의 위시리스트를 이뤄준 ‘오픈 더 도어(OPEN THE DOOR)’, 실시간 채팅방을 활용해 팬들과 다양한 이야기를 나눈 ‘은비랑 토크 토크(TALK TALK)’, MBTI와 관련된 팬들의 궁금증을 해결해주는 ‘은비 인사이드(INSIDE)’ 등 알찬 코너들로 색다른 재미를 안겼다.",
				"sentenceSize": 164
			},
			{
				"sentenceNo": 9,
				"sentenceContent": "또 권은비는 크리스마스를 앞두고 쿠키를 초콜릿 펜으로 꾸미거나 크리스마스 트리를 예쁘게 장식하며 팬들과 즐거운 추억을 만들었고, 놀라운 센스를 발휘하며 연예계 대표 ‘금손’을 인증했다.",
				"sentenceSize": 103
			},
			{
				"sentenceNo": 10,
				"sentenceContent": "전 세계 팬들의 큰 사랑과 관심 속에 첫 온라인 팬미팅을 마친 권은비는 “함께해 주셔서 진심으로 감사드린다. 얼른 대면으로 만나면 좋겠다”며 팬들에게 고마운 마음을 전했다.",
				"sentenceSize": 96
			},
			{
				"sentenceNo": 11,
				"sentenceContent": "끝으로 권은비는 영화 ‘위대한 쇼맨’ OST ‘어 밀리언 드림즈(A Million Dreams)’ 무대로 엔딩을 장식, 팬들을 위해 특별한 크리스마스 선물을 선사해 감동을 자아냈다. ‘어 밀리언 드림즈’ 무대가 끝난 후에는 권은비가 직접 쓴 “솔로 활동을 하면서 걱정이 많았는데 루비(공식 팬클럽명) 덕분에 정말 많은 힘을 받고, 소중한 하루하루를 보내고 있다”는 내용의 손편지가 공개돼 그의 남다른 팬 사랑을 또 한 번 실감하게 했다.",
				"sentenceSize": 244
			}
		]
	},
	"labeledDataInfo": {
		"processSentenceInfo": [
			{
				"sentenceNo": 1,
				"sentenceContent": "가수 권은비가 첫 온라인 팬미팅을 성공적으로 마쳤다.",
				"subjectConsistencyYn": "Y"
			},
			{
				"sentenceNo": 2,
				"sentenceContent": "권은비는 지난 18일 오후 7시 첫 글로벌 온라인 팬미팅 ‘웰컴 투 은비 랜드 : 오픈 더 도어(WELCOME TO EUNBI LAND : OPEN THE DOOR)’를 열고 전 세계 팬들과 만났다.",
				"subjectConsistencyYn": "Y"
			},
			{
				"sentenceNo": 3,
				"sentenceContent": "권은비와 팬들이 미리 즐기는 크리스마스 파티로 꾸며진 ‘웰컴 투 은비 랜드 : 오픈 더 도어’는 권은비의 다채로운 매력과 깊은 팬 사랑을 느끼기에 충분했다.",
				"subjectConsistencyYn": "Y"
			},
			{
				"sentenceNo": 4,
				"sentenceContent": "이날 권은비는 첫 번째 미니 앨범 ‘오픈(OPEN)’의 타이틀곡 ‘도어(Door)’로 오프닝을 활짝 열었다.",
				"subjectConsistencyYn": "Y"
			},
			{
				"sentenceNo": 5,
				"sentenceContent": "권은비는 독보적인 고혹미를 발산하며 시작부터 팬미팅의 열기를 뜨겁게 달궜다.",
				"subjectConsistencyYn": "Y"
			},
			{
				"sentenceNo": 6,
				"sentenceContent": "청량하면서도 몽환적인 ‘블루 아이즈(Blue Eyes)’와 짙은 감성이 담긴 ‘비 오는 길’ 무대 역시 글로벌 팬들의 열띤 반응을 얻었다.",
				"subjectConsistencyYn": "Y"
			},
			{
				"sentenceNo": 7,
				"sentenceContent": "서로 다른 느낌의 완성도 높은 무대로 팔색조 매력을 뽐낸 권은비는 팬들과 더욱 가까워질 수 있는 다양한 코너들을 통해 활발한 소통에 나서 이목을 집중시켰다.",
				"subjectConsistencyYn": "Y"
			},
			{
				"sentenceNo": 8,
				"sentenceContent": "권은비는 팬들의 위시리스트를 이뤄준 ‘오픈 더 도어(OPEN THE DOOR)’, 실시간 채팅방을 활용해 팬들과 다양한 이야기를 나눈 ‘은비랑 토크 토크(TALK TALK)’, MBTI와 관련된 팬들의 궁금증을 해결해주는 ‘은비 인사이드(INSIDE)’ 등 알찬 코너들로 색다른 재미를 안겼다.",
				"subjectConsistencyYn": "Y"
			},
			{
				"sentenceNo": 9,
				"sentenceContent": "또 권은비는 크리스마스를 앞두고 쿠키를 초콜릿 펜으로 꾸미거나 크리스마스 트리를 예쁘게 장식하며 팬들과 즐거운 추억을 만들었고, 놀라운 센스를 발휘하며 연예계 대표 ‘금손’을 인증했다.",
				"subjectConsistencyYn": "Y"
			},
			{
				"sentenceNo": 10,
				"sentenceContent": "전 세계 팬들의 큰 사랑과 관심 속에 첫 온라인 팬미팅을 마친 권은비는 “함께해 주셔서 진심으로 감사드린다. 얼른 대면으로 만나면 좋겠다”며 팬들에게 고마운 마음을 전했다.",
				"subjectConsistencyYn": "Y"
			},
			{
				"sentenceNo": 11,
				"sentenceContent": "갑작스럽게 조정된 컴백 일정에 그는 “솔직한 마음으로 처음 며칠간은 이게 꿈이었으면 좋겠다고 생각했다”며 힘들었던 시간을 돌이켜봤다. “8년여 만의 피지컬 앨범이라 더 소중한 앨범이기도 해요. 발매가 결정되기 전까지는 이제 피지컬 앨범을 더 이상 발매하지 못하는 게 아닐까 생각하기도 했거든요. 때문에 처음 자가격리에 들어가게 됐을 땐 솔직히 며칠간은 꿈이었으면 좋겠다고 생각했습니다. 하지만 시간이 점점 지나면서는 ‘나에게 준비 시간이 더 생긴 거다. 오히려 잘 된 일이다’라는 마음을 갖고 더 열심히 연습하고 즐기면서 보냈어요. 준비하는 동안 정말 즐거웠습니다. 팬들에게도 스스로한테도 선물 같은 앨범이 될 것 같아요.” 2012년 ‘아임 백(I’m Beak)’으로 데뷔해 어느새 9년. 독보적인 ‘음색요정’으로 사랑받는 백아연은 앨범 활동 뿐만 아니라 뮤지컬, 라디오 DJ, 최근에는 극장형 보이는 라디오까지 다양한 분야에 도전하며 활발한 활동을 이어오고 있다.",
				"subjectConsistencyYn": "N"
			},
			{
				"sentenceNo": 12,
				"sentenceContent": "이번 앨범 역시 다양한 콘텐츠를 통해 팬들과 만날 것을 약속하며, 다가오는 30대 “친구 같은 가수 백아연이 되겠다”는 각오를 다졌다. “어디에서 듣더라도 크게 튀지 않는 목소리 덕분에 다양한 활동을 할 수 있었던 것 같아요. 기회가 된다면 뮤지컬에 다시 도전해보고 싶어요. 처음 도전했을 때는 부족한 점이 많아서 아쉬움이 남아있거든요. 열심히 준비해서 꼭 다시 한 번 서보고 싶습니다. 이번 앨범도 타이틀곡과 수록곡들까지 음악방송 뿐만 아니라 라디오나 온라인 콘테츠 등 다양한 기회로 들려드리려고 해요. 많이 기대해주세요. 내년이면 서른살이 되는데요, 지금보다 어렸을 때는 20대의 마지막을 화려하게 보내야지 하고 생각했어요.(웃음) 지금은 오히려 아무일도 아닌 듯이 편안하게 20대의 마지막을 넘기면, 30대의 편안함을 느끼면서 새해를 시작 할 수 있지 않을까 생각해요. 20대보다는 여유를 가지면서 사는 30대의 백아연이 됐으면 좋겠어요. 제 노래에 더 많은 분이 공감할 수 있게 친구 같은 가수가 되도록 노력하겠습니다.”",
				"subjectConsistencyYn": "N"
			}
		],
		"clickbaitClass": 0
	}
}