{
	"sourceDataInfo": {
		"newsID": "ET_M13_490506",
		"newsCategory": "연예",
		"newsSubcategory": "연예일반",
		"newsTitle": "임영웅 ‘좋아요’ 6만5983개",
		"newsSubTitle": "",
		"newsContent": "가수 임영웅이 12월 2주차 아이돌차트 평점랭킹에서 최다 득표자에 올랐다.\n아이돌차트에 따르면 지난 12월 10일부터 12월 16일까지 집계된 평점랭킹에서 임영웅은 66만 2973표를 얻어 최다득표를 기록했다.\n이로써 임영웅은 아이돌차트 평점랭킹에서 38주 연속 1위에 오르게 됐다.\n2위는 김호중(34만 3515표)이 차지했다.\n이어 이찬원(28만 9705표), 영탁(7만 1330표), 지민(방탄소년단, 3만 6442표), 뷔(방탄소년단, 3만 2851표), 송가인(3만 1874표), 정국(방탄소년단, 1만 3421표), 진(방탄소년단, 9496표), 제이홉(방탄소년단, 8875표)순으로 집계됐다.\n스타에 대한 실질적인 팬덤의 규모를 가늠할 수 있는 ‘좋아요’에서도 임영웅은 가장 많은 6만 5983개를 받았다.\n이어 김호중(3만 8360개), 이찬원(3만 2538개), 영탁(8499개), 송가인(3834개), 뷔(3392개), 지민(3301개), 정국(1403개), 진(978개), 제이홉(865개) 순으로 ‘좋아요’ 수를 기록했다.",
		"partNum": "P2",
		"useType": 0,
		"processType": "A",
		"processPattern": "99",
		"processLevel": "하",
		"sentenceCount": 7,
		"processSentencenum": 1,
		"sentenceInfo": [
			{
				"sentenceNo": 1,
				"sentenceContent": "가수 임영웅이 12월 2주차 아이돌차트 평점랭킹에서 최다 득표자에 올랐다.",
				"sentenceSize": 41
			},
			{
				"sentenceNo": 2,
				"sentenceContent": "아이돌차트에 따르면 지난 12월 10일부터 12월 16일까지 집계된 평점랭킹에서 임영웅은 66만 2973표를 얻어 최다득표를 기록했다.",
				"sentenceSize": 75
			},
			{
				"sentenceNo": 3,
				"sentenceContent": "이로써 임영웅은 아이돌차트 평점랭킹에서 38주 연속 1위에 오르게 됐다.",
				"sentenceSize": 40
			},
			{
				"sentenceNo": 4,
				"sentenceContent": "2위는 김호중(34만 3515표)이 차지했다.",
				"sentenceSize": 25
			},
			{
				"sentenceNo": 5,
				"sentenceContent": "이어 이찬원(28만 9705표), 영탁(7만 1330표), 지민(방탄소년단, 3만 6442표), 뷔(방탄소년단, 3만 2851표), 송가인(3만 1874표), 정국(방탄소년단, 1만 3421표), 진(방탄소년단, 9496표), 제이홉(방탄소년단, 8875표)순으로 집계됐다.",
				"sentenceSize": 153
			},
			{
				"sentenceNo": 6,
				"sentenceContent": "스타에 대한 실질적인 팬덤의 규모를 가늠할 수 있는 ‘좋아요’에서도 임영웅은 가장 많은 6만 5983개를 받았다.",
				"sentenceSize": 63
			},
			{
				"sentenceNo": 7,
				"sentenceContent": "이어 김호중(3만 8360개), 이찬원(3만 2538개), 영탁(8499개), 송가인(3834개), 뷔(3392개), 지민(3301개), 정국(1403개), 진(978개), 제이홉(865개) 순으로 ‘좋아요’ 수를 기록했다.",
				"sentenceSize": 125
			}
		]
	},
	"labeledDataInfo": {
		"processSentenceInfo": [
			{
				"sentenceNo": 1,
				"sentenceContent": "가수 임영웅이 12월 2주차 아이돌차트 평점랭킹에서 최다 득표자에 올랐다.",
				"subjectConsistencyYn": "Y"
			},
			{
				"sentenceNo": 2,
				"sentenceContent": "아이돌차트에 따르면 지난 12월 10일부터 12월 16일까지 집계된 평점랭킹에서 임영웅은 66만 2973표를 얻어 최다득표를 기록했다.",
				"subjectConsistencyYn": "Y"
			},
			{
				"sentenceNo": 3,
				"sentenceContent": "이로써 임영웅은 아이돌차트 평점랭킹에서 38주 연속 1위에 오르게 됐다.",
				"subjectConsistencyYn": "Y"
			},
			{
				"sentenceNo": 4,
				"sentenceContent": "2위는 김호중(34만 3515표)이 차지했다.",
				"subjectConsistencyYn": "Y"
			},
			{
				"sentenceNo": 5,
				"sentenceContent": "이어 이찬원(28만 9705표), 영탁(7만 1330표), 지민(방탄소년단, 3만 6442표), 뷔(방탄소년단, 3만 2851표), 송가인(3만 1874표), 정국(방탄소년단, 1만 3421표), 진(방탄소년단, 9496표), 제이홉(방탄소년단, 8875표)순으로 집계됐다.",
				"subjectConsistencyYn": "Y"
			},
			{
				"sentenceNo": 6,
				"sentenceContent": "스타에 대한 실질적인 팬덤의 규모를 가늠할 수 있는 ‘좋아요’에서도 임영웅은 가장 많은 6만 5983개를 받았다.",
				"subjectConsistencyYn": "Y"
			},
			{
				"sentenceNo": 7,
				"sentenceContent": "또한 앤디는 멤버들에게 “(제주도에) 오지 말라고 했어요”라고 해 의아함을 자아냈다.",
				"subjectConsistencyYn": "N"
			},
			{
				"sentenceNo": 8,
				"sentenceContent": "그러나 김동완 또한 웃음을 빵 터트리며 급 공감했다고 해 과연 신화 멤버들 사이에 어떤 사연이 있을지 궁금증을 증폭시킨다. ‘제주 살이 6주 자’ 앤디의 근황과 그가 밝히는 신화 멤버들의 찐 이야기는 오늘(8일) 수요일 저녁 방송되는 ‘힐링산장 2’를 통해 확인할 수 있다. ‘B tv 케이블’의 ‘우리동네 B tv’에서는 수요일 저녁 6시, 채널S에서는 수요일 저녁 7시 30분에 방송된다.",
				"subjectConsistencyYn": "N"
			}
		],
		"clickbaitClass": 0
	}
}