{
	"sourceDataInfo": {
		"newsID": "ET_M13_490458",
		"newsCategory": "연예",
		"newsSubcategory": "연예일반",
		"newsTitle": "걸그룹 woo!ah!(우아!), 일본 디저트 테마파크 엠버서더 발탁",
		"newsSubTitle": "",
		"newsContent": "‘Z세대 아이콘’ 걸그룹 woo!ah!(우아!)가 일본 도쿄 지유가오카의 스위츠(디저트) 테마파크 ‘스윗츠 포레스트’ 엠버서더로 나선다.\n일본 주식회사 오카타 부동산은 16일 “woo!ah!(우아!)가 일본 도쿄 지유가오카에 위치한 디저트 테마파크 ‘지유가오카 스윗츠 포레스트’의 새로운 엠버서더로 발탁됐다”고 밝혔다. ‘지유가오카 스윗츠 포레스트’는 2003년 11월 ‘해피니스 오브 스윗츠(Happiness of Sweets)’를 테마로 한 일본 최초의 디저트 테마 파크다.\n첫 해에 관람객 230만 명을 달성했으며, 지유가오카의 거리를 활성화하는데 공헌했다.\n약 17년 10개월 동안 지유가오카를 ‘스윗츠의 거리’로 만든 ‘지유가오카 스윗츠 포레스트’는 지난 9월 26일부터 리뉴얼을 위해 휴업 중이다. ‘지유가오카 스윗츠 포레스트’는 2022년 봄, 한국의 디저트와 K팝을 즐길 수 있는 새로운 엔터테인먼트 시설로 재개장을 앞두고 있다.\n또 아티스트 굿즈와 오리지널 굿즈를 판매한다.\n여권 없이 일본 도쿄에서 한국 서울을 여행하는 느낌을 주는 공간이 될 전망이다.\n오카타 부동산 측은 “woo!ah!(우아!)가 온라인을 중심으로 ‘지유가오카 스윗츠 포레스트’의 매력과 한국의 트렌드 등을 새로운 시각에서 알리는 마스코트가 될 것으로 기대하고 있다”라고 전했다.\nwoo!ah!(우아!)의 소속사 엔브엔터테인먼트 김규상 대표는 “woo!ah!(우아!)가 일본의 가장 유명한 디저트 테마파크에서 K팝의 매력을 알릴 수 있게 돼 기쁘다”라며 “문화적으로 한일 양국을 잇는 다리 역할을 하고 싶다”라고 말했다.\nwoo!ah!(우아!)는 2020년부터 시작된 코로나 사태로 인해 K팝 신인아이돌의 해외 활동이 제한적임에도 불구하고, 비대면 활동만으로 베트남 음원차트 1위에 오르는 등 차세대 한류퀸으로 입지를 다지고 있다. ‘지유가오카 스윗츠 포레스트’ 엠버서더 발탁을 통해 일본까지 팬덤을 확장해 나가고 있다.\nwoo!ah!(우아!)는 온·오프라인에서 다양한 행보를 보여주며 대중과 만나고 있다.",
		"partNum": "P2",
		"useType": 0,
		"processType": "A",
		"processPattern": "99",
		"processLevel": "하",
		"sentenceCount": 10,
		"processSentencenum": 1,
		"sentenceInfo": [
			{
				"sentenceNo": 1,
				"sentenceContent": "‘Z세대 아이콘’ 걸그룹 woo!ah!(우아!)가 일본 도쿄 지유가오카의 스위츠(디저트) 테마파크 ‘스윗츠 포레스트’ 엠버서더로 나선다.",
				"sentenceSize": 76
			},
			{
				"sentenceNo": 2,
				"sentenceContent": "일본 주식회사 오카타 부동산은 16일 “woo!ah!(우아!)가 일본 도쿄 지유가오카에 위치한 디저트 테마파크 ‘지유가오카 스윗츠 포레스트’의 새로운 엠버서더로 발탁됐다”고 밝혔다. ‘지유가오카 스윗츠 포레스트’는 2003년 11월 ‘해피니스 오브 스윗츠(Happiness of Sweets)’를 테마로 한 일본 최초의 디저트 테마 파크다.",
				"sentenceSize": 190
			},
			{
				"sentenceNo": 3,
				"sentenceContent": "첫 해에 관람객 230만 명을 달성했으며, 지유가오카의 거리를 활성화하는데 공헌했다.",
				"sentenceSize": 47
			},
			{
				"sentenceNo": 4,
				"sentenceContent": "약 17년 10개월 동안 지유가오카를 ‘스윗츠의 거리’로 만든 ‘지유가오카 스윗츠 포레스트’는 지난 9월 26일부터 리뉴얼을 위해 휴업 중이다. ‘지유가오카 스윗츠 포레스트’는 2022년 봄, 한국의 디저트와 K팝을 즐길 수 있는 새로운 엔터테인먼트 시설로 재개장을 앞두고 있다.",
				"sentenceSize": 156
			},
			{
				"sentenceNo": 5,
				"sentenceContent": "또 아티스트 굿즈와 오리지널 굿즈를 판매한다.",
				"sentenceSize": 25
			},
			{
				"sentenceNo": 6,
				"sentenceContent": "여권 없이 일본 도쿄에서 한국 서울을 여행하는 느낌을 주는 공간이 될 전망이다.",
				"sentenceSize": 44
			},
			{
				"sentenceNo": 7,
				"sentenceContent": "오카타 부동산 측은 “woo!ah!(우아!)가 온라인을 중심으로 ‘지유가오카 스윗츠 포레스트’의 매력과 한국의 트렌드 등을 새로운 시각에서 알리는 마스코트가 될 것으로 기대하고 있다”라고 전했다.",
				"sentenceSize": 109
			},
			{
				"sentenceNo": 8,
				"sentenceContent": "woo!ah!(우아!)의 소속사 엔브엔터테인먼트 김규상 대표는 “woo!ah!(우아!)가 일본의 가장 유명한 디저트 테마파크에서 K팝의 매력을 알릴 수 있게 돼 기쁘다”라며 “문화적으로 한일 양국을 잇는 다리 역할을 하고 싶다”라고 말했다.",
				"sentenceSize": 134
			},
			{
				"sentenceNo": 9,
				"sentenceContent": "woo!ah!(우아!)는 2020년부터 시작된 코로나 사태로 인해 K팝 신인아이돌의 해외 활동이 제한적임에도 불구하고, 비대면 활동만으로 베트남 음원차트 1위에 오르는 등 차세대 한류퀸으로 입지를 다지고 있다. ‘지유가오카 스윗츠 포레스트’ 엠버서더 발탁을 통해 일본까지 팬덤을 확장해 나가고 있다.",
				"sentenceSize": 167
			},
			{
				"sentenceNo": 10,
				"sentenceContent": "woo!ah!(우아!)는 온·오프라인에서 다양한 행보를 보여주며 대중과 만나고 있다.",
				"sentenceSize": 47
			}
		]
	},
	"labeledDataInfo": {
		"processSentenceInfo": [
			{
				"sentenceNo": 1,
				"sentenceContent": "‘Z세대 아이콘’ 걸그룹 woo!ah!(우아!)가 일본 도쿄 지유가오카의 스위츠(디저트) 테마파크 ‘스윗츠 포레스트’ 엠버서더로 나선다.",
				"subjectConsistencyYn": "Y"
			},
			{
				"sentenceNo": 2,
				"sentenceContent": "일본 주식회사 오카타 부동산은 16일 “woo!ah!(우아!)가 일본 도쿄 지유가오카에 위치한 디저트 테마파크 ‘지유가오카 스윗츠 포레스트’의 새로운 엠버서더로 발탁됐다”고 밝혔다. ‘지유가오카 스윗츠 포레스트’는 2003년 11월 ‘해피니스 오브 스윗츠(Happiness of Sweets)’를 테마로 한 일본 최초의 디저트 테마 파크다.",
				"subjectConsistencyYn": "Y"
			},
			{
				"sentenceNo": 3,
				"sentenceContent": "첫 해에 관람객 230만 명을 달성했으며, 지유가오카의 거리를 활성화하는데 공헌했다.",
				"subjectConsistencyYn": "Y"
			},
			{
				"sentenceNo": 4,
				"sentenceContent": "약 17년 10개월 동안 지유가오카를 ‘스윗츠의 거리’로 만든 ‘지유가오카 스윗츠 포레스트’는 지난 9월 26일부터 리뉴얼을 위해 휴업 중이다. ‘지유가오카 스윗츠 포레스트’는 2022년 봄, 한국의 디저트와 K팝을 즐길 수 있는 새로운 엔터테인먼트 시설로 재개장을 앞두고 있다.",
				"subjectConsistencyYn": "Y"
			},
			{
				"sentenceNo": 5,
				"sentenceContent": "또 아티스트 굿즈와 오리지널 굿즈를 판매한다.",
				"subjectConsistencyYn": "Y"
			},
			{
				"sentenceNo": 6,
				"sentenceContent": "여권 없이 일본 도쿄에서 한국 서울을 여행하는 느낌을 주는 공간이 될 전망이다.",
				"subjectConsistencyYn": "Y"
			},
			{
				"sentenceNo": 7,
				"sentenceContent": "오카타 부동산 측은 “woo!ah!(우아!)가 온라인을 중심으로 ‘지유가오카 스윗츠 포레스트’의 매력과 한국의 트렌드 등을 새로운 시각에서 알리는 마스코트가 될 것으로 기대하고 있다”라고 전했다.",
				"subjectConsistencyYn": "Y"
			},
			{
				"sentenceNo": 8,
				"sentenceContent": "woo!ah!(우아!)의 소속사 엔브엔터테인먼트 김규상 대표는 “woo!ah!(우아!)가 일본의 가장 유명한 디저트 테마파크에서 K팝의 매력을 알릴 수 있게 돼 기쁘다”라며 “문화적으로 한일 양국을 잇는 다리 역할을 하고 싶다”라고 말했다.",
				"subjectConsistencyYn": "Y"
			},
			{
				"sentenceNo": 9,
				"sentenceContent": "woo!ah!(우아!)는 2020년부터 시작된 코로나 사태로 인해 K팝 신인아이돌의 해외 활동이 제한적임에도 불구하고, 비대면 활동만으로 베트남 음원차트 1위에 오르는 등 차세대 한류퀸으로 입지를 다지고 있다. ‘지유가오카 스윗츠 포레스트’ 엠버서더 발탁을 통해 일본까지 팬덤을 확장해 나가고 있다.",
				"subjectConsistencyYn": "Y"
			},
			{
				"sentenceNo": 10,
				"sentenceContent": "한편 드라마 '치즈인더트랩'은 웹툰을 원작으로 한 머리부터 발끝까지 모든 게 완벽한 남자 유정과 하루 하루 치열하게 살아가는 여대생 홍설을 비롯한 다양한 인물 사이에서 벌어지는 사건과 갈등, 사랑을 다룬 작품이다.",
				"subjectConsistencyYn": "N"
			},
			{
				"sentenceNo": 11,
				"sentenceContent": "캐스팅 확정으로 본격적인 제작에 박차를 가하고 있는 '치즈인더트랩'은 오는 10월 중 tvN에서 방송될 예정이다.",
				"subjectConsistencyYn": "N"
			},
			{
				"sentenceNo": 12,
				"sentenceContent": "온라인 중앙일보 김고은 [사진 일간스포츠·웹툰 `치즈인더트랩` 캡처]",
				"subjectConsistencyYn": "N"
			}
		],
		"clickbaitClass": 0
	}
}