{
	"sourceDataInfo": {
		"newsID": "ET_M13_490793",
		"newsCategory": "연예",
		"newsSubcategory": "연예일반",
		"newsTitle": "솔빈·문빈 ‘SNL 코리아’ 시즌2 크루진 합류[공식]",
		"newsSubTitle": "",
		"newsContent": "‘SNL 코리아’ 시즌 2가 첫 방송을 앞두고 라붐 ‘솔빈’과 아스트로 ‘문빈’의 크루진 합류를 확정 지었다.\n쿠팡플레이 오리지널 코미디쇼 ‘SNL 코리아’(제작 에이스토리) 시즌2가 새로운 크루진 합류를 확정 짓고 트레일러를 공개했다. ‘SNL 코리아’ 새로운 크루진으로 함께하게 된 솔빈과 문빈은 본업인 춤과 노래뿐만 아니라 MC, 예능, 연기까지 다재다능한 매력으로 다양한 분야에서 활발한 활동을 이어오고 있다.\n솔빈은 특유의 밝은 에너지로 통통 튀는 활력을 화면 가득 불어넣을 예정이며, 문빈 또한 넘치는 끼와 재능을 맘껏 발휘하여 무궁무진한 반전 매력으로 시청자들을 매료시킬 예정이다.\n기존 크루 신동엽, 정상훈, 안영미, 김민교, 권혁수, 정이랑, 차청화, 이수지, 정혁, 김상협, 주현영, 이소진에 이어 새로운 크루 솔빈, 문빈까지 ‘SNL 코리아’ 시즌 2는 더욱 풍성하고 다채로운 재미로 토요일 밤을 사로잡을 예정이다.\n첫 방송을 앞두고 새로운 트레일러도 함께 공개했다.\n영상은 오프닝 “Saturday Night Live”와 함께 매주 토요일 밤을 뜨겁게 달궜던 블록버스터급 호스트들의 활약상으로 단번에 시선을 사로잡는다.\n특히 “초특급 호스트들의 거침없는 활약”이라는 카피는 지난 시즌에 이어 다시 한번 선보일 화려한 호스트 라인업을 예고하며 호기심을 자극한다.\n이어 열띤 신드롬을 일으켰던 ‘인턴기자’ 주현영과 ‘앵커’ 안영미의 쫄깃한 티키타카는 믿고 보는 SNL 크루진의 찰떡 호흡을 엿보게 하며, 시즌 2에서 새롭게 탄생할 레전드 캐릭터와 더욱 업그레이드될 코너들에 대한 기대감을 높인다. “SNL에서만 볼 수 있는 고품격 풍자와 유머” 카피에 맞춰 등장하는 ‘주기자가 간다’ 코너는 대체 불가한 SNL표 코미디의 존재감을 각인시키며 ‘SNL 코리아’ 시즌 2의 컴백에 대한 반가움을 더한다.\n마지막으로 시즌 2의 1회 호스트 신혜선의 모습으로 마무리되는 이번 트레일러는 시즌 2의 본격적인 시작을 예고하며 다가오는 첫 방송에 대한 기대감을 한껏 끌어올린다.\n한편, ‘SNL 코리아’ 시즌 2는 12월 25일(토) 첫 방송을 시작으로 매주 토요일 밤 10시 오직 쿠팡플레이를 통해 공개된다.",
		"partNum": "P2",
		"useType": 0,
		"processType": "A",
		"processPattern": "99",
		"processLevel": "하",
		"sentenceCount": 10,
		"processSentencenum": 2,
		"sentenceInfo": [
			{
				"sentenceNo": 1,
				"sentenceContent": "‘SNL 코리아’ 시즌 2가 첫 방송을 앞두고 라붐 ‘솔빈’과 아스트로 ‘문빈’의 크루진 합류를 확정 지었다.",
				"sentenceSize": 61
			},
			{
				"sentenceNo": 2,
				"sentenceContent": "쿠팡플레이 오리지널 코미디쇼 ‘SNL 코리아’(제작 에이스토리) 시즌2가 새로운 크루진 합류를 확정 짓고 트레일러를 공개했다. ‘SNL 코리아’ 새로운 크루진으로 함께하게 된 솔빈과 문빈은 본업인 춤과 노래뿐만 아니라 MC, 예능, 연기까지 다재다능한 매력으로 다양한 분야에서 활발한 활동을 이어오고 있다.",
				"sentenceSize": 171
			},
			{
				"sentenceNo": 3,
				"sentenceContent": "솔빈은 특유의 밝은 에너지로 통통 튀는 활력을 화면 가득 불어넣을 예정이며, 문빈 또한 넘치는 끼와 재능을 맘껏 발휘하여 무궁무진한 반전 매력으로 시청자들을 매료시킬 예정이다.",
				"sentenceSize": 98
			},
			{
				"sentenceNo": 4,
				"sentenceContent": "기존 크루 신동엽, 정상훈, 안영미, 김민교, 권혁수, 정이랑, 차청화, 이수지, 정혁, 김상협, 주현영, 이소진에 이어 새로운 크루 솔빈, 문빈까지 ‘SNL 코리아’ 시즌 2는 더욱 풍성하고 다채로운 재미로 토요일 밤을 사로잡을 예정이다.",
				"sentenceSize": 134
			},
			{
				"sentenceNo": 5,
				"sentenceContent": "첫 방송을 앞두고 새로운 트레일러도 함께 공개했다.",
				"sentenceSize": 28
			},
			{
				"sentenceNo": 6,
				"sentenceContent": "영상은 오프닝 “Saturday Night Live”와 함께 매주 토요일 밤을 뜨겁게 달궜던 블록버스터급 호스트들의 활약상으로 단번에 시선을 사로잡는다.",
				"sentenceSize": 85
			},
			{
				"sentenceNo": 7,
				"sentenceContent": "특히 “초특급 호스트들의 거침없는 활약”이라는 카피는 지난 시즌에 이어 다시 한번 선보일 화려한 호스트 라인업을 예고하며 호기심을 자극한다.",
				"sentenceSize": 78
			},
			{
				"sentenceNo": 8,
				"sentenceContent": "이어 열띤 신드롬을 일으켰던 ‘인턴기자’ 주현영과 ‘앵커’ 안영미의 쫄깃한 티키타카는 믿고 보는 SNL 크루진의 찰떡 호흡을 엿보게 하며, 시즌 2에서 새롭게 탄생할 레전드 캐릭터와 더욱 업그레이드될 코너들에 대한 기대감을 높인다. “SNL에서만 볼 수 있는 고품격 풍자와 유머” 카피에 맞춰 등장하는 ‘주기자가 간다’ 코너는 대체 불가한 SNL표 코미디의 존재감을 각인시키며 ‘SNL 코리아’ 시즌 2의 컴백에 대한 반가움을 더한다.",
				"sentenceSize": 243
			},
			{
				"sentenceNo": 9,
				"sentenceContent": "마지막으로 시즌 2의 1회 호스트 신혜선의 모습으로 마무리되는 이번 트레일러는 시즌 2의 본격적인 시작을 예고하며 다가오는 첫 방송에 대한 기대감을 한껏 끌어올린다.",
				"sentenceSize": 92
			},
			{
				"sentenceNo": 10,
				"sentenceContent": "한편, ‘SNL 코리아’ 시즌 2는 12월 25일(토) 첫 방송을 시작으로 매주 토요일 밤 10시 오직 쿠팡플레이를 통해 공개된다.",
				"sentenceSize": 73
			}
		]
	},
	"labeledDataInfo": {
		"processSentenceInfo": [
			{
				"sentenceNo": 1,
				"sentenceContent": "‘SNL 코리아’ 시즌 2가 첫 방송을 앞두고 라붐 ‘솔빈’과 아스트로 ‘문빈’의 크루진 합류를 확정 지었다.",
				"subjectConsistencyYn": "Y"
			},
			{
				"sentenceNo": 2,
				"sentenceContent": "쿠팡플레이 오리지널 코미디쇼 ‘SNL 코리아’(제작 에이스토리) 시즌2가 새로운 크루진 합류를 확정 짓고 트레일러를 공개했다. ‘SNL 코리아’ 새로운 크루진으로 함께하게 된 솔빈과 문빈은 본업인 춤과 노래뿐만 아니라 MC, 예능, 연기까지 다재다능한 매력으로 다양한 분야에서 활발한 활동을 이어오고 있다.",
				"subjectConsistencyYn": "Y"
			},
			{
				"sentenceNo": 3,
				"sentenceContent": "솔빈은 특유의 밝은 에너지로 통통 튀는 활력을 화면 가득 불어넣을 예정이며, 문빈 또한 넘치는 끼와 재능을 맘껏 발휘하여 무궁무진한 반전 매력으로 시청자들을 매료시킬 예정이다.",
				"subjectConsistencyYn": "Y"
			},
			{
				"sentenceNo": 4,
				"sentenceContent": "기존 크루 신동엽, 정상훈, 안영미, 김민교, 권혁수, 정이랑, 차청화, 이수지, 정혁, 김상협, 주현영, 이소진에 이어 새로운 크루 솔빈, 문빈까지 ‘SNL 코리아’ 시즌 2는 더욱 풍성하고 다채로운 재미로 토요일 밤을 사로잡을 예정이다.",
				"subjectConsistencyYn": "Y"
			},
			{
				"sentenceNo": 5,
				"sentenceContent": "첫 방송을 앞두고 새로운 트레일러도 함께 공개했다.",
				"subjectConsistencyYn": "Y"
			},
			{
				"sentenceNo": 6,
				"sentenceContent": "영상은 오프닝 “Saturday Night Live”와 함께 매주 토요일 밤을 뜨겁게 달궜던 블록버스터급 호스트들의 활약상으로 단번에 시선을 사로잡는다.",
				"subjectConsistencyYn": "Y"
			},
			{
				"sentenceNo": 7,
				"sentenceContent": "특히 “초특급 호스트들의 거침없는 활약”이라는 카피는 지난 시즌에 이어 다시 한번 선보일 화려한 호스트 라인업을 예고하며 호기심을 자극한다.",
				"subjectConsistencyYn": "Y"
			},
			{
				"sentenceNo": 8,
				"sentenceContent": "이어 열띤 신드롬을 일으켰던 ‘인턴기자’ 주현영과 ‘앵커’ 안영미의 쫄깃한 티키타카는 믿고 보는 SNL 크루진의 찰떡 호흡을 엿보게 하며, 시즌 2에서 새롭게 탄생할 레전드 캐릭터와 더욱 업그레이드될 코너들에 대한 기대감을 높인다. “SNL에서만 볼 수 있는 고품격 풍자와 유머” 카피에 맞춰 등장하는 ‘주기자가 간다’ 코너는 대체 불가한 SNL표 코미디의 존재감을 각인시키며 ‘SNL 코리아’ 시즌 2의 컴백에 대한 반가움을 더한다.",
				"subjectConsistencyYn": "Y"
			},
			{
				"sentenceNo": 9,
				"sentenceContent": "이에 더해 방송 말미에 공개된 다음 주 예고에선 세찬 비가 내리는 궂은 날씨 속에서 이어진 고된 노동 때문에 점차 이상 행동을 보인 세 남자와 박신혜의 좌충우돌 옥순봉 스토리가 살짝 공개되며 시청자들의 눈을 사로잡았다.",
				"subjectConsistencyYn": "N"
			}
		],
		"clickbaitClass": 0
	}
}