{
	"sourceDataInfo": {
		"newsID": "ET_M13_490637",
		"newsCategory": "연예",
		"newsSubcategory": "음악",
		"newsTitle": "트로트 가수 이지요, 아시아 리더 대상…최우수 가수 수상",
		"newsSubTitle": "",
		"newsContent": "개그맨 출신 트로트 가수 이지요가 ‘2021 제 4회 아시아 리더 대상’에서 방송연예 특별 부문 최우수 가수 대상을 수상했다.\n그는 “앞으로 문화예술 가요 발전과 사회공헌에 노력하겠다”며, “영광스러운 상을 주셔서 감사하다”는 소감을 전했다.\n이지요는 축하 무대로 데뷔곡이자 타이틀 곡인 ‘내 짝꿍’을 부르며, 곡의 가사 내용처럼 꽁냥꽁냥 알콩달콩하게 상큼한 무대를 선보였다.\n이어서 두번 째 곡에는 그의 개인기인 쌍절곤을 돌리며 축하 무대를 꾸몄다.\n첫 무대와 사뭇 다른 에너지 넘치고 씩씩한 무대에 많은 사람들의 박수가 이어졌다.\n가수 이지요는 현재 매주 KBS ‘아침마당 전북’에서 패널로 출연하고 있으며, MBC ‘생방송 오늘 저녁’에서 리포터로 활약하고 있다.\n그 외에 성우, MC, 모바일 쇼호스트로도 다양한 활동을 하고 있다.",
		"partNum": "P2",
		"useType": 0,
		"processType": "A",
		"processPattern": "99",
		"processLevel": "하",
		"sentenceCount": 7,
		"processSentencenum": 2,
		"sentenceInfo": [
			{
				"sentenceNo": 1,
				"sentenceContent": "개그맨 출신 트로트 가수 이지요가 ‘2021 제 4회 아시아 리더 대상’에서 방송연예 특별 부문 최우수 가수 대상을 수상했다.",
				"sentenceSize": 70
			},
			{
				"sentenceNo": 2,
				"sentenceContent": "그는 “앞으로 문화예술 가요 발전과 사회공헌에 노력하겠다”며, “영광스러운 상을 주셔서 감사하다”는 소감을 전했다.",
				"sentenceSize": 64
			},
			{
				"sentenceNo": 3,
				"sentenceContent": "이지요는 축하 무대로 데뷔곡이자 타이틀 곡인 ‘내 짝꿍’을 부르며, 곡의 가사 내용처럼 꽁냥꽁냥 알콩달콩하게 상큼한 무대를 선보였다.",
				"sentenceSize": 74
			},
			{
				"sentenceNo": 4,
				"sentenceContent": "이어서 두번 째 곡에는 그의 개인기인 쌍절곤을 돌리며 축하 무대를 꾸몄다.",
				"sentenceSize": 41
			},
			{
				"sentenceNo": 5,
				"sentenceContent": "첫 무대와 사뭇 다른 에너지 넘치고 씩씩한 무대에 많은 사람들의 박수가 이어졌다.",
				"sentenceSize": 45
			},
			{
				"sentenceNo": 6,
				"sentenceContent": "가수 이지요는 현재 매주 KBS ‘아침마당 전북’에서 패널로 출연하고 있으며, MBC ‘생방송 오늘 저녁’에서 리포터로 활약하고 있다.",
				"sentenceSize": 75
			},
			{
				"sentenceNo": 7,
				"sentenceContent": "그 외에 성우, MC, 모바일 쇼호스트로도 다양한 활동을 하고 있다.",
				"sentenceSize": 38
			}
		]
	},
	"labeledDataInfo": {
		"processSentenceInfo": [
			{
				"sentenceNo": 1,
				"sentenceContent": "개그맨 출신 트로트 가수 이지요가 ‘2021 제 4회 아시아 리더 대상’에서 방송연예 특별 부문 최우수 가수 대상을 수상했다.",
				"subjectConsistencyYn": "Y"
			},
			{
				"sentenceNo": 2,
				"sentenceContent": "그는 “앞으로 문화예술 가요 발전과 사회공헌에 노력하겠다”며, “영광스러운 상을 주셔서 감사하다”는 소감을 전했다.",
				"subjectConsistencyYn": "Y"
			},
			{
				"sentenceNo": 3,
				"sentenceContent": "이지요는 축하 무대로 데뷔곡이자 타이틀 곡인 ‘내 짝꿍’을 부르며, 곡의 가사 내용처럼 꽁냥꽁냥 알콩달콩하게 상큼한 무대를 선보였다.",
				"subjectConsistencyYn": "Y"
			},
			{
				"sentenceNo": 4,
				"sentenceContent": "이어서 두번 째 곡에는 그의 개인기인 쌍절곤을 돌리며 축하 무대를 꾸몄다.",
				"subjectConsistencyYn": "Y"
			},
			{
				"sentenceNo": 5,
				"sentenceContent": "첫 무대와 사뭇 다른 에너지 넘치고 씩씩한 무대에 많은 사람들의 박수가 이어졌다.",
				"subjectConsistencyYn": "Y"
			},
			{
				"sentenceNo": 6,
				"sentenceContent": "미소녀 콘셉트의 화보 ‘걸스’(Girls)로 이름을 알린 로타는 배우 설리, 도희 등 유명 연예인들과 작업을 진행하기도 했다.",
				"subjectConsistencyYn": "N"
			}
		],
		"clickbaitClass": 0
	}
}