{
	"sourceDataInfo": {
		"newsID": "ET_M13_490674",
		"newsCategory": "연예",
		"newsSubcategory": "연예일반",
		"newsTitle": "걸그룹 카라 출신 강지영, ‘너의 밤이 되어줄게’ 특별 출연…이준영·정인선 ‘삼각관계’?",
		"newsSubTitle": "",
		"newsContent": "걸그룹 카라 출신 배우 강지영이 일요드라마를 빛낸다.\n빅오션이엔엠에 따르면 내년 1월 2일 오후 11시 5분 방송하는 SBS 일요드라마 ‘너의 밤이 되어줄게’(연출 안지숙/ 극본 서정은, 해연/ 제작 빅오션이엔엠, 슈퍼문 픽쳐스/ 이하 너의 밤) 8회에 강지영이 특별 출연한다. ‘너의 밤’은 월드스타 밴드 루나의 리더이자 몽유병을 앓고 있는 윤태인(이준영 분)과 신분 위장 입주주치의 인윤주(정인선 분)의 달콤, 살벌한 연애 멘탈 치유 로맨스를 그린 작품이다.\n강지영은 루나의 소속사 싱어송라이터 아티스트인 니나 역을 맡아 윤태인과 음악적인 부분을 교류하며 통통 튀는 에너지를 발산할 예정이다.\n특히 윤태인의 유일한 여사친으로서 스스럼 없이 장난을 치는 사이로 묘한 분위기를 형성, 인윤주의 질투심을 자극해 8화 에피소드에 호기심을 증폭시킬 예정이다.\nJTBC ‘야식 남녀’, 일본 WOWOW ‘그리고, 살아간다’ 등으로 안정된 연기력을 선보여준 강지영이 ‘너의 밤’에서는 어떤 색다른 매력을 발휘할지 특별한 기대가 모아지고 있다.\n강지영의 특별 출연과 함께 더욱 흥미진진한 이야기가 기다리고 있는 ‘너의 밤’은 오는 26일 결방하며, 2022년 1월 2일 밤 11시 5분 SBS에서 만나볼 수 있다.",
		"partNum": "P2",
		"useType": 0,
		"processType": "A",
		"processPattern": "99",
		"processLevel": "하",
		"sentenceCount": 6,
		"processSentencenum": 1,
		"sentenceInfo": [
			{
				"sentenceNo": 1,
				"sentenceContent": "걸그룹 카라 출신 배우 강지영이 일요드라마를 빛낸다.",
				"sentenceSize": 29
			},
			{
				"sentenceNo": 2,
				"sentenceContent": "빅오션이엔엠에 따르면 내년 1월 2일 오후 11시 5분 방송하는 SBS 일요드라마 ‘너의 밤이 되어줄게’(연출 안지숙/ 극본 서정은, 해연/ 제작 빅오션이엔엠, 슈퍼문 픽쳐스/ 이하 너의 밤) 8회에 강지영이 특별 출연한다. ‘너의 밤’은 월드스타 밴드 루나의 리더이자 몽유병을 앓고 있는 윤태인(이준영 분)과 신분 위장 입주주치의 인윤주(정인선 분)의 달콤, 살벌한 연애 멘탈 치유 로맨스를 그린 작품이다.",
				"sentenceSize": 228
			},
			{
				"sentenceNo": 3,
				"sentenceContent": "강지영은 루나의 소속사 싱어송라이터 아티스트인 니나 역을 맡아 윤태인과 음악적인 부분을 교류하며 통통 튀는 에너지를 발산할 예정이다.",
				"sentenceSize": 74
			},
			{
				"sentenceNo": 4,
				"sentenceContent": "특히 윤태인의 유일한 여사친으로서 스스럼 없이 장난을 치는 사이로 묘한 분위기를 형성, 인윤주의 질투심을 자극해 8화 에피소드에 호기심을 증폭시킬 예정이다.",
				"sentenceSize": 87
			},
			{
				"sentenceNo": 5,
				"sentenceContent": "JTBC ‘야식 남녀’, 일본 WOWOW ‘그리고, 살아간다’ 등으로 안정된 연기력을 선보여준 강지영이 ‘너의 밤’에서는 어떤 색다른 매력을 발휘할지 특별한 기대가 모아지고 있다.",
				"sentenceSize": 100
			},
			{
				"sentenceNo": 6,
				"sentenceContent": "강지영의 특별 출연과 함께 더욱 흥미진진한 이야기가 기다리고 있는 ‘너의 밤’은 오는 26일 결방하며, 2022년 1월 2일 밤 11시 5분 SBS에서 만나볼 수 있다.",
				"sentenceSize": 94
			}
		]
	},
	"labeledDataInfo": {
		"processSentenceInfo": [
			{
				"sentenceNo": 1,
				"sentenceContent": "걸그룹 카라 출신 배우 강지영이 일요드라마를 빛낸다.",
				"subjectConsistencyYn": "Y"
			},
			{
				"sentenceNo": 2,
				"sentenceContent": "빅오션이엔엠에 따르면 내년 1월 2일 오후 11시 5분 방송하는 SBS 일요드라마 ‘너의 밤이 되어줄게’(연출 안지숙/ 극본 서정은, 해연/ 제작 빅오션이엔엠, 슈퍼문 픽쳐스/ 이하 너의 밤) 8회에 강지영이 특별 출연한다. ‘너의 밤’은 월드스타 밴드 루나의 리더이자 몽유병을 앓고 있는 윤태인(이준영 분)과 신분 위장 입주주치의 인윤주(정인선 분)의 달콤, 살벌한 연애 멘탈 치유 로맨스를 그린 작품이다.",
				"subjectConsistencyYn": "Y"
			},
			{
				"sentenceNo": 3,
				"sentenceContent": "강지영은 루나의 소속사 싱어송라이터 아티스트인 니나 역을 맡아 윤태인과 음악적인 부분을 교류하며 통통 튀는 에너지를 발산할 예정이다.",
				"subjectConsistencyYn": "Y"
			},
			{
				"sentenceNo": 4,
				"sentenceContent": "특히 윤태인의 유일한 여사친으로서 스스럼 없이 장난을 치는 사이로 묘한 분위기를 형성, 인윤주의 질투심을 자극해 8화 에피소드에 호기심을 증폭시킬 예정이다.",
				"subjectConsistencyYn": "Y"
			},
			{
				"sentenceNo": 5,
				"sentenceContent": "JTBC ‘야식 남녀’, 일본 WOWOW ‘그리고, 살아간다’ 등으로 안정된 연기력을 선보여준 강지영이 ‘너의 밤’에서는 어떤 색다른 매력을 발휘할지 특별한 기대가 모아지고 있다.",
				"subjectConsistencyYn": "Y"
			},
			{
				"sentenceNo": 6,
				"sentenceContent": "온라인 중앙일보 [사진=제임스 박 SNS]",
				"subjectConsistencyYn": "N"
			}
		],
		"clickbaitClass": 0
	}
}