{
	"sourceDataInfo": {
		"newsID": "ET_M13_490295",
		"newsCategory": "연예",
		"newsSubcategory": "방송",
		"newsTitle": "‘한 사람만’ 고두심, 눈물의 여왕이 온다",
		"newsSubTitle": "",
		"newsContent": "고두심이 깊이가 다른 극사실주의 연기의 진수를 선보인다.\n오는 20일 첫 방송되는 JTBC 새 월화드라마 ‘한 사람만’(극본 문정민 연출 오현종 제작 키이스트, JTBC스튜디오)은 호스피스에서 만난 세 여자가 죽기 전에 나쁜 놈 ‘한 사람’만 데려가겠다고 덤볐다가 삶의 진짜 소중한 ‘한 사람’을 마주하게 되는 휴먼 멜로 드라마다.\n데뷔 50년 차 대배우 고두심은 시한부를 선고 받은 세신사 표인숙(안은진)의 할머니, ‘육성자’ 역을 맡아 극의 몰입도를 한층 더 드높일 예정이다.\n육성자는 시원시원하면서도 걸걸한 말투 때문에 오해 받기 일쑤지만, 마음은 따뜻하고 잔정이 많은 인물이다.\n어떤 연유에선지 도통 버리지도 못하고, 여기저기서 고물을 주워다 집안에 쌓아 놓는 바람에 손녀 인숙의 타박을 받기도 한다.\n그런 인숙을 끔찍이 아낀다.\n이혼한 아들이 어린 손녀를 맡기고 떠났을 땐 성자에게도 쉽지 않은 시간이었지만, 돌이켜보면, 인숙이 있어 오히려 힘이 나고 생기가 돌았다.\n공개된 스틸 속 인숙을 바라보고 있는 성자의 눈빛이 한없이 따뜻해 보이는 이유다.\n그런 손녀가 자신보다 먼저 세상을 뜰지 모른다는 사실은 청천벽력과도 같았다.\n지난 13일 공개된 ‘한 사람만’의 하이라이트 영상(https://youtu.be/T21UUGJfoHQ)에는 그런 성자의 헤아릴 수 없는 슬픔이 담겼다. “왜 말을 안혔어, 나한테 제일 먼저 말을 혔어야지. 나가 뭐든 헐 수 있게, 해줄 수 있게”라며 가슴을 치고 울분을 토해낸 것. “이제 아무것도 안 해줘도 된다”며 되레 자신을 달래는 애달픈 인숙을 바라보는 눈빛이 서글프고 아린다.\n이 짧은 한 장면만으로도 성자의 캐릭터와 감정을 오롯이 담아낸 고두심의 연기는 대배우의 존재감을 각인시킨다.\n몇 마디 안 되는 대사를 듣고 눈빛만 봐도 눈물이 왈칵 쏟아질 정도다.\n손녀딸 인숙을 연기하는 안은진과의 ‘조손 케미’, 그리고 ‘한 사람만’을 묵직하게 채운다.\n제작진은 “대배우 고두심은 존재 자체로 작품에 큰 힘을 더하는 배우다. 삶이 녹아 든 극사실주의 연기로 어떤 캐릭터든 자신만의 차별화된 이야기를 담아내는 고두심이 ‘한 사람만’에서 어떤 존재감을 빛낼지, 일주일도 채 남지 않은 첫 방송까지 많은 기대와 관심 부탁드린다”고 전했다. ‘한 사람만’은 ‘최고의 이혼’으로 섬세한 감정 묘사에 탁월함을 입증한 문정민 작가와 ‘역도요정 김복주’, ‘투깝스’, ‘그 남자의 기억법’ 등을 통해 로맨스 서사를 독특한 영상 화법으로 풀어내는 세련된 연출력을 선보인 오현종 감독, 그리고 제작사 키이스트가 의기투합한 작품이다.\n오는 12월 20일 월요일 밤 11시 JTBC에서 첫 방송된다.",
		"partNum": "P2",
		"useType": 0,
		"processType": "A",
		"processPattern": "99",
		"processLevel": "하",
		"sentenceCount": 15,
		"processSentencenum": 4,
		"sentenceInfo": [
			{
				"sentenceNo": 1,
				"sentenceContent": "고두심이 깊이가 다른 극사실주의 연기의 진수를 선보인다.",
				"sentenceSize": 31
			},
			{
				"sentenceNo": 2,
				"sentenceContent": "오는 20일 첫 방송되는 JTBC 새 월화드라마 ‘한 사람만’(극본 문정민 연출 오현종 제작 키이스트, JTBC스튜디오)은 호스피스에서 만난 세 여자가 죽기 전에 나쁜 놈 ‘한 사람’만 데려가겠다고 덤볐다가 삶의 진짜 소중한 ‘한 사람’을 마주하게 되는 휴먼 멜로 드라마다.",
				"sentenceSize": 153
			},
			{
				"sentenceNo": 3,
				"sentenceContent": "데뷔 50년 차 대배우 고두심은 시한부를 선고 받은 세신사 표인숙(안은진)의 할머니, ‘육성자’ 역을 맡아 극의 몰입도를 한층 더 드높일 예정이다.",
				"sentenceSize": 82
			},
			{
				"sentenceNo": 4,
				"sentenceContent": "육성자는 시원시원하면서도 걸걸한 말투 때문에 오해 받기 일쑤지만, 마음은 따뜻하고 잔정이 많은 인물이다.",
				"sentenceSize": 58
			},
			{
				"sentenceNo": 5,
				"sentenceContent": "어떤 연유에선지 도통 버리지도 못하고, 여기저기서 고물을 주워다 집안에 쌓아 놓는 바람에 손녀 인숙의 타박을 받기도 한다.",
				"sentenceSize": 68
			},
			{
				"sentenceNo": 6,
				"sentenceContent": "그런 인숙을 끔찍이 아낀다.",
				"sentenceSize": 15
			},
			{
				"sentenceNo": 7,
				"sentenceContent": "이혼한 아들이 어린 손녀를 맡기고 떠났을 땐 성자에게도 쉽지 않은 시간이었지만, 돌이켜보면, 인숙이 있어 오히려 힘이 나고 생기가 돌았다.",
				"sentenceSize": 77
			},
			{
				"sentenceNo": 8,
				"sentenceContent": "공개된 스틸 속 인숙을 바라보고 있는 성자의 눈빛이 한없이 따뜻해 보이는 이유다.",
				"sentenceSize": 45
			},
			{
				"sentenceNo": 9,
				"sentenceContent": "그런 손녀가 자신보다 먼저 세상을 뜰지 모른다는 사실은 청천벽력과도 같았다.",
				"sentenceSize": 42
			},
			{
				"sentenceNo": 10,
				"sentenceContent": "지난 13일 공개된 ‘한 사람만’의 하이라이트 영상(https://youtu.be/T21UUGJfoHQ)에는 그런 성자의 헤아릴 수 없는 슬픔이 담겼다. “왜 말을 안혔어, 나한테 제일 먼저 말을 혔어야지. 나가 뭐든 헐 수 있게, 해줄 수 있게”라며 가슴을 치고 울분을 토해낸 것. “이제 아무것도 안 해줘도 된다”며 되레 자신을 달래는 애달픈 인숙을 바라보는 눈빛이 서글프고 아린다.",
				"sentenceSize": 216
			},
			{
				"sentenceNo": 11,
				"sentenceContent": "이 짧은 한 장면만으로도 성자의 캐릭터와 감정을 오롯이 담아낸 고두심의 연기는 대배우의 존재감을 각인시킨다.",
				"sentenceSize": 60
			},
			{
				"sentenceNo": 12,
				"sentenceContent": "몇 마디 안 되는 대사를 듣고 눈빛만 봐도 눈물이 왈칵 쏟아질 정도다.",
				"sentenceSize": 39
			},
			{
				"sentenceNo": 13,
				"sentenceContent": "손녀딸 인숙을 연기하는 안은진과의 ‘조손 케미’, 그리고 ‘한 사람만’을 묵직하게 채운다.",
				"sentenceSize": 50
			},
			{
				"sentenceNo": 14,
				"sentenceContent": "제작진은 “대배우 고두심은 존재 자체로 작품에 큰 힘을 더하는 배우다. 삶이 녹아 든 극사실주의 연기로 어떤 캐릭터든 자신만의 차별화된 이야기를 담아내는 고두심이 ‘한 사람만’에서 어떤 존재감을 빛낼지, 일주일도 채 남지 않은 첫 방송까지 많은 기대와 관심 부탁드린다”고 전했다. ‘한 사람만’은 ‘최고의 이혼’으로 섬세한 감정 묘사에 탁월함을 입증한 문정민 작가와 ‘역도요정 김복주’, ‘투깝스’, ‘그 남자의 기억법’ 등을 통해 로맨스 서사를 독특한 영상 화법으로 풀어내는 세련된 연출력을 선보인 오현종 감독, 그리고 제작사 키이스트가 의기투합한 작품이다.",
				"sentenceSize": 313
			},
			{
				"sentenceNo": 15,
				"sentenceContent": "오는 12월 20일 월요일 밤 11시 JTBC에서 첫 방송된다.",
				"sentenceSize": 35
			}
		]
	},
	"labeledDataInfo": {
		"processSentenceInfo": [
			{
				"sentenceNo": 1,
				"sentenceContent": "고두심이 깊이가 다른 극사실주의 연기의 진수를 선보인다.",
				"subjectConsistencyYn": "Y"
			},
			{
				"sentenceNo": 2,
				"sentenceContent": "오는 20일 첫 방송되는 JTBC 새 월화드라마 ‘한 사람만’(극본 문정민 연출 오현종 제작 키이스트, JTBC스튜디오)은 호스피스에서 만난 세 여자가 죽기 전에 나쁜 놈 ‘한 사람’만 데려가겠다고 덤볐다가 삶의 진짜 소중한 ‘한 사람’을 마주하게 되는 휴먼 멜로 드라마다.",
				"subjectConsistencyYn": "Y"
			},
			{
				"sentenceNo": 3,
				"sentenceContent": "데뷔 50년 차 대배우 고두심은 시한부를 선고 받은 세신사 표인숙(안은진)의 할머니, ‘육성자’ 역을 맡아 극의 몰입도를 한층 더 드높일 예정이다.",
				"subjectConsistencyYn": "Y"
			},
			{
				"sentenceNo": 4,
				"sentenceContent": "육성자는 시원시원하면서도 걸걸한 말투 때문에 오해 받기 일쑤지만, 마음은 따뜻하고 잔정이 많은 인물이다.",
				"subjectConsistencyYn": "Y"
			},
			{
				"sentenceNo": 5,
				"sentenceContent": "어떤 연유에선지 도통 버리지도 못하고, 여기저기서 고물을 주워다 집안에 쌓아 놓는 바람에 손녀 인숙의 타박을 받기도 한다.",
				"subjectConsistencyYn": "Y"
			},
			{
				"sentenceNo": 6,
				"sentenceContent": "그런 인숙을 끔찍이 아낀다.",
				"subjectConsistencyYn": "Y"
			},
			{
				"sentenceNo": 7,
				"sentenceContent": "이혼한 아들이 어린 손녀를 맡기고 떠났을 땐 성자에게도 쉽지 않은 시간이었지만, 돌이켜보면, 인숙이 있어 오히려 힘이 나고 생기가 돌았다.",
				"subjectConsistencyYn": "Y"
			},
			{
				"sentenceNo": 8,
				"sentenceContent": "공개된 스틸 속 인숙을 바라보고 있는 성자의 눈빛이 한없이 따뜻해 보이는 이유다.",
				"subjectConsistencyYn": "Y"
			},
			{
				"sentenceNo": 9,
				"sentenceContent": "그런 손녀가 자신보다 먼저 세상을 뜰지 모른다는 사실은 청천벽력과도 같았다.",
				"subjectConsistencyYn": "Y"
			},
			{
				"sentenceNo": 10,
				"sentenceContent": "지난 13일 공개된 ‘한 사람만’의 하이라이트 영상(https://youtu.be/T21UUGJfoHQ)에는 그런 성자의 헤아릴 수 없는 슬픔이 담겼다. “왜 말을 안혔어, 나한테 제일 먼저 말을 혔어야지. 나가 뭐든 헐 수 있게, 해줄 수 있게”라며 가슴을 치고 울분을 토해낸 것. “이제 아무것도 안 해줘도 된다”며 되레 자신을 달래는 애달픈 인숙을 바라보는 눈빛이 서글프고 아린다.",
				"subjectConsistencyYn": "Y"
			},
			{
				"sentenceNo": 11,
				"sentenceContent": "이 짧은 한 장면만으로도 성자의 캐릭터와 감정을 오롯이 담아낸 고두심의 연기는 대배우의 존재감을 각인시킨다.",
				"subjectConsistencyYn": "Y"
			},
			{
				"sentenceNo": 12,
				"sentenceContent": "심영순은 \\\"이런 걸로(요리를 해서) 보답을 하라\\\"고 덧붙였다.",
				"subjectConsistencyYn": "N"
			},
			{
				"sentenceNo": 13,
				"sentenceContent": "그러자 박수진도 \\\"맛있는 음식과 애교로 보답하겠다\\\"고 답했다.",
				"subjectConsistencyYn": "N"
			},
			{
				"sentenceNo": 14,
				"sentenceContent": "온라인 중앙일보 [사진 Olive TV '옥수동 수제자' 캡처]",
				"subjectConsistencyYn": "N"
			}
		],
		"clickbaitClass": 0
	}
}