{
	"sourceDataInfo": {
		"newsID": "ET_M13_490322",
		"newsCategory": "연예",
		"newsSubcategory": "음악",
		"newsTitle": "신예 하이키, 첫 완전체 떴다",
		"newsSubTitle": "",
		"newsContent": "‘전원 올라운더’ 걸그룹 하이키(H1-KEY)의 완전체가 드디어 베일을 벗었다.\n15일 0시 GLG(그랜드라인 그룹)는 공식 SNS를 통해 하이키(서이, 시탈라, 리이나, 옐)의 단체 프로필 사진과 ‘Me So Bad(미 쏘 배드)’ 안무 영상을 게재하며 데뷔 분위기를 고조시켰다.\n공개된 단체 프로필 사진 속 하이키는 각기 다른 올블랙 착장으로 시크한 분위기를 자아냈다.\n모델 같은 피지컬을 뽐낸 리이나, 큰 눈망울이 돋보이는 서이, 화려한 이목구비로 시선을 강탈한 시탈라, 유니크한 매력 페이스를 자랑하는 옐의 조화가 글로벌 K팝 팬들의 심장을 두근거리게 만들었다.\n함께 오픈된 하이키의 안무 영상 또한 글로벌 팬들에게 강렬한 임팩트를 남겼다.\n멤버들은 Tinashe(티나셰)의 ‘Me So Bad(미 쏘 배드)’에 맞춰 완벽한 칼군무를 선보였고, 여기에 여유로운 표정을 더하며 신인답지 않은 실력을 입증했다.\n하이키가 단체 프로필 사진과 안무 영상으로 범접할 수 없는 아우라를 뿜어낸 가운데, 과연 어떤 콘셉트와 퍼포먼스로 가요계 시장에 지각변동을 일으킬지 귀추가 주목된다.\n하이키는 리더 서이를 주축으로 시탈라, 리이나, 옐로 구성된 4인조 신예 걸그룹이다.\n영어 ‘high-key’에서 착안한 팀명처럼 당당하고 건강한 아름다움을 지향한다.\n전 멤버가 보컬을 비롯해 춤, 랩, 연기, 외국어 등 다양한 끼와 재능을 겸비하고 있는 하이키는 ‘전원 올라운더’라는 타이틀을 전면에 내세우며 데뷔 준비에 박차를 가하고 있다.\n한편 2022년 1월 5일 4세대 걸그룹 대열에 합류하는 하이키는 추후 공식 SNS를 통해 데뷔 앨범 프로모션 콘텐츠를 순차적으로 공개, 전 세계 팬들과 소통할 예정이다.",
		"partNum": "P2",
		"useType": 0,
		"processType": "A",
		"processPattern": "99",
		"processLevel": "하",
		"sentenceCount": 11,
		"processSentencenum": 1,
		"sentenceInfo": [
			{
				"sentenceNo": 1,
				"sentenceContent": "‘전원 올라운더’ 걸그룹 하이키(H1-KEY)의 완전체가 드디어 베일을 벗었다.",
				"sentenceSize": 44
			},
			{
				"sentenceNo": 2,
				"sentenceContent": "15일 0시 GLG(그랜드라인 그룹)는 공식 SNS를 통해 하이키(서이, 시탈라, 리이나, 옐)의 단체 프로필 사진과 ‘Me So Bad(미 쏘 배드)’ 안무 영상을 게재하며 데뷔 분위기를 고조시켰다.",
				"sentenceSize": 112
			},
			{
				"sentenceNo": 3,
				"sentenceContent": "공개된 단체 프로필 사진 속 하이키는 각기 다른 올블랙 착장으로 시크한 분위기를 자아냈다.",
				"sentenceSize": 50
			},
			{
				"sentenceNo": 4,
				"sentenceContent": "모델 같은 피지컬을 뽐낸 리이나, 큰 눈망울이 돋보이는 서이, 화려한 이목구비로 시선을 강탈한 시탈라, 유니크한 매력 페이스를 자랑하는 옐의 조화가 글로벌 K팝 팬들의 심장을 두근거리게 만들었다.",
				"sentenceSize": 109
			},
			{
				"sentenceNo": 5,
				"sentenceContent": "함께 오픈된 하이키의 안무 영상 또한 글로벌 팬들에게 강렬한 임팩트를 남겼다.",
				"sentenceSize": 43
			},
			{
				"sentenceNo": 6,
				"sentenceContent": "멤버들은 Tinashe(티나셰)의 ‘Me So Bad(미 쏘 배드)’에 맞춰 완벽한 칼군무를 선보였고, 여기에 여유로운 표정을 더하며 신인답지 않은 실력을 입증했다.",
				"sentenceSize": 92
			},
			{
				"sentenceNo": 7,
				"sentenceContent": "하이키가 단체 프로필 사진과 안무 영상으로 범접할 수 없는 아우라를 뿜어낸 가운데, 과연 어떤 콘셉트와 퍼포먼스로 가요계 시장에 지각변동을 일으킬지 귀추가 주목된다.",
				"sentenceSize": 92
			},
			{
				"sentenceNo": 8,
				"sentenceContent": "하이키는 리더 서이를 주축으로 시탈라, 리이나, 옐로 구성된 4인조 신예 걸그룹이다.",
				"sentenceSize": 47
			},
			{
				"sentenceNo": 9,
				"sentenceContent": "영어 ‘high-key’에서 착안한 팀명처럼 당당하고 건강한 아름다움을 지향한다.",
				"sentenceSize": 45
			},
			{
				"sentenceNo": 10,
				"sentenceContent": "전 멤버가 보컬을 비롯해 춤, 랩, 연기, 외국어 등 다양한 끼와 재능을 겸비하고 있는 하이키는 ‘전원 올라운더’라는 타이틀을 전면에 내세우며 데뷔 준비에 박차를 가하고 있다.",
				"sentenceSize": 98
			},
			{
				"sentenceNo": 11,
				"sentenceContent": "한편 2022년 1월 5일 4세대 걸그룹 대열에 합류하는 하이키는 추후 공식 SNS를 통해 데뷔 앨범 프로모션 콘텐츠를 순차적으로 공개, 전 세계 팬들과 소통할 예정이다.",
				"sentenceSize": 95
			}
		]
	},
	"labeledDataInfo": {
		"processSentenceInfo": [
			{
				"sentenceNo": 1,
				"sentenceContent": "‘전원 올라운더’ 걸그룹 하이키(H1-KEY)의 완전체가 드디어 베일을 벗었다.",
				"subjectConsistencyYn": "Y"
			},
			{
				"sentenceNo": 2,
				"sentenceContent": "15일 0시 GLG(그랜드라인 그룹)는 공식 SNS를 통해 하이키(서이, 시탈라, 리이나, 옐)의 단체 프로필 사진과 ‘Me So Bad(미 쏘 배드)’ 안무 영상을 게재하며 데뷔 분위기를 고조시켰다.",
				"subjectConsistencyYn": "Y"
			},
			{
				"sentenceNo": 3,
				"sentenceContent": "공개된 단체 프로필 사진 속 하이키는 각기 다른 올블랙 착장으로 시크한 분위기를 자아냈다.",
				"subjectConsistencyYn": "Y"
			},
			{
				"sentenceNo": 4,
				"sentenceContent": "모델 같은 피지컬을 뽐낸 리이나, 큰 눈망울이 돋보이는 서이, 화려한 이목구비로 시선을 강탈한 시탈라, 유니크한 매력 페이스를 자랑하는 옐의 조화가 글로벌 K팝 팬들의 심장을 두근거리게 만들었다.",
				"subjectConsistencyYn": "Y"
			},
			{
				"sentenceNo": 5,
				"sentenceContent": "함께 오픈된 하이키의 안무 영상 또한 글로벌 팬들에게 강렬한 임팩트를 남겼다.",
				"subjectConsistencyYn": "Y"
			},
			{
				"sentenceNo": 6,
				"sentenceContent": "멤버들은 Tinashe(티나셰)의 ‘Me So Bad(미 쏘 배드)’에 맞춰 완벽한 칼군무를 선보였고, 여기에 여유로운 표정을 더하며 신인답지 않은 실력을 입증했다.",
				"subjectConsistencyYn": "Y"
			},
			{
				"sentenceNo": 7,
				"sentenceContent": "하이키가 단체 프로필 사진과 안무 영상으로 범접할 수 없는 아우라를 뿜어낸 가운데, 과연 어떤 콘셉트와 퍼포먼스로 가요계 시장에 지각변동을 일으킬지 귀추가 주목된다.",
				"subjectConsistencyYn": "Y"
			},
			{
				"sentenceNo": 8,
				"sentenceContent": "하이키는 리더 서이를 주축으로 시탈라, 리이나, 옐로 구성된 4인조 신예 걸그룹이다.",
				"subjectConsistencyYn": "Y"
			},
			{
				"sentenceNo": 9,
				"sentenceContent": "영어 ‘high-key’에서 착안한 팀명처럼 당당하고 건강한 아름다움을 지향한다.",
				"subjectConsistencyYn": "Y"
			},
			{
				"sentenceNo": 10,
				"sentenceContent": "전 멤버가 보컬을 비롯해 춤, 랩, 연기, 외국어 등 다양한 끼와 재능을 겸비하고 있는 하이키는 ‘전원 올라운더’라는 타이틀을 전면에 내세우며 데뷔 준비에 박차를 가하고 있다.",
				"subjectConsistencyYn": "Y"
			},
			{
				"sentenceNo": 11,
				"sentenceContent": "한편 이날 한 번도 수영을 배워본 적이 없다는 홍석천은 자신의 고향인 충남 청양에서 독학으로 수영을 습득했다며 병아리 반 멤버들에게 도전했다.",
				"subjectConsistencyYn": "N"
			}
		],
		"clickbaitClass": 0
	}
}