{
	"sourceDataInfo": {
		"newsID": "ET_M13_490821",
		"newsCategory": "연예",
		"newsSubcategory": "방송",
		"newsTitle": "‘운동뚱’ 김민경, 아이스하키 도전장",
		"newsSubTitle": "",
		"newsContent": "김민경이 빙판 위에서 또 다른 도전에 나선다. 22일(오늘) 공개되는 ‘시켜서 한다! 오늘부터 운동뚱’ 92회에서는 아이스하키에 도전하는 김민경의 모습이 그려진다.\n지난 2주 동안 아이스 스케이트를 배우며 빙판에 익숙해지는 시간을 가진 김민경은 이날 본격적으로 아이스하키를 배우는 시간을 가진다.\n특히 이날 수원시청 여자 아이스하키팀의 연습 유니폼을 착용한 김민경은 아이스하키 선수 못지 않은 포스를 뽐내 김도윤 감독과 박채린, 한수진 선수의 감탄을 자아냈다.\n그러나 김민경은 빙판 위에 서자마자 “잡아달라”며 한없이 약해진 모습을 보였고, 선수들은 “앞으로 넘어져도 된다. 하나도 안 아프다”고 안심시켰다.\n처음으로 아이스하키 스틱을 잡은 김민경은 아이스 스케이트 수업에서 배웠던 자세들을 기억하면서 안정적인 자세를 찾기 시작했다.\n이어 퍽을 주고 받는 연습이 이어졌고, 김민경은 남다른 파워로 퍽을 쳐내 김도윤 감독에게 칭찬을 받았다.\n마지막으로 김민경은 퍽을 골대에 넣는 미션을 진행했다.\n스케이팅과 퍽 컨프롤, 슈팅을 모두 진행해야 하는 상황이었지만, 김민경은 운동신경을 발휘하며 골인에 성공시켰다.\n이에 김도윤 감독은 김민경에게 준비된 퍽을 모두 골인 시키지 못하면 스케이트장 한 바퀴를 돌자고 제안했고, 승부욕에 불탄 김민경은 온 신경을 집중해 올인에 도전했다.\n김민경의 아이스하키 도전기는 22일(오늘) 오후 6시 유튜브 채널 ‘맛있는 녀석들’에서 공개되는 ‘오늘부터 운동뚱’ 92회에서 확인 가능하다.",
		"partNum": "P2",
		"useType": 0,
		"processType": "A",
		"processPattern": "99",
		"processLevel": "하",
		"sentenceCount": 10,
		"processSentencenum": 1,
		"sentenceInfo": [
			{
				"sentenceNo": 1,
				"sentenceContent": "김민경이 빙판 위에서 또 다른 도전에 나선다. 22일(오늘) 공개되는 ‘시켜서 한다! 오늘부터 운동뚱’ 92회에서는 아이스하키에 도전하는 김민경의 모습이 그려진다.",
				"sentenceSize": 91
			},
			{
				"sentenceNo": 2,
				"sentenceContent": "지난 2주 동안 아이스 스케이트를 배우며 빙판에 익숙해지는 시간을 가진 김민경은 이날 본격적으로 아이스하키를 배우는 시간을 가진다.",
				"sentenceSize": 73
			},
			{
				"sentenceNo": 3,
				"sentenceContent": "특히 이날 수원시청 여자 아이스하키팀의 연습 유니폼을 착용한 김민경은 아이스하키 선수 못지 않은 포스를 뽐내 김도윤 감독과 박채린, 한수진 선수의 감탄을 자아냈다.",
				"sentenceSize": 91
			},
			{
				"sentenceNo": 4,
				"sentenceContent": "그러나 김민경은 빙판 위에 서자마자 “잡아달라”며 한없이 약해진 모습을 보였고, 선수들은 “앞으로 넘어져도 된다. 하나도 안 아프다”고 안심시켰다.",
				"sentenceSize": 82
			},
			{
				"sentenceNo": 5,
				"sentenceContent": "처음으로 아이스하키 스틱을 잡은 김민경은 아이스 스케이트 수업에서 배웠던 자세들을 기억하면서 안정적인 자세를 찾기 시작했다.",
				"sentenceSize": 69
			},
			{
				"sentenceNo": 6,
				"sentenceContent": "이어 퍽을 주고 받는 연습이 이어졌고, 김민경은 남다른 파워로 퍽을 쳐내 김도윤 감독에게 칭찬을 받았다.",
				"sentenceSize": 58
			},
			{
				"sentenceNo": 7,
				"sentenceContent": "마지막으로 김민경은 퍽을 골대에 넣는 미션을 진행했다.",
				"sentenceSize": 30
			},
			{
				"sentenceNo": 8,
				"sentenceContent": "스케이팅과 퍽 컨프롤, 슈팅을 모두 진행해야 하는 상황이었지만, 김민경은 운동신경을 발휘하며 골인에 성공시켰다.",
				"sentenceSize": 62
			},
			{
				"sentenceNo": 9,
				"sentenceContent": "이에 김도윤 감독은 김민경에게 준비된 퍽을 모두 골인 시키지 못하면 스케이트장 한 바퀴를 돌자고 제안했고, 승부욕에 불탄 김민경은 온 신경을 집중해 올인에 도전했다.",
				"sentenceSize": 92
			},
			{
				"sentenceNo": 10,
				"sentenceContent": "김민경의 아이스하키 도전기는 22일(오늘) 오후 6시 유튜브 채널 ‘맛있는 녀석들’에서 공개되는 ‘오늘부터 운동뚱’ 92회에서 확인 가능하다.",
				"sentenceSize": 79
			}
		]
	},
	"labeledDataInfo": {
		"processSentenceInfo": [
			{
				"sentenceNo": 1,
				"sentenceContent": "김민경이 빙판 위에서 또 다른 도전에 나선다. 22일(오늘) 공개되는 ‘시켜서 한다! 오늘부터 운동뚱’ 92회에서는 아이스하키에 도전하는 김민경의 모습이 그려진다.",
				"subjectConsistencyYn": "Y"
			},
			{
				"sentenceNo": 2,
				"sentenceContent": "지난 2주 동안 아이스 스케이트를 배우며 빙판에 익숙해지는 시간을 가진 김민경은 이날 본격적으로 아이스하키를 배우는 시간을 가진다.",
				"subjectConsistencyYn": "Y"
			},
			{
				"sentenceNo": 3,
				"sentenceContent": "특히 이날 수원시청 여자 아이스하키팀의 연습 유니폼을 착용한 김민경은 아이스하키 선수 못지 않은 포스를 뽐내 김도윤 감독과 박채린, 한수진 선수의 감탄을 자아냈다.",
				"subjectConsistencyYn": "Y"
			},
			{
				"sentenceNo": 4,
				"sentenceContent": "그러나 김민경은 빙판 위에 서자마자 “잡아달라”며 한없이 약해진 모습을 보였고, 선수들은 “앞으로 넘어져도 된다. 하나도 안 아프다”고 안심시켰다.",
				"subjectConsistencyYn": "Y"
			},
			{
				"sentenceNo": 5,
				"sentenceContent": "처음으로 아이스하키 스틱을 잡은 김민경은 아이스 스케이트 수업에서 배웠던 자세들을 기억하면서 안정적인 자세를 찾기 시작했다.",
				"subjectConsistencyYn": "Y"
			},
			{
				"sentenceNo": 6,
				"sentenceContent": "이어 퍽을 주고 받는 연습이 이어졌고, 김민경은 남다른 파워로 퍽을 쳐내 김도윤 감독에게 칭찬을 받았다.",
				"subjectConsistencyYn": "Y"
			},
			{
				"sentenceNo": 7,
				"sentenceContent": "마지막으로 김민경은 퍽을 골대에 넣는 미션을 진행했다.",
				"subjectConsistencyYn": "Y"
			},
			{
				"sentenceNo": 8,
				"sentenceContent": "스케이팅과 퍽 컨프롤, 슈팅을 모두 진행해야 하는 상황이었지만, 김민경은 운동신경을 발휘하며 골인에 성공시켰다.",
				"subjectConsistencyYn": "Y"
			},
			{
				"sentenceNo": 9,
				"sentenceContent": "이에 김도윤 감독은 김민경에게 준비된 퍽을 모두 골인 시키지 못하면 스케이트장 한 바퀴를 돌자고 제안했고, 승부욕에 불탄 김민경은 온 신경을 집중해 올인에 도전했다.",
				"subjectConsistencyYn": "Y"
			},
			{
				"sentenceNo": 10,
				"sentenceContent": "이렇듯 민진웅은 장면 장면마다 다채롭게 변주하는 캐릭터의 면면을 디테일하고 입체적이게 구현해 시청자들의 마음을 저격, 안방극장을 꽉 붙잡았다.",
				"subjectConsistencyYn": "N"
			},
			{
				"sentenceNo": 11,
				"sentenceContent": "한편, 민진웅이 출연하는 tvN 월화드라마 ‘어사와 조이’는 매주 월, 화 오후 10시 30분에 방송된다.",
				"subjectConsistencyYn": "N"
			}
		],
		"clickbaitClass": 0
	}
}