{
	"sourceDataInfo": {
		"newsID": "ET_M13_490693",
		"newsCategory": "연예",
		"newsSubcategory": "방송",
		"newsTitle": "김혜진, 한류문화대상 배우·연기자부문 우수연기상",
		"newsSubTitle": "",
		"newsContent": "배우 김혜진이 ‘2021 한류문화대상시상식’에서 배우·연기자 우수연기상 부문을 수상했다.\n김혜진은 20일 오후 서울 목동 로운 아트홀에서 진행된 ‘2021 한류문화대상 시상식’에서 배우·연기자 우수연기상 부문을 수상하는 영예를 안았다.\n김혜진은 공식 SNS 채널을 통해 “이처럼 좋은 작품에 참여할 수 있어 너무 감사하다. 세월이 지나도 꾸준히 사랑받을 뜻깊은 작품에 함께해 대중들에게 보여질 수 있음에 감사를 표한다”라고 소감을 밝혔다.\n이어, “앞으로 좀 더 용기 내어 배우의 꿈을 키워나가겠다. 사랑해 주셔서 감사하다”라며 감격스러움을 전했다.\n앞서 김혜진은 JTBC 금토드라마 ‘언더커버’에 출연했으며 뛰어난 연기력과 강한 임팩트로 극 중 몰입도를 높여 대중들에게 눈도장 찍은 바 있다.\n한류문화대상은 한국을 글로벌 시장에 알리는 한류에 크게 공헌한 이들의 공로를 치하하는 시상식으로 한류 닷컴이 주관하고 서울특별시·문화관광부·서울시관광협회·서울시문화재단 등이 후원하는 권위 있는 시상식이다.\n한편, 김혜진은 활발한 배우 활동을 비롯하여 다채로운 행보를 통해 꾸준히 대중과의 소통을 이어나갈 예정이다.",
		"partNum": "P2",
		"useType": 0,
		"processType": "A",
		"processPattern": "99",
		"processLevel": "하",
		"sentenceCount": 7,
		"processSentencenum": 2,
		"sentenceInfo": [
			{
				"sentenceNo": 1,
				"sentenceContent": "배우 김혜진이 ‘2021 한류문화대상시상식’에서 배우·연기자 우수연기상 부문을 수상했다.",
				"sentenceSize": 49
			},
			{
				"sentenceNo": 2,
				"sentenceContent": "김혜진은 20일 오후 서울 목동 로운 아트홀에서 진행된 ‘2021 한류문화대상 시상식’에서 배우·연기자 우수연기상 부문을 수상하는 영예를 안았다.",
				"sentenceSize": 81
			},
			{
				"sentenceNo": 3,
				"sentenceContent": "김혜진은 공식 SNS 채널을 통해 “이처럼 좋은 작품에 참여할 수 있어 너무 감사하다. 세월이 지나도 꾸준히 사랑받을 뜻깊은 작품에 함께해 대중들에게 보여질 수 있음에 감사를 표한다”라고 소감을 밝혔다.",
				"sentenceSize": 113
			},
			{
				"sentenceNo": 4,
				"sentenceContent": "이어, “앞으로 좀 더 용기 내어 배우의 꿈을 키워나가겠다. 사랑해 주셔서 감사하다”라며 감격스러움을 전했다.",
				"sentenceSize": 61
			},
			{
				"sentenceNo": 5,
				"sentenceContent": "앞서 김혜진은 JTBC 금토드라마 ‘언더커버’에 출연했으며 뛰어난 연기력과 강한 임팩트로 극 중 몰입도를 높여 대중들에게 눈도장 찍은 바 있다.",
				"sentenceSize": 80
			},
			{
				"sentenceNo": 6,
				"sentenceContent": "한류문화대상은 한국을 글로벌 시장에 알리는 한류에 크게 공헌한 이들의 공로를 치하하는 시상식으로 한류 닷컴이 주관하고 서울특별시·문화관광부·서울시관광협회·서울시문화재단 등이 후원하는 권위 있는 시상식이다.",
				"sentenceSize": 114
			},
			{
				"sentenceNo": 7,
				"sentenceContent": "한편, 김혜진은 활발한 배우 활동을 비롯하여 다채로운 행보를 통해 꾸준히 대중과의 소통을 이어나갈 예정이다.",
				"sentenceSize": 60
			}
		]
	},
	"labeledDataInfo": {
		"processSentenceInfo": [
			{
				"sentenceNo": 1,
				"sentenceContent": "배우 김혜진이 ‘2021 한류문화대상시상식’에서 배우·연기자 우수연기상 부문을 수상했다.",
				"subjectConsistencyYn": "Y"
			},
			{
				"sentenceNo": 2,
				"sentenceContent": "김혜진은 20일 오후 서울 목동 로운 아트홀에서 진행된 ‘2021 한류문화대상 시상식’에서 배우·연기자 우수연기상 부문을 수상하는 영예를 안았다.",
				"subjectConsistencyYn": "Y"
			},
			{
				"sentenceNo": 3,
				"sentenceContent": "김혜진은 공식 SNS 채널을 통해 “이처럼 좋은 작품에 참여할 수 있어 너무 감사하다. 세월이 지나도 꾸준히 사랑받을 뜻깊은 작품에 함께해 대중들에게 보여질 수 있음에 감사를 표한다”라고 소감을 밝혔다.",
				"subjectConsistencyYn": "Y"
			},
			{
				"sentenceNo": 4,
				"sentenceContent": "이어, “앞으로 좀 더 용기 내어 배우의 꿈을 키워나가겠다. 사랑해 주셔서 감사하다”라며 감격스러움을 전했다.",
				"subjectConsistencyYn": "Y"
			},
			{
				"sentenceNo": 5,
				"sentenceContent": "앞서 김혜진은 JTBC 금토드라마 ‘언더커버’에 출연했으며 뛰어난 연기력과 강한 임팩트로 극 중 몰입도를 높여 대중들에게 눈도장 찍은 바 있다.",
				"subjectConsistencyYn": "Y"
			},
			{
				"sentenceNo": 6,
				"sentenceContent": "그는 이어 \\\"이혼을 했으니, 새로운 여자를 만날수도 있다. 하지만 그 분은 정말로 모르는 분\\\"이라며 \\\"정확히는 모르겠지만 그분은 임산부·노약자 전용 라인에 서시는걸 봤고, 실제로 임산부 였던걸로 기억난다. 내가 바보가 아닌 이상 나는 퍼스트 클라스에 타고 '임신한 내 여자친구'는 이코노미석에 태우겠는가\\\"라고 반문했다 이어 서세원은 \\\"현재 지인을 통해 해당기자에게 항의했으며, 책임을 물을 계획\\\"이라고 말했다.",
				"subjectConsistencyYn": "N"
			},
			{
				"sentenceNo": 7,
				"sentenceContent": "온라인 중앙일보 [사진=중앙포토DB]",
				"subjectConsistencyYn": "N"
			}
		],
		"clickbaitClass": 0
	}
}