{
	"sourceDataInfo": {
		"newsID": "ET_M13_490636",
		"newsCategory": "연예",
		"newsSubcategory": "방송",
		"newsTitle": "‘신사와 아가씨’ 박하나, 기억 찾는 지현우에 불안 “문제없어”",
		"newsSubTitle": "",
		"newsContent": "‘신사와 아가씨’ 지현우의 기억이 또 돌아왔다.\n19일 오후 방송된 KBS2 주말드라마 ‘신사와 아가씨’에서는 이세희와 함께했던 기억이 떠오른 지현우의 모습이 떠올랐다.\n이날 잠을 자던 조사라(박하나)는 기억이 떠올랐다 말하는 이영국(지현우)에 눈을 떴다.\n그는 “설마 회장님 기억이 돌아오는 거 아니야? 그리고 기억 돌아오면 뭐. 우리 약혼했어. 결혼하기로 한 약속 함부로 깰 수 없어”라며 반지를 바라봤다.\n이영국은 박단단(이세희), 아이들과 놀이동산에서 놀던 기억을 꿈꾸며 웃음 지었다.\n다음날 이영국은 아이들에게 놀이동산을 간 적 있냐고 물었다.\n기억나냐고 말하는 아이들에 이영국은 모든 것을 상세하게 기억했다.\n이재니(최명빈)는 귀신의 집에 간 거 기억나냐 물었고 이영국은 기억이 나지 않는다고 말했다.\n이영국은 밖에 나가서 밥 먹으면서 완전히 기억하고 있는지 얘기해보자며 아이들, 박단단과 나가버렸다.\n왕대란(차화연)은 조사라에게 이영국의 기억이 돌아오는 것을 걱정했다.\n불안해진 조사라는 “사모님, 정신 차리세요. 이건 그냥 단편적인 기억일 뿐이에요. 몇 차례 이런 일이있었지만 회장님 기억 돌아오지 않았어요. 스쳐가는 의미없는 기억일 뿐이에요”라고 안심시켰다.\n방에 돌아온 조사라는 “정말 이러다 회장님 기억 다 돌아오면 어떻게 해? 그래, 이럴 때일수록 아이들이랑 잘 지내야해. 회장님도 이제 나 좋아하고 문제없어. 불안해할 거 없어”라며 마음을 가다듬었다.\n한편 KBS2 주말드라마 ‘신사와 아가씨’는 오후 7시 55분에 만나볼 수 있다.",
		"partNum": "P2",
		"useType": 0,
		"processType": "A",
		"processPattern": "99",
		"processLevel": "하",
		"sentenceCount": 13,
		"processSentencenum": 2,
		"sentenceInfo": [
			{
				"sentenceNo": 1,
				"sentenceContent": "‘신사와 아가씨’ 지현우의 기억이 또 돌아왔다.",
				"sentenceSize": 26
			},
			{
				"sentenceNo": 2,
				"sentenceContent": "19일 오후 방송된 KBS2 주말드라마 ‘신사와 아가씨’에서는 이세희와 함께했던 기억이 떠오른 지현우의 모습이 떠올랐다.",
				"sentenceSize": 67
			},
			{
				"sentenceNo": 3,
				"sentenceContent": "이날 잠을 자던 조사라(박하나)는 기억이 떠올랐다 말하는 이영국(지현우)에 눈을 떴다.",
				"sentenceSize": 48
			},
			{
				"sentenceNo": 4,
				"sentenceContent": "그는 “설마 회장님 기억이 돌아오는 거 아니야? 그리고 기억 돌아오면 뭐. 우리 약혼했어. 결혼하기로 한 약속 함부로 깰 수 없어”라며 반지를 바라봤다.",
				"sentenceSize": 85
			},
			{
				"sentenceNo": 5,
				"sentenceContent": "이영국은 박단단(이세희), 아이들과 놀이동산에서 놀던 기억을 꿈꾸며 웃음 지었다.",
				"sentenceSize": 45
			},
			{
				"sentenceNo": 6,
				"sentenceContent": "다음날 이영국은 아이들에게 놀이동산을 간 적 있냐고 물었다.",
				"sentenceSize": 33
			},
			{
				"sentenceNo": 7,
				"sentenceContent": "기억나냐고 말하는 아이들에 이영국은 모든 것을 상세하게 기억했다.",
				"sentenceSize": 36
			},
			{
				"sentenceNo": 8,
				"sentenceContent": "이재니(최명빈)는 귀신의 집에 간 거 기억나냐 물었고 이영국은 기억이 나지 않는다고 말했다.",
				"sentenceSize": 51
			},
			{
				"sentenceNo": 9,
				"sentenceContent": "이영국은 밖에 나가서 밥 먹으면서 완전히 기억하고 있는지 얘기해보자며 아이들, 박단단과 나가버렸다.",
				"sentenceSize": 55
			},
			{
				"sentenceNo": 10,
				"sentenceContent": "왕대란(차화연)은 조사라에게 이영국의 기억이 돌아오는 것을 걱정했다.",
				"sentenceSize": 38
			},
			{
				"sentenceNo": 11,
				"sentenceContent": "불안해진 조사라는 “사모님, 정신 차리세요. 이건 그냥 단편적인 기억일 뿐이에요. 몇 차례 이런 일이있었지만 회장님 기억 돌아오지 않았어요. 스쳐가는 의미없는 기억일 뿐이에요”라고 안심시켰다.",
				"sentenceSize": 107
			},
			{
				"sentenceNo": 12,
				"sentenceContent": "방에 돌아온 조사라는 “정말 이러다 회장님 기억 다 돌아오면 어떻게 해? 그래, 이럴 때일수록 아이들이랑 잘 지내야해. 회장님도 이제 나 좋아하고 문제없어. 불안해할 거 없어”라며 마음을 가다듬었다.",
				"sentenceSize": 111
			},
			{
				"sentenceNo": 13,
				"sentenceContent": "한편 KBS2 주말드라마 ‘신사와 아가씨’는 오후 7시 55분에 만나볼 수 있다.",
				"sentenceSize": 45
			}
		]
	},
	"labeledDataInfo": {
		"processSentenceInfo": [
			{
				"sentenceNo": 1,
				"sentenceContent": "‘신사와 아가씨’ 지현우의 기억이 또 돌아왔다.",
				"subjectConsistencyYn": "Y"
			},
			{
				"sentenceNo": 2,
				"sentenceContent": "19일 오후 방송된 KBS2 주말드라마 ‘신사와 아가씨’에서는 이세희와 함께했던 기억이 떠오른 지현우의 모습이 떠올랐다.",
				"subjectConsistencyYn": "Y"
			},
			{
				"sentenceNo": 3,
				"sentenceContent": "이날 잠을 자던 조사라(박하나)는 기억이 떠올랐다 말하는 이영국(지현우)에 눈을 떴다.",
				"subjectConsistencyYn": "Y"
			},
			{
				"sentenceNo": 4,
				"sentenceContent": "그는 “설마 회장님 기억이 돌아오는 거 아니야? 그리고 기억 돌아오면 뭐. 우리 약혼했어. 결혼하기로 한 약속 함부로 깰 수 없어”라며 반지를 바라봤다.",
				"subjectConsistencyYn": "Y"
			},
			{
				"sentenceNo": 5,
				"sentenceContent": "이영국은 박단단(이세희), 아이들과 놀이동산에서 놀던 기억을 꿈꾸며 웃음 지었다.",
				"subjectConsistencyYn": "Y"
			},
			{
				"sentenceNo": 6,
				"sentenceContent": "다음날 이영국은 아이들에게 놀이동산을 간 적 있냐고 물었다.",
				"subjectConsistencyYn": "Y"
			},
			{
				"sentenceNo": 7,
				"sentenceContent": "기억나냐고 말하는 아이들에 이영국은 모든 것을 상세하게 기억했다.",
				"subjectConsistencyYn": "Y"
			},
			{
				"sentenceNo": 8,
				"sentenceContent": "이재니(최명빈)는 귀신의 집에 간 거 기억나냐 물었고 이영국은 기억이 나지 않는다고 말했다.",
				"subjectConsistencyYn": "Y"
			},
			{
				"sentenceNo": 9,
				"sentenceContent": "이영국은 밖에 나가서 밥 먹으면서 완전히 기억하고 있는지 얘기해보자며 아이들, 박단단과 나가버렸다.",
				"subjectConsistencyYn": "Y"
			},
			{
				"sentenceNo": 10,
				"sentenceContent": "왕대란(차화연)은 조사라에게 이영국의 기억이 돌아오는 것을 걱정했다.",
				"subjectConsistencyYn": "Y"
			},
			{
				"sentenceNo": 11,
				"sentenceContent": "불안해진 조사라는 “사모님, 정신 차리세요. 이건 그냥 단편적인 기억일 뿐이에요. 몇 차례 이런 일이있었지만 회장님 기억 돌아오지 않았어요. 스쳐가는 의미없는 기억일 뿐이에요”라고 안심시켰다.",
				"subjectConsistencyYn": "Y"
			},
			{
				"sentenceNo": 12,
				"sentenceContent": "특히 신혼부부답게 진한 키스를 나눴고, 배용준이 박수진의 엉덩이를 만지는 등 스킨쉽을 하기도 했다.",
				"subjectConsistencyYn": "N"
			},
			{
				"sentenceNo": 13,
				"sentenceContent": "네티즌들은 이를 보고 “부부인데 스킨쉽을 할 수 있는 것 아니냐”는 의견과 “사람들 앞에서 아내에 대한 배려가 부족했다”는 다양한 의견을 내놓았다.",
				"subjectConsistencyYn": "N"
			},
			{
				"sentenceNo": 14,
				"sentenceContent": "온라인 중앙일보 ‘박진영 배용준 박수진’ [사진 유투브 영상캡처]",
				"subjectConsistencyYn": "N"
			}
		],
		"clickbaitClass": 0
	}
}