{
	"sourceDataInfo": {
		"newsID": "ET_M13_490462",
		"newsCategory": "연예",
		"newsSubcategory": "음악",
		"newsTitle": "퍼플키스 수안, ‘학교 2021’ OST ‘멍하니’ 가창 참여",
		"newsSubTitle": "",
		"newsContent": "퍼플키스(PURPLE KISS)의 메인 보컬 수안이 ‘학교 2021’ OST 가창에 참여한다.\n제작사 킹스랜드에 따르면, 오늘(17일) 오후 6시 각종 음원 사이트를 통해 퍼플키스 수안이 가창에 참여한 KBS2 수목드라마 ‘학교 2021’의 여섯 번째 OST ‘멍하니’가 발매된다. ‘멍하니’는 이별의 감정을 섬세하고 서정적으로 표현한 팝 발라드 장르로, 헤어짐의 순간을 사실적으로 애틋하게 묘사한 가사가 인상적이다.\n수안의 청량감 있는 보컬이 돋보이는 슬픈 러브 테마 곡인 만큼 극 중 주인공들의 러브라인을 더욱 극대화하는 역할을 할 예정이다.\n작사가 심현보가 가사를 써 감성적인 분위기를 더했다.\n퍼플키스는 데뷔와 함께 뛰어난 보컬과 퍼포먼스 실력은 물론 작사, 작곡, 안무 창작 능력을 인정받으며 ‘밸런스돌’이라는 수식어를 꿰찼다.\n앞서 멤버 나고은이 ‘학교 2021’의 OST ‘드림 온(Dream on)’을 가창한 데 이어 수안도 OST 가창에 참여, 퍼플키스만의 다채로운 매력으로 극의 몰입도를 안길 전망이다.\n한편, 퍼플키스 수안이 가창한 ‘학교 2021’ OST ‘멍하니’는 오늘(17일) 오후 6시 각종 음원 사이트를 통해 공개된다.",
		"partNum": "P2",
		"useType": 0,
		"processType": "A",
		"processPattern": "99",
		"processLevel": "하",
		"sentenceCount": 7,
		"processSentencenum": 1,
		"sentenceInfo": [
			{
				"sentenceNo": 1,
				"sentenceContent": "퍼플키스(PURPLE KISS)의 메인 보컬 수안이 ‘학교 2021’ OST 가창에 참여한다.",
				"sentenceSize": 52
			},
			{
				"sentenceNo": 2,
				"sentenceContent": "제작사 킹스랜드에 따르면, 오늘(17일) 오후 6시 각종 음원 사이트를 통해 퍼플키스 수안이 가창에 참여한 KBS2 수목드라마 ‘학교 2021’의 여섯 번째 OST ‘멍하니’가 발매된다. ‘멍하니’는 이별의 감정을 섬세하고 서정적으로 표현한 팝 발라드 장르로, 헤어짐의 순간을 사실적으로 애틋하게 묘사한 가사가 인상적이다.",
				"sentenceSize": 180
			},
			{
				"sentenceNo": 3,
				"sentenceContent": "수안의 청량감 있는 보컬이 돋보이는 슬픈 러브 테마 곡인 만큼 극 중 주인공들의 러브라인을 더욱 극대화하는 역할을 할 예정이다.",
				"sentenceSize": 71
			},
			{
				"sentenceNo": 4,
				"sentenceContent": "작사가 심현보가 가사를 써 감성적인 분위기를 더했다.",
				"sentenceSize": 29
			},
			{
				"sentenceNo": 5,
				"sentenceContent": "퍼플키스는 데뷔와 함께 뛰어난 보컬과 퍼포먼스 실력은 물론 작사, 작곡, 안무 창작 능력을 인정받으며 ‘밸런스돌’이라는 수식어를 꿰찼다.",
				"sentenceSize": 76
			},
			{
				"sentenceNo": 6,
				"sentenceContent": "앞서 멤버 나고은이 ‘학교 2021’의 OST ‘드림 온(Dream on)’을 가창한 데 이어 수안도 OST 가창에 참여, 퍼플키스만의 다채로운 매력으로 극의 몰입도를 안길 전망이다.",
				"sentenceSize": 102
			},
			{
				"sentenceNo": 7,
				"sentenceContent": "한편, 퍼플키스 수안이 가창한 ‘학교 2021’ OST ‘멍하니’는 오늘(17일) 오후 6시 각종 음원 사이트를 통해 공개된다.",
				"sentenceSize": 71
			}
		]
	},
	"labeledDataInfo": {
		"processSentenceInfo": [
			{
				"sentenceNo": 1,
				"sentenceContent": "퍼플키스(PURPLE KISS)의 메인 보컬 수안이 ‘학교 2021’ OST 가창에 참여한다.",
				"subjectConsistencyYn": "Y"
			},
			{
				"sentenceNo": 2,
				"sentenceContent": "제작사 킹스랜드에 따르면, 오늘(17일) 오후 6시 각종 음원 사이트를 통해 퍼플키스 수안이 가창에 참여한 KBS2 수목드라마 ‘학교 2021’의 여섯 번째 OST ‘멍하니’가 발매된다. ‘멍하니’는 이별의 감정을 섬세하고 서정적으로 표현한 팝 발라드 장르로, 헤어짐의 순간을 사실적으로 애틋하게 묘사한 가사가 인상적이다.",
				"subjectConsistencyYn": "Y"
			},
			{
				"sentenceNo": 3,
				"sentenceContent": "수안의 청량감 있는 보컬이 돋보이는 슬픈 러브 테마 곡인 만큼 극 중 주인공들의 러브라인을 더욱 극대화하는 역할을 할 예정이다.",
				"subjectConsistencyYn": "Y"
			},
			{
				"sentenceNo": 4,
				"sentenceContent": "작사가 심현보가 가사를 써 감성적인 분위기를 더했다.",
				"subjectConsistencyYn": "Y"
			},
			{
				"sentenceNo": 5,
				"sentenceContent": "퍼플키스는 데뷔와 함께 뛰어난 보컬과 퍼포먼스 실력은 물론 작사, 작곡, 안무 창작 능력을 인정받으며 ‘밸런스돌’이라는 수식어를 꿰찼다.",
				"subjectConsistencyYn": "Y"
			},
			{
				"sentenceNo": 6,
				"sentenceContent": "앞서 멤버 나고은이 ‘학교 2021’의 OST ‘드림 온(Dream on)’을 가창한 데 이어 수안도 OST 가창에 참여, 퍼플키스만의 다채로운 매력으로 극의 몰입도를 안길 전망이다.",
				"subjectConsistencyYn": "Y"
			},
			{
				"sentenceNo": 7,
				"sentenceContent": "저는 욕심을 경계하는 편이에요.",
				"subjectConsistencyYn": "N"
			},
			{
				"sentenceNo": 8,
				"sentenceContent": "자기 자리를 성실하게 지키면 언제든 기회는 올 거라고 생각해요.",
				"subjectConsistencyYn": "N"
			},
			{
				"sentenceNo": 9,
				"sentenceContent": "사진=라희찬(STUDIO 706) 관련기사 [기획] 조선의 마지막 호랑이 '대호' 탄생기 ① [기획] 조선의 마지막 호랑이 '대호' 탄생기 ② '대호' 대역 곽진석…한국의 앤디 서키스처럼",
				"subjectConsistencyYn": "N"
			}
		],
		"clickbaitClass": 0
	}
}