{
	"sourceDataInfo": {
		"newsID": "ET_M13_490747",
		"newsCategory": "연예",
		"newsSubcategory": "방송",
		"newsTitle": "‘쇼윈도’ 전소민, 황찬성 프러포즈 허락할까",
		"newsSubTitle": "",
		"newsContent": "황찬성이 전소민에게 프러포즈를 한다.\n채널A 10주년 특별기획 월화드라마 ‘쇼윈도:여왕의 집’(극본 한보경, 박혜영 / 연출 강솔, 박대희 / 제작 ㈜코탑미디어 / 기획 채널A)이 뒤를 예측할 수 없는 이야기, 그 안에서 캐릭터들이 겪는 감정의 파고, 또 이를 섬세한 연기로 전달하는 배우들의 연기력으로 매회 화제를 모으고 있다.\n그중 윤미라(전소민 분)와 한정원(황찬성 분)의 관계가 어떻게 변화할지 모두의 이목이 집중되고 있다.\n한정원에게 접근해 그의 연인으로 다시 한선주(송윤아 분)와 신명섭(이성재 분) 앞에 나타난 윤미라. 그러나 7회 엔딩에서 신명섭과 윤미라의 폭풍 키스 현장이 포착되며 윤미라가 아직 신명섭에게 감정이 남아 있다는 것이 알려졌다.\n이런 가운데 21일 ‘쇼윈도:여왕의 집’ 측이 8회 방송을 앞두고 한정원이 윤미라에게 프러포즈 하는 장면을 담은 스틸컷을 공개했다.\n앞서 한정원은 누나 한선주로부터 윤미라가 불륜녀라는 걸 듣고도, 매형과 불륜을 저지른 게 아니면 된다고 말하며 윤미라를 받아들이기로 했다.\n그런 한정원이 받을 충격을 걱정하며 한선주도 진실을 숨긴 상황. 하지만 신명섭과 윤미라의 관계가 계속되는 중에 이들의 관계도 진전되고 있어 보는 이들을 놀라게 한다.\n또한 여타 프러포즈의 달달한 분위기와 달리, 이들의 프러포즈 현장에서는 냉랭한 기운이 감지되어 호기심을 증폭시킨다.\n로맨틱하게 반지를 건네는 한정원을 갈등하는 표정으로 바라보는 윤미라. 과연 한정원이 윤미라에게 프러포즈를 하는 이유는 무엇일까.\n윤미라는 이 프러포즈를 받아들이고 결혼을 하게 될까.\n폭풍 같은 이야기가 펼쳐질 ‘쇼윈도:여왕의 집’ 8회에 귀추가 주목된다.\n한편 채널A 10주년 특별기획 ‘쇼윈도:여왕의 집’ 8회는 오늘(21일) 밤 10시 30분 방송된다.\n국내 대표 OTT 플랫폼 ‘웨이브(wavve)’가 투자에 참여한 ‘쇼윈도:여왕의 집’은 채널A 방송과 동시에 웨이브에서 만나볼 수 있다.",
		"partNum": "P2",
		"useType": 0,
		"processType": "A",
		"processPattern": "99",
		"processLevel": "하",
		"sentenceCount": 13,
		"processSentencenum": 3,
		"sentenceInfo": [
			{
				"sentenceNo": 1,
				"sentenceContent": "황찬성이 전소민에게 프러포즈를 한다.",
				"sentenceSize": 20
			},
			{
				"sentenceNo": 2,
				"sentenceContent": "채널A 10주년 특별기획 월화드라마 ‘쇼윈도:여왕의 집’(극본 한보경, 박혜영 / 연출 강솔, 박대희 / 제작 ㈜코탑미디어 / 기획 채널A)이 뒤를 예측할 수 없는 이야기, 그 안에서 캐릭터들이 겪는 감정의 파고, 또 이를 섬세한 연기로 전달하는 배우들의 연기력으로 매회 화제를 모으고 있다.",
				"sentenceSize": 163
			},
			{
				"sentenceNo": 3,
				"sentenceContent": "그중 윤미라(전소민 분)와 한정원(황찬성 분)의 관계가 어떻게 변화할지 모두의 이목이 집중되고 있다.",
				"sentenceSize": 56
			},
			{
				"sentenceNo": 4,
				"sentenceContent": "한정원에게 접근해 그의 연인으로 다시 한선주(송윤아 분)와 신명섭(이성재 분) 앞에 나타난 윤미라. 그러나 7회 엔딩에서 신명섭과 윤미라의 폭풍 키스 현장이 포착되며 윤미라가 아직 신명섭에게 감정이 남아 있다는 것이 알려졌다.",
				"sentenceSize": 126
			},
			{
				"sentenceNo": 5,
				"sentenceContent": "이런 가운데 21일 ‘쇼윈도:여왕의 집’ 측이 8회 방송을 앞두고 한정원이 윤미라에게 프러포즈 하는 장면을 담은 스틸컷을 공개했다.",
				"sentenceSize": 73
			},
			{
				"sentenceNo": 6,
				"sentenceContent": "앞서 한정원은 누나 한선주로부터 윤미라가 불륜녀라는 걸 듣고도, 매형과 불륜을 저지른 게 아니면 된다고 말하며 윤미라를 받아들이기로 했다.",
				"sentenceSize": 77
			},
			{
				"sentenceNo": 7,
				"sentenceContent": "그런 한정원이 받을 충격을 걱정하며 한선주도 진실을 숨긴 상황. 하지만 신명섭과 윤미라의 관계가 계속되는 중에 이들의 관계도 진전되고 있어 보는 이들을 놀라게 한다.",
				"sentenceSize": 92
			},
			{
				"sentenceNo": 8,
				"sentenceContent": "또한 여타 프러포즈의 달달한 분위기와 달리, 이들의 프러포즈 현장에서는 냉랭한 기운이 감지되어 호기심을 증폭시킨다.",
				"sentenceSize": 64
			},
			{
				"sentenceNo": 9,
				"sentenceContent": "로맨틱하게 반지를 건네는 한정원을 갈등하는 표정으로 바라보는 윤미라. 과연 한정원이 윤미라에게 프러포즈를 하는 이유는 무엇일까.",
				"sentenceSize": 71
			},
			{
				"sentenceNo": 10,
				"sentenceContent": "윤미라는 이 프러포즈를 받아들이고 결혼을 하게 될까.",
				"sentenceSize": 29
			},
			{
				"sentenceNo": 11,
				"sentenceContent": "폭풍 같은 이야기가 펼쳐질 ‘쇼윈도:여왕의 집’ 8회에 귀추가 주목된다.",
				"sentenceSize": 40
			},
			{
				"sentenceNo": 12,
				"sentenceContent": "한편 채널A 10주년 특별기획 ‘쇼윈도:여왕의 집’ 8회는 오늘(21일) 밤 10시 30분 방송된다.",
				"sentenceSize": 56
			},
			{
				"sentenceNo": 13,
				"sentenceContent": "국내 대표 OTT 플랫폼 ‘웨이브(wavve)’가 투자에 참여한 ‘쇼윈도:여왕의 집’은 채널A 방송과 동시에 웨이브에서 만나볼 수 있다.",
				"sentenceSize": 76
			}
		]
	},
	"labeledDataInfo": {
		"processSentenceInfo": [
			{
				"sentenceNo": 1,
				"sentenceContent": "황찬성이 전소민에게 프러포즈를 한다.",
				"subjectConsistencyYn": "Y"
			},
			{
				"sentenceNo": 2,
				"sentenceContent": "채널A 10주년 특별기획 월화드라마 ‘쇼윈도:여왕의 집’(극본 한보경, 박혜영 / 연출 강솔, 박대희 / 제작 ㈜코탑미디어 / 기획 채널A)이 뒤를 예측할 수 없는 이야기, 그 안에서 캐릭터들이 겪는 감정의 파고, 또 이를 섬세한 연기로 전달하는 배우들의 연기력으로 매회 화제를 모으고 있다.",
				"subjectConsistencyYn": "Y"
			},
			{
				"sentenceNo": 3,
				"sentenceContent": "그중 윤미라(전소민 분)와 한정원(황찬성 분)의 관계가 어떻게 변화할지 모두의 이목이 집중되고 있다.",
				"subjectConsistencyYn": "Y"
			},
			{
				"sentenceNo": 4,
				"sentenceContent": "한정원에게 접근해 그의 연인으로 다시 한선주(송윤아 분)와 신명섭(이성재 분) 앞에 나타난 윤미라. 그러나 7회 엔딩에서 신명섭과 윤미라의 폭풍 키스 현장이 포착되며 윤미라가 아직 신명섭에게 감정이 남아 있다는 것이 알려졌다.",
				"subjectConsistencyYn": "Y"
			},
			{
				"sentenceNo": 5,
				"sentenceContent": "이런 가운데 21일 ‘쇼윈도:여왕의 집’ 측이 8회 방송을 앞두고 한정원이 윤미라에게 프러포즈 하는 장면을 담은 스틸컷을 공개했다.",
				"subjectConsistencyYn": "Y"
			},
			{
				"sentenceNo": 6,
				"sentenceContent": "앞서 한정원은 누나 한선주로부터 윤미라가 불륜녀라는 걸 듣고도, 매형과 불륜을 저지른 게 아니면 된다고 말하며 윤미라를 받아들이기로 했다.",
				"subjectConsistencyYn": "Y"
			},
			{
				"sentenceNo": 7,
				"sentenceContent": "그런 한정원이 받을 충격을 걱정하며 한선주도 진실을 숨긴 상황. 하지만 신명섭과 윤미라의 관계가 계속되는 중에 이들의 관계도 진전되고 있어 보는 이들을 놀라게 한다.",
				"subjectConsistencyYn": "Y"
			},
			{
				"sentenceNo": 8,
				"sentenceContent": "또한 여타 프러포즈의 달달한 분위기와 달리, 이들의 프러포즈 현장에서는 냉랭한 기운이 감지되어 호기심을 증폭시킨다.",
				"subjectConsistencyYn": "Y"
			},
			{
				"sentenceNo": 9,
				"sentenceContent": "로맨틱하게 반지를 건네는 한정원을 갈등하는 표정으로 바라보는 윤미라. 과연 한정원이 윤미라에게 프러포즈를 하는 이유는 무엇일까.",
				"subjectConsistencyYn": "Y"
			},
			{
				"sentenceNo": 10,
				"sentenceContent": "윤미라는 이 프러포즈를 받아들이고 결혼을 하게 될까.",
				"subjectConsistencyYn": "Y"
			},
			{
				"sentenceNo": 11,
				"sentenceContent": "신이준은 아역 배우로 데뷔해 드라마 ‘시그널’, ‘낭만 닥터 김사부’ ‘당신이 잠든 사이에’ 등에서 활약하며 신선한 마스크와 자연스러운 연기로 시청자들의 눈도장을 받아왔다.",
				"subjectConsistencyYn": "N"
			},
			{
				"sentenceNo": 12,
				"sentenceContent": "이에 신이준이 드라마 ‘쇼윈도:여왕의 집’에서 펼칠 활약이 기대된다.",
				"subjectConsistencyYn": "N"
			}
		],
		"clickbaitClass": 0
	}
}