{
	"sourceDataInfo": {
		"newsID": "ET_M13_490667",
		"newsCategory": "연예",
		"newsSubcategory": "음악",
		"newsTitle": "몬스타엑스, K팝 위상 떨친 세 번째 ‘징글볼’ 투어",
		"newsSubTitle": "",
		"newsContent": "몬스타엑스(MONSTA X)가 미국 ‘징글볼(Jingle Ball)’ 투어를 빛내며 글로벌 아티스트로서의 위상을 입증했다.\n몬스타엑스는 지난 16일(이하 미국 현지 시간) 애틀란타 스테이트팜 아레나(State Farm Arena)에서 진행된 ‘징글볼’ 공연을 마지막으로 투어를 종료했다.\n본래 예정되어있던 19일 마이애미 공연은 현지에서 급속도로 확산되고 있는 코로나19 상황에 따라 취소됐다.\n앞서 몬스타엑스는 13일 필라델피아를 시작으로 14일 워싱턴 D.C, 16일 애틀란타의 ‘징글볼’ 무대에 올라 현지 분위기를 최고조로 달궜다.\n몬스타엑스가 참석한 이번 투어에는 세계적인 팝 아티스트 케인 브라운(Kane Brown)부터 메건 더 스탤리언(Megan Thee Stallion), 바지(Bazzi) 등이 함께했다..\n소속사 스타쉽엔터테인먼트를 통해 몬스타엑스는 “‘징글볼’ 투어에 또 한 번 함께할 수 있어 영광스러웠다. 무엇보다 팬들의 눈을 맞추고, 관객과 함께할 수 있는 공연이 얼마나 행복한 일인지 새삼 깨달을 수 있는 시간이었다”며 “마이애미 공연이 취소돼서 아쉬움이 크지만, 현 시국이 완화돼서 더 좋은 모습으로 찾아뵐 수 있는 날이 오기를 기다리고 있겠다. 이번 프로모션에 많은 응원을 보내주신 전 세계 몬베베(팬클럽명)들에게 감사드린다”고 프로모션을 마친 소감도 밝혔다. ‘징글볼’ 투어와 미국 프로모션을 성공적으로 마무리한 몬스타엑스는 오는 2022년 진행되는 북미투어 준비에 박차를 가할 계획이다.",
		"partNum": "P2",
		"useType": 0,
		"processType": "A",
		"processPattern": "99",
		"processLevel": "하",
		"sentenceCount": 6,
		"processSentencenum": 1,
		"sentenceInfo": [
			{
				"sentenceNo": 1,
				"sentenceContent": "몬스타엑스(MONSTA X)가 미국 ‘징글볼(Jingle Ball)’ 투어를 빛내며 글로벌 아티스트로서의 위상을 입증했다.",
				"sentenceSize": 68
			},
			{
				"sentenceNo": 2,
				"sentenceContent": "몬스타엑스는 지난 16일(이하 미국 현지 시간) 애틀란타 스테이트팜 아레나(State Farm Arena)에서 진행된 ‘징글볼’ 공연을 마지막으로 투어를 종료했다.",
				"sentenceSize": 91
			},
			{
				"sentenceNo": 3,
				"sentenceContent": "본래 예정되어있던 19일 마이애미 공연은 현지에서 급속도로 확산되고 있는 코로나19 상황에 따라 취소됐다.",
				"sentenceSize": 59
			},
			{
				"sentenceNo": 4,
				"sentenceContent": "앞서 몬스타엑스는 13일 필라델피아를 시작으로 14일 워싱턴 D.C, 16일 애틀란타의 ‘징글볼’ 무대에 올라 현지 분위기를 최고조로 달궜다.",
				"sentenceSize": 79
			},
			{
				"sentenceNo": 5,
				"sentenceContent": "몬스타엑스가 참석한 이번 투어에는 세계적인 팝 아티스트 케인 브라운(Kane Brown)부터 메건 더 스탤리언(Megan Thee Stallion), 바지(Bazzi) 등이 함께했다..",
				"sentenceSize": 103
			},
			{
				"sentenceNo": 6,
				"sentenceContent": "소속사 스타쉽엔터테인먼트를 통해 몬스타엑스는 “‘징글볼’ 투어에 또 한 번 함께할 수 있어 영광스러웠다. 무엇보다 팬들의 눈을 맞추고, 관객과 함께할 수 있는 공연이 얼마나 행복한 일인지 새삼 깨달을 수 있는 시간이었다”며 “마이애미 공연이 취소돼서 아쉬움이 크지만, 현 시국이 완화돼서 더 좋은 모습으로 찾아뵐 수 있는 날이 오기를 기다리고 있겠다. 이번 프로모션에 많은 응원을 보내주신 전 세계 몬베베(팬클럽명)들에게 감사드린다”고 프로모션을 마친 소감도 밝혔다. ‘징글볼’ 투어와 미국 프로모션을 성공적으로 마무리한 몬스타엑스는 오는 2022년 진행되는 북미투어 준비에 박차를 가할 계획이다.",
				"sentenceSize": 334
			}
		]
	},
	"labeledDataInfo": {
		"processSentenceInfo": [
			{
				"sentenceNo": 1,
				"sentenceContent": "몬스타엑스(MONSTA X)가 미국 ‘징글볼(Jingle Ball)’ 투어를 빛내며 글로벌 아티스트로서의 위상을 입증했다.",
				"subjectConsistencyYn": "Y"
			},
			{
				"sentenceNo": 2,
				"sentenceContent": "몬스타엑스는 지난 16일(이하 미국 현지 시간) 애틀란타 스테이트팜 아레나(State Farm Arena)에서 진행된 ‘징글볼’ 공연을 마지막으로 투어를 종료했다.",
				"subjectConsistencyYn": "Y"
			},
			{
				"sentenceNo": 3,
				"sentenceContent": "본래 예정되어있던 19일 마이애미 공연은 현지에서 급속도로 확산되고 있는 코로나19 상황에 따라 취소됐다.",
				"subjectConsistencyYn": "Y"
			},
			{
				"sentenceNo": 4,
				"sentenceContent": "앞서 몬스타엑스는 13일 필라델피아를 시작으로 14일 워싱턴 D.C, 16일 애틀란타의 ‘징글볼’ 무대에 올라 현지 분위기를 최고조로 달궜다.",
				"subjectConsistencyYn": "Y"
			},
			{
				"sentenceNo": 5,
				"sentenceContent": "몬스타엑스가 참석한 이번 투어에는 세계적인 팝 아티스트 케인 브라운(Kane Brown)부터 메건 더 스탤리언(Megan Thee Stallion), 바지(Bazzi) 등이 함께했다..",
				"subjectConsistencyYn": "Y"
			},
			{
				"sentenceNo": 6,
				"sentenceContent": "배수정은 런던 대학 랭킹 빅3에 들어가는 런던 정치경제 대학교를 나왔다고 밝혀 놀라움을 자아냈다.",
				"subjectConsistencyYn": "N"
			},
			{
				"sentenceNo": 7,
				"sentenceContent": "온라인 중앙일보 라디오스타, 배수정, 배수정 영국 춤",
				"subjectConsistencyYn": "N"
			}
		],
		"clickbaitClass": 0
	}
}