{
	"sourceDataInfo": {
		"newsID": "ET_M13_490362",
		"newsCategory": "연예",
		"newsSubcategory": "연예일반",
		"newsTitle": "‘럭비’ 안드레 진, 플럼에이엔씨와 전속계약[공식]",
		"newsSubTitle": "",
		"newsContent": "럭비 국가대표 선수 안드레 진이 소속사 플럼에이앤씨와 전속계약을 체결했다.\n안드레 진은 2020도쿄올림픽 럭비 국가대표팀 선수로 대중들에게 강렬한 인상을 남긴 바 있다.\n한국 럭비 국가대표 팀은 국내에 럭비가 도입된 이후 98년 만에 처음으로 올림픽 본선 무대에 진출했다.\n안드레 진은 호주 전에서 후반 트라이를 성공하며 이날 유일한 득점을 기록하는 활약을 보여주기도 했다.\n올림픽 이후 안드레 진은 인기 예능 ‘유 퀴즈 온 더 블록 유퀴즈’ ‘뭉쳐야 찬다2’ 등에 출연해 재치 있는 입담과 센스로 스포테이너로서의 가능성도 드러냈다.\n모델 김동수의 아들로도 알려진 안드레 진은 한국에서 태어나고 자라 유치원까지 한국 생활을 했으며 초등학교 때 아버지 사업으로 해외로 이주, 럭비를 시작했다.\n이후 중국 스포츠 관련 회사에 취직하며 럭비와 멀어지는 듯했지만, 동호회를 통해 활동을 이어갔다.\n안드레 진은 “현역 럭비 선수로서의 본업에 충실하며 비인기 종목인 럭비를 더 많은 이들에게 알리는 기회로 삼아 방송에서도 좋은 모습으로 대중들에게 다가갈 것”이라며 포부를 전했다.\n플럼에이앤씨는 “스포테이너로서 많은 가능성과 잠재력을 가진 안드레 진이 선수로서의 활동 외에도 다양한 활동을 펼칠 수 있도록 최선을 다할 것”이라고 밝혔다.\n한편 소속사 플럼에이앤씨에는 임시완, 강소라, 김소진 등이 소속되어 있다.",
		"partNum": "P2",
		"useType": 0,
		"processType": "A",
		"processPattern": "99",
		"processLevel": "하",
		"sentenceCount": 10,
		"processSentencenum": 2,
		"sentenceInfo": [
			{
				"sentenceNo": 1,
				"sentenceContent": "럭비 국가대표 선수 안드레 진이 소속사 플럼에이앤씨와 전속계약을 체결했다.",
				"sentenceSize": 41
			},
			{
				"sentenceNo": 2,
				"sentenceContent": "안드레 진은 2020도쿄올림픽 럭비 국가대표팀 선수로 대중들에게 강렬한 인상을 남긴 바 있다.",
				"sentenceSize": 52
			},
			{
				"sentenceNo": 3,
				"sentenceContent": "한국 럭비 국가대표 팀은 국내에 럭비가 도입된 이후 98년 만에 처음으로 올림픽 본선 무대에 진출했다.",
				"sentenceSize": 57
			},
			{
				"sentenceNo": 4,
				"sentenceContent": "안드레 진은 호주 전에서 후반 트라이를 성공하며 이날 유일한 득점을 기록하는 활약을 보여주기도 했다.",
				"sentenceSize": 56
			},
			{
				"sentenceNo": 5,
				"sentenceContent": "올림픽 이후 안드레 진은 인기 예능 ‘유 퀴즈 온 더 블록 유퀴즈’ ‘뭉쳐야 찬다2’ 등에 출연해 재치 있는 입담과 센스로 스포테이너로서의 가능성도 드러냈다.",
				"sentenceSize": 88
			},
			{
				"sentenceNo": 6,
				"sentenceContent": "모델 김동수의 아들로도 알려진 안드레 진은 한국에서 태어나고 자라 유치원까지 한국 생활을 했으며 초등학교 때 아버지 사업으로 해외로 이주, 럭비를 시작했다.",
				"sentenceSize": 87
			},
			{
				"sentenceNo": 7,
				"sentenceContent": "이후 중국 스포츠 관련 회사에 취직하며 럭비와 멀어지는 듯했지만, 동호회를 통해 활동을 이어갔다.",
				"sentenceSize": 54
			},
			{
				"sentenceNo": 8,
				"sentenceContent": "안드레 진은 “현역 럭비 선수로서의 본업에 충실하며 비인기 종목인 럭비를 더 많은 이들에게 알리는 기회로 삼아 방송에서도 좋은 모습으로 대중들에게 다가갈 것”이라며 포부를 전했다.",
				"sentenceSize": 100
			},
			{
				"sentenceNo": 9,
				"sentenceContent": "플럼에이앤씨는 “스포테이너로서 많은 가능성과 잠재력을 가진 안드레 진이 선수로서의 활동 외에도 다양한 활동을 펼칠 수 있도록 최선을 다할 것”이라고 밝혔다.",
				"sentenceSize": 87
			},
			{
				"sentenceNo": 10,
				"sentenceContent": "한편 소속사 플럼에이앤씨에는 임시완, 강소라, 김소진 등이 소속되어 있다.",
				"sentenceSize": 41
			}
		]
	},
	"labeledDataInfo": {
		"processSentenceInfo": [
			{
				"sentenceNo": 1,
				"sentenceContent": "럭비 국가대표 선수 안드레 진이 소속사 플럼에이앤씨와 전속계약을 체결했다.",
				"subjectConsistencyYn": "Y"
			},
			{
				"sentenceNo": 2,
				"sentenceContent": "안드레 진은 2020도쿄올림픽 럭비 국가대표팀 선수로 대중들에게 강렬한 인상을 남긴 바 있다.",
				"subjectConsistencyYn": "Y"
			},
			{
				"sentenceNo": 3,
				"sentenceContent": "한국 럭비 국가대표 팀은 국내에 럭비가 도입된 이후 98년 만에 처음으로 올림픽 본선 무대에 진출했다.",
				"subjectConsistencyYn": "Y"
			},
			{
				"sentenceNo": 4,
				"sentenceContent": "안드레 진은 호주 전에서 후반 트라이를 성공하며 이날 유일한 득점을 기록하는 활약을 보여주기도 했다.",
				"subjectConsistencyYn": "Y"
			},
			{
				"sentenceNo": 5,
				"sentenceContent": "올림픽 이후 안드레 진은 인기 예능 ‘유 퀴즈 온 더 블록 유퀴즈’ ‘뭉쳐야 찬다2’ 등에 출연해 재치 있는 입담과 센스로 스포테이너로서의 가능성도 드러냈다.",
				"subjectConsistencyYn": "Y"
			},
			{
				"sentenceNo": 6,
				"sentenceContent": "모델 김동수의 아들로도 알려진 안드레 진은 한국에서 태어나고 자라 유치원까지 한국 생활을 했으며 초등학교 때 아버지 사업으로 해외로 이주, 럭비를 시작했다.",
				"subjectConsistencyYn": "Y"
			},
			{
				"sentenceNo": 7,
				"sentenceContent": "이후 중국 스포츠 관련 회사에 취직하며 럭비와 멀어지는 듯했지만, 동호회를 통해 활동을 이어갔다.",
				"subjectConsistencyYn": "Y"
			},
			{
				"sentenceNo": 8,
				"sentenceContent": "안드레 진은 “현역 럭비 선수로서의 본업에 충실하며 비인기 종목인 럭비를 더 많은 이들에게 알리는 기회로 삼아 방송에서도 좋은 모습으로 대중들에게 다가갈 것”이라며 포부를 전했다.",
				"subjectConsistencyYn": "Y"
			},
			{
				"sentenceNo": 9,
				"sentenceContent": "이후 강민혁은 홍석천에게 “나중에 고추 좀 얻으러 갈게요”라고 센스있게 마무리 했다.",
				"subjectConsistencyYn": "N"
			},
			{
				"sentenceNo": 10,
				"sentenceContent": "한편 이날 한 번도 수영을 배워본 적이 없다는 홍석천은 자신의 고향인 충남 청양에서 독학으로 수영을 습득했다며 병아리 반 멤버들에게 도전했다.",
				"subjectConsistencyYn": "N"
			}
		],
		"clickbaitClass": 0
	}
}