{
	"sourceDataInfo": {
		"newsID": "ET_M13_490318",
		"newsCategory": "연예",
		"newsSubcategory": "방송",
		"newsTitle": "‘연참3’ 한 부서 두 여자와 사귄 남자[간밤TV]",
		"newsSubTitle": "",
		"newsContent": "고민남의 두 번째 사내 연애 역시 실패로 돌아갔다.\n지난 14일 방송된 KBS Joy 예능프로그램 ‘연애의 참견3’ 102회에서는 사내 연애 중인 고민남 커플의 사연이 소개됐다.\n첫 번째 사내 연애를 실패한지 1년 만에 고민남은 여자 직원의 적극적인 대시로 두 번째 사내연애를 시작했다.\n비밀 연애이긴 했지만 전 여자친구와 한 부서에서 함께 일을 하는 환경은 두 사람의 연애를 힘들게 만들었다.\n여자친구는 괜한 일에 질투하며 눈치를 줬고, 고민남은 이별을 선언했다.\n하지만 이별 이후 고민남은 여자친구의 사랑을 느끼며 재회했고, 이후 여자친구는 고민남에게 더 많은 애정을 갈구했다.\n다만 여자친구가 고민남에게 가고 싶어하던 곳은 모두 고민남과 전 여자친구가 함께 갔던 장소였다.\n알고 보니 잠깐 헤어졌을 때 여자친구는 전 여자친구에게 모든 것을 털어놓는 것은 물론 고민남을 욕하면서 베스트 프렌드가 됐었다고. 이에 주우재는 “여자친구로서 안 되는 게 아니라 인간으로서 잘못된 사람 아니냐. 사회악이다”라며 기겁했고, 존박은 “이제 회사는 어떻게 다니냐”라며 황당해 했다.\n한혜진은 “이직도 고려해 봐라”라고 조언했고, 김숙은 “어떻게 수습하려고 하냐. 한 부서에 두 여자가 모두 있다. 계속 만나면 이런 일이 계속 벌어질 거다. 연애는 잠깐 쉬어라. 너무 힘들어 보인다”라고 충고했다.\n존박은 “연애는 끝난 거 같다. 사실 고민남은 크게 잘못한 게 없다. 경솔하게 사내 연애를 다시 시작한 것은 본인이 책임져야 할 것이고, 회사를 나가지 않을 거면 여자친구와 함께 수습을 해라”라고 덧붙였다.\n한편, KBS Joy ‘연애의 참견3’는 매주 화요일 밤 9시 30분에 방송된다.\nKBS Joy는 Skylife 1번, SK Btv 80번, LG U+tv 1번, KT olleh tv 41번 그리고 KBS 모바일 앱 ‘my K’에서 시청할 수 있으며, 지역별 케이블 채널 번호는 KBS N 홈페이지에서 확인할 수 있다. ‘연애의 참견3’의 더 많은 영상은 주요 온라인 채널(유튜브, 페이스북 등) 및 포털 사이트에서도 찾아볼 수 있다.",
		"partNum": "P2",
		"useType": 0,
		"processType": "A",
		"processPattern": "99",
		"processLevel": "하",
		"sentenceCount": 12,
		"processSentencenum": 1,
		"sentenceInfo": [
			{
				"sentenceNo": 1,
				"sentenceContent": "고민남의 두 번째 사내 연애 역시 실패로 돌아갔다.",
				"sentenceSize": 28
			},
			{
				"sentenceNo": 2,
				"sentenceContent": "지난 14일 방송된 KBS Joy 예능프로그램 ‘연애의 참견3’ 102회에서는 사내 연애 중인 고민남 커플의 사연이 소개됐다.",
				"sentenceSize": 70
			},
			{
				"sentenceNo": 3,
				"sentenceContent": "첫 번째 사내 연애를 실패한지 1년 만에 고민남은 여자 직원의 적극적인 대시로 두 번째 사내연애를 시작했다.",
				"sentenceSize": 60
			},
			{
				"sentenceNo": 4,
				"sentenceContent": "비밀 연애이긴 했지만 전 여자친구와 한 부서에서 함께 일을 하는 환경은 두 사람의 연애를 힘들게 만들었다.",
				"sentenceSize": 59
			},
			{
				"sentenceNo": 5,
				"sentenceContent": "여자친구는 괜한 일에 질투하며 눈치를 줬고, 고민남은 이별을 선언했다.",
				"sentenceSize": 39
			},
			{
				"sentenceNo": 6,
				"sentenceContent": "하지만 이별 이후 고민남은 여자친구의 사랑을 느끼며 재회했고, 이후 여자친구는 고민남에게 더 많은 애정을 갈구했다.",
				"sentenceSize": 64
			},
			{
				"sentenceNo": 7,
				"sentenceContent": "다만 여자친구가 고민남에게 가고 싶어하던 곳은 모두 고민남과 전 여자친구가 함께 갔던 장소였다.",
				"sentenceSize": 53
			},
			{
				"sentenceNo": 8,
				"sentenceContent": "알고 보니 잠깐 헤어졌을 때 여자친구는 전 여자친구에게 모든 것을 털어놓는 것은 물론 고민남을 욕하면서 베스트 프렌드가 됐었다고. 이에 주우재는 “여자친구로서 안 되는 게 아니라 인간으로서 잘못된 사람 아니냐. 사회악이다”라며 기겁했고, 존박은 “이제 회사는 어떻게 다니냐”라며 황당해 했다.",
				"sentenceSize": 163
			},
			{
				"sentenceNo": 9,
				"sentenceContent": "한혜진은 “이직도 고려해 봐라”라고 조언했고, 김숙은 “어떻게 수습하려고 하냐. 한 부서에 두 여자가 모두 있다. 계속 만나면 이런 일이 계속 벌어질 거다. 연애는 잠깐 쉬어라. 너무 힘들어 보인다”라고 충고했다.",
				"sentenceSize": 119
			},
			{
				"sentenceNo": 10,
				"sentenceContent": "존박은 “연애는 끝난 거 같다. 사실 고민남은 크게 잘못한 게 없다. 경솔하게 사내 연애를 다시 시작한 것은 본인이 책임져야 할 것이고, 회사를 나가지 않을 거면 여자친구와 함께 수습을 해라”라고 덧붙였다.",
				"sentenceSize": 115
			},
			{
				"sentenceNo": 11,
				"sentenceContent": "한편, KBS Joy ‘연애의 참견3’는 매주 화요일 밤 9시 30분에 방송된다.",
				"sentenceSize": 45
			},
			{
				"sentenceNo": 12,
				"sentenceContent": "KBS Joy는 Skylife 1번, SK Btv 80번, LG U+tv 1번, KT olleh tv 41번 그리고 KBS 모바일 앱 ‘my K’에서 시청할 수 있으며, 지역별 케이블 채널 번호는 KBS N 홈페이지에서 확인할 수 있다. ‘연애의 참견3’의 더 많은 영상은 주요 온라인 채널(유튜브, 페이스북 등) 및 포털 사이트에서도 찾아볼 수 있다.",
				"sentenceSize": 197
			}
		]
	},
	"labeledDataInfo": {
		"processSentenceInfo": [
			{
				"sentenceNo": 1,
				"sentenceContent": "고민남의 두 번째 사내 연애 역시 실패로 돌아갔다.",
				"subjectConsistencyYn": "Y"
			},
			{
				"sentenceNo": 2,
				"sentenceContent": "지난 14일 방송된 KBS Joy 예능프로그램 ‘연애의 참견3’ 102회에서는 사내 연애 중인 고민남 커플의 사연이 소개됐다.",
				"subjectConsistencyYn": "Y"
			},
			{
				"sentenceNo": 3,
				"sentenceContent": "첫 번째 사내 연애를 실패한지 1년 만에 고민남은 여자 직원의 적극적인 대시로 두 번째 사내연애를 시작했다.",
				"subjectConsistencyYn": "Y"
			},
			{
				"sentenceNo": 4,
				"sentenceContent": "비밀 연애이긴 했지만 전 여자친구와 한 부서에서 함께 일을 하는 환경은 두 사람의 연애를 힘들게 만들었다.",
				"subjectConsistencyYn": "Y"
			},
			{
				"sentenceNo": 5,
				"sentenceContent": "여자친구는 괜한 일에 질투하며 눈치를 줬고, 고민남은 이별을 선언했다.",
				"subjectConsistencyYn": "Y"
			},
			{
				"sentenceNo": 6,
				"sentenceContent": "하지만 이별 이후 고민남은 여자친구의 사랑을 느끼며 재회했고, 이후 여자친구는 고민남에게 더 많은 애정을 갈구했다.",
				"subjectConsistencyYn": "Y"
			},
			{
				"sentenceNo": 7,
				"sentenceContent": "다만 여자친구가 고민남에게 가고 싶어하던 곳은 모두 고민남과 전 여자친구가 함께 갔던 장소였다.",
				"subjectConsistencyYn": "Y"
			},
			{
				"sentenceNo": 8,
				"sentenceContent": "알고 보니 잠깐 헤어졌을 때 여자친구는 전 여자친구에게 모든 것을 털어놓는 것은 물론 고민남을 욕하면서 베스트 프렌드가 됐었다고. 이에 주우재는 “여자친구로서 안 되는 게 아니라 인간으로서 잘못된 사람 아니냐. 사회악이다”라며 기겁했고, 존박은 “이제 회사는 어떻게 다니냐”라며 황당해 했다.",
				"subjectConsistencyYn": "Y"
			},
			{
				"sentenceNo": 9,
				"sentenceContent": "한혜진은 “이직도 고려해 봐라”라고 조언했고, 김숙은 “어떻게 수습하려고 하냐. 한 부서에 두 여자가 모두 있다. 계속 만나면 이런 일이 계속 벌어질 거다. 연애는 잠깐 쉬어라. 너무 힘들어 보인다”라고 충고했다.",
				"subjectConsistencyYn": "Y"
			},
			{
				"sentenceNo": 10,
				"sentenceContent": "존박은 “연애는 끝난 거 같다. 사실 고민남은 크게 잘못한 게 없다. 경솔하게 사내 연애를 다시 시작한 것은 본인이 책임져야 할 것이고, 회사를 나가지 않을 거면 여자친구와 함께 수습을 해라”라고 덧붙였다.",
				"subjectConsistencyYn": "Y"
			},
			{
				"sentenceNo": 11,
				"sentenceContent": "한편, KBS Joy ‘연애의 참견3’는 매주 화요일 밤 9시 30분에 방송된다.",
				"subjectConsistencyYn": "Y"
			},
			{
				"sentenceNo": 12,
				"sentenceContent": "리암 니슨은 지난 1월 개봉한 영화 '테이큰3'(15)와 '런 올 나이트'(15)로 국내 팬들과 만난 바 있다. 8월엔 영화 '인천상륙작전'(이재한 감독) 맥아더 장군 역의 캐스팅 소식을 전해 화제를 모았다.",
				"subjectConsistencyYn": "N"
			}
		],
		"clickbaitClass": 0
	}
}