{
	"sourceDataInfo": {
		"newsID": "ET_M13_490608",
		"newsCategory": "연예",
		"newsSubcategory": "연예일반",
		"newsTitle": "만삭 이지혜, 우수상 벅찬SNS “아름다운 밤이에요”",
		"newsSubTitle": "",
		"newsContent": "방송인 이지혜가 시상식에서 우수상을 받은 소감을 밝혔다.\n이지혜는 19일 자신의 인스타그램에 ‘아름다운 밤이에요’라는 글과 함께 수상소감을 전했다.\n이지혜는 “올해는 내게 특별한 한 해였다”며 “동상이몽을 하면서 기다리고 기다리던 둘째를 만날 수 있게 된 것. 그 어떤 말로도 표현 못할 만큼 감동이었다”고 운을 뗐다.\n이어 “1998년 샵으로 데뷔해 99년도에 신인상을 받은 이후 딱히 시상식을 갈 일이 없었다. 매번 시상식을 보며 언젠가 저 자리에 내가 함께 할 수 있을지 막연하기도 하고 슬프기도 했다”고 고백했다.\n그러면서 “올해는 시상식에 초대를 받고 만삭의 몸이지만 꼭 참석하고 싶었다. 참석 만으로도 나에게 의미가 있을 것 같았다”고 말했다.\n간절함도 통한 듯 이지혜는 이날(18일) ‘2021 SBS 연예대상’에서 리얼리티 부문 우수상을 수상했다.\n이에 이지혜는 “생각치도 못했는데 우수상이다. 과분하고 부끄럽다. 더 열심히 하라는 의미도 받아드리겠다”고 감사함을 드러냈다.\n이지혜 이어 “우리 남편 고맙고 우리 딸도 고맙고 사랑한다. 곧 태어날 둘째도 건강히 태어나주길 바란다”고 가족들을 언급해 눈길을 끌었다.\n끝으로 그는 “여러분 사랑해 주시고 응원해 주셔서 감사하다. 늘 최선을 다하겠다. SBS 파이팅. 사랑해요”라고 덧붙였다.\n이와 함께 공개한 사진에는 ‘연예대상’에 참석한 이지혜와 남편 문재완의 모습이 담겼다.\n이지혜는 이날 만삭의 몸을 이끌고 시상식에 참여해 모두를 놀라게 했다.\n한편, 이지혜는 지난 4월 SBS ‘동상이몽 2 - 너는 내 운명’에 합류해 남편 문재완과 일상을 공개했다.\n두 사람은 2017년 결혼해 슬하에 딸 한 명을 두고 있다.\n최근에는 둘째 출산이 임박했다고 밝혀 대중들의 관심을 받고 있다.",
		"partNum": "P2",
		"useType": 0,
		"processType": "A",
		"processPattern": "99",
		"processLevel": "하",
		"sentenceCount": 14,
		"processSentencenum": 4,
		"sentenceInfo": [
			{
				"sentenceNo": 1,
				"sentenceContent": "방송인 이지혜가 시상식에서 우수상을 받은 소감을 밝혔다.",
				"sentenceSize": 31
			},
			{
				"sentenceNo": 2,
				"sentenceContent": "이지혜는 19일 자신의 인스타그램에 ‘아름다운 밤이에요’라는 글과 함께 수상소감을 전했다.",
				"sentenceSize": 50
			},
			{
				"sentenceNo": 3,
				"sentenceContent": "이지혜는 “올해는 내게 특별한 한 해였다”며 “동상이몽을 하면서 기다리고 기다리던 둘째를 만날 수 있게 된 것. 그 어떤 말로도 표현 못할 만큼 감동이었다”고 운을 뗐다.",
				"sentenceSize": 95
			},
			{
				"sentenceNo": 4,
				"sentenceContent": "이어 “1998년 샵으로 데뷔해 99년도에 신인상을 받은 이후 딱히 시상식을 갈 일이 없었다. 매번 시상식을 보며 언젠가 저 자리에 내가 함께 할 수 있을지 막연하기도 하고 슬프기도 했다”고 고백했다.",
				"sentenceSize": 112
			},
			{
				"sentenceNo": 5,
				"sentenceContent": "그러면서 “올해는 시상식에 초대를 받고 만삭의 몸이지만 꼭 참석하고 싶었다. 참석 만으로도 나에게 의미가 있을 것 같았다”고 말했다.",
				"sentenceSize": 74
			},
			{
				"sentenceNo": 6,
				"sentenceContent": "간절함도 통한 듯 이지혜는 이날(18일) ‘2021 SBS 연예대상’에서 리얼리티 부문 우수상을 수상했다.",
				"sentenceSize": 59
			},
			{
				"sentenceNo": 7,
				"sentenceContent": "이에 이지혜는 “생각치도 못했는데 우수상이다. 과분하고 부끄럽다. 더 열심히 하라는 의미도 받아드리겠다”고 감사함을 드러냈다.",
				"sentenceSize": 70
			},
			{
				"sentenceNo": 8,
				"sentenceContent": "이지혜 이어 “우리 남편 고맙고 우리 딸도 고맙고 사랑한다. 곧 태어날 둘째도 건강히 태어나주길 바란다”고 가족들을 언급해 눈길을 끌었다.",
				"sentenceSize": 77
			},
			{
				"sentenceNo": 9,
				"sentenceContent": "끝으로 그는 “여러분 사랑해 주시고 응원해 주셔서 감사하다. 늘 최선을 다하겠다. SBS 파이팅. 사랑해요”라고 덧붙였다.",
				"sentenceSize": 68
			},
			{
				"sentenceNo": 10,
				"sentenceContent": "이와 함께 공개한 사진에는 ‘연예대상’에 참석한 이지혜와 남편 문재완의 모습이 담겼다.",
				"sentenceSize": 48
			},
			{
				"sentenceNo": 11,
				"sentenceContent": "이지혜는 이날 만삭의 몸을 이끌고 시상식에 참여해 모두를 놀라게 했다.",
				"sentenceSize": 39
			},
			{
				"sentenceNo": 12,
				"sentenceContent": "한편, 이지혜는 지난 4월 SBS ‘동상이몽 2 - 너는 내 운명’에 합류해 남편 문재완과 일상을 공개했다.",
				"sentenceSize": 60
			},
			{
				"sentenceNo": 13,
				"sentenceContent": "두 사람은 2017년 결혼해 슬하에 딸 한 명을 두고 있다.",
				"sentenceSize": 33
			},
			{
				"sentenceNo": 14,
				"sentenceContent": "최근에는 둘째 출산이 임박했다고 밝혀 대중들의 관심을 받고 있다.",
				"sentenceSize": 36
			}
		]
	},
	"labeledDataInfo": {
		"processSentenceInfo": [
			{
				"sentenceNo": 1,
				"sentenceContent": "방송인 이지혜가 시상식에서 우수상을 받은 소감을 밝혔다.",
				"subjectConsistencyYn": "Y"
			},
			{
				"sentenceNo": 2,
				"sentenceContent": "이지혜는 19일 자신의 인스타그램에 ‘아름다운 밤이에요’라는 글과 함께 수상소감을 전했다.",
				"subjectConsistencyYn": "Y"
			},
			{
				"sentenceNo": 3,
				"sentenceContent": "이지혜는 “올해는 내게 특별한 한 해였다”며 “동상이몽을 하면서 기다리고 기다리던 둘째를 만날 수 있게 된 것. 그 어떤 말로도 표현 못할 만큼 감동이었다”고 운을 뗐다.",
				"subjectConsistencyYn": "Y"
			},
			{
				"sentenceNo": 4,
				"sentenceContent": "이어 “1998년 샵으로 데뷔해 99년도에 신인상을 받은 이후 딱히 시상식을 갈 일이 없었다. 매번 시상식을 보며 언젠가 저 자리에 내가 함께 할 수 있을지 막연하기도 하고 슬프기도 했다”고 고백했다.",
				"subjectConsistencyYn": "Y"
			},
			{
				"sentenceNo": 5,
				"sentenceContent": "그러면서 “올해는 시상식에 초대를 받고 만삭의 몸이지만 꼭 참석하고 싶었다. 참석 만으로도 나에게 의미가 있을 것 같았다”고 말했다.",
				"subjectConsistencyYn": "Y"
			},
			{
				"sentenceNo": 6,
				"sentenceContent": "간절함도 통한 듯 이지혜는 이날(18일) ‘2021 SBS 연예대상’에서 리얼리티 부문 우수상을 수상했다.",
				"subjectConsistencyYn": "Y"
			},
			{
				"sentenceNo": 7,
				"sentenceContent": "이에 이지혜는 “생각치도 못했는데 우수상이다. 과분하고 부끄럽다. 더 열심히 하라는 의미도 받아드리겠다”고 감사함을 드러냈다.",
				"subjectConsistencyYn": "Y"
			},
			{
				"sentenceNo": 8,
				"sentenceContent": "이지혜 이어 “우리 남편 고맙고 우리 딸도 고맙고 사랑한다. 곧 태어날 둘째도 건강히 태어나주길 바란다”고 가족들을 언급해 눈길을 끌었다.",
				"subjectConsistencyYn": "Y"
			},
			{
				"sentenceNo": 9,
				"sentenceContent": "끝으로 그는 “여러분 사랑해 주시고 응원해 주셔서 감사하다. 늘 최선을 다하겠다. SBS 파이팅. 사랑해요”라고 덧붙였다.",
				"subjectConsistencyYn": "Y"
			},
			{
				"sentenceNo": 10,
				"sentenceContent": "이와 함께 공개한 사진에는 ‘연예대상’에 참석한 이지혜와 남편 문재완의 모습이 담겼다.",
				"subjectConsistencyYn": "Y"
			},
			{
				"sentenceNo": 11,
				"sentenceContent": "온라인 중앙일보[사진 SBS 'K팝스타' 캡처']",
				"subjectConsistencyYn": "N"
			}
		],
		"clickbaitClass": 0
	}
}