{
	"sourceDataInfo": {
		"newsID": "ET_M13_490765",
		"newsCategory": "연예",
		"newsSubcategory": "방송",
		"newsTitle": "‘헬로트로트’ 댄스vs보컬vs아트, 에이스 한판 대결",
		"newsSubTitle": "",
		"newsContent": "생존과 탈락의 기로에 놓인 참가자들의 피도 눈물도 없는 경쟁이 펼쳐진다.\n21일(화) 오후 9시 40분 방송되는 MBN ‘헬로트로트’에서는 각 팀 에이스들의 자존심을 건 에이스 매치가 이어진다.\n이날 에이스 매치는 댄스 퍼포먼스 파트와 파워 보컬 파트, 아트 퍼포먼스 파트까지 이어지며 안방극장 1열을 장악할 예정이다.\n특히 각 팀들이 파트별 에이스들이 출격하는 만큼 역대급 무대들이 예고된 가운데, 한치 앞도 알 수 없는 결과들과 충격적인 결과들까지 공개돼 시청자에게 전율과 감동을 선사한다.\n여기에 프로 서포터 금잔디가 오열하게 된 사연은 물론, 해외 심사위원단인 키타무라 유타카가 “일본 스테이지에 꼭 초대하고 싶다”고 극찬한 무대까지 공개된다.\n에이스 매치 결과에 따라 생존과 탈락 기로에 놓인 참가자들과 탈락자 선발로 희비가 엇갈리는 감독들의 모습들까지 모두 예고돼 본방송에 대한 기대치가 높아지고 있다.\n한편, 잔인한 결과를 비롯해 과연 누가 탈락할지, 어떤 팀이 가장 많은 탈락자를 배출할지는 21일 오후 9시 40분 ‘헬로트로트’에서 확인할 수 있다.",
		"partNum": "P2",
		"useType": 0,
		"processType": "A",
		"processPattern": "99",
		"processLevel": "하",
		"sentenceCount": 7,
		"processSentencenum": 2,
		"sentenceInfo": [
			{
				"sentenceNo": 1,
				"sentenceContent": "생존과 탈락의 기로에 놓인 참가자들의 피도 눈물도 없는 경쟁이 펼쳐진다.",
				"sentenceSize": 40
			},
			{
				"sentenceNo": 2,
				"sentenceContent": "21일(화) 오후 9시 40분 방송되는 MBN ‘헬로트로트’에서는 각 팀 에이스들의 자존심을 건 에이스 매치가 이어진다.",
				"sentenceSize": 67
			},
			{
				"sentenceNo": 3,
				"sentenceContent": "이날 에이스 매치는 댄스 퍼포먼스 파트와 파워 보컬 파트, 아트 퍼포먼스 파트까지 이어지며 안방극장 1열을 장악할 예정이다.",
				"sentenceSize": 69
			},
			{
				"sentenceNo": 4,
				"sentenceContent": "특히 각 팀들이 파트별 에이스들이 출격하는 만큼 역대급 무대들이 예고된 가운데, 한치 앞도 알 수 없는 결과들과 충격적인 결과들까지 공개돼 시청자에게 전율과 감동을 선사한다.",
				"sentenceSize": 97
			},
			{
				"sentenceNo": 5,
				"sentenceContent": "여기에 프로 서포터 금잔디가 오열하게 된 사연은 물론, 해외 심사위원단인 키타무라 유타카가 “일본 스테이지에 꼭 초대하고 싶다”고 극찬한 무대까지 공개된다.",
				"sentenceSize": 87
			},
			{
				"sentenceNo": 6,
				"sentenceContent": "에이스 매치 결과에 따라 생존과 탈락 기로에 놓인 참가자들과 탈락자 선발로 희비가 엇갈리는 감독들의 모습들까지 모두 예고돼 본방송에 대한 기대치가 높아지고 있다.",
				"sentenceSize": 90
			},
			{
				"sentenceNo": 7,
				"sentenceContent": "한편, 잔인한 결과를 비롯해 과연 누가 탈락할지, 어떤 팀이 가장 많은 탈락자를 배출할지는 21일 오후 9시 40분 ‘헬로트로트’에서 확인할 수 있다.",
				"sentenceSize": 84
			}
		]
	},
	"labeledDataInfo": {
		"processSentenceInfo": [
			{
				"sentenceNo": 1,
				"sentenceContent": "생존과 탈락의 기로에 놓인 참가자들의 피도 눈물도 없는 경쟁이 펼쳐진다.",
				"subjectConsistencyYn": "Y"
			},
			{
				"sentenceNo": 2,
				"sentenceContent": "21일(화) 오후 9시 40분 방송되는 MBN ‘헬로트로트’에서는 각 팀 에이스들의 자존심을 건 에이스 매치가 이어진다.",
				"subjectConsistencyYn": "Y"
			},
			{
				"sentenceNo": 3,
				"sentenceContent": "이날 에이스 매치는 댄스 퍼포먼스 파트와 파워 보컬 파트, 아트 퍼포먼스 파트까지 이어지며 안방극장 1열을 장악할 예정이다.",
				"subjectConsistencyYn": "Y"
			},
			{
				"sentenceNo": 4,
				"sentenceContent": "특히 각 팀들이 파트별 에이스들이 출격하는 만큼 역대급 무대들이 예고된 가운데, 한치 앞도 알 수 없는 결과들과 충격적인 결과들까지 공개돼 시청자에게 전율과 감동을 선사한다.",
				"subjectConsistencyYn": "Y"
			},
			{
				"sentenceNo": 5,
				"sentenceContent": "여기에 프로 서포터 금잔디가 오열하게 된 사연은 물론, 해외 심사위원단인 키타무라 유타카가 “일본 스테이지에 꼭 초대하고 싶다”고 극찬한 무대까지 공개된다.",
				"subjectConsistencyYn": "Y"
			},
			{
				"sentenceNo": 6,
				"sentenceContent": "두려운 가슴을 안고 인터폰으로 상황을 확인했다.",
				"subjectConsistencyYn": "N"
			},
			{
				"sentenceNo": 7,
				"sentenceContent": "다행히도 문 앞에는 아무도 없었다.",
				"subjectConsistencyYn": "N"
			},
			{
				"sentenceNo": 8,
				"sentenceContent": "옆집 아줌마가 들어갔나 싶어 다시 티비를 보려고 하던 찰나 화면은 까맣게 변했다.",
				"subjectConsistencyYn": "N"
			},
			{
				"sentenceNo": 9,
				"sentenceContent": "놀랍게도 인터폰 화면에 옆집 아줌마의 귀와 귀걸이가 눈에 들어왔다.",
				"subjectConsistencyYn": "N"
			},
			{
				"sentenceNo": 10,
				"sentenceContent": "옆집 아줌마는 인터폰이 켜지는 소리에 귀를 대고 있었던 것. 글쓴이는 \\\"옆집 이상한 거 맞죠? 일주일 전 일인데 지금도 감시받는 느낌이 들고 너무 무섭다\\\"며 고민을 토로했다.",
				"subjectConsistencyYn": "N"
			},
			{
				"sentenceNo": 11,
				"sentenceContent": "한편 사연을 접한 네티즌은 \\\"저러면 진짜 못 산다\\\" \\\"글 읽는 내내 가슴이 조여왔다\\\" \\\"귀 대고 있을 때 '왁!'하고 소리를 지르시지...\\\" 등 반응을 보였다.",
				"subjectConsistencyYn": "N"
			}
		],
		"clickbaitClass": 0
	}
}