{
	"sourceDataInfo": {
		"newsID": "ET_M13_490679",
		"newsCategory": "연예",
		"newsSubcategory": "음악",
		"newsTitle": "가온차트 ‘위픽 어워즈 2021’ 개최",
		"newsSubTitle": "",
		"newsContent": "대한민국 대표 대중음악차트 가온차트가 인스타그램과 협업해 출연 아티스트들의 곡들로 차트 순위를 정하는 신개념 시상식 ‘위픽 어워즈 2021’을 준비했다. ‘위픽 어워즈 (WePick Awards)’는 다른 아티스트들과 경쟁하던 기존 음악 시상식과 달리, 출연한 아티스트의 곡만으로 차트 순위를 정하고 수상곡을 발표하는 독특한 형태의 시상식이며, 총 세 가지의 기준으로 차트 순위를 발표한다.\n아티스트가 자신의 곡 중 특별히 애착이 가는 곡으로 선정한 아티스트픽 TOP5, 사전에 인스타그램 릴스 콘텐츠를 공개해 진행되었던 팬투표 결과로 선정된 팬픽 TOP5, 가온차트의 객관적인 데이터로 집계된 가온차트픽 TOP5가 방송에서 밝혀질 예정이다.\n특히, 팬픽 TOP5의 경우 인스타그램에 업로드된 릴스의 좋아요 및 댓글 수, 투표 기간 중 팬들이 해당 곡으로 창작한 릴스의 개수, 가온차트 공식 홈페이지 내 온라인 투표 결과 등을 합산해 산출되었으며 투표 기간 동안 위픽어워즈에 참여한 팬들은 총 9,399,204개의 좋아요, 100,262개의 댓글, 2,717개의 릴스를 제작하며 뜨거운 반응을 보여줬다.\n위픽 어워즈를 기획한 가온차트 최광호 총괄 기획자는, “오직 출연한 아티스트를 위한, 아티스트에 의한 차트를 만들어 가수와 팬이 교감하며 진정으로 즐길 수 있는 시상식을 만들고자 인스타그램과 함께 해당 콘텐츠를 준비했다. 2021년을 마무리하며 즐겁게 시청해주었으면 좋겠다.”고 전했다.\n메타의 이어진 뮤직 레이블 파트너십 팀장은 “팬픽 TOP5 투표 기간 팬들이 보여준 뜨거운 관심이 증명하듯, 릴스는 아티스트와 전 세계 팬들이 함께 음원을 즐길 수 있는 새로운 방법으로 자리잡았다. 이번 시상식에서 팬덤 사이 어떤 곡이 인기였는지, 아티스트의 애착 곡은 무엇인지 확인하며 사랑하는 가수와 한층 가까워질 수 있길 바란다.”고 전했다.\n12월 20일부터 24일까지 출연 아티스트의 페이스북 및 Music On Facebook, 가온차트 페이스북 프리미어를 통해 5일간 방송되는 위픽 어워즈는 20일 ITZY(있지)를 시작으로 21일 TREASURE(트레저), 22일 백아연, 23일 정엽, 24일 Stray Kids(스트레이 키즈) 순으로 다양한 장르의 아티스트들이 출연한다.\n각 아티스트는 선정된 곡들에 대한 비하인드를 밝힐 예정이다.\n한편, 위픽 어워즈에 참여한 팬들을 대상으로 진행되었던 이벤트는 방송 이후 가온차트 인스타그램을 통해 당첨자 발표가 진행될 예정이며 시상식과 관련된 콘텐츠는 지속적으로 가온차트 인스타그램, 페이스북과 가온차트 공식 유튜브 채널인 ‘gaon chart’에 업로드 될 계획이다.",
		"partNum": "P2",
		"useType": 0,
		"processType": "A",
		"processPattern": "99",
		"processLevel": "하",
		"sentenceCount": 8,
		"processSentencenum": 1,
		"sentenceInfo": [
			{
				"sentenceNo": 1,
				"sentenceContent": "대한민국 대표 대중음악차트 가온차트가 인스타그램과 협업해 출연 아티스트들의 곡들로 차트 순위를 정하는 신개념 시상식 ‘위픽 어워즈 2021’을 준비했다. ‘위픽 어워즈 (WePick Awards)’는 다른 아티스트들과 경쟁하던 기존 음악 시상식과 달리, 출연한 아티스트의 곡만으로 차트 순위를 정하고 수상곡을 발표하는 독특한 형태의 시상식이며, 총 세 가지의 기준으로 차트 순위를 발표한다.",
				"sentenceSize": 218
			},
			{
				"sentenceNo": 2,
				"sentenceContent": "아티스트가 자신의 곡 중 특별히 애착이 가는 곡으로 선정한 아티스트픽 TOP5, 사전에 인스타그램 릴스 콘텐츠를 공개해 진행되었던 팬투표 결과로 선정된 팬픽 TOP5, 가온차트의 객관적인 데이터로 집계된 가온차트픽 TOP5가 방송에서 밝혀질 예정이다.",
				"sentenceSize": 140
			},
			{
				"sentenceNo": 3,
				"sentenceContent": "특히, 팬픽 TOP5의 경우 인스타그램에 업로드된 릴스의 좋아요 및 댓글 수, 투표 기간 중 팬들이 해당 곡으로 창작한 릴스의 개수, 가온차트 공식 홈페이지 내 온라인 투표 결과 등을 합산해 산출되었으며 투표 기간 동안 위픽어워즈에 참여한 팬들은 총 9,399,204개의 좋아요, 100,262개의 댓글, 2,717개의 릴스를 제작하며 뜨거운 반응을 보여줬다.",
				"sentenceSize": 201
			},
			{
				"sentenceNo": 4,
				"sentenceContent": "위픽 어워즈를 기획한 가온차트 최광호 총괄 기획자는, “오직 출연한 아티스트를 위한, 아티스트에 의한 차트를 만들어 가수와 팬이 교감하며 진정으로 즐길 수 있는 시상식을 만들고자 인스타그램과 함께 해당 콘텐츠를 준비했다. 2021년을 마무리하며 즐겁게 시청해주었으면 좋겠다.”고 전했다.",
				"sentenceSize": 160
			},
			{
				"sentenceNo": 5,
				"sentenceContent": "메타의 이어진 뮤직 레이블 파트너십 팀장은 “팬픽 TOP5 투표 기간 팬들이 보여준 뜨거운 관심이 증명하듯, 릴스는 아티스트와 전 세계 팬들이 함께 음원을 즐길 수 있는 새로운 방법으로 자리잡았다. 이번 시상식에서 팬덤 사이 어떤 곡이 인기였는지, 아티스트의 애착 곡은 무엇인지 확인하며 사랑하는 가수와 한층 가까워질 수 있길 바란다.”고 전했다.",
				"sentenceSize": 194
			},
			{
				"sentenceNo": 6,
				"sentenceContent": "12월 20일부터 24일까지 출연 아티스트의 페이스북 및 Music On Facebook, 가온차트 페이스북 프리미어를 통해 5일간 방송되는 위픽 어워즈는 20일 ITZY(있지)를 시작으로 21일 TREASURE(트레저), 22일 백아연, 23일 정엽, 24일 Stray Kids(스트레이 키즈) 순으로 다양한 장르의 아티스트들이 출연한다.",
				"sentenceSize": 190
			},
			{
				"sentenceNo": 7,
				"sentenceContent": "각 아티스트는 선정된 곡들에 대한 비하인드를 밝힐 예정이다.",
				"sentenceSize": 33
			},
			{
				"sentenceNo": 8,
				"sentenceContent": "한편, 위픽 어워즈에 참여한 팬들을 대상으로 진행되었던 이벤트는 방송 이후 가온차트 인스타그램을 통해 당첨자 발표가 진행될 예정이며 시상식과 관련된 콘텐츠는 지속적으로 가온차트 인스타그램, 페이스북과 가온차트 공식 유튜브 채널인 ‘gaon chart’에 업로드 될 계획이다.",
				"sentenceSize": 153
			}
		]
	},
	"labeledDataInfo": {
		"processSentenceInfo": [
			{
				"sentenceNo": 1,
				"sentenceContent": "대한민국 대표 대중음악차트 가온차트가 인스타그램과 협업해 출연 아티스트들의 곡들로 차트 순위를 정하는 신개념 시상식 ‘위픽 어워즈 2021’을 준비했다. ‘위픽 어워즈 (WePick Awards)’는 다른 아티스트들과 경쟁하던 기존 음악 시상식과 달리, 출연한 아티스트의 곡만으로 차트 순위를 정하고 수상곡을 발표하는 독특한 형태의 시상식이며, 총 세 가지의 기준으로 차트 순위를 발표한다.",
				"subjectConsistencyYn": "Y"
			},
			{
				"sentenceNo": 2,
				"sentenceContent": "아티스트가 자신의 곡 중 특별히 애착이 가는 곡으로 선정한 아티스트픽 TOP5, 사전에 인스타그램 릴스 콘텐츠를 공개해 진행되었던 팬투표 결과로 선정된 팬픽 TOP5, 가온차트의 객관적인 데이터로 집계된 가온차트픽 TOP5가 방송에서 밝혀질 예정이다.",
				"subjectConsistencyYn": "Y"
			},
			{
				"sentenceNo": 3,
				"sentenceContent": "특히, 팬픽 TOP5의 경우 인스타그램에 업로드된 릴스의 좋아요 및 댓글 수, 투표 기간 중 팬들이 해당 곡으로 창작한 릴스의 개수, 가온차트 공식 홈페이지 내 온라인 투표 결과 등을 합산해 산출되었으며 투표 기간 동안 위픽어워즈에 참여한 팬들은 총 9,399,204개의 좋아요, 100,262개의 댓글, 2,717개의 릴스를 제작하며 뜨거운 반응을 보여줬다.",
				"subjectConsistencyYn": "Y"
			},
			{
				"sentenceNo": 4,
				"sentenceContent": "위픽 어워즈를 기획한 가온차트 최광호 총괄 기획자는, “오직 출연한 아티스트를 위한, 아티스트에 의한 차트를 만들어 가수와 팬이 교감하며 진정으로 즐길 수 있는 시상식을 만들고자 인스타그램과 함께 해당 콘텐츠를 준비했다. 2021년을 마무리하며 즐겁게 시청해주었으면 좋겠다.”고 전했다.",
				"subjectConsistencyYn": "Y"
			},
			{
				"sentenceNo": 5,
				"sentenceContent": "메타의 이어진 뮤직 레이블 파트너십 팀장은 “팬픽 TOP5 투표 기간 팬들이 보여준 뜨거운 관심이 증명하듯, 릴스는 아티스트와 전 세계 팬들이 함께 음원을 즐길 수 있는 새로운 방법으로 자리잡았다. 이번 시상식에서 팬덤 사이 어떤 곡이 인기였는지, 아티스트의 애착 곡은 무엇인지 확인하며 사랑하는 가수와 한층 가까워질 수 있길 바란다.”고 전했다.",
				"subjectConsistencyYn": "Y"
			},
			{
				"sentenceNo": 6,
				"sentenceContent": "12월 20일부터 24일까지 출연 아티스트의 페이스북 및 Music On Facebook, 가온차트 페이스북 프리미어를 통해 5일간 방송되는 위픽 어워즈는 20일 ITZY(있지)를 시작으로 21일 TREASURE(트레저), 22일 백아연, 23일 정엽, 24일 Stray Kids(스트레이 키즈) 순으로 다양한 장르의 아티스트들이 출연한다.",
				"subjectConsistencyYn": "Y"
			},
			{
				"sentenceNo": 7,
				"sentenceContent": "각 아티스트는 선정된 곡들에 대한 비하인드를 밝힐 예정이다.",
				"subjectConsistencyYn": "Y"
			},
			{
				"sentenceNo": 8,
				"sentenceContent": "한편 SBS 드라마 ‘육룡이 나르샤’는 매주 월,화 오후 10시에 방송된다.",
				"subjectConsistencyYn": "N"
			},
			{
				"sentenceNo": 9,
				"sentenceContent": "온라인 중앙일보 육룡이 나르샤 정도전 이방원 이방지",
				"subjectConsistencyYn": "N"
			}
		],
		"clickbaitClass": 0
	}
}