{
	"sourceDataInfo": {
		"newsID": "ET_M13_490445",
		"newsCategory": "연예",
		"newsSubcategory": "연예일반",
		"newsTitle": "김희재, 한류문화대상 수상으로 연말 마무리",
		"newsSubTitle": "",
		"newsContent": "가수 김희재가 연말 시상식 무대에 선다.\n마운틴무브먼트는 김희재가 오는 20일 진행되는 ‘2021 한류문화대상 시상식’에서 싱어송라이터 부문 우수상으로 선정되는 영예를 안고 무대를 선보인다고 16일 밝혔다.\n한류문화대상은 한국을 글로벌 시장에 알린 한류에 공헌한 이들의 공로를 치하하는 시상식으로 한류닷컴이 주관하고 서울특별시·문화관광부·서울시관광협회·서울시문화재단 등이 후원하는 시상식이다.\n김희재는 올해 가수로 괄목할 만한 활동을 보여 우수상 수상자로 최종 선정됐다.\n최근에는 연기에도 도전해 MBC드라마 ‘지금부터, 쇼타임!’으로 첫 드라마 데뷔를 앞두고 있다.\n김희재는 최근 팬들을 향한 자신의 진심을 담은 자작곡 팬송 ‘별, 그대’를 발매하며 방송 출연 없이 차트를 석권하는 등 인기를 누리고 있다.\n김희재가 수상하는 한류문화대상 시상식은 오는 20일 오후 3시 서울 양천구 목동 대한민국 예술인센터 2층 공연장에서 진행된다.",
		"partNum": "P2",
		"useType": 0,
		"processType": "A",
		"processPattern": "99",
		"processLevel": "하",
		"sentenceCount": 7,
		"processSentencenum": 2,
		"sentenceInfo": [
			{
				"sentenceNo": 1,
				"sentenceContent": "가수 김희재가 연말 시상식 무대에 선다.",
				"sentenceSize": 22
			},
			{
				"sentenceNo": 2,
				"sentenceContent": "마운틴무브먼트는 김희재가 오는 20일 진행되는 ‘2021 한류문화대상 시상식’에서 싱어송라이터 부문 우수상으로 선정되는 영예를 안고 무대를 선보인다고 16일 밝혔다.",
				"sentenceSize": 92
			},
			{
				"sentenceNo": 3,
				"sentenceContent": "한류문화대상은 한국을 글로벌 시장에 알린 한류에 공헌한 이들의 공로를 치하하는 시상식으로 한류닷컴이 주관하고 서울특별시·문화관광부·서울시관광협회·서울시문화재단 등이 후원하는 시상식이다.",
				"sentenceSize": 103
			},
			{
				"sentenceNo": 4,
				"sentenceContent": "김희재는 올해 가수로 괄목할 만한 활동을 보여 우수상 수상자로 최종 선정됐다.",
				"sentenceSize": 43
			},
			{
				"sentenceNo": 5,
				"sentenceContent": "최근에는 연기에도 도전해 MBC드라마 ‘지금부터, 쇼타임!’으로 첫 드라마 데뷔를 앞두고 있다.",
				"sentenceSize": 53
			},
			{
				"sentenceNo": 6,
				"sentenceContent": "김희재는 최근 팬들을 향한 자신의 진심을 담은 자작곡 팬송 ‘별, 그대’를 발매하며 방송 출연 없이 차트를 석권하는 등 인기를 누리고 있다.",
				"sentenceSize": 78
			},
			{
				"sentenceNo": 7,
				"sentenceContent": "김희재가 수상하는 한류문화대상 시상식은 오는 20일 오후 3시 서울 양천구 목동 대한민국 예술인센터 2층 공연장에서 진행된다.",
				"sentenceSize": 70
			}
		]
	},
	"labeledDataInfo": {
		"processSentenceInfo": [
			{
				"sentenceNo": 1,
				"sentenceContent": "가수 김희재가 연말 시상식 무대에 선다.",
				"subjectConsistencyYn": "Y"
			},
			{
				"sentenceNo": 2,
				"sentenceContent": "마운틴무브먼트는 김희재가 오는 20일 진행되는 ‘2021 한류문화대상 시상식’에서 싱어송라이터 부문 우수상으로 선정되는 영예를 안고 무대를 선보인다고 16일 밝혔다.",
				"subjectConsistencyYn": "Y"
			},
			{
				"sentenceNo": 3,
				"sentenceContent": "한류문화대상은 한국을 글로벌 시장에 알린 한류에 공헌한 이들의 공로를 치하하는 시상식으로 한류닷컴이 주관하고 서울특별시·문화관광부·서울시관광협회·서울시문화재단 등이 후원하는 시상식이다.",
				"subjectConsistencyYn": "Y"
			},
			{
				"sentenceNo": 4,
				"sentenceContent": "김희재는 올해 가수로 괄목할 만한 활동을 보여 우수상 수상자로 최종 선정됐다.",
				"subjectConsistencyYn": "Y"
			},
			{
				"sentenceNo": 5,
				"sentenceContent": "최근에는 연기에도 도전해 MBC드라마 ‘지금부터, 쇼타임!’으로 첫 드라마 데뷔를 앞두고 있다.",
				"subjectConsistencyYn": "Y"
			},
			{
				"sentenceNo": 6,
				"sentenceContent": "공재현이 출연하는 청춘들의 성장 로맨스 ‘정답을 찾을 수 없습니다’는 지난달 아리랑TV 프리미어 방영후 유튜브 STUDIO DIA 채널에서 9일 업로드됐다.",
				"subjectConsistencyYn": "N"
			}
		],
		"clickbaitClass": 0
	}
}