{
	"sourceDataInfo": {
		"newsID": "ET_M13_490726",
		"newsCategory": "연예",
		"newsSubcategory": "연예일반",
		"newsTitle": "엔하이픈, 당찬 포부[화보]",
		"newsSubTitle": "",
		"newsContent": "첫 정규 앨범 ‘DIMENSION : DILEMMA’를 발매하고 커리어 하이를 달성한 엔하이픈이 앳스타일(@star1) 2022년 1월 호 커버를 장식했다.\n지난달 30일 데뷔 1주년을 맞이한 엔하이픈은 “시간이 이렇게 빨리 흘러갈 줄 몰랐다”며 소감을 전했다.\n특히 “순식간에 시간이 흘러 기대도 됐지만 한편으론 무섭기도 했다”는 말도 덧붙였다.\n이어 선배 아티스트들로부터 “무대적인 부분이나 무대 외적인 부분 모두 조언을 들을 수 있어서 영광”이라고 밝히며 “처음엔 너무나 대선배들이라 다가가기 어려웠지만, 먼저 말 걸어 주시고 따뜻하게 챙겨줘 늘 감사하다”고 전했다.\n또한 오는 31일 개최되는 ‘2022 Weverse Con [New Era]’에 출연을 앞둔 엔하이픈은 “이번 연말에 선배들과 함께 공연하게 돼서 행복하다”며 기대감을 내비쳤다.\n한편 엔하이픈의 화보는 앳스타일 매거진 2022년 1월 호에서 만나 볼 수 있다.",
		"partNum": "P2",
		"useType": 0,
		"processType": "A",
		"processPattern": "99",
		"processLevel": "하",
		"sentenceCount": 6,
		"processSentencenum": 1,
		"sentenceInfo": [
			{
				"sentenceNo": 1,
				"sentenceContent": "첫 정규 앨범 ‘DIMENSION : DILEMMA’를 발매하고 커리어 하이를 달성한 엔하이픈이 앳스타일(@star1) 2022년 1월 호 커버를 장식했다.",
				"sentenceSize": 87
			},
			{
				"sentenceNo": 2,
				"sentenceContent": "지난달 30일 데뷔 1주년을 맞이한 엔하이픈은 “시간이 이렇게 빨리 흘러갈 줄 몰랐다”며 소감을 전했다.",
				"sentenceSize": 58
			},
			{
				"sentenceNo": 3,
				"sentenceContent": "특히 “순식간에 시간이 흘러 기대도 됐지만 한편으론 무섭기도 했다”는 말도 덧붙였다.",
				"sentenceSize": 47
			},
			{
				"sentenceNo": 4,
				"sentenceContent": "이어 선배 아티스트들로부터 “무대적인 부분이나 무대 외적인 부분 모두 조언을 들을 수 있어서 영광”이라고 밝히며 “처음엔 너무나 대선배들이라 다가가기 어려웠지만, 먼저 말 걸어 주시고 따뜻하게 챙겨줘 늘 감사하다”고 전했다.",
				"sentenceSize": 125
			},
			{
				"sentenceNo": 5,
				"sentenceContent": "또한 오는 31일 개최되는 ‘2022 Weverse Con [New Era]’에 출연을 앞둔 엔하이픈은 “이번 연말에 선배들과 함께 공연하게 돼서 행복하다”며 기대감을 내비쳤다.",
				"sentenceSize": 99
			},
			{
				"sentenceNo": 6,
				"sentenceContent": "한편 엔하이픈의 화보는 앳스타일 매거진 2022년 1월 호에서 만나 볼 수 있다.",
				"sentenceSize": 45
			}
		]
	},
	"labeledDataInfo": {
		"processSentenceInfo": [
			{
				"sentenceNo": 1,
				"sentenceContent": "첫 정규 앨범 ‘DIMENSION : DILEMMA’를 발매하고 커리어 하이를 달성한 엔하이픈이 앳스타일(@star1) 2022년 1월 호 커버를 장식했다.",
				"subjectConsistencyYn": "Y"
			},
			{
				"sentenceNo": 2,
				"sentenceContent": "지난달 30일 데뷔 1주년을 맞이한 엔하이픈은 “시간이 이렇게 빨리 흘러갈 줄 몰랐다”며 소감을 전했다.",
				"subjectConsistencyYn": "Y"
			},
			{
				"sentenceNo": 3,
				"sentenceContent": "특히 “순식간에 시간이 흘러 기대도 됐지만 한편으론 무섭기도 했다”는 말도 덧붙였다.",
				"subjectConsistencyYn": "Y"
			},
			{
				"sentenceNo": 4,
				"sentenceContent": "이어 선배 아티스트들로부터 “무대적인 부분이나 무대 외적인 부분 모두 조언을 들을 수 있어서 영광”이라고 밝히며 “처음엔 너무나 대선배들이라 다가가기 어려웠지만, 먼저 말 걸어 주시고 따뜻하게 챙겨줘 늘 감사하다”고 전했다.",
				"subjectConsistencyYn": "Y"
			},
			{
				"sentenceNo": 5,
				"sentenceContent": "또한 오는 31일 개최되는 ‘2022 Weverse Con [New Era]’에 출연을 앞둔 엔하이픈은 “이번 연말에 선배들과 함께 공연하게 돼서 행복하다”며 기대감을 내비쳤다.",
				"subjectConsistencyYn": "Y"
			},
			{
				"sentenceNo": 6,
				"sentenceContent": "한편, 배우 윤보라의 밝은 에너지를 느낄 수 있는 드라마 ‘한 사람만’은 매주 월, 화 밤 11시 JTBC에서 방송된다.",
				"subjectConsistencyYn": "N"
			}
		],
		"clickbaitClass": 0
	}
}