{
	"sourceDataInfo": {
		"newsID": "ET_M13_490825",
		"newsCategory": "연예",
		"newsSubcategory": "음악",
		"newsTitle": "JT&MARCUS ‘첫눈에’ MV 티저 공개",
		"newsSubTitle": "",
		"newsContent": "JT&MARCUS(제이티앤마커스)가 겨울 감성 가득한 신곡 ‘첫눈에’로 돌아온다.\nR&B 듀오 JT&MARCUS(JT·김준태, MARCUS·이재준)가 22일 낮 12시 MLD엔터테인먼트 공식 SNS 채널에 신곡 ‘첫눈에’ 뮤직비디오 티저 영상을 게재해 이목을 집중시켰다.\n공개된 티저에는 앞서 JT&MARCAUS의 데뷔곡 ‘너에게 닿기를’ 뮤직비디오에 출연했던 필리핀 유명 배우 샨티(Chanty·Maria Chantal Videla)가 등장해 눈길을 끈다.\n영상 속 샨티의 아련하고 쓸쓸한 눈빛에 어떤 사연이 담겨 있을지 궁금증이 증폭된다.\n특히 짧게 공개된 “눈이 와 차갑게 너. 내게서 멀어진 그날처럼”이라는 가사와 감성적인 멜로디가 기대감을 끌어올렸다.\n또한 영상 말미에 삽입된 ‘December, 23 12:00 PM’라는 문구가 오는 23일 정오 음원이 발매됨을 알렸다.\nJT&MARCUS는 과거 그룹 TREI(트레이)로 함께 활동했던 JT와 MARCUS가 MLD엔터테인먼트에서 새롭게 결성한 R&B 듀오다.\nJT&MARCUS가 직접 작사, 작곡한 데뷔곡 ‘너에게 닿기를’은 지난 10월 발매와 동시에 신곡 차트 톱 50에 진입하는 등 호성적을 거둔 바 있다.\n또 멤버 MARCUS는 지난 16일 종영한 MBC 서바이벌 오디션 프로그램 ‘극한데뷔 야생돌’에 출연, 최종 데뷔 멤버 7인에 선정되어 TAN(탄)으로 데뷔를 확정짓기도 했다.\n한편, JT&MARCUS의 신곡 ‘첫눈에’는 오는 23일 낮 12시 각종 음원사이트를 통해 발매된다.",
		"partNum": "P2",
		"useType": 0,
		"processType": "A",
		"processPattern": "99",
		"processLevel": "하",
		"sentenceCount": 10,
		"processSentencenum": 2,
		"sentenceInfo": [
			{
				"sentenceNo": 1,
				"sentenceContent": "JT&MARCUS(제이티앤마커스)가 겨울 감성 가득한 신곡 ‘첫눈에’로 돌아온다.",
				"sentenceSize": 45
			},
			{
				"sentenceNo": 2,
				"sentenceContent": "R&B 듀오 JT&MARCUS(JT·김준태, MARCUS·이재준)가 22일 낮 12시 MLD엔터테인먼트 공식 SNS 채널에 신곡 ‘첫눈에’ 뮤직비디오 티저 영상을 게재해 이목을 집중시켰다.",
				"sentenceSize": 105
			},
			{
				"sentenceNo": 3,
				"sentenceContent": "공개된 티저에는 앞서 JT&MARCAUS의 데뷔곡 ‘너에게 닿기를’ 뮤직비디오에 출연했던 필리핀 유명 배우 샨티(Chanty·Maria Chantal Videla)가 등장해 눈길을 끈다.",
				"sentenceSize": 104
			},
			{
				"sentenceNo": 4,
				"sentenceContent": "영상 속 샨티의 아련하고 쓸쓸한 눈빛에 어떤 사연이 담겨 있을지 궁금증이 증폭된다.",
				"sentenceSize": 46
			},
			{
				"sentenceNo": 5,
				"sentenceContent": "특히 짧게 공개된 “눈이 와 차갑게 너. 내게서 멀어진 그날처럼”이라는 가사와 감성적인 멜로디가 기대감을 끌어올렸다.",
				"sentenceSize": 65
			},
			{
				"sentenceNo": 6,
				"sentenceContent": "또한 영상 말미에 삽입된 ‘December, 23 12:00 PM’라는 문구가 오는 23일 정오 음원이 발매됨을 알렸다.",
				"sentenceSize": 67
			},
			{
				"sentenceNo": 7,
				"sentenceContent": "JT&MARCUS는 과거 그룹 TREI(트레이)로 함께 활동했던 JT와 MARCUS가 MLD엔터테인먼트에서 새롭게 결성한 R&B 듀오다.",
				"sentenceSize": 76
			},
			{
				"sentenceNo": 8,
				"sentenceContent": "JT&MARCUS가 직접 작사, 작곡한 데뷔곡 ‘너에게 닿기를’은 지난 10월 발매와 동시에 신곡 차트 톱 50에 진입하는 등 호성적을 거둔 바 있다.",
				"sentenceSize": 84
			},
			{
				"sentenceNo": 9,
				"sentenceContent": "또 멤버 MARCUS는 지난 16일 종영한 MBC 서바이벌 오디션 프로그램 ‘극한데뷔 야생돌’에 출연, 최종 데뷔 멤버 7인에 선정되어 TAN(탄)으로 데뷔를 확정짓기도 했다.",
				"sentenceSize": 98
			},
			{
				"sentenceNo": 10,
				"sentenceContent": "한편, JT&MARCUS의 신곡 ‘첫눈에’는 오는 23일 낮 12시 각종 음원사이트를 통해 발매된다.",
				"sentenceSize": 56
			}
		]
	},
	"labeledDataInfo": {
		"processSentenceInfo": [
			{
				"sentenceNo": 1,
				"sentenceContent": "JT&MARCUS(제이티앤마커스)가 겨울 감성 가득한 신곡 ‘첫눈에’로 돌아온다.",
				"subjectConsistencyYn": "Y"
			},
			{
				"sentenceNo": 2,
				"sentenceContent": "R&B 듀오 JT&MARCUS(JT·김준태, MARCUS·이재준)가 22일 낮 12시 MLD엔터테인먼트 공식 SNS 채널에 신곡 ‘첫눈에’ 뮤직비디오 티저 영상을 게재해 이목을 집중시켰다.",
				"subjectConsistencyYn": "Y"
			},
			{
				"sentenceNo": 3,
				"sentenceContent": "공개된 티저에는 앞서 JT&MARCAUS의 데뷔곡 ‘너에게 닿기를’ 뮤직비디오에 출연했던 필리핀 유명 배우 샨티(Chanty·Maria Chantal Videla)가 등장해 눈길을 끈다.",
				"subjectConsistencyYn": "Y"
			},
			{
				"sentenceNo": 4,
				"sentenceContent": "영상 속 샨티의 아련하고 쓸쓸한 눈빛에 어떤 사연이 담겨 있을지 궁금증이 증폭된다.",
				"subjectConsistencyYn": "Y"
			},
			{
				"sentenceNo": 5,
				"sentenceContent": "특히 짧게 공개된 “눈이 와 차갑게 너. 내게서 멀어진 그날처럼”이라는 가사와 감성적인 멜로디가 기대감을 끌어올렸다.",
				"subjectConsistencyYn": "Y"
			},
			{
				"sentenceNo": 6,
				"sentenceContent": "또한 영상 말미에 삽입된 ‘December, 23 12:00 PM’라는 문구가 오는 23일 정오 음원이 발매됨을 알렸다.",
				"subjectConsistencyYn": "Y"
			},
			{
				"sentenceNo": 7,
				"sentenceContent": "JT&MARCUS는 과거 그룹 TREI(트레이)로 함께 활동했던 JT와 MARCUS가 MLD엔터테인먼트에서 새롭게 결성한 R&B 듀오다.",
				"subjectConsistencyYn": "Y"
			},
			{
				"sentenceNo": 8,
				"sentenceContent": "JT&MARCUS가 직접 작사, 작곡한 데뷔곡 ‘너에게 닿기를’은 지난 10월 발매와 동시에 신곡 차트 톱 50에 진입하는 등 호성적을 거둔 바 있다.",
				"subjectConsistencyYn": "Y"
			},
			{
				"sentenceNo": 9,
				"sentenceContent": "그는 “저는 결혼도 하지 않았고, 아이도 없기에 현승훈과 차이점이 많다. 하지만 힘들고 어려운 상황을 마주했을 때, 후회가 없도록 최선을 다해 해결하려 한다는 점이 나와 비슷하다”라며, 꿈을 향해 치열하게 달려가는 ‘현승훈’과 혼연일체 된 연기를 선보일 것을 예고했다.",
				"subjectConsistencyYn": "N"
			},
			{
				"sentenceNo": 10,
				"sentenceContent": "마지막으로 구자성은 “이번 작품에서 저의 새로운 모습을 보여 드릴 수 있을 것 같아 기대된다. 날씨가 점점 더 추워지는데 감기 조심하시고, ‘스폰서’와 현승훈에 많은 관심 부탁 드린다”라는 애정 가득한 메시지를 전했다.",
				"subjectConsistencyYn": "N"
			},
			{
				"sentenceNo": 11,
				"sentenceContent": "전에 보지 못했던 새로운 매력을 선보일 구자성의 활약은 IHQ 새 월화드라마 ‘스폰서’에서 확인할 수 있다. ‘스폰서’는 채널 IHQ 개국 첫 드라마로, 오는 29일 밤 10시 30분에 첫 방송 될 예정이다.",
				"subjectConsistencyYn": "N"
			}
		],
		"clickbaitClass": 0
	}
}