{
	"sourceDataInfo": {
		"newsID": "ET_M13_490285",
		"newsCategory": "연예",
		"newsSubcategory": "연예일반",
		"newsTitle": "김선호, 대중이 택한 ‘올해 가장 빛낸 배우’",
		"newsSubTitle": "",
		"newsContent": "‘사생활 논란’으로 활동을 잠정 중단했던 배우 김선호가 ‘올해의 배우’로 선정됐다.\n한국갤럽은 “지난달 5일부터 28일까지 전국(제주 제외) 만 13세 이상 1700명에게 올 한 해 가장 활약한 탤런트(배우)를 두 명까지 물은 결과(자유응답) tvN 드라마 ‘갯마을 차차차’ 주연배우 김선호와 신민아가 각각 7.8%, 7.3%의 지지를 얻어 나란히 1·2위를 차지했다”고 14일 밝혔다.\n8월부터 11월까지 방영된 ‘갯마을 차차차’는 2004년 개봉 영화 ‘어디선가 누군가에 무슨 일이 생기면 틀림없이 나타난다 홍반장’(엄정화·고 김주혁 주연)의 리메이크 드라마로 김선호는 만능 백수이자 동네해결사 ‘홍반장’(홍두식)으로, 신민아는 현실주의 치과의사 윤혜진으로 열연했다.\n김선호는 2009년 연극 ‘뉴보잉보잉’으로 데뷔해 꾸준히 무대 활동을 이어오고 있다.\n2017년 KBS2드라마 ‘김과장’으로 눈도장을 찍은 뒤 ‘스타트업’ 등을 거치며 인기 배우 반열에 올랐다.\nKBS2 예능 프로그램 ‘1박 2일 시즌4’ 고정 멤버로 발탁돼 친근한 예능감을 드러내기도 했다.\n인기를 구사하던 김선호는 전 연인의 사생활 폭로로 인해 ‘1박 2일’에서 하차했고 출연 예정이었던 영화에서도 일부 하차했다.\n김선호 사생활 폭로를 둘러싼 여론이 일부 반전됨에 따라, 김선호는 복귀를 선언한 상태다.\n현재 그는 스크린 데뷔작 ‘슬픈 연대’ 촬영에 돌입했다.\n신민아는 1998년 잡지 모델로 데뷔해 영화, 드라마, 음악 등 다방면에서 활약해온 배우다.\n수많은 드라마와 영화를 거치며 국내를 대표하는 여성 배우로 자리잡았다.\n이정재는 신민아와 함께 공동 2위(7.3%)에 올랐다.\n중후한 매력을 가진 이정재는 넷플릭스 드라마 ‘오징어게임’으로 국내를 넘어 전 세계적 인기를 누리고 있다.\n뒤를 이어 tvN 드라마 ‘지리산’으로 안방 극장에 복귀한 전지현(4위, 5.5%)이 이름을 올렸고 비슷한 시기 드라마 복귀로 화제를 모은 송혜교가 5위(5.2%)로 선정됐다.\n김소연(5.0%), 이하늬·조정석(5.9%), 남궁민(4.5%), 윤여정·송중기(4.1%)가 올해를 빛낸 배우로 꼽혔다.\n앞서 한국갤럽은 올해를 빛낸 각 분야 인물을 설문조사한 결과 예능 방송인·코미디언 분야에서 유재석이 10년 연속 1위에, 스포츠선수로는 손흥민이 5년 연속 1위에 이름을 올렸다고 발표했다.",
		"partNum": "P2",
		"useType": 0,
		"processType": "A",
		"processPattern": "99",
		"processLevel": "하",
		"sentenceCount": 16,
		"processSentencenum": 4,
		"sentenceInfo": [
			{
				"sentenceNo": 1,
				"sentenceContent": "‘사생활 논란’으로 활동을 잠정 중단했던 배우 김선호가 ‘올해의 배우’로 선정됐다.",
				"sentenceSize": 46
			},
			{
				"sentenceNo": 2,
				"sentenceContent": "한국갤럽은 “지난달 5일부터 28일까지 전국(제주 제외) 만 13세 이상 1700명에게 올 한 해 가장 활약한 탤런트(배우)를 두 명까지 물은 결과(자유응답) tvN 드라마 ‘갯마을 차차차’ 주연배우 김선호와 신민아가 각각 7.8%, 7.3%의 지지를 얻어 나란히 1·2위를 차지했다”고 14일 밝혔다.",
				"sentenceSize": 169
			},
			{
				"sentenceNo": 3,
				"sentenceContent": "8월부터 11월까지 방영된 ‘갯마을 차차차’는 2004년 개봉 영화 ‘어디선가 누군가에 무슨 일이 생기면 틀림없이 나타난다 홍반장’(엄정화·고 김주혁 주연)의 리메이크 드라마로 김선호는 만능 백수이자 동네해결사 ‘홍반장’(홍두식)으로, 신민아는 현실주의 치과의사 윤혜진으로 열연했다.",
				"sentenceSize": 158
			},
			{
				"sentenceNo": 4,
				"sentenceContent": "김선호는 2009년 연극 ‘뉴보잉보잉’으로 데뷔해 꾸준히 무대 활동을 이어오고 있다.",
				"sentenceSize": 47
			},
			{
				"sentenceNo": 5,
				"sentenceContent": "2017년 KBS2드라마 ‘김과장’으로 눈도장을 찍은 뒤 ‘스타트업’ 등을 거치며 인기 배우 반열에 올랐다.",
				"sentenceSize": 60
			},
			{
				"sentenceNo": 6,
				"sentenceContent": "KBS2 예능 프로그램 ‘1박 2일 시즌4’ 고정 멤버로 발탁돼 친근한 예능감을 드러내기도 했다.",
				"sentenceSize": 54
			},
			{
				"sentenceNo": 7,
				"sentenceContent": "인기를 구사하던 김선호는 전 연인의 사생활 폭로로 인해 ‘1박 2일’에서 하차했고 출연 예정이었던 영화에서도 일부 하차했다.",
				"sentenceSize": 69
			},
			{
				"sentenceNo": 8,
				"sentenceContent": "김선호 사생활 폭로를 둘러싼 여론이 일부 반전됨에 따라, 김선호는 복귀를 선언한 상태다.",
				"sentenceSize": 49
			},
			{
				"sentenceNo": 9,
				"sentenceContent": "현재 그는 스크린 데뷔작 ‘슬픈 연대’ 촬영에 돌입했다.",
				"sentenceSize": 31
			},
			{
				"sentenceNo": 10,
				"sentenceContent": "신민아는 1998년 잡지 모델로 데뷔해 영화, 드라마, 음악 등 다방면에서 활약해온 배우다.",
				"sentenceSize": 51
			},
			{
				"sentenceNo": 11,
				"sentenceContent": "수많은 드라마와 영화를 거치며 국내를 대표하는 여성 배우로 자리잡았다.",
				"sentenceSize": 39
			},
			{
				"sentenceNo": 12,
				"sentenceContent": "이정재는 신민아와 함께 공동 2위(7.3%)에 올랐다.",
				"sentenceSize": 30
			},
			{
				"sentenceNo": 13,
				"sentenceContent": "중후한 매력을 가진 이정재는 넷플릭스 드라마 ‘오징어게임’으로 국내를 넘어 전 세계적 인기를 누리고 있다.",
				"sentenceSize": 59
			},
			{
				"sentenceNo": 14,
				"sentenceContent": "뒤를 이어 tvN 드라마 ‘지리산’으로 안방 극장에 복귀한 전지현(4위, 5.5%)이 이름을 올렸고 비슷한 시기 드라마 복귀로 화제를 모은 송혜교가 5위(5.2%)로 선정됐다.",
				"sentenceSize": 98
			},
			{
				"sentenceNo": 15,
				"sentenceContent": "김소연(5.0%), 이하늬·조정석(5.9%), 남궁민(4.5%), 윤여정·송중기(4.1%)가 올해를 빛낸 배우로 꼽혔다.",
				"sentenceSize": 67
			},
			{
				"sentenceNo": 16,
				"sentenceContent": "앞서 한국갤럽은 올해를 빛낸 각 분야 인물을 설문조사한 결과 예능 방송인·코미디언 분야에서 유재석이 10년 연속 1위에, 스포츠선수로는 손흥민이 5년 연속 1위에 이름을 올렸다고 발표했다.",
				"sentenceSize": 105
			}
		]
	},
	"labeledDataInfo": {
		"processSentenceInfo": [
			{
				"sentenceNo": 1,
				"sentenceContent": "‘사생활 논란’으로 활동을 잠정 중단했던 배우 김선호가 ‘올해의 배우’로 선정됐다.",
				"subjectConsistencyYn": "Y"
			},
			{
				"sentenceNo": 2,
				"sentenceContent": "한국갤럽은 “지난달 5일부터 28일까지 전국(제주 제외) 만 13세 이상 1700명에게 올 한 해 가장 활약한 탤런트(배우)를 두 명까지 물은 결과(자유응답) tvN 드라마 ‘갯마을 차차차’ 주연배우 김선호와 신민아가 각각 7.8%, 7.3%의 지지를 얻어 나란히 1·2위를 차지했다”고 14일 밝혔다.",
				"subjectConsistencyYn": "Y"
			},
			{
				"sentenceNo": 3,
				"sentenceContent": "8월부터 11월까지 방영된 ‘갯마을 차차차’는 2004년 개봉 영화 ‘어디선가 누군가에 무슨 일이 생기면 틀림없이 나타난다 홍반장’(엄정화·고 김주혁 주연)의 리메이크 드라마로 김선호는 만능 백수이자 동네해결사 ‘홍반장’(홍두식)으로, 신민아는 현실주의 치과의사 윤혜진으로 열연했다.",
				"subjectConsistencyYn": "Y"
			},
			{
				"sentenceNo": 4,
				"sentenceContent": "김선호는 2009년 연극 ‘뉴보잉보잉’으로 데뷔해 꾸준히 무대 활동을 이어오고 있다.",
				"subjectConsistencyYn": "Y"
			},
			{
				"sentenceNo": 5,
				"sentenceContent": "2017년 KBS2드라마 ‘김과장’으로 눈도장을 찍은 뒤 ‘스타트업’ 등을 거치며 인기 배우 반열에 올랐다.",
				"subjectConsistencyYn": "Y"
			},
			{
				"sentenceNo": 6,
				"sentenceContent": "KBS2 예능 프로그램 ‘1박 2일 시즌4’ 고정 멤버로 발탁돼 친근한 예능감을 드러내기도 했다.",
				"subjectConsistencyYn": "Y"
			},
			{
				"sentenceNo": 7,
				"sentenceContent": "인기를 구사하던 김선호는 전 연인의 사생활 폭로로 인해 ‘1박 2일’에서 하차했고 출연 예정이었던 영화에서도 일부 하차했다.",
				"subjectConsistencyYn": "Y"
			},
			{
				"sentenceNo": 8,
				"sentenceContent": "김선호 사생활 폭로를 둘러싼 여론이 일부 반전됨에 따라, 김선호는 복귀를 선언한 상태다.",
				"subjectConsistencyYn": "Y"
			},
			{
				"sentenceNo": 9,
				"sentenceContent": "현재 그는 스크린 데뷔작 ‘슬픈 연대’ 촬영에 돌입했다.",
				"subjectConsistencyYn": "Y"
			},
			{
				"sentenceNo": 10,
				"sentenceContent": "신민아는 1998년 잡지 모델로 데뷔해 영화, 드라마, 음악 등 다방면에서 활약해온 배우다.",
				"subjectConsistencyYn": "Y"
			},
			{
				"sentenceNo": 11,
				"sentenceContent": "수많은 드라마와 영화를 거치며 국내를 대표하는 여성 배우로 자리잡았다.",
				"subjectConsistencyYn": "Y"
			},
			{
				"sentenceNo": 12,
				"sentenceContent": "이정재는 신민아와 함께 공동 2위(7.3%)에 올랐다.",
				"subjectConsistencyYn": "Y"
			},
			{
				"sentenceNo": 13,
				"sentenceContent": "도도하게 자기 영역을 지키는 냥이와 달리 오구는 그에게 1분 1초도 눈을 떼지 않고 쫓아다녔다. “하도 지쳐서 친구한테 ‘개는 자기 생활이 없어?’ 라고 말했는데, 친구가 이 얘길 트위터에 써 리트윗이 10만 번이나 됐대요(웃음).” 그래도 오구가 주는 기쁨은 남다르다.",
				"subjectConsistencyYn": "N"
			},
			{
				"sentenceNo": 14,
				"sentenceContent": "호기심도, 애교도, 겁도 많은 오구는 그에게 기대어 잠들기 일쑤다.",
				"subjectConsistencyYn": "N"
			},
			{
				"sentenceNo": 15,
				"sentenceContent": "그는 “어린 시절부터 영화 촬영장에서 산 오구는 사회화가 제법 잘 돼 사람이나 다른 개를 보고 짖지 않는다”고 말했다.",
				"subjectConsistencyYn": "N"
			},
			{
				"sentenceNo": 16,
				"sentenceContent": "오구는 촬영장에선 임 감독 옆에 딱 붙어 조용히 모니터를 지켰다.",
				"subjectConsistencyYn": "N"
			},
			{
				"sentenceNo": 17,
				"sentenceContent": "애견인 2년 차가 된 그가 말하는 개는 “사람을 밖으로 이끌어내는 동물”이다.",
				"subjectConsistencyYn": "N"
			},
			{
				"sentenceNo": 18,
				"sentenceContent": "하루 두 번 산책을 시키다 보면 다른 개와 보호자를 만나 자연스레 말을 건네게 돼서다.",
				"subjectConsistencyYn": "N"
			}
		],
		"clickbaitClass": 0
	}
}