{
	"sourceDataInfo": {
		"newsID": "ET_M13_490348",
		"newsCategory": "연예",
		"newsSubcategory": "방송",
		"newsTitle": "‘어느 날’ 김수현, 김성규에 복싱 과외 받는 사연은",
		"newsSubTitle": "",
		"newsContent": "김수현과 김성규가 특급 과외 현장으로 궁금증을 높이고 있다.\n쿠팡플레이 시리즈 ‘어느 날’(감독 이명우/ 제작 초록뱀미디어, 더 스튜디오엠, 골드메달리스트)은 평범한 대학생에서 하룻밤 사이 살인 용의자가 된 김현수(김수현)와 진실을 묻지 않는 밑바닥 삼류 변호사 신중한(차승원)의 치열한 생존을 그린 8부작 하드코어 범죄 드라마다.\n무엇보다 지난 6회에서 김현수는 갑작스럽게 교도소로 쳐들어온 감찰반을 통해 자신도 모르게 마약을 운반했다는 사실을 알고도 끝까지 배후에 도지태(김성규)가 있음을 밝히지 않았다.\n김현수의 침묵으로 감찰반에게 역공을 날렸던 도지태는 김현수에게 휴대폰을 선물했고, 심지어 국과수에 뺏겼던 아버지의 택시까지 돌려줘 김현수를 놀라게 했다.\n이와 관련 ‘어느 날’ 김수현과 김성규의 ‘강렬한 스파링 투 샷’이 이목을 집중시키고 있다.\n극 중 교도소 내 최약체 김현수가 교도소 안 절대 권력자 도지태와 스파링을 하는 상황. 항상 불안에 떨던 김현수는 글러브를 끼기 전 비장한 얼굴로 준비를 시작하고, 도지태는 완벽한 폼으로 강력한 펀치를 날린다.\n특히 펀치를 맞고 나가떨어져도 다시 일어나던 김현수는 한층 매서운 눈빛을 빛내는 터. 과연 두 사람이 체력훈련을 강행한 이유는 무엇인지, 김현수가 도지태의 편으로 돌아선 것인지 궁금증이 증폭된다.\n제작진은 “이 장면은 6회 충격적 엔딩 이후 다음 행보를 그려낸 장면 중 하나”라며 “김현수와 도지태가 점차 가까워지고 있는 가운데, 두 사람이 어떤 방식으로 결이 다른 교도소 생존기를 보여줄지, 2회만을 남겨둔 ‘어느 날’ 속 두 사람의 문제적 움직임을 기대해 달라”고 전했다.\n한편 쿠팡플레이 ‘어느 날’은 7회는 12월 18일 토 0시(17일 금 밤 12시), 8회는 12월 19일 일 0시(18일 토 밤 12시)에 공개된다.",
		"partNum": "P2",
		"useType": 0,
		"processType": "A",
		"processPattern": "99",
		"processLevel": "하",
		"sentenceCount": 9,
		"processSentencenum": 1,
		"sentenceInfo": [
			{
				"sentenceNo": 1,
				"sentenceContent": "김수현과 김성규가 특급 과외 현장으로 궁금증을 높이고 있다.",
				"sentenceSize": 33
			},
			{
				"sentenceNo": 2,
				"sentenceContent": "쿠팡플레이 시리즈 ‘어느 날’(감독 이명우/ 제작 초록뱀미디어, 더 스튜디오엠, 골드메달리스트)은 평범한 대학생에서 하룻밤 사이 살인 용의자가 된 김현수(김수현)와 진실을 묻지 않는 밑바닥 삼류 변호사 신중한(차승원)의 치열한 생존을 그린 8부작 하드코어 범죄 드라마다.",
				"sentenceSize": 151
			},
			{
				"sentenceNo": 3,
				"sentenceContent": "무엇보다 지난 6회에서 김현수는 갑작스럽게 교도소로 쳐들어온 감찰반을 통해 자신도 모르게 마약을 운반했다는 사실을 알고도 끝까지 배후에 도지태(김성규)가 있음을 밝히지 않았다.",
				"sentenceSize": 98
			},
			{
				"sentenceNo": 4,
				"sentenceContent": "김현수의 침묵으로 감찰반에게 역공을 날렸던 도지태는 김현수에게 휴대폰을 선물했고, 심지어 국과수에 뺏겼던 아버지의 택시까지 돌려줘 김현수를 놀라게 했다.",
				"sentenceSize": 85
			},
			{
				"sentenceNo": 5,
				"sentenceContent": "이와 관련 ‘어느 날’ 김수현과 김성규의 ‘강렬한 스파링 투 샷’이 이목을 집중시키고 있다.",
				"sentenceSize": 51
			},
			{
				"sentenceNo": 6,
				"sentenceContent": "극 중 교도소 내 최약체 김현수가 교도소 안 절대 권력자 도지태와 스파링을 하는 상황. 항상 불안에 떨던 김현수는 글러브를 끼기 전 비장한 얼굴로 준비를 시작하고, 도지태는 완벽한 폼으로 강력한 펀치를 날린다.",
				"sentenceSize": 117
			},
			{
				"sentenceNo": 7,
				"sentenceContent": "특히 펀치를 맞고 나가떨어져도 다시 일어나던 김현수는 한층 매서운 눈빛을 빛내는 터. 과연 두 사람이 체력훈련을 강행한 이유는 무엇인지, 김현수가 도지태의 편으로 돌아선 것인지 궁금증이 증폭된다.",
				"sentenceSize": 109
			},
			{
				"sentenceNo": 8,
				"sentenceContent": "제작진은 “이 장면은 6회 충격적 엔딩 이후 다음 행보를 그려낸 장면 중 하나”라며 “김현수와 도지태가 점차 가까워지고 있는 가운데, 두 사람이 어떤 방식으로 결이 다른 교도소 생존기를 보여줄지, 2회만을 남겨둔 ‘어느 날’ 속 두 사람의 문제적 움직임을 기대해 달라”고 전했다.",
				"sentenceSize": 156
			},
			{
				"sentenceNo": 9,
				"sentenceContent": "한편 쿠팡플레이 ‘어느 날’은 7회는 12월 18일 토 0시(17일 금 밤 12시), 8회는 12월 19일 일 0시(18일 토 밤 12시)에 공개된다.",
				"sentenceSize": 84
			}
		]
	},
	"labeledDataInfo": {
		"processSentenceInfo": [
			{
				"sentenceNo": 1,
				"sentenceContent": "김수현과 김성규가 특급 과외 현장으로 궁금증을 높이고 있다.",
				"subjectConsistencyYn": "Y"
			},
			{
				"sentenceNo": 2,
				"sentenceContent": "쿠팡플레이 시리즈 ‘어느 날’(감독 이명우/ 제작 초록뱀미디어, 더 스튜디오엠, 골드메달리스트)은 평범한 대학생에서 하룻밤 사이 살인 용의자가 된 김현수(김수현)와 진실을 묻지 않는 밑바닥 삼류 변호사 신중한(차승원)의 치열한 생존을 그린 8부작 하드코어 범죄 드라마다.",
				"subjectConsistencyYn": "Y"
			},
			{
				"sentenceNo": 3,
				"sentenceContent": "무엇보다 지난 6회에서 김현수는 갑작스럽게 교도소로 쳐들어온 감찰반을 통해 자신도 모르게 마약을 운반했다는 사실을 알고도 끝까지 배후에 도지태(김성규)가 있음을 밝히지 않았다.",
				"subjectConsistencyYn": "Y"
			},
			{
				"sentenceNo": 4,
				"sentenceContent": "김현수의 침묵으로 감찰반에게 역공을 날렸던 도지태는 김현수에게 휴대폰을 선물했고, 심지어 국과수에 뺏겼던 아버지의 택시까지 돌려줘 김현수를 놀라게 했다.",
				"subjectConsistencyYn": "Y"
			},
			{
				"sentenceNo": 5,
				"sentenceContent": "이와 관련 ‘어느 날’ 김수현과 김성규의 ‘강렬한 스파링 투 샷’이 이목을 집중시키고 있다.",
				"subjectConsistencyYn": "Y"
			},
			{
				"sentenceNo": 6,
				"sentenceContent": "극 중 교도소 내 최약체 김현수가 교도소 안 절대 권력자 도지태와 스파링을 하는 상황. 항상 불안에 떨던 김현수는 글러브를 끼기 전 비장한 얼굴로 준비를 시작하고, 도지태는 완벽한 폼으로 강력한 펀치를 날린다.",
				"subjectConsistencyYn": "Y"
			},
			{
				"sentenceNo": 7,
				"sentenceContent": "특히 펀치를 맞고 나가떨어져도 다시 일어나던 김현수는 한층 매서운 눈빛을 빛내는 터. 과연 두 사람이 체력훈련을 강행한 이유는 무엇인지, 김현수가 도지태의 편으로 돌아선 것인지 궁금증이 증폭된다.",
				"subjectConsistencyYn": "Y"
			},
			{
				"sentenceNo": 8,
				"sentenceContent": "제작진은 “이 장면은 6회 충격적 엔딩 이후 다음 행보를 그려낸 장면 중 하나”라며 “김현수와 도지태가 점차 가까워지고 있는 가운데, 두 사람이 어떤 방식으로 결이 다른 교도소 생존기를 보여줄지, 2회만을 남겨둔 ‘어느 날’ 속 두 사람의 문제적 움직임을 기대해 달라”고 전했다.",
				"subjectConsistencyYn": "Y"
			},
			{
				"sentenceNo": 9,
				"sentenceContent": "정답을 맞힌 김정훈도 얼떨떨해 했고, 강남은 자리에서 일어나 기립박수를 쳤다. '김정훈' 온라인 중앙일보 [사진 JTBC 화면캡처]",
				"subjectConsistencyYn": "N"
			}
		],
		"clickbaitClass": 0
	}
}