{
	"sourceDataInfo": {
		"newsID": "ET_M13_490656",
		"newsCategory": "연예",
		"newsSubcategory": "음악",
		"newsTitle": "방탄소년단 ‘Butter’ 日 레코드협회 ‘플래티넘’ 인증[공식]",
		"newsSubTitle": "",
		"newsContent": "그룹 방탄소년단이 디지털 싱글 ‘Butter’로 일본 레코드협회로부터 ‘플래티넘’ 인증을 받았다.\n20일 일본 레코드협회가 발표한 11월 ‘플래티넘’ 인증 작품 명단에 따르면, 방탄소년단의 ‘Butter’는 다운로드 부문에서 ‘플래티넘’ 인증을 획득했다.\n방탄소년단은 앞서 지난 2월과 9월 각각 ‘Dynamite’와 ‘Permission to Dance’로 다운로드 부문 ‘플래티넘’과 ‘골드’ 인증을 받은 바 있다.\n일본 레코드협회는 곡의 누적 다운로드 횟수에 따라 골드(10만 회 이상), 플래티넘(25만 회 이상), 밀리언(100만 회 이상)으로 구분해 매달 인증하고, 공식 홈페이지에 인증 작품 명단을 발표한다.\n방탄소년단은 지난 7월에는 누적 출하량 25만 장을 넘은 싱글 CD ‘Butter’로 앨범 부문에서 일본 레코드협회 ‘플래티넘’ 인증을, 누적 출하량 100만 장을 돌파한 일본 베스트 앨범 ‘BTS, THE BEST’로는 ‘밀리언’ 인증을 받은 바 있다.\n앨범 부문뿐 아니라 스트리밍 부문에서 ‘Permission to Dance’와 2017년 9월 발매된 LOVE YOURSELF 承 ‘Her’의 타이틀곡 ‘DNA’가 나란히 누적 재생 횟수 1억 회를 넘겨 일본 레코드협회 ‘플래티넘’ 인증을 획득했다.",
		"partNum": "P2",
		"useType": 0,
		"processType": "A",
		"processPattern": "99",
		"processLevel": "하",
		"sentenceCount": 6,
		"processSentencenum": 1,
		"sentenceInfo": [
			{
				"sentenceNo": 1,
				"sentenceContent": "그룹 방탄소년단이 디지털 싱글 ‘Butter’로 일본 레코드협회로부터 ‘플래티넘’ 인증을 받았다.",
				"sentenceSize": 54
			},
			{
				"sentenceNo": 2,
				"sentenceContent": "20일 일본 레코드협회가 발표한 11월 ‘플래티넘’ 인증 작품 명단에 따르면, 방탄소년단의 ‘Butter’는 다운로드 부문에서 ‘플래티넘’ 인증을 획득했다.",
				"sentenceSize": 87
			},
			{
				"sentenceNo": 3,
				"sentenceContent": "방탄소년단은 앞서 지난 2월과 9월 각각 ‘Dynamite’와 ‘Permission to Dance’로 다운로드 부문 ‘플래티넘’과 ‘골드’ 인증을 받은 바 있다.",
				"sentenceSize": 91
			},
			{
				"sentenceNo": 4,
				"sentenceContent": "일본 레코드협회는 곡의 누적 다운로드 횟수에 따라 골드(10만 회 이상), 플래티넘(25만 회 이상), 밀리언(100만 회 이상)으로 구분해 매달 인증하고, 공식 홈페이지에 인증 작품 명단을 발표한다.",
				"sentenceSize": 112
			},
			{
				"sentenceNo": 5,
				"sentenceContent": "방탄소년단은 지난 7월에는 누적 출하량 25만 장을 넘은 싱글 CD ‘Butter’로 앨범 부문에서 일본 레코드협회 ‘플래티넘’ 인증을, 누적 출하량 100만 장을 돌파한 일본 베스트 앨범 ‘BTS, THE BEST’로는 ‘밀리언’ 인증을 받은 바 있다.",
				"sentenceSize": 142
			},
			{
				"sentenceNo": 6,
				"sentenceContent": "앨범 부문뿐 아니라 스트리밍 부문에서 ‘Permission to Dance’와 2017년 9월 발매된 LOVE YOURSELF 承 ‘Her’의 타이틀곡 ‘DNA’가 나란히 누적 재생 횟수 1억 회를 넘겨 일본 레코드협회 ‘플래티넘’ 인증을 획득했다.",
				"sentenceSize": 139
			}
		]
	},
	"labeledDataInfo": {
		"processSentenceInfo": [
			{
				"sentenceNo": 1,
				"sentenceContent": "그룹 방탄소년단이 디지털 싱글 ‘Butter’로 일본 레코드협회로부터 ‘플래티넘’ 인증을 받았다.",
				"subjectConsistencyYn": "Y"
			},
			{
				"sentenceNo": 2,
				"sentenceContent": "20일 일본 레코드협회가 발표한 11월 ‘플래티넘’ 인증 작품 명단에 따르면, 방탄소년단의 ‘Butter’는 다운로드 부문에서 ‘플래티넘’ 인증을 획득했다.",
				"subjectConsistencyYn": "Y"
			},
			{
				"sentenceNo": 3,
				"sentenceContent": "방탄소년단은 앞서 지난 2월과 9월 각각 ‘Dynamite’와 ‘Permission to Dance’로 다운로드 부문 ‘플래티넘’과 ‘골드’ 인증을 받은 바 있다.",
				"subjectConsistencyYn": "Y"
			},
			{
				"sentenceNo": 4,
				"sentenceContent": "일본 레코드협회는 곡의 누적 다운로드 횟수에 따라 골드(10만 회 이상), 플래티넘(25만 회 이상), 밀리언(100만 회 이상)으로 구분해 매달 인증하고, 공식 홈페이지에 인증 작품 명단을 발표한다.",
				"subjectConsistencyYn": "Y"
			},
			{
				"sentenceNo": 5,
				"sentenceContent": "방탄소년단은 지난 7월에는 누적 출하량 25만 장을 넘은 싱글 CD ‘Butter’로 앨범 부문에서 일본 레코드협회 ‘플래티넘’ 인증을, 누적 출하량 100만 장을 돌파한 일본 베스트 앨범 ‘BTS, THE BEST’로는 ‘밀리언’ 인증을 받은 바 있다.",
				"subjectConsistencyYn": "Y"
			},
			{
				"sentenceNo": 6,
				"sentenceContent": "지난 2010년 11월 22일 첫 방송을 시작으로 지난 5년간 250회에 걸쳐 총 1,047명의 일반인 고민 주인공들의 다양한 고민을 다룬 ‘안녕하세요’는 매주 월요일 오후 11시10분 방송된다. '안녕하세요 안영미' [안영미 강예원 사진=강예원 인스타그램] 온라인 중앙일보",
				"subjectConsistencyYn": "N"
			}
		],
		"clickbaitClass": 0
	}
}