{
	"sourceDataInfo": {
		"newsID": "ET_M13_490528",
		"newsCategory": "연예",
		"newsSubcategory": "음악",
		"newsTitle": "아이브 ‘ELEVEN’ 日 빌보드 ‘톱 유저 제너레이티드 송즈’ 1위",
		"newsSubTitle": "",
		"newsContent": "6인조 신예 아이브(IVE)가 데뷔곡 ‘ELEVEN’(일레븐)으로 거침없는 상승세를 보여주고 있다.\n아이브는 최근 빌보드 재팬 ‘Top User Generated Songs’(톱 유저 제너레이티드 송즈) 차트에서 1위를 차지했다. ‘Top User Generated Songs’는 아티스트들의 발매곡을 기반으로 생산된 댄스 커버, 챌린지 등 다양한 콘텐츠의 유튜브 조회수만을 집계해 순위를 매기는 차트다.\n이 가운데 아이브는 ‘ELEVEN’을 통해 1위를 차지하며 남다른 존재감을 드러냈다.\n그뿐만 아니라 아이브는 최근 24시간 또는 주간 트위터에서 가장 많이 언급된 곡의 실시간 순위를 매기는 미국 빌보드의 ‘핫 트렌딩 송즈’ 차트에서 4위를 기록했으며 ‘빌보드 글로벌 200’과 ‘빌보드 글로벌’(Billboard Global Excl. U.S.) 차트에 68위, 38위로 데뷔하며 전 세계적인 관심을 증명했다.\n이처럼 국내외 음원 사이트 및 각종 사회적관계망서비스(SNS)를 통해 독보적인 화제성과 인기를 입증하고 있는 아이브는 글로벌 숏폼 모바일 비디오 플랫폼 틱톡(TikTok)에서 본격적인 ‘ELEVEN’ 챌린지도 시작했다. ‘ELEVEN’은 다채로운 여섯 멤버의 신비로운 매력을 극대화한 곡으로 사랑에 빠진 사람의 마음이 환상적인 색깔로 물들어가는 모습을 표현했다.\n신인답지 않은 무서운 기세를 자랑하는 아이브는 데뷔 앨범으로 초동 15만 장 이상을 달성하며 역대 걸그룹 앨범 초동 기록 1위 및 2021년 데뷔한 신인 그룹 중 가장 많은 초동 판매량을 기록했다.\n또한 앨범과 동명의 타이틀인 ‘ELEVEN’으로 국내 주요 음원 사이트 상위권에 자리 잡는가 하면, 음악 방송 3관왕에 오르며 가요계 판도를 뒤흔들고 있다.\n한편 아이브는 ‘ELEVEN’으로 활동을 이어가며, 자체 리얼리티 콘텐츠 ‘1,2,3 IVE’를 통해 더욱 다채로운 매력을 선보일 예정이다.",
		"partNum": "P2",
		"useType": 0,
		"processType": "A",
		"processPattern": "99",
		"processLevel": "하",
		"sentenceCount": 8,
		"processSentencenum": 2,
		"sentenceInfo": [
			{
				"sentenceNo": 1,
				"sentenceContent": "6인조 신예 아이브(IVE)가 데뷔곡 ‘ELEVEN’(일레븐)으로 거침없는 상승세를 보여주고 있다.",
				"sentenceSize": 55
			},
			{
				"sentenceNo": 2,
				"sentenceContent": "아이브는 최근 빌보드 재팬 ‘Top User Generated Songs’(톱 유저 제너레이티드 송즈) 차트에서 1위를 차지했다. ‘Top User Generated Songs’는 아티스트들의 발매곡을 기반으로 생산된 댄스 커버, 챌린지 등 다양한 콘텐츠의 유튜브 조회수만을 집계해 순위를 매기는 차트다.",
				"sentenceSize": 170
			},
			{
				"sentenceNo": 3,
				"sentenceContent": "이 가운데 아이브는 ‘ELEVEN’을 통해 1위를 차지하며 남다른 존재감을 드러냈다.",
				"sentenceSize": 47
			},
			{
				"sentenceNo": 4,
				"sentenceContent": "그뿐만 아니라 아이브는 최근 24시간 또는 주간 트위터에서 가장 많이 언급된 곡의 실시간 순위를 매기는 미국 빌보드의 ‘핫 트렌딩 송즈’ 차트에서 4위를 기록했으며 ‘빌보드 글로벌 200’과 ‘빌보드 글로벌’(Billboard Global Excl. U.S.) 차트에 68위, 38위로 데뷔하며 전 세계적인 관심을 증명했다.",
				"sentenceSize": 181
			},
			{
				"sentenceNo": 5,
				"sentenceContent": "이처럼 국내외 음원 사이트 및 각종 사회적관계망서비스(SNS)를 통해 독보적인 화제성과 인기를 입증하고 있는 아이브는 글로벌 숏폼 모바일 비디오 플랫폼 틱톡(TikTok)에서 본격적인 ‘ELEVEN’ 챌린지도 시작했다. ‘ELEVEN’은 다채로운 여섯 멤버의 신비로운 매력을 극대화한 곡으로 사랑에 빠진 사람의 마음이 환상적인 색깔로 물들어가는 모습을 표현했다.",
				"sentenceSize": 202
			},
			{
				"sentenceNo": 6,
				"sentenceContent": "신인답지 않은 무서운 기세를 자랑하는 아이브는 데뷔 앨범으로 초동 15만 장 이상을 달성하며 역대 걸그룹 앨범 초동 기록 1위 및 2021년 데뷔한 신인 그룹 중 가장 많은 초동 판매량을 기록했다.",
				"sentenceSize": 110
			},
			{
				"sentenceNo": 7,
				"sentenceContent": "또한 앨범과 동명의 타이틀인 ‘ELEVEN’으로 국내 주요 음원 사이트 상위권에 자리 잡는가 하면, 음악 방송 3관왕에 오르며 가요계 판도를 뒤흔들고 있다.",
				"sentenceSize": 87
			},
			{
				"sentenceNo": 8,
				"sentenceContent": "한편 아이브는 ‘ELEVEN’으로 활동을 이어가며, 자체 리얼리티 콘텐츠 ‘1,2,3 IVE’를 통해 더욱 다채로운 매력을 선보일 예정이다.",
				"sentenceSize": 78
			}
		]
	},
	"labeledDataInfo": {
		"processSentenceInfo": [
			{
				"sentenceNo": 1,
				"sentenceContent": "6인조 신예 아이브(IVE)가 데뷔곡 ‘ELEVEN’(일레븐)으로 거침없는 상승세를 보여주고 있다.",
				"subjectConsistencyYn": "Y"
			},
			{
				"sentenceNo": 2,
				"sentenceContent": "아이브는 최근 빌보드 재팬 ‘Top User Generated Songs’(톱 유저 제너레이티드 송즈) 차트에서 1위를 차지했다. ‘Top User Generated Songs’는 아티스트들의 발매곡을 기반으로 생산된 댄스 커버, 챌린지 등 다양한 콘텐츠의 유튜브 조회수만을 집계해 순위를 매기는 차트다.",
				"subjectConsistencyYn": "Y"
			},
			{
				"sentenceNo": 3,
				"sentenceContent": "이 가운데 아이브는 ‘ELEVEN’을 통해 1위를 차지하며 남다른 존재감을 드러냈다.",
				"subjectConsistencyYn": "Y"
			},
			{
				"sentenceNo": 4,
				"sentenceContent": "그뿐만 아니라 아이브는 최근 24시간 또는 주간 트위터에서 가장 많이 언급된 곡의 실시간 순위를 매기는 미국 빌보드의 ‘핫 트렌딩 송즈’ 차트에서 4위를 기록했으며 ‘빌보드 글로벌 200’과 ‘빌보드 글로벌’(Billboard Global Excl. U.S.) 차트에 68위, 38위로 데뷔하며 전 세계적인 관심을 증명했다.",
				"subjectConsistencyYn": "Y"
			},
			{
				"sentenceNo": 5,
				"sentenceContent": "이처럼 국내외 음원 사이트 및 각종 사회적관계망서비스(SNS)를 통해 독보적인 화제성과 인기를 입증하고 있는 아이브는 글로벌 숏폼 모바일 비디오 플랫폼 틱톡(TikTok)에서 본격적인 ‘ELEVEN’ 챌린지도 시작했다. ‘ELEVEN’은 다채로운 여섯 멤버의 신비로운 매력을 극대화한 곡으로 사랑에 빠진 사람의 마음이 환상적인 색깔로 물들어가는 모습을 표현했다.",
				"subjectConsistencyYn": "Y"
			},
			{
				"sentenceNo": 6,
				"sentenceContent": "신인답지 않은 무서운 기세를 자랑하는 아이브는 데뷔 앨범으로 초동 15만 장 이상을 달성하며 역대 걸그룹 앨범 초동 기록 1위 및 2021년 데뷔한 신인 그룹 중 가장 많은 초동 판매량을 기록했다.",
				"subjectConsistencyYn": "Y"
			},
			{
				"sentenceNo": 7,
				"sentenceContent": "3일 오후 6시 각종 음원사이트를 통해 공개된다.",
				"subjectConsistencyYn": "N"
			}
		],
		"clickbaitClass": 0
	}
}