{
	"sourceDataInfo": {
		"newsID": "ET_M13_490324",
		"newsCategory": "연예",
		"newsSubcategory": "방송",
		"newsTitle": "‘신과 함께2’ 성시경, 이윤지 팬심 고백에 ‘으쓱’",
		"newsSubTitle": "",
		"newsContent": "배우 이윤지가 출연해 성시경을 향한 무한한 팬심을 드러낸다.\n오는 17일(금) 방송되는 채널S의 예능 프로그램 ‘신과 함께 시즌2’(채널S & SM C&C STUDIO 공동제작/ 프로듀서 김수현, 연출 진선미)에는 ‘성시경 바라기’ 이윤지가 성시경의 실물을 영접하며 ‘성덕’에 등극한 모습이 담긴 20회 예고 영상이 ‘채널S’의 네이버TV와 유튜브 공식 채널에 공개돼 이목을 집중시켰다. ‘신과 함께 시즌2’는 더욱 업그레이드된 케미를 보여줄 4MC 신동엽, 성시경, 이용진, 박선영이 ‘푸드 마스터’로 변신해 당신의 특별한 날을 더욱 특별하게 만들어 줄 메뉴를 추천하고 함께 이야기와 맛을 나누는 맞춤형 푸드 추천 토크쇼다.\n공개된 예고 영상에는 배우이자 두 딸의 엄마인 이윤지가 게스트로 등장했다.\n신동엽과 박선영은 “일도 잘하고 육아도 잘하는 사기캐”, “진짜 완벽한 사람”이라고 이윤지를 소개했다.\n이윤지는 성시경을 보더니 “어머 성시경이다. 정신을 못 차리겠다”고 감격했다.\n그러면서 “배우 하길 잘했다”며 ‘성시경 바라기’의 면모를 뿜어냈다.\n이에 성시경은 “정우성이 된 기분인데?”라며 어깨를 으쓱거려 웃음을 유발했다.\n이어 이윤지는 4MC에게 육아 스트레스를 한 번에 날려버릴 메뉴 추천을 부탁했다.\n성시경이 “오늘은 결정된 것 같다”고 자신감을 내비친 가운데, 과연 ‘어차피 우승은 성시경’일지 그 결과는 오는 17일 저녁 8시 채널S ‘신과 함께 시즌2’에서 확인 할 수 있다.",
		"partNum": "P2",
		"useType": 0,
		"processType": "A",
		"processPattern": "99",
		"processLevel": "하",
		"sentenceCount": 9,
		"processSentencenum": 2,
		"sentenceInfo": [
			{
				"sentenceNo": 1,
				"sentenceContent": "배우 이윤지가 출연해 성시경을 향한 무한한 팬심을 드러낸다.",
				"sentenceSize": 33
			},
			{
				"sentenceNo": 2,
				"sentenceContent": "오는 17일(금) 방송되는 채널S의 예능 프로그램 ‘신과 함께 시즌2’(채널S & SM C&C STUDIO 공동제작/ 프로듀서 김수현, 연출 진선미)에는 ‘성시경 바라기’ 이윤지가 성시경의 실물을 영접하며 ‘성덕’에 등극한 모습이 담긴 20회 예고 영상이 ‘채널S’의 네이버TV와 유튜브 공식 채널에 공개돼 이목을 집중시켰다. ‘신과 함께 시즌2’는 더욱 업그레이드된 케미를 보여줄 4MC 신동엽, 성시경, 이용진, 박선영이 ‘푸드 마스터’로 변신해 당신의 특별한 날을 더욱 특별하게 만들어 줄 메뉴를 추천하고 함께 이야기와 맛을 나누는 맞춤형 푸드 추천 토크쇼다.",
				"sentenceSize": 316
			},
			{
				"sentenceNo": 3,
				"sentenceContent": "공개된 예고 영상에는 배우이자 두 딸의 엄마인 이윤지가 게스트로 등장했다.",
				"sentenceSize": 41
			},
			{
				"sentenceNo": 4,
				"sentenceContent": "신동엽과 박선영은 “일도 잘하고 육아도 잘하는 사기캐”, “진짜 완벽한 사람”이라고 이윤지를 소개했다.",
				"sentenceSize": 57
			},
			{
				"sentenceNo": 5,
				"sentenceContent": "이윤지는 성시경을 보더니 “어머 성시경이다. 정신을 못 차리겠다”고 감격했다.",
				"sentenceSize": 43
			},
			{
				"sentenceNo": 6,
				"sentenceContent": "그러면서 “배우 하길 잘했다”며 ‘성시경 바라기’의 면모를 뿜어냈다.",
				"sentenceSize": 38
			},
			{
				"sentenceNo": 7,
				"sentenceContent": "이에 성시경은 “정우성이 된 기분인데?”라며 어깨를 으쓱거려 웃음을 유발했다.",
				"sentenceSize": 43
			},
			{
				"sentenceNo": 8,
				"sentenceContent": "이어 이윤지는 4MC에게 육아 스트레스를 한 번에 날려버릴 메뉴 추천을 부탁했다.",
				"sentenceSize": 45
			},
			{
				"sentenceNo": 9,
				"sentenceContent": "성시경이 “오늘은 결정된 것 같다”고 자신감을 내비친 가운데, 과연 ‘어차피 우승은 성시경’일지 그 결과는 오는 17일 저녁 8시 채널S ‘신과 함께 시즌2’에서 확인 할 수 있다.",
				"sentenceSize": 101
			}
		]
	},
	"labeledDataInfo": {
		"processSentenceInfo": [
			{
				"sentenceNo": 1,
				"sentenceContent": "배우 이윤지가 출연해 성시경을 향한 무한한 팬심을 드러낸다.",
				"subjectConsistencyYn": "Y"
			},
			{
				"sentenceNo": 2,
				"sentenceContent": "오는 17일(금) 방송되는 채널S의 예능 프로그램 ‘신과 함께 시즌2’(채널S & SM C&C STUDIO 공동제작/ 프로듀서 김수현, 연출 진선미)에는 ‘성시경 바라기’ 이윤지가 성시경의 실물을 영접하며 ‘성덕’에 등극한 모습이 담긴 20회 예고 영상이 ‘채널S’의 네이버TV와 유튜브 공식 채널에 공개돼 이목을 집중시켰다. ‘신과 함께 시즌2’는 더욱 업그레이드된 케미를 보여줄 4MC 신동엽, 성시경, 이용진, 박선영이 ‘푸드 마스터’로 변신해 당신의 특별한 날을 더욱 특별하게 만들어 줄 메뉴를 추천하고 함께 이야기와 맛을 나누는 맞춤형 푸드 추천 토크쇼다.",
				"subjectConsistencyYn": "Y"
			},
			{
				"sentenceNo": 3,
				"sentenceContent": "공개된 예고 영상에는 배우이자 두 딸의 엄마인 이윤지가 게스트로 등장했다.",
				"subjectConsistencyYn": "Y"
			},
			{
				"sentenceNo": 4,
				"sentenceContent": "신동엽과 박선영은 “일도 잘하고 육아도 잘하는 사기캐”, “진짜 완벽한 사람”이라고 이윤지를 소개했다.",
				"subjectConsistencyYn": "Y"
			},
			{
				"sentenceNo": 5,
				"sentenceContent": "이윤지는 성시경을 보더니 “어머 성시경이다. 정신을 못 차리겠다”고 감격했다.",
				"subjectConsistencyYn": "Y"
			},
			{
				"sentenceNo": 6,
				"sentenceContent": "그러면서 “배우 하길 잘했다”며 ‘성시경 바라기’의 면모를 뿜어냈다.",
				"subjectConsistencyYn": "Y"
			},
			{
				"sentenceNo": 7,
				"sentenceContent": "이에 성시경은 “정우성이 된 기분인데?”라며 어깨를 으쓱거려 웃음을 유발했다.",
				"subjectConsistencyYn": "Y"
			},
			{
				"sentenceNo": 8,
				"sentenceContent": "한편 MBC 일일드라마 ‘두 번째 남편’은 매주 월~금 오후 7시 5분에 만나볼 수 있다.",
				"subjectConsistencyYn": "N"
			}
		],
		"clickbaitClass": 0
	}
}