{
	"sourceDataInfo": {
		"newsID": "ET_M13_490685",
		"newsCategory": "연예",
		"newsSubcategory": "연예일반",
		"newsTitle": "‘방과후 설렘’ 옥주현, “3학년 연습생들 어디에 내놔도 뒤지지 않아”",
		"newsSubTitle": "",
		"newsContent": "‘방과후 설렘’에서 옥주현이 범접불가 카리스마로 이목을 사로잡고 있다.\n지난 19일, 일요일 밤 9시 MBC와 네이버 NOW.에서 동시 방영된 걸그룹 오디션 프로그램 ‘방과후 설렘’ 4회에서 옥주현은 학년 대항전에 돌입한 3학년 연습생들에게 자신만의 티칭 방법을 전수, ‘3학년이 최고다’라는 마인드까지 심어주었고 담임선생님으로서 프로페셔널한 면모를 선보이며 맹활약하고 있다.\n방송에서 옥주현은 학년 대항전 시작 전, “우리 3학년 애들 어디에 내놔도 뒤지지 않아요”라며 3학년 연습생들에 대한 무한한 믿음과 자신감 넘치는 모습으로 본 무대를 향한 기대감에 불을 지폈다.\n또한, 옥주현은 연습생들의 리허설 무대를 확인한 후, 연습생들이 완벽한 소리를 낼 수 있도록 일일이 나서서 마이크를 체크해주며, 3학년 연습생들이 역대급 무대를 선보일 수 있도록 도움을 줬다.\n옥주현은 “거기서 너희가 ’죽여버리겠어’라는 마음으로 해야 해”, “여기서 가장 매운맛을 보여줘”, “더 올려야 해. 소리로 압도하는 게 중요해” 등 적재적소에 필요한 조언을 선사하며 3학년 연습생들의 승리 의지에 힘을 더하기도 했다. 이러한 옥주현의 격려와 열정에 힘입은 3학년 연습생들은 안정적인 보컬 실력과 파워풀한 퍼포먼스를 선사하며, 팬들에게 놀라움을 선사했다. 옥주현은 담임 선생님으로서 연습생들이 어떤 에너지로 무대에 임해야 하는지부터 직접 꼼꼼하게 체크하는 모습까지 디테일한 지도로 눈길을 끈 만큼,‘믿고 가는 옥주현 티칭’으로 화제를 모으고 있다.\n옥주현이 담임선생님으로 출연해 열정적인 티칭을 전하는‘방과후 설렘’은 매주 일요일 밤 9시에 MBC와 네이버 NOW.에서 동시 방영된다.",
		"partNum": "P2",
		"useType": 0,
		"processType": "A",
		"processPattern": "99",
		"processLevel": "하",
		"sentenceCount": 6,
		"processSentencenum": 1,
		"sentenceInfo": [
			{
				"sentenceNo": 1,
				"sentenceContent": "‘방과후 설렘’에서 옥주현이 범접불가 카리스마로 이목을 사로잡고 있다.",
				"sentenceSize": 39
			},
			{
				"sentenceNo": 2,
				"sentenceContent": "지난 19일, 일요일 밤 9시 MBC와 네이버 NOW.에서 동시 방영된 걸그룹 오디션 프로그램 ‘방과후 설렘’ 4회에서 옥주현은 학년 대항전에 돌입한 3학년 연습생들에게 자신만의 티칭 방법을 전수, ‘3학년이 최고다’라는 마인드까지 심어주었고 담임선생님으로서 프로페셔널한 면모를 선보이며 맹활약하고 있다.",
				"sentenceSize": 170
			},
			{
				"sentenceNo": 3,
				"sentenceContent": "방송에서 옥주현은 학년 대항전 시작 전, “우리 3학년 애들 어디에 내놔도 뒤지지 않아요”라며 3학년 연습생들에 대한 무한한 믿음과 자신감 넘치는 모습으로 본 무대를 향한 기대감에 불을 지폈다.",
				"sentenceSize": 108
			},
			{
				"sentenceNo": 4,
				"sentenceContent": "또한, 옥주현은 연습생들의 리허설 무대를 확인한 후, 연습생들이 완벽한 소리를 낼 수 있도록 일일이 나서서 마이크를 체크해주며, 3학년 연습생들이 역대급 무대를 선보일 수 있도록 도움을 줬다.",
				"sentenceSize": 107
			},
			{
				"sentenceNo": 5,
				"sentenceContent": "옥주현은 “거기서 너희가 ’죽여버리겠어’라는 마음으로 해야 해”, “여기서 가장 매운맛을 보여줘”, “더 올려야 해. 소리로 압도하는 게 중요해” 등 적재적소에 필요한 조언을 선사하며 3학년 연습생들의 승리 의지에 힘을 더하기도 했다. 이러한 옥주현의 격려와 열정에 힘입은 3학년 연습생들은 안정적인 보컬 실력과 파워풀한 퍼포먼스를 선사하며, 팬들에게 놀라움을 선사했다. 옥주현은 담임 선생님으로서 연습생들이 어떤 에너지로 무대에 임해야 하는지부터 직접 꼼꼼하게 체크하는 모습까지 디테일한 지도로 눈길을 끈 만큼,‘믿고 가는 옥주현 티칭’으로 화제를 모으고 있다.",
				"sentenceSize": 315
			},
			{
				"sentenceNo": 6,
				"sentenceContent": "옥주현이 담임선생님으로 출연해 열정적인 티칭을 전하는‘방과후 설렘’은 매주 일요일 밤 9시에 MBC와 네이버 NOW.에서 동시 방영된다.",
				"sentenceSize": 76
			}
		]
	},
	"labeledDataInfo": {
		"processSentenceInfo": [
			{
				"sentenceNo": 1,
				"sentenceContent": "‘방과후 설렘’에서 옥주현이 범접불가 카리스마로 이목을 사로잡고 있다.",
				"subjectConsistencyYn": "Y"
			},
			{
				"sentenceNo": 2,
				"sentenceContent": "지난 19일, 일요일 밤 9시 MBC와 네이버 NOW.에서 동시 방영된 걸그룹 오디션 프로그램 ‘방과후 설렘’ 4회에서 옥주현은 학년 대항전에 돌입한 3학년 연습생들에게 자신만의 티칭 방법을 전수, ‘3학년이 최고다’라는 마인드까지 심어주었고 담임선생님으로서 프로페셔널한 면모를 선보이며 맹활약하고 있다.",
				"subjectConsistencyYn": "Y"
			},
			{
				"sentenceNo": 3,
				"sentenceContent": "방송에서 옥주현은 학년 대항전 시작 전, “우리 3학년 애들 어디에 내놔도 뒤지지 않아요”라며 3학년 연습생들에 대한 무한한 믿음과 자신감 넘치는 모습으로 본 무대를 향한 기대감에 불을 지폈다.",
				"subjectConsistencyYn": "Y"
			},
			{
				"sentenceNo": 4,
				"sentenceContent": "또한, 옥주현은 연습생들의 리허설 무대를 확인한 후, 연습생들이 완벽한 소리를 낼 수 있도록 일일이 나서서 마이크를 체크해주며, 3학년 연습생들이 역대급 무대를 선보일 수 있도록 도움을 줬다.",
				"subjectConsistencyYn": "Y"
			},
			{
				"sentenceNo": 5,
				"sentenceContent": "옥주현은 “거기서 너희가 ’죽여버리겠어’라는 마음으로 해야 해”, “여기서 가장 매운맛을 보여줘”, “더 올려야 해. 소리로 압도하는 게 중요해” 등 적재적소에 필요한 조언을 선사하며 3학년 연습생들의 승리 의지에 힘을 더하기도 했다. 이러한 옥주현의 격려와 열정에 힘입은 3학년 연습생들은 안정적인 보컬 실력과 파워풀한 퍼포먼스를 선사하며, 팬들에게 놀라움을 선사했다. 옥주현은 담임 선생님으로서 연습생들이 어떤 에너지로 무대에 임해야 하는지부터 직접 꼼꼼하게 체크하는 모습까지 디테일한 지도로 눈길을 끈 만큼,‘믿고 가는 옥주현 티칭’으로 화제를 모으고 있다.",
				"subjectConsistencyYn": "Y"
			},
			{
				"sentenceNo": 6,
				"sentenceContent": "자세한 사항은 BMW코리아 고객지원센터(080-269-2200)로 문의하면 된다.",
				"subjectConsistencyYn": "N"
			}
		],
		"clickbaitClass": 0
	}
}