{
	"sourceDataInfo": {
		"newsID": "ET_M13_490299",
		"newsCategory": "연예",
		"newsSubcategory": "방송",
		"newsTitle": "‘주간아’ 온앤오프 맞춤 코너 신설",
		"newsSubTitle": "",
		"newsContent": "온앤오프가 업그레이드 버전 랜덤 플레이 댄스에 도전한다.\n오는 15일(수) 오후 8시 MBC M, 밤 12시 MBC에브리원에서 방송되는 ‘주간아이돌’에는 여섯 번째 미니 앨범 ‘Goosebumps’로 돌아온 믿듣 그룹 온앤오프(ONF)가 출연해 다양한 매력을 선보인다.\n이날 방송에서는 ‘구멍 없는 그룹’ 온앤오프만을 위한 맞춤형 코너 ‘랜덤 ON&OFF 플레이’가 첫 공개된다.\n이는 춤도 노래도 어느 하나 빠지는 것이 없는 온앤오프 멤버들만을 위해 ‘주간아이돌’에 신설된 코너다.\n온앤오프는 “새 코너의 이름이 마음에 든다”라며 여유로운 모습으로 도전한다.\n그러나 도전 시작과 동시에 나타난 무음 구간에 당황하며 뜬금없는 ‘타령’ 보컬로 대혼란 무대를 선보인다.\n그런가 하면 효진은 메인 보컬다운 내공을 폭발시킨다고해 흥미를 자극한다.\n이날 효진은 거친 댄스와 쉼 없는 라이브에도 불구하고 흔들림 없는 사이다 고음을 연발한다.\n변함없는 실력으로 2MC를 감탄시키는가 하면, 무대 장인다운 완벽한 노래와 댄스로 스튜디오를 후끈하게 만든다.\n미니 콘서트를 연상하게 하는 온앤오프만의 특별한 랜덤플레이 댄스와 메인보컬 효진의 여전한 실력은 12월 15일 수요일 오후 8시 MBC M, 밤 12시 MBC에브리원에서 방송되는 ‘주간아이돌’에서 모두 공개된다.",
		"partNum": "P2",
		"useType": 0,
		"processType": "A",
		"processPattern": "99",
		"processLevel": "하",
		"sentenceCount": 10,
		"processSentencenum": 1,
		"sentenceInfo": [
			{
				"sentenceNo": 1,
				"sentenceContent": "온앤오프가 업그레이드 버전 랜덤 플레이 댄스에 도전한다.",
				"sentenceSize": 31
			},
			{
				"sentenceNo": 2,
				"sentenceContent": "오는 15일(수) 오후 8시 MBC M, 밤 12시 MBC에브리원에서 방송되는 ‘주간아이돌’에는 여섯 번째 미니 앨범 ‘Goosebumps’로 돌아온 믿듣 그룹 온앤오프(ONF)가 출연해 다양한 매력을 선보인다.",
				"sentenceSize": 118
			},
			{
				"sentenceNo": 3,
				"sentenceContent": "이날 방송에서는 ‘구멍 없는 그룹’ 온앤오프만을 위한 맞춤형 코너 ‘랜덤 ON&OFF 플레이’가 첫 공개된다.",
				"sentenceSize": 61
			},
			{
				"sentenceNo": 4,
				"sentenceContent": "이는 춤도 노래도 어느 하나 빠지는 것이 없는 온앤오프 멤버들만을 위해 ‘주간아이돌’에 신설된 코너다.",
				"sentenceSize": 57
			},
			{
				"sentenceNo": 5,
				"sentenceContent": "온앤오프는 “새 코너의 이름이 마음에 든다”라며 여유로운 모습으로 도전한다.",
				"sentenceSize": 42
			},
			{
				"sentenceNo": 6,
				"sentenceContent": "그러나 도전 시작과 동시에 나타난 무음 구간에 당황하며 뜬금없는 ‘타령’ 보컬로 대혼란 무대를 선보인다.",
				"sentenceSize": 58
			},
			{
				"sentenceNo": 7,
				"sentenceContent": "그런가 하면 효진은 메인 보컬다운 내공을 폭발시킨다고해 흥미를 자극한다.",
				"sentenceSize": 40
			},
			{
				"sentenceNo": 8,
				"sentenceContent": "이날 효진은 거친 댄스와 쉼 없는 라이브에도 불구하고 흔들림 없는 사이다 고음을 연발한다.",
				"sentenceSize": 50
			},
			{
				"sentenceNo": 9,
				"sentenceContent": "변함없는 실력으로 2MC를 감탄시키는가 하면, 무대 장인다운 완벽한 노래와 댄스로 스튜디오를 후끈하게 만든다.",
				"sentenceSize": 61
			},
			{
				"sentenceNo": 10,
				"sentenceContent": "미니 콘서트를 연상하게 하는 온앤오프만의 특별한 랜덤플레이 댄스와 메인보컬 효진의 여전한 실력은 12월 15일 수요일 오후 8시 MBC M, 밤 12시 MBC에브리원에서 방송되는 ‘주간아이돌’에서 모두 공개된다.",
				"sentenceSize": 118
			}
		]
	},
	"labeledDataInfo": {
		"processSentenceInfo": [
			{
				"sentenceNo": 1,
				"sentenceContent": "온앤오프가 업그레이드 버전 랜덤 플레이 댄스에 도전한다.",
				"subjectConsistencyYn": "Y"
			},
			{
				"sentenceNo": 2,
				"sentenceContent": "오는 15일(수) 오후 8시 MBC M, 밤 12시 MBC에브리원에서 방송되는 ‘주간아이돌’에는 여섯 번째 미니 앨범 ‘Goosebumps’로 돌아온 믿듣 그룹 온앤오프(ONF)가 출연해 다양한 매력을 선보인다.",
				"subjectConsistencyYn": "Y"
			},
			{
				"sentenceNo": 3,
				"sentenceContent": "이날 방송에서는 ‘구멍 없는 그룹’ 온앤오프만을 위한 맞춤형 코너 ‘랜덤 ON&OFF 플레이’가 첫 공개된다.",
				"subjectConsistencyYn": "Y"
			},
			{
				"sentenceNo": 4,
				"sentenceContent": "이는 춤도 노래도 어느 하나 빠지는 것이 없는 온앤오프 멤버들만을 위해 ‘주간아이돌’에 신설된 코너다.",
				"subjectConsistencyYn": "Y"
			},
			{
				"sentenceNo": 5,
				"sentenceContent": "온앤오프는 “새 코너의 이름이 마음에 든다”라며 여유로운 모습으로 도전한다.",
				"subjectConsistencyYn": "Y"
			},
			{
				"sentenceNo": 6,
				"sentenceContent": "그러나 도전 시작과 동시에 나타난 무음 구간에 당황하며 뜬금없는 ‘타령’ 보컬로 대혼란 무대를 선보인다.",
				"subjectConsistencyYn": "Y"
			},
			{
				"sentenceNo": 7,
				"sentenceContent": "그런가 하면 효진은 메인 보컬다운 내공을 폭발시킨다고해 흥미를 자극한다.",
				"subjectConsistencyYn": "Y"
			},
			{
				"sentenceNo": 8,
				"sentenceContent": "이날 효진은 거친 댄스와 쉼 없는 라이브에도 불구하고 흔들림 없는 사이다 고음을 연발한다.",
				"subjectConsistencyYn": "Y"
			},
			{
				"sentenceNo": 9,
				"sentenceContent": "변함없는 실력으로 2MC를 감탄시키는가 하면, 무대 장인다운 완벽한 노래와 댄스로 스튜디오를 후끈하게 만든다.",
				"subjectConsistencyYn": "Y"
			},
			{
				"sentenceNo": 10,
				"sentenceContent": "2021 MAMA 본 공연은 다음달 11일 오후 6시부터 전 세계에 생중계된다.",
				"subjectConsistencyYn": "N"
			}
		],
		"clickbaitClass": 0
	}
}