{
	"sourceDataInfo": {
		"newsID": "ET_M13_490568",
		"newsCategory": "연예",
		"newsSubcategory": "방송",
		"newsTitle": "‘전참시’ 구자욱, 야구 레슨 받는 ‘황금장갑’",
		"newsSubTitle": "",
		"newsContent": "구자욱이 KBO 시상식 비하인드를 공개한다. 18일(토) 방송되는 MBC ‘전지적 참견 시점’(기획 박정규 / 연출 노시용, 윤혜진 / 이하 ‘전참시’) 183회에서는 삼성 라이온즈 구자욱의 시상식 일상이 그려진다.\n이날 구자욱은 훤칠한 슈트 자태를 드러내 스튜디오를 술렁이게 만든다.\n그런 그가 향한 곳은 다름 아닌 KBO 시상식 현장. 올 시즌 홈런 22개를 기록한 구자욱은 이날 득점상 트로피를 품에 안는다고. 그런 가운데, 구자욱은 시상식 무대에 오르기 직전까지도 “너무 떨린다”라면서 잔뜩 긴장하는 모습을 보여 눈길을 끈다.\n역대급으로 긴장한 구자욱이 과연 무사히 수상 소감을 마칠 수 있을지 궁금증을 끌어올린다.\n또한, 이날 구자욱은 시상식 현장에서 키움 히어로즈 이정후 선수와 만나 훈훈한 브로맨스를 과시한다.\n이정후는 구자욱에 대해 “제일 존경하는 형”이라면서 남다른 찐친 케미를 뽐낸다.\n두 사람이 선보인 훈훈 티키타카에 MC들도 폭풍 미소를 지었다.\n그런가 하면, 이날 구자욱은 시상식이 끝나자마자 야구 레슨 스케줄로 향해 또 한 번 놀라움을 자아낸다.\n프로 선수인 그가 야구 레슨을 받는 사연은 무엇일지.\n구자욱의 놀라움으로 가득한 하루는 12월 18일 토요일 밤 11시 10분 방송되는 MBC ‘전지적 참견 시점’ 183회에서 확인할 수 있다.",
		"partNum": "P2",
		"useType": 0,
		"processType": "A",
		"processPattern": "99",
		"processLevel": "하",
		"sentenceCount": 10,
		"processSentencenum": 2,
		"sentenceInfo": [
			{
				"sentenceNo": 1,
				"sentenceContent": "구자욱이 KBO 시상식 비하인드를 공개한다. 18일(토) 방송되는 MBC ‘전지적 참견 시점’(기획 박정규 / 연출 노시용, 윤혜진 / 이하 ‘전참시’) 183회에서는 삼성 라이온즈 구자욱의 시상식 일상이 그려진다.",
				"sentenceSize": 120
			},
			{
				"sentenceNo": 2,
				"sentenceContent": "이날 구자욱은 훤칠한 슈트 자태를 드러내 스튜디오를 술렁이게 만든다.",
				"sentenceSize": 38
			},
			{
				"sentenceNo": 3,
				"sentenceContent": "그런 그가 향한 곳은 다름 아닌 KBO 시상식 현장. 올 시즌 홈런 22개를 기록한 구자욱은 이날 득점상 트로피를 품에 안는다고. 그런 가운데, 구자욱은 시상식 무대에 오르기 직전까지도 “너무 떨린다”라면서 잔뜩 긴장하는 모습을 보여 눈길을 끈다.",
				"sentenceSize": 138
			},
			{
				"sentenceNo": 4,
				"sentenceContent": "역대급으로 긴장한 구자욱이 과연 무사히 수상 소감을 마칠 수 있을지 궁금증을 끌어올린다.",
				"sentenceSize": 49
			},
			{
				"sentenceNo": 5,
				"sentenceContent": "또한, 이날 구자욱은 시상식 현장에서 키움 히어로즈 이정후 선수와 만나 훈훈한 브로맨스를 과시한다.",
				"sentenceSize": 55
			},
			{
				"sentenceNo": 6,
				"sentenceContent": "이정후는 구자욱에 대해 “제일 존경하는 형”이라면서 남다른 찐친 케미를 뽐낸다.",
				"sentenceSize": 44
			},
			{
				"sentenceNo": 7,
				"sentenceContent": "두 사람이 선보인 훈훈 티키타카에 MC들도 폭풍 미소를 지었다.",
				"sentenceSize": 35
			},
			{
				"sentenceNo": 8,
				"sentenceContent": "그런가 하면, 이날 구자욱은 시상식이 끝나자마자 야구 레슨 스케줄로 향해 또 한 번 놀라움을 자아낸다.",
				"sentenceSize": 57
			},
			{
				"sentenceNo": 9,
				"sentenceContent": "프로 선수인 그가 야구 레슨을 받는 사연은 무엇일지.",
				"sentenceSize": 29
			},
			{
				"sentenceNo": 10,
				"sentenceContent": "구자욱의 놀라움으로 가득한 하루는 12월 18일 토요일 밤 11시 10분 방송되는 MBC ‘전지적 참견 시점’ 183회에서 확인할 수 있다.",
				"sentenceSize": 78
			}
		]
	},
	"labeledDataInfo": {
		"processSentenceInfo": [
			{
				"sentenceNo": 1,
				"sentenceContent": "구자욱이 KBO 시상식 비하인드를 공개한다. 18일(토) 방송되는 MBC ‘전지적 참견 시점’(기획 박정규 / 연출 노시용, 윤혜진 / 이하 ‘전참시’) 183회에서는 삼성 라이온즈 구자욱의 시상식 일상이 그려진다.",
				"subjectConsistencyYn": "Y"
			},
			{
				"sentenceNo": 2,
				"sentenceContent": "이날 구자욱은 훤칠한 슈트 자태를 드러내 스튜디오를 술렁이게 만든다.",
				"subjectConsistencyYn": "Y"
			},
			{
				"sentenceNo": 3,
				"sentenceContent": "그런 그가 향한 곳은 다름 아닌 KBO 시상식 현장. 올 시즌 홈런 22개를 기록한 구자욱은 이날 득점상 트로피를 품에 안는다고. 그런 가운데, 구자욱은 시상식 무대에 오르기 직전까지도 “너무 떨린다”라면서 잔뜩 긴장하는 모습을 보여 눈길을 끈다.",
				"subjectConsistencyYn": "Y"
			},
			{
				"sentenceNo": 4,
				"sentenceContent": "역대급으로 긴장한 구자욱이 과연 무사히 수상 소감을 마칠 수 있을지 궁금증을 끌어올린다.",
				"subjectConsistencyYn": "Y"
			},
			{
				"sentenceNo": 5,
				"sentenceContent": "또한, 이날 구자욱은 시상식 현장에서 키움 히어로즈 이정후 선수와 만나 훈훈한 브로맨스를 과시한다.",
				"subjectConsistencyYn": "Y"
			},
			{
				"sentenceNo": 6,
				"sentenceContent": "이정후는 구자욱에 대해 “제일 존경하는 형”이라면서 남다른 찐친 케미를 뽐낸다.",
				"subjectConsistencyYn": "Y"
			},
			{
				"sentenceNo": 7,
				"sentenceContent": "두 사람이 선보인 훈훈 티키타카에 MC들도 폭풍 미소를 지었다.",
				"subjectConsistencyYn": "Y"
			},
			{
				"sentenceNo": 8,
				"sentenceContent": "그런가 하면, 이날 구자욱은 시상식이 끝나자마자 야구 레슨 스케줄로 향해 또 한 번 놀라움을 자아낸다.",
				"subjectConsistencyYn": "Y"
			},
			{
				"sentenceNo": 9,
				"sentenceContent": "음악방송 5관왕을 달성하는 기염을 토했고, 국내 주요 음원 사이트 최상위권부터 빌보드, 스포티파이, 중국 QQ뮤직, 빌보드 재팬 등 글로벌 차트를 휩쓸며 가요계의 ‘베스트 일레븐’으로 확고한 입지를 다지고 있다. ‘완성형 그룹’이라는 수식어를 공고히 하고 있는 아이브는 ‘ELEVEN’ 활동 및 다채로운 콘텐츠를 통해 팬들을 만날 예정이다.",
				"subjectConsistencyYn": "N"
			}
		],
		"clickbaitClass": 0
	}
}