{
	"sourceDataInfo": {
		"newsID": "ET_M13_490681",
		"newsCategory": "연예",
		"newsSubcategory": "연예일반",
		"newsTitle": "안혜경 “너무나 찬란했던 짧은시간”",
		"newsSubTitle": "",
		"newsContent": "배우 안혜경이 연극 ‘월드다방’에 아쉬움과 애정을 드러냈다.\n안혜경은 20일 자신의 인스타그램에 “이렇게 즐거웠던적이 있었나 싶을만큼.. 모두가 너무나 찬란했던 짧은시간이었다. 월드다방 안녕. 순심아!! 방순심 이젠안녕♥”이라는 글과 사진을 공개했다.\n공개된 사진 속 안혜경은 극 중에서 환하게 웃고 있다.\n연극 ‘월드다방’은 한 번의 아픔을 겪은 후 더 이상의 사랑은 없다 생각하며 살아가는 다방레지 춘자와 그런 까칠한 그녀에게 맹목적인 사랑을 느끼게 된 공장 반장 광배가 공장 주변 다방에서 벌어지는 이야기를 담은 작품이다.\n안혜경은 ‘월드 다방’에서 순심 역을 맡았다.\n한편 안혜경은 2001년 MBC 공채 기상캐스터로 데뷔했다.\n안혜경은 SBS 예능 프로그램 ‘불타는 청춘’, ‘골 때리는 그녀들’ 등에 출연했다.",
		"partNum": "P2",
		"useType": 0,
		"processType": "A",
		"processPattern": "99",
		"processLevel": "하",
		"sentenceCount": 7,
		"processSentencenum": 2,
		"sentenceInfo": [
			{
				"sentenceNo": 1,
				"sentenceContent": "배우 안혜경이 연극 ‘월드다방’에 아쉬움과 애정을 드러냈다.",
				"sentenceSize": 33
			},
			{
				"sentenceNo": 2,
				"sentenceContent": "안혜경은 20일 자신의 인스타그램에 “이렇게 즐거웠던적이 있었나 싶을만큼.. 모두가 너무나 찬란했던 짧은시간이었다. 월드다방 안녕. 순심아!! 방순심 이젠안녕♥”이라는 글과 사진을 공개했다.",
				"sentenceSize": 106
			},
			{
				"sentenceNo": 3,
				"sentenceContent": "공개된 사진 속 안혜경은 극 중에서 환하게 웃고 있다.",
				"sentenceSize": 30
			},
			{
				"sentenceNo": 4,
				"sentenceContent": "연극 ‘월드다방’은 한 번의 아픔을 겪은 후 더 이상의 사랑은 없다 생각하며 살아가는 다방레지 춘자와 그런 까칠한 그녀에게 맹목적인 사랑을 느끼게 된 공장 반장 광배가 공장 주변 다방에서 벌어지는 이야기를 담은 작품이다.",
				"sentenceSize": 123
			},
			{
				"sentenceNo": 5,
				"sentenceContent": "안혜경은 ‘월드 다방’에서 순심 역을 맡았다.",
				"sentenceSize": 25
			},
			{
				"sentenceNo": 6,
				"sentenceContent": "한편 안혜경은 2001년 MBC 공채 기상캐스터로 데뷔했다.",
				"sentenceSize": 33
			},
			{
				"sentenceNo": 7,
				"sentenceContent": "안혜경은 SBS 예능 프로그램 ‘불타는 청춘’, ‘골 때리는 그녀들’ 등에 출연했다.",
				"sentenceSize": 47
			}
		]
	},
	"labeledDataInfo": {
		"processSentenceInfo": [
			{
				"sentenceNo": 1,
				"sentenceContent": "배우 안혜경이 연극 ‘월드다방’에 아쉬움과 애정을 드러냈다.",
				"subjectConsistencyYn": "Y"
			},
			{
				"sentenceNo": 2,
				"sentenceContent": "안혜경은 20일 자신의 인스타그램에 “이렇게 즐거웠던적이 있었나 싶을만큼.. 모두가 너무나 찬란했던 짧은시간이었다. 월드다방 안녕. 순심아!! 방순심 이젠안녕♥”이라는 글과 사진을 공개했다.",
				"subjectConsistencyYn": "Y"
			},
			{
				"sentenceNo": 3,
				"sentenceContent": "공개된 사진 속 안혜경은 극 중에서 환하게 웃고 있다.",
				"subjectConsistencyYn": "Y"
			},
			{
				"sentenceNo": 4,
				"sentenceContent": "연극 ‘월드다방’은 한 번의 아픔을 겪은 후 더 이상의 사랑은 없다 생각하며 살아가는 다방레지 춘자와 그런 까칠한 그녀에게 맹목적인 사랑을 느끼게 된 공장 반장 광배가 공장 주변 다방에서 벌어지는 이야기를 담은 작품이다.",
				"subjectConsistencyYn": "Y"
			},
			{
				"sentenceNo": 5,
				"sentenceContent": "안혜경은 ‘월드 다방’에서 순심 역을 맡았다.",
				"subjectConsistencyYn": "Y"
			},
			{
				"sentenceNo": 6,
				"sentenceContent": "한편, 대한외국인은 8단계에 캄보디아에서 온 복 위살봇을 영입했다.",
				"subjectConsistencyYn": "N"
			},
			{
				"sentenceNo": 7,
				"sentenceContent": "그는 대학원에서 한국 현대 사회와 문화 전공으로 박사 학위를 준비하며 계속 장학금을 받았고, ‘캄보디아의 S대’ 캄보디아 왕립 대학교에서도 4년 내내 장학금을 받았다고 해 강력해진 대한외국인들의 실력을 예고했다.",
				"subjectConsistencyYn": "N"
			},
			{
				"sentenceNo": 8,
				"sentenceContent": "박군의 첫 퀴즈 도전기는 11월 3일(수) 저녁 8시 30분 MBC에브리원 ‘대한외국인’을 통해서 확인할 수 있다.",
				"subjectConsistencyYn": "N"
			}
		],
		"clickbaitClass": 0
	}
}