{
	"sourceDataInfo": {
		"newsID": "ET_M13_490524",
		"newsCategory": "연예",
		"newsSubcategory": "방송",
		"newsTitle": "‘그랜파’ 백일섭, 프로 위협하는 ‘버디백’",
		"newsSubTitle": "",
		"newsContent": "백일섭이 프로 골퍼 아들에게 배운 ‘골프 꿀팁’을 대방출하며 ‘버디백’의 귀환을 알린다.\n백일섭은 18일(토) 밤 9시 30분 방송하는 MBN ‘그랜파’ 7회에서 박근형-임하룡-박진이 프로와 함께 아산 ‘파3홀’에서의 ‘홀인원 매치’에 돌입한다.\n이날 백일섭은 첫 홀부터 버디에 가까운 완벽 플레이를 선보여, 박진이 프로를 위협하는 ‘대항마’로 맹활약한다.\n이전보다 놀랍도록 실력이 향상한 모습에 도경완은 “혹시 과외를 받으셨냐”고 묻고, 박근형은 “아드님이 선수잖아, 레슨을 받았을 것”이라고 귀띔한다.\n백일섭은 “아들이 현직 프로 골퍼인데, 평소에는 골프를 절대로 가르쳐주지 않는다”면서, “그런데 오늘 처음으로 골프에 관한 ‘꿀팁’을 조언해줬다”고 밝힌다.\n이어 그는 “역시 프로는 다르더라”면서 깨알 같이 자식 자랑을 한다.\n아들의 원 포인트 레슨에 ‘레벨업’한 백일섭은 전에 없던 섬세한 어프로칭으로 ‘(섬)세남이 형’에 등극한다.\n이어 쾌조의 버디를 달성하고, 이에 ‘그랜파’ 멤버들과 박진이 프로는 “흔들리지 않는 편안한 플레이로 침대 광고를 부르는 것 같다”며 환호한다. ‘버디백’의 명성을 되찾게 해준 백일섭 아들의 ‘골프 꿀팁’이 무엇일지 궁금증이 쏠린다.\n제작진은 “백일섭이 ‘홀인원’ 도전에 관해 ‘하늘이 내려주는 것’이라고 말하면서도, 남다른 의욕과 집중력으로 공을 홀에 근접시키며 쫄깃한 플레이를 이어나갔다”며, “박진이 프로와의 경쟁에서도 우위를 드러내며 모두를 긴장하게 만든 ‘버디백’의 활약을 흥미진진하게 지켜봐 달라”고 밝혔다.\n한편 ‘인생필드 평생동반 그랜파(GRAND PAR)’는 국민할배 이순재-박근형-백일섭-임하룡과 ‘도캐디’ 도경완의 명랑 골프 유랑기를 담은 골프 예능. 오는 18일(토) 밤 9시 30분 7회를 방송한다.",
		"partNum": "P2",
		"useType": 0,
		"processType": "A",
		"processPattern": "99",
		"processLevel": "하",
		"sentenceCount": 10,
		"processSentencenum": 3,
		"sentenceInfo": [
			{
				"sentenceNo": 1,
				"sentenceContent": "백일섭이 프로 골퍼 아들에게 배운 ‘골프 꿀팁’을 대방출하며 ‘버디백’의 귀환을 알린다.",
				"sentenceSize": 49
			},
			{
				"sentenceNo": 2,
				"sentenceContent": "백일섭은 18일(토) 밤 9시 30분 방송하는 MBN ‘그랜파’ 7회에서 박근형-임하룡-박진이 프로와 함께 아산 ‘파3홀’에서의 ‘홀인원 매치’에 돌입한다.",
				"sentenceSize": 87
			},
			{
				"sentenceNo": 3,
				"sentenceContent": "이날 백일섭은 첫 홀부터 버디에 가까운 완벽 플레이를 선보여, 박진이 프로를 위협하는 ‘대항마’로 맹활약한다.",
				"sentenceSize": 61
			},
			{
				"sentenceNo": 4,
				"sentenceContent": "이전보다 놀랍도록 실력이 향상한 모습에 도경완은 “혹시 과외를 받으셨냐”고 묻고, 박근형은 “아드님이 선수잖아, 레슨을 받았을 것”이라고 귀띔한다.",
				"sentenceSize": 82
			},
			{
				"sentenceNo": 5,
				"sentenceContent": "백일섭은 “아들이 현직 프로 골퍼인데, 평소에는 골프를 절대로 가르쳐주지 않는다”면서, “그런데 오늘 처음으로 골프에 관한 ‘꿀팁’을 조언해줬다”고 밝힌다.",
				"sentenceSize": 87
			},
			{
				"sentenceNo": 6,
				"sentenceContent": "이어 그는 “역시 프로는 다르더라”면서 깨알 같이 자식 자랑을 한다.",
				"sentenceSize": 38
			},
			{
				"sentenceNo": 7,
				"sentenceContent": "아들의 원 포인트 레슨에 ‘레벨업’한 백일섭은 전에 없던 섬세한 어프로칭으로 ‘(섬)세남이 형’에 등극한다.",
				"sentenceSize": 60
			},
			{
				"sentenceNo": 8,
				"sentenceContent": "이어 쾌조의 버디를 달성하고, 이에 ‘그랜파’ 멤버들과 박진이 프로는 “흔들리지 않는 편안한 플레이로 침대 광고를 부르는 것 같다”며 환호한다. ‘버디백’의 명성을 되찾게 해준 백일섭 아들의 ‘골프 꿀팁’이 무엇일지 궁금증이 쏠린다.",
				"sentenceSize": 130
			},
			{
				"sentenceNo": 9,
				"sentenceContent": "제작진은 “백일섭이 ‘홀인원’ 도전에 관해 ‘하늘이 내려주는 것’이라고 말하면서도, 남다른 의욕과 집중력으로 공을 홀에 근접시키며 쫄깃한 플레이를 이어나갔다”며, “박진이 프로와의 경쟁에서도 우위를 드러내며 모두를 긴장하게 만든 ‘버디백’의 활약을 흥미진진하게 지켜봐 달라”고 밝혔다.",
				"sentenceSize": 159
			},
			{
				"sentenceNo": 10,
				"sentenceContent": "한편 ‘인생필드 평생동반 그랜파(GRAND PAR)’는 국민할배 이순재-박근형-백일섭-임하룡과 ‘도캐디’ 도경완의 명랑 골프 유랑기를 담은 골프 예능. 오는 18일(토) 밤 9시 30분 7회를 방송한다.",
				"sentenceSize": 113
			}
		]
	},
	"labeledDataInfo": {
		"processSentenceInfo": [
			{
				"sentenceNo": 1,
				"sentenceContent": "백일섭이 프로 골퍼 아들에게 배운 ‘골프 꿀팁’을 대방출하며 ‘버디백’의 귀환을 알린다.",
				"subjectConsistencyYn": "Y"
			},
			{
				"sentenceNo": 2,
				"sentenceContent": "백일섭은 18일(토) 밤 9시 30분 방송하는 MBN ‘그랜파’ 7회에서 박근형-임하룡-박진이 프로와 함께 아산 ‘파3홀’에서의 ‘홀인원 매치’에 돌입한다.",
				"subjectConsistencyYn": "Y"
			},
			{
				"sentenceNo": 3,
				"sentenceContent": "이날 백일섭은 첫 홀부터 버디에 가까운 완벽 플레이를 선보여, 박진이 프로를 위협하는 ‘대항마’로 맹활약한다.",
				"subjectConsistencyYn": "Y"
			},
			{
				"sentenceNo": 4,
				"sentenceContent": "이전보다 놀랍도록 실력이 향상한 모습에 도경완은 “혹시 과외를 받으셨냐”고 묻고, 박근형은 “아드님이 선수잖아, 레슨을 받았을 것”이라고 귀띔한다.",
				"subjectConsistencyYn": "Y"
			},
			{
				"sentenceNo": 5,
				"sentenceContent": "백일섭은 “아들이 현직 프로 골퍼인데, 평소에는 골프를 절대로 가르쳐주지 않는다”면서, “그런데 오늘 처음으로 골프에 관한 ‘꿀팁’을 조언해줬다”고 밝힌다.",
				"subjectConsistencyYn": "Y"
			},
			{
				"sentenceNo": 6,
				"sentenceContent": "이어 그는 “역시 프로는 다르더라”면서 깨알 같이 자식 자랑을 한다.",
				"subjectConsistencyYn": "Y"
			},
			{
				"sentenceNo": 7,
				"sentenceContent": "아들의 원 포인트 레슨에 ‘레벨업’한 백일섭은 전에 없던 섬세한 어프로칭으로 ‘(섬)세남이 형’에 등극한다.",
				"subjectConsistencyYn": "Y"
			},
			{
				"sentenceNo": 8,
				"sentenceContent": "이에 출연진은 ‘이미 10년 계약 한 것 아니었나’, ‘구두 계약일 뿐이었나’라며 나영석 사단으로 완벽하게 변신했다.",
				"subjectConsistencyYn": "N"
			},
			{
				"sentenceNo": 9,
				"sentenceContent": "나영석PD는 “긴말 없이 그저 웃기려 만든 프로그램이다. 재미에서 출연진 분들이 200% 이상을 해주셨다. 저희가 잘 만들어 내보내기만 하면 된다. 첫 방송만 봐주시면 시청자분들이 출연자 분들의 사랑스러운 매력에 푹 빠지실 것이다”라며 확실한 재미를 보장했다.",
				"subjectConsistencyYn": "N"
			},
			{
				"sentenceNo": 10,
				"sentenceContent": "새로운 얼굴과 등장한 나영석 사단의 ‘뿅뿅 지구오락실’은 오는 24일 오후 8시 50분 첫 방송된다.",
				"subjectConsistencyYn": "N"
			}
		],
		"clickbaitClass": 0
	}
}