{
	"sourceDataInfo": {
		"newsID": "ET_M13_490400",
		"newsCategory": "연예",
		"newsSubcategory": "연예일반",
		"newsTitle": "래퍼 쌈디 “돈 관리 엄마에게 맡겨, 서울에 집 두 채”",
		"newsSubTitle": "",
		"newsContent": "유튜브 채널 ‘GQ KOREA’에 지난 12일에 공개가 된 ‘어장관리하는 남자 어떻게 끊어내죠? 사이먼 도미닉의 솔직 담백 고백 상담소’라는 제목의 영상이 모바일과 온라인에서 주목을 받고 있다.\n쌈디는 구독자들 고민을 듣고 조언을 했다.\n그는 “자기 자신을 자랑스럽게 생각하고 사랑하는 것 같다. 어떻게 본인을 사랑하게 됐나. 자존감을 올리기 위해선 어떻게 해야 할까”라는 질문에 “좀 슬프다. 최근에 제 자신을 그렇게 사랑하지 않았던 거 같다”고 말했다.\n또 “몇 시간 전까지도 작업했다. 스스로 ‘밥 먹으면 식곤증 오니 밥 먹지 마’ ‘잠 적당히 자’ 한다. 내 자신에게 엄격한 스타일”이라며 “내 자신을 사랑스러워할 때도 있다. 실제로 일을 잘 마치고 성취감을 느끼면 사랑스럽다”고 밝혔다.\n그러면서 “좋아하는 일을 그냥 아무 불평불만 없이 잘 해내면 자기 자신도 사랑하게 되고 자존감도 올라가더라”고 밝혔다.\n한 구독자의 “부모님이 결혼 이야기밖에 안 해서 스트레스다”라는 고민에 쌈디는 “어느 순간 포기하게 될 거다. 억지로 굳이 마음에 들지도 않는 남자랑 연애하고 결혼할 필요가 없다”고 주장했다.\n쌈디는 어린 시절부터 운동을 한 학생이 슬럼프를 겪고 있다는 고민에는 “나도 음악을 하면서 슬럼프가 온다. 최근엔 번아웃이 왔다. 힙합, 랩에 대한 권태기가 좀 온 거 같다. 3년 가까이 슬럼프였기 때문에 그만두고 싶다는 생각까지 했다. 너무 내 마음대로 안 되더라”며 “올해 거의 못 쉬고 일만 하니까 영감이 하나도 안 떠올랐다”고 고백했다.\n이어 “자신에게 되물어보고 주변에도 물어봐라. 내가 이걸 하는 게 맞을까. 내 생각이 중요하니 참고만 하는 거다. 아직 어리니 다른 일을 찾을 수도 있다. 저는 지금까지도 뭔가 해보고 실패하기를 반복한다. 슬럼프를 계속 겪어나가는 중이고 극복하기도, 못하기도 한다”고 답했다.\n쌈디는 돈 관리 방법에 대한 질문에는 “엄마에게 맡겼다. 지금도 엄마가 돈 관리를 해주고 계신다”고 답했다.\n그는 “서울에 올라오실 때마다 은행을 같이 간다. 그래서 저는 서울에 집이 두 채 있다. 부모님께서 아끼고 제가 쓸데없는 돈을 못 쓰게 하셔서 돈을 모으게 됐다. 엄마에게 맡기는 게 제일 좋은 거 같다”고 덧붙였다.",
		"partNum": "P2",
		"useType": 0,
		"processType": "A",
		"processPattern": "99",
		"processLevel": "하",
		"sentenceCount": 10,
		"processSentencenum": 2,
		"sentenceInfo": [
			{
				"sentenceNo": 1,
				"sentenceContent": "유튜브 채널 ‘GQ KOREA’에 지난 12일에 공개가 된 ‘어장관리하는 남자 어떻게 끊어내죠? 사이먼 도미닉의 솔직 담백 고백 상담소’라는 제목의 영상이 모바일과 온라인에서 주목을 받고 있다.",
				"sentenceSize": 108
			},
			{
				"sentenceNo": 2,
				"sentenceContent": "쌈디는 구독자들 고민을 듣고 조언을 했다.",
				"sentenceSize": 23
			},
			{
				"sentenceNo": 3,
				"sentenceContent": "그는 “자기 자신을 자랑스럽게 생각하고 사랑하는 것 같다. 어떻게 본인을 사랑하게 됐나. 자존감을 올리기 위해선 어떻게 해야 할까”라는 질문에 “좀 슬프다. 최근에 제 자신을 그렇게 사랑하지 않았던 거 같다”고 말했다.",
				"sentenceSize": 122
			},
			{
				"sentenceNo": 4,
				"sentenceContent": "또 “몇 시간 전까지도 작업했다. 스스로 ‘밥 먹으면 식곤증 오니 밥 먹지 마’ ‘잠 적당히 자’ 한다. 내 자신에게 엄격한 스타일”이라며 “내 자신을 사랑스러워할 때도 있다. 실제로 일을 잘 마치고 성취감을 느끼면 사랑스럽다”고 밝혔다.",
				"sentenceSize": 133
			},
			{
				"sentenceNo": 5,
				"sentenceContent": "그러면서 “좋아하는 일을 그냥 아무 불평불만 없이 잘 해내면 자기 자신도 사랑하게 되고 자존감도 올라가더라”고 밝혔다.",
				"sentenceSize": 66
			},
			{
				"sentenceNo": 6,
				"sentenceContent": "한 구독자의 “부모님이 결혼 이야기밖에 안 해서 스트레스다”라는 고민에 쌈디는 “어느 순간 포기하게 될 거다. 억지로 굳이 마음에 들지도 않는 남자랑 연애하고 결혼할 필요가 없다”고 주장했다.",
				"sentenceSize": 107
			},
			{
				"sentenceNo": 7,
				"sentenceContent": "쌈디는 어린 시절부터 운동을 한 학생이 슬럼프를 겪고 있다는 고민에는 “나도 음악을 하면서 슬럼프가 온다. 최근엔 번아웃이 왔다. 힙합, 랩에 대한 권태기가 좀 온 거 같다. 3년 가까이 슬럼프였기 때문에 그만두고 싶다는 생각까지 했다. 너무 내 마음대로 안 되더라”며 “올해 거의 못 쉬고 일만 하니까 영감이 하나도 안 떠올랐다”고 고백했다.",
				"sentenceSize": 192
			},
			{
				"sentenceNo": 8,
				"sentenceContent": "이어 “자신에게 되물어보고 주변에도 물어봐라. 내가 이걸 하는 게 맞을까. 내 생각이 중요하니 참고만 하는 거다. 아직 어리니 다른 일을 찾을 수도 있다. 저는 지금까지도 뭔가 해보고 실패하기를 반복한다. 슬럼프를 계속 겪어나가는 중이고 극복하기도, 못하기도 한다”고 답했다.",
				"sentenceSize": 154
			},
			{
				"sentenceNo": 9,
				"sentenceContent": "쌈디는 돈 관리 방법에 대한 질문에는 “엄마에게 맡겼다. 지금도 엄마가 돈 관리를 해주고 계신다”고 답했다.",
				"sentenceSize": 60
			},
			{
				"sentenceNo": 10,
				"sentenceContent": "그는 “서울에 올라오실 때마다 은행을 같이 간다. 그래서 저는 서울에 집이 두 채 있다. 부모님께서 아끼고 제가 쓸데없는 돈을 못 쓰게 하셔서 돈을 모으게 됐다. 엄마에게 맡기는 게 제일 좋은 거 같다”고 덧붙였다.",
				"sentenceSize": 120
			}
		]
	},
	"labeledDataInfo": {
		"processSentenceInfo": [
			{
				"sentenceNo": 1,
				"sentenceContent": "유튜브 채널 ‘GQ KOREA’에 지난 12일에 공개가 된 ‘어장관리하는 남자 어떻게 끊어내죠? 사이먼 도미닉의 솔직 담백 고백 상담소’라는 제목의 영상이 모바일과 온라인에서 주목을 받고 있다.",
				"subjectConsistencyYn": "Y"
			},
			{
				"sentenceNo": 2,
				"sentenceContent": "쌈디는 구독자들 고민을 듣고 조언을 했다.",
				"subjectConsistencyYn": "Y"
			},
			{
				"sentenceNo": 3,
				"sentenceContent": "그는 “자기 자신을 자랑스럽게 생각하고 사랑하는 것 같다. 어떻게 본인을 사랑하게 됐나. 자존감을 올리기 위해선 어떻게 해야 할까”라는 질문에 “좀 슬프다. 최근에 제 자신을 그렇게 사랑하지 않았던 거 같다”고 말했다.",
				"subjectConsistencyYn": "Y"
			},
			{
				"sentenceNo": 4,
				"sentenceContent": "또 “몇 시간 전까지도 작업했다. 스스로 ‘밥 먹으면 식곤증 오니 밥 먹지 마’ ‘잠 적당히 자’ 한다. 내 자신에게 엄격한 스타일”이라며 “내 자신을 사랑스러워할 때도 있다. 실제로 일을 잘 마치고 성취감을 느끼면 사랑스럽다”고 밝혔다.",
				"subjectConsistencyYn": "Y"
			},
			{
				"sentenceNo": 5,
				"sentenceContent": "그러면서 “좋아하는 일을 그냥 아무 불평불만 없이 잘 해내면 자기 자신도 사랑하게 되고 자존감도 올라가더라”고 밝혔다.",
				"subjectConsistencyYn": "Y"
			},
			{
				"sentenceNo": 6,
				"sentenceContent": "한 구독자의 “부모님이 결혼 이야기밖에 안 해서 스트레스다”라는 고민에 쌈디는 “어느 순간 포기하게 될 거다. 억지로 굳이 마음에 들지도 않는 남자랑 연애하고 결혼할 필요가 없다”고 주장했다.",
				"subjectConsistencyYn": "Y"
			},
			{
				"sentenceNo": 7,
				"sentenceContent": "쌈디는 어린 시절부터 운동을 한 학생이 슬럼프를 겪고 있다는 고민에는 “나도 음악을 하면서 슬럼프가 온다. 최근엔 번아웃이 왔다. 힙합, 랩에 대한 권태기가 좀 온 거 같다. 3년 가까이 슬럼프였기 때문에 그만두고 싶다는 생각까지 했다. 너무 내 마음대로 안 되더라”며 “올해 거의 못 쉬고 일만 하니까 영감이 하나도 안 떠올랐다”고 고백했다.",
				"subjectConsistencyYn": "Y"
			},
			{
				"sentenceNo": 8,
				"sentenceContent": "이어 “자신에게 되물어보고 주변에도 물어봐라. 내가 이걸 하는 게 맞을까. 내 생각이 중요하니 참고만 하는 거다. 아직 어리니 다른 일을 찾을 수도 있다. 저는 지금까지도 뭔가 해보고 실패하기를 반복한다. 슬럼프를 계속 겪어나가는 중이고 극복하기도, 못하기도 한다”고 답했다.",
				"subjectConsistencyYn": "Y"
			},
			{
				"sentenceNo": 9,
				"sentenceContent": "김성주는 “‘내캐디’에서 가장 중요한 건 골프 실력”이라며 이들을 불꽃 튀는 승부의 세계로 안내한다.",
				"subjectConsistencyYn": "N"
			},
			{
				"sentenceNo": 10,
				"sentenceContent": "캐디들의 서포트 열정에 힘입어 불붙은 승부욕을 자랑할 대학생들의 라운딩 대결이 궁금해진다.",
				"subjectConsistencyYn": "N"
			},
			{
				"sentenceNo": 11,
				"sentenceContent": "다양한 계층의 게스트가 골프 선수가 되어 MC 캐디와 함께 게임을 진행하는 골프 예능프로그램 ‘내 이름은 캐디’는 오는 22일 밤 9시 채널 IHQ에서 방송된다.",
				"subjectConsistencyYn": "N"
			}
		],
		"clickbaitClass": 0
	}
}