{
	"sourceDataInfo": {
		"newsID": "ET_M13_490584",
		"newsCategory": "연예",
		"newsSubcategory": "방송",
		"newsTitle": "‘옷소매’ 왕이 된 남자, 멋쁨 이준호",
		"newsSubTitle": "",
		"newsContent": "‘옷소매 붉은 끝동’ 이준호의 붉은 곤룡포 비주얼이 전격 공개됐다.\n시청률과 화제성을 올킬하며 승승장구하고 있는 하반기 최고의 화제작 MBC 금토드라마 ‘옷소매 붉은 끝동’(연출 정지인 송연화/극본 정해리/제작 위매드, 앤피오엔터테인먼트/영제 The Red Sleeve/이하 ‘옷소매’)이 오늘(18일) 12회를 방송하는 가운데, ‘옷소매’ 측이 홍룡포 차림을 한 이산(이준호 분)의 스틸을 공개해 본 방송에 대한 관심을 고조시킨다.\n공개된 스틸 속 이산은 왕세손의 상징인 아청색 곤룡포를 벗고, 왕의 상징인 붉은색 곤룡포를 차려 입고 있어 시선을 강탈한다.\n더욱이 그는 근엄한 자태로 어좌에 앉아있는 모습. 수려하고도 반듯한 용안과 건장한 자태, 냉철하고도 카리스마 넘치는 눈빛, 군주의 품격이 느껴지는 맵시가 절묘하게 어우러진 ‘젊은 왕’의 비주얼이 여심을 두근거리게 만든다.\n더욱이 풋풋한 소년미가 느껴지던 왕세손 시절과 달리 한층 깊어진 눈빛과 남성미가 돋보인다.\n이에 일국의 제왕이자 한층 매력을 더한 남자가 된 이산이 성덕임(이세영 분)과 펼쳐나갈 로맨스에 기대감이 수직 상승한다.\n이에 ‘옷소매’ 제작진은 “이산의 즉위와 함께 새로운 서사가 펼쳐질 예정이다. 이와 함께 성덕임을 향한 제왕의 사랑 역시 급물살을 탈 것이다. 왕이 된 이산과, 여전히 궁녀이고 싶은 성덕임의 애절한 사랑이 시작될 ‘옷소매’에 많은 기대 부탁드린다”고 전했다.\n한편 지난 ‘옷소매’ 11회 방송에서는 이산(이준호 분)이 영조(이덕화 분)과 갈등을 빚으며 폐위와 선위, 두 갈림길 앞에 서는 모습이 그려졌다.\n이 과정에서 영조에게 동덕회의 존재를 들키고 만 산은 역적으로 몰리고, 일순간 눈빛이 돌변한 영조가 서슬 퍼런 장검을 뽑아 들어 산의 목숨을 위협해 긴장감이 극으로 치달았다.\n같은 시각, 산의 폐위를 막을 수 있는 금등지사의 존재를 알고 있는 성덕임(이세영 분)이 중전 김씨(장희진 분)에게 도움을 청한 상황. 그야말로 일촉즉발의 위기 속에서 사투를 벌이고 있는 산과 덕임이 이 위기를 어떻게 극복해낼지 귀추가 주목된다.\nMBC 금토드라마 ‘옷소매 붉은 끝동’은 자신이 선택한 삶을 지키고자 한 궁녀와 사랑보다 나라가 우선이었던 제왕의 애절한 궁중 로맨스 기록. 오늘(18일) 밤 9시 50분에 12회가 방송된다.",
		"partNum": "P2",
		"useType": 0,
		"processType": "A",
		"processPattern": "99",
		"processLevel": "하",
		"sentenceCount": 11,
		"processSentencenum": 2,
		"sentenceInfo": [
			{
				"sentenceNo": 1,
				"sentenceContent": "‘옷소매 붉은 끝동’ 이준호의 붉은 곤룡포 비주얼이 전격 공개됐다.",
				"sentenceSize": 37
			},
			{
				"sentenceNo": 2,
				"sentenceContent": "시청률과 화제성을 올킬하며 승승장구하고 있는 하반기 최고의 화제작 MBC 금토드라마 ‘옷소매 붉은 끝동’(연출 정지인 송연화/극본 정해리/제작 위매드, 앤피오엔터테인먼트/영제 The Red Sleeve/이하 ‘옷소매’)이 오늘(18일) 12회를 방송하는 가운데, ‘옷소매’ 측이 홍룡포 차림을 한 이산(이준호 분)의 스틸을 공개해 본 방송에 대한 관심을 고조시킨다.",
				"sentenceSize": 204
			},
			{
				"sentenceNo": 3,
				"sentenceContent": "공개된 스틸 속 이산은 왕세손의 상징인 아청색 곤룡포를 벗고, 왕의 상징인 붉은색 곤룡포를 차려 입고 있어 시선을 강탈한다.",
				"sentenceSize": 69
			},
			{
				"sentenceNo": 4,
				"sentenceContent": "더욱이 그는 근엄한 자태로 어좌에 앉아있는 모습. 수려하고도 반듯한 용안과 건장한 자태, 냉철하고도 카리스마 넘치는 눈빛, 군주의 품격이 느껴지는 맵시가 절묘하게 어우러진 ‘젊은 왕’의 비주얼이 여심을 두근거리게 만든다.",
				"sentenceSize": 123
			},
			{
				"sentenceNo": 5,
				"sentenceContent": "더욱이 풋풋한 소년미가 느껴지던 왕세손 시절과 달리 한층 깊어진 눈빛과 남성미가 돋보인다.",
				"sentenceSize": 50
			},
			{
				"sentenceNo": 6,
				"sentenceContent": "이에 일국의 제왕이자 한층 매력을 더한 남자가 된 이산이 성덕임(이세영 분)과 펼쳐나갈 로맨스에 기대감이 수직 상승한다.",
				"sentenceSize": 67
			},
			{
				"sentenceNo": 7,
				"sentenceContent": "이에 ‘옷소매’ 제작진은 “이산의 즉위와 함께 새로운 서사가 펼쳐질 예정이다. 이와 함께 성덕임을 향한 제왕의 사랑 역시 급물살을 탈 것이다. 왕이 된 이산과, 여전히 궁녀이고 싶은 성덕임의 애절한 사랑이 시작될 ‘옷소매’에 많은 기대 부탁드린다”고 전했다.",
				"sentenceSize": 144
			},
			{
				"sentenceNo": 8,
				"sentenceContent": "한편 지난 ‘옷소매’ 11회 방송에서는 이산(이준호 분)이 영조(이덕화 분)과 갈등을 빚으며 폐위와 선위, 두 갈림길 앞에 서는 모습이 그려졌다.",
				"sentenceSize": 81
			},
			{
				"sentenceNo": 9,
				"sentenceContent": "이 과정에서 영조에게 동덕회의 존재를 들키고 만 산은 역적으로 몰리고, 일순간 눈빛이 돌변한 영조가 서슬 퍼런 장검을 뽑아 들어 산의 목숨을 위협해 긴장감이 극으로 치달았다.",
				"sentenceSize": 97
			},
			{
				"sentenceNo": 10,
				"sentenceContent": "같은 시각, 산의 폐위를 막을 수 있는 금등지사의 존재를 알고 있는 성덕임(이세영 분)이 중전 김씨(장희진 분)에게 도움을 청한 상황. 그야말로 일촉즉발의 위기 속에서 사투를 벌이고 있는 산과 덕임이 이 위기를 어떻게 극복해낼지 귀추가 주목된다.",
				"sentenceSize": 137
			},
			{
				"sentenceNo": 11,
				"sentenceContent": "MBC 금토드라마 ‘옷소매 붉은 끝동’은 자신이 선택한 삶을 지키고자 한 궁녀와 사랑보다 나라가 우선이었던 제왕의 애절한 궁중 로맨스 기록. 오늘(18일) 밤 9시 50분에 12회가 방송된다.",
				"sentenceSize": 107
			}
		]
	},
	"labeledDataInfo": {
		"processSentenceInfo": [
			{
				"sentenceNo": 1,
				"sentenceContent": "‘옷소매 붉은 끝동’ 이준호의 붉은 곤룡포 비주얼이 전격 공개됐다.",
				"subjectConsistencyYn": "Y"
			},
			{
				"sentenceNo": 2,
				"sentenceContent": "시청률과 화제성을 올킬하며 승승장구하고 있는 하반기 최고의 화제작 MBC 금토드라마 ‘옷소매 붉은 끝동’(연출 정지인 송연화/극본 정해리/제작 위매드, 앤피오엔터테인먼트/영제 The Red Sleeve/이하 ‘옷소매’)이 오늘(18일) 12회를 방송하는 가운데, ‘옷소매’ 측이 홍룡포 차림을 한 이산(이준호 분)의 스틸을 공개해 본 방송에 대한 관심을 고조시킨다.",
				"subjectConsistencyYn": "Y"
			},
			{
				"sentenceNo": 3,
				"sentenceContent": "공개된 스틸 속 이산은 왕세손의 상징인 아청색 곤룡포를 벗고, 왕의 상징인 붉은색 곤룡포를 차려 입고 있어 시선을 강탈한다.",
				"subjectConsistencyYn": "Y"
			},
			{
				"sentenceNo": 4,
				"sentenceContent": "더욱이 그는 근엄한 자태로 어좌에 앉아있는 모습. 수려하고도 반듯한 용안과 건장한 자태, 냉철하고도 카리스마 넘치는 눈빛, 군주의 품격이 느껴지는 맵시가 절묘하게 어우러진 ‘젊은 왕’의 비주얼이 여심을 두근거리게 만든다.",
				"subjectConsistencyYn": "Y"
			},
			{
				"sentenceNo": 5,
				"sentenceContent": "더욱이 풋풋한 소년미가 느껴지던 왕세손 시절과 달리 한층 깊어진 눈빛과 남성미가 돋보인다.",
				"subjectConsistencyYn": "Y"
			},
			{
				"sentenceNo": 6,
				"sentenceContent": "이에 일국의 제왕이자 한층 매력을 더한 남자가 된 이산이 성덕임(이세영 분)과 펼쳐나갈 로맨스에 기대감이 수직 상승한다.",
				"subjectConsistencyYn": "Y"
			},
			{
				"sentenceNo": 7,
				"sentenceContent": "이에 ‘옷소매’ 제작진은 “이산의 즉위와 함께 새로운 서사가 펼쳐질 예정이다. 이와 함께 성덕임을 향한 제왕의 사랑 역시 급물살을 탈 것이다. 왕이 된 이산과, 여전히 궁녀이고 싶은 성덕임의 애절한 사랑이 시작될 ‘옷소매’에 많은 기대 부탁드린다”고 전했다.",
				"subjectConsistencyYn": "Y"
			},
			{
				"sentenceNo": 8,
				"sentenceContent": "한편 지난 ‘옷소매’ 11회 방송에서는 이산(이준호 분)이 영조(이덕화 분)과 갈등을 빚으며 폐위와 선위, 두 갈림길 앞에 서는 모습이 그려졌다.",
				"subjectConsistencyYn": "Y"
			},
			{
				"sentenceNo": 9,
				"sentenceContent": "이 과정에서 영조에게 동덕회의 존재를 들키고 만 산은 역적으로 몰리고, 일순간 눈빛이 돌변한 영조가 서슬 퍼런 장검을 뽑아 들어 산의 목숨을 위협해 긴장감이 극으로 치달았다.",
				"subjectConsistencyYn": "Y"
			},
			{
				"sentenceNo": 10,
				"sentenceContent": "한편, ‘플라이하이’ 콘서트는 사단법인 한국매니지먼트연합이 문화체육관광부 및 아리랑TV와 함께 코로나19의 대유행으로 인해 침체된 대중음악공연산업으로 인해 데뷔를 하고도 공연의 기회를 많이 얻지 못한 신인 아이돌 그룹을 위해 개최된 콘서트다",
				"subjectConsistencyYn": "N"
			}
		],
		"clickbaitClass": 0
	}
}