{
	"sourceDataInfo": {
		"newsID": "ET_M13_490708",
		"newsCategory": "연예",
		"newsSubcategory": "음악",
		"newsTitle": "자이언티, 23일 컴백[공식]",
		"newsSubTitle": "",
		"newsContent": "가수 자이언티(Zion.T)가 또 한 번 연말 가요계 접수에 나선다.\n소속사 더블랙레이블은 지난 20일 오후 7시 30분 공식 SNS를 통해 자이언티의 새 싱글 ‘선물을 고르며(A Gift!)’의 티저 이미지를 깜짝 공개하며 컴백 소식을 알렸다.\n컴백 티저 이미지에는 붉은 계열의 건물 위에 누워 있는 자이언티의 모습이 담겼다.\n또 ‘2021.12.23 6PM’이라는 문구가 신곡의 발매일을 알려 이목을 집중시켰다.\n이와 함께 곡명 ‘선물을 고르며’도 함께 오픈돼 자이언티만의 트렌디하면서도 감성 넘치는 음악을 기다려온 리스너들의 기대감을 한껏 고조시켰다.\n자이언티는 지난 3일 종영한 Mnet ‘쇼미더머니10’에 슬롬과 함께 프로듀서로 출연해 뛰어난 프로듀싱 능력을 발휘하며 막강한 음원 파워를 과시했다.\n특히 자이언티가 작사, 작곡은 물론, 피처링에도 참여해 뜨거운 화제를 모은 소코도모의 ‘회전목마 (Feat. Zion.T, 원슈타인) (Prod. Slom)’는 방송이 종료된 현재까지도 국내 주요 음원 사이트에서 상위권을 굳건히 유지하며 ‘음원 강자’ 자이언티의 저력을 입증하고 있다.\n특유의 유니크한 보이스와 감성으로 리스너들의 취향을 완벽하게 저격한 자이언티가 신곡 ‘선물을 고르며’를 통해 또 한 번 연말 가요계를 접수할 수 있을지 주목된다.\n자이언티의 새 싱글 ‘선물을 고르며’는 오는 23일 오후 6시 각종 음원 사이트를 통해 발매된다.",
		"partNum": "P2",
		"useType": 0,
		"processType": "A",
		"processPattern": "99",
		"processLevel": "하",
		"sentenceCount": 9,
		"processSentencenum": 2,
		"sentenceInfo": [
			{
				"sentenceNo": 1,
				"sentenceContent": "가수 자이언티(Zion.T)가 또 한 번 연말 가요계 접수에 나선다.",
				"sentenceSize": 38
			},
			{
				"sentenceNo": 2,
				"sentenceContent": "소속사 더블랙레이블은 지난 20일 오후 7시 30분 공식 SNS를 통해 자이언티의 새 싱글 ‘선물을 고르며(A Gift!)’의 티저 이미지를 깜짝 공개하며 컴백 소식을 알렸다.",
				"sentenceSize": 98
			},
			{
				"sentenceNo": 3,
				"sentenceContent": "컴백 티저 이미지에는 붉은 계열의 건물 위에 누워 있는 자이언티의 모습이 담겼다.",
				"sentenceSize": 45
			},
			{
				"sentenceNo": 4,
				"sentenceContent": "또 ‘2021.12.23 6PM’이라는 문구가 신곡의 발매일을 알려 이목을 집중시켰다.",
				"sentenceSize": 48
			},
			{
				"sentenceNo": 5,
				"sentenceContent": "이와 함께 곡명 ‘선물을 고르며’도 함께 오픈돼 자이언티만의 트렌디하면서도 감성 넘치는 음악을 기다려온 리스너들의 기대감을 한껏 고조시켰다.",
				"sentenceSize": 78
			},
			{
				"sentenceNo": 6,
				"sentenceContent": "자이언티는 지난 3일 종영한 Mnet ‘쇼미더머니10’에 슬롬과 함께 프로듀서로 출연해 뛰어난 프로듀싱 능력을 발휘하며 막강한 음원 파워를 과시했다.",
				"sentenceSize": 83
			},
			{
				"sentenceNo": 7,
				"sentenceContent": "특히 자이언티가 작사, 작곡은 물론, 피처링에도 참여해 뜨거운 화제를 모은 소코도모의 ‘회전목마 (Feat. Zion.T, 원슈타인) (Prod. Slom)’는 방송이 종료된 현재까지도 국내 주요 음원 사이트에서 상위권을 굳건히 유지하며 ‘음원 강자’ 자이언티의 저력을 입증하고 있다.",
				"sentenceSize": 159
			},
			{
				"sentenceNo": 8,
				"sentenceContent": "특유의 유니크한 보이스와 감성으로 리스너들의 취향을 완벽하게 저격한 자이언티가 신곡 ‘선물을 고르며’를 통해 또 한 번 연말 가요계를 접수할 수 있을지 주목된다.",
				"sentenceSize": 90
			},
			{
				"sentenceNo": 9,
				"sentenceContent": "자이언티의 새 싱글 ‘선물을 고르며’는 오는 23일 오후 6시 각종 음원 사이트를 통해 발매된다.",
				"sentenceSize": 54
			}
		]
	},
	"labeledDataInfo": {
		"processSentenceInfo": [
			{
				"sentenceNo": 1,
				"sentenceContent": "가수 자이언티(Zion.T)가 또 한 번 연말 가요계 접수에 나선다.",
				"subjectConsistencyYn": "Y"
			},
			{
				"sentenceNo": 2,
				"sentenceContent": "소속사 더블랙레이블은 지난 20일 오후 7시 30분 공식 SNS를 통해 자이언티의 새 싱글 ‘선물을 고르며(A Gift!)’의 티저 이미지를 깜짝 공개하며 컴백 소식을 알렸다.",
				"subjectConsistencyYn": "Y"
			},
			{
				"sentenceNo": 3,
				"sentenceContent": "컴백 티저 이미지에는 붉은 계열의 건물 위에 누워 있는 자이언티의 모습이 담겼다.",
				"subjectConsistencyYn": "Y"
			},
			{
				"sentenceNo": 4,
				"sentenceContent": "또 ‘2021.12.23 6PM’이라는 문구가 신곡의 발매일을 알려 이목을 집중시켰다.",
				"subjectConsistencyYn": "Y"
			},
			{
				"sentenceNo": 5,
				"sentenceContent": "이와 함께 곡명 ‘선물을 고르며’도 함께 오픈돼 자이언티만의 트렌디하면서도 감성 넘치는 음악을 기다려온 리스너들의 기대감을 한껏 고조시켰다.",
				"subjectConsistencyYn": "Y"
			},
			{
				"sentenceNo": 6,
				"sentenceContent": "자이언티는 지난 3일 종영한 Mnet ‘쇼미더머니10’에 슬롬과 함께 프로듀서로 출연해 뛰어난 프로듀싱 능력을 발휘하며 막강한 음원 파워를 과시했다.",
				"subjectConsistencyYn": "Y"
			},
			{
				"sentenceNo": 7,
				"sentenceContent": "특히 자이언티가 작사, 작곡은 물론, 피처링에도 참여해 뜨거운 화제를 모은 소코도모의 ‘회전목마 (Feat. Zion.T, 원슈타인) (Prod. Slom)’는 방송이 종료된 현재까지도 국내 주요 음원 사이트에서 상위권을 굳건히 유지하며 ‘음원 강자’ 자이언티의 저력을 입증하고 있다.",
				"subjectConsistencyYn": "Y"
			},
			{
				"sentenceNo": 8,
				"sentenceContent": "한편, tvN 새 드라마 ‘킬힐’은 2022년 상반기 중 방영 예정이다.",
				"subjectConsistencyYn": "N"
			}
		],
		"clickbaitClass": 0
	}
}