{
	"sourceDataInfo": {
		"newsID": "ET_M13_490542",
		"newsCategory": "연예",
		"newsSubcategory": "연예일반",
		"newsTitle": "백종원 지나친 방송개입, 시청률 하락 불렀나",
		"newsSubTitle": "",
		"newsContent": "더본코리아 수장 백종원 관련 방송의 하락세가 연일 이어지면서 분석이 나왔다.\n기자 출신 유튜버 이진호는 16일 유튜브 채널에서 “백종원이 최근 시청률, 조회수, 화제성 등 객관적 수치로 하락이 지속되고 있다”며 “백종원의 위기와 관련한 기사도 나오고 있다”고 밝혔다.\n백종원이 출연하는 방송 프로그램의 시청률 고전은 연이어 이어지고 있다.\n최근 백종원이 출연하는 ‘백종원의 사계’ ‘백스리핏’ ‘백파더’ ‘맛남의 광장’ 등이 낮은 시청률과 화제성을 안은 채 줄줄이 종영을 맞이했다.\n백종원의 대표 프로그램인 ‘백종원의 골목식당’도 2%대의 저조한 시청률을 보이며 종영을 앞두고 있다.\n백종원이 출연하는 예능 프로그램의 하락세 배경으로 여러 이유가 거론되고 있다.\n이진호는 “백종원의 더본코리아는 서민적인 이미지를 갖고 있었지만, 연돈 돈가츠 프렌차이드화 논란 등으로 인해 대중의 싸늘한 반응을 마주했다”며 “이번 논란으로 인해 ‘사업가 백종원’의 민낯이 적나라하게 드러난 것”이라고 말했다.\n백종원의 지나친 방송 개입도 지적된 상태다.\n이진호는 “백종원을 바라보는 현장의 반응은 극과 극으로 나눠져 있다”며 “백종원이 자신이 출연하는 프로그램의 기획뿐 아니라 연출에까지 손을 대는 경우가 많아졌다”고 말했다.\n그러면서 “완벽주의자 성향 덕에 관여하는 횟수도 많아졌고, 그 범위도 넓어졌다”며 “이 때문에 백종원과 연출 PD간의 의견 차가 발생하는 경우도 잦아졌다”고 했다.\n이진호는 “이 때문에 백종원에게 연차가 낮은 PD를 전담으로 붙이는 경우도 있자 ‘백종원이 사실상 프로그램 CP가 아니냐’는 볼멘 소리가 나왔던 배경”이라며 “일부 PD들 사이에서는 ‘백종원이 어렵다’는 말이 나오고 있다”고 말했다.",
		"partNum": "P2",
		"useType": 0,
		"processType": "A",
		"processPattern": "99",
		"processLevel": "하",
		"sentenceCount": 11,
		"processSentencenum": 3,
		"sentenceInfo": [
			{
				"sentenceNo": 1,
				"sentenceContent": "더본코리아 수장 백종원 관련 방송의 하락세가 연일 이어지면서 분석이 나왔다.",
				"sentenceSize": 42
			},
			{
				"sentenceNo": 2,
				"sentenceContent": "기자 출신 유튜버 이진호는 16일 유튜브 채널에서 “백종원이 최근 시청률, 조회수, 화제성 등 객관적 수치로 하락이 지속되고 있다”며 “백종원의 위기와 관련한 기사도 나오고 있다”고 밝혔다.",
				"sentenceSize": 106
			},
			{
				"sentenceNo": 3,
				"sentenceContent": "백종원이 출연하는 방송 프로그램의 시청률 고전은 연이어 이어지고 있다.",
				"sentenceSize": 39
			},
			{
				"sentenceNo": 4,
				"sentenceContent": "최근 백종원이 출연하는 ‘백종원의 사계’ ‘백스리핏’ ‘백파더’ ‘맛남의 광장’ 등이 낮은 시청률과 화제성을 안은 채 줄줄이 종영을 맞이했다.",
				"sentenceSize": 79
			},
			{
				"sentenceNo": 5,
				"sentenceContent": "백종원의 대표 프로그램인 ‘백종원의 골목식당’도 2%대의 저조한 시청률을 보이며 종영을 앞두고 있다.",
				"sentenceSize": 56
			},
			{
				"sentenceNo": 6,
				"sentenceContent": "백종원이 출연하는 예능 프로그램의 하락세 배경으로 여러 이유가 거론되고 있다.",
				"sentenceSize": 43
			},
			{
				"sentenceNo": 7,
				"sentenceContent": "이진호는 “백종원의 더본코리아는 서민적인 이미지를 갖고 있었지만, 연돈 돈가츠 프렌차이드화 논란 등으로 인해 대중의 싸늘한 반응을 마주했다”며 “이번 논란으로 인해 ‘사업가 백종원’의 민낯이 적나라하게 드러난 것”이라고 말했다.",
				"sentenceSize": 127
			},
			{
				"sentenceNo": 8,
				"sentenceContent": "백종원의 지나친 방송 개입도 지적된 상태다.",
				"sentenceSize": 24
			},
			{
				"sentenceNo": 9,
				"sentenceContent": "이진호는 “백종원을 바라보는 현장의 반응은 극과 극으로 나눠져 있다”며 “백종원이 자신이 출연하는 프로그램의 기획뿐 아니라 연출에까지 손을 대는 경우가 많아졌다”고 말했다.",
				"sentenceSize": 96
			},
			{
				"sentenceNo": 10,
				"sentenceContent": "그러면서 “완벽주의자 성향 덕에 관여하는 횟수도 많아졌고, 그 범위도 넓어졌다”며 “이 때문에 백종원과 연출 PD간의 의견 차가 발생하는 경우도 잦아졌다”고 했다.",
				"sentenceSize": 91
			},
			{
				"sentenceNo": 11,
				"sentenceContent": "이진호는 “이 때문에 백종원에게 연차가 낮은 PD를 전담으로 붙이는 경우도 있자 ‘백종원이 사실상 프로그램 CP가 아니냐’는 볼멘 소리가 나왔던 배경”이라며 “일부 PD들 사이에서는 ‘백종원이 어렵다’는 말이 나오고 있다”고 말했다.",
				"sentenceSize": 130
			}
		]
	},
	"labeledDataInfo": {
		"processSentenceInfo": [
			{
				"sentenceNo": 1,
				"sentenceContent": "더본코리아 수장 백종원 관련 방송의 하락세가 연일 이어지면서 분석이 나왔다.",
				"subjectConsistencyYn": "Y"
			},
			{
				"sentenceNo": 2,
				"sentenceContent": "기자 출신 유튜버 이진호는 16일 유튜브 채널에서 “백종원이 최근 시청률, 조회수, 화제성 등 객관적 수치로 하락이 지속되고 있다”며 “백종원의 위기와 관련한 기사도 나오고 있다”고 밝혔다.",
				"subjectConsistencyYn": "Y"
			},
			{
				"sentenceNo": 3,
				"sentenceContent": "백종원이 출연하는 방송 프로그램의 시청률 고전은 연이어 이어지고 있다.",
				"subjectConsistencyYn": "Y"
			},
			{
				"sentenceNo": 4,
				"sentenceContent": "최근 백종원이 출연하는 ‘백종원의 사계’ ‘백스리핏’ ‘백파더’ ‘맛남의 광장’ 등이 낮은 시청률과 화제성을 안은 채 줄줄이 종영을 맞이했다.",
				"subjectConsistencyYn": "Y"
			},
			{
				"sentenceNo": 5,
				"sentenceContent": "백종원의 대표 프로그램인 ‘백종원의 골목식당’도 2%대의 저조한 시청률을 보이며 종영을 앞두고 있다.",
				"subjectConsistencyYn": "Y"
			},
			{
				"sentenceNo": 6,
				"sentenceContent": "백종원이 출연하는 예능 프로그램의 하락세 배경으로 여러 이유가 거론되고 있다.",
				"subjectConsistencyYn": "Y"
			},
			{
				"sentenceNo": 7,
				"sentenceContent": "이진호는 “백종원의 더본코리아는 서민적인 이미지를 갖고 있었지만, 연돈 돈가츠 프렌차이드화 논란 등으로 인해 대중의 싸늘한 반응을 마주했다”며 “이번 논란으로 인해 ‘사업가 백종원’의 민낯이 적나라하게 드러난 것”이라고 말했다.",
				"subjectConsistencyYn": "Y"
			},
			{
				"sentenceNo": 8,
				"sentenceContent": "백종원의 지나친 방송 개입도 지적된 상태다.",
				"subjectConsistencyYn": "Y"
			},
			{
				"sentenceNo": 9,
				"sentenceContent": "구체적인 날짜와 장소 등은 미정이다.",
				"subjectConsistencyYn": "N"
			}
		],
		"clickbaitClass": 0
	}
}