{
	"sourceDataInfo": {
		"newsID": "ET_M13_490328",
		"newsCategory": "연예",
		"newsSubcategory": "방송",
		"newsTitle": "위아이 김요한, 9개월 만 ‘더쇼’ MC 굿바이",
		"newsSubTitle": "",
		"newsContent": "그룹 위아이(WEi)의 김요한이 ‘더쇼’와 아름다운 이별을 했다.\n김요한은 지난 14일 방송된 SBS MTV 음악 프로그램 ‘더쇼’에서 MC로서 마지막 인사를 전했다.\n지난 3월 MC로 합류한 김요한은 ‘더쇼’의 마스코트 MC로 활약했다. ‘더쇼’ 마지막 방송을 마친 김요한은 소속사 위엔터테인먼트를 통해 “팬분들께 큰 사랑을 받았다. 많이 응원해주시고 사랑해주셔서 정말 감사하다. ‘더쇼’ MC는 시간이 지나도 저에게 정말 잊지 못할 큰 추억이 될 것 같다. 아직도 첫 MC 할 때가 생각이 난다. 떨리는 마음으로 간 ‘더쇼’에서 좋은 분들을 만났고, 좋은 동료들 덕분에 MC를 하는 기간 동안 정말 행복했다”라는 소감을 밝혔다.\n이어 “‘더쇼’ MC로서는 이제 마무리지만 앞으로 좋은 모습으로 다양한 활동을 많이 할 테니 저 김요한도 많이 응원해달라”라고 인사해 앞으로의 행보를 기대하게 만들었다.\n이와 함께 ‘더쇼’ 현장에서 촬영한 특별한 인증샷을 공개했다.\n사진 속 김요한은 트로피와 꽃다발을 들고 밝은 미소를 지어 훈훈함을 자아냈다.\n한편, 김요한은 현재 KBS 2TV 드라마 ‘학교 2021’에서 주인공 공기준 역을 맡아 호연으로 작품을 이끌고 있다.\n김요한이 그려내는 열여덟 청춘들의 성장기인 ‘학교 2021’은 매주 수, 목요일 오후 9시 30분 방송된다.",
		"partNum": "P2",
		"useType": 0,
		"processType": "A",
		"processPattern": "99",
		"processLevel": "하",
		"sentenceCount": 8,
		"processSentencenum": 2,
		"sentenceInfo": [
			{
				"sentenceNo": 1,
				"sentenceContent": "그룹 위아이(WEi)의 김요한이 ‘더쇼’와 아름다운 이별을 했다.",
				"sentenceSize": 36
			},
			{
				"sentenceNo": 2,
				"sentenceContent": "김요한은 지난 14일 방송된 SBS MTV 음악 프로그램 ‘더쇼’에서 MC로서 마지막 인사를 전했다.",
				"sentenceSize": 56
			},
			{
				"sentenceNo": 3,
				"sentenceContent": "지난 3월 MC로 합류한 김요한은 ‘더쇼’의 마스코트 MC로 활약했다. ‘더쇼’ 마지막 방송을 마친 김요한은 소속사 위엔터테인먼트를 통해 “팬분들께 큰 사랑을 받았다. 많이 응원해주시고 사랑해주셔서 정말 감사하다. ‘더쇼’ MC는 시간이 지나도 저에게 정말 잊지 못할 큰 추억이 될 것 같다. 아직도 첫 MC 할 때가 생각이 난다. 떨리는 마음으로 간 ‘더쇼’에서 좋은 분들을 만났고, 좋은 동료들 덕분에 MC를 하는 기간 동안 정말 행복했다”라는 소감을 밝혔다.",
				"sentenceSize": 259
			},
			{
				"sentenceNo": 4,
				"sentenceContent": "이어 “‘더쇼’ MC로서는 이제 마무리지만 앞으로 좋은 모습으로 다양한 활동을 많이 할 테니 저 김요한도 많이 응원해달라”라고 인사해 앞으로의 행보를 기대하게 만들었다.",
				"sentenceSize": 94
			},
			{
				"sentenceNo": 5,
				"sentenceContent": "이와 함께 ‘더쇼’ 현장에서 촬영한 특별한 인증샷을 공개했다.",
				"sentenceSize": 34
			},
			{
				"sentenceNo": 6,
				"sentenceContent": "사진 속 김요한은 트로피와 꽃다발을 들고 밝은 미소를 지어 훈훈함을 자아냈다.",
				"sentenceSize": 43
			},
			{
				"sentenceNo": 7,
				"sentenceContent": "한편, 김요한은 현재 KBS 2TV 드라마 ‘학교 2021’에서 주인공 공기준 역을 맡아 호연으로 작품을 이끌고 있다.",
				"sentenceSize": 66
			},
			{
				"sentenceNo": 8,
				"sentenceContent": "김요한이 그려내는 열여덟 청춘들의 성장기인 ‘학교 2021’은 매주 수, 목요일 오후 9시 30분 방송된다.",
				"sentenceSize": 60
			}
		]
	},
	"labeledDataInfo": {
		"processSentenceInfo": [
			{
				"sentenceNo": 1,
				"sentenceContent": "그룹 위아이(WEi)의 김요한이 ‘더쇼’와 아름다운 이별을 했다.",
				"subjectConsistencyYn": "Y"
			},
			{
				"sentenceNo": 2,
				"sentenceContent": "김요한은 지난 14일 방송된 SBS MTV 음악 프로그램 ‘더쇼’에서 MC로서 마지막 인사를 전했다.",
				"subjectConsistencyYn": "Y"
			},
			{
				"sentenceNo": 3,
				"sentenceContent": "지난 3월 MC로 합류한 김요한은 ‘더쇼’의 마스코트 MC로 활약했다. ‘더쇼’ 마지막 방송을 마친 김요한은 소속사 위엔터테인먼트를 통해 “팬분들께 큰 사랑을 받았다. 많이 응원해주시고 사랑해주셔서 정말 감사하다. ‘더쇼’ MC는 시간이 지나도 저에게 정말 잊지 못할 큰 추억이 될 것 같다. 아직도 첫 MC 할 때가 생각이 난다. 떨리는 마음으로 간 ‘더쇼’에서 좋은 분들을 만났고, 좋은 동료들 덕분에 MC를 하는 기간 동안 정말 행복했다”라는 소감을 밝혔다.",
				"subjectConsistencyYn": "Y"
			},
			{
				"sentenceNo": 4,
				"sentenceContent": "이어 “‘더쇼’ MC로서는 이제 마무리지만 앞으로 좋은 모습으로 다양한 활동을 많이 할 테니 저 김요한도 많이 응원해달라”라고 인사해 앞으로의 행보를 기대하게 만들었다.",
				"subjectConsistencyYn": "Y"
			},
			{
				"sentenceNo": 5,
				"sentenceContent": "이와 함께 ‘더쇼’ 현장에서 촬영한 특별한 인증샷을 공개했다.",
				"subjectConsistencyYn": "Y"
			},
			{
				"sentenceNo": 6,
				"sentenceContent": "사진 속 김요한은 트로피와 꽃다발을 들고 밝은 미소를 지어 훈훈함을 자아냈다.",
				"subjectConsistencyYn": "Y"
			},
			{
				"sentenceNo": 7,
				"sentenceContent": "한편 선예는 선교활동에서 만난 캐나다 교포 선교사 제임스 박과 지난 2013년 1월 결혼했으며 같은 해 10월 첫 딸을 출산 후 지난 7월 원더걸스에서 탈퇴했다.",
				"subjectConsistencyYn": "N"
			},
			{
				"sentenceNo": 8,
				"sentenceContent": "온라인 중앙일보 [사진=제임스 박 SNS]",
				"subjectConsistencyYn": "N"
			}
		],
		"clickbaitClass": 0
	}
}