{
	"sourceDataInfo": {
		"newsID": "ET_M13_490418",
		"newsCategory": "연예",
		"newsSubcategory": "영화",
		"newsTitle": "영화업계 “극장 영업시간 제한, 도미노붕괴 일어날 것”",
		"newsSubTitle": "",
		"newsContent": "영화계 단체들이 정부의 단계적 일상회복(위드코로나)를 일시 중단한 강화 방안을 내놓자 극장의 영업시간은 제외해달라고 요구했다.\nPgk 한국영화프로듀서조합·DGK 한국영화감독조합 이사회, 사단법인 영화수입배급사협회, 한국시나리오작가조합, 상영관협회는 16일 성명을 내고 “코로나19 상황이 심각해지고 있는 현실을 감안할 때 사회적 거리두기 강화 움직임에 지지를 보내지만 다중이용시설의 영업시간 조정 시 극장 및 영화산업의 특수성을 감안해 예외로 인정해줄 것을 강력히 요청한다”고 밝혔다.\n극장의 영업시간은 현행대로 유지해 최소한의 생존 조건을 보장해달라는 것이 이들의 공통된 주장이다.\n이들은 “기존 거리두기 4단계와 같이 영업시간 제한 22시를 적용할 경우 영화의 상영시간을 감안하면 19시 이후 상영 시작은 거의 불가능”이라며 “이는 단순히 극장만의 문제가 아니고 영화 관람 회차를 줄임으로써 국민의 문화생활 향유를 심각하게 침해할 우려가 있다”고 했다.\n그러면서 “코로나19 사태로 인한 영화산업 내 우적 피해액은 가늠조차 할 수 없을 정도였으나 이에 대한 제대로 된 피해보상은 없었다”며 “극장은 영업 활동을 이어왔고, 극장이 문을 닫는 순간 한국영화를 상영할 최소한의 공간 조차 없어져 영화계 전체 생존에도 엄청난 파장을 몰고 올 것으로 우려된다”고 지적했다.\n또한 “방역패스 적용으로 백신 접종 완료자에 대해서만 입장을 허용함에도 자율적으로 띄어앉기가지 적용하고 있다”며 “이 모든 조치는 코로나19에 대해 (극장이)상대적으로 안전한 공감임을 증명한다”고 주장했다.\n마지막으로 이들은 “극장과 영화업계는 코로나19 팬데믹 기간 동안 정부의 방침을 충실히 따라왔지만, 돌아온 것은 처절한 암흑의 시간”이라며 “영화산업의 최소한 생존 조건은 보장해주실 요청한다”고 했다.",
		"partNum": "P2",
		"useType": 0,
		"processType": "A",
		"processPattern": "99",
		"processLevel": "하",
		"sentenceCount": 7,
		"processSentencenum": 1,
		"sentenceInfo": [
			{
				"sentenceNo": 1,
				"sentenceContent": "영화계 단체들이 정부의 단계적 일상회복(위드코로나)를 일시 중단한 강화 방안을 내놓자 극장의 영업시간은 제외해달라고 요구했다.",
				"sentenceSize": 70
			},
			{
				"sentenceNo": 2,
				"sentenceContent": "Pgk 한국영화프로듀서조합·DGK 한국영화감독조합 이사회, 사단법인 영화수입배급사협회, 한국시나리오작가조합, 상영관협회는 16일 성명을 내고 “코로나19 상황이 심각해지고 있는 현실을 감안할 때 사회적 거리두기 강화 움직임에 지지를 보내지만 다중이용시설의 영업시간 조정 시 극장 및 영화산업의 특수성을 감안해 예외로 인정해줄 것을 강력히 요청한다”고 밝혔다.",
				"sentenceSize": 200
			},
			{
				"sentenceNo": 3,
				"sentenceContent": "극장의 영업시간은 현행대로 유지해 최소한의 생존 조건을 보장해달라는 것이 이들의 공통된 주장이다.",
				"sentenceSize": 54
			},
			{
				"sentenceNo": 4,
				"sentenceContent": "이들은 “기존 거리두기 4단계와 같이 영업시간 제한 22시를 적용할 경우 영화의 상영시간을 감안하면 19시 이후 상영 시작은 거의 불가능”이라며 “이는 단순히 극장만의 문제가 아니고 영화 관람 회차를 줄임으로써 국민의 문화생활 향유를 심각하게 침해할 우려가 있다”고 했다.",
				"sentenceSize": 152
			},
			{
				"sentenceNo": 5,
				"sentenceContent": "그러면서 “코로나19 사태로 인한 영화산업 내 우적 피해액은 가늠조차 할 수 없을 정도였으나 이에 대한 제대로 된 피해보상은 없었다”며 “극장은 영업 활동을 이어왔고, 극장이 문을 닫는 순간 한국영화를 상영할 최소한의 공간 조차 없어져 영화계 전체 생존에도 엄청난 파장을 몰고 올 것으로 우려된다”고 지적했다.",
				"sentenceSize": 173
			},
			{
				"sentenceNo": 6,
				"sentenceContent": "또한 “방역패스 적용으로 백신 접종 완료자에 대해서만 입장을 허용함에도 자율적으로 띄어앉기가지 적용하고 있다”며 “이 모든 조치는 코로나19에 대해 (극장이)상대적으로 안전한 공감임을 증명한다”고 주장했다.",
				"sentenceSize": 115
			},
			{
				"sentenceNo": 7,
				"sentenceContent": "마지막으로 이들은 “극장과 영화업계는 코로나19 팬데믹 기간 동안 정부의 방침을 충실히 따라왔지만, 돌아온 것은 처절한 암흑의 시간”이라며 “영화산업의 최소한 생존 조건은 보장해주실 요청한다”고 했다.",
				"sentenceSize": 112
			}
		]
	},
	"labeledDataInfo": {
		"processSentenceInfo": [
			{
				"sentenceNo": 1,
				"sentenceContent": "영화계 단체들이 정부의 단계적 일상회복(위드코로나)를 일시 중단한 강화 방안을 내놓자 극장의 영업시간은 제외해달라고 요구했다.",
				"subjectConsistencyYn": "Y"
			},
			{
				"sentenceNo": 2,
				"sentenceContent": "Pgk 한국영화프로듀서조합·DGK 한국영화감독조합 이사회, 사단법인 영화수입배급사협회, 한국시나리오작가조합, 상영관협회는 16일 성명을 내고 “코로나19 상황이 심각해지고 있는 현실을 감안할 때 사회적 거리두기 강화 움직임에 지지를 보내지만 다중이용시설의 영업시간 조정 시 극장 및 영화산업의 특수성을 감안해 예외로 인정해줄 것을 강력히 요청한다”고 밝혔다.",
				"subjectConsistencyYn": "Y"
			},
			{
				"sentenceNo": 3,
				"sentenceContent": "극장의 영업시간은 현행대로 유지해 최소한의 생존 조건을 보장해달라는 것이 이들의 공통된 주장이다.",
				"subjectConsistencyYn": "Y"
			},
			{
				"sentenceNo": 4,
				"sentenceContent": "이들은 “기존 거리두기 4단계와 같이 영업시간 제한 22시를 적용할 경우 영화의 상영시간을 감안하면 19시 이후 상영 시작은 거의 불가능”이라며 “이는 단순히 극장만의 문제가 아니고 영화 관람 회차를 줄임으로써 국민의 문화생활 향유를 심각하게 침해할 우려가 있다”고 했다.",
				"subjectConsistencyYn": "Y"
			},
			{
				"sentenceNo": 5,
				"sentenceContent": "그러면서 “코로나19 사태로 인한 영화산업 내 우적 피해액은 가늠조차 할 수 없을 정도였으나 이에 대한 제대로 된 피해보상은 없었다”며 “극장은 영업 활동을 이어왔고, 극장이 문을 닫는 순간 한국영화를 상영할 최소한의 공간 조차 없어져 영화계 전체 생존에도 엄청난 파장을 몰고 올 것으로 우려된다”고 지적했다.",
				"subjectConsistencyYn": "Y"
			},
			{
				"sentenceNo": 6,
				"sentenceContent": "또한 “방역패스 적용으로 백신 접종 완료자에 대해서만 입장을 허용함에도 자율적으로 띄어앉기가지 적용하고 있다”며 “이 모든 조치는 코로나19에 대해 (극장이)상대적으로 안전한 공감임을 증명한다”고 주장했다.",
				"subjectConsistencyYn": "Y"
			},
			{
				"sentenceNo": 7,
				"sentenceContent": "한편, 아이콘은 다음달 1일 'DEBUT HALF ALBUM 'WELCOME BACK', 11월 2일 'DEBUT FULL ALBUM 'WELCOME BACK'을 발매하고 활발한 활동을 이어 나갈 예정이다.",
				"subjectConsistencyYn": "N"
			},
			{
				"sentenceNo": 8,
				"sentenceContent": "또 10월 3일에는 서울 올림픽공원 체조경기장에서 데뷔 콘서트 '쇼타임(SHOWTIME)'을 개최한다.",
				"subjectConsistencyYn": "N"
			}
		],
		"clickbaitClass": 0
	}
}