{
	"sourceDataInfo": {
		"newsID": "ET_M13_490857",
		"newsCategory": "연예",
		"newsSubcategory": "연예일반",
		"newsTitle": "[전문] 이하늬 결혼소감 “그 사랑에 보답하며 살겠습니다”",
		"newsSubTitle": "",
		"newsContent": "미스코리아 출신 배우 이하늬가 결혼 소감을 전했다.\n이하늬는 22일 자신의 SNS에 “저는 오늘 다시 촬영장으로. 축하와 격려해 주신 많은 분께 감사하다”며 “좋은 연기와 활동으로 그 사랑에 보답하며 살겠다”고 밝혔다.\n이하늬는 앞서 21일 비연예인과 결혼했다.\n소속사는 “소중한 인연을 만난 이하늬가 서로에 대한 신뢰와 애정을 바탕으로 평생의 동반자가 되기로 약속하게 됐다. 어려운 시국임을 감안해 두 사람은 금일 서울 모처에서 결혼식 대신 가족들만 참석한 혼인 서약식으로 부부가 됐다”고 밝혔다.\n이하늬는 2006년 미스코리아 진으로 선발됐고 2009년 KBS2 드라마 ‘파트너’를 통해 배우로 데뷔했다.\n그는 최근 드라마 ‘원 더 우먼’에 출연했고 이하늬는 내년 영화 ‘외계+인’과 ‘유령’ 개봉을 앞두고 있다.\n다음은 아하늬 SNS글 전문 “저는 다시 촬영장으로^^ 축하와 격려해 주신 많은 분들 감사합니다! 좋은 연기와 활동으로 그 사랑에 보답하며 살겠습니다”",
		"partNum": "P2",
		"useType": 0,
		"processType": "A",
		"processPattern": "99",
		"processLevel": "하",
		"sentenceCount": 7,
		"processSentencenum": 1,
		"sentenceInfo": [
			{
				"sentenceNo": 1,
				"sentenceContent": "미스코리아 출신 배우 이하늬가 결혼 소감을 전했다.",
				"sentenceSize": 28
			},
			{
				"sentenceNo": 2,
				"sentenceContent": "이하늬는 22일 자신의 SNS에 “저는 오늘 다시 촬영장으로. 축하와 격려해 주신 많은 분께 감사하다”며 “좋은 연기와 활동으로 그 사랑에 보답하며 살겠다”고 밝혔다.",
				"sentenceSize": 93
			},
			{
				"sentenceNo": 3,
				"sentenceContent": "이하늬는 앞서 21일 비연예인과 결혼했다.",
				"sentenceSize": 23
			},
			{
				"sentenceNo": 4,
				"sentenceContent": "소속사는 “소중한 인연을 만난 이하늬가 서로에 대한 신뢰와 애정을 바탕으로 평생의 동반자가 되기로 약속하게 됐다. 어려운 시국임을 감안해 두 사람은 금일 서울 모처에서 결혼식 대신 가족들만 참석한 혼인 서약식으로 부부가 됐다”고 밝혔다.",
				"sentenceSize": 132
			},
			{
				"sentenceNo": 5,
				"sentenceContent": "이하늬는 2006년 미스코리아 진으로 선발됐고 2009년 KBS2 드라마 ‘파트너’를 통해 배우로 데뷔했다.",
				"sentenceSize": 60
			},
			{
				"sentenceNo": 6,
				"sentenceContent": "그는 최근 드라마 ‘원 더 우먼’에 출연했고 이하늬는 내년 영화 ‘외계+인’과 ‘유령’ 개봉을 앞두고 있다.",
				"sentenceSize": 60
			},
			{
				"sentenceNo": 7,
				"sentenceContent": "다음은 아하늬 SNS글 전문 “저는 다시 촬영장으로^^ 축하와 격려해 주신 많은 분들 감사합니다! 좋은 연기와 활동으로 그 사랑에 보답하며 살겠습니다”",
				"sentenceSize": 84
			}
		]
	},
	"labeledDataInfo": {
		"processSentenceInfo": [
			{
				"sentenceNo": 1,
				"sentenceContent": "미스코리아 출신 배우 이하늬가 결혼 소감을 전했다.",
				"subjectConsistencyYn": "Y"
			},
			{
				"sentenceNo": 2,
				"sentenceContent": "이하늬는 22일 자신의 SNS에 “저는 오늘 다시 촬영장으로. 축하와 격려해 주신 많은 분께 감사하다”며 “좋은 연기와 활동으로 그 사랑에 보답하며 살겠다”고 밝혔다.",
				"subjectConsistencyYn": "Y"
			},
			{
				"sentenceNo": 3,
				"sentenceContent": "이하늬는 앞서 21일 비연예인과 결혼했다.",
				"subjectConsistencyYn": "Y"
			},
			{
				"sentenceNo": 4,
				"sentenceContent": "소속사는 “소중한 인연을 만난 이하늬가 서로에 대한 신뢰와 애정을 바탕으로 평생의 동반자가 되기로 약속하게 됐다. 어려운 시국임을 감안해 두 사람은 금일 서울 모처에서 결혼식 대신 가족들만 참석한 혼인 서약식으로 부부가 됐다”고 밝혔다.",
				"subjectConsistencyYn": "Y"
			},
			{
				"sentenceNo": 5,
				"sentenceContent": "이하늬는 2006년 미스코리아 진으로 선발됐고 2009년 KBS2 드라마 ‘파트너’를 통해 배우로 데뷔했다.",
				"subjectConsistencyYn": "Y"
			},
			{
				"sentenceNo": 6,
				"sentenceContent": "그는 최근 드라마 ‘원 더 우먼’에 출연했고 이하늬는 내년 영화 ‘외계+인’과 ‘유령’ 개봉을 앞두고 있다.",
				"subjectConsistencyYn": "Y"
			},
			{
				"sentenceNo": 7,
				"sentenceContent": "이에 네티즌은 \\\"레이양 몸매 닮고 싶다\\\" \\\"레이양 진짜 예쁘네\\\" \\\"레이양 비현실적인 몸매의 소유자네\\\" 등 반응을 보였다.",
				"subjectConsistencyYn": "N"
			}
		],
		"clickbaitClass": 0
	}
}