{
	"sourceDataInfo": {
		"newsID": "ET_M13_490308",
		"newsCategory": "연예",
		"newsSubcategory": "방송",
		"newsTitle": "‘더쇼’ 안예은, 독보적 음색으로 절창한 ‘소식’",
		"newsSubTitle": "",
		"newsContent": "싱어송라이터 안예은이 멋진 라이브를 선사했다.\n안예은은 14일 오후 6시 방송된 SBS MTV, SBS FiL ‘더쇼’에 출연, 신곡 ‘소식’으로 무대를 꾸몄다.\n안예은은 음악 세계관이 드러나는 의상 스타일링과 메이크업으로 시작부터 눈길을 사로잡는가 하면, 매혹적인 음색으로 시청자들 귀도 호강시켰다.\n안예은은 한층 성숙해진 보이스와 함께 대체불가 시원한 고음을 선보여 무대를 장악했으며, 절절하면서도 담담한 표정 연기와 감정선은 여운을 남겼다.\n안예은은 아름다운 가사로 풍부한 감정을 보여주는가 하면, 한국적 목소리와 흔들림 없는 라이브로 보는 이들의 입덕을 유발했다.\n깊은 음악 색깔을 선사 중인 안예은은 지난 4월 발매된 EP 앨범 ‘섬으로’와 연결되는 세계관을 가진 ‘섬에서’를 발매, 남다른 스토리텔링으로 독보적 행보를 보이고 있다.\n안예은은 신곡 ‘소식’으로 활발한 활동을 이어갈 예정이다.",
		"partNum": "P2",
		"useType": 0,
		"processType": "A",
		"processPattern": "99",
		"processLevel": "하",
		"sentenceCount": 7,
		"processSentencenum": 1,
		"sentenceInfo": [
			{
				"sentenceNo": 1,
				"sentenceContent": "싱어송라이터 안예은이 멋진 라이브를 선사했다.",
				"sentenceSize": 25
			},
			{
				"sentenceNo": 2,
				"sentenceContent": "안예은은 14일 오후 6시 방송된 SBS MTV, SBS FiL ‘더쇼’에 출연, 신곡 ‘소식’으로 무대를 꾸몄다.",
				"sentenceSize": 64
			},
			{
				"sentenceNo": 3,
				"sentenceContent": "안예은은 음악 세계관이 드러나는 의상 스타일링과 메이크업으로 시작부터 눈길을 사로잡는가 하면, 매혹적인 음색으로 시청자들 귀도 호강시켰다.",
				"sentenceSize": 77
			},
			{
				"sentenceNo": 4,
				"sentenceContent": "안예은은 한층 성숙해진 보이스와 함께 대체불가 시원한 고음을 선보여 무대를 장악했으며, 절절하면서도 담담한 표정 연기와 감정선은 여운을 남겼다.",
				"sentenceSize": 80
			},
			{
				"sentenceNo": 5,
				"sentenceContent": "안예은은 아름다운 가사로 풍부한 감정을 보여주는가 하면, 한국적 목소리와 흔들림 없는 라이브로 보는 이들의 입덕을 유발했다.",
				"sentenceSize": 69
			},
			{
				"sentenceNo": 6,
				"sentenceContent": "깊은 음악 색깔을 선사 중인 안예은은 지난 4월 발매된 EP 앨범 ‘섬으로’와 연결되는 세계관을 가진 ‘섬에서’를 발매, 남다른 스토리텔링으로 독보적 행보를 보이고 있다.",
				"sentenceSize": 95
			},
			{
				"sentenceNo": 7,
				"sentenceContent": "안예은은 신곡 ‘소식’으로 활발한 활동을 이어갈 예정이다.",
				"sentenceSize": 32
			}
		]
	},
	"labeledDataInfo": {
		"processSentenceInfo": [
			{
				"sentenceNo": 1,
				"sentenceContent": "싱어송라이터 안예은이 멋진 라이브를 선사했다.",
				"subjectConsistencyYn": "Y"
			},
			{
				"sentenceNo": 2,
				"sentenceContent": "안예은은 14일 오후 6시 방송된 SBS MTV, SBS FiL ‘더쇼’에 출연, 신곡 ‘소식’으로 무대를 꾸몄다.",
				"subjectConsistencyYn": "Y"
			},
			{
				"sentenceNo": 3,
				"sentenceContent": "안예은은 음악 세계관이 드러나는 의상 스타일링과 메이크업으로 시작부터 눈길을 사로잡는가 하면, 매혹적인 음색으로 시청자들 귀도 호강시켰다.",
				"subjectConsistencyYn": "Y"
			},
			{
				"sentenceNo": 4,
				"sentenceContent": "안예은은 한층 성숙해진 보이스와 함께 대체불가 시원한 고음을 선보여 무대를 장악했으며, 절절하면서도 담담한 표정 연기와 감정선은 여운을 남겼다.",
				"subjectConsistencyYn": "Y"
			},
			{
				"sentenceNo": 5,
				"sentenceContent": "안예은은 아름다운 가사로 풍부한 감정을 보여주는가 하면, 한국적 목소리와 흔들림 없는 라이브로 보는 이들의 입덕을 유발했다.",
				"subjectConsistencyYn": "Y"
			},
			{
				"sentenceNo": 6,
				"sentenceContent": "깊은 음악 색깔을 선사 중인 안예은은 지난 4월 발매된 EP 앨범 ‘섬으로’와 연결되는 세계관을 가진 ‘섬에서’를 발매, 남다른 스토리텔링으로 독보적 행보를 보이고 있다.",
				"subjectConsistencyYn": "Y"
			},
			{
				"sentenceNo": 7,
				"sentenceContent": "김 사장은 1990년 KBS 기자로 입사해 탐사보도팀장, 사회팀장, 보도본부장, KBS비즈니스 사장 등을 역임했다.",
				"subjectConsistencyYn": "N"
			},
			{
				"sentenceNo": 8,
				"sentenceContent": "임기는 2024년 12월 9일까지다.",
				"subjectConsistencyYn": "N"
			}
		],
		"clickbaitClass": 0
	}
}