{
	"sourceDataInfo": {
		"newsID": "ET_M13_490420",
		"newsCategory": "연예",
		"newsSubcategory": "음악",
		"newsTitle": "김재환 ‘THE LETTER’ 아련한 겨울 감성",
		"newsSubTitle": "",
		"newsContent": "가수 김재환이 보이스 필름을 통해 아련한 겨울 감성을 전했다.\n김재환은 16일 0시 사회적관계망서비스(SNS)를 통해 미니 4집 ‘THE LETTER’(더 레터)의 첫 번째 보이스 필름을 공개했다.\n영상은 엽서가 놓여있는 책상 위에 김재환의 내레이션이 자막으로 나타나는 장면으로 구성됐다.\n김재환은 “우린 비록 멀리 떨어져 있지만 늘 곁에 있다는 걸 알아줬으면 해. 코끝에 스치는 바람에 널 그리워하며 캄캄한 밤 위에 비추는 별에게 부탁해 이 마음을 담아 보낼게”라는 메시지를 전했다. ‘THE LETTER’는 타이틀곡 ‘다 잊은 줄 알았어’를 비롯해 ‘별의 목소리’, ‘우리 사랑은 다신 이뤄지지 않아’, ‘슈퍼마리오’, ‘겨울동화’까지 김재환이 작사, 작곡, 프로듀싱을 맡은 5곡으로 구성된 앨범이다.\n보컬리스트이자 프로듀서, 싱어송라이터 김재환의 음악 스펙트럼이 어떻게 담겼을지 기대감이 높아진다.\n이 외에도 지난 15일 앨범 예약 판매 시작과 함께 공개된 앨범 프리뷰에도 이목이 쏠린다.\n프리뷰에 따르면 72페이지 분량의 포토북, 6종 포토 카드, 아코디언 엽서, 6종 4컷 포토 카드, 5종 라지 포토 카드, 2종 리릭 스티커 등 다채로운 굿즈가 담길 예정이다.\n김재환은 초판 한정으로 기타 피크와 포스터까지 준비했다고 알려져 팬들의 앨범 소장 욕구를 더욱 높였다.\n총 8가지 버전의 콘셉트 포토와 필름에 이어 보이스 필름이라는 색다른 티징 콘텐츠를 선보인 김재환이 어떤 음악으로 돌아올지 관심이 집중된다.\n한편 김재환은 오는 27일 오후 6시 각종 온라인 음원 사이트를 통해 미니 4집 ‘THE LETTER’를 발매하며, 이에 앞선 24, 25, 26일에는 서울 장충체육관에서 단독 콘서트 ‘歡迎 : 환영’을 개최한다.",
		"partNum": "P2",
		"useType": 0,
		"processType": "A",
		"processPattern": "99",
		"processLevel": "하",
		"sentenceCount": 10,
		"processSentencenum": 3,
		"sentenceInfo": [
			{
				"sentenceNo": 1,
				"sentenceContent": "가수 김재환이 보이스 필름을 통해 아련한 겨울 감성을 전했다.",
				"sentenceSize": 34
			},
			{
				"sentenceNo": 2,
				"sentenceContent": "김재환은 16일 0시 사회적관계망서비스(SNS)를 통해 미니 4집 ‘THE LETTER’(더 레터)의 첫 번째 보이스 필름을 공개했다.",
				"sentenceSize": 75
			},
			{
				"sentenceNo": 3,
				"sentenceContent": "영상은 엽서가 놓여있는 책상 위에 김재환의 내레이션이 자막으로 나타나는 장면으로 구성됐다.",
				"sentenceSize": 50
			},
			{
				"sentenceNo": 4,
				"sentenceContent": "김재환은 “우린 비록 멀리 떨어져 있지만 늘 곁에 있다는 걸 알아줬으면 해. 코끝에 스치는 바람에 널 그리워하며 캄캄한 밤 위에 비추는 별에게 부탁해 이 마음을 담아 보낼게”라는 메시지를 전했다. ‘THE LETTER’는 타이틀곡 ‘다 잊은 줄 알았어’를 비롯해 ‘별의 목소리’, ‘우리 사랑은 다신 이뤄지지 않아’, ‘슈퍼마리오’, ‘겨울동화’까지 김재환이 작사, 작곡, 프로듀싱을 맡은 5곡으로 구성된 앨범이다.",
				"sentenceSize": 232
			},
			{
				"sentenceNo": 5,
				"sentenceContent": "보컬리스트이자 프로듀서, 싱어송라이터 김재환의 음악 스펙트럼이 어떻게 담겼을지 기대감이 높아진다.",
				"sentenceSize": 54
			},
			{
				"sentenceNo": 6,
				"sentenceContent": "이 외에도 지난 15일 앨범 예약 판매 시작과 함께 공개된 앨범 프리뷰에도 이목이 쏠린다.",
				"sentenceSize": 50
			},
			{
				"sentenceNo": 7,
				"sentenceContent": "프리뷰에 따르면 72페이지 분량의 포토북, 6종 포토 카드, 아코디언 엽서, 6종 4컷 포토 카드, 5종 라지 포토 카드, 2종 리릭 스티커 등 다채로운 굿즈가 담길 예정이다.",
				"sentenceSize": 98
			},
			{
				"sentenceNo": 8,
				"sentenceContent": "김재환은 초판 한정으로 기타 피크와 포스터까지 준비했다고 알려져 팬들의 앨범 소장 욕구를 더욱 높였다.",
				"sentenceSize": 57
			},
			{
				"sentenceNo": 9,
				"sentenceContent": "총 8가지 버전의 콘셉트 포토와 필름에 이어 보이스 필름이라는 색다른 티징 콘텐츠를 선보인 김재환이 어떤 음악으로 돌아올지 관심이 집중된다.",
				"sentenceSize": 78
			},
			{
				"sentenceNo": 10,
				"sentenceContent": "한편 김재환은 오는 27일 오후 6시 각종 온라인 음원 사이트를 통해 미니 4집 ‘THE LETTER’를 발매하며, 이에 앞선 24, 25, 26일에는 서울 장충체육관에서 단독 콘서트 ‘歡迎 : 환영’을 개최한다.",
				"sentenceSize": 119
			}
		]
	},
	"labeledDataInfo": {
		"processSentenceInfo": [
			{
				"sentenceNo": 1,
				"sentenceContent": "가수 김재환이 보이스 필름을 통해 아련한 겨울 감성을 전했다.",
				"subjectConsistencyYn": "Y"
			},
			{
				"sentenceNo": 2,
				"sentenceContent": "김재환은 16일 0시 사회적관계망서비스(SNS)를 통해 미니 4집 ‘THE LETTER’(더 레터)의 첫 번째 보이스 필름을 공개했다.",
				"subjectConsistencyYn": "Y"
			},
			{
				"sentenceNo": 3,
				"sentenceContent": "영상은 엽서가 놓여있는 책상 위에 김재환의 내레이션이 자막으로 나타나는 장면으로 구성됐다.",
				"subjectConsistencyYn": "Y"
			},
			{
				"sentenceNo": 4,
				"sentenceContent": "김재환은 “우린 비록 멀리 떨어져 있지만 늘 곁에 있다는 걸 알아줬으면 해. 코끝에 스치는 바람에 널 그리워하며 캄캄한 밤 위에 비추는 별에게 부탁해 이 마음을 담아 보낼게”라는 메시지를 전했다. ‘THE LETTER’는 타이틀곡 ‘다 잊은 줄 알았어’를 비롯해 ‘별의 목소리’, ‘우리 사랑은 다신 이뤄지지 않아’, ‘슈퍼마리오’, ‘겨울동화’까지 김재환이 작사, 작곡, 프로듀싱을 맡은 5곡으로 구성된 앨범이다.",
				"subjectConsistencyYn": "Y"
			},
			{
				"sentenceNo": 5,
				"sentenceContent": "보컬리스트이자 프로듀서, 싱어송라이터 김재환의 음악 스펙트럼이 어떻게 담겼을지 기대감이 높아진다.",
				"subjectConsistencyYn": "Y"
			},
			{
				"sentenceNo": 6,
				"sentenceContent": "이 외에도 지난 15일 앨범 예약 판매 시작과 함께 공개된 앨범 프리뷰에도 이목이 쏠린다.",
				"subjectConsistencyYn": "Y"
			},
			{
				"sentenceNo": 7,
				"sentenceContent": "프리뷰에 따르면 72페이지 분량의 포토북, 6종 포토 카드, 아코디언 엽서, 6종 4컷 포토 카드, 5종 라지 포토 카드, 2종 리릭 스티커 등 다채로운 굿즈가 담길 예정이다.",
				"subjectConsistencyYn": "Y"
			},
			{
				"sentenceNo": 8,
				"sentenceContent": "김재원 PD는 “송지아를 섭외하기 위해 미팅을 나갔는데 굉장해 매력적인 사람이었다. 처음보면 냉정한 이미지를 갖고 있지만, 대화를 하다보면 통통튀는 매력이 있다. 겉으로는 화려하지만 착하고 정이 많은 사람이다. 화법, 표정, 눈빛 등 다양한 요소들이 조화를 이루며 사람을 끌어당기는 매력이 있다.”고 말했다.",
				"subjectConsistencyYn": "N"
			},
			{
				"sentenceNo": 9,
				"sentenceContent": "김나현 PD는 “우리 프로그램에 가장 맞는 출연자가 ‘솔직하고 핫한’ 이었는데 거기에 잘 부합하는 인물이었다. 20대 연애에 국가대표가 있다면 송지아씨가 아닐까. 매력 올림픽이 있다면 내보내자는 얘기를 많이 했다. 송지아 씨만 돋보이게 하려 편집한 적은 없다. 우린 러브라인에 집중했고, 송지아씨의 매력을 남자분들이 많이 알아봐줘서 많이 등장했던것 같다”고 설명했다. ‘솔로지옥’은 드라마와 예능 등 모든 TV프로그램을 대상으로 순위를 정하는 ‘넷플릭스 전세계 톱10 TV 프로그램(쇼)’ 7위를 차지하는 기염을 토하면서 시즌2에 대한 기대감이 높아지고 있다.",
				"subjectConsistencyYn": "N"
			},
			{
				"sentenceNo": 10,
				"sentenceContent": "김나현 PD는 “시즌2를 제작한다면 기간을 시즌1보다 길게 하고 싶다. 출연자들의 모습을 좀 더 다양하게 보여줄 수 있는 게임을 업그레이드하고 싶다”고 말했다.",
				"subjectConsistencyYn": "N"
			}
		],
		"clickbaitClass": 0
	}
}