{
	"sourceDataInfo": {
		"newsID": "ET_M13_490554",
		"newsCategory": "연예",
		"newsSubcategory": "연예일반",
		"newsTitle": "‘공작도시’ 수애, 안방극장 숨죽이게 하는 연기力",
		"newsSubTitle": "",
		"newsContent": "배우 수애가 완숙한 연기와 차분한 보이스로 목소리로 드라마에 집중도를 높였다.\n지난 16일 방송된 JTBC 수목드라마 ‘공작도시’에서 재희(수애 분)가 성공에 대한 집착 이유를 전하는 모습이 이어졌다.\n재희는 서고에서 자신의 허물을 빌미로 한숙과 대치하던 중 발사된 사냥총에 맞아 충격을 안겼었다.\n그렇게 병원에 실려 간 재희는 정신을 차렸고, 눈앞에 있는 한숙 모습을 희미하게 바라보며 현재의 자신이 왜 이렇게 높은 곳을 열망하게 되었는지를 되돌아 봤다.\n자신의 어둠이 다른 누군가의 세상을 밝혀준다는 재희 말과 함께 준혁(김강우 분)과의 결혼을 앞두고 치욕스러웠던 과거까지 드러나 재희가 왜 빛나는 성공을 이루리라 굳은 결심을 했는지 확인시켰다.\n재희는 병원을 찾아온 준혁과 이설(이이담 분)의 은근하게 얽힌 시선을 신경 쓰여 했다.\n이어 둘만 있게 되자 이설 눈빛에 대해 솔직하게 물어봐 묘한 긴장감까지 자아냈다.\n그러나 되려 재희에게 잘 보이고 싶고 관심이 있다는 답변에 흥미로운 듯 서로 깊이 있게 들여다봐 이들의 관계에 궁금증을 자극했다.\n우여곡절 끝에 아트스페이스 진 대표가 된 재희는 해촉된 진석(동방우 분)에게 과거 자신의 위치를 악용했던 모습을 상기시키며 정중한 듯 날카로운 말로 복수했다.\n또 이설과 기획전 리허설을 탄탄하게 준비하며 프로페셔널한 면면으로 흔들림 없는 태도를 보여줬다.\n수애는 전사를 현재의 윤재희에게 덧씌우며 캐릭터가 주는 무게감을 더했다.\n여기에 시청자 이입을 유발하는 연기부터 심도 있는 목소리까지 더해 공감과 설득력을 펼쳤다.\n또 촘촘하면서도 섬세하게 인물에 스며든 수애의 연기는 안방극장도 숨죽이고 집중하게 만들었다.\n수애의 연기는 급변하는 드라마 스토리의 중심축으로 자리하며 ‘공작도시’를 견인했다.\n수애 주연의 JTBC 수목드라마 ‘공작도시’는 매주 수·목 오후 10시 30분에 안방극장에 배달된다.",
		"partNum": "P2",
		"useType": 0,
		"processType": "A",
		"processPattern": "99",
		"processLevel": "하",
		"sentenceCount": 15,
		"processSentencenum": 3,
		"sentenceInfo": [
			{
				"sentenceNo": 1,
				"sentenceContent": "배우 수애가 완숙한 연기와 차분한 보이스로 목소리로 드라마에 집중도를 높였다.",
				"sentenceSize": 43
			},
			{
				"sentenceNo": 2,
				"sentenceContent": "지난 16일 방송된 JTBC 수목드라마 ‘공작도시’에서 재희(수애 분)가 성공에 대한 집착 이유를 전하는 모습이 이어졌다.",
				"sentenceSize": 68
			},
			{
				"sentenceNo": 3,
				"sentenceContent": "재희는 서고에서 자신의 허물을 빌미로 한숙과 대치하던 중 발사된 사냥총에 맞아 충격을 안겼었다.",
				"sentenceSize": 53
			},
			{
				"sentenceNo": 4,
				"sentenceContent": "그렇게 병원에 실려 간 재희는 정신을 차렸고, 눈앞에 있는 한숙 모습을 희미하게 바라보며 현재의 자신이 왜 이렇게 높은 곳을 열망하게 되었는지를 되돌아 봤다.",
				"sentenceSize": 88
			},
			{
				"sentenceNo": 5,
				"sentenceContent": "자신의 어둠이 다른 누군가의 세상을 밝혀준다는 재희 말과 함께 준혁(김강우 분)과의 결혼을 앞두고 치욕스러웠던 과거까지 드러나 재희가 왜 빛나는 성공을 이루리라 굳은 결심을 했는지 확인시켰다.",
				"sentenceSize": 107
			},
			{
				"sentenceNo": 6,
				"sentenceContent": "재희는 병원을 찾아온 준혁과 이설(이이담 분)의 은근하게 얽힌 시선을 신경 쓰여 했다.",
				"sentenceSize": 48
			},
			{
				"sentenceNo": 7,
				"sentenceContent": "이어 둘만 있게 되자 이설 눈빛에 대해 솔직하게 물어봐 묘한 긴장감까지 자아냈다.",
				"sentenceSize": 45
			},
			{
				"sentenceNo": 8,
				"sentenceContent": "그러나 되려 재희에게 잘 보이고 싶고 관심이 있다는 답변에 흥미로운 듯 서로 깊이 있게 들여다봐 이들의 관계에 궁금증을 자극했다.",
				"sentenceSize": 72
			},
			{
				"sentenceNo": 9,
				"sentenceContent": "우여곡절 끝에 아트스페이스 진 대표가 된 재희는 해촉된 진석(동방우 분)에게 과거 자신의 위치를 악용했던 모습을 상기시키며 정중한 듯 날카로운 말로 복수했다.",
				"sentenceSize": 88
			},
			{
				"sentenceNo": 10,
				"sentenceContent": "또 이설과 기획전 리허설을 탄탄하게 준비하며 프로페셔널한 면면으로 흔들림 없는 태도를 보여줬다.",
				"sentenceSize": 53
			},
			{
				"sentenceNo": 11,
				"sentenceContent": "수애는 전사를 현재의 윤재희에게 덧씌우며 캐릭터가 주는 무게감을 더했다.",
				"sentenceSize": 40
			},
			{
				"sentenceNo": 12,
				"sentenceContent": "여기에 시청자 이입을 유발하는 연기부터 심도 있는 목소리까지 더해 공감과 설득력을 펼쳤다.",
				"sentenceSize": 50
			},
			{
				"sentenceNo": 13,
				"sentenceContent": "또 촘촘하면서도 섬세하게 인물에 스며든 수애의 연기는 안방극장도 숨죽이고 집중하게 만들었다.",
				"sentenceSize": 51
			},
			{
				"sentenceNo": 14,
				"sentenceContent": "수애의 연기는 급변하는 드라마 스토리의 중심축으로 자리하며 ‘공작도시’를 견인했다.",
				"sentenceSize": 46
			},
			{
				"sentenceNo": 15,
				"sentenceContent": "수애 주연의 JTBC 수목드라마 ‘공작도시’는 매주 수·목 오후 10시 30분에 안방극장에 배달된다.",
				"sentenceSize": 56
			}
		]
	},
	"labeledDataInfo": {
		"processSentenceInfo": [
			{
				"sentenceNo": 1,
				"sentenceContent": "배우 수애가 완숙한 연기와 차분한 보이스로 목소리로 드라마에 집중도를 높였다.",
				"subjectConsistencyYn": "Y"
			},
			{
				"sentenceNo": 2,
				"sentenceContent": "지난 16일 방송된 JTBC 수목드라마 ‘공작도시’에서 재희(수애 분)가 성공에 대한 집착 이유를 전하는 모습이 이어졌다.",
				"subjectConsistencyYn": "Y"
			},
			{
				"sentenceNo": 3,
				"sentenceContent": "재희는 서고에서 자신의 허물을 빌미로 한숙과 대치하던 중 발사된 사냥총에 맞아 충격을 안겼었다.",
				"subjectConsistencyYn": "Y"
			},
			{
				"sentenceNo": 4,
				"sentenceContent": "그렇게 병원에 실려 간 재희는 정신을 차렸고, 눈앞에 있는 한숙 모습을 희미하게 바라보며 현재의 자신이 왜 이렇게 높은 곳을 열망하게 되었는지를 되돌아 봤다.",
				"subjectConsistencyYn": "Y"
			},
			{
				"sentenceNo": 5,
				"sentenceContent": "자신의 어둠이 다른 누군가의 세상을 밝혀준다는 재희 말과 함께 준혁(김강우 분)과의 결혼을 앞두고 치욕스러웠던 과거까지 드러나 재희가 왜 빛나는 성공을 이루리라 굳은 결심을 했는지 확인시켰다.",
				"subjectConsistencyYn": "Y"
			},
			{
				"sentenceNo": 6,
				"sentenceContent": "재희는 병원을 찾아온 준혁과 이설(이이담 분)의 은근하게 얽힌 시선을 신경 쓰여 했다.",
				"subjectConsistencyYn": "Y"
			},
			{
				"sentenceNo": 7,
				"sentenceContent": "이어 둘만 있게 되자 이설 눈빛에 대해 솔직하게 물어봐 묘한 긴장감까지 자아냈다.",
				"subjectConsistencyYn": "Y"
			},
			{
				"sentenceNo": 8,
				"sentenceContent": "그러나 되려 재희에게 잘 보이고 싶고 관심이 있다는 답변에 흥미로운 듯 서로 깊이 있게 들여다봐 이들의 관계에 궁금증을 자극했다.",
				"subjectConsistencyYn": "Y"
			},
			{
				"sentenceNo": 9,
				"sentenceContent": "우여곡절 끝에 아트스페이스 진 대표가 된 재희는 해촉된 진석(동방우 분)에게 과거 자신의 위치를 악용했던 모습을 상기시키며 정중한 듯 날카로운 말로 복수했다.",
				"subjectConsistencyYn": "Y"
			},
			{
				"sentenceNo": 10,
				"sentenceContent": "또 이설과 기획전 리허설을 탄탄하게 준비하며 프로페셔널한 면면으로 흔들림 없는 태도를 보여줬다.",
				"subjectConsistencyYn": "Y"
			},
			{
				"sentenceNo": 11,
				"sentenceContent": "수애는 전사를 현재의 윤재희에게 덧씌우며 캐릭터가 주는 무게감을 더했다.",
				"subjectConsistencyYn": "Y"
			},
			{
				"sentenceNo": 12,
				"sentenceContent": "여기에 시청자 이입을 유발하는 연기부터 심도 있는 목소리까지 더해 공감과 설득력을 펼쳤다.",
				"subjectConsistencyYn": "Y"
			},
			{
				"sentenceNo": 13,
				"sentenceContent": "누구를 만나든 최고의 케미로 랜선 이모-삼촌들에게까지 힐링을 선사하는 젠. 여홍부부 그리고 정동원과 만난 젠이 또 어떤 사랑스러움으로 시청자들을 웃게 할지 기대가 더해진다.",
				"subjectConsistencyYn": "N"
			},
			{
				"sentenceNo": 14,
				"sentenceContent": "한편 KBS 2TV ‘슈퍼맨이 돌아왔다’ 405회는 오늘(31일) 밤 9시 15분 방송된다.",
				"subjectConsistencyYn": "N"
			}
		],
		"clickbaitClass": 0
	}
}