{
	"sourceDataInfo": {
		"newsID": "ET_M13_490605",
		"newsCategory": "연예",
		"newsSubcategory": "방송",
		"newsTitle": "아이키, ‘구해줘! 홈즈’ 뜬다",
		"newsSubTitle": "",
		"newsContent": "댄서 아이키가 MBC ‘구해줘! 홈즈’에 뜬다.\n아이키는 19일 방송되는 ‘구해줘! 홈즈’에서 덕팀 박영진과 함께 매물 찾기에 나서며 복팀 이은지·양세형과 겨룬다.\n이날 방송에서는 왕복 4시간 출·퇴근하는 신혼부부가 의뢰인으로 등장한다.\n결혼 2년 차 신혼부부는 인천공항에서 일하는 아내를 위해 인천 청라지구에 신혼집을 구했다고 한다.\n하지만 경기도 하남시에 직장이 있는 남편은 매일 왕복 4시간을 출·퇴근하는데 소요했다고 한다.\n최근 아내가 직장을 그만두면서 이사를 결심했으며, 지역은 남편의 직장에서 자차 30~40분 이내의 하남시와 남양주시 그리고 광주시를 바랐다.\n또, 깔끔한 신축 또는 리모델링 매물을 희망했으며, 방 3개와 화장실 2개를 바랐다.\n마지막으로 베이킹을 위한 넓은 주방과 인근에 공원이나 산책로를 원했다.\n예산은 전세가 4~5억 원대까지 가능하다고 밝혔다.\n복팀에서는 개그우먼 이은지와 양세형이 출격한다.\n두 사람은 남양주시로 향한다.\n화이트 톤의 넓고 깔끔한 거실은 템바보드 아트월로 포인트를 줘 눈길을 끈다. 1층에는 활용도 높은 방2, 화2가 있으며, 2층에도 역시 넓은 거실과 방1, 화1이 있다고 한다.\n특히, 2층 거실의 ‘ㄱ’자 통창에서는 산을 보며 힐링할 수 있다고 해 기대를 모은다.\n덕팀에서는 아이키와 박영진이 출격한다.\n두 사람 역시 남양주시로 향한다.\n현관문을 기준으로 양쪽에 거대한 거실이 2개 있어시선을 사로잡는다.\n아이키와 박영진은 두 거실을 두고 댄스 배틀을 벌인다.\n박영진은 아이키를 상대로 숨은 댄스실력을 공개해모두의 이목을 집중시켰다고 한다.\n이에 아이키는 “저보다 춤 욕심이 더 많은 것 같다”고 소감을 밝혀 궁금증을 자아낸다.\n드넓은 ‘ㄷ’자 주방을 발견한 아이키는 에스파 ‘넥스트 레벨’의 ‘ㄷ’자 춤을 선보인다.\n그의 완벽한 춤동작에 스튜디오 코디들은또 한번 감탄사를 내뱉었다는 후문이다.\n아이키의 발품은 이날 오후 10시 50분에 만나볼 수 있다.",
		"partNum": "P2",
		"useType": 0,
		"processType": "A",
		"processPattern": "99",
		"processLevel": "하",
		"sentenceCount": 22,
		"processSentencenum": 6,
		"sentenceInfo": [
			{
				"sentenceNo": 1,
				"sentenceContent": "댄서 아이키가 MBC ‘구해줘! 홈즈’에 뜬다.",
				"sentenceSize": 26
			},
			{
				"sentenceNo": 2,
				"sentenceContent": "아이키는 19일 방송되는 ‘구해줘! 홈즈’에서 덕팀 박영진과 함께 매물 찾기에 나서며 복팀 이은지·양세형과 겨룬다.",
				"sentenceSize": 64
			},
			{
				"sentenceNo": 3,
				"sentenceContent": "이날 방송에서는 왕복 4시간 출·퇴근하는 신혼부부가 의뢰인으로 등장한다.",
				"sentenceSize": 40
			},
			{
				"sentenceNo": 4,
				"sentenceContent": "결혼 2년 차 신혼부부는 인천공항에서 일하는 아내를 위해 인천 청라지구에 신혼집을 구했다고 한다.",
				"sentenceSize": 54
			},
			{
				"sentenceNo": 5,
				"sentenceContent": "하지만 경기도 하남시에 직장이 있는 남편은 매일 왕복 4시간을 출·퇴근하는데 소요했다고 한다.",
				"sentenceSize": 52
			},
			{
				"sentenceNo": 6,
				"sentenceContent": "최근 아내가 직장을 그만두면서 이사를 결심했으며, 지역은 남편의 직장에서 자차 30~40분 이내의 하남시와 남양주시 그리고 광주시를 바랐다.",
				"sentenceSize": 78
			},
			{
				"sentenceNo": 7,
				"sentenceContent": "또, 깔끔한 신축 또는 리모델링 매물을 희망했으며, 방 3개와 화장실 2개를 바랐다.",
				"sentenceSize": 47
			},
			{
				"sentenceNo": 8,
				"sentenceContent": "마지막으로 베이킹을 위한 넓은 주방과 인근에 공원이나 산책로를 원했다.",
				"sentenceSize": 39
			},
			{
				"sentenceNo": 9,
				"sentenceContent": "예산은 전세가 4~5억 원대까지 가능하다고 밝혔다.",
				"sentenceSize": 28
			},
			{
				"sentenceNo": 10,
				"sentenceContent": "복팀에서는 개그우먼 이은지와 양세형이 출격한다.",
				"sentenceSize": 26
			},
			{
				"sentenceNo": 11,
				"sentenceContent": "두 사람은 남양주시로 향한다.",
				"sentenceSize": 16
			},
			{
				"sentenceNo": 12,
				"sentenceContent": "화이트 톤의 넓고 깔끔한 거실은 템바보드 아트월로 포인트를 줘 눈길을 끈다. 1층에는 활용도 높은 방2, 화2가 있으며, 2층에도 역시 넓은 거실과 방1, 화1이 있다고 한다.",
				"sentenceSize": 98
			},
			{
				"sentenceNo": 13,
				"sentenceContent": "특히, 2층 거실의 ‘ㄱ’자 통창에서는 산을 보며 힐링할 수 있다고 해 기대를 모은다.",
				"sentenceSize": 48
			},
			{
				"sentenceNo": 14,
				"sentenceContent": "덕팀에서는 아이키와 박영진이 출격한다.",
				"sentenceSize": 21
			},
			{
				"sentenceNo": 15,
				"sentenceContent": "두 사람 역시 남양주시로 향한다.",
				"sentenceSize": 18
			},
			{
				"sentenceNo": 16,
				"sentenceContent": "현관문을 기준으로 양쪽에 거대한 거실이 2개 있어시선을 사로잡는다.",
				"sentenceSize": 37
			},
			{
				"sentenceNo": 17,
				"sentenceContent": "아이키와 박영진은 두 거실을 두고 댄스 배틀을 벌인다.",
				"sentenceSize": 30
			},
			{
				"sentenceNo": 18,
				"sentenceContent": "박영진은 아이키를 상대로 숨은 댄스실력을 공개해모두의 이목을 집중시켰다고 한다.",
				"sentenceSize": 44
			},
			{
				"sentenceNo": 19,
				"sentenceContent": "이에 아이키는 “저보다 춤 욕심이 더 많은 것 같다”고 소감을 밝혀 궁금증을 자아낸다.",
				"sentenceSize": 48
			},
			{
				"sentenceNo": 20,
				"sentenceContent": "드넓은 ‘ㄷ’자 주방을 발견한 아이키는 에스파 ‘넥스트 레벨’의 ‘ㄷ’자 춤을 선보인다.",
				"sentenceSize": 49
			},
			{
				"sentenceNo": 21,
				"sentenceContent": "그의 완벽한 춤동작에 스튜디오 코디들은또 한번 감탄사를 내뱉었다는 후문이다.",
				"sentenceSize": 42
			},
			{
				"sentenceNo": 22,
				"sentenceContent": "아이키의 발품은 이날 오후 10시 50분에 만나볼 수 있다.",
				"sentenceSize": 33
			}
		]
	},
	"labeledDataInfo": {
		"processSentenceInfo": [
			{
				"sentenceNo": 1,
				"sentenceContent": "댄서 아이키가 MBC ‘구해줘! 홈즈’에 뜬다.",
				"subjectConsistencyYn": "Y"
			},
			{
				"sentenceNo": 2,
				"sentenceContent": "아이키는 19일 방송되는 ‘구해줘! 홈즈’에서 덕팀 박영진과 함께 매물 찾기에 나서며 복팀 이은지·양세형과 겨룬다.",
				"subjectConsistencyYn": "Y"
			},
			{
				"sentenceNo": 3,
				"sentenceContent": "이날 방송에서는 왕복 4시간 출·퇴근하는 신혼부부가 의뢰인으로 등장한다.",
				"subjectConsistencyYn": "Y"
			},
			{
				"sentenceNo": 4,
				"sentenceContent": "결혼 2년 차 신혼부부는 인천공항에서 일하는 아내를 위해 인천 청라지구에 신혼집을 구했다고 한다.",
				"subjectConsistencyYn": "Y"
			},
			{
				"sentenceNo": 5,
				"sentenceContent": "하지만 경기도 하남시에 직장이 있는 남편은 매일 왕복 4시간을 출·퇴근하는데 소요했다고 한다.",
				"subjectConsistencyYn": "Y"
			},
			{
				"sentenceNo": 6,
				"sentenceContent": "최근 아내가 직장을 그만두면서 이사를 결심했으며, 지역은 남편의 직장에서 자차 30~40분 이내의 하남시와 남양주시 그리고 광주시를 바랐다.",
				"subjectConsistencyYn": "Y"
			},
			{
				"sentenceNo": 7,
				"sentenceContent": "또, 깔끔한 신축 또는 리모델링 매물을 희망했으며, 방 3개와 화장실 2개를 바랐다.",
				"subjectConsistencyYn": "Y"
			},
			{
				"sentenceNo": 8,
				"sentenceContent": "마지막으로 베이킹을 위한 넓은 주방과 인근에 공원이나 산책로를 원했다.",
				"subjectConsistencyYn": "Y"
			},
			{
				"sentenceNo": 9,
				"sentenceContent": "예산은 전세가 4~5억 원대까지 가능하다고 밝혔다.",
				"subjectConsistencyYn": "Y"
			},
			{
				"sentenceNo": 10,
				"sentenceContent": "복팀에서는 개그우먼 이은지와 양세형이 출격한다.",
				"subjectConsistencyYn": "Y"
			},
			{
				"sentenceNo": 11,
				"sentenceContent": "두 사람은 남양주시로 향한다.",
				"subjectConsistencyYn": "Y"
			},
			{
				"sentenceNo": 12,
				"sentenceContent": "화이트 톤의 넓고 깔끔한 거실은 템바보드 아트월로 포인트를 줘 눈길을 끈다. 1층에는 활용도 높은 방2, 화2가 있으며, 2층에도 역시 넓은 거실과 방1, 화1이 있다고 한다.",
				"subjectConsistencyYn": "Y"
			},
			{
				"sentenceNo": 13,
				"sentenceContent": "특히, 2층 거실의 ‘ㄱ’자 통창에서는 산을 보며 힐링할 수 있다고 해 기대를 모은다.",
				"subjectConsistencyYn": "Y"
			},
			{
				"sentenceNo": 14,
				"sentenceContent": "덕팀에서는 아이키와 박영진이 출격한다.",
				"subjectConsistencyYn": "Y"
			},
			{
				"sentenceNo": 15,
				"sentenceContent": "두 사람 역시 남양주시로 향한다.",
				"subjectConsistencyYn": "Y"
			},
			{
				"sentenceNo": 16,
				"sentenceContent": "현관문을 기준으로 양쪽에 거대한 거실이 2개 있어시선을 사로잡는다.",
				"subjectConsistencyYn": "Y"
			},
			{
				"sentenceNo": 17,
				"sentenceContent": "온라인 중앙일보 [사진 미운우리새끼 제공] 온라인 중앙일보",
				"subjectConsistencyYn": "N"
			}
		],
		"clickbaitClass": 0
	}
}