{
	"sourceDataInfo": {
		"newsID": "ET_M13_490564",
		"newsCategory": "연예",
		"newsSubcategory": "방송",
		"newsTitle": "‘그랜파’ 도경완, 나날이 성장하는 ‘도캐디’",
		"newsSubTitle": "",
		"newsContent": "백일섭X도경완이 경사 러프 탈출을 위해 ‘대환장 케미’를 가동한다.\n백일섭과 도경완은 18일(오늘) 밤 9시 30분 7회를 방송하는 MBN ‘인생필드 평생동반-그랜파’에서 사상 첫 ‘홀인원 매치’에 도전, 플레이어와 캐디로 호흡을 맞춘다.\n이와 관련 백일섭과 도경완의 갑분 ‘부비부비’ 현장이 포착됐다.\n경기 도중 백일섭의 공이 경사 러프에 불시착하자, 도경완이 백일섭과 다정한 손깍지를 끼고 함께 언덕을 오르는 것. 이후 중심 잡기가 어려운 백일섭을 위해 도경완은 자신의 몸으로 받쳐주는데, 이 과정에서 백일섭과 도경완의 엉덩이가 자꾸 만나 웃음을 유발한다.\n도경완의 정성 가득한 수발에 힘입어, 백일섭의 공이 러프 탈출에 성공할 수 있을지 관심이 쏠린다.\n그런가 하면 업그레이드된 도경완의 캐디 능력에도 시선이 집중된다.\n그간 미숙한 경기 운영으로 할배들의 울화통과 ‘극대노’를 유발했던 ‘골프알못’ 도경완은 이번 경기에서 냉철한 조언과 함께 임하룡의 골프채를 교체해주고, 홀인원 가능성이 있는 멤버에 대해 박근형을 꼽으며 예리한 분석을 내놓는다.\n여행 가이드부터 캐디까지 전천후로 활동하는 도경완의 맹활약이 ‘그랜파’의 묘미를 제대로 살릴 전망이다.\n제작진은 “‘그랜파’ 공식 떼쟁이 백일섭과 초보 캐디 도경완이 갈수록 찰떡 호흡을 발휘하며 신박한 웃음을 선사하고 있다. 여기에 도캐디만 보면 ‘장꾸 본능’이 되살아나는 박근형과 경기가 안 풀릴 때마다 도경완 탓을 하는 임하룡까지, 도경완을 향한 ‘그랜파’ 멤버들의 남다른 애정이 어느 때보다 잘 드러나는 한 회가 될 것”이라고 밝혔다.\n평균 나이 79세 국민할배 이순재-박근형-백일섭-임하룡과, ‘도캐디’ 도경완의 명랑 골프 유랑기를 담은 골프 예능 MBN ‘그랜파’ 7회는 18일(오늘) 밤 9시 30분 방송된다.",
		"partNum": "P2",
		"useType": 0,
		"processType": "A",
		"processPattern": "99",
		"processLevel": "하",
		"sentenceCount": 10,
		"processSentencenum": 2,
		"sentenceInfo": [
			{
				"sentenceNo": 1,
				"sentenceContent": "백일섭X도경완이 경사 러프 탈출을 위해 ‘대환장 케미’를 가동한다.",
				"sentenceSize": 37
			},
			{
				"sentenceNo": 2,
				"sentenceContent": "백일섭과 도경완은 18일(오늘) 밤 9시 30분 7회를 방송하는 MBN ‘인생필드 평생동반-그랜파’에서 사상 첫 ‘홀인원 매치’에 도전, 플레이어와 캐디로 호흡을 맞춘다.",
				"sentenceSize": 95
			},
			{
				"sentenceNo": 3,
				"sentenceContent": "이와 관련 백일섭과 도경완의 갑분 ‘부비부비’ 현장이 포착됐다.",
				"sentenceSize": 35
			},
			{
				"sentenceNo": 4,
				"sentenceContent": "경기 도중 백일섭의 공이 경사 러프에 불시착하자, 도경완이 백일섭과 다정한 손깍지를 끼고 함께 언덕을 오르는 것. 이후 중심 잡기가 어려운 백일섭을 위해 도경완은 자신의 몸으로 받쳐주는데, 이 과정에서 백일섭과 도경완의 엉덩이가 자꾸 만나 웃음을 유발한다.",
				"sentenceSize": 143
			},
			{
				"sentenceNo": 5,
				"sentenceContent": "도경완의 정성 가득한 수발에 힘입어, 백일섭의 공이 러프 탈출에 성공할 수 있을지 관심이 쏠린다.",
				"sentenceSize": 54
			},
			{
				"sentenceNo": 6,
				"sentenceContent": "그런가 하면 업그레이드된 도경완의 캐디 능력에도 시선이 집중된다.",
				"sentenceSize": 36
			},
			{
				"sentenceNo": 7,
				"sentenceContent": "그간 미숙한 경기 운영으로 할배들의 울화통과 ‘극대노’를 유발했던 ‘골프알못’ 도경완은 이번 경기에서 냉철한 조언과 함께 임하룡의 골프채를 교체해주고, 홀인원 가능성이 있는 멤버에 대해 박근형을 꼽으며 예리한 분석을 내놓는다.",
				"sentenceSize": 126
			},
			{
				"sentenceNo": 8,
				"sentenceContent": "여행 가이드부터 캐디까지 전천후로 활동하는 도경완의 맹활약이 ‘그랜파’의 묘미를 제대로 살릴 전망이다.",
				"sentenceSize": 57
			},
			{
				"sentenceNo": 9,
				"sentenceContent": "제작진은 “‘그랜파’ 공식 떼쟁이 백일섭과 초보 캐디 도경완이 갈수록 찰떡 호흡을 발휘하며 신박한 웃음을 선사하고 있다. 여기에 도캐디만 보면 ‘장꾸 본능’이 되살아나는 박근형과 경기가 안 풀릴 때마다 도경완 탓을 하는 임하룡까지, 도경완을 향한 ‘그랜파’ 멤버들의 남다른 애정이 어느 때보다 잘 드러나는 한 회가 될 것”이라고 밝혔다.",
				"sentenceSize": 188
			},
			{
				"sentenceNo": 10,
				"sentenceContent": "평균 나이 79세 국민할배 이순재-박근형-백일섭-임하룡과, ‘도캐디’ 도경완의 명랑 골프 유랑기를 담은 골프 예능 MBN ‘그랜파’ 7회는 18일(오늘) 밤 9시 30분 방송된다.",
				"sentenceSize": 100
			}
		]
	},
	"labeledDataInfo": {
		"processSentenceInfo": [
			{
				"sentenceNo": 1,
				"sentenceContent": "백일섭X도경완이 경사 러프 탈출을 위해 ‘대환장 케미’를 가동한다.",
				"subjectConsistencyYn": "Y"
			},
			{
				"sentenceNo": 2,
				"sentenceContent": "백일섭과 도경완은 18일(오늘) 밤 9시 30분 7회를 방송하는 MBN ‘인생필드 평생동반-그랜파’에서 사상 첫 ‘홀인원 매치’에 도전, 플레이어와 캐디로 호흡을 맞춘다.",
				"subjectConsistencyYn": "Y"
			},
			{
				"sentenceNo": 3,
				"sentenceContent": "이와 관련 백일섭과 도경완의 갑분 ‘부비부비’ 현장이 포착됐다.",
				"subjectConsistencyYn": "Y"
			},
			{
				"sentenceNo": 4,
				"sentenceContent": "경기 도중 백일섭의 공이 경사 러프에 불시착하자, 도경완이 백일섭과 다정한 손깍지를 끼고 함께 언덕을 오르는 것. 이후 중심 잡기가 어려운 백일섭을 위해 도경완은 자신의 몸으로 받쳐주는데, 이 과정에서 백일섭과 도경완의 엉덩이가 자꾸 만나 웃음을 유발한다.",
				"subjectConsistencyYn": "Y"
			},
			{
				"sentenceNo": 5,
				"sentenceContent": "도경완의 정성 가득한 수발에 힘입어, 백일섭의 공이 러프 탈출에 성공할 수 있을지 관심이 쏠린다.",
				"subjectConsistencyYn": "Y"
			},
			{
				"sentenceNo": 6,
				"sentenceContent": "그런가 하면 업그레이드된 도경완의 캐디 능력에도 시선이 집중된다.",
				"subjectConsistencyYn": "Y"
			},
			{
				"sentenceNo": 7,
				"sentenceContent": "그간 미숙한 경기 운영으로 할배들의 울화통과 ‘극대노’를 유발했던 ‘골프알못’ 도경완은 이번 경기에서 냉철한 조언과 함께 임하룡의 골프채를 교체해주고, 홀인원 가능성이 있는 멤버에 대해 박근형을 꼽으며 예리한 분석을 내놓는다.",
				"subjectConsistencyYn": "Y"
			},
			{
				"sentenceNo": 8,
				"sentenceContent": "여행 가이드부터 캐디까지 전천후로 활동하는 도경완의 맹활약이 ‘그랜파’의 묘미를 제대로 살릴 전망이다.",
				"subjectConsistencyYn": "Y"
			},
			{
				"sentenceNo": 9,
				"sentenceContent": "이는 아티스트에게는 이미지 손실과 함께 대중들에게 혼란을 야기할 수 있습니다.",
				"subjectConsistencyYn": "N"
			},
			{
				"sentenceNo": 10,
				"sentenceContent": "이에 당사는 이 같은 악성 댓글과 루머에 대해 향후 강경 대응을 할 것 임을 밝힙니다.",
				"subjectConsistencyYn": "N"
			}
		],
		"clickbaitClass": 0
	}
}