{
	"sourceDataInfo": {
		"newsID": "ET_M13_490446",
		"newsCategory": "연예",
		"newsSubcategory": "방송",
		"newsTitle": "‘신과 함께2’ 성시경, 찐팬 이윤지 앞에선 과묵 콘셉트",
		"newsSubTitle": "",
		"newsContent": "이윤지와 박선영이 성시경을 향한 팬심으로 일심동체를 이룬다.\n오는 17일 방송되는 채널S의 예능 프로그램 ‘신과 함께 시즌2’(채널S & SM C&C STUDIO 공동제작/ 프로듀서 김수현, 연출 진선미)에서 ‘잘 자요’ 세대 이윤지와 박선영이 ‘성시경’을 주제로 공감 토크를 나누는 모습과 이를 듣고 성시경이 무게를 잡는 장면이 담긴 영상이 ‘SM C&C STUDIO’ 유튜브 채널에 선공개됐다.\n이어 오늘(16일) 오후 6시 ‘채널S’의 네이버TV와 유튜브 공식 채널에도 공개될 예정이다.\n공개된 영상에서 게스트 이윤지가 한껏 긴장한 모습으로 스튜디오에 입장했다.\n성시경의 오랜 팬인 이윤지는 “공연을 할 때도 안 떨렸는데 지금 너무 떨린다”며 어쩔 줄 몰라 하는 모습을 내비쳤다.\n그러면서 그는 “성시경은 사람 자체가 좋다”고 꿀이 뚝뚝 떨어지는 눈빛으로 성시경을 바라봤고, 이윤지와 마찬가지로 성시경의 팬클럽인 박선영도 “그 기분 뭔지 너무 잘 알 것 같다”고 맞장구를 쳤다.\n이날 팬에게 멋있게 보이고 싶은 성시경은 쉴 틈 없는 입담으로 오디오를 채우던 평소와는 달리 무게를 잡고 과묵한 콘셉으로 일관했다.\n이용진은 이런 성시경의 모습을 바로 캐치해 “지난주 녹화 때랑 분위기가 다르다. 지금은 무게를 좀 잡으시네요?”라고 너스레를 떨었다.\n이에 성시경은 “안 좋은 모습 보이긴 싫으니까”라며 부끄러워해 폭소를 자아냈다.\n한 때 ‘잘 자요’로 여심을 평정했던 성시경과 그 시절 그의 라디오를 듣고 빠졌던 성시경의 오랜 팬 이윤지의 역사적인 만남은 오는 17일 저녁 8시 채널S에서 확인할 수 있다.",
		"partNum": "P2",
		"useType": 0,
		"processType": "A",
		"processPattern": "99",
		"processLevel": "하",
		"sentenceCount": 10,
		"processSentencenum": 3,
		"sentenceInfo": [
			{
				"sentenceNo": 1,
				"sentenceContent": "이윤지와 박선영이 성시경을 향한 팬심으로 일심동체를 이룬다.",
				"sentenceSize": 33
			},
			{
				"sentenceNo": 2,
				"sentenceContent": "오는 17일 방송되는 채널S의 예능 프로그램 ‘신과 함께 시즌2’(채널S & SM C&C STUDIO 공동제작/ 프로듀서 김수현, 연출 진선미)에서 ‘잘 자요’ 세대 이윤지와 박선영이 ‘성시경’을 주제로 공감 토크를 나누는 모습과 이를 듣고 성시경이 무게를 잡는 장면이 담긴 영상이 ‘SM C&C STUDIO’ 유튜브 채널에 선공개됐다.",
				"sentenceSize": 188
			},
			{
				"sentenceNo": 3,
				"sentenceContent": "이어 오늘(16일) 오후 6시 ‘채널S’의 네이버TV와 유튜브 공식 채널에도 공개될 예정이다.",
				"sentenceSize": 52
			},
			{
				"sentenceNo": 4,
				"sentenceContent": "공개된 영상에서 게스트 이윤지가 한껏 긴장한 모습으로 스튜디오에 입장했다.",
				"sentenceSize": 41
			},
			{
				"sentenceNo": 5,
				"sentenceContent": "성시경의 오랜 팬인 이윤지는 “공연을 할 때도 안 떨렸는데 지금 너무 떨린다”며 어쩔 줄 몰라 하는 모습을 내비쳤다.",
				"sentenceSize": 65
			},
			{
				"sentenceNo": 6,
				"sentenceContent": "그러면서 그는 “성시경은 사람 자체가 좋다”고 꿀이 뚝뚝 떨어지는 눈빛으로 성시경을 바라봤고, 이윤지와 마찬가지로 성시경의 팬클럽인 박선영도 “그 기분 뭔지 너무 잘 알 것 같다”고 맞장구를 쳤다.",
				"sentenceSize": 110
			},
			{
				"sentenceNo": 7,
				"sentenceContent": "이날 팬에게 멋있게 보이고 싶은 성시경은 쉴 틈 없는 입담으로 오디오를 채우던 평소와는 달리 무게를 잡고 과묵한 콘셉으로 일관했다.",
				"sentenceSize": 73
			},
			{
				"sentenceNo": 8,
				"sentenceContent": "이용진은 이런 성시경의 모습을 바로 캐치해 “지난주 녹화 때랑 분위기가 다르다. 지금은 무게를 좀 잡으시네요?”라고 너스레를 떨었다.",
				"sentenceSize": 74
			},
			{
				"sentenceNo": 9,
				"sentenceContent": "이에 성시경은 “안 좋은 모습 보이긴 싫으니까”라며 부끄러워해 폭소를 자아냈다.",
				"sentenceSize": 44
			},
			{
				"sentenceNo": 10,
				"sentenceContent": "한 때 ‘잘 자요’로 여심을 평정했던 성시경과 그 시절 그의 라디오를 듣고 빠졌던 성시경의 오랜 팬 이윤지의 역사적인 만남은 오는 17일 저녁 8시 채널S에서 확인할 수 있다.",
				"sentenceSize": 98
			}
		]
	},
	"labeledDataInfo": {
		"processSentenceInfo": [
			{
				"sentenceNo": 1,
				"sentenceContent": "이윤지와 박선영이 성시경을 향한 팬심으로 일심동체를 이룬다.",
				"subjectConsistencyYn": "Y"
			},
			{
				"sentenceNo": 2,
				"sentenceContent": "오는 17일 방송되는 채널S의 예능 프로그램 ‘신과 함께 시즌2’(채널S & SM C&C STUDIO 공동제작/ 프로듀서 김수현, 연출 진선미)에서 ‘잘 자요’ 세대 이윤지와 박선영이 ‘성시경’을 주제로 공감 토크를 나누는 모습과 이를 듣고 성시경이 무게를 잡는 장면이 담긴 영상이 ‘SM C&C STUDIO’ 유튜브 채널에 선공개됐다.",
				"subjectConsistencyYn": "Y"
			},
			{
				"sentenceNo": 3,
				"sentenceContent": "이어 오늘(16일) 오후 6시 ‘채널S’의 네이버TV와 유튜브 공식 채널에도 공개될 예정이다.",
				"subjectConsistencyYn": "Y"
			},
			{
				"sentenceNo": 4,
				"sentenceContent": "공개된 영상에서 게스트 이윤지가 한껏 긴장한 모습으로 스튜디오에 입장했다.",
				"subjectConsistencyYn": "Y"
			},
			{
				"sentenceNo": 5,
				"sentenceContent": "성시경의 오랜 팬인 이윤지는 “공연을 할 때도 안 떨렸는데 지금 너무 떨린다”며 어쩔 줄 몰라 하는 모습을 내비쳤다.",
				"subjectConsistencyYn": "Y"
			},
			{
				"sentenceNo": 6,
				"sentenceContent": "그러면서 그는 “성시경은 사람 자체가 좋다”고 꿀이 뚝뚝 떨어지는 눈빛으로 성시경을 바라봤고, 이윤지와 마찬가지로 성시경의 팬클럽인 박선영도 “그 기분 뭔지 너무 잘 알 것 같다”고 맞장구를 쳤다.",
				"subjectConsistencyYn": "Y"
			},
			{
				"sentenceNo": 7,
				"sentenceContent": "이날 팬에게 멋있게 보이고 싶은 성시경은 쉴 틈 없는 입담으로 오디오를 채우던 평소와는 달리 무게를 잡고 과묵한 콘셉으로 일관했다.",
				"subjectConsistencyYn": "Y"
			},
			{
				"sentenceNo": 8,
				"sentenceContent": "온라인 중앙일보 '천연방충제 만들기'.",
				"subjectConsistencyYn": "N"
			}
		],
		"clickbaitClass": 0
	}
}