{
	"sourceDataInfo": {
		"newsID": "ET_M13_490381",
		"newsCategory": "연예",
		"newsSubcategory": "연예일반",
		"newsTitle": "NCT, 24시간짜리 사과문 논란 재점화",
		"newsSubTitle": "",
		"newsContent": "그룹 NCT의 도영, 마크, 쟈니가 지진관련 경솔한 언행에 대해 사과했다.\n그러나 해당 사과문을 24시간 뒤 지워지는 인스타그램 스토리에 올려 또 한번 도마에 올랐다.\n지난 14일 도영, 마크, 쟈니는 SNS인스타그램 스토리에 “지진에 대해 경솔한 언행을 보여드려 죄송하다”는 글을 올렸다.\n이들은 이날 컴백을 기념한 라이브 방송에서 지진 소식을 전하는 재난 문자를 받자 새 앨범 수록곡 ‘Earthquake(지진)’을 부르고 춤을 췄다.\n셋의 이 같은 행동은 유튜브를 통해 생중계됐고 각종 커뮤니티와 SNS에는 “남의 불행에 춤을 추는 무개념”이라는 비난 여론이 확산됐다.\n이에 도영은 발빠르게 “오늘 진행한 컴백 라이브 방송에서 상황을 제대로 인지하지 못하고 경솔한 실수를 했다”며 “제 경솔했던 발언으로 상처를 받고 불편해하셨을 분들에게 사과의 말씀 드리고 싶다”고 말했다.\n쟈니도 “오늘 컴백 라이브를 하면서 경솔한 행동한 점 죄송하다. 앞으로 더 신중하게 생각하고 행동하겠다. 제 행동을 보고 불편을 느끼셨을 모든 분께 다시 한번 사과드린다”고 했다.\n마크 역시 “상황 파악을 제대로 못 하고 부주의하고 경솔한 행동을 보여드려서 정말 죄송하다”고 말했다.\n그러나 셋 모두 ‘인스타그램 스토리’를 통해 사과를 해 또 한번 비판을 받았다.\n인스타그램 스토리는 24시간 뒤 자동 삭제되는 시스템이다.\n누리꾼들은 “24시간짜리 사과문” “진짜 죄송하긴 한거냐” 등의 반응을 보였다.\n한편 지난 14일 오후 5시 19분쯤 제주 서귀포시 서남서쪽 41㎞ 해역에서는 규모 4.9의 지진이 발생했다.\n올해 한반도와 인근 해역에서 발생한 지진 중 최대 규모다.\n제주도 전역에서는 ‘쿵’ 소리와 함께 고층 건물이 흔들릴 만큼 큰 진동이 감지됐으며 제주 외 전남, 경남, 광주, 전북 등 인근 지역에서도 진동을 느꼈다는 신고가 잇따랐다.\n호텔 투숙객들은 건물 밖으로 대피하고 학교 학생과 교직원들은 긴급 귀가하는 등 소동이 벌어졌다.\n제주공항에선 활주로 점검을 위해 출발·도착 항공편이 10여 분간 중단됐다.",
		"partNum": "P2",
		"useType": 0,
		"processType": "A",
		"processPattern": "99",
		"processLevel": "하",
		"sentenceCount": 16,
		"processSentencenum": 4,
		"sentenceInfo": [
			{
				"sentenceNo": 1,
				"sentenceContent": "그룹 NCT의 도영, 마크, 쟈니가 지진관련 경솔한 언행에 대해 사과했다.",
				"sentenceSize": 41
			},
			{
				"sentenceNo": 2,
				"sentenceContent": "그러나 해당 사과문을 24시간 뒤 지워지는 인스타그램 스토리에 올려 또 한번 도마에 올랐다.",
				"sentenceSize": 51
			},
			{
				"sentenceNo": 3,
				"sentenceContent": "지난 14일 도영, 마크, 쟈니는 SNS인스타그램 스토리에 “지진에 대해 경솔한 언행을 보여드려 죄송하다”는 글을 올렸다.",
				"sentenceSize": 68
			},
			{
				"sentenceNo": 4,
				"sentenceContent": "이들은 이날 컴백을 기념한 라이브 방송에서 지진 소식을 전하는 재난 문자를 받자 새 앨범 수록곡 ‘Earthquake(지진)’을 부르고 춤을 췄다.",
				"sentenceSize": 82
			},
			{
				"sentenceNo": 5,
				"sentenceContent": "셋의 이 같은 행동은 유튜브를 통해 생중계됐고 각종 커뮤니티와 SNS에는 “남의 불행에 춤을 추는 무개념”이라는 비난 여론이 확산됐다.",
				"sentenceSize": 75
			},
			{
				"sentenceNo": 6,
				"sentenceContent": "이에 도영은 발빠르게 “오늘 진행한 컴백 라이브 방송에서 상황을 제대로 인지하지 못하고 경솔한 실수를 했다”며 “제 경솔했던 발언으로 상처를 받고 불편해하셨을 분들에게 사과의 말씀 드리고 싶다”고 말했다.",
				"sentenceSize": 114
			},
			{
				"sentenceNo": 7,
				"sentenceContent": "쟈니도 “오늘 컴백 라이브를 하면서 경솔한 행동한 점 죄송하다. 앞으로 더 신중하게 생각하고 행동하겠다. 제 행동을 보고 불편을 느끼셨을 모든 분께 다시 한번 사과드린다”고 했다.",
				"sentenceSize": 100
			},
			{
				"sentenceNo": 8,
				"sentenceContent": "마크 역시 “상황 파악을 제대로 못 하고 부주의하고 경솔한 행동을 보여드려서 정말 죄송하다”고 말했다.",
				"sentenceSize": 57
			},
			{
				"sentenceNo": 9,
				"sentenceContent": "그러나 셋 모두 ‘인스타그램 스토리’를 통해 사과를 해 또 한번 비판을 받았다.",
				"sentenceSize": 44
			},
			{
				"sentenceNo": 10,
				"sentenceContent": "인스타그램 스토리는 24시간 뒤 자동 삭제되는 시스템이다.",
				"sentenceSize": 32
			},
			{
				"sentenceNo": 11,
				"sentenceContent": "누리꾼들은 “24시간짜리 사과문” “진짜 죄송하긴 한거냐” 등의 반응을 보였다.",
				"sentenceSize": 44
			},
			{
				"sentenceNo": 12,
				"sentenceContent": "한편 지난 14일 오후 5시 19분쯤 제주 서귀포시 서남서쪽 41㎞ 해역에서는 규모 4.9의 지진이 발생했다.",
				"sentenceSize": 61
			},
			{
				"sentenceNo": 13,
				"sentenceContent": "올해 한반도와 인근 해역에서 발생한 지진 중 최대 규모다.",
				"sentenceSize": 32
			},
			{
				"sentenceNo": 14,
				"sentenceContent": "제주도 전역에서는 ‘쿵’ 소리와 함께 고층 건물이 흔들릴 만큼 큰 진동이 감지됐으며 제주 외 전남, 경남, 광주, 전북 등 인근 지역에서도 진동을 느꼈다는 신고가 잇따랐다.",
				"sentenceSize": 96
			},
			{
				"sentenceNo": 15,
				"sentenceContent": "호텔 투숙객들은 건물 밖으로 대피하고 학교 학생과 교직원들은 긴급 귀가하는 등 소동이 벌어졌다.",
				"sentenceSize": 53
			},
			{
				"sentenceNo": 16,
				"sentenceContent": "제주공항에선 활주로 점검을 위해 출발·도착 항공편이 10여 분간 중단됐다.",
				"sentenceSize": 41
			}
		]
	},
	"labeledDataInfo": {
		"processSentenceInfo": [
			{
				"sentenceNo": 1,
				"sentenceContent": "그룹 NCT의 도영, 마크, 쟈니가 지진관련 경솔한 언행에 대해 사과했다.",
				"subjectConsistencyYn": "Y"
			},
			{
				"sentenceNo": 2,
				"sentenceContent": "그러나 해당 사과문을 24시간 뒤 지워지는 인스타그램 스토리에 올려 또 한번 도마에 올랐다.",
				"subjectConsistencyYn": "Y"
			},
			{
				"sentenceNo": 3,
				"sentenceContent": "지난 14일 도영, 마크, 쟈니는 SNS인스타그램 스토리에 “지진에 대해 경솔한 언행을 보여드려 죄송하다”는 글을 올렸다.",
				"subjectConsistencyYn": "Y"
			},
			{
				"sentenceNo": 4,
				"sentenceContent": "이들은 이날 컴백을 기념한 라이브 방송에서 지진 소식을 전하는 재난 문자를 받자 새 앨범 수록곡 ‘Earthquake(지진)’을 부르고 춤을 췄다.",
				"subjectConsistencyYn": "Y"
			},
			{
				"sentenceNo": 5,
				"sentenceContent": "셋의 이 같은 행동은 유튜브를 통해 생중계됐고 각종 커뮤니티와 SNS에는 “남의 불행에 춤을 추는 무개념”이라는 비난 여론이 확산됐다.",
				"subjectConsistencyYn": "Y"
			},
			{
				"sentenceNo": 6,
				"sentenceContent": "이에 도영은 발빠르게 “오늘 진행한 컴백 라이브 방송에서 상황을 제대로 인지하지 못하고 경솔한 실수를 했다”며 “제 경솔했던 발언으로 상처를 받고 불편해하셨을 분들에게 사과의 말씀 드리고 싶다”고 말했다.",
				"subjectConsistencyYn": "Y"
			},
			{
				"sentenceNo": 7,
				"sentenceContent": "쟈니도 “오늘 컴백 라이브를 하면서 경솔한 행동한 점 죄송하다. 앞으로 더 신중하게 생각하고 행동하겠다. 제 행동을 보고 불편을 느끼셨을 모든 분께 다시 한번 사과드린다”고 했다.",
				"subjectConsistencyYn": "Y"
			},
			{
				"sentenceNo": 8,
				"sentenceContent": "마크 역시 “상황 파악을 제대로 못 하고 부주의하고 경솔한 행동을 보여드려서 정말 죄송하다”고 말했다.",
				"subjectConsistencyYn": "Y"
			},
			{
				"sentenceNo": 9,
				"sentenceContent": "그러나 셋 모두 ‘인스타그램 스토리’를 통해 사과를 해 또 한번 비판을 받았다.",
				"subjectConsistencyYn": "Y"
			},
			{
				"sentenceNo": 10,
				"sentenceContent": "인스타그램 스토리는 24시간 뒤 자동 삭제되는 시스템이다.",
				"subjectConsistencyYn": "Y"
			},
			{
				"sentenceNo": 11,
				"sentenceContent": "누리꾼들은 “24시간짜리 사과문” “진짜 죄송하긴 한거냐” 등의 반응을 보였다.",
				"subjectConsistencyYn": "Y"
			},
			{
				"sentenceNo": 12,
				"sentenceContent": "한편 지난 14일 오후 5시 19분쯤 제주 서귀포시 서남서쪽 41㎞ 해역에서는 규모 4.9의 지진이 발생했다.",
				"subjectConsistencyYn": "Y"
			},
			{
				"sentenceNo": 13,
				"sentenceContent": "이 소식을 접한 네티즌들은 “손나은 두번째 스무살 출연 확정, 연기하는 모습 기대된다” “손나은 두번째 스무살 출연 확정, 연기까지 못하는게 없네” “손나은 두번째 스무살 출연 확정, 최지우랑 동기 대박” 등의 반응을 보였다. ‘손나은 두번째 스무살 출연 확정’ 온라인 중앙일보 [사진 중앙DB, tvN ] ‘손나은 두번째 스무살 출연 확정’",
				"subjectConsistencyYn": "N"
			}
		],
		"clickbaitClass": 0
	}
}