{
	"sourceDataInfo": {
		"newsID": "ET_M13_490373",
		"newsCategory": "연예",
		"newsSubcategory": "음악",
		"newsTitle": "원어스×원위, 겨울 미소년들",
		"newsSubTitle": "",
		"newsContent": "원어스(ONEUS)와 원위(ONEWE)의 합동 싱글 티저 이미지가 공개됐다.\n원어스(RAVN(레이븐)·서호·이도·건희·환웅·시온)와 원위(용훈·강현·하린·동명·키아)는 오늘(15일) 0시, 공식 SNS를 통해 디지털 싱글 ‘STAY’의 콘셉트가 담긴 티저 이미지를 선보이며 팬들의 기대감을 고조시켰다.\n사진에는 자연광이 비치는 건물 안, 원어스와 원위가 따뜻하고 자연스러운 분위기 속에 편안히 포즈를 취하고 있다.\n겨울 감성 가득한 귀엽고 트렌디한 캐주얼룩으로 소년미를 강조해 눈길을 끌었다.\n특히, 연습생 시절부터 동고동락한 두 그룹답게 장난기 어린 표정을 지으며 유쾌한 ‘찐친 케미’를 선보여 신곡 ‘STAY’에 대한 궁금증을 더했다.\n원어스와 원위는 오는 21일 데뷔 첫 시즌송 ‘STAY’를 발매한다. ‘STAY’는 두 그룹이 데뷔 전 출연한 리얼리티 프로그램 ‘데뷔하겠습니다’에서 팬들에게 선공개한 곡이다.\n특히, 두 그룹이 합동으로 음원을 발표하는 것은 2018년 9월 발매된 디지털 싱글 ‘데뷔하겠습니다’의 타이틀곡 ‘LAST SONG’ 이후 3년 3개월 만으로, ‘STAY’를 통해 이전보다 한층 깊어진 보컬과 감성을 선보일 예정이다.\n원어스만의 화려하면서도 섬세한 목소리와 원위의 안정적인 듯 강렬한 목소리가 만나 새로운 버전의 ‘STAY’가 탄생, 올 겨울 리스너들에게 설렘을 안길 전망이다.\n한편, 원어스와 원위가 함께 한 디지털 싱글 ‘STAY’는 오는 21일 오후 6시 각종 음원 사이트를 통해 공개된다.",
		"partNum": "P2",
		"useType": 0,
		"processType": "A",
		"processPattern": "99",
		"processLevel": "하",
		"sentenceCount": 9,
		"processSentencenum": 2,
		"sentenceInfo": [
			{
				"sentenceNo": 1,
				"sentenceContent": "원어스(ONEUS)와 원위(ONEWE)의 합동 싱글 티저 이미지가 공개됐다.",
				"sentenceSize": 42
			},
			{
				"sentenceNo": 2,
				"sentenceContent": "원어스(RAVN(레이븐)·서호·이도·건희·환웅·시온)와 원위(용훈·강현·하린·동명·키아)는 오늘(15일) 0시, 공식 SNS를 통해 디지털 싱글 ‘STAY’의 콘셉트가 담긴 티저 이미지를 선보이며 팬들의 기대감을 고조시켰다.",
				"sentenceSize": 125
			},
			{
				"sentenceNo": 3,
				"sentenceContent": "사진에는 자연광이 비치는 건물 안, 원어스와 원위가 따뜻하고 자연스러운 분위기 속에 편안히 포즈를 취하고 있다.",
				"sentenceSize": 62
			},
			{
				"sentenceNo": 4,
				"sentenceContent": "겨울 감성 가득한 귀엽고 트렌디한 캐주얼룩으로 소년미를 강조해 눈길을 끌었다.",
				"sentenceSize": 43
			},
			{
				"sentenceNo": 5,
				"sentenceContent": "특히, 연습생 시절부터 동고동락한 두 그룹답게 장난기 어린 표정을 지으며 유쾌한 ‘찐친 케미’를 선보여 신곡 ‘STAY’에 대한 궁금증을 더했다.",
				"sentenceSize": 81
			},
			{
				"sentenceNo": 6,
				"sentenceContent": "원어스와 원위는 오는 21일 데뷔 첫 시즌송 ‘STAY’를 발매한다. ‘STAY’는 두 그룹이 데뷔 전 출연한 리얼리티 프로그램 ‘데뷔하겠습니다’에서 팬들에게 선공개한 곡이다.",
				"sentenceSize": 98
			},
			{
				"sentenceNo": 7,
				"sentenceContent": "특히, 두 그룹이 합동으로 음원을 발표하는 것은 2018년 9월 발매된 디지털 싱글 ‘데뷔하겠습니다’의 타이틀곡 ‘LAST SONG’ 이후 3년 3개월 만으로, ‘STAY’를 통해 이전보다 한층 깊어진 보컬과 감성을 선보일 예정이다.",
				"sentenceSize": 130
			},
			{
				"sentenceNo": 8,
				"sentenceContent": "원어스만의 화려하면서도 섬세한 목소리와 원위의 안정적인 듯 강렬한 목소리가 만나 새로운 버전의 ‘STAY’가 탄생, 올 겨울 리스너들에게 설렘을 안길 전망이다.",
				"sentenceSize": 89
			},
			{
				"sentenceNo": 9,
				"sentenceContent": "한편, 원어스와 원위가 함께 한 디지털 싱글 ‘STAY’는 오는 21일 오후 6시 각종 음원 사이트를 통해 공개된다.",
				"sentenceSize": 65
			}
		]
	},
	"labeledDataInfo": {
		"processSentenceInfo": [
			{
				"sentenceNo": 1,
				"sentenceContent": "원어스(ONEUS)와 원위(ONEWE)의 합동 싱글 티저 이미지가 공개됐다.",
				"subjectConsistencyYn": "Y"
			},
			{
				"sentenceNo": 2,
				"sentenceContent": "원어스(RAVN(레이븐)·서호·이도·건희·환웅·시온)와 원위(용훈·강현·하린·동명·키아)는 오늘(15일) 0시, 공식 SNS를 통해 디지털 싱글 ‘STAY’의 콘셉트가 담긴 티저 이미지를 선보이며 팬들의 기대감을 고조시켰다.",
				"subjectConsistencyYn": "Y"
			},
			{
				"sentenceNo": 3,
				"sentenceContent": "사진에는 자연광이 비치는 건물 안, 원어스와 원위가 따뜻하고 자연스러운 분위기 속에 편안히 포즈를 취하고 있다.",
				"subjectConsistencyYn": "Y"
			},
			{
				"sentenceNo": 4,
				"sentenceContent": "겨울 감성 가득한 귀엽고 트렌디한 캐주얼룩으로 소년미를 강조해 눈길을 끌었다.",
				"subjectConsistencyYn": "Y"
			},
			{
				"sentenceNo": 5,
				"sentenceContent": "특히, 연습생 시절부터 동고동락한 두 그룹답게 장난기 어린 표정을 지으며 유쾌한 ‘찐친 케미’를 선보여 신곡 ‘STAY’에 대한 궁금증을 더했다.",
				"subjectConsistencyYn": "Y"
			},
			{
				"sentenceNo": 6,
				"sentenceContent": "원어스와 원위는 오는 21일 데뷔 첫 시즌송 ‘STAY’를 발매한다. ‘STAY’는 두 그룹이 데뷔 전 출연한 리얼리티 프로그램 ‘데뷔하겠습니다’에서 팬들에게 선공개한 곡이다.",
				"subjectConsistencyYn": "Y"
			},
			{
				"sentenceNo": 7,
				"sentenceContent": "특히, 두 그룹이 합동으로 음원을 발표하는 것은 2018년 9월 발매된 디지털 싱글 ‘데뷔하겠습니다’의 타이틀곡 ‘LAST SONG’ 이후 3년 3개월 만으로, ‘STAY’를 통해 이전보다 한층 깊어진 보컬과 감성을 선보일 예정이다.",
				"subjectConsistencyYn": "Y"
			},
			{
				"sentenceNo": 8,
				"sentenceContent": "다채로운 콘텐츠로 전 세계 러비티를 만나고 있는 크래비티는 오는 20일과 21일 양일간 진행되는 팬미팅 ‘CRAVITY COLLECTION: C-DELIVERY’ 준비에 한창이다.",
				"subjectConsistencyYn": "N"
			}
		],
		"clickbaitClass": 0
	}
}