{
	"sourceDataInfo": {
		"newsID": "ET_M13_490510",
		"newsCategory": "연예",
		"newsSubcategory": "방송",
		"newsTitle": "구자욱 ‘전참시’ 뜬다",
		"newsSubTitle": "",
		"newsContent": "야구선수 구자욱이 생애 첫 관찰예능에 나선다.\n오는 18일(토) 방송되는 MBC ‘전지적 참견 시점’(기획 박정규 / 연출 노시용, 윤혜진 / 이하 ‘전참시’) 183회에서는 구자욱의 리얼 일상이 시청자들을 찾아간다.\n삼성 라이온즈 외야수 구자욱이 ‘전참시’ 카메라 앞에 섰다.\n뛰어난 실력과 훈훈한 외모로 많은 팬의 사랑을 받고 있는 구자욱은 이날 방송에서 깜짝 놀랄 찐일상을 공개해 안방을 놀라움으로 물들일 예정이다.\n구자욱의 비시즌을 담당하고 있다는 매니저는 “형이 잘생기고, 키도 크고, 모든 것이 완벽할 것 같지만 일상에서는 굉장한 허당이고 재밌는 사람”이라고 제보해 그 반전 일상은 어땠을지 눈길을 끈다.\n실제로 이날 구자욱은 그라운드 위의 불꽃 카리스마 넘치는 모습과 달리, 허당과 잔망 매력을 오가는 모습으로 MC들의 놀라움을 자아냈다.\n뿐만 아니라, 상상 이상의 반전 취미까지 공개할 예정이라 시청자들의 기대감을 더욱 증폭시킨다.\n그런가 하면 구자욱은 이날 외모에 전혀 신경 쓰지 않는 모습으로 이목을 집중시킨다.\n이에 매니저는 “형 얼굴을 나한테 줬으면 좋겠다”라는 빵 터지는 멘트로 스튜디오를 웃음바다로 만들었다고 하는데. 과연 구자욱의 그라운드 밖 리얼 일상의 실체는 어땠을지.\n구자욱의 만루 홈런급 반전 일상을 만날 수 있는 MBC ‘전지적 참견 시점’ 183회는 12월 18일 토요일 밤 11시 10분 방송된다.",
		"partNum": "P2",
		"useType": 0,
		"processType": "A",
		"processPattern": "99",
		"processLevel": "하",
		"sentenceCount": 10,
		"processSentencenum": 1,
		"sentenceInfo": [
			{
				"sentenceNo": 1,
				"sentenceContent": "야구선수 구자욱이 생애 첫 관찰예능에 나선다.",
				"sentenceSize": 25
			},
			{
				"sentenceNo": 2,
				"sentenceContent": "오는 18일(토) 방송되는 MBC ‘전지적 참견 시점’(기획 박정규 / 연출 노시용, 윤혜진 / 이하 ‘전참시’) 183회에서는 구자욱의 리얼 일상이 시청자들을 찾아간다.",
				"sentenceSize": 95
			},
			{
				"sentenceNo": 3,
				"sentenceContent": "삼성 라이온즈 외야수 구자욱이 ‘전참시’ 카메라 앞에 섰다.",
				"sentenceSize": 33
			},
			{
				"sentenceNo": 4,
				"sentenceContent": "뛰어난 실력과 훈훈한 외모로 많은 팬의 사랑을 받고 있는 구자욱은 이날 방송에서 깜짝 놀랄 찐일상을 공개해 안방을 놀라움으로 물들일 예정이다.",
				"sentenceSize": 79
			},
			{
				"sentenceNo": 5,
				"sentenceContent": "구자욱의 비시즌을 담당하고 있다는 매니저는 “형이 잘생기고, 키도 크고, 모든 것이 완벽할 것 같지만 일상에서는 굉장한 허당이고 재밌는 사람”이라고 제보해 그 반전 일상은 어땠을지 눈길을 끈다.",
				"sentenceSize": 108
			},
			{
				"sentenceNo": 6,
				"sentenceContent": "실제로 이날 구자욱은 그라운드 위의 불꽃 카리스마 넘치는 모습과 달리, 허당과 잔망 매력을 오가는 모습으로 MC들의 놀라움을 자아냈다.",
				"sentenceSize": 75
			},
			{
				"sentenceNo": 7,
				"sentenceContent": "뿐만 아니라, 상상 이상의 반전 취미까지 공개할 예정이라 시청자들의 기대감을 더욱 증폭시킨다.",
				"sentenceSize": 52
			},
			{
				"sentenceNo": 8,
				"sentenceContent": "그런가 하면 구자욱은 이날 외모에 전혀 신경 쓰지 않는 모습으로 이목을 집중시킨다.",
				"sentenceSize": 46
			},
			{
				"sentenceNo": 9,
				"sentenceContent": "이에 매니저는 “형 얼굴을 나한테 줬으면 좋겠다”라는 빵 터지는 멘트로 스튜디오를 웃음바다로 만들었다고 하는데. 과연 구자욱의 그라운드 밖 리얼 일상의 실체는 어땠을지.",
				"sentenceSize": 94
			},
			{
				"sentenceNo": 10,
				"sentenceContent": "구자욱의 만루 홈런급 반전 일상을 만날 수 있는 MBC ‘전지적 참견 시점’ 183회는 12월 18일 토요일 밤 11시 10분 방송된다.",
				"sentenceSize": 76
			}
		]
	},
	"labeledDataInfo": {
		"processSentenceInfo": [
			{
				"sentenceNo": 1,
				"sentenceContent": "야구선수 구자욱이 생애 첫 관찰예능에 나선다.",
				"subjectConsistencyYn": "Y"
			},
			{
				"sentenceNo": 2,
				"sentenceContent": "오는 18일(토) 방송되는 MBC ‘전지적 참견 시점’(기획 박정규 / 연출 노시용, 윤혜진 / 이하 ‘전참시’) 183회에서는 구자욱의 리얼 일상이 시청자들을 찾아간다.",
				"subjectConsistencyYn": "Y"
			},
			{
				"sentenceNo": 3,
				"sentenceContent": "삼성 라이온즈 외야수 구자욱이 ‘전참시’ 카메라 앞에 섰다.",
				"subjectConsistencyYn": "Y"
			},
			{
				"sentenceNo": 4,
				"sentenceContent": "뛰어난 실력과 훈훈한 외모로 많은 팬의 사랑을 받고 있는 구자욱은 이날 방송에서 깜짝 놀랄 찐일상을 공개해 안방을 놀라움으로 물들일 예정이다.",
				"subjectConsistencyYn": "Y"
			},
			{
				"sentenceNo": 5,
				"sentenceContent": "구자욱의 비시즌을 담당하고 있다는 매니저는 “형이 잘생기고, 키도 크고, 모든 것이 완벽할 것 같지만 일상에서는 굉장한 허당이고 재밌는 사람”이라고 제보해 그 반전 일상은 어땠을지 눈길을 끈다.",
				"subjectConsistencyYn": "Y"
			},
			{
				"sentenceNo": 6,
				"sentenceContent": "실제로 이날 구자욱은 그라운드 위의 불꽃 카리스마 넘치는 모습과 달리, 허당과 잔망 매력을 오가는 모습으로 MC들의 놀라움을 자아냈다.",
				"subjectConsistencyYn": "Y"
			},
			{
				"sentenceNo": 7,
				"sentenceContent": "뿐만 아니라, 상상 이상의 반전 취미까지 공개할 예정이라 시청자들의 기대감을 더욱 증폭시킨다.",
				"subjectConsistencyYn": "Y"
			},
			{
				"sentenceNo": 8,
				"sentenceContent": "그런가 하면 구자욱은 이날 외모에 전혀 신경 쓰지 않는 모습으로 이목을 집중시킨다.",
				"subjectConsistencyYn": "Y"
			},
			{
				"sentenceNo": 9,
				"sentenceContent": "이에 매니저는 “형 얼굴을 나한테 줬으면 좋겠다”라는 빵 터지는 멘트로 스튜디오를 웃음바다로 만들었다고 하는데. 과연 구자욱의 그라운드 밖 리얼 일상의 실체는 어땠을지.",
				"subjectConsistencyYn": "Y"
			},
			{
				"sentenceNo": 10,
				"sentenceContent": "수컷에 비해 암컷은 갈색으로 수수한 편. 암컷의 발정기가 되면 수컷은 목 주위로 '아방가르드한' 깃털을 펼치며 자신의 위용을 뽐낸다.",
				"subjectConsistencyYn": "N"
			},
			{
				"sentenceNo": 11,
				"sentenceContent": "뿐만 아니라 암컷 앞에서 현란한 스텝을 밟으며 적극적인 구애 활동에 나선다.",
				"subjectConsistencyYn": "N"
			},
			{
				"sentenceNo": 12,
				"sentenceContent": "세상에서 가장 특이한 구애를 하는 어깨걸이풍조의 화려함은 결국 짝을 찾기 위한 처절한 몸부림이었던 것이다.",
				"subjectConsistencyYn": "N"
			}
		],
		"clickbaitClass": 0
	}
}