{
	"sourceDataInfo": {
		"newsID": "ET_M13_490525",
		"newsCategory": "연예",
		"newsSubcategory": "음악",
		"newsTitle": "정승환 ‘별 (Dear)’ 국내 음원차트 1위",
		"newsSubTitle": "",
		"newsContent": "가수 정승환이 신곡 ‘별 (Dear)’로 감성 발라더 진가를 다시 한번 입증했다.\n정승환은 지난 16일 각종 음원 사이트를 통해 신곡 ‘별 (Dear)’을 발표했으며, 공개 직후 벅스 실시간 차트 1위를 비롯해 다수 음원차트 상위권을 차지하며 ‘감성 발라더’ 저력을 보여줬다.\n해마다 자신만의 색깔이 담긴 겨울 발라드로 큰 사랑을 받은 정승환은 이번 신곡 역시 음원 차트 정상에 올리며 ‘믿고 듣는 음원 강자’의 입지를 다졌다.\n신곡 ‘별 (Dear)’은 정승환이 사랑하는 사람들에게 들려주고, 듣고 싶은 이야기를 표현한 자작곡으로, 직접 프로듀싱에 참여해 진정성을 더했다. ‘별 (Dear)’은 지난 2019년 ‘정승환의 안녕, 겨울 : 우리가 사랑한 1년’ 공연에서 처음 공개됐으며 이후 팬들로부터 꾸준히 발매 요청을 받아온 곡이다.\n오랜 기다림 끝에 정식 음원을 듣는 만큼 팬들과 리스너들에게 더욱 특별한 선물이 됐다는 후문이다.\n정승환은 음원 발매에 이어 데뷔 첫 전국 투어 ‘2021 정승환의 안녕 겨울 : 다시 여기, 우리’를 개최한다.\n이번 공연은 17일부터 19일까지 서울 올림픽공원 SK올림픽핸드볼경기장, 26일 부산 벡스코 오디토리움, 31일 대구 엑스코 오디토리움에서 열린다.\n특히 사회적관계망서비스(SNS)를 통해 깜짝 공개한 미발표곡 ‘I Will’을 비롯해 다양한 무대가 준비됐다고 알려져 더욱 기대가 높아진다.\n데뷔 앨범 타이틀곡 ‘그 겨울’을 시작으로, ‘눈사람’, ‘십이월 이십오일의 고백’, 그리고 ‘어김없이 이 거리에’까지 겨울 대표 발라드를 탄생시킨 정승환은 신곡 ‘별 (Dear)’로 자신만의 감성을 보여주며 ‘성장형 아티스트’의 입지를 단단히 했다.\n한편 정승환은 17일 ‘2021 정승환의 안녕 겨울 : 다시 여기, 우리’ 서울 공연을 시작으로 데뷔 첫 전국 투어에 나선다.",
		"partNum": "P2",
		"useType": 0,
		"processType": "A",
		"processPattern": "99",
		"processLevel": "하",
		"sentenceCount": 10,
		"processSentencenum": 1,
		"sentenceInfo": [
			{
				"sentenceNo": 1,
				"sentenceContent": "가수 정승환이 신곡 ‘별 (Dear)’로 감성 발라더 진가를 다시 한번 입증했다.",
				"sentenceSize": 45
			},
			{
				"sentenceNo": 2,
				"sentenceContent": "정승환은 지난 16일 각종 음원 사이트를 통해 신곡 ‘별 (Dear)’을 발표했으며, 공개 직후 벅스 실시간 차트 1위를 비롯해 다수 음원차트 상위권을 차지하며 ‘감성 발라더’ 저력을 보여줬다.",
				"sentenceSize": 108
			},
			{
				"sentenceNo": 3,
				"sentenceContent": "해마다 자신만의 색깔이 담긴 겨울 발라드로 큰 사랑을 받은 정승환은 이번 신곡 역시 음원 차트 정상에 올리며 ‘믿고 듣는 음원 강자’의 입지를 다졌다.",
				"sentenceSize": 84
			},
			{
				"sentenceNo": 4,
				"sentenceContent": "신곡 ‘별 (Dear)’은 정승환이 사랑하는 사람들에게 들려주고, 듣고 싶은 이야기를 표현한 자작곡으로, 직접 프로듀싱에 참여해 진정성을 더했다. ‘별 (Dear)’은 지난 2019년 ‘정승환의 안녕, 겨울 : 우리가 사랑한 1년’ 공연에서 처음 공개됐으며 이후 팬들로부터 꾸준히 발매 요청을 받아온 곡이다.",
				"sentenceSize": 172
			},
			{
				"sentenceNo": 5,
				"sentenceContent": "오랜 기다림 끝에 정식 음원을 듣는 만큼 팬들과 리스너들에게 더욱 특별한 선물이 됐다는 후문이다.",
				"sentenceSize": 54
			},
			{
				"sentenceNo": 6,
				"sentenceContent": "정승환은 음원 발매에 이어 데뷔 첫 전국 투어 ‘2021 정승환의 안녕 겨울 : 다시 여기, 우리’를 개최한다.",
				"sentenceSize": 62
			},
			{
				"sentenceNo": 7,
				"sentenceContent": "이번 공연은 17일부터 19일까지 서울 올림픽공원 SK올림픽핸드볼경기장, 26일 부산 벡스코 오디토리움, 31일 대구 엑스코 오디토리움에서 열린다.",
				"sentenceSize": 82
			},
			{
				"sentenceNo": 8,
				"sentenceContent": "특히 사회적관계망서비스(SNS)를 통해 깜짝 공개한 미발표곡 ‘I Will’을 비롯해 다양한 무대가 준비됐다고 알려져 더욱 기대가 높아진다.",
				"sentenceSize": 78
			},
			{
				"sentenceNo": 9,
				"sentenceContent": "데뷔 앨범 타이틀곡 ‘그 겨울’을 시작으로, ‘눈사람’, ‘십이월 이십오일의 고백’, 그리고 ‘어김없이 이 거리에’까지 겨울 대표 발라드를 탄생시킨 정승환은 신곡 ‘별 (Dear)’로 자신만의 감성을 보여주며 ‘성장형 아티스트’의 입지를 단단히 했다.",
				"sentenceSize": 140
			},
			{
				"sentenceNo": 10,
				"sentenceContent": "한편 정승환은 17일 ‘2021 정승환의 안녕 겨울 : 다시 여기, 우리’ 서울 공연을 시작으로 데뷔 첫 전국 투어에 나선다.",
				"sentenceSize": 70
			}
		]
	},
	"labeledDataInfo": {
		"processSentenceInfo": [
			{
				"sentenceNo": 1,
				"sentenceContent": "가수 정승환이 신곡 ‘별 (Dear)’로 감성 발라더 진가를 다시 한번 입증했다.",
				"subjectConsistencyYn": "Y"
			},
			{
				"sentenceNo": 2,
				"sentenceContent": "정승환은 지난 16일 각종 음원 사이트를 통해 신곡 ‘별 (Dear)’을 발표했으며, 공개 직후 벅스 실시간 차트 1위를 비롯해 다수 음원차트 상위권을 차지하며 ‘감성 발라더’ 저력을 보여줬다.",
				"subjectConsistencyYn": "Y"
			},
			{
				"sentenceNo": 3,
				"sentenceContent": "해마다 자신만의 색깔이 담긴 겨울 발라드로 큰 사랑을 받은 정승환은 이번 신곡 역시 음원 차트 정상에 올리며 ‘믿고 듣는 음원 강자’의 입지를 다졌다.",
				"subjectConsistencyYn": "Y"
			},
			{
				"sentenceNo": 4,
				"sentenceContent": "신곡 ‘별 (Dear)’은 정승환이 사랑하는 사람들에게 들려주고, 듣고 싶은 이야기를 표현한 자작곡으로, 직접 프로듀싱에 참여해 진정성을 더했다. ‘별 (Dear)’은 지난 2019년 ‘정승환의 안녕, 겨울 : 우리가 사랑한 1년’ 공연에서 처음 공개됐으며 이후 팬들로부터 꾸준히 발매 요청을 받아온 곡이다.",
				"subjectConsistencyYn": "Y"
			},
			{
				"sentenceNo": 5,
				"sentenceContent": "오랜 기다림 끝에 정식 음원을 듣는 만큼 팬들과 리스너들에게 더욱 특별한 선물이 됐다는 후문이다.",
				"subjectConsistencyYn": "Y"
			},
			{
				"sentenceNo": 6,
				"sentenceContent": "정승환은 음원 발매에 이어 데뷔 첫 전국 투어 ‘2021 정승환의 안녕 겨울 : 다시 여기, 우리’를 개최한다.",
				"subjectConsistencyYn": "Y"
			},
			{
				"sentenceNo": 7,
				"sentenceContent": "이번 공연은 17일부터 19일까지 서울 올림픽공원 SK올림픽핸드볼경기장, 26일 부산 벡스코 오디토리움, 31일 대구 엑스코 오디토리움에서 열린다.",
				"subjectConsistencyYn": "Y"
			},
			{
				"sentenceNo": 8,
				"sentenceContent": "특히 사회적관계망서비스(SNS)를 통해 깜짝 공개한 미발표곡 ‘I Will’을 비롯해 다양한 무대가 준비됐다고 알려져 더욱 기대가 높아진다.",
				"subjectConsistencyYn": "Y"
			},
			{
				"sentenceNo": 9,
				"sentenceContent": "데뷔 앨범 타이틀곡 ‘그 겨울’을 시작으로, ‘눈사람’, ‘십이월 이십오일의 고백’, 그리고 ‘어김없이 이 거리에’까지 겨울 대표 발라드를 탄생시킨 정승환은 신곡 ‘별 (Dear)’로 자신만의 감성을 보여주며 ‘성장형 아티스트’의 입지를 단단히 했다.",
				"subjectConsistencyYn": "Y"
			},
			{
				"sentenceNo": 10,
				"sentenceContent": "그는 아직 오글거리는 상황을 부담스러워하고 표현에는 어색하다. “낯간지러운 행동을 잘 못해요. 무뚝뚝한 면이 많죠. 여자친구라면 조금 더 잘 챙기지 않을까 싶어요. 이상형은 서로 긍정적인 에너지를 주는 사이에요. 이 사람도 나에게 배울 게 있고, 나도 배울 점이 있다면 연애가 계속 지속될 수 있다고 생각합니다.”",
				"subjectConsistencyYn": "N"
			}
		],
		"clickbaitClass": 0
	}
}