{
	"sourceDataInfo": {
		"newsID": "ET_M13_490504",
		"newsCategory": "연예",
		"newsSubcategory": "방송",
		"newsTitle": "‘엉클’ 이상우, 전혜진에 건넨 꽃다발의 의미는",
		"newsSubTitle": "",
		"newsContent": "전혜진과 이상우의 ‘핑크빛 무드 투샷’이 공개됐다.\nTV CHOSUN 새 토일미니시리즈 ‘엉클’(연출 지영수/극본 박지숙/제작 하이그라운드, 몬스터유니온)은 누나의 청천벽력 이혼으로 얼떨결에 초딩 조카를 떠맡은 루저 뮤지션 삼촌의 코믹 유쾌 성장 생존기다.\n지난 방송에서는 왕준희(전혜진), 민지후(이경훈) 모자가 임대아파트에 산다는 이유로 로얄스테이트 맘블리들의 집단 차별을 받기 시작한 상황. 이런 가운데 주경일(이상우)은 학교에 전학 온 왕준희 모자에게 유일하게 도움의 손길을 내밀어 훈훈함을 안겼다.\n그러나 이후 방송 말미, 주경일의 방에 로얄스테이트 주민들의 사진과 각종 정보를 붙여놓은 보드가 포착된데 이어, 주경일이 왕준희의 사진을 프린트한 뒤 뚫어지게 쳐다보는 모습으로 정체에 대한 의문을 증폭시켰다.\n이와 관련 전혜진과 이상우가 심상치 않은 분위기로 마주 선 ‘핑크빛 무드 투샷’이 시선을 집중시키고 있다.\n극중 주경일이 생일을 맞은 왕준희에게 꽃을 선물하는 장면. 먼저 왕준희와 주경일이 심각한 표정으로 서로를 바라보며 서 있는 가운데 주경일이 등 뒤에 감추고 있던 꽃다발을 꺼내 보이면서 분위기를 반전시킨다.\n왕준희는 놀라움과 당황스러움이 교차 되는 표정으로 주경일이 건넨 꽃다발을 받아들고, 이내 미소를 지으며 기뻐한다.\n두 사람이 급속도로 가까워지게 된 사연은 무엇일지, 묘한 설렘 기류가 엿보이는 왕준희와 주경일의 관계에 관심이 모이고 있다.\n제작진은 “전혜진과 이상우는 위로와 공감을 이끄는 따뜻한 호흡을 지닌 배우들”이라며 “조금씩 변화를 맞이하는 왕준희와 주경일의 관계성에 주목해 달라”고 전했다.\n한편 TV CHOSUN 새 토일미니시리즈 ‘엉클’ 3회는 오는 18일(토) 밤 9시에 방송되며, VOD는 웨이브(wavve)에서 독점 공개된다.",
		"partNum": "P2",
		"useType": 0,
		"processType": "A",
		"processPattern": "99",
		"processLevel": "하",
		"sentenceCount": 10,
		"processSentencenum": 2,
		"sentenceInfo": [
			{
				"sentenceNo": 1,
				"sentenceContent": "전혜진과 이상우의 ‘핑크빛 무드 투샷’이 공개됐다.",
				"sentenceSize": 28
			},
			{
				"sentenceNo": 2,
				"sentenceContent": "TV CHOSUN 새 토일미니시리즈 ‘엉클’(연출 지영수/극본 박지숙/제작 하이그라운드, 몬스터유니온)은 누나의 청천벽력 이혼으로 얼떨결에 초딩 조카를 떠맡은 루저 뮤지션 삼촌의 코믹 유쾌 성장 생존기다.",
				"sentenceSize": 114
			},
			{
				"sentenceNo": 3,
				"sentenceContent": "지난 방송에서는 왕준희(전혜진), 민지후(이경훈) 모자가 임대아파트에 산다는 이유로 로얄스테이트 맘블리들의 집단 차별을 받기 시작한 상황. 이런 가운데 주경일(이상우)은 학교에 전학 온 왕준희 모자에게 유일하게 도움의 손길을 내밀어 훈훈함을 안겼다.",
				"sentenceSize": 139
			},
			{
				"sentenceNo": 4,
				"sentenceContent": "그러나 이후 방송 말미, 주경일의 방에 로얄스테이트 주민들의 사진과 각종 정보를 붙여놓은 보드가 포착된데 이어, 주경일이 왕준희의 사진을 프린트한 뒤 뚫어지게 쳐다보는 모습으로 정체에 대한 의문을 증폭시켰다.",
				"sentenceSize": 116
			},
			{
				"sentenceNo": 5,
				"sentenceContent": "이와 관련 전혜진과 이상우가 심상치 않은 분위기로 마주 선 ‘핑크빛 무드 투샷’이 시선을 집중시키고 있다.",
				"sentenceSize": 59
			},
			{
				"sentenceNo": 6,
				"sentenceContent": "극중 주경일이 생일을 맞은 왕준희에게 꽃을 선물하는 장면. 먼저 왕준희와 주경일이 심각한 표정으로 서로를 바라보며 서 있는 가운데 주경일이 등 뒤에 감추고 있던 꽃다발을 꺼내 보이면서 분위기를 반전시킨다.",
				"sentenceSize": 114
			},
			{
				"sentenceNo": 7,
				"sentenceContent": "왕준희는 놀라움과 당황스러움이 교차 되는 표정으로 주경일이 건넨 꽃다발을 받아들고, 이내 미소를 지으며 기뻐한다.",
				"sentenceSize": 63
			},
			{
				"sentenceNo": 8,
				"sentenceContent": "두 사람이 급속도로 가까워지게 된 사연은 무엇일지, 묘한 설렘 기류가 엿보이는 왕준희와 주경일의 관계에 관심이 모이고 있다.",
				"sentenceSize": 69
			},
			{
				"sentenceNo": 9,
				"sentenceContent": "제작진은 “전혜진과 이상우는 위로와 공감을 이끄는 따뜻한 호흡을 지닌 배우들”이라며 “조금씩 변화를 맞이하는 왕준희와 주경일의 관계성에 주목해 달라”고 전했다.",
				"sentenceSize": 89
			},
			{
				"sentenceNo": 10,
				"sentenceContent": "한편 TV CHOSUN 새 토일미니시리즈 ‘엉클’ 3회는 오는 18일(토) 밤 9시에 방송되며, VOD는 웨이브(wavve)에서 독점 공개된다.",
				"sentenceSize": 80
			}
		]
	},
	"labeledDataInfo": {
		"processSentenceInfo": [
			{
				"sentenceNo": 1,
				"sentenceContent": "전혜진과 이상우의 ‘핑크빛 무드 투샷’이 공개됐다.",
				"subjectConsistencyYn": "Y"
			},
			{
				"sentenceNo": 2,
				"sentenceContent": "TV CHOSUN 새 토일미니시리즈 ‘엉클’(연출 지영수/극본 박지숙/제작 하이그라운드, 몬스터유니온)은 누나의 청천벽력 이혼으로 얼떨결에 초딩 조카를 떠맡은 루저 뮤지션 삼촌의 코믹 유쾌 성장 생존기다.",
				"subjectConsistencyYn": "Y"
			},
			{
				"sentenceNo": 3,
				"sentenceContent": "지난 방송에서는 왕준희(전혜진), 민지후(이경훈) 모자가 임대아파트에 산다는 이유로 로얄스테이트 맘블리들의 집단 차별을 받기 시작한 상황. 이런 가운데 주경일(이상우)은 학교에 전학 온 왕준희 모자에게 유일하게 도움의 손길을 내밀어 훈훈함을 안겼다.",
				"subjectConsistencyYn": "Y"
			},
			{
				"sentenceNo": 4,
				"sentenceContent": "그러나 이후 방송 말미, 주경일의 방에 로얄스테이트 주민들의 사진과 각종 정보를 붙여놓은 보드가 포착된데 이어, 주경일이 왕준희의 사진을 프린트한 뒤 뚫어지게 쳐다보는 모습으로 정체에 대한 의문을 증폭시켰다.",
				"subjectConsistencyYn": "Y"
			},
			{
				"sentenceNo": 5,
				"sentenceContent": "이와 관련 전혜진과 이상우가 심상치 않은 분위기로 마주 선 ‘핑크빛 무드 투샷’이 시선을 집중시키고 있다.",
				"subjectConsistencyYn": "Y"
			},
			{
				"sentenceNo": 6,
				"sentenceContent": "극중 주경일이 생일을 맞은 왕준희에게 꽃을 선물하는 장면. 먼저 왕준희와 주경일이 심각한 표정으로 서로를 바라보며 서 있는 가운데 주경일이 등 뒤에 감추고 있던 꽃다발을 꺼내 보이면서 분위기를 반전시킨다.",
				"subjectConsistencyYn": "Y"
			},
			{
				"sentenceNo": 7,
				"sentenceContent": "왕준희는 놀라움과 당황스러움이 교차 되는 표정으로 주경일이 건넨 꽃다발을 받아들고, 이내 미소를 지으며 기뻐한다.",
				"subjectConsistencyYn": "Y"
			},
			{
				"sentenceNo": 8,
				"sentenceContent": "두 사람이 급속도로 가까워지게 된 사연은 무엇일지, 묘한 설렘 기류가 엿보이는 왕준희와 주경일의 관계에 관심이 모이고 있다.",
				"subjectConsistencyYn": "Y"
			},
			{
				"sentenceNo": 9,
				"sentenceContent": "미첼은 아내 린지를 죽인 용의자로 지목됐지만 “아내는 실종됐다”고 주장했다.",
				"subjectConsistencyYn": "N"
			},
			{
				"sentenceNo": 10,
				"sentenceContent": "그는 언론 인터뷰나 방송 프로그램 촬영에 임하며 린지를 찾는 것처럼 행동했다.",
				"subjectConsistencyYn": "N"
			},
			{
				"sentenceNo": 11,
				"sentenceContent": "경찰서에 연락해 진행 상황을 묻기도. 하지만 이는 관종이었던 미첼의 쇼로 드러났다.",
				"subjectConsistencyYn": "N"
			},
			{
				"sentenceNo": 12,
				"sentenceContent": "사건 18개월 만에 린지의 시신 일부가 집 근처 놀이공원에서 발견됐고, 미첼은 경찰의 추궁에 혐의를 자백했다.",
				"subjectConsistencyYn": "N"
			},
			{
				"sentenceNo": 13,
				"sentenceContent": "그는 이혼을 요구하는 린지의 목을 졸라 살해하고, 정육점을 운영하던 친동생의 도움을 받아 린지의 시신을 토막 낸 엽기적인 범행으로 소름을 유발했다.",
				"subjectConsistencyYn": "N"
			},
			{
				"sentenceNo": 14,
				"sentenceContent": "이후 미첼은 복역 중 자살시도를 했으나 실패했고, 최소 형 집행기간인 17년을 채우고 가석방을 신청했으나 기각됐다.",
				"subjectConsistencyYn": "N"
			},
			{
				"sentenceNo": 15,
				"sentenceContent": "이에 양재웅은 “사이코패스들이 건강염려증이 있다”며 미첼의 자살시도 역시 쇼였을 것이라고 판단했다.",
				"subjectConsistencyYn": "N"
			},
			{
				"sentenceNo": 16,
				"sentenceContent": "이어 물건을 던지는 사소한 행동으로 시작해 폭력을 행사하는 상대방에 대해 정확하게 하지 말라고 의사표현을 하고, 그래도 계속된다면 헤어져야 한다고 조언했다.",
				"subjectConsistencyYn": "N"
			},
			{
				"sentenceNo": 17,
				"sentenceContent": "한편 MBC에브리원 ‘리얼 커플 스토리-장미의 전쟁’은 매주 월요일 저녁 8시 30분 방송된다.",
				"subjectConsistencyYn": "N"
			}
		],
		"clickbaitClass": 0
	}
}