{
	"sourceDataInfo": {
		"newsID": "ET_M13_490520",
		"newsCategory": "연예",
		"newsSubcategory": "방송",
		"newsTitle": "위근우 ‘설강화’ 제작진 비판 “시대배경? 말 같은 소릴”",
		"newsSubTitle": "",
		"newsContent": "칼럼니스트 위근우가 역사왜곡 논란에 휩싸인 JTBC 드라마 ‘설강화’ 제작진의 부족한 역사 인식을 꼬집었다.\n위근우는 17일 인스타그램에 “1987년 군부정권과 대선정국이 배경인 드라마에서 인물과 기관 설정이 가상의 창작물이려면 주인공이 외계인이고 1980년대 서울에 외계인관리청이 비밀리에 존재한다는 시나리오 정도야 하지 않겠냐”며 “안기부와 간첩이 어떻게 온전한 가상이 되느냐. 말 같은 소리를 하라”라고 밝혔다.\n위근우가 지적한 부분은 ‘설강화’ 연출을 맡은 조현탁 감독의 발언이다.\n조현탁 감독은 16일 ‘설강화’ 제작발표회에서 “1987년도 시대를 배경으로 하고 있지만, 당시 군부정권과 대선정국이라는 상황 외 모든 인물과 기관 등 설정은 다 가상의 창작물”이라고 말했다.\n이에 대해 위근우는 “시대배경이라는 건 무슨 벽지 게코처럼 임의로 쓸 수 있는 것이 아니다”라며 “부당한 권력과 반공 이데올로기라는 지배 메커니즘이 깔려 있는데 거기서 안기부가 어떻게 시대배경과 독립돼 그려질 수 있느냐”라고 지적했다.\n위근우는 SBS 드라마 ‘모래시계’를 예로 들었다.\n그는 “5·18을 데코로 쓴 조폭물이 아니냐는 냉정한 평가가 있었지만, 그래도 거기 인물들은 시대와 싸우고 호흡하는 인물ㅇ었다”며 “시대배경이라는 단어에 얼마나 많은 맥락이 있는데 가상의 캐릭터를 분리해달라는 것이 말인지 방귀인지”라고 비꼬았다.\n그러면서 “처음부터 시민으로서의 역사의식과 창작자로서의 책임감에 대해 아무 인식도 없던 확신범들이 아닌가 싶을 정도”라면서 “기적처럼 이 모든 우려를 뚫고 괜찮은 작품이 나올 수도 있겠지만 저는 기적을 믿지 않는다”고 했다.\n오는 18일 첫 방송을 앞둔 ‘설강화’는 촬영 시작부터 역사왜곡 및 군부미화 논란 등에 휩싸인 드라마다.\n이와 관련해 드라마 촬영 및 방영 중지를 요청하는 청와대 국민청원이 청원인 20만명을 돌파했고, 민주화운동 기념화사업회가 JTBC에 공문을 보내는 등 논란이 이어지고 있다.",
		"partNum": "P2",
		"useType": 0,
		"processType": "A",
		"processPattern": "99",
		"processLevel": "하",
		"sentenceCount": 10,
		"processSentencenum": 3,
		"sentenceInfo": [
			{
				"sentenceNo": 1,
				"sentenceContent": "칼럼니스트 위근우가 역사왜곡 논란에 휩싸인 JTBC 드라마 ‘설강화’ 제작진의 부족한 역사 인식을 꼬집었다.",
				"sentenceSize": 60
			},
			{
				"sentenceNo": 2,
				"sentenceContent": "위근우는 17일 인스타그램에 “1987년 군부정권과 대선정국이 배경인 드라마에서 인물과 기관 설정이 가상의 창작물이려면 주인공이 외계인이고 1980년대 서울에 외계인관리청이 비밀리에 존재한다는 시나리오 정도야 하지 않겠냐”며 “안기부와 간첩이 어떻게 온전한 가상이 되느냐. 말 같은 소리를 하라”라고 밝혔다.",
				"sentenceSize": 172
			},
			{
				"sentenceNo": 3,
				"sentenceContent": "위근우가 지적한 부분은 ‘설강화’ 연출을 맡은 조현탁 감독의 발언이다.",
				"sentenceSize": 39
			},
			{
				"sentenceNo": 4,
				"sentenceContent": "조현탁 감독은 16일 ‘설강화’ 제작발표회에서 “1987년도 시대를 배경으로 하고 있지만, 당시 군부정권과 대선정국이라는 상황 외 모든 인물과 기관 등 설정은 다 가상의 창작물”이라고 말했다.",
				"sentenceSize": 107
			},
			{
				"sentenceNo": 5,
				"sentenceContent": "이에 대해 위근우는 “시대배경이라는 건 무슨 벽지 게코처럼 임의로 쓸 수 있는 것이 아니다”라며 “부당한 권력과 반공 이데올로기라는 지배 메커니즘이 깔려 있는데 거기서 안기부가 어떻게 시대배경과 독립돼 그려질 수 있느냐”라고 지적했다.",
				"sentenceSize": 131
			},
			{
				"sentenceNo": 6,
				"sentenceContent": "위근우는 SBS 드라마 ‘모래시계’를 예로 들었다.",
				"sentenceSize": 28
			},
			{
				"sentenceNo": 7,
				"sentenceContent": "그는 “5·18을 데코로 쓴 조폭물이 아니냐는 냉정한 평가가 있었지만, 그래도 거기 인물들은 시대와 싸우고 호흡하는 인물ㅇ었다”며 “시대배경이라는 단어에 얼마나 많은 맥락이 있는데 가상의 캐릭터를 분리해달라는 것이 말인지 방귀인지”라고 비꼬았다.",
				"sentenceSize": 137
			},
			{
				"sentenceNo": 8,
				"sentenceContent": "그러면서 “처음부터 시민으로서의 역사의식과 창작자로서의 책임감에 대해 아무 인식도 없던 확신범들이 아닌가 싶을 정도”라면서 “기적처럼 이 모든 우려를 뚫고 괜찮은 작품이 나올 수도 있겠지만 저는 기적을 믿지 않는다”고 했다.",
				"sentenceSize": 125
			},
			{
				"sentenceNo": 9,
				"sentenceContent": "오는 18일 첫 방송을 앞둔 ‘설강화’는 촬영 시작부터 역사왜곡 및 군부미화 논란 등에 휩싸인 드라마다.",
				"sentenceSize": 58
			},
			{
				"sentenceNo": 10,
				"sentenceContent": "이와 관련해 드라마 촬영 및 방영 중지를 요청하는 청와대 국민청원이 청원인 20만명을 돌파했고, 민주화운동 기념화사업회가 JTBC에 공문을 보내는 등 논란이 이어지고 있다.",
				"sentenceSize": 96
			}
		]
	},
	"labeledDataInfo": {
		"processSentenceInfo": [
			{
				"sentenceNo": 1,
				"sentenceContent": "칼럼니스트 위근우가 역사왜곡 논란에 휩싸인 JTBC 드라마 ‘설강화’ 제작진의 부족한 역사 인식을 꼬집었다.",
				"subjectConsistencyYn": "Y"
			},
			{
				"sentenceNo": 2,
				"sentenceContent": "위근우는 17일 인스타그램에 “1987년 군부정권과 대선정국이 배경인 드라마에서 인물과 기관 설정이 가상의 창작물이려면 주인공이 외계인이고 1980년대 서울에 외계인관리청이 비밀리에 존재한다는 시나리오 정도야 하지 않겠냐”며 “안기부와 간첩이 어떻게 온전한 가상이 되느냐. 말 같은 소리를 하라”라고 밝혔다.",
				"subjectConsistencyYn": "Y"
			},
			{
				"sentenceNo": 3,
				"sentenceContent": "위근우가 지적한 부분은 ‘설강화’ 연출을 맡은 조현탁 감독의 발언이다.",
				"subjectConsistencyYn": "Y"
			},
			{
				"sentenceNo": 4,
				"sentenceContent": "조현탁 감독은 16일 ‘설강화’ 제작발표회에서 “1987년도 시대를 배경으로 하고 있지만, 당시 군부정권과 대선정국이라는 상황 외 모든 인물과 기관 등 설정은 다 가상의 창작물”이라고 말했다.",
				"subjectConsistencyYn": "Y"
			},
			{
				"sentenceNo": 5,
				"sentenceContent": "이에 대해 위근우는 “시대배경이라는 건 무슨 벽지 게코처럼 임의로 쓸 수 있는 것이 아니다”라며 “부당한 권력과 반공 이데올로기라는 지배 메커니즘이 깔려 있는데 거기서 안기부가 어떻게 시대배경과 독립돼 그려질 수 있느냐”라고 지적했다.",
				"subjectConsistencyYn": "Y"
			},
			{
				"sentenceNo": 6,
				"sentenceContent": "위근우는 SBS 드라마 ‘모래시계’를 예로 들었다.",
				"subjectConsistencyYn": "Y"
			},
			{
				"sentenceNo": 7,
				"sentenceContent": "그는 “5·18을 데코로 쓴 조폭물이 아니냐는 냉정한 평가가 있었지만, 그래도 거기 인물들은 시대와 싸우고 호흡하는 인물ㅇ었다”며 “시대배경이라는 단어에 얼마나 많은 맥락이 있는데 가상의 캐릭터를 분리해달라는 것이 말인지 방귀인지”라고 비꼬았다.",
				"subjectConsistencyYn": "Y"
			},
			{
				"sentenceNo": 8,
				"sentenceContent": "온라인 상에서 표절 의혹이 불거지자 윤은혜의 소속사 제이아미엔터테인먼트는 6일 보도자료를 통해 \\\"표절은 사실무근\\\"이며 \\\"자사 브랜드를 홍보하기 위해 윤은혜라는 이름을 도용하지 않기를 바란다\\\"며 \\\"윤춘호 디자이너가 회사 접촉 없이 SNS를 통해 의혹을 제기한 것이 유감\\\"이라고 덧붙였다.",
				"subjectConsistencyYn": "N"
			},
			{
				"sentenceNo": 9,
				"sentenceContent": "한편 윤은혜는 지난 9일 '여신의 패션 시즌2' 녹화에 참여하여 표절과 관련한 언급은 일절 하지 않았으며 녹화를 정상적으로 마친 것으로 알려졌다.",
				"subjectConsistencyYn": "N"
			},
			{
				"sentenceNo": 10,
				"sentenceContent": "윤은혜 SNS 온라인 중앙일보 윤은혜 SNS [사진 = 윤은혜 SNS 웨이보]",
				"subjectConsistencyYn": "N"
			}
		],
		"clickbaitClass": 0
	}
}