{
	"sourceDataInfo": {
		"newsID": "ET_M13_490778",
		"newsCategory": "연예",
		"newsSubcategory": "방송",
		"newsTitle": "‘연참3’ 여친은 연극성 인격장애 였다[간밤TV]",
		"newsSubTitle": "",
		"newsContent": "고민남의 여자친구가 모든 남자들이 자신을 좋아한다는 착각에 빠져 주변 사람들을 힘들게 만들었다.\n지난 21일 방송된 KBS Joy 예능프로그램 ‘연애의 참견 시즌3’ 103회에서는 아르바이트 중 동갑내기 여친과 사귀게 된 고민남의 사연이 소개됐다.\n고민남의 여자친구는 고민남이 꿈꿔오던 이상형인 만큼 수많은 남자들의 호감을 얻었다.\n함께 아르바이트를 하던 남자 동료들은 모두 한 번씩 여자친구에게 고백했다가 차인 전적이 있었을 정도라고. 하지만 알고 보니 이 모든 것은 여자친구 혼자만의 착각이었다.\n동료들은 여자친구에게 고백한 적이 없었다.\n그러던 어느 날, 여자친구는 유부남과 마음이 통했다며 고민남을 차버리는데, 이것 역시 여자친구 혼자만의 오해였다.\n유부남을 짝사랑한다는 소문과 “이건 병”이라고 말하는 동료들의 비난에 여자친구는 다시 고민남에게 연락해 진실한 마음을 확인하고 싶어 했다.\n이런 고민녀의 모습을 보며 곽정은은 “오직 타인의 얄팍한 관심이 살아가는 동력이 됐다. 연극성 인격 장애라고 하는데, 가상의 세계에 살면서 항상 주목받아야 하는 거다”라고 설명했다.\n서장훈은 각종 시그널을 착각하지 않고 제대로 해석할 수 있는 노하우로 “일단은 아닐 거라고 생각하면 된다. 적어도 손깍지 정도는 꼈을 때 상대방이 나한테 마음이 있다는 거라고 생각해야 한다. 조금 더 침착하라는 뜻이다”라며 엄격한 관심 구별법을 전해 눈길을 끌었다.\n다시 여자친구를 만날지 고민이라는 고민남에게 한혜진은 “여자친구에게서 다시 연락이 안 왔다면 회의적이었겠지만 본인이 잘못 됐다는 걸 이제 스스로 알고 있다. 아직 23세밖에 되지 않았으니 이런 과정들을 겪다보면 충분히 달라질 수 있을 거다”라고 응원했다.\n김숙은 “사람이 사람을 바꾸는 건 쉽지 않다. 지금은 모두가 다 여자친구를 떠났기 때문에 자신의 잘못이라고 생각하고 있지만 사람이 다시 모이면 다시 착각할 거다”라며 두 사람의 재회를 말렸다.\n곽정은은 “여자친구는 자신이 괜찮은 사람이라는 걸 알기 위해 다른 사람을 이용하고 있다. 신념은 결국 삶의 결과를 낳는데, 여자친구는 늘 누군가의 관심을 받아야 하는 신념 체계를 가지고 있다. 이것은 고민남 개인이 바꿀 수 없다”라고 조언했다.\n한편, KBS Joy ‘연애의 참견 시즌3’는 매주 화요일 밤 9시 30분에 방송된다.\nKBS Joy는 Skylife 1번, SK Btv 80번, LG U+tv 1번, KT olleh tv 41번 그리고 KBS 모바일 앱 ‘my K’에서 시청할 수 있으며, 지역별 케이블 채널 번호는 KBS N 홈페이지에서 확인할 수 있다. ‘연애의 참견 시즌3’의 더 많은 영상은 주요 온라인 채널(유튜브, 페이스북 등) 및 포털 사이트에서도 찾아볼 수 있다.",
		"partNum": "P2",
		"useType": 0,
		"processType": "A",
		"processPattern": "99",
		"processLevel": "하",
		"sentenceCount": 14,
		"processSentencenum": 4,
		"sentenceInfo": [
			{
				"sentenceNo": 1,
				"sentenceContent": "고민남의 여자친구가 모든 남자들이 자신을 좋아한다는 착각에 빠져 주변 사람들을 힘들게 만들었다.",
				"sentenceSize": 53
			},
			{
				"sentenceNo": 2,
				"sentenceContent": "지난 21일 방송된 KBS Joy 예능프로그램 ‘연애의 참견 시즌3’ 103회에서는 아르바이트 중 동갑내기 여친과 사귀게 된 고민남의 사연이 소개됐다.",
				"sentenceSize": 84
			},
			{
				"sentenceNo": 3,
				"sentenceContent": "고민남의 여자친구는 고민남이 꿈꿔오던 이상형인 만큼 수많은 남자들의 호감을 얻었다.",
				"sentenceSize": 46
			},
			{
				"sentenceNo": 4,
				"sentenceContent": "함께 아르바이트를 하던 남자 동료들은 모두 한 번씩 여자친구에게 고백했다가 차인 전적이 있었을 정도라고. 하지만 알고 보니 이 모든 것은 여자친구 혼자만의 착각이었다.",
				"sentenceSize": 93
			},
			{
				"sentenceNo": 5,
				"sentenceContent": "동료들은 여자친구에게 고백한 적이 없었다.",
				"sentenceSize": 23
			},
			{
				"sentenceNo": 6,
				"sentenceContent": "그러던 어느 날, 여자친구는 유부남과 마음이 통했다며 고민남을 차버리는데, 이것 역시 여자친구 혼자만의 오해였다.",
				"sentenceSize": 63
			},
			{
				"sentenceNo": 7,
				"sentenceContent": "유부남을 짝사랑한다는 소문과 “이건 병”이라고 말하는 동료들의 비난에 여자친구는 다시 고민남에게 연락해 진실한 마음을 확인하고 싶어 했다.",
				"sentenceSize": 77
			},
			{
				"sentenceNo": 8,
				"sentenceContent": "이런 고민녀의 모습을 보며 곽정은은 “오직 타인의 얄팍한 관심이 살아가는 동력이 됐다. 연극성 인격 장애라고 하는데, 가상의 세계에 살면서 항상 주목받아야 하는 거다”라고 설명했다.",
				"sentenceSize": 101
			},
			{
				"sentenceNo": 9,
				"sentenceContent": "서장훈은 각종 시그널을 착각하지 않고 제대로 해석할 수 있는 노하우로 “일단은 아닐 거라고 생각하면 된다. 적어도 손깍지 정도는 꼈을 때 상대방이 나한테 마음이 있다는 거라고 생각해야 한다. 조금 더 침착하라는 뜻이다”라며 엄격한 관심 구별법을 전해 눈길을 끌었다.",
				"sentenceSize": 148
			},
			{
				"sentenceNo": 10,
				"sentenceContent": "다시 여자친구를 만날지 고민이라는 고민남에게 한혜진은 “여자친구에게서 다시 연락이 안 왔다면 회의적이었겠지만 본인이 잘못 됐다는 걸 이제 스스로 알고 있다. 아직 23세밖에 되지 않았으니 이런 과정들을 겪다보면 충분히 달라질 수 있을 거다”라고 응원했다.",
				"sentenceSize": 142
			},
			{
				"sentenceNo": 11,
				"sentenceContent": "김숙은 “사람이 사람을 바꾸는 건 쉽지 않다. 지금은 모두가 다 여자친구를 떠났기 때문에 자신의 잘못이라고 생각하고 있지만 사람이 다시 모이면 다시 착각할 거다”라며 두 사람의 재회를 말렸다.",
				"sentenceSize": 107
			},
			{
				"sentenceNo": 12,
				"sentenceContent": "곽정은은 “여자친구는 자신이 괜찮은 사람이라는 걸 알기 위해 다른 사람을 이용하고 있다. 신념은 결국 삶의 결과를 낳는데, 여자친구는 늘 누군가의 관심을 받아야 하는 신념 체계를 가지고 있다. 이것은 고민남 개인이 바꿀 수 없다”라고 조언했다.",
				"sentenceSize": 136
			},
			{
				"sentenceNo": 13,
				"sentenceContent": "한편, KBS Joy ‘연애의 참견 시즌3’는 매주 화요일 밤 9시 30분에 방송된다.",
				"sentenceSize": 48
			},
			{
				"sentenceNo": 14,
				"sentenceContent": "KBS Joy는 Skylife 1번, SK Btv 80번, LG U+tv 1번, KT olleh tv 41번 그리고 KBS 모바일 앱 ‘my K’에서 시청할 수 있으며, 지역별 케이블 채널 번호는 KBS N 홈페이지에서 확인할 수 있다. ‘연애의 참견 시즌3’의 더 많은 영상은 주요 온라인 채널(유튜브, 페이스북 등) 및 포털 사이트에서도 찾아볼 수 있다.",
				"sentenceSize": 200
			}
		]
	},
	"labeledDataInfo": {
		"processSentenceInfo": [
			{
				"sentenceNo": 1,
				"sentenceContent": "고민남의 여자친구가 모든 남자들이 자신을 좋아한다는 착각에 빠져 주변 사람들을 힘들게 만들었다.",
				"subjectConsistencyYn": "Y"
			},
			{
				"sentenceNo": 2,
				"sentenceContent": "지난 21일 방송된 KBS Joy 예능프로그램 ‘연애의 참견 시즌3’ 103회에서는 아르바이트 중 동갑내기 여친과 사귀게 된 고민남의 사연이 소개됐다.",
				"subjectConsistencyYn": "Y"
			},
			{
				"sentenceNo": 3,
				"sentenceContent": "고민남의 여자친구는 고민남이 꿈꿔오던 이상형인 만큼 수많은 남자들의 호감을 얻었다.",
				"subjectConsistencyYn": "Y"
			},
			{
				"sentenceNo": 4,
				"sentenceContent": "함께 아르바이트를 하던 남자 동료들은 모두 한 번씩 여자친구에게 고백했다가 차인 전적이 있었을 정도라고. 하지만 알고 보니 이 모든 것은 여자친구 혼자만의 착각이었다.",
				"subjectConsistencyYn": "Y"
			},
			{
				"sentenceNo": 5,
				"sentenceContent": "동료들은 여자친구에게 고백한 적이 없었다.",
				"subjectConsistencyYn": "Y"
			},
			{
				"sentenceNo": 6,
				"sentenceContent": "그러던 어느 날, 여자친구는 유부남과 마음이 통했다며 고민남을 차버리는데, 이것 역시 여자친구 혼자만의 오해였다.",
				"subjectConsistencyYn": "Y"
			},
			{
				"sentenceNo": 7,
				"sentenceContent": "유부남을 짝사랑한다는 소문과 “이건 병”이라고 말하는 동료들의 비난에 여자친구는 다시 고민남에게 연락해 진실한 마음을 확인하고 싶어 했다.",
				"subjectConsistencyYn": "Y"
			},
			{
				"sentenceNo": 8,
				"sentenceContent": "이런 고민녀의 모습을 보며 곽정은은 “오직 타인의 얄팍한 관심이 살아가는 동력이 됐다. 연극성 인격 장애라고 하는데, 가상의 세계에 살면서 항상 주목받아야 하는 거다”라고 설명했다.",
				"subjectConsistencyYn": "Y"
			},
			{
				"sentenceNo": 9,
				"sentenceContent": "서장훈은 각종 시그널을 착각하지 않고 제대로 해석할 수 있는 노하우로 “일단은 아닐 거라고 생각하면 된다. 적어도 손깍지 정도는 꼈을 때 상대방이 나한테 마음이 있다는 거라고 생각해야 한다. 조금 더 침착하라는 뜻이다”라며 엄격한 관심 구별법을 전해 눈길을 끌었다.",
				"subjectConsistencyYn": "Y"
			},
			{
				"sentenceNo": 10,
				"sentenceContent": "다시 여자친구를 만날지 고민이라는 고민남에게 한혜진은 “여자친구에게서 다시 연락이 안 왔다면 회의적이었겠지만 본인이 잘못 됐다는 걸 이제 스스로 알고 있다. 아직 23세밖에 되지 않았으니 이런 과정들을 겪다보면 충분히 달라질 수 있을 거다”라고 응원했다.",
				"subjectConsistencyYn": "Y"
			},
			{
				"sentenceNo": 11,
				"sentenceContent": "더불어 레드벨벳은 데뷔곡 ‘행복(Happiness)’부터 ‘Be Natural’, ‘Ice Cream Cake’, ‘Automatic’ 등을 통해 상큼발랄하고 사랑스러운 모습, 매혹적인 아름다움 등 다채로운 매력을 보여주었으며, 뛰어난 가창력과 퍼포먼스 실력을 정받아 차세대 톱 걸그룹으로 자리매김 한 만큼, 소녀시대에 이어 SM 걸그룹 파워를 다시 한번 보여줄 것으로 예상된다.",
				"subjectConsistencyYn": "N"
			},
			{
				"sentenceNo": 12,
				"sentenceContent": "레드벨벳은 인스타그램을 아트월(art wall) 플랫폼으로 활용하여 차별화된 영상을 게재하는 등 인스타그램을 색다른 방식으로 활용하여 이목을 집중시키고 있으며, 인스타그램 뿐만 아니라 SMTOWN 유튜브 채널, 네이버 스타 실시간 개인방송 애플리케이션 V SMTOWN 채널 등에서도 영상을 동시에 선보여 다양한 플랫폼을 활용한 컴백 프로모션을 펼치고 있다.",
				"subjectConsistencyYn": "N"
			}
		],
		"clickbaitClass": 0
	}
}