{
	"sourceDataInfo": {
		"newsID": "ET_M13_490647",
		"newsCategory": "연예",
		"newsSubcategory": "방송",
		"newsTitle": "라붐, ‘아시아모델어워즈’서 라이징스타상 수상",
		"newsSubTitle": "",
		"newsContent": "걸그룹 라붐(LABOUM, 소연 진예 해인 솔빈)이 ‘제16회 아시아모델어워즈’에서 라이징스타상을 수상했다.\n라붐은 지난 19일 오후 서울 강남구 대치동 세텍에서 진행된 ‘제16회 아시아모델어워즈’에서 올 한 해 괄목할만한 활약을 보여준 걸그룹으로 꼽히면서 라이징스타상을 받았다.\n이날 라붐은 “‘상상더하기’와 ‘키스키스’ 등 저희들의 음악에 많은 관심과 사랑을 주셔서 하루하루 행복하게 활동하고 있다”라면서 “앞으로도 라붐 만의 매력을 많이 보여드릴 수 있도록 열심히 활동하겠다”라고 소감을 밝혔다.\n지난 2014년 데뷔한 라붐은 상큼하고 발랄한 음악적 색깔을 지키면서 ‘아로아로’, ‘Hwi hwi’ 등의 히트곡으로 K-POP 팬들의 큰 사랑을 받았다.\n최근에는 ‘상상더하기’의 역주행으로 재조명 받았고, 소속사 이적 후 4인으로 재편한 뒤 미니앨범 ‘BLOSSOM’을 발표하여 타이틀곡 ‘키스 키스‘를 발매했다. 이러한 활약을 인정받아 ‘대한민국 문화연예대상’에서 K-POP 스타상을 수상한데 이어‘아시아모델어워즈’에서 라이징스타상을 수상하게 됐다.\n지난 17일에는 터보의 히트곡을 리메이크한 겨울 시즌송‘White Love(스키장에서)’를 발매, 겨울 시즌송의 최강자가 돌아왔음을 알렸다.\n특히 이번 신곡에는 피처링으로 래퍼 래원이 참여해 주목을 받았으며, 그룹 활동 외에도 멤버 모두 각자 개성을 살려 연기활동 등 개인 활동도 진행 중이다.",
		"partNum": "P2",
		"useType": 0,
		"processType": "A",
		"processPattern": "99",
		"processLevel": "하",
		"sentenceCount": 7,
		"processSentencenum": 1,
		"sentenceInfo": [
			{
				"sentenceNo": 1,
				"sentenceContent": "걸그룹 라붐(LABOUM, 소연 진예 해인 솔빈)이 ‘제16회 아시아모델어워즈’에서 라이징스타상을 수상했다.",
				"sentenceSize": 60
			},
			{
				"sentenceNo": 2,
				"sentenceContent": "라붐은 지난 19일 오후 서울 강남구 대치동 세텍에서 진행된 ‘제16회 아시아모델어워즈’에서 올 한 해 괄목할만한 활약을 보여준 걸그룹으로 꼽히면서 라이징스타상을 받았다.",
				"sentenceSize": 95
			},
			{
				"sentenceNo": 3,
				"sentenceContent": "이날 라붐은 “‘상상더하기’와 ‘키스키스’ 등 저희들의 음악에 많은 관심과 사랑을 주셔서 하루하루 행복하게 활동하고 있다”라면서 “앞으로도 라붐 만의 매력을 많이 보여드릴 수 있도록 열심히 활동하겠다”라고 소감을 밝혔다.",
				"sentenceSize": 123
			},
			{
				"sentenceNo": 4,
				"sentenceContent": "지난 2014년 데뷔한 라붐은 상큼하고 발랄한 음악적 색깔을 지키면서 ‘아로아로’, ‘Hwi hwi’ 등의 히트곡으로 K-POP 팬들의 큰 사랑을 받았다.",
				"sentenceSize": 86
			},
			{
				"sentenceNo": 5,
				"sentenceContent": "최근에는 ‘상상더하기’의 역주행으로 재조명 받았고, 소속사 이적 후 4인으로 재편한 뒤 미니앨범 ‘BLOSSOM’을 발표하여 타이틀곡 ‘키스 키스‘를 발매했다. 이러한 활약을 인정받아 ‘대한민국 문화연예대상’에서 K-POP 스타상을 수상한데 이어‘아시아모델어워즈’에서 라이징스타상을 수상하게 됐다.",
				"sentenceSize": 166
			},
			{
				"sentenceNo": 6,
				"sentenceContent": "지난 17일에는 터보의 히트곡을 리메이크한 겨울 시즌송‘White Love(스키장에서)’를 발매, 겨울 시즌송의 최강자가 돌아왔음을 알렸다.",
				"sentenceSize": 78
			},
			{
				"sentenceNo": 7,
				"sentenceContent": "특히 이번 신곡에는 피처링으로 래퍼 래원이 참여해 주목을 받았으며, 그룹 활동 외에도 멤버 모두 각자 개성을 살려 연기활동 등 개인 활동도 진행 중이다.",
				"sentenceSize": 85
			}
		]
	},
	"labeledDataInfo": {
		"processSentenceInfo": [
			{
				"sentenceNo": 1,
				"sentenceContent": "걸그룹 라붐(LABOUM, 소연 진예 해인 솔빈)이 ‘제16회 아시아모델어워즈’에서 라이징스타상을 수상했다.",
				"subjectConsistencyYn": "Y"
			},
			{
				"sentenceNo": 2,
				"sentenceContent": "라붐은 지난 19일 오후 서울 강남구 대치동 세텍에서 진행된 ‘제16회 아시아모델어워즈’에서 올 한 해 괄목할만한 활약을 보여준 걸그룹으로 꼽히면서 라이징스타상을 받았다.",
				"subjectConsistencyYn": "Y"
			},
			{
				"sentenceNo": 3,
				"sentenceContent": "이날 라붐은 “‘상상더하기’와 ‘키스키스’ 등 저희들의 음악에 많은 관심과 사랑을 주셔서 하루하루 행복하게 활동하고 있다”라면서 “앞으로도 라붐 만의 매력을 많이 보여드릴 수 있도록 열심히 활동하겠다”라고 소감을 밝혔다.",
				"subjectConsistencyYn": "Y"
			},
			{
				"sentenceNo": 4,
				"sentenceContent": "지난 2014년 데뷔한 라붐은 상큼하고 발랄한 음악적 색깔을 지키면서 ‘아로아로’, ‘Hwi hwi’ 등의 히트곡으로 K-POP 팬들의 큰 사랑을 받았다.",
				"subjectConsistencyYn": "Y"
			},
			{
				"sentenceNo": 5,
				"sentenceContent": "최근에는 ‘상상더하기’의 역주행으로 재조명 받았고, 소속사 이적 후 4인으로 재편한 뒤 미니앨범 ‘BLOSSOM’을 발표하여 타이틀곡 ‘키스 키스‘를 발매했다. 이러한 활약을 인정받아 ‘대한민국 문화연예대상’에서 K-POP 스타상을 수상한데 이어‘아시아모델어워즈’에서 라이징스타상을 수상하게 됐다.",
				"subjectConsistencyYn": "Y"
			},
			{
				"sentenceNo": 6,
				"sentenceContent": "지난 17일에는 터보의 히트곡을 리메이크한 겨울 시즌송‘White Love(스키장에서)’를 발매, 겨울 시즌송의 최강자가 돌아왔음을 알렸다.",
				"subjectConsistencyYn": "Y"
			},
			{
				"sentenceNo": 7,
				"sentenceContent": "신인가수 알고보니 데뷔곡 ‘닭아 미안합니다’는 오는 28일 정오 각종 음원사이트를 통해 공개된다.",
				"subjectConsistencyYn": "N"
			}
		],
		"clickbaitClass": 0
	}
}