{
	"sourceDataInfo": {
		"newsID": "ET_M13_490597",
		"newsCategory": "연예",
		"newsSubcategory": "방송",
		"newsTitle": "‘놀면 뭐하니?’ 미주 “토요태 데뷔곡, 전 남친 생각하며 불렀다”",
		"newsSubTitle": "",
		"newsContent": "‘놀면 뭐하니?’ 미주가 토요태 노래를 전 남친을 생각하며 불렀다고 말했다.\n18일 오후 방송된 MBC 예능프로그램 ‘놀면 뭐하니?’에서는 토요태 데뷔곡이 공개되는 모습이 전파를 탔다.\n이날 토요태 녹음을 마친 세 사람에 정준하는 “토요태, 언제까지 활동하는 거야? 얘네 토요태 때문에 자기들끼리 쑥덕쑥덕 대고 벽을 세워라?”라며 서운해했다.\n이에 하하는 정준하가 벽을 세운다고 말했고 “사탕 줘서 좋아하는 거야? 쉰 하나가?”라고 따졌다.\n그 말에 욕을 읊조린 정준하는 “신봉선이 나한테 살갑게 한다고”라고 해명했다.\n정준하, 신봉선 소스윗은 커버 무대를 준비했다.\n신봉선은 “약간 웃음을 참아라 같은 거다. 서로 보면서 웃음을 참는 게 관건이다”라고 말해 기대감을 자아냈다.\n이어 토요태의 ‘Still I Love You’가 공개됐다.\n도입부는 유재석과 미주의 내레이션으로 시작했다.\n유재석의 미성에 신봉선은 깜짝 놀랐고 정준하는 “목소리 좋은데?”라고 감탄했다.\n하하의 감성 랩에 미주는 자신의 파트가 나오자 잔뜩 심취한 모습을 보여 웃음을 안겼다.\n음악을 모두 들은 신봉선은 “요즘 노래인데 도토리 감성을 담고 있다. 선배님 너무 목소리가 좋은데요?”라며 유재석을 쳐다봤다.\n보컬 트레이닝을 받냐 묻는 정준하에 유재석은 “‘놀면 뭐하니?’를 하면서 노래를 계속하다 보니까 수많은 스승님께 켜켜이 쌓였다”라고 설명했다.\n그래서 안테나에 들어간 거냐 묻는 정준하에 그는 “내가 안테나에 가수로 들어갔어”라며 자신감 있게 말했다.\n노래를 묻는 말에 신봉선은 “통화음 자체가 헤어지는 남자가 돈 달라고 하니까 너무..”라고 말해 폭소케 했다.\n유재석의 즉석 애드리브라는 말에 신봉선은 경험이냐고 물었다.\n이에 미주 또한 “경험이 없으면 나올 수 없다”라고 공감했다.\n정준하는 유재석에 “얘 지질한 경험 많거든. 옛날에 고깃집 사인회 갔다가 고기 받아오고 이럴 때 그때야”라고 말했다.\n유재석은 “이건 사실이다. 실제로 사인회를 했는데 오시는 분도 없고 하니까 사장님이 고기를 주셨다. 그런 걸 떠나서 연애담은 경험담이 아니다. 나는 돈을 달라고 하는 게 얼마나 기분 나쁘냐. 기분 나빠서 혹시 오지 않을까”라고 해명했다.\n전 남친을 생각하며 노래를 불렀다는 미주에 하하는 “얘는 사랑에 미친 아이잖아”라고 말했다.\n미주는 “‘전화하지 말라고 했잖아’ 내레이션 딸 때 들어본 적 있어서 재연한 거다”라고 밝혔다.\n세 사람은 신봉선과 정준하의 긍정적인 반응에 마음을 내려놓았다.\n한편 ‘놀면 뭐하니?’는 매주 토요일 오후 6시 25분 MBC에서 방송된다.",
		"partNum": "P2",
		"useType": 0,
		"processType": "A",
		"processPattern": "99",
		"processLevel": "하",
		"sentenceCount": 23,
		"processSentencenum": 5,
		"sentenceInfo": [
			{
				"sentenceNo": 1,
				"sentenceContent": "‘놀면 뭐하니?’ 미주가 토요태 노래를 전 남친을 생각하며 불렀다고 말했다.",
				"sentenceSize": 42
			},
			{
				"sentenceNo": 2,
				"sentenceContent": "18일 오후 방송된 MBC 예능프로그램 ‘놀면 뭐하니?’에서는 토요태 데뷔곡이 공개되는 모습이 전파를 탔다.",
				"sentenceSize": 60
			},
			{
				"sentenceNo": 3,
				"sentenceContent": "이날 토요태 녹음을 마친 세 사람에 정준하는 “토요태, 언제까지 활동하는 거야? 얘네 토요태 때문에 자기들끼리 쑥덕쑥덕 대고 벽을 세워라?”라며 서운해했다.",
				"sentenceSize": 87
			},
			{
				"sentenceNo": 4,
				"sentenceContent": "이에 하하는 정준하가 벽을 세운다고 말했고 “사탕 줘서 좋아하는 거야? 쉰 하나가?”라고 따졌다.",
				"sentenceSize": 54
			},
			{
				"sentenceNo": 5,
				"sentenceContent": "그 말에 욕을 읊조린 정준하는 “신봉선이 나한테 살갑게 한다고”라고 해명했다.",
				"sentenceSize": 43
			},
			{
				"sentenceNo": 6,
				"sentenceContent": "정준하, 신봉선 소스윗은 커버 무대를 준비했다.",
				"sentenceSize": 26
			},
			{
				"sentenceNo": 7,
				"sentenceContent": "신봉선은 “약간 웃음을 참아라 같은 거다. 서로 보면서 웃음을 참는 게 관건이다”라고 말해 기대감을 자아냈다.",
				"sentenceSize": 61
			},
			{
				"sentenceNo": 8,
				"sentenceContent": "이어 토요태의 ‘Still I Love You’가 공개됐다.",
				"sentenceSize": 33
			},
			{
				"sentenceNo": 9,
				"sentenceContent": "도입부는 유재석과 미주의 내레이션으로 시작했다.",
				"sentenceSize": 26
			},
			{
				"sentenceNo": 10,
				"sentenceContent": "유재석의 미성에 신봉선은 깜짝 놀랐고 정준하는 “목소리 좋은데?”라고 감탄했다.",
				"sentenceSize": 44
			},
			{
				"sentenceNo": 11,
				"sentenceContent": "하하의 감성 랩에 미주는 자신의 파트가 나오자 잔뜩 심취한 모습을 보여 웃음을 안겼다.",
				"sentenceSize": 48
			},
			{
				"sentenceNo": 12,
				"sentenceContent": "음악을 모두 들은 신봉선은 “요즘 노래인데 도토리 감성을 담고 있다. 선배님 너무 목소리가 좋은데요?”라며 유재석을 쳐다봤다.",
				"sentenceSize": 70
			},
			{
				"sentenceNo": 13,
				"sentenceContent": "보컬 트레이닝을 받냐 묻는 정준하에 유재석은 “‘놀면 뭐하니?’를 하면서 노래를 계속하다 보니까 수많은 스승님께 켜켜이 쌓였다”라고 설명했다.",
				"sentenceSize": 79
			},
			{
				"sentenceNo": 14,
				"sentenceContent": "그래서 안테나에 들어간 거냐 묻는 정준하에 그는 “내가 안테나에 가수로 들어갔어”라며 자신감 있게 말했다.",
				"sentenceSize": 59
			},
			{
				"sentenceNo": 15,
				"sentenceContent": "노래를 묻는 말에 신봉선은 “통화음 자체가 헤어지는 남자가 돈 달라고 하니까 너무..”라고 말해 폭소케 했다.",
				"sentenceSize": 61
			},
			{
				"sentenceNo": 16,
				"sentenceContent": "유재석의 즉석 애드리브라는 말에 신봉선은 경험이냐고 물었다.",
				"sentenceSize": 33
			},
			{
				"sentenceNo": 17,
				"sentenceContent": "이에 미주 또한 “경험이 없으면 나올 수 없다”라고 공감했다.",
				"sentenceSize": 34
			},
			{
				"sentenceNo": 18,
				"sentenceContent": "정준하는 유재석에 “얘 지질한 경험 많거든. 옛날에 고깃집 사인회 갔다가 고기 받아오고 이럴 때 그때야”라고 말했다.",
				"sentenceSize": 65
			},
			{
				"sentenceNo": 19,
				"sentenceContent": "유재석은 “이건 사실이다. 실제로 사인회를 했는데 오시는 분도 없고 하니까 사장님이 고기를 주셨다. 그런 걸 떠나서 연애담은 경험담이 아니다. 나는 돈을 달라고 하는 게 얼마나 기분 나쁘냐. 기분 나빠서 혹시 오지 않을까”라고 해명했다.",
				"sentenceSize": 132
			},
			{
				"sentenceNo": 20,
				"sentenceContent": "전 남친을 생각하며 노래를 불렀다는 미주에 하하는 “얘는 사랑에 미친 아이잖아”라고 말했다.",
				"sentenceSize": 51
			},
			{
				"sentenceNo": 21,
				"sentenceContent": "미주는 “‘전화하지 말라고 했잖아’ 내레이션 딸 때 들어본 적 있어서 재연한 거다”라고 밝혔다.",
				"sentenceSize": 53
			},
			{
				"sentenceNo": 22,
				"sentenceContent": "세 사람은 신봉선과 정준하의 긍정적인 반응에 마음을 내려놓았다.",
				"sentenceSize": 35
			},
			{
				"sentenceNo": 23,
				"sentenceContent": "한편 ‘놀면 뭐하니?’는 매주 토요일 오후 6시 25분 MBC에서 방송된다.",
				"sentenceSize": 42
			}
		]
	},
	"labeledDataInfo": {
		"processSentenceInfo": [
			{
				"sentenceNo": 1,
				"sentenceContent": "‘놀면 뭐하니?’ 미주가 토요태 노래를 전 남친을 생각하며 불렀다고 말했다.",
				"subjectConsistencyYn": "Y"
			},
			{
				"sentenceNo": 2,
				"sentenceContent": "18일 오후 방송된 MBC 예능프로그램 ‘놀면 뭐하니?’에서는 토요태 데뷔곡이 공개되는 모습이 전파를 탔다.",
				"subjectConsistencyYn": "Y"
			},
			{
				"sentenceNo": 3,
				"sentenceContent": "이날 토요태 녹음을 마친 세 사람에 정준하는 “토요태, 언제까지 활동하는 거야? 얘네 토요태 때문에 자기들끼리 쑥덕쑥덕 대고 벽을 세워라?”라며 서운해했다.",
				"subjectConsistencyYn": "Y"
			},
			{
				"sentenceNo": 4,
				"sentenceContent": "이에 하하는 정준하가 벽을 세운다고 말했고 “사탕 줘서 좋아하는 거야? 쉰 하나가?”라고 따졌다.",
				"subjectConsistencyYn": "Y"
			},
			{
				"sentenceNo": 5,
				"sentenceContent": "그 말에 욕을 읊조린 정준하는 “신봉선이 나한테 살갑게 한다고”라고 해명했다.",
				"subjectConsistencyYn": "Y"
			},
			{
				"sentenceNo": 6,
				"sentenceContent": "정준하, 신봉선 소스윗은 커버 무대를 준비했다.",
				"subjectConsistencyYn": "Y"
			},
			{
				"sentenceNo": 7,
				"sentenceContent": "신봉선은 “약간 웃음을 참아라 같은 거다. 서로 보면서 웃음을 참는 게 관건이다”라고 말해 기대감을 자아냈다.",
				"subjectConsistencyYn": "Y"
			},
			{
				"sentenceNo": 8,
				"sentenceContent": "이어 토요태의 ‘Still I Love You’가 공개됐다.",
				"subjectConsistencyYn": "Y"
			},
			{
				"sentenceNo": 9,
				"sentenceContent": "도입부는 유재석과 미주의 내레이션으로 시작했다.",
				"subjectConsistencyYn": "Y"
			},
			{
				"sentenceNo": 10,
				"sentenceContent": "유재석의 미성에 신봉선은 깜짝 놀랐고 정준하는 “목소리 좋은데?”라고 감탄했다.",
				"subjectConsistencyYn": "Y"
			},
			{
				"sentenceNo": 11,
				"sentenceContent": "하하의 감성 랩에 미주는 자신의 파트가 나오자 잔뜩 심취한 모습을 보여 웃음을 안겼다.",
				"subjectConsistencyYn": "Y"
			},
			{
				"sentenceNo": 12,
				"sentenceContent": "음악을 모두 들은 신봉선은 “요즘 노래인데 도토리 감성을 담고 있다. 선배님 너무 목소리가 좋은데요?”라며 유재석을 쳐다봤다.",
				"subjectConsistencyYn": "Y"
			},
			{
				"sentenceNo": 13,
				"sentenceContent": "보컬 트레이닝을 받냐 묻는 정준하에 유재석은 “‘놀면 뭐하니?’를 하면서 노래를 계속하다 보니까 수많은 스승님께 켜켜이 쌓였다”라고 설명했다.",
				"subjectConsistencyYn": "Y"
			},
			{
				"sentenceNo": 14,
				"sentenceContent": "그래서 안테나에 들어간 거냐 묻는 정준하에 그는 “내가 안테나에 가수로 들어갔어”라며 자신감 있게 말했다.",
				"subjectConsistencyYn": "Y"
			},
			{
				"sentenceNo": 15,
				"sentenceContent": "노래를 묻는 말에 신봉선은 “통화음 자체가 헤어지는 남자가 돈 달라고 하니까 너무..”라고 말해 폭소케 했다.",
				"subjectConsistencyYn": "Y"
			},
			{
				"sentenceNo": 16,
				"sentenceContent": "유재석의 즉석 애드리브라는 말에 신봉선은 경험이냐고 물었다.",
				"subjectConsistencyYn": "Y"
			},
			{
				"sentenceNo": 17,
				"sentenceContent": "이에 미주 또한 “경험이 없으면 나올 수 없다”라고 공감했다.",
				"subjectConsistencyYn": "Y"
			},
			{
				"sentenceNo": 18,
				"sentenceContent": "정준하는 유재석에 “얘 지질한 경험 많거든. 옛날에 고깃집 사인회 갔다가 고기 받아오고 이럴 때 그때야”라고 말했다.",
				"subjectConsistencyYn": "Y"
			},
			{
				"sentenceNo": 19,
				"sentenceContent": "온라인 중앙일보 ‘이희준과 열애 이혜정’. [사진 이혜정 인스타그램]",
				"subjectConsistencyYn": "N"
			}
		],
		"clickbaitClass": 0
	}
}