{
	"sourceDataInfo": {
		"newsID": "ET_M13_490794",
		"newsCategory": "연예",
		"newsSubcategory": "방송",
		"newsTitle": "‘아돌라스쿨’ Day6 도운 “SF10 되고파” SF9 향해 러브콜",
		"newsSubTitle": "",
		"newsContent": "Day6 도운이 SF9 영빈x재윤에게 깜짝 러브콜을 보낸다.\n도운-영빈-재윤은 22일(오늘) 오후 5시 공개되는 U+아이돌Live ‘아돌라스쿨-홈커밍데이’에 출연해 고정 멤버인 준케이, 이기광의 기숙사를 방문한다.\n특히 올해 ‘아돌라스쿨’에 단골 출연해 명장면을 남겼던 세 사람은 ‘리벤지 최고의 순간’ 코너를 통해 지난 방송에서 실패했던 도전들을 만회하겠다는 야심을 드러낸다.\n이에 준케이는 재윤을 콕 집어 “그때 실패했던 ‘붕어빵 만들기’를 다시 한번 도전해 달라”고 주문한다.\n재윤은 야심차게 작업에 돌입하지만 잠시 후 이기광은 “불 조절 해야 하지 않냐?”며 “타는 냄새가 나는 것 같다”고 지적한다.\n그럼에도 재윤은 “아니다. 잘 되고 있다”며 여유를 부린다.\n과연 재윤이 우려와 달리 ‘리벤지’에 성공할 수 있을지 관심이 쏠린다.\n그런가 하면 준케이와 이기광은 배달 음식에 논 알콜 샴페인을 준비해 세 사람을 위한 연말 파티를 열어준다.\n영빈은 “명절에 큰집 온 기분”이라며 세배를 하려 한다.\n이를 만류한 준케이는 “모두 건배하자”라며 파티 분위기를 띄운다.\n이때 이기광은 “Day6 멤버들 없이 혼자 출연하니까 기분이 어떠냐?”라고 도운에게 돌발 질문한다.\n도운은 “전 SF9을 원래 좋아한다. SF10이 되길 기다리고 있다”라고 폭탄 발언을 한다.\n영빈은 “저도 도운한테 반했다. 좋은 사람 같다”라며 뜨겁게 호응한다.\n이처럼 팀을 뛰어넘는 세 사람의 상상초월 케미스트리와 팬들의 제보로 이뤄지는 ‘TMI 토크’, 재윤의 뮤지컬 넘버 깜짝 라이브, ‘아돌라스쿨 명장면 다시보기’ 등은 22일(오늘) 방송되는 ‘아돌라스쿨-홈커밍데이’에서 만날 수 있다.\n한편 U+아이돌Live의 오리지널 콘텐츠인 ‘아돌라스쿨-홈커밍데이’는 격주에 한 번씩 아이돌 스타가 ‘아돌라스쿨 기숙사’에 출연해 먹방, 토크, 개인기 등을 선보이는 라이브 웹예능이다.\n라이브 방송 후에는 이를 재편집한 영상들이 일주일 뒤에 업로드 된다.\n또한 ‘아돌라스쿨-홈커밍데이’는 준케이, 이기광과 2AM 조권, 비투비 서은광, 오마이걸 효정, (여자)아이들 미연·민니 등이 총출동하는 ‘겨울방학’ 특집 방송을 마련해, 올 연말 방송할 예정이다.",
		"partNum": "P2",
		"useType": 0,
		"processType": "A",
		"processPattern": "99",
		"processLevel": "하",
		"sentenceCount": 17,
		"processSentencenum": 2,
		"sentenceInfo": [
			{
				"sentenceNo": 1,
				"sentenceContent": "Day6 도운이 SF9 영빈x재윤에게 깜짝 러브콜을 보낸다.",
				"sentenceSize": 33
			},
			{
				"sentenceNo": 2,
				"sentenceContent": "도운-영빈-재윤은 22일(오늘) 오후 5시 공개되는 U+아이돌Live ‘아돌라스쿨-홈커밍데이’에 출연해 고정 멤버인 준케이, 이기광의 기숙사를 방문한다.",
				"sentenceSize": 85
			},
			{
				"sentenceNo": 3,
				"sentenceContent": "특히 올해 ‘아돌라스쿨’에 단골 출연해 명장면을 남겼던 세 사람은 ‘리벤지 최고의 순간’ 코너를 통해 지난 방송에서 실패했던 도전들을 만회하겠다는 야심을 드러낸다.",
				"sentenceSize": 91
			},
			{
				"sentenceNo": 4,
				"sentenceContent": "이에 준케이는 재윤을 콕 집어 “그때 실패했던 ‘붕어빵 만들기’를 다시 한번 도전해 달라”고 주문한다.",
				"sentenceSize": 57
			},
			{
				"sentenceNo": 5,
				"sentenceContent": "재윤은 야심차게 작업에 돌입하지만 잠시 후 이기광은 “불 조절 해야 하지 않냐?”며 “타는 냄새가 나는 것 같다”고 지적한다.",
				"sentenceSize": 70
			},
			{
				"sentenceNo": 6,
				"sentenceContent": "그럼에도 재윤은 “아니다. 잘 되고 있다”며 여유를 부린다.",
				"sentenceSize": 33
			},
			{
				"sentenceNo": 7,
				"sentenceContent": "과연 재윤이 우려와 달리 ‘리벤지’에 성공할 수 있을지 관심이 쏠린다.",
				"sentenceSize": 39
			},
			{
				"sentenceNo": 8,
				"sentenceContent": "그런가 하면 준케이와 이기광은 배달 음식에 논 알콜 샴페인을 준비해 세 사람을 위한 연말 파티를 열어준다.",
				"sentenceSize": 59
			},
			{
				"sentenceNo": 9,
				"sentenceContent": "영빈은 “명절에 큰집 온 기분”이라며 세배를 하려 한다.",
				"sentenceSize": 31
			},
			{
				"sentenceNo": 10,
				"sentenceContent": "이를 만류한 준케이는 “모두 건배하자”라며 파티 분위기를 띄운다.",
				"sentenceSize": 36
			},
			{
				"sentenceNo": 11,
				"sentenceContent": "이때 이기광은 “Day6 멤버들 없이 혼자 출연하니까 기분이 어떠냐?”라고 도운에게 돌발 질문한다.",
				"sentenceSize": 55
			},
			{
				"sentenceNo": 12,
				"sentenceContent": "도운은 “전 SF9을 원래 좋아한다. SF10이 되길 기다리고 있다”라고 폭탄 발언을 한다.",
				"sentenceSize": 51
			},
			{
				"sentenceNo": 13,
				"sentenceContent": "영빈은 “저도 도운한테 반했다. 좋은 사람 같다”라며 뜨겁게 호응한다.",
				"sentenceSize": 39
			},
			{
				"sentenceNo": 14,
				"sentenceContent": "이처럼 팀을 뛰어넘는 세 사람의 상상초월 케미스트리와 팬들의 제보로 이뤄지는 ‘TMI 토크’, 재윤의 뮤지컬 넘버 깜짝 라이브, ‘아돌라스쿨 명장면 다시보기’ 등은 22일(오늘) 방송되는 ‘아돌라스쿨-홈커밍데이’에서 만날 수 있다.",
				"sentenceSize": 129
			},
			{
				"sentenceNo": 15,
				"sentenceContent": "한편 U+아이돌Live의 오리지널 콘텐츠인 ‘아돌라스쿨-홈커밍데이’는 격주에 한 번씩 아이돌 스타가 ‘아돌라스쿨 기숙사’에 출연해 먹방, 토크, 개인기 등을 선보이는 라이브 웹예능이다.",
				"sentenceSize": 103
			},
			{
				"sentenceNo": 16,
				"sentenceContent": "라이브 방송 후에는 이를 재편집한 영상들이 일주일 뒤에 업로드 된다.",
				"sentenceSize": 38
			},
			{
				"sentenceNo": 17,
				"sentenceContent": "또한 ‘아돌라스쿨-홈커밍데이’는 준케이, 이기광과 2AM 조권, 비투비 서은광, 오마이걸 효정, (여자)아이들 미연·민니 등이 총출동하는 ‘겨울방학’ 특집 방송을 마련해, 올 연말 방송할 예정이다.",
				"sentenceSize": 110
			}
		]
	},
	"labeledDataInfo": {
		"processSentenceInfo": [
			{
				"sentenceNo": 1,
				"sentenceContent": "Day6 도운이 SF9 영빈x재윤에게 깜짝 러브콜을 보낸다.",
				"subjectConsistencyYn": "Y"
			},
			{
				"sentenceNo": 2,
				"sentenceContent": "도운-영빈-재윤은 22일(오늘) 오후 5시 공개되는 U+아이돌Live ‘아돌라스쿨-홈커밍데이’에 출연해 고정 멤버인 준케이, 이기광의 기숙사를 방문한다.",
				"subjectConsistencyYn": "Y"
			},
			{
				"sentenceNo": 3,
				"sentenceContent": "특히 올해 ‘아돌라스쿨’에 단골 출연해 명장면을 남겼던 세 사람은 ‘리벤지 최고의 순간’ 코너를 통해 지난 방송에서 실패했던 도전들을 만회하겠다는 야심을 드러낸다.",
				"subjectConsistencyYn": "Y"
			},
			{
				"sentenceNo": 4,
				"sentenceContent": "이에 준케이는 재윤을 콕 집어 “그때 실패했던 ‘붕어빵 만들기’를 다시 한번 도전해 달라”고 주문한다.",
				"subjectConsistencyYn": "Y"
			},
			{
				"sentenceNo": 5,
				"sentenceContent": "재윤은 야심차게 작업에 돌입하지만 잠시 후 이기광은 “불 조절 해야 하지 않냐?”며 “타는 냄새가 나는 것 같다”고 지적한다.",
				"subjectConsistencyYn": "Y"
			},
			{
				"sentenceNo": 6,
				"sentenceContent": "그럼에도 재윤은 “아니다. 잘 되고 있다”며 여유를 부린다.",
				"subjectConsistencyYn": "Y"
			},
			{
				"sentenceNo": 7,
				"sentenceContent": "과연 재윤이 우려와 달리 ‘리벤지’에 성공할 수 있을지 관심이 쏠린다.",
				"subjectConsistencyYn": "Y"
			},
			{
				"sentenceNo": 8,
				"sentenceContent": "그런가 하면 준케이와 이기광은 배달 음식에 논 알콜 샴페인을 준비해 세 사람을 위한 연말 파티를 열어준다.",
				"subjectConsistencyYn": "Y"
			},
			{
				"sentenceNo": 9,
				"sentenceContent": "영빈은 “명절에 큰집 온 기분”이라며 세배를 하려 한다.",
				"subjectConsistencyYn": "Y"
			},
			{
				"sentenceNo": 10,
				"sentenceContent": "이를 만류한 준케이는 “모두 건배하자”라며 파티 분위기를 띄운다.",
				"subjectConsistencyYn": "Y"
			},
			{
				"sentenceNo": 11,
				"sentenceContent": "이때 이기광은 “Day6 멤버들 없이 혼자 출연하니까 기분이 어떠냐?”라고 도운에게 돌발 질문한다.",
				"subjectConsistencyYn": "Y"
			},
			{
				"sentenceNo": 12,
				"sentenceContent": "도운은 “전 SF9을 원래 좋아한다. SF10이 되길 기다리고 있다”라고 폭탄 발언을 한다.",
				"subjectConsistencyYn": "Y"
			},
			{
				"sentenceNo": 13,
				"sentenceContent": "영빈은 “저도 도운한테 반했다. 좋은 사람 같다”라며 뜨겁게 호응한다.",
				"subjectConsistencyYn": "Y"
			},
			{
				"sentenceNo": 14,
				"sentenceContent": "이처럼 팀을 뛰어넘는 세 사람의 상상초월 케미스트리와 팬들의 제보로 이뤄지는 ‘TMI 토크’, 재윤의 뮤지컬 넘버 깜짝 라이브, ‘아돌라스쿨 명장면 다시보기’ 등은 22일(오늘) 방송되는 ‘아돌라스쿨-홈커밍데이’에서 만날 수 있다.",
				"subjectConsistencyYn": "Y"
			},
			{
				"sentenceNo": 15,
				"sentenceContent": "한편 U+아이돌Live의 오리지널 콘텐츠인 ‘아돌라스쿨-홈커밍데이’는 격주에 한 번씩 아이돌 스타가 ‘아돌라스쿨 기숙사’에 출연해 먹방, 토크, 개인기 등을 선보이는 라이브 웹예능이다.",
				"subjectConsistencyYn": "Y"
			},
			{
				"sentenceNo": 16,
				"sentenceContent": "신명섭의 제안에 따르는 척 잠적한 윤미라. 한선주는 그런 윤미라를 다시 불러내려 리마인드 웨딩을 계획했다.",
				"subjectConsistencyYn": "N"
			},
			{
				"sentenceNo": 17,
				"sentenceContent": "누군가 윤미라를 죽이려 한 사건이 발생했던 한선주-신명섭의 리마인드 웨딩 날. ‘쇼윈도:여왕의 집’을 이끌고 온 미스터리 사건의 실체가 밝혀지는 날이 드디어 다가왔다.",
				"subjectConsistencyYn": "N"
			},
			{
				"sentenceNo": 18,
				"sentenceContent": "지금까지 전개대로라면 윤미라를 찌를 만한 동기를 가진 용의자가 너무 많다.",
				"subjectConsistencyYn": "N"
			},
			{
				"sentenceNo": 19,
				"sentenceContent": "이에 윤미라 살인 미수 사건의 진실이 궁금해서, 진짜 범인이 밝혀진 후의 전개가 궁금해서 시청자들은 ‘쇼윈도:여왕의 집’ 다음 이야기를 애타게 기다리게 된다.",
				"subjectConsistencyYn": "N"
			},
			{
				"sentenceNo": 20,
				"sentenceContent": "한편 채널A 10주년 특별기획 ‘쇼윈도:여왕의 집’은 매주 월, 화요일 밤 10시 30분 방송된다.",
				"subjectConsistencyYn": "N"
			},
			{
				"sentenceNo": 21,
				"sentenceContent": "국내 대표 OTT 플랫폼 ‘웨이브(wavve)’가 투자에 참여한 ‘쇼윈도:여왕의 집’은 채널A 방송과 동시에 웨이브에서 만나볼 수 있다.",
				"subjectConsistencyYn": "N"
			}
		],
		"clickbaitClass": 0
	}
}