{
	"sourceDataInfo": {
		"newsID": "ET_M13_490587",
		"newsCategory": "연예",
		"newsSubcategory": "연예일반",
		"newsTitle": "고 김철민 오늘 발인…영면에 들다",
		"newsSubTitle": "",
		"newsContent": "개그맨 고(故) 김철민의 발인식이 18일 엄수됐다.\n이날 오전 10시 서울 원자력병원 장례식장에서 고 김철민의 발인식이 진행됐다.\n김철민은 경기 용인 평온의 숲에서 영면에 든다.\n김철민은 2019년 폐암 4기 판정을 받고 투병 2년 여 만에 지난 16일 숨을 거뒀다.\n향년 54세. 고인은 병원에 입원해 투병 중인 가운데도 꾸준히 SNS를 통해 삶에 대한 의지를 놓지 않는 자신의 모습을 전하며 대중과 소통했다.\n그는 개 구충제인 펜벤다졸을 이용한 치료법에 도전하겠다고 밝혀 관심을 불러 일으키기도 했다.\n김철민은 지난 10일 자신의 SNS에 “덕분에 행복했습니다. 고맙습니다. 사랑합니다”라고 글을 남겼고, 지난 11일 프로필 사진을 흑백 사진으로 바꾸며 작별을 암시했다.\n동료 개그맨들은 그의 죽음에 안타까운 마음을 드러냈다.\n개그계 후배 정종철은 SNS에 “언제나 행복한 웃음을 우리에게 주셨고 당신의 기술을 후배들에게 아낌없이 주시기만 했던 형님, 부디 하늘에서도 행복하셔요”라고, 변기수는 “대학로에 가면 언제나 야외에서 기타 하나 메고 사람들을 웃겨주던 김철민 선배를 보며 공연장에 나갔었는데, 이젠 하늘에서 맘껏 웃으십시오” 라고 적었다.\n김원효는 “형님 좋은 곳에 가셔서 더 웃고 사십시오. 웃겨주셔서 감사합니다”라고 적으며 고인의 가는 길을 추모했다.\n김재욱은 “그리울 거예요 선배님 목이 터져라 기타메고 마이크도 없이 노래와 개그하시던 모습 고이 간직할게요, 하늘에서도 길거리 공연 계속 해주세요”라며 애도했다.\nDJ 하심도 “소풍 끝내고 원래 있던 그자리 하늘나라로 귀천했네요, 그동안 고맙고 감사하고 존경하고 사랑합니다, 삼가 고인의 명복을 빕니다”라는 글을 올리며 ‘광대 김철민’이라는 해시태그를 덧붙였다.\n한편 김철민은 1994년 MBC 개그맨 공채 5기로 데뷔했다.\n대학로 버스킹으로도 유명하며, 2018년 ‘괜찮아’, ‘친구끼리 왜이래’ 등의 노래를 발표하며 가수로도 활동했다.",
		"partNum": "P2",
		"useType": 0,
		"processType": "A",
		"processPattern": "99",
		"processLevel": "하",
		"sentenceCount": 14,
		"processSentencenum": 4,
		"sentenceInfo": [
			{
				"sentenceNo": 1,
				"sentenceContent": "개그맨 고(故) 김철민의 발인식이 18일 엄수됐다.",
				"sentenceSize": 28
			},
			{
				"sentenceNo": 2,
				"sentenceContent": "이날 오전 10시 서울 원자력병원 장례식장에서 고 김철민의 발인식이 진행됐다.",
				"sentenceSize": 43
			},
			{
				"sentenceNo": 3,
				"sentenceContent": "김철민은 경기 용인 평온의 숲에서 영면에 든다.",
				"sentenceSize": 26
			},
			{
				"sentenceNo": 4,
				"sentenceContent": "김철민은 2019년 폐암 4기 판정을 받고 투병 2년 여 만에 지난 16일 숨을 거뒀다.",
				"sentenceSize": 49
			},
			{
				"sentenceNo": 5,
				"sentenceContent": "향년 54세. 고인은 병원에 입원해 투병 중인 가운데도 꾸준히 SNS를 통해 삶에 대한 의지를 놓지 않는 자신의 모습을 전하며 대중과 소통했다.",
				"sentenceSize": 80
			},
			{
				"sentenceNo": 6,
				"sentenceContent": "그는 개 구충제인 펜벤다졸을 이용한 치료법에 도전하겠다고 밝혀 관심을 불러 일으키기도 했다.",
				"sentenceSize": 51
			},
			{
				"sentenceNo": 7,
				"sentenceContent": "김철민은 지난 10일 자신의 SNS에 “덕분에 행복했습니다. 고맙습니다. 사랑합니다”라고 글을 남겼고, 지난 11일 프로필 사진을 흑백 사진으로 바꾸며 작별을 암시했다.",
				"sentenceSize": 94
			},
			{
				"sentenceNo": 8,
				"sentenceContent": "동료 개그맨들은 그의 죽음에 안타까운 마음을 드러냈다.",
				"sentenceSize": 30
			},
			{
				"sentenceNo": 9,
				"sentenceContent": "개그계 후배 정종철은 SNS에 “언제나 행복한 웃음을 우리에게 주셨고 당신의 기술을 후배들에게 아낌없이 주시기만 했던 형님, 부디 하늘에서도 행복하셔요”라고, 변기수는 “대학로에 가면 언제나 야외에서 기타 하나 메고 사람들을 웃겨주던 김철민 선배를 보며 공연장에 나갔었는데, 이젠 하늘에서 맘껏 웃으십시오” 라고 적었다.",
				"sentenceSize": 179
			},
			{
				"sentenceNo": 10,
				"sentenceContent": "김원효는 “형님 좋은 곳에 가셔서 더 웃고 사십시오. 웃겨주셔서 감사합니다”라고 적으며 고인의 가는 길을 추모했다.",
				"sentenceSize": 64
			},
			{
				"sentenceNo": 11,
				"sentenceContent": "김재욱은 “그리울 거예요 선배님 목이 터져라 기타메고 마이크도 없이 노래와 개그하시던 모습 고이 간직할게요, 하늘에서도 길거리 공연 계속 해주세요”라며 애도했다.",
				"sentenceSize": 90
			},
			{
				"sentenceNo": 12,
				"sentenceContent": "DJ 하심도 “소풍 끝내고 원래 있던 그자리 하늘나라로 귀천했네요, 그동안 고맙고 감사하고 존경하고 사랑합니다, 삼가 고인의 명복을 빕니다”라는 글을 올리며 ‘광대 김철민’이라는 해시태그를 덧붙였다.",
				"sentenceSize": 111
			},
			{
				"sentenceNo": 13,
				"sentenceContent": "한편 김철민은 1994년 MBC 개그맨 공채 5기로 데뷔했다.",
				"sentenceSize": 34
			},
			{
				"sentenceNo": 14,
				"sentenceContent": "대학로 버스킹으로도 유명하며, 2018년 ‘괜찮아’, ‘친구끼리 왜이래’ 등의 노래를 발표하며 가수로도 활동했다.",
				"sentenceSize": 63
			}
		]
	},
	"labeledDataInfo": {
		"processSentenceInfo": [
			{
				"sentenceNo": 1,
				"sentenceContent": "개그맨 고(故) 김철민의 발인식이 18일 엄수됐다.",
				"subjectConsistencyYn": "Y"
			},
			{
				"sentenceNo": 2,
				"sentenceContent": "이날 오전 10시 서울 원자력병원 장례식장에서 고 김철민의 발인식이 진행됐다.",
				"subjectConsistencyYn": "Y"
			},
			{
				"sentenceNo": 3,
				"sentenceContent": "김철민은 경기 용인 평온의 숲에서 영면에 든다.",
				"subjectConsistencyYn": "Y"
			},
			{
				"sentenceNo": 4,
				"sentenceContent": "김철민은 2019년 폐암 4기 판정을 받고 투병 2년 여 만에 지난 16일 숨을 거뒀다.",
				"subjectConsistencyYn": "Y"
			},
			{
				"sentenceNo": 5,
				"sentenceContent": "향년 54세. 고인은 병원에 입원해 투병 중인 가운데도 꾸준히 SNS를 통해 삶에 대한 의지를 놓지 않는 자신의 모습을 전하며 대중과 소통했다.",
				"subjectConsistencyYn": "Y"
			},
			{
				"sentenceNo": 6,
				"sentenceContent": "그는 개 구충제인 펜벤다졸을 이용한 치료법에 도전하겠다고 밝혀 관심을 불러 일으키기도 했다.",
				"subjectConsistencyYn": "Y"
			},
			{
				"sentenceNo": 7,
				"sentenceContent": "김철민은 지난 10일 자신의 SNS에 “덕분에 행복했습니다. 고맙습니다. 사랑합니다”라고 글을 남겼고, 지난 11일 프로필 사진을 흑백 사진으로 바꾸며 작별을 암시했다.",
				"subjectConsistencyYn": "Y"
			},
			{
				"sentenceNo": 8,
				"sentenceContent": "동료 개그맨들은 그의 죽음에 안타까운 마음을 드러냈다.",
				"subjectConsistencyYn": "Y"
			},
			{
				"sentenceNo": 9,
				"sentenceContent": "개그계 후배 정종철은 SNS에 “언제나 행복한 웃음을 우리에게 주셨고 당신의 기술을 후배들에게 아낌없이 주시기만 했던 형님, 부디 하늘에서도 행복하셔요”라고, 변기수는 “대학로에 가면 언제나 야외에서 기타 하나 메고 사람들을 웃겨주던 김철민 선배를 보며 공연장에 나갔었는데, 이젠 하늘에서 맘껏 웃으십시오” 라고 적었다.",
				"subjectConsistencyYn": "Y"
			},
			{
				"sentenceNo": 10,
				"sentenceContent": "김원효는 “형님 좋은 곳에 가셔서 더 웃고 사십시오. 웃겨주셔서 감사합니다”라고 적으며 고인의 가는 길을 추모했다.",
				"subjectConsistencyYn": "Y"
			},
			{
				"sentenceNo": 11,
				"sentenceContent": "LA 카운티는 2018년부터 증오범죄 방지 캠페인을 시행 중이며 지난 3월 조지아주 애틀랜타에서 한인 등 아시아계가 희생된 총격 사건을 계기로 활동 범위를 확대하고 있다.",
				"subjectConsistencyYn": "N"
			}
		],
		"clickbaitClass": 0
	}
}