{
	"sourceDataInfo": {
		"newsID": "ET_M13_490398",
		"newsCategory": "연예",
		"newsSubcategory": "연예일반",
		"newsTitle": "‘아이린 갑질폭로’ 스태프, 팬덤가해에 법적대응 예고",
		"newsSubTitle": "",
		"newsContent": "레드벨벳 멤버 아이린의 갑질을 폭로했던 스태프 A씨가 법적대응을 예고해 이목이 집중된다.\nA씨는 15일 인스타그램 스토리에 격한 감정이 담긴 글을 올렸다.\n선처 없는 법적 대응을 예고한 글이었다.\n그는 “더는 이대로 못 넘어간다”며 “샅샅이 뒤져서 다음주부터 소송 준비 시작”이라고 밝혔다. “변호사는 이미 두 차례 만났다”고 강조한 A씨는 “더러운 돈 필요없고, 합의 따위는 절대 없다”며 “집안 망신이 뭔지 알게 해줄 것”이라고 강조했다.\n그러면서 “조용히 나를 지키려고 끝자락에서 멈췄는데 이번엔 끝까지 해본다”며 “기다려달라”고 했다.\nA씨의 이번 입장은 아이린 일부 팬덤에 대한 비난에 대한 대처로 보인다.\nA씨는 지난해 10월 아이린의 갑질을 폭로한 이후 팬덤의 공격에 지속적으로 피해를 호소해왔다.\nA씨는 폭로를 개시한 당시에도 인스타그램에 “진심으로 생각하는 팬이라면, 더 이상 선을 넘지 말고 멈추시길 바란다”며 “그런 글들은 나에게 아무런 상처가 되지 않으면 좋은 영향을 주지 않는다”고 했다.\n루머 유포와 관련해서도 “따로 준비하고 있다”며 “모두에게 더 큰 상처와 피해로 남을 추측성 글 등을 멈춰주시길 바란다”고 했다.\nA씨는 올해 1월에도 인스타그램에 “제발 나를 괴롭히지 말라”며 “난 그녀를 위해 가만히 있는 것이고 이게 마지막 부탁”이라고 했다.\nA씨와 아이린 팬덤은 최근까지도 지속적인 마찰을 빚어온 것으로 전해진다.\nA씨의 이번 입장에 일부 외국 팬덤까지 가세해 A씨를 비난해왔다는 증언이 이어졌다.\n연예인과 관련한 폭로가 나올 때마다 해당 폭로가 사실로 결론나더라도 폭로자가 팬덤의 지속적인 비방에 시달리는 사례는 흔히 일어나고 있다.\n청소년 상담센터 관계자는 “피해자 입장에서 사이버폭력을 비롯한 2차 가해는 평생 고통에 시달릴 수 있다”며 “공공의 선을 위해 피해자 입장에서 바라볼 수 있게 우리 사회가 더 고민해야 한다”고 말했다.",
		"partNum": "P2",
		"useType": 0,
		"processType": "A",
		"processPattern": "99",
		"processLevel": "하",
		"sentenceCount": 14,
		"processSentencenum": 4,
		"sentenceInfo": [
			{
				"sentenceNo": 1,
				"sentenceContent": "레드벨벳 멤버 아이린의 갑질을 폭로했던 스태프 A씨가 법적대응을 예고해 이목이 집중된다.",
				"sentenceSize": 49
			},
			{
				"sentenceNo": 2,
				"sentenceContent": "A씨는 15일 인스타그램 스토리에 격한 감정이 담긴 글을 올렸다.",
				"sentenceSize": 36
			},
			{
				"sentenceNo": 3,
				"sentenceContent": "선처 없는 법적 대응을 예고한 글이었다.",
				"sentenceSize": 22
			},
			{
				"sentenceNo": 4,
				"sentenceContent": "그는 “더는 이대로 못 넘어간다”며 “샅샅이 뒤져서 다음주부터 소송 준비 시작”이라고 밝혔다. “변호사는 이미 두 차례 만났다”고 강조한 A씨는 “더러운 돈 필요없고, 합의 따위는 절대 없다”며 “집안 망신이 뭔지 알게 해줄 것”이라고 강조했다.",
				"sentenceSize": 137
			},
			{
				"sentenceNo": 5,
				"sentenceContent": "그러면서 “조용히 나를 지키려고 끝자락에서 멈췄는데 이번엔 끝까지 해본다”며 “기다려달라”고 했다.",
				"sentenceSize": 55
			},
			{
				"sentenceNo": 6,
				"sentenceContent": "A씨의 이번 입장은 아이린 일부 팬덤에 대한 비난에 대한 대처로 보인다.",
				"sentenceSize": 40
			},
			{
				"sentenceNo": 7,
				"sentenceContent": "A씨는 지난해 10월 아이린의 갑질을 폭로한 이후 팬덤의 공격에 지속적으로 피해를 호소해왔다.",
				"sentenceSize": 52
			},
			{
				"sentenceNo": 8,
				"sentenceContent": "A씨는 폭로를 개시한 당시에도 인스타그램에 “진심으로 생각하는 팬이라면, 더 이상 선을 넘지 말고 멈추시길 바란다”며 “그런 글들은 나에게 아무런 상처가 되지 않으면 좋은 영향을 주지 않는다”고 했다.",
				"sentenceSize": 112
			},
			{
				"sentenceNo": 9,
				"sentenceContent": "루머 유포와 관련해서도 “따로 준비하고 있다”며 “모두에게 더 큰 상처와 피해로 남을 추측성 글 등을 멈춰주시길 바란다”고 했다.",
				"sentenceSize": 72
			},
			{
				"sentenceNo": 10,
				"sentenceContent": "A씨는 올해 1월에도 인스타그램에 “제발 나를 괴롭히지 말라”며 “난 그녀를 위해 가만히 있는 것이고 이게 마지막 부탁”이라고 했다.",
				"sentenceSize": 74
			},
			{
				"sentenceNo": 11,
				"sentenceContent": "A씨와 아이린 팬덤은 최근까지도 지속적인 마찰을 빚어온 것으로 전해진다.",
				"sentenceSize": 40
			},
			{
				"sentenceNo": 12,
				"sentenceContent": "A씨의 이번 입장에 일부 외국 팬덤까지 가세해 A씨를 비난해왔다는 증언이 이어졌다.",
				"sentenceSize": 46
			},
			{
				"sentenceNo": 13,
				"sentenceContent": "연예인과 관련한 폭로가 나올 때마다 해당 폭로가 사실로 결론나더라도 폭로자가 팬덤의 지속적인 비방에 시달리는 사례는 흔히 일어나고 있다.",
				"sentenceSize": 76
			},
			{
				"sentenceNo": 14,
				"sentenceContent": "청소년 상담센터 관계자는 “피해자 입장에서 사이버폭력을 비롯한 2차 가해는 평생 고통에 시달릴 수 있다”며 “공공의 선을 위해 피해자 입장에서 바라볼 수 있게 우리 사회가 더 고민해야 한다”고 말했다.",
				"sentenceSize": 112
			}
		]
	},
	"labeledDataInfo": {
		"processSentenceInfo": [
			{
				"sentenceNo": 1,
				"sentenceContent": "레드벨벳 멤버 아이린의 갑질을 폭로했던 스태프 A씨가 법적대응을 예고해 이목이 집중된다.",
				"subjectConsistencyYn": "Y"
			},
			{
				"sentenceNo": 2,
				"sentenceContent": "A씨는 15일 인스타그램 스토리에 격한 감정이 담긴 글을 올렸다.",
				"subjectConsistencyYn": "Y"
			},
			{
				"sentenceNo": 3,
				"sentenceContent": "선처 없는 법적 대응을 예고한 글이었다.",
				"subjectConsistencyYn": "Y"
			},
			{
				"sentenceNo": 4,
				"sentenceContent": "그는 “더는 이대로 못 넘어간다”며 “샅샅이 뒤져서 다음주부터 소송 준비 시작”이라고 밝혔다. “변호사는 이미 두 차례 만났다”고 강조한 A씨는 “더러운 돈 필요없고, 합의 따위는 절대 없다”며 “집안 망신이 뭔지 알게 해줄 것”이라고 강조했다.",
				"subjectConsistencyYn": "Y"
			},
			{
				"sentenceNo": 5,
				"sentenceContent": "그러면서 “조용히 나를 지키려고 끝자락에서 멈췄는데 이번엔 끝까지 해본다”며 “기다려달라”고 했다.",
				"subjectConsistencyYn": "Y"
			},
			{
				"sentenceNo": 6,
				"sentenceContent": "A씨의 이번 입장은 아이린 일부 팬덤에 대한 비난에 대한 대처로 보인다.",
				"subjectConsistencyYn": "Y"
			},
			{
				"sentenceNo": 7,
				"sentenceContent": "A씨는 지난해 10월 아이린의 갑질을 폭로한 이후 팬덤의 공격에 지속적으로 피해를 호소해왔다.",
				"subjectConsistencyYn": "Y"
			},
			{
				"sentenceNo": 8,
				"sentenceContent": "A씨는 폭로를 개시한 당시에도 인스타그램에 “진심으로 생각하는 팬이라면, 더 이상 선을 넘지 말고 멈추시길 바란다”며 “그런 글들은 나에게 아무런 상처가 되지 않으면 좋은 영향을 주지 않는다”고 했다.",
				"subjectConsistencyYn": "Y"
			},
			{
				"sentenceNo": 9,
				"sentenceContent": "루머 유포와 관련해서도 “따로 준비하고 있다”며 “모두에게 더 큰 상처와 피해로 남을 추측성 글 등을 멈춰주시길 바란다”고 했다.",
				"subjectConsistencyYn": "Y"
			},
			{
				"sentenceNo": 10,
				"sentenceContent": "A씨는 올해 1월에도 인스타그램에 “제발 나를 괴롭히지 말라”며 “난 그녀를 위해 가만히 있는 것이고 이게 마지막 부탁”이라고 했다.",
				"subjectConsistencyYn": "Y"
			},
			{
				"sentenceNo": 11,
				"sentenceContent": "한편 SBS 금토드라마 ‘원 더 우먼’ 10회는 16일(오늘) 밤 10시에 방송된다.",
				"subjectConsistencyYn": "N"
			}
		],
		"clickbaitClass": 0
	}
}