{
	"sourceDataInfo": {
		"newsID": "ET_M13_490395",
		"newsCategory": "연예",
		"newsSubcategory": "음악",
		"newsTitle": "한국음악레이블산업협회, 네이버와 음원 정산분배 제도화",
		"newsSubTitle": "",
		"newsContent": "사단법인 한국음악레이블산업협회(회장 이규영, 이하 음레협)가 네이버(대표이사 한성숙)와 업무 협약(MOU)을 체결했다.\n네이버의 인공지능(AI) 뮤직서비스 바이브가 도입한 음원 전송사용료 이용자별 정산 분배 방식의 시장 확대 및 제도화를 위한 상호 협력에 나선다.\n음레협과 네이버는 이용자별 정산 계약을 아직 체결하지 않은 음레협 회원사와 계약 협의를 통해 이른 시일 안에 해당 계약을 맺고, 이용자별 정산의 제도화를 위한 음원 전송사용료 징수규정 개정 논의에 적극적으로 협조한다는 계획이다.\n양측은 이 분배 방식의 도입 장려를 위해 오는 16일과 17일 양일간 개최되는 제7회 ‘서울뮤직포럼’ 행사를 네이버 NOW.를 통해 생중계한다.\n이와 함께 17일 포럼 중 이용자별 정산에 대해 설명하고 토론하는 별도 세션을 진행할 예정이다.\n인공지능 뮤직서비스 바이브가 지난해 5월 세계 최초로 적용한 음원 전송사용료의 이용자별 정산 방식(VPS : VIBE Payment System)은 음원 전송시 저작자와 실연자, 음반제작사에 지급하는 음원 사용료를 각 이용자의 사용 내역에 따라 구분, 이용자가 실제로 들은 곡의 아티스트들에게 나누어 주는 방식이다.\n바이브를 제외한 국내 음원 사이트들은 매월 총매출을 전체 재생수로 나누어 특정 음원 재생 수가 차지하는 비중을 계산해 사용료를 배분하는 비례 배분제를 채택하고 있다.\n네이버는 이용자별 정산 방식이 자신만의 콘텐츠를 바탕으로 더 많은 이용자와 연결되고, 시대를 아우르는 음악이나 다양한 장르의 음악을 창작하는 아티스트들에게 보다 더 큰 힘이 될 것으로 기대하고 있다.\n현재 90%가 넘는 유통사들이 이 방식의 정산에 동참하고 있지만, 음악계 확산을 위해서는 저작자와 실연자에게 권리료를 지급하는 신탁단체들의 참여가 절실하다.\n이에 신탁단체가 정하고 문체부가 승인하는 ‘음원 전송사용료 징수규정’ 개정을 적극 추진한다는 계획이다.\n네이버 이태훈 뮤직서비스 책임리더는 “다양한 장르 음악업계를 대표하는 음레협과 협약을 체결함으로써 해당 아티스트들에게 이용자별 정산에 대한 인식이 확산될 수 있을 것으로 기대한다”며 “음악산업 발전을 위해 여러 이해관계자와 계속 협력해 나갈 것”이라고 밝혔다.\n음레협 이규영 협회장은 “다양한 음악이 공존하는 음악 시장이 결국 한국 음악산업 발전의 밑거름이 될 것이다. 이를 위해 업계 관계자 ‘모두에게 좋은 것’은 무엇인지 함께 지속적으로 고민을 해야 한다”라고 전했다.",
		"partNum": "P2",
		"useType": 0,
		"processType": "A",
		"processPattern": "99",
		"processLevel": "하",
		"sentenceCount": 12,
		"processSentencenum": 3,
		"sentenceInfo": [
			{
				"sentenceNo": 1,
				"sentenceContent": "사단법인 한국음악레이블산업협회(회장 이규영, 이하 음레협)가 네이버(대표이사 한성숙)와 업무 협약(MOU)을 체결했다.",
				"sentenceSize": 66
			},
			{
				"sentenceNo": 2,
				"sentenceContent": "네이버의 인공지능(AI) 뮤직서비스 바이브가 도입한 음원 전송사용료 이용자별 정산 분배 방식의 시장 확대 및 제도화를 위한 상호 협력에 나선다.",
				"sentenceSize": 80
			},
			{
				"sentenceNo": 3,
				"sentenceContent": "음레협과 네이버는 이용자별 정산 계약을 아직 체결하지 않은 음레협 회원사와 계약 협의를 통해 이른 시일 안에 해당 계약을 맺고, 이용자별 정산의 제도화를 위한 음원 전송사용료 징수규정 개정 논의에 적극적으로 협조한다는 계획이다.",
				"sentenceSize": 127
			},
			{
				"sentenceNo": 4,
				"sentenceContent": "양측은 이 분배 방식의 도입 장려를 위해 오는 16일과 17일 양일간 개최되는 제7회 ‘서울뮤직포럼’ 행사를 네이버 NOW.를 통해 생중계한다.",
				"sentenceSize": 80
			},
			{
				"sentenceNo": 5,
				"sentenceContent": "이와 함께 17일 포럼 중 이용자별 정산에 대해 설명하고 토론하는 별도 세션을 진행할 예정이다.",
				"sentenceSize": 53
			},
			{
				"sentenceNo": 6,
				"sentenceContent": "인공지능 뮤직서비스 바이브가 지난해 5월 세계 최초로 적용한 음원 전송사용료의 이용자별 정산 방식(VPS : VIBE Payment System)은 음원 전송시 저작자와 실연자, 음반제작사에 지급하는 음원 사용료를 각 이용자의 사용 내역에 따라 구분, 이용자가 실제로 들은 곡의 아티스트들에게 나누어 주는 방식이다.",
				"sentenceSize": 176
			},
			{
				"sentenceNo": 7,
				"sentenceContent": "바이브를 제외한 국내 음원 사이트들은 매월 총매출을 전체 재생수로 나누어 특정 음원 재생 수가 차지하는 비중을 계산해 사용료를 배분하는 비례 배분제를 채택하고 있다.",
				"sentenceSize": 92
			},
			{
				"sentenceNo": 8,
				"sentenceContent": "네이버는 이용자별 정산 방식이 자신만의 콘텐츠를 바탕으로 더 많은 이용자와 연결되고, 시대를 아우르는 음악이나 다양한 장르의 음악을 창작하는 아티스트들에게 보다 더 큰 힘이 될 것으로 기대하고 있다.",
				"sentenceSize": 111
			},
			{
				"sentenceNo": 9,
				"sentenceContent": "현재 90%가 넘는 유통사들이 이 방식의 정산에 동참하고 있지만, 음악계 확산을 위해서는 저작자와 실연자에게 권리료를 지급하는 신탁단체들의 참여가 절실하다.",
				"sentenceSize": 87
			},
			{
				"sentenceNo": 10,
				"sentenceContent": "이에 신탁단체가 정하고 문체부가 승인하는 ‘음원 전송사용료 징수규정’ 개정을 적극 추진한다는 계획이다.",
				"sentenceSize": 57
			},
			{
				"sentenceNo": 11,
				"sentenceContent": "네이버 이태훈 뮤직서비스 책임리더는 “다양한 장르 음악업계를 대표하는 음레협과 협약을 체결함으로써 해당 아티스트들에게 이용자별 정산에 대한 인식이 확산될 수 있을 것으로 기대한다”며 “음악산업 발전을 위해 여러 이해관계자와 계속 협력해 나갈 것”이라고 밝혔다.",
				"sentenceSize": 145
			},
			{
				"sentenceNo": 12,
				"sentenceContent": "음레협 이규영 협회장은 “다양한 음악이 공존하는 음악 시장이 결국 한국 음악산업 발전의 밑거름이 될 것이다. 이를 위해 업계 관계자 ‘모두에게 좋은 것’은 무엇인지 함께 지속적으로 고민을 해야 한다”라고 전했다.",
				"sentenceSize": 118
			}
		]
	},
	"labeledDataInfo": {
		"processSentenceInfo": [
			{
				"sentenceNo": 1,
				"sentenceContent": "사단법인 한국음악레이블산업협회(회장 이규영, 이하 음레협)가 네이버(대표이사 한성숙)와 업무 협약(MOU)을 체결했다.",
				"subjectConsistencyYn": "Y"
			},
			{
				"sentenceNo": 2,
				"sentenceContent": "네이버의 인공지능(AI) 뮤직서비스 바이브가 도입한 음원 전송사용료 이용자별 정산 분배 방식의 시장 확대 및 제도화를 위한 상호 협력에 나선다.",
				"subjectConsistencyYn": "Y"
			},
			{
				"sentenceNo": 3,
				"sentenceContent": "음레협과 네이버는 이용자별 정산 계약을 아직 체결하지 않은 음레협 회원사와 계약 협의를 통해 이른 시일 안에 해당 계약을 맺고, 이용자별 정산의 제도화를 위한 음원 전송사용료 징수규정 개정 논의에 적극적으로 협조한다는 계획이다.",
				"subjectConsistencyYn": "Y"
			},
			{
				"sentenceNo": 4,
				"sentenceContent": "양측은 이 분배 방식의 도입 장려를 위해 오는 16일과 17일 양일간 개최되는 제7회 ‘서울뮤직포럼’ 행사를 네이버 NOW.를 통해 생중계한다.",
				"subjectConsistencyYn": "Y"
			},
			{
				"sentenceNo": 5,
				"sentenceContent": "이와 함께 17일 포럼 중 이용자별 정산에 대해 설명하고 토론하는 별도 세션을 진행할 예정이다.",
				"subjectConsistencyYn": "Y"
			},
			{
				"sentenceNo": 6,
				"sentenceContent": "인공지능 뮤직서비스 바이브가 지난해 5월 세계 최초로 적용한 음원 전송사용료의 이용자별 정산 방식(VPS : VIBE Payment System)은 음원 전송시 저작자와 실연자, 음반제작사에 지급하는 음원 사용료를 각 이용자의 사용 내역에 따라 구분, 이용자가 실제로 들은 곡의 아티스트들에게 나누어 주는 방식이다.",
				"subjectConsistencyYn": "Y"
			},
			{
				"sentenceNo": 7,
				"sentenceContent": "바이브를 제외한 국내 음원 사이트들은 매월 총매출을 전체 재생수로 나누어 특정 음원 재생 수가 차지하는 비중을 계산해 사용료를 배분하는 비례 배분제를 채택하고 있다.",
				"subjectConsistencyYn": "Y"
			},
			{
				"sentenceNo": 8,
				"sentenceContent": "네이버는 이용자별 정산 방식이 자신만의 콘텐츠를 바탕으로 더 많은 이용자와 연결되고, 시대를 아우르는 음악이나 다양한 장르의 음악을 창작하는 아티스트들에게 보다 더 큰 힘이 될 것으로 기대하고 있다.",
				"subjectConsistencyYn": "Y"
			},
			{
				"sentenceNo": 9,
				"sentenceContent": "현재 90%가 넘는 유통사들이 이 방식의 정산에 동참하고 있지만, 음악계 확산을 위해서는 저작자와 실연자에게 권리료를 지급하는 신탁단체들의 참여가 절실하다.",
				"subjectConsistencyYn": "Y"
			},
			{
				"sentenceNo": 10,
				"sentenceContent": "그 말에 웃음 지은 권혜빈은 “김젬마, 누구 놀려? 내가 아직도 정신병자로 보여? 네가 다 망쳤어. 네가 현석 오빠 뺏어갔잖아. 네가 꾀었잖아. 나쁜년!”이라며 김젬마를 붙잡고 소리 질렀다.",
				"subjectConsistencyYn": "N"
			},
			{
				"sentenceNo": 11,
				"sentenceContent": "방에 들어온 권주형이 말리자 권혜빈은 “나쁜 년. 넌 벌 받을 거야. 벌받아야 해”라고 분노했다.",
				"subjectConsistencyYn": "N"
			},
			{
				"sentenceNo": 12,
				"sentenceContent": "한편 KBS2 일일드라마 ‘빨강 구두’는 매주 월~금 오후 7시 50분에 만나볼 수 있다.",
				"subjectConsistencyYn": "N"
			}
		],
		"clickbaitClass": 0
	}
}