{
	"sourceDataInfo": {
		"newsID": "ET_M13_490522",
		"newsCategory": "연예",
		"newsSubcategory": "음악",
		"newsTitle": "원어스X원위, 21일 합동 신곡 ‘STAY’ 발매",
		"newsSubTitle": "",
		"newsContent": "그룹 원어스(ONEUS)와 원위(ONEWE)의 유쾌한 케미가 돋보이는 합동 신곡 뮤직비디오 티저가 공개됐다.\n원어스와 원위는 오늘(17일) 0시, 공식 SNS를 통해 디지털 싱글 ‘STAY’의 뮤직비디오 티저를 선보였다.\n영상에는 자연스러운 분위기 속에 함께여서 더 행복한 11명의 소년들의 모습이 담겼다.\n이들은 함께 노래하고, 뛰어노는 등 소년들의 우정을 유쾌하면서도 훈훈하게 그려냈다.\n빈티지한 톤 앤 무드가 마치 한 편의 청춘 영화를 보는 듯한 느낌을 줘 몰입도를 높였다.\n이와 함께 ‘STAY’의 멜로디와 노랫말이 공개, 겨울과 잘 어울리는 편안하고 낭만적인 컨템포러리 팝 느낌이 듣는 이들로 하여금 설렘을 선사한다.\n원어스와 원위는 오는 21일 디지털 싱글 ‘STAY’를 발매한다. ‘STAY’는 두 그룹이 선보이는 데뷔 첫 시즌송이자, 이들이 데뷔 전 출연한 리얼리티 프로그램 ‘데뷔하겠습니다’에서 팬들에게 선공개한 곡이다.\n올 한 해 무한한 사랑과 응원을 보내 준 팬들에게 보답하고자 2021년 버전으로 재녹음해 한층 깊어진 감성을 들려 줄 예정으로,히트메이커 이상호와 서용배, 박우상이 작사와 작곡에 참여해 높은 완성도를 자랑한다.\n한편, 원어스와 원위가 함께 한 디지털 싱글 ‘STAY’는 오는 21일 오후 6시 각종 음원 사이트를 통해 공개된다.",
		"partNum": "P2",
		"useType": 0,
		"processType": "A",
		"processPattern": "99",
		"processLevel": "하",
		"sentenceCount": 9,
		"processSentencenum": 1,
		"sentenceInfo": [
			{
				"sentenceNo": 1,
				"sentenceContent": "그룹 원어스(ONEUS)와 원위(ONEWE)의 유쾌한 케미가 돋보이는 합동 신곡 뮤직비디오 티저가 공개됐다.",
				"sentenceSize": 60
			},
			{
				"sentenceNo": 2,
				"sentenceContent": "원어스와 원위는 오늘(17일) 0시, 공식 SNS를 통해 디지털 싱글 ‘STAY’의 뮤직비디오 티저를 선보였다.",
				"sentenceSize": 62
			},
			{
				"sentenceNo": 3,
				"sentenceContent": "영상에는 자연스러운 분위기 속에 함께여서 더 행복한 11명의 소년들의 모습이 담겼다.",
				"sentenceSize": 47
			},
			{
				"sentenceNo": 4,
				"sentenceContent": "이들은 함께 노래하고, 뛰어노는 등 소년들의 우정을 유쾌하면서도 훈훈하게 그려냈다.",
				"sentenceSize": 46
			},
			{
				"sentenceNo": 5,
				"sentenceContent": "빈티지한 톤 앤 무드가 마치 한 편의 청춘 영화를 보는 듯한 느낌을 줘 몰입도를 높였다.",
				"sentenceSize": 49
			},
			{
				"sentenceNo": 6,
				"sentenceContent": "이와 함께 ‘STAY’의 멜로디와 노랫말이 공개, 겨울과 잘 어울리는 편안하고 낭만적인 컨템포러리 팝 느낌이 듣는 이들로 하여금 설렘을 선사한다.",
				"sentenceSize": 81
			},
			{
				"sentenceNo": 7,
				"sentenceContent": "원어스와 원위는 오는 21일 디지털 싱글 ‘STAY’를 발매한다. ‘STAY’는 두 그룹이 선보이는 데뷔 첫 시즌송이자, 이들이 데뷔 전 출연한 리얼리티 프로그램 ‘데뷔하겠습니다’에서 팬들에게 선공개한 곡이다.",
				"sentenceSize": 117
			},
			{
				"sentenceNo": 8,
				"sentenceContent": "올 한 해 무한한 사랑과 응원을 보내 준 팬들에게 보답하고자 2021년 버전으로 재녹음해 한층 깊어진 감성을 들려 줄 예정으로,히트메이커 이상호와 서용배, 박우상이 작사와 작곡에 참여해 높은 완성도를 자랑한다.",
				"sentenceSize": 117
			},
			{
				"sentenceNo": 9,
				"sentenceContent": "한편, 원어스와 원위가 함께 한 디지털 싱글 ‘STAY’는 오는 21일 오후 6시 각종 음원 사이트를 통해 공개된다.",
				"sentenceSize": 65
			}
		]
	},
	"labeledDataInfo": {
		"processSentenceInfo": [
			{
				"sentenceNo": 1,
				"sentenceContent": "그룹 원어스(ONEUS)와 원위(ONEWE)의 유쾌한 케미가 돋보이는 합동 신곡 뮤직비디오 티저가 공개됐다.",
				"subjectConsistencyYn": "Y"
			},
			{
				"sentenceNo": 2,
				"sentenceContent": "원어스와 원위는 오늘(17일) 0시, 공식 SNS를 통해 디지털 싱글 ‘STAY’의 뮤직비디오 티저를 선보였다.",
				"subjectConsistencyYn": "Y"
			},
			{
				"sentenceNo": 3,
				"sentenceContent": "영상에는 자연스러운 분위기 속에 함께여서 더 행복한 11명의 소년들의 모습이 담겼다.",
				"subjectConsistencyYn": "Y"
			},
			{
				"sentenceNo": 4,
				"sentenceContent": "이들은 함께 노래하고, 뛰어노는 등 소년들의 우정을 유쾌하면서도 훈훈하게 그려냈다.",
				"subjectConsistencyYn": "Y"
			},
			{
				"sentenceNo": 5,
				"sentenceContent": "빈티지한 톤 앤 무드가 마치 한 편의 청춘 영화를 보는 듯한 느낌을 줘 몰입도를 높였다.",
				"subjectConsistencyYn": "Y"
			},
			{
				"sentenceNo": 6,
				"sentenceContent": "이와 함께 ‘STAY’의 멜로디와 노랫말이 공개, 겨울과 잘 어울리는 편안하고 낭만적인 컨템포러리 팝 느낌이 듣는 이들로 하여금 설렘을 선사한다.",
				"subjectConsistencyYn": "Y"
			},
			{
				"sentenceNo": 7,
				"sentenceContent": "원어스와 원위는 오는 21일 디지털 싱글 ‘STAY’를 발매한다. ‘STAY’는 두 그룹이 선보이는 데뷔 첫 시즌송이자, 이들이 데뷔 전 출연한 리얼리티 프로그램 ‘데뷔하겠습니다’에서 팬들에게 선공개한 곡이다.",
				"subjectConsistencyYn": "Y"
			},
			{
				"sentenceNo": 8,
				"sentenceContent": "올 한 해 무한한 사랑과 응원을 보내 준 팬들에게 보답하고자 2021년 버전으로 재녹음해 한층 깊어진 감성을 들려 줄 예정으로,히트메이커 이상호와 서용배, 박우상이 작사와 작곡에 참여해 높은 완성도를 자랑한다.",
				"subjectConsistencyYn": "Y"
			},
			{
				"sentenceNo": 9,
				"sentenceContent": "폭우가 쏟아지던 밤 참혹하고 비극적인 사건이 벌어지고 침묵과 회피, 실타래처럼 얽힌 비밀이 기어코 또 다른 비극을 낳는 스토리를 그리는 tvN 수목드라마 ‘더 로드 : 1의 비극’은 매주 수, 목요일 밤 10시 50분에 방송된다.",
				"subjectConsistencyYn": "N"
			}
		],
		"clickbaitClass": 0
	}
}