{
	"sourceDataInfo": {
		"newsID": "ET_M13_490456",
		"newsCategory": "연예",
		"newsSubcategory": "방송",
		"newsTitle": "‘엉클’ 오정세×이상우, 김장체험 학습에 뜬 삼촌×아빠",
		"newsSubTitle": "",
		"newsContent": "오정세와 이상우가 아이들을 위해 든든한 슈퍼맨들로 출격한 ‘열정 가득 김장 체험’ 현장이 공개됐다.\nTV CHOSUN 새 토일미니시리즈 ‘엉클’(연출 지영수/극본 박지숙/제작 하이그라운드, 몬스터유니온)은 누나의 청천벽력 이혼으로 얼떨결에 초딩 조카를 떠맡은 루저 뮤지션 삼촌의 코믹 유쾌 성장 생존기다.\n특히 ‘엉클’은 지난 1, 2회를 통해 우여곡절 끝에 서로의 아픔과 진심을 알게 된 왕준혁(오정세), 왕준희(전혜진), 민지후(이경훈) 가족의 가슴 따뜻한 이야기로 안방극장에 감동의 온기를 전했다.\n무엇보다 왕준혁, 왕준희, 민지후 가족은 임대아파트 주민이라는 이유로 로얄스테이트 주민들과 친구들에게 괴롭힘을 당해 안타까움을 자아냈다.\n이런 가운데 주경일(이상우), 주노을(윤해빈) 부녀가 유일하게 편이 되어주면서 훈훈함을 드리웠다.\n왕준혁은 어린 시절 자신을 지켜주던 누나를 떠올리며 각성, 자신 역시 왕준희와 민지후를 지켜주겠다고 결심하면서 진심을 담은 노래로 뭉클한 여운을 느끼게 했다.\n이와 관련 오정세와 이상우가 아이들과 함께 요리에 도전한 ‘열정 가득 김장 체험’ 현장이 이목을 집중시키고 있다.\n극중 민지후의 삼촌 왕준혁와 주노을의 아빠 주경일이 학부모와 함께하는 체험학습에 참여한 장면. ‘즐거운 김장 체험하기’라는 현수막 아래, 왕준혁과 주경일이 여러 명의 어머니들 사이에서 나란히 앉아 선생님 송화음(이시원)의 말을 경청하고 있다.\n이어 분홍 앞치마를 입고 있는 왕준혁은 여유로운 표정으로 멸치잡이배에서 선보였던 칼질 실력을 가감 없이 발휘하고, 주경일은 딸 노을이와 김칫소를 버무린다.\n그 사이 왕준혁과 주경일이 은밀한 대화를 나누는 모습으로, 맘블리들의 집단 차별주의 속에서 두 사람이 어떤 우정을 쌓아 나가게 될지 기대감을 자아낸다.\n제작진은 “오정세와 이상우는 극중 아이들을 위해 나선 슈퍼맨 삼촌, 아빠처럼 실제로도 항상 든든함이 느껴지는 배우들”이라며 “맘블리들 사이에서 두 사람이 그려나갈 브로맨스를 지켜봐 달라”고 전했다.\n한편 TV CHOSUN 새 토일미니시리즈 ‘엉클’ 3회는 오는 18일(토) 밤 9시에 방송되며, VOD는 웨이브(wavve)에서 독점 공개된다.",
		"partNum": "P2",
		"useType": 0,
		"processType": "A",
		"processPattern": "99",
		"processLevel": "하",
		"sentenceCount": 12,
		"processSentencenum": 1,
		"sentenceInfo": [
			{
				"sentenceNo": 1,
				"sentenceContent": "오정세와 이상우가 아이들을 위해 든든한 슈퍼맨들로 출격한 ‘열정 가득 김장 체험’ 현장이 공개됐다.",
				"sentenceSize": 55
			},
			{
				"sentenceNo": 2,
				"sentenceContent": "TV CHOSUN 새 토일미니시리즈 ‘엉클’(연출 지영수/극본 박지숙/제작 하이그라운드, 몬스터유니온)은 누나의 청천벽력 이혼으로 얼떨결에 초딩 조카를 떠맡은 루저 뮤지션 삼촌의 코믹 유쾌 성장 생존기다.",
				"sentenceSize": 114
			},
			{
				"sentenceNo": 3,
				"sentenceContent": "특히 ‘엉클’은 지난 1, 2회를 통해 우여곡절 끝에 서로의 아픔과 진심을 알게 된 왕준혁(오정세), 왕준희(전혜진), 민지후(이경훈) 가족의 가슴 따뜻한 이야기로 안방극장에 감동의 온기를 전했다.",
				"sentenceSize": 110
			},
			{
				"sentenceNo": 4,
				"sentenceContent": "무엇보다 왕준혁, 왕준희, 민지후 가족은 임대아파트 주민이라는 이유로 로얄스테이트 주민들과 친구들에게 괴롭힘을 당해 안타까움을 자아냈다.",
				"sentenceSize": 76
			},
			{
				"sentenceNo": 5,
				"sentenceContent": "이런 가운데 주경일(이상우), 주노을(윤해빈) 부녀가 유일하게 편이 되어주면서 훈훈함을 드리웠다.",
				"sentenceSize": 54
			},
			{
				"sentenceNo": 6,
				"sentenceContent": "왕준혁은 어린 시절 자신을 지켜주던 누나를 떠올리며 각성, 자신 역시 왕준희와 민지후를 지켜주겠다고 결심하면서 진심을 담은 노래로 뭉클한 여운을 느끼게 했다.",
				"sentenceSize": 88
			},
			{
				"sentenceNo": 7,
				"sentenceContent": "이와 관련 오정세와 이상우가 아이들과 함께 요리에 도전한 ‘열정 가득 김장 체험’ 현장이 이목을 집중시키고 있다.",
				"sentenceSize": 63
			},
			{
				"sentenceNo": 8,
				"sentenceContent": "극중 민지후의 삼촌 왕준혁와 주노을의 아빠 주경일이 학부모와 함께하는 체험학습에 참여한 장면. ‘즐거운 김장 체험하기’라는 현수막 아래, 왕준혁과 주경일이 여러 명의 어머니들 사이에서 나란히 앉아 선생님 송화음(이시원)의 말을 경청하고 있다.",
				"sentenceSize": 135
			},
			{
				"sentenceNo": 9,
				"sentenceContent": "이어 분홍 앞치마를 입고 있는 왕준혁은 여유로운 표정으로 멸치잡이배에서 선보였던 칼질 실력을 가감 없이 발휘하고, 주경일은 딸 노을이와 김칫소를 버무린다.",
				"sentenceSize": 86
			},
			{
				"sentenceNo": 10,
				"sentenceContent": "그 사이 왕준혁과 주경일이 은밀한 대화를 나누는 모습으로, 맘블리들의 집단 차별주의 속에서 두 사람이 어떤 우정을 쌓아 나가게 될지 기대감을 자아낸다.",
				"sentenceSize": 84
			},
			{
				"sentenceNo": 11,
				"sentenceContent": "제작진은 “오정세와 이상우는 극중 아이들을 위해 나선 슈퍼맨 삼촌, 아빠처럼 실제로도 항상 든든함이 느껴지는 배우들”이라며 “맘블리들 사이에서 두 사람이 그려나갈 브로맨스를 지켜봐 달라”고 전했다.",
				"sentenceSize": 110
			},
			{
				"sentenceNo": 12,
				"sentenceContent": "한편 TV CHOSUN 새 토일미니시리즈 ‘엉클’ 3회는 오는 18일(토) 밤 9시에 방송되며, VOD는 웨이브(wavve)에서 독점 공개된다.",
				"sentenceSize": 80
			}
		]
	},
	"labeledDataInfo": {
		"processSentenceInfo": [
			{
				"sentenceNo": 1,
				"sentenceContent": "오정세와 이상우가 아이들을 위해 든든한 슈퍼맨들로 출격한 ‘열정 가득 김장 체험’ 현장이 공개됐다.",
				"subjectConsistencyYn": "Y"
			},
			{
				"sentenceNo": 2,
				"sentenceContent": "TV CHOSUN 새 토일미니시리즈 ‘엉클’(연출 지영수/극본 박지숙/제작 하이그라운드, 몬스터유니온)은 누나의 청천벽력 이혼으로 얼떨결에 초딩 조카를 떠맡은 루저 뮤지션 삼촌의 코믹 유쾌 성장 생존기다.",
				"subjectConsistencyYn": "Y"
			},
			{
				"sentenceNo": 3,
				"sentenceContent": "특히 ‘엉클’은 지난 1, 2회를 통해 우여곡절 끝에 서로의 아픔과 진심을 알게 된 왕준혁(오정세), 왕준희(전혜진), 민지후(이경훈) 가족의 가슴 따뜻한 이야기로 안방극장에 감동의 온기를 전했다.",
				"subjectConsistencyYn": "Y"
			},
			{
				"sentenceNo": 4,
				"sentenceContent": "무엇보다 왕준혁, 왕준희, 민지후 가족은 임대아파트 주민이라는 이유로 로얄스테이트 주민들과 친구들에게 괴롭힘을 당해 안타까움을 자아냈다.",
				"subjectConsistencyYn": "Y"
			},
			{
				"sentenceNo": 5,
				"sentenceContent": "이런 가운데 주경일(이상우), 주노을(윤해빈) 부녀가 유일하게 편이 되어주면서 훈훈함을 드리웠다.",
				"subjectConsistencyYn": "Y"
			},
			{
				"sentenceNo": 6,
				"sentenceContent": "왕준혁은 어린 시절 자신을 지켜주던 누나를 떠올리며 각성, 자신 역시 왕준희와 민지후를 지켜주겠다고 결심하면서 진심을 담은 노래로 뭉클한 여운을 느끼게 했다.",
				"subjectConsistencyYn": "Y"
			},
			{
				"sentenceNo": 7,
				"sentenceContent": "이와 관련 오정세와 이상우가 아이들과 함께 요리에 도전한 ‘열정 가득 김장 체험’ 현장이 이목을 집중시키고 있다.",
				"subjectConsistencyYn": "Y"
			},
			{
				"sentenceNo": 8,
				"sentenceContent": "극중 민지후의 삼촌 왕준혁와 주노을의 아빠 주경일이 학부모와 함께하는 체험학습에 참여한 장면. ‘즐거운 김장 체험하기’라는 현수막 아래, 왕준혁과 주경일이 여러 명의 어머니들 사이에서 나란히 앉아 선생님 송화음(이시원)의 말을 경청하고 있다.",
				"subjectConsistencyYn": "Y"
			},
			{
				"sentenceNo": 9,
				"sentenceContent": "이어 분홍 앞치마를 입고 있는 왕준혁은 여유로운 표정으로 멸치잡이배에서 선보였던 칼질 실력을 가감 없이 발휘하고, 주경일은 딸 노을이와 김칫소를 버무린다.",
				"subjectConsistencyYn": "Y"
			},
			{
				"sentenceNo": 10,
				"sentenceContent": "그 사이 왕준혁과 주경일이 은밀한 대화를 나누는 모습으로, 맘블리들의 집단 차별주의 속에서 두 사람이 어떤 우정을 쌓아 나가게 될지 기대감을 자아낸다.",
				"subjectConsistencyYn": "Y"
			},
			{
				"sentenceNo": 11,
				"sentenceContent": "제작진은 “오정세와 이상우는 극중 아이들을 위해 나선 슈퍼맨 삼촌, 아빠처럼 실제로도 항상 든든함이 느껴지는 배우들”이라며 “맘블리들 사이에서 두 사람이 그려나갈 브로맨스를 지켜봐 달라”고 전했다.",
				"subjectConsistencyYn": "Y"
			},
			{
				"sentenceNo": 12,
				"sentenceContent": "매력 만점 쏠녀들과 설렘 가득한 보살팅이 개최될 KBS Joy ‘무엇이든 물어보살’ 144회는 오늘(20일) 밤 8시 30분 방송된다.",
				"subjectConsistencyYn": "N"
			},
			{
				"sentenceNo": 13,
				"sentenceContent": "한편, KBS Joy는 Skylife 1번, SK Btv 80번, LG U+tv 1번, KT olleh tv 41번 그리고 KBS 모바일 앱 ‘my K’에서 시청할 수 있으며, 지역별 케이블 채널 번호는 KBS N 홈페이지에서 확인할 수 있다. ‘무엇이든 물어보살’의 더 많은 영상은 주요 온라인 채널(유튜브, 페이스북 등) 및 포털 사이트에서도 찾아볼 수 있다.",
				"subjectConsistencyYn": "N"
			}
		],
		"clickbaitClass": 0
	}
}