{
	"sourceDataInfo": {
		"newsID": "ET_M13_490668",
		"newsCategory": "연예",
		"newsSubcategory": "연예일반",
		"newsTitle": "금새록, 하이스토리 디앤씨와 전속계약[공식]",
		"newsSubTitle": "",
		"newsContent": "배우 금새록이 하이스토리 디앤씨와 전속계약을 체결했다.\n소속사 하이스토리 디앤씨는 20일 “특유의 매력적인 에너지와 분위기를 소유한 금새록 배우와 함께하게 됐다. 연기에 대한 순수한 열정과 애정이 더욱 빛날 수 있도록 지원을 아끼지 않겠다”고 전했다.\n영화 ‘경성학교: 사라진 소녀들’으로 2015년 데뷔한 금새록은 영화 ‘독전’, 드라마 ‘열혈사제’까지 다양한 작품을 거치며 연기력을 증명했다.\n특히 ‘열혈사제’에서는 신입 형사 ‘서승아’ 역을 맡아 남다른 연기와 몸을 사리지 않는 액션으로 대중에게 제대로 눈도장을 찍으며 여자 신인 연기상을 수상하기도 했다.\n금새록은 이어 드라마 ‘미스터 기간제’, 영화 ‘나랏말싸미’ ‘아워 바디’까지 연이은 작품마다 캐릭터와 높은 싱크로율을 선보였다.\n최근에는 호평 속에 종영했던 드라마 ‘오월의 청춘’에서는 법학과 잔다르크 ‘이수련’ 역을 맡아 활약했다.\n뿐만 아니라 예능 ‘백종원의 골목식당’을 통해 발랄하고 솔직한 면모로 활력소 역할을 톡톡히 해내며 ‘2021 SBS 연예대상’ 신인상을 수상, 드라마와 예능 두 마리 토끼를 모두 잡는데 성공했다.\n한편, 금새록이 둥지를 튼 하이스토리 디앤씨에는 배우 송중기, 고보결, 양경원, 임철수 등이 소속돼 있다.",
		"partNum": "P2",
		"useType": 0,
		"processType": "A",
		"processPattern": "99",
		"processLevel": "하",
		"sentenceCount": 8,
		"processSentencenum": 1,
		"sentenceInfo": [
			{
				"sentenceNo": 1,
				"sentenceContent": "배우 금새록이 하이스토리 디앤씨와 전속계약을 체결했다.",
				"sentenceSize": 30
			},
			{
				"sentenceNo": 2,
				"sentenceContent": "소속사 하이스토리 디앤씨는 20일 “특유의 매력적인 에너지와 분위기를 소유한 금새록 배우와 함께하게 됐다. 연기에 대한 순수한 열정과 애정이 더욱 빛날 수 있도록 지원을 아끼지 않겠다”고 전했다.",
				"sentenceSize": 109
			},
			{
				"sentenceNo": 3,
				"sentenceContent": "영화 ‘경성학교: 사라진 소녀들’으로 2015년 데뷔한 금새록은 영화 ‘독전’, 드라마 ‘열혈사제’까지 다양한 작품을 거치며 연기력을 증명했다.",
				"sentenceSize": 80
			},
			{
				"sentenceNo": 4,
				"sentenceContent": "특히 ‘열혈사제’에서는 신입 형사 ‘서승아’ 역을 맡아 남다른 연기와 몸을 사리지 않는 액션으로 대중에게 제대로 눈도장을 찍으며 여자 신인 연기상을 수상하기도 했다.",
				"sentenceSize": 92
			},
			{
				"sentenceNo": 5,
				"sentenceContent": "금새록은 이어 드라마 ‘미스터 기간제’, 영화 ‘나랏말싸미’ ‘아워 바디’까지 연이은 작품마다 캐릭터와 높은 싱크로율을 선보였다.",
				"sentenceSize": 72
			},
			{
				"sentenceNo": 6,
				"sentenceContent": "최근에는 호평 속에 종영했던 드라마 ‘오월의 청춘’에서는 법학과 잔다르크 ‘이수련’ 역을 맡아 활약했다.",
				"sentenceSize": 58
			},
			{
				"sentenceNo": 7,
				"sentenceContent": "뿐만 아니라 예능 ‘백종원의 골목식당’을 통해 발랄하고 솔직한 면모로 활력소 역할을 톡톡히 해내며 ‘2021 SBS 연예대상’ 신인상을 수상, 드라마와 예능 두 마리 토끼를 모두 잡는데 성공했다.",
				"sentenceSize": 109
			},
			{
				"sentenceNo": 8,
				"sentenceContent": "한편, 금새록이 둥지를 튼 하이스토리 디앤씨에는 배우 송중기, 고보결, 양경원, 임철수 등이 소속돼 있다.",
				"sentenceSize": 59
			}
		]
	},
	"labeledDataInfo": {
		"processSentenceInfo": [
			{
				"sentenceNo": 1,
				"sentenceContent": "배우 금새록이 하이스토리 디앤씨와 전속계약을 체결했다.",
				"subjectConsistencyYn": "Y"
			},
			{
				"sentenceNo": 2,
				"sentenceContent": "소속사 하이스토리 디앤씨는 20일 “특유의 매력적인 에너지와 분위기를 소유한 금새록 배우와 함께하게 됐다. 연기에 대한 순수한 열정과 애정이 더욱 빛날 수 있도록 지원을 아끼지 않겠다”고 전했다.",
				"subjectConsistencyYn": "Y"
			},
			{
				"sentenceNo": 3,
				"sentenceContent": "영화 ‘경성학교: 사라진 소녀들’으로 2015년 데뷔한 금새록은 영화 ‘독전’, 드라마 ‘열혈사제’까지 다양한 작품을 거치며 연기력을 증명했다.",
				"subjectConsistencyYn": "Y"
			},
			{
				"sentenceNo": 4,
				"sentenceContent": "특히 ‘열혈사제’에서는 신입 형사 ‘서승아’ 역을 맡아 남다른 연기와 몸을 사리지 않는 액션으로 대중에게 제대로 눈도장을 찍으며 여자 신인 연기상을 수상하기도 했다.",
				"subjectConsistencyYn": "Y"
			},
			{
				"sentenceNo": 5,
				"sentenceContent": "금새록은 이어 드라마 ‘미스터 기간제’, 영화 ‘나랏말싸미’ ‘아워 바디’까지 연이은 작품마다 캐릭터와 높은 싱크로율을 선보였다.",
				"subjectConsistencyYn": "Y"
			},
			{
				"sentenceNo": 6,
				"sentenceContent": "최근에는 호평 속에 종영했던 드라마 ‘오월의 청춘’에서는 법학과 잔다르크 ‘이수련’ 역을 맡아 활약했다.",
				"subjectConsistencyYn": "Y"
			},
			{
				"sentenceNo": 7,
				"sentenceContent": "뿐만 아니라 예능 ‘백종원의 골목식당’을 통해 발랄하고 솔직한 면모로 활력소 역할을 톡톡히 해내며 ‘2021 SBS 연예대상’ 신인상을 수상, 드라마와 예능 두 마리 토끼를 모두 잡는데 성공했다.",
				"subjectConsistencyYn": "Y"
			},
			{
				"sentenceNo": 8,
				"sentenceContent": "온라인 중앙일보 [사진 박신혜 인스타그램]",
				"subjectConsistencyYn": "N"
			}
		],
		"clickbaitClass": 0
	}
}