{
	"sourceDataInfo": {
		"newsID": "ET_M13_490363",
		"newsCategory": "연예",
		"newsSubcategory": "음악",
		"newsTitle": "‘눈이 내리면’ 김용준·김성규 “따뜻한 위로 됐으면”[일문일답]",
		"newsSubTitle": "",
		"newsContent": "가수 김용준과 김성규가 듀엣곡으로 만났다.\n김용준과 김성규는 지난 13일 오후 6시 각종 음원 사이트를 통해 크리스마스 시즌송 ‘눈이 내리면’을 발매하고 완벽한 보컬 케미스트리를 보여줬다. ‘눈이 내리면’은 따뜻한 겨울 느낌의 패드 사운드와 에너제틱한 기타 사운드가 더해진 록 장르로 눈이 내리면 사랑하는 사람과 어디든 떠나고 싶다는 내용의 가사가 담겨 있다.\n특히 ‘K-캐럴’의 대표작 ‘머스트 해브 러브’(Must Have Love)의 주인공인 김용준과 인피니트의 겨울 시즌송 ‘하얀 고백(Lately)’을 부른 김성규가 만나 리스너들의 뜨거운 반응을 얻었다.\n이 외에도 ‘눈이 내리면’ 뮤직비디오에는 김용준, 김성규의 소속사 식구인 배우 이상준이 출연해 눈길을 끌었다. ‘보컬 장인’들의 환상적인 시너지를 보여준 김용준과 김성규가 일문일답을 통해 ‘눈이 내리면’을 직접 소개했다.\n다음은 김용준과 김성규의 일문일답. -‘눈이 내리면’을 발매한 소감은 어떤가요? ‘머스트 해브 러브’ 이후 첫 겨울 시즌송이라 매우 설레고 기분이 좋습니다.\n특히 소속사 후배들과 함께 작업해 더 뜻깊고 의미 있는 것 같습니다. (김용준) 용준 형, 상준과 함께하면서 처음으로 우리 회사 식구들과 호흡을 맞출 수 있어서 너무 기분이 좋고 영광이었습니다. (김성규) -‘눈이 내리면’은 언제, 어디서 들으면 좋을까요?\n겨울에 거리나 스키장, 차 안, 라디오 등 여기저기서 많이 울려 퍼지면 좋겠습니다. (김용준) 겨울날에 친구, 연인 등 소중한 사람과 함께 들으면 너무 좋을 것 같습니다. (김성규) -서로의 보컬 호흡은 어땠나요?\n성규와 첫 작업이라 서로 톤이 안 맞을까 봐 걱정했었는데 막상 녹음해보니 너무 호흡이 잘 맞아서 좋았습니다.\n앞으로도 성규와 이렇게 한 번씩 작업하면 좋을 것 같습니다. (김용준) 용준 형과 처음으로 같이하는 작업이라 굉장히 설렜고 호흡도 너무 좋았습니다.\n녹음실에서 형한테 어떻게 부르면 좋을지 여쭤보고 함께 의견도 나누고 즐거운 작업이었습니다.\n무엇보다 형의 목소리가 너무 좋았고, 저도 형 노래를 감상할 수 있어서 즐거웠습니다. (김성규) -‘눈이 내리면’ 발매를 기다려준 팬분들께 한마디 부탁드립니다.\n티저를 통해 조금씩 들려드려서 많이 기다리셨을 텐데 정말 감사드립니다.\n코로나19로 인해 힘든 시기를 보내셨을 여러분께 ‘눈이 내리면’이 조금이나마 따뜻한 위로가 되면 좋겠습니다.\n행복한 겨울 맞이하시길 바라요.(김용준) 올겨울 행복하시고, 따뜻한 연말 잘 보내시고요.\n모두 모두 ‘눈이 내리면’ 많이 사랑해 주시기 바랍니다.\n모두 행복하세요. (김성규)",
		"partNum": "P2",
		"useType": 0,
		"processType": "A",
		"processPattern": "99",
		"processLevel": "하",
		"sentenceCount": 16,
		"processSentencenum": 1,
		"sentenceInfo": [
			{
				"sentenceNo": 1,
				"sentenceContent": "가수 김용준과 김성규가 듀엣곡으로 만났다.",
				"sentenceSize": 23
			},
			{
				"sentenceNo": 2,
				"sentenceContent": "김용준과 김성규는 지난 13일 오후 6시 각종 음원 사이트를 통해 크리스마스 시즌송 ‘눈이 내리면’을 발매하고 완벽한 보컬 케미스트리를 보여줬다. ‘눈이 내리면’은 따뜻한 겨울 느낌의 패드 사운드와 에너제틱한 기타 사운드가 더해진 록 장르로 눈이 내리면 사랑하는 사람과 어디든 떠나고 싶다는 내용의 가사가 담겨 있다.",
				"sentenceSize": 177
			},
			{
				"sentenceNo": 3,
				"sentenceContent": "특히 ‘K-캐럴’의 대표작 ‘머스트 해브 러브’(Must Have Love)의 주인공인 김용준과 인피니트의 겨울 시즌송 ‘하얀 고백(Lately)’을 부른 김성규가 만나 리스너들의 뜨거운 반응을 얻었다.",
				"sentenceSize": 113
			},
			{
				"sentenceNo": 4,
				"sentenceContent": "이 외에도 ‘눈이 내리면’ 뮤직비디오에는 김용준, 김성규의 소속사 식구인 배우 이상준이 출연해 눈길을 끌었다. ‘보컬 장인’들의 환상적인 시너지를 보여준 김용준과 김성규가 일문일답을 통해 ‘눈이 내리면’을 직접 소개했다.",
				"sentenceSize": 123
			},
			{
				"sentenceNo": 5,
				"sentenceContent": "다음은 김용준과 김성규의 일문일답. -‘눈이 내리면’을 발매한 소감은 어떤가요? ‘머스트 해브 러브’ 이후 첫 겨울 시즌송이라 매우 설레고 기분이 좋습니다.",
				"sentenceSize": 87
			},
			{
				"sentenceNo": 6,
				"sentenceContent": "특히 소속사 후배들과 함께 작업해 더 뜻깊고 의미 있는 것 같습니다. (김용준) 용준 형, 상준과 함께하면서 처음으로 우리 회사 식구들과 호흡을 맞출 수 있어서 너무 기분이 좋고 영광이었습니다. (김성규) -‘눈이 내리면’은 언제, 어디서 들으면 좋을까요?",
				"sentenceSize": 143
			},
			{
				"sentenceNo": 7,
				"sentenceContent": "겨울에 거리나 스키장, 차 안, 라디오 등 여기저기서 많이 울려 퍼지면 좋겠습니다. (김용준) 겨울날에 친구, 연인 등 소중한 사람과 함께 들으면 너무 좋을 것 같습니다. (김성규) -서로의 보컬 호흡은 어땠나요?",
				"sentenceSize": 119
			},
			{
				"sentenceNo": 8,
				"sentenceContent": "성규와 첫 작업이라 서로 톤이 안 맞을까 봐 걱정했었는데 막상 녹음해보니 너무 호흡이 잘 맞아서 좋았습니다.",
				"sentenceSize": 60
			},
			{
				"sentenceNo": 9,
				"sentenceContent": "앞으로도 성규와 이렇게 한 번씩 작업하면 좋을 것 같습니다. (김용준) 용준 형과 처음으로 같이하는 작업이라 굉장히 설렜고 호흡도 너무 좋았습니다.",
				"sentenceSize": 82
			},
			{
				"sentenceNo": 10,
				"sentenceContent": "녹음실에서 형한테 어떻게 부르면 좋을지 여쭤보고 함께 의견도 나누고 즐거운 작업이었습니다.",
				"sentenceSize": 50
			},
			{
				"sentenceNo": 11,
				"sentenceContent": "무엇보다 형의 목소리가 너무 좋았고, 저도 형 노래를 감상할 수 있어서 즐거웠습니다. (김성규) -‘눈이 내리면’ 발매를 기다려준 팬분들께 한마디 부탁드립니다.",
				"sentenceSize": 89
			},
			{
				"sentenceNo": 12,
				"sentenceContent": "티저를 통해 조금씩 들려드려서 많이 기다리셨을 텐데 정말 감사드립니다.",
				"sentenceSize": 39
			},
			{
				"sentenceNo": 13,
				"sentenceContent": "코로나19로 인해 힘든 시기를 보내셨을 여러분께 ‘눈이 내리면’이 조금이나마 따뜻한 위로가 되면 좋겠습니다.",
				"sentenceSize": 60
			},
			{
				"sentenceNo": 14,
				"sentenceContent": "행복한 겨울 맞이하시길 바라요.(김용준) 올겨울 행복하시고, 따뜻한 연말 잘 보내시고요.",
				"sentenceSize": 49
			},
			{
				"sentenceNo": 15,
				"sentenceContent": "모두 모두 ‘눈이 내리면’ 많이 사랑해 주시기 바랍니다.",
				"sentenceSize": 31
			},
			{
				"sentenceNo": 16,
				"sentenceContent": "모두 행복하세요. (김성규)",
				"sentenceSize": 15
			}
		]
	},
	"labeledDataInfo": {
		"processSentenceInfo": [
			{
				"sentenceNo": 1,
				"sentenceContent": "가수 김용준과 김성규가 듀엣곡으로 만났다.",
				"subjectConsistencyYn": "Y"
			},
			{
				"sentenceNo": 2,
				"sentenceContent": "김용준과 김성규는 지난 13일 오후 6시 각종 음원 사이트를 통해 크리스마스 시즌송 ‘눈이 내리면’을 발매하고 완벽한 보컬 케미스트리를 보여줬다. ‘눈이 내리면’은 따뜻한 겨울 느낌의 패드 사운드와 에너제틱한 기타 사운드가 더해진 록 장르로 눈이 내리면 사랑하는 사람과 어디든 떠나고 싶다는 내용의 가사가 담겨 있다.",
				"subjectConsistencyYn": "Y"
			},
			{
				"sentenceNo": 3,
				"sentenceContent": "특히 ‘K-캐럴’의 대표작 ‘머스트 해브 러브’(Must Have Love)의 주인공인 김용준과 인피니트의 겨울 시즌송 ‘하얀 고백(Lately)’을 부른 김성규가 만나 리스너들의 뜨거운 반응을 얻었다.",
				"subjectConsistencyYn": "Y"
			},
			{
				"sentenceNo": 4,
				"sentenceContent": "이 외에도 ‘눈이 내리면’ 뮤직비디오에는 김용준, 김성규의 소속사 식구인 배우 이상준이 출연해 눈길을 끌었다. ‘보컬 장인’들의 환상적인 시너지를 보여준 김용준과 김성규가 일문일답을 통해 ‘눈이 내리면’을 직접 소개했다.",
				"subjectConsistencyYn": "Y"
			},
			{
				"sentenceNo": 5,
				"sentenceContent": "다음은 김용준과 김성규의 일문일답. -‘눈이 내리면’을 발매한 소감은 어떤가요? ‘머스트 해브 러브’ 이후 첫 겨울 시즌송이라 매우 설레고 기분이 좋습니다.",
				"subjectConsistencyYn": "Y"
			},
			{
				"sentenceNo": 6,
				"sentenceContent": "특히 소속사 후배들과 함께 작업해 더 뜻깊고 의미 있는 것 같습니다. (김용준) 용준 형, 상준과 함께하면서 처음으로 우리 회사 식구들과 호흡을 맞출 수 있어서 너무 기분이 좋고 영광이었습니다. (김성규) -‘눈이 내리면’은 언제, 어디서 들으면 좋을까요?",
				"subjectConsistencyYn": "Y"
			},
			{
				"sentenceNo": 7,
				"sentenceContent": "겨울에 거리나 스키장, 차 안, 라디오 등 여기저기서 많이 울려 퍼지면 좋겠습니다. (김용준) 겨울날에 친구, 연인 등 소중한 사람과 함께 들으면 너무 좋을 것 같습니다. (김성규) -서로의 보컬 호흡은 어땠나요?",
				"subjectConsistencyYn": "Y"
			},
			{
				"sentenceNo": 8,
				"sentenceContent": "성규와 첫 작업이라 서로 톤이 안 맞을까 봐 걱정했었는데 막상 녹음해보니 너무 호흡이 잘 맞아서 좋았습니다.",
				"subjectConsistencyYn": "Y"
			},
			{
				"sentenceNo": 9,
				"sentenceContent": "앞으로도 성규와 이렇게 한 번씩 작업하면 좋을 것 같습니다. (김용준) 용준 형과 처음으로 같이하는 작업이라 굉장히 설렜고 호흡도 너무 좋았습니다.",
				"subjectConsistencyYn": "Y"
			},
			{
				"sentenceNo": 10,
				"sentenceContent": "녹음실에서 형한테 어떻게 부르면 좋을지 여쭤보고 함께 의견도 나누고 즐거운 작업이었습니다.",
				"subjectConsistencyYn": "Y"
			},
			{
				"sentenceNo": 11,
				"sentenceContent": "무엇보다 형의 목소리가 너무 좋았고, 저도 형 노래를 감상할 수 있어서 즐거웠습니다. (김성규) -‘눈이 내리면’ 발매를 기다려준 팬분들께 한마디 부탁드립니다.",
				"subjectConsistencyYn": "Y"
			},
			{
				"sentenceNo": 12,
				"sentenceContent": "티저를 통해 조금씩 들려드려서 많이 기다리셨을 텐데 정말 감사드립니다.",
				"subjectConsistencyYn": "Y"
			},
			{
				"sentenceNo": 13,
				"sentenceContent": "코로나19로 인해 힘든 시기를 보내셨을 여러분께 ‘눈이 내리면’이 조금이나마 따뜻한 위로가 되면 좋겠습니다.",
				"subjectConsistencyYn": "Y"
			},
			{
				"sentenceNo": 14,
				"sentenceContent": "행복한 겨울 맞이하시길 바라요.(김용준) 올겨울 행복하시고, 따뜻한 연말 잘 보내시고요.",
				"subjectConsistencyYn": "Y"
			},
			{
				"sentenceNo": 15,
				"sentenceContent": "모두 모두 ‘눈이 내리면’ 많이 사랑해 주시기 바랍니다.",
				"subjectConsistencyYn": "Y"
			},
			{
				"sentenceNo": 16,
				"sentenceContent": "한편 ‘헬로트로트’는 1대1 매치를 진행하는 상황. 뛰어난 가창력은 물론, ‘아트 퍼포먼스’에서도 수준급 실력을 선보인 장혜리의 다음 무대에 시청자들의 관심이 집중되고 있다.",
				"subjectConsistencyYn": "N"
			}
		],
		"clickbaitClass": 0
	}
}