{
	"sourceDataInfo": {
		"newsID": "ET_M13_490429",
		"newsCategory": "연예",
		"newsSubcategory": "방송",
		"newsTitle": "‘애로부부’ 안선영, 아내 외모 디스 하는 남편에 한숨",
		"newsSubTitle": "",
		"newsContent": "남편이 수집하는 그림에 담긴 기막힌 비밀을 다룬 ‘애로드라마’, 그리고 ‘혼후순결’로 살고 있는 부부의 디스전이 펼쳐지는 ‘속터뷰’를 예고했다.\n18일(토) 방송될 ‘애로부부’의 ‘애로드라마’ 예고편은 꿈이 화가였던 남편이 수집한 그림을 불편해 하는 아내의 모습으로 시작한다.\n이어진 장면에서 아내는 남편의 외도를 직접 목격했지만, 상간녀는 오히려 “다신 이 여자 볼 일 없게 하랬지?”라며 뻔뻔한 태도를 보였다.\n그럼에도 불구하고 남편은 “이혼은 하기 싫어”라며 아내의 이혼 요구를 거절했다.\n이어 아내가 “너희들 같은 인간을 짐승이라고 하는 거야”라며 격분했고, MC 홍진경이 충격으로 입을 다물지 못하는 모습이 그려졌다.\n과연 아내의 분노는 무엇 때문이었을지 궁금함을 자아낸다.\n한편, ‘속터뷰’에는 ‘혼후순결’로 살고 있는 부부가 출연한다.\n남편은 “그때랑 외적인 게 많이 바뀌었다”며 “아무래도 조금 꺼려지는 게…”라고 아내에 대한 막말을 쏟아냈다.\n상상초월의 디스에 MC 안선영과 송진우는 고개를 절레절레 흔들었다.\n이어 남편은 “저는 이전과 차이가 없어요. 몸무게도 그대로고”라며 자신있어 했지만, 아내는 “남편은...근육만 싹 빠진 죽어가는 나무?”라는 신박한 표현으로 반격해 MC들의 폭소를 자아냈다.\n과연 서로의 비주얼에 대해 끝없는 공격을 펼치는 이 부부의 속사정이 어떤 방향으로 흘러갈지는 본방송에서 공개된다. ‘짐승 같은 인간들’ 때문에 고통받는 아내의 사연, 그리고 ‘혼후순결’이 되어버린 부부의 속사정은 12월 18일 토요일 밤 11시 SKY채널과 채널A에서 방송될 본격 19금 부부 토크쇼 ‘애로부부’에서 공개된다.",
		"partNum": "P2",
		"useType": 0,
		"processType": "A",
		"processPattern": "99",
		"processLevel": "하",
		"sentenceCount": 11,
		"processSentencenum": 2,
		"sentenceInfo": [
			{
				"sentenceNo": 1,
				"sentenceContent": "남편이 수집하는 그림에 담긴 기막힌 비밀을 다룬 ‘애로드라마’, 그리고 ‘혼후순결’로 살고 있는 부부의 디스전이 펼쳐지는 ‘속터뷰’를 예고했다.",
				"sentenceSize": 80
			},
			{
				"sentenceNo": 2,
				"sentenceContent": "18일(토) 방송될 ‘애로부부’의 ‘애로드라마’ 예고편은 꿈이 화가였던 남편이 수집한 그림을 불편해 하는 아내의 모습으로 시작한다.",
				"sentenceSize": 73
			},
			{
				"sentenceNo": 3,
				"sentenceContent": "이어진 장면에서 아내는 남편의 외도를 직접 목격했지만, 상간녀는 오히려 “다신 이 여자 볼 일 없게 하랬지?”라며 뻔뻔한 태도를 보였다.",
				"sentenceSize": 76
			},
			{
				"sentenceNo": 4,
				"sentenceContent": "그럼에도 불구하고 남편은 “이혼은 하기 싫어”라며 아내의 이혼 요구를 거절했다.",
				"sentenceSize": 44
			},
			{
				"sentenceNo": 5,
				"sentenceContent": "이어 아내가 “너희들 같은 인간을 짐승이라고 하는 거야”라며 격분했고, MC 홍진경이 충격으로 입을 다물지 못하는 모습이 그려졌다.",
				"sentenceSize": 73
			},
			{
				"sentenceNo": 6,
				"sentenceContent": "과연 아내의 분노는 무엇 때문이었을지 궁금함을 자아낸다.",
				"sentenceSize": 31
			},
			{
				"sentenceNo": 7,
				"sentenceContent": "한편, ‘속터뷰’에는 ‘혼후순결’로 살고 있는 부부가 출연한다.",
				"sentenceSize": 35
			},
			{
				"sentenceNo": 8,
				"sentenceContent": "남편은 “그때랑 외적인 게 많이 바뀌었다”며 “아무래도 조금 꺼려지는 게…”라고 아내에 대한 막말을 쏟아냈다.",
				"sentenceSize": 61
			},
			{
				"sentenceNo": 9,
				"sentenceContent": "상상초월의 디스에 MC 안선영과 송진우는 고개를 절레절레 흔들었다.",
				"sentenceSize": 37
			},
			{
				"sentenceNo": 10,
				"sentenceContent": "이어 남편은 “저는 이전과 차이가 없어요. 몸무게도 그대로고”라며 자신있어 했지만, 아내는 “남편은...근육만 싹 빠진 죽어가는 나무?”라는 신박한 표현으로 반격해 MC들의 폭소를 자아냈다.",
				"sentenceSize": 106
			},
			{
				"sentenceNo": 11,
				"sentenceContent": "과연 서로의 비주얼에 대해 끝없는 공격을 펼치는 이 부부의 속사정이 어떤 방향으로 흘러갈지는 본방송에서 공개된다. ‘짐승 같은 인간들’ 때문에 고통받는 아내의 사연, 그리고 ‘혼후순결’이 되어버린 부부의 속사정은 12월 18일 토요일 밤 11시 SKY채널과 채널A에서 방송될 본격 19금 부부 토크쇼 ‘애로부부’에서 공개된다.",
				"sentenceSize": 182
			}
		]
	},
	"labeledDataInfo": {
		"processSentenceInfo": [
			{
				"sentenceNo": 1,
				"sentenceContent": "남편이 수집하는 그림에 담긴 기막힌 비밀을 다룬 ‘애로드라마’, 그리고 ‘혼후순결’로 살고 있는 부부의 디스전이 펼쳐지는 ‘속터뷰’를 예고했다.",
				"subjectConsistencyYn": "Y"
			},
			{
				"sentenceNo": 2,
				"sentenceContent": "18일(토) 방송될 ‘애로부부’의 ‘애로드라마’ 예고편은 꿈이 화가였던 남편이 수집한 그림을 불편해 하는 아내의 모습으로 시작한다.",
				"subjectConsistencyYn": "Y"
			},
			{
				"sentenceNo": 3,
				"sentenceContent": "이어진 장면에서 아내는 남편의 외도를 직접 목격했지만, 상간녀는 오히려 “다신 이 여자 볼 일 없게 하랬지?”라며 뻔뻔한 태도를 보였다.",
				"subjectConsistencyYn": "Y"
			},
			{
				"sentenceNo": 4,
				"sentenceContent": "그럼에도 불구하고 남편은 “이혼은 하기 싫어”라며 아내의 이혼 요구를 거절했다.",
				"subjectConsistencyYn": "Y"
			},
			{
				"sentenceNo": 5,
				"sentenceContent": "이어 아내가 “너희들 같은 인간을 짐승이라고 하는 거야”라며 격분했고, MC 홍진경이 충격으로 입을 다물지 못하는 모습이 그려졌다.",
				"subjectConsistencyYn": "Y"
			},
			{
				"sentenceNo": 6,
				"sentenceContent": "과연 아내의 분노는 무엇 때문이었을지 궁금함을 자아낸다.",
				"subjectConsistencyYn": "Y"
			},
			{
				"sentenceNo": 7,
				"sentenceContent": "한편, ‘속터뷰’에는 ‘혼후순결’로 살고 있는 부부가 출연한다.",
				"subjectConsistencyYn": "Y"
			},
			{
				"sentenceNo": 8,
				"sentenceContent": "남편은 “그때랑 외적인 게 많이 바뀌었다”며 “아무래도 조금 꺼려지는 게…”라고 아내에 대한 막말을 쏟아냈다.",
				"subjectConsistencyYn": "Y"
			},
			{
				"sentenceNo": 9,
				"sentenceContent": "상상초월의 디스에 MC 안선영과 송진우는 고개를 절레절레 흔들었다.",
				"subjectConsistencyYn": "Y"
			},
			{
				"sentenceNo": 10,
				"sentenceContent": "김형중의 복면가왕 출연에 네티즌들은 \\\"김형중 오랜만인듯\\\" \\\"김형중 탈락 아쉽다 상대가 너무 셈\\\" \\\"김형중 목소리 반할 듯\\\" 등의 반응을 보였다.",
				"subjectConsistencyYn": "N"
			},
			{
				"sentenceNo": 11,
				"sentenceContent": "온라인 중앙일보 [사진 MBC '복면가왕' 화면 캡쳐]",
				"subjectConsistencyYn": "N"
			}
		],
		"clickbaitClass": 0
	}
}