{
	"sourceDataInfo": {
		"newsID": "ET_M13_490731",
		"newsCategory": "연예",
		"newsSubcategory": "방송",
		"newsTitle": "‘어서와’ 프란시네의 ‘이태원 클라쓰’ 투어",
		"newsSubTitle": "",
		"newsContent": "브라질 인기 가수 프란시네의 ‘K-드라마 투어’가 펼쳐진다.\n오는 23일(목) 방송되는 MBC에브리원 ‘어서와 한국은 처음이지’에는 브라질 인기 가수 프란시네와 친구 루카가 출연해 특별한 한국 여행을 함께한다.\n이날 방송에서는 프란시네의 남다른 이력이 이목을 집중시킨다. 2017년 빌보드 브라질 팝 차트 상위권에 진입한 것뿐만 아니라 유명 시상식 ‘BreakTudo’에서 축하 공연을 하는 등 역대급 커리어를 쌓아온 것. 이어 프란시네는 “‘이태원 클라쓰’를 보며 삶의 동기부여를 받았다”라며 한국 드라마 사랑을 뽐내 모두를 놀라게 한다.\n한편 프란시네는 친구 루카와 함께 ‘이태원 클라쓰’ 여행을 떠나며 시선을 끈다.\n두 사람이 향한 첫 번 째 장소는 드라마에서 주인공 박서준이 오픈한 술집 ‘단밤’의 실제 촬영지.\n드라마와 똑같은 모습의 술집에 프란시네는 “믿기지 않는다”라며 흥분된 감정을 감추지 못한다.\n또한 두 사람은 ‘이태원 클라쓰’ 원작자가 ‘단밤’을 그대로 재현한 가게에 찾아가며 기대감을 증폭시킨다.\n이어 드라마에 나온 ‘문어 순두부찌개’를 실제로 맛본 프란시네는 “눈물 날 것 같다”라며 감탄을 멈출 수 없었다.\n브라질 가수 프란시네의 남다른 이력과 ‘덕심’ 가득했던 K드라마 투어는 12월 23일 목요일 저녁 8시 30분 방송되는 MBC에브리원 ‘어서와 한국은 처음이지’에서 공개된다.",
		"partNum": "P2",
		"useType": 0,
		"processType": "A",
		"processPattern": "99",
		"processLevel": "하",
		"sentenceCount": 9,
		"processSentencenum": 2,
		"sentenceInfo": [
			{
				"sentenceNo": 1,
				"sentenceContent": "브라질 인기 가수 프란시네의 ‘K-드라마 투어’가 펼쳐진다.",
				"sentenceSize": 33
			},
			{
				"sentenceNo": 2,
				"sentenceContent": "오는 23일(목) 방송되는 MBC에브리원 ‘어서와 한국은 처음이지’에는 브라질 인기 가수 프란시네와 친구 루카가 출연해 특별한 한국 여행을 함께한다.",
				"sentenceSize": 83
			},
			{
				"sentenceNo": 3,
				"sentenceContent": "이날 방송에서는 프란시네의 남다른 이력이 이목을 집중시킨다. 2017년 빌보드 브라질 팝 차트 상위권에 진입한 것뿐만 아니라 유명 시상식 ‘BreakTudo’에서 축하 공연을 하는 등 역대급 커리어를 쌓아온 것. 이어 프란시네는 “‘이태원 클라쓰’를 보며 삶의 동기부여를 받았다”라며 한국 드라마 사랑을 뽐내 모두를 놀라게 한다.",
				"sentenceSize": 184
			},
			{
				"sentenceNo": 4,
				"sentenceContent": "한편 프란시네는 친구 루카와 함께 ‘이태원 클라쓰’ 여행을 떠나며 시선을 끈다.",
				"sentenceSize": 44
			},
			{
				"sentenceNo": 5,
				"sentenceContent": "두 사람이 향한 첫 번 째 장소는 드라마에서 주인공 박서준이 오픈한 술집 ‘단밤’의 실제 촬영지.",
				"sentenceSize": 54
			},
			{
				"sentenceNo": 6,
				"sentenceContent": "드라마와 똑같은 모습의 술집에 프란시네는 “믿기지 않는다”라며 흥분된 감정을 감추지 못한다.",
				"sentenceSize": 51
			},
			{
				"sentenceNo": 7,
				"sentenceContent": "또한 두 사람은 ‘이태원 클라쓰’ 원작자가 ‘단밤’을 그대로 재현한 가게에 찾아가며 기대감을 증폭시킨다.",
				"sentenceSize": 58
			},
			{
				"sentenceNo": 8,
				"sentenceContent": "이어 드라마에 나온 ‘문어 순두부찌개’를 실제로 맛본 프란시네는 “눈물 날 것 같다”라며 감탄을 멈출 수 없었다.",
				"sentenceSize": 63
			},
			{
				"sentenceNo": 9,
				"sentenceContent": "브라질 가수 프란시네의 남다른 이력과 ‘덕심’ 가득했던 K드라마 투어는 12월 23일 목요일 저녁 8시 30분 방송되는 MBC에브리원 ‘어서와 한국은 처음이지’에서 공개된다.",
				"sentenceSize": 97
			}
		]
	},
	"labeledDataInfo": {
		"processSentenceInfo": [
			{
				"sentenceNo": 1,
				"sentenceContent": "브라질 인기 가수 프란시네의 ‘K-드라마 투어’가 펼쳐진다.",
				"subjectConsistencyYn": "Y"
			},
			{
				"sentenceNo": 2,
				"sentenceContent": "오는 23일(목) 방송되는 MBC에브리원 ‘어서와 한국은 처음이지’에는 브라질 인기 가수 프란시네와 친구 루카가 출연해 특별한 한국 여행을 함께한다.",
				"subjectConsistencyYn": "Y"
			},
			{
				"sentenceNo": 3,
				"sentenceContent": "이날 방송에서는 프란시네의 남다른 이력이 이목을 집중시킨다. 2017년 빌보드 브라질 팝 차트 상위권에 진입한 것뿐만 아니라 유명 시상식 ‘BreakTudo’에서 축하 공연을 하는 등 역대급 커리어를 쌓아온 것. 이어 프란시네는 “‘이태원 클라쓰’를 보며 삶의 동기부여를 받았다”라며 한국 드라마 사랑을 뽐내 모두를 놀라게 한다.",
				"subjectConsistencyYn": "Y"
			},
			{
				"sentenceNo": 4,
				"sentenceContent": "한편 프란시네는 친구 루카와 함께 ‘이태원 클라쓰’ 여행을 떠나며 시선을 끈다.",
				"subjectConsistencyYn": "Y"
			},
			{
				"sentenceNo": 5,
				"sentenceContent": "두 사람이 향한 첫 번 째 장소는 드라마에서 주인공 박서준이 오픈한 술집 ‘단밤’의 실제 촬영지.",
				"subjectConsistencyYn": "Y"
			},
			{
				"sentenceNo": 6,
				"sentenceContent": "드라마와 똑같은 모습의 술집에 프란시네는 “믿기지 않는다”라며 흥분된 감정을 감추지 못한다.",
				"subjectConsistencyYn": "Y"
			},
			{
				"sentenceNo": 7,
				"sentenceContent": "또한 두 사람은 ‘이태원 클라쓰’ 원작자가 ‘단밤’을 그대로 재현한 가게에 찾아가며 기대감을 증폭시킨다.",
				"subjectConsistencyYn": "Y"
			},
			{
				"sentenceNo": 8,
				"sentenceContent": "연습이 부족한 모습으로 실망을 전했던 ‘가시나’ 조는 180도 변한 모습으로 트레이너는 물론 보는 시청자들에게까지 김유연, 윤채원, 전유은 연습생을 향한 응원의 목소리를 내게 했다.",
				"subjectConsistencyYn": "N"
			},
			{
				"sentenceNo": 9,
				"sentenceContent": "벌써부터 뛰어난 성장을 보인 세 연습생은 과연 본 무대에서 어떤 팀워크부터 섹시한 매력까지 선보여 대중을 사로잡을 것인가에 귀추가 주목된다. ‘방과후 설렘’ 프리퀄 등교전 망설임은 매주 화, 금요일 오후 7시에 네이버 NOW.에서 만나볼 수 있으며, 본 오디션인 ‘방과후 설렘’은 11월 28일 MBC에서 첫 방송된다.",
				"subjectConsistencyYn": "N"
			}
		],
		"clickbaitClass": 0
	}
}