{
	"sourceDataInfo": {
		"newsID": "ET_M13_490576",
		"newsCategory": "연예",
		"newsSubcategory": "방송",
		"newsTitle": "모든 걸 의심하라! ‘여고추리반2’ 소름 유발 티저",
		"newsSubTitle": "",
		"newsContent": "티빙 오리지널 ‘여고추리반2’ 멤버들이 태평여고 미스터리를 풀 수 있을까.\n오는 31일 첫 공개되는 티빙 오리지널 ‘여고추리반2’(연출 정종연, 임수정)가 18일, 2차 티저 예고편을 공개하며 추리 본능을 자극했다.\n전학 첫 날부터 혼란에 휩싸인 추리반 멤버들의 모습이 새로운 사건에 대한 궁금증을 높인다. ‘여고추리반2’는 태평여자고등학교로 전학 간 다섯 명의 추리반 학생들이 더욱 거대한 사건을 만나면서 벌어지는 미스터리 어드벤처다.\n역대급 인기를 끌었던 시즌1 보다 확장된 세계관과 스케일, 탄탄해진 스토리를 장착하고 한층 짜릿한 재미를 선사할 것으로 기대를 모은다.\n이날 공개된 2차 티저 예고편은 아름다운 ‘태평여자고등학교’의 모습으로 시작된다.\n추리반 멤버들은 “모든 걸 의심하라”고 되새기며 새로운 학교에 발을 딛는다.\n차가웠던 ‘새라여자고등학교’와 달리 과하게 친절한 아이들과 못 미더운 교장 선생님은 멤버들의 의심을 유발, 추리 본능을 발동시킨다.\n의미심장한 설립자의 초상화는 미스터리를 더욱 증폭한다.\n여기에 충격적인 무언가와 마주한 듯 비명을 지르는 멤버들의 혼란도 궁금증을 고조시킨다.\n과연 추리반 멤버들이 마주할 새로운 사건은 무엇일지, ‘태평여고’에 숨겨진 비밀에 이목이 집중된다.\n2차 티저 예고편에 대한 반응도 뜨겁다.\n온라인 커뮤니티와 SNS를 통해 “태평여고에서는 무슨 일이?! 새라여고와 다른 분위기 궁금하다”, “벌써 긴장감 장난 아니다. 자고 일어나면 31일이었으면”, “선생님들하고 학생들 존재감 미쳤다”, “추리반 멤버들 끈끈한 팀케미 완전 기대”, “태평여고를 구하러 온 추리반 등판”, “돌아와 줘서 고마워요 여고추리반. 올 연말 불태웁시다” 등의 기대감 어린 반응을 쏟아냈다.\n한편, 방학을 끝내고 센세이션을 일으킬 태세를 마친 티빙 오리지널 ‘여고추리반2’는 오는 31일 티빙에서 단독 공개된다.",
		"partNum": "P2",
		"useType": 0,
		"processType": "A",
		"processPattern": "99",
		"processLevel": "하",
		"sentenceCount": 13,
		"processSentencenum": 3,
		"sentenceInfo": [
			{
				"sentenceNo": 1,
				"sentenceContent": "티빙 오리지널 ‘여고추리반2’ 멤버들이 태평여고 미스터리를 풀 수 있을까.",
				"sentenceSize": 41
			},
			{
				"sentenceNo": 2,
				"sentenceContent": "오는 31일 첫 공개되는 티빙 오리지널 ‘여고추리반2’(연출 정종연, 임수정)가 18일, 2차 티저 예고편을 공개하며 추리 본능을 자극했다.",
				"sentenceSize": 78
			},
			{
				"sentenceNo": 3,
				"sentenceContent": "전학 첫 날부터 혼란에 휩싸인 추리반 멤버들의 모습이 새로운 사건에 대한 궁금증을 높인다. ‘여고추리반2’는 태평여자고등학교로 전학 간 다섯 명의 추리반 학생들이 더욱 거대한 사건을 만나면서 벌어지는 미스터리 어드벤처다.",
				"sentenceSize": 123
			},
			{
				"sentenceNo": 4,
				"sentenceContent": "역대급 인기를 끌었던 시즌1 보다 확장된 세계관과 스케일, 탄탄해진 스토리를 장착하고 한층 짜릿한 재미를 선사할 것으로 기대를 모은다.",
				"sentenceSize": 75
			},
			{
				"sentenceNo": 5,
				"sentenceContent": "이날 공개된 2차 티저 예고편은 아름다운 ‘태평여자고등학교’의 모습으로 시작된다.",
				"sentenceSize": 45
			},
			{
				"sentenceNo": 6,
				"sentenceContent": "추리반 멤버들은 “모든 걸 의심하라”고 되새기며 새로운 학교에 발을 딛는다.",
				"sentenceSize": 42
			},
			{
				"sentenceNo": 7,
				"sentenceContent": "차가웠던 ‘새라여자고등학교’와 달리 과하게 친절한 아이들과 못 미더운 교장 선생님은 멤버들의 의심을 유발, 추리 본능을 발동시킨다.",
				"sentenceSize": 73
			},
			{
				"sentenceNo": 8,
				"sentenceContent": "의미심장한 설립자의 초상화는 미스터리를 더욱 증폭한다.",
				"sentenceSize": 30
			},
			{
				"sentenceNo": 9,
				"sentenceContent": "여기에 충격적인 무언가와 마주한 듯 비명을 지르는 멤버들의 혼란도 궁금증을 고조시킨다.",
				"sentenceSize": 48
			},
			{
				"sentenceNo": 10,
				"sentenceContent": "과연 추리반 멤버들이 마주할 새로운 사건은 무엇일지, ‘태평여고’에 숨겨진 비밀에 이목이 집중된다.",
				"sentenceSize": 55
			},
			{
				"sentenceNo": 11,
				"sentenceContent": "2차 티저 예고편에 대한 반응도 뜨겁다.",
				"sentenceSize": 22
			},
			{
				"sentenceNo": 12,
				"sentenceContent": "온라인 커뮤니티와 SNS를 통해 “태평여고에서는 무슨 일이?! 새라여고와 다른 분위기 궁금하다”, “벌써 긴장감 장난 아니다. 자고 일어나면 31일이었으면”, “선생님들하고 학생들 존재감 미쳤다”, “추리반 멤버들 끈끈한 팀케미 완전 기대”, “태평여고를 구하러 온 추리반 등판”, “돌아와 줘서 고마워요 여고추리반. 올 연말 불태웁시다” 등의 기대감 어린 반응을 쏟아냈다.",
				"sentenceSize": 209
			},
			{
				"sentenceNo": 13,
				"sentenceContent": "한편, 방학을 끝내고 센세이션을 일으킬 태세를 마친 티빙 오리지널 ‘여고추리반2’는 오는 31일 티빙에서 단독 공개된다.",
				"sentenceSize": 67
			}
		]
	},
	"labeledDataInfo": {
		"processSentenceInfo": [
			{
				"sentenceNo": 1,
				"sentenceContent": "티빙 오리지널 ‘여고추리반2’ 멤버들이 태평여고 미스터리를 풀 수 있을까.",
				"subjectConsistencyYn": "Y"
			},
			{
				"sentenceNo": 2,
				"sentenceContent": "오는 31일 첫 공개되는 티빙 오리지널 ‘여고추리반2’(연출 정종연, 임수정)가 18일, 2차 티저 예고편을 공개하며 추리 본능을 자극했다.",
				"subjectConsistencyYn": "Y"
			},
			{
				"sentenceNo": 3,
				"sentenceContent": "전학 첫 날부터 혼란에 휩싸인 추리반 멤버들의 모습이 새로운 사건에 대한 궁금증을 높인다. ‘여고추리반2’는 태평여자고등학교로 전학 간 다섯 명의 추리반 학생들이 더욱 거대한 사건을 만나면서 벌어지는 미스터리 어드벤처다.",
				"subjectConsistencyYn": "Y"
			},
			{
				"sentenceNo": 4,
				"sentenceContent": "역대급 인기를 끌었던 시즌1 보다 확장된 세계관과 스케일, 탄탄해진 스토리를 장착하고 한층 짜릿한 재미를 선사할 것으로 기대를 모은다.",
				"subjectConsistencyYn": "Y"
			},
			{
				"sentenceNo": 5,
				"sentenceContent": "이날 공개된 2차 티저 예고편은 아름다운 ‘태평여자고등학교’의 모습으로 시작된다.",
				"subjectConsistencyYn": "Y"
			},
			{
				"sentenceNo": 6,
				"sentenceContent": "추리반 멤버들은 “모든 걸 의심하라”고 되새기며 새로운 학교에 발을 딛는다.",
				"subjectConsistencyYn": "Y"
			},
			{
				"sentenceNo": 7,
				"sentenceContent": "차가웠던 ‘새라여자고등학교’와 달리 과하게 친절한 아이들과 못 미더운 교장 선생님은 멤버들의 의심을 유발, 추리 본능을 발동시킨다.",
				"subjectConsistencyYn": "Y"
			},
			{
				"sentenceNo": 8,
				"sentenceContent": "의미심장한 설립자의 초상화는 미스터리를 더욱 증폭한다.",
				"subjectConsistencyYn": "Y"
			},
			{
				"sentenceNo": 9,
				"sentenceContent": "여기에 충격적인 무언가와 마주한 듯 비명을 지르는 멤버들의 혼란도 궁금증을 고조시킨다.",
				"subjectConsistencyYn": "Y"
			},
			{
				"sentenceNo": 10,
				"sentenceContent": "과연 추리반 멤버들이 마주할 새로운 사건은 무엇일지, ‘태평여고’에 숨겨진 비밀에 이목이 집중된다.",
				"subjectConsistencyYn": "Y"
			},
			{
				"sentenceNo": 11,
				"sentenceContent": "시즌1과 동일하게 몇차례 방문을 통해 촬영을 반복하며 10월 즈음 첫 방송 예정이다.",
				"subjectConsistencyYn": "N"
			}
		],
		"clickbaitClass": 0
	}
}