{
	"sourceDataInfo": {
		"newsID": "ET_M13_490721",
		"newsCategory": "연예",
		"newsSubcategory": "음악",
		"newsTitle": "JT&MARCUS, 23일 신곡 ‘첫눈에’ 컴백[공식]",
		"newsSubTitle": "",
		"newsContent": "JT&MARCUS(제이티앤마커스)가 오는 23일 신곡 ‘첫눈에’로 컴백한다.\nJT&MARCUS(JT·김준태, MARCUS·이재준)가 오는 23일 정오 두 번째 디지털 싱글 앨범 ‘첫눈에’를 발매하고 2개월 만에 컴백한다.\n신곡 ‘첫눈에’는 JT&MARCUS가 직접 작사, 작곡부터 프로듀싱까지 전 과정에 참여해 완성도를 높였으며, 독보적인 음색을 자랑하는 YUNHWAY(윤훼이)가 피처링에 참여해 유니크한 매력을 살렸다.\nJT&MARCUS는 지난 10월 MLD엔터테인먼트에서 재데뷔한 2인조 R&B 그룹이다.\n멤버 제이티와 마커스는 과거 그룹 TREI(트레이)로 함께 활동한 바 있다.\n제이티와 마커스는 지난 2020년 걸그룹 모모랜드, 배우 연우, 보이그룹 T1419 등이 소속된 MLD엔터테인먼트와 전속 계약을 체결하고 새 출발에 나섰다.\nJT&MARCUS가 직접 작사, 작곡한 데뷔곡 ‘너에게 닿기를’은 발매와 동시에 신곡 차트 톱 50에 진입하는 등 호성적을 거두며 많은 음악 팬들의 관심을 집중시켰다.\n한편, JT&MARCUS의 신곡 ‘첫눈에’는 오는 23일 낮 12시 각종 음원 사이트를 통해 발매된다.",
		"partNum": "P2",
		"useType": 0,
		"processType": "A",
		"processPattern": "99",
		"processLevel": "하",
		"sentenceCount": 8,
		"processSentencenum": 1,
		"sentenceInfo": [
			{
				"sentenceNo": 1,
				"sentenceContent": "JT&MARCUS(제이티앤마커스)가 오는 23일 신곡 ‘첫눈에’로 컴백한다.",
				"sentenceSize": 42
			},
			{
				"sentenceNo": 2,
				"sentenceContent": "JT&MARCUS(JT·김준태, MARCUS·이재준)가 오는 23일 정오 두 번째 디지털 싱글 앨범 ‘첫눈에’를 발매하고 2개월 만에 컴백한다.",
				"sentenceSize": 80
			},
			{
				"sentenceNo": 3,
				"sentenceContent": "신곡 ‘첫눈에’는 JT&MARCUS가 직접 작사, 작곡부터 프로듀싱까지 전 과정에 참여해 완성도를 높였으며, 독보적인 음색을 자랑하는 YUNHWAY(윤훼이)가 피처링에 참여해 유니크한 매력을 살렸다.",
				"sentenceSize": 111
			},
			{
				"sentenceNo": 4,
				"sentenceContent": "JT&MARCUS는 지난 10월 MLD엔터테인먼트에서 재데뷔한 2인조 R&B 그룹이다.",
				"sentenceSize": 48
			},
			{
				"sentenceNo": 5,
				"sentenceContent": "멤버 제이티와 마커스는 과거 그룹 TREI(트레이)로 함께 활동한 바 있다.",
				"sentenceSize": 42
			},
			{
				"sentenceNo": 6,
				"sentenceContent": "제이티와 마커스는 지난 2020년 걸그룹 모모랜드, 배우 연우, 보이그룹 T1419 등이 소속된 MLD엔터테인먼트와 전속 계약을 체결하고 새 출발에 나섰다.",
				"sentenceSize": 87
			},
			{
				"sentenceNo": 7,
				"sentenceContent": "JT&MARCUS가 직접 작사, 작곡한 데뷔곡 ‘너에게 닿기를’은 발매와 동시에 신곡 차트 톱 50에 진입하는 등 호성적을 거두며 많은 음악 팬들의 관심을 집중시켰다.",
				"sentenceSize": 93
			},
			{
				"sentenceNo": 8,
				"sentenceContent": "한편, JT&MARCUS의 신곡 ‘첫눈에’는 오는 23일 낮 12시 각종 음원 사이트를 통해 발매된다.",
				"sentenceSize": 57
			}
		]
	},
	"labeledDataInfo": {
		"processSentenceInfo": [
			{
				"sentenceNo": 1,
				"sentenceContent": "JT&MARCUS(제이티앤마커스)가 오는 23일 신곡 ‘첫눈에’로 컴백한다.",
				"subjectConsistencyYn": "Y"
			},
			{
				"sentenceNo": 2,
				"sentenceContent": "JT&MARCUS(JT·김준태, MARCUS·이재준)가 오는 23일 정오 두 번째 디지털 싱글 앨범 ‘첫눈에’를 발매하고 2개월 만에 컴백한다.",
				"subjectConsistencyYn": "Y"
			},
			{
				"sentenceNo": 3,
				"sentenceContent": "신곡 ‘첫눈에’는 JT&MARCUS가 직접 작사, 작곡부터 프로듀싱까지 전 과정에 참여해 완성도를 높였으며, 독보적인 음색을 자랑하는 YUNHWAY(윤훼이)가 피처링에 참여해 유니크한 매력을 살렸다.",
				"subjectConsistencyYn": "Y"
			},
			{
				"sentenceNo": 4,
				"sentenceContent": "JT&MARCUS는 지난 10월 MLD엔터테인먼트에서 재데뷔한 2인조 R&B 그룹이다.",
				"subjectConsistencyYn": "Y"
			},
			{
				"sentenceNo": 5,
				"sentenceContent": "멤버 제이티와 마커스는 과거 그룹 TREI(트레이)로 함께 활동한 바 있다.",
				"subjectConsistencyYn": "Y"
			},
			{
				"sentenceNo": 6,
				"sentenceContent": "제이티와 마커스는 지난 2020년 걸그룹 모모랜드, 배우 연우, 보이그룹 T1419 등이 소속된 MLD엔터테인먼트와 전속 계약을 체결하고 새 출발에 나섰다.",
				"subjectConsistencyYn": "Y"
			},
			{
				"sentenceNo": 7,
				"sentenceContent": "JT&MARCUS가 직접 작사, 작곡한 데뷔곡 ‘너에게 닿기를’은 발매와 동시에 신곡 차트 톱 50에 진입하는 등 호성적을 거두며 많은 음악 팬들의 관심을 집중시켰다.",
				"subjectConsistencyYn": "Y"
			},
			{
				"sentenceNo": 8,
				"sentenceContent": "이날 표절 의혹이 확산하면서 이 영상이 함께 회자했고, 포털사이트 실시간 검색어에는 ‘테디 작곡법’ 등이 오르기도 했다.",
				"subjectConsistencyYn": "N"
			},
			{
				"sentenceNo": 9,
				"sentenceContent": "YG엔터테인먼트 산하 레이블 '더 블랙 레이블'의 대표 프로듀서로 활동하는 테디는 지난해 선미의 솔로곡 ‘가시나’를 비롯해 다수의 곡을 작사·작곡해오며 끊임없이 표절 의혹에 휩싸여왔다.",
				"subjectConsistencyYn": "N"
			}
		],
		"clickbaitClass": 0
	}
}