{
	"sourceDataInfo": {
		"newsID": "ET_M13_490521",
		"newsCategory": "연예",
		"newsSubcategory": "방송",
		"newsTitle": "‘치킨대전’ 혹평 난무 다이어트 치킨 미션 승자는?",
		"newsSubTitle": "",
		"newsContent": "네 번째 본선 경연의 우승은 누가 차지할까 오늘(17일) 밤 방송하는 SBS FiL ‘대한민국 치킨대전’(이하 치킨대전)에서는 심사위원들의 독설이 쏟아지며 우승 후보자들에게 위기가 닥친다. 네 번째 본선 경연에 임하게 된 7팀의 도전자들에게는 ‘맛있으면 0칼로리, 건강한 다이어트 치킨을 만들어라’를 주제가 주어졌다.\n맛과 건강 두 마리 토끼를 잘 잡아야 하는 미션인만큼 도전자들은 그 어느 때보다 다양한 재료와 아이디어로 경연에 임했다.\n경연이 마무리 된 후 어려운 주제에 맞게 심사위원들은 더욱 신중히 평가에 임했다. “여러분의 다이어트를 책임지겠다”고 밝힌 한 도전자는 프로틴 가루로 튀김 옷을 만드는 생소한 방법으로 눈길을 끌었지만, 심사위원들의 혹평을 피하지 못했다.\n장지수는 “이번 주제를 말장난처럼 해석한 것이 아닌가”라고, 송훈 셰프는 “초심을 잃은 것 같다”고 평했다.\n반전 실력으로 기대를 모았던 도전자 역시 심사위원들의 입맛을 사로잡지 못했다.\n이연복 셰프는 “다이어트 음식은 틀림없다. (맛이 없어서) 적게 먹을 것 같다”고 평했고, 장지수는 “어렸을 때 잘못 먹어본 토끼 여물을 먹은 느낌”이라고 전해 모두를 놀라게 만들었다.\n뿐만 아니라, 강력한 우승후보인 도전자들에게도 “오늘 주제가 어려운 건지 전체적으로 실망스럽다”는 평은 물론, “지난 번에 우승한 분이 맞나 싶다” 등 혹평이 이어져 네 번째 본선 경연의 결과를 궁금하게 만들고 있다.\n심사위원들의 거침없는 독설과 신랄한 평가가 이어지는 가운데 네 번째 본선 경연의 우승은 누가 차지할지 오늘 밤 방송하는 ‘치킨대전’ 7회에서 확인할 수 있다.\nK-치킨 세계화 대국민 프로젝트 ‘대한민국 치킨대전’은 매주 금요일 밤 11시 SBS FiL과 MBN에서 동시 방송되며 SBS MTV에서 매주 토요일 오후 1시에 확인할 수 있다.",
		"partNum": "P2",
		"useType": 0,
		"processType": "A",
		"processPattern": "99",
		"processLevel": "하",
		"sentenceCount": 9,
		"processSentencenum": 1,
		"sentenceInfo": [
			{
				"sentenceNo": 1,
				"sentenceContent": "네 번째 본선 경연의 우승은 누가 차지할까 오늘(17일) 밤 방송하는 SBS FiL ‘대한민국 치킨대전’(이하 치킨대전)에서는 심사위원들의 독설이 쏟아지며 우승 후보자들에게 위기가 닥친다. 네 번째 본선 경연에 임하게 된 7팀의 도전자들에게는 ‘맛있으면 0칼로리, 건강한 다이어트 치킨을 만들어라’를 주제가 주어졌다.",
				"sentenceSize": 177
			},
			{
				"sentenceNo": 2,
				"sentenceContent": "맛과 건강 두 마리 토끼를 잘 잡아야 하는 미션인만큼 도전자들은 그 어느 때보다 다양한 재료와 아이디어로 경연에 임했다.",
				"sentenceSize": 67
			},
			{
				"sentenceNo": 3,
				"sentenceContent": "경연이 마무리 된 후 어려운 주제에 맞게 심사위원들은 더욱 신중히 평가에 임했다. “여러분의 다이어트를 책임지겠다”고 밝힌 한 도전자는 프로틴 가루로 튀김 옷을 만드는 생소한 방법으로 눈길을 끌었지만, 심사위원들의 혹평을 피하지 못했다.",
				"sentenceSize": 132
			},
			{
				"sentenceNo": 4,
				"sentenceContent": "장지수는 “이번 주제를 말장난처럼 해석한 것이 아닌가”라고, 송훈 셰프는 “초심을 잃은 것 같다”고 평했다.",
				"sentenceSize": 60
			},
			{
				"sentenceNo": 5,
				"sentenceContent": "반전 실력으로 기대를 모았던 도전자 역시 심사위원들의 입맛을 사로잡지 못했다.",
				"sentenceSize": 43
			},
			{
				"sentenceNo": 6,
				"sentenceContent": "이연복 셰프는 “다이어트 음식은 틀림없다. (맛이 없어서) 적게 먹을 것 같다”고 평했고, 장지수는 “어렸을 때 잘못 먹어본 토끼 여물을 먹은 느낌”이라고 전해 모두를 놀라게 만들었다.",
				"sentenceSize": 103
			},
			{
				"sentenceNo": 7,
				"sentenceContent": "뿐만 아니라, 강력한 우승후보인 도전자들에게도 “오늘 주제가 어려운 건지 전체적으로 실망스럽다”는 평은 물론, “지난 번에 우승한 분이 맞나 싶다” 등 혹평이 이어져 네 번째 본선 경연의 결과를 궁금하게 만들고 있다.",
				"sentenceSize": 121
			},
			{
				"sentenceNo": 8,
				"sentenceContent": "심사위원들의 거침없는 독설과 신랄한 평가가 이어지는 가운데 네 번째 본선 경연의 우승은 누가 차지할지 오늘 밤 방송하는 ‘치킨대전’ 7회에서 확인할 수 있다.",
				"sentenceSize": 88
			},
			{
				"sentenceNo": 9,
				"sentenceContent": "K-치킨 세계화 대국민 프로젝트 ‘대한민국 치킨대전’은 매주 금요일 밤 11시 SBS FiL과 MBN에서 동시 방송되며 SBS MTV에서 매주 토요일 오후 1시에 확인할 수 있다.",
				"sentenceSize": 100
			}
		]
	},
	"labeledDataInfo": {
		"processSentenceInfo": [
			{
				"sentenceNo": 1,
				"sentenceContent": "네 번째 본선 경연의 우승은 누가 차지할까 오늘(17일) 밤 방송하는 SBS FiL ‘대한민국 치킨대전’(이하 치킨대전)에서는 심사위원들의 독설이 쏟아지며 우승 후보자들에게 위기가 닥친다. 네 번째 본선 경연에 임하게 된 7팀의 도전자들에게는 ‘맛있으면 0칼로리, 건강한 다이어트 치킨을 만들어라’를 주제가 주어졌다.",
				"subjectConsistencyYn": "Y"
			},
			{
				"sentenceNo": 2,
				"sentenceContent": "맛과 건강 두 마리 토끼를 잘 잡아야 하는 미션인만큼 도전자들은 그 어느 때보다 다양한 재료와 아이디어로 경연에 임했다.",
				"subjectConsistencyYn": "Y"
			},
			{
				"sentenceNo": 3,
				"sentenceContent": "경연이 마무리 된 후 어려운 주제에 맞게 심사위원들은 더욱 신중히 평가에 임했다. “여러분의 다이어트를 책임지겠다”고 밝힌 한 도전자는 프로틴 가루로 튀김 옷을 만드는 생소한 방법으로 눈길을 끌었지만, 심사위원들의 혹평을 피하지 못했다.",
				"subjectConsistencyYn": "Y"
			},
			{
				"sentenceNo": 4,
				"sentenceContent": "장지수는 “이번 주제를 말장난처럼 해석한 것이 아닌가”라고, 송훈 셰프는 “초심을 잃은 것 같다”고 평했다.",
				"subjectConsistencyYn": "Y"
			},
			{
				"sentenceNo": 5,
				"sentenceContent": "반전 실력으로 기대를 모았던 도전자 역시 심사위원들의 입맛을 사로잡지 못했다.",
				"subjectConsistencyYn": "Y"
			},
			{
				"sentenceNo": 6,
				"sentenceContent": "이연복 셰프는 “다이어트 음식은 틀림없다. (맛이 없어서) 적게 먹을 것 같다”고 평했고, 장지수는 “어렸을 때 잘못 먹어본 토끼 여물을 먹은 느낌”이라고 전해 모두를 놀라게 만들었다.",
				"subjectConsistencyYn": "Y"
			},
			{
				"sentenceNo": 7,
				"sentenceContent": "뿐만 아니라, 강력한 우승후보인 도전자들에게도 “오늘 주제가 어려운 건지 전체적으로 실망스럽다”는 평은 물론, “지난 번에 우승한 분이 맞나 싶다” 등 혹평이 이어져 네 번째 본선 경연의 결과를 궁금하게 만들고 있다.",
				"subjectConsistencyYn": "Y"
			},
			{
				"sentenceNo": 8,
				"sentenceContent": "심사위원들의 거침없는 독설과 신랄한 평가가 이어지는 가운데 네 번째 본선 경연의 우승은 누가 차지할지 오늘 밤 방송하는 ‘치킨대전’ 7회에서 확인할 수 있다.",
				"subjectConsistencyYn": "Y"
			},
			{
				"sentenceNo": 9,
				"sentenceContent": "제작진 측은 “송재림이 풍부한 상상력과 쌓아온 전문 지식을 바탕으로 매회 사건을 꿰뚫는 뛰어난 활약을 보이고 있다”며 “송재림의 날카로운 추리력이 또 한 번 빛을 발하는 스토리는 무엇일지, ‘미친.사랑.X’ 6회 분을 기대해달라”고 전했다.",
				"subjectConsistencyYn": "N"
			},
			{
				"sentenceNo": 10,
				"sentenceContent": "한편 ‘치정 스릴러’ 예능 프로그램 ‘미친.사랑.X’ 6회는 오는 8일(수) 밤 10시에 방송된다.",
				"subjectConsistencyYn": "N"
			}
		],
		"clickbaitClass": 0
	}
}