{
	"sourceDataInfo": {
		"newsID": "ET_M13_490501",
		"newsCategory": "연예",
		"newsSubcategory": "연예일반",
		"newsTitle": "김종국 ‘로이더 논란’ 종결, 도핑 결과 나왔다",
		"newsSubTitle": "",
		"newsContent": "가수 김종국이 ‘로이더’(약물로 몸을 키우는 이들) 논란을 종결짓고 기부까지 한다.\n김종국은 16일 자신의 유튜브 채널에 도핑테스트 결과를 담은 영상을 공개했다.\n김종국은 지난달 13일 소변 샘플을 채취했고 검사 결과는 지난 9일 나왔다.\n김종국의 도핑테스트를 도운 파이브스타글로벌 명세영 대표는 “392가지가 넘는 검사를 했다”며 “이는 일반적인 올림픽 출선 선수들이 받는 것보다 강도가 높은 수준의 검사”라고 설명했다.\n보디빌딩 선수로 등록돼 검사 결과를 받은 김종국운 ‘외부에서 스테로이드를 투여한 적 없다’는 결과를 받았다.\n김종국은 자신의 로이더 의혹을 제기한 캐나다 유튜버 그랙 듀셋을 지목하며 “호르몬이 높기 때문에 HTR, TRT를 했다는 것은 싹 다 틀린 얘기”라고 지적했다.\n그러면서 “다른 인종에 대한 평가나 주장을 할 땐 더 많은 리서치와 공부를 하길 바란다”며 “서양인이 모든 인종의 기준은 아닐뿐더러 다름을 인정하는 계기가 됐으면 한다”고 말했다.\n김종국은 앞서 예고했던 법적대응 방침에 대해서도 계획을 밝혔다.\n그는 “법적은 조치를 하기 위해 생각했던 3000만원 정도를 기부하기로 했다”고 말했다.\n마지막으로 김종국은 “나약한 누군가의 일반화를 위한 시도였는지, 본인 인종의 우월함에 취한 실수였는지는 모르겠지만 절대 현혹되지 마시고 소중한 우리 몸을 있는 그대로 유지하기 위한 개념을 잃지 않길 바란다”고 했다.",
		"partNum": "P2",
		"useType": 0,
		"processType": "A",
		"processPattern": "99",
		"processLevel": "하",
		"sentenceCount": 10,
		"processSentencenum": 3,
		"sentenceInfo": [
			{
				"sentenceNo": 1,
				"sentenceContent": "가수 김종국이 ‘로이더’(약물로 몸을 키우는 이들) 논란을 종결짓고 기부까지 한다.",
				"sentenceSize": 46
			},
			{
				"sentenceNo": 2,
				"sentenceContent": "김종국은 16일 자신의 유튜브 채널에 도핑테스트 결과를 담은 영상을 공개했다.",
				"sentenceSize": 43
			},
			{
				"sentenceNo": 3,
				"sentenceContent": "김종국은 지난달 13일 소변 샘플을 채취했고 검사 결과는 지난 9일 나왔다.",
				"sentenceSize": 42
			},
			{
				"sentenceNo": 4,
				"sentenceContent": "김종국의 도핑테스트를 도운 파이브스타글로벌 명세영 대표는 “392가지가 넘는 검사를 했다”며 “이는 일반적인 올림픽 출선 선수들이 받는 것보다 강도가 높은 수준의 검사”라고 설명했다.",
				"sentenceSize": 102
			},
			{
				"sentenceNo": 5,
				"sentenceContent": "보디빌딩 선수로 등록돼 검사 결과를 받은 김종국운 ‘외부에서 스테로이드를 투여한 적 없다’는 결과를 받았다.",
				"sentenceSize": 60
			},
			{
				"sentenceNo": 6,
				"sentenceContent": "김종국은 자신의 로이더 의혹을 제기한 캐나다 유튜버 그랙 듀셋을 지목하며 “호르몬이 높기 때문에 HTR, TRT를 했다는 것은 싹 다 틀린 얘기”라고 지적했다.",
				"sentenceSize": 89
			},
			{
				"sentenceNo": 7,
				"sentenceContent": "그러면서 “다른 인종에 대한 평가나 주장을 할 땐 더 많은 리서치와 공부를 하길 바란다”며 “서양인이 모든 인종의 기준은 아닐뿐더러 다름을 인정하는 계기가 됐으면 한다”고 말했다.",
				"sentenceSize": 100
			},
			{
				"sentenceNo": 8,
				"sentenceContent": "김종국은 앞서 예고했던 법적대응 방침에 대해서도 계획을 밝혔다.",
				"sentenceSize": 35
			},
			{
				"sentenceNo": 9,
				"sentenceContent": "그는 “법적은 조치를 하기 위해 생각했던 3000만원 정도를 기부하기로 했다”고 말했다.",
				"sentenceSize": 49
			},
			{
				"sentenceNo": 10,
				"sentenceContent": "마지막으로 김종국은 “나약한 누군가의 일반화를 위한 시도였는지, 본인 인종의 우월함에 취한 실수였는지는 모르겠지만 절대 현혹되지 마시고 소중한 우리 몸을 있는 그대로 유지하기 위한 개념을 잃지 않길 바란다”고 했다.",
				"sentenceSize": 120
			}
		]
	},
	"labeledDataInfo": {
		"processSentenceInfo": [
			{
				"sentenceNo": 1,
				"sentenceContent": "가수 김종국이 ‘로이더’(약물로 몸을 키우는 이들) 논란을 종결짓고 기부까지 한다.",
				"subjectConsistencyYn": "Y"
			},
			{
				"sentenceNo": 2,
				"sentenceContent": "김종국은 16일 자신의 유튜브 채널에 도핑테스트 결과를 담은 영상을 공개했다.",
				"subjectConsistencyYn": "Y"
			},
			{
				"sentenceNo": 3,
				"sentenceContent": "김종국은 지난달 13일 소변 샘플을 채취했고 검사 결과는 지난 9일 나왔다.",
				"subjectConsistencyYn": "Y"
			},
			{
				"sentenceNo": 4,
				"sentenceContent": "김종국의 도핑테스트를 도운 파이브스타글로벌 명세영 대표는 “392가지가 넘는 검사를 했다”며 “이는 일반적인 올림픽 출선 선수들이 받는 것보다 강도가 높은 수준의 검사”라고 설명했다.",
				"subjectConsistencyYn": "Y"
			},
			{
				"sentenceNo": 5,
				"sentenceContent": "보디빌딩 선수로 등록돼 검사 결과를 받은 김종국운 ‘외부에서 스테로이드를 투여한 적 없다’는 결과를 받았다.",
				"subjectConsistencyYn": "Y"
			},
			{
				"sentenceNo": 6,
				"sentenceContent": "김종국은 자신의 로이더 의혹을 제기한 캐나다 유튜버 그랙 듀셋을 지목하며 “호르몬이 높기 때문에 HTR, TRT를 했다는 것은 싹 다 틀린 얘기”라고 지적했다.",
				"subjectConsistencyYn": "Y"
			},
			{
				"sentenceNo": 7,
				"sentenceContent": "그러면서 “다른 인종에 대한 평가나 주장을 할 땐 더 많은 리서치와 공부를 하길 바란다”며 “서양인이 모든 인종의 기준은 아닐뿐더러 다름을 인정하는 계기가 됐으면 한다”고 말했다.",
				"subjectConsistencyYn": "Y"
			},
			{
				"sentenceNo": 8,
				"sentenceContent": "오랜만의 대면 공연이자 전 곡을 어쿠스틱으로 편곡하여 처음 선보이는 공연인만큼 팬들의 기대도 증폭되고 있다.",
				"subjectConsistencyYn": "N"
			},
			{
				"sentenceNo": 9,
				"sentenceContent": "단독 공연은 티켓 오픈 후 8회차 전 공연이 5분내 매진되며 공연 강자로서 카더가든의 인기를 다시금 증명했다.",
				"subjectConsistencyYn": "N"
			},
			{
				"sentenceNo": 10,
				"sentenceContent": "한편 카더가든은 드라마 tvN‘갯마을 차차차’, SBS‘지금 헤어지는 중입니다’OST 등에 참여하여 화제의 중심에 섰다.",
				"subjectConsistencyYn": "N"
			}
		],
		"clickbaitClass": 0
	}
}