{
	"sourceDataInfo": {
		"newsID": "ET_M13_490509",
		"newsCategory": "연예",
		"newsSubcategory": "연예일반",
		"newsTitle": "채림 심경 고백 “파장 일으키는 직업이지만 오롯이 나만의 몫”",
		"newsSubTitle": "",
		"newsContent": "배우 채림이 아들을 향한 사랑을 드러냈다.\n채림은 16일 자신의 SNS에 “요리에 관심이 많은 이든.어른이 되어서도 먹는 것만 하지 말고 직접 만들어서 좋은 사람들과함께 즐길 줄 아는 멋진 남자가 되길.#wooliliwoo#우리리우”라는 글과 사진을 공개했다.\n사진에는 채림 만삭 시절 모습과 아들이 막 태어나고 촬영한 모습, 훌쩍 자란 아들과 뽀뽀하는 모습 등이 담겨 있다.\n채림은 2014년 중국 배우 가오쯔치와 결혼했다.\n두 사람은 중국 드라마 ‘이씨가문’에 함께 출연하면서 인연을 맺었다.\n결혼 후 금슬을 자랑하며 부러움을 사기도 했던 채림은 지난해 1월 이혼을 했다고 밝혔다.\n채림은 자신의 SNS에 “이렇다 저렇다 설명하고 이해를 바라는 성격이 아닙니다. 나의 인생을 묵묵히 최선을 다해 살아내 가고 있을 뿐”이라며 “그날이 그날인 것처럼. 파장을 일으키는 직업을 가졌고. 다른 목적으로 나에게 파장을 일으키려는 사람들을 만나게 되지만. 결국 삶의 균형을 잡는 건 오롯이 나만의 몫이다”라고 밝혔다.\n채림은 이후 아들을 홀로 양육하고 있고 최근에는 JTBC ‘용감한 육아 솔로-내가 키운다’를 통해 일상을 공개했다.",
		"partNum": "P2",
		"useType": 0,
		"processType": "A",
		"processPattern": "99",
		"processLevel": "하",
		"sentenceCount": 8,
		"processSentencenum": 1,
		"sentenceInfo": [
			{
				"sentenceNo": 1,
				"sentenceContent": "배우 채림이 아들을 향한 사랑을 드러냈다.",
				"sentenceSize": 23
			},
			{
				"sentenceNo": 2,
				"sentenceContent": "채림은 16일 자신의 SNS에 “요리에 관심이 많은 이든.어른이 되어서도 먹는 것만 하지 말고 직접 만들어서 좋은 사람들과함께 즐길 줄 아는 멋진 남자가 되길.#wooliliwoo#우리리우”라는 글과 사진을 공개했다.",
				"sentenceSize": 121
			},
			{
				"sentenceNo": 3,
				"sentenceContent": "사진에는 채림 만삭 시절 모습과 아들이 막 태어나고 촬영한 모습, 훌쩍 자란 아들과 뽀뽀하는 모습 등이 담겨 있다.",
				"sentenceSize": 64
			},
			{
				"sentenceNo": 4,
				"sentenceContent": "채림은 2014년 중국 배우 가오쯔치와 결혼했다.",
				"sentenceSize": 27
			},
			{
				"sentenceNo": 5,
				"sentenceContent": "두 사람은 중국 드라마 ‘이씨가문’에 함께 출연하면서 인연을 맺었다.",
				"sentenceSize": 38
			},
			{
				"sentenceNo": 6,
				"sentenceContent": "결혼 후 금슬을 자랑하며 부러움을 사기도 했던 채림은 지난해 1월 이혼을 했다고 밝혔다.",
				"sentenceSize": 49
			},
			{
				"sentenceNo": 7,
				"sentenceContent": "채림은 자신의 SNS에 “이렇다 저렇다 설명하고 이해를 바라는 성격이 아닙니다. 나의 인생을 묵묵히 최선을 다해 살아내 가고 있을 뿐”이라며 “그날이 그날인 것처럼. 파장을 일으키는 직업을 가졌고. 다른 목적으로 나에게 파장을 일으키려는 사람들을 만나게 되지만. 결국 삶의 균형을 잡는 건 오롯이 나만의 몫이다”라고 밝혔다.",
				"sentenceSize": 181
			},
			{
				"sentenceNo": 8,
				"sentenceContent": "채림은 이후 아들을 홀로 양육하고 있고 최근에는 JTBC ‘용감한 육아 솔로-내가 키운다’를 통해 일상을 공개했다.",
				"sentenceSize": 64
			}
		]
	},
	"labeledDataInfo": {
		"processSentenceInfo": [
			{
				"sentenceNo": 1,
				"sentenceContent": "배우 채림이 아들을 향한 사랑을 드러냈다.",
				"subjectConsistencyYn": "Y"
			},
			{
				"sentenceNo": 2,
				"sentenceContent": "채림은 16일 자신의 SNS에 “요리에 관심이 많은 이든.어른이 되어서도 먹는 것만 하지 말고 직접 만들어서 좋은 사람들과함께 즐길 줄 아는 멋진 남자가 되길.#wooliliwoo#우리리우”라는 글과 사진을 공개했다.",
				"subjectConsistencyYn": "Y"
			},
			{
				"sentenceNo": 3,
				"sentenceContent": "사진에는 채림 만삭 시절 모습과 아들이 막 태어나고 촬영한 모습, 훌쩍 자란 아들과 뽀뽀하는 모습 등이 담겨 있다.",
				"subjectConsistencyYn": "Y"
			},
			{
				"sentenceNo": 4,
				"sentenceContent": "채림은 2014년 중국 배우 가오쯔치와 결혼했다.",
				"subjectConsistencyYn": "Y"
			},
			{
				"sentenceNo": 5,
				"sentenceContent": "두 사람은 중국 드라마 ‘이씨가문’에 함께 출연하면서 인연을 맺었다.",
				"subjectConsistencyYn": "Y"
			},
			{
				"sentenceNo": 6,
				"sentenceContent": "결혼 후 금슬을 자랑하며 부러움을 사기도 했던 채림은 지난해 1월 이혼을 했다고 밝혔다.",
				"subjectConsistencyYn": "Y"
			},
			{
				"sentenceNo": 7,
				"sentenceContent": "채림은 자신의 SNS에 “이렇다 저렇다 설명하고 이해를 바라는 성격이 아닙니다. 나의 인생을 묵묵히 최선을 다해 살아내 가고 있을 뿐”이라며 “그날이 그날인 것처럼. 파장을 일으키는 직업을 가졌고. 다른 목적으로 나에게 파장을 일으키려는 사람들을 만나게 되지만. 결국 삶의 균형을 잡는 건 오롯이 나만의 몫이다”라고 밝혔다.",
				"subjectConsistencyYn": "Y"
			},
			{
				"sentenceNo": 8,
				"sentenceContent": "한편 '어셈블리'는 정치의 본산이자 민의의 전당 국회를 배경으로 한 휴먼 정치 드라마로 다음회는 30일 오후 10시에 방송된다.",
				"subjectConsistencyYn": "N"
			},
			{
				"sentenceNo": 9,
				"sentenceContent": "온라인 중앙일보 어셈블리 [사진 KBS '어셈블리' 방송화면 캡처]",
				"subjectConsistencyYn": "N"
			}
		],
		"clickbaitClass": 0
	}
}