{
	"sourceDataInfo": {
		"newsID": "ET_M13_490715",
		"newsCategory": "연예",
		"newsSubcategory": "방송",
		"newsTitle": "‘너의 밤’ 박소은, 수상한 등장",
		"newsSubTitle": "",
		"newsContent": "배우 박소은이 ‘너의 밤이 되어줄게’에서 수상한 행동들로 시청자들의 의문을 불러일으켰다.\n지난 19일 방송된 SBS 일요드라마 ‘너의 밤이 되어줄게’(연출 안지숙/ 극본 서정은, 해연/ 제작 빅오션이엔엠, 슈퍼문 픽쳐스/ 이하 ‘너의 밤’) 7회에서는 밴드 루나(LUNA) 홈 콘서트 당일, 숙소 곳곳을 둘러보며 사진 촬영 중인 홍재은(박소은 분)의 모습이 포착돼 눈길을 사로잡았다.\n홍재은은 루나가 소속된 MM엔터테인먼트의 홍보팀 직원으로, 단순한 직원으로만 보기 어려운 행동들을 했다.\n그는 홈 콘서트와 무관한 루나 숙소의 곳곳을 카메라에 담았으며, 심지어 우가온(김동현 분)의 방에 들어가 우연히 그곳에서 인윤주(정인선 분)의 머리끈을 발견했다.\n이에 우가온은 급히 자신이 집에서 사용하는 머리끈이라 둘러댔지만, 홍재은은 의심의 눈초리를 거두지 않았다.\n이처럼 홍재은의 등장이 극의 또 다른 복선으로 예상되는 가운데, 루나 멤버들에게 어떤 영향을 가져다줄지, 더불어 그의 진짜 정체는 무엇일지 호기심을 자극한다.\n이밖에도 윤태인(이준영 분)은 인윤주로 인해 몽유병이 호전됨은 물론 새 앨범 작업까지 순탄하게 진행 중이다.\n두 사람이 간질간질한 러브라인을 그리고 있는 가운데, 서우연(장동주 분)이 진짜 강선주(정인선 분)를 목격하며 앞으로 이들의 이야기가 어떻게 전개될지 궁금증을 높였다.\n여기에 수상한 점이 많은 홍재은의 등장은 극을 한층 더 풍성하게 만들 것으로 기대를 모은다.\n한편 ‘너의 밤’은 몽유병을 앓고 있는 월드스타 아이돌 윤태인(이준영 분)과 비밀리에 이를 치료해야 하는 신분위장 입주 주치의 인윤주(정인선 분)의 달콤 살벌한 멘탈 치유 로맨스를 그린 작품이다. ‘너의 밤’은 오는 26일 결방하며, 2022년 1월 2일 밤 11시 5분 8회가 방송될 예정이다.",
		"partNum": "P2",
		"useType": 0,
		"processType": "A",
		"processPattern": "99",
		"processLevel": "하",
		"sentenceCount": 10,
		"processSentencenum": 3,
		"sentenceInfo": [
			{
				"sentenceNo": 1,
				"sentenceContent": "배우 박소은이 ‘너의 밤이 되어줄게’에서 수상한 행동들로 시청자들의 의문을 불러일으켰다.",
				"sentenceSize": 49
			},
			{
				"sentenceNo": 2,
				"sentenceContent": "지난 19일 방송된 SBS 일요드라마 ‘너의 밤이 되어줄게’(연출 안지숙/ 극본 서정은, 해연/ 제작 빅오션이엔엠, 슈퍼문 픽쳐스/ 이하 ‘너의 밤’) 7회에서는 밴드 루나(LUNA) 홈 콘서트 당일, 숙소 곳곳을 둘러보며 사진 촬영 중인 홍재은(박소은 분)의 모습이 포착돼 눈길을 사로잡았다.",
				"sentenceSize": 164
			},
			{
				"sentenceNo": 3,
				"sentenceContent": "홍재은은 루나가 소속된 MM엔터테인먼트의 홍보팀 직원으로, 단순한 직원으로만 보기 어려운 행동들을 했다.",
				"sentenceSize": 58
			},
			{
				"sentenceNo": 4,
				"sentenceContent": "그는 홈 콘서트와 무관한 루나 숙소의 곳곳을 카메라에 담았으며, 심지어 우가온(김동현 분)의 방에 들어가 우연히 그곳에서 인윤주(정인선 분)의 머리끈을 발견했다.",
				"sentenceSize": 90
			},
			{
				"sentenceNo": 5,
				"sentenceContent": "이에 우가온은 급히 자신이 집에서 사용하는 머리끈이라 둘러댔지만, 홍재은은 의심의 눈초리를 거두지 않았다.",
				"sentenceSize": 59
			},
			{
				"sentenceNo": 6,
				"sentenceContent": "이처럼 홍재은의 등장이 극의 또 다른 복선으로 예상되는 가운데, 루나 멤버들에게 어떤 영향을 가져다줄지, 더불어 그의 진짜 정체는 무엇일지 호기심을 자극한다.",
				"sentenceSize": 88
			},
			{
				"sentenceNo": 7,
				"sentenceContent": "이밖에도 윤태인(이준영 분)은 인윤주로 인해 몽유병이 호전됨은 물론 새 앨범 작업까지 순탄하게 진행 중이다.",
				"sentenceSize": 60
			},
			{
				"sentenceNo": 8,
				"sentenceContent": "두 사람이 간질간질한 러브라인을 그리고 있는 가운데, 서우연(장동주 분)이 진짜 강선주(정인선 분)를 목격하며 앞으로 이들의 이야기가 어떻게 전개될지 궁금증을 높였다.",
				"sentenceSize": 93
			},
			{
				"sentenceNo": 9,
				"sentenceContent": "여기에 수상한 점이 많은 홍재은의 등장은 극을 한층 더 풍성하게 만들 것으로 기대를 모은다.",
				"sentenceSize": 51
			},
			{
				"sentenceNo": 10,
				"sentenceContent": "한편 ‘너의 밤’은 몽유병을 앓고 있는 월드스타 아이돌 윤태인(이준영 분)과 비밀리에 이를 치료해야 하는 신분위장 입주 주치의 인윤주(정인선 분)의 달콤 살벌한 멘탈 치유 로맨스를 그린 작품이다. ‘너의 밤’은 오는 26일 결방하며, 2022년 1월 2일 밤 11시 5분 8회가 방송될 예정이다.",
				"sentenceSize": 165
			}
		]
	},
	"labeledDataInfo": {
		"processSentenceInfo": [
			{
				"sentenceNo": 1,
				"sentenceContent": "배우 박소은이 ‘너의 밤이 되어줄게’에서 수상한 행동들로 시청자들의 의문을 불러일으켰다.",
				"subjectConsistencyYn": "Y"
			},
			{
				"sentenceNo": 2,
				"sentenceContent": "지난 19일 방송된 SBS 일요드라마 ‘너의 밤이 되어줄게’(연출 안지숙/ 극본 서정은, 해연/ 제작 빅오션이엔엠, 슈퍼문 픽쳐스/ 이하 ‘너의 밤’) 7회에서는 밴드 루나(LUNA) 홈 콘서트 당일, 숙소 곳곳을 둘러보며 사진 촬영 중인 홍재은(박소은 분)의 모습이 포착돼 눈길을 사로잡았다.",
				"subjectConsistencyYn": "Y"
			},
			{
				"sentenceNo": 3,
				"sentenceContent": "홍재은은 루나가 소속된 MM엔터테인먼트의 홍보팀 직원으로, 단순한 직원으로만 보기 어려운 행동들을 했다.",
				"subjectConsistencyYn": "Y"
			},
			{
				"sentenceNo": 4,
				"sentenceContent": "그는 홈 콘서트와 무관한 루나 숙소의 곳곳을 카메라에 담았으며, 심지어 우가온(김동현 분)의 방에 들어가 우연히 그곳에서 인윤주(정인선 분)의 머리끈을 발견했다.",
				"subjectConsistencyYn": "Y"
			},
			{
				"sentenceNo": 5,
				"sentenceContent": "이에 우가온은 급히 자신이 집에서 사용하는 머리끈이라 둘러댔지만, 홍재은은 의심의 눈초리를 거두지 않았다.",
				"subjectConsistencyYn": "Y"
			},
			{
				"sentenceNo": 6,
				"sentenceContent": "이처럼 홍재은의 등장이 극의 또 다른 복선으로 예상되는 가운데, 루나 멤버들에게 어떤 영향을 가져다줄지, 더불어 그의 진짜 정체는 무엇일지 호기심을 자극한다.",
				"subjectConsistencyYn": "Y"
			},
			{
				"sentenceNo": 7,
				"sentenceContent": "이밖에도 윤태인(이준영 분)은 인윤주로 인해 몽유병이 호전됨은 물론 새 앨범 작업까지 순탄하게 진행 중이다.",
				"subjectConsistencyYn": "Y"
			},
			{
				"sentenceNo": 8,
				"sentenceContent": "한편 '신서유기'는 손오공과 사오정, 저팔계, 삼장법사가 등장하는 중국의 고전 '서유기'를 예능으로 재해석한 인터넷 예능으로, 개그맨 강호동과 이수근, 가수 은지원과 이승기가 출연 중이다.",
				"subjectConsistencyYn": "N"
			},
			{
				"sentenceNo": 9,
				"sentenceContent": "온라인 중앙일보 [사진 ‘신서유기’ 방송화면 캡처] '삼시세끼 어촌편2' '신서유기 은지원'",
				"subjectConsistencyYn": "N"
			}
		],
		"clickbaitClass": 0
	}
}