{
	"sourceDataInfo": {
		"newsID": "ET_M13_490641",
		"newsCategory": "연예",
		"newsSubcategory": "방송",
		"newsTitle": "‘물어보살’ 솔로특집 보살팅이 돌아왔다[채널예약]",
		"newsSubTitle": "",
		"newsContent": "올해에도 외로운 솔로들을 위해 ‘보살팅’이 찾아온다.\n오늘(20일) 밤 8시 30분 방송되는 KBS Joy 예능프로그램 ‘무엇이든 물어보살’ 144회에서는 ‘2021 물어보살 솔로 특집 보살팅’이 진행된다.\n평소 ‘무엇이든 물어보살’ 고민 중 약 33%를 차지할 정도로 많은 시청자들의 관심을 받고 있는 이성 문제. 이런 시청자들을 위해 지난 2019년부터 시작한 ‘보살팅’은 올해로 벌써 3회 차를 맞이한다.\n서장훈과 이수근은 “고민을 한 방에 해결해드리겠다”, “이번엔 전원이 커플이 될 것”이라며 자신감을 내비쳤다는 후문. 특히 이번 보살팅에서는 유독 “외모를 전혀 보지 않는다”라고 말한 쏠녀들이 많다고. “외모는 서장훈 정도면 된다”라고 말하는 한 쏠녀에게 서장훈은 “솔직하게 이야기 해라. 얼굴 안 본다고 하면 엉뚱한 애들을 데려올 수도 있다”라며 주의(?)를 주고, 이후 쏠녀들의 디테일한 이상형들이 공개됐다고 해 관심을 모은다.\n여기에 ‘보살팅’ 최초로 친 자매가 함께 출연할 예정. 이상형마저 겹치는 두 사람은 “무조건 쟁취 하겠다”, “나도 양보하지 않겠다”라며 전쟁을 선포하고, 서장훈은 “검투사 같은 마음으로 임해라. 언니 동생 계급장 떼고 쏠녀 3번과 4번으로 가야 한다”라고 조언한다.\n매력 만점 쏠녀들과 설렘 가득한 보살팅이 개최될 KBS Joy ‘무엇이든 물어보살’ 144회는 오늘(20일) 밤 8시 30분 방송된다.\n한편, KBS Joy는 Skylife 1번, SK Btv 80번, LG U+tv 1번, KT olleh tv 41번 그리고 KBS 모바일 앱 ‘my K’에서 시청할 수 있으며, 지역별 케이블 채널 번호는 KBS N 홈페이지에서 확인할 수 있다. ‘무엇이든 물어보살’의 더 많은 영상은 주요 온라인 채널(유튜브, 페이스북 등) 및 포털 사이트에서도 찾아볼 수 있다.",
		"partNum": "P2",
		"useType": 0,
		"processType": "A",
		"processPattern": "99",
		"processLevel": "하",
		"sentenceCount": 7,
		"processSentencenum": 2,
		"sentenceInfo": [
			{
				"sentenceNo": 1,
				"sentenceContent": "올해에도 외로운 솔로들을 위해 ‘보살팅’이 찾아온다.",
				"sentenceSize": 29
			},
			{
				"sentenceNo": 2,
				"sentenceContent": "오늘(20일) 밤 8시 30분 방송되는 KBS Joy 예능프로그램 ‘무엇이든 물어보살’ 144회에서는 ‘2021 물어보살 솔로 특집 보살팅’이 진행된다.",
				"sentenceSize": 85
			},
			{
				"sentenceNo": 3,
				"sentenceContent": "평소 ‘무엇이든 물어보살’ 고민 중 약 33%를 차지할 정도로 많은 시청자들의 관심을 받고 있는 이성 문제. 이런 시청자들을 위해 지난 2019년부터 시작한 ‘보살팅’은 올해로 벌써 3회 차를 맞이한다.",
				"sentenceSize": 113
			},
			{
				"sentenceNo": 4,
				"sentenceContent": "서장훈과 이수근은 “고민을 한 방에 해결해드리겠다”, “이번엔 전원이 커플이 될 것”이라며 자신감을 내비쳤다는 후문. 특히 이번 보살팅에서는 유독 “외모를 전혀 보지 않는다”라고 말한 쏠녀들이 많다고. “외모는 서장훈 정도면 된다”라고 말하는 한 쏠녀에게 서장훈은 “솔직하게 이야기 해라. 얼굴 안 본다고 하면 엉뚱한 애들을 데려올 수도 있다”라며 주의(?)를 주고, 이후 쏠녀들의 디테일한 이상형들이 공개됐다고 해 관심을 모은다.",
				"sentenceSize": 241
			},
			{
				"sentenceNo": 5,
				"sentenceContent": "여기에 ‘보살팅’ 최초로 친 자매가 함께 출연할 예정. 이상형마저 겹치는 두 사람은 “무조건 쟁취 하겠다”, “나도 양보하지 않겠다”라며 전쟁을 선포하고, 서장훈은 “검투사 같은 마음으로 임해라. 언니 동생 계급장 떼고 쏠녀 3번과 4번으로 가야 한다”라고 조언한다.",
				"sentenceSize": 149
			},
			{
				"sentenceNo": 6,
				"sentenceContent": "매력 만점 쏠녀들과 설렘 가득한 보살팅이 개최될 KBS Joy ‘무엇이든 물어보살’ 144회는 오늘(20일) 밤 8시 30분 방송된다.",
				"sentenceSize": 75
			},
			{
				"sentenceNo": 7,
				"sentenceContent": "한편, KBS Joy는 Skylife 1번, SK Btv 80번, LG U+tv 1번, KT olleh tv 41번 그리고 KBS 모바일 앱 ‘my K’에서 시청할 수 있으며, 지역별 케이블 채널 번호는 KBS N 홈페이지에서 확인할 수 있다. ‘무엇이든 물어보살’의 더 많은 영상은 주요 온라인 채널(유튜브, 페이스북 등) 및 포털 사이트에서도 찾아볼 수 있다.",
				"sentenceSize": 203
			}
		]
	},
	"labeledDataInfo": {
		"processSentenceInfo": [
			{
				"sentenceNo": 1,
				"sentenceContent": "올해에도 외로운 솔로들을 위해 ‘보살팅’이 찾아온다.",
				"subjectConsistencyYn": "Y"
			},
			{
				"sentenceNo": 2,
				"sentenceContent": "오늘(20일) 밤 8시 30분 방송되는 KBS Joy 예능프로그램 ‘무엇이든 물어보살’ 144회에서는 ‘2021 물어보살 솔로 특집 보살팅’이 진행된다.",
				"subjectConsistencyYn": "Y"
			},
			{
				"sentenceNo": 3,
				"sentenceContent": "평소 ‘무엇이든 물어보살’ 고민 중 약 33%를 차지할 정도로 많은 시청자들의 관심을 받고 있는 이성 문제. 이런 시청자들을 위해 지난 2019년부터 시작한 ‘보살팅’은 올해로 벌써 3회 차를 맞이한다.",
				"subjectConsistencyYn": "Y"
			},
			{
				"sentenceNo": 4,
				"sentenceContent": "서장훈과 이수근은 “고민을 한 방에 해결해드리겠다”, “이번엔 전원이 커플이 될 것”이라며 자신감을 내비쳤다는 후문. 특히 이번 보살팅에서는 유독 “외모를 전혀 보지 않는다”라고 말한 쏠녀들이 많다고. “외모는 서장훈 정도면 된다”라고 말하는 한 쏠녀에게 서장훈은 “솔직하게 이야기 해라. 얼굴 안 본다고 하면 엉뚱한 애들을 데려올 수도 있다”라며 주의(?)를 주고, 이후 쏠녀들의 디테일한 이상형들이 공개됐다고 해 관심을 모은다.",
				"subjectConsistencyYn": "Y"
			},
			{
				"sentenceNo": 5,
				"sentenceContent": "여기에 ‘보살팅’ 최초로 친 자매가 함께 출연할 예정. 이상형마저 겹치는 두 사람은 “무조건 쟁취 하겠다”, “나도 양보하지 않겠다”라며 전쟁을 선포하고, 서장훈은 “검투사 같은 마음으로 임해라. 언니 동생 계급장 떼고 쏠녀 3번과 4번으로 가야 한다”라고 조언한다.",
				"subjectConsistencyYn": "Y"
			},
			{
				"sentenceNo": 6,
				"sentenceContent": "내년 1월 개봉을 앞두고 있었으나 코로나19 확산세에 따라 결국 개봉을 잠정 연기하게 됐다.",
				"subjectConsistencyYn": "N"
			}
		],
		"clickbaitClass": 0
	}
}