{
	"sourceDataInfo": {
		"newsID": "ET_M13_490620",
		"newsCategory": "연예",
		"newsSubcategory": "음악",
		"newsTitle": "빅톤 ‘어느 날’ OST 라인업 합류[공식]",
		"newsSubTitle": "",
		"newsContent": "빅톤이 드라마 ‘어느 날’ OST 라인업에 합류했다.\n빅톤이 가창한 ‘Pary for Me’는 웅장한 비트 위로 강렬하면서 미스테리한 사운드가 드라마틱한 긴장감을 조성한다.\n자신도 모르는 사이 범죄자가 되어 수감소에 갇혀버린 주인공 현수(김수현 분)의 처연한 감정이 녹아든 듯, 극적인 멜로디와 노랫말이 빅톤의 승식, 세준의 세련된 보이스와 어우러져 시청자와 리스너들을 매혹시킨다.\n곡 제작에는 ‘어쩌다 발견한 하루’ ‘비밀의 숲 2’ ‘검은태양’ 등 매번 극과 완벽히 어우러지는 OST를 작업한 김범주, 김시혁 작곡가가 참여했다.\n또한 ‘어느 날’의 연출 감독인 이명우가 직접 작사에 참여해 진정성을 높였다.\n빅톤은 지난 2016년 미니앨범 ‘보이스 투 뉴 월드(Voice To New World)’로 데뷔했다.\n이후 ‘아무렇지 않은 척’ ‘오월애(俉月哀)’ 등 완성도 높은 음악을 선보였다.\n또한 올해 발매된 정규 1집은 음원, 음반 부문 모두 자체 최고 기록을 경신하며 대세 아이돌로서 자리매김했다.\n특히 각 멤버들은 ‘그 남자의 기억법’ ‘마녀식당으로 오세요’ ‘가족입니다’ 등 드라마의 OST에 다수 참여해 솔로 보컬리스트로도 뛰어난 역량을 입증한 바 있다.\n한편, 빅톤이 참여한 ‘어느 날’ 네 번째 OST ‘Pray for Me’는 오늘 19일 오후 6시 각종 음원 플랫폼을 통해 공개된다.",
		"partNum": "P2",
		"useType": 0,
		"processType": "A",
		"processPattern": "99",
		"processLevel": "하",
		"sentenceCount": 10,
		"processSentencenum": 1,
		"sentenceInfo": [
			{
				"sentenceNo": 1,
				"sentenceContent": "빅톤이 드라마 ‘어느 날’ OST 라인업에 합류했다.",
				"sentenceSize": 29
			},
			{
				"sentenceNo": 2,
				"sentenceContent": "빅톤이 가창한 ‘Pary for Me’는 웅장한 비트 위로 강렬하면서 미스테리한 사운드가 드라마틱한 긴장감을 조성한다.",
				"sentenceSize": 66
			},
			{
				"sentenceNo": 3,
				"sentenceContent": "자신도 모르는 사이 범죄자가 되어 수감소에 갇혀버린 주인공 현수(김수현 분)의 처연한 감정이 녹아든 듯, 극적인 멜로디와 노랫말이 빅톤의 승식, 세준의 세련된 보이스와 어우러져 시청자와 리스너들을 매혹시킨다.",
				"sentenceSize": 116
			},
			{
				"sentenceNo": 4,
				"sentenceContent": "곡 제작에는 ‘어쩌다 발견한 하루’ ‘비밀의 숲 2’ ‘검은태양’ 등 매번 극과 완벽히 어우러지는 OST를 작업한 김범주, 김시혁 작곡가가 참여했다.",
				"sentenceSize": 83
			},
			{
				"sentenceNo": 5,
				"sentenceContent": "또한 ‘어느 날’의 연출 감독인 이명우가 직접 작사에 참여해 진정성을 높였다.",
				"sentenceSize": 43
			},
			{
				"sentenceNo": 6,
				"sentenceContent": "빅톤은 지난 2016년 미니앨범 ‘보이스 투 뉴 월드(Voice To New World)’로 데뷔했다.",
				"sentenceSize": 57
			},
			{
				"sentenceNo": 7,
				"sentenceContent": "이후 ‘아무렇지 않은 척’ ‘오월애(俉月哀)’ 등 완성도 높은 음악을 선보였다.",
				"sentenceSize": 44
			},
			{
				"sentenceNo": 8,
				"sentenceContent": "또한 올해 발매된 정규 1집은 음원, 음반 부문 모두 자체 최고 기록을 경신하며 대세 아이돌로서 자리매김했다.",
				"sentenceSize": 61
			},
			{
				"sentenceNo": 9,
				"sentenceContent": "특히 각 멤버들은 ‘그 남자의 기억법’ ‘마녀식당으로 오세요’ ‘가족입니다’ 등 드라마의 OST에 다수 참여해 솔로 보컬리스트로도 뛰어난 역량을 입증한 바 있다.",
				"sentenceSize": 90
			},
			{
				"sentenceNo": 10,
				"sentenceContent": "한편, 빅톤이 참여한 ‘어느 날’ 네 번째 OST ‘Pray for Me’는 오늘 19일 오후 6시 각종 음원 플랫폼을 통해 공개된다.",
				"sentenceSize": 75
			}
		]
	},
	"labeledDataInfo": {
		"processSentenceInfo": [
			{
				"sentenceNo": 1,
				"sentenceContent": "빅톤이 드라마 ‘어느 날’ OST 라인업에 합류했다.",
				"subjectConsistencyYn": "Y"
			},
			{
				"sentenceNo": 2,
				"sentenceContent": "빅톤이 가창한 ‘Pary for Me’는 웅장한 비트 위로 강렬하면서 미스테리한 사운드가 드라마틱한 긴장감을 조성한다.",
				"subjectConsistencyYn": "Y"
			},
			{
				"sentenceNo": 3,
				"sentenceContent": "자신도 모르는 사이 범죄자가 되어 수감소에 갇혀버린 주인공 현수(김수현 분)의 처연한 감정이 녹아든 듯, 극적인 멜로디와 노랫말이 빅톤의 승식, 세준의 세련된 보이스와 어우러져 시청자와 리스너들을 매혹시킨다.",
				"subjectConsistencyYn": "Y"
			},
			{
				"sentenceNo": 4,
				"sentenceContent": "곡 제작에는 ‘어쩌다 발견한 하루’ ‘비밀의 숲 2’ ‘검은태양’ 등 매번 극과 완벽히 어우러지는 OST를 작업한 김범주, 김시혁 작곡가가 참여했다.",
				"subjectConsistencyYn": "Y"
			},
			{
				"sentenceNo": 5,
				"sentenceContent": "또한 ‘어느 날’의 연출 감독인 이명우가 직접 작사에 참여해 진정성을 높였다.",
				"subjectConsistencyYn": "Y"
			},
			{
				"sentenceNo": 6,
				"sentenceContent": "빅톤은 지난 2016년 미니앨범 ‘보이스 투 뉴 월드(Voice To New World)’로 데뷔했다.",
				"subjectConsistencyYn": "Y"
			},
			{
				"sentenceNo": 7,
				"sentenceContent": "이후 ‘아무렇지 않은 척’ ‘오월애(俉月哀)’ 등 완성도 높은 음악을 선보였다.",
				"subjectConsistencyYn": "Y"
			},
			{
				"sentenceNo": 8,
				"sentenceContent": "또한 올해 발매된 정규 1집은 음원, 음반 부문 모두 자체 최고 기록을 경신하며 대세 아이돌로서 자리매김했다.",
				"subjectConsistencyYn": "Y"
			},
			{
				"sentenceNo": 9,
				"sentenceContent": "특히 각 멤버들은 ‘그 남자의 기억법’ ‘마녀식당으로 오세요’ ‘가족입니다’ 등 드라마의 OST에 다수 참여해 솔로 보컬리스트로도 뛰어난 역량을 입증한 바 있다.",
				"subjectConsistencyYn": "Y"
			},
			{
				"sentenceNo": 10,
				"sentenceContent": "오는 8월 네번째 앨범 ‘E’를 통해 빅뱅이 가요계에 또 어떤 돌풍을 일으킬지 모두의 기대를 모으고 있다.",
				"subjectConsistencyYn": "N"
			},
			{
				"sentenceNo": 11,
				"sentenceContent": "온라인 중앙일보 사진 YG엔터테인먼트",
				"subjectConsistencyYn": "N"
			}
		],
		"clickbaitClass": 0
	}
}