{
	"sourceDataInfo": {
		"newsID": "ET_M13_490588",
		"newsCategory": "연예",
		"newsSubcategory": "연예일반",
		"newsTitle": "카이, 글로벌 스타일 아이콘으로 우뚝…젠데이아, 두아 피아와 나란히",
		"newsSubTitle": "",
		"newsContent": "2021 스타일 아이콘에 이름 올린 한국 아티스트…누구?유명 영국 패션 매거진 글래머가 선정한 ‘2021 스타일 아이콘 10’에 엑소 카이가 한국 아티스트로 유일하게 이름을 올렸다.\n글래머는 지난 16일(현지시각) 공식 홈페이지에 ‘2021년 스타일 아이콘 10(The 10 biggest style icons of 2021)’을 발표했다.\n카이는 글로벌 스타인 젠데이아, 가수 두아 리파, 저스틴 비버, 해리 스타일스, 레이디 가가 등 과 함께 당당히 스타일 아이콘 10에 이름을 올려 주목 받았다.\n글래머 측은 “카이는 2020년 솔로 데뷔했으며, 구찌와 빠르게 컬래버레이션했다”며 “이탈리아 패션 하우스가 한국 셀러브리티와 컬렉션 작업을 한 것은 이번이 처음”이라고 설명했다.\n이어 “4월에 론칭한 컬렉션은 거의 바로 매진됐고 해당 브랜드에 대한 온라인 검색량도 264%로 급증했다”고 덧붙였다.\n카이는 지난 2019년 구찌 글로벌 앰배서더로 발탁돼 활동을 이어오고 있다.\n구찌의 엠버서더인 카이로부터 영감을 받은 ‘카이 X 구찌’ 컬렉션은 평소 카이가 가장 좋아하는 곰돌이를 모티브로 ‘카이곰’이라는 새로운 테디 베어를 반영한 디자인으로 화제를 모았다.",
		"partNum": "P2",
		"useType": 0,
		"processType": "A",
		"processPattern": "99",
		"processLevel": "하",
		"sentenceCount": 7,
		"processSentencenum": 1,
		"sentenceInfo": [
			{
				"sentenceNo": 1,
				"sentenceContent": "2021 스타일 아이콘에 이름 올린 한국 아티스트…누구?유명 영국 패션 매거진 글래머가 선정한 ‘2021 스타일 아이콘 10’에 엑소 카이가 한국 아티스트로 유일하게 이름을 올렸다.",
				"sentenceSize": 101
			},
			{
				"sentenceNo": 2,
				"sentenceContent": "글래머는 지난 16일(현지시각) 공식 홈페이지에 ‘2021년 스타일 아이콘 10(The 10 biggest style icons of 2021)’을 발표했다.",
				"sentenceSize": 88
			},
			{
				"sentenceNo": 3,
				"sentenceContent": "카이는 글로벌 스타인 젠데이아, 가수 두아 리파, 저스틴 비버, 해리 스타일스, 레이디 가가 등 과 함께 당당히 스타일 아이콘 10에 이름을 올려 주목 받았다.",
				"sentenceSize": 89
			},
			{
				"sentenceNo": 4,
				"sentenceContent": "글래머 측은 “카이는 2020년 솔로 데뷔했으며, 구찌와 빠르게 컬래버레이션했다”며 “이탈리아 패션 하우스가 한국 셀러브리티와 컬렉션 작업을 한 것은 이번이 처음”이라고 설명했다.",
				"sentenceSize": 100
			},
			{
				"sentenceNo": 5,
				"sentenceContent": "이어 “4월에 론칭한 컬렉션은 거의 바로 매진됐고 해당 브랜드에 대한 온라인 검색량도 264%로 급증했다”고 덧붙였다.",
				"sentenceSize": 66
			},
			{
				"sentenceNo": 6,
				"sentenceContent": "카이는 지난 2019년 구찌 글로벌 앰배서더로 발탁돼 활동을 이어오고 있다.",
				"sentenceSize": 42
			},
			{
				"sentenceNo": 7,
				"sentenceContent": "구찌의 엠버서더인 카이로부터 영감을 받은 ‘카이 X 구찌’ 컬렉션은 평소 카이가 가장 좋아하는 곰돌이를 모티브로 ‘카이곰’이라는 새로운 테디 베어를 반영한 디자인으로 화제를 모았다.",
				"sentenceSize": 101
			}
		]
	},
	"labeledDataInfo": {
		"processSentenceInfo": [
			{
				"sentenceNo": 1,
				"sentenceContent": "2021 스타일 아이콘에 이름 올린 한국 아티스트…누구?유명 영국 패션 매거진 글래머가 선정한 ‘2021 스타일 아이콘 10’에 엑소 카이가 한국 아티스트로 유일하게 이름을 올렸다.",
				"subjectConsistencyYn": "Y"
			},
			{
				"sentenceNo": 2,
				"sentenceContent": "글래머는 지난 16일(현지시각) 공식 홈페이지에 ‘2021년 스타일 아이콘 10(The 10 biggest style icons of 2021)’을 발표했다.",
				"subjectConsistencyYn": "Y"
			},
			{
				"sentenceNo": 3,
				"sentenceContent": "카이는 글로벌 스타인 젠데이아, 가수 두아 리파, 저스틴 비버, 해리 스타일스, 레이디 가가 등 과 함께 당당히 스타일 아이콘 10에 이름을 올려 주목 받았다.",
				"subjectConsistencyYn": "Y"
			},
			{
				"sentenceNo": 4,
				"sentenceContent": "글래머 측은 “카이는 2020년 솔로 데뷔했으며, 구찌와 빠르게 컬래버레이션했다”며 “이탈리아 패션 하우스가 한국 셀러브리티와 컬렉션 작업을 한 것은 이번이 처음”이라고 설명했다.",
				"subjectConsistencyYn": "Y"
			},
			{
				"sentenceNo": 5,
				"sentenceContent": "이어 “4월에 론칭한 컬렉션은 거의 바로 매진됐고 해당 브랜드에 대한 온라인 검색량도 264%로 급증했다”고 덧붙였다.",
				"subjectConsistencyYn": "Y"
			},
			{
				"sentenceNo": 6,
				"sentenceContent": "카이는 지난 2019년 구찌 글로벌 앰배서더로 발탁돼 활동을 이어오고 있다.",
				"subjectConsistencyYn": "Y"
			},
			{
				"sentenceNo": 7,
				"sentenceContent": "또 황치열은 요리 잘하고, 피부가 좋고, 옷을 잘 입는 여자가 여전히 이상형이기도 하지만 최근에는 '힘들 때도 제 편에 서줄 수 있는 사람, 긍정적인 사람'으로 바뀌었다고 고백했다.",
				"subjectConsistencyYn": "N"
			}
		],
		"clickbaitClass": 0
	}
}