{
	"sourceDataInfo": {
		"newsID": "ET_M13_490342",
		"newsCategory": "연예",
		"newsSubcategory": "방송",
		"newsTitle": "‘도장깨기’ 장윤정, 노래 레슨에 심리치료까지?!",
		"newsSubTitle": "",
		"newsContent": "도경완이 장윤정의 ‘광신도 모드’로 웃음을 유발한다.\nLG헬로비전 오리지널 예능 ‘장윤정의 도장깨기’(연출 류복열/제작 LG헬로비전/ 이하 ‘도장깨기’)가 오는 16일(목) 19회 방송을 앞둔 가운데, 다가오는 방송에서는 ‘도장패밀리’ 장윤정-도경완-곽지은-해수-장지원 밴드가 전남 여수에서 캠핑메이트들을 만나 원포인트 레슨을 선사한다.\n특히 이날 방송에서 장윤정은 가창력 문제를 넘어, 가수의 꿈과 관련해 심도 깊은 고민을 가지고 있는 캠핑메이트들과 조우해 ‘장윤정의 고민상담소’를 깜짝 운영할 예정. 이 가운데 ‘팔불출 남편’ 도경완이 장윤정의 ‘광신도 모드’로 웃음을 자아낸다고 해 본 방송을 향한 관심이 고조된다.\n최근 진행된 ‘도장깨기’ 녹화에는 퓨전 국악 밴드인 ‘낭창낭창’의 멤버들이 캠핑메이트로 출연했다.\n이날 ‘낭창낭창’은 장윤정을 향해 “팀에 리더가 없는 상태다. 리더를 뽑아달라”는 난제를 건넸다.\n이에 장윤정이 “도장깨기는 고민상담소가 아니다. 심지어 나는 그룹활동을 해본 적도 없다”며 손사래를 치던 찰나 도경완이 등판해 눈길을 끌었다.\n장윤정의 최측근이자 그의 광신도인 도경완은 “장윤정의 합리적이고 민주적인 사람이다. 그룹 활동은 안 했어도 어딜 가나 리더 역할을 하지 않냐”며 절대적인 믿음을 드러냈다.\n급기야 도경완은 “어설픈 무속인을 찾아갈 바엔 장윤정을 찾아오는 것이 더 빠르다”며 적극적인 포교 활동을 벌여 현장을 웃음바다로 만들었다.\n한편 장윤정은 도경완의 믿음에 응답하기 위해, 캠핑메이트의 고민 해결에 ‘관상학’까지 동원했다.\n장윤정은 “노래하는 스타일을 보면 성격이 보인다”면서 ‘낭창낭창’의 멤버 성향을 단숨에 꿰뚫어봐 주변 모두를 놀라게 만들었다.\n이에 장윤정-도경완 부부의 티키타카와 장윤정의 깜짝 고민상담소가 색다른 재미를 선사할 ‘도장깨기’ 19회 방송에 기대감이 증폭된다.\n장윤정이 기획하고 도경완이 함께하는 본격 도장부부 프로젝트 예능 ‘장윤정의 도장깨기’는 장윤정-도경완 부부가 트로트 수제자 곽지은-해수와 함께 캠핑카를 타고 전국의 숨은 노래 실력자를 찾아가 족집게 레슨을 선사하는 캠핑 버라이어티. 오는 16일(목) 오후 5시, 9시에 LG헬로비전 지역채널 25번을 통해 19회가 방송된다.",
		"partNum": "P2",
		"useType": 0,
		"processType": "A",
		"processPattern": "99",
		"processLevel": "하",
		"sentenceCount": 12,
		"processSentencenum": 2,
		"sentenceInfo": [
			{
				"sentenceNo": 1,
				"sentenceContent": "도경완이 장윤정의 ‘광신도 모드’로 웃음을 유발한다.",
				"sentenceSize": 29
			},
			{
				"sentenceNo": 2,
				"sentenceContent": "LG헬로비전 오리지널 예능 ‘장윤정의 도장깨기’(연출 류복열/제작 LG헬로비전/ 이하 ‘도장깨기’)가 오는 16일(목) 19회 방송을 앞둔 가운데, 다가오는 방송에서는 ‘도장패밀리’ 장윤정-도경완-곽지은-해수-장지원 밴드가 전남 여수에서 캠핑메이트들을 만나 원포인트 레슨을 선사한다.",
				"sentenceSize": 158
			},
			{
				"sentenceNo": 3,
				"sentenceContent": "특히 이날 방송에서 장윤정은 가창력 문제를 넘어, 가수의 꿈과 관련해 심도 깊은 고민을 가지고 있는 캠핑메이트들과 조우해 ‘장윤정의 고민상담소’를 깜짝 운영할 예정. 이 가운데 ‘팔불출 남편’ 도경완이 장윤정의 ‘광신도 모드’로 웃음을 자아낸다고 해 본 방송을 향한 관심이 고조된다.",
				"sentenceSize": 158
			},
			{
				"sentenceNo": 4,
				"sentenceContent": "최근 진행된 ‘도장깨기’ 녹화에는 퓨전 국악 밴드인 ‘낭창낭창’의 멤버들이 캠핑메이트로 출연했다.",
				"sentenceSize": 54
			},
			{
				"sentenceNo": 5,
				"sentenceContent": "이날 ‘낭창낭창’은 장윤정을 향해 “팀에 리더가 없는 상태다. 리더를 뽑아달라”는 난제를 건넸다.",
				"sentenceSize": 54
			},
			{
				"sentenceNo": 6,
				"sentenceContent": "이에 장윤정이 “도장깨기는 고민상담소가 아니다. 심지어 나는 그룹활동을 해본 적도 없다”며 손사래를 치던 찰나 도경완이 등판해 눈길을 끌었다.",
				"sentenceSize": 79
			},
			{
				"sentenceNo": 7,
				"sentenceContent": "장윤정의 최측근이자 그의 광신도인 도경완은 “장윤정의 합리적이고 민주적인 사람이다. 그룹 활동은 안 했어도 어딜 가나 리더 역할을 하지 않냐”며 절대적인 믿음을 드러냈다.",
				"sentenceSize": 95
			},
			{
				"sentenceNo": 8,
				"sentenceContent": "급기야 도경완은 “어설픈 무속인을 찾아갈 바엔 장윤정을 찾아오는 것이 더 빠르다”며 적극적인 포교 활동을 벌여 현장을 웃음바다로 만들었다.",
				"sentenceSize": 77
			},
			{
				"sentenceNo": 9,
				"sentenceContent": "한편 장윤정은 도경완의 믿음에 응답하기 위해, 캠핑메이트의 고민 해결에 ‘관상학’까지 동원했다.",
				"sentenceSize": 53
			},
			{
				"sentenceNo": 10,
				"sentenceContent": "장윤정은 “노래하는 스타일을 보면 성격이 보인다”면서 ‘낭창낭창’의 멤버 성향을 단숨에 꿰뚫어봐 주변 모두를 놀라게 만들었다.",
				"sentenceSize": 70
			},
			{
				"sentenceNo": 11,
				"sentenceContent": "이에 장윤정-도경완 부부의 티키타카와 장윤정의 깜짝 고민상담소가 색다른 재미를 선사할 ‘도장깨기’ 19회 방송에 기대감이 증폭된다.",
				"sentenceSize": 73
			},
			{
				"sentenceNo": 12,
				"sentenceContent": "장윤정이 기획하고 도경완이 함께하는 본격 도장부부 프로젝트 예능 ‘장윤정의 도장깨기’는 장윤정-도경완 부부가 트로트 수제자 곽지은-해수와 함께 캠핑카를 타고 전국의 숨은 노래 실력자를 찾아가 족집게 레슨을 선사하는 캠핑 버라이어티. 오는 16일(목) 오후 5시, 9시에 LG헬로비전 지역채널 25번을 통해 19회가 방송된다.",
				"sentenceSize": 181
			}
		]
	},
	"labeledDataInfo": {
		"processSentenceInfo": [
			{
				"sentenceNo": 1,
				"sentenceContent": "도경완이 장윤정의 ‘광신도 모드’로 웃음을 유발한다.",
				"subjectConsistencyYn": "Y"
			},
			{
				"sentenceNo": 2,
				"sentenceContent": "LG헬로비전 오리지널 예능 ‘장윤정의 도장깨기’(연출 류복열/제작 LG헬로비전/ 이하 ‘도장깨기’)가 오는 16일(목) 19회 방송을 앞둔 가운데, 다가오는 방송에서는 ‘도장패밀리’ 장윤정-도경완-곽지은-해수-장지원 밴드가 전남 여수에서 캠핑메이트들을 만나 원포인트 레슨을 선사한다.",
				"subjectConsistencyYn": "Y"
			},
			{
				"sentenceNo": 3,
				"sentenceContent": "특히 이날 방송에서 장윤정은 가창력 문제를 넘어, 가수의 꿈과 관련해 심도 깊은 고민을 가지고 있는 캠핑메이트들과 조우해 ‘장윤정의 고민상담소’를 깜짝 운영할 예정. 이 가운데 ‘팔불출 남편’ 도경완이 장윤정의 ‘광신도 모드’로 웃음을 자아낸다고 해 본 방송을 향한 관심이 고조된다.",
				"subjectConsistencyYn": "Y"
			},
			{
				"sentenceNo": 4,
				"sentenceContent": "최근 진행된 ‘도장깨기’ 녹화에는 퓨전 국악 밴드인 ‘낭창낭창’의 멤버들이 캠핑메이트로 출연했다.",
				"subjectConsistencyYn": "Y"
			},
			{
				"sentenceNo": 5,
				"sentenceContent": "이날 ‘낭창낭창’은 장윤정을 향해 “팀에 리더가 없는 상태다. 리더를 뽑아달라”는 난제를 건넸다.",
				"subjectConsistencyYn": "Y"
			},
			{
				"sentenceNo": 6,
				"sentenceContent": "이에 장윤정이 “도장깨기는 고민상담소가 아니다. 심지어 나는 그룹활동을 해본 적도 없다”며 손사래를 치던 찰나 도경완이 등판해 눈길을 끌었다.",
				"subjectConsistencyYn": "Y"
			},
			{
				"sentenceNo": 7,
				"sentenceContent": "장윤정의 최측근이자 그의 광신도인 도경완은 “장윤정의 합리적이고 민주적인 사람이다. 그룹 활동은 안 했어도 어딜 가나 리더 역할을 하지 않냐”며 절대적인 믿음을 드러냈다.",
				"subjectConsistencyYn": "Y"
			},
			{
				"sentenceNo": 8,
				"sentenceContent": "급기야 도경완은 “어설픈 무속인을 찾아갈 바엔 장윤정을 찾아오는 것이 더 빠르다”며 적극적인 포교 활동을 벌여 현장을 웃음바다로 만들었다.",
				"subjectConsistencyYn": "Y"
			},
			{
				"sentenceNo": 9,
				"sentenceContent": "한편 장윤정은 도경완의 믿음에 응답하기 위해, 캠핑메이트의 고민 해결에 ‘관상학’까지 동원했다.",
				"subjectConsistencyYn": "Y"
			},
			{
				"sentenceNo": 10,
				"sentenceContent": "장윤정은 “노래하는 스타일을 보면 성격이 보인다”면서 ‘낭창낭창’의 멤버 성향을 단숨에 꿰뚫어봐 주변 모두를 놀라게 만들었다.",
				"subjectConsistencyYn": "Y"
			},
			{
				"sentenceNo": 11,
				"sentenceContent": "전현무는 KBS 아나운서 퇴사 후, MBC ‘나 혼자 산다’, JTBC ‘비정상회담’, tvN ‘문제적남자’ 등 지상파와 종합편성채널, 케이블을 고루 섭렵하며 MC로서 입지를 다졌다. '예능 대세'로 떠오는 그는 지난 5월 '제51회 백상예술대상'에서 TV남자 예능상을 수상했다.",
				"subjectConsistencyYn": "N"
			},
			{
				"sentenceNo": 12,
				"sentenceContent": "당시 그는 \\\"연예인이 된 지 3년됐다\\\"며 \\\"KBS에서 아나운서했다가 신동엽처럼 멋진 예능 MC가 되고 싶어 열심히 했다. 신동엽은 못 됐지만 전현무가 됐다. KBS 선배들이 3년 후 멋진 모습으로 돌아오라고 했는데 백상 트로피를 들고 KBS에 멋지게 복귀하겠다\\\"고 소감을 밝혔다.",
				"subjectConsistencyYn": "N"
			}
		],
		"clickbaitClass": 0
	}
}