{
	"sourceDataInfo": {
		"newsID": "ET_M13_490633",
		"newsCategory": "연예",
		"newsSubcategory": "방송",
		"newsTitle": "‘런닝맨’ 유재석, ‘놀면 뭐하니?’와 컬래버 예고 “계획 중”",
		"newsSubTitle": "",
		"newsContent": "‘런닝맨’ 유재석이 ‘놀면 뭐하니?’와 협업을 예고했다.\n19일 오후 방송된 SBS ‘런닝맨’에서는 차청화, 하도권, 허영지가 게스트로 출연해 레이스를 펼쳤다.\n이날 멤버들이 완성해야 할 요리는 함박 스테이크로 필요한 달걀은 5개다.\n앞서 획득한 달걀 2개에 3개만 사용하면 되는 종국 팀은 달걀을 찾으러 나갔다.\n양세찬은 허영지 달걀을 4개나 찾아냈고 투표권을 3장 교환하고 하나는 허영지에게 페이크로 주려고 챙겼다.\n자신의 달걀이 사라진 것을 안 전소민은 아쉬워했고 하하는 전소민의 달걀을 재료로 사용했다.\n전소민은 아무것도 모르고 자신의 달걀을 사용했고 지석진 또한 달걀을 내밀었다.\n자신의 달걀을 찾으러 간 허영지는 자신의 달걀이 사라져 불안에 휩싸였다.\n하도권은 돌담에서 차청화 달걀을 발견했고 투표권으로 교환했다.\n두 번째 미션을 위해 모두가 모이자 김종국은 유재석, 지석진, 하하에 “여기는 세 명이 ‘놀면 뭐하니?’네”라고 말했다.\n시치미 떼는 유재석에 하하는 “깐부아닙니까. 깐부 프로”라고 해명했다.\n그 말에 김종국은 깐부 프로면 엮어 달라고 말했고 유재석은 “내가 다 계획하고 있어요. 그쪽에다 전달했고 보필이 한테도 어레인지 했다. 좀 기다려”라고 예고했다.\n기대감에 부푼 김종국은 “와서 우리 꼬락서니, 또 안양 꼬락서니 봐야지”라며 미소 지었다.\n한편 ‘런닝맨’은 매주 일요일 오후 5시 SBS에서 만나볼 수 있다.",
		"partNum": "P2",
		"useType": 0,
		"processType": "A",
		"processPattern": "99",
		"processLevel": "하",
		"sentenceCount": 14,
		"processSentencenum": 4,
		"sentenceInfo": [
			{
				"sentenceNo": 1,
				"sentenceContent": "‘런닝맨’ 유재석이 ‘놀면 뭐하니?’와 협업을 예고했다.",
				"sentenceSize": 31
			},
			{
				"sentenceNo": 2,
				"sentenceContent": "19일 오후 방송된 SBS ‘런닝맨’에서는 차청화, 하도권, 허영지가 게스트로 출연해 레이스를 펼쳤다.",
				"sentenceSize": 57
			},
			{
				"sentenceNo": 3,
				"sentenceContent": "이날 멤버들이 완성해야 할 요리는 함박 스테이크로 필요한 달걀은 5개다.",
				"sentenceSize": 40
			},
			{
				"sentenceNo": 4,
				"sentenceContent": "앞서 획득한 달걀 2개에 3개만 사용하면 되는 종국 팀은 달걀을 찾으러 나갔다.",
				"sentenceSize": 44
			},
			{
				"sentenceNo": 5,
				"sentenceContent": "양세찬은 허영지 달걀을 4개나 찾아냈고 투표권을 3장 교환하고 하나는 허영지에게 페이크로 주려고 챙겼다.",
				"sentenceSize": 58
			},
			{
				"sentenceNo": 6,
				"sentenceContent": "자신의 달걀이 사라진 것을 안 전소민은 아쉬워했고 하하는 전소민의 달걀을 재료로 사용했다.",
				"sentenceSize": 50
			},
			{
				"sentenceNo": 7,
				"sentenceContent": "전소민은 아무것도 모르고 자신의 달걀을 사용했고 지석진 또한 달걀을 내밀었다.",
				"sentenceSize": 43
			},
			{
				"sentenceNo": 8,
				"sentenceContent": "자신의 달걀을 찾으러 간 허영지는 자신의 달걀이 사라져 불안에 휩싸였다.",
				"sentenceSize": 40
			},
			{
				"sentenceNo": 9,
				"sentenceContent": "하도권은 돌담에서 차청화 달걀을 발견했고 투표권으로 교환했다.",
				"sentenceSize": 34
			},
			{
				"sentenceNo": 10,
				"sentenceContent": "두 번째 미션을 위해 모두가 모이자 김종국은 유재석, 지석진, 하하에 “여기는 세 명이 ‘놀면 뭐하니?’네”라고 말했다.",
				"sentenceSize": 67
			},
			{
				"sentenceNo": 11,
				"sentenceContent": "시치미 떼는 유재석에 하하는 “깐부아닙니까. 깐부 프로”라고 해명했다.",
				"sentenceSize": 39
			},
			{
				"sentenceNo": 12,
				"sentenceContent": "그 말에 김종국은 깐부 프로면 엮어 달라고 말했고 유재석은 “내가 다 계획하고 있어요. 그쪽에다 전달했고 보필이 한테도 어레인지 했다. 좀 기다려”라고 예고했다.",
				"sentenceSize": 90
			},
			{
				"sentenceNo": 13,
				"sentenceContent": "기대감에 부푼 김종국은 “와서 우리 꼬락서니, 또 안양 꼬락서니 봐야지”라며 미소 지었다.",
				"sentenceSize": 50
			},
			{
				"sentenceNo": 14,
				"sentenceContent": "한편 ‘런닝맨’은 매주 일요일 오후 5시 SBS에서 만나볼 수 있다.",
				"sentenceSize": 38
			}
		]
	},
	"labeledDataInfo": {
		"processSentenceInfo": [
			{
				"sentenceNo": 1,
				"sentenceContent": "‘런닝맨’ 유재석이 ‘놀면 뭐하니?’와 협업을 예고했다.",
				"subjectConsistencyYn": "Y"
			},
			{
				"sentenceNo": 2,
				"sentenceContent": "19일 오후 방송된 SBS ‘런닝맨’에서는 차청화, 하도권, 허영지가 게스트로 출연해 레이스를 펼쳤다.",
				"subjectConsistencyYn": "Y"
			},
			{
				"sentenceNo": 3,
				"sentenceContent": "이날 멤버들이 완성해야 할 요리는 함박 스테이크로 필요한 달걀은 5개다.",
				"subjectConsistencyYn": "Y"
			},
			{
				"sentenceNo": 4,
				"sentenceContent": "앞서 획득한 달걀 2개에 3개만 사용하면 되는 종국 팀은 달걀을 찾으러 나갔다.",
				"subjectConsistencyYn": "Y"
			},
			{
				"sentenceNo": 5,
				"sentenceContent": "양세찬은 허영지 달걀을 4개나 찾아냈고 투표권을 3장 교환하고 하나는 허영지에게 페이크로 주려고 챙겼다.",
				"subjectConsistencyYn": "Y"
			},
			{
				"sentenceNo": 6,
				"sentenceContent": "자신의 달걀이 사라진 것을 안 전소민은 아쉬워했고 하하는 전소민의 달걀을 재료로 사용했다.",
				"subjectConsistencyYn": "Y"
			},
			{
				"sentenceNo": 7,
				"sentenceContent": "전소민은 아무것도 모르고 자신의 달걀을 사용했고 지석진 또한 달걀을 내밀었다.",
				"subjectConsistencyYn": "Y"
			},
			{
				"sentenceNo": 8,
				"sentenceContent": "자신의 달걀을 찾으러 간 허영지는 자신의 달걀이 사라져 불안에 휩싸였다.",
				"subjectConsistencyYn": "Y"
			},
			{
				"sentenceNo": 9,
				"sentenceContent": "하도권은 돌담에서 차청화 달걀을 발견했고 투표권으로 교환했다.",
				"subjectConsistencyYn": "Y"
			},
			{
				"sentenceNo": 10,
				"sentenceContent": "두 번째 미션을 위해 모두가 모이자 김종국은 유재석, 지석진, 하하에 “여기는 세 명이 ‘놀면 뭐하니?’네”라고 말했다.",
				"subjectConsistencyYn": "Y"
			},
			{
				"sentenceNo": 11,
				"sentenceContent": "진경의 기품 있는 패션 소화력과 깊은 내공이 느껴지는 연기가 시너지 효과를 내며 시청자들이 ‘멜랑꼴리아’에 빠져들게 만드는 중요한 요소로 일조하고 있다.",
				"subjectConsistencyYn": "N"
			},
			{
				"sentenceNo": 12,
				"sentenceContent": "한편 tvN 수목드라마 ‘멜랑꼴리아’는 수, 목 밤 10시 30분에 방송된다.",
				"subjectConsistencyYn": "N"
			}
		],
		"clickbaitClass": 0
	}
}