{
	"sourceDataInfo": {
		"newsID": "ET_M13_490672",
		"newsCategory": "연예",
		"newsSubcategory": "연예일반",
		"newsTitle": "‘설강화’ 현대사 왜곡 파문 확산…남파 간첩이 민주화 운동 연루?[종합]",
		"newsSubTitle": "",
		"newsContent": "군사독재 정권에 맞선 민주화운동이 이어진 1980년대를 배경으로 한 JTBC 드라마 ‘설강화’를 둘러싼 현대사 왜곡 논란 파문이 일었다.\n온라인 커뮤니티 등에는 지난 18일 ‘설강화’ 첫 회가 방송된 후 민주화 운동을 폄훼한다는 주장이 나오면서 드라마 방영 중단을 요구하는 목소리가 20일까지 이어졌다. ‘설강화’는 여대생 영로(지수 분)와 여대 기숙사에 피투성이로 뛰어든 수호(정해인)의 사랑 이야기를 다룬다. 1·2회에는 재독교포 출신 대학원생인 줄 알았던 수호가 사실은 북한에서 파견된 간첩이고, 이런 사실을 모르는 영로와 여대생들이 그를 운동권 학생으로 오인해 여대 기숙사에 숨겨준다는 내용이 담겼다.\n드라마는 방영 전부터 간첩이 민주화운동을 주도한다는 내용이 담길 것이란 소문이 돌았지만, 아직은 수호가 민주화운동과 직접 연관된 이야기는 나오지 않았다.\n간첩인 수호가 민주화 투쟁의 주축이 됐던 대학생층의 보호를 받게 된다는 설정 자체가 문제라고 보는 지적이 이어지고 있다.\n방송 후 청와대 국민청원에 ‘드라마 설강화 방영중지 청원’ 글은 하루 만에 27만여 명 동의를 받았다.\n청원인은 “여주인공은 간첩인 남주인공을 운동권으로 오인해 구해줬다”며 “민주화운동 당시 근거 없이 간첩으로 몰려서 고문을 당하고 사망한 운동권 피해자들이 분명히 존재하는 역사적 사실에도 불구하고 이런 내용의 드라마를 만든 것은 분명히 민주화운동의 가치를 훼손시키는 일”이라고 주장했다.\nJTBC 측은 방송 전 ‘설강화’는 민주주의 운동에 관한 드라마가 아니라고 해명한 바 있다.\n논란을 의식한 듯 2회 방송에는 수호를 숨겨줘야 한다고 주장하는 여대생의 대사에 “간첩? 짭새들 맨날 하는 소리야. 걸핏하면 우리 빨갱이로 모는 것 몰라”라는 내용도 들어갔다.\n그러나 민주화운동 열사 측 비판 등이 더해지면서 논란은 좀처럼 수그러들지 않고 있다.\n이현주 박종철기념사업회 사무국장은 드라마를 시청하지 않았다고 전제한 후 “(국가안전기획부는) 당시 많은 사람을 간첩으로 조작했다”며 “(드라마는)원래 간첩이 있었으니까 어쩔 수 없이 피해자가 우연히 생겨난 것이라고 안기부의 폭력성에 합리성을 부여하는 것”이라고 지적했다.\n온라인 커뮤니티에는 ‘디즈니에 항의 메일 보내는 방법’이라는 제목으로 드라마 공개를 중단 요구에 동참해달라는 글도 올라왔다. ‘설강화’는 온라인 동영상 서비스(OTT) 플랫폼 디즈니+를 통해 전 세계에 공개되고 있다.\n시청자들의 직임에 일부 기업은 드라마 협찬을 철회했다.\n떡 브랜드 싸리재마을, 차 브랜드 티젠 등은 드라마 협찬 사실을 사과하며, 이를 중단하겠다는 입장을 자사 홈페이지를 통해 밝혔다.\n시청률 조사업체 닐슨코리아에 따르면 ‘설강화’는 1회 3%, 2회 3.9% 시청률(비지상파 유료가구)을 보였다.",
		"partNum": "P2",
		"useType": 0,
		"processType": "A",
		"processPattern": "99",
		"processLevel": "하",
		"sentenceCount": 14,
		"processSentencenum": 1,
		"sentenceInfo": [
			{
				"sentenceNo": 1,
				"sentenceContent": "군사독재 정권에 맞선 민주화운동이 이어진 1980년대를 배경으로 한 JTBC 드라마 ‘설강화’를 둘러싼 현대사 왜곡 논란 파문이 일었다.",
				"sentenceSize": 76
			},
			{
				"sentenceNo": 2,
				"sentenceContent": "온라인 커뮤니티 등에는 지난 18일 ‘설강화’ 첫 회가 방송된 후 민주화 운동을 폄훼한다는 주장이 나오면서 드라마 방영 중단을 요구하는 목소리가 20일까지 이어졌다. ‘설강화’는 여대생 영로(지수 분)와 여대 기숙사에 피투성이로 뛰어든 수호(정해인)의 사랑 이야기를 다룬다. 1·2회에는 재독교포 출신 대학원생인 줄 알았던 수호가 사실은 북한에서 파견된 간첩이고, 이런 사실을 모르는 영로와 여대생들이 그를 운동권 학생으로 오인해 여대 기숙사에 숨겨준다는 내용이 담겼다.",
				"sentenceSize": 263
			},
			{
				"sentenceNo": 3,
				"sentenceContent": "드라마는 방영 전부터 간첩이 민주화운동을 주도한다는 내용이 담길 것이란 소문이 돌았지만, 아직은 수호가 민주화운동과 직접 연관된 이야기는 나오지 않았다.",
				"sentenceSize": 85
			},
			{
				"sentenceNo": 4,
				"sentenceContent": "간첩인 수호가 민주화 투쟁의 주축이 됐던 대학생층의 보호를 받게 된다는 설정 자체가 문제라고 보는 지적이 이어지고 있다.",
				"sentenceSize": 67
			},
			{
				"sentenceNo": 5,
				"sentenceContent": "방송 후 청와대 국민청원에 ‘드라마 설강화 방영중지 청원’ 글은 하루 만에 27만여 명 동의를 받았다.",
				"sentenceSize": 57
			},
			{
				"sentenceNo": 6,
				"sentenceContent": "청원인은 “여주인공은 간첩인 남주인공을 운동권으로 오인해 구해줬다”며 “민주화운동 당시 근거 없이 간첩으로 몰려서 고문을 당하고 사망한 운동권 피해자들이 분명히 존재하는 역사적 사실에도 불구하고 이런 내용의 드라마를 만든 것은 분명히 민주화운동의 가치를 훼손시키는 일”이라고 주장했다.",
				"sentenceSize": 159
			},
			{
				"sentenceNo": 7,
				"sentenceContent": "JTBC 측은 방송 전 ‘설강화’는 민주주의 운동에 관한 드라마가 아니라고 해명한 바 있다.",
				"sentenceSize": 51
			},
			{
				"sentenceNo": 8,
				"sentenceContent": "논란을 의식한 듯 2회 방송에는 수호를 숨겨줘야 한다고 주장하는 여대생의 대사에 “간첩? 짭새들 맨날 하는 소리야. 걸핏하면 우리 빨갱이로 모는 것 몰라”라는 내용도 들어갔다.",
				"sentenceSize": 98
			},
			{
				"sentenceNo": 9,
				"sentenceContent": "그러나 민주화운동 열사 측 비판 등이 더해지면서 논란은 좀처럼 수그러들지 않고 있다.",
				"sentenceSize": 47
			},
			{
				"sentenceNo": 10,
				"sentenceContent": "이현주 박종철기념사업회 사무국장은 드라마를 시청하지 않았다고 전제한 후 “(국가안전기획부는) 당시 많은 사람을 간첩으로 조작했다”며 “(드라마는)원래 간첩이 있었으니까 어쩔 수 없이 피해자가 우연히 생겨난 것이라고 안기부의 폭력성에 합리성을 부여하는 것”이라고 지적했다.",
				"sentenceSize": 151
			},
			{
				"sentenceNo": 11,
				"sentenceContent": "온라인 커뮤니티에는 ‘디즈니에 항의 메일 보내는 방법’이라는 제목으로 드라마 공개를 중단 요구에 동참해달라는 글도 올라왔다. ‘설강화’는 온라인 동영상 서비스(OTT) 플랫폼 디즈니+를 통해 전 세계에 공개되고 있다.",
				"sentenceSize": 121
			},
			{
				"sentenceNo": 12,
				"sentenceContent": "시청자들의 직임에 일부 기업은 드라마 협찬을 철회했다.",
				"sentenceSize": 30
			},
			{
				"sentenceNo": 13,
				"sentenceContent": "떡 브랜드 싸리재마을, 차 브랜드 티젠 등은 드라마 협찬 사실을 사과하며, 이를 중단하겠다는 입장을 자사 홈페이지를 통해 밝혔다.",
				"sentenceSize": 72
			},
			{
				"sentenceNo": 14,
				"sentenceContent": "시청률 조사업체 닐슨코리아에 따르면 ‘설강화’는 1회 3%, 2회 3.9% 시청률(비지상파 유료가구)을 보였다.",
				"sentenceSize": 62
			}
		]
	},
	"labeledDataInfo": {
		"processSentenceInfo": [
			{
				"sentenceNo": 1,
				"sentenceContent": "군사독재 정권에 맞선 민주화운동이 이어진 1980년대를 배경으로 한 JTBC 드라마 ‘설강화’를 둘러싼 현대사 왜곡 논란 파문이 일었다.",
				"subjectConsistencyYn": "Y"
			},
			{
				"sentenceNo": 2,
				"sentenceContent": "온라인 커뮤니티 등에는 지난 18일 ‘설강화’ 첫 회가 방송된 후 민주화 운동을 폄훼한다는 주장이 나오면서 드라마 방영 중단을 요구하는 목소리가 20일까지 이어졌다. ‘설강화’는 여대생 영로(지수 분)와 여대 기숙사에 피투성이로 뛰어든 수호(정해인)의 사랑 이야기를 다룬다. 1·2회에는 재독교포 출신 대학원생인 줄 알았던 수호가 사실은 북한에서 파견된 간첩이고, 이런 사실을 모르는 영로와 여대생들이 그를 운동권 학생으로 오인해 여대 기숙사에 숨겨준다는 내용이 담겼다.",
				"subjectConsistencyYn": "Y"
			},
			{
				"sentenceNo": 3,
				"sentenceContent": "드라마는 방영 전부터 간첩이 민주화운동을 주도한다는 내용이 담길 것이란 소문이 돌았지만, 아직은 수호가 민주화운동과 직접 연관된 이야기는 나오지 않았다.",
				"subjectConsistencyYn": "Y"
			},
			{
				"sentenceNo": 4,
				"sentenceContent": "간첩인 수호가 민주화 투쟁의 주축이 됐던 대학생층의 보호를 받게 된다는 설정 자체가 문제라고 보는 지적이 이어지고 있다.",
				"subjectConsistencyYn": "Y"
			},
			{
				"sentenceNo": 5,
				"sentenceContent": "방송 후 청와대 국민청원에 ‘드라마 설강화 방영중지 청원’ 글은 하루 만에 27만여 명 동의를 받았다.",
				"subjectConsistencyYn": "Y"
			},
			{
				"sentenceNo": 6,
				"sentenceContent": "청원인은 “여주인공은 간첩인 남주인공을 운동권으로 오인해 구해줬다”며 “민주화운동 당시 근거 없이 간첩으로 몰려서 고문을 당하고 사망한 운동권 피해자들이 분명히 존재하는 역사적 사실에도 불구하고 이런 내용의 드라마를 만든 것은 분명히 민주화운동의 가치를 훼손시키는 일”이라고 주장했다.",
				"subjectConsistencyYn": "Y"
			},
			{
				"sentenceNo": 7,
				"sentenceContent": "JTBC 측은 방송 전 ‘설강화’는 민주주의 운동에 관한 드라마가 아니라고 해명한 바 있다.",
				"subjectConsistencyYn": "Y"
			},
			{
				"sentenceNo": 8,
				"sentenceContent": "논란을 의식한 듯 2회 방송에는 수호를 숨겨줘야 한다고 주장하는 여대생의 대사에 “간첩? 짭새들 맨날 하는 소리야. 걸핏하면 우리 빨갱이로 모는 것 몰라”라는 내용도 들어갔다.",
				"subjectConsistencyYn": "Y"
			},
			{
				"sentenceNo": 9,
				"sentenceContent": "그러나 민주화운동 열사 측 비판 등이 더해지면서 논란은 좀처럼 수그러들지 않고 있다.",
				"subjectConsistencyYn": "Y"
			},
			{
				"sentenceNo": 10,
				"sentenceContent": "이현주 박종철기념사업회 사무국장은 드라마를 시청하지 않았다고 전제한 후 “(국가안전기획부는) 당시 많은 사람을 간첩으로 조작했다”며 “(드라마는)원래 간첩이 있었으니까 어쩔 수 없이 피해자가 우연히 생겨난 것이라고 안기부의 폭력성에 합리성을 부여하는 것”이라고 지적했다.",
				"subjectConsistencyYn": "Y"
			},
			{
				"sentenceNo": 11,
				"sentenceContent": "온라인 커뮤니티에는 ‘디즈니에 항의 메일 보내는 방법’이라는 제목으로 드라마 공개를 중단 요구에 동참해달라는 글도 올라왔다. ‘설강화’는 온라인 동영상 서비스(OTT) 플랫폼 디즈니+를 통해 전 세계에 공개되고 있다.",
				"subjectConsistencyYn": "Y"
			},
			{
				"sentenceNo": 12,
				"sentenceContent": "시청자들의 직임에 일부 기업은 드라마 협찬을 철회했다.",
				"subjectConsistencyYn": "Y"
			},
			{
				"sentenceNo": 13,
				"sentenceContent": "떡 브랜드 싸리재마을, 차 브랜드 티젠 등은 드라마 협찬 사실을 사과하며, 이를 중단하겠다는 입장을 자사 홈페이지를 통해 밝혔다.",
				"subjectConsistencyYn": "Y"
			},
			{
				"sentenceNo": 14,
				"sentenceContent": "극중에서는 애증의 관계인 두 사람은 반전 미소로 끝까지 마지막회 시청을 부탁해 훈훈함을 자아낸다.",
				"subjectConsistencyYn": "N"
			},
			{
				"sentenceNo": 15,
				"sentenceContent": "평소 촬영장에서 인간 비타민 활약을 톡톡히 하는 이유비를 필두로 심창민과 장희진, 최태환은 범상치 않은 자태로 마지막회 본방사수를 부탁하고 있어 보는 이들을 활짝 웃음짓게 한다.",
				"subjectConsistencyYn": "N"
			},
			{
				"sentenceNo": 16,
				"sentenceContent": "바로 '밤선비 수호대'를 결성해 센스 넘치는 포즈를 취한 것. 제작진은 \\\"유종의 미를 거둘 수 있도록 끝까지 배우와 스태프 모두 투혼을 발휘해 촬영을 마쳤다. 공개된 스틸은 잠깐의 휴식 시간에 배우들이 시청자를 위해 직접 준비한 특급 선물\\\"이라며 \\\"하트 퍼레이드로 넘치는 사랑을 드러낸 이준기부터 수줍은 하트를 만들어낸 심창민까지 배우들 모두 그 동안 한결 같은 사랑과 따뜻한 관심을 보내주신 시청자 여러분께 감사 인사를 전했다\\\"고 밝혔다. '밤을 걷는 선비' 최종회는 이날 밤 10시 방송된다.",
				"subjectConsistencyYn": "N"
			}
		],
		"clickbaitClass": 0
	}
}