{
	"sourceDataInfo": {
		"newsID": "ET_M13_490675",
		"newsCategory": "연예",
		"newsSubcategory": "방송",
		"newsTitle": "덩치 불리는 ‘설강화’ 역사왜곡 논란…‘조선구마사’의 전철 밟나[스경X이슈]",
		"newsSubTitle": "",
		"newsContent": "화제작을 꿈꿨을 ‘설강화’가 문제작이 됐다.\n흐름은 올해 초 논란을 일으킨 ‘조선구마사’와 그대로, 논란이 전파하는 속도는 ‘조선구마사’를 넘어서고 있다.\n대중이 편성된 드라마의 존폐를 좌우할 정도로 적극적인 시청이 시작된 시대 ‘설강화’의 미래가 그 어느 때보다 불투명해졌다.\n방송 전부터 1987년 민주화운동의 폄훼와 정보기관인 안기부(안전기획부) 미화 의혹을 받았던 JTBC 주말극 ‘설강화’는 방송 2회 만에 방송 중단을 요청하는 청와대 국민청원이 빠르게 20만명 이상의 동의를 얻었다.\n지난 18일 청와대 국민청원 게시판에 올라온 ‘드라마 설강화 방영 중지 청원’은 서명자가 빠르게 늘면서 불과 하루 만에 정부의 의무 답변 기준인 서명자 수 20만을 넘어섰다.\n20일 오전 이른 시각에 23만명까지 넘어서며 숫자는 계속 늘고 있다.\n이는 비슷한 역사왜곡 논란을 빚은 SBS ‘조선구마사’보다 빠른 속도다.\n지난 3월 게시된 ‘조선구마사’의 폐지 청원은 이틀 만에 20만명의 동의를 얻었고 광고주와 협찬사의 계약이 연이어 끊기면서 드라마는 2회를 끝으로 막을 내렸다.\n국민청원 청원인은 “해당 드라마는 방영 전 이미 시놉시스 공개로 한 차례 민주화운동을 폄훼하는 내용으로 큰 논란이 된 바 있다”며 “당시 제작진은 전혀 그럴 의도가 없었으며 ‘남녀 주인공이 민주화 운동에 참여하거나 이끄는 설정은 대본 어디에도 존재하지 않는다’고 주장했다. 그러나 1회가 방송된 현재 드라마에서 여주인공은 간첩인 남주인공을 운동권으로 오인해 구해줬다”고 설명했다.\n청원인인 이밖에도 안기부에 근무하는 인물이 간첩 남주인공을 쫓아갈 때 쓰인 ‘솔아 푸르른 솔아’ 배경음악 그리고 글로벌 OTT 서비스를 통해 다수의 외국인에게 민주화운동에 대한 잘못된 역사관을 심어줄 수 있기에 방송을 강행해서는 안 된다고 주장했다.\n국민청원으로부터 비롯된 ‘설강화’에 대한 거부감은 ‘조선구마사’의 경우와 마찬가지로 광고주나 협찬사에 대한 직접적인 항의로 이어졌다.\n실제 적지 않은 광고주와 협찬사가 ‘설강화’와의 계약을 재고하거나 실제 계약을 해지한 경우도 생겼다.\n협찬사인 떡 브랜드 ‘싸리재마을’이 협찬철회를 요청했고 패션 브랜드 ‘가니송’과 기능성차 전문 브랜드 ‘티젠’ 역시 협찬 중단을 요청했다. ‘도펑요’ ‘한스전자’ ‘흥일가구’ 역시 협찬사 목록에서 자신들 업체의 이름을 빼달라고 제작사에 요청했다.\n20일에는 ‘다이슨 코리아’가 광고중단을 결정해 ‘설강화’ 관련 제품 불매운동에 대한 영향력은 가시화되는 중이다.\n방송통신심의위원회에도 심의 요청 민원이 쇄도했다.\n방송통신심의위원회(이하 방심위) 측은 20일 “이날 오전까지 ‘설강화’에 대한 심의 요청 민원이 452건 접수됐다”면서 “이에 대한 심의를 검토 중”이라고 덧붙였다.\n지난 ‘조선구마사’ 방송 당시에도 이러한 심의 민원이 쇄도했으며 이에 대한 심의를 하던 중 드라마의 폐지가 결정된 전력이 있다.\n지난 18일 처음 방송된 ‘설강화’는 2018년 JTBC ‘SKY 캐슬’을 제작했던 조현탁PD, 유현미 작가의 작품으로 1987년 서울을 배경으로 여대 기숙사에 피투성이로 뛰어든 명문대생 수호와 위기 속에서 그를 감추고 치료한 여대생 영로의 사랑 이야기를 담았다.\n수호 역으로 배우 정해인이, 영로 역으로는 걸그룹 블랙핑크 멤버 지수가 캐스팅돼 화제를 모았다.\n하지만 지난 3월 시놉시스 일부가 유출되자 남자 주인공이 운동권 학생을 연기하는 간첩으로 설정된 점과 또 다른 남자 주인공이 안기부 팀장이지만 정의로운 인물로 묘사된 점 등을 들어 인터넷 커뮤니티에서는 역사왜곡 논란이 일었다.\n실제 지난 16일 제작발표회에 참석한 조현탁PD는 관련 논란에 대해 “우려하는 내용은 포함돼 있지 않았다”며 “방송이 시작하면 아실 수 있을 것”이라고 의혹을 부인했다.\n하지만 18일 첫 방송 이후 실제 수호가 간첩으로 묘사되고 영로가 계속 “데모는 왜 하냐”며 수호의 신분을 오해하는 내용이 전파를 탔다.\n아직 두 사람이 민주화 운동에 직접적으로 연관이 됐다는 내용은 방송되지 않았지만 가까운 과거인 1980년대를 배경으로 아직까지는 충분히 오해를 살 수 있는 전개가 계속 되고 있어 제작사와 JTBC 측의 대응이 관심이 모인다. ‘설강화’ 관련 논란은 제작에 참여한 가수 성시경 그리고 이지성 작가 등의 발언에 대한 논란으로 확대되며 날로 크기를 키우고 있다.",
		"partNum": "P2",
		"useType": 0,
		"processType": "A",
		"processPattern": "99",
		"processLevel": "하",
		"sentenceCount": 23,
		"processSentencenum": 6,
		"sentenceInfo": [
			{
				"sentenceNo": 1,
				"sentenceContent": "화제작을 꿈꿨을 ‘설강화’가 문제작이 됐다.",
				"sentenceSize": 24
			},
			{
				"sentenceNo": 2,
				"sentenceContent": "흐름은 올해 초 논란을 일으킨 ‘조선구마사’와 그대로, 논란이 전파하는 속도는 ‘조선구마사’를 넘어서고 있다.",
				"sentenceSize": 61
			},
			{
				"sentenceNo": 3,
				"sentenceContent": "대중이 편성된 드라마의 존폐를 좌우할 정도로 적극적인 시청이 시작된 시대 ‘설강화’의 미래가 그 어느 때보다 불투명해졌다.",
				"sentenceSize": 68
			},
			{
				"sentenceNo": 4,
				"sentenceContent": "방송 전부터 1987년 민주화운동의 폄훼와 정보기관인 안기부(안전기획부) 미화 의혹을 받았던 JTBC 주말극 ‘설강화’는 방송 2회 만에 방송 중단을 요청하는 청와대 국민청원이 빠르게 20만명 이상의 동의를 얻었다.",
				"sentenceSize": 120
			},
			{
				"sentenceNo": 5,
				"sentenceContent": "지난 18일 청와대 국민청원 게시판에 올라온 ‘드라마 설강화 방영 중지 청원’은 서명자가 빠르게 늘면서 불과 하루 만에 정부의 의무 답변 기준인 서명자 수 20만을 넘어섰다.",
				"sentenceSize": 97
			},
			{
				"sentenceNo": 6,
				"sentenceContent": "20일 오전 이른 시각에 23만명까지 넘어서며 숫자는 계속 늘고 있다.",
				"sentenceSize": 39
			},
			{
				"sentenceNo": 7,
				"sentenceContent": "이는 비슷한 역사왜곡 논란을 빚은 SBS ‘조선구마사’보다 빠른 속도다.",
				"sentenceSize": 40
			},
			{
				"sentenceNo": 8,
				"sentenceContent": "지난 3월 게시된 ‘조선구마사’의 폐지 청원은 이틀 만에 20만명의 동의를 얻었고 광고주와 협찬사의 계약이 연이어 끊기면서 드라마는 2회를 끝으로 막을 내렸다.",
				"sentenceSize": 89
			},
			{
				"sentenceNo": 9,
				"sentenceContent": "국민청원 청원인은 “해당 드라마는 방영 전 이미 시놉시스 공개로 한 차례 민주화운동을 폄훼하는 내용으로 큰 논란이 된 바 있다”며 “당시 제작진은 전혀 그럴 의도가 없었으며 ‘남녀 주인공이 민주화 운동에 참여하거나 이끄는 설정은 대본 어디에도 존재하지 않는다’고 주장했다. 그러나 1회가 방송된 현재 드라마에서 여주인공은 간첩인 남주인공을 운동권으로 오인해 구해줬다”고 설명했다.",
				"sentenceSize": 212
			},
			{
				"sentenceNo": 10,
				"sentenceContent": "청원인인 이밖에도 안기부에 근무하는 인물이 간첩 남주인공을 쫓아갈 때 쓰인 ‘솔아 푸르른 솔아’ 배경음악 그리고 글로벌 OTT 서비스를 통해 다수의 외국인에게 민주화운동에 대한 잘못된 역사관을 심어줄 수 있기에 방송을 강행해서는 안 된다고 주장했다.",
				"sentenceSize": 139
			},
			{
				"sentenceNo": 11,
				"sentenceContent": "국민청원으로부터 비롯된 ‘설강화’에 대한 거부감은 ‘조선구마사’의 경우와 마찬가지로 광고주나 협찬사에 대한 직접적인 항의로 이어졌다.",
				"sentenceSize": 74
			},
			{
				"sentenceNo": 12,
				"sentenceContent": "실제 적지 않은 광고주와 협찬사가 ‘설강화’와의 계약을 재고하거나 실제 계약을 해지한 경우도 생겼다.",
				"sentenceSize": 56
			},
			{
				"sentenceNo": 13,
				"sentenceContent": "협찬사인 떡 브랜드 ‘싸리재마을’이 협찬철회를 요청했고 패션 브랜드 ‘가니송’과 기능성차 전문 브랜드 ‘티젠’ 역시 협찬 중단을 요청했다. ‘도펑요’ ‘한스전자’ ‘흥일가구’ 역시 협찬사 목록에서 자신들 업체의 이름을 빼달라고 제작사에 요청했다.",
				"sentenceSize": 137
			},
			{
				"sentenceNo": 14,
				"sentenceContent": "20일에는 ‘다이슨 코리아’가 광고중단을 결정해 ‘설강화’ 관련 제품 불매운동에 대한 영향력은 가시화되는 중이다.",
				"sentenceSize": 63
			},
			{
				"sentenceNo": 15,
				"sentenceContent": "방송통신심의위원회에도 심의 요청 민원이 쇄도했다.",
				"sentenceSize": 27
			},
			{
				"sentenceNo": 16,
				"sentenceContent": "방송통신심의위원회(이하 방심위) 측은 20일 “이날 오전까지 ‘설강화’에 대한 심의 요청 민원이 452건 접수됐다”면서 “이에 대한 심의를 검토 중”이라고 덧붙였다.",
				"sentenceSize": 92
			},
			{
				"sentenceNo": 17,
				"sentenceContent": "지난 ‘조선구마사’ 방송 당시에도 이러한 심의 민원이 쇄도했으며 이에 대한 심의를 하던 중 드라마의 폐지가 결정된 전력이 있다.",
				"sentenceSize": 71
			},
			{
				"sentenceNo": 18,
				"sentenceContent": "지난 18일 처음 방송된 ‘설강화’는 2018년 JTBC ‘SKY 캐슬’을 제작했던 조현탁PD, 유현미 작가의 작품으로 1987년 서울을 배경으로 여대 기숙사에 피투성이로 뛰어든 명문대생 수호와 위기 속에서 그를 감추고 치료한 여대생 영로의 사랑 이야기를 담았다.",
				"sentenceSize": 147
			},
			{
				"sentenceNo": 19,
				"sentenceContent": "수호 역으로 배우 정해인이, 영로 역으로는 걸그룹 블랙핑크 멤버 지수가 캐스팅돼 화제를 모았다.",
				"sentenceSize": 53
			},
			{
				"sentenceNo": 20,
				"sentenceContent": "하지만 지난 3월 시놉시스 일부가 유출되자 남자 주인공이 운동권 학생을 연기하는 간첩으로 설정된 점과 또 다른 남자 주인공이 안기부 팀장이지만 정의로운 인물로 묘사된 점 등을 들어 인터넷 커뮤니티에서는 역사왜곡 논란이 일었다.",
				"sentenceSize": 126
			},
			{
				"sentenceNo": 21,
				"sentenceContent": "실제 지난 16일 제작발표회에 참석한 조현탁PD는 관련 논란에 대해 “우려하는 내용은 포함돼 있지 않았다”며 “방송이 시작하면 아실 수 있을 것”이라고 의혹을 부인했다.",
				"sentenceSize": 94
			},
			{
				"sentenceNo": 22,
				"sentenceContent": "하지만 18일 첫 방송 이후 실제 수호가 간첩으로 묘사되고 영로가 계속 “데모는 왜 하냐”며 수호의 신분을 오해하는 내용이 전파를 탔다.",
				"sentenceSize": 76
			},
			{
				"sentenceNo": 23,
				"sentenceContent": "아직 두 사람이 민주화 운동에 직접적으로 연관이 됐다는 내용은 방송되지 않았지만 가까운 과거인 1980년대를 배경으로 아직까지는 충분히 오해를 살 수 있는 전개가 계속 되고 있어 제작사와 JTBC 측의 대응이 관심이 모인다. ‘설강화’ 관련 논란은 제작에 참여한 가수 성시경 그리고 이지성 작가 등의 발언에 대한 논란으로 확대되며 날로 크기를 키우고 있다.",
				"sentenceSize": 199
			}
		]
	},
	"labeledDataInfo": {
		"processSentenceInfo": [
			{
				"sentenceNo": 1,
				"sentenceContent": "화제작을 꿈꿨을 ‘설강화’가 문제작이 됐다.",
				"subjectConsistencyYn": "Y"
			},
			{
				"sentenceNo": 2,
				"sentenceContent": "흐름은 올해 초 논란을 일으킨 ‘조선구마사’와 그대로, 논란이 전파하는 속도는 ‘조선구마사’를 넘어서고 있다.",
				"subjectConsistencyYn": "Y"
			},
			{
				"sentenceNo": 3,
				"sentenceContent": "대중이 편성된 드라마의 존폐를 좌우할 정도로 적극적인 시청이 시작된 시대 ‘설강화’의 미래가 그 어느 때보다 불투명해졌다.",
				"subjectConsistencyYn": "Y"
			},
			{
				"sentenceNo": 4,
				"sentenceContent": "방송 전부터 1987년 민주화운동의 폄훼와 정보기관인 안기부(안전기획부) 미화 의혹을 받았던 JTBC 주말극 ‘설강화’는 방송 2회 만에 방송 중단을 요청하는 청와대 국민청원이 빠르게 20만명 이상의 동의를 얻었다.",
				"subjectConsistencyYn": "Y"
			},
			{
				"sentenceNo": 5,
				"sentenceContent": "지난 18일 청와대 국민청원 게시판에 올라온 ‘드라마 설강화 방영 중지 청원’은 서명자가 빠르게 늘면서 불과 하루 만에 정부의 의무 답변 기준인 서명자 수 20만을 넘어섰다.",
				"subjectConsistencyYn": "Y"
			},
			{
				"sentenceNo": 6,
				"sentenceContent": "20일 오전 이른 시각에 23만명까지 넘어서며 숫자는 계속 늘고 있다.",
				"subjectConsistencyYn": "Y"
			},
			{
				"sentenceNo": 7,
				"sentenceContent": "이는 비슷한 역사왜곡 논란을 빚은 SBS ‘조선구마사’보다 빠른 속도다.",
				"subjectConsistencyYn": "Y"
			},
			{
				"sentenceNo": 8,
				"sentenceContent": "지난 3월 게시된 ‘조선구마사’의 폐지 청원은 이틀 만에 20만명의 동의를 얻었고 광고주와 협찬사의 계약이 연이어 끊기면서 드라마는 2회를 끝으로 막을 내렸다.",
				"subjectConsistencyYn": "Y"
			},
			{
				"sentenceNo": 9,
				"sentenceContent": "국민청원 청원인은 “해당 드라마는 방영 전 이미 시놉시스 공개로 한 차례 민주화운동을 폄훼하는 내용으로 큰 논란이 된 바 있다”며 “당시 제작진은 전혀 그럴 의도가 없었으며 ‘남녀 주인공이 민주화 운동에 참여하거나 이끄는 설정은 대본 어디에도 존재하지 않는다’고 주장했다. 그러나 1회가 방송된 현재 드라마에서 여주인공은 간첩인 남주인공을 운동권으로 오인해 구해줬다”고 설명했다.",
				"subjectConsistencyYn": "Y"
			},
			{
				"sentenceNo": 10,
				"sentenceContent": "청원인인 이밖에도 안기부에 근무하는 인물이 간첩 남주인공을 쫓아갈 때 쓰인 ‘솔아 푸르른 솔아’ 배경음악 그리고 글로벌 OTT 서비스를 통해 다수의 외국인에게 민주화운동에 대한 잘못된 역사관을 심어줄 수 있기에 방송을 강행해서는 안 된다고 주장했다.",
				"subjectConsistencyYn": "Y"
			},
			{
				"sentenceNo": 11,
				"sentenceContent": "국민청원으로부터 비롯된 ‘설강화’에 대한 거부감은 ‘조선구마사’의 경우와 마찬가지로 광고주나 협찬사에 대한 직접적인 항의로 이어졌다.",
				"subjectConsistencyYn": "Y"
			},
			{
				"sentenceNo": 12,
				"sentenceContent": "실제 적지 않은 광고주와 협찬사가 ‘설강화’와의 계약을 재고하거나 실제 계약을 해지한 경우도 생겼다.",
				"subjectConsistencyYn": "Y"
			},
			{
				"sentenceNo": 13,
				"sentenceContent": "협찬사인 떡 브랜드 ‘싸리재마을’이 협찬철회를 요청했고 패션 브랜드 ‘가니송’과 기능성차 전문 브랜드 ‘티젠’ 역시 협찬 중단을 요청했다. ‘도펑요’ ‘한스전자’ ‘흥일가구’ 역시 협찬사 목록에서 자신들 업체의 이름을 빼달라고 제작사에 요청했다.",
				"subjectConsistencyYn": "Y"
			},
			{
				"sentenceNo": 14,
				"sentenceContent": "20일에는 ‘다이슨 코리아’가 광고중단을 결정해 ‘설강화’ 관련 제품 불매운동에 대한 영향력은 가시화되는 중이다.",
				"subjectConsistencyYn": "Y"
			},
			{
				"sentenceNo": 15,
				"sentenceContent": "방송통신심의위원회에도 심의 요청 민원이 쇄도했다.",
				"subjectConsistencyYn": "Y"
			},
			{
				"sentenceNo": 16,
				"sentenceContent": "방송통신심의위원회(이하 방심위) 측은 20일 “이날 오전까지 ‘설강화’에 대한 심의 요청 민원이 452건 접수됐다”면서 “이에 대한 심의를 검토 중”이라고 덧붙였다.",
				"subjectConsistencyYn": "Y"
			},
			{
				"sentenceNo": 17,
				"sentenceContent": "지난 ‘조선구마사’ 방송 당시에도 이러한 심의 민원이 쇄도했으며 이에 대한 심의를 하던 중 드라마의 폐지가 결정된 전력이 있다.",
				"subjectConsistencyYn": "Y"
			},
			{
				"sentenceNo": 18,
				"sentenceContent": "김종국은 망연자실한 표정과 함께 이광수를 향한 분노를 드러냈다.",
				"subjectConsistencyYn": "N"
			}
		],
		"clickbaitClass": 0
	}
}