{
	"sourceDataInfo": {
		"newsID": "ET_M13_490441",
		"newsCategory": "연예",
		"newsSubcategory": "방송",
		"newsTitle": "‘금쪽’ 학교에서 오줌싸는 초5 아이…진짜 문제는?",
		"newsSubTitle": "",
		"newsContent": "‘금쪽’ 학교에서 오줌싸는 초5 아이… 진짜 문제는? 학교에서 소변 실수를 하는 초등학교 5학년 금쪽이의 ‘진짜’ 문제가 밝혀진다. 17일 방송 되는 채널A 예능 ‘요즘 육아 - 금쪽같은 내새끼’에서는 가족 앞에 서면 숨이 턱 막히는 아들의 사연이 공개된다.\n이날 스튜디오에는 붕어빵처럼 서로 닮은 할머니와 아빠가 등장한다.\n아이의 고모는 “아이가 마음이 너무 힘들다고 표현하는데 어른들이 아무도 알아채지 못하고 있다”라며 걱정 어린 사연을 신청한다.\n제보 영상을 통해 초등학교 5학년인 금쪽이의 고민이 밝혀지고, 충분히 소변을 가릴 수 있는 나이임에도 학교에서까지 실수를 반복한다는 금쪽이의 사연에 모두 의아함을 감추지 못한다.\n선 공개된 영상에서는 촬영 도중 벌어진 의견 충돌로 언성이 높아진 할머니와 아빠의 갈등 상황이 보여진다.\n할머니는 “금쪽이를 왜 공개 망신시키려 하냐”라며 급기야 촬영 중단을 요청하기에 이르고, 아빠는 분노하며 “진짜 좀 그렇게 살지 마라! 제발!”이라며 문을 내리친다.\n거듭되는 고성에 놀란 금쪽이는 불안해하며 눈치를 살핀다.\n그때, 방에서 나온 금쪽이는 마치 싸움을 중재하려는 듯 아빠와 할머니에게 말을 걸기 시작한다.\n그러나 여전히 냉랭한 분위기에 다시 방으로 돌아온 금쪽이는 숙제를 마저 마치려 자세를 잡아 보지만 결국 눈물을 터뜨리고 만다.\n그 모습을 지켜보던 출연진들은 안타까움에 눈시울을 붉힌다.\n오은영은 일상 속 금쪽이의 모습을 보고 “소변 실수보다 더 큰 문제가 있어 보인다”라고 말해 모두에게 충격을 안긴다.\n오은영은 “금쪽이의 문제 해결을 위해서는 가족 갈등 해결이 우선되어야 한다”며 “진짜 변화가 한 단계라도 시작돼야 할 때”라고 조언한다.\n오은영은 이어 “자녀를 대하며 어려움을 느낄 때는 반드시 나와 부모의 관계를 되짚어봐야 한다”라며 “어린 시절 해결되지 못한 갈등은 자녀 양육 시 어려움으로 표현될 가능성이 크다”라고 설명한다.\n방송은 이날 오후 8시.",
		"partNum": "P2",
		"useType": 0,
		"processType": "A",
		"processPattern": "99",
		"processLevel": "하",
		"sentenceCount": 14,
		"processSentencenum": 3,
		"sentenceInfo": [
			{
				"sentenceNo": 1,
				"sentenceContent": "‘금쪽’ 학교에서 오줌싸는 초5 아이… 진짜 문제는? 학교에서 소변 실수를 하는 초등학교 5학년 금쪽이의 ‘진짜’ 문제가 밝혀진다. 17일 방송 되는 채널A 예능 ‘요즘 육아 - 금쪽같은 내새끼’에서는 가족 앞에 서면 숨이 턱 막히는 아들의 사연이 공개된다.",
				"sentenceSize": 144
			},
			{
				"sentenceNo": 2,
				"sentenceContent": "이날 스튜디오에는 붕어빵처럼 서로 닮은 할머니와 아빠가 등장한다.",
				"sentenceSize": 36
			},
			{
				"sentenceNo": 3,
				"sentenceContent": "아이의 고모는 “아이가 마음이 너무 힘들다고 표현하는데 어른들이 아무도 알아채지 못하고 있다”라며 걱정 어린 사연을 신청한다.",
				"sentenceSize": 70
			},
			{
				"sentenceNo": 4,
				"sentenceContent": "제보 영상을 통해 초등학교 5학년인 금쪽이의 고민이 밝혀지고, 충분히 소변을 가릴 수 있는 나이임에도 학교에서까지 실수를 반복한다는 금쪽이의 사연에 모두 의아함을 감추지 못한다.",
				"sentenceSize": 99
			},
			{
				"sentenceNo": 5,
				"sentenceContent": "선 공개된 영상에서는 촬영 도중 벌어진 의견 충돌로 언성이 높아진 할머니와 아빠의 갈등 상황이 보여진다.",
				"sentenceSize": 58
			},
			{
				"sentenceNo": 6,
				"sentenceContent": "할머니는 “금쪽이를 왜 공개 망신시키려 하냐”라며 급기야 촬영 중단을 요청하기에 이르고, 아빠는 분노하며 “진짜 좀 그렇게 살지 마라! 제발!”이라며 문을 내리친다.",
				"sentenceSize": 92
			},
			{
				"sentenceNo": 7,
				"sentenceContent": "거듭되는 고성에 놀란 금쪽이는 불안해하며 눈치를 살핀다.",
				"sentenceSize": 31
			},
			{
				"sentenceNo": 8,
				"sentenceContent": "그때, 방에서 나온 금쪽이는 마치 싸움을 중재하려는 듯 아빠와 할머니에게 말을 걸기 시작한다.",
				"sentenceSize": 52
			},
			{
				"sentenceNo": 9,
				"sentenceContent": "그러나 여전히 냉랭한 분위기에 다시 방으로 돌아온 금쪽이는 숙제를 마저 마치려 자세를 잡아 보지만 결국 눈물을 터뜨리고 만다.",
				"sentenceSize": 70
			},
			{
				"sentenceNo": 10,
				"sentenceContent": "그 모습을 지켜보던 출연진들은 안타까움에 눈시울을 붉힌다.",
				"sentenceSize": 32
			},
			{
				"sentenceNo": 11,
				"sentenceContent": "오은영은 일상 속 금쪽이의 모습을 보고 “소변 실수보다 더 큰 문제가 있어 보인다”라고 말해 모두에게 충격을 안긴다.",
				"sentenceSize": 65
			},
			{
				"sentenceNo": 12,
				"sentenceContent": "오은영은 “금쪽이의 문제 해결을 위해서는 가족 갈등 해결이 우선되어야 한다”며 “진짜 변화가 한 단계라도 시작돼야 할 때”라고 조언한다.",
				"sentenceSize": 76
			},
			{
				"sentenceNo": 13,
				"sentenceContent": "오은영은 이어 “자녀를 대하며 어려움을 느낄 때는 반드시 나와 부모의 관계를 되짚어봐야 한다”라며 “어린 시절 해결되지 못한 갈등은 자녀 양육 시 어려움으로 표현될 가능성이 크다”라고 설명한다.",
				"sentenceSize": 108
			},
			{
				"sentenceNo": 14,
				"sentenceContent": "방송은 이날 오후 8시.",
				"sentenceSize": 13
			}
		]
	},
	"labeledDataInfo": {
		"processSentenceInfo": [
			{
				"sentenceNo": 1,
				"sentenceContent": "‘금쪽’ 학교에서 오줌싸는 초5 아이… 진짜 문제는? 학교에서 소변 실수를 하는 초등학교 5학년 금쪽이의 ‘진짜’ 문제가 밝혀진다. 17일 방송 되는 채널A 예능 ‘요즘 육아 - 금쪽같은 내새끼’에서는 가족 앞에 서면 숨이 턱 막히는 아들의 사연이 공개된다.",
				"subjectConsistencyYn": "Y"
			},
			{
				"sentenceNo": 2,
				"sentenceContent": "이날 스튜디오에는 붕어빵처럼 서로 닮은 할머니와 아빠가 등장한다.",
				"subjectConsistencyYn": "Y"
			},
			{
				"sentenceNo": 3,
				"sentenceContent": "아이의 고모는 “아이가 마음이 너무 힘들다고 표현하는데 어른들이 아무도 알아채지 못하고 있다”라며 걱정 어린 사연을 신청한다.",
				"subjectConsistencyYn": "Y"
			},
			{
				"sentenceNo": 4,
				"sentenceContent": "제보 영상을 통해 초등학교 5학년인 금쪽이의 고민이 밝혀지고, 충분히 소변을 가릴 수 있는 나이임에도 학교에서까지 실수를 반복한다는 금쪽이의 사연에 모두 의아함을 감추지 못한다.",
				"subjectConsistencyYn": "Y"
			},
			{
				"sentenceNo": 5,
				"sentenceContent": "선 공개된 영상에서는 촬영 도중 벌어진 의견 충돌로 언성이 높아진 할머니와 아빠의 갈등 상황이 보여진다.",
				"subjectConsistencyYn": "Y"
			},
			{
				"sentenceNo": 6,
				"sentenceContent": "할머니는 “금쪽이를 왜 공개 망신시키려 하냐”라며 급기야 촬영 중단을 요청하기에 이르고, 아빠는 분노하며 “진짜 좀 그렇게 살지 마라! 제발!”이라며 문을 내리친다.",
				"subjectConsistencyYn": "Y"
			},
			{
				"sentenceNo": 7,
				"sentenceContent": "거듭되는 고성에 놀란 금쪽이는 불안해하며 눈치를 살핀다.",
				"subjectConsistencyYn": "Y"
			},
			{
				"sentenceNo": 8,
				"sentenceContent": "그때, 방에서 나온 금쪽이는 마치 싸움을 중재하려는 듯 아빠와 할머니에게 말을 걸기 시작한다.",
				"subjectConsistencyYn": "Y"
			},
			{
				"sentenceNo": 9,
				"sentenceContent": "그러나 여전히 냉랭한 분위기에 다시 방으로 돌아온 금쪽이는 숙제를 마저 마치려 자세를 잡아 보지만 결국 눈물을 터뜨리고 만다.",
				"subjectConsistencyYn": "Y"
			},
			{
				"sentenceNo": 10,
				"sentenceContent": "그 모습을 지켜보던 출연진들은 안타까움에 눈시울을 붉힌다.",
				"subjectConsistencyYn": "Y"
			},
			{
				"sentenceNo": 11,
				"sentenceContent": "오은영은 일상 속 금쪽이의 모습을 보고 “소변 실수보다 더 큰 문제가 있어 보인다”라고 말해 모두에게 충격을 안긴다.",
				"subjectConsistencyYn": "Y"
			},
			{
				"sentenceNo": 12,
				"sentenceContent": "이날 방송에서 \\\"대단한 반전이 있을 것\\\"이라던 강용석은 \\\"반전은 그냥 한 얘기고. '반전이 있다' 지금 이런 상황으로 계속 가지는 않을 것이라는 게 반전이라는 얘기입니다.\\\"라고 말했다.",
				"subjectConsistencyYn": "N"
			},
			{
				"sentenceNo": 13,
				"sentenceContent": "이어 도도맘과의 관계에 대해선 의뢰인과 변호사일 뿐이라고 선을 그으며 하지만 부인이 이런 스캔들에 휩쓸렸다면 어떻게 하겠냐는 질문에는 \\\"물어봐서 아니라고 하면 아닌 거죠. 그걸 어떡합니까.\\\"라고 답하기도 했다.",
				"subjectConsistencyYn": "N"
			}
		],
		"clickbaitClass": 0
	}
}