{
	"sourceDataInfo": {
		"newsID": "ET_M13_490818",
		"newsCategory": "연예",
		"newsSubcategory": "방송",
		"newsTitle": "정만식 ‘인사이더’ 캐스팅[공식]",
		"newsSubTitle": "",
		"newsContent": "배우 정만식이 ‘인사이더’ 출연을 확정했다.\n빅웨일엔터테인먼트는 22일 “배우 정만식이 JTBC 새 드라마 ‘인사이더’(연출 민연홍, 극본 문만세, 제작 에이스팩토리·JTBC스튜디오)에 캐스팅됐다”고 전했다.\n2022년 상반기 방영 예정인 ‘인사이더’는 잠입 수사 중 나락으로 떨어진 사법연수생 김요한(강하늘 분)이 운명의 패를 거머쥐기 위한 사투를 벌이는 액션 서스펜스물. ‘미씽: 그들이 있었다’의 민연홍 감독과 ‘프리스트’의 문만세 작가가 의기투합했다.\n정만식은 극 중 거대 조직 부경파의 보스 양화 역을 맡아 위압적인 카리스마와 디테일한 연기력으로 악의 카르텔 양화를 매력적으로 그려낼 예정이다.\n스크린과 브라운관을 넘나들며 폭넓은 작품 활동을 이어가고 있는 정만식은 최근 ‘콘크리트 마켓’과 KBS2 ‘미남당’, SBS ‘악의 마음을 읽는 자들’ 출연 소식을 전한데 이어 JTBC ‘인사이더’ 캐스팅을 확정하며 내년 상반기까지 자신의 라인업을 탄탄하게 구축했다. ‘미남당’과 ‘악의 마음을 읽는 자들’에서는 범죄자 잡는 형사를, ‘인사이더’에서는 조직폭력배 보스로 변신해 극과 극 캐릭터를 선보일 것으로 기대를 모은다.\n뿐만 아니라 영화 ‘헌트’와 ‘야행’의 개봉도 앞두고 있다.\n이처럼 보다 활발한 활동을 이어가며 대체불가한 전천후 배우임을 입증하고 있는 정만식. 2022년에도 변화무쌍한 모습으로 대중들을 찾아올 그의 행보에 이목이 집중되고 있다.",
		"partNum": "P2",
		"useType": 0,
		"processType": "A",
		"processPattern": "99",
		"processLevel": "하",
		"sentenceCount": 7,
		"processSentencenum": 1,
		"sentenceInfo": [
			{
				"sentenceNo": 1,
				"sentenceContent": "배우 정만식이 ‘인사이더’ 출연을 확정했다.",
				"sentenceSize": 24
			},
			{
				"sentenceNo": 2,
				"sentenceContent": "빅웨일엔터테인먼트는 22일 “배우 정만식이 JTBC 새 드라마 ‘인사이더’(연출 민연홍, 극본 문만세, 제작 에이스팩토리·JTBC스튜디오)에 캐스팅됐다”고 전했다.",
				"sentenceSize": 91
			},
			{
				"sentenceNo": 3,
				"sentenceContent": "2022년 상반기 방영 예정인 ‘인사이더’는 잠입 수사 중 나락으로 떨어진 사법연수생 김요한(강하늘 분)이 운명의 패를 거머쥐기 위한 사투를 벌이는 액션 서스펜스물. ‘미씽: 그들이 있었다’의 민연홍 감독과 ‘프리스트’의 문만세 작가가 의기투합했다.",
				"sentenceSize": 139
			},
			{
				"sentenceNo": 4,
				"sentenceContent": "정만식은 극 중 거대 조직 부경파의 보스 양화 역을 맡아 위압적인 카리스마와 디테일한 연기력으로 악의 카르텔 양화를 매력적으로 그려낼 예정이다.",
				"sentenceSize": 80
			},
			{
				"sentenceNo": 5,
				"sentenceContent": "스크린과 브라운관을 넘나들며 폭넓은 작품 활동을 이어가고 있는 정만식은 최근 ‘콘크리트 마켓’과 KBS2 ‘미남당’, SBS ‘악의 마음을 읽는 자들’ 출연 소식을 전한데 이어 JTBC ‘인사이더’ 캐스팅을 확정하며 내년 상반기까지 자신의 라인업을 탄탄하게 구축했다. ‘미남당’과 ‘악의 마음을 읽는 자들’에서는 범죄자 잡는 형사를, ‘인사이더’에서는 조직폭력배 보스로 변신해 극과 극 캐릭터를 선보일 것으로 기대를 모은다.",
				"sentenceSize": 237
			},
			{
				"sentenceNo": 6,
				"sentenceContent": "뿐만 아니라 영화 ‘헌트’와 ‘야행’의 개봉도 앞두고 있다.",
				"sentenceSize": 33
			},
			{
				"sentenceNo": 7,
				"sentenceContent": "이처럼 보다 활발한 활동을 이어가며 대체불가한 전천후 배우임을 입증하고 있는 정만식. 2022년에도 변화무쌍한 모습으로 대중들을 찾아올 그의 행보에 이목이 집중되고 있다.",
				"sentenceSize": 95
			}
		]
	},
	"labeledDataInfo": {
		"processSentenceInfo": [
			{
				"sentenceNo": 1,
				"sentenceContent": "배우 정만식이 ‘인사이더’ 출연을 확정했다.",
				"subjectConsistencyYn": "Y"
			},
			{
				"sentenceNo": 2,
				"sentenceContent": "빅웨일엔터테인먼트는 22일 “배우 정만식이 JTBC 새 드라마 ‘인사이더’(연출 민연홍, 극본 문만세, 제작 에이스팩토리·JTBC스튜디오)에 캐스팅됐다”고 전했다.",
				"subjectConsistencyYn": "Y"
			},
			{
				"sentenceNo": 3,
				"sentenceContent": "2022년 상반기 방영 예정인 ‘인사이더’는 잠입 수사 중 나락으로 떨어진 사법연수생 김요한(강하늘 분)이 운명의 패를 거머쥐기 위한 사투를 벌이는 액션 서스펜스물. ‘미씽: 그들이 있었다’의 민연홍 감독과 ‘프리스트’의 문만세 작가가 의기투합했다.",
				"subjectConsistencyYn": "Y"
			},
			{
				"sentenceNo": 4,
				"sentenceContent": "정만식은 극 중 거대 조직 부경파의 보스 양화 역을 맡아 위압적인 카리스마와 디테일한 연기력으로 악의 카르텔 양화를 매력적으로 그려낼 예정이다.",
				"subjectConsistencyYn": "Y"
			},
			{
				"sentenceNo": 5,
				"sentenceContent": "스크린과 브라운관을 넘나들며 폭넓은 작품 활동을 이어가고 있는 정만식은 최근 ‘콘크리트 마켓’과 KBS2 ‘미남당’, SBS ‘악의 마음을 읽는 자들’ 출연 소식을 전한데 이어 JTBC ‘인사이더’ 캐스팅을 확정하며 내년 상반기까지 자신의 라인업을 탄탄하게 구축했다. ‘미남당’과 ‘악의 마음을 읽는 자들’에서는 범죄자 잡는 형사를, ‘인사이더’에서는 조직폭력배 보스로 변신해 극과 극 캐릭터를 선보일 것으로 기대를 모은다.",
				"subjectConsistencyYn": "Y"
			},
			{
				"sentenceNo": 6,
				"sentenceContent": "뿐만 아니라 영화 ‘헌트’와 ‘야행’의 개봉도 앞두고 있다.",
				"subjectConsistencyYn": "Y"
			},
			{
				"sentenceNo": 7,
				"sentenceContent": "연기로 관객들의 마음을 사로잡고, 배우의 티켓파워를 회복해야 다음 한국 영화를 가벼운 마음으로 시작할 수 있다.",
				"subjectConsistencyYn": "N"
			},
			{
				"sentenceNo": 8,
				"sentenceContent": "잇따른 흥행 실패 이미지도 배우에겐 치명타가 될 수 있다.",
				"subjectConsistencyYn": "N"
			},
			{
				"sentenceNo": 9,
				"sentenceContent": "한편 '내부자들'은 오는 11월 개봉 예정이다.",
				"subjectConsistencyYn": "N"
			},
			{
				"sentenceNo": 10,
				"sentenceContent": "온라인 중앙일보 내부자들",
				"subjectConsistencyYn": "N"
			}
		],
		"clickbaitClass": 0
	}
}