{
	"sourceDataInfo": {
		"newsID": "ET_M13_490347",
		"newsCategory": "연예",
		"newsSubcategory": "방송",
		"newsTitle": "곽동연 ‘그 해 우리는’ 특별출연, 시선 강탈",
		"newsSubTitle": "",
		"newsContent": "배우 곽동연이 특별출연으로 존재감을 발산했다.\n지난 14일 방송된 ‘그 해 우리는’ 4회에서 곽동연은 최웅(최우식 분)과 라이벌 구도를 이룬 누아 역을 맡았다.\n누아(곽동연 분)의 첫 등장은 단숨에 눈길을 사로잡을 만큼 강렬했다.\nTV 화면 속에 모습을 드러낸 그로 하여금 새로운 스토리가 줄기처럼 뻗어 나갔기 때문. 누아는 자신의 작품과 유사하다는 의혹을 받은 최웅과 관련해 의미심장한 답변을 이어갔다.\n한 치의 흐트러짐 없는 단단한 눈빛과 어조에서는 여유로움이 묻어 나왔고, 자신감으로 가득 찬 누아의 태도는 극에 미묘한 기류를 형성했다.\n이에 보는 이들은 두 사람의 관계에 대해 궁금증을 품게 되며 다음 전개를 기다렸다.\n누아가 최웅을 마주한 순간 재미는 절정에 이르렀다. 앞서 인터뷰에서 최웅을 저격한 것과 달리, 웃으며 안부를 묻는 누아로 인해 팽팽했던 분위기는 잠시 풀어지는 듯했다.\n그러나 누아의 싸늘한 시선, 최웅의 한 마디에 일렁이는 분노까지는 감추지 못해 아슬아슬한 긴장감에 다시금 불이 붙었다.\n특히 누아가 드로잉쇼에 자신도 참여한다는 한 마디로 최웅에게 치명타를 날린 장면은 몰입도를 최고조로 끌어올렸다.\n지난 2012년 KBS2 ‘넝쿨째 굴러온 당신’의 방장군 역으로 연기활동을 시작한 곽동연은 데뷔와 동시에 안정적인 연기로 큰 인기를 끌었다.\n이후 SBS ‘장옥정, 사랑에 살다’ KBS2 ‘구르미 그린 달빛’ tvN ‘빈센조’ ‘사이코지만 괜찮아’ JTBC ‘내 아이디는 강남미인’ 등 다양한 장르의 작품을 오가며 활약했다.\n전작들을 통해 안정적인 연기력을 인정받은 곽동연은 ‘그 해 우리는’에서도 빛났다.\n그는 짧은 분량이지만 전개의 또 다른 한 축을 무리 없이 이끌어간 것은 물론, 드라마에 흥미와 긴장감을 불어넣으며 시청자들의 감탄을 자아냈다.\n한편, 곽동연의 특별 출연으로 이목을 집중시킨 SBS 월화드라마 ‘그 해 우리는’은 매주 월, 화요일 밤 10시 방송된다.",
		"partNum": "P2",
		"useType": 0,
		"processType": "A",
		"processPattern": "99",
		"processLevel": "하",
		"sentenceCount": 14,
		"processSentencenum": 3,
		"sentenceInfo": [
			{
				"sentenceNo": 1,
				"sentenceContent": "배우 곽동연이 특별출연으로 존재감을 발산했다.",
				"sentenceSize": 25
			},
			{
				"sentenceNo": 2,
				"sentenceContent": "지난 14일 방송된 ‘그 해 우리는’ 4회에서 곽동연은 최웅(최우식 분)과 라이벌 구도를 이룬 누아 역을 맡았다.",
				"sentenceSize": 63
			},
			{
				"sentenceNo": 3,
				"sentenceContent": "누아(곽동연 분)의 첫 등장은 단숨에 눈길을 사로잡을 만큼 강렬했다.",
				"sentenceSize": 38
			},
			{
				"sentenceNo": 4,
				"sentenceContent": "TV 화면 속에 모습을 드러낸 그로 하여금 새로운 스토리가 줄기처럼 뻗어 나갔기 때문. 누아는 자신의 작품과 유사하다는 의혹을 받은 최웅과 관련해 의미심장한 답변을 이어갔다.",
				"sentenceSize": 97
			},
			{
				"sentenceNo": 5,
				"sentenceContent": "한 치의 흐트러짐 없는 단단한 눈빛과 어조에서는 여유로움이 묻어 나왔고, 자신감으로 가득 찬 누아의 태도는 극에 미묘한 기류를 형성했다.",
				"sentenceSize": 76
			},
			{
				"sentenceNo": 6,
				"sentenceContent": "이에 보는 이들은 두 사람의 관계에 대해 궁금증을 품게 되며 다음 전개를 기다렸다.",
				"sentenceSize": 46
			},
			{
				"sentenceNo": 7,
				"sentenceContent": "누아가 최웅을 마주한 순간 재미는 절정에 이르렀다. 앞서 인터뷰에서 최웅을 저격한 것과 달리, 웃으며 안부를 묻는 누아로 인해 팽팽했던 분위기는 잠시 풀어지는 듯했다.",
				"sentenceSize": 93
			},
			{
				"sentenceNo": 8,
				"sentenceContent": "그러나 누아의 싸늘한 시선, 최웅의 한 마디에 일렁이는 분노까지는 감추지 못해 아슬아슬한 긴장감에 다시금 불이 붙었다.",
				"sentenceSize": 66
			},
			{
				"sentenceNo": 9,
				"sentenceContent": "특히 누아가 드로잉쇼에 자신도 참여한다는 한 마디로 최웅에게 치명타를 날린 장면은 몰입도를 최고조로 끌어올렸다.",
				"sentenceSize": 62
			},
			{
				"sentenceNo": 10,
				"sentenceContent": "지난 2012년 KBS2 ‘넝쿨째 굴러온 당신’의 방장군 역으로 연기활동을 시작한 곽동연은 데뷔와 동시에 안정적인 연기로 큰 인기를 끌었다.",
				"sentenceSize": 78
			},
			{
				"sentenceNo": 11,
				"sentenceContent": "이후 SBS ‘장옥정, 사랑에 살다’ KBS2 ‘구르미 그린 달빛’ tvN ‘빈센조’ ‘사이코지만 괜찮아’ JTBC ‘내 아이디는 강남미인’ 등 다양한 장르의 작품을 오가며 활약했다.",
				"sentenceSize": 102
			},
			{
				"sentenceNo": 12,
				"sentenceContent": "전작들을 통해 안정적인 연기력을 인정받은 곽동연은 ‘그 해 우리는’에서도 빛났다.",
				"sentenceSize": 45
			},
			{
				"sentenceNo": 13,
				"sentenceContent": "그는 짧은 분량이지만 전개의 또 다른 한 축을 무리 없이 이끌어간 것은 물론, 드라마에 흥미와 긴장감을 불어넣으며 시청자들의 감탄을 자아냈다.",
				"sentenceSize": 79
			},
			{
				"sentenceNo": 14,
				"sentenceContent": "한편, 곽동연의 특별 출연으로 이목을 집중시킨 SBS 월화드라마 ‘그 해 우리는’은 매주 월, 화요일 밤 10시 방송된다.",
				"sentenceSize": 68
			}
		]
	},
	"labeledDataInfo": {
		"processSentenceInfo": [
			{
				"sentenceNo": 1,
				"sentenceContent": "배우 곽동연이 특별출연으로 존재감을 발산했다.",
				"subjectConsistencyYn": "Y"
			},
			{
				"sentenceNo": 2,
				"sentenceContent": "지난 14일 방송된 ‘그 해 우리는’ 4회에서 곽동연은 최웅(최우식 분)과 라이벌 구도를 이룬 누아 역을 맡았다.",
				"subjectConsistencyYn": "Y"
			},
			{
				"sentenceNo": 3,
				"sentenceContent": "누아(곽동연 분)의 첫 등장은 단숨에 눈길을 사로잡을 만큼 강렬했다.",
				"subjectConsistencyYn": "Y"
			},
			{
				"sentenceNo": 4,
				"sentenceContent": "TV 화면 속에 모습을 드러낸 그로 하여금 새로운 스토리가 줄기처럼 뻗어 나갔기 때문. 누아는 자신의 작품과 유사하다는 의혹을 받은 최웅과 관련해 의미심장한 답변을 이어갔다.",
				"subjectConsistencyYn": "Y"
			},
			{
				"sentenceNo": 5,
				"sentenceContent": "한 치의 흐트러짐 없는 단단한 눈빛과 어조에서는 여유로움이 묻어 나왔고, 자신감으로 가득 찬 누아의 태도는 극에 미묘한 기류를 형성했다.",
				"subjectConsistencyYn": "Y"
			},
			{
				"sentenceNo": 6,
				"sentenceContent": "이에 보는 이들은 두 사람의 관계에 대해 궁금증을 품게 되며 다음 전개를 기다렸다.",
				"subjectConsistencyYn": "Y"
			},
			{
				"sentenceNo": 7,
				"sentenceContent": "누아가 최웅을 마주한 순간 재미는 절정에 이르렀다. 앞서 인터뷰에서 최웅을 저격한 것과 달리, 웃으며 안부를 묻는 누아로 인해 팽팽했던 분위기는 잠시 풀어지는 듯했다.",
				"subjectConsistencyYn": "Y"
			},
			{
				"sentenceNo": 8,
				"sentenceContent": "그러나 누아의 싸늘한 시선, 최웅의 한 마디에 일렁이는 분노까지는 감추지 못해 아슬아슬한 긴장감에 다시금 불이 붙었다.",
				"subjectConsistencyYn": "Y"
			},
			{
				"sentenceNo": 9,
				"sentenceContent": "특히 누아가 드로잉쇼에 자신도 참여한다는 한 마디로 최웅에게 치명타를 날린 장면은 몰입도를 최고조로 끌어올렸다.",
				"subjectConsistencyYn": "Y"
			},
			{
				"sentenceNo": 10,
				"sentenceContent": "지난 2012년 KBS2 ‘넝쿨째 굴러온 당신’의 방장군 역으로 연기활동을 시작한 곽동연은 데뷔와 동시에 안정적인 연기로 큰 인기를 끌었다.",
				"subjectConsistencyYn": "Y"
			},
			{
				"sentenceNo": 11,
				"sentenceContent": "이후 SBS ‘장옥정, 사랑에 살다’ KBS2 ‘구르미 그린 달빛’ tvN ‘빈센조’ ‘사이코지만 괜찮아’ JTBC ‘내 아이디는 강남미인’ 등 다양한 장르의 작품을 오가며 활약했다.",
				"subjectConsistencyYn": "Y"
			},
			{
				"sentenceNo": 12,
				"sentenceContent": "한편, MBC 에브리원 ‘맘마미안’은 12월 7일 화요일 저녁 8시 30분 첫 방송된다.",
				"subjectConsistencyYn": "N"
			}
		],
		"clickbaitClass": 0
	}
}