{
	"sourceDataInfo": {
		"newsID": "ET_M13_490424",
		"newsCategory": "연예",
		"newsSubcategory": "연예일반",
		"newsTitle": "천우희, 팔색조 프로필",
		"newsSubTitle": "",
		"newsContent": "배우 천우희가 다채로운 매력을 담은 새 프로필을 공개했다.\n소속사 H&엔터테인먼트는 16일 천우희의 새로운 프로필 사진을 선보였다.\n매번 색다른 얼굴로 놀라움을 자아내는 배우답게, 새로 공개된 프로필 사진에서도 천우희는 각기 다른 매력을 뽐내며 이목을 집중시켰다.\n공개한 새 프로필 사진은 청아한 비주얼부터 고혹적인 아우라까지. 콘셉트에 따라 달라지는 천우희의 매력 포인트는 보는 재미를 안겨줬다.\n천우희는 시간이 흐를수록 깊이를 더한 분위기는 프레임을 빈틈없이 채우는가 하면, 반짝이는 눈빛은 프로필 사진에 화룡점정을 찍으며 완벽한 결과물로 완성했다.\n이어진 사진에서 천우희는 시크한 매력을 발산하며 분위기를 반전시켰다.\n블랙의 배경에 철저하게 인물에 집중된 상황에서 섬세한 표현력을 십분 발휘해 시선을 압도했다.\n천우희는 영화 ‘비와 당신의 이야기’에서 팍팍하고 무료한 현실에도 씩씩하게 살아가는 소희 역으로 분했다.\n설렘과 미안함이 함께 커지는 캐릭터의 복합적인 감정선을 촘촘하게 빚어내 관객들을 몰입하게 했다.\n그 결과, 천우희는 폭넓은 스펙트럼을 다시금 증명하며 제41회 황금촬영상영화제 시상식에서 여우주연상을 품에 안았다.\n최근에는 tvN 예능 ‘바퀴 달린 집3’에 출연, 꾸밈없는 모습과 열정적인 자세로 출연진과 시청자 모두에게 해피 바이러스를 선물했다.\n한편 천우희는 최근 영화 ‘스마트폰을 떨어뜨렸을 뿐인데’ 촬영을 마치고, 차기작을 검토 중이다.",
		"partNum": "P2",
		"useType": 0,
		"processType": "A",
		"processPattern": "99",
		"processLevel": "하",
		"sentenceCount": 12,
		"processSentencenum": 3,
		"sentenceInfo": [
			{
				"sentenceNo": 1,
				"sentenceContent": "배우 천우희가 다채로운 매력을 담은 새 프로필을 공개했다.",
				"sentenceSize": 32
			},
			{
				"sentenceNo": 2,
				"sentenceContent": "소속사 H&엔터테인먼트는 16일 천우희의 새로운 프로필 사진을 선보였다.",
				"sentenceSize": 40
			},
			{
				"sentenceNo": 3,
				"sentenceContent": "매번 색다른 얼굴로 놀라움을 자아내는 배우답게, 새로 공개된 프로필 사진에서도 천우희는 각기 다른 매력을 뽐내며 이목을 집중시켰다.",
				"sentenceSize": 73
			},
			{
				"sentenceNo": 4,
				"sentenceContent": "공개한 새 프로필 사진은 청아한 비주얼부터 고혹적인 아우라까지. 콘셉트에 따라 달라지는 천우희의 매력 포인트는 보는 재미를 안겨줬다.",
				"sentenceSize": 74
			},
			{
				"sentenceNo": 5,
				"sentenceContent": "천우희는 시간이 흐를수록 깊이를 더한 분위기는 프레임을 빈틈없이 채우는가 하면, 반짝이는 눈빛은 프로필 사진에 화룡점정을 찍으며 완벽한 결과물로 완성했다.",
				"sentenceSize": 86
			},
			{
				"sentenceNo": 6,
				"sentenceContent": "이어진 사진에서 천우희는 시크한 매력을 발산하며 분위기를 반전시켰다.",
				"sentenceSize": 38
			},
			{
				"sentenceNo": 7,
				"sentenceContent": "블랙의 배경에 철저하게 인물에 집중된 상황에서 섬세한 표현력을 십분 발휘해 시선을 압도했다.",
				"sentenceSize": 51
			},
			{
				"sentenceNo": 8,
				"sentenceContent": "천우희는 영화 ‘비와 당신의 이야기’에서 팍팍하고 무료한 현실에도 씩씩하게 살아가는 소희 역으로 분했다.",
				"sentenceSize": 58
			},
			{
				"sentenceNo": 9,
				"sentenceContent": "설렘과 미안함이 함께 커지는 캐릭터의 복합적인 감정선을 촘촘하게 빚어내 관객들을 몰입하게 했다.",
				"sentenceSize": 53
			},
			{
				"sentenceNo": 10,
				"sentenceContent": "그 결과, 천우희는 폭넓은 스펙트럼을 다시금 증명하며 제41회 황금촬영상영화제 시상식에서 여우주연상을 품에 안았다.",
				"sentenceSize": 64
			},
			{
				"sentenceNo": 11,
				"sentenceContent": "최근에는 tvN 예능 ‘바퀴 달린 집3’에 출연, 꾸밈없는 모습과 열정적인 자세로 출연진과 시청자 모두에게 해피 바이러스를 선물했다.",
				"sentenceSize": 74
			},
			{
				"sentenceNo": 12,
				"sentenceContent": "한편 천우희는 최근 영화 ‘스마트폰을 떨어뜨렸을 뿐인데’ 촬영을 마치고, 차기작을 검토 중이다.",
				"sentenceSize": 53
			}
		]
	},
	"labeledDataInfo": {
		"processSentenceInfo": [
			{
				"sentenceNo": 1,
				"sentenceContent": "배우 천우희가 다채로운 매력을 담은 새 프로필을 공개했다.",
				"subjectConsistencyYn": "Y"
			},
			{
				"sentenceNo": 2,
				"sentenceContent": "소속사 H&엔터테인먼트는 16일 천우희의 새로운 프로필 사진을 선보였다.",
				"subjectConsistencyYn": "Y"
			},
			{
				"sentenceNo": 3,
				"sentenceContent": "매번 색다른 얼굴로 놀라움을 자아내는 배우답게, 새로 공개된 프로필 사진에서도 천우희는 각기 다른 매력을 뽐내며 이목을 집중시켰다.",
				"subjectConsistencyYn": "Y"
			},
			{
				"sentenceNo": 4,
				"sentenceContent": "공개한 새 프로필 사진은 청아한 비주얼부터 고혹적인 아우라까지. 콘셉트에 따라 달라지는 천우희의 매력 포인트는 보는 재미를 안겨줬다.",
				"subjectConsistencyYn": "Y"
			},
			{
				"sentenceNo": 5,
				"sentenceContent": "천우희는 시간이 흐를수록 깊이를 더한 분위기는 프레임을 빈틈없이 채우는가 하면, 반짝이는 눈빛은 프로필 사진에 화룡점정을 찍으며 완벽한 결과물로 완성했다.",
				"subjectConsistencyYn": "Y"
			},
			{
				"sentenceNo": 6,
				"sentenceContent": "이어진 사진에서 천우희는 시크한 매력을 발산하며 분위기를 반전시켰다.",
				"subjectConsistencyYn": "Y"
			},
			{
				"sentenceNo": 7,
				"sentenceContent": "블랙의 배경에 철저하게 인물에 집중된 상황에서 섬세한 표현력을 십분 발휘해 시선을 압도했다.",
				"subjectConsistencyYn": "Y"
			},
			{
				"sentenceNo": 8,
				"sentenceContent": "천우희는 영화 ‘비와 당신의 이야기’에서 팍팍하고 무료한 현실에도 씩씩하게 살아가는 소희 역으로 분했다.",
				"subjectConsistencyYn": "Y"
			},
			{
				"sentenceNo": 9,
				"sentenceContent": "설렘과 미안함이 함께 커지는 캐릭터의 복합적인 감정선을 촘촘하게 빚어내 관객들을 몰입하게 했다.",
				"subjectConsistencyYn": "Y"
			},
			{
				"sentenceNo": 10,
				"sentenceContent": "25일 서울 잠실 실내체육관에서 열린 JYH 멤버십 위크 팬미팅에서 \\\"매번 이야기 하지만 여러분에게 이런 큰 사랑 받으며 산다는 게 매 순간이 벅찬 감동이다. 항상 JYJ 사랑해주셔서 감사하고, 얼른 셋이 모이는 날이 왔으면 좋겠다. 이 노래가 오래오래 기억에 남을 것 같다. 잘 다녀오겠습니다\\\"라고 입소 소감을 전했다.",
				"subjectConsistencyYn": "N"
			},
			{
				"sentenceNo": 11,
				"sentenceContent": "소집해제일은 2년 뒤인 2017년 8월 27일이다.",
				"subjectConsistencyYn": "N"
			}
		],
		"clickbaitClass": 0
	}
}