{
	"sourceDataInfo": {
		"newsID": "ET_M13_490423",
		"newsCategory": "연예",
		"newsSubcategory": "연예일반",
		"newsTitle": "김수로, 코로나19 완치",
		"newsSubTitle": "",
		"newsContent": "배우 김수로가 코로나19 완치 판정을 받고 활동을 재개한다. 16일 iMBC에 따르면 김수로는 코로나19 완치 판정을 받았다.\n소속사 SM C&C는 “14일 김수로가 PCR 유전자증폭 검사 결과 음성으로 확인됐다. ‘오늘부터 우리는’ 촬영을 포함해 예정된 일정에 다시 참여할 것”이라고 밝혔다.\n앞서 김수로는 지난 11월 29일 컨디션이 좋지 않아 자발적으로 코로나19 검사를 받았고 30일 확진 판정을 받았다.\n함께 ‘오늘부터 우리는’ 을 촬영 중이던 성훈, 임수향, 홍은희 등은 음성 판정을 받았다.\n당시 소속사 측은 “김수로는 백신 접종 완료자였다”라며 돌파 감염 해당자임을 밝혀 우려를 낳았다.\n최근 신현빈, 유재석, 유희열, 정우성, 고경표, 강예원, 김성규, 신동 등이 백신 접종에도 불구하고 확진 판정을 받아 연예계에 또 다시 코로나19로 인한 비상이 걸린 상태다.",
		"partNum": "P2",
		"useType": 0,
		"processType": "A",
		"processPattern": "99",
		"processLevel": "하",
		"sentenceCount": 6,
		"processSentencenum": 1,
		"sentenceInfo": [
			{
				"sentenceNo": 1,
				"sentenceContent": "배우 김수로가 코로나19 완치 판정을 받고 활동을 재개한다. 16일 iMBC에 따르면 김수로는 코로나19 완치 판정을 받았다.",
				"sentenceSize": 70
			},
			{
				"sentenceNo": 2,
				"sentenceContent": "소속사 SM C&C는 “14일 김수로가 PCR 유전자증폭 검사 결과 음성으로 확인됐다. ‘오늘부터 우리는’ 촬영을 포함해 예정된 일정에 다시 참여할 것”이라고 밝혔다.",
				"sentenceSize": 93
			},
			{
				"sentenceNo": 3,
				"sentenceContent": "앞서 김수로는 지난 11월 29일 컨디션이 좋지 않아 자발적으로 코로나19 검사를 받았고 30일 확진 판정을 받았다.",
				"sentenceSize": 65
			},
			{
				"sentenceNo": 4,
				"sentenceContent": "함께 ‘오늘부터 우리는’ 을 촬영 중이던 성훈, 임수향, 홍은희 등은 음성 판정을 받았다.",
				"sentenceSize": 50
			},
			{
				"sentenceNo": 5,
				"sentenceContent": "당시 소속사 측은 “김수로는 백신 접종 완료자였다”라며 돌파 감염 해당자임을 밝혀 우려를 낳았다.",
				"sentenceSize": 54
			},
			{
				"sentenceNo": 6,
				"sentenceContent": "최근 신현빈, 유재석, 유희열, 정우성, 고경표, 강예원, 김성규, 신동 등이 백신 접종에도 불구하고 확진 판정을 받아 연예계에 또 다시 코로나19로 인한 비상이 걸린 상태다.",
				"sentenceSize": 98
			}
		]
	},
	"labeledDataInfo": {
		"processSentenceInfo": [
			{
				"sentenceNo": 1,
				"sentenceContent": "배우 김수로가 코로나19 완치 판정을 받고 활동을 재개한다. 16일 iMBC에 따르면 김수로는 코로나19 완치 판정을 받았다.",
				"subjectConsistencyYn": "Y"
			},
			{
				"sentenceNo": 2,
				"sentenceContent": "소속사 SM C&C는 “14일 김수로가 PCR 유전자증폭 검사 결과 음성으로 확인됐다. ‘오늘부터 우리는’ 촬영을 포함해 예정된 일정에 다시 참여할 것”이라고 밝혔다.",
				"subjectConsistencyYn": "Y"
			},
			{
				"sentenceNo": 3,
				"sentenceContent": "앞서 김수로는 지난 11월 29일 컨디션이 좋지 않아 자발적으로 코로나19 검사를 받았고 30일 확진 판정을 받았다.",
				"subjectConsistencyYn": "Y"
			},
			{
				"sentenceNo": 4,
				"sentenceContent": "함께 ‘오늘부터 우리는’ 을 촬영 중이던 성훈, 임수향, 홍은희 등은 음성 판정을 받았다.",
				"subjectConsistencyYn": "Y"
			},
			{
				"sentenceNo": 5,
				"sentenceContent": "당시 소속사 측은 “김수로는 백신 접종 완료자였다”라며 돌파 감염 해당자임을 밝혀 우려를 낳았다.",
				"subjectConsistencyYn": "Y"
			},
			{
				"sentenceNo": 6,
				"sentenceContent": "온라인 중앙일보 '배수정' '정창욱'",
				"subjectConsistencyYn": "N"
			}
		],
		"clickbaitClass": 0
	}
}