{
	"sourceDataInfo": {
		"newsID": "ET_M13_490410",
		"newsCategory": "연예",
		"newsSubcategory": "방송",
		"newsTitle": "빌리(Billlie), 오늘(16일) ‘리슨 스테이지’ 출격",
		"newsSubTitle": "",
		"newsContent": "빌리(Billlie)가 ‘리슨 스테이지’를 빛낸다.\n빌리(시윤·츠키·션·수현·하람·문수아·하루나)는 16일 오후 미스틱스토리 유튜브 채널 스트리밍을 통해 실시간으로 방송되는 공연 프로젝트 ‘리슨 스테이지 (LISTEN STAGE)’를 통해 글로벌 팬들을 만난다. ‘리슨 스테이지’는 지난 2017년 ‘듣는 음악’에 이어 ‘보이는 음악’에 충실하자는 모토로, 미스틱스토리 소속 뮤지션들이 사옥 1층에서 비정기적으로 30분간 라이브를 진행해왔다.\n코로나19로 잠시 중단되었던 ‘리슨 스테이지’는 지난 9월 미스틱스토리의 새로운 라이브 공간 ‘미스틱 커넥트(MYSTIC CONNECT)’ 오픈과 함께 재개를 알렸다.\n최근 윤종신, 정인, 손태진, 민서 등이 차례로 고품격 라이브를 선사한 가운데 빌리가 출격하며 빌리만의 특색있는 매력으로 리슨 스테이지를 채울 예정이다.\n특히 빌리는 7인조 완전체로 ’리슨 스테이지‘에 처음 출연하는 만큼 다채로운 무대와 센스 넘치는 입담으로 팬들에게 뜻깊은 추억을 선사할 전망이다.\n대세 신인으로 떠오른 빌리는 지난 14일 신곡 ’snowy night (스노이 나이트)‘로 컴백을 알리며 활발한 활동을 이어가고 있다.\n이번 신보는 새 멤버 션(김수연)이 합류한 후 처음 발표하는 곡인데다 빌리만의 독특한 멀티 세계관을 담고 있어 국내외 팬들의 많은 관심을 받고 있다.\n한편 빌리의 ’리슨 스테이지‘는 이날 오후 7시 30분 미스틱스토리 공식 유튜브 채널 스트리밍으로 만날 수 있다.",
		"partNum": "P2",
		"useType": 0,
		"processType": "A",
		"processPattern": "99",
		"processLevel": "하",
		"sentenceCount": 8,
		"processSentencenum": 2,
		"sentenceInfo": [
			{
				"sentenceNo": 1,
				"sentenceContent": "빌리(Billlie)가 ‘리슨 스테이지’를 빛낸다.",
				"sentenceSize": 28
			},
			{
				"sentenceNo": 2,
				"sentenceContent": "빌리(시윤·츠키·션·수현·하람·문수아·하루나)는 16일 오후 미스틱스토리 유튜브 채널 스트리밍을 통해 실시간으로 방송되는 공연 프로젝트 ‘리슨 스테이지 (LISTEN STAGE)’를 통해 글로벌 팬들을 만난다. ‘리슨 스테이지’는 지난 2017년 ‘듣는 음악’에 이어 ‘보이는 음악’에 충실하자는 모토로, 미스틱스토리 소속 뮤지션들이 사옥 1층에서 비정기적으로 30분간 라이브를 진행해왔다.",
				"sentenceSize": 218
			},
			{
				"sentenceNo": 3,
				"sentenceContent": "코로나19로 잠시 중단되었던 ‘리슨 스테이지’는 지난 9월 미스틱스토리의 새로운 라이브 공간 ‘미스틱 커넥트(MYSTIC CONNECT)’ 오픈과 함께 재개를 알렸다.",
				"sentenceSize": 93
			},
			{
				"sentenceNo": 4,
				"sentenceContent": "최근 윤종신, 정인, 손태진, 민서 등이 차례로 고품격 라이브를 선사한 가운데 빌리가 출격하며 빌리만의 특색있는 매력으로 리슨 스테이지를 채울 예정이다.",
				"sentenceSize": 85
			},
			{
				"sentenceNo": 5,
				"sentenceContent": "특히 빌리는 7인조 완전체로 ’리슨 스테이지‘에 처음 출연하는 만큼 다채로운 무대와 센스 넘치는 입담으로 팬들에게 뜻깊은 추억을 선사할 전망이다.",
				"sentenceSize": 81
			},
			{
				"sentenceNo": 6,
				"sentenceContent": "대세 신인으로 떠오른 빌리는 지난 14일 신곡 ’snowy night (스노이 나이트)‘로 컴백을 알리며 활발한 활동을 이어가고 있다.",
				"sentenceSize": 75
			},
			{
				"sentenceNo": 7,
				"sentenceContent": "이번 신보는 새 멤버 션(김수연)이 합류한 후 처음 발표하는 곡인데다 빌리만의 독특한 멀티 세계관을 담고 있어 국내외 팬들의 많은 관심을 받고 있다.",
				"sentenceSize": 83
			},
			{
				"sentenceNo": 8,
				"sentenceContent": "한편 빌리의 ’리슨 스테이지‘는 이날 오후 7시 30분 미스틱스토리 공식 유튜브 채널 스트리밍으로 만날 수 있다.",
				"sentenceSize": 63
			}
		]
	},
	"labeledDataInfo": {
		"processSentenceInfo": [
			{
				"sentenceNo": 1,
				"sentenceContent": "빌리(Billlie)가 ‘리슨 스테이지’를 빛낸다.",
				"subjectConsistencyYn": "Y"
			},
			{
				"sentenceNo": 2,
				"sentenceContent": "빌리(시윤·츠키·션·수현·하람·문수아·하루나)는 16일 오후 미스틱스토리 유튜브 채널 스트리밍을 통해 실시간으로 방송되는 공연 프로젝트 ‘리슨 스테이지 (LISTEN STAGE)’를 통해 글로벌 팬들을 만난다. ‘리슨 스테이지’는 지난 2017년 ‘듣는 음악’에 이어 ‘보이는 음악’에 충실하자는 모토로, 미스틱스토리 소속 뮤지션들이 사옥 1층에서 비정기적으로 30분간 라이브를 진행해왔다.",
				"subjectConsistencyYn": "Y"
			},
			{
				"sentenceNo": 3,
				"sentenceContent": "코로나19로 잠시 중단되었던 ‘리슨 스테이지’는 지난 9월 미스틱스토리의 새로운 라이브 공간 ‘미스틱 커넥트(MYSTIC CONNECT)’ 오픈과 함께 재개를 알렸다.",
				"subjectConsistencyYn": "Y"
			},
			{
				"sentenceNo": 4,
				"sentenceContent": "최근 윤종신, 정인, 손태진, 민서 등이 차례로 고품격 라이브를 선사한 가운데 빌리가 출격하며 빌리만의 특색있는 매력으로 리슨 스테이지를 채울 예정이다.",
				"subjectConsistencyYn": "Y"
			},
			{
				"sentenceNo": 5,
				"sentenceContent": "특히 빌리는 7인조 완전체로 ’리슨 스테이지‘에 처음 출연하는 만큼 다채로운 무대와 센스 넘치는 입담으로 팬들에게 뜻깊은 추억을 선사할 전망이다.",
				"subjectConsistencyYn": "Y"
			},
			{
				"sentenceNo": 6,
				"sentenceContent": "대세 신인으로 떠오른 빌리는 지난 14일 신곡 ’snowy night (스노이 나이트)‘로 컴백을 알리며 활발한 활동을 이어가고 있다.",
				"subjectConsistencyYn": "Y"
			},
			{
				"sentenceNo": 7,
				"sentenceContent": "온라인 중앙일보 인기가요 인피니트 [사진 SBS '인기가요' 방송화면 캡처]",
				"subjectConsistencyYn": "N"
			}
		],
		"clickbaitClass": 0
	}
}