{
	"sourceDataInfo": {
		"newsID": "ET_M13_490534",
		"newsCategory": "연예",
		"newsSubcategory": "연예일반",
		"newsTitle": "‘나혼산’ 연예인 측간소음 피해 폭로 “소속사에 항의할 것”",
		"newsSubTitle": "",
		"newsContent": "‘나혼자산다’ 출연했던 연예인의 이웃주민이 측간소음을 호소했다.\n자신을 MBC 예능 프로그램 ‘나혼자산다’에 출연한 연예인의 이웃주민이라고 밝힌 A씨는 16일 온라인 커뮤니티에 “사는 집이 오래된 오피스텔이라 방음이 안 돼 측간소음으로 주의가 필요하다”라며 “이웃이 12시까지 떠드는 건 어쩔 수 없다고 치고 새벽 늦게까지 시끄럽게 고성방가하는 건 아니라고 생각한다”고 밝혔다.\nA씨는 이 연예인의 지속된 측간소음에 항의를 했지만 고쳐지지 않았다고 했다.\n그는 “지난해 이맘부터 이사 오셔서 매일 새벽까지 친구를 부르고 매주 2~3회 시끄럽게 한다”며 ▲관리인에게 주의를 요청했고 ▲본인도 옆집에 방문에 주의를 당부시켰으나 역시 마찬가지였다고 한탄했다.\nA씨는 “관리소장은 그냥 경찰을 부르라고 하더라. 상습적으로 소음을 일으키는 이웃을 어쩔 수 없다 한다”고 했다.\n또한 “그분 인스타그램에 조용히 해달라고 메시지를 2번 남겼고, 그래도 또 떠들길래 새벽 3시반에 찾아갔다”며 “그래도 그 때일뿐, 지금도 지인 초대해서 신나게 떠들고 있다”고 했다.\n마지막으로 A씨는 “저도 할 만큼은 했다”며 “저도 일을 크게 만드는 것이 싫어, 소속사에 경고를 할까도 고민 중”이라고 했다.\nA씨가 이웃 연예인의 실명을 공개하지 않았지만, 지난해 10월 방송에 출연했던 B씨의 실명이 거론되고 있다.",
		"partNum": "P2",
		"useType": 0,
		"processType": "A",
		"processPattern": "99",
		"processLevel": "하",
		"sentenceCount": 8,
		"processSentencenum": 1,
		"sentenceInfo": [
			{
				"sentenceNo": 1,
				"sentenceContent": "‘나혼자산다’ 출연했던 연예인의 이웃주민이 측간소음을 호소했다.",
				"sentenceSize": 35
			},
			{
				"sentenceNo": 2,
				"sentenceContent": "자신을 MBC 예능 프로그램 ‘나혼자산다’에 출연한 연예인의 이웃주민이라고 밝힌 A씨는 16일 온라인 커뮤니티에 “사는 집이 오래된 오피스텔이라 방음이 안 돼 측간소음으로 주의가 필요하다”라며 “이웃이 12시까지 떠드는 건 어쩔 수 없다고 치고 새벽 늦게까지 시끄럽게 고성방가하는 건 아니라고 생각한다”고 밝혔다.",
				"sentenceSize": 175
			},
			{
				"sentenceNo": 3,
				"sentenceContent": "A씨는 이 연예인의 지속된 측간소음에 항의를 했지만 고쳐지지 않았다고 했다.",
				"sentenceSize": 42
			},
			{
				"sentenceNo": 4,
				"sentenceContent": "그는 “지난해 이맘부터 이사 오셔서 매일 새벽까지 친구를 부르고 매주 2~3회 시끄럽게 한다”며 ▲관리인에게 주의를 요청했고 ▲본인도 옆집에 방문에 주의를 당부시켰으나 역시 마찬가지였다고 한탄했다.",
				"sentenceSize": 110
			},
			{
				"sentenceNo": 5,
				"sentenceContent": "A씨는 “관리소장은 그냥 경찰을 부르라고 하더라. 상습적으로 소음을 일으키는 이웃을 어쩔 수 없다 한다”고 했다.",
				"sentenceSize": 63
			},
			{
				"sentenceNo": 6,
				"sentenceContent": "또한 “그분 인스타그램에 조용히 해달라고 메시지를 2번 남겼고, 그래도 또 떠들길래 새벽 3시반에 찾아갔다”며 “그래도 그 때일뿐, 지금도 지인 초대해서 신나게 떠들고 있다”고 했다.",
				"sentenceSize": 102
			},
			{
				"sentenceNo": 7,
				"sentenceContent": "마지막으로 A씨는 “저도 할 만큼은 했다”며 “저도 일을 크게 만드는 것이 싫어, 소속사에 경고를 할까도 고민 중”이라고 했다.",
				"sentenceSize": 71
			},
			{
				"sentenceNo": 8,
				"sentenceContent": "A씨가 이웃 연예인의 실명을 공개하지 않았지만, 지난해 10월 방송에 출연했던 B씨의 실명이 거론되고 있다.",
				"sentenceSize": 60
			}
		]
	},
	"labeledDataInfo": {
		"processSentenceInfo": [
			{
				"sentenceNo": 1,
				"sentenceContent": "‘나혼자산다’ 출연했던 연예인의 이웃주민이 측간소음을 호소했다.",
				"subjectConsistencyYn": "Y"
			},
			{
				"sentenceNo": 2,
				"sentenceContent": "자신을 MBC 예능 프로그램 ‘나혼자산다’에 출연한 연예인의 이웃주민이라고 밝힌 A씨는 16일 온라인 커뮤니티에 “사는 집이 오래된 오피스텔이라 방음이 안 돼 측간소음으로 주의가 필요하다”라며 “이웃이 12시까지 떠드는 건 어쩔 수 없다고 치고 새벽 늦게까지 시끄럽게 고성방가하는 건 아니라고 생각한다”고 밝혔다.",
				"subjectConsistencyYn": "Y"
			},
			{
				"sentenceNo": 3,
				"sentenceContent": "A씨는 이 연예인의 지속된 측간소음에 항의를 했지만 고쳐지지 않았다고 했다.",
				"subjectConsistencyYn": "Y"
			},
			{
				"sentenceNo": 4,
				"sentenceContent": "그는 “지난해 이맘부터 이사 오셔서 매일 새벽까지 친구를 부르고 매주 2~3회 시끄럽게 한다”며 ▲관리인에게 주의를 요청했고 ▲본인도 옆집에 방문에 주의를 당부시켰으나 역시 마찬가지였다고 한탄했다.",
				"subjectConsistencyYn": "Y"
			},
			{
				"sentenceNo": 5,
				"sentenceContent": "A씨는 “관리소장은 그냥 경찰을 부르라고 하더라. 상습적으로 소음을 일으키는 이웃을 어쩔 수 없다 한다”고 했다.",
				"subjectConsistencyYn": "Y"
			},
			{
				"sentenceNo": 6,
				"sentenceContent": "또한 “그분 인스타그램에 조용히 해달라고 메시지를 2번 남겼고, 그래도 또 떠들길래 새벽 3시반에 찾아갔다”며 “그래도 그 때일뿐, 지금도 지인 초대해서 신나게 떠들고 있다”고 했다.",
				"subjectConsistencyYn": "Y"
			},
			{
				"sentenceNo": 7,
				"sentenceContent": "마지막으로 A씨는 “저도 할 만큼은 했다”며 “저도 일을 크게 만드는 것이 싫어, 소속사에 경고를 할까도 고민 중”이라고 했다.",
				"subjectConsistencyYn": "Y"
			},
			{
				"sentenceNo": 8,
				"sentenceContent": "두 사람은 지난 2007년 5월 결혼식을 올렸다.",
				"subjectConsistencyYn": "N"
			}
		],
		"clickbaitClass": 0
	}
}