{
	"sourceDataInfo": {
		"newsID": "ET_M13_490797",
		"newsCategory": "연예",
		"newsSubcategory": "연예일반",
		"newsTitle": "중년 배우A씨, 마스크 착용 요청하는 택시기사에 욕설",
		"newsSubTitle": "",
		"newsContent": "데뷔한 지 40년이 넘은 중년 배우가 마스크를 제대로 착용해 달라고 요청한 택시 기사에게 10분 가까이 욕설을 퍼부은 사실이 알려졌다.\n22일 YTN에 따르면 A씨는 지난 10일 오후 10시쯤 서울 신도림동에서 일행 세 명과 함께 택시에 탑승한 뒤 소란을 피웠다.\n매체에 따르면 A씨는 탑승 당시 술에 많이 취한 상태였고, 조수석 뒷자리에 앉았으나 안전벨트도 착용하지 않았다.\n그러던중 A씨는 통화를 시작했고 마스크를 내렸다.\n이에 택시기사가 A씨에게 마스크 착용을 요청하자 그는 전화를 끊고 고성을 질렀다.\nA씨는 “야 이 XX야! 네가 말을 좋게 하라고! 손님한테 XXX 하네” “XX놈아!”등의 욕설을 끊임없이 내뱉었으며 흥분한 채 주먹을 치켜들기도 했다.\nA씨는 결국 일행의 제지 끝에 목적지에 도착하기 전 먼저 택시에서 내렸다.\n택시 기사는 해당 매체에 “보통 사람들은 욕을 않고, 또 욕을 했다손 치더라도 한두 번 하고 말지 이렇게 한 10여 분 동안 귀가 따갑도록 욕설한 사람은 처음”이라며 모욕감을 느꼈다고 호소했다.\nA씨는 지난 1980년 데뷔해 영화와 방송계에서 활동 중인 중년 배우다.\n그는 지난 2014년에도 술에 취한 상태에서 택시기사와 시비가 붙어 즉결 심판에 넘겨진 적이 있다.\nA씨는 YTN에 “통화 중 답답해 잠시 마스크를 벗었고 술김에 기사의 말을 오해한 것”이라면서 “정말 억울한 일이 생겨 술을 많이 먹었다. 미안하다고 벌써 사과했고 조만간 합의금을 넉넉히 주려고 한다”고 말했다.\n운행 중인 택시 기사를 폭행할 경우 특정범죄가중처벌법상 운전자 폭행 혐의가 적용돼 최대 5년 이하 징역에 처한다.\n다만, A 씨는 실제 기사를 때리진 않아 형사 처벌을 받진 않을 것으로 보인다고 매체는 밝혔다.",
		"partNum": "P2",
		"useType": 0,
		"processType": "A",
		"processPattern": "99",
		"processLevel": "하",
		"sentenceCount": 13,
		"processSentencenum": 3,
		"sentenceInfo": [
			{
				"sentenceNo": 1,
				"sentenceContent": "데뷔한 지 40년이 넘은 중년 배우가 마스크를 제대로 착용해 달라고 요청한 택시 기사에게 10분 가까이 욕설을 퍼부은 사실이 알려졌다.",
				"sentenceSize": 75
			},
			{
				"sentenceNo": 2,
				"sentenceContent": "22일 YTN에 따르면 A씨는 지난 10일 오후 10시쯤 서울 신도림동에서 일행 세 명과 함께 택시에 탑승한 뒤 소란을 피웠다.",
				"sentenceSize": 71
			},
			{
				"sentenceNo": 3,
				"sentenceContent": "매체에 따르면 A씨는 탑승 당시 술에 많이 취한 상태였고, 조수석 뒷자리에 앉았으나 안전벨트도 착용하지 않았다.",
				"sentenceSize": 62
			},
			{
				"sentenceNo": 4,
				"sentenceContent": "그러던중 A씨는 통화를 시작했고 마스크를 내렸다.",
				"sentenceSize": 27
			},
			{
				"sentenceNo": 5,
				"sentenceContent": "이에 택시기사가 A씨에게 마스크 착용을 요청하자 그는 전화를 끊고 고성을 질렀다.",
				"sentenceSize": 45
			},
			{
				"sentenceNo": 6,
				"sentenceContent": "A씨는 “야 이 XX야! 네가 말을 좋게 하라고! 손님한테 XXX 하네” “XX놈아!”등의 욕설을 끊임없이 내뱉었으며 흥분한 채 주먹을 치켜들기도 했다.",
				"sentenceSize": 85
			},
			{
				"sentenceNo": 7,
				"sentenceContent": "A씨는 결국 일행의 제지 끝에 목적지에 도착하기 전 먼저 택시에서 내렸다.",
				"sentenceSize": 41
			},
			{
				"sentenceNo": 8,
				"sentenceContent": "택시 기사는 해당 매체에 “보통 사람들은 욕을 않고, 또 욕을 했다손 치더라도 한두 번 하고 말지 이렇게 한 10여 분 동안 귀가 따갑도록 욕설한 사람은 처음”이라며 모욕감을 느꼈다고 호소했다.",
				"sentenceSize": 108
			},
			{
				"sentenceNo": 9,
				"sentenceContent": "A씨는 지난 1980년 데뷔해 영화와 방송계에서 활동 중인 중년 배우다.",
				"sentenceSize": 40
			},
			{
				"sentenceNo": 10,
				"sentenceContent": "그는 지난 2014년에도 술에 취한 상태에서 택시기사와 시비가 붙어 즉결 심판에 넘겨진 적이 있다.",
				"sentenceSize": 55
			},
			{
				"sentenceNo": 11,
				"sentenceContent": "A씨는 YTN에 “통화 중 답답해 잠시 마스크를 벗었고 술김에 기사의 말을 오해한 것”이라면서 “정말 억울한 일이 생겨 술을 많이 먹었다. 미안하다고 벌써 사과했고 조만간 합의금을 넉넉히 주려고 한다”고 말했다.",
				"sentenceSize": 118
			},
			{
				"sentenceNo": 12,
				"sentenceContent": "운행 중인 택시 기사를 폭행할 경우 특정범죄가중처벌법상 운전자 폭행 혐의가 적용돼 최대 5년 이하 징역에 처한다.",
				"sentenceSize": 63
			},
			{
				"sentenceNo": 13,
				"sentenceContent": "다만, A 씨는 실제 기사를 때리진 않아 형사 처벌을 받진 않을 것으로 보인다고 매체는 밝혔다.",
				"sentenceSize": 53
			}
		]
	},
	"labeledDataInfo": {
		"processSentenceInfo": [
			{
				"sentenceNo": 1,
				"sentenceContent": "데뷔한 지 40년이 넘은 중년 배우가 마스크를 제대로 착용해 달라고 요청한 택시 기사에게 10분 가까이 욕설을 퍼부은 사실이 알려졌다.",
				"subjectConsistencyYn": "Y"
			},
			{
				"sentenceNo": 2,
				"sentenceContent": "22일 YTN에 따르면 A씨는 지난 10일 오후 10시쯤 서울 신도림동에서 일행 세 명과 함께 택시에 탑승한 뒤 소란을 피웠다.",
				"subjectConsistencyYn": "Y"
			},
			{
				"sentenceNo": 3,
				"sentenceContent": "매체에 따르면 A씨는 탑승 당시 술에 많이 취한 상태였고, 조수석 뒷자리에 앉았으나 안전벨트도 착용하지 않았다.",
				"subjectConsistencyYn": "Y"
			},
			{
				"sentenceNo": 4,
				"sentenceContent": "그러던중 A씨는 통화를 시작했고 마스크를 내렸다.",
				"subjectConsistencyYn": "Y"
			},
			{
				"sentenceNo": 5,
				"sentenceContent": "이에 택시기사가 A씨에게 마스크 착용을 요청하자 그는 전화를 끊고 고성을 질렀다.",
				"subjectConsistencyYn": "Y"
			},
			{
				"sentenceNo": 6,
				"sentenceContent": "A씨는 “야 이 XX야! 네가 말을 좋게 하라고! 손님한테 XXX 하네” “XX놈아!”등의 욕설을 끊임없이 내뱉었으며 흥분한 채 주먹을 치켜들기도 했다.",
				"subjectConsistencyYn": "Y"
			},
			{
				"sentenceNo": 7,
				"sentenceContent": "A씨는 결국 일행의 제지 끝에 목적지에 도착하기 전 먼저 택시에서 내렸다.",
				"subjectConsistencyYn": "Y"
			},
			{
				"sentenceNo": 8,
				"sentenceContent": "택시 기사는 해당 매체에 “보통 사람들은 욕을 않고, 또 욕을 했다손 치더라도 한두 번 하고 말지 이렇게 한 10여 분 동안 귀가 따갑도록 욕설한 사람은 처음”이라며 모욕감을 느꼈다고 호소했다.",
				"subjectConsistencyYn": "Y"
			},
			{
				"sentenceNo": 9,
				"sentenceContent": "A씨는 지난 1980년 데뷔해 영화와 방송계에서 활동 중인 중년 배우다.",
				"subjectConsistencyYn": "Y"
			},
			{
				"sentenceNo": 10,
				"sentenceContent": "그는 지난 2014년에도 술에 취한 상태에서 택시기사와 시비가 붙어 즉결 심판에 넘겨진 적이 있다.",
				"subjectConsistencyYn": "Y"
			},
			{
				"sentenceNo": 11,
				"sentenceContent": "네티즌들은 \\\"KBS 장난하나 왜 시간이 갑자기 바뀌냐\\\" \\\"KBS는 시청자들을 우롱하나\\\" \\\"KBS는 시청자들에게 사죄하라\\\" 등의 반응이다.",
				"subjectConsistencyYn": "N"
			},
			{
				"sentenceNo": 12,
				"sentenceContent": "개를 훔치는 완벽한 방법 [사진 개를 훔치는 완벽한 방법 공식 포스터] 온라인 중앙일보",
				"subjectConsistencyYn": "N"
			}
		],
		"clickbaitClass": 0
	}
}