{
	"sourceDataInfo": {
		"newsID": "ET_M13_490502",
		"newsCategory": "연예",
		"newsSubcategory": "방송",
		"newsTitle": "‘돌싱글즈2’ 김은영, 이창수 아버지 만난다",
		"newsSubTitle": "",
		"newsContent": "“아버님 몸만 오세요!” vs “우리 아가~ 내일 봐!” MBN ‘돌싱글즈2’ 김은영이 이창수 아버지를 만나, ‘예비 상견례’(?)를 치른다.\n오는 19일(일) 밤 9시 20분 방송하는 MBN ‘돌싱글즈2’ 10회에서는 이창수X김은영 ‘쌈싸라 커플’이 이창수의 아버지와 처음 만나는 현장이 공개된다.\n두 사람은 동거 셋째 날 밤 김은영의 ‘절친’ 여경 씨를 초대해 저녁 자리를 가지던 중, 이창수 아버지의 ‘방문 예고’ 전화를 받고 초긴장 모드가 된다.\n휴대폰 너머 이창수 아버지의 목소리에 자리에서 벌떡 일어난 김은영은 처음 통화하는 이창수의 아버지에게 “아버님, 몸만 오세요”라며 특유의 애교를 발사한다.\n이창수의 아버지 역시 “우리 아가, 내일 봐~”라고 살갑게 화답한다.\n다음 날 ‘동거 하우스’를 찾아온 이창수의 아버지는 두 사람의 웨딩사진을 본 뒤 “결혼을 했으니 이제 며느리가 된 것”이라며 호감을 보이고, 첫 만남부터 김은영에게 ‘용돈 봉투’를 선물하며 ‘플렉스’를 드러낸다.\n과연 이창수 아버지의 방문이 ‘쌈싸라 커플’에게 어떤 변화를 가져다 줄지 초미의 관심이 쏠린다.\n제작진은 “사랑도 싸움도 화해도 화끈한 ‘쌈싸라 커플’이 이창수 아버지와의 만남에서 또 한 번 ‘사고’를 일으킨다”며 “4MC의 ‘꿀잼 관전’을 유발한 3인의 만남 현장을 흥미진진하게 지켜봐 달라”고 밝혔다. ‘쌈싸라 커플’ 외에도 윤남기X이다은 ‘남다른 커플’, 이덕연X유소민 ‘덕소 커플’의 짜릿한 동거 이야기로 7주째 종편 동시간대 시청률 1위를 이어가고 있는 MBN ‘돌싱글즈2’ 10회는 19일(일) 밤 9시 20분 방송된다.",
		"partNum": "P2",
		"useType": 0,
		"processType": "A",
		"processPattern": "99",
		"processLevel": "하",
		"sentenceCount": 8,
		"processSentencenum": 2,
		"sentenceInfo": [
			{
				"sentenceNo": 1,
				"sentenceContent": "“아버님 몸만 오세요!” vs “우리 아가~ 내일 봐!” MBN ‘돌싱글즈2’ 김은영이 이창수 아버지를 만나, ‘예비 상견례’(?)를 치른다.",
				"sentenceSize": 79
			},
			{
				"sentenceNo": 2,
				"sentenceContent": "오는 19일(일) 밤 9시 20분 방송하는 MBN ‘돌싱글즈2’ 10회에서는 이창수X김은영 ‘쌈싸라 커플’이 이창수의 아버지와 처음 만나는 현장이 공개된다.",
				"sentenceSize": 87
			},
			{
				"sentenceNo": 3,
				"sentenceContent": "두 사람은 동거 셋째 날 밤 김은영의 ‘절친’ 여경 씨를 초대해 저녁 자리를 가지던 중, 이창수 아버지의 ‘방문 예고’ 전화를 받고 초긴장 모드가 된다.",
				"sentenceSize": 85
			},
			{
				"sentenceNo": 4,
				"sentenceContent": "휴대폰 너머 이창수 아버지의 목소리에 자리에서 벌떡 일어난 김은영은 처음 통화하는 이창수의 아버지에게 “아버님, 몸만 오세요”라며 특유의 애교를 발사한다.",
				"sentenceSize": 86
			},
			{
				"sentenceNo": 5,
				"sentenceContent": "이창수의 아버지 역시 “우리 아가, 내일 봐~”라고 살갑게 화답한다.",
				"sentenceSize": 38
			},
			{
				"sentenceNo": 6,
				"sentenceContent": "다음 날 ‘동거 하우스’를 찾아온 이창수의 아버지는 두 사람의 웨딩사진을 본 뒤 “결혼을 했으니 이제 며느리가 된 것”이라며 호감을 보이고, 첫 만남부터 김은영에게 ‘용돈 봉투’를 선물하며 ‘플렉스’를 드러낸다.",
				"sentenceSize": 118
			},
			{
				"sentenceNo": 7,
				"sentenceContent": "과연 이창수 아버지의 방문이 ‘쌈싸라 커플’에게 어떤 변화를 가져다 줄지 초미의 관심이 쏠린다.",
				"sentenceSize": 53
			},
			{
				"sentenceNo": 8,
				"sentenceContent": "제작진은 “사랑도 싸움도 화해도 화끈한 ‘쌈싸라 커플’이 이창수 아버지와의 만남에서 또 한 번 ‘사고’를 일으킨다”며 “4MC의 ‘꿀잼 관전’을 유발한 3인의 만남 현장을 흥미진진하게 지켜봐 달라”고 밝혔다. ‘쌈싸라 커플’ 외에도 윤남기X이다은 ‘남다른 커플’, 이덕연X유소민 ‘덕소 커플’의 짜릿한 동거 이야기로 7주째 종편 동시간대 시청률 1위를 이어가고 있는 MBN ‘돌싱글즈2’ 10회는 19일(일) 밤 9시 20분 방송된다.",
				"sentenceSize": 243
			}
		]
	},
	"labeledDataInfo": {
		"processSentenceInfo": [
			{
				"sentenceNo": 1,
				"sentenceContent": "“아버님 몸만 오세요!” vs “우리 아가~ 내일 봐!” MBN ‘돌싱글즈2’ 김은영이 이창수 아버지를 만나, ‘예비 상견례’(?)를 치른다.",
				"subjectConsistencyYn": "Y"
			},
			{
				"sentenceNo": 2,
				"sentenceContent": "오는 19일(일) 밤 9시 20분 방송하는 MBN ‘돌싱글즈2’ 10회에서는 이창수X김은영 ‘쌈싸라 커플’이 이창수의 아버지와 처음 만나는 현장이 공개된다.",
				"subjectConsistencyYn": "Y"
			},
			{
				"sentenceNo": 3,
				"sentenceContent": "두 사람은 동거 셋째 날 밤 김은영의 ‘절친’ 여경 씨를 초대해 저녁 자리를 가지던 중, 이창수 아버지의 ‘방문 예고’ 전화를 받고 초긴장 모드가 된다.",
				"subjectConsistencyYn": "Y"
			},
			{
				"sentenceNo": 4,
				"sentenceContent": "휴대폰 너머 이창수 아버지의 목소리에 자리에서 벌떡 일어난 김은영은 처음 통화하는 이창수의 아버지에게 “아버님, 몸만 오세요”라며 특유의 애교를 발사한다.",
				"subjectConsistencyYn": "Y"
			},
			{
				"sentenceNo": 5,
				"sentenceContent": "이창수의 아버지 역시 “우리 아가, 내일 봐~”라고 살갑게 화답한다.",
				"subjectConsistencyYn": "Y"
			},
			{
				"sentenceNo": 6,
				"sentenceContent": "다음 날 ‘동거 하우스’를 찾아온 이창수의 아버지는 두 사람의 웨딩사진을 본 뒤 “결혼을 했으니 이제 며느리가 된 것”이라며 호감을 보이고, 첫 만남부터 김은영에게 ‘용돈 봉투’를 선물하며 ‘플렉스’를 드러낸다.",
				"subjectConsistencyYn": "Y"
			},
			{
				"sentenceNo": 7,
				"sentenceContent": "복잡한 감정으로 마주할 수밖에 없는 두 사람이 어떤 대화를 나눴을지, 이 만남이 이후 하영은과 윤재국의 관계에 어떤 영향을 미칠지 궁금하다.",
				"subjectConsistencyYn": "N"
			},
			{
				"sentenceNo": 8,
				"sentenceContent": "이와 관련 ‘지헤중’ 제작진은 “하영은과 민여사의 만남은 두 인물의 다양한 감정이 담겨 있는 장면이다. 송혜교, 차화연 두 배우는 작은 떨림까지 디테일하게 표현하며 각각 인물의 감정을 깊이 있게 표현했다. 뿐만 아니라 두 배우의 대화를 주고받는 연기 호흡도 완벽했다. 시청자 여러분들도 깊이 몰입하실 수 있을 것이다. 많은 관심과 기대 부탁드린다”라고 전했다.",
				"subjectConsistencyYn": "N"
			}
		],
		"clickbaitClass": 0
	}
}