{
	"sourceDataInfo": {
		"newsID": "ET_M13_490760",
		"newsCategory": "연예",
		"newsSubcategory": "방송",
		"newsTitle": "‘꽃 피면 달 생각하고’ 안시하, 강렬한 존재감",
		"newsSubTitle": "",
		"newsContent": "배우 안시하가 ‘꽃 피면 달 생각하고’ 첫 등장부터 시청자들의 눈길을 사로잡았다.\nKBS 2TV 월화드라마 ‘꽃 피면 달 생각하고’는 역사상 가장 강력한 금주령의 시대 밀주꾼을 단속하는 원칙주의 감찰과 술을 빚어 인생을 바꿔보려는 밀주꾼 여인의 추격 로맨스를 그린 작품이다.\n안시하는 지난 20일 방송된 첫 회에서 무수리 출신 후궁 ‘경빈 이씨’로 등장해 강렬한 존재감을 드러냈다.\n경빈 이씨는 알코올 홀릭 왕세자 ‘이표’(변우석)와 투닥이는 모습으로 첫 등장을 알렸다.\n꾀병으로 문안 인사를 건너뛴 이표에게 “감환 기미로 미령하시다 하여 문안 인사도 오지 못할 만큼 앓아누워계신 줄 알았더니 아주 강건해 보이십니다”며 섭섭한 마음을 드러낸다.\n하지만 이내 차갑게 지나쳐 가버리는 아들의 모습에 “저 자식이 진짜!”라며 발끈하는 모습을 보여주며 캐릭터에 대한 호기심을 자아냈다.\n이어 과거 무수리에서 후궁이 된 경빈이 당시 왕위계승 1위였던 성현세자를 독살했다는 항간의 소문이 밀주방 선비들의 입을 빌어 드러난다.\n그리고 이를 들은 이표는 과거 성현세자 죽음 후 두려움과 환희가 섞인 묘한 표정을 짓고 있던 경빈 표정을 떠올리고, 이 과거 회상 장면은 소문과 맞물려 경빈에 대한 의혹과 궁금증을 증폭시키며 시청자들의 몰입도를 높였다.\n이처럼 안시하는 캐릭터의 경계를 넘나들며 배역에 완벽 몰입한 모습을 보여줬다.\n첫 사극 장르 도전이 믿기지 않을 만큼 완벽한 연기를 펼친 그가 이후 어떤 서사를 보여줄지 궁금증이 더해진다.\n한편 안시하가 출연하는 KBS 2TV 월화 드라마 ‘꽃 피면 달 생각하고’는 매주 월, 화요일 오후 9시 30분에 방송된다.",
		"partNum": "P2",
		"useType": 0,
		"processType": "A",
		"processPattern": "99",
		"processLevel": "하",
		"sentenceCount": 11,
		"processSentencenum": 2,
		"sentenceInfo": [
			{
				"sentenceNo": 1,
				"sentenceContent": "배우 안시하가 ‘꽃 피면 달 생각하고’ 첫 등장부터 시청자들의 눈길을 사로잡았다.",
				"sentenceSize": 45
			},
			{
				"sentenceNo": 2,
				"sentenceContent": "KBS 2TV 월화드라마 ‘꽃 피면 달 생각하고’는 역사상 가장 강력한 금주령의 시대 밀주꾼을 단속하는 원칙주의 감찰과 술을 빚어 인생을 바꿔보려는 밀주꾼 여인의 추격 로맨스를 그린 작품이다.",
				"sentenceSize": 107
			},
			{
				"sentenceNo": 3,
				"sentenceContent": "안시하는 지난 20일 방송된 첫 회에서 무수리 출신 후궁 ‘경빈 이씨’로 등장해 강렬한 존재감을 드러냈다.",
				"sentenceSize": 59
			},
			{
				"sentenceNo": 4,
				"sentenceContent": "경빈 이씨는 알코올 홀릭 왕세자 ‘이표’(변우석)와 투닥이는 모습으로 첫 등장을 알렸다.",
				"sentenceSize": 49
			},
			{
				"sentenceNo": 5,
				"sentenceContent": "꾀병으로 문안 인사를 건너뛴 이표에게 “감환 기미로 미령하시다 하여 문안 인사도 오지 못할 만큼 앓아누워계신 줄 알았더니 아주 강건해 보이십니다”며 섭섭한 마음을 드러낸다.",
				"sentenceSize": 96
			},
			{
				"sentenceNo": 6,
				"sentenceContent": "하지만 이내 차갑게 지나쳐 가버리는 아들의 모습에 “저 자식이 진짜!”라며 발끈하는 모습을 보여주며 캐릭터에 대한 호기심을 자아냈다.",
				"sentenceSize": 74
			},
			{
				"sentenceNo": 7,
				"sentenceContent": "이어 과거 무수리에서 후궁이 된 경빈이 당시 왕위계승 1위였던 성현세자를 독살했다는 항간의 소문이 밀주방 선비들의 입을 빌어 드러난다.",
				"sentenceSize": 75
			},
			{
				"sentenceNo": 8,
				"sentenceContent": "그리고 이를 들은 이표는 과거 성현세자 죽음 후 두려움과 환희가 섞인 묘한 표정을 짓고 있던 경빈 표정을 떠올리고, 이 과거 회상 장면은 소문과 맞물려 경빈에 대한 의혹과 궁금증을 증폭시키며 시청자들의 몰입도를 높였다.",
				"sentenceSize": 122
			},
			{
				"sentenceNo": 9,
				"sentenceContent": "이처럼 안시하는 캐릭터의 경계를 넘나들며 배역에 완벽 몰입한 모습을 보여줬다.",
				"sentenceSize": 43
			},
			{
				"sentenceNo": 10,
				"sentenceContent": "첫 사극 장르 도전이 믿기지 않을 만큼 완벽한 연기를 펼친 그가 이후 어떤 서사를 보여줄지 궁금증이 더해진다.",
				"sentenceSize": 61
			},
			{
				"sentenceNo": 11,
				"sentenceContent": "한편 안시하가 출연하는 KBS 2TV 월화 드라마 ‘꽃 피면 달 생각하고’는 매주 월, 화요일 오후 9시 30분에 방송된다.",
				"sentenceSize": 69
			}
		]
	},
	"labeledDataInfo": {
		"processSentenceInfo": [
			{
				"sentenceNo": 1,
				"sentenceContent": "배우 안시하가 ‘꽃 피면 달 생각하고’ 첫 등장부터 시청자들의 눈길을 사로잡았다.",
				"subjectConsistencyYn": "Y"
			},
			{
				"sentenceNo": 2,
				"sentenceContent": "KBS 2TV 월화드라마 ‘꽃 피면 달 생각하고’는 역사상 가장 강력한 금주령의 시대 밀주꾼을 단속하는 원칙주의 감찰과 술을 빚어 인생을 바꿔보려는 밀주꾼 여인의 추격 로맨스를 그린 작품이다.",
				"subjectConsistencyYn": "Y"
			},
			{
				"sentenceNo": 3,
				"sentenceContent": "안시하는 지난 20일 방송된 첫 회에서 무수리 출신 후궁 ‘경빈 이씨’로 등장해 강렬한 존재감을 드러냈다.",
				"subjectConsistencyYn": "Y"
			},
			{
				"sentenceNo": 4,
				"sentenceContent": "경빈 이씨는 알코올 홀릭 왕세자 ‘이표’(변우석)와 투닥이는 모습으로 첫 등장을 알렸다.",
				"subjectConsistencyYn": "Y"
			},
			{
				"sentenceNo": 5,
				"sentenceContent": "꾀병으로 문안 인사를 건너뛴 이표에게 “감환 기미로 미령하시다 하여 문안 인사도 오지 못할 만큼 앓아누워계신 줄 알았더니 아주 강건해 보이십니다”며 섭섭한 마음을 드러낸다.",
				"subjectConsistencyYn": "Y"
			},
			{
				"sentenceNo": 6,
				"sentenceContent": "하지만 이내 차갑게 지나쳐 가버리는 아들의 모습에 “저 자식이 진짜!”라며 발끈하는 모습을 보여주며 캐릭터에 대한 호기심을 자아냈다.",
				"subjectConsistencyYn": "Y"
			},
			{
				"sentenceNo": 7,
				"sentenceContent": "이어 과거 무수리에서 후궁이 된 경빈이 당시 왕위계승 1위였던 성현세자를 독살했다는 항간의 소문이 밀주방 선비들의 입을 빌어 드러난다.",
				"subjectConsistencyYn": "Y"
			},
			{
				"sentenceNo": 8,
				"sentenceContent": "그리고 이를 들은 이표는 과거 성현세자 죽음 후 두려움과 환희가 섞인 묘한 표정을 짓고 있던 경빈 표정을 떠올리고, 이 과거 회상 장면은 소문과 맞물려 경빈에 대한 의혹과 궁금증을 증폭시키며 시청자들의 몰입도를 높였다.",
				"subjectConsistencyYn": "Y"
			},
			{
				"sentenceNo": 9,
				"sentenceContent": "이처럼 안시하는 캐릭터의 경계를 넘나들며 배역에 완벽 몰입한 모습을 보여줬다.",
				"subjectConsistencyYn": "Y"
			},
			{
				"sentenceNo": 10,
				"sentenceContent": "이에 도끼는 \\\"한 몇십 억 되려나?\\\"라고 대답했고, 이를 들은 멤버들은 놀라워 하며 자리에서 일어났다.",
				"subjectConsistencyYn": "N"
			}
		],
		"clickbaitClass": 0
	}
}