{
	"sourceDataInfo": {
		"newsID": "ET_M13_490690",
		"newsCategory": "연예",
		"newsSubcategory": "방송",
		"newsTitle": "‘안다행’ 김병현, 최용수 홀린 안정환X현주엽 실력에 “거의 다단계”",
		"newsSubTitle": "",
		"newsContent": "‘안싸우면 다행이야’ 안정환과 현주엽의 칭찬이 최용수 감독을 춤추게 한다. 20일 오후 9시 방송하는 MBC ‘안싸우면 다행이야’(연출 김명진 노승욱, 작가 권정희 이하 ‘안다행’)에서 납도 이장 안정환, 청년회장 현주엽과 특별 손님 최용수의 자급자족 라이프가 펼쳐진다.\n최용수는 황도에 이어 납도를 찾는다.\n안정환과 현주엽이 지난 황도 편에서 지독한 생선 앓이를 보여준 최용수를 다시 초대한 것이다.\n안정환은 “납도 구경도 시켜드리고 먹거리 대접도 하고 싶다”며 선배 사랑을 드러낸다.\n안정환과 현주엽은 최용수가 섬에 도착하자마자 그를 부려먹어 폭소를 더한다.\n최용수는 두 신경전을 벌이다 칭찬세례에 넘어간다. ‘빽토커’ 김병현은 생선 손질부터 칼을 가는 것까지 하게 만든 안정환, 현주엽의 최용수 맞춤 조련 실력에 감탄한다.\n그는 “거의 다단계”라고 말해 스튜디오를 웃음바다로 만든다.\n칭찬에 취한 최용수는 해루질도 열정을 폭발시킨다.\n그는 ‘안다행’ 최초 돌멍게가 등장하자 “나 말리지 마”라며 적극적으로 멍게를 채취한다.\n또 첫 식사 준비에서 뒷정리도 마다하지 않는다는 후문이다.\n안정환과 현주엽의 칭찬에 중독된 최용수의 자급자족 이야기는 20일 밤 9시 MBC ‘안다행’을 통해 안방극장에 배달된다.",
		"partNum": "P2",
		"useType": 0,
		"processType": "A",
		"processPattern": "99",
		"processLevel": "하",
		"sentenceCount": 11,
		"processSentencenum": 2,
		"sentenceInfo": [
			{
				"sentenceNo": 1,
				"sentenceContent": "‘안싸우면 다행이야’ 안정환과 현주엽의 칭찬이 최용수 감독을 춤추게 한다. 20일 오후 9시 방송하는 MBC ‘안싸우면 다행이야’(연출 김명진 노승욱, 작가 권정희 이하 ‘안다행’)에서 납도 이장 안정환, 청년회장 현주엽과 특별 손님 최용수의 자급자족 라이프가 펼쳐진다.",
				"sentenceSize": 151
			},
			{
				"sentenceNo": 2,
				"sentenceContent": "최용수는 황도에 이어 납도를 찾는다.",
				"sentenceSize": 20
			},
			{
				"sentenceNo": 3,
				"sentenceContent": "안정환과 현주엽이 지난 황도 편에서 지독한 생선 앓이를 보여준 최용수를 다시 초대한 것이다.",
				"sentenceSize": 51
			},
			{
				"sentenceNo": 4,
				"sentenceContent": "안정환은 “납도 구경도 시켜드리고 먹거리 대접도 하고 싶다”며 선배 사랑을 드러낸다.",
				"sentenceSize": 47
			},
			{
				"sentenceNo": 5,
				"sentenceContent": "안정환과 현주엽은 최용수가 섬에 도착하자마자 그를 부려먹어 폭소를 더한다.",
				"sentenceSize": 41
			},
			{
				"sentenceNo": 6,
				"sentenceContent": "최용수는 두 신경전을 벌이다 칭찬세례에 넘어간다. ‘빽토커’ 김병현은 생선 손질부터 칼을 가는 것까지 하게 만든 안정환, 현주엽의 최용수 맞춤 조련 실력에 감탄한다.",
				"sentenceSize": 92
			},
			{
				"sentenceNo": 7,
				"sentenceContent": "그는 “거의 다단계”라고 말해 스튜디오를 웃음바다로 만든다.",
				"sentenceSize": 33
			},
			{
				"sentenceNo": 8,
				"sentenceContent": "칭찬에 취한 최용수는 해루질도 열정을 폭발시킨다.",
				"sentenceSize": 27
			},
			{
				"sentenceNo": 9,
				"sentenceContent": "그는 ‘안다행’ 최초 돌멍게가 등장하자 “나 말리지 마”라며 적극적으로 멍게를 채취한다.",
				"sentenceSize": 49
			},
			{
				"sentenceNo": 10,
				"sentenceContent": "또 첫 식사 준비에서 뒷정리도 마다하지 않는다는 후문이다.",
				"sentenceSize": 32
			},
			{
				"sentenceNo": 11,
				"sentenceContent": "안정환과 현주엽의 칭찬에 중독된 최용수의 자급자족 이야기는 20일 밤 9시 MBC ‘안다행’을 통해 안방극장에 배달된다.",
				"sentenceSize": 67
			}
		]
	},
	"labeledDataInfo": {
		"processSentenceInfo": [
			{
				"sentenceNo": 1,
				"sentenceContent": "‘안싸우면 다행이야’ 안정환과 현주엽의 칭찬이 최용수 감독을 춤추게 한다. 20일 오후 9시 방송하는 MBC ‘안싸우면 다행이야’(연출 김명진 노승욱, 작가 권정희 이하 ‘안다행’)에서 납도 이장 안정환, 청년회장 현주엽과 특별 손님 최용수의 자급자족 라이프가 펼쳐진다.",
				"subjectConsistencyYn": "Y"
			},
			{
				"sentenceNo": 2,
				"sentenceContent": "최용수는 황도에 이어 납도를 찾는다.",
				"subjectConsistencyYn": "Y"
			},
			{
				"sentenceNo": 3,
				"sentenceContent": "안정환과 현주엽이 지난 황도 편에서 지독한 생선 앓이를 보여준 최용수를 다시 초대한 것이다.",
				"subjectConsistencyYn": "Y"
			},
			{
				"sentenceNo": 4,
				"sentenceContent": "안정환은 “납도 구경도 시켜드리고 먹거리 대접도 하고 싶다”며 선배 사랑을 드러낸다.",
				"subjectConsistencyYn": "Y"
			},
			{
				"sentenceNo": 5,
				"sentenceContent": "안정환과 현주엽은 최용수가 섬에 도착하자마자 그를 부려먹어 폭소를 더한다.",
				"subjectConsistencyYn": "Y"
			},
			{
				"sentenceNo": 6,
				"sentenceContent": "최용수는 두 신경전을 벌이다 칭찬세례에 넘어간다. ‘빽토커’ 김병현은 생선 손질부터 칼을 가는 것까지 하게 만든 안정환, 현주엽의 최용수 맞춤 조련 실력에 감탄한다.",
				"subjectConsistencyYn": "Y"
			},
			{
				"sentenceNo": 7,
				"sentenceContent": "그는 “거의 다단계”라고 말해 스튜디오를 웃음바다로 만든다.",
				"subjectConsistencyYn": "Y"
			},
			{
				"sentenceNo": 8,
				"sentenceContent": "칭찬에 취한 최용수는 해루질도 열정을 폭발시킨다.",
				"subjectConsistencyYn": "Y"
			},
			{
				"sentenceNo": 9,
				"sentenceContent": "그는 ‘안다행’ 최초 돌멍게가 등장하자 “나 말리지 마”라며 적극적으로 멍게를 채취한다.",
				"subjectConsistencyYn": "Y"
			},
			{
				"sentenceNo": 10,
				"sentenceContent": "이러한 분위기는 ‘모두가 갈망하지만 모두가 위태로운 곳’이라는 카피 문구와 맞닿아 비장함을 자아낸다.",
				"subjectConsistencyYn": "N"
			},
			{
				"sentenceNo": 11,
				"sentenceContent": "수애의 열연이 돋보일 JTBC 수목극 ‘공작도시’는 다음 달 8일 오후 10시30분에 첫 방송된다.",
				"subjectConsistencyYn": "N"
			}
		],
		"clickbaitClass": 0
	}
}