{
	"sourceDataInfo": {
		"newsID": "ET_M13_490430",
		"newsCategory": "연예",
		"newsSubcategory": "음악",
		"newsTitle": "‘음방 3관왕’ 아이브 “다이브 너무 고마워요”",
		"newsSubTitle": "",
		"newsContent": "그룹 아이브(IVE)가 데뷔와 동시에 3관왕에 올랐다.\n아이브는 지난 15일 오후 방송된 MBC M, MBC 에브리원 ‘쇼! 챔피언’에서 데뷔 타이틀곡 ‘ELEVEN’(일레븐)으로 1위를 차지했다.\n이날 무대에 앞서 공개된 ‘엔딩은 원샷이겠죠?’ 코너에선 아이브 멤버들의 ‘사랑해’ 대결이 펼쳐졌다.\n탑 쌓기 엔딩 포즈를 마친 뒤 엔딩 요정으로 선정된 원영은 다채로운 표정으로 마지막을 장식했다.\n비주얼과 퍼포먼스, 음악성 3박자를 뽐낸 아이브는 후렴구에서 ‘Heaven’(헤븐)을 외치며 독특한 손동작이 더해진 ‘헤븐춤’과 ‘1,2,3,4,5,6,7’ 가사와 어우러지는 ‘세븐춤’ 등 다양한 포인트 안무로 분위기를 전환했다. ‘챔피언송’을 차지하며 음악 방송 3관왕에 오른 아이브는 소속사 스타쉽엔터테인먼트를 통해 “이렇게 큰 상을 계속 받고 있다는 게 실감이 나질 않는다. 앞으로 더 힘내서 열심히 하라고 주신 트로피라고 생각하겠다”며 “다이브(공식 팬클럽명)와도 이 기쁨을 함께 나누고 싶다. 하루빨리 같이 얼굴 보고 무대에 설 날을 손꼽아 기다리고 있겠다. 정말 감사드린다”고 소감을 전했다.\n한편 데뷔와 동시에 음악 방송 3관왕에 오른 아이브는 각종 방송, 라디오에 출연하며 활발히 활동할 계획이다.",
		"partNum": "P2",
		"useType": 0,
		"processType": "A",
		"processPattern": "99",
		"processLevel": "하",
		"sentenceCount": 6,
		"processSentencenum": 1,
		"sentenceInfo": [
			{
				"sentenceNo": 1,
				"sentenceContent": "그룹 아이브(IVE)가 데뷔와 동시에 3관왕에 올랐다.",
				"sentenceSize": 30
			},
			{
				"sentenceNo": 2,
				"sentenceContent": "아이브는 지난 15일 오후 방송된 MBC M, MBC 에브리원 ‘쇼! 챔피언’에서 데뷔 타이틀곡 ‘ELEVEN’(일레븐)으로 1위를 차지했다.",
				"sentenceSize": 79
			},
			{
				"sentenceNo": 3,
				"sentenceContent": "이날 무대에 앞서 공개된 ‘엔딩은 원샷이겠죠?’ 코너에선 아이브 멤버들의 ‘사랑해’ 대결이 펼쳐졌다.",
				"sentenceSize": 56
			},
			{
				"sentenceNo": 4,
				"sentenceContent": "탑 쌓기 엔딩 포즈를 마친 뒤 엔딩 요정으로 선정된 원영은 다채로운 표정으로 마지막을 장식했다.",
				"sentenceSize": 53
			},
			{
				"sentenceNo": 5,
				"sentenceContent": "비주얼과 퍼포먼스, 음악성 3박자를 뽐낸 아이브는 후렴구에서 ‘Heaven’(헤븐)을 외치며 독특한 손동작이 더해진 ‘헤븐춤’과 ‘1,2,3,4,5,6,7’ 가사와 어우러지는 ‘세븐춤’ 등 다양한 포인트 안무로 분위기를 전환했다. ‘챔피언송’을 차지하며 음악 방송 3관왕에 오른 아이브는 소속사 스타쉽엔터테인먼트를 통해 “이렇게 큰 상을 계속 받고 있다는 게 실감이 나질 않는다. 앞으로 더 힘내서 열심히 하라고 주신 트로피라고 생각하겠다”며 “다이브(공식 팬클럽명)와도 이 기쁨을 함께 나누고 싶다. 하루빨리 같이 얼굴 보고 무대에 설 날을 손꼽아 기다리고 있겠다. 정말 감사드린다”고 소감을 전했다.",
				"sentenceSize": 337
			},
			{
				"sentenceNo": 6,
				"sentenceContent": "한편 데뷔와 동시에 음악 방송 3관왕에 오른 아이브는 각종 방송, 라디오에 출연하며 활발히 활동할 계획이다.",
				"sentenceSize": 60
			}
		]
	},
	"labeledDataInfo": {
		"processSentenceInfo": [
			{
				"sentenceNo": 1,
				"sentenceContent": "그룹 아이브(IVE)가 데뷔와 동시에 3관왕에 올랐다.",
				"subjectConsistencyYn": "Y"
			},
			{
				"sentenceNo": 2,
				"sentenceContent": "아이브는 지난 15일 오후 방송된 MBC M, MBC 에브리원 ‘쇼! 챔피언’에서 데뷔 타이틀곡 ‘ELEVEN’(일레븐)으로 1위를 차지했다.",
				"subjectConsistencyYn": "Y"
			},
			{
				"sentenceNo": 3,
				"sentenceContent": "이날 무대에 앞서 공개된 ‘엔딩은 원샷이겠죠?’ 코너에선 아이브 멤버들의 ‘사랑해’ 대결이 펼쳐졌다.",
				"subjectConsistencyYn": "Y"
			},
			{
				"sentenceNo": 4,
				"sentenceContent": "탑 쌓기 엔딩 포즈를 마친 뒤 엔딩 요정으로 선정된 원영은 다채로운 표정으로 마지막을 장식했다.",
				"subjectConsistencyYn": "Y"
			},
			{
				"sentenceNo": 5,
				"sentenceContent": "비주얼과 퍼포먼스, 음악성 3박자를 뽐낸 아이브는 후렴구에서 ‘Heaven’(헤븐)을 외치며 독특한 손동작이 더해진 ‘헤븐춤’과 ‘1,2,3,4,5,6,7’ 가사와 어우러지는 ‘세븐춤’ 등 다양한 포인트 안무로 분위기를 전환했다. ‘챔피언송’을 차지하며 음악 방송 3관왕에 오른 아이브는 소속사 스타쉽엔터테인먼트를 통해 “이렇게 큰 상을 계속 받고 있다는 게 실감이 나질 않는다. 앞으로 더 힘내서 열심히 하라고 주신 트로피라고 생각하겠다”며 “다이브(공식 팬클럽명)와도 이 기쁨을 함께 나누고 싶다. 하루빨리 같이 얼굴 보고 무대에 설 날을 손꼽아 기다리고 있겠다. 정말 감사드린다”고 소감을 전했다.",
				"subjectConsistencyYn": "Y"
			},
			{
				"sentenceNo": 6,
				"sentenceContent": "특히 극중 조연주와 강미나로 1인 2역에 도전한 김도연이 두 인물의 분위기 차이를 오롯이 표현한 데 이어, 영훈은 극중 한승욱이 느끼는 내면의 미묘한 심경 변화를 눈빛으로 풀어내며 현장의 시선을 집중시켰다.",
				"subjectConsistencyYn": "N"
			},
			{
				"sentenceNo": 7,
				"sentenceContent": "제작진은 “김도연과 영훈의 밝은 매력과 열정이 현장에 긍정적인 에너지를 가져다준다”며 “14년 전 과거의 새로운 이야기가 공개될 예정이다. 한승욱의 첫사랑의 기억이 어디서부터 어떻게 잘못된 것인지 이번 주 9, 10회 방송을 통해 확인해 달라”고 전했다.",
				"subjectConsistencyYn": "N"
			},
			{
				"sentenceNo": 8,
				"sentenceContent": "한편 SBS 금토드라마 ‘원 더 우먼’ 9회는 오는 15일(금) 밤 10시에 방송된다.",
				"subjectConsistencyYn": "N"
			}
		],
		"clickbaitClass": 0
	}
}