{
	"sourceDataInfo": {
		"newsID": "ET_M13_490414",
		"newsCategory": "연예",
		"newsSubcategory": "연예일반",
		"newsTitle": "황정음, 친구 위해 국민청원 독려 “도와주세요”",
		"newsSubTitle": "",
		"newsContent": "배우 황정음이 친구를 위해 국민청원 참여 독려에 나섰다.\n황정음은 지난 15일 자신의 인스타그램 스토리에 ‘00은행 앱 비밀번호 유출로 부모님 전 재산이 사라졌다’는 제목의 국민청원 게시물을 공유했다.\n청원 글 작성자는 “00은행 앱 비밀번호 6자리 유출로 부모님 전 재산이 사라졌다”며 “누군가가 내 휴대전화를 손에 넣거나 해킹만 가능하다면 OTP 없이도 비밀번호 6자리만으로도 계좌에 있는 돈을 얼마든지 인출할 수 있다”고 말했다.\n이어 “70대 아버지가 평생 직장 생활을 하며 모은 돈과 조부모님으로부터 물려받은 땅을 막 팔아 세금도 내지 못한 돈을 모아둔 통장이었다”며 “부모님을 대신해 보이스피싱 금융 사기에 대해 짚어보고 싶다”고 토로했다.\n청원 글에 따르면 금융사, 통신사 등은 ‘우리 책임은 없다’며 배상을 거부하고 있는 것으로 드러났다.\n글쓴이는 “예방에 실패했다면 이를 인정하고 고객 보호를 위한 대책 방안을 마련해달라”고 호소했다.\n한편, 황정음은 “꼭 동의해주세요. 친구 부모님 일이에요. 도와주세요”라고 덧붙이며, 자신의 SNS 프로필 하단에 청원 글로 이동할 수 있는 링크를 게재했다.",
		"partNum": "P2",
		"useType": 0,
		"processType": "A",
		"processPattern": "99",
		"processLevel": "하",
		"sentenceCount": 7,
		"processSentencenum": 1,
		"sentenceInfo": [
			{
				"sentenceNo": 1,
				"sentenceContent": "배우 황정음이 친구를 위해 국민청원 참여 독려에 나섰다.",
				"sentenceSize": 31
			},
			{
				"sentenceNo": 2,
				"sentenceContent": "황정음은 지난 15일 자신의 인스타그램 스토리에 ‘00은행 앱 비밀번호 유출로 부모님 전 재산이 사라졌다’는 제목의 국민청원 게시물을 공유했다.",
				"sentenceSize": 80
			},
			{
				"sentenceNo": 3,
				"sentenceContent": "청원 글 작성자는 “00은행 앱 비밀번호 6자리 유출로 부모님 전 재산이 사라졌다”며 “누군가가 내 휴대전화를 손에 넣거나 해킹만 가능하다면 OTP 없이도 비밀번호 6자리만으로도 계좌에 있는 돈을 얼마든지 인출할 수 있다”고 말했다.",
				"sentenceSize": 130
			},
			{
				"sentenceNo": 4,
				"sentenceContent": "이어 “70대 아버지가 평생 직장 생활을 하며 모은 돈과 조부모님으로부터 물려받은 땅을 막 팔아 세금도 내지 못한 돈을 모아둔 통장이었다”며 “부모님을 대신해 보이스피싱 금융 사기에 대해 짚어보고 싶다”고 토로했다.",
				"sentenceSize": 120
			},
			{
				"sentenceNo": 5,
				"sentenceContent": "청원 글에 따르면 금융사, 통신사 등은 ‘우리 책임은 없다’며 배상을 거부하고 있는 것으로 드러났다.",
				"sentenceSize": 56
			},
			{
				"sentenceNo": 6,
				"sentenceContent": "글쓴이는 “예방에 실패했다면 이를 인정하고 고객 보호를 위한 대책 방안을 마련해달라”고 호소했다.",
				"sentenceSize": 54
			},
			{
				"sentenceNo": 7,
				"sentenceContent": "한편, 황정음은 “꼭 동의해주세요. 친구 부모님 일이에요. 도와주세요”라고 덧붙이며, 자신의 SNS 프로필 하단에 청원 글로 이동할 수 있는 링크를 게재했다.",
				"sentenceSize": 88
			}
		]
	},
	"labeledDataInfo": {
		"processSentenceInfo": [
			{
				"sentenceNo": 1,
				"sentenceContent": "배우 황정음이 친구를 위해 국민청원 참여 독려에 나섰다.",
				"subjectConsistencyYn": "Y"
			},
			{
				"sentenceNo": 2,
				"sentenceContent": "황정음은 지난 15일 자신의 인스타그램 스토리에 ‘00은행 앱 비밀번호 유출로 부모님 전 재산이 사라졌다’는 제목의 국민청원 게시물을 공유했다.",
				"subjectConsistencyYn": "Y"
			},
			{
				"sentenceNo": 3,
				"sentenceContent": "청원 글 작성자는 “00은행 앱 비밀번호 6자리 유출로 부모님 전 재산이 사라졌다”며 “누군가가 내 휴대전화를 손에 넣거나 해킹만 가능하다면 OTP 없이도 비밀번호 6자리만으로도 계좌에 있는 돈을 얼마든지 인출할 수 있다”고 말했다.",
				"subjectConsistencyYn": "Y"
			},
			{
				"sentenceNo": 4,
				"sentenceContent": "이어 “70대 아버지가 평생 직장 생활을 하며 모은 돈과 조부모님으로부터 물려받은 땅을 막 팔아 세금도 내지 못한 돈을 모아둔 통장이었다”며 “부모님을 대신해 보이스피싱 금융 사기에 대해 짚어보고 싶다”고 토로했다.",
				"subjectConsistencyYn": "Y"
			},
			{
				"sentenceNo": 5,
				"sentenceContent": "청원 글에 따르면 금융사, 통신사 등은 ‘우리 책임은 없다’며 배상을 거부하고 있는 것으로 드러났다.",
				"subjectConsistencyYn": "Y"
			},
			{
				"sentenceNo": 6,
				"sentenceContent": "글쓴이는 “예방에 실패했다면 이를 인정하고 고객 보호를 위한 대책 방안을 마련해달라”고 호소했다.",
				"subjectConsistencyYn": "Y"
			},
			{
				"sentenceNo": 7,
				"sentenceContent": "한편, 장동민은 “개그맨들이 조금 더 높게 평가됐으면 좋겠다. ‘장동민이 머리 좋다’가 아니라 ‘대한민국 지금 현존하는 개그맨들이 머리 좋다’고 되면 좋겠다”고 밝혔다.",
				"subjectConsistencyYn": "N"
			}
		],
		"clickbaitClass": 0
	}
}