{
	"sourceDataInfo": {
		"newsID": "ET_M13_490515",
		"newsCategory": "연예",
		"newsSubcategory": "연예일반",
		"newsTitle": "[전문] 혜리 측 “악플러 법적 대응할 것, 좌시할 수준 넘어섰다”",
		"newsSubTitle": "",
		"newsContent": "가수 겸 배우 혜리 측이 악플러를 향한 강경 대응을 예고했다.\n혜리의 소속사 크리에이티브그룹아이엔지는 17일 사회적관계망서비스(SNS)를 통해 “최근 온라인 커뮤니티, SNS 등을 통해 혜리를 향한 악의적 비방, 인신공격, 성희롱, 명예훼손 등의 악성 게시물이 급증하고 있어 이에 대한 법적 대응을 진행할 것임을 알려드린다”고 밝혔다.\n이어 “그동안 꾸준한 모니터링과 제보에도 ‘표현의 자유’로 치부하려고 했으나, 몇 년 동안 꾸준히 혜리를 향해 무분별한 악플을 게시하는 특정 인물들의 행위가 더이상 좌시할 수준이 아니라는 결론을 내렸다”고 설명했다.\n끝으로 “당사는 앞으로 지속적인 모니터링과 제보 자료를 토대로 법률 대리인을 통해 고소 절차를 밟을 예정이며 선처없이 강경 대응할 것”이라고 전했다.\n한편 혜리는 오는 20일 첫 방송을 앞둔 KBS 2TV 월화드라마 ‘꽃 피면 달 생각하고’에서 생계형 양반 ‘강로서’를 연기한다.\n이하 크리에이티브그룹아이엔지 공식 입장 전문. 안녕하세요.\n크리에이티브그룹아이엔지입니다.\n최근 온라인 커뮤니티, SNS 등을 통해 당사 소속 아티스트인 혜리를 향한 악의적 비방, 인신공격, 성희롱, 명예훼손 등의 악성 게시물이 급증하고 있어 이에 대한 법적 대응을 진행할 것임을 알려드립니다.\n그동안 꾸준한 모니터링과 제보에도 ‘표현의 자유’로 치부하려고 했으나, 몇 년동안 꾸준히 혜리를 향해 무분별한 악플을 게시하는 특정 인물들의 행위가 더이상 좌시할 수준이 아니라는 결론을 내렸습니다.\n이에 당사는 앞으로 지속적인 모니터링과 제보 자료를 토대로 법률 대리인을 통해 고소 절차를 밟을 예정이며 선처없이 강경 대응할 것입니다.",
		"partNum": "P2",
		"useType": 0,
		"processType": "A",
		"processPattern": "99",
		"processLevel": "하",
		"sentenceCount": 10,
		"processSentencenum": 2,
		"sentenceInfo": [
			{
				"sentenceNo": 1,
				"sentenceContent": "가수 겸 배우 혜리 측이 악플러를 향한 강경 대응을 예고했다.",
				"sentenceSize": 34
			},
			{
				"sentenceNo": 2,
				"sentenceContent": "혜리의 소속사 크리에이티브그룹아이엔지는 17일 사회적관계망서비스(SNS)를 통해 “최근 온라인 커뮤니티, SNS 등을 통해 혜리를 향한 악의적 비방, 인신공격, 성희롱, 명예훼손 등의 악성 게시물이 급증하고 있어 이에 대한 법적 대응을 진행할 것임을 알려드린다”고 밝혔다.",
				"sentenceSize": 152
			},
			{
				"sentenceNo": 3,
				"sentenceContent": "이어 “그동안 꾸준한 모니터링과 제보에도 ‘표현의 자유’로 치부하려고 했으나, 몇 년 동안 꾸준히 혜리를 향해 무분별한 악플을 게시하는 특정 인물들의 행위가 더이상 좌시할 수준이 아니라는 결론을 내렸다”고 설명했다.",
				"sentenceSize": 120
			},
			{
				"sentenceNo": 4,
				"sentenceContent": "끝으로 “당사는 앞으로 지속적인 모니터링과 제보 자료를 토대로 법률 대리인을 통해 고소 절차를 밟을 예정이며 선처없이 강경 대응할 것”이라고 전했다.",
				"sentenceSize": 83
			},
			{
				"sentenceNo": 5,
				"sentenceContent": "한편 혜리는 오는 20일 첫 방송을 앞둔 KBS 2TV 월화드라마 ‘꽃 피면 달 생각하고’에서 생계형 양반 ‘강로서’를 연기한다.",
				"sentenceSize": 72
			},
			{
				"sentenceNo": 6,
				"sentenceContent": "이하 크리에이티브그룹아이엔지 공식 입장 전문. 안녕하세요.",
				"sentenceSize": 32
			},
			{
				"sentenceNo": 7,
				"sentenceContent": "크리에이티브그룹아이엔지입니다.",
				"sentenceSize": 16
			},
			{
				"sentenceNo": 8,
				"sentenceContent": "최근 온라인 커뮤니티, SNS 등을 통해 당사 소속 아티스트인 혜리를 향한 악의적 비방, 인신공격, 성희롱, 명예훼손 등의 악성 게시물이 급증하고 있어 이에 대한 법적 대응을 진행할 것임을 알려드립니다.",
				"sentenceSize": 113
			},
			{
				"sentenceNo": 9,
				"sentenceContent": "그동안 꾸준한 모니터링과 제보에도 ‘표현의 자유’로 치부하려고 했으나, 몇 년동안 꾸준히 혜리를 향해 무분별한 악플을 게시하는 특정 인물들의 행위가 더이상 좌시할 수준이 아니라는 결론을 내렸습니다.",
				"sentenceSize": 110
			},
			{
				"sentenceNo": 10,
				"sentenceContent": "이에 당사는 앞으로 지속적인 모니터링과 제보 자료를 토대로 법률 대리인을 통해 고소 절차를 밟을 예정이며 선처없이 강경 대응할 것입니다.",
				"sentenceSize": 76
			}
		]
	},
	"labeledDataInfo": {
		"processSentenceInfo": [
			{
				"sentenceNo": 1,
				"sentenceContent": "가수 겸 배우 혜리 측이 악플러를 향한 강경 대응을 예고했다.",
				"subjectConsistencyYn": "Y"
			},
			{
				"sentenceNo": 2,
				"sentenceContent": "혜리의 소속사 크리에이티브그룹아이엔지는 17일 사회적관계망서비스(SNS)를 통해 “최근 온라인 커뮤니티, SNS 등을 통해 혜리를 향한 악의적 비방, 인신공격, 성희롱, 명예훼손 등의 악성 게시물이 급증하고 있어 이에 대한 법적 대응을 진행할 것임을 알려드린다”고 밝혔다.",
				"subjectConsistencyYn": "Y"
			},
			{
				"sentenceNo": 3,
				"sentenceContent": "이어 “그동안 꾸준한 모니터링과 제보에도 ‘표현의 자유’로 치부하려고 했으나, 몇 년 동안 꾸준히 혜리를 향해 무분별한 악플을 게시하는 특정 인물들의 행위가 더이상 좌시할 수준이 아니라는 결론을 내렸다”고 설명했다.",
				"subjectConsistencyYn": "Y"
			},
			{
				"sentenceNo": 4,
				"sentenceContent": "끝으로 “당사는 앞으로 지속적인 모니터링과 제보 자료를 토대로 법률 대리인을 통해 고소 절차를 밟을 예정이며 선처없이 강경 대응할 것”이라고 전했다.",
				"subjectConsistencyYn": "Y"
			},
			{
				"sentenceNo": 5,
				"sentenceContent": "한편 혜리는 오는 20일 첫 방송을 앞둔 KBS 2TV 월화드라마 ‘꽃 피면 달 생각하고’에서 생계형 양반 ‘강로서’를 연기한다.",
				"subjectConsistencyYn": "Y"
			},
			{
				"sentenceNo": 6,
				"sentenceContent": "이하 크리에이티브그룹아이엔지 공식 입장 전문. 안녕하세요.",
				"subjectConsistencyYn": "Y"
			},
			{
				"sentenceNo": 7,
				"sentenceContent": "크리에이티브그룹아이엔지입니다.",
				"subjectConsistencyYn": "Y"
			},
			{
				"sentenceNo": 8,
				"sentenceContent": "최근 온라인 커뮤니티, SNS 등을 통해 당사 소속 아티스트인 혜리를 향한 악의적 비방, 인신공격, 성희롱, 명예훼손 등의 악성 게시물이 급증하고 있어 이에 대한 법적 대응을 진행할 것임을 알려드립니다.",
				"subjectConsistencyYn": "Y"
			},
			{
				"sentenceNo": 9,
				"sentenceContent": "코로나19가 완치된 뒤 정우성의 근황을 본 팬들은 남다른 그의 행보에도 박수를 보냈다.",
				"subjectConsistencyYn": "N"
			},
			{
				"sentenceNo": 10,
				"sentenceContent": "이들은 ‘개념도 얼굴에 비례하는 배우’라고 치켜세웠다.",
				"subjectConsistencyYn": "N"
			}
		],
		"clickbaitClass": 0
	}
}