{
	"sourceDataInfo": {
		"newsID": "ET_M13_490623",
		"newsCategory": "연예",
		"newsSubcategory": "방송",
		"newsTitle": "‘불가살’ 찍는 권나라 4종세트",
		"newsSubTitle": "",
		"newsContent": "배우 권나라가 ‘불가살’로 또 다시 연기 변신에 성공하며 시청자들의 호평을 받았다.\n그 가운데 600년 전 전생의 모습으로 등장, 극의 서사를 담아낸 티저 영상의 비하인드 컷이 공개돼 눈길을 끈다.\n권나라는 지난 18일 첫 방송된 tvN 토일드라마 ‘불가살’(극본 권소라, 서재원/ 연출 장영우/ 제작 스튜디오드래곤, 쇼러너스)에 첫 등장해 신비로운 분위기를 내뿜는 불사의 존재 ‘불가살’로 모두를 깜짝 놀라게 했다.\n19일 소속사 에이맨프로젝트를 통해 공개된 사진 속에는 티저 영상에서 ‘불가살’로 열연을 펼치는 권나라의 모습이 담겼다. ‘불가살’은 죽일 수도, 죽을 수도 없는 불가살(不可殺)이 된 남자가 600년 동안 환생을 반복하는 한 여자를 쫓는 슬프지만 아름다운 이야기를 그리는 드라마. 이번 작품에서 권나라는 전생과 환생을 반복하는 미스터리한 운명을 지닌 여자 ‘민상운’ 역할을 맡았는데, 첫 방송에는 과거의 그녀가 ‘불가살’이었다는 반전으로 놀라움을 안겼다.\n귀물인 불가살로 변신한 권나라의 모습은 슬프지만 아름다운 분위기를 뿜어내며 묘한 신비로운 모습이다.\n권나라는 드라마에서 가장 중요한 시작점이 되는 해당 씬을 소화하기 위해 자신의 출연 장면 뿐 아니라 다양한 캐릭터의 서사까지 공부하며 대본을 손에서 놓치 않았다.\n또한 고도의 집중력으로 촬영이 완료된 뒤에는 꼼꼼한 모니터링을 놓치지 않았으며, 감독님을 비롯한 다양한 스태프들의 의견을 경청하며 신비로운 불사의 존재 ‘불가살’의 모습을 완벽하게 만들어냈다.\n권나라는 ‘불가살’의 흥행과 함께 주연으로서 확실하게 자리매김 했다는 평이다.\n드라마 ‘나의 아저씨’, ‘이태원 클라쓰’를 비롯해 ‘암행어사’까지 흥행을 이어온 그는 ‘불가살’에서 환생을 반복하는 캐릭터로 다채로운 모습을 보여줄 예정. 주연으로서 촬영장에서 최선을 다하는 모습까지 공개되며 시청자들의 이목이 집중되고 있다.\n소속사 측은 “권나라가 이번 작품을 위해 많은 시간 공을 들이며 대본을 읽고 또 읽었다. 또한 감독님과 스태프들과 소통을 통해 캐릭터를 완성해나갔다”면서 “‘불가살’에서 이제 환생을 반복하는 민상운으로 등장할 예정이니 많은 격려 부탁드린다”고 전했다.\n한편, 권나라는 과거 불가살에서 환생을 반복하는 흥미로운 캐릭터 민상운으로 등장할 예정. 그가 보여줄 다채로운 매력이 담긴 민상운의 모습은 매주 토일 방송되는 ‘불가살’을 통해 확인할 수 있다.",
		"partNum": "P2",
		"useType": 0,
		"processType": "A",
		"processPattern": "99",
		"processLevel": "하",
		"sentenceCount": 11,
		"processSentencenum": 1,
		"sentenceInfo": [
			{
				"sentenceNo": 1,
				"sentenceContent": "배우 권나라가 ‘불가살’로 또 다시 연기 변신에 성공하며 시청자들의 호평을 받았다.",
				"sentenceSize": 46
			},
			{
				"sentenceNo": 2,
				"sentenceContent": "그 가운데 600년 전 전생의 모습으로 등장, 극의 서사를 담아낸 티저 영상의 비하인드 컷이 공개돼 눈길을 끈다.",
				"sentenceSize": 63
			},
			{
				"sentenceNo": 3,
				"sentenceContent": "권나라는 지난 18일 첫 방송된 tvN 토일드라마 ‘불가살’(극본 권소라, 서재원/ 연출 장영우/ 제작 스튜디오드래곤, 쇼러너스)에 첫 등장해 신비로운 분위기를 내뿜는 불사의 존재 ‘불가살’로 모두를 깜짝 놀라게 했다.",
				"sentenceSize": 122
			},
			{
				"sentenceNo": 4,
				"sentenceContent": "19일 소속사 에이맨프로젝트를 통해 공개된 사진 속에는 티저 영상에서 ‘불가살’로 열연을 펼치는 권나라의 모습이 담겼다. ‘불가살’은 죽일 수도, 죽을 수도 없는 불가살(不可殺)이 된 남자가 600년 동안 환생을 반복하는 한 여자를 쫓는 슬프지만 아름다운 이야기를 그리는 드라마. 이번 작품에서 권나라는 전생과 환생을 반복하는 미스터리한 운명을 지닌 여자 ‘민상운’ 역할을 맡았는데, 첫 방송에는 과거의 그녀가 ‘불가살’이었다는 반전으로 놀라움을 안겼다.",
				"sentenceSize": 254
			},
			{
				"sentenceNo": 5,
				"sentenceContent": "귀물인 불가살로 변신한 권나라의 모습은 슬프지만 아름다운 분위기를 뿜어내며 묘한 신비로운 모습이다.",
				"sentenceSize": 55
			},
			{
				"sentenceNo": 6,
				"sentenceContent": "권나라는 드라마에서 가장 중요한 시작점이 되는 해당 씬을 소화하기 위해 자신의 출연 장면 뿐 아니라 다양한 캐릭터의 서사까지 공부하며 대본을 손에서 놓치 않았다.",
				"sentenceSize": 90
			},
			{
				"sentenceNo": 7,
				"sentenceContent": "또한 고도의 집중력으로 촬영이 완료된 뒤에는 꼼꼼한 모니터링을 놓치지 않았으며, 감독님을 비롯한 다양한 스태프들의 의견을 경청하며 신비로운 불사의 존재 ‘불가살’의 모습을 완벽하게 만들어냈다.",
				"sentenceSize": 107
			},
			{
				"sentenceNo": 8,
				"sentenceContent": "권나라는 ‘불가살’의 흥행과 함께 주연으로서 확실하게 자리매김 했다는 평이다.",
				"sentenceSize": 43
			},
			{
				"sentenceNo": 9,
				"sentenceContent": "드라마 ‘나의 아저씨’, ‘이태원 클라쓰’를 비롯해 ‘암행어사’까지 흥행을 이어온 그는 ‘불가살’에서 환생을 반복하는 캐릭터로 다채로운 모습을 보여줄 예정. 주연으로서 촬영장에서 최선을 다하는 모습까지 공개되며 시청자들의 이목이 집중되고 있다.",
				"sentenceSize": 136
			},
			{
				"sentenceNo": 10,
				"sentenceContent": "소속사 측은 “권나라가 이번 작품을 위해 많은 시간 공을 들이며 대본을 읽고 또 읽었다. 또한 감독님과 스태프들과 소통을 통해 캐릭터를 완성해나갔다”면서 “‘불가살’에서 이제 환생을 반복하는 민상운으로 등장할 예정이니 많은 격려 부탁드린다”고 전했다.",
				"sentenceSize": 140
			},
			{
				"sentenceNo": 11,
				"sentenceContent": "한편, 권나라는 과거 불가살에서 환생을 반복하는 흥미로운 캐릭터 민상운으로 등장할 예정. 그가 보여줄 다채로운 매력이 담긴 민상운의 모습은 매주 토일 방송되는 ‘불가살’을 통해 확인할 수 있다.",
				"sentenceSize": 108
			}
		]
	},
	"labeledDataInfo": {
		"processSentenceInfo": [
			{
				"sentenceNo": 1,
				"sentenceContent": "배우 권나라가 ‘불가살’로 또 다시 연기 변신에 성공하며 시청자들의 호평을 받았다.",
				"subjectConsistencyYn": "Y"
			},
			{
				"sentenceNo": 2,
				"sentenceContent": "그 가운데 600년 전 전생의 모습으로 등장, 극의 서사를 담아낸 티저 영상의 비하인드 컷이 공개돼 눈길을 끈다.",
				"subjectConsistencyYn": "Y"
			},
			{
				"sentenceNo": 3,
				"sentenceContent": "권나라는 지난 18일 첫 방송된 tvN 토일드라마 ‘불가살’(극본 권소라, 서재원/ 연출 장영우/ 제작 스튜디오드래곤, 쇼러너스)에 첫 등장해 신비로운 분위기를 내뿜는 불사의 존재 ‘불가살’로 모두를 깜짝 놀라게 했다.",
				"subjectConsistencyYn": "Y"
			},
			{
				"sentenceNo": 4,
				"sentenceContent": "19일 소속사 에이맨프로젝트를 통해 공개된 사진 속에는 티저 영상에서 ‘불가살’로 열연을 펼치는 권나라의 모습이 담겼다. ‘불가살’은 죽일 수도, 죽을 수도 없는 불가살(不可殺)이 된 남자가 600년 동안 환생을 반복하는 한 여자를 쫓는 슬프지만 아름다운 이야기를 그리는 드라마. 이번 작품에서 권나라는 전생과 환생을 반복하는 미스터리한 운명을 지닌 여자 ‘민상운’ 역할을 맡았는데, 첫 방송에는 과거의 그녀가 ‘불가살’이었다는 반전으로 놀라움을 안겼다.",
				"subjectConsistencyYn": "Y"
			},
			{
				"sentenceNo": 5,
				"sentenceContent": "귀물인 불가살로 변신한 권나라의 모습은 슬프지만 아름다운 분위기를 뿜어내며 묘한 신비로운 모습이다.",
				"subjectConsistencyYn": "Y"
			},
			{
				"sentenceNo": 6,
				"sentenceContent": "권나라는 드라마에서 가장 중요한 시작점이 되는 해당 씬을 소화하기 위해 자신의 출연 장면 뿐 아니라 다양한 캐릭터의 서사까지 공부하며 대본을 손에서 놓치 않았다.",
				"subjectConsistencyYn": "Y"
			},
			{
				"sentenceNo": 7,
				"sentenceContent": "또한 고도의 집중력으로 촬영이 완료된 뒤에는 꼼꼼한 모니터링을 놓치지 않았으며, 감독님을 비롯한 다양한 스태프들의 의견을 경청하며 신비로운 불사의 존재 ‘불가살’의 모습을 완벽하게 만들어냈다.",
				"subjectConsistencyYn": "Y"
			},
			{
				"sentenceNo": 8,
				"sentenceContent": "권나라는 ‘불가살’의 흥행과 함께 주연으로서 확실하게 자리매김 했다는 평이다.",
				"subjectConsistencyYn": "Y"
			},
			{
				"sentenceNo": 9,
				"sentenceContent": "드라마 ‘나의 아저씨’, ‘이태원 클라쓰’를 비롯해 ‘암행어사’까지 흥행을 이어온 그는 ‘불가살’에서 환생을 반복하는 캐릭터로 다채로운 모습을 보여줄 예정. 주연으로서 촬영장에서 최선을 다하는 모습까지 공개되며 시청자들의 이목이 집중되고 있다.",
				"subjectConsistencyYn": "Y"
			},
			{
				"sentenceNo": 10,
				"sentenceContent": "소속사 측은 “권나라가 이번 작품을 위해 많은 시간 공을 들이며 대본을 읽고 또 읽었다. 또한 감독님과 스태프들과 소통을 통해 캐릭터를 완성해나갔다”면서 “‘불가살’에서 이제 환생을 반복하는 민상운으로 등장할 예정이니 많은 격려 부탁드린다”고 전했다.",
				"subjectConsistencyYn": "Y"
			},
			{
				"sentenceNo": 11,
				"sentenceContent": "서건창은 억울해했다.",
				"subjectConsistencyYn": "N"
			},
			{
				"sentenceNo": 12,
				"sentenceContent": "자신은 그런 말을 한 적이 없다고 했다.",
				"subjectConsistencyYn": "N"
			},
			{
				"sentenceNo": 13,
				"sentenceContent": "이후 정수성 넥센 1루 코치가 흥분한 오재원을 말렸고, 서건창도 억울했기 때문에 지지 않고 \\\"그런 말을 하지 않았다\\\"고 받아 쳤다.",
				"subjectConsistencyYn": "N"
			},
			{
				"sentenceNo": 14,
				"sentenceContent": "결과는 올 포스트시즌에서 처음 발생한 벤치클리어링. 한편 이날 두산에게 3-2로 패배한 넥센 히어로즈 염경엽 감독은 \\\"두산에서 우리 선수들을 계속 자극한다\\\"며 \\\"야구를 좀 깨끗하게 하고 싶은데…\\\"라고 여운을 남겼다.",
				"subjectConsistencyYn": "N"
			},
			{
				"sentenceNo": 15,
				"sentenceContent": "두산 베어스 김태형 감독은 \\\"(오재원과 서건창 모두) 서로 할 말이 있을 것 같다\\\"며 \\\"큰 경기를 치르다 보면 선수들이 다소 예민해질 수 있다. 선수들에게 주의를 주겠다\\\"고 말했다.",
				"subjectConsistencyYn": "N"
			},
			{
				"sentenceNo": 16,
				"sentenceContent": "오재원 서건창 벤치 클리어링 온라인 중앙일보",
				"subjectConsistencyYn": "N"
			}
		],
		"clickbaitClass": 0
	}
}