{
	"sourceDataInfo": {
		"newsID": "ET_M13_490798",
		"newsCategory": "연예",
		"newsSubcategory": "방송",
		"newsTitle": "‘신과 함께2’ 지상렬×남창희, 웃음 선물 투척 예고",
		"newsSubTitle": "",
		"newsContent": "연예계 대표 솔로 군단 지상렬과 남창희가 출격한다.\n오는 24일 방송되는 채널S의 예능 프로그램 ‘신과 함께 시즌2’(채널S & SM C&C STUDIO 공동제작/ 프로듀서 김수현, 연출 진선미)에는 웃음 보증 수표 지상렬과 남창희가 4MC를 향한 저격은 물론 보는 이들의 웃음을 저격하는 모습이 담긴 21회 예고 영상이 ‘채널S’의 네이버TV와 유튜브 공식 채널에 공개돼 이목을 집중시켰다. ‘신과 함께 시즌2’는 더욱 업그레이드된 케미를 보여줄 4MC 신동엽, 성시경, 이용진, 박선영이 ‘푸드 마스터’로 변신해 당신의 특별한 날을 더욱 특별하게 만들어 줄 메뉴를 추천하고 함께 이야기와 맛을 나누는 맞춤형 푸드 추천 토크쇼다.\n예고 영상에는 크리스마스 특집으로 ‘빛이 나는 솔로’ 지상렬과 남창희가 등장했다.\n지상렬은 ‘신과 함께’의 홍일점 박선영을 향해 “내 여자가 될 수 없어!”, “싫어요”라며 싱글남의 거침없는 패기를 보여 웃음을 유발했다.\n이어 “누구한테 연락이 가장 많이 오는지”라는 질문에 남창희는 “같이 주식 하는 친구들”이라고 답하며 짠함을 자아내기도 했다.\n그런가 하면 지상렬과 남창희는 이날 재미없으면 가차없이 귀가까지 하겠다고 선전포고해 더욱 기대감을 불러일으킨다.\n크리스마스이브를 웃음으로 가득 채워 줄 솔로 군단 지상렬과 남창희의 웃음 스나이퍼 대활약은 오는 24일 저녁 8시 채널S ‘신과 함께 시즌2’에서 확인 할 수 있다.",
		"partNum": "P2",
		"useType": 0,
		"processType": "A",
		"processPattern": "99",
		"processLevel": "하",
		"sentenceCount": 7,
		"processSentencenum": 2,
		"sentenceInfo": [
			{
				"sentenceNo": 1,
				"sentenceContent": "연예계 대표 솔로 군단 지상렬과 남창희가 출격한다.",
				"sentenceSize": 28
			},
			{
				"sentenceNo": 2,
				"sentenceContent": "오는 24일 방송되는 채널S의 예능 프로그램 ‘신과 함께 시즌2’(채널S & SM C&C STUDIO 공동제작/ 프로듀서 김수현, 연출 진선미)에는 웃음 보증 수표 지상렬과 남창희가 4MC를 향한 저격은 물론 보는 이들의 웃음을 저격하는 모습이 담긴 21회 예고 영상이 ‘채널S’의 네이버TV와 유튜브 공식 채널에 공개돼 이목을 집중시켰다. ‘신과 함께 시즌2’는 더욱 업그레이드된 케미를 보여줄 4MC 신동엽, 성시경, 이용진, 박선영이 ‘푸드 마스터’로 변신해 당신의 특별한 날을 더욱 특별하게 만들어 줄 메뉴를 추천하고 함께 이야기와 맛을 나누는 맞춤형 푸드 추천 토크쇼다.",
				"sentenceSize": 324
			},
			{
				"sentenceNo": 3,
				"sentenceContent": "예고 영상에는 크리스마스 특집으로 ‘빛이 나는 솔로’ 지상렬과 남창희가 등장했다.",
				"sentenceSize": 45
			},
			{
				"sentenceNo": 4,
				"sentenceContent": "지상렬은 ‘신과 함께’의 홍일점 박선영을 향해 “내 여자가 될 수 없어!”, “싫어요”라며 싱글남의 거침없는 패기를 보여 웃음을 유발했다.",
				"sentenceSize": 77
			},
			{
				"sentenceNo": 5,
				"sentenceContent": "이어 “누구한테 연락이 가장 많이 오는지”라는 질문에 남창희는 “같이 주식 하는 친구들”이라고 답하며 짠함을 자아내기도 했다.",
				"sentenceSize": 70
			},
			{
				"sentenceNo": 6,
				"sentenceContent": "그런가 하면 지상렬과 남창희는 이날 재미없으면 가차없이 귀가까지 하겠다고 선전포고해 더욱 기대감을 불러일으킨다.",
				"sentenceSize": 62
			},
			{
				"sentenceNo": 7,
				"sentenceContent": "크리스마스이브를 웃음으로 가득 채워 줄 솔로 군단 지상렬과 남창희의 웃음 스나이퍼 대활약은 오는 24일 저녁 8시 채널S ‘신과 함께 시즌2’에서 확인 할 수 있다.",
				"sentenceSize": 92
			}
		]
	},
	"labeledDataInfo": {
		"processSentenceInfo": [
			{
				"sentenceNo": 1,
				"sentenceContent": "연예계 대표 솔로 군단 지상렬과 남창희가 출격한다.",
				"subjectConsistencyYn": "Y"
			},
			{
				"sentenceNo": 2,
				"sentenceContent": "오는 24일 방송되는 채널S의 예능 프로그램 ‘신과 함께 시즌2’(채널S & SM C&C STUDIO 공동제작/ 프로듀서 김수현, 연출 진선미)에는 웃음 보증 수표 지상렬과 남창희가 4MC를 향한 저격은 물론 보는 이들의 웃음을 저격하는 모습이 담긴 21회 예고 영상이 ‘채널S’의 네이버TV와 유튜브 공식 채널에 공개돼 이목을 집중시켰다. ‘신과 함께 시즌2’는 더욱 업그레이드된 케미를 보여줄 4MC 신동엽, 성시경, 이용진, 박선영이 ‘푸드 마스터’로 변신해 당신의 특별한 날을 더욱 특별하게 만들어 줄 메뉴를 추천하고 함께 이야기와 맛을 나누는 맞춤형 푸드 추천 토크쇼다.",
				"subjectConsistencyYn": "Y"
			},
			{
				"sentenceNo": 3,
				"sentenceContent": "예고 영상에는 크리스마스 특집으로 ‘빛이 나는 솔로’ 지상렬과 남창희가 등장했다.",
				"subjectConsistencyYn": "Y"
			},
			{
				"sentenceNo": 4,
				"sentenceContent": "지상렬은 ‘신과 함께’의 홍일점 박선영을 향해 “내 여자가 될 수 없어!”, “싫어요”라며 싱글남의 거침없는 패기를 보여 웃음을 유발했다.",
				"subjectConsistencyYn": "Y"
			},
			{
				"sentenceNo": 5,
				"sentenceContent": "이어 “누구한테 연락이 가장 많이 오는지”라는 질문에 남창희는 “같이 주식 하는 친구들”이라고 답하며 짠함을 자아내기도 했다.",
				"subjectConsistencyYn": "Y"
			},
			{
				"sentenceNo": 6,
				"sentenceContent": "임영웅은 최근 데뷔 5주년을 맞아 팬들의 축하가 쏟아지고 있다.",
				"subjectConsistencyYn": "N"
			}
		],
		"clickbaitClass": 0
	}
}