{
	"sourceDataInfo": {
		"newsID": "ET_M13_490812",
		"newsCategory": "연예",
		"newsSubcategory": "방송",
		"newsTitle": "엔하이픈, 日 드라마 OST 참여[공식]",
		"newsSubTitle": "",
		"newsContent": "그룹 ENHYPEN(엔하이픈)이 일본 드라마의 주제가를 부른다.\n소속사 빌리프랩에 따르면, ENHYPEN(정원, 희승, 제이, 제이크, 성훈, 선우, 니키)의 신곡 ‘Always’가 내달 1월부터 니혼TV(NTV)에서 방송되는 수요 드라마 ‘무챠부리! 내가 사장이 되다니’(ムチャブリ! わたしが社長になるなんて)의 주제가로 낙점됐다. ‘무챠부리! 내가 사장이 되다니’는 일과 사랑을 쟁취해 나가는 모습을 통해 한 여성으로서 멋있게 성장해 가는 이야기를 담은 드라마로, 인기 배우 타카하타 미츠키와 시손 쥰 등이 출연해 방영 전부터 화제에 올랐다.\nENHYPEN의 드라마 OST 참여는 이번이 처음이다.\n신곡 ‘Always’는 지난 7월 발매된 일본 첫 데뷔 싱글 ‘BORDER : ?い’(보더 : 하카나이)의 수록곡 ‘Forget Me Not’에 이은 ENHYPEN의 일본 두 번째 오리지널 곡이다.\n드라마 연출을 맡은 스즈키 아키노 프로듀서는 “드라마의 이야기를 생각했을 때 ‘힘을 주는 아티스트’가 좋다고 생각했다. 그때 떠오른 것이 ENHYPEN이었다. 모든 사람을 응원하는 곡인 ‘Always’와 함께 드라마를 즐겨 주시면 좋겠다”라고 밝혔다.\nENHYPEN은 “신곡 ‘Always’가 OST로 선정됐다는 이야기를 듣고 놀라우면서 기뻤다”라며 “‘Always’를 통해 지금을 살아가는 모든 분들께 힘을 줄 수 있으면 좋겠다. 드라마와 함께 노래도 많이 기대해 달라”라고 소감을 전했다.\n한편, ENHYPEN은 내달 10일 정규 1집 리패키지 앨범 ‘DIMENSION : ANSWER’를 발표한다.",
		"partNum": "P2",
		"useType": 0,
		"processType": "A",
		"processPattern": "99",
		"processLevel": "하",
		"sentenceCount": 7,
		"processSentencenum": 2,
		"sentenceInfo": [
			{
				"sentenceNo": 1,
				"sentenceContent": "그룹 ENHYPEN(엔하이픈)이 일본 드라마의 주제가를 부른다.",
				"sentenceSize": 35
			},
			{
				"sentenceNo": 2,
				"sentenceContent": "소속사 빌리프랩에 따르면, ENHYPEN(정원, 희승, 제이, 제이크, 성훈, 선우, 니키)의 신곡 ‘Always’가 내달 1월부터 니혼TV(NTV)에서 방송되는 수요 드라마 ‘무챠부리! 내가 사장이 되다니’(ムチャブリ! わたしが社長になるなんて)의 주제가로 낙점됐다. ‘무챠부리! 내가 사장이 되다니’는 일과 사랑을 쟁취해 나가는 모습을 통해 한 여성으로서 멋있게 성장해 가는 이야기를 담은 드라마로, 인기 배우 타카하타 미츠키와 시손 쥰 등이 출연해 방영 전부터 화제에 올랐다.",
				"sentenceSize": 268
			},
			{
				"sentenceNo": 3,
				"sentenceContent": "ENHYPEN의 드라마 OST 참여는 이번이 처음이다.",
				"sentenceSize": 30
			},
			{
				"sentenceNo": 4,
				"sentenceContent": "신곡 ‘Always’는 지난 7월 발매된 일본 첫 데뷔 싱글 ‘BORDER : ?い’(보더 : 하카나이)의 수록곡 ‘Forget Me Not’에 이은 ENHYPEN의 일본 두 번째 오리지널 곡이다.",
				"sentenceSize": 110
			},
			{
				"sentenceNo": 5,
				"sentenceContent": "드라마 연출을 맡은 스즈키 아키노 프로듀서는 “드라마의 이야기를 생각했을 때 ‘힘을 주는 아티스트’가 좋다고 생각했다. 그때 떠오른 것이 ENHYPEN이었다. 모든 사람을 응원하는 곡인 ‘Always’와 함께 드라마를 즐겨 주시면 좋겠다”라고 밝혔다.",
				"sentenceSize": 140
			},
			{
				"sentenceNo": 6,
				"sentenceContent": "ENHYPEN은 “신곡 ‘Always’가 OST로 선정됐다는 이야기를 듣고 놀라우면서 기뻤다”라며 “‘Always’를 통해 지금을 살아가는 모든 분들께 힘을 줄 수 있으면 좋겠다. 드라마와 함께 노래도 많이 기대해 달라”라고 소감을 전했다.",
				"sentenceSize": 134
			},
			{
				"sentenceNo": 7,
				"sentenceContent": "한편, ENHYPEN은 내달 10일 정규 1집 리패키지 앨범 ‘DIMENSION : ANSWER’를 발표한다.",
				"sentenceSize": 61
			}
		]
	},
	"labeledDataInfo": {
		"processSentenceInfo": [
			{
				"sentenceNo": 1,
				"sentenceContent": "그룹 ENHYPEN(엔하이픈)이 일본 드라마의 주제가를 부른다.",
				"subjectConsistencyYn": "Y"
			},
			{
				"sentenceNo": 2,
				"sentenceContent": "소속사 빌리프랩에 따르면, ENHYPEN(정원, 희승, 제이, 제이크, 성훈, 선우, 니키)의 신곡 ‘Always’가 내달 1월부터 니혼TV(NTV)에서 방송되는 수요 드라마 ‘무챠부리! 내가 사장이 되다니’(ムチャブリ! わたしが社長になるなんて)의 주제가로 낙점됐다. ‘무챠부리! 내가 사장이 되다니’는 일과 사랑을 쟁취해 나가는 모습을 통해 한 여성으로서 멋있게 성장해 가는 이야기를 담은 드라마로, 인기 배우 타카하타 미츠키와 시손 쥰 등이 출연해 방영 전부터 화제에 올랐다.",
				"subjectConsistencyYn": "Y"
			},
			{
				"sentenceNo": 3,
				"sentenceContent": "ENHYPEN의 드라마 OST 참여는 이번이 처음이다.",
				"subjectConsistencyYn": "Y"
			},
			{
				"sentenceNo": 4,
				"sentenceContent": "신곡 ‘Always’는 지난 7월 발매된 일본 첫 데뷔 싱글 ‘BORDER : ?い’(보더 : 하카나이)의 수록곡 ‘Forget Me Not’에 이은 ENHYPEN의 일본 두 번째 오리지널 곡이다.",
				"subjectConsistencyYn": "Y"
			},
			{
				"sentenceNo": 5,
				"sentenceContent": "드라마 연출을 맡은 스즈키 아키노 프로듀서는 “드라마의 이야기를 생각했을 때 ‘힘을 주는 아티스트’가 좋다고 생각했다. 그때 떠오른 것이 ENHYPEN이었다. 모든 사람을 응원하는 곡인 ‘Always’와 함께 드라마를 즐겨 주시면 좋겠다”라고 밝혔다.",
				"subjectConsistencyYn": "Y"
			},
			{
				"sentenceNo": 6,
				"sentenceContent": "김요한이 랩 메이킹에 참여해 기대를 모은다. 10일 오후 6시 각종 음원사이트를 통해 공개된다.",
				"subjectConsistencyYn": "N"
			}
		],
		"clickbaitClass": 0
	}
}