{
	"sourceDataInfo": {
		"newsID": "ET_M13_490481",
		"newsCategory": "연예",
		"newsSubcategory": "방송",
		"newsTitle": "‘국민가수’ 박선주, 김동현 노래에 “김범수 거의 넘어섰다”",
		"newsSubTitle": "",
		"newsContent": "‘내일은 국민가수’ 김동현이 박선주의 극찬을 받았다.\n16일 오후 방송된 TV CHOSUN ‘내일은 국민가수’에서는 결승 1차전이 전파를 탔다.\n이날 김동현은 김범수를 잇는 비주얼 가수로 우뚝 서고 싶다고 밝혔다.\n그는 김범수 ‘오직 너만’을 선곡했다.\n김동현은 담담하게 노래를 시작했다.\n그러나 후렴에 이르러 김동현의 매력적인 보이스가 터져 나왔다.\n그의 노래에 백지영은 “나무랄 데가 없다”라고 말했고 김범수는 “미쳤다”라고 받아쳤다.\n감성을 터트리는 김동현의 노래에 관객석과 마스터 석에서 감탄이 쏟아졌다.\n노래를 끝낸 김동현에 김준수는 “너무 잘했다”라며 미소지었고 김범수는 엄지를 들어올렸다.\n박선주는 “칭찬을 많이 하실 것 같아서 세 군데를 칭찬하고 싶네요. 김동현 씨를 보면서 김범수를 거의 넘어섰다라는 생각이 들었다. 김동현 씨가 이제 국민가수에서 나오는 아마추어 가수가 아닌 김동현이라는 이름으로 역사를 쓰고 있는 감동적인 광경을 목격했다”라고 말했다.\n김범수는 “아 조금.. 이 순간이 내 노래를 뺏기고 있는 것 같은 직감을 한다. 보는 앞에서 내 걸 가져간다. 그런데 너무 잘 가져가니까 하나도 기분이 안 나쁘다. 너무 예의바르게 가져가니까 가져가라고 하고 싶다. 저와는 정말 다른 방법으로 이 노래를 소화한 거다. 가볍게 불렀고 누군가를 축하해 주는 느낌으로 밝게 불렀다. 내 노래를 잘 불러줬을 때 이런 기분이구나. 이걸 오랜만에 느꼈다”라고 밝혔다.\n김동현의 마스터 점수는 최고 100점, 최저 97점을 받았다.\n한편 ‘내일은 국민가수’는 매주 목요일 오후 10시 TV CHOSUN에서 방송된다.",
		"partNum": "P2",
		"useType": 0,
		"processType": "A",
		"processPattern": "99",
		"processLevel": "하",
		"sentenceCount": 13,
		"processSentencenum": 1,
		"sentenceInfo": [
			{
				"sentenceNo": 1,
				"sentenceContent": "‘내일은 국민가수’ 김동현이 박선주의 극찬을 받았다.",
				"sentenceSize": 29
			},
			{
				"sentenceNo": 2,
				"sentenceContent": "16일 오후 방송된 TV CHOSUN ‘내일은 국민가수’에서는 결승 1차전이 전파를 탔다.",
				"sentenceSize": 50
			},
			{
				"sentenceNo": 3,
				"sentenceContent": "이날 김동현은 김범수를 잇는 비주얼 가수로 우뚝 서고 싶다고 밝혔다.",
				"sentenceSize": 38
			},
			{
				"sentenceNo": 4,
				"sentenceContent": "그는 김범수 ‘오직 너만’을 선곡했다.",
				"sentenceSize": 21
			},
			{
				"sentenceNo": 5,
				"sentenceContent": "김동현은 담담하게 노래를 시작했다.",
				"sentenceSize": 19
			},
			{
				"sentenceNo": 6,
				"sentenceContent": "그러나 후렴에 이르러 김동현의 매력적인 보이스가 터져 나왔다.",
				"sentenceSize": 34
			},
			{
				"sentenceNo": 7,
				"sentenceContent": "그의 노래에 백지영은 “나무랄 데가 없다”라고 말했고 김범수는 “미쳤다”라고 받아쳤다.",
				"sentenceSize": 48
			},
			{
				"sentenceNo": 8,
				"sentenceContent": "감성을 터트리는 김동현의 노래에 관객석과 마스터 석에서 감탄이 쏟아졌다.",
				"sentenceSize": 40
			},
			{
				"sentenceNo": 9,
				"sentenceContent": "노래를 끝낸 김동현에 김준수는 “너무 잘했다”라며 미소지었고 김범수는 엄지를 들어올렸다.",
				"sentenceSize": 49
			},
			{
				"sentenceNo": 10,
				"sentenceContent": "박선주는 “칭찬을 많이 하실 것 같아서 세 군데를 칭찬하고 싶네요. 김동현 씨를 보면서 김범수를 거의 넘어섰다라는 생각이 들었다. 김동현 씨가 이제 국민가수에서 나오는 아마추어 가수가 아닌 김동현이라는 이름으로 역사를 쓰고 있는 감동적인 광경을 목격했다”라고 말했다.",
				"sentenceSize": 149
			},
			{
				"sentenceNo": 11,
				"sentenceContent": "김범수는 “아 조금.. 이 순간이 내 노래를 뺏기고 있는 것 같은 직감을 한다. 보는 앞에서 내 걸 가져간다. 그런데 너무 잘 가져가니까 하나도 기분이 안 나쁘다. 너무 예의바르게 가져가니까 가져가라고 하고 싶다. 저와는 정말 다른 방법으로 이 노래를 소화한 거다. 가볍게 불렀고 누군가를 축하해 주는 느낌으로 밝게 불렀다. 내 노래를 잘 불러줬을 때 이런 기분이구나. 이걸 오랜만에 느꼈다”라고 밝혔다.",
				"sentenceSize": 226
			},
			{
				"sentenceNo": 12,
				"sentenceContent": "김동현의 마스터 점수는 최고 100점, 최저 97점을 받았다.",
				"sentenceSize": 34
			},
			{
				"sentenceNo": 13,
				"sentenceContent": "한편 ‘내일은 국민가수’는 매주 목요일 오후 10시 TV CHOSUN에서 방송된다.",
				"sentenceSize": 46
			}
		]
	},
	"labeledDataInfo": {
		"processSentenceInfo": [
			{
				"sentenceNo": 1,
				"sentenceContent": "‘내일은 국민가수’ 김동현이 박선주의 극찬을 받았다.",
				"subjectConsistencyYn": "Y"
			},
			{
				"sentenceNo": 2,
				"sentenceContent": "16일 오후 방송된 TV CHOSUN ‘내일은 국민가수’에서는 결승 1차전이 전파를 탔다.",
				"subjectConsistencyYn": "Y"
			},
			{
				"sentenceNo": 3,
				"sentenceContent": "이날 김동현은 김범수를 잇는 비주얼 가수로 우뚝 서고 싶다고 밝혔다.",
				"subjectConsistencyYn": "Y"
			},
			{
				"sentenceNo": 4,
				"sentenceContent": "그는 김범수 ‘오직 너만’을 선곡했다.",
				"subjectConsistencyYn": "Y"
			},
			{
				"sentenceNo": 5,
				"sentenceContent": "김동현은 담담하게 노래를 시작했다.",
				"subjectConsistencyYn": "Y"
			},
			{
				"sentenceNo": 6,
				"sentenceContent": "그러나 후렴에 이르러 김동현의 매력적인 보이스가 터져 나왔다.",
				"subjectConsistencyYn": "Y"
			},
			{
				"sentenceNo": 7,
				"sentenceContent": "그의 노래에 백지영은 “나무랄 데가 없다”라고 말했고 김범수는 “미쳤다”라고 받아쳤다.",
				"subjectConsistencyYn": "Y"
			},
			{
				"sentenceNo": 8,
				"sentenceContent": "감성을 터트리는 김동현의 노래에 관객석과 마스터 석에서 감탄이 쏟아졌다.",
				"subjectConsistencyYn": "Y"
			},
			{
				"sentenceNo": 9,
				"sentenceContent": "노래를 끝낸 김동현에 김준수는 “너무 잘했다”라며 미소지었고 김범수는 엄지를 들어올렸다.",
				"subjectConsistencyYn": "Y"
			},
			{
				"sentenceNo": 10,
				"sentenceContent": "박선주는 “칭찬을 많이 하실 것 같아서 세 군데를 칭찬하고 싶네요. 김동현 씨를 보면서 김범수를 거의 넘어섰다라는 생각이 들었다. 김동현 씨가 이제 국민가수에서 나오는 아마추어 가수가 아닌 김동현이라는 이름으로 역사를 쓰고 있는 감동적인 광경을 목격했다”라고 말했다.",
				"subjectConsistencyYn": "Y"
			},
			{
				"sentenceNo": 11,
				"sentenceContent": "김범수는 “아 조금.. 이 순간이 내 노래를 뺏기고 있는 것 같은 직감을 한다. 보는 앞에서 내 걸 가져간다. 그런데 너무 잘 가져가니까 하나도 기분이 안 나쁘다. 너무 예의바르게 가져가니까 가져가라고 하고 싶다. 저와는 정말 다른 방법으로 이 노래를 소화한 거다. 가볍게 불렀고 누군가를 축하해 주는 느낌으로 밝게 불렀다. 내 노래를 잘 불러줬을 때 이런 기분이구나. 이걸 오랜만에 느꼈다”라고 밝혔다.",
				"subjectConsistencyYn": "Y"
			},
			{
				"sentenceNo": 12,
				"sentenceContent": "김동현의 마스터 점수는 최고 100점, 최저 97점을 받았다.",
				"subjectConsistencyYn": "Y"
			},
			{
				"sentenceNo": 13,
				"sentenceContent": "그러나 유수연은 유산 경험도 있으니 실망할까 봐 그런다며 안정기 들 때까지 말하지 말라고 설득했다.",
				"subjectConsistencyYn": "N"
			},
			{
				"sentenceNo": 14,
				"sentenceContent": "집에 돌아온 유수연은 김혜경(선우은숙)이 가져온 오이소박이를 버리는 이 집사에 분노했으나 차화영의 지시라는 말을 들었다.",
				"subjectConsistencyYn": "N"
			},
			{
				"sentenceNo": 15,
				"sentenceContent": "이 집사를 말린 유수연은 “버려도 내가 버려요”라며 눈물을 글썽였고 자신을 생각하는 김혜경의 쪽지를 발견하고 결국 눈물을 흘렸다.",
				"subjectConsistencyYn": "N"
			},
			{
				"sentenceNo": 16,
				"sentenceContent": "유수연은 서유라에게 홍선태(박찬환)를 방해하면 안 될 거 같다며 홍서준을 데리고 친정에 다녀오겠다고 차화영에게 전해달라고 부탁했다.",
				"subjectConsistencyYn": "N"
			},
			{
				"sentenceNo": 17,
				"sentenceContent": "그러나 서유라는 집에 돌아온 차화영에게 “지금 주방에 없어요. 방에 있나? 그러고 보니 서준이도 안 보이던데?”라고 거짓말했다.",
				"subjectConsistencyYn": "N"
			},
			{
				"sentenceNo": 18,
				"sentenceContent": "유수연은 차화영에게 전화가 왔으나 받지 않고 휴대전화까지 꺼버렸다.",
				"subjectConsistencyYn": "N"
			},
			{
				"sentenceNo": 19,
				"sentenceContent": "서유라의 거짓말에 상황을 모른 차화영은 홍서준이 납치당했는지 걱정했으나 이 집사를 통해 유수연이 데리고 갔다는 말을 들었다.",
				"subjectConsistencyYn": "N"
			},
			{
				"sentenceNo": 20,
				"sentenceContent": "차화영은 홍서준을 제대로 챙기지 않은 이 집사에게 분노했고 홍진우는 밖에서 유수연과 홍서준과 만나 함께 집에 들어섰다.",
				"subjectConsistencyYn": "N"
			},
			{
				"sentenceNo": 21,
				"sentenceContent": "귀한 아이를 함부로 끌고 다닌다며 분노한 차화영에 유수연은 친정 집이라고 설명했다.",
				"subjectConsistencyYn": "N"
			},
			{
				"sentenceNo": 22,
				"sentenceContent": "그러나 차화영은 이번에 자신이 지시한 일도 옳은 일이 아니라는 유수연에게 손을 올렸으나 홍진우에게 막혀버렸다.",
				"subjectConsistencyYn": "N"
			},
			{
				"sentenceNo": 23,
				"sentenceContent": "한편 KBS2 일일드라마 ‘황금 가면’은 매주 월~금 오후 7시 50분에 방송된다.",
				"subjectConsistencyYn": "N"
			}
		],
		"clickbaitClass": 0
	}
}