{
	"sourceDataInfo": {
		"newsID": "ET_M13_490643",
		"newsCategory": "연예",
		"newsSubcategory": "연예일반",
		"newsTitle": "영탁 팬덤, 이어지는 기부…소아암 환우 위해 기부",
		"newsSubTitle": "",
		"newsContent": "영탁 팬모임 ‘오구와탁’에서 기부를 진행했다.\n오구와탁은 영탁의 데뷔 16주년을 맞이해 지난 16일 한국백혈병어린이재단에 소아암 어린이 치료비 1600만원과 헌혈증 100장을 기부했다고 20일 밝혔다.\n이번 기부금은 소아암 어린이들이 병마를 극복하고 건강한 내일을 맞이할 수 있도록 치료비에 쓰일 예정이다.\n이번 기부는 영탁의 16주년 데뷔를 기념해 이뤄졌다.\n오구와탁 측은 “지난 10월 2일부터 4일까지 3일간 이벤트 카페를 진행해 모금한 헌혈증과 카페 수익금 전액, 10월 13일 조성된 ‘영탁 1호숲’ 조성 기금 초과 모금액으로 마련됐다”며 “오구와탁 뿐만 아니라 영탁의 ‘내사람들’이 한마음을 참여해 뜻 깊은 기부가 됐다”고 설명했다.\n서선원 한국백혈병어린이재단 사무총장은 “누군가를 아끼고 응원하는 마음이 어린이 생명을 살리는 특별한 일의 원동력이 됐다”며 “지원을 받게 될 어린이와 기부의 원동력이 돼 준 영탁의 모두 앞날에 건강과 행복이 가득하길 응원한다”고 했다.\n영탁 팬덤의 기부가 이어지는 가운데, 영탁 또한 선행을 실천했다.\n영탁은 지난 15일 경남 고성군 행사 출연료 2000만원 전액을 장애인시설 2곳에 직접 방문해 각각 1000만원씩 기부했다.\n당시 영탁은 “작지만 보탬이 됐으면 좋겠다”며 “힘내시고 즐거운 연말 보내시기 바란다”고 전했다.",
		"partNum": "P2",
		"useType": 0,
		"processType": "A",
		"processPattern": "99",
		"processLevel": "하",
		"sentenceCount": 9,
		"processSentencenum": 1,
		"sentenceInfo": [
			{
				"sentenceNo": 1,
				"sentenceContent": "영탁 팬모임 ‘오구와탁’에서 기부를 진행했다.",
				"sentenceSize": 25
			},
			{
				"sentenceNo": 2,
				"sentenceContent": "오구와탁은 영탁의 데뷔 16주년을 맞이해 지난 16일 한국백혈병어린이재단에 소아암 어린이 치료비 1600만원과 헌혈증 100장을 기부했다고 20일 밝혔다.",
				"sentenceSize": 86
			},
			{
				"sentenceNo": 3,
				"sentenceContent": "이번 기부금은 소아암 어린이들이 병마를 극복하고 건강한 내일을 맞이할 수 있도록 치료비에 쓰일 예정이다.",
				"sentenceSize": 58
			},
			{
				"sentenceNo": 4,
				"sentenceContent": "이번 기부는 영탁의 16주년 데뷔를 기념해 이뤄졌다.",
				"sentenceSize": 29
			},
			{
				"sentenceNo": 5,
				"sentenceContent": "오구와탁 측은 “지난 10월 2일부터 4일까지 3일간 이벤트 카페를 진행해 모금한 헌혈증과 카페 수익금 전액, 10월 13일 조성된 ‘영탁 1호숲’ 조성 기금 초과 모금액으로 마련됐다”며 “오구와탁 뿐만 아니라 영탁의 ‘내사람들’이 한마음을 참여해 뜻 깊은 기부가 됐다”고 설명했다.",
				"sentenceSize": 158
			},
			{
				"sentenceNo": 6,
				"sentenceContent": "서선원 한국백혈병어린이재단 사무총장은 “누군가를 아끼고 응원하는 마음이 어린이 생명을 살리는 특별한 일의 원동력이 됐다”며 “지원을 받게 될 어린이와 기부의 원동력이 돼 준 영탁의 모두 앞날에 건강과 행복이 가득하길 응원한다”고 했다.",
				"sentenceSize": 131
			},
			{
				"sentenceNo": 7,
				"sentenceContent": "영탁 팬덤의 기부가 이어지는 가운데, 영탁 또한 선행을 실천했다.",
				"sentenceSize": 36
			},
			{
				"sentenceNo": 8,
				"sentenceContent": "영탁은 지난 15일 경남 고성군 행사 출연료 2000만원 전액을 장애인시설 2곳에 직접 방문해 각각 1000만원씩 기부했다.",
				"sentenceSize": 69
			},
			{
				"sentenceNo": 9,
				"sentenceContent": "당시 영탁은 “작지만 보탬이 됐으면 좋겠다”며 “힘내시고 즐거운 연말 보내시기 바란다”고 전했다.",
				"sentenceSize": 54
			}
		]
	},
	"labeledDataInfo": {
		"processSentenceInfo": [
			{
				"sentenceNo": 1,
				"sentenceContent": "영탁 팬모임 ‘오구와탁’에서 기부를 진행했다.",
				"subjectConsistencyYn": "Y"
			},
			{
				"sentenceNo": 2,
				"sentenceContent": "오구와탁은 영탁의 데뷔 16주년을 맞이해 지난 16일 한국백혈병어린이재단에 소아암 어린이 치료비 1600만원과 헌혈증 100장을 기부했다고 20일 밝혔다.",
				"subjectConsistencyYn": "Y"
			},
			{
				"sentenceNo": 3,
				"sentenceContent": "이번 기부금은 소아암 어린이들이 병마를 극복하고 건강한 내일을 맞이할 수 있도록 치료비에 쓰일 예정이다.",
				"subjectConsistencyYn": "Y"
			},
			{
				"sentenceNo": 4,
				"sentenceContent": "이번 기부는 영탁의 16주년 데뷔를 기념해 이뤄졌다.",
				"subjectConsistencyYn": "Y"
			},
			{
				"sentenceNo": 5,
				"sentenceContent": "오구와탁 측은 “지난 10월 2일부터 4일까지 3일간 이벤트 카페를 진행해 모금한 헌혈증과 카페 수익금 전액, 10월 13일 조성된 ‘영탁 1호숲’ 조성 기금 초과 모금액으로 마련됐다”며 “오구와탁 뿐만 아니라 영탁의 ‘내사람들’이 한마음을 참여해 뜻 깊은 기부가 됐다”고 설명했다.",
				"subjectConsistencyYn": "Y"
			},
			{
				"sentenceNo": 6,
				"sentenceContent": "서선원 한국백혈병어린이재단 사무총장은 “누군가를 아끼고 응원하는 마음이 어린이 생명을 살리는 특별한 일의 원동력이 됐다”며 “지원을 받게 될 어린이와 기부의 원동력이 돼 준 영탁의 모두 앞날에 건강과 행복이 가득하길 응원한다”고 했다.",
				"subjectConsistencyYn": "Y"
			},
			{
				"sentenceNo": 7,
				"sentenceContent": "영탁 팬덤의 기부가 이어지는 가운데, 영탁 또한 선행을 실천했다.",
				"subjectConsistencyYn": "Y"
			},
			{
				"sentenceNo": 8,
				"sentenceContent": "영탁은 지난 15일 경남 고성군 행사 출연료 2000만원 전액을 장애인시설 2곳에 직접 방문해 각각 1000만원씩 기부했다.",
				"subjectConsistencyYn": "Y"
			},
			{
				"sentenceNo": 9,
				"sentenceContent": "낸시랭은 2017년 12월 왕진진과 혼인신고를 했다가 이듬해 10월 SNS로 이혼할 뜻을 밝히고 소송을 냈다.",
				"subjectConsistencyYn": "N"
			},
			{
				"sentenceNo": 10,
				"sentenceContent": "낸시랭은 대법원까지 간 끝에 지난 10월에 이혼 소송에서 승소했다.",
				"subjectConsistencyYn": "N"
			}
		],
		"clickbaitClass": 0
	}
}