{
	"sourceDataInfo": {
		"newsID": "ET_M13_490655",
		"newsCategory": "연예",
		"newsSubcategory": "방송",
		"newsTitle": "‘너목보9’가 돌아온다…내년 1월 첫방송",
		"newsSubTitle": "",
		"newsContent": "케이블채널 엠넷 ‘너의 목소리가 보여’가 아홉번째 시즌으로 돌아온다.\n엠넷 측은 “‘너의 목소리가 보여9’(이하 ‘너목보9’)가 내년 1월29일 첫 방송된다”고 밝혔다. ‘너목보9’는 직업과 나이, 노래 실력을 숨긴 미스터리 싱어들 중 몇 가지 단서만으로 실력자와 음치를 가려내는 대반전 음악 추리쇼 프로그램이다.\n2015년 처음 방영한 이후 황치열, 멜로망스 등 실력 있는 스타들을 배출해냈고, ‘너목보’ 무대는 음악을 사랑하는 사람들에게 기회의 장이 됐다.\n새롭게 돌아오는 ‘너목보9’은 전 세계를 사로잡은 오리지널의 저력을 보여주며, 더욱 화려해진 무대와 압도적인 스케일, 예측불가 반전으로 역대급 재미를 선사할 예정이다.\n시즌을 거듭할수록 점점 막강해지는 미스터리 싱어들과 가수, 배우, 예능인, 스포츠 스타 등 다양한 분야에서 활약 중인 스타들로 구성될 초대스타들도 ‘너목보9’을 기대하게 만드는 요소 중 하나다.\n또한, 2017년 방송된 ‘너목보4’부터 함께 해온 김종국, 유세윤, 이특이 다시 한번 MC를 맡아 찰떡 호흡을 보여줄 예정이다. ‘너목보’는 한국은 물론 전 세계 팬들을 사로잡으며 ‘K-예능’의 대표주자로도 자리매김했다.\n미국, 영국, 독일, 프랑스, 태국 등 전 세계 23개 지역에 수출됐고, 2016년 국제 에미 어워즈에서 ‘non-scripted entertainment’(예능 프로그램) 부문의 최종 후보로 선정되기도 했다.\n또한, 세계 최대 방송콘텐츠 영상 마켓 MIPTV의 집계에 따르면 지난 2020년 9월부터 2021년 4월까지 6개월간 전 세계에서 가장 많이 리메이크된 프로그램으로 꼽히기도 했다.\n특히 미국 FOX에서 방송된 미국판 ‘너목보’는 1회부터 18~49세 시청률 1위를 기록하며 ‘2020년 FOX에서 데뷔한 프로그램 중 가장 성공적인 프로그램’으로 선정된 바 있다.\n이러한 뜨거운 인기에 힘입어 미국판 ‘너목보’ 역시 2022년 1월 美 FOX에서 시즌2를 편성하기로 결정했다.\n시즌1의 성공세를 이어 지난 시즌보다 2회차가 늘어난 12회차로 편성됐다.\n영국판 ‘너목보’는 한국 예능 프로그램 최초로 현지 최고 시청 점유율의 BBC One에서 방영되어 3회와 5회는 영국 내 당일 전체 시청률 1위를 기록하기도 했다.\n영국에서도 시즌2 제작을 결정했고, 독일과 네덜란드에서는 시즌3 제작이 확정되기도 했다. ‘너목보’의 아홉 번째 시즌은 내년 1월 29일 밤 10시 40분에 첫 방송된다.",
		"partNum": "P2",
		"useType": 0,
		"processType": "A",
		"processPattern": "99",
		"processLevel": "하",
		"sentenceCount": 13,
		"processSentencenum": 1,
		"sentenceInfo": [
			{
				"sentenceNo": 1,
				"sentenceContent": "케이블채널 엠넷 ‘너의 목소리가 보여’가 아홉번째 시즌으로 돌아온다.",
				"sentenceSize": 38
			},
			{
				"sentenceNo": 2,
				"sentenceContent": "엠넷 측은 “‘너의 목소리가 보여9’(이하 ‘너목보9’)가 내년 1월29일 첫 방송된다”고 밝혔다. ‘너목보9’는 직업과 나이, 노래 실력을 숨긴 미스터리 싱어들 중 몇 가지 단서만으로 실력자와 음치를 가려내는 대반전 음악 추리쇼 프로그램이다.",
				"sentenceSize": 136
			},
			{
				"sentenceNo": 3,
				"sentenceContent": "2015년 처음 방영한 이후 황치열, 멜로망스 등 실력 있는 스타들을 배출해냈고, ‘너목보’ 무대는 음악을 사랑하는 사람들에게 기회의 장이 됐다.",
				"sentenceSize": 81
			},
			{
				"sentenceNo": 4,
				"sentenceContent": "새롭게 돌아오는 ‘너목보9’은 전 세계를 사로잡은 오리지널의 저력을 보여주며, 더욱 화려해진 무대와 압도적인 스케일, 예측불가 반전으로 역대급 재미를 선사할 예정이다.",
				"sentenceSize": 93
			},
			{
				"sentenceNo": 5,
				"sentenceContent": "시즌을 거듭할수록 점점 막강해지는 미스터리 싱어들과 가수, 배우, 예능인, 스포츠 스타 등 다양한 분야에서 활약 중인 스타들로 구성될 초대스타들도 ‘너목보9’을 기대하게 만드는 요소 중 하나다.",
				"sentenceSize": 108
			},
			{
				"sentenceNo": 6,
				"sentenceContent": "또한, 2017년 방송된 ‘너목보4’부터 함께 해온 김종국, 유세윤, 이특이 다시 한번 MC를 맡아 찰떡 호흡을 보여줄 예정이다. ‘너목보’는 한국은 물론 전 세계 팬들을 사로잡으며 ‘K-예능’의 대표주자로도 자리매김했다.",
				"sentenceSize": 124
			},
			{
				"sentenceNo": 7,
				"sentenceContent": "미국, 영국, 독일, 프랑스, 태국 등 전 세계 23개 지역에 수출됐고, 2016년 국제 에미 어워즈에서 ‘non-scripted entertainment’(예능 프로그램) 부문의 최종 후보로 선정되기도 했다.",
				"sentenceSize": 117
			},
			{
				"sentenceNo": 8,
				"sentenceContent": "또한, 세계 최대 방송콘텐츠 영상 마켓 MIPTV의 집계에 따르면 지난 2020년 9월부터 2021년 4월까지 6개월간 전 세계에서 가장 많이 리메이크된 프로그램으로 꼽히기도 했다.",
				"sentenceSize": 101
			},
			{
				"sentenceNo": 9,
				"sentenceContent": "특히 미국 FOX에서 방송된 미국판 ‘너목보’는 1회부터 18~49세 시청률 1위를 기록하며 ‘2020년 FOX에서 데뷔한 프로그램 중 가장 성공적인 프로그램’으로 선정된 바 있다.",
				"sentenceSize": 101
			},
			{
				"sentenceNo": 10,
				"sentenceContent": "이러한 뜨거운 인기에 힘입어 미국판 ‘너목보’ 역시 2022년 1월 美 FOX에서 시즌2를 편성하기로 결정했다.",
				"sentenceSize": 62
			},
			{
				"sentenceNo": 11,
				"sentenceContent": "시즌1의 성공세를 이어 지난 시즌보다 2회차가 늘어난 12회차로 편성됐다.",
				"sentenceSize": 41
			},
			{
				"sentenceNo": 12,
				"sentenceContent": "영국판 ‘너목보’는 한국 예능 프로그램 최초로 현지 최고 시청 점유율의 BBC One에서 방영되어 3회와 5회는 영국 내 당일 전체 시청률 1위를 기록하기도 했다.",
				"sentenceSize": 91
			},
			{
				"sentenceNo": 13,
				"sentenceContent": "영국에서도 시즌2 제작을 결정했고, 독일과 네덜란드에서는 시즌3 제작이 확정되기도 했다. ‘너목보’의 아홉 번째 시즌은 내년 1월 29일 밤 10시 40분에 첫 방송된다.",
				"sentenceSize": 95
			}
		]
	},
	"labeledDataInfo": {
		"processSentenceInfo": [
			{
				"sentenceNo": 1,
				"sentenceContent": "케이블채널 엠넷 ‘너의 목소리가 보여’가 아홉번째 시즌으로 돌아온다.",
				"subjectConsistencyYn": "Y"
			},
			{
				"sentenceNo": 2,
				"sentenceContent": "엠넷 측은 “‘너의 목소리가 보여9’(이하 ‘너목보9’)가 내년 1월29일 첫 방송된다”고 밝혔다. ‘너목보9’는 직업과 나이, 노래 실력을 숨긴 미스터리 싱어들 중 몇 가지 단서만으로 실력자와 음치를 가려내는 대반전 음악 추리쇼 프로그램이다.",
				"subjectConsistencyYn": "Y"
			},
			{
				"sentenceNo": 3,
				"sentenceContent": "2015년 처음 방영한 이후 황치열, 멜로망스 등 실력 있는 스타들을 배출해냈고, ‘너목보’ 무대는 음악을 사랑하는 사람들에게 기회의 장이 됐다.",
				"subjectConsistencyYn": "Y"
			},
			{
				"sentenceNo": 4,
				"sentenceContent": "새롭게 돌아오는 ‘너목보9’은 전 세계를 사로잡은 오리지널의 저력을 보여주며, 더욱 화려해진 무대와 압도적인 스케일, 예측불가 반전으로 역대급 재미를 선사할 예정이다.",
				"subjectConsistencyYn": "Y"
			},
			{
				"sentenceNo": 5,
				"sentenceContent": "시즌을 거듭할수록 점점 막강해지는 미스터리 싱어들과 가수, 배우, 예능인, 스포츠 스타 등 다양한 분야에서 활약 중인 스타들로 구성될 초대스타들도 ‘너목보9’을 기대하게 만드는 요소 중 하나다.",
				"subjectConsistencyYn": "Y"
			},
			{
				"sentenceNo": 6,
				"sentenceContent": "또한, 2017년 방송된 ‘너목보4’부터 함께 해온 김종국, 유세윤, 이특이 다시 한번 MC를 맡아 찰떡 호흡을 보여줄 예정이다. ‘너목보’는 한국은 물론 전 세계 팬들을 사로잡으며 ‘K-예능’의 대표주자로도 자리매김했다.",
				"subjectConsistencyYn": "Y"
			},
			{
				"sentenceNo": 7,
				"sentenceContent": "미국, 영국, 독일, 프랑스, 태국 등 전 세계 23개 지역에 수출됐고, 2016년 국제 에미 어워즈에서 ‘non-scripted entertainment’(예능 프로그램) 부문의 최종 후보로 선정되기도 했다.",
				"subjectConsistencyYn": "Y"
			},
			{
				"sentenceNo": 8,
				"sentenceContent": "또한, 세계 최대 방송콘텐츠 영상 마켓 MIPTV의 집계에 따르면 지난 2020년 9월부터 2021년 4월까지 6개월간 전 세계에서 가장 많이 리메이크된 프로그램으로 꼽히기도 했다.",
				"subjectConsistencyYn": "Y"
			},
			{
				"sentenceNo": 9,
				"sentenceContent": "특히 미국 FOX에서 방송된 미국판 ‘너목보’는 1회부터 18~49세 시청률 1위를 기록하며 ‘2020년 FOX에서 데뷔한 프로그램 중 가장 성공적인 프로그램’으로 선정된 바 있다.",
				"subjectConsistencyYn": "Y"
			},
			{
				"sentenceNo": 10,
				"sentenceContent": "이러한 뜨거운 인기에 힘입어 미국판 ‘너목보’ 역시 2022년 1월 美 FOX에서 시즌2를 편성하기로 결정했다.",
				"subjectConsistencyYn": "Y"
			},
			{
				"sentenceNo": 11,
				"sentenceContent": "시즌1의 성공세를 이어 지난 시즌보다 2회차가 늘어난 12회차로 편성됐다.",
				"subjectConsistencyYn": "Y"
			},
			{
				"sentenceNo": 12,
				"sentenceContent": "영국판 ‘너목보’는 한국 예능 프로그램 최초로 현지 최고 시청 점유율의 BBC One에서 방영되어 3회와 5회는 영국 내 당일 전체 시청률 1위를 기록하기도 했다.",
				"subjectConsistencyYn": "Y"
			},
			{
				"sentenceNo": 13,
				"sentenceContent": "신유정은 윤재국에게 무슨 말을 하려는 것일까.",
				"subjectConsistencyYn": "N"
			},
			{
				"sentenceNo": 14,
				"sentenceContent": "신유정과의 대화가 하영은을 향한 윤재국 마음에 변화를 가져올까.",
				"subjectConsistencyYn": "N"
			},
			{
				"sentenceNo": 15,
				"sentenceContent": "이와 관련 ‘지헤중’ 제작진은 “내일(3일) 방송되는 7회에서는 하영은, 윤재국, 윤수완을 둘러싼 신유정의 이야기가 밝혀진다. 하영은에게 적대적일 수밖에 없는 신유정의 복잡한 감정, 그 감정에 휘둘릴 수 없는 윤재국의 굳건한 마음이 부딪힐 것이다. 장기용, 윤정희 두 배우는 섬세한 연기로 인물들의 감정을 담아냈다. 시청자 여러분들의 많은 관심 부탁드린다”라고 전했다.",
				"subjectConsistencyYn": "N"
			},
			{
				"sentenceNo": 16,
				"sentenceContent": "한편 SBS 금토드라마 ‘지금, 헤어지는 중입니다’ 7회는 12월 3일 금요일 밤 10시 방송된다.",
				"subjectConsistencyYn": "N"
			}
		],
		"clickbaitClass": 0
	}
}