{
	"sourceDataInfo": {
		"newsID": "ET_M13_490578",
		"newsCategory": "연예",
		"newsSubcategory": "음악",
		"newsTitle": "[전문]베리베리 용승, 코로나19 확진 “美 투어 일정 취소”",
		"newsSubTitle": "",
		"newsContent": "그룹 베리베리의 용승이 코로나19 확진 판정을 받았다.\n소속사 젤리피쉬 엔터테인먼트는 18일 “베리베리 멤버 용승이 미국 현지에서 12월 17일(한국 18일) 코로나19 확진 판정을 받았다. 오하이오주 클리블랜드 지역의 방역 지침에 따라 자가 격리 시행을 시작하였으며, 가벼운 두통 외의 추가적인 신체적 이상 증상은 없는 상황”이라고 공식입장을 밝혔다.\n이어 “다른 멤버들과 콘서트 관련 스태프 전원 음성 판정을 받았다”면서도 “팬 여러분과 아티스트의 안전과 건강을 최우선으로 고려하여 금일 현지 진행 예정이었던 클리블랜드 공연을 비롯한 19일(한국 20일) 해리스버그, 20일(한국 21일) 뉴욕 공연을 포함한 모든 일정을 부득이하게 취소하게 되었음을 알린다”고 전했다.\n베리베리는 지난 5일 미국 로스앤젤레스를 시작으로 ‘2021 VERIVERY 1ST TOUR IN U.S.’ 콘서트를 진행 중이던 상황이다.\n데뷔 후 첫 미국 투어로 미국 내 총 9개 주요 도시에서 전세계 팬들을 만날 계획이었다.\n마지막으로 소속사는 “당사는 향후 현지 및 한국 방역 당국의 방침에 따라 용승군의 빠른 쾌유와 아티스트 및 스태프들의 건강 상황을 고려하여 안전하고 빠르게 귀국할 수 있도록 최선을 다할 것”이라고 덧붙였다.\n이하는 젤릭피쉬 엔터테인먼트 공식입장 전문. 안녕하세요, 젤리피쉬 엔터테인먼트입니다.\n베리베리 멤버 용승군이 미국 현지 12월 17일(한국 18일) 코로나19 확진 판정을 받았습니다.\n용승군은 다른 멤버 및 스태프들과 즉각 분리하여 오하이오주 클리블랜드 지역의 방역 지침에 따라 자가 격리 시행을 시작하였으며, 가벼운 두통 외의 추가적인 신체적 이상 증상은 없는 상황입니다.\n다른 베리베리 멤버들과 2021 VERIVERY 1ST TOUR IN U.S. 에 참여하는 모든 스태프 전원은 음성 판정을 통보받았으며 발열, 호흡기 질환 등 감염 의심 증상은 전혀 나타나지 않고 있습니다.\n앞서 공지드린 바와 같이 당사는 팬 여러분과 아티스트의 안전과 건강을 최우선으로 고려하여 금일 현지 12월 17일 저녁(한국 18일 오전) 진행 예정이었던 클리블랜드 공연을 비롯한 19일(한국 20일) 해리스버그, 20일(한국 21일) 뉴욕 공연을 포함한 모든 일정을 부득이하게 취소하게 되었음을 안내 드립니다.\n팬 여러분들께 심려를 끼쳐드린 점 다시 한 번 깊은 사과의 말씀을 드립니다.\n당사는 향후 현지 및 한국 방역 당국의 방침에 따라 용승군의 빠른 쾌유와 아티스트 및 스태프들의 건강 상황을 고려하여 안전하고 빠르게 귀국할 수 있도록 최선을 다하겠습니다.",
		"partNum": "P2",
		"useType": 0,
		"processType": "A",
		"processPattern": "99",
		"processLevel": "하",
		"sentenceCount": 13,
		"processSentencenum": 2,
		"sentenceInfo": [
			{
				"sentenceNo": 1,
				"sentenceContent": "그룹 베리베리의 용승이 코로나19 확진 판정을 받았다.",
				"sentenceSize": 30
			},
			{
				"sentenceNo": 2,
				"sentenceContent": "소속사 젤리피쉬 엔터테인먼트는 18일 “베리베리 멤버 용승이 미국 현지에서 12월 17일(한국 18일) 코로나19 확진 판정을 받았다. 오하이오주 클리블랜드 지역의 방역 지침에 따라 자가 격리 시행을 시작하였으며, 가벼운 두통 외의 추가적인 신체적 이상 증상은 없는 상황”이라고 공식입장을 밝혔다.",
				"sentenceSize": 166
			},
			{
				"sentenceNo": 3,
				"sentenceContent": "이어 “다른 멤버들과 콘서트 관련 스태프 전원 음성 판정을 받았다”면서도 “팬 여러분과 아티스트의 안전과 건강을 최우선으로 고려하여 금일 현지 진행 예정이었던 클리블랜드 공연을 비롯한 19일(한국 20일) 해리스버그, 20일(한국 21일) 뉴욕 공연을 포함한 모든 일정을 부득이하게 취소하게 되었음을 알린다”고 전했다.",
				"sentenceSize": 178
			},
			{
				"sentenceNo": 4,
				"sentenceContent": "베리베리는 지난 5일 미국 로스앤젤레스를 시작으로 ‘2021 VERIVERY 1ST TOUR IN U.S.’ 콘서트를 진행 중이던 상황이다.",
				"sentenceSize": 78
			},
			{
				"sentenceNo": 5,
				"sentenceContent": "데뷔 후 첫 미국 투어로 미국 내 총 9개 주요 도시에서 전세계 팬들을 만날 계획이었다.",
				"sentenceSize": 49
			},
			{
				"sentenceNo": 6,
				"sentenceContent": "마지막으로 소속사는 “당사는 향후 현지 및 한국 방역 당국의 방침에 따라 용승군의 빠른 쾌유와 아티스트 및 스태프들의 건강 상황을 고려하여 안전하고 빠르게 귀국할 수 있도록 최선을 다할 것”이라고 덧붙였다.",
				"sentenceSize": 115
			},
			{
				"sentenceNo": 7,
				"sentenceContent": "이하는 젤릭피쉬 엔터테인먼트 공식입장 전문. 안녕하세요, 젤리피쉬 엔터테인먼트입니다.",
				"sentenceSize": 47
			},
			{
				"sentenceNo": 8,
				"sentenceContent": "베리베리 멤버 용승군이 미국 현지 12월 17일(한국 18일) 코로나19 확진 판정을 받았습니다.",
				"sentenceSize": 54
			},
			{
				"sentenceNo": 9,
				"sentenceContent": "용승군은 다른 멤버 및 스태프들과 즉각 분리하여 오하이오주 클리블랜드 지역의 방역 지침에 따라 자가 격리 시행을 시작하였으며, 가벼운 두통 외의 추가적인 신체적 이상 증상은 없는 상황입니다.",
				"sentenceSize": 106
			},
			{
				"sentenceNo": 10,
				"sentenceContent": "다른 베리베리 멤버들과 2021 VERIVERY 1ST TOUR IN U.S. 에 참여하는 모든 스태프 전원은 음성 판정을 통보받았으며 발열, 호흡기 질환 등 감염 의심 증상은 전혀 나타나지 않고 있습니다.",
				"sentenceSize": 115
			},
			{
				"sentenceNo": 11,
				"sentenceContent": "앞서 공지드린 바와 같이 당사는 팬 여러분과 아티스트의 안전과 건강을 최우선으로 고려하여 금일 현지 12월 17일 저녁(한국 18일 오전) 진행 예정이었던 클리블랜드 공연을 비롯한 19일(한국 20일) 해리스버그, 20일(한국 21일) 뉴욕 공연을 포함한 모든 일정을 부득이하게 취소하게 되었음을 안내 드립니다.",
				"sentenceSize": 174
			},
			{
				"sentenceNo": 12,
				"sentenceContent": "팬 여러분들께 심려를 끼쳐드린 점 다시 한 번 깊은 사과의 말씀을 드립니다.",
				"sentenceSize": 42
			},
			{
				"sentenceNo": 13,
				"sentenceContent": "당사는 향후 현지 및 한국 방역 당국의 방침에 따라 용승군의 빠른 쾌유와 아티스트 및 스태프들의 건강 상황을 고려하여 안전하고 빠르게 귀국할 수 있도록 최선을 다하겠습니다.",
				"sentenceSize": 96
			}
		]
	},
	"labeledDataInfo": {
		"processSentenceInfo": [
			{
				"sentenceNo": 1,
				"sentenceContent": "그룹 베리베리의 용승이 코로나19 확진 판정을 받았다.",
				"subjectConsistencyYn": "Y"
			},
			{
				"sentenceNo": 2,
				"sentenceContent": "소속사 젤리피쉬 엔터테인먼트는 18일 “베리베리 멤버 용승이 미국 현지에서 12월 17일(한국 18일) 코로나19 확진 판정을 받았다. 오하이오주 클리블랜드 지역의 방역 지침에 따라 자가 격리 시행을 시작하였으며, 가벼운 두통 외의 추가적인 신체적 이상 증상은 없는 상황”이라고 공식입장을 밝혔다.",
				"subjectConsistencyYn": "Y"
			},
			{
				"sentenceNo": 3,
				"sentenceContent": "이어 “다른 멤버들과 콘서트 관련 스태프 전원 음성 판정을 받았다”면서도 “팬 여러분과 아티스트의 안전과 건강을 최우선으로 고려하여 금일 현지 진행 예정이었던 클리블랜드 공연을 비롯한 19일(한국 20일) 해리스버그, 20일(한국 21일) 뉴욕 공연을 포함한 모든 일정을 부득이하게 취소하게 되었음을 알린다”고 전했다.",
				"subjectConsistencyYn": "Y"
			},
			{
				"sentenceNo": 4,
				"sentenceContent": "베리베리는 지난 5일 미국 로스앤젤레스를 시작으로 ‘2021 VERIVERY 1ST TOUR IN U.S.’ 콘서트를 진행 중이던 상황이다.",
				"subjectConsistencyYn": "Y"
			},
			{
				"sentenceNo": 5,
				"sentenceContent": "데뷔 후 첫 미국 투어로 미국 내 총 9개 주요 도시에서 전세계 팬들을 만날 계획이었다.",
				"subjectConsistencyYn": "Y"
			},
			{
				"sentenceNo": 6,
				"sentenceContent": "마지막으로 소속사는 “당사는 향후 현지 및 한국 방역 당국의 방침에 따라 용승군의 빠른 쾌유와 아티스트 및 스태프들의 건강 상황을 고려하여 안전하고 빠르게 귀국할 수 있도록 최선을 다할 것”이라고 덧붙였다.",
				"subjectConsistencyYn": "Y"
			},
			{
				"sentenceNo": 7,
				"sentenceContent": "이하는 젤릭피쉬 엔터테인먼트 공식입장 전문. 안녕하세요, 젤리피쉬 엔터테인먼트입니다.",
				"subjectConsistencyYn": "Y"
			},
			{
				"sentenceNo": 8,
				"sentenceContent": "베리베리 멤버 용승군이 미국 현지 12월 17일(한국 18일) 코로나19 확진 판정을 받았습니다.",
				"subjectConsistencyYn": "Y"
			},
			{
				"sentenceNo": 9,
				"sentenceContent": "용승군은 다른 멤버 및 스태프들과 즉각 분리하여 오하이오주 클리블랜드 지역의 방역 지침에 따라 자가 격리 시행을 시작하였으며, 가벼운 두통 외의 추가적인 신체적 이상 증상은 없는 상황입니다.",
				"subjectConsistencyYn": "Y"
			},
			{
				"sentenceNo": 10,
				"sentenceContent": "다른 베리베리 멤버들과 2021 VERIVERY 1ST TOUR IN U.S. 에 참여하는 모든 스태프 전원은 음성 판정을 통보받았으며 발열, 호흡기 질환 등 감염 의심 증상은 전혀 나타나지 않고 있습니다.",
				"subjectConsistencyYn": "Y"
			},
			{
				"sentenceNo": 11,
				"sentenceContent": "앞서 공지드린 바와 같이 당사는 팬 여러분과 아티스트의 안전과 건강을 최우선으로 고려하여 금일 현지 12월 17일 저녁(한국 18일 오전) 진행 예정이었던 클리블랜드 공연을 비롯한 19일(한국 20일) 해리스버그, 20일(한국 21일) 뉴욕 공연을 포함한 모든 일정을 부득이하게 취소하게 되었음을 안내 드립니다.",
				"subjectConsistencyYn": "Y"
			},
			{
				"sentenceNo": 12,
				"sentenceContent": "하이라이트는 중간중간 함께 모여 ‘DAYDREAM’과 ;밤안개’의 안무를 선보이며 정식으로 선보일 무대에 대한 기대감까지 높였다. 타이틀곡 ‘DAYDREAM’은 지난 21일 발매 직후 주요 음원 사이트 벅스와 지니의 실시간 차트에서 2위를 기록한 데 이어 멜론 TOP 100 차트에서도 상위권에 안착했다.",
				"subjectConsistencyYn": "N"
			},
			{
				"sentenceNo": 13,
				"sentenceContent": "수록곡까지 벅스 실시간 차트 TOP 14에 진입하는 등 독보적인 음원 파워를 보여준 하이라이트는 음악 방송 활동과 다채로운 콘텐츠로 컴백 활동을 이어갈 예정이다.",
				"subjectConsistencyYn": "N"
			}
		],
		"clickbaitClass": 0
	}
}