{
	"sourceDataInfo": {
		"newsID": "ET_M13_490454",
		"newsCategory": "연예",
		"newsSubcategory": "방송",
		"newsTitle": "‘설강화’PD “정해인-지수, 순수하게 몰입하는 이들 만의 호흡”",
		"newsSubTitle": "",
		"newsContent": "JTBC 새 주말극 ‘설강화’에서 호흡을 맞추는 배우 정해인과 지수가 함께 연기한 소감을 전했다.\n정해인과 지수는 16일 온라인 중계 형식으로 열린 ‘설강화’의 제작발표회에 참석했다.\n이 자리에는 연출을 맡은 조현탁PD도 함께 했다.\n정해인은 극중 명문대생으로 은영로(지수)가 다니는 호수여대의 기숙사에 부상을 입은 채 숨어든 임수호 역을 맡았다.\n두 사람은 운명적인 만남 이후 서로에게 끌리지만 수호에게 부여된 임무로 시련을 겪는다.\n정해인은 “매 촬영마다 놀라움의 연속이었다. 감독님이 전달을 하시면 바로 이해하고 표현하는 것은 쉬운 일이 아니”라고 전제하며 “시간이 걸릴 수 있는 일인데 그 시간이 짧아서 놀랐다. 그리고 이야기 중심에 영로가 있다 보니 영로 주변에 사람들이 많다. 그럼에도 중심을 잘 잡았다”고 지수와 연기한 소감을 전했다.\n지수는 “작품이 처음이라 어떻게 나오는지도 모르고, 부족한 부분이 많았다”면서도 “선배님이 많이 이끌어주시고 편하게 해주시니까 집중해서 연기할 수 있는 환경이 만들어졌다”고 밝혔다.\n조현탁PD는 두 사람의 호흡에 대해 “자신의 일에 순수하게 몰입하는 사람들에게는 묘한 빛이 난다. 정해인과 지수도 그러했다. 세속적인 이해관계에 집착하지 않고 허세가 없는 사람들만이 표현할 수 있는 캐릭터”라면서 “그런 사람들의 호흡은 독특한 것이 있다. 촬영을 하면서 그런 걸 느꼈고 두 배우가 촬영장에 나타나길 기다렸다”고 말했다.\n정해인과 지수가 호흡을 맞추는 JTBC 새 주말극 ‘설강화’는 오는 18일 오후 10시30분 첫 방송된다.",
		"partNum": "P2",
		"useType": 0,
		"processType": "A",
		"processPattern": "99",
		"processLevel": "하",
		"sentenceCount": 9,
		"processSentencenum": 1,
		"sentenceInfo": [
			{
				"sentenceNo": 1,
				"sentenceContent": "JTBC 새 주말극 ‘설강화’에서 호흡을 맞추는 배우 정해인과 지수가 함께 연기한 소감을 전했다.",
				"sentenceSize": 54
			},
			{
				"sentenceNo": 2,
				"sentenceContent": "정해인과 지수는 16일 온라인 중계 형식으로 열린 ‘설강화’의 제작발표회에 참석했다.",
				"sentenceSize": 47
			},
			{
				"sentenceNo": 3,
				"sentenceContent": "이 자리에는 연출을 맡은 조현탁PD도 함께 했다.",
				"sentenceSize": 27
			},
			{
				"sentenceNo": 4,
				"sentenceContent": "정해인은 극중 명문대생으로 은영로(지수)가 다니는 호수여대의 기숙사에 부상을 입은 채 숨어든 임수호 역을 맡았다.",
				"sentenceSize": 63
			},
			{
				"sentenceNo": 5,
				"sentenceContent": "두 사람은 운명적인 만남 이후 서로에게 끌리지만 수호에게 부여된 임무로 시련을 겪는다.",
				"sentenceSize": 48
			},
			{
				"sentenceNo": 6,
				"sentenceContent": "정해인은 “매 촬영마다 놀라움의 연속이었다. 감독님이 전달을 하시면 바로 이해하고 표현하는 것은 쉬운 일이 아니”라고 전제하며 “시간이 걸릴 수 있는 일인데 그 시간이 짧아서 놀랐다. 그리고 이야기 중심에 영로가 있다 보니 영로 주변에 사람들이 많다. 그럼에도 중심을 잘 잡았다”고 지수와 연기한 소감을 전했다.",
				"sentenceSize": 174
			},
			{
				"sentenceNo": 7,
				"sentenceContent": "지수는 “작품이 처음이라 어떻게 나오는지도 모르고, 부족한 부분이 많았다”면서도 “선배님이 많이 이끌어주시고 편하게 해주시니까 집중해서 연기할 수 있는 환경이 만들어졌다”고 밝혔다.",
				"sentenceSize": 101
			},
			{
				"sentenceNo": 8,
				"sentenceContent": "조현탁PD는 두 사람의 호흡에 대해 “자신의 일에 순수하게 몰입하는 사람들에게는 묘한 빛이 난다. 정해인과 지수도 그러했다. 세속적인 이해관계에 집착하지 않고 허세가 없는 사람들만이 표현할 수 있는 캐릭터”라면서 “그런 사람들의 호흡은 독특한 것이 있다. 촬영을 하면서 그런 걸 느꼈고 두 배우가 촬영장에 나타나길 기다렸다”고 말했다.",
				"sentenceSize": 187
			},
			{
				"sentenceNo": 9,
				"sentenceContent": "정해인과 지수가 호흡을 맞추는 JTBC 새 주말극 ‘설강화’는 오는 18일 오후 10시30분 첫 방송된다.",
				"sentenceSize": 59
			}
		]
	},
	"labeledDataInfo": {
		"processSentenceInfo": [
			{
				"sentenceNo": 1,
				"sentenceContent": "JTBC 새 주말극 ‘설강화’에서 호흡을 맞추는 배우 정해인과 지수가 함께 연기한 소감을 전했다.",
				"subjectConsistencyYn": "Y"
			},
			{
				"sentenceNo": 2,
				"sentenceContent": "정해인과 지수는 16일 온라인 중계 형식으로 열린 ‘설강화’의 제작발표회에 참석했다.",
				"subjectConsistencyYn": "Y"
			},
			{
				"sentenceNo": 3,
				"sentenceContent": "이 자리에는 연출을 맡은 조현탁PD도 함께 했다.",
				"subjectConsistencyYn": "Y"
			},
			{
				"sentenceNo": 4,
				"sentenceContent": "정해인은 극중 명문대생으로 은영로(지수)가 다니는 호수여대의 기숙사에 부상을 입은 채 숨어든 임수호 역을 맡았다.",
				"subjectConsistencyYn": "Y"
			},
			{
				"sentenceNo": 5,
				"sentenceContent": "두 사람은 운명적인 만남 이후 서로에게 끌리지만 수호에게 부여된 임무로 시련을 겪는다.",
				"subjectConsistencyYn": "Y"
			},
			{
				"sentenceNo": 6,
				"sentenceContent": "정해인은 “매 촬영마다 놀라움의 연속이었다. 감독님이 전달을 하시면 바로 이해하고 표현하는 것은 쉬운 일이 아니”라고 전제하며 “시간이 걸릴 수 있는 일인데 그 시간이 짧아서 놀랐다. 그리고 이야기 중심에 영로가 있다 보니 영로 주변에 사람들이 많다. 그럼에도 중심을 잘 잡았다”고 지수와 연기한 소감을 전했다.",
				"subjectConsistencyYn": "Y"
			},
			{
				"sentenceNo": 7,
				"sentenceContent": "지수는 “작품이 처음이라 어떻게 나오는지도 모르고, 부족한 부분이 많았다”면서도 “선배님이 많이 이끌어주시고 편하게 해주시니까 집중해서 연기할 수 있는 환경이 만들어졌다”고 밝혔다.",
				"subjectConsistencyYn": "Y"
			},
			{
				"sentenceNo": 8,
				"sentenceContent": "조현탁PD는 두 사람의 호흡에 대해 “자신의 일에 순수하게 몰입하는 사람들에게는 묘한 빛이 난다. 정해인과 지수도 그러했다. 세속적인 이해관계에 집착하지 않고 허세가 없는 사람들만이 표현할 수 있는 캐릭터”라면서 “그런 사람들의 호흡은 독특한 것이 있다. 촬영을 하면서 그런 걸 느꼈고 두 배우가 촬영장에 나타나길 기다렸다”고 말했다.",
				"subjectConsistencyYn": "Y"
			},
			{
				"sentenceNo": 9,
				"sentenceContent": "그러나 주차장 규격은 일반형이 1990년 2.3ｍ×5.0ｍ로 개정된 이후 큰 변화가 없다.",
				"subjectConsistencyYn": "N"
			},
			{
				"sentenceNo": 10,
				"sentenceContent": "실제로 연구소 측이 일반형 규격의 주차장에 중형 차량이 나란히 주차됐을 때 어느 정도 공간이 부족한지를 실험한 결과 중형차량은 13.1㎝ 부족한 것으로 나타났다.",
				"subjectConsistencyYn": "N"
			},
			{
				"sentenceNo": 11,
				"sentenceContent": "온라인 중앙일보 [사진 중앙 DB]",
				"subjectConsistencyYn": "N"
			}
		],
		"clickbaitClass": 0
	}
}