{
	"sourceDataInfo": {
		"newsID": "ET_M13_490751",
		"newsCategory": "연예",
		"newsSubcategory": "방송",
		"newsTitle": "위기 맞은 지상파, 너도나도 ‘K-사극’[스경연예연구소]",
		"newsSubTitle": "",
		"newsContent": "OTT(온라인 동영상 서비스)의 급성장으로 위기를 맞은 지상파가 ‘K-사극’을 통해 탈출구를 찾고 있다.\n최근 SBS ‘홍천기’로 시작된 방송가 사극열풍은 KBS 2 ‘연모’, MBC ‘옷소매 붉은 끝동’이 바통을 이어받았다.\nKBS1 TV는 5년만에 대하사극 부활을 알린 ‘태종 이방원’, KBS 2 ‘꽃 피면 달 생각하고’가 첫 회부터 순항 중이다. ‘홍천기’는 시청률 6%대로 출발해 자체 최고 시청률을 기록하며 유종의미를 거뒀다.\n자체 최고 시청률 12.1%를 기록하며 막을 내린 ‘연모’는 7주 연속 월화드라마 1위를 지켰다.\n연모는 방송 2주만인 10월 21일 사극 최초로 넷플릭스 TV쇼 부문 세계 톱10에 진입하는 기염을 토하기도 했다. ‘옷소매 붉은 끝동’은 ‘홍천기’, ‘연모’를 뛰어넘는 시청률을 기록하며 막바지로 치닫고 있다.\n자신이 선택한 삶을 지키고자 한 궁녀 성덕임(이세영)과 사랑보다 나라가 우선인 왕세손 이산(이준호)의 로맨스를 그린 ‘옷소매 붉은 끝동’은 시청자들의 폭발적인 관심에 1회 연장 방송을 결정했다.\n최근 여러편의 퓨전사극이 화제를 몰고왔다면 ‘태종 이방원’은 정통대하사극이다.\n퓨전사극은 인물들의 로맨스가 극을 이끌어간다.\n반면 정통사극은 왕을 중심으로 대의명분, 권력투쟁 과정에서 드러나는 갈등에 초점을 맞췄다. ‘장영실’ 이후 6년 만에 선보이는 KBS 대하사극 ‘태종 이방원’은 고려 변방의 무장이 신흥사대부와 함께 새로운 권력을 향해 질주하면서 현 대선정국과 맞물려 시청자들의 관심이 폭발하고 있다.\n유승호와 이혜리가 주연을 맡은 ‘꽃 피면 달 생각하고’는시청률 7.5%를 기록하며 순조롭게 출발했다. ‘유승호표 사극’이라는 말이 회자될 정도로 사극연기에 탁월한 유승호와 첫 사극에 도전하는 이혜리가 금주령 시대 로맨스를 펼친다.\n왕이 내린 어사주를 거부하는 원칙주의 시골 선비 남영(유승호), 먹고 살기 위해 생계형 밀주꾼이 되는 로서(이혜리), 형이 세상을 떠날 때 남은 상처로 날라리 왕세자가 된 이표(변우석)의 악연과 인연을 그린 ‘꽃 피면 달 생각하고’가 전작 ‘연모’의 흥행을 이어갈 수 있을지 관심을 끌고 있다.\n지상파 사극들이 연이어 흥행을 하면서 OTT의 급성장 속에서 설 자리를 잃어가던 지상파가 경쟁력을 회복할 수 있을지 기대가 모아지고 있다.",
		"partNum": "P2",
		"useType": 0,
		"processType": "A",
		"processPattern": "99",
		"processLevel": "하",
		"sentenceCount": 12,
		"processSentencenum": 3,
		"sentenceInfo": [
			{
				"sentenceNo": 1,
				"sentenceContent": "OTT(온라인 동영상 서비스)의 급성장으로 위기를 맞은 지상파가 ‘K-사극’을 통해 탈출구를 찾고 있다.",
				"sentenceSize": 58
			},
			{
				"sentenceNo": 2,
				"sentenceContent": "최근 SBS ‘홍천기’로 시작된 방송가 사극열풍은 KBS 2 ‘연모’, MBC ‘옷소매 붉은 끝동’이 바통을 이어받았다.",
				"sentenceSize": 67
			},
			{
				"sentenceNo": 3,
				"sentenceContent": "KBS1 TV는 5년만에 대하사극 부활을 알린 ‘태종 이방원’, KBS 2 ‘꽃 피면 달 생각하고’가 첫 회부터 순항 중이다. ‘홍천기’는 시청률 6%대로 출발해 자체 최고 시청률을 기록하며 유종의미를 거뒀다.",
				"sentenceSize": 117
			},
			{
				"sentenceNo": 4,
				"sentenceContent": "자체 최고 시청률 12.1%를 기록하며 막을 내린 ‘연모’는 7주 연속 월화드라마 1위를 지켰다.",
				"sentenceSize": 54
			},
			{
				"sentenceNo": 5,
				"sentenceContent": "연모는 방송 2주만인 10월 21일 사극 최초로 넷플릭스 TV쇼 부문 세계 톱10에 진입하는 기염을 토하기도 했다. ‘옷소매 붉은 끝동’은 ‘홍천기’, ‘연모’를 뛰어넘는 시청률을 기록하며 막바지로 치닫고 있다.",
				"sentenceSize": 118
			},
			{
				"sentenceNo": 6,
				"sentenceContent": "자신이 선택한 삶을 지키고자 한 궁녀 성덕임(이세영)과 사랑보다 나라가 우선인 왕세손 이산(이준호)의 로맨스를 그린 ‘옷소매 붉은 끝동’은 시청자들의 폭발적인 관심에 1회 연장 방송을 결정했다.",
				"sentenceSize": 108
			},
			{
				"sentenceNo": 7,
				"sentenceContent": "최근 여러편의 퓨전사극이 화제를 몰고왔다면 ‘태종 이방원’은 정통대하사극이다.",
				"sentenceSize": 43
			},
			{
				"sentenceNo": 8,
				"sentenceContent": "퓨전사극은 인물들의 로맨스가 극을 이끌어간다.",
				"sentenceSize": 25
			},
			{
				"sentenceNo": 9,
				"sentenceContent": "반면 정통사극은 왕을 중심으로 대의명분, 권력투쟁 과정에서 드러나는 갈등에 초점을 맞췄다. ‘장영실’ 이후 6년 만에 선보이는 KBS 대하사극 ‘태종 이방원’은 고려 변방의 무장이 신흥사대부와 함께 새로운 권력을 향해 질주하면서 현 대선정국과 맞물려 시청자들의 관심이 폭발하고 있다.",
				"sentenceSize": 158
			},
			{
				"sentenceNo": 10,
				"sentenceContent": "유승호와 이혜리가 주연을 맡은 ‘꽃 피면 달 생각하고’는시청률 7.5%를 기록하며 순조롭게 출발했다. ‘유승호표 사극’이라는 말이 회자될 정도로 사극연기에 탁월한 유승호와 첫 사극에 도전하는 이혜리가 금주령 시대 로맨스를 펼친다.",
				"sentenceSize": 128
			},
			{
				"sentenceNo": 11,
				"sentenceContent": "왕이 내린 어사주를 거부하는 원칙주의 시골 선비 남영(유승호), 먹고 살기 위해 생계형 밀주꾼이 되는 로서(이혜리), 형이 세상을 떠날 때 남은 상처로 날라리 왕세자가 된 이표(변우석)의 악연과 인연을 그린 ‘꽃 피면 달 생각하고’가 전작 ‘연모’의 흥행을 이어갈 수 있을지 관심을 끌고 있다.",
				"sentenceSize": 164
			},
			{
				"sentenceNo": 12,
				"sentenceContent": "지상파 사극들이 연이어 흥행을 하면서 OTT의 급성장 속에서 설 자리를 잃어가던 지상파가 경쟁력을 회복할 수 있을지 기대가 모아지고 있다.",
				"sentenceSize": 77
			}
		]
	},
	"labeledDataInfo": {
		"processSentenceInfo": [
			{
				"sentenceNo": 1,
				"sentenceContent": "OTT(온라인 동영상 서비스)의 급성장으로 위기를 맞은 지상파가 ‘K-사극’을 통해 탈출구를 찾고 있다.",
				"subjectConsistencyYn": "Y"
			},
			{
				"sentenceNo": 2,
				"sentenceContent": "최근 SBS ‘홍천기’로 시작된 방송가 사극열풍은 KBS 2 ‘연모’, MBC ‘옷소매 붉은 끝동’이 바통을 이어받았다.",
				"subjectConsistencyYn": "Y"
			},
			{
				"sentenceNo": 3,
				"sentenceContent": "KBS1 TV는 5년만에 대하사극 부활을 알린 ‘태종 이방원’, KBS 2 ‘꽃 피면 달 생각하고’가 첫 회부터 순항 중이다. ‘홍천기’는 시청률 6%대로 출발해 자체 최고 시청률을 기록하며 유종의미를 거뒀다.",
				"subjectConsistencyYn": "Y"
			},
			{
				"sentenceNo": 4,
				"sentenceContent": "자체 최고 시청률 12.1%를 기록하며 막을 내린 ‘연모’는 7주 연속 월화드라마 1위를 지켰다.",
				"subjectConsistencyYn": "Y"
			},
			{
				"sentenceNo": 5,
				"sentenceContent": "연모는 방송 2주만인 10월 21일 사극 최초로 넷플릭스 TV쇼 부문 세계 톱10에 진입하는 기염을 토하기도 했다. ‘옷소매 붉은 끝동’은 ‘홍천기’, ‘연모’를 뛰어넘는 시청률을 기록하며 막바지로 치닫고 있다.",
				"subjectConsistencyYn": "Y"
			},
			{
				"sentenceNo": 6,
				"sentenceContent": "자신이 선택한 삶을 지키고자 한 궁녀 성덕임(이세영)과 사랑보다 나라가 우선인 왕세손 이산(이준호)의 로맨스를 그린 ‘옷소매 붉은 끝동’은 시청자들의 폭발적인 관심에 1회 연장 방송을 결정했다.",
				"subjectConsistencyYn": "Y"
			},
			{
				"sentenceNo": 7,
				"sentenceContent": "최근 여러편의 퓨전사극이 화제를 몰고왔다면 ‘태종 이방원’은 정통대하사극이다.",
				"subjectConsistencyYn": "Y"
			},
			{
				"sentenceNo": 8,
				"sentenceContent": "퓨전사극은 인물들의 로맨스가 극을 이끌어간다.",
				"subjectConsistencyYn": "Y"
			},
			{
				"sentenceNo": 9,
				"sentenceContent": "반면 정통사극은 왕을 중심으로 대의명분, 권력투쟁 과정에서 드러나는 갈등에 초점을 맞췄다. ‘장영실’ 이후 6년 만에 선보이는 KBS 대하사극 ‘태종 이방원’은 고려 변방의 무장이 신흥사대부와 함께 새로운 권력을 향해 질주하면서 현 대선정국과 맞물려 시청자들의 관심이 폭발하고 있다.",
				"subjectConsistencyYn": "Y"
			},
			{
				"sentenceNo": 10,
				"sentenceContent": "타블로는 \\\"배우가 랩을 이렇게 잘하기는 쉽지 않다. 랩을 계속 했으면 좋겠다\\\"고 바람을 드러내기도 했다. ‘두번째 스무살 김민재’ ‘두번째 스무살 김민재’ 온라인 중앙일보 [사진 Mnet ‘쇼미더머니4’ 캡처]",
				"subjectConsistencyYn": "N"
			}
		],
		"clickbaitClass": 0
	}
}