{
	"sourceDataInfo": {
		"newsID": "ET_M13_490388",
		"newsCategory": "연예",
		"newsSubcategory": "방송",
		"newsTitle": "‘쇼챔피언’ 고스트나인, 마음 홀리는 마성의 퍼포먼스 ‘Control’",
		"newsSubTitle": "",
		"newsContent": "아이돌그룹 고스트나인(GHOST9)이 치명적 카리스마와 남성미로 무대를 채웠다.\n고스트나인(손준형, 이신, 최준성, 이강성, 프린스, 이우진, 이진우)은 15일 방송된 MBC M ‘쇼! 챔피언’에서 새 미니앨범 ‘NOW : Who we are facing (나우 : 후 위 아 페이싱)’ 타이틀곡 ‘Control (컨트롤)’ 무대를 연출했다.\n고스트나인은 치명적이고 강한 비주얼로 시선을 사로잡았다.\n섹시한 눈빛과 표정 연기가 더해지며 몰입도를 끌어올렸다.\n고스트나인의 무대는 모든 구간이 킬링 파트로 시선을 붙잡았다.\n오케스트라를 지휘하는 듯한 안무로 ‘Control’ 무대을 시작한 고스트나인은 파워풀하면서도 세련된 퍼포먼스와 안무를 선보였다. ‘런웨이춤’, ‘지휘춤’, ‘마왕춤’ 등 포인트 안무를 살리며 성장한 모습과 여유로운 무대 매너를 보였다. ‘Control’은 오케스트라의 웅장한 사운드와 대비되는 강렬한 드럼 사운드가 만나 환상적인 심포니를 떠올리게 만드는 곡이다.\n괴테의 시를 바탕으로 작곡된 슈베르트의 가곡 ‘마왕’을 샘플링했고, 마치 지휘를 하는 듯한 비유를 사용하여 마음속에 있는 두려움, 슬픔, 후회 등은 잠시 넣어두고 나에게 모든 것을 맡기고 나에게 오라는 이야기를 담았다.\n고스트나인은 각종 음악 방송과 콘텐츠를 통해 새 미니앨범 ‘NOW : Who we are facing’ 활동을 이어간다.",
		"partNum": "P2",
		"useType": 0,
		"processType": "A",
		"processPattern": "99",
		"processLevel": "하",
		"sentenceCount": 8,
		"processSentencenum": 2,
		"sentenceInfo": [
			{
				"sentenceNo": 1,
				"sentenceContent": "아이돌그룹 고스트나인(GHOST9)이 치명적 카리스마와 남성미로 무대를 채웠다.",
				"sentenceSize": 44
			},
			{
				"sentenceNo": 2,
				"sentenceContent": "고스트나인(손준형, 이신, 최준성, 이강성, 프린스, 이우진, 이진우)은 15일 방송된 MBC M ‘쇼! 챔피언’에서 새 미니앨범 ‘NOW : Who we are facing (나우 : 후 위 아 페이싱)’ 타이틀곡 ‘Control (컨트롤)’ 무대를 연출했다.",
				"sentenceSize": 146
			},
			{
				"sentenceNo": 3,
				"sentenceContent": "고스트나인은 치명적이고 강한 비주얼로 시선을 사로잡았다.",
				"sentenceSize": 31
			},
			{
				"sentenceNo": 4,
				"sentenceContent": "섹시한 눈빛과 표정 연기가 더해지며 몰입도를 끌어올렸다.",
				"sentenceSize": 31
			},
			{
				"sentenceNo": 5,
				"sentenceContent": "고스트나인의 무대는 모든 구간이 킬링 파트로 시선을 붙잡았다.",
				"sentenceSize": 34
			},
			{
				"sentenceNo": 6,
				"sentenceContent": "오케스트라를 지휘하는 듯한 안무로 ‘Control’ 무대을 시작한 고스트나인은 파워풀하면서도 세련된 퍼포먼스와 안무를 선보였다. ‘런웨이춤’, ‘지휘춤’, ‘마왕춤’ 등 포인트 안무를 살리며 성장한 모습과 여유로운 무대 매너를 보였다. ‘Control’은 오케스트라의 웅장한 사운드와 대비되는 강렬한 드럼 사운드가 만나 환상적인 심포니를 떠올리게 만드는 곡이다.",
				"sentenceSize": 202
			},
			{
				"sentenceNo": 7,
				"sentenceContent": "괴테의 시를 바탕으로 작곡된 슈베르트의 가곡 ‘마왕’을 샘플링했고, 마치 지휘를 하는 듯한 비유를 사용하여 마음속에 있는 두려움, 슬픔, 후회 등은 잠시 넣어두고 나에게 모든 것을 맡기고 나에게 오라는 이야기를 담았다.",
				"sentenceSize": 122
			},
			{
				"sentenceNo": 8,
				"sentenceContent": "고스트나인은 각종 음악 방송과 콘텐츠를 통해 새 미니앨범 ‘NOW : Who we are facing’ 활동을 이어간다.",
				"sentenceSize": 67
			}
		]
	},
	"labeledDataInfo": {
		"processSentenceInfo": [
			{
				"sentenceNo": 1,
				"sentenceContent": "아이돌그룹 고스트나인(GHOST9)이 치명적 카리스마와 남성미로 무대를 채웠다.",
				"subjectConsistencyYn": "Y"
			},
			{
				"sentenceNo": 2,
				"sentenceContent": "고스트나인(손준형, 이신, 최준성, 이강성, 프린스, 이우진, 이진우)은 15일 방송된 MBC M ‘쇼! 챔피언’에서 새 미니앨범 ‘NOW : Who we are facing (나우 : 후 위 아 페이싱)’ 타이틀곡 ‘Control (컨트롤)’ 무대를 연출했다.",
				"subjectConsistencyYn": "Y"
			},
			{
				"sentenceNo": 3,
				"sentenceContent": "고스트나인은 치명적이고 강한 비주얼로 시선을 사로잡았다.",
				"subjectConsistencyYn": "Y"
			},
			{
				"sentenceNo": 4,
				"sentenceContent": "섹시한 눈빛과 표정 연기가 더해지며 몰입도를 끌어올렸다.",
				"subjectConsistencyYn": "Y"
			},
			{
				"sentenceNo": 5,
				"sentenceContent": "고스트나인의 무대는 모든 구간이 킬링 파트로 시선을 붙잡았다.",
				"subjectConsistencyYn": "Y"
			},
			{
				"sentenceNo": 6,
				"sentenceContent": "오케스트라를 지휘하는 듯한 안무로 ‘Control’ 무대을 시작한 고스트나인은 파워풀하면서도 세련된 퍼포먼스와 안무를 선보였다. ‘런웨이춤’, ‘지휘춤’, ‘마왕춤’ 등 포인트 안무를 살리며 성장한 모습과 여유로운 무대 매너를 보였다. ‘Control’은 오케스트라의 웅장한 사운드와 대비되는 강렬한 드럼 사운드가 만나 환상적인 심포니를 떠올리게 만드는 곡이다.",
				"subjectConsistencyYn": "Y"
			},
			{
				"sentenceNo": 7,
				"sentenceContent": "또한 지난달 ‘2021 한류문화대상’에서 신인상 격인 ‘차세대 한류스타상’을 수상한 것은 물론, ‘제8회 이데일리 문화대상’ 축하공연에 오르는 등 눈부신 성과를 보이며 ‘4세대 아이돌 특급 다크호스’로 각광 받는 중이다.",
				"subjectConsistencyYn": "N"
			},
			{
				"sentenceNo": 8,
				"sentenceContent": "한편, 미니 3집 ‘History Of Kingdom : Part Ⅲ. IVAN(히스토리 오브 킹덤 : 파트 3. 아이반)’의 ‘Black Crown’으로 컴백한 킹덤은 계속해서 활발한 활동을 이어갈 계획이다.",
				"subjectConsistencyYn": "N"
			}
		],
		"clickbaitClass": 0
	}
}