{
	"sourceDataInfo": {
		"newsID": "ET_M13_490658",
		"newsCategory": "연예",
		"newsSubcategory": "음악",
		"newsTitle": "정재형 ‘앙리 마티스’ 전시 음악감독·오디오 도슨트 참여",
		"newsSubTitle": "",
		"newsContent": "뮤지션 정재형이 ‘앙리 마티스: 라이프 앤 조이’ 음악감독으로 합류한다.\n소속사 안테나에 따르면 정재형은 오는 21일부터 22년 4월 10일까지 예술의전당 한가람미술관에서 열리는 ‘앙리 마티스: 라이프 앤 조이’의 음악감독과 오디오 도슨트로 참여한다. ‘색채의 황홀-마리 로랑생’, ‘매그넘 인 파리’전에 이어 가우디움어소시에이츠의 세 번째 프렌치 아티스트 시리즈로 선보이는 이번 전시회는 앙리 마티스의 원작 200여 점을 비롯한 영상과 사진, 다양한 체험 등을 통해 그의 삶과 작품 세계를 입체적으로 조망해 볼 수 있도록 기획됐다.\n음악감독을 맡은 정재형은 ‘앙리 마티스: 라이프 앤 조이’를 위해 곡을 새로 써 마티스가 있던 시절로 여행하는 듯한 느낌을 주며 전시의 울림을 한층 더 깊게 만들 전망이다.\n인트로 영상 음원은 마티스의 삶이 펼쳐진 풍경에 서정적인 피아노 멜로디가 더해졌으며, 메인 곡인 ‘l‘oiseaua’는 현대적인 일레트로닉 정서 안에 피아노의 멜로디가 어우러져 과거와 현재를 머무르지 않는 상태로 그려냈다.\n클래식부터 영화 음악, 대중가요까지 확장된 정재형의 음악적 스펙트럼은 ‘앙리 마티스: 라이프 앤 조이’ 전시에서 신선한 바람을 일으킬 전망이다.\n그만의 섬세하고 독보적인 선율은 앙리 마티스의 작품과 만나 마티스가 숨 쉬던 시공간 속으로 빠져들게 하며, 작품으로의 몰입을 극대화한다.\n한편 ‘앙리 마티스: 라이프 앤 조이’ 전시는 오는 21일부터 2022년 4월 10일까지 예술의전당 한가람미술관에서 진행된다.",
		"partNum": "P2",
		"useType": 0,
		"processType": "A",
		"processPattern": "99",
		"processLevel": "하",
		"sentenceCount": 7,
		"processSentencenum": 1,
		"sentenceInfo": [
			{
				"sentenceNo": 1,
				"sentenceContent": "뮤지션 정재형이 ‘앙리 마티스: 라이프 앤 조이’ 음악감독으로 합류한다.",
				"sentenceSize": 40
			},
			{
				"sentenceNo": 2,
				"sentenceContent": "소속사 안테나에 따르면 정재형은 오는 21일부터 22년 4월 10일까지 예술의전당 한가람미술관에서 열리는 ‘앙리 마티스: 라이프 앤 조이’의 음악감독과 오디오 도슨트로 참여한다. ‘색채의 황홀-마리 로랑생’, ‘매그넘 인 파리’전에 이어 가우디움어소시에이츠의 세 번째 프렌치 아티스트 시리즈로 선보이는 이번 전시회는 앙리 마티스의 원작 200여 점을 비롯한 영상과 사진, 다양한 체험 등을 통해 그의 삶과 작품 세계를 입체적으로 조망해 볼 수 있도록 기획됐다.",
				"sentenceSize": 257
			},
			{
				"sentenceNo": 3,
				"sentenceContent": "음악감독을 맡은 정재형은 ‘앙리 마티스: 라이프 앤 조이’를 위해 곡을 새로 써 마티스가 있던 시절로 여행하는 듯한 느낌을 주며 전시의 울림을 한층 더 깊게 만들 전망이다.",
				"sentenceSize": 96
			},
			{
				"sentenceNo": 4,
				"sentenceContent": "인트로 영상 음원은 마티스의 삶이 펼쳐진 풍경에 서정적인 피아노 멜로디가 더해졌으며, 메인 곡인 ‘l‘oiseaua’는 현대적인 일레트로닉 정서 안에 피아노의 멜로디가 어우러져 과거와 현재를 머무르지 않는 상태로 그려냈다.",
				"sentenceSize": 124
			},
			{
				"sentenceNo": 5,
				"sentenceContent": "클래식부터 영화 음악, 대중가요까지 확장된 정재형의 음악적 스펙트럼은 ‘앙리 마티스: 라이프 앤 조이’ 전시에서 신선한 바람을 일으킬 전망이다.",
				"sentenceSize": 80
			},
			{
				"sentenceNo": 6,
				"sentenceContent": "그만의 섬세하고 독보적인 선율은 앙리 마티스의 작품과 만나 마티스가 숨 쉬던 시공간 속으로 빠져들게 하며, 작품으로의 몰입을 극대화한다.",
				"sentenceSize": 76
			},
			{
				"sentenceNo": 7,
				"sentenceContent": "한편 ‘앙리 마티스: 라이프 앤 조이’ 전시는 오는 21일부터 2022년 4월 10일까지 예술의전당 한가람미술관에서 진행된다.",
				"sentenceSize": 70
			}
		]
	},
	"labeledDataInfo": {
		"processSentenceInfo": [
			{
				"sentenceNo": 1,
				"sentenceContent": "뮤지션 정재형이 ‘앙리 마티스: 라이프 앤 조이’ 음악감독으로 합류한다.",
				"subjectConsistencyYn": "Y"
			},
			{
				"sentenceNo": 2,
				"sentenceContent": "소속사 안테나에 따르면 정재형은 오는 21일부터 22년 4월 10일까지 예술의전당 한가람미술관에서 열리는 ‘앙리 마티스: 라이프 앤 조이’의 음악감독과 오디오 도슨트로 참여한다. ‘색채의 황홀-마리 로랑생’, ‘매그넘 인 파리’전에 이어 가우디움어소시에이츠의 세 번째 프렌치 아티스트 시리즈로 선보이는 이번 전시회는 앙리 마티스의 원작 200여 점을 비롯한 영상과 사진, 다양한 체험 등을 통해 그의 삶과 작품 세계를 입체적으로 조망해 볼 수 있도록 기획됐다.",
				"subjectConsistencyYn": "Y"
			},
			{
				"sentenceNo": 3,
				"sentenceContent": "음악감독을 맡은 정재형은 ‘앙리 마티스: 라이프 앤 조이’를 위해 곡을 새로 써 마티스가 있던 시절로 여행하는 듯한 느낌을 주며 전시의 울림을 한층 더 깊게 만들 전망이다.",
				"subjectConsistencyYn": "Y"
			},
			{
				"sentenceNo": 4,
				"sentenceContent": "인트로 영상 음원은 마티스의 삶이 펼쳐진 풍경에 서정적인 피아노 멜로디가 더해졌으며, 메인 곡인 ‘l‘oiseaua’는 현대적인 일레트로닉 정서 안에 피아노의 멜로디가 어우러져 과거와 현재를 머무르지 않는 상태로 그려냈다.",
				"subjectConsistencyYn": "Y"
			},
			{
				"sentenceNo": 5,
				"sentenceContent": "클래식부터 영화 음악, 대중가요까지 확장된 정재형의 음악적 스펙트럼은 ‘앙리 마티스: 라이프 앤 조이’ 전시에서 신선한 바람을 일으킬 전망이다.",
				"subjectConsistencyYn": "Y"
			},
			{
				"sentenceNo": 6,
				"sentenceContent": "그만의 섬세하고 독보적인 선율은 앙리 마티스의 작품과 만나 마티스가 숨 쉬던 시공간 속으로 빠져들게 하며, 작품으로의 몰입을 극대화한다.",
				"subjectConsistencyYn": "Y"
			},
			{
				"sentenceNo": 7,
				"sentenceContent": "이후에는 매주 화요일, 목요일 오후 6시에 공개된다.",
				"subjectConsistencyYn": "N"
			},
			{
				"sentenceNo": 8,
				"sentenceContent": "해외에는 ABEMA TV, VIKI에서 동시 방영될 예정이다.",
				"subjectConsistencyYn": "N"
			}
		],
		"clickbaitClass": 0
	}
}