{
	"sourceDataInfo": {
		"newsID": "ET_M13_490523",
		"newsCategory": "연예",
		"newsSubcategory": "방송",
		"newsTitle": "에이티즈, 17일 ‘비키라’서 에피소드 대방출",
		"newsSubTitle": "",
		"newsContent": "에이티즈(ATEEZ)가 KBS Cool FM ‘비투비의 키스 더 라디오’에 출격한다. 17일 방송하는 KBS Cool FM ‘비투비의 키스 더 라디오’에는 에이티즈가 ‘원샷 초대석’ 코너에 완전체로 출연한다.\n지난 10일 첫 리패키지 EP ‘제로 : 피버 에필로그’(ZERO : FEVER EPILOGUE)를 발매한 에이티즈는 컴백 후 첫 라디오 출연에 나서 다양한 에피소드를 방출할 예정이다.\n특히 에이티즈는 지난 Mnet ‘킹덤 : 레전더리 워’ 출연 당시 비투비와 함께 무대를 꾸민 인연이 있던 터. 한 달 전 민혁의 DJ 발탁을 먼저 축하하러 나섰던 홍중에 이어 완전체로는 첫 방문이기에 더욱 반가운 재회를 이뤘다는 후문이다.\n앞서 에이티즈의 ‘제로 : 피버 에필로그’는 발매 후 전 세계 23개 국가의 ‘아이튠즈 톱 앨범 차트’와 ‘월드와이드 아이튠즈 앨범 차트’ 정상에 오르는가 하면, 초동 344,591장을 기록했다.\n그뿐만 아니라 더블 타이틀곡 ‘야간비행’과 ‘멋(The Real) (흥 : 興 Ver.)’ 뮤직비디오는 각각 조회 수 2,000만을 돌파하며 이들의 음악적 성장과 함께 뜨거운 인기를 입증했다.\n한편 에이티즈가 출연하는 ‘비투비의 키스 더 라디오’는 17일 오후 10시 KBS Cool FM에서 방송된다.",
		"partNum": "P2",
		"useType": 0,
		"processType": "A",
		"processPattern": "99",
		"processLevel": "하",
		"sentenceCount": 6,
		"processSentencenum": 1,
		"sentenceInfo": [
			{
				"sentenceNo": 1,
				"sentenceContent": "에이티즈(ATEEZ)가 KBS Cool FM ‘비투비의 키스 더 라디오’에 출격한다. 17일 방송하는 KBS Cool FM ‘비투비의 키스 더 라디오’에는 에이티즈가 ‘원샷 초대석’ 코너에 완전체로 출연한다.",
				"sentenceSize": 116
			},
			{
				"sentenceNo": 2,
				"sentenceContent": "지난 10일 첫 리패키지 EP ‘제로 : 피버 에필로그’(ZERO : FEVER EPILOGUE)를 발매한 에이티즈는 컴백 후 첫 라디오 출연에 나서 다양한 에피소드를 방출할 예정이다.",
				"sentenceSize": 103
			},
			{
				"sentenceNo": 3,
				"sentenceContent": "특히 에이티즈는 지난 Mnet ‘킹덤 : 레전더리 워’ 출연 당시 비투비와 함께 무대를 꾸민 인연이 있던 터. 한 달 전 민혁의 DJ 발탁을 먼저 축하하러 나섰던 홍중에 이어 완전체로는 첫 방문이기에 더욱 반가운 재회를 이뤘다는 후문이다.",
				"sentenceSize": 133
			},
			{
				"sentenceNo": 4,
				"sentenceContent": "앞서 에이티즈의 ‘제로 : 피버 에필로그’는 발매 후 전 세계 23개 국가의 ‘아이튠즈 톱 앨범 차트’와 ‘월드와이드 아이튠즈 앨범 차트’ 정상에 오르는가 하면, 초동 344,591장을 기록했다.",
				"sentenceSize": 109
			},
			{
				"sentenceNo": 5,
				"sentenceContent": "그뿐만 아니라 더블 타이틀곡 ‘야간비행’과 ‘멋(The Real) (흥 : 興 Ver.)’ 뮤직비디오는 각각 조회 수 2,000만을 돌파하며 이들의 음악적 성장과 함께 뜨거운 인기를 입증했다.",
				"sentenceSize": 107
			},
			{
				"sentenceNo": 6,
				"sentenceContent": "한편 에이티즈가 출연하는 ‘비투비의 키스 더 라디오’는 17일 오후 10시 KBS Cool FM에서 방송된다.",
				"sentenceSize": 61
			}
		]
	},
	"labeledDataInfo": {
		"processSentenceInfo": [
			{
				"sentenceNo": 1,
				"sentenceContent": "에이티즈(ATEEZ)가 KBS Cool FM ‘비투비의 키스 더 라디오’에 출격한다. 17일 방송하는 KBS Cool FM ‘비투비의 키스 더 라디오’에는 에이티즈가 ‘원샷 초대석’ 코너에 완전체로 출연한다.",
				"subjectConsistencyYn": "Y"
			},
			{
				"sentenceNo": 2,
				"sentenceContent": "지난 10일 첫 리패키지 EP ‘제로 : 피버 에필로그’(ZERO : FEVER EPILOGUE)를 발매한 에이티즈는 컴백 후 첫 라디오 출연에 나서 다양한 에피소드를 방출할 예정이다.",
				"subjectConsistencyYn": "Y"
			},
			{
				"sentenceNo": 3,
				"sentenceContent": "특히 에이티즈는 지난 Mnet ‘킹덤 : 레전더리 워’ 출연 당시 비투비와 함께 무대를 꾸민 인연이 있던 터. 한 달 전 민혁의 DJ 발탁을 먼저 축하하러 나섰던 홍중에 이어 완전체로는 첫 방문이기에 더욱 반가운 재회를 이뤘다는 후문이다.",
				"subjectConsistencyYn": "Y"
			},
			{
				"sentenceNo": 4,
				"sentenceContent": "앞서 에이티즈의 ‘제로 : 피버 에필로그’는 발매 후 전 세계 23개 국가의 ‘아이튠즈 톱 앨범 차트’와 ‘월드와이드 아이튠즈 앨범 차트’ 정상에 오르는가 하면, 초동 344,591장을 기록했다.",
				"subjectConsistencyYn": "Y"
			},
			{
				"sentenceNo": 5,
				"sentenceContent": "그뿐만 아니라 더블 타이틀곡 ‘야간비행’과 ‘멋(The Real) (흥 : 興 Ver.)’ 뮤직비디오는 각각 조회 수 2,000만을 돌파하며 이들의 음악적 성장과 함께 뜨거운 인기를 입증했다.",
				"subjectConsistencyYn": "Y"
			},
			{
				"sentenceNo": 6,
				"sentenceContent": "아티스트의 건강과 안전에 더욱 만전을 기하도록 하겠습니다.",
				"subjectConsistencyYn": "N"
			}
		],
		"clickbaitClass": 0
	}
}