{
	"sourceDataInfo": {
		"newsID": "ET_M13_490840",
		"newsCategory": "연예",
		"newsSubcategory": "방송",
		"newsTitle": "KBS 감사에 박찬욱 전 KBS 부산방송총국장 임명 의결",
		"newsSubTitle": "",
		"newsContent": "방송통신위원회(방통위)가 22일 제57차 전체 회의를 열고 한국방송공사(KBS) 감사에 박찬욱 전 KBS 부산방송총국장을 임명하기로 의결했다.\nKBS 감사는 방송법 제50조제4항에 따라 KBS 이사회 제청으로 방통위가 임명한다.\n임기는 이날부터 3년이다.\n박 신임 감사는 KBS에서 베이징 특파원, 해설위원·편집주간, 남북교류협력단장, 부산방송총국장 등을 지냈다.\nKBS 이사회는 지난 11월 18∼26일 감사 후보자를 공개 모집해 면접을 거친 후 박 신임 감사 임명을 방통위에 제청했다.\n방통위는 박 감사 결격사유 해당 여부를 확인한 후 이날 전체 회의에서 임명을 의결했다.",
		"partNum": "P2",
		"useType": 0,
		"processType": "A",
		"processPattern": "99",
		"processLevel": "하",
		"sentenceCount": 6,
		"processSentencenum": 1,
		"sentenceInfo": [
			{
				"sentenceNo": 1,
				"sentenceContent": "방송통신위원회(방통위)가 22일 제57차 전체 회의를 열고 한국방송공사(KBS) 감사에 박찬욱 전 KBS 부산방송총국장을 임명하기로 의결했다.",
				"sentenceSize": 79
			},
			{
				"sentenceNo": 2,
				"sentenceContent": "KBS 감사는 방송법 제50조제4항에 따라 KBS 이사회 제청으로 방통위가 임명한다.",
				"sentenceSize": 47
			},
			{
				"sentenceNo": 3,
				"sentenceContent": "임기는 이날부터 3년이다.",
				"sentenceSize": 14
			},
			{
				"sentenceNo": 4,
				"sentenceContent": "박 신임 감사는 KBS에서 베이징 특파원, 해설위원·편집주간, 남북교류협력단장, 부산방송총국장 등을 지냈다.",
				"sentenceSize": 60
			},
			{
				"sentenceNo": 5,
				"sentenceContent": "KBS 이사회는 지난 11월 18∼26일 감사 후보자를 공개 모집해 면접을 거친 후 박 신임 감사 임명을 방통위에 제청했다.",
				"sentenceSize": 69
			},
			{
				"sentenceNo": 6,
				"sentenceContent": "방통위는 박 감사 결격사유 해당 여부를 확인한 후 이날 전체 회의에서 임명을 의결했다.",
				"sentenceSize": 48
			}
		]
	},
	"labeledDataInfo": {
		"processSentenceInfo": [
			{
				"sentenceNo": 1,
				"sentenceContent": "방송통신위원회(방통위)가 22일 제57차 전체 회의를 열고 한국방송공사(KBS) 감사에 박찬욱 전 KBS 부산방송총국장을 임명하기로 의결했다.",
				"subjectConsistencyYn": "Y"
			},
			{
				"sentenceNo": 2,
				"sentenceContent": "KBS 감사는 방송법 제50조제4항에 따라 KBS 이사회 제청으로 방통위가 임명한다.",
				"subjectConsistencyYn": "Y"
			},
			{
				"sentenceNo": 3,
				"sentenceContent": "임기는 이날부터 3년이다.",
				"subjectConsistencyYn": "Y"
			},
			{
				"sentenceNo": 4,
				"sentenceContent": "박 신임 감사는 KBS에서 베이징 특파원, 해설위원·편집주간, 남북교류협력단장, 부산방송총국장 등을 지냈다.",
				"subjectConsistencyYn": "Y"
			},
			{
				"sentenceNo": 5,
				"sentenceContent": "KBS 이사회는 지난 11월 18∼26일 감사 후보자를 공개 모집해 면접을 거친 후 박 신임 감사 임명을 방통위에 제청했다.",
				"subjectConsistencyYn": "Y"
			},
			{
				"sentenceNo": 6,
				"sentenceContent": "또한 최강창민은 음원 공개에 앞서 오늘 오후 5시부터 유튜브 동방신기 채널을 통해 새 솔로 앨범 발매 기념 생방송 ‘‘Devil’ Countdown Live’(‘데블’ 카운트다운 라이브)를 진행, 새 앨범과 관련된 다양한 이야기를 들려주며 팬들과 소통할 계획이어서 높은 관심이 기대된다.",
				"subjectConsistencyYn": "N"
			}
		],
		"clickbaitClass": 0
	}
}