{
	"sourceDataInfo": {
		"newsID": "ET_M13_490704",
		"newsCategory": "연예",
		"newsSubcategory": "연예일반",
		"newsTitle": "‘오징어 게임’ 허성태 3관왕",
		"newsSubTitle": "",
		"newsContent": "배우 허성태가 ‘오징어 게임’으로 3개의 트로피를 거머줬다.\n허성태는 지난 19일 서울 강남구 SETEC에서 진행된 ‘제 16회 아시아 모델 어워즈’에서 아시아 특별상을 수상했다.\n허성태는 이날 수상소감으로 “올 한해 ‘오징어 게임’으로 과분한 사랑을 받았다. ‘오징어 게임’으로 우리 문화와 영상콘텐츠의 기술력을 알릴 수 있는 기회를 가지게 되어서 저에게 큰 영광이였다”고 수상소감을 전했다.\n이어 그는 “이미 전세계에서 최고인 황동혁 감독님과 스태프 여러분들, ‘오징어 게임’에 참여했던 선후배, 동료 배우분들을 대신해서 받는 상으로 알고, 초심 잃지 않고, 노력하는 배우가 되겠습니다”며 ‘오징어 게임’ 황동혁 감독과 배우들에게 공을 돌렸다.\n한편 허성태는 앞서 ‘2021 아시아 아티스트 어워즈’(베스트 액터상) ‘대한민국 문화연예대상’(남자 우수상) 등에 이어 ‘아시아 모델 어워즈’에서 아시아 특별상을 수상하며, 국내를 넘어 아시아를 대표하는 배우로 자리매김 하고 있다.\n허성태는 지난 9월 공개된 넷플릭스 시리즈 ‘오징어 게임’에서 유일한 악역 캐릭터인 덕수를 완벽 소화하며, ‘월드 와이드 빌런’ 이라는 애칭을 얻어 ‘오징어 게임’의 전세계적 인기의 주역으로 떠올랐다.\n또한 올해 허성태는 피자, 라이프 스타일 브랜드, 침구, 게임 등 다양한 분야의 광고를 촬영하며, 자신의 가치를 입증하고 있다.\n허성태는 오는 24일 공개 예정인 넷플릭스 시리즈 ‘고요의 바다’ 를 시작으로, 내년 KBS 드라마 ‘붉은단심’ 등과 영화 ‘소년들’의 개봉을 앞두고 있어, 2022년 또한 영화, 드라마를 통해 활발한 연기활동을 펼칠 계획이다.",
		"partNum": "P2",
		"useType": 0,
		"processType": "A",
		"processPattern": "99",
		"processLevel": "하",
		"sentenceCount": 8,
		"processSentencenum": 1,
		"sentenceInfo": [
			{
				"sentenceNo": 1,
				"sentenceContent": "배우 허성태가 ‘오징어 게임’으로 3개의 트로피를 거머줬다.",
				"sentenceSize": 33
			},
			{
				"sentenceNo": 2,
				"sentenceContent": "허성태는 지난 19일 서울 강남구 SETEC에서 진행된 ‘제 16회 아시아 모델 어워즈’에서 아시아 특별상을 수상했다.",
				"sentenceSize": 66
			},
			{
				"sentenceNo": 3,
				"sentenceContent": "허성태는 이날 수상소감으로 “올 한해 ‘오징어 게임’으로 과분한 사랑을 받았다. ‘오징어 게임’으로 우리 문화와 영상콘텐츠의 기술력을 알릴 수 있는 기회를 가지게 되어서 저에게 큰 영광이였다”고 수상소감을 전했다.",
				"sentenceSize": 119
			},
			{
				"sentenceNo": 4,
				"sentenceContent": "이어 그는 “이미 전세계에서 최고인 황동혁 감독님과 스태프 여러분들, ‘오징어 게임’에 참여했던 선후배, 동료 배우분들을 대신해서 받는 상으로 알고, 초심 잃지 않고, 노력하는 배우가 되겠습니다”며 ‘오징어 게임’ 황동혁 감독과 배우들에게 공을 돌렸다.",
				"sentenceSize": 141
			},
			{
				"sentenceNo": 5,
				"sentenceContent": "한편 허성태는 앞서 ‘2021 아시아 아티스트 어워즈’(베스트 액터상) ‘대한민국 문화연예대상’(남자 우수상) 등에 이어 ‘아시아 모델 어워즈’에서 아시아 특별상을 수상하며, 국내를 넘어 아시아를 대표하는 배우로 자리매김 하고 있다.",
				"sentenceSize": 130
			},
			{
				"sentenceNo": 6,
				"sentenceContent": "허성태는 지난 9월 공개된 넷플릭스 시리즈 ‘오징어 게임’에서 유일한 악역 캐릭터인 덕수를 완벽 소화하며, ‘월드 와이드 빌런’ 이라는 애칭을 얻어 ‘오징어 게임’의 전세계적 인기의 주역으로 떠올랐다.",
				"sentenceSize": 112
			},
			{
				"sentenceNo": 7,
				"sentenceContent": "또한 올해 허성태는 피자, 라이프 스타일 브랜드, 침구, 게임 등 다양한 분야의 광고를 촬영하며, 자신의 가치를 입증하고 있다.",
				"sentenceSize": 71
			},
			{
				"sentenceNo": 8,
				"sentenceContent": "허성태는 오는 24일 공개 예정인 넷플릭스 시리즈 ‘고요의 바다’ 를 시작으로, 내년 KBS 드라마 ‘붉은단심’ 등과 영화 ‘소년들’의 개봉을 앞두고 있어, 2022년 또한 영화, 드라마를 통해 활발한 연기활동을 펼칠 계획이다.",
				"sentenceSize": 127
			}
		]
	},
	"labeledDataInfo": {
		"processSentenceInfo": [
			{
				"sentenceNo": 1,
				"sentenceContent": "배우 허성태가 ‘오징어 게임’으로 3개의 트로피를 거머줬다.",
				"subjectConsistencyYn": "Y"
			},
			{
				"sentenceNo": 2,
				"sentenceContent": "허성태는 지난 19일 서울 강남구 SETEC에서 진행된 ‘제 16회 아시아 모델 어워즈’에서 아시아 특별상을 수상했다.",
				"subjectConsistencyYn": "Y"
			},
			{
				"sentenceNo": 3,
				"sentenceContent": "허성태는 이날 수상소감으로 “올 한해 ‘오징어 게임’으로 과분한 사랑을 받았다. ‘오징어 게임’으로 우리 문화와 영상콘텐츠의 기술력을 알릴 수 있는 기회를 가지게 되어서 저에게 큰 영광이였다”고 수상소감을 전했다.",
				"subjectConsistencyYn": "Y"
			},
			{
				"sentenceNo": 4,
				"sentenceContent": "이어 그는 “이미 전세계에서 최고인 황동혁 감독님과 스태프 여러분들, ‘오징어 게임’에 참여했던 선후배, 동료 배우분들을 대신해서 받는 상으로 알고, 초심 잃지 않고, 노력하는 배우가 되겠습니다”며 ‘오징어 게임’ 황동혁 감독과 배우들에게 공을 돌렸다.",
				"subjectConsistencyYn": "Y"
			},
			{
				"sentenceNo": 5,
				"sentenceContent": "한편 허성태는 앞서 ‘2021 아시아 아티스트 어워즈’(베스트 액터상) ‘대한민국 문화연예대상’(남자 우수상) 등에 이어 ‘아시아 모델 어워즈’에서 아시아 특별상을 수상하며, 국내를 넘어 아시아를 대표하는 배우로 자리매김 하고 있다.",
				"subjectConsistencyYn": "Y"
			},
			{
				"sentenceNo": 6,
				"sentenceContent": "허성태는 지난 9월 공개된 넷플릭스 시리즈 ‘오징어 게임’에서 유일한 악역 캐릭터인 덕수를 완벽 소화하며, ‘월드 와이드 빌런’ 이라는 애칭을 얻어 ‘오징어 게임’의 전세계적 인기의 주역으로 떠올랐다.",
				"subjectConsistencyYn": "Y"
			},
			{
				"sentenceNo": 7,
				"sentenceContent": "또한 올해 허성태는 피자, 라이프 스타일 브랜드, 침구, 게임 등 다양한 분야의 광고를 촬영하며, 자신의 가치를 입증하고 있다.",
				"subjectConsistencyYn": "Y"
			},
			{
				"sentenceNo": 8,
				"sentenceContent": "이벤트는 오는 12월 5일까지 진행되며 추첨을 통해 빔프로젝터 등의 경품을 총 136명에게 증정할 예정이다.",
				"subjectConsistencyYn": "N"
			},
			{
				"sentenceNo": 9,
				"sentenceContent": "한편 글로벌 뮤직 페스티벌 MMA2021은 오는 12월 4일 오후 6시 온라인과 비대면으로 진행되며, 관련 이벤트는 멜론 앱과 웹의 MMA 페이지, 카카오TV의 멜론뮤직어워드2021 채널, 멜론 공식 사회적관계망서비스(SNS) 계정에서 확인할 수 있다.",
				"subjectConsistencyYn": "N"
			}
		],
		"clickbaitClass": 0
	}
}