{
	"sourceDataInfo": {
		"newsID": "ET_M13_490393",
		"newsCategory": "연예",
		"newsSubcategory": "방송",
		"newsTitle": "‘쇼챔’ 에이티즈, 컴백 무대는 비상하는 ‘야간비행’",
		"newsSubTitle": "",
		"newsContent": "에이티즈(ATEEZ)가 MBC M ‘쇼! 챔피언’에 컴백무대로 찾아왔다.\n15일 방송된 MBC M ‘쇼! 챔피언’에는 지난 10일 첫 리패키지 EP ‘제로 : 피버 에필로그(ZERO : FEVER EPILOGUE)’로 돌아온 에이티즈가 출연했다.\n에이티즈는 빛나는 활주로를 이륙해 도시 야경이 보이는 비행기를 타고, 종이비행기와 별똥별이 장식한 밤하늘을 배경으로 ‘야간비행’을 열창했다.\n에이티즈가 비상하는 모습을 표현한 이 무대는 하이라이트 부분에 맞춰 흩날리는 꽃가루가 이들의 청춘을 더욱 찬란하게 수놓았다.\n더블 타이틀곡 ‘멋(The Real) (흥 : 興 Ver.)’ 무대까지 준비해 중독성있는 멜로디와 여덟 멤버들의 흥 넘치는 라이브가 귀를 사로잡는가 하면, 재미까지 더한 퍼포먼스로 무대를 에이티즈만의 에너지로 완전히 장악했다.\n메인보컬 종호는 평소 팬들로부터 ‘마이크를 삼켰다’는 호평을 자주 듣는 바, 이를 직접 재치있는 엔딩으로 승화해 눈길을 사로잡았다. ‘제로 : 피버 에필로그’는 청춘의 열병 그 끝자락에 선 에이티즈의 성숙해진 목소리를 담은 앨범이다.\n지난 10일 발매 직후 벅스 실시간 차트에 앨범 전체 수록곡을 진입시켜 컴백 활동에 청신호를 밝히는가 하면, 더블 타이틀곡 ‘야간비행’ 뮤직비디오는 조회 수 2000만회를 돌파하며 폭발적인 인기를 입증했다.\n에이티즈는 다양한 활동을 통해 첫 리패키지 EP ‘제로 : 피버 에필로그’를 선보이고 있다.",
		"partNum": "P2",
		"useType": 0,
		"processType": "A",
		"processPattern": "99",
		"processLevel": "하",
		"sentenceCount": 8,
		"processSentencenum": 1,
		"sentenceInfo": [
			{
				"sentenceNo": 1,
				"sentenceContent": "에이티즈(ATEEZ)가 MBC M ‘쇼! 챔피언’에 컴백무대로 찾아왔다.",
				"sentenceSize": 40
			},
			{
				"sentenceNo": 2,
				"sentenceContent": "15일 방송된 MBC M ‘쇼! 챔피언’에는 지난 10일 첫 리패키지 EP ‘제로 : 피버 에필로그(ZERO : FEVER EPILOGUE)’로 돌아온 에이티즈가 출연했다.",
				"sentenceSize": 96
			},
			{
				"sentenceNo": 3,
				"sentenceContent": "에이티즈는 빛나는 활주로를 이륙해 도시 야경이 보이는 비행기를 타고, 종이비행기와 별똥별이 장식한 밤하늘을 배경으로 ‘야간비행’을 열창했다.",
				"sentenceSize": 78
			},
			{
				"sentenceNo": 4,
				"sentenceContent": "에이티즈가 비상하는 모습을 표현한 이 무대는 하이라이트 부분에 맞춰 흩날리는 꽃가루가 이들의 청춘을 더욱 찬란하게 수놓았다.",
				"sentenceSize": 69
			},
			{
				"sentenceNo": 5,
				"sentenceContent": "더블 타이틀곡 ‘멋(The Real) (흥 : 興 Ver.)’ 무대까지 준비해 중독성있는 멜로디와 여덟 멤버들의 흥 넘치는 라이브가 귀를 사로잡는가 하면, 재미까지 더한 퍼포먼스로 무대를 에이티즈만의 에너지로 완전히 장악했다.",
				"sentenceSize": 126
			},
			{
				"sentenceNo": 6,
				"sentenceContent": "메인보컬 종호는 평소 팬들로부터 ‘마이크를 삼켰다’는 호평을 자주 듣는 바, 이를 직접 재치있는 엔딩으로 승화해 눈길을 사로잡았다. ‘제로 : 피버 에필로그’는 청춘의 열병 그 끝자락에 선 에이티즈의 성숙해진 목소리를 담은 앨범이다.",
				"sentenceSize": 130
			},
			{
				"sentenceNo": 7,
				"sentenceContent": "지난 10일 발매 직후 벅스 실시간 차트에 앨범 전체 수록곡을 진입시켜 컴백 활동에 청신호를 밝히는가 하면, 더블 타이틀곡 ‘야간비행’ 뮤직비디오는 조회 수 2000만회를 돌파하며 폭발적인 인기를 입증했다.",
				"sentenceSize": 115
			},
			{
				"sentenceNo": 8,
				"sentenceContent": "에이티즈는 다양한 활동을 통해 첫 리패키지 EP ‘제로 : 피버 에필로그’를 선보이고 있다.",
				"sentenceSize": 51
			}
		]
	},
	"labeledDataInfo": {
		"processSentenceInfo": [
			{
				"sentenceNo": 1,
				"sentenceContent": "에이티즈(ATEEZ)가 MBC M ‘쇼! 챔피언’에 컴백무대로 찾아왔다.",
				"subjectConsistencyYn": "Y"
			},
			{
				"sentenceNo": 2,
				"sentenceContent": "15일 방송된 MBC M ‘쇼! 챔피언’에는 지난 10일 첫 리패키지 EP ‘제로 : 피버 에필로그(ZERO : FEVER EPILOGUE)’로 돌아온 에이티즈가 출연했다.",
				"subjectConsistencyYn": "Y"
			},
			{
				"sentenceNo": 3,
				"sentenceContent": "에이티즈는 빛나는 활주로를 이륙해 도시 야경이 보이는 비행기를 타고, 종이비행기와 별똥별이 장식한 밤하늘을 배경으로 ‘야간비행’을 열창했다.",
				"subjectConsistencyYn": "Y"
			},
			{
				"sentenceNo": 4,
				"sentenceContent": "에이티즈가 비상하는 모습을 표현한 이 무대는 하이라이트 부분에 맞춰 흩날리는 꽃가루가 이들의 청춘을 더욱 찬란하게 수놓았다.",
				"subjectConsistencyYn": "Y"
			},
			{
				"sentenceNo": 5,
				"sentenceContent": "더블 타이틀곡 ‘멋(The Real) (흥 : 興 Ver.)’ 무대까지 준비해 중독성있는 멜로디와 여덟 멤버들의 흥 넘치는 라이브가 귀를 사로잡는가 하면, 재미까지 더한 퍼포먼스로 무대를 에이티즈만의 에너지로 완전히 장악했다.",
				"subjectConsistencyYn": "Y"
			},
			{
				"sentenceNo": 6,
				"sentenceContent": "메인보컬 종호는 평소 팬들로부터 ‘마이크를 삼켰다’는 호평을 자주 듣는 바, 이를 직접 재치있는 엔딩으로 승화해 눈길을 사로잡았다. ‘제로 : 피버 에필로그’는 청춘의 열병 그 끝자락에 선 에이티즈의 성숙해진 목소리를 담은 앨범이다.",
				"subjectConsistencyYn": "Y"
			},
			{
				"sentenceNo": 7,
				"sentenceContent": "지난 10일 발매 직후 벅스 실시간 차트에 앨범 전체 수록곡을 진입시켜 컴백 활동에 청신호를 밝히는가 하면, 더블 타이틀곡 ‘야간비행’ 뮤직비디오는 조회 수 2000만회를 돌파하며 폭발적인 인기를 입증했다.",
				"subjectConsistencyYn": "Y"
			},
			{
				"sentenceNo": 8,
				"sentenceContent": "그는 “이진욱 배우와는 전작들에서 인연이 있는데, 단활이라는 배역이 배우 이전에 실제 이진욱이라는 사람이 잘 표현할 수 있는 캐릭터라 주저 없이 제안하게 되었다. 권나라, 이준, 공승연 배우도 ‘이 역할을 맡아줘서 고맙다’고 말했을 정도로 최적의 캐스팅이 아닌가 싶다. 다시 한 번 네 배우들에게 진심으로 연기해주어서 고맙다는 말을 전하고 싶다”며 “정진영 배우와는 꼭 작품을 해보고 싶어서 작업실까지 찾아갔는데 작품에 대한 이해도가 굉장히 높으셔서 놀랐던 기억이 있다. 박명신 배우는 정말 깊이 있는 연기를 해주셔서 기대하셔도 좋을 것 같다. 김우석 배우는 오디션을 봤는데 연기도 잘했고 대본 분석이나 감성이 정말 뛰어났다”고 덧붙여 훈훈한 팀워크를 자랑했다.",
				"subjectConsistencyYn": "N"
			},
			{
				"sentenceNo": 9,
				"sentenceContent": "마지막으로 “슬프지만 아름다운 가장 한국적인 이야기. 인연, 정, 한, 업보, 환생 같은 한국적인 정서가 담긴 드라마”라며 “배우와 스태프들이 한 땀, 한 땀 공들여 만들었고 그만큼 노력과 열정이 담겨져 있다. 첫 방송까지 애정 어린 시선으로 많은 기대 부탁드린다”고 시청자들을 향한 메시지를 보내 한층 기대지수를 높이고 있다.",
				"subjectConsistencyYn": "N"
			},
			{
				"sentenceNo": 10,
				"sentenceContent": "tvN 새 토일드라마 ‘불가살’은 오는 18일 토요일 밤 9시에 첫 방송된다.",
				"subjectConsistencyYn": "N"
			}
		],
		"clickbaitClass": 0
	}
}