{
	"sourceDataInfo": {
		"newsID": "ET_M13_490512",
		"newsCategory": "연예",
		"newsSubcategory": "음악",
		"newsTitle": "이루마, 17일 데뷔 20주년 싱글 발매",
		"newsSubTitle": "",
		"newsContent": "작곡가 겸 피아니스트 이루마가 데뷔 20주년 싱글 ‘Cuore Indigo’(쿠오레 인디고)를 발매한다.\n이번 앨범은 이루마의 20주년을 기념한 오케스트라 앨범 ‘The Rewritten Memories’(더 리리튼 메모리즈)와 피아노 솔로 앨범 ‘SOLO’(솔로), 이루마의 ‘Indigo’(인디고)를 소프라노와 오케스트라를 위한 버전으로 재해석한 작품이다. ‘Cuore Indigo’는 ‘밤하늘의 마음’이라는 뜻으로 기존 ‘Indigo’가 단순히 밤하늘을 표현한 작품이었다면, 이번 ‘Cuore Indigo’는 ‘편히 기댈 수 있는 곳, 아픔 없는 밤하늘을 날아오른다’라는 희망적이면서도 시적인 가사가 돋보인다.\n이번 싱글은 이루마가 세계적인 소프라노 조수미에게 협업을 제안해 성사된 프로젝트로 이번 20주년의 마무리를 위해 오래전부터 조수미와의 컬래버레이션을 계획해 제작하게 됐다.\n데뷔 35주년을 맞은 조수미는 유럽과 국내 투어로 인해 바쁜 일정에도 불구하고 직접 작사에 참여해 의미를 더했다.\n이루마는 “세계적인 소프라노 조수미 선생님과 함께 20주년을 마무리할 수 있어서 정말 값진 순간으로 기억될 것 같다”며 “그동안 제 음악을 아껴 주신 여러분에게 드리는 선물이라 생각해달라”고 전했다.\n피아니스트이자 작곡가인 이루마는 5살에 피아노를 시작해서 영국 킹스 칼리지 런던(King’s College, London)에서 음악을 공부했다.\n지난 2001년 23살에 첫 앨범을 발매한 이후 지금까지 200여 곡을 작곡했고, ‘River Flows In You’(리버 플로우스 인 유)와 ‘Kiss The Rain’(키스 더 레인)을 비롯한 곡들이 20억 스트리밍 뷰에 도달하는 등 클래식 아티스트로는 이례적인 기록을 경신하고 있다.\n작년에는 미국 빌보드 차트 클래시컬 부분에서 1위를 기록하며 현재 99주 이상 차트 상위권을 지키고 있다.\n한편 이루마의 데뷔 20주년 싱글 ‘Cuore Indigo’(쿠오레 인디고)는 17일 정오 각종 음원 사이트를 통해 발매된다.",
		"partNum": "P2",
		"useType": 0,
		"processType": "A",
		"processPattern": "99",
		"processLevel": "하",
		"sentenceCount": 9,
		"processSentencenum": 1,
		"sentenceInfo": [
			{
				"sentenceNo": 1,
				"sentenceContent": "작곡가 겸 피아니스트 이루마가 데뷔 20주년 싱글 ‘Cuore Indigo’(쿠오레 인디고)를 발매한다.",
				"sentenceSize": 58
			},
			{
				"sentenceNo": 2,
				"sentenceContent": "이번 앨범은 이루마의 20주년을 기념한 오케스트라 앨범 ‘The Rewritten Memories’(더 리리튼 메모리즈)와 피아노 솔로 앨범 ‘SOLO’(솔로), 이루마의 ‘Indigo’(인디고)를 소프라노와 오케스트라를 위한 버전으로 재해석한 작품이다. ‘Cuore Indigo’는 ‘밤하늘의 마음’이라는 뜻으로 기존 ‘Indigo’가 단순히 밤하늘을 표현한 작품이었다면, 이번 ‘Cuore Indigo’는 ‘편히 기댈 수 있는 곳, 아픔 없는 밤하늘을 날아오른다’라는 희망적이면서도 시적인 가사가 돋보인다.",
				"sentenceSize": 285
			},
			{
				"sentenceNo": 3,
				"sentenceContent": "이번 싱글은 이루마가 세계적인 소프라노 조수미에게 협업을 제안해 성사된 프로젝트로 이번 20주년의 마무리를 위해 오래전부터 조수미와의 컬래버레이션을 계획해 제작하게 됐다.",
				"sentenceSize": 95
			},
			{
				"sentenceNo": 4,
				"sentenceContent": "데뷔 35주년을 맞은 조수미는 유럽과 국내 투어로 인해 바쁜 일정에도 불구하고 직접 작사에 참여해 의미를 더했다.",
				"sentenceSize": 63
			},
			{
				"sentenceNo": 5,
				"sentenceContent": "이루마는 “세계적인 소프라노 조수미 선생님과 함께 20주년을 마무리할 수 있어서 정말 값진 순간으로 기억될 것 같다”며 “그동안 제 음악을 아껴 주신 여러분에게 드리는 선물이라 생각해달라”고 전했다.",
				"sentenceSize": 111
			},
			{
				"sentenceNo": 6,
				"sentenceContent": "피아니스트이자 작곡가인 이루마는 5살에 피아노를 시작해서 영국 킹스 칼리지 런던(King’s College, London)에서 음악을 공부했다.",
				"sentenceSize": 80
			},
			{
				"sentenceNo": 7,
				"sentenceContent": "지난 2001년 23살에 첫 앨범을 발매한 이후 지금까지 200여 곡을 작곡했고, ‘River Flows In You’(리버 플로우스 인 유)와 ‘Kiss The Rain’(키스 더 레인)을 비롯한 곡들이 20억 스트리밍 뷰에 도달하는 등 클래식 아티스트로는 이례적인 기록을 경신하고 있다.",
				"sentenceSize": 162
			},
			{
				"sentenceNo": 8,
				"sentenceContent": "작년에는 미국 빌보드 차트 클래시컬 부분에서 1위를 기록하며 현재 99주 이상 차트 상위권을 지키고 있다.",
				"sentenceSize": 59
			},
			{
				"sentenceNo": 9,
				"sentenceContent": "한편 이루마의 데뷔 20주년 싱글 ‘Cuore Indigo’(쿠오레 인디고)는 17일 정오 각종 음원 사이트를 통해 발매된다.",
				"sentenceSize": 70
			}
		]
	},
	"labeledDataInfo": {
		"processSentenceInfo": [
			{
				"sentenceNo": 1,
				"sentenceContent": "작곡가 겸 피아니스트 이루마가 데뷔 20주년 싱글 ‘Cuore Indigo’(쿠오레 인디고)를 발매한다.",
				"subjectConsistencyYn": "Y"
			},
			{
				"sentenceNo": 2,
				"sentenceContent": "이번 앨범은 이루마의 20주년을 기념한 오케스트라 앨범 ‘The Rewritten Memories’(더 리리튼 메모리즈)와 피아노 솔로 앨범 ‘SOLO’(솔로), 이루마의 ‘Indigo’(인디고)를 소프라노와 오케스트라를 위한 버전으로 재해석한 작품이다. ‘Cuore Indigo’는 ‘밤하늘의 마음’이라는 뜻으로 기존 ‘Indigo’가 단순히 밤하늘을 표현한 작품이었다면, 이번 ‘Cuore Indigo’는 ‘편히 기댈 수 있는 곳, 아픔 없는 밤하늘을 날아오른다’라는 희망적이면서도 시적인 가사가 돋보인다.",
				"subjectConsistencyYn": "Y"
			},
			{
				"sentenceNo": 3,
				"sentenceContent": "이번 싱글은 이루마가 세계적인 소프라노 조수미에게 협업을 제안해 성사된 프로젝트로 이번 20주년의 마무리를 위해 오래전부터 조수미와의 컬래버레이션을 계획해 제작하게 됐다.",
				"subjectConsistencyYn": "Y"
			},
			{
				"sentenceNo": 4,
				"sentenceContent": "데뷔 35주년을 맞은 조수미는 유럽과 국내 투어로 인해 바쁜 일정에도 불구하고 직접 작사에 참여해 의미를 더했다.",
				"subjectConsistencyYn": "Y"
			},
			{
				"sentenceNo": 5,
				"sentenceContent": "이루마는 “세계적인 소프라노 조수미 선생님과 함께 20주년을 마무리할 수 있어서 정말 값진 순간으로 기억될 것 같다”며 “그동안 제 음악을 아껴 주신 여러분에게 드리는 선물이라 생각해달라”고 전했다.",
				"subjectConsistencyYn": "Y"
			},
			{
				"sentenceNo": 6,
				"sentenceContent": "피아니스트이자 작곡가인 이루마는 5살에 피아노를 시작해서 영국 킹스 칼리지 런던(King’s College, London)에서 음악을 공부했다.",
				"subjectConsistencyYn": "Y"
			},
			{
				"sentenceNo": 7,
				"sentenceContent": "지난 2001년 23살에 첫 앨범을 발매한 이후 지금까지 200여 곡을 작곡했고, ‘River Flows In You’(리버 플로우스 인 유)와 ‘Kiss The Rain’(키스 더 레인)을 비롯한 곡들이 20억 스트리밍 뷰에 도달하는 등 클래식 아티스트로는 이례적인 기록을 경신하고 있다.",
				"subjectConsistencyYn": "Y"
			},
			{
				"sentenceNo": 8,
				"sentenceContent": "작년에는 미국 빌보드 차트 클래시컬 부분에서 1위를 기록하며 현재 99주 이상 차트 상위권을 지키고 있다.",
				"subjectConsistencyYn": "Y"
			},
			{
				"sentenceNo": 9,
				"sentenceContent": "머라이어 캐리는 전 세계적으로 2억장 넘는 음반을 판매하고 빌보드 싱글 차트 1위 곡을 18곡 배출한 '팝의 여왕'이다.",
				"subjectConsistencyYn": "N"
			}
		],
		"clickbaitClass": 0
	}
}