{
	"sourceDataInfo": {
		"newsID": "ET_M13_490468",
		"newsCategory": "연예",
		"newsSubcategory": "연예일반",
		"newsTitle": "김나영·마이큐 “조심스럽게 연인으로 발전”[공식]",
		"newsSubTitle": "",
		"newsContent": "방송인 김나영과 가수 겸 화가 마이큐(MY Q)가 열애 중이다.\n김나영 소속사 블리스엔터테인먼트는 16일 스포츠경향에 “김나영과 마이큐가 지난 11월 연인 관계로 발전했다”며 “조심스러운 게 많은 상황이다. 따뜻한 시선으로 지켜봐주셨으면 좋겠다”고 밝혔다.\n지난 2005년 MBC GAME을 통해 방송계에 데뷔한 김나영은 지상파와 공중파를 넘나들며 각종 방송에서 활약해왔다.\n2013년에는 세계 4대 패션쇼 중 하나인 파리패션위크(PFW)에서 독보적인 패션 감각을 선보이며 그라치아 이탈리아, 보그 이탈리아, WWD, 하퍼스바자 등 글로벌 패션 매거진에 이름을 올리기도 했다.\n이후 자신만의 패션 철학과 일상이 담긴 유튜브 채널 ‘김나영의 nofilterTV’를 운영하며 활발히 활동하는 중이다.\n마이큐는 지난 2007년 ‘Style Music’을 발매하며 데뷔한 가수 겸 화가로 꾸준히 정규 앨범을 발표하며 음악적 스펙트럼을 보여줬다.\n다양한 장르를 감각적인 편곡으로 완성해온 마이큐는 지난 7일 신보 ‘emo’를 공개하기도 했으며 현재는 개인 전시 ‘emo’를 진행하고 있다.",
		"partNum": "P2",
		"useType": 0,
		"processType": "A",
		"processPattern": "99",
		"processLevel": "하",
		"sentenceCount": 7,
		"processSentencenum": 2,
		"sentenceInfo": [
			{
				"sentenceNo": 1,
				"sentenceContent": "방송인 김나영과 가수 겸 화가 마이큐(MY Q)가 열애 중이다.",
				"sentenceSize": 35
			},
			{
				"sentenceNo": 2,
				"sentenceContent": "김나영 소속사 블리스엔터테인먼트는 16일 스포츠경향에 “김나영과 마이큐가 지난 11월 연인 관계로 발전했다”며 “조심스러운 게 많은 상황이다. 따뜻한 시선으로 지켜봐주셨으면 좋겠다”고 밝혔다.",
				"sentenceSize": 107
			},
			{
				"sentenceNo": 3,
				"sentenceContent": "지난 2005년 MBC GAME을 통해 방송계에 데뷔한 김나영은 지상파와 공중파를 넘나들며 각종 방송에서 활약해왔다.",
				"sentenceSize": 65
			},
			{
				"sentenceNo": 4,
				"sentenceContent": "2013년에는 세계 4대 패션쇼 중 하나인 파리패션위크(PFW)에서 독보적인 패션 감각을 선보이며 그라치아 이탈리아, 보그 이탈리아, WWD, 하퍼스바자 등 글로벌 패션 매거진에 이름을 올리기도 했다.",
				"sentenceSize": 112
			},
			{
				"sentenceNo": 5,
				"sentenceContent": "이후 자신만의 패션 철학과 일상이 담긴 유튜브 채널 ‘김나영의 nofilterTV’를 운영하며 활발히 활동하는 중이다.",
				"sentenceSize": 66
			},
			{
				"sentenceNo": 6,
				"sentenceContent": "마이큐는 지난 2007년 ‘Style Music’을 발매하며 데뷔한 가수 겸 화가로 꾸준히 정규 앨범을 발표하며 음악적 스펙트럼을 보여줬다.",
				"sentenceSize": 78
			},
			{
				"sentenceNo": 7,
				"sentenceContent": "다양한 장르를 감각적인 편곡으로 완성해온 마이큐는 지난 7일 신보 ‘emo’를 공개하기도 했으며 현재는 개인 전시 ‘emo’를 진행하고 있다.",
				"sentenceSize": 79
			}
		]
	},
	"labeledDataInfo": {
		"processSentenceInfo": [
			{
				"sentenceNo": 1,
				"sentenceContent": "방송인 김나영과 가수 겸 화가 마이큐(MY Q)가 열애 중이다.",
				"subjectConsistencyYn": "Y"
			},
			{
				"sentenceNo": 2,
				"sentenceContent": "김나영 소속사 블리스엔터테인먼트는 16일 스포츠경향에 “김나영과 마이큐가 지난 11월 연인 관계로 발전했다”며 “조심스러운 게 많은 상황이다. 따뜻한 시선으로 지켜봐주셨으면 좋겠다”고 밝혔다.",
				"subjectConsistencyYn": "Y"
			},
			{
				"sentenceNo": 3,
				"sentenceContent": "지난 2005년 MBC GAME을 통해 방송계에 데뷔한 김나영은 지상파와 공중파를 넘나들며 각종 방송에서 활약해왔다.",
				"subjectConsistencyYn": "Y"
			},
			{
				"sentenceNo": 4,
				"sentenceContent": "2013년에는 세계 4대 패션쇼 중 하나인 파리패션위크(PFW)에서 독보적인 패션 감각을 선보이며 그라치아 이탈리아, 보그 이탈리아, WWD, 하퍼스바자 등 글로벌 패션 매거진에 이름을 올리기도 했다.",
				"subjectConsistencyYn": "Y"
			},
			{
				"sentenceNo": 5,
				"sentenceContent": "이후 자신만의 패션 철학과 일상이 담긴 유튜브 채널 ‘김나영의 nofilterTV’를 운영하며 활발히 활동하는 중이다.",
				"subjectConsistencyYn": "Y"
			},
			{
				"sentenceNo": 6,
				"sentenceContent": "한편 샤이아 라보프는 영화 ‘님포매니악’에서 함께 호흡을 맞춘 미아 고스와 지난 2012년 연인 관계로 발전, 현재까지 만남을 이어왔다 온라인 중앙일보 ‘미아고스’",
				"subjectConsistencyYn": "N"
			}
		],
		"clickbaitClass": 0
	}
}