{
	"sourceDataInfo": {
		"newsID": "ET_M13_490556",
		"newsCategory": "연예",
		"newsSubcategory": "연예일반",
		"newsTitle": "배우 이찬 모친상·곽영범 PD 부인상, 이창애씨 별세 향년 74세[부고]",
		"newsSubTitle": "",
		"newsContent": "드라마 ‘사랑과 야망’, ‘애자 언니 민자’ 등을 연출한 곽영범 PD가 부인상을 당했다.\n아들인 배우 이찬(본명 곽민찬)은 모친상을 당했다.\n곽영범 PD의 아내 이창애씨는 17일 서초구 반포동 서울성모병원에서 별세했다.\n향년 74세. 유족에 따르면 고인은 지난달 말 코로나19 확진 판정을 받고 격리병동에 들어갔으나 증세가 악화돼 최근 서울성모병원 중환자실로 옮겨져 치료를 받았다.\n증세가 호전되지 않았고 폐렴이 심해지면서 끝내 세상을 떠났다.\n곽영범 PD와 이찬 등 유족들은 고인이 숨을 거두기 전 면회를 하며 작별인사를 했다.\n고인 빈소는 18일 오전 11시 서울성모병원 장례식장 12호실에 마련된다.\n고인이 코로나19 확진 상태여서 화장 후 장례절차가 시작된다고 유족 측은 전했다.\n고인은 17일 오후 서울 서초구 양재동 서울추모공원에서 화장됐다.\n발인은 20일 오전 11시, 장지는 경기도 광주시 시안 가족추모공원이다.",
		"partNum": "P2",
		"useType": 0,
		"processType": "A",
		"processPattern": "99",
		"processLevel": "하",
		"sentenceCount": 10,
		"processSentencenum": 2,
		"sentenceInfo": [
			{
				"sentenceNo": 1,
				"sentenceContent": "드라마 ‘사랑과 야망’, ‘애자 언니 민자’ 등을 연출한 곽영범 PD가 부인상을 당했다.",
				"sentenceSize": 49
			},
			{
				"sentenceNo": 2,
				"sentenceContent": "아들인 배우 이찬(본명 곽민찬)은 모친상을 당했다.",
				"sentenceSize": 28
			},
			{
				"sentenceNo": 3,
				"sentenceContent": "곽영범 PD의 아내 이창애씨는 17일 서초구 반포동 서울성모병원에서 별세했다.",
				"sentenceSize": 43
			},
			{
				"sentenceNo": 4,
				"sentenceContent": "향년 74세. 유족에 따르면 고인은 지난달 말 코로나19 확진 판정을 받고 격리병동에 들어갔으나 증세가 악화돼 최근 서울성모병원 중환자실로 옮겨져 치료를 받았다.",
				"sentenceSize": 90
			},
			{
				"sentenceNo": 5,
				"sentenceContent": "증세가 호전되지 않았고 폐렴이 심해지면서 끝내 세상을 떠났다.",
				"sentenceSize": 34
			},
			{
				"sentenceNo": 6,
				"sentenceContent": "곽영범 PD와 이찬 등 유족들은 고인이 숨을 거두기 전 면회를 하며 작별인사를 했다.",
				"sentenceSize": 47
			},
			{
				"sentenceNo": 7,
				"sentenceContent": "고인 빈소는 18일 오전 11시 서울성모병원 장례식장 12호실에 마련된다.",
				"sentenceSize": 41
			},
			{
				"sentenceNo": 8,
				"sentenceContent": "고인이 코로나19 확진 상태여서 화장 후 장례절차가 시작된다고 유족 측은 전했다.",
				"sentenceSize": 45
			},
			{
				"sentenceNo": 9,
				"sentenceContent": "고인은 17일 오후 서울 서초구 양재동 서울추모공원에서 화장됐다.",
				"sentenceSize": 36
			},
			{
				"sentenceNo": 10,
				"sentenceContent": "발인은 20일 오전 11시, 장지는 경기도 광주시 시안 가족추모공원이다.",
				"sentenceSize": 40
			}
		]
	},
	"labeledDataInfo": {
		"processSentenceInfo": [
			{
				"sentenceNo": 1,
				"sentenceContent": "드라마 ‘사랑과 야망’, ‘애자 언니 민자’ 등을 연출한 곽영범 PD가 부인상을 당했다.",
				"subjectConsistencyYn": "Y"
			},
			{
				"sentenceNo": 2,
				"sentenceContent": "아들인 배우 이찬(본명 곽민찬)은 모친상을 당했다.",
				"subjectConsistencyYn": "Y"
			},
			{
				"sentenceNo": 3,
				"sentenceContent": "곽영범 PD의 아내 이창애씨는 17일 서초구 반포동 서울성모병원에서 별세했다.",
				"subjectConsistencyYn": "Y"
			},
			{
				"sentenceNo": 4,
				"sentenceContent": "향년 74세. 유족에 따르면 고인은 지난달 말 코로나19 확진 판정을 받고 격리병동에 들어갔으나 증세가 악화돼 최근 서울성모병원 중환자실로 옮겨져 치료를 받았다.",
				"subjectConsistencyYn": "Y"
			},
			{
				"sentenceNo": 5,
				"sentenceContent": "증세가 호전되지 않았고 폐렴이 심해지면서 끝내 세상을 떠났다.",
				"subjectConsistencyYn": "Y"
			},
			{
				"sentenceNo": 6,
				"sentenceContent": "곽영범 PD와 이찬 등 유족들은 고인이 숨을 거두기 전 면회를 하며 작별인사를 했다.",
				"subjectConsistencyYn": "Y"
			},
			{
				"sentenceNo": 7,
				"sentenceContent": "고인 빈소는 18일 오전 11시 서울성모병원 장례식장 12호실에 마련된다.",
				"subjectConsistencyYn": "Y"
			},
			{
				"sentenceNo": 8,
				"sentenceContent": "고인이 코로나19 확진 상태여서 화장 후 장례절차가 시작된다고 유족 측은 전했다.",
				"subjectConsistencyYn": "Y"
			},
			{
				"sentenceNo": 9,
				"sentenceContent": "주최 측은 이번 공연 티켓을 구매한 고객이 취소를 원하면 수수료를 포함한 전액을 환불한다고 밝혔다.",
				"subjectConsistencyYn": "N"
			},
			{
				"sentenceNo": 10,
				"sentenceContent": "한편 공연 관계자에 따르면 오는 7일과 9일로 계획된 서울 공연은 예정대로 진행될 전망이다.",
				"subjectConsistencyYn": "N"
			}
		],
		"clickbaitClass": 0
	}
}