{
	"sourceDataInfo": {
		"newsID": "ET_M13_490272",
		"newsCategory": "연예",
		"newsSubcategory": "음악",
		"newsTitle": "T1419 ‘무궁화 꽃이 피었습니다’ 2000만뷰",
		"newsSubTitle": "",
		"newsContent": "보이그룹 T1419(티일사일구)의 신곡 ‘무궁화 꽃이 피었습니다(Red Light, Green Light)’의 퍼포먼스 비디오가 약 2천만 뷰를 기록하며 뜨거운 글로벌 인기를 입증하고 있다.\nT1419의 ‘무궁화 꽃이 피었습니다’ 퍼포먼스 비디오는 14일 오전 9시 유튜브 조회수 기준 1944만 회를 돌파하며 2000만뷰 돌파를 앞두고 있다.\nT1419는 앞서 발매한 데뷔곡 ‘아수라발발타(ASURABALBALTA)’, 싱글 2집 타이틀곡 ‘EXIT(엑시트)’, 싱글 3집 타이틀곡 ‘FLEX(플렉스)’ 세 곡의 뮤직비디오 모두 2000만 뷰를 기록한 데 이어 이번 신곡 ‘무궁화 꽃이 피었습니다’ 퍼포먼스 비디오까지 조회수 2000만 회 달성을 눈앞에 두며 연일 놀라운 기록을 세우고 있다.\nT1419의 첫 번째 디지털 싱글 앨범 ‘무궁화 꽃이 피었습니다’는 꿈을 좇는 아홉 소년의 이야기를 담았다.\n이번 앨범에서 T1419는 꿈을 향해 나아가는 자신들의 모습을 한국의 전통 놀이인 ‘무궁화 꽃이 피었습니다’에 빗대어 재치 있게 표현했다.\n꿈을 좇아가는 과정 속 고통과 인내의 시간도 마음먹기에 따라 놀이처럼 재미있게 즐길 수 있다는 메시지를 전한다.\n특히 ‘무궁화 꽃이 피었습니다’는 멤버 노아(NOA)가 직접 작사에 참여해 소년들의 솔직한 이야기를 담아냈다.\n지난 1월 ‘BEFORE SUNRISE Part. 1(비포 선라이즈 파트 1)’으로 데뷔한 T1419는 3월과 8월 두 장의 앨범을 연달아 발매하며 4세대 대표 아이돌로 자리잡았다.\nT1419는 지난 2일 개최된 ‘2021 Asia Artist Awards(2021 아시아 아티스트 어워즈)’에서 ‘AAA 포텐셜 상’을 수상하며 뜻깊은 성과를 거둔 바 있다.\n한편, T1419는 14일 오후 SBS MTV ‘더쇼(THE SHOW)’에서 ‘무궁화 꽃이 피었습니다’ 무대를 펼칠 예정이다.",
		"partNum": "P2",
		"useType": 0,
		"processType": "A",
		"processPattern": "99",
		"processLevel": "하",
		"sentenceCount": 10,
		"processSentencenum": 3,
		"sentenceInfo": [
			{
				"sentenceNo": 1,
				"sentenceContent": "보이그룹 T1419(티일사일구)의 신곡 ‘무궁화 꽃이 피었습니다(Red Light, Green Light)’의 퍼포먼스 비디오가 약 2천만 뷰를 기록하며 뜨거운 글로벌 인기를 입증하고 있다.",
				"sentenceSize": 106
			},
			{
				"sentenceNo": 2,
				"sentenceContent": "T1419의 ‘무궁화 꽃이 피었습니다’ 퍼포먼스 비디오는 14일 오전 9시 유튜브 조회수 기준 1944만 회를 돌파하며 2000만뷰 돌파를 앞두고 있다.",
				"sentenceSize": 85
			},
			{
				"sentenceNo": 3,
				"sentenceContent": "T1419는 앞서 발매한 데뷔곡 ‘아수라발발타(ASURABALBALTA)’, 싱글 2집 타이틀곡 ‘EXIT(엑시트)’, 싱글 3집 타이틀곡 ‘FLEX(플렉스)’ 세 곡의 뮤직비디오 모두 2000만 뷰를 기록한 데 이어 이번 신곡 ‘무궁화 꽃이 피었습니다’ 퍼포먼스 비디오까지 조회수 2000만 회 달성을 눈앞에 두며 연일 놀라운 기록을 세우고 있다.",
				"sentenceSize": 195
			},
			{
				"sentenceNo": 4,
				"sentenceContent": "T1419의 첫 번째 디지털 싱글 앨범 ‘무궁화 꽃이 피었습니다’는 꿈을 좇는 아홉 소년의 이야기를 담았다.",
				"sentenceSize": 60
			},
			{
				"sentenceNo": 5,
				"sentenceContent": "이번 앨범에서 T1419는 꿈을 향해 나아가는 자신들의 모습을 한국의 전통 놀이인 ‘무궁화 꽃이 피었습니다’에 빗대어 재치 있게 표현했다.",
				"sentenceSize": 77
			},
			{
				"sentenceNo": 6,
				"sentenceContent": "꿈을 좇아가는 과정 속 고통과 인내의 시간도 마음먹기에 따라 놀이처럼 재미있게 즐길 수 있다는 메시지를 전한다.",
				"sentenceSize": 62
			},
			{
				"sentenceNo": 7,
				"sentenceContent": "특히 ‘무궁화 꽃이 피었습니다’는 멤버 노아(NOA)가 직접 작사에 참여해 소년들의 솔직한 이야기를 담아냈다.",
				"sentenceSize": 61
			},
			{
				"sentenceNo": 8,
				"sentenceContent": "지난 1월 ‘BEFORE SUNRISE Part. 1(비포 선라이즈 파트 1)’으로 데뷔한 T1419는 3월과 8월 두 장의 앨범을 연달아 발매하며 4세대 대표 아이돌로 자리잡았다.",
				"sentenceSize": 101
			},
			{
				"sentenceNo": 9,
				"sentenceContent": "T1419는 지난 2일 개최된 ‘2021 Asia Artist Awards(2021 아시아 아티스트 어워즈)’에서 ‘AAA 포텐셜 상’을 수상하며 뜻깊은 성과를 거둔 바 있다.",
				"sentenceSize": 98
			},
			{
				"sentenceNo": 10,
				"sentenceContent": "한편, T1419는 14일 오후 SBS MTV ‘더쇼(THE SHOW)’에서 ‘무궁화 꽃이 피었습니다’ 무대를 펼칠 예정이다.",
				"sentenceSize": 70
			}
		]
	},
	"labeledDataInfo": {
		"processSentenceInfo": [
			{
				"sentenceNo": 1,
				"sentenceContent": "보이그룹 T1419(티일사일구)의 신곡 ‘무궁화 꽃이 피었습니다(Red Light, Green Light)’의 퍼포먼스 비디오가 약 2천만 뷰를 기록하며 뜨거운 글로벌 인기를 입증하고 있다.",
				"subjectConsistencyYn": "Y"
			},
			{
				"sentenceNo": 2,
				"sentenceContent": "T1419의 ‘무궁화 꽃이 피었습니다’ 퍼포먼스 비디오는 14일 오전 9시 유튜브 조회수 기준 1944만 회를 돌파하며 2000만뷰 돌파를 앞두고 있다.",
				"subjectConsistencyYn": "Y"
			},
			{
				"sentenceNo": 3,
				"sentenceContent": "T1419는 앞서 발매한 데뷔곡 ‘아수라발발타(ASURABALBALTA)’, 싱글 2집 타이틀곡 ‘EXIT(엑시트)’, 싱글 3집 타이틀곡 ‘FLEX(플렉스)’ 세 곡의 뮤직비디오 모두 2000만 뷰를 기록한 데 이어 이번 신곡 ‘무궁화 꽃이 피었습니다’ 퍼포먼스 비디오까지 조회수 2000만 회 달성을 눈앞에 두며 연일 놀라운 기록을 세우고 있다.",
				"subjectConsistencyYn": "Y"
			},
			{
				"sentenceNo": 4,
				"sentenceContent": "T1419의 첫 번째 디지털 싱글 앨범 ‘무궁화 꽃이 피었습니다’는 꿈을 좇는 아홉 소년의 이야기를 담았다.",
				"subjectConsistencyYn": "Y"
			},
			{
				"sentenceNo": 5,
				"sentenceContent": "이번 앨범에서 T1419는 꿈을 향해 나아가는 자신들의 모습을 한국의 전통 놀이인 ‘무궁화 꽃이 피었습니다’에 빗대어 재치 있게 표현했다.",
				"subjectConsistencyYn": "Y"
			},
			{
				"sentenceNo": 6,
				"sentenceContent": "꿈을 좇아가는 과정 속 고통과 인내의 시간도 마음먹기에 따라 놀이처럼 재미있게 즐길 수 있다는 메시지를 전한다.",
				"subjectConsistencyYn": "Y"
			},
			{
				"sentenceNo": 7,
				"sentenceContent": "특히 ‘무궁화 꽃이 피었습니다’는 멤버 노아(NOA)가 직접 작사에 참여해 소년들의 솔직한 이야기를 담아냈다.",
				"subjectConsistencyYn": "Y"
			},
			{
				"sentenceNo": 8,
				"sentenceContent": "온라인 중앙일보 [사진 SBS 캡처]",
				"subjectConsistencyYn": "N"
			}
		],
		"clickbaitClass": 0
	}
}