{
	"sourceDataInfo": {
		"newsID": "ET_M13_490507",
		"newsCategory": "연예",
		"newsSubcategory": "음악",
		"newsTitle": "[전문] 아스트로 라키, 눈·무릎 부상으로 ‘가요대축제’ 불참",
		"newsSubTitle": "",
		"newsContent": "아스트로 라키가 부상으로 인해 ‘2021 KBS 가요대축제’에 참가하지 못한다.\n지난 16일 아스트로 공식 팬카페에는 라키의 부상과 관련한 공식 입장이 올라왔다.\n판타지오는 “라키 군의 눈 주변 및 무릎 부상으로 인한 스케줄 불참 관련 안내 말씀드린다”며 “지난 15일 수요일 밤, 라키는 연습 도중 왼쪽 눈 주변 찰과상과 무릎 타박상을 입게 됐고, 즉시 병원에 방문해 의료진의 치료를 진행했다”고 밝혔다.\n이어 “큰 부상으로 이어지진 않았으나 당장의 스케줄 소화에는 무리가 있다고 판단돼, 17일 금요일 진행되는 ‘2021 KBS 가요대축제’에는 라키를 제외한 5인 체제로 진행될 예정”이라고 전했다.\n끝으로 “갑작스러운 소식으로 심려를 끼쳐드리게 된 점 양해 부탁드리며, 앞으로도 당사는 아티스트의 건강을 최우선으로 고려하고, 아티스트의 빠른 쾌유를 위해 최선의 노력을 하겠다”고 덧붙였다.\n다음은 판타지오 입장 전문. 안녕하세요.\n판타지오입니다.\n아스트로 라키 군의 눈 주변 및 무릎 부상으로 인한 스케줄 불참 관련 안내 말씀드립니다.\n지난 15일(수) 밤, 라키 군은 연습 도중 왼쪽 눈 주변 찰과상과 무릎 타박상을 입게 되었고, 즉시 병원에 방문하여 의료진의 치료를 진행하였습니다.\n큰 부상으로 이어지진 않았으나 당장의 스케줄 소화에는 무리가 있다고 판단되어, 17일(금) 진행되는 ‘2021 KBS 가요대축제’에는 라키 군을 제외한 5인 체제로 진행될 예정입니다.\n갑작스러운 소식으로 심려를 끼쳐드리게 된 점 양해부탁드리며, 앞으로도 당사는 아티스트의 건강을 최우선으로 고려하고, 아티스트의 빠른 쾌유를 위해 최선의 노력을 하겠습니다.",
		"partNum": "P2",
		"useType": 0,
		"processType": "A",
		"processPattern": "99",
		"processLevel": "하",
		"sentenceCount": 11,
		"processSentencenum": 1,
		"sentenceInfo": [
			{
				"sentenceNo": 1,
				"sentenceContent": "아스트로 라키가 부상으로 인해 ‘2021 KBS 가요대축제’에 참가하지 못한다.",
				"sentenceSize": 44
			},
			{
				"sentenceNo": 2,
				"sentenceContent": "지난 16일 아스트로 공식 팬카페에는 라키의 부상과 관련한 공식 입장이 올라왔다.",
				"sentenceSize": 45
			},
			{
				"sentenceNo": 3,
				"sentenceContent": "판타지오는 “라키 군의 눈 주변 및 무릎 부상으로 인한 스케줄 불참 관련 안내 말씀드린다”며 “지난 15일 수요일 밤, 라키는 연습 도중 왼쪽 눈 주변 찰과상과 무릎 타박상을 입게 됐고, 즉시 병원에 방문해 의료진의 치료를 진행했다”고 밝혔다.",
				"sentenceSize": 136
			},
			{
				"sentenceNo": 4,
				"sentenceContent": "이어 “큰 부상으로 이어지진 않았으나 당장의 스케줄 소화에는 무리가 있다고 판단돼, 17일 금요일 진행되는 ‘2021 KBS 가요대축제’에는 라키를 제외한 5인 체제로 진행될 예정”이라고 전했다.",
				"sentenceSize": 109
			},
			{
				"sentenceNo": 5,
				"sentenceContent": "끝으로 “갑작스러운 소식으로 심려를 끼쳐드리게 된 점 양해 부탁드리며, 앞으로도 당사는 아티스트의 건강을 최우선으로 고려하고, 아티스트의 빠른 쾌유를 위해 최선의 노력을 하겠다”고 덧붙였다.",
				"sentenceSize": 106
			},
			{
				"sentenceNo": 6,
				"sentenceContent": "다음은 판타지오 입장 전문. 안녕하세요.",
				"sentenceSize": 22
			},
			{
				"sentenceNo": 7,
				"sentenceContent": "판타지오입니다.",
				"sentenceSize": 8
			},
			{
				"sentenceNo": 8,
				"sentenceContent": "아스트로 라키 군의 눈 주변 및 무릎 부상으로 인한 스케줄 불참 관련 안내 말씀드립니다.",
				"sentenceSize": 49
			},
			{
				"sentenceNo": 9,
				"sentenceContent": "지난 15일(수) 밤, 라키 군은 연습 도중 왼쪽 눈 주변 찰과상과 무릎 타박상을 입게 되었고, 즉시 병원에 방문하여 의료진의 치료를 진행하였습니다.",
				"sentenceSize": 83
			},
			{
				"sentenceNo": 10,
				"sentenceContent": "큰 부상으로 이어지진 않았으나 당장의 스케줄 소화에는 무리가 있다고 판단되어, 17일(금) 진행되는 ‘2021 KBS 가요대축제’에는 라키 군을 제외한 5인 체제로 진행될 예정입니다.",
				"sentenceSize": 102
			},
			{
				"sentenceNo": 11,
				"sentenceContent": "갑작스러운 소식으로 심려를 끼쳐드리게 된 점 양해부탁드리며, 앞으로도 당사는 아티스트의 건강을 최우선으로 고려하고, 아티스트의 빠른 쾌유를 위해 최선의 노력을 하겠습니다.",
				"sentenceSize": 95
			}
		]
	},
	"labeledDataInfo": {
		"processSentenceInfo": [
			{
				"sentenceNo": 1,
				"sentenceContent": "아스트로 라키가 부상으로 인해 ‘2021 KBS 가요대축제’에 참가하지 못한다.",
				"subjectConsistencyYn": "Y"
			},
			{
				"sentenceNo": 2,
				"sentenceContent": "지난 16일 아스트로 공식 팬카페에는 라키의 부상과 관련한 공식 입장이 올라왔다.",
				"subjectConsistencyYn": "Y"
			},
			{
				"sentenceNo": 3,
				"sentenceContent": "판타지오는 “라키 군의 눈 주변 및 무릎 부상으로 인한 스케줄 불참 관련 안내 말씀드린다”며 “지난 15일 수요일 밤, 라키는 연습 도중 왼쪽 눈 주변 찰과상과 무릎 타박상을 입게 됐고, 즉시 병원에 방문해 의료진의 치료를 진행했다”고 밝혔다.",
				"subjectConsistencyYn": "Y"
			},
			{
				"sentenceNo": 4,
				"sentenceContent": "이어 “큰 부상으로 이어지진 않았으나 당장의 스케줄 소화에는 무리가 있다고 판단돼, 17일 금요일 진행되는 ‘2021 KBS 가요대축제’에는 라키를 제외한 5인 체제로 진행될 예정”이라고 전했다.",
				"subjectConsistencyYn": "Y"
			},
			{
				"sentenceNo": 5,
				"sentenceContent": "끝으로 “갑작스러운 소식으로 심려를 끼쳐드리게 된 점 양해 부탁드리며, 앞으로도 당사는 아티스트의 건강을 최우선으로 고려하고, 아티스트의 빠른 쾌유를 위해 최선의 노력을 하겠다”고 덧붙였다.",
				"subjectConsistencyYn": "Y"
			},
			{
				"sentenceNo": 6,
				"sentenceContent": "다음은 판타지오 입장 전문. 안녕하세요.",
				"subjectConsistencyYn": "Y"
			},
			{
				"sentenceNo": 7,
				"sentenceContent": "판타지오입니다.",
				"subjectConsistencyYn": "Y"
			},
			{
				"sentenceNo": 8,
				"sentenceContent": "아스트로 라키 군의 눈 주변 및 무릎 부상으로 인한 스케줄 불참 관련 안내 말씀드립니다.",
				"subjectConsistencyYn": "Y"
			},
			{
				"sentenceNo": 9,
				"sentenceContent": "지난 15일(수) 밤, 라키 군은 연습 도중 왼쪽 눈 주변 찰과상과 무릎 타박상을 입게 되었고, 즉시 병원에 방문하여 의료진의 치료를 진행하였습니다.",
				"subjectConsistencyYn": "Y"
			},
			{
				"sentenceNo": 10,
				"sentenceContent": "큰 부상으로 이어지진 않았으나 당장의 스케줄 소화에는 무리가 있다고 판단되어, 17일(금) 진행되는 ‘2021 KBS 가요대축제’에는 라키 군을 제외한 5인 체제로 진행될 예정입니다.",
				"subjectConsistencyYn": "Y"
			},
			{
				"sentenceNo": 11,
				"sentenceContent": "김혜윤의 화보와 인터뷰는 패션지 ‘앳스타일’ 1월호에서 볼 수 있다.",
				"subjectConsistencyYn": "N"
			}
		],
		"clickbaitClass": 0
	}
}