{
	"sourceDataInfo": {
		"newsID": "ET_M13_490440",
		"newsCategory": "연예",
		"newsSubcategory": "음악",
		"newsTitle": "‘쇼챔’ 픽시, 상큼한 ‘불러불러’",
		"newsSubTitle": "",
		"newsContent": "전세계를 향해 뻗어 나가고 있는 글로벌 신성이자 4세대 대표 걸그룹 픽시(PIXY)가 반전 매력을 담아낸 신곡 ‘불러불러(Call Me)’로 K-POP 팬들에게 행복한 미리 메리 크리스마스를 선물했다.\n지난 15일 오후 방송된 MBC M, MBC 에브리원 ‘쇼! 챔피언’에서는 픽시(엘라, 샛별, 수아, 디아, 로라, 다정)가 따뜻하고 사랑스러운 감성이 신곡 ‘불러불러(Call Me)’ 무대를 방송에서 처음으로 선보이며 가요 팬들의 관심을 한 몸에 받았다.\n이날 픽시는 각 멤버의 특징을 살린 청순한 하늘색과 러블리한 분홍색을 매치한 의상으로 여섯 요정의 발랄하면서도 상큼한 매력을 뿜어내었으며, 픽시 멤버들의 기존 콘셉트였던 ‘다크돌’의 이미지를 벗어던지고 정반대의 신선한 매력을 발산해 팬덤 윈시(WINXY)를 포함한 글로벌 K-POP 팬들에게 말 그대로 깜짝 놀라게 만들었다.\n특히 여유로우면서도 한 몸인 듯 움직이는 멤버들의 퍼포먼스와 풍부한 표정 연기 그리고 보는 사람까지 행복해지는 무대 매너는 K-POP 팬들에게 한도 초과 긍정 에너지를 전달함과 동시에 마음을 설레게 만들었다.\n신곡 ‘불러불러(Call Me)’는 온라인 팬미팅에서 일본어 버전으로만 공개했던 이벤트 음원을 정식으로 듣고 싶은 팬덤 윈시의 뜨거운 요청에 부응해 정식 제작된 곡으로, 따뜻하면서도 통통 튀는 힙합 댄스 장르의 멜로디와 멤버들의 음색을 아름답게 녹여내었으며 윈시가 부르면 언제라도 달려가겠다는 픽시의 진심이 담겨있다. ‘불러불러(Call Me)’ 무대를 통해 픽시는 기존에 걸크러시로 가득했던 무대들과는 정반대의 콘셉트를 완벽하게 소화하는 모습으로 한계 없는 음악 스펙트럼을 보유하고 있다는 것과 동시에 왜 대체 불가한 ‘콘셉돌’로 사랑받고 있는지를 입증했으며 모두가 지친 12월 다가오는 크리스마스를 앞두고 팬들의 마음 한켠을 벌써부터 따뜻하게 장식했다.\n픽시는 지난 2월 ‘날개(WINGS)’를 통해 처음 데뷔, 지난 5월과 10월에는 ‘BRAVERY’와 ‘TEMPTATION’ 활동으로 독보적이면서도 압도적인 콘셉트를 선보이며 ‘다크돌’, ‘콘셉돌’, ‘글로벌 신성’, ‘무대 장인’ 등의 수식어를 얻었으며 이벤트 음원 ‘불러불러(Call Me)’ 발표로 2021년 K-POP 시장의 마지막을 픽시의 이름으로 화려하게 장식하게 되었다.\n한편 픽시는 신곡 ‘불러불러(Call Me)’ 발표와 함께 스페셜 아카펠라 클립, 퍼포먼스 뮤직비디오 등의 다양한 콘텐츠로 팬덤 윈시(WINXY)을 포함한 대중과 왕성하게 소통하고 있으며 앞으로도 다채로운 콘텐츠로 활동을 이어갈 예정이다.",
		"partNum": "P2",
		"useType": 0,
		"processType": "A",
		"processPattern": "99",
		"processLevel": "하",
		"sentenceCount": 7,
		"processSentencenum": 1,
		"sentenceInfo": [
			{
				"sentenceNo": 1,
				"sentenceContent": "전세계를 향해 뻗어 나가고 있는 글로벌 신성이자 4세대 대표 걸그룹 픽시(PIXY)가 반전 매력을 담아낸 신곡 ‘불러불러(Call Me)’로 K-POP 팬들에게 행복한 미리 메리 크리스마스를 선물했다.",
				"sentenceSize": 112
			},
			{
				"sentenceNo": 2,
				"sentenceContent": "지난 15일 오후 방송된 MBC M, MBC 에브리원 ‘쇼! 챔피언’에서는 픽시(엘라, 샛별, 수아, 디아, 로라, 다정)가 따뜻하고 사랑스러운 감성이 신곡 ‘불러불러(Call Me)’ 무대를 방송에서 처음으로 선보이며 가요 팬들의 관심을 한 몸에 받았다.",
				"sentenceSize": 143
			},
			{
				"sentenceNo": 3,
				"sentenceContent": "이날 픽시는 각 멤버의 특징을 살린 청순한 하늘색과 러블리한 분홍색을 매치한 의상으로 여섯 요정의 발랄하면서도 상큼한 매력을 뿜어내었으며, 픽시 멤버들의 기존 콘셉트였던 ‘다크돌’의 이미지를 벗어던지고 정반대의 신선한 매력을 발산해 팬덤 윈시(WINXY)를 포함한 글로벌 K-POP 팬들에게 말 그대로 깜짝 놀라게 만들었다.",
				"sentenceSize": 181
			},
			{
				"sentenceNo": 4,
				"sentenceContent": "특히 여유로우면서도 한 몸인 듯 움직이는 멤버들의 퍼포먼스와 풍부한 표정 연기 그리고 보는 사람까지 행복해지는 무대 매너는 K-POP 팬들에게 한도 초과 긍정 에너지를 전달함과 동시에 마음을 설레게 만들었다.",
				"sentenceSize": 116
			},
			{
				"sentenceNo": 5,
				"sentenceContent": "신곡 ‘불러불러(Call Me)’는 온라인 팬미팅에서 일본어 버전으로만 공개했던 이벤트 음원을 정식으로 듣고 싶은 팬덤 윈시의 뜨거운 요청에 부응해 정식 제작된 곡으로, 따뜻하면서도 통통 튀는 힙합 댄스 장르의 멜로디와 멤버들의 음색을 아름답게 녹여내었으며 윈시가 부르면 언제라도 달려가겠다는 픽시의 진심이 담겨있다. ‘불러불러(Call Me)’ 무대를 통해 픽시는 기존에 걸크러시로 가득했던 무대들과는 정반대의 콘셉트를 완벽하게 소화하는 모습으로 한계 없는 음악 스펙트럼을 보유하고 있다는 것과 동시에 왜 대체 불가한 ‘콘셉돌’로 사랑받고 있는지를 입증했으며 모두가 지친 12월 다가오는 크리스마스를 앞두고 팬들의 마음 한켠을 벌써부터 따뜻하게 장식했다.",
				"sentenceSize": 367
			},
			{
				"sentenceNo": 6,
				"sentenceContent": "픽시는 지난 2월 ‘날개(WINGS)’를 통해 처음 데뷔, 지난 5월과 10월에는 ‘BRAVERY’와 ‘TEMPTATION’ 활동으로 독보적이면서도 압도적인 콘셉트를 선보이며 ‘다크돌’, ‘콘셉돌’, ‘글로벌 신성’, ‘무대 장인’ 등의 수식어를 얻었으며 이벤트 음원 ‘불러불러(Call Me)’ 발표로 2021년 K-POP 시장의 마지막을 픽시의 이름으로 화려하게 장식하게 되었다.",
				"sentenceSize": 214
			},
			{
				"sentenceNo": 7,
				"sentenceContent": "한편 픽시는 신곡 ‘불러불러(Call Me)’ 발표와 함께 스페셜 아카펠라 클립, 퍼포먼스 뮤직비디오 등의 다양한 콘텐츠로 팬덤 윈시(WINXY)을 포함한 대중과 왕성하게 소통하고 있으며 앞으로도 다채로운 콘텐츠로 활동을 이어갈 예정이다.",
				"sentenceSize": 133
			}
		]
	},
	"labeledDataInfo": {
		"processSentenceInfo": [
			{
				"sentenceNo": 1,
				"sentenceContent": "전세계를 향해 뻗어 나가고 있는 글로벌 신성이자 4세대 대표 걸그룹 픽시(PIXY)가 반전 매력을 담아낸 신곡 ‘불러불러(Call Me)’로 K-POP 팬들에게 행복한 미리 메리 크리스마스를 선물했다.",
				"subjectConsistencyYn": "Y"
			},
			{
				"sentenceNo": 2,
				"sentenceContent": "지난 15일 오후 방송된 MBC M, MBC 에브리원 ‘쇼! 챔피언’에서는 픽시(엘라, 샛별, 수아, 디아, 로라, 다정)가 따뜻하고 사랑스러운 감성이 신곡 ‘불러불러(Call Me)’ 무대를 방송에서 처음으로 선보이며 가요 팬들의 관심을 한 몸에 받았다.",
				"subjectConsistencyYn": "Y"
			},
			{
				"sentenceNo": 3,
				"sentenceContent": "이날 픽시는 각 멤버의 특징을 살린 청순한 하늘색과 러블리한 분홍색을 매치한 의상으로 여섯 요정의 발랄하면서도 상큼한 매력을 뿜어내었으며, 픽시 멤버들의 기존 콘셉트였던 ‘다크돌’의 이미지를 벗어던지고 정반대의 신선한 매력을 발산해 팬덤 윈시(WINXY)를 포함한 글로벌 K-POP 팬들에게 말 그대로 깜짝 놀라게 만들었다.",
				"subjectConsistencyYn": "Y"
			},
			{
				"sentenceNo": 4,
				"sentenceContent": "특히 여유로우면서도 한 몸인 듯 움직이는 멤버들의 퍼포먼스와 풍부한 표정 연기 그리고 보는 사람까지 행복해지는 무대 매너는 K-POP 팬들에게 한도 초과 긍정 에너지를 전달함과 동시에 마음을 설레게 만들었다.",
				"subjectConsistencyYn": "Y"
			},
			{
				"sentenceNo": 5,
				"sentenceContent": "신곡 ‘불러불러(Call Me)’는 온라인 팬미팅에서 일본어 버전으로만 공개했던 이벤트 음원을 정식으로 듣고 싶은 팬덤 윈시의 뜨거운 요청에 부응해 정식 제작된 곡으로, 따뜻하면서도 통통 튀는 힙합 댄스 장르의 멜로디와 멤버들의 음색을 아름답게 녹여내었으며 윈시가 부르면 언제라도 달려가겠다는 픽시의 진심이 담겨있다. ‘불러불러(Call Me)’ 무대를 통해 픽시는 기존에 걸크러시로 가득했던 무대들과는 정반대의 콘셉트를 완벽하게 소화하는 모습으로 한계 없는 음악 스펙트럼을 보유하고 있다는 것과 동시에 왜 대체 불가한 ‘콘셉돌’로 사랑받고 있는지를 입증했으며 모두가 지친 12월 다가오는 크리스마스를 앞두고 팬들의 마음 한켠을 벌써부터 따뜻하게 장식했다.",
				"subjectConsistencyYn": "Y"
			},
			{
				"sentenceNo": 6,
				"sentenceContent": "픽시는 지난 2월 ‘날개(WINGS)’를 통해 처음 데뷔, 지난 5월과 10월에는 ‘BRAVERY’와 ‘TEMPTATION’ 활동으로 독보적이면서도 압도적인 콘셉트를 선보이며 ‘다크돌’, ‘콘셉돌’, ‘글로벌 신성’, ‘무대 장인’ 등의 수식어를 얻었으며 이벤트 음원 ‘불러불러(Call Me)’ 발표로 2021년 K-POP 시장의 마지막을 픽시의 이름으로 화려하게 장식하게 되었다.",
				"subjectConsistencyYn": "Y"
			},
			{
				"sentenceNo": 7,
				"sentenceContent": "전문가들은 예방이 가장 우선시돼야 한다고 덧붙였다.",
				"subjectConsistencyYn": "N"
			},
			{
				"sentenceNo": 8,
				"sentenceContent": "미 니클라우스 아동병원 의사 빈센조 마니아치는 허핑턴포스트와 한 인터뷰에서 “(수영을 할 때) 아이 한 명당 성인 한 명이 관리를 맡고 책임을 지는 것이 가장 좋은 예방법”이라고 말했다.",
				"subjectConsistencyYn": "N"
			},
			{
				"sentenceNo": 9,
				"sentenceContent": "온라인 중앙일보 ‘여름 마른익사 주의’",
				"subjectConsistencyYn": "N"
			}
		],
		"clickbaitClass": 0
	}
}