{
	"sourceDataInfo": {
		"newsID": "ET_M13_490537",
		"newsCategory": "연예",
		"newsSubcategory": "방송",
		"newsTitle": "김종국 “타고나길 우월하지 않아 열심히 노력”",
		"newsSubTitle": "",
		"newsContent": "도핑 테스트 결과를 공개하며 로이더(약물로 근육을 키우는 사람)논란의 종지부를 찍은 가수 김종국이 공식입장을 밝혔다.\n김종국은 지난 16일 자신의 유튜브 채널에 “소신 있게 끝까지 도움 주시고 믿어주신 모든 분들 진심으로 감사드립니다. 나약한 누군가의 나약함의 일반화를 위한 시도였는지 아님 본인 인종의 우월함에 취한 실수였는지는 모르겠지만 절대 현혹되시지 마시고 너무나도 소중하고 깨끗한 우리의 몸을 있는 그대로 건강하게 유지하기 위한 기본적인 개념을 잃지 않으시길 바랍니다”라고 밝혔다.\n이어 “오히려 많은 부분에서 타고나길 우월하지 않았기 때문에 누구보다 열심히 관리하고 노력하며 살고 있습니다. 내일 당장 어떤 병이 생길지 모르고 인력으로 막을 수 있는 일이 아니겠지만 꾸준히 그 확률을 줄이기 위해 열심히 노력하려고 합니다. 여러분들 모두 건강하시길 빌겠습니다. 힘들고 지치고 또 어려운 시국 이겨내시느라 고생하시는 모든 분들 조금만 더 힘내십시오. 이제부터는 즐겁고 건강한 콘텐츠로 쭉 나아가겠습니다”라고 밝혔다.\n앞서 김종국은 16일 자신의 유튜브 채널 ‘김종국 GYM JONG KOOK’에 ‘도핑 테스트 결과…그리고 법적 절차 진행 상황’이라는 제목의 영상을 게시했다.\n영상에 따르면 김종국은 외부에서 스테로이드를 투입하지 않았다’는 결과를 받았다고 밝혔다.\n김종국은 지난달 13일 소변 샘플을 채취했고, 검사 결과에 대한 촬영은 지난 9일 진행됐다고 밝혔다.",
		"partNum": "P2",
		"useType": 0,
		"processType": "A",
		"processPattern": "99",
		"processLevel": "하",
		"sentenceCount": 6,
		"processSentencenum": 1,
		"sentenceInfo": [
			{
				"sentenceNo": 1,
				"sentenceContent": "도핑 테스트 결과를 공개하며 로이더(약물로 근육을 키우는 사람)논란의 종지부를 찍은 가수 김종국이 공식입장을 밝혔다.",
				"sentenceSize": 65
			},
			{
				"sentenceNo": 2,
				"sentenceContent": "김종국은 지난 16일 자신의 유튜브 채널에 “소신 있게 끝까지 도움 주시고 믿어주신 모든 분들 진심으로 감사드립니다. 나약한 누군가의 나약함의 일반화를 위한 시도였는지 아님 본인 인종의 우월함에 취한 실수였는지는 모르겠지만 절대 현혹되시지 마시고 너무나도 소중하고 깨끗한 우리의 몸을 있는 그대로 건강하게 유지하기 위한 기본적인 개념을 잃지 않으시길 바랍니다”라고 밝혔다.",
				"sentenceSize": 208
			},
			{
				"sentenceNo": 3,
				"sentenceContent": "이어 “오히려 많은 부분에서 타고나길 우월하지 않았기 때문에 누구보다 열심히 관리하고 노력하며 살고 있습니다. 내일 당장 어떤 병이 생길지 모르고 인력으로 막을 수 있는 일이 아니겠지만 꾸준히 그 확률을 줄이기 위해 열심히 노력하려고 합니다. 여러분들 모두 건강하시길 빌겠습니다. 힘들고 지치고 또 어려운 시국 이겨내시느라 고생하시는 모든 분들 조금만 더 힘내십시오. 이제부터는 즐겁고 건강한 콘텐츠로 쭉 나아가겠습니다”라고 밝혔다.",
				"sentenceSize": 242
			},
			{
				"sentenceNo": 4,
				"sentenceContent": "앞서 김종국은 16일 자신의 유튜브 채널 ‘김종국 GYM JONG KOOK’에 ‘도핑 테스트 결과…그리고 법적 절차 진행 상황’이라는 제목의 영상을 게시했다.",
				"sentenceSize": 88
			},
			{
				"sentenceNo": 5,
				"sentenceContent": "영상에 따르면 김종국은 외부에서 스테로이드를 투입하지 않았다’는 결과를 받았다고 밝혔다.",
				"sentenceSize": 49
			},
			{
				"sentenceNo": 6,
				"sentenceContent": "김종국은 지난달 13일 소변 샘플을 채취했고, 검사 결과에 대한 촬영은 지난 9일 진행됐다고 밝혔다.",
				"sentenceSize": 56
			}
		]
	},
	"labeledDataInfo": {
		"processSentenceInfo": [
			{
				"sentenceNo": 1,
				"sentenceContent": "도핑 테스트 결과를 공개하며 로이더(약물로 근육을 키우는 사람)논란의 종지부를 찍은 가수 김종국이 공식입장을 밝혔다.",
				"subjectConsistencyYn": "Y"
			},
			{
				"sentenceNo": 2,
				"sentenceContent": "김종국은 지난 16일 자신의 유튜브 채널에 “소신 있게 끝까지 도움 주시고 믿어주신 모든 분들 진심으로 감사드립니다. 나약한 누군가의 나약함의 일반화를 위한 시도였는지 아님 본인 인종의 우월함에 취한 실수였는지는 모르겠지만 절대 현혹되시지 마시고 너무나도 소중하고 깨끗한 우리의 몸을 있는 그대로 건강하게 유지하기 위한 기본적인 개념을 잃지 않으시길 바랍니다”라고 밝혔다.",
				"subjectConsistencyYn": "Y"
			},
			{
				"sentenceNo": 3,
				"sentenceContent": "이어 “오히려 많은 부분에서 타고나길 우월하지 않았기 때문에 누구보다 열심히 관리하고 노력하며 살고 있습니다. 내일 당장 어떤 병이 생길지 모르고 인력으로 막을 수 있는 일이 아니겠지만 꾸준히 그 확률을 줄이기 위해 열심히 노력하려고 합니다. 여러분들 모두 건강하시길 빌겠습니다. 힘들고 지치고 또 어려운 시국 이겨내시느라 고생하시는 모든 분들 조금만 더 힘내십시오. 이제부터는 즐겁고 건강한 콘텐츠로 쭉 나아가겠습니다”라고 밝혔다.",
				"subjectConsistencyYn": "Y"
			},
			{
				"sentenceNo": 4,
				"sentenceContent": "앞서 김종국은 16일 자신의 유튜브 채널 ‘김종국 GYM JONG KOOK’에 ‘도핑 테스트 결과…그리고 법적 절차 진행 상황’이라는 제목의 영상을 게시했다.",
				"subjectConsistencyYn": "Y"
			},
			{
				"sentenceNo": 5,
				"sentenceContent": "영상에 따르면 김종국은 외부에서 스테로이드를 투입하지 않았다’는 결과를 받았다고 밝혔다.",
				"subjectConsistencyYn": "Y"
			},
			{
				"sentenceNo": 6,
				"sentenceContent": "김선진은 자신의 술 냉장고에 대해 \\\"와인, 샴페인, 사케 등등 다양한 주류가 저장된 냉장고가 있다. 이것은 유일한 나의 취향이다. 이걸보고 있으면 괜히 뿌듯하다\\\"고 소개해 웃음을 자아냈다.",
				"subjectConsistencyYn": "N"
			}
		],
		"clickbaitClass": 0
	}
}