{
	"sourceDataInfo": {
		"newsID": "ET_M13_490382",
		"newsCategory": "연예",
		"newsSubcategory": "영화",
		"newsTitle": "김우진X범키, 웹영화 ‘3.5교시’ OST ‘Timeless’로 만났다",
		"newsSubTitle": "",
		"newsContent": "가수 겸 배우 김우진이 웹영화 ‘3.5교시’ OST 타이틀곡을 선보인다.\n판타지학원 로맨스 장르에 타임 스트래치라는 독특한 소재를 접목해 방송미디어 관계자들 사이 주목 받고 있는 웹영화 ‘3.5교시’ 주인공 김우진이 가창에도 참여한 OST ‘Timeless’가 16일, ‘3.5교시’ 방영 하루 전 선공개된다.\nOST 타이틀곡은 ‘소울대세’로 유명한 범키가 작곡에 참여하며 레코딩 전부터 많은 기대와 관심을 모은 바 있다.\n주인공 김우진이 부른 첫 번째 OST ‘Timeless’는 일렉트로닉 댄스팝 장르로 R&B적 요소를 가미하며 듣는 매력을 더한 곡이다.\n16일 정오 각종 음원사이트를 통해 공개될 예정이다. ‘3.5교시’는 명문 고등학교를 중심으로 3교시와 4교시 사이 10분의 휴식시간이 10배 느리게 흘러가는 3.5교시 세상에서 벌어지는 학생들의 비밀스런 그들의 얘기를 다루는 작품이다.\n김우진은 극 중 달달한 핸섬가이 한익 역으로 분해 열연을 펼칠 뿐 아니라, OST 라인업에도 이름을 올리면서 ‘3.5교시’에 힘을 보탰다.\n인기 보이그룹 출신으로 국내는 물론 해외에서도 뜨거운 인기를 자랑하는 김우진은 서정적 느낌의 기타 선율과 섬세하면서도 깊이 있는 음색으로 ‘Timeless’의 완성도를 높였다.\n범키는 작곡과 코러스에 참여해 곡의 퀄리티를 높였다.\n절제되었지만 강한 그루브에 중독성 높은 멜로디는 ‘3.5교시’의 학원 판타지 로맨스의 매력을 엿볼 수 있게 해주면서 방영 전 팬들의 관심이 쏠린다. ‘3.5교시’는 시나리오의 우수성을 인정 받아 경기 문화 콘텐츠 진흥원의 ‘뉴미디어 콘텐츠 방송 영상 제작 지원’ 사업에 선정됐으며, 영화 ‘포화속으로’ ‘아이리스’ ‘인천 상륙 작전’ 등 시각효과 감독으로도 명성을 떨친 유희정 감독이 연출을 맡았다. ‘3.5교시’는 오는 17일부터 한 달간 티빙(TVING)에서 독점 공개된다.",
		"partNum": "P2",
		"useType": 0,
		"processType": "A",
		"processPattern": "99",
		"processLevel": "하",
		"sentenceCount": 9,
		"processSentencenum": 2,
		"sentenceInfo": [
			{
				"sentenceNo": 1,
				"sentenceContent": "가수 겸 배우 김우진이 웹영화 ‘3.5교시’ OST 타이틀곡을 선보인다.",
				"sentenceSize": 40
			},
			{
				"sentenceNo": 2,
				"sentenceContent": "판타지학원 로맨스 장르에 타임 스트래치라는 독특한 소재를 접목해 방송미디어 관계자들 사이 주목 받고 있는 웹영화 ‘3.5교시’ 주인공 김우진이 가창에도 참여한 OST ‘Timeless’가 16일, ‘3.5교시’ 방영 하루 전 선공개된다.",
				"sentenceSize": 132
			},
			{
				"sentenceNo": 3,
				"sentenceContent": "OST 타이틀곡은 ‘소울대세’로 유명한 범키가 작곡에 참여하며 레코딩 전부터 많은 기대와 관심을 모은 바 있다.",
				"sentenceSize": 62
			},
			{
				"sentenceNo": 4,
				"sentenceContent": "주인공 김우진이 부른 첫 번째 OST ‘Timeless’는 일렉트로닉 댄스팝 장르로 R&B적 요소를 가미하며 듣는 매력을 더한 곡이다.",
				"sentenceSize": 75
			},
			{
				"sentenceNo": 5,
				"sentenceContent": "16일 정오 각종 음원사이트를 통해 공개될 예정이다. ‘3.5교시’는 명문 고등학교를 중심으로 3교시와 4교시 사이 10분의 휴식시간이 10배 느리게 흘러가는 3.5교시 세상에서 벌어지는 학생들의 비밀스런 그들의 얘기를 다루는 작품이다.",
				"sentenceSize": 132
			},
			{
				"sentenceNo": 6,
				"sentenceContent": "김우진은 극 중 달달한 핸섬가이 한익 역으로 분해 열연을 펼칠 뿐 아니라, OST 라인업에도 이름을 올리면서 ‘3.5교시’에 힘을 보탰다.",
				"sentenceSize": 77
			},
			{
				"sentenceNo": 7,
				"sentenceContent": "인기 보이그룹 출신으로 국내는 물론 해외에서도 뜨거운 인기를 자랑하는 김우진은 서정적 느낌의 기타 선율과 섬세하면서도 깊이 있는 음색으로 ‘Timeless’의 완성도를 높였다.",
				"sentenceSize": 98
			},
			{
				"sentenceNo": 8,
				"sentenceContent": "범키는 작곡과 코러스에 참여해 곡의 퀄리티를 높였다.",
				"sentenceSize": 29
			},
			{
				"sentenceNo": 9,
				"sentenceContent": "절제되었지만 강한 그루브에 중독성 높은 멜로디는 ‘3.5교시’의 학원 판타지 로맨스의 매력을 엿볼 수 있게 해주면서 방영 전 팬들의 관심이 쏠린다. ‘3.5교시’는 시나리오의 우수성을 인정 받아 경기 문화 콘텐츠 진흥원의 ‘뉴미디어 콘텐츠 방송 영상 제작 지원’ 사업에 선정됐으며, 영화 ‘포화속으로’ ‘아이리스’ ‘인천 상륙 작전’ 등 시각효과 감독으로도 명성을 떨친 유희정 감독이 연출을 맡았다. ‘3.5교시’는 오는 17일부터 한 달간 티빙(TVING)에서 독점 공개된다.",
				"sentenceSize": 267
			}
		]
	},
	"labeledDataInfo": {
		"processSentenceInfo": [
			{
				"sentenceNo": 1,
				"sentenceContent": "가수 겸 배우 김우진이 웹영화 ‘3.5교시’ OST 타이틀곡을 선보인다.",
				"subjectConsistencyYn": "Y"
			},
			{
				"sentenceNo": 2,
				"sentenceContent": "판타지학원 로맨스 장르에 타임 스트래치라는 독특한 소재를 접목해 방송미디어 관계자들 사이 주목 받고 있는 웹영화 ‘3.5교시’ 주인공 김우진이 가창에도 참여한 OST ‘Timeless’가 16일, ‘3.5교시’ 방영 하루 전 선공개된다.",
				"subjectConsistencyYn": "Y"
			},
			{
				"sentenceNo": 3,
				"sentenceContent": "OST 타이틀곡은 ‘소울대세’로 유명한 범키가 작곡에 참여하며 레코딩 전부터 많은 기대와 관심을 모은 바 있다.",
				"subjectConsistencyYn": "Y"
			},
			{
				"sentenceNo": 4,
				"sentenceContent": "주인공 김우진이 부른 첫 번째 OST ‘Timeless’는 일렉트로닉 댄스팝 장르로 R&B적 요소를 가미하며 듣는 매력을 더한 곡이다.",
				"subjectConsistencyYn": "Y"
			},
			{
				"sentenceNo": 5,
				"sentenceContent": "16일 정오 각종 음원사이트를 통해 공개될 예정이다. ‘3.5교시’는 명문 고등학교를 중심으로 3교시와 4교시 사이 10분의 휴식시간이 10배 느리게 흘러가는 3.5교시 세상에서 벌어지는 학생들의 비밀스런 그들의 얘기를 다루는 작품이다.",
				"subjectConsistencyYn": "Y"
			},
			{
				"sentenceNo": 6,
				"sentenceContent": "김우진은 극 중 달달한 핸섬가이 한익 역으로 분해 열연을 펼칠 뿐 아니라, OST 라인업에도 이름을 올리면서 ‘3.5교시’에 힘을 보탰다.",
				"subjectConsistencyYn": "Y"
			},
			{
				"sentenceNo": 7,
				"sentenceContent": "인기 보이그룹 출신으로 국내는 물론 해외에서도 뜨거운 인기를 자랑하는 김우진은 서정적 느낌의 기타 선율과 섬세하면서도 깊이 있는 음색으로 ‘Timeless’의 완성도를 높였다.",
				"subjectConsistencyYn": "Y"
			},
			{
				"sentenceNo": 8,
				"sentenceContent": "개를 훔치는 완벽한 방법 [사진 개를 훔치는 완벽한 방법 공식 포스터] 온라인 중앙일보",
				"subjectConsistencyYn": "N"
			}
		],
		"clickbaitClass": 0
	}
}