{
	"sourceDataInfo": {
		"newsID": "ET_M13_490634",
		"newsCategory": "연예",
		"newsSubcategory": "방송",
		"newsTitle": "‘복면가왕’ 류지 “인디 밴드, 방구석 이미지...지하에서 나가고파”",
		"newsSubTitle": "",
		"newsContent": "‘복면가왕’ 바둑이의 정체는 브로콜리너마저 류지였다.\n19일 오후 방송된 MBC 예능프로그램 ‘복면가왕’에서는 가왕 곰발바닥에 도전하는 복면 가수 4인의 무대가 꾸며졌다.\n이날 2라운드 두 번째 대결은 바둑이와 겨울아이다.\n바둑이는 김완선 ‘이젠 잊기로 해요’를 선곡해 포근한 목소리로 무대를 달달하게 물들였다.\n겨울아이는 이적 ‘그대랑’을 선곡해 유니크한 음색으로 판정단의 이목을 집중시켰다.\n대결 결과 21 대 0으로 겨울아이가 승리해 3R에 진출했다.\n이어 복면을 벗은 바둑이의 정체는 브로콜리너마저 류지로 밝혀졌다.\n처음으로 멤버들 없이 혼자 선 무대라는 류지는 “외롭다. 멤버들이 보고 싶다. 항상 밴드로 무대에 올라오니 되게 쓸쓸하다. 그래도 멤버들이 오늘 매니저로 와줬다. 1라운드에서 이겼을 때 멤버들한테 큰소리쳤다. ‘이게 나야’라고 했다. 어떻게 수습해야 할지 모르겠다”라고 말해 웃음을 선사했다.\n출연 목표가 인디 밴드 신비감 없애기였다는 류지는 “인디 밴드 하면 방구석 이미지가 있지 않냐. 이렇게 밝은 자리에도 나와보고 싶었다. 지하에서 나가고 싶다. 비타민 D가 부족하다고 하더라”라고 유쾌하게 말했다.\n류지는 “연말에 온라인 공연 예정이다. 다른 건 없다”라고 간결하게 목표를 밝혔다.\n한편 MBC 예능프로그램 ‘복면가왕’은 매주 일요일 오후 6시 5분에 만나볼 수 있다.",
		"partNum": "P2",
		"useType": 0,
		"processType": "A",
		"processPattern": "99",
		"processLevel": "하",
		"sentenceCount": 11,
		"processSentencenum": 1,
		"sentenceInfo": [
			{
				"sentenceNo": 1,
				"sentenceContent": "‘복면가왕’ 바둑이의 정체는 브로콜리너마저 류지였다.",
				"sentenceSize": 29
			},
			{
				"sentenceNo": 2,
				"sentenceContent": "19일 오후 방송된 MBC 예능프로그램 ‘복면가왕’에서는 가왕 곰발바닥에 도전하는 복면 가수 4인의 무대가 꾸며졌다.",
				"sentenceSize": 65
			},
			{
				"sentenceNo": 3,
				"sentenceContent": "이날 2라운드 두 번째 대결은 바둑이와 겨울아이다.",
				"sentenceSize": 28
			},
			{
				"sentenceNo": 4,
				"sentenceContent": "바둑이는 김완선 ‘이젠 잊기로 해요’를 선곡해 포근한 목소리로 무대를 달달하게 물들였다.",
				"sentenceSize": 49
			},
			{
				"sentenceNo": 5,
				"sentenceContent": "겨울아이는 이적 ‘그대랑’을 선곡해 유니크한 음색으로 판정단의 이목을 집중시켰다.",
				"sentenceSize": 45
			},
			{
				"sentenceNo": 6,
				"sentenceContent": "대결 결과 21 대 0으로 겨울아이가 승리해 3R에 진출했다.",
				"sentenceSize": 34
			},
			{
				"sentenceNo": 7,
				"sentenceContent": "이어 복면을 벗은 바둑이의 정체는 브로콜리너마저 류지로 밝혀졌다.",
				"sentenceSize": 36
			},
			{
				"sentenceNo": 8,
				"sentenceContent": "처음으로 멤버들 없이 혼자 선 무대라는 류지는 “외롭다. 멤버들이 보고 싶다. 항상 밴드로 무대에 올라오니 되게 쓸쓸하다. 그래도 멤버들이 오늘 매니저로 와줬다. 1라운드에서 이겼을 때 멤버들한테 큰소리쳤다. ‘이게 나야’라고 했다. 어떻게 수습해야 할지 모르겠다”라고 말해 웃음을 선사했다.",
				"sentenceSize": 163
			},
			{
				"sentenceNo": 9,
				"sentenceContent": "출연 목표가 인디 밴드 신비감 없애기였다는 류지는 “인디 밴드 하면 방구석 이미지가 있지 않냐. 이렇게 밝은 자리에도 나와보고 싶었다. 지하에서 나가고 싶다. 비타민 D가 부족하다고 하더라”라고 유쾌하게 말했다.",
				"sentenceSize": 118
			},
			{
				"sentenceNo": 10,
				"sentenceContent": "류지는 “연말에 온라인 공연 예정이다. 다른 건 없다”라고 간결하게 목표를 밝혔다.",
				"sentenceSize": 46
			},
			{
				"sentenceNo": 11,
				"sentenceContent": "한편 MBC 예능프로그램 ‘복면가왕’은 매주 일요일 오후 6시 5분에 만나볼 수 있다.",
				"sentenceSize": 48
			}
		]
	},
	"labeledDataInfo": {
		"processSentenceInfo": [
			{
				"sentenceNo": 1,
				"sentenceContent": "‘복면가왕’ 바둑이의 정체는 브로콜리너마저 류지였다.",
				"subjectConsistencyYn": "Y"
			},
			{
				"sentenceNo": 2,
				"sentenceContent": "19일 오후 방송된 MBC 예능프로그램 ‘복면가왕’에서는 가왕 곰발바닥에 도전하는 복면 가수 4인의 무대가 꾸며졌다.",
				"subjectConsistencyYn": "Y"
			},
			{
				"sentenceNo": 3,
				"sentenceContent": "이날 2라운드 두 번째 대결은 바둑이와 겨울아이다.",
				"subjectConsistencyYn": "Y"
			},
			{
				"sentenceNo": 4,
				"sentenceContent": "바둑이는 김완선 ‘이젠 잊기로 해요’를 선곡해 포근한 목소리로 무대를 달달하게 물들였다.",
				"subjectConsistencyYn": "Y"
			},
			{
				"sentenceNo": 5,
				"sentenceContent": "겨울아이는 이적 ‘그대랑’을 선곡해 유니크한 음색으로 판정단의 이목을 집중시켰다.",
				"subjectConsistencyYn": "Y"
			},
			{
				"sentenceNo": 6,
				"sentenceContent": "대결 결과 21 대 0으로 겨울아이가 승리해 3R에 진출했다.",
				"subjectConsistencyYn": "Y"
			},
			{
				"sentenceNo": 7,
				"sentenceContent": "이어 복면을 벗은 바둑이의 정체는 브로콜리너마저 류지로 밝혀졌다.",
				"subjectConsistencyYn": "Y"
			},
			{
				"sentenceNo": 8,
				"sentenceContent": "처음으로 멤버들 없이 혼자 선 무대라는 류지는 “외롭다. 멤버들이 보고 싶다. 항상 밴드로 무대에 올라오니 되게 쓸쓸하다. 그래도 멤버들이 오늘 매니저로 와줬다. 1라운드에서 이겼을 때 멤버들한테 큰소리쳤다. ‘이게 나야’라고 했다. 어떻게 수습해야 할지 모르겠다”라고 말해 웃음을 선사했다.",
				"subjectConsistencyYn": "Y"
			},
			{
				"sentenceNo": 9,
				"sentenceContent": "출연 목표가 인디 밴드 신비감 없애기였다는 류지는 “인디 밴드 하면 방구석 이미지가 있지 않냐. 이렇게 밝은 자리에도 나와보고 싶었다. 지하에서 나가고 싶다. 비타민 D가 부족하다고 하더라”라고 유쾌하게 말했다.",
				"subjectConsistencyYn": "Y"
			},
			{
				"sentenceNo": 10,
				"sentenceContent": "류지는 “연말에 온라인 공연 예정이다. 다른 건 없다”라고 간결하게 목표를 밝혔다.",
				"subjectConsistencyYn": "Y"
			},
			{
				"sentenceNo": 11,
				"sentenceContent": "허이재는 2011년 7살 연상 남편 이승우와 결혼해 그 해 득남했다.",
				"subjectConsistencyYn": "N"
			},
			{
				"sentenceNo": 12,
				"sentenceContent": "이승우는 2005년 일본에서 밴드 저스트 필로 활동했으며 국내에서는 2009년 싱글 앨범 '프리즘 오브 아시아'를 발표한 그룹 에이프리즘의 전 멤버기도 하다. '허이재' 온라인 중앙일보 [사진 중앙포토]",
				"subjectConsistencyYn": "N"
			}
		],
		"clickbaitClass": 0
	}
}