{
	"sourceDataInfo": {
		"newsID": "ET_M13_490411",
		"newsCategory": "연예",
		"newsSubcategory": "방송",
		"newsTitle": "‘나혼산’ 경수진, 강태공 된 ‘경반장’",
		"newsSubTitle": "",
		"newsContent": "우럭과 광어를 낚기 위한 고군분투를 펼쳤다고 해 기대를 모은다.\n오는 17일 밤 11시 10분에 방송되는 MBC ‘나 혼자 산다’(연출 허항 김지우)에서는 바다낚시를 떠난 경수진의 모습이 공개된다.\n경수진은 동이 트기도 전에 서해바다를 찾아 궁금증을 유발한다.\n경수진은 “요즘 바다낚시에 빠졌다. 손맛을 알게 되었다”며 새로운 취미를 공개해 놀라움을 자아낸다.\n경수진은 ‘나혼산’을 통해 수준급 시공 실력으로 ‘경반장’ 애칭을 얻고, 막걸리 제조, 테니스 등 각종 취미를 섭렵하며 금손 매력을 뽐낸 터. 과연 낚시왕 ‘경프로’ 타이틀까지 꿰찰 수 있을지 기대를 모은다.\n경수진은 바다낚시를 향한 자신감으로 똘똘 뭉쳐 시선을 강탈한다.\n특히 “광어 6자까지 잡아봤다”, “첫 캐스팅에 물고기 낚는 게 바로 저예요”라며 남다른 어복을 자랑한 가운데, 이날은 특별한 손님을 위해 실한 우럭과 광어를 잡아 오겠다는 포부를 드러냈다.\n경수진은 “저는 광어를 잡고 싶어요. 특별한 손님에게 쫄깃한 그 맛을 보여주고 싶어요”라며 광어를 향한 집착을 불태우며 바다낚시에 나선다.\n그러나 도착하자마자 마주한 것은 청천벽력 같은 뻘물 소식이었다.\n경수진이 바다낚시의 악조건으로 꼽히는 뻘물을 이겨내고 짜릿한 손맛을 보여줄 수 있을지 긴장감을 자아낸다.\n정예 멤버들이 한데 모여 출항한 가운데, 낚시 포인트에 도착하자마자 경수진이 첫 입질 소식과 함께 “오 히트! 히트!”를 외치며 바다 위를 후끈 달아오르게 만들었다고 전해진다.\n초반부터 ‘나혼산’ 공식 금손, 경수진 다운 활약을 펼친 가운데, 성공적인 ‘첫 끗발’이 과연 끝까지 이어질 수 있을지 본 방송을 더욱 기다려지게 만든다.\n경수진은 “딱 한 마리만 잡으면 드라마가 완성될 것 같은데요”라고 비장함을 뽐냈지만, 곧이어 영혼이 로그아웃된 모습이 포착돼 폭소를 자아낸다.\n경수진을 지치게 만든 것은 꿈에 그리던 대물 광어와 벌인 사투 일지, 뻘물이 가져다준 감감무소식 일지 궁금증을 한껏 끌어올린다.\n낚시왕 ‘경프로’ 경수진의 바다낚시 결과는 오는 17일 밤 11시 10분 방송되는 ‘나 혼자 산다’를 통해 확인할 수 있다.",
		"partNum": "P2",
		"useType": 0,
		"processType": "A",
		"processPattern": "99",
		"processLevel": "하",
		"sentenceCount": 15,
		"processSentencenum": 3,
		"sentenceInfo": [
			{
				"sentenceNo": 1,
				"sentenceContent": "우럭과 광어를 낚기 위한 고군분투를 펼쳤다고 해 기대를 모은다.",
				"sentenceSize": 35
			},
			{
				"sentenceNo": 2,
				"sentenceContent": "오는 17일 밤 11시 10분에 방송되는 MBC ‘나 혼자 산다’(연출 허항 김지우)에서는 바다낚시를 떠난 경수진의 모습이 공개된다.",
				"sentenceSize": 74
			},
			{
				"sentenceNo": 3,
				"sentenceContent": "경수진은 동이 트기도 전에 서해바다를 찾아 궁금증을 유발한다.",
				"sentenceSize": 34
			},
			{
				"sentenceNo": 4,
				"sentenceContent": "경수진은 “요즘 바다낚시에 빠졌다. 손맛을 알게 되었다”며 새로운 취미를 공개해 놀라움을 자아낸다.",
				"sentenceSize": 55
			},
			{
				"sentenceNo": 5,
				"sentenceContent": "경수진은 ‘나혼산’을 통해 수준급 시공 실력으로 ‘경반장’ 애칭을 얻고, 막걸리 제조, 테니스 등 각종 취미를 섭렵하며 금손 매력을 뽐낸 터. 과연 낚시왕 ‘경프로’ 타이틀까지 꿰찰 수 있을지 기대를 모은다.",
				"sentenceSize": 116
			},
			{
				"sentenceNo": 6,
				"sentenceContent": "경수진은 바다낚시를 향한 자신감으로 똘똘 뭉쳐 시선을 강탈한다.",
				"sentenceSize": 35
			},
			{
				"sentenceNo": 7,
				"sentenceContent": "특히 “광어 6자까지 잡아봤다”, “첫 캐스팅에 물고기 낚는 게 바로 저예요”라며 남다른 어복을 자랑한 가운데, 이날은 특별한 손님을 위해 실한 우럭과 광어를 잡아 오겠다는 포부를 드러냈다.",
				"sentenceSize": 106
			},
			{
				"sentenceNo": 8,
				"sentenceContent": "경수진은 “저는 광어를 잡고 싶어요. 특별한 손님에게 쫄깃한 그 맛을 보여주고 싶어요”라며 광어를 향한 집착을 불태우며 바다낚시에 나선다.",
				"sentenceSize": 77
			},
			{
				"sentenceNo": 9,
				"sentenceContent": "그러나 도착하자마자 마주한 것은 청천벽력 같은 뻘물 소식이었다.",
				"sentenceSize": 35
			},
			{
				"sentenceNo": 10,
				"sentenceContent": "경수진이 바다낚시의 악조건으로 꼽히는 뻘물을 이겨내고 짜릿한 손맛을 보여줄 수 있을지 긴장감을 자아낸다.",
				"sentenceSize": 58
			},
			{
				"sentenceNo": 11,
				"sentenceContent": "정예 멤버들이 한데 모여 출항한 가운데, 낚시 포인트에 도착하자마자 경수진이 첫 입질 소식과 함께 “오 히트! 히트!”를 외치며 바다 위를 후끈 달아오르게 만들었다고 전해진다.",
				"sentenceSize": 98
			},
			{
				"sentenceNo": 12,
				"sentenceContent": "초반부터 ‘나혼산’ 공식 금손, 경수진 다운 활약을 펼친 가운데, 성공적인 ‘첫 끗발’이 과연 끝까지 이어질 수 있을지 본 방송을 더욱 기다려지게 만든다.",
				"sentenceSize": 86
			},
			{
				"sentenceNo": 13,
				"sentenceContent": "경수진은 “딱 한 마리만 잡으면 드라마가 완성될 것 같은데요”라고 비장함을 뽐냈지만, 곧이어 영혼이 로그아웃된 모습이 포착돼 폭소를 자아낸다.",
				"sentenceSize": 79
			},
			{
				"sentenceNo": 14,
				"sentenceContent": "경수진을 지치게 만든 것은 꿈에 그리던 대물 광어와 벌인 사투 일지, 뻘물이 가져다준 감감무소식 일지 궁금증을 한껏 끌어올린다.",
				"sentenceSize": 71
			},
			{
				"sentenceNo": 15,
				"sentenceContent": "낚시왕 ‘경프로’ 경수진의 바다낚시 결과는 오는 17일 밤 11시 10분 방송되는 ‘나 혼자 산다’를 통해 확인할 수 있다.",
				"sentenceSize": 69
			}
		]
	},
	"labeledDataInfo": {
		"processSentenceInfo": [
			{
				"sentenceNo": 1,
				"sentenceContent": "우럭과 광어를 낚기 위한 고군분투를 펼쳤다고 해 기대를 모은다.",
				"subjectConsistencyYn": "Y"
			},
			{
				"sentenceNo": 2,
				"sentenceContent": "오는 17일 밤 11시 10분에 방송되는 MBC ‘나 혼자 산다’(연출 허항 김지우)에서는 바다낚시를 떠난 경수진의 모습이 공개된다.",
				"subjectConsistencyYn": "Y"
			},
			{
				"sentenceNo": 3,
				"sentenceContent": "경수진은 동이 트기도 전에 서해바다를 찾아 궁금증을 유발한다.",
				"subjectConsistencyYn": "Y"
			},
			{
				"sentenceNo": 4,
				"sentenceContent": "경수진은 “요즘 바다낚시에 빠졌다. 손맛을 알게 되었다”며 새로운 취미를 공개해 놀라움을 자아낸다.",
				"subjectConsistencyYn": "Y"
			},
			{
				"sentenceNo": 5,
				"sentenceContent": "경수진은 ‘나혼산’을 통해 수준급 시공 실력으로 ‘경반장’ 애칭을 얻고, 막걸리 제조, 테니스 등 각종 취미를 섭렵하며 금손 매력을 뽐낸 터. 과연 낚시왕 ‘경프로’ 타이틀까지 꿰찰 수 있을지 기대를 모은다.",
				"subjectConsistencyYn": "Y"
			},
			{
				"sentenceNo": 6,
				"sentenceContent": "경수진은 바다낚시를 향한 자신감으로 똘똘 뭉쳐 시선을 강탈한다.",
				"subjectConsistencyYn": "Y"
			},
			{
				"sentenceNo": 7,
				"sentenceContent": "특히 “광어 6자까지 잡아봤다”, “첫 캐스팅에 물고기 낚는 게 바로 저예요”라며 남다른 어복을 자랑한 가운데, 이날은 특별한 손님을 위해 실한 우럭과 광어를 잡아 오겠다는 포부를 드러냈다.",
				"subjectConsistencyYn": "Y"
			},
			{
				"sentenceNo": 8,
				"sentenceContent": "경수진은 “저는 광어를 잡고 싶어요. 특별한 손님에게 쫄깃한 그 맛을 보여주고 싶어요”라며 광어를 향한 집착을 불태우며 바다낚시에 나선다.",
				"subjectConsistencyYn": "Y"
			},
			{
				"sentenceNo": 9,
				"sentenceContent": "그러나 도착하자마자 마주한 것은 청천벽력 같은 뻘물 소식이었다.",
				"subjectConsistencyYn": "Y"
			},
			{
				"sentenceNo": 10,
				"sentenceContent": "경수진이 바다낚시의 악조건으로 꼽히는 뻘물을 이겨내고 짜릿한 손맛을 보여줄 수 있을지 긴장감을 자아낸다.",
				"subjectConsistencyYn": "Y"
			},
			{
				"sentenceNo": 11,
				"sentenceContent": "정예 멤버들이 한데 모여 출항한 가운데, 낚시 포인트에 도착하자마자 경수진이 첫 입질 소식과 함께 “오 히트! 히트!”를 외치며 바다 위를 후끈 달아오르게 만들었다고 전해진다.",
				"subjectConsistencyYn": "Y"
			},
			{
				"sentenceNo": 12,
				"sentenceContent": "초반부터 ‘나혼산’ 공식 금손, 경수진 다운 활약을 펼친 가운데, 성공적인 ‘첫 끗발’이 과연 끝까지 이어질 수 있을지 본 방송을 더욱 기다려지게 만든다.",
				"subjectConsistencyYn": "Y"
			},
			{
				"sentenceNo": 13,
				"sentenceContent": "밥을 먹거나 먹지 않고 무대에 올랐다는 두 사람의 말에 이영현은 “난 공복 상태에서는 노래를 못 한다. 공복은 연기를 해도 숨길 수가 없다”고 덧붙여 웃음을 자아냈다.",
				"subjectConsistencyYn": "N"
			}
		],
		"clickbaitClass": 0
	}
}