{
	"sourceDataInfo": {
		"newsID": "ET_M13_490349",
		"newsCategory": "연예",
		"newsSubcategory": "음악",
		"newsTitle": "오마이걸, 유니버스와 ‘Shark’ 발매[공식]",
		"newsSubTitle": "",
		"newsContent": "유니버스가 그룹 오마이걸(OH MY GIRL)과 함께 특급 시너지를 선보인다.\n15일 글로벌 팬덤 플랫폼 유니버스(UNIVERSE) 측은 “오는 23일 유니버스 뮤직에서 선보이는 오마이걸의 신곡 ‘Shark’(샤크) 발매를 확정 지었다”고 밝혔다.\n이와 함께 지난 14일 유니버스 앱과 사회적관계망서비스(SNS)를 통해 ‘Shark’ 커버와 스케줄러 이미지를 선보였다.\n커버 이미지에는 여유로운 티타임을 즐기는 오마이걸의 모습이 담겨 있어 신곡에 대한 궁금증을 높인다.\n함께 공개된 스케줄러에 따르면 유니버스 뮤직은 오는 16일 콘셉트 포토 공개를 시작으로 19일 첫 번째 뮤직비디오 티저 ‘The Ball ver’, 21일 두 번째 뮤직비디오 티저 ‘The Door ver’까지 순차적으로 선보일 예정이다.\n오마이걸은 앞서 유니버스 오리지널스 ‘Otlantis Kingdom : New Era’(오틀란티스 킹덤 : 뉴 에라), ‘SSAP-DANCE’(쌉-댄스), ‘기생충 Challenge 오마이걸’ 등의 자체 제작 콘텐츠에 참여하며 팔색조 매력을 드러낸 바 있다.\n이어 이번 신곡 ‘Shark’를 통해 전 세계 K팝 팬들을 사로잡은 유니버스 뮤직과 폭넓은 음악적 스펙트럼을 가진 오마이걸이 만나 색다른 변신을 선사할 것으로 기대를 모은다.\n유니버스 뮤직은 지난 1월 IZ*ONE(아이즈원) ‘D-D-DANCE’, 2월 조수미·비 ‘수호신(Guardians)’, 3월 박지훈 ‘Call U Up(Feat. 이하이)’, 4월 (여자)아이들 ‘Last Dance(Prod. GroovyRoom)’, 5월 강다니엘 ‘Outerspace(Feat. 로꼬)’, AB6IX ‘GEMINI’, 7월 CIX ‘TESSERACT(Prod. 후이, Minit)’, 더보이즈(THE BOYZ) ‘Drink It’, 몬스타엑스(MONSTA X) ‘KISS OR DEATH’, 9월 아스트로(ASTRO) ‘ALIVE’, 우주소녀 ‘너의 세계로(Let Me In)’, 10월 위아이(WEi) ‘반 고흐의 밤(Starry Night)(prod. dress)’, 11월 드리핀(DRIPPIN) ‘VERTIGO’ 등 완성도 높은 음원과 화려한 뮤직비디오를 공개하며 호평받았다.\n한편 오마이걸의 신곡 ‘Shark’는 오는 23일 오후 6시 각종 온라인 음원 사이트를 통해 발매된다.",
		"partNum": "P2",
		"useType": 0,
		"processType": "A",
		"processPattern": "99",
		"processLevel": "하",
		"sentenceCount": 9,
		"processSentencenum": 2,
		"sentenceInfo": [
			{
				"sentenceNo": 1,
				"sentenceContent": "유니버스가 그룹 오마이걸(OH MY GIRL)과 함께 특급 시너지를 선보인다.",
				"sentenceSize": 43
			},
			{
				"sentenceNo": 2,
				"sentenceContent": "15일 글로벌 팬덤 플랫폼 유니버스(UNIVERSE) 측은 “오는 23일 유니버스 뮤직에서 선보이는 오마이걸의 신곡 ‘Shark’(샤크) 발매를 확정 지었다”고 밝혔다.",
				"sentenceSize": 94
			},
			{
				"sentenceNo": 3,
				"sentenceContent": "이와 함께 지난 14일 유니버스 앱과 사회적관계망서비스(SNS)를 통해 ‘Shark’ 커버와 스케줄러 이미지를 선보였다.",
				"sentenceSize": 67
			},
			{
				"sentenceNo": 4,
				"sentenceContent": "커버 이미지에는 여유로운 티타임을 즐기는 오마이걸의 모습이 담겨 있어 신곡에 대한 궁금증을 높인다.",
				"sentenceSize": 55
			},
			{
				"sentenceNo": 5,
				"sentenceContent": "함께 공개된 스케줄러에 따르면 유니버스 뮤직은 오는 16일 콘셉트 포토 공개를 시작으로 19일 첫 번째 뮤직비디오 티저 ‘The Ball ver’, 21일 두 번째 뮤직비디오 티저 ‘The Door ver’까지 순차적으로 선보일 예정이다.",
				"sentenceSize": 133
			},
			{
				"sentenceNo": 6,
				"sentenceContent": "오마이걸은 앞서 유니버스 오리지널스 ‘Otlantis Kingdom : New Era’(오틀란티스 킹덤 : 뉴 에라), ‘SSAP-DANCE’(쌉-댄스), ‘기생충 Challenge 오마이걸’ 등의 자체 제작 콘텐츠에 참여하며 팔색조 매력을 드러낸 바 있다.",
				"sentenceSize": 144
			},
			{
				"sentenceNo": 7,
				"sentenceContent": "이어 이번 신곡 ‘Shark’를 통해 전 세계 K팝 팬들을 사로잡은 유니버스 뮤직과 폭넓은 음악적 스펙트럼을 가진 오마이걸이 만나 색다른 변신을 선사할 것으로 기대를 모은다.",
				"sentenceSize": 97
			},
			{
				"sentenceNo": 8,
				"sentenceContent": "유니버스 뮤직은 지난 1월 IZ*ONE(아이즈원) ‘D-D-DANCE’, 2월 조수미·비 ‘수호신(Guardians)’, 3월 박지훈 ‘Call U Up(Feat. 이하이)’, 4월 (여자)아이들 ‘Last Dance(Prod. GroovyRoom)’, 5월 강다니엘 ‘Outerspace(Feat. 로꼬)’, AB6IX ‘GEMINI’, 7월 CIX ‘TESSERACT(Prod. 후이, Minit)’, 더보이즈(THE BOYZ) ‘Drink It’, 몬스타엑스(MONSTA X) ‘KISS OR DEATH’, 9월 아스트로(ASTRO) ‘ALIVE’, 우주소녀 ‘너의 세계로(Let Me In)’, 10월 위아이(WEi) ‘반 고흐의 밤(Starry Night)(prod. dress)’, 11월 드리핀(DRIPPIN) ‘VERTIGO’ 등 완성도 높은 음원과 화려한 뮤직비디오를 공개하며 호평받았다.",
				"sentenceSize": 450
			},
			{
				"sentenceNo": 9,
				"sentenceContent": "한편 오마이걸의 신곡 ‘Shark’는 오는 23일 오후 6시 각종 온라인 음원 사이트를 통해 발매된다.",
				"sentenceSize": 57
			}
		]
	},
	"labeledDataInfo": {
		"processSentenceInfo": [
			{
				"sentenceNo": 1,
				"sentenceContent": "유니버스가 그룹 오마이걸(OH MY GIRL)과 함께 특급 시너지를 선보인다.",
				"subjectConsistencyYn": "Y"
			},
			{
				"sentenceNo": 2,
				"sentenceContent": "15일 글로벌 팬덤 플랫폼 유니버스(UNIVERSE) 측은 “오는 23일 유니버스 뮤직에서 선보이는 오마이걸의 신곡 ‘Shark’(샤크) 발매를 확정 지었다”고 밝혔다.",
				"subjectConsistencyYn": "Y"
			},
			{
				"sentenceNo": 3,
				"sentenceContent": "이와 함께 지난 14일 유니버스 앱과 사회적관계망서비스(SNS)를 통해 ‘Shark’ 커버와 스케줄러 이미지를 선보였다.",
				"subjectConsistencyYn": "Y"
			},
			{
				"sentenceNo": 4,
				"sentenceContent": "커버 이미지에는 여유로운 티타임을 즐기는 오마이걸의 모습이 담겨 있어 신곡에 대한 궁금증을 높인다.",
				"subjectConsistencyYn": "Y"
			},
			{
				"sentenceNo": 5,
				"sentenceContent": "함께 공개된 스케줄러에 따르면 유니버스 뮤직은 오는 16일 콘셉트 포토 공개를 시작으로 19일 첫 번째 뮤직비디오 티저 ‘The Ball ver’, 21일 두 번째 뮤직비디오 티저 ‘The Door ver’까지 순차적으로 선보일 예정이다.",
				"subjectConsistencyYn": "Y"
			},
			{
				"sentenceNo": 6,
				"sentenceContent": "오마이걸은 앞서 유니버스 오리지널스 ‘Otlantis Kingdom : New Era’(오틀란티스 킹덤 : 뉴 에라), ‘SSAP-DANCE’(쌉-댄스), ‘기생충 Challenge 오마이걸’ 등의 자체 제작 콘텐츠에 참여하며 팔색조 매력을 드러낸 바 있다.",
				"subjectConsistencyYn": "Y"
			},
			{
				"sentenceNo": 7,
				"sentenceContent": "이어 이번 신곡 ‘Shark’를 통해 전 세계 K팝 팬들을 사로잡은 유니버스 뮤직과 폭넓은 음악적 스펙트럼을 가진 오마이걸이 만나 색다른 변신을 선사할 것으로 기대를 모은다.",
				"subjectConsistencyYn": "Y"
			},
			{
				"sentenceNo": 8,
				"sentenceContent": "심형탁은 방송을 통해 남다른 도라에몽 사랑이 꾸준이 화제가 되면서 최근 도라에몽 극장판 더빙을 맡은 바 있다.",
				"subjectConsistencyYn": "N"
			},
			{
				"sentenceNo": 9,
				"sentenceContent": "한편 심형탁은 이러한 인기를 입증하듯 최근 각종 예능에 출연하며 예능감을 뽐내고 있다.",
				"subjectConsistencyYn": "N"
			},
			{
				"sentenceNo": 10,
				"sentenceContent": "심형탁 도라에몽 온라인 중앙일보 심형탁 도라에몽 [심형탁 사진 = MBC라디오 트위터]",
				"subjectConsistencyYn": "N"
			}
		],
		"clickbaitClass": 0
	}
}