{
	"sourceDataInfo": {
		"newsID": "ET_M13_490396",
		"newsCategory": "연예",
		"newsSubcategory": "방송",
		"newsTitle": "‘유퀴즈’ 원주연 “매운 볶음면 개발...닭 1200마리 먹어”",
		"newsSubTitle": "",
		"newsContent": "‘유 퀴즈 온 더 블럭’ 원주연 팀장이 매운 볶음면 개발 에피소드를 전했다.\n15일 오후 방송된 tvN ‘유 퀴즈 온 더 블럭’에서는 ‘나도 모르게’ 특집으로 매운 볶음면 개발자 원주연 팀장이 출연했다.\n이날 누적 판매량 30억 개 매운 볶음면 개발자 원주연 팀장이 출연했다.\n계속된 섭외 요청에 2년 만에 출연한 그는 “주목받는 걸 싫어하기도 하고 가장 큰 건 부담감이다”라고 밝혔다.\n그런데도 출연한 이유는 떠밀려 나왔다고 말해 웃음을 자아냈다.\n매운 액상 수프 출시는 2012년 4월에 출시돼 내년 10주년이 된다.\n누적 판매량이 30억 개라는 그는 “지금 상반기에 봤을 때 10명 중 4명 정도 먹었다. 볶음면 판매된 길이를 봤을 때 지구와 달을 101번 왕복할 수 있는 길이라고 하더라”라고 말해 놀라움을 자아냈다.\n매운맛이 해외에서 인기를 끌게 된 이유로 원주연 팀장은 “먹방 방송을 하면서 붐이 일어나기 시작했다. 해외 분들은 매운맛에 익숙하지 않다. 그런데 먹방 챌린지가 유행했다”라고 밝혔다.\n그는 “2010년 매운 음식인 불막창, 매운 닭갈비 등이 유행하고 있었다. 춘천과 가까운 원주 연구소가 있는데 지역 맛있는 음식을 활용해보자 싶었다. 닭갈비를 먹고 거기에 사리를 볶아 먹는다. 그러면 닭갈비 볶음면을 하면 어떤가 싶어 시작했다. 사장님이 명동에 갔더니 불닭을 불을 서서 먹더라며 개발해 보는 게 어떻냐고 아이디어를 주셔서 방향을 조정했다”라고 전했다.\n소스 개발하는 데 우여곡절을 겪었다는 원주연 팀장은 “많은 맛집을 다녔다. 불닭, 불닭발 집들을 다녔고 사장님이 직접 택배로 보내주기도 했다. 개발하면서 닭을 1,200마리 정도 먹은 것 같다. 개발이 완료되기까지 소스는 2t 정도. 너무 많이 먹다 보니 연구원 중에는 닭 소리만 해도 헛구역질하고 좋아하던 치킨도 당분간 먹지 않았다. 위장약도 달고 살았다”라고 당시를 회상했다.\n또한 그는 매운 볶음면을 출근해서부터 퇴근할 때까지 먹었다고 말해 웃음을 안겼다.\n제품 출시 후 반응으로 원주연 팀장은 “처음부터 반응이 좋지 않았다. 서서히 시작해서 시기를 좀 잘 탔던 것도 한몫한 것 같다. 그때도 매운 음식이 인기가 있었고 ‘나 혼자 산다’에서 이성재 씨가 매운 볶음면, 삼각김밥, 스트링 치즈를 함께 먹는 것이 방영되면서 인기를 얻었다”라고 답했다.\n한편 ‘유 퀴즈 온 더 블럭’은 매주 수요일 오후 8시 40분 tvN에서 방송된다.",
		"partNum": "P2",
		"useType": 0,
		"processType": "A",
		"processPattern": "99",
		"processLevel": "하",
		"sentenceCount": 13,
		"processSentencenum": 1,
		"sentenceInfo": [
			{
				"sentenceNo": 1,
				"sentenceContent": "‘유 퀴즈 온 더 블럭’ 원주연 팀장이 매운 볶음면 개발 에피소드를 전했다.",
				"sentenceSize": 42
			},
			{
				"sentenceNo": 2,
				"sentenceContent": "15일 오후 방송된 tvN ‘유 퀴즈 온 더 블럭’에서는 ‘나도 모르게’ 특집으로 매운 볶음면 개발자 원주연 팀장이 출연했다.",
				"sentenceSize": 70
			},
			{
				"sentenceNo": 3,
				"sentenceContent": "이날 누적 판매량 30억 개 매운 볶음면 개발자 원주연 팀장이 출연했다.",
				"sentenceSize": 40
			},
			{
				"sentenceNo": 4,
				"sentenceContent": "계속된 섭외 요청에 2년 만에 출연한 그는 “주목받는 걸 싫어하기도 하고 가장 큰 건 부담감이다”라고 밝혔다.",
				"sentenceSize": 61
			},
			{
				"sentenceNo": 5,
				"sentenceContent": "그런데도 출연한 이유는 떠밀려 나왔다고 말해 웃음을 자아냈다.",
				"sentenceSize": 34
			},
			{
				"sentenceNo": 6,
				"sentenceContent": "매운 액상 수프 출시는 2012년 4월에 출시돼 내년 10주년이 된다.",
				"sentenceSize": 39
			},
			{
				"sentenceNo": 7,
				"sentenceContent": "누적 판매량이 30억 개라는 그는 “지금 상반기에 봤을 때 10명 중 4명 정도 먹었다. 볶음면 판매된 길이를 봤을 때 지구와 달을 101번 왕복할 수 있는 길이라고 하더라”라고 말해 놀라움을 자아냈다.",
				"sentenceSize": 113
			},
			{
				"sentenceNo": 8,
				"sentenceContent": "매운맛이 해외에서 인기를 끌게 된 이유로 원주연 팀장은 “먹방 방송을 하면서 붐이 일어나기 시작했다. 해외 분들은 매운맛에 익숙하지 않다. 그런데 먹방 챌린지가 유행했다”라고 밝혔다.",
				"sentenceSize": 102
			},
			{
				"sentenceNo": 9,
				"sentenceContent": "그는 “2010년 매운 음식인 불막창, 매운 닭갈비 등이 유행하고 있었다. 춘천과 가까운 원주 연구소가 있는데 지역 맛있는 음식을 활용해보자 싶었다. 닭갈비를 먹고 거기에 사리를 볶아 먹는다. 그러면 닭갈비 볶음면을 하면 어떤가 싶어 시작했다. 사장님이 명동에 갔더니 불닭을 불을 서서 먹더라며 개발해 보는 게 어떻냐고 아이디어를 주셔서 방향을 조정했다”라고 전했다.",
				"sentenceSize": 205
			},
			{
				"sentenceNo": 10,
				"sentenceContent": "소스 개발하는 데 우여곡절을 겪었다는 원주연 팀장은 “많은 맛집을 다녔다. 불닭, 불닭발 집들을 다녔고 사장님이 직접 택배로 보내주기도 했다. 개발하면서 닭을 1,200마리 정도 먹은 것 같다. 개발이 완료되기까지 소스는 2t 정도. 너무 많이 먹다 보니 연구원 중에는 닭 소리만 해도 헛구역질하고 좋아하던 치킨도 당분간 먹지 않았다. 위장약도 달고 살았다”라고 당시를 회상했다.",
				"sentenceSize": 212
			},
			{
				"sentenceNo": 11,
				"sentenceContent": "또한 그는 매운 볶음면을 출근해서부터 퇴근할 때까지 먹었다고 말해 웃음을 안겼다.",
				"sentenceSize": 45
			},
			{
				"sentenceNo": 12,
				"sentenceContent": "제품 출시 후 반응으로 원주연 팀장은 “처음부터 반응이 좋지 않았다. 서서히 시작해서 시기를 좀 잘 탔던 것도 한몫한 것 같다. 그때도 매운 음식이 인기가 있었고 ‘나 혼자 산다’에서 이성재 씨가 매운 볶음면, 삼각김밥, 스트링 치즈를 함께 먹는 것이 방영되면서 인기를 얻었다”라고 답했다.",
				"sentenceSize": 162
			},
			{
				"sentenceNo": 13,
				"sentenceContent": "한편 ‘유 퀴즈 온 더 블럭’은 매주 수요일 오후 8시 40분 tvN에서 방송된다.",
				"sentenceSize": 46
			}
		]
	},
	"labeledDataInfo": {
		"processSentenceInfo": [
			{
				"sentenceNo": 1,
				"sentenceContent": "‘유 퀴즈 온 더 블럭’ 원주연 팀장이 매운 볶음면 개발 에피소드를 전했다.",
				"subjectConsistencyYn": "Y"
			},
			{
				"sentenceNo": 2,
				"sentenceContent": "15일 오후 방송된 tvN ‘유 퀴즈 온 더 블럭’에서는 ‘나도 모르게’ 특집으로 매운 볶음면 개발자 원주연 팀장이 출연했다.",
				"subjectConsistencyYn": "Y"
			},
			{
				"sentenceNo": 3,
				"sentenceContent": "이날 누적 판매량 30억 개 매운 볶음면 개발자 원주연 팀장이 출연했다.",
				"subjectConsistencyYn": "Y"
			},
			{
				"sentenceNo": 4,
				"sentenceContent": "계속된 섭외 요청에 2년 만에 출연한 그는 “주목받는 걸 싫어하기도 하고 가장 큰 건 부담감이다”라고 밝혔다.",
				"subjectConsistencyYn": "Y"
			},
			{
				"sentenceNo": 5,
				"sentenceContent": "그런데도 출연한 이유는 떠밀려 나왔다고 말해 웃음을 자아냈다.",
				"subjectConsistencyYn": "Y"
			},
			{
				"sentenceNo": 6,
				"sentenceContent": "매운 액상 수프 출시는 2012년 4월에 출시돼 내년 10주년이 된다.",
				"subjectConsistencyYn": "Y"
			},
			{
				"sentenceNo": 7,
				"sentenceContent": "누적 판매량이 30억 개라는 그는 “지금 상반기에 봤을 때 10명 중 4명 정도 먹었다. 볶음면 판매된 길이를 봤을 때 지구와 달을 101번 왕복할 수 있는 길이라고 하더라”라고 말해 놀라움을 자아냈다.",
				"subjectConsistencyYn": "Y"
			},
			{
				"sentenceNo": 8,
				"sentenceContent": "매운맛이 해외에서 인기를 끌게 된 이유로 원주연 팀장은 “먹방 방송을 하면서 붐이 일어나기 시작했다. 해외 분들은 매운맛에 익숙하지 않다. 그런데 먹방 챌린지가 유행했다”라고 밝혔다.",
				"subjectConsistencyYn": "Y"
			},
			{
				"sentenceNo": 9,
				"sentenceContent": "그는 “2010년 매운 음식인 불막창, 매운 닭갈비 등이 유행하고 있었다. 춘천과 가까운 원주 연구소가 있는데 지역 맛있는 음식을 활용해보자 싶었다. 닭갈비를 먹고 거기에 사리를 볶아 먹는다. 그러면 닭갈비 볶음면을 하면 어떤가 싶어 시작했다. 사장님이 명동에 갔더니 불닭을 불을 서서 먹더라며 개발해 보는 게 어떻냐고 아이디어를 주셔서 방향을 조정했다”라고 전했다.",
				"subjectConsistencyYn": "Y"
			},
			{
				"sentenceNo": 10,
				"sentenceContent": "소스 개발하는 데 우여곡절을 겪었다는 원주연 팀장은 “많은 맛집을 다녔다. 불닭, 불닭발 집들을 다녔고 사장님이 직접 택배로 보내주기도 했다. 개발하면서 닭을 1,200마리 정도 먹은 것 같다. 개발이 완료되기까지 소스는 2t 정도. 너무 많이 먹다 보니 연구원 중에는 닭 소리만 해도 헛구역질하고 좋아하던 치킨도 당분간 먹지 않았다. 위장약도 달고 살았다”라고 당시를 회상했다.",
				"subjectConsistencyYn": "Y"
			},
			{
				"sentenceNo": 11,
				"sentenceContent": "또한 그는 매운 볶음면을 출근해서부터 퇴근할 때까지 먹었다고 말해 웃음을 안겼다.",
				"subjectConsistencyYn": "Y"
			},
			{
				"sentenceNo": 12,
				"sentenceContent": "제품 출시 후 반응으로 원주연 팀장은 “처음부터 반응이 좋지 않았다. 서서히 시작해서 시기를 좀 잘 탔던 것도 한몫한 것 같다. 그때도 매운 음식이 인기가 있었고 ‘나 혼자 산다’에서 이성재 씨가 매운 볶음면, 삼각김밥, 스트링 치즈를 함께 먹는 것이 방영되면서 인기를 얻었다”라고 답했다.",
				"subjectConsistencyYn": "Y"
			},
			{
				"sentenceNo": 13,
				"sentenceContent": "온라인 중앙일보 복면가왕 퉁키 [사진 MBC 복며가왕 방송화면 캡처]",
				"subjectConsistencyYn": "N"
			}
		],
		"clickbaitClass": 0
	}
}