{
	"sourceDataInfo": {
		"newsID": "ET_M13_490358",
		"newsCategory": "연예",
		"newsSubcategory": "음악",
		"newsTitle": "미스틱스토리, 20일 ‘미스틱 메이드’로 연말 장식",
		"newsSubTitle": "",
		"newsContent": "미스틱스토리가 네이버 NOW.(나우)와 손잡고 특별한 연말을 선사한다.\n미스틱스토리는 오는 20일 오후 8시 네이버 NOW.(나우)를 통해 연말 라이브 쇼 ‘미스틱 메이드’(MYSTIC MADE)를 약 120분간 생중계한다.\n이번 ‘미스틱 메이드’에는 윤종신, 조정치, 하림, 손태진, 민서, 루시(LUCY), 빌리(Billlie) 등 미스틱스토리 소속 뮤지션이 총출동한다.\n다양한 색깔을 지닌 아티스트이 각자의 대표곡은 물론 컬래버레이션 무대까지 선보일인다고 알려져 더욱 기대를 모은다.\n특히 ‘선배 라인’ 윤종신, 조정치, 하림이 ‘후배 라인’ 손태진, 민서, 루시, 빌리와 만나 어떤 호흡과 시너지를 발휘할지 궁금증이 더해진다.\n미스틱스토리는 올해 다방면으로 많은 활약을 펼쳤다.\n윤종신은 ‘월간 윤종신’과 예능 활동으로 큰 사랑을 받았으며, 조정치와 하림은 여러 방송을 통해 독보적인 존재감을 발휘했다.\n손태진은 지난달 첫 번째 EP ‘The Present ‘At The Time’을 발표하며 솔로 아티스트로서 입지를 굳혔으며, 민서는 가수, 배우, 작가로 활약하며 다재다능한 면모를 보였다. 올해 두 차례의 단독 콘서트로 전석 매진을 기록한 루시는 지난 7일 두 번째 EP ‘BLUE’를 발매한 뒤 열띤 반응을 얻고 있다.\n미스틱스토리의 첫 걸그룹 빌리는 비주얼, 음악, 실력 두루 갖춘 대세 신인으로 등극한 가운데 14일 신곡‘snowy night’를 발표하며 국내외 리스너들의 관심을 모았다.\n이처럼 미스틱스토리는 최고의 한 해를 보낸 소속 아티스트들과 함께 라이브 쇼를 펼치며 팬들에게 뜻깊은 시간을 선물할 예정이다.\n그동안 차별화된 기획과 독보적인 음악 색깔을 보여준 이들이‘미스틱 메이드’에선 어떤 무대를 공개할지 이목이 쏠린다.",
		"partNum": "P2",
		"useType": 0,
		"processType": "A",
		"processPattern": "99",
		"processLevel": "하",
		"sentenceCount": 11,
		"processSentencenum": 3,
		"sentenceInfo": [
			{
				"sentenceNo": 1,
				"sentenceContent": "미스틱스토리가 네이버 NOW.(나우)와 손잡고 특별한 연말을 선사한다.",
				"sentenceSize": 39
			},
			{
				"sentenceNo": 2,
				"sentenceContent": "미스틱스토리는 오는 20일 오후 8시 네이버 NOW.(나우)를 통해 연말 라이브 쇼 ‘미스틱 메이드’(MYSTIC MADE)를 약 120분간 생중계한다.",
				"sentenceSize": 85
			},
			{
				"sentenceNo": 3,
				"sentenceContent": "이번 ‘미스틱 메이드’에는 윤종신, 조정치, 하림, 손태진, 민서, 루시(LUCY), 빌리(Billlie) 등 미스틱스토리 소속 뮤지션이 총출동한다.",
				"sentenceSize": 83
			},
			{
				"sentenceNo": 4,
				"sentenceContent": "다양한 색깔을 지닌 아티스트이 각자의 대표곡은 물론 컬래버레이션 무대까지 선보일인다고 알려져 더욱 기대를 모은다.",
				"sentenceSize": 63
			},
			{
				"sentenceNo": 5,
				"sentenceContent": "특히 ‘선배 라인’ 윤종신, 조정치, 하림이 ‘후배 라인’ 손태진, 민서, 루시, 빌리와 만나 어떤 호흡과 시너지를 발휘할지 궁금증이 더해진다.",
				"sentenceSize": 80
			},
			{
				"sentenceNo": 6,
				"sentenceContent": "미스틱스토리는 올해 다방면으로 많은 활약을 펼쳤다.",
				"sentenceSize": 28
			},
			{
				"sentenceNo": 7,
				"sentenceContent": "윤종신은 ‘월간 윤종신’과 예능 활동으로 큰 사랑을 받았으며, 조정치와 하림은 여러 방송을 통해 독보적인 존재감을 발휘했다.",
				"sentenceSize": 69
			},
			{
				"sentenceNo": 8,
				"sentenceContent": "손태진은 지난달 첫 번째 EP ‘The Present ‘At The Time’을 발표하며 솔로 아티스트로서 입지를 굳혔으며, 민서는 가수, 배우, 작가로 활약하며 다재다능한 면모를 보였다. 올해 두 차례의 단독 콘서트로 전석 매진을 기록한 루시는 지난 7일 두 번째 EP ‘BLUE’를 발매한 뒤 열띤 반응을 얻고 있다.",
				"sentenceSize": 179
			},
			{
				"sentenceNo": 9,
				"sentenceContent": "미스틱스토리의 첫 걸그룹 빌리는 비주얼, 음악, 실력 두루 갖춘 대세 신인으로 등극한 가운데 14일 신곡‘snowy night’를 발표하며 국내외 리스너들의 관심을 모았다.",
				"sentenceSize": 96
			},
			{
				"sentenceNo": 10,
				"sentenceContent": "이처럼 미스틱스토리는 최고의 한 해를 보낸 소속 아티스트들과 함께 라이브 쇼를 펼치며 팬들에게 뜻깊은 시간을 선물할 예정이다.",
				"sentenceSize": 70
			},
			{
				"sentenceNo": 11,
				"sentenceContent": "그동안 차별화된 기획과 독보적인 음악 색깔을 보여준 이들이‘미스틱 메이드’에선 어떤 무대를 공개할지 이목이 쏠린다.",
				"sentenceSize": 64
			}
		]
	},
	"labeledDataInfo": {
		"processSentenceInfo": [
			{
				"sentenceNo": 1,
				"sentenceContent": "미스틱스토리가 네이버 NOW.(나우)와 손잡고 특별한 연말을 선사한다.",
				"subjectConsistencyYn": "Y"
			},
			{
				"sentenceNo": 2,
				"sentenceContent": "미스틱스토리는 오는 20일 오후 8시 네이버 NOW.(나우)를 통해 연말 라이브 쇼 ‘미스틱 메이드’(MYSTIC MADE)를 약 120분간 생중계한다.",
				"subjectConsistencyYn": "Y"
			},
			{
				"sentenceNo": 3,
				"sentenceContent": "이번 ‘미스틱 메이드’에는 윤종신, 조정치, 하림, 손태진, 민서, 루시(LUCY), 빌리(Billlie) 등 미스틱스토리 소속 뮤지션이 총출동한다.",
				"subjectConsistencyYn": "Y"
			},
			{
				"sentenceNo": 4,
				"sentenceContent": "다양한 색깔을 지닌 아티스트이 각자의 대표곡은 물론 컬래버레이션 무대까지 선보일인다고 알려져 더욱 기대를 모은다.",
				"subjectConsistencyYn": "Y"
			},
			{
				"sentenceNo": 5,
				"sentenceContent": "특히 ‘선배 라인’ 윤종신, 조정치, 하림이 ‘후배 라인’ 손태진, 민서, 루시, 빌리와 만나 어떤 호흡과 시너지를 발휘할지 궁금증이 더해진다.",
				"subjectConsistencyYn": "Y"
			},
			{
				"sentenceNo": 6,
				"sentenceContent": "미스틱스토리는 올해 다방면으로 많은 활약을 펼쳤다.",
				"subjectConsistencyYn": "Y"
			},
			{
				"sentenceNo": 7,
				"sentenceContent": "윤종신은 ‘월간 윤종신’과 예능 활동으로 큰 사랑을 받았으며, 조정치와 하림은 여러 방송을 통해 독보적인 존재감을 발휘했다.",
				"subjectConsistencyYn": "Y"
			},
			{
				"sentenceNo": 8,
				"sentenceContent": "손태진은 지난달 첫 번째 EP ‘The Present ‘At The Time’을 발표하며 솔로 아티스트로서 입지를 굳혔으며, 민서는 가수, 배우, 작가로 활약하며 다재다능한 면모를 보였다. 올해 두 차례의 단독 콘서트로 전석 매진을 기록한 루시는 지난 7일 두 번째 EP ‘BLUE’를 발매한 뒤 열띤 반응을 얻고 있다.",
				"subjectConsistencyYn": "Y"
			},
			{
				"sentenceNo": 9,
				"sentenceContent": "이 중 세 편은 VR 버전이 제작될 예정. ‘저스티스 리그’는 이 실험적인 행보에 힘을 싣는 흥행의 도화선이 될 수 있을까.",
				"subjectConsistencyYn": "N"
			},
			{
				"sentenceNo": 10,
				"sentenceContent": "참고로, ‘저스티스 리그’는 스나이더 감독의 전작들과 마찬가지로 35㎜ 필름으로 촬영됐다.",
				"subjectConsistencyYn": "N"
			},
			{
				"sentenceNo": 11,
				"sentenceContent": "다만, 주로 2.39:1의 화면 비율을 선호했던 그는 이번만큼은 와이드스크린 비율(1.85:1)을 택했다.",
				"subjectConsistencyYn": "N"
			},
			{
				"sentenceNo": 12,
				"sentenceContent": "더 장대한 액션 신을 선사하기 위해서다.",
				"subjectConsistencyYn": "N"
			},
			{
				"sentenceNo": 13,
				"sentenceContent": "그의 전략은 적중했을까. 11월 15일 극장가에서 직접 확인하시라.",
				"subjectConsistencyYn": "N"
			}
		],
		"clickbaitClass": 0
	}
}