{
	"sourceDataInfo": {
		"newsID": "ET_M13_490809",
		"newsCategory": "연예",
		"newsSubcategory": "방송",
		"newsTitle": "‘대한외국인’ 정다경 “신곡 제목은 ‘가라 그래’”",
		"newsSubTitle": "",
		"newsContent": "가수 정다경이 신곡을 최초 공개한다. 12월 22일 방송되는 MBC에브리원 ‘대한외국인’은 ‘브로맨스 세 친구들’ 특집으로 꾸려진다.\n중년의 브로맨스를 자랑하는 세 친구들 홍서범, 손범수, 권장덕 그리고 부팀장 정다경이 특별한 연말을 함께 한다. 2017년 싱글 ‘좋아요’로 데뷔한 정다경은 2019년 방송한 ‘미스트롯’에서 최종 4위에 올라 큰 사랑을 받았다.\n이후 드라마 ‘꽃길만 걸어요’, ‘누가 뭐래도’ 등의 OST에 참여하는 등 뛰어난 가창력으로 종횡무진 중이다.\n이날 MC 김용만이 그동안의 근황을 묻자 정다경은 “코로나19로 인해 비대면 공연을 많이 했다. 최근에는 ‘미스트롯’ 이후로 첫 싱글 앨범 ‘가라 그래’를 조영수 작곡가님과 준비 중이다”라며 반가운 근황을 밝힌다.\n이어 “트로트 느낌보다는 유로 댄스와 한국적인 느낌이 섞인 곡이다”라고 신곡을 설명하며 기대감을 높인다.\n뿐만 아니라 정다경은 내년 발매 예정인 신곡을 ‘대한외국인’에서 최초로 공개한다.\n이날 스튜디오를 꽉 채우는 고음으로 모두를 감탄케 했다.\n한편, 정다경은 송가인, 홍자, 김나희, 박성연과 함께 출연했던 ‘미스트롯 특집’에서 3단계 탈락한 뼈아픈 경험이 있다.\n이날 부팀장으로 재출격한 두 번째 퀴즈 도전에서는 우승을 거머쥘 수 있을지 기대를 모은다.\n정다경의 깜짝 신공 공개와 절치부심 도전한 두 번째 퀴즈 도전기는 12월 22일 수요일 저녁 8시 30분 MBC에브리원 ‘대한외국인’에서 방송된다.",
		"partNum": "P2",
		"useType": 0,
		"processType": "A",
		"processPattern": "99",
		"processLevel": "하",
		"sentenceCount": 10,
		"processSentencenum": 2,
		"sentenceInfo": [
			{
				"sentenceNo": 1,
				"sentenceContent": "가수 정다경이 신곡을 최초 공개한다. 12월 22일 방송되는 MBC에브리원 ‘대한외국인’은 ‘브로맨스 세 친구들’ 특집으로 꾸려진다.",
				"sentenceSize": 74
			},
			{
				"sentenceNo": 2,
				"sentenceContent": "중년의 브로맨스를 자랑하는 세 친구들 홍서범, 손범수, 권장덕 그리고 부팀장 정다경이 특별한 연말을 함께 한다. 2017년 싱글 ‘좋아요’로 데뷔한 정다경은 2019년 방송한 ‘미스트롯’에서 최종 4위에 올라 큰 사랑을 받았다.",
				"sentenceSize": 127
			},
			{
				"sentenceNo": 3,
				"sentenceContent": "이후 드라마 ‘꽃길만 걸어요’, ‘누가 뭐래도’ 등의 OST에 참여하는 등 뛰어난 가창력으로 종횡무진 중이다.",
				"sentenceSize": 61
			},
			{
				"sentenceNo": 4,
				"sentenceContent": "이날 MC 김용만이 그동안의 근황을 묻자 정다경은 “코로나19로 인해 비대면 공연을 많이 했다. 최근에는 ‘미스트롯’ 이후로 첫 싱글 앨범 ‘가라 그래’를 조영수 작곡가님과 준비 중이다”라며 반가운 근황을 밝힌다.",
				"sentenceSize": 119
			},
			{
				"sentenceNo": 5,
				"sentenceContent": "이어 “트로트 느낌보다는 유로 댄스와 한국적인 느낌이 섞인 곡이다”라고 신곡을 설명하며 기대감을 높인다.",
				"sentenceSize": 58
			},
			{
				"sentenceNo": 6,
				"sentenceContent": "뿐만 아니라 정다경은 내년 발매 예정인 신곡을 ‘대한외국인’에서 최초로 공개한다.",
				"sentenceSize": 45
			},
			{
				"sentenceNo": 7,
				"sentenceContent": "이날 스튜디오를 꽉 채우는 고음으로 모두를 감탄케 했다.",
				"sentenceSize": 31
			},
			{
				"sentenceNo": 8,
				"sentenceContent": "한편, 정다경은 송가인, 홍자, 김나희, 박성연과 함께 출연했던 ‘미스트롯 특집’에서 3단계 탈락한 뼈아픈 경험이 있다.",
				"sentenceSize": 67
			},
			{
				"sentenceNo": 9,
				"sentenceContent": "이날 부팀장으로 재출격한 두 번째 퀴즈 도전에서는 우승을 거머쥘 수 있을지 기대를 모은다.",
				"sentenceSize": 50
			},
			{
				"sentenceNo": 10,
				"sentenceContent": "정다경의 깜짝 신공 공개와 절치부심 도전한 두 번째 퀴즈 도전기는 12월 22일 수요일 저녁 8시 30분 MBC에브리원 ‘대한외국인’에서 방송된다.",
				"sentenceSize": 82
			}
		]
	},
	"labeledDataInfo": {
		"processSentenceInfo": [
			{
				"sentenceNo": 1,
				"sentenceContent": "가수 정다경이 신곡을 최초 공개한다. 12월 22일 방송되는 MBC에브리원 ‘대한외국인’은 ‘브로맨스 세 친구들’ 특집으로 꾸려진다.",
				"subjectConsistencyYn": "Y"
			},
			{
				"sentenceNo": 2,
				"sentenceContent": "중년의 브로맨스를 자랑하는 세 친구들 홍서범, 손범수, 권장덕 그리고 부팀장 정다경이 특별한 연말을 함께 한다. 2017년 싱글 ‘좋아요’로 데뷔한 정다경은 2019년 방송한 ‘미스트롯’에서 최종 4위에 올라 큰 사랑을 받았다.",
				"subjectConsistencyYn": "Y"
			},
			{
				"sentenceNo": 3,
				"sentenceContent": "이후 드라마 ‘꽃길만 걸어요’, ‘누가 뭐래도’ 등의 OST에 참여하는 등 뛰어난 가창력으로 종횡무진 중이다.",
				"subjectConsistencyYn": "Y"
			},
			{
				"sentenceNo": 4,
				"sentenceContent": "이날 MC 김용만이 그동안의 근황을 묻자 정다경은 “코로나19로 인해 비대면 공연을 많이 했다. 최근에는 ‘미스트롯’ 이후로 첫 싱글 앨범 ‘가라 그래’를 조영수 작곡가님과 준비 중이다”라며 반가운 근황을 밝힌다.",
				"subjectConsistencyYn": "Y"
			},
			{
				"sentenceNo": 5,
				"sentenceContent": "이어 “트로트 느낌보다는 유로 댄스와 한국적인 느낌이 섞인 곡이다”라고 신곡을 설명하며 기대감을 높인다.",
				"subjectConsistencyYn": "Y"
			},
			{
				"sentenceNo": 6,
				"sentenceContent": "뿐만 아니라 정다경은 내년 발매 예정인 신곡을 ‘대한외국인’에서 최초로 공개한다.",
				"subjectConsistencyYn": "Y"
			},
			{
				"sentenceNo": 7,
				"sentenceContent": "이날 스튜디오를 꽉 채우는 고음으로 모두를 감탄케 했다.",
				"subjectConsistencyYn": "Y"
			},
			{
				"sentenceNo": 8,
				"sentenceContent": "한편, 정다경은 송가인, 홍자, 김나희, 박성연과 함께 출연했던 ‘미스트롯 특집’에서 3단계 탈락한 뼈아픈 경험이 있다.",
				"subjectConsistencyYn": "Y"
			},
			{
				"sentenceNo": 9,
				"sentenceContent": "온라인 중앙일보 '복면가왕 화생방실 클레오파트라 김연우'",
				"subjectConsistencyYn": "N"
			}
		],
		"clickbaitClass": 0
	}
}