{
	"sourceDataInfo": {
		"newsID": "ET_M13_490467",
		"newsCategory": "연예",
		"newsSubcategory": "연예일반",
		"newsTitle": "임영웅·영탁의 선한 영향력, 팬덤 기부행렬 이어져",
		"newsSubTitle": "",
		"newsContent": "‘미스터트롯’에서 경쟁했던 임영웅과 영탁이 연말연시를 맞아 기부행렬이 이어지게하는 선한 영향력을 행사하고 있다.\n임영웅과 영탁의 팬클럽은 경쟁하듯이 어려운 이웃에게 기부금을 전달해 훈훈하게 하고 있다.\n임영웅 팬클럽 ‘HERO 초심방’ 회원들은 지난 14일 사회복지법인 사랑의 열매에 700만원을 전달했다고 밝혔다.\n기부를 한 팬들은 “임영웅이 어린시절 한 부모가정에서 성장했기에 한부모 가정을 도울 수 있어 기쁘다. 임영웅과 함께 더 따뜻한 사회를 만드는 데 동참하겠다”고 밝혔다.\n임영웅의 또다른 팬클럽인 ‘영웅시대밴드’도 지난 14일 연세세브란스병원 소아 환자를 위해 1000만원을 기부했다고 밝혔다.\n영웅시대밴드는 “크리스마스와 연말연시를 맞아 어린천사들에게 임영웅 가수의 선한 영향력과 치유의 온정을 나누고 싶은 영웅시대 마음을 정성스럽게 담았다”고 밝혔다.\n영탁의 공식팬클럽 ‘영탁이 딱이야’ 회원 일동이 사랑의열매 사회복지공동모금회에 5000여만 원을 기부했다. ‘영탁이 딱이야’는 코로나19로 힘든 시기를 보내는 이웃들을 돕고자 나눔에 동참해왔다. ‘영탁이 딱이야’ 회원들은 지난 7월 사랑의열매가 코로나19로 어려움을 겪는 이웃을 돕고, 새로운 사회문제를 해결하기 위해 전개한 대한민국 사회백신 나눔캠페인에 기부릴레이로 모인 8411만 4839원을 사랑의열매에 기부했다.\n영탁의 또다른 팬클럽 ‘영탁이찐이야’는 연말연시 크리스마스를 맞이해 장애 어린이 치료와 재활을 돕는 푸르메재단에 2차 기부금 513만원을 전달했다고 16일 밝혔다.\n이들은 지난 9일에도 고아원에 700만원을 쾌척했다. ‘영탁이찐이야’는 영탁의 생일(5월 13일)을 기념하는 의미를 담아 이번 기부를 진행했다.\n재단에 전달된 기부금은 장애 청년의 자립을 돕기위해 건립되는 푸르메소셜팜에 쓰여진다. ‘영탁이 딱이야’ 관계자는 “회원 모두가 어려운 이웃을 돕기 위해 기부릴레이에 동참하기로 했다”며, “기부금액의 크기와 상관없이 많은 회원들이 즐겁게 나눔에 참여할 수 있어 의미가 있었고, 모두의 마음이 담긴 기부금이 코로나19로 힘든 시기를 보내는 이웃들에게 도움이 되길 바란다”고 말했다.",
		"partNum": "P2",
		"useType": 0,
		"processType": "A",
		"processPattern": "99",
		"processLevel": "하",
		"sentenceCount": 10,
		"processSentencenum": 1,
		"sentenceInfo": [
			{
				"sentenceNo": 1,
				"sentenceContent": "‘미스터트롯’에서 경쟁했던 임영웅과 영탁이 연말연시를 맞아 기부행렬이 이어지게하는 선한 영향력을 행사하고 있다.",
				"sentenceSize": 62
			},
			{
				"sentenceNo": 2,
				"sentenceContent": "임영웅과 영탁의 팬클럽은 경쟁하듯이 어려운 이웃에게 기부금을 전달해 훈훈하게 하고 있다.",
				"sentenceSize": 49
			},
			{
				"sentenceNo": 3,
				"sentenceContent": "임영웅 팬클럽 ‘HERO 초심방’ 회원들은 지난 14일 사회복지법인 사랑의 열매에 700만원을 전달했다고 밝혔다.",
				"sentenceSize": 63
			},
			{
				"sentenceNo": 4,
				"sentenceContent": "기부를 한 팬들은 “임영웅이 어린시절 한 부모가정에서 성장했기에 한부모 가정을 도울 수 있어 기쁘다. 임영웅과 함께 더 따뜻한 사회를 만드는 데 동참하겠다”고 밝혔다.",
				"sentenceSize": 93
			},
			{
				"sentenceNo": 5,
				"sentenceContent": "임영웅의 또다른 팬클럽인 ‘영웅시대밴드’도 지난 14일 연세세브란스병원 소아 환자를 위해 1000만원을 기부했다고 밝혔다.",
				"sentenceSize": 68
			},
			{
				"sentenceNo": 6,
				"sentenceContent": "영웅시대밴드는 “크리스마스와 연말연시를 맞아 어린천사들에게 임영웅 가수의 선한 영향력과 치유의 온정을 나누고 싶은 영웅시대 마음을 정성스럽게 담았다”고 밝혔다.",
				"sentenceSize": 89
			},
			{
				"sentenceNo": 7,
				"sentenceContent": "영탁의 공식팬클럽 ‘영탁이 딱이야’ 회원 일동이 사랑의열매 사회복지공동모금회에 5000여만 원을 기부했다. ‘영탁이 딱이야’는 코로나19로 힘든 시기를 보내는 이웃들을 돕고자 나눔에 동참해왔다. ‘영탁이 딱이야’ 회원들은 지난 7월 사랑의열매가 코로나19로 어려움을 겪는 이웃을 돕고, 새로운 사회문제를 해결하기 위해 전개한 대한민국 사회백신 나눔캠페인에 기부릴레이로 모인 8411만 4839원을 사랑의열매에 기부했다.",
				"sentenceSize": 234
			},
			{
				"sentenceNo": 8,
				"sentenceContent": "영탁의 또다른 팬클럽 ‘영탁이찐이야’는 연말연시 크리스마스를 맞이해 장애 어린이 치료와 재활을 돕는 푸르메재단에 2차 기부금 513만원을 전달했다고 16일 밝혔다.",
				"sentenceSize": 91
			},
			{
				"sentenceNo": 9,
				"sentenceContent": "이들은 지난 9일에도 고아원에 700만원을 쾌척했다. ‘영탁이찐이야’는 영탁의 생일(5월 13일)을 기념하는 의미를 담아 이번 기부를 진행했다.",
				"sentenceSize": 80
			},
			{
				"sentenceNo": 10,
				"sentenceContent": "재단에 전달된 기부금은 장애 청년의 자립을 돕기위해 건립되는 푸르메소셜팜에 쓰여진다. ‘영탁이 딱이야’ 관계자는 “회원 모두가 어려운 이웃을 돕기 위해 기부릴레이에 동참하기로 했다”며, “기부금액의 크기와 상관없이 많은 회원들이 즐겁게 나눔에 참여할 수 있어 의미가 있었고, 모두의 마음이 담긴 기부금이 코로나19로 힘든 시기를 보내는 이웃들에게 도움이 되길 바란다”고 말했다.",
				"sentenceSize": 211
			}
		]
	},
	"labeledDataInfo": {
		"processSentenceInfo": [
			{
				"sentenceNo": 1,
				"sentenceContent": "‘미스터트롯’에서 경쟁했던 임영웅과 영탁이 연말연시를 맞아 기부행렬이 이어지게하는 선한 영향력을 행사하고 있다.",
				"subjectConsistencyYn": "Y"
			},
			{
				"sentenceNo": 2,
				"sentenceContent": "임영웅과 영탁의 팬클럽은 경쟁하듯이 어려운 이웃에게 기부금을 전달해 훈훈하게 하고 있다.",
				"subjectConsistencyYn": "Y"
			},
			{
				"sentenceNo": 3,
				"sentenceContent": "임영웅 팬클럽 ‘HERO 초심방’ 회원들은 지난 14일 사회복지법인 사랑의 열매에 700만원을 전달했다고 밝혔다.",
				"subjectConsistencyYn": "Y"
			},
			{
				"sentenceNo": 4,
				"sentenceContent": "기부를 한 팬들은 “임영웅이 어린시절 한 부모가정에서 성장했기에 한부모 가정을 도울 수 있어 기쁘다. 임영웅과 함께 더 따뜻한 사회를 만드는 데 동참하겠다”고 밝혔다.",
				"subjectConsistencyYn": "Y"
			},
			{
				"sentenceNo": 5,
				"sentenceContent": "임영웅의 또다른 팬클럽인 ‘영웅시대밴드’도 지난 14일 연세세브란스병원 소아 환자를 위해 1000만원을 기부했다고 밝혔다.",
				"subjectConsistencyYn": "Y"
			},
			{
				"sentenceNo": 6,
				"sentenceContent": "영웅시대밴드는 “크리스마스와 연말연시를 맞아 어린천사들에게 임영웅 가수의 선한 영향력과 치유의 온정을 나누고 싶은 영웅시대 마음을 정성스럽게 담았다”고 밝혔다.",
				"subjectConsistencyYn": "Y"
			},
			{
				"sentenceNo": 7,
				"sentenceContent": "영탁의 공식팬클럽 ‘영탁이 딱이야’ 회원 일동이 사랑의열매 사회복지공동모금회에 5000여만 원을 기부했다. ‘영탁이 딱이야’는 코로나19로 힘든 시기를 보내는 이웃들을 돕고자 나눔에 동참해왔다. ‘영탁이 딱이야’ 회원들은 지난 7월 사랑의열매가 코로나19로 어려움을 겪는 이웃을 돕고, 새로운 사회문제를 해결하기 위해 전개한 대한민국 사회백신 나눔캠페인에 기부릴레이로 모인 8411만 4839원을 사랑의열매에 기부했다.",
				"subjectConsistencyYn": "Y"
			},
			{
				"sentenceNo": 8,
				"sentenceContent": "영탁의 또다른 팬클럽 ‘영탁이찐이야’는 연말연시 크리스마스를 맞이해 장애 어린이 치료와 재활을 돕는 푸르메재단에 2차 기부금 513만원을 전달했다고 16일 밝혔다.",
				"subjectConsistencyYn": "Y"
			},
			{
				"sentenceNo": 9,
				"sentenceContent": "이들은 지난 9일에도 고아원에 700만원을 쾌척했다. ‘영탁이찐이야’는 영탁의 생일(5월 13일)을 기념하는 의미를 담아 이번 기부를 진행했다.",
				"subjectConsistencyYn": "Y"
			},
			{
				"sentenceNo": 10,
				"sentenceContent": "홍윤화의 활약은 매주 금요일 오후 8시에 방송되는 IHQ ‘맛있는 녀석들’에서 볼 수 있다.",
				"subjectConsistencyYn": "N"
			}
		],
		"clickbaitClass": 0
	}
}