{
	"sourceDataInfo": {
		"newsID": "ET_M13_490415",
		"newsCategory": "연예",
		"newsSubcategory": "연예일반",
		"newsTitle": "변요한, 대한민국 문화연예대상 영화부문 최우수배우상",
		"newsSubTitle": "",
		"newsContent": "배우 변요한이 제29회 대한민국 문화연예대상 영화부문 최우수배우상을 받았다.\n변요한은 지난 15일 열린 대한민국 문화연예대상 시상식에서 영화 ‘보이스’로 최우수배우상을 받았다.\n이 상은 1992년 제정돼 매년 국내외 음악, TV, 영화, 뮤지컬, 연극 등 각종 문화연예 부문에서 가장 활약한 아티스트들을 선정해 수상하고 있다.\n변요한은 앞서 지난 10일 열린 제22회 부산영화평론가협회상에서도 남자연기상을 수상해 기쁨을 더했다.\n변요한은 “큰 상 주셔서 감사드리고 ‘자산어보’ ‘보이스’ 모두 힘든 시기에 개봉했는데 관객분들이 극장을 지켜주신 것 같아 이 자리를 빌려 감사드린다”고 말문을 열었다.\n그러면서 스태프들의 이름을 거론하며 “한 해 동안 너무 고생많으셨고, 저는 하던 대로 또 좋은 작품으로 내년에 찾아뵙겠다”고 인사했다.\n변요한은 올해 ‘자산어보’와 ‘보이스’로 관객을 찾았다.\n이준익 감독의 시대극 ‘자산어보’에서는 바다를 벗어나 출셋길에 오르고 싶은 청년 어부 창대 역으로 분해 극중 전라도 사투리까지 소화했다.\n범죄액션물 ‘보이스’에서는 보이스피싱으로 모든 것을 잃고 본거지에 직접 뛰어드는 피해자 한서준 역으로 분해 처절함이 담긴 액션 연기를 선보였다.\n변요한은 영화 ‘한산:용의 출현’ ‘그녀가 죽었다’ 촬영을 마친 후 개봉을 기다리고 있으며, 현재는 드라마 ‘백설공주에게 죽음을’을 촬영하고 있다.",
		"partNum": "P2",
		"useType": 0,
		"processType": "A",
		"processPattern": "99",
		"processLevel": "하",
		"sentenceCount": 10,
		"processSentencenum": 2,
		"sentenceInfo": [
			{
				"sentenceNo": 1,
				"sentenceContent": "배우 변요한이 제29회 대한민국 문화연예대상 영화부문 최우수배우상을 받았다.",
				"sentenceSize": 42
			},
			{
				"sentenceNo": 2,
				"sentenceContent": "변요한은 지난 15일 열린 대한민국 문화연예대상 시상식에서 영화 ‘보이스’로 최우수배우상을 받았다.",
				"sentenceSize": 55
			},
			{
				"sentenceNo": 3,
				"sentenceContent": "이 상은 1992년 제정돼 매년 국내외 음악, TV, 영화, 뮤지컬, 연극 등 각종 문화연예 부문에서 가장 활약한 아티스트들을 선정해 수상하고 있다.",
				"sentenceSize": 83
			},
			{
				"sentenceNo": 4,
				"sentenceContent": "변요한은 앞서 지난 10일 열린 제22회 부산영화평론가협회상에서도 남자연기상을 수상해 기쁨을 더했다.",
				"sentenceSize": 56
			},
			{
				"sentenceNo": 5,
				"sentenceContent": "변요한은 “큰 상 주셔서 감사드리고 ‘자산어보’ ‘보이스’ 모두 힘든 시기에 개봉했는데 관객분들이 극장을 지켜주신 것 같아 이 자리를 빌려 감사드린다”고 말문을 열었다.",
				"sentenceSize": 94
			},
			{
				"sentenceNo": 6,
				"sentenceContent": "그러면서 스태프들의 이름을 거론하며 “한 해 동안 너무 고생많으셨고, 저는 하던 대로 또 좋은 작품으로 내년에 찾아뵙겠다”고 인사했다.",
				"sentenceSize": 75
			},
			{
				"sentenceNo": 7,
				"sentenceContent": "변요한은 올해 ‘자산어보’와 ‘보이스’로 관객을 찾았다.",
				"sentenceSize": 31
			},
			{
				"sentenceNo": 8,
				"sentenceContent": "이준익 감독의 시대극 ‘자산어보’에서는 바다를 벗어나 출셋길에 오르고 싶은 청년 어부 창대 역으로 분해 극중 전라도 사투리까지 소화했다.",
				"sentenceSize": 76
			},
			{
				"sentenceNo": 9,
				"sentenceContent": "범죄액션물 ‘보이스’에서는 보이스피싱으로 모든 것을 잃고 본거지에 직접 뛰어드는 피해자 한서준 역으로 분해 처절함이 담긴 액션 연기를 선보였다.",
				"sentenceSize": 80
			},
			{
				"sentenceNo": 10,
				"sentenceContent": "변요한은 영화 ‘한산:용의 출현’ ‘그녀가 죽었다’ 촬영을 마친 후 개봉을 기다리고 있으며, 현재는 드라마 ‘백설공주에게 죽음을’을 촬영하고 있다.",
				"sentenceSize": 82
			}
		]
	},
	"labeledDataInfo": {
		"processSentenceInfo": [
			{
				"sentenceNo": 1,
				"sentenceContent": "배우 변요한이 제29회 대한민국 문화연예대상 영화부문 최우수배우상을 받았다.",
				"subjectConsistencyYn": "Y"
			},
			{
				"sentenceNo": 2,
				"sentenceContent": "변요한은 지난 15일 열린 대한민국 문화연예대상 시상식에서 영화 ‘보이스’로 최우수배우상을 받았다.",
				"subjectConsistencyYn": "Y"
			},
			{
				"sentenceNo": 3,
				"sentenceContent": "이 상은 1992년 제정돼 매년 국내외 음악, TV, 영화, 뮤지컬, 연극 등 각종 문화연예 부문에서 가장 활약한 아티스트들을 선정해 수상하고 있다.",
				"subjectConsistencyYn": "Y"
			},
			{
				"sentenceNo": 4,
				"sentenceContent": "변요한은 앞서 지난 10일 열린 제22회 부산영화평론가협회상에서도 남자연기상을 수상해 기쁨을 더했다.",
				"subjectConsistencyYn": "Y"
			},
			{
				"sentenceNo": 5,
				"sentenceContent": "변요한은 “큰 상 주셔서 감사드리고 ‘자산어보’ ‘보이스’ 모두 힘든 시기에 개봉했는데 관객분들이 극장을 지켜주신 것 같아 이 자리를 빌려 감사드린다”고 말문을 열었다.",
				"subjectConsistencyYn": "Y"
			},
			{
				"sentenceNo": 6,
				"sentenceContent": "그러면서 스태프들의 이름을 거론하며 “한 해 동안 너무 고생많으셨고, 저는 하던 대로 또 좋은 작품으로 내년에 찾아뵙겠다”고 인사했다.",
				"subjectConsistencyYn": "Y"
			},
			{
				"sentenceNo": 7,
				"sentenceContent": "변요한은 올해 ‘자산어보’와 ‘보이스’로 관객을 찾았다.",
				"subjectConsistencyYn": "Y"
			},
			{
				"sentenceNo": 8,
				"sentenceContent": "이준익 감독의 시대극 ‘자산어보’에서는 바다를 벗어나 출셋길에 오르고 싶은 청년 어부 창대 역으로 분해 극중 전라도 사투리까지 소화했다.",
				"subjectConsistencyYn": "Y"
			},
			{
				"sentenceNo": 9,
				"sentenceContent": "한편 치타는 이번 첫 티저 이미지를 시작으로 총 4회에 걸쳐 매일 티저 이미지와 영상을 공개한다.",
				"subjectConsistencyYn": "N"
			},
			{
				"sentenceNo": 10,
				"sentenceContent": "치타의 디지털 싱글은 8월 3일 0시 공개된다.",
				"subjectConsistencyYn": "N"
			},
			{
				"sentenceNo": 11,
				"sentenceContent": "온라인 중앙일보 치타 [사진 C9엔터테인먼트 제공]",
				"subjectConsistencyYn": "N"
			}
		],
		"clickbaitClass": 0
	}
}