{
	"sourceDataInfo": {
		"newsID": "ET_M13_490540",
		"newsCategory": "연예",
		"newsSubcategory": "연예일반",
		"newsTitle": "‘옷소매 붉은 끝동’ 장희진, 대본 熱讀 촬영장 공개",
		"newsSubTitle": "",
		"newsContent": "배우 장희진이 ‘옷소매 붉은 끝동’ 촬영 현장에서 대본 삼매경에 빠진 모습이 17일 공개됐다 장희진은 MBC 금토드라마 ‘옷소매 붉은 끝동’(연출 정지인 송연화, 극본 정해리, 제작 위매드, 앤피오엔터테인먼트, 영제 The Red Sleeve)에서 중전 김씨 역을 맡아 심중을 알기 힘든 입체적인 캐릭터를 창조하고 있다.\n장희진은 선악 경계가 모호한 인물을 표현하다 빠질 수 있는 ‘애매함’이 아닌 신비하고 궁금한 인물로 느껴지도록 매회 창의적인 액팅을 안방극장에 펼치고 있다.\n그런 가운데 장희진의 캐릭터에 대한 치열한 접근과 작품을 대하는 자세를 확인 할 수 있는 촬영장 비하인드 컷이 공개가 됐다.\n사진 속에서 장희진은 대본을 손에서 놓지 않고 집중을 하고 있다.\n촬영 직전에도 자신이 출연하는 씬의 연기를 시뮬레이션하며 중전 김씨 캐릭터에 녹아들기 위한 모습이 인상적이다.\n장희진은 드라마가 이어질 수록 단단한 연기폼으로 스토리 속 김씨 모습에 대한 시청자들 몰입도를 증폭하고 있다.\n장희진의 중전 김씨 연기는 금요일 밤 9시 50분 ‘옷소매 붉은 끝동’ 11회를 통해 안방극장에 배송된다.",
		"partNum": "P2",
		"useType": 0,
		"processType": "A",
		"processPattern": "99",
		"processLevel": "하",
		"sentenceCount": 7,
		"processSentencenum": 2,
		"sentenceInfo": [
			{
				"sentenceNo": 1,
				"sentenceContent": "배우 장희진이 ‘옷소매 붉은 끝동’ 촬영 현장에서 대본 삼매경에 빠진 모습이 17일 공개됐다 장희진은 MBC 금토드라마 ‘옷소매 붉은 끝동’(연출 정지인 송연화, 극본 정해리, 제작 위매드, 앤피오엔터테인먼트, 영제 The Red Sleeve)에서 중전 김씨 역을 맡아 심중을 알기 힘든 입체적인 캐릭터를 창조하고 있다.",
				"sentenceSize": 179
			},
			{
				"sentenceNo": 2,
				"sentenceContent": "장희진은 선악 경계가 모호한 인물을 표현하다 빠질 수 있는 ‘애매함’이 아닌 신비하고 궁금한 인물로 느껴지도록 매회 창의적인 액팅을 안방극장에 펼치고 있다.",
				"sentenceSize": 87
			},
			{
				"sentenceNo": 3,
				"sentenceContent": "그런 가운데 장희진의 캐릭터에 대한 치열한 접근과 작품을 대하는 자세를 확인 할 수 있는 촬영장 비하인드 컷이 공개가 됐다.",
				"sentenceSize": 69
			},
			{
				"sentenceNo": 4,
				"sentenceContent": "사진 속에서 장희진은 대본을 손에서 놓지 않고 집중을 하고 있다.",
				"sentenceSize": 36
			},
			{
				"sentenceNo": 5,
				"sentenceContent": "촬영 직전에도 자신이 출연하는 씬의 연기를 시뮬레이션하며 중전 김씨 캐릭터에 녹아들기 위한 모습이 인상적이다.",
				"sentenceSize": 61
			},
			{
				"sentenceNo": 6,
				"sentenceContent": "장희진은 드라마가 이어질 수록 단단한 연기폼으로 스토리 속 김씨 모습에 대한 시청자들 몰입도를 증폭하고 있다.",
				"sentenceSize": 61
			},
			{
				"sentenceNo": 7,
				"sentenceContent": "장희진의 중전 김씨 연기는 금요일 밤 9시 50분 ‘옷소매 붉은 끝동’ 11회를 통해 안방극장에 배송된다.",
				"sentenceSize": 59
			}
		]
	},
	"labeledDataInfo": {
		"processSentenceInfo": [
			{
				"sentenceNo": 1,
				"sentenceContent": "배우 장희진이 ‘옷소매 붉은 끝동’ 촬영 현장에서 대본 삼매경에 빠진 모습이 17일 공개됐다 장희진은 MBC 금토드라마 ‘옷소매 붉은 끝동’(연출 정지인 송연화, 극본 정해리, 제작 위매드, 앤피오엔터테인먼트, 영제 The Red Sleeve)에서 중전 김씨 역을 맡아 심중을 알기 힘든 입체적인 캐릭터를 창조하고 있다.",
				"subjectConsistencyYn": "Y"
			},
			{
				"sentenceNo": 2,
				"sentenceContent": "장희진은 선악 경계가 모호한 인물을 표현하다 빠질 수 있는 ‘애매함’이 아닌 신비하고 궁금한 인물로 느껴지도록 매회 창의적인 액팅을 안방극장에 펼치고 있다.",
				"subjectConsistencyYn": "Y"
			},
			{
				"sentenceNo": 3,
				"sentenceContent": "그런 가운데 장희진의 캐릭터에 대한 치열한 접근과 작품을 대하는 자세를 확인 할 수 있는 촬영장 비하인드 컷이 공개가 됐다.",
				"subjectConsistencyYn": "Y"
			},
			{
				"sentenceNo": 4,
				"sentenceContent": "사진 속에서 장희진은 대본을 손에서 놓지 않고 집중을 하고 있다.",
				"subjectConsistencyYn": "Y"
			},
			{
				"sentenceNo": 5,
				"sentenceContent": "촬영 직전에도 자신이 출연하는 씬의 연기를 시뮬레이션하며 중전 김씨 캐릭터에 녹아들기 위한 모습이 인상적이다.",
				"subjectConsistencyYn": "Y"
			},
			{
				"sentenceNo": 6,
				"sentenceContent": "우체국 알뜰폰 전용 폴더폰을 3만원에 살 수 있다.",
				"subjectConsistencyYn": "N"
			},
			{
				"sentenceNo": 7,
				"sentenceContent": "단말기 시장이 스마트폰 위주로 변하면서 상대적으로 구입이 어려워진 폴더폰을 원활하게 공급하기 위해 우체국 알뜰폰 제휴업체가 직접 기획한 제품들이다.",
				"subjectConsistencyYn": "N"
			}
		],
		"clickbaitClass": 0
	}
}