{
	"sourceDataInfo": {
		"newsID": "ET_M13_490659",
		"newsCategory": "연예",
		"newsSubcategory": "음악",
		"newsTitle": "방탄소년단 ‘퍼미션 투 댄스’ MV, 4억뷰 넘었다",
		"newsSubTitle": "",
		"newsContent": "그룹 방탄소년단 ‘퍼미션 투 댄스(Permission to Dance)’ 뮤직비디오가 4억뷰를 돌파했다.\n방탄소년단이 지난 7월 공개한 ‘퍼미션 투 댄스’의 뮤직비디오 유튜브 조회수가 20일 오전 4시 50분경 4억 건을 넘어섰다.\n이로써 방탄소년단은 통산 16번째 4억뷰 뮤직비디오를 보유하게 됐다. ‘퍼미션 투 댄스’는 경쾌하고 신나는 댄스 팝 장르의 곡으로, ‘춤은 마음 가는 대로, 허락 없이 마음껏 춰도 된다’라는 노랫말을 담고 있다.\n이 곡은 7월 24일 자 미국 빌보드 메인 싱글 차트 ‘핫 100’에서 정상을 차지했으며, 발매된 지 5개월이 지났음에도 전 세계 200개 이상 국가/지역의 스트리밍과 판매량을 집계해 순위를 발표하는 ‘빌보드 글로벌 200’과 ‘빌보드 글로벌(미국 제외)’ 최신 차트에서 상위권을 유지하고 있다. ‘퍼미션 투 댄스’ 뮤직비디오는 실내외 공간을 넘나들며 신나게 춤을 추는 방탄소년단의 모습이 교차되면서 활기찬 에너지를 전파한다.\n맑은 하늘, 일곱 멤버의 환한 웃음, 국제수화를 활용한 친근함과 진정성이 돋보이는 안무 등 볼거리가 가득하다.\n한편, 방탄소년단은 총 35편의 억 단위 조회수 뮤직비디오를 보유하고 있다.\n14억뷰의 ‘작은 것들을 위한 시 (Boy With Luv) (Feat. Halsey)’, 각 13억뷰의 ‘DNA’, ‘다이너마이트(Dynamite)’, 11억뷰의 ‘마이크 드롭(MIC Drop)’ 리믹스, 각 10억뷰의 ‘페이크 러브(FAKE LOVE)’, ‘아이돌(IDOL)’, 8억뷰의 ‘피 땀 눈물’, 7억뷰의 ‘불타오르네 (FIRE)’ 등이다.",
		"partNum": "P2",
		"useType": 0,
		"processType": "A",
		"processPattern": "99",
		"processLevel": "하",
		"sentenceCount": 7,
		"processSentencenum": 2,
		"sentenceInfo": [
			{
				"sentenceNo": 1,
				"sentenceContent": "그룹 방탄소년단 ‘퍼미션 투 댄스(Permission to Dance)’ 뮤직비디오가 4억뷰를 돌파했다.",
				"sentenceSize": 58
			},
			{
				"sentenceNo": 2,
				"sentenceContent": "방탄소년단이 지난 7월 공개한 ‘퍼미션 투 댄스’의 뮤직비디오 유튜브 조회수가 20일 오전 4시 50분경 4억 건을 넘어섰다.",
				"sentenceSize": 70
			},
			{
				"sentenceNo": 3,
				"sentenceContent": "이로써 방탄소년단은 통산 16번째 4억뷰 뮤직비디오를 보유하게 됐다. ‘퍼미션 투 댄스’는 경쾌하고 신나는 댄스 팝 장르의 곡으로, ‘춤은 마음 가는 대로, 허락 없이 마음껏 춰도 된다’라는 노랫말을 담고 있다.",
				"sentenceSize": 118
			},
			{
				"sentenceNo": 4,
				"sentenceContent": "이 곡은 7월 24일 자 미국 빌보드 메인 싱글 차트 ‘핫 100’에서 정상을 차지했으며, 발매된 지 5개월이 지났음에도 전 세계 200개 이상 국가/지역의 스트리밍과 판매량을 집계해 순위를 발표하는 ‘빌보드 글로벌 200’과 ‘빌보드 글로벌(미국 제외)’ 최신 차트에서 상위권을 유지하고 있다. ‘퍼미션 투 댄스’ 뮤직비디오는 실내외 공간을 넘나들며 신나게 춤을 추는 방탄소년단의 모습이 교차되면서 활기찬 에너지를 전파한다.",
				"sentenceSize": 238
			},
			{
				"sentenceNo": 5,
				"sentenceContent": "맑은 하늘, 일곱 멤버의 환한 웃음, 국제수화를 활용한 친근함과 진정성이 돋보이는 안무 등 볼거리가 가득하다.",
				"sentenceSize": 61
			},
			{
				"sentenceNo": 6,
				"sentenceContent": "한편, 방탄소년단은 총 35편의 억 단위 조회수 뮤직비디오를 보유하고 있다.",
				"sentenceSize": 42
			},
			{
				"sentenceNo": 7,
				"sentenceContent": "14억뷰의 ‘작은 것들을 위한 시 (Boy With Luv) (Feat. Halsey)’, 각 13억뷰의 ‘DNA’, ‘다이너마이트(Dynamite)’, 11억뷰의 ‘마이크 드롭(MIC Drop)’ 리믹스, 각 10억뷰의 ‘페이크 러브(FAKE LOVE)’, ‘아이돌(IDOL)’, 8억뷰의 ‘피 땀 눈물’, 7억뷰의 ‘불타오르네 (FIRE)’ 등이다.",
				"sentenceSize": 197
			}
		]
	},
	"labeledDataInfo": {
		"processSentenceInfo": [
			{
				"sentenceNo": 1,
				"sentenceContent": "그룹 방탄소년단 ‘퍼미션 투 댄스(Permission to Dance)’ 뮤직비디오가 4억뷰를 돌파했다.",
				"subjectConsistencyYn": "Y"
			},
			{
				"sentenceNo": 2,
				"sentenceContent": "방탄소년단이 지난 7월 공개한 ‘퍼미션 투 댄스’의 뮤직비디오 유튜브 조회수가 20일 오전 4시 50분경 4억 건을 넘어섰다.",
				"subjectConsistencyYn": "Y"
			},
			{
				"sentenceNo": 3,
				"sentenceContent": "이로써 방탄소년단은 통산 16번째 4억뷰 뮤직비디오를 보유하게 됐다. ‘퍼미션 투 댄스’는 경쾌하고 신나는 댄스 팝 장르의 곡으로, ‘춤은 마음 가는 대로, 허락 없이 마음껏 춰도 된다’라는 노랫말을 담고 있다.",
				"subjectConsistencyYn": "Y"
			},
			{
				"sentenceNo": 4,
				"sentenceContent": "이 곡은 7월 24일 자 미국 빌보드 메인 싱글 차트 ‘핫 100’에서 정상을 차지했으며, 발매된 지 5개월이 지났음에도 전 세계 200개 이상 국가/지역의 스트리밍과 판매량을 집계해 순위를 발표하는 ‘빌보드 글로벌 200’과 ‘빌보드 글로벌(미국 제외)’ 최신 차트에서 상위권을 유지하고 있다. ‘퍼미션 투 댄스’ 뮤직비디오는 실내외 공간을 넘나들며 신나게 춤을 추는 방탄소년단의 모습이 교차되면서 활기찬 에너지를 전파한다.",
				"subjectConsistencyYn": "Y"
			},
			{
				"sentenceNo": 5,
				"sentenceContent": "맑은 하늘, 일곱 멤버의 환한 웃음, 국제수화를 활용한 친근함과 진정성이 돋보이는 안무 등 볼거리가 가득하다.",
				"subjectConsistencyYn": "Y"
			},
			{
				"sentenceNo": 6,
				"sentenceContent": "이어 이영애는 \\\"떨려서 NG내고, 서로 익숙해질 때 연기 하자고 해서 중요한 신은 뒤로 미루고 있다. 떨림이 화면에 보이더라. 너무 친해지면 신비감이 없어지는 것 같기도 하다\\\"고 전했다.",
				"subjectConsistencyYn": "N"
			},
			{
				"sentenceNo": 7,
				"sentenceContent": "또 이영애는 \\\"송승헌이 사극에서 너무 멋있게 나와서 스태프들이 다 몰려간다. 질투의 대상이 송승헌이 되었다. 그 정도로 멋있고 러브라인이 재미있고 즐겁다\\\"고 소감을 밝혔다. '사임당'은 지난 8월부터 촬영에 돌입, 완성도를 위해 100% 사전 제작되며 2016년 하반기 방송된다.",
				"subjectConsistencyYn": "N"
			}
		],
		"clickbaitClass": 0
	}
}