{
	"sourceDataInfo": {
		"newsID": "ET_M13_490465",
		"newsCategory": "연예",
		"newsSubcategory": "음악",
		"newsTitle": "국대급 일렉트로니카팝 밴드 글렌체크, 새 싱글 ‘Raving’ 발표",
		"newsSubTitle": "",
		"newsContent": "국가대표급 일렉트로니카팝 밴드 글렌체크가 16일 오후 6시에 새 싱글 ‘Raving’을 발표한다고 소속 레이블 EMA가 밝혔다.\n지난 9월, 3년 만의 작품 ‘Dive Baby, Dive’로 컴백을 알린 후 2022년 공개할 앨범의 전초전이다.\n글렌체크는 “싱글 공개를 기점으로 애플뮤직, 스포티파이 및 국내 음원 플랫폼에 3집 트랙리스트가 사전 공개될 것”이라며 “8년 만의 정규 앨범 발매에 박차를 가하고 있다”고 전했다.\n글렌체크는 ‘Raving’에서 ‘신스팝 밴드’라는 데뷔 초 미디어의 장르 구분을 거부하는 사운드를 들려준다.\n세기말 레이브 사운드를 바탕으로 모던한 팝 감각이 융합된 소리로 리스너를 자극한다.\n글렌체크는 기존의 자신 음악을 답습하기 보다는 “상대에게 다가서지 못하고 배회하는” 가사의 진정성을 통해 음악적 폼을 새롭고 단단하게 재구축했다.\n글렌체크는 10년 전 히트곡 ‘60 까르뎅(Cardin)’과 함께 음악 신에 등장하며 유로 신스팝이 극동지역 스타일로 업그레이드 된 사운드로 인식이 됐다.\n김준원(보컬·기타) 강혁준(신시사이저·베이스)이 들려주는 강렬하면서도 흥겨운 비트는 서서히 퍼지면서 클럽과 페스티벌에서 기폭제로 작용했다.\n시원하며 큰 스케일로 다가온 글렌체크의 연주는 2년 연속 한국대중음악상 최우수 댄스 일렉트로닉 음반상 부문 수상으로 평단의 인정받았다.\n이들은 이후 한국과 해외 뮤직 페스티벌(일본 섬머 소닉, 프랑스 뉘 소노르, 미국 사우스바이사우스웨스트)에서 꾸준한 러브콜을 받으며 ‘실전’(공연)과 ‘스튜디오’가 모두 단단한 밴드임을 입증했다.\n프론트맨 김준원은 2022년에 발매할 새 앨범에 대해 “10년 가까이 음악 신에 몸 담으며 많은 관심을 받았지만, 두려운 감정도 들었다”며 “부정적인 생각을 떨치기 위한 곡의 모음집”이라고 설명했다.\n글렌체크 새 앨범 ‘Bleach’는 임인년에 호랑이처럼 음악씬에 모습을 드러낼 예정이다.",
		"partNum": "P2",
		"useType": 0,
		"processType": "A",
		"processPattern": "99",
		"processLevel": "하",
		"sentenceCount": 12,
		"processSentencenum": 3,
		"sentenceInfo": [
			{
				"sentenceNo": 1,
				"sentenceContent": "국가대표급 일렉트로니카팝 밴드 글렌체크가 16일 오후 6시에 새 싱글 ‘Raving’을 발표한다고 소속 레이블 EMA가 밝혔다.",
				"sentenceSize": 71
			},
			{
				"sentenceNo": 2,
				"sentenceContent": "지난 9월, 3년 만의 작품 ‘Dive Baby, Dive’로 컴백을 알린 후 2022년 공개할 앨범의 전초전이다.",
				"sentenceSize": 64
			},
			{
				"sentenceNo": 3,
				"sentenceContent": "글렌체크는 “싱글 공개를 기점으로 애플뮤직, 스포티파이 및 국내 음원 플랫폼에 3집 트랙리스트가 사전 공개될 것”이라며 “8년 만의 정규 앨범 발매에 박차를 가하고 있다”고 전했다.",
				"sentenceSize": 101
			},
			{
				"sentenceNo": 4,
				"sentenceContent": "글렌체크는 ‘Raving’에서 ‘신스팝 밴드’라는 데뷔 초 미디어의 장르 구분을 거부하는 사운드를 들려준다.",
				"sentenceSize": 60
			},
			{
				"sentenceNo": 5,
				"sentenceContent": "세기말 레이브 사운드를 바탕으로 모던한 팝 감각이 융합된 소리로 리스너를 자극한다.",
				"sentenceSize": 46
			},
			{
				"sentenceNo": 6,
				"sentenceContent": "글렌체크는 기존의 자신 음악을 답습하기 보다는 “상대에게 다가서지 못하고 배회하는” 가사의 진정성을 통해 음악적 폼을 새롭고 단단하게 재구축했다.",
				"sentenceSize": 81
			},
			{
				"sentenceNo": 7,
				"sentenceContent": "글렌체크는 10년 전 히트곡 ‘60 까르뎅(Cardin)’과 함께 음악 신에 등장하며 유로 신스팝이 극동지역 스타일로 업그레이드 된 사운드로 인식이 됐다.",
				"sentenceSize": 86
			},
			{
				"sentenceNo": 8,
				"sentenceContent": "김준원(보컬·기타) 강혁준(신시사이저·베이스)이 들려주는 강렬하면서도 흥겨운 비트는 서서히 퍼지면서 클럽과 페스티벌에서 기폭제로 작용했다.",
				"sentenceSize": 77
			},
			{
				"sentenceNo": 9,
				"sentenceContent": "시원하며 큰 스케일로 다가온 글렌체크의 연주는 2년 연속 한국대중음악상 최우수 댄스 일렉트로닉 음반상 부문 수상으로 평단의 인정받았다.",
				"sentenceSize": 75
			},
			{
				"sentenceNo": 10,
				"sentenceContent": "이들은 이후 한국과 해외 뮤직 페스티벌(일본 섬머 소닉, 프랑스 뉘 소노르, 미국 사우스바이사우스웨스트)에서 꾸준한 러브콜을 받으며 ‘실전’(공연)과 ‘스튜디오’가 모두 단단한 밴드임을 입증했다.",
				"sentenceSize": 109
			},
			{
				"sentenceNo": 11,
				"sentenceContent": "프론트맨 김준원은 2022년에 발매할 새 앨범에 대해 “10년 가까이 음악 신에 몸 담으며 많은 관심을 받았지만, 두려운 감정도 들었다”며 “부정적인 생각을 떨치기 위한 곡의 모음집”이라고 설명했다.",
				"sentenceSize": 111
			},
			{
				"sentenceNo": 12,
				"sentenceContent": "글렌체크 새 앨범 ‘Bleach’는 임인년에 호랑이처럼 음악씬에 모습을 드러낼 예정이다.",
				"sentenceSize": 49
			}
		]
	},
	"labeledDataInfo": {
		"processSentenceInfo": [
			{
				"sentenceNo": 1,
				"sentenceContent": "국가대표급 일렉트로니카팝 밴드 글렌체크가 16일 오후 6시에 새 싱글 ‘Raving’을 발표한다고 소속 레이블 EMA가 밝혔다.",
				"subjectConsistencyYn": "Y"
			},
			{
				"sentenceNo": 2,
				"sentenceContent": "지난 9월, 3년 만의 작품 ‘Dive Baby, Dive’로 컴백을 알린 후 2022년 공개할 앨범의 전초전이다.",
				"subjectConsistencyYn": "Y"
			},
			{
				"sentenceNo": 3,
				"sentenceContent": "글렌체크는 “싱글 공개를 기점으로 애플뮤직, 스포티파이 및 국내 음원 플랫폼에 3집 트랙리스트가 사전 공개될 것”이라며 “8년 만의 정규 앨범 발매에 박차를 가하고 있다”고 전했다.",
				"subjectConsistencyYn": "Y"
			},
			{
				"sentenceNo": 4,
				"sentenceContent": "글렌체크는 ‘Raving’에서 ‘신스팝 밴드’라는 데뷔 초 미디어의 장르 구분을 거부하는 사운드를 들려준다.",
				"subjectConsistencyYn": "Y"
			},
			{
				"sentenceNo": 5,
				"sentenceContent": "세기말 레이브 사운드를 바탕으로 모던한 팝 감각이 융합된 소리로 리스너를 자극한다.",
				"subjectConsistencyYn": "Y"
			},
			{
				"sentenceNo": 6,
				"sentenceContent": "글렌체크는 기존의 자신 음악을 답습하기 보다는 “상대에게 다가서지 못하고 배회하는” 가사의 진정성을 통해 음악적 폼을 새롭고 단단하게 재구축했다.",
				"subjectConsistencyYn": "Y"
			},
			{
				"sentenceNo": 7,
				"sentenceContent": "글렌체크는 10년 전 히트곡 ‘60 까르뎅(Cardin)’과 함께 음악 신에 등장하며 유로 신스팝이 극동지역 스타일로 업그레이드 된 사운드로 인식이 됐다.",
				"subjectConsistencyYn": "Y"
			},
			{
				"sentenceNo": 8,
				"sentenceContent": "김준원(보컬·기타) 강혁준(신시사이저·베이스)이 들려주는 강렬하면서도 흥겨운 비트는 서서히 퍼지면서 클럽과 페스티벌에서 기폭제로 작용했다.",
				"subjectConsistencyYn": "Y"
			},
			{
				"sentenceNo": 9,
				"sentenceContent": "시원하며 큰 스케일로 다가온 글렌체크의 연주는 2년 연속 한국대중음악상 최우수 댄스 일렉트로닉 음반상 부문 수상으로 평단의 인정받았다.",
				"subjectConsistencyYn": "Y"
			},
			{
				"sentenceNo": 10,
				"sentenceContent": "한편 23일 첫 방송 된 KBS 드라마‘장사의 신-객주 2015’는 매주 수, 목 오후 10시에 방송된다.",
				"subjectConsistencyYn": "N"
			}
		],
		"clickbaitClass": 0
	}
}