{
	"sourceDataInfo": {
		"newsID": "ET_M13_490575",
		"newsCategory": "연예",
		"newsSubcategory": "음악",
		"newsTitle": "“우아!, 중소 기획사의 기적” 남다른 댄스 DNA",
		"newsSubTitle": "",
		"newsContent": "김규상 엔브이(NV)엔터테인먼트 대표와 그룹 woo!ah!(우아!)가 유튜브 인기 콘텐츠 ‘구라철’에 출연해 남다른 열정을 보여줬다.\n유튜브 채널 ‘구라철’은 17일 안무가 중 최초의 제작자 김규상 엔브이(NV)엔터테인먼트 대표를 만나 그의 근황을 알아보는 콘텐츠를 공개했다.\n이날 김구라는 ‘스트릿 우먼 파이터’ 이후 여자 댄서들에 대해 관심이 높아지고 있는 요즘, 가요계를 휩쓸었던 톱 안무가라며 김규상 대표를 소개했다.\n김규상 대표는 에이핑크, 씨스타, AOA, 포미닛, 브레이브걸스, 현아 등 2010년대 정상을 달렸던 인기 걸그룹의 안무를 자신이 만들었다고 밝혔다.\n그는 “한창 바쁠 때는 음악 방송에 출연하는 가수들 2/3가 우리 팀 댄서들과 했었다”라며 최근 ‘스우파’ 등을 통해 댄서들이 조연에서 주연으로 성장한 것에 뿌듯한 감정을 드러냈다.\n이어 김규상 대표는 아이돌 제작하기로 마음 먹고, 청소년 댄스 대회부터 일본 후쿠오카까지 직접 발로 뛰어다닌 이야기를 전했다.\n김규상 대표는 woo!ah!(우아!) 멤버들의 부모님을 직접 만나 오랜 기간 설득했다고 말해 김구라의 눈빛을 반짝이게 했다.\n방송 말미에는 김구라와 woo!ah!(우아!) 멤버들의 만남이 그려졌다.\n안무가 출신 제작자가 직접 만든 걸그룹답게 woo!ah!(우아!)는 뛰어난 퍼포먼스를 보여주며 김구라 뿐만 아니라 시청자들의 시선을 단숨에 사로잡았다.\n특히 woo!ah!(우아!)는 ‘헤이 마마’ 커버 댄스부터 숏폼 콘텐츠 플랫폼 ‘틱톡’에서 2500만 조회 수를 기록한 퍼포먼스, 김규상 대표가 만든 걸그룹 안무들까지 ‘구라철’에서 직접 선보이며 남다른 흥 DNA를 보유한 팀인 것을 증명했다.\n끝으로 김구라는 “중소 기획사에서 정말 잘해놨다”라며 김규상 대표의 노력을 칭찬했고, 또 woo!ah!(우아!)의 퍼포먼스를 직접 보며 감탄을 아끼지 않았다.\nwoo!ah!(우아!)는 2022년 1월 4일 새로운 디지털 싱글을 발표하고 약 8개월 만에 가요계 컴백을 앞두고 있다.",
		"partNum": "P2",
		"useType": 0,
		"processType": "A",
		"processPattern": "99",
		"processLevel": "하",
		"sentenceCount": 12,
		"processSentencenum": 1,
		"sentenceInfo": [
			{
				"sentenceNo": 1,
				"sentenceContent": "김규상 엔브이(NV)엔터테인먼트 대표와 그룹 woo!ah!(우아!)가 유튜브 인기 콘텐츠 ‘구라철’에 출연해 남다른 열정을 보여줬다.",
				"sentenceSize": 74
			},
			{
				"sentenceNo": 2,
				"sentenceContent": "유튜브 채널 ‘구라철’은 17일 안무가 중 최초의 제작자 김규상 엔브이(NV)엔터테인먼트 대표를 만나 그의 근황을 알아보는 콘텐츠를 공개했다.",
				"sentenceSize": 79
			},
			{
				"sentenceNo": 3,
				"sentenceContent": "이날 김구라는 ‘스트릿 우먼 파이터’ 이후 여자 댄서들에 대해 관심이 높아지고 있는 요즘, 가요계를 휩쓸었던 톱 안무가라며 김규상 대표를 소개했다.",
				"sentenceSize": 82
			},
			{
				"sentenceNo": 4,
				"sentenceContent": "김규상 대표는 에이핑크, 씨스타, AOA, 포미닛, 브레이브걸스, 현아 등 2010년대 정상을 달렸던 인기 걸그룹의 안무를 자신이 만들었다고 밝혔다.",
				"sentenceSize": 83
			},
			{
				"sentenceNo": 5,
				"sentenceContent": "그는 “한창 바쁠 때는 음악 방송에 출연하는 가수들 2/3가 우리 팀 댄서들과 했었다”라며 최근 ‘스우파’ 등을 통해 댄서들이 조연에서 주연으로 성장한 것에 뿌듯한 감정을 드러냈다.",
				"sentenceSize": 101
			},
			{
				"sentenceNo": 6,
				"sentenceContent": "이어 김규상 대표는 아이돌 제작하기로 마음 먹고, 청소년 댄스 대회부터 일본 후쿠오카까지 직접 발로 뛰어다닌 이야기를 전했다.",
				"sentenceSize": 70
			},
			{
				"sentenceNo": 7,
				"sentenceContent": "김규상 대표는 woo!ah!(우아!) 멤버들의 부모님을 직접 만나 오랜 기간 설득했다고 말해 김구라의 눈빛을 반짝이게 했다.",
				"sentenceSize": 69
			},
			{
				"sentenceNo": 8,
				"sentenceContent": "방송 말미에는 김구라와 woo!ah!(우아!) 멤버들의 만남이 그려졌다.",
				"sentenceSize": 40
			},
			{
				"sentenceNo": 9,
				"sentenceContent": "안무가 출신 제작자가 직접 만든 걸그룹답게 woo!ah!(우아!)는 뛰어난 퍼포먼스를 보여주며 김구라 뿐만 아니라 시청자들의 시선을 단숨에 사로잡았다.",
				"sentenceSize": 84
			},
			{
				"sentenceNo": 10,
				"sentenceContent": "특히 woo!ah!(우아!)는 ‘헤이 마마’ 커버 댄스부터 숏폼 콘텐츠 플랫폼 ‘틱톡’에서 2500만 조회 수를 기록한 퍼포먼스, 김규상 대표가 만든 걸그룹 안무들까지 ‘구라철’에서 직접 선보이며 남다른 흥 DNA를 보유한 팀인 것을 증명했다.",
				"sentenceSize": 136
			},
			{
				"sentenceNo": 11,
				"sentenceContent": "끝으로 김구라는 “중소 기획사에서 정말 잘해놨다”라며 김규상 대표의 노력을 칭찬했고, 또 woo!ah!(우아!)의 퍼포먼스를 직접 보며 감탄을 아끼지 않았다.",
				"sentenceSize": 88
			},
			{
				"sentenceNo": 12,
				"sentenceContent": "woo!ah!(우아!)는 2022년 1월 4일 새로운 디지털 싱글을 발표하고 약 8개월 만에 가요계 컴백을 앞두고 있다.",
				"sentenceSize": 67
			}
		]
	},
	"labeledDataInfo": {
		"processSentenceInfo": [
			{
				"sentenceNo": 1,
				"sentenceContent": "김규상 엔브이(NV)엔터테인먼트 대표와 그룹 woo!ah!(우아!)가 유튜브 인기 콘텐츠 ‘구라철’에 출연해 남다른 열정을 보여줬다.",
				"subjectConsistencyYn": "Y"
			},
			{
				"sentenceNo": 2,
				"sentenceContent": "유튜브 채널 ‘구라철’은 17일 안무가 중 최초의 제작자 김규상 엔브이(NV)엔터테인먼트 대표를 만나 그의 근황을 알아보는 콘텐츠를 공개했다.",
				"subjectConsistencyYn": "Y"
			},
			{
				"sentenceNo": 3,
				"sentenceContent": "이날 김구라는 ‘스트릿 우먼 파이터’ 이후 여자 댄서들에 대해 관심이 높아지고 있는 요즘, 가요계를 휩쓸었던 톱 안무가라며 김규상 대표를 소개했다.",
				"subjectConsistencyYn": "Y"
			},
			{
				"sentenceNo": 4,
				"sentenceContent": "김규상 대표는 에이핑크, 씨스타, AOA, 포미닛, 브레이브걸스, 현아 등 2010년대 정상을 달렸던 인기 걸그룹의 안무를 자신이 만들었다고 밝혔다.",
				"subjectConsistencyYn": "Y"
			},
			{
				"sentenceNo": 5,
				"sentenceContent": "그는 “한창 바쁠 때는 음악 방송에 출연하는 가수들 2/3가 우리 팀 댄서들과 했었다”라며 최근 ‘스우파’ 등을 통해 댄서들이 조연에서 주연으로 성장한 것에 뿌듯한 감정을 드러냈다.",
				"subjectConsistencyYn": "Y"
			},
			{
				"sentenceNo": 6,
				"sentenceContent": "이어 김규상 대표는 아이돌 제작하기로 마음 먹고, 청소년 댄스 대회부터 일본 후쿠오카까지 직접 발로 뛰어다닌 이야기를 전했다.",
				"subjectConsistencyYn": "Y"
			},
			{
				"sentenceNo": 7,
				"sentenceContent": "김규상 대표는 woo!ah!(우아!) 멤버들의 부모님을 직접 만나 오랜 기간 설득했다고 말해 김구라의 눈빛을 반짝이게 했다.",
				"subjectConsistencyYn": "Y"
			},
			{
				"sentenceNo": 8,
				"sentenceContent": "방송 말미에는 김구라와 woo!ah!(우아!) 멤버들의 만남이 그려졌다.",
				"subjectConsistencyYn": "Y"
			},
			{
				"sentenceNo": 9,
				"sentenceContent": "안무가 출신 제작자가 직접 만든 걸그룹답게 woo!ah!(우아!)는 뛰어난 퍼포먼스를 보여주며 김구라 뿐만 아니라 시청자들의 시선을 단숨에 사로잡았다.",
				"subjectConsistencyYn": "Y"
			},
			{
				"sentenceNo": 10,
				"sentenceContent": "특히 woo!ah!(우아!)는 ‘헤이 마마’ 커버 댄스부터 숏폼 콘텐츠 플랫폼 ‘틱톡’에서 2500만 조회 수를 기록한 퍼포먼스, 김규상 대표가 만든 걸그룹 안무들까지 ‘구라철’에서 직접 선보이며 남다른 흥 DNA를 보유한 팀인 것을 증명했다.",
				"subjectConsistencyYn": "Y"
			},
			{
				"sentenceNo": 11,
				"sentenceContent": "끝으로 김구라는 “중소 기획사에서 정말 잘해놨다”라며 김규상 대표의 노력을 칭찬했고, 또 woo!ah!(우아!)의 퍼포먼스를 직접 보며 감탄을 아끼지 않았다.",
				"subjectConsistencyYn": "Y"
			},
			{
				"sentenceNo": 12,
				"sentenceContent": "코로나로 인해 한정적인 좌석수로 운영되며 ‘온라인 관람티켓’도 함께 판매되고 있으니 오프라인공연이 부담스러운 관객들도 공연을 즐길 수 있다.",
				"subjectConsistencyYn": "N"
			},
			{
				"sentenceNo": 13,
				"sentenceContent": "또, 이 공연과 함께 준비해 온 재주소년의 새로운 프로젝트 싱글 “재주소년소녀”-‘우산도 없이’(feat. 박수진)’가 6일 정오 발매된다. 소녀 감성의 정통 발라드인 이 곡은 아름다운 목소리의 신예 ‘박수진’이 불렀고 싱어송라이터 ‘이사라’와 ‘윤송’이 스트링 편곡에 힘을 보탰다. 노래를 부른 ‘박수진’도 “재주소년 The BAND” 공연의 게스트로 참여 해, 이 곡 역시 공연에서 초연으로 만나볼 수 있다.",
				"subjectConsistencyYn": "N"
			}
		],
		"clickbaitClass": 0
	}
}