{
	"sourceDataInfo": {
		"newsID": "ET_M13_490682",
		"newsCategory": "연예",
		"newsSubcategory": "음악",
		"newsTitle": "가수 로시, 네이버웹툰 ‘아는 여자애’ OST 발매…귀여운 집착송 ‘미리 좀 말해주지 그랬어 (ENFP)’",
		"newsSubTitle": "",
		"newsContent": "가수 로시, 네이버웹툰 ‘아는 여자애’ OST 발매…귀여운 집착송 ‘미리 좀 말해주지 그랬어 (ENFP)’ 가수 로시가 네이버웹툰 ‘아는 여자애’ OST로 특별한 러브송을 선보인다.\n20일 오후 6시 각종 온라인 음원 사이트를 통해 로시가 가창에 참여한 네이버웹툰 ‘아는 여자애’의 새로운 OST ‘미리 좀 말해주지 그랬어 (ENFP)’가 발매된다. ‘미리 좀 말해주지 그랬어’는 ‘아는 여자애’에 등장하는 송지은의 테마곡이다.\n한시도 가만히 있지 못하고 좋아하는 사람과 대화를 이어나가고 싶고, 함께 재밌는 것들을 하고 싶은 속마음들을 담아냈다. ‘ENFP’라는 부제는 MBTI 성격 유형 중 한 유형을 의미한다.\n발랄하고 어디로 튈지 모르는 ENFP가 좋아하는 남자애를 생각하며 SNS를 염탐하고 일거수일투족을 탐구하는 귀여운 집착이 “밥 먹는 건 까먹어도 너는 안 까먹어 난 yeah / 시도 때도 없이 네 사진을 눌러보고 있네”라는 재치있는 가사로 표현됐다.\n신흥 ‘OST 강자’로 떠오르고 있는 로시는 특유의 사랑스러운 음색으로 ‘미리 좀 말해주지 그랬어’의 묘한 러브라인을 노래했다.\n달콤한 EP 연주와 스윙감이 느껴지는 리얼 드럼 사운드도 색다른 느낌을 선사한다.\n이민혁의 ‘그렇게 됐나 봐’, 치즈의 ‘Our Blue’, 데이브레이크X유키카의 ‘속이 궁금해’에 이어 로시의 ‘미리 좀 말해주지 그랬어’가 ‘아는 여자애’ 황금 OST 라인업을 완성할 전망이다.\n로시가 가창한 네이버웹툰 ‘아는 여자애’의 새로운 OST ‘미리 좀 말해주지 그랬어’는 이날 오후 6시부터 각종 온라인 음원 사이트에서 감상할 수 있다.",
		"partNum": "P2",
		"useType": 0,
		"processType": "A",
		"processPattern": "99",
		"processLevel": "하",
		"sentenceCount": 8,
		"processSentencenum": 1,
		"sentenceInfo": [
			{
				"sentenceNo": 1,
				"sentenceContent": "가수 로시, 네이버웹툰 ‘아는 여자애’ OST 발매…귀여운 집착송 ‘미리 좀 말해주지 그랬어 (ENFP)’ 가수 로시가 네이버웹툰 ‘아는 여자애’ OST로 특별한 러브송을 선보인다.",
				"sentenceSize": 101
			},
			{
				"sentenceNo": 2,
				"sentenceContent": "20일 오후 6시 각종 온라인 음원 사이트를 통해 로시가 가창에 참여한 네이버웹툰 ‘아는 여자애’의 새로운 OST ‘미리 좀 말해주지 그랬어 (ENFP)’가 발매된다. ‘미리 좀 말해주지 그랬어’는 ‘아는 여자애’에 등장하는 송지은의 테마곡이다.",
				"sentenceSize": 137
			},
			{
				"sentenceNo": 3,
				"sentenceContent": "한시도 가만히 있지 못하고 좋아하는 사람과 대화를 이어나가고 싶고, 함께 재밌는 것들을 하고 싶은 속마음들을 담아냈다. ‘ENFP’라는 부제는 MBTI 성격 유형 중 한 유형을 의미한다.",
				"sentenceSize": 104
			},
			{
				"sentenceNo": 4,
				"sentenceContent": "발랄하고 어디로 튈지 모르는 ENFP가 좋아하는 남자애를 생각하며 SNS를 염탐하고 일거수일투족을 탐구하는 귀여운 집착이 “밥 먹는 건 까먹어도 너는 안 까먹어 난 yeah / 시도 때도 없이 네 사진을 눌러보고 있네”라는 재치있는 가사로 표현됐다.",
				"sentenceSize": 139
			},
			{
				"sentenceNo": 5,
				"sentenceContent": "신흥 ‘OST 강자’로 떠오르고 있는 로시는 특유의 사랑스러운 음색으로 ‘미리 좀 말해주지 그랬어’의 묘한 러브라인을 노래했다.",
				"sentenceSize": 71
			},
			{
				"sentenceNo": 6,
				"sentenceContent": "달콤한 EP 연주와 스윙감이 느껴지는 리얼 드럼 사운드도 색다른 느낌을 선사한다.",
				"sentenceSize": 45
			},
			{
				"sentenceNo": 7,
				"sentenceContent": "이민혁의 ‘그렇게 됐나 봐’, 치즈의 ‘Our Blue’, 데이브레이크X유키카의 ‘속이 궁금해’에 이어 로시의 ‘미리 좀 말해주지 그랬어’가 ‘아는 여자애’ 황금 OST 라인업을 완성할 전망이다.",
				"sentenceSize": 109
			},
			{
				"sentenceNo": 8,
				"sentenceContent": "로시가 가창한 네이버웹툰 ‘아는 여자애’의 새로운 OST ‘미리 좀 말해주지 그랬어’는 이날 오후 6시부터 각종 온라인 음원 사이트에서 감상할 수 있다.",
				"sentenceSize": 85
			}
		]
	},
	"labeledDataInfo": {
		"processSentenceInfo": [
			{
				"sentenceNo": 1,
				"sentenceContent": "가수 로시, 네이버웹툰 ‘아는 여자애’ OST 발매…귀여운 집착송 ‘미리 좀 말해주지 그랬어 (ENFP)’ 가수 로시가 네이버웹툰 ‘아는 여자애’ OST로 특별한 러브송을 선보인다.",
				"subjectConsistencyYn": "Y"
			},
			{
				"sentenceNo": 2,
				"sentenceContent": "20일 오후 6시 각종 온라인 음원 사이트를 통해 로시가 가창에 참여한 네이버웹툰 ‘아는 여자애’의 새로운 OST ‘미리 좀 말해주지 그랬어 (ENFP)’가 발매된다. ‘미리 좀 말해주지 그랬어’는 ‘아는 여자애’에 등장하는 송지은의 테마곡이다.",
				"subjectConsistencyYn": "Y"
			},
			{
				"sentenceNo": 3,
				"sentenceContent": "한시도 가만히 있지 못하고 좋아하는 사람과 대화를 이어나가고 싶고, 함께 재밌는 것들을 하고 싶은 속마음들을 담아냈다. ‘ENFP’라는 부제는 MBTI 성격 유형 중 한 유형을 의미한다.",
				"subjectConsistencyYn": "Y"
			},
			{
				"sentenceNo": 4,
				"sentenceContent": "발랄하고 어디로 튈지 모르는 ENFP가 좋아하는 남자애를 생각하며 SNS를 염탐하고 일거수일투족을 탐구하는 귀여운 집착이 “밥 먹는 건 까먹어도 너는 안 까먹어 난 yeah / 시도 때도 없이 네 사진을 눌러보고 있네”라는 재치있는 가사로 표현됐다.",
				"subjectConsistencyYn": "Y"
			},
			{
				"sentenceNo": 5,
				"sentenceContent": "신흥 ‘OST 강자’로 떠오르고 있는 로시는 특유의 사랑스러운 음색으로 ‘미리 좀 말해주지 그랬어’의 묘한 러브라인을 노래했다.",
				"subjectConsistencyYn": "Y"
			},
			{
				"sentenceNo": 6,
				"sentenceContent": "달콤한 EP 연주와 스윙감이 느껴지는 리얼 드럼 사운드도 색다른 느낌을 선사한다.",
				"subjectConsistencyYn": "Y"
			},
			{
				"sentenceNo": 7,
				"sentenceContent": "이민혁의 ‘그렇게 됐나 봐’, 치즈의 ‘Our Blue’, 데이브레이크X유키카의 ‘속이 궁금해’에 이어 로시의 ‘미리 좀 말해주지 그랬어’가 ‘아는 여자애’ 황금 OST 라인업을 완성할 전망이다.",
				"subjectConsistencyYn": "Y"
			},
			{
				"sentenceNo": 8,
				"sentenceContent": "온라인 중앙일보 [사진 MBC 캡처]",
				"subjectConsistencyYn": "N"
			}
		],
		"clickbaitClass": 0
	}
}