{
	"sourceDataInfo": {
		"newsID": "ET_M13_490771",
		"newsCategory": "연예",
		"newsSubcategory": "방송",
		"newsTitle": "언론단체들 “언론특위 연장, 시민참여 공영방송법 처리하라”",
		"newsSubTitle": "",
		"newsContent": "언론중재법 등 언론관계법 논의를 위한 국회 언론·미디어제도개선 특별위원회(언론특위) 활동이 이달 말 종료되는 가운데 언론단체들이 특위 활동 기한 연장을 요구했다.\n방송기자연합회·전국언론노동조합·한국기자협회·한국방송기술인연합회·한국영상기자협회·한국PD연합회 등 언론 현업단체들이 21일 국회 앞에서 기자회견을 열고 언론특위 활동 기한을 연장하고, 공영방송 지배 구조 개선 법안을 최우선으로 처리하라고 촉구했다.\n단체들은 “국회 언론특위는 12월 내 공영방송 지배구조, 포털 관련 규제, 언론중재법 개정 등의 핵심 의제에 합의를 이루기 어렵다면 당장 일주일 앞으로 다가온 활동기한을 내년까지 연장하고, 이를 통해 시민참여 공영방송법에 대한 합의안을 반드시 도출하라”고 말했다.\n또 이재명 더불어민주당 대선 후보가 “지금이 공영방송 지배구조 개선의 적기”라고 언급한 점을 들어 “연내 국민 참여 공영방송법 개정을 공언한 민주당부터 당내 단일 안을 제출하라”고 요구했다.\n국민의힘에도 “철 지난 민영화 타령을 중단하고 시민참여 공영방송법 제정에 협조하라”고 촉구했다.\n국회는 지난 9월 언론특위를 구성하고 언론중재법·정보통신망법·신문법·방송법 등의 언론관계 법안을 전반적으로 개선하기로 했다.\n하지만 두 달 만인 지난달 15일에야 첫 회의를 여는 등 성과 없이 끝나는 게 아니냐는 우려가 일각에서 나오고 있다.",
		"partNum": "P2",
		"useType": 0,
		"processType": "A",
		"processPattern": "99",
		"processLevel": "하",
		"sentenceCount": 7,
		"processSentencenum": 1,
		"sentenceInfo": [
			{
				"sentenceNo": 1,
				"sentenceContent": "언론중재법 등 언론관계법 논의를 위한 국회 언론·미디어제도개선 특별위원회(언론특위) 활동이 이달 말 종료되는 가운데 언론단체들이 특위 활동 기한 연장을 요구했다.",
				"sentenceSize": 90
			},
			{
				"sentenceNo": 2,
				"sentenceContent": "방송기자연합회·전국언론노동조합·한국기자협회·한국방송기술인연합회·한국영상기자협회·한국PD연합회 등 언론 현업단체들이 21일 국회 앞에서 기자회견을 열고 언론특위 활동 기한을 연장하고, 공영방송 지배 구조 개선 법안을 최우선으로 처리하라고 촉구했다.",
				"sentenceSize": 137
			},
			{
				"sentenceNo": 3,
				"sentenceContent": "단체들은 “국회 언론특위는 12월 내 공영방송 지배구조, 포털 관련 규제, 언론중재법 개정 등의 핵심 의제에 합의를 이루기 어렵다면 당장 일주일 앞으로 다가온 활동기한을 내년까지 연장하고, 이를 통해 시민참여 공영방송법에 대한 합의안을 반드시 도출하라”고 말했다.",
				"sentenceSize": 147
			},
			{
				"sentenceNo": 4,
				"sentenceContent": "또 이재명 더불어민주당 대선 후보가 “지금이 공영방송 지배구조 개선의 적기”라고 언급한 점을 들어 “연내 국민 참여 공영방송법 개정을 공언한 민주당부터 당내 단일 안을 제출하라”고 요구했다.",
				"sentenceSize": 106
			},
			{
				"sentenceNo": 5,
				"sentenceContent": "국민의힘에도 “철 지난 민영화 타령을 중단하고 시민참여 공영방송법 제정에 협조하라”고 촉구했다.",
				"sentenceSize": 53
			},
			{
				"sentenceNo": 6,
				"sentenceContent": "국회는 지난 9월 언론특위를 구성하고 언론중재법·정보통신망법·신문법·방송법 등의 언론관계 법안을 전반적으로 개선하기로 했다.",
				"sentenceSize": 69
			},
			{
				"sentenceNo": 7,
				"sentenceContent": "하지만 두 달 만인 지난달 15일에야 첫 회의를 여는 등 성과 없이 끝나는 게 아니냐는 우려가 일각에서 나오고 있다.",
				"sentenceSize": 65
			}
		]
	},
	"labeledDataInfo": {
		"processSentenceInfo": [
			{
				"sentenceNo": 1,
				"sentenceContent": "언론중재법 등 언론관계법 논의를 위한 국회 언론·미디어제도개선 특별위원회(언론특위) 활동이 이달 말 종료되는 가운데 언론단체들이 특위 활동 기한 연장을 요구했다.",
				"subjectConsistencyYn": "Y"
			},
			{
				"sentenceNo": 2,
				"sentenceContent": "방송기자연합회·전국언론노동조합·한국기자협회·한국방송기술인연합회·한국영상기자협회·한국PD연합회 등 언론 현업단체들이 21일 국회 앞에서 기자회견을 열고 언론특위 활동 기한을 연장하고, 공영방송 지배 구조 개선 법안을 최우선으로 처리하라고 촉구했다.",
				"subjectConsistencyYn": "Y"
			},
			{
				"sentenceNo": 3,
				"sentenceContent": "단체들은 “국회 언론특위는 12월 내 공영방송 지배구조, 포털 관련 규제, 언론중재법 개정 등의 핵심 의제에 합의를 이루기 어렵다면 당장 일주일 앞으로 다가온 활동기한을 내년까지 연장하고, 이를 통해 시민참여 공영방송법에 대한 합의안을 반드시 도출하라”고 말했다.",
				"subjectConsistencyYn": "Y"
			},
			{
				"sentenceNo": 4,
				"sentenceContent": "또 이재명 더불어민주당 대선 후보가 “지금이 공영방송 지배구조 개선의 적기”라고 언급한 점을 들어 “연내 국민 참여 공영방송법 개정을 공언한 민주당부터 당내 단일 안을 제출하라”고 요구했다.",
				"subjectConsistencyYn": "Y"
			},
			{
				"sentenceNo": 5,
				"sentenceContent": "국민의힘에도 “철 지난 민영화 타령을 중단하고 시민참여 공영방송법 제정에 협조하라”고 촉구했다.",
				"subjectConsistencyYn": "Y"
			},
			{
				"sentenceNo": 6,
				"sentenceContent": "국회는 지난 9월 언론특위를 구성하고 언론중재법·정보통신망법·신문법·방송법 등의 언론관계 법안을 전반적으로 개선하기로 했다.",
				"subjectConsistencyYn": "Y"
			},
			{
				"sentenceNo": 7,
				"sentenceContent": "2019년 3월 nct 태일이 피쳐링에 참여한 데뷔곡’보라색’이후로 다양한 싱글을 발표하고 솔로 활동을 하고있는 솔희가 이번에도‘수선화’와 함께 좋은 반응을 얻을 전망이다.",
				"subjectConsistencyYn": "N"
			}
		],
		"clickbaitClass": 0
	}
}