{
	"sourceDataInfo": {
		"newsID": "ET_M13_490767",
		"newsCategory": "연예",
		"newsSubcategory": "연예일반",
		"newsTitle": "배우 오승윤, ‘정변의 아이콘’[화보]",
		"newsSubTitle": "",
		"newsContent": "[화보] 배우 오승윤, ‘정변의 아이콘’ 배우 오승윤이 SNS 계정을 통해 공개했다.\n사진 속 오승윤은 브라운 컬러의 스웨터를 입고 무심한 듯 어딘가를 바라보고 있다.\n오승윤 에이전트는 “늦은 오후의 햇살과 같은 조명아래 치명적인 눈빛을 더해 나른한 매력을 뽐냈다”며 “사진 속 오승윤은 안경 하나로 반전된 분위기를 연출, 지적인 매력을 발산했다. 더욱 깊어진 눈빛을 뿜어내 이전보다 더 성숙해진 분위기로 눈길을 끈다”고 전했다.\n티앤아이컬쳐스 소속 오승윤은 1996년 MBC ‘자반고등어’로 아역 데뷔한 뒤, 2003년 SBS 연기대상 아역상과 2004년 KBS 연기대상 청소년부문상을 받으며 어린 시절부터 연기력을 인정받았다.\n사극 ‘여인천하’에서 ‘복성군’ 역할로 국민적인 사랑을 받기도 했던 그는 한양대 연극영화과에 진학, 성인 연기자로 변신 ‘막돼먹은 영애씨’, ‘저 하늘에 태양이’, ‘강덕순 애정 변천사’, ‘황후의 품격’ 등에 출연하며 탄탄한 드라마그래피를 쌓아왔다.\n오승윤은 올해 제대 후 오랫동안 기다려온 팬들과 만나기 위해 현재 차기작을 모색하고 있다.\n오승윤이 어떤 작품을 통해 시청자들과 만나게 될지 기대된다.",
		"partNum": "P2",
		"useType": 0,
		"processType": "A",
		"processPattern": "99",
		"processLevel": "하",
		"sentenceCount": 7,
		"processSentencenum": 1,
		"sentenceInfo": [
			{
				"sentenceNo": 1,
				"sentenceContent": "[화보] 배우 오승윤, ‘정변의 아이콘’ 배우 오승윤이 SNS 계정을 통해 공개했다.",
				"sentenceSize": 47
			},
			{
				"sentenceNo": 2,
				"sentenceContent": "사진 속 오승윤은 브라운 컬러의 스웨터를 입고 무심한 듯 어딘가를 바라보고 있다.",
				"sentenceSize": 45
			},
			{
				"sentenceNo": 3,
				"sentenceContent": "오승윤 에이전트는 “늦은 오후의 햇살과 같은 조명아래 치명적인 눈빛을 더해 나른한 매력을 뽐냈다”며 “사진 속 오승윤은 안경 하나로 반전된 분위기를 연출, 지적인 매력을 발산했다. 더욱 깊어진 눈빛을 뿜어내 이전보다 더 성숙해진 분위기로 눈길을 끈다”고 전했다.",
				"sentenceSize": 146
			},
			{
				"sentenceNo": 4,
				"sentenceContent": "티앤아이컬쳐스 소속 오승윤은 1996년 MBC ‘자반고등어’로 아역 데뷔한 뒤, 2003년 SBS 연기대상 아역상과 2004년 KBS 연기대상 청소년부문상을 받으며 어린 시절부터 연기력을 인정받았다.",
				"sentenceSize": 111
			},
			{
				"sentenceNo": 5,
				"sentenceContent": "사극 ‘여인천하’에서 ‘복성군’ 역할로 국민적인 사랑을 받기도 했던 그는 한양대 연극영화과에 진학, 성인 연기자로 변신 ‘막돼먹은 영애씨’, ‘저 하늘에 태양이’, ‘강덕순 애정 변천사’, ‘황후의 품격’ 등에 출연하며 탄탄한 드라마그래피를 쌓아왔다.",
				"sentenceSize": 140
			},
			{
				"sentenceNo": 6,
				"sentenceContent": "오승윤은 올해 제대 후 오랫동안 기다려온 팬들과 만나기 위해 현재 차기작을 모색하고 있다.",
				"sentenceSize": 50
			},
			{
				"sentenceNo": 7,
				"sentenceContent": "오승윤이 어떤 작품을 통해 시청자들과 만나게 될지 기대된다.",
				"sentenceSize": 33
			}
		]
	},
	"labeledDataInfo": {
		"processSentenceInfo": [
			{
				"sentenceNo": 1,
				"sentenceContent": "[화보] 배우 오승윤, ‘정변의 아이콘’ 배우 오승윤이 SNS 계정을 통해 공개했다.",
				"subjectConsistencyYn": "Y"
			},
			{
				"sentenceNo": 2,
				"sentenceContent": "사진 속 오승윤은 브라운 컬러의 스웨터를 입고 무심한 듯 어딘가를 바라보고 있다.",
				"subjectConsistencyYn": "Y"
			},
			{
				"sentenceNo": 3,
				"sentenceContent": "오승윤 에이전트는 “늦은 오후의 햇살과 같은 조명아래 치명적인 눈빛을 더해 나른한 매력을 뽐냈다”며 “사진 속 오승윤은 안경 하나로 반전된 분위기를 연출, 지적인 매력을 발산했다. 더욱 깊어진 눈빛을 뿜어내 이전보다 더 성숙해진 분위기로 눈길을 끈다”고 전했다.",
				"subjectConsistencyYn": "Y"
			},
			{
				"sentenceNo": 4,
				"sentenceContent": "티앤아이컬쳐스 소속 오승윤은 1996년 MBC ‘자반고등어’로 아역 데뷔한 뒤, 2003년 SBS 연기대상 아역상과 2004년 KBS 연기대상 청소년부문상을 받으며 어린 시절부터 연기력을 인정받았다.",
				"subjectConsistencyYn": "Y"
			},
			{
				"sentenceNo": 5,
				"sentenceContent": "사극 ‘여인천하’에서 ‘복성군’ 역할로 국민적인 사랑을 받기도 했던 그는 한양대 연극영화과에 진학, 성인 연기자로 변신 ‘막돼먹은 영애씨’, ‘저 하늘에 태양이’, ‘강덕순 애정 변천사’, ‘황후의 품격’ 등에 출연하며 탄탄한 드라마그래피를 쌓아왔다.",
				"subjectConsistencyYn": "Y"
			},
			{
				"sentenceNo": 6,
				"sentenceContent": "오승윤은 올해 제대 후 오랫동안 기다려온 팬들과 만나기 위해 현재 차기작을 모색하고 있다.",
				"subjectConsistencyYn": "Y"
			},
			{
				"sentenceNo": 7,
				"sentenceContent": "해당 앨범은 ‘톱 앨범 세일즈’ 차트에도 54위에 올랐으며, 지난 2020년 11월 공개된 앨범 ‘BE’는 ‘톱 커런트 앨범 세일즈’ 43위, ‘톱 앨범 세일즈’ 81위에 랭크됐다.",
				"subjectConsistencyYn": "N"
			},
			{
				"sentenceNo": 8,
				"sentenceContent": "한편 SBS 월화드라마 ‘그 해 우리는’ OST 중 방탄소년단 뷔가 부른 ‘Christmas Tree’는 ‘핫 100’ 차트 79위를 비롯해 ‘디지털 송 세일즈’ 1위, ‘톱 셀링 송’ 1위, ‘캐나디안 디지털 송 세일즈’ 2위, ‘핫 트렌딩 송즈’ 주간차트 4위를 기록했다.",
				"subjectConsistencyYn": "N"
			}
		],
		"clickbaitClass": 0
	}
}