{
	"sourceDataInfo": {
		"newsID": "ET_M13_490604",
		"newsCategory": "연예",
		"newsSubcategory": "방송",
		"newsTitle": "‘1박2일’ 혜리, 걸스데이 시절 흥 대방출",
		"newsSubTitle": "",
		"newsContent": "걸그룹 걸스데이 출신의 혜리가 KBS2 ‘1박2일’에서 파워 아이돌의 귀환을 알린다. 19일 방송되는 KBS2 예능 ‘1박2일 시즌4’(이하 1박2일) ‘목포의 맛’ 특집에서는 초대손님 혜리와 함께 하는 목포 식도락 여행기가 펼쳐진다.\n지난주에 이어 혜리는 지치지 않는 열정과 흥을 방출한다.\n식당, 차 안, 심지어는 길거리까지, 여행지 곳곳을 누비면서도 시도 때도 없이 댄스 파티를 벌인다.\n특히 연기자로 활동 중인 혜리는 오랜만에 걸스데이 시절로 돌아가 히트곡의 안무 메들리를 각 잡고 선보인다.\n상큼한 분위기의 ‘달링’부터 매혹적인 ‘썸띵’과 ‘기대해’의 멜빵 춤까지 보여준다.\n말릴 수 없는 그의 ‘아이돌 본능’에 멤버들도 덩달아 흥을 뽐냈다는 후문이다.\n그는 음악이 끊겨도 아랑곳하지 않고 무반주 댄스를 이어간다.\n직접 노래를 불러 ‘자급자족’ 반주를 만들어내는 것은 물론 센터 본능과 ‘엔딩 요정’의 면모까지 보일 예정이다.\n혜리가 출연하는 KBS2 ‘1박2일’은 19일 오후 6시30분 방송된다.",
		"partNum": "P2",
		"useType": 0,
		"processType": "A",
		"processPattern": "99",
		"processLevel": "하",
		"sentenceCount": 9,
		"processSentencenum": 2,
		"sentenceInfo": [
			{
				"sentenceNo": 1,
				"sentenceContent": "걸그룹 걸스데이 출신의 혜리가 KBS2 ‘1박2일’에서 파워 아이돌의 귀환을 알린다. 19일 방송되는 KBS2 예능 ‘1박2일 시즌4’(이하 1박2일) ‘목포의 맛’ 특집에서는 초대손님 혜리와 함께 하는 목포 식도락 여행기가 펼쳐진다.",
				"sentenceSize": 131
			},
			{
				"sentenceNo": 2,
				"sentenceContent": "지난주에 이어 혜리는 지치지 않는 열정과 흥을 방출한다.",
				"sentenceSize": 31
			},
			{
				"sentenceNo": 3,
				"sentenceContent": "식당, 차 안, 심지어는 길거리까지, 여행지 곳곳을 누비면서도 시도 때도 없이 댄스 파티를 벌인다.",
				"sentenceSize": 55
			},
			{
				"sentenceNo": 4,
				"sentenceContent": "특히 연기자로 활동 중인 혜리는 오랜만에 걸스데이 시절로 돌아가 히트곡의 안무 메들리를 각 잡고 선보인다.",
				"sentenceSize": 59
			},
			{
				"sentenceNo": 5,
				"sentenceContent": "상큼한 분위기의 ‘달링’부터 매혹적인 ‘썸띵’과 ‘기대해’의 멜빵 춤까지 보여준다.",
				"sentenceSize": 46
			},
			{
				"sentenceNo": 6,
				"sentenceContent": "말릴 수 없는 그의 ‘아이돌 본능’에 멤버들도 덩달아 흥을 뽐냈다는 후문이다.",
				"sentenceSize": 43
			},
			{
				"sentenceNo": 7,
				"sentenceContent": "그는 음악이 끊겨도 아랑곳하지 않고 무반주 댄스를 이어간다.",
				"sentenceSize": 33
			},
			{
				"sentenceNo": 8,
				"sentenceContent": "직접 노래를 불러 ‘자급자족’ 반주를 만들어내는 것은 물론 센터 본능과 ‘엔딩 요정’의 면모까지 보일 예정이다.",
				"sentenceSize": 62
			},
			{
				"sentenceNo": 9,
				"sentenceContent": "혜리가 출연하는 KBS2 ‘1박2일’은 19일 오후 6시30분 방송된다.",
				"sentenceSize": 40
			}
		]
	},
	"labeledDataInfo": {
		"processSentenceInfo": [
			{
				"sentenceNo": 1,
				"sentenceContent": "걸그룹 걸스데이 출신의 혜리가 KBS2 ‘1박2일’에서 파워 아이돌의 귀환을 알린다. 19일 방송되는 KBS2 예능 ‘1박2일 시즌4’(이하 1박2일) ‘목포의 맛’ 특집에서는 초대손님 혜리와 함께 하는 목포 식도락 여행기가 펼쳐진다.",
				"subjectConsistencyYn": "Y"
			},
			{
				"sentenceNo": 2,
				"sentenceContent": "지난주에 이어 혜리는 지치지 않는 열정과 흥을 방출한다.",
				"subjectConsistencyYn": "Y"
			},
			{
				"sentenceNo": 3,
				"sentenceContent": "식당, 차 안, 심지어는 길거리까지, 여행지 곳곳을 누비면서도 시도 때도 없이 댄스 파티를 벌인다.",
				"subjectConsistencyYn": "Y"
			},
			{
				"sentenceNo": 4,
				"sentenceContent": "특히 연기자로 활동 중인 혜리는 오랜만에 걸스데이 시절로 돌아가 히트곡의 안무 메들리를 각 잡고 선보인다.",
				"subjectConsistencyYn": "Y"
			},
			{
				"sentenceNo": 5,
				"sentenceContent": "상큼한 분위기의 ‘달링’부터 매혹적인 ‘썸띵’과 ‘기대해’의 멜빵 춤까지 보여준다.",
				"subjectConsistencyYn": "Y"
			},
			{
				"sentenceNo": 6,
				"sentenceContent": "말릴 수 없는 그의 ‘아이돌 본능’에 멤버들도 덩달아 흥을 뽐냈다는 후문이다.",
				"subjectConsistencyYn": "Y"
			},
			{
				"sentenceNo": 7,
				"sentenceContent": "그는 음악이 끊겨도 아랑곳하지 않고 무반주 댄스를 이어간다.",
				"subjectConsistencyYn": "Y"
			},
			{
				"sentenceNo": 8,
				"sentenceContent": "온라인 중앙일보‘샤이니 신곡’[사진 SM 엔터테인먼트 캡처]",
				"subjectConsistencyYn": "N"
			}
		],
		"clickbaitClass": 0
	}
}