{
	"sourceDataInfo": {
		"newsID": "ET_M13_490742",
		"newsCategory": "연예",
		"newsSubcategory": "방송",
		"newsTitle": "‘쇼윈도’ 송윤아, 4색 아우라",
		"newsSubTitle": "",
		"newsContent": "채널A 월화드라마 ‘쇼윈도:여왕의 집’(극본 한보경, 박혜영 / 연출 강솔, 박대희)에서 타운하우스의 여왕 한선주 역을 맡아 열연을 펼치고 있는 송윤아가 비하인드 스틸을 공개했다.\n공개된 스틸 속 송윤아는 범접불가한 아우라로 시선을 사로잡고 있다.\n아이들을 위해 남편의 불륜을 감내하기로 결심한 후 서늘함이 감도는 표정부터 난처한 상황을 돌파하는 카리스마, 온화한 미소까지 다양한 모습으로 시선을 사로잡는다.\n극 중 사회복지 재단 ‘혜솔’ 이사장이자 세계적 패션그룹 라헨의 장녀 한선주를 연기하는 송윤아는 미모를 더욱 돋보이게 하는 세련되고 고급스러운 스타일링으로 시청자들의 폭발적인 반응을 이끌어내고 있다.\n공개된 스틸에서도 송윤아의 고혹적인 아름다움과 우아한 분위기를 엿볼 수 있다.\n송윤아는 믿었던 사람들에게 배신 당한 후 충격과 배신감을 삼킨 냉정한 모습부터 포효하며 분노를 표출해내는 등 극한의 감정을 오가는 명품 연기를 선보이며 ‘쇼윈도:여왕의 집’ 시청률 상승세를 이끌고 있다.\n예측할 수 없는 전개 속 송윤아의 활약이 돋보이는 ‘쇼윈도:여왕의 집’은 매주 월, 화요일 밤 10시 30분에 방송된다.",
		"partNum": "P2",
		"useType": 0,
		"processType": "A",
		"processPattern": "99",
		"processLevel": "하",
		"sentenceCount": 7,
		"processSentencenum": 1,
		"sentenceInfo": [
			{
				"sentenceNo": 1,
				"sentenceContent": "채널A 월화드라마 ‘쇼윈도:여왕의 집’(극본 한보경, 박혜영 / 연출 강솔, 박대희)에서 타운하우스의 여왕 한선주 역을 맡아 열연을 펼치고 있는 송윤아가 비하인드 스틸을 공개했다.",
				"sentenceSize": 100
			},
			{
				"sentenceNo": 2,
				"sentenceContent": "공개된 스틸 속 송윤아는 범접불가한 아우라로 시선을 사로잡고 있다.",
				"sentenceSize": 37
			},
			{
				"sentenceNo": 3,
				"sentenceContent": "아이들을 위해 남편의 불륜을 감내하기로 결심한 후 서늘함이 감도는 표정부터 난처한 상황을 돌파하는 카리스마, 온화한 미소까지 다양한 모습으로 시선을 사로잡는다.",
				"sentenceSize": 89
			},
			{
				"sentenceNo": 4,
				"sentenceContent": "극 중 사회복지 재단 ‘혜솔’ 이사장이자 세계적 패션그룹 라헨의 장녀 한선주를 연기하는 송윤아는 미모를 더욱 돋보이게 하는 세련되고 고급스러운 스타일링으로 시청자들의 폭발적인 반응을 이끌어내고 있다.",
				"sentenceSize": 111
			},
			{
				"sentenceNo": 5,
				"sentenceContent": "공개된 스틸에서도 송윤아의 고혹적인 아름다움과 우아한 분위기를 엿볼 수 있다.",
				"sentenceSize": 43
			},
			{
				"sentenceNo": 6,
				"sentenceContent": "송윤아는 믿었던 사람들에게 배신 당한 후 충격과 배신감을 삼킨 냉정한 모습부터 포효하며 분노를 표출해내는 등 극한의 감정을 오가는 명품 연기를 선보이며 ‘쇼윈도:여왕의 집’ 시청률 상승세를 이끌고 있다.",
				"sentenceSize": 113
			},
			{
				"sentenceNo": 7,
				"sentenceContent": "예측할 수 없는 전개 속 송윤아의 활약이 돋보이는 ‘쇼윈도:여왕의 집’은 매주 월, 화요일 밤 10시 30분에 방송된다.",
				"sentenceSize": 67
			}
		]
	},
	"labeledDataInfo": {
		"processSentenceInfo": [
			{
				"sentenceNo": 1,
				"sentenceContent": "채널A 월화드라마 ‘쇼윈도:여왕의 집’(극본 한보경, 박혜영 / 연출 강솔, 박대희)에서 타운하우스의 여왕 한선주 역을 맡아 열연을 펼치고 있는 송윤아가 비하인드 스틸을 공개했다.",
				"subjectConsistencyYn": "Y"
			},
			{
				"sentenceNo": 2,
				"sentenceContent": "공개된 스틸 속 송윤아는 범접불가한 아우라로 시선을 사로잡고 있다.",
				"subjectConsistencyYn": "Y"
			},
			{
				"sentenceNo": 3,
				"sentenceContent": "아이들을 위해 남편의 불륜을 감내하기로 결심한 후 서늘함이 감도는 표정부터 난처한 상황을 돌파하는 카리스마, 온화한 미소까지 다양한 모습으로 시선을 사로잡는다.",
				"subjectConsistencyYn": "Y"
			},
			{
				"sentenceNo": 4,
				"sentenceContent": "극 중 사회복지 재단 ‘혜솔’ 이사장이자 세계적 패션그룹 라헨의 장녀 한선주를 연기하는 송윤아는 미모를 더욱 돋보이게 하는 세련되고 고급스러운 스타일링으로 시청자들의 폭발적인 반응을 이끌어내고 있다.",
				"subjectConsistencyYn": "Y"
			},
			{
				"sentenceNo": 5,
				"sentenceContent": "공개된 스틸에서도 송윤아의 고혹적인 아름다움과 우아한 분위기를 엿볼 수 있다.",
				"subjectConsistencyYn": "Y"
			},
			{
				"sentenceNo": 6,
				"sentenceContent": "송윤아는 믿었던 사람들에게 배신 당한 후 충격과 배신감을 삼킨 냉정한 모습부터 포효하며 분노를 표출해내는 등 극한의 감정을 오가는 명품 연기를 선보이며 ‘쇼윈도:여왕의 집’ 시청률 상승세를 이끌고 있다.",
				"subjectConsistencyYn": "Y"
			},
			{
				"sentenceNo": 7,
				"sentenceContent": "한편 이날 방송분에서는 최유정의 과거 '흑역사' 졸업 사진이 공개돼 시청자들에게 웃음을 안기기도 했다.",
				"subjectConsistencyYn": "N"
			},
			{
				"sentenceNo": 8,
				"sentenceContent": "온라인 중앙일보 [사진 tvN '현장토크쇼 택시' 캡처]",
				"subjectConsistencyYn": "N"
			}
		],
		"clickbaitClass": 0
	}
}