{
	"sourceDataInfo": {
		"newsID": "ET_M13_490664",
		"newsCategory": "연예",
		"newsSubcategory": "음악",
		"newsTitle": "BTS, '세계인이 가장 사랑하는 K팝스타' 6년 연속 1위",
		"newsSubTitle": "",
		"newsContent": "KBS 월드라디오, 208개국 청취자 120만여명 대상 설문 그룹 방탄소년단(BTS)이 6년 연속 세계인이 가장 사랑하는 K팝 가수로 꼽혔다.\nKBS 월드라디오는 전 세계 122만5000여명을 대상으로 설문조사를 한 결과 세계인들이 뽑은 ‘올해의 가수’ 1위는 방탄소년단(24.98%)이 차지했다고 20일 밝혔다.\n이로써 방탄소년단은 KBS 월드라디오가 2016년부터 실시한 설문에서 6년 연속 정상 자리를 지켰다.\n방탄소년단은 또 ‘올해의 보이그룹’ 부문에서도 1위(47.15%)를 차지했으며, ‘올해의 노래’ 부문 상위 5개곡에 ‘버터’(2위), ‘퍼미션 투 댄스’(4위), ‘다이너마이트’(5위) 등 3곡을 올려 단일 아티스트로서는 최다 득표율을 기록했다.\n방탄소년단은 이날 디지털 싱글 ‘버터(Butter)’로 일본 레코드협회로부터 ‘플래티넘’ 인증을 받았다.\n또 ‘퍼미션 투 댄스(Permission to Dance)’ 뮤직비디오가 4억뷰를 돌파하는 등 여러 경사를 알렸다.\n김영대 대중문화평론가는 세계인이 열광하는 K팝의 인기 비결에 대해 “독보적인 퍼포먼스”라면서 “향후에는 K팝에 메타버스, 대체불가토큰(NFT)과 같은 신기술이 더해져 하나의 복합 산업으로서 더 큰 성장세를 보일 것”이라고 예측했다.\n이번 조사는 지난달 22일부터 이달 6일까지 KBS 월드라디오 홈페이지와 모바일 앱을 통해 진행됐으며 208개국에서 122만5774명이 참여했다.\n이번 조사 결과를 토대로 연말 특집 ‘세계인이 사랑한 올해의 K팝’이 오는 25일과 26일 이틀에 걸쳐 10개 국어로 방송될 예정이다.\n자세한 설문 결과는 KBS 월드라디오 홈페이지(world.kbs.co.kr)와 모바일 앱에서 확인할 수 있다.",
		"partNum": "P2",
		"useType": 0,
		"processType": "A",
		"processPattern": "99",
		"processLevel": "하",
		"sentenceCount": 10,
		"processSentencenum": 2,
		"sentenceInfo": [
			{
				"sentenceNo": 1,
				"sentenceContent": "KBS 월드라디오, 208개국 청취자 120만여명 대상 설문 그룹 방탄소년단(BTS)이 6년 연속 세계인이 가장 사랑하는 K팝 가수로 꼽혔다.",
				"sentenceSize": 79
			},
			{
				"sentenceNo": 2,
				"sentenceContent": "KBS 월드라디오는 전 세계 122만5000여명을 대상으로 설문조사를 한 결과 세계인들이 뽑은 ‘올해의 가수’ 1위는 방탄소년단(24.98%)이 차지했다고 20일 밝혔다.",
				"sentenceSize": 95
			},
			{
				"sentenceNo": 3,
				"sentenceContent": "이로써 방탄소년단은 KBS 월드라디오가 2016년부터 실시한 설문에서 6년 연속 정상 자리를 지켰다.",
				"sentenceSize": 56
			},
			{
				"sentenceNo": 4,
				"sentenceContent": "방탄소년단은 또 ‘올해의 보이그룹’ 부문에서도 1위(47.15%)를 차지했으며, ‘올해의 노래’ 부문 상위 5개곡에 ‘버터’(2위), ‘퍼미션 투 댄스’(4위), ‘다이너마이트’(5위) 등 3곡을 올려 단일 아티스트로서는 최다 득표율을 기록했다.",
				"sentenceSize": 137
			},
			{
				"sentenceNo": 5,
				"sentenceContent": "방탄소년단은 이날 디지털 싱글 ‘버터(Butter)’로 일본 레코드협회로부터 ‘플래티넘’ 인증을 받았다.",
				"sentenceSize": 58
			},
			{
				"sentenceNo": 6,
				"sentenceContent": "또 ‘퍼미션 투 댄스(Permission to Dance)’ 뮤직비디오가 4억뷰를 돌파하는 등 여러 경사를 알렸다.",
				"sentenceSize": 64
			},
			{
				"sentenceNo": 7,
				"sentenceContent": "김영대 대중문화평론가는 세계인이 열광하는 K팝의 인기 비결에 대해 “독보적인 퍼포먼스”라면서 “향후에는 K팝에 메타버스, 대체불가토큰(NFT)과 같은 신기술이 더해져 하나의 복합 산업으로서 더 큰 성장세를 보일 것”이라고 예측했다.",
				"sentenceSize": 129
			},
			{
				"sentenceNo": 8,
				"sentenceContent": "이번 조사는 지난달 22일부터 이달 6일까지 KBS 월드라디오 홈페이지와 모바일 앱을 통해 진행됐으며 208개국에서 122만5774명이 참여했다.",
				"sentenceSize": 81
			},
			{
				"sentenceNo": 9,
				"sentenceContent": "이번 조사 결과를 토대로 연말 특집 ‘세계인이 사랑한 올해의 K팝’이 오는 25일과 26일 이틀에 걸쳐 10개 국어로 방송될 예정이다.",
				"sentenceSize": 75
			},
			{
				"sentenceNo": 10,
				"sentenceContent": "자세한 설문 결과는 KBS 월드라디오 홈페이지(world.kbs.co.kr)와 모바일 앱에서 확인할 수 있다.",
				"sentenceSize": 61
			}
		]
	},
	"labeledDataInfo": {
		"processSentenceInfo": [
			{
				"sentenceNo": 1,
				"sentenceContent": "KBS 월드라디오, 208개국 청취자 120만여명 대상 설문 그룹 방탄소년단(BTS)이 6년 연속 세계인이 가장 사랑하는 K팝 가수로 꼽혔다.",
				"subjectConsistencyYn": "Y"
			},
			{
				"sentenceNo": 2,
				"sentenceContent": "KBS 월드라디오는 전 세계 122만5000여명을 대상으로 설문조사를 한 결과 세계인들이 뽑은 ‘올해의 가수’ 1위는 방탄소년단(24.98%)이 차지했다고 20일 밝혔다.",
				"subjectConsistencyYn": "Y"
			},
			{
				"sentenceNo": 3,
				"sentenceContent": "이로써 방탄소년단은 KBS 월드라디오가 2016년부터 실시한 설문에서 6년 연속 정상 자리를 지켰다.",
				"subjectConsistencyYn": "Y"
			},
			{
				"sentenceNo": 4,
				"sentenceContent": "방탄소년단은 또 ‘올해의 보이그룹’ 부문에서도 1위(47.15%)를 차지했으며, ‘올해의 노래’ 부문 상위 5개곡에 ‘버터’(2위), ‘퍼미션 투 댄스’(4위), ‘다이너마이트’(5위) 등 3곡을 올려 단일 아티스트로서는 최다 득표율을 기록했다.",
				"subjectConsistencyYn": "Y"
			},
			{
				"sentenceNo": 5,
				"sentenceContent": "방탄소년단은 이날 디지털 싱글 ‘버터(Butter)’로 일본 레코드협회로부터 ‘플래티넘’ 인증을 받았다.",
				"subjectConsistencyYn": "Y"
			},
			{
				"sentenceNo": 6,
				"sentenceContent": "또 ‘퍼미션 투 댄스(Permission to Dance)’ 뮤직비디오가 4억뷰를 돌파하는 등 여러 경사를 알렸다.",
				"subjectConsistencyYn": "Y"
			},
			{
				"sentenceNo": 7,
				"sentenceContent": "김영대 대중문화평론가는 세계인이 열광하는 K팝의 인기 비결에 대해 “독보적인 퍼포먼스”라면서 “향후에는 K팝에 메타버스, 대체불가토큰(NFT)과 같은 신기술이 더해져 하나의 복합 산업으로서 더 큰 성장세를 보일 것”이라고 예측했다.",
				"subjectConsistencyYn": "Y"
			},
			{
				"sentenceNo": 8,
				"sentenceContent": "이번 조사는 지난달 22일부터 이달 6일까지 KBS 월드라디오 홈페이지와 모바일 앱을 통해 진행됐으며 208개국에서 122만5774명이 참여했다.",
				"subjectConsistencyYn": "Y"
			},
			{
				"sentenceNo": 9,
				"sentenceContent": "유니버스 뮤직은 지난 1월 IZ*ONE(아이즈원) ‘D-D-DANCE’, 2월 조수미·비 ‘수호신(Guardians)’, 3월 박지훈 ‘Call U Up(Feat. 이하이)’, 4월 (여자)아이들 ‘Last Dance(Prod. GroovyRoom)’, 5월 강다니엘 ‘Outerspace(Feat. 로꼬)’, AB6IX ‘GEMINI’, 7월 CIX ‘TESSERACT(Prod. 후이, Minit)’, 더보이즈(THE BOYZ) ‘Drink It’, 몬스타엑스(MONSTA X) ‘KISS OR DEATH’, 9월 아스트로(ASTRO) ‘ALIVE’, 우주소녀 ‘너의 세계로(Let Me In)’, 10월 위아이(WEi) ‘반 고흐의 밤(Starry Night)(prod. dress)’, 11월 드리핀(DRIPPIN) ‘VERTIGO’ 등 완성도 높은 음원과 화려한 뮤직비디오를 공개하며 호평받았다.",
				"subjectConsistencyYn": "N"
			},
			{
				"sentenceNo": 10,
				"sentenceContent": "한편 오마이걸의 신곡 ‘Shark’는 오는 23일 오후 6시 각종 온라인 음원 사이트를 통해 발매된다.",
				"subjectConsistencyYn": "N"
			}
		],
		"clickbaitClass": 0
	}
}