{
	"sourceDataInfo": {
		"newsID": "ET_M13_490470",
		"newsCategory": "연예",
		"newsSubcategory": "연예일반",
		"newsTitle": "이동국 딸 재시·재아 학폭 주장 누리꾼, 사과 후 댓글 삭제",
		"newsSubTitle": "",
		"newsContent": "이동국 딸 재시·재아 학교폭력을 주장했던 누리꾼이 사과했다.\n재시·재아 학교폭력을 주장했던 누리꾼은 16일 유튜브에 댓글로 “재시·재아 및 가족분들, 팬분들께 진심으로 사과드린다”며 “죄송하다”라고 했다.\n이와 함께 이들 자매의 학교폭력을 주장했던 댓글을 모두 삭제했다.\n자신을 국제학교 동창이라고 밝힌 A씨는 이날 “재시·재아가 친구를 따돌림 시켜 강제전학을 당했다”며 “친구에게 강제로 잡초를 먹이고 화장실에서 사진을 찍는 등 피해자에게 평생 잊지 못할 트라우마를 만들었다”고 주장했다.\nA씨의 주장이 나오자 마자 이들 자매는 학폭 의혹을 전면 부인했다.\n이재아양은 이날 인스타그램에 “저와 재시는 해당 국제학교에 다닌 적도 없고, 다른 학교에서 강제전학을 당한 적도 없다”고 강조했다.\n이동국 아내 이수진도 반박과 함께 경고글을 남겼다.\n이수진은 A씨의 댓글에 “해명가치도 없는 댓글”이라며 “재시·재아는 그 어떤 친구와 뉴스에서나 나올 법한 일들을 경험한 적이 없다”고 강조했다.\n그러면서 “어린학생이 재미로 이러는 것 같은데, 당장 사과하고 다시는 어디에서도 이런 댓글로 장난하지 말아달라”며 “경찰서 갈 수 있다”고 했다.",
		"partNum": "P2",
		"useType": 0,
		"processType": "A",
		"processPattern": "99",
		"processLevel": "하",
		"sentenceCount": 9,
		"processSentencenum": 2,
		"sentenceInfo": [
			{
				"sentenceNo": 1,
				"sentenceContent": "이동국 딸 재시·재아 학교폭력을 주장했던 누리꾼이 사과했다.",
				"sentenceSize": 33
			},
			{
				"sentenceNo": 2,
				"sentenceContent": "재시·재아 학교폭력을 주장했던 누리꾼은 16일 유튜브에 댓글로 “재시·재아 및 가족분들, 팬분들께 진심으로 사과드린다”며 “죄송하다”라고 했다.",
				"sentenceSize": 80
			},
			{
				"sentenceNo": 3,
				"sentenceContent": "이와 함께 이들 자매의 학교폭력을 주장했던 댓글을 모두 삭제했다.",
				"sentenceSize": 36
			},
			{
				"sentenceNo": 4,
				"sentenceContent": "자신을 국제학교 동창이라고 밝힌 A씨는 이날 “재시·재아가 친구를 따돌림 시켜 강제전학을 당했다”며 “친구에게 강제로 잡초를 먹이고 화장실에서 사진을 찍는 등 피해자에게 평생 잊지 못할 트라우마를 만들었다”고 주장했다.",
				"sentenceSize": 122
			},
			{
				"sentenceNo": 5,
				"sentenceContent": "A씨의 주장이 나오자 마자 이들 자매는 학폭 의혹을 전면 부인했다.",
				"sentenceSize": 37
			},
			{
				"sentenceNo": 6,
				"sentenceContent": "이재아양은 이날 인스타그램에 “저와 재시는 해당 국제학교에 다닌 적도 없고, 다른 학교에서 강제전학을 당한 적도 없다”고 강조했다.",
				"sentenceSize": 73
			},
			{
				"sentenceNo": 7,
				"sentenceContent": "이동국 아내 이수진도 반박과 함께 경고글을 남겼다.",
				"sentenceSize": 28
			},
			{
				"sentenceNo": 8,
				"sentenceContent": "이수진은 A씨의 댓글에 “해명가치도 없는 댓글”이라며 “재시·재아는 그 어떤 친구와 뉴스에서나 나올 법한 일들을 경험한 적이 없다”고 강조했다.",
				"sentenceSize": 80
			},
			{
				"sentenceNo": 9,
				"sentenceContent": "그러면서 “어린학생이 재미로 이러는 것 같은데, 당장 사과하고 다시는 어디에서도 이런 댓글로 장난하지 말아달라”며 “경찰서 갈 수 있다”고 했다.",
				"sentenceSize": 81
			}
		]
	},
	"labeledDataInfo": {
		"processSentenceInfo": [
			{
				"sentenceNo": 1,
				"sentenceContent": "이동국 딸 재시·재아 학교폭력을 주장했던 누리꾼이 사과했다.",
				"subjectConsistencyYn": "Y"
			},
			{
				"sentenceNo": 2,
				"sentenceContent": "재시·재아 학교폭력을 주장했던 누리꾼은 16일 유튜브에 댓글로 “재시·재아 및 가족분들, 팬분들께 진심으로 사과드린다”며 “죄송하다”라고 했다.",
				"subjectConsistencyYn": "Y"
			},
			{
				"sentenceNo": 3,
				"sentenceContent": "이와 함께 이들 자매의 학교폭력을 주장했던 댓글을 모두 삭제했다.",
				"subjectConsistencyYn": "Y"
			},
			{
				"sentenceNo": 4,
				"sentenceContent": "자신을 국제학교 동창이라고 밝힌 A씨는 이날 “재시·재아가 친구를 따돌림 시켜 강제전학을 당했다”며 “친구에게 강제로 잡초를 먹이고 화장실에서 사진을 찍는 등 피해자에게 평생 잊지 못할 트라우마를 만들었다”고 주장했다.",
				"subjectConsistencyYn": "Y"
			},
			{
				"sentenceNo": 5,
				"sentenceContent": "A씨의 주장이 나오자 마자 이들 자매는 학폭 의혹을 전면 부인했다.",
				"subjectConsistencyYn": "Y"
			},
			{
				"sentenceNo": 6,
				"sentenceContent": "이재아양은 이날 인스타그램에 “저와 재시는 해당 국제학교에 다닌 적도 없고, 다른 학교에서 강제전학을 당한 적도 없다”고 강조했다.",
				"subjectConsistencyYn": "Y"
			},
			{
				"sentenceNo": 7,
				"sentenceContent": "이동국 아내 이수진도 반박과 함께 경고글을 남겼다.",
				"subjectConsistencyYn": "Y"
			},
			{
				"sentenceNo": 8,
				"sentenceContent": "주변에서 볼 수 있는 보통의 사람들이다.",
				"subjectConsistencyYn": "N"
			},
			{
				"sentenceNo": 9,
				"sentenceContent": "이들이 각자 상처를 마주하고 보듬으며 성장하는 모습이 공감과 울림을 전할 예정. 시고 달고 쓰고 떫은 다양한 인생의 맛이 드라마에 담겼다.",
				"subjectConsistencyYn": "N"
			},
			{
				"sentenceNo": 10,
				"sentenceContent": "노희경 작가는 “상처에 주목하는 것이 아니라 희망에 주목하는 것이다. 살아있는 모든 것이 행복했으면 좋겠다”는 작품을 통해 들려주고 싶은 메시지를 전해, 시청자들에게 위로와 희망이 될 드라마를 예고했다.",
				"subjectConsistencyYn": "N"
			},
			{
				"sentenceNo": 11,
				"sentenceContent": "한편, tvN 새 토일드라마 ‘우리들의 블루스’는 옴니버스 드라마로, 20년 만에 재회한 친구 최한수(차승원 분)와 정은희(이정은 분)의 ‘한수와 은희’ 에피소드로 첫 포문을 연다. 4월 9일 밤 9시 10분 첫 방송된다.",
				"subjectConsistencyYn": "N"
			}
		],
		"clickbaitClass": 0
	}
}