{
	"sourceDataInfo": {
		"newsID": "ET_M13_490642",
		"newsCategory": "연예",
		"newsSubcategory": "방송",
		"newsTitle": "‘설강화’ 정해인X지수, 일촉즉발 위기[종합]",
		"newsSubTitle": "",
		"newsContent": "정해인이 기숙사 사감 윤세아에게 발각될 위험에 처했다.\n19일 방송된 JTBC 토일드라마 ‘설강화 : snowdrop’(극본 유현미/ 연출 조현탁/ 제작 드라마하우스스튜디오, JTBC스튜디오/ 이하 ‘설강화’) 2회에서 기숙사에 숨은 ‘수호’(정해인 분)와 그를 치료해준 ‘영로’(지수 분)가 ‘피승희’ (윤세아 분)에 의해 발견될 위기에 처했다.\n안기부 직원들이 뒤쫓는 가운데 자신도 모르게 기숙사로 숨어들어간 수호. 영로와 207호 기숙사 학생들은 부상당한 수호를 눈에 띄지 않는 장소로 숨겼다.\n6개월 전 방팅에서 만났던 대학원생으로 수호를 기억하기 때문. 지난 1회에서 영로는 쫓기는 수호를 보고 강제 징집당한 친오빠 영우를 떠올린 바 있다.\n정신이 든 수호는 영로를 알아봤고, 서둘러 기숙사를 떠나려고 했지만 강화된 감시와 부상으로 몸을 회복할때까지 기숙사에 남을 수밖에 없었다.\n영로는 수호의 정체를 오해하고 있다는 사실을 꿈에도 모른채 수호를 도왔고, 수호는 그럼에도 영로에게 자신의 정체를 드러낼 수 없었다.\n이날 방송에서는 부상당한 수호와 그를 치료해주던 영로가 서로에 대한 호감을 쌓아가는 모습이 그려졌다.\n정해인과 지수는 위기 속에서 호감을 쌓아가는 두 남녀의 감정을 밀도 있게 표현했다.\n대선을 앞두고 치열한 정치 공작도 이어졌다.\n안기부장 ‘은창수’(허준호 분)와 여당 사무총장 ‘남태일’ (박성웅 분)은 대선 여론전을 위해 한이섭 교수를 북송하려하지만, ‘대동강 1호’를 쫓는 국정원 직원들에 의해 중단됐다.\n공작이 물거품이 될까 걱정된 은창수와 남태일은 대공수사국장인 ‘안경희’(이화룡 분)에게 수색 작전을 멈추라고 명령했고, 안경희는 기숙사에서 ‘대동강 1호’를 쫓는 ‘강무’(장승조 분)와 ‘한나’(정유진 분)에게 추적을 중단하라고 지시했다.\n강무가 이 명령을 이해하지 못하는 가운데, 강무와 한나 사이에는 안타까움과 미움이 교차했다.\n또한 외과의사이자 남태일의 내연녀로 강청야(유인나 분)가 모습을 드러내 극에서 어떤 역할을 할지 궁금증을 더했다.\n한편, 기숙사를 순찰하며 누군가 숨어있다는 단서를 발견한 피승희. 그녀는 수호와 그를 치료해주던 영로가 숨어있는 4층 다락방으로 쫓아가 문을 열려고 하며 극의 긴장감을 고조시켰다.\n기숙사 사감 피승희에 대한 궁금증도 증폭됐다.\n어마어마한 물이 폭포수처럼 쏟아지는 댐 수문 위에 아슬아슬하게 발을 딛고 서서 극도의 공포에 떠는 피사감의 회상은 그녀에게 어떤 과거가 있는지 궁금증을 자아냈다. ‘설강화’는 1987년 서울을 배경으로 여자 기숙사에 피투성이로 뛰어든 ‘수호’(정해인 분)와 그를 감추고 치료해준 ‘영로’(지수 분)의 절절한 사랑 이야기를 담은 작품이다.\n위험에 처한 수호와 영로가 어떻게 삼엄한 감시들을 헤쳐나갈지 기대가 모아지는 JTBC 토일드라마 ‘설강화’는 매주 토, 일 밤 10시 30분에 방송된다.",
		"partNum": "P2",
		"useType": 0,
		"processType": "A",
		"processPattern": "99",
		"processLevel": "하",
		"sentenceCount": 17,
		"processSentencenum": 2,
		"sentenceInfo": [
			{
				"sentenceNo": 1,
				"sentenceContent": "정해인이 기숙사 사감 윤세아에게 발각될 위험에 처했다.",
				"sentenceSize": 30
			},
			{
				"sentenceNo": 2,
				"sentenceContent": "19일 방송된 JTBC 토일드라마 ‘설강화 : snowdrop’(극본 유현미/ 연출 조현탁/ 제작 드라마하우스스튜디오, JTBC스튜디오/ 이하 ‘설강화’) 2회에서 기숙사에 숨은 ‘수호’(정해인 분)와 그를 치료해준 ‘영로’(지수 분)가 ‘피승희’ (윤세아 분)에 의해 발견될 위기에 처했다.",
				"sentenceSize": 163
			},
			{
				"sentenceNo": 3,
				"sentenceContent": "안기부 직원들이 뒤쫓는 가운데 자신도 모르게 기숙사로 숨어들어간 수호. 영로와 207호 기숙사 학생들은 부상당한 수호를 눈에 띄지 않는 장소로 숨겼다.",
				"sentenceSize": 84
			},
			{
				"sentenceNo": 4,
				"sentenceContent": "6개월 전 방팅에서 만났던 대학원생으로 수호를 기억하기 때문. 지난 1회에서 영로는 쫓기는 수호를 보고 강제 징집당한 친오빠 영우를 떠올린 바 있다.",
				"sentenceSize": 83
			},
			{
				"sentenceNo": 5,
				"sentenceContent": "정신이 든 수호는 영로를 알아봤고, 서둘러 기숙사를 떠나려고 했지만 강화된 감시와 부상으로 몸을 회복할때까지 기숙사에 남을 수밖에 없었다.",
				"sentenceSize": 77
			},
			{
				"sentenceNo": 6,
				"sentenceContent": "영로는 수호의 정체를 오해하고 있다는 사실을 꿈에도 모른채 수호를 도왔고, 수호는 그럼에도 영로에게 자신의 정체를 드러낼 수 없었다.",
				"sentenceSize": 74
			},
			{
				"sentenceNo": 7,
				"sentenceContent": "이날 방송에서는 부상당한 수호와 그를 치료해주던 영로가 서로에 대한 호감을 쌓아가는 모습이 그려졌다.",
				"sentenceSize": 56
			},
			{
				"sentenceNo": 8,
				"sentenceContent": "정해인과 지수는 위기 속에서 호감을 쌓아가는 두 남녀의 감정을 밀도 있게 표현했다.",
				"sentenceSize": 46
			},
			{
				"sentenceNo": 9,
				"sentenceContent": "대선을 앞두고 치열한 정치 공작도 이어졌다.",
				"sentenceSize": 24
			},
			{
				"sentenceNo": 10,
				"sentenceContent": "안기부장 ‘은창수’(허준호 분)와 여당 사무총장 ‘남태일’ (박성웅 분)은 대선 여론전을 위해 한이섭 교수를 북송하려하지만, ‘대동강 1호’를 쫓는 국정원 직원들에 의해 중단됐다.",
				"sentenceSize": 100
			},
			{
				"sentenceNo": 11,
				"sentenceContent": "공작이 물거품이 될까 걱정된 은창수와 남태일은 대공수사국장인 ‘안경희’(이화룡 분)에게 수색 작전을 멈추라고 명령했고, 안경희는 기숙사에서 ‘대동강 1호’를 쫓는 ‘강무’(장승조 분)와 ‘한나’(정유진 분)에게 추적을 중단하라고 지시했다.",
				"sentenceSize": 133
			},
			{
				"sentenceNo": 12,
				"sentenceContent": "강무가 이 명령을 이해하지 못하는 가운데, 강무와 한나 사이에는 안타까움과 미움이 교차했다.",
				"sentenceSize": 51
			},
			{
				"sentenceNo": 13,
				"sentenceContent": "또한 외과의사이자 남태일의 내연녀로 강청야(유인나 분)가 모습을 드러내 극에서 어떤 역할을 할지 궁금증을 더했다.",
				"sentenceSize": 63
			},
			{
				"sentenceNo": 14,
				"sentenceContent": "한편, 기숙사를 순찰하며 누군가 숨어있다는 단서를 발견한 피승희. 그녀는 수호와 그를 치료해주던 영로가 숨어있는 4층 다락방으로 쫓아가 문을 열려고 하며 극의 긴장감을 고조시켰다.",
				"sentenceSize": 100
			},
			{
				"sentenceNo": 15,
				"sentenceContent": "기숙사 사감 피승희에 대한 궁금증도 증폭됐다.",
				"sentenceSize": 25
			},
			{
				"sentenceNo": 16,
				"sentenceContent": "어마어마한 물이 폭포수처럼 쏟아지는 댐 수문 위에 아슬아슬하게 발을 딛고 서서 극도의 공포에 떠는 피사감의 회상은 그녀에게 어떤 과거가 있는지 궁금증을 자아냈다. ‘설강화’는 1987년 서울을 배경으로 여자 기숙사에 피투성이로 뛰어든 ‘수호’(정해인 분)와 그를 감추고 치료해준 ‘영로’(지수 분)의 절절한 사랑 이야기를 담은 작품이다.",
				"sentenceSize": 188
			},
			{
				"sentenceNo": 17,
				"sentenceContent": "위험에 처한 수호와 영로가 어떻게 삼엄한 감시들을 헤쳐나갈지 기대가 모아지는 JTBC 토일드라마 ‘설강화’는 매주 토, 일 밤 10시 30분에 방송된다.",
				"sentenceSize": 85
			}
		]
	},
	"labeledDataInfo": {
		"processSentenceInfo": [
			{
				"sentenceNo": 1,
				"sentenceContent": "정해인이 기숙사 사감 윤세아에게 발각될 위험에 처했다.",
				"subjectConsistencyYn": "Y"
			},
			{
				"sentenceNo": 2,
				"sentenceContent": "19일 방송된 JTBC 토일드라마 ‘설강화 : snowdrop’(극본 유현미/ 연출 조현탁/ 제작 드라마하우스스튜디오, JTBC스튜디오/ 이하 ‘설강화’) 2회에서 기숙사에 숨은 ‘수호’(정해인 분)와 그를 치료해준 ‘영로’(지수 분)가 ‘피승희’ (윤세아 분)에 의해 발견될 위기에 처했다.",
				"subjectConsistencyYn": "Y"
			},
			{
				"sentenceNo": 3,
				"sentenceContent": "안기부 직원들이 뒤쫓는 가운데 자신도 모르게 기숙사로 숨어들어간 수호. 영로와 207호 기숙사 학생들은 부상당한 수호를 눈에 띄지 않는 장소로 숨겼다.",
				"subjectConsistencyYn": "Y"
			},
			{
				"sentenceNo": 4,
				"sentenceContent": "6개월 전 방팅에서 만났던 대학원생으로 수호를 기억하기 때문. 지난 1회에서 영로는 쫓기는 수호를 보고 강제 징집당한 친오빠 영우를 떠올린 바 있다.",
				"subjectConsistencyYn": "Y"
			},
			{
				"sentenceNo": 5,
				"sentenceContent": "정신이 든 수호는 영로를 알아봤고, 서둘러 기숙사를 떠나려고 했지만 강화된 감시와 부상으로 몸을 회복할때까지 기숙사에 남을 수밖에 없었다.",
				"subjectConsistencyYn": "Y"
			},
			{
				"sentenceNo": 6,
				"sentenceContent": "영로는 수호의 정체를 오해하고 있다는 사실을 꿈에도 모른채 수호를 도왔고, 수호는 그럼에도 영로에게 자신의 정체를 드러낼 수 없었다.",
				"subjectConsistencyYn": "Y"
			},
			{
				"sentenceNo": 7,
				"sentenceContent": "이날 방송에서는 부상당한 수호와 그를 치료해주던 영로가 서로에 대한 호감을 쌓아가는 모습이 그려졌다.",
				"subjectConsistencyYn": "Y"
			},
			{
				"sentenceNo": 8,
				"sentenceContent": "정해인과 지수는 위기 속에서 호감을 쌓아가는 두 남녀의 감정을 밀도 있게 표현했다.",
				"subjectConsistencyYn": "Y"
			},
			{
				"sentenceNo": 9,
				"sentenceContent": "대선을 앞두고 치열한 정치 공작도 이어졌다.",
				"subjectConsistencyYn": "Y"
			},
			{
				"sentenceNo": 10,
				"sentenceContent": "안기부장 ‘은창수’(허준호 분)와 여당 사무총장 ‘남태일’ (박성웅 분)은 대선 여론전을 위해 한이섭 교수를 북송하려하지만, ‘대동강 1호’를 쫓는 국정원 직원들에 의해 중단됐다.",
				"subjectConsistencyYn": "Y"
			},
			{
				"sentenceNo": 11,
				"sentenceContent": "공작이 물거품이 될까 걱정된 은창수와 남태일은 대공수사국장인 ‘안경희’(이화룡 분)에게 수색 작전을 멈추라고 명령했고, 안경희는 기숙사에서 ‘대동강 1호’를 쫓는 ‘강무’(장승조 분)와 ‘한나’(정유진 분)에게 추적을 중단하라고 지시했다.",
				"subjectConsistencyYn": "Y"
			},
			{
				"sentenceNo": 12,
				"sentenceContent": "강무가 이 명령을 이해하지 못하는 가운데, 강무와 한나 사이에는 안타까움과 미움이 교차했다.",
				"subjectConsistencyYn": "Y"
			},
			{
				"sentenceNo": 13,
				"sentenceContent": "또한 외과의사이자 남태일의 내연녀로 강청야(유인나 분)가 모습을 드러내 극에서 어떤 역할을 할지 궁금증을 더했다.",
				"subjectConsistencyYn": "Y"
			},
			{
				"sentenceNo": 14,
				"sentenceContent": "한편, 기숙사를 순찰하며 누군가 숨어있다는 단서를 발견한 피승희. 그녀는 수호와 그를 치료해주던 영로가 숨어있는 4층 다락방으로 쫓아가 문을 열려고 하며 극의 긴장감을 고조시켰다.",
				"subjectConsistencyYn": "Y"
			},
			{
				"sentenceNo": 15,
				"sentenceContent": "기숙사 사감 피승희에 대한 궁금증도 증폭됐다.",
				"subjectConsistencyYn": "Y"
			},
			{
				"sentenceNo": 16,
				"sentenceContent": "소위 '센터'로 불리는 특정 멤버에게 의존하던 구조도 팀원 전체에게 기회가 돌아가는 구조로 재편되고 있다는 점도 활동 기간이 늘어나는데 긍정적인 측면으로 꼽힌다.",
				"subjectConsistencyYn": "N"
			},
			{
				"sentenceNo": 17,
				"sentenceContent": "소외당하는 멤버가 적어지면서 갈등 요소가 적어졌기 때문이다.",
				"subjectConsistencyYn": "N"
			},
			{
				"sentenceNo": 18,
				"sentenceContent": "오마이걸도 센터가 아닌 승희나 효정 등 멤버들이 오히려 방송 활동이 두드러진 편이다.",
				"subjectConsistencyYn": "N"
			},
			{
				"sentenceNo": 19,
				"sentenceContent": "2000년대 초반 활동한 한 걸그룹 멤버는 \\\"예전엔 20대 중반만 돼도 '걸그룹으로서는 한물간 것이 아니냐'는 노골적인 이야기를 자주 듣기도 했고, 정산도 투명하지 않아 계약 기간만 마치면 그룹 활동을 그만두고 싶었다\\\"면서 \\\"하지만 요즘엔 과거보다 수익 정산이 투명해진 편이고, 여성 그룹에 대한 시선도 달라지고 해외 시장도 커져서 우리 때와는 다른 것 같다\\\"고 말했다.",
				"subjectConsistencyYn": "N"
			}
		],
		"clickbaitClass": 0
	}
}