{
	"sourceDataInfo": {
		"newsID": "ET_M13_490776",
		"newsCategory": "연예",
		"newsSubcategory": "방송",
		"newsTitle": "롯데홈쇼핑 가상모델 루시, 쇼호스트 데뷔",
		"newsSubTitle": "",
		"newsContent": "롯데홈쇼핑은 자체 개발한 가상 모델 ‘루시’를 TV 홈쇼핑 쇼호스트로 선보인다고 21일 전했다.\n루시는 오는 22일 TV 홈쇼핑 방송에 산타 복장으로 출연해 크리스마스 특집전 판매 예정 상품을 소개한다.\n루시는 롯데홈쇼핑이 메타버스 사업 일환으로 지난 2월 처음 선보인 가상모델로, 소셜미디어(SNS) 팔로워가 7만 명에 이른다.\n루시는 지난 10월 롯데홈쇼핑의 할인 행사인 ‘대한민국 광클절’ 홍보 모델로 활동했으나 목소리까지 입혀 공개되는 것은 이번이 처음이다.\n롯데홈쇼핑은 루시 외모와 직업 등 특징을 고려해 최적의 목소리를 선정하고 입 모양이 발음대로 움직이도록 고도화한 기술을 적용해 사실감을 더했다고 밝혔다.\n롯데홈쇼핑은 내년 실시간 렌더링 기술을 기반으로 사람과 양방향 소통이 가능할 정도로 가상모델을 고도화할 계획이다.",
		"partNum": "P2",
		"useType": 0,
		"processType": "A",
		"processPattern": "99",
		"processLevel": "하",
		"sentenceCount": 6,
		"processSentencenum": 1,
		"sentenceInfo": [
			{
				"sentenceNo": 1,
				"sentenceContent": "롯데홈쇼핑은 자체 개발한 가상 모델 ‘루시’를 TV 홈쇼핑 쇼호스트로 선보인다고 21일 전했다.",
				"sentenceSize": 53
			},
			{
				"sentenceNo": 2,
				"sentenceContent": "루시는 오는 22일 TV 홈쇼핑 방송에 산타 복장으로 출연해 크리스마스 특집전 판매 예정 상품을 소개한다.",
				"sentenceSize": 59
			},
			{
				"sentenceNo": 3,
				"sentenceContent": "루시는 롯데홈쇼핑이 메타버스 사업 일환으로 지난 2월 처음 선보인 가상모델로, 소셜미디어(SNS) 팔로워가 7만 명에 이른다.",
				"sentenceSize": 70
			},
			{
				"sentenceNo": 4,
				"sentenceContent": "루시는 지난 10월 롯데홈쇼핑의 할인 행사인 ‘대한민국 광클절’ 홍보 모델로 활동했으나 목소리까지 입혀 공개되는 것은 이번이 처음이다.",
				"sentenceSize": 75
			},
			{
				"sentenceNo": 5,
				"sentenceContent": "롯데홈쇼핑은 루시 외모와 직업 등 특징을 고려해 최적의 목소리를 선정하고 입 모양이 발음대로 움직이도록 고도화한 기술을 적용해 사실감을 더했다고 밝혔다.",
				"sentenceSize": 85
			},
			{
				"sentenceNo": 6,
				"sentenceContent": "롯데홈쇼핑은 내년 실시간 렌더링 기술을 기반으로 사람과 양방향 소통이 가능할 정도로 가상모델을 고도화할 계획이다.",
				"sentenceSize": 63
			}
		]
	},
	"labeledDataInfo": {
		"processSentenceInfo": [
			{
				"sentenceNo": 1,
				"sentenceContent": "롯데홈쇼핑은 자체 개발한 가상 모델 ‘루시’를 TV 홈쇼핑 쇼호스트로 선보인다고 21일 전했다.",
				"subjectConsistencyYn": "Y"
			},
			{
				"sentenceNo": 2,
				"sentenceContent": "루시는 오는 22일 TV 홈쇼핑 방송에 산타 복장으로 출연해 크리스마스 특집전 판매 예정 상품을 소개한다.",
				"subjectConsistencyYn": "Y"
			},
			{
				"sentenceNo": 3,
				"sentenceContent": "루시는 롯데홈쇼핑이 메타버스 사업 일환으로 지난 2월 처음 선보인 가상모델로, 소셜미디어(SNS) 팔로워가 7만 명에 이른다.",
				"subjectConsistencyYn": "Y"
			},
			{
				"sentenceNo": 4,
				"sentenceContent": "루시는 지난 10월 롯데홈쇼핑의 할인 행사인 ‘대한민국 광클절’ 홍보 모델로 활동했으나 목소리까지 입혀 공개되는 것은 이번이 처음이다.",
				"subjectConsistencyYn": "Y"
			},
			{
				"sentenceNo": 5,
				"sentenceContent": "롯데홈쇼핑은 루시 외모와 직업 등 특징을 고려해 최적의 목소리를 선정하고 입 모양이 발음대로 움직이도록 고도화한 기술을 적용해 사실감을 더했다고 밝혔다.",
				"subjectConsistencyYn": "Y"
			},
			{
				"sentenceNo": 6,
				"sentenceContent": "제작진은 “대한민국에서 가장 노래 잘하는 사람만 모으겠다고 한 제작진의 의도가 첫 회를 통해 드러난 것 같아서 기쁘다”며 ‘국민가수’ 2회에는 마음을 뒤흔들어놓을 더욱 막강한 실력자들이 등장할 예정이다.",
				"subjectConsistencyYn": "N"
			},
			{
				"sentenceNo": 7,
				"sentenceContent": "많은 기대를 부탁드린다”고 말했다.",
				"subjectConsistencyYn": "N"
			},
			{
				"sentenceNo": 8,
				"sentenceContent": "한편 ‘내일은 국민가수’ 2회는 오는 14일(목) 밤 10시에 방송된다.",
				"subjectConsistencyYn": "N"
			}
		],
		"clickbaitClass": 0
	}
}