{
	"sourceDataInfo": {
		"newsID": "ET_M13_490843",
		"newsCategory": "연예",
		"newsSubcategory": "방송",
		"newsTitle": "‘고요의 바다’ 공유 “제작자 정우성, 인간적인 형을 하나 알게 된 듯”",
		"newsSubTitle": "",
		"newsContent": "넷플릭스 오리지널 시리즈 ‘고요의 바다’에 출연한 배우 공유가 ‘제작자 정우성’과 함께 한 소감을 밝혔다.\n공유는 22일 온라인 중계 형식으로 열린 ‘고요의 바다’ 제작발표회에 참석했다.\n이 자리에는 ‘고요의 바다’를 제작한 제작사 아티스트 스튜디오의 정우성과 배우 배두나, 이준, 김선영, 이성욱, 이무생 그리고 연출자 최항용 감독과 박은교 작가가 참석했다.\n공유는 유례없는 달 탐사물을 표방하고 있는 작품에서 극중 배경이 되는 우주항공국의 최연소 탐사대장 한윤재 역을 맡았다.\n책임감이 강하고 냉철하며 대원들의 안전을 최우선으로 생각한다.\n대원들의 앞에서 본인의 감정을 드러내지 않으면서 달 탐사기지 내 미스터리를 파헤친다.\n이 작품은 정우성이 제작자로 나서 화제가 됐다.\n공유는 제작자 정우성에 대해 “저희와 같은 배우입장이셨기 때문에 배우가 어떻게 하면 현장에서 편할지 잘 알고 계셨다”면서 “사실 작품을 함께 해본 적이 없어 미지의 영역이셨다. 제 또래의 남자들에게는 우상이었던 청춘스타셨다. 가까이 하기엔 쉽지 않은 분이었는데 제작자, 선배이자 인간적인 형을 한 분 알게 됐다”고 말했다.\n공유는 ‘고요의 바다’ 출연에 대해 “개인적으로 장르물에 대한 갈증이 있었고 시나리오를 보고 ‘유레카!’라고 외칠 수 있었다”면서 “기발한 상상력과 독창적인 소재로 기다렸던 장르물이었다. 묘사되는 부분을 읽으면서 상상이 되는 대본을 봤다”고 출연의 이유를 밝혔다.\n공유, 배두나, 이준, 김선영, 이무생, 이성욱 등이 출연하는 ‘고요의 바다’는 오는 24일 넷플릭스를 통해 공개된다.",
		"partNum": "P2",
		"useType": 0,
		"processType": "A",
		"processPattern": "99",
		"processLevel": "하",
		"sentenceCount": 10,
		"processSentencenum": 3,
		"sentenceInfo": [
			{
				"sentenceNo": 1,
				"sentenceContent": "넷플릭스 오리지널 시리즈 ‘고요의 바다’에 출연한 배우 공유가 ‘제작자 정우성’과 함께 한 소감을 밝혔다.",
				"sentenceSize": 59
			},
			{
				"sentenceNo": 2,
				"sentenceContent": "공유는 22일 온라인 중계 형식으로 열린 ‘고요의 바다’ 제작발표회에 참석했다.",
				"sentenceSize": 44
			},
			{
				"sentenceNo": 3,
				"sentenceContent": "이 자리에는 ‘고요의 바다’를 제작한 제작사 아티스트 스튜디오의 정우성과 배우 배두나, 이준, 김선영, 이성욱, 이무생 그리고 연출자 최항용 감독과 박은교 작가가 참석했다.",
				"sentenceSize": 96
			},
			{
				"sentenceNo": 4,
				"sentenceContent": "공유는 유례없는 달 탐사물을 표방하고 있는 작품에서 극중 배경이 되는 우주항공국의 최연소 탐사대장 한윤재 역을 맡았다.",
				"sentenceSize": 66
			},
			{
				"sentenceNo": 5,
				"sentenceContent": "책임감이 강하고 냉철하며 대원들의 안전을 최우선으로 생각한다.",
				"sentenceSize": 34
			},
			{
				"sentenceNo": 6,
				"sentenceContent": "대원들의 앞에서 본인의 감정을 드러내지 않으면서 달 탐사기지 내 미스터리를 파헤친다.",
				"sentenceSize": 47
			},
			{
				"sentenceNo": 7,
				"sentenceContent": "이 작품은 정우성이 제작자로 나서 화제가 됐다.",
				"sentenceSize": 26
			},
			{
				"sentenceNo": 8,
				"sentenceContent": "공유는 제작자 정우성에 대해 “저희와 같은 배우입장이셨기 때문에 배우가 어떻게 하면 현장에서 편할지 잘 알고 계셨다”면서 “사실 작품을 함께 해본 적이 없어 미지의 영역이셨다. 제 또래의 남자들에게는 우상이었던 청춘스타셨다. 가까이 하기엔 쉽지 않은 분이었는데 제작자, 선배이자 인간적인 형을 한 분 알게 됐다”고 말했다.",
				"sentenceSize": 180
			},
			{
				"sentenceNo": 9,
				"sentenceContent": "공유는 ‘고요의 바다’ 출연에 대해 “개인적으로 장르물에 대한 갈증이 있었고 시나리오를 보고 ‘유레카!’라고 외칠 수 있었다”면서 “기발한 상상력과 독창적인 소재로 기다렸던 장르물이었다. 묘사되는 부분을 읽으면서 상상이 되는 대본을 봤다”고 출연의 이유를 밝혔다.",
				"sentenceSize": 147
			},
			{
				"sentenceNo": 10,
				"sentenceContent": "공유, 배두나, 이준, 김선영, 이무생, 이성욱 등이 출연하는 ‘고요의 바다’는 오는 24일 넷플릭스를 통해 공개된다.",
				"sentenceSize": 66
			}
		]
	},
	"labeledDataInfo": {
		"processSentenceInfo": [
			{
				"sentenceNo": 1,
				"sentenceContent": "넷플릭스 오리지널 시리즈 ‘고요의 바다’에 출연한 배우 공유가 ‘제작자 정우성’과 함께 한 소감을 밝혔다.",
				"subjectConsistencyYn": "Y"
			},
			{
				"sentenceNo": 2,
				"sentenceContent": "공유는 22일 온라인 중계 형식으로 열린 ‘고요의 바다’ 제작발표회에 참석했다.",
				"subjectConsistencyYn": "Y"
			},
			{
				"sentenceNo": 3,
				"sentenceContent": "이 자리에는 ‘고요의 바다’를 제작한 제작사 아티스트 스튜디오의 정우성과 배우 배두나, 이준, 김선영, 이성욱, 이무생 그리고 연출자 최항용 감독과 박은교 작가가 참석했다.",
				"subjectConsistencyYn": "Y"
			},
			{
				"sentenceNo": 4,
				"sentenceContent": "공유는 유례없는 달 탐사물을 표방하고 있는 작품에서 극중 배경이 되는 우주항공국의 최연소 탐사대장 한윤재 역을 맡았다.",
				"subjectConsistencyYn": "Y"
			},
			{
				"sentenceNo": 5,
				"sentenceContent": "책임감이 강하고 냉철하며 대원들의 안전을 최우선으로 생각한다.",
				"subjectConsistencyYn": "Y"
			},
			{
				"sentenceNo": 6,
				"sentenceContent": "대원들의 앞에서 본인의 감정을 드러내지 않으면서 달 탐사기지 내 미스터리를 파헤친다.",
				"subjectConsistencyYn": "Y"
			},
			{
				"sentenceNo": 7,
				"sentenceContent": "이 작품은 정우성이 제작자로 나서 화제가 됐다.",
				"subjectConsistencyYn": "Y"
			},
			{
				"sentenceNo": 8,
				"sentenceContent": "언론을 통해 연일 화제가 되자 미나는 일반인임에도 불구하고 TV광고에 출연하게 되었고 이후 미나는 그해 1집 음반을 발표하며 가수로 데뷔해 큰 인기를 끌었다.",
				"subjectConsistencyYn": "N"
			},
			{
				"sentenceNo": 9,
				"sentenceContent": "류필립은 4인조 보컬그룹인 소리얼 출신으로, 지난 해 3월 ‘심장이 말했다’로 데뷔했다.",
				"subjectConsistencyYn": "N"
			}
		],
		"clickbaitClass": 0
	}
}