{
	"sourceDataInfo": {
		"newsID": "ET_M13_490425",
		"newsCategory": "연예",
		"newsSubcategory": "연예일반",
		"newsTitle": "몬스타엑스 민혁 “올해는 후회 없는 1년, 모든 걸 쏟아부었다”[화보]",
		"newsSubTitle": "",
		"newsContent": "그룹 몬스타엑스(MONSTA X) 민혁이 싱글즈 2022년 첫 커버를 장식했다.\n16일 라이프스타일 매거진 싱글즈는 2022년 1월 호 커버를 장식한 몬스타엑스 민혁의 화보와 인터뷰를 공개했다.\n공개된 화보 속 민혁은 블랙과 브라운 계열의 의상을 입고 독보적인 분위기를 드러냈다.\n그는 시크한 무드에 걸맞는 다채로운 포즈와 자신만의 아우라를 뽐내며 ‘화보 장인’다운 면모를 보여줬다.\n민혁은 이어진 인터뷰에서 3년 만의 월드투어 소식을 알리며 설레는 마음을 드러내기도 했다.\n그는 “필라델피아를 시작으로, 워싱턴 D.C, 애틀랜타, 마이애미에서 진행되는 ‘징글볼’(Jingle Ball) 투어에 참석한다. 오랫동안 보지 못했던 해외 몬베베(공식 팬클럽)를 드디어 만난다. 귀가 얼얼할 정도로 콘서트장을 꽉 채운 관객들의 함성이 그립다”며 팬들을 향한 아낌없는 애정을 드러냈다.\n그에게 2021년이 어떤 해였는지 묻자 “‘더 해볼 걸’하는 후회가 없는 해”라며 “그만큼 모든 걸 쏟아부었다고 해도 과언이 아니다”라고 말했다.\n이어 “새해에도 현실에 안주하지 않고, 자만하지 않으며 주어진 것들을 열심히 해낼 것”이라며 “그 사이사이에 사소하지만 작은 행복, 소중한 추억들도 가득 채워졌으면 좋겠다”라고 오는 2022년의 계획과 소망을 밝혔다.\n한편 민혁의 더 많은 화보와 인터뷰는 싱글즈 2022년 1월 호에서 만나볼 수 있다.",
		"partNum": "P2",
		"useType": 0,
		"processType": "A",
		"processPattern": "99",
		"processLevel": "하",
		"sentenceCount": 9,
		"processSentencenum": 1,
		"sentenceInfo": [
			{
				"sentenceNo": 1,
				"sentenceContent": "그룹 몬스타엑스(MONSTA X) 민혁이 싱글즈 2022년 첫 커버를 장식했다.",
				"sentenceSize": 44
			},
			{
				"sentenceNo": 2,
				"sentenceContent": "16일 라이프스타일 매거진 싱글즈는 2022년 1월 호 커버를 장식한 몬스타엑스 민혁의 화보와 인터뷰를 공개했다.",
				"sentenceSize": 63
			},
			{
				"sentenceNo": 3,
				"sentenceContent": "공개된 화보 속 민혁은 블랙과 브라운 계열의 의상을 입고 독보적인 분위기를 드러냈다.",
				"sentenceSize": 47
			},
			{
				"sentenceNo": 4,
				"sentenceContent": "그는 시크한 무드에 걸맞는 다채로운 포즈와 자신만의 아우라를 뽐내며 ‘화보 장인’다운 면모를 보여줬다.",
				"sentenceSize": 57
			},
			{
				"sentenceNo": 5,
				"sentenceContent": "민혁은 이어진 인터뷰에서 3년 만의 월드투어 소식을 알리며 설레는 마음을 드러내기도 했다.",
				"sentenceSize": 50
			},
			{
				"sentenceNo": 6,
				"sentenceContent": "그는 “필라델피아를 시작으로, 워싱턴 D.C, 애틀랜타, 마이애미에서 진행되는 ‘징글볼’(Jingle Ball) 투어에 참석한다. 오랫동안 보지 못했던 해외 몬베베(공식 팬클럽)를 드디어 만난다. 귀가 얼얼할 정도로 콘서트장을 꽉 채운 관객들의 함성이 그립다”며 팬들을 향한 아낌없는 애정을 드러냈다.",
				"sentenceSize": 168
			},
			{
				"sentenceNo": 7,
				"sentenceContent": "그에게 2021년이 어떤 해였는지 묻자 “‘더 해볼 걸’하는 후회가 없는 해”라며 “그만큼 모든 걸 쏟아부었다고 해도 과언이 아니다”라고 말했다.",
				"sentenceSize": 81
			},
			{
				"sentenceNo": 8,
				"sentenceContent": "이어 “새해에도 현실에 안주하지 않고, 자만하지 않으며 주어진 것들을 열심히 해낼 것”이라며 “그 사이사이에 사소하지만 작은 행복, 소중한 추억들도 가득 채워졌으면 좋겠다”라고 오는 2022년의 계획과 소망을 밝혔다.",
				"sentenceSize": 121
			},
			{
				"sentenceNo": 9,
				"sentenceContent": "한편 민혁의 더 많은 화보와 인터뷰는 싱글즈 2022년 1월 호에서 만나볼 수 있다.",
				"sentenceSize": 47
			}
		]
	},
	"labeledDataInfo": {
		"processSentenceInfo": [
			{
				"sentenceNo": 1,
				"sentenceContent": "그룹 몬스타엑스(MONSTA X) 민혁이 싱글즈 2022년 첫 커버를 장식했다.",
				"subjectConsistencyYn": "Y"
			},
			{
				"sentenceNo": 2,
				"sentenceContent": "16일 라이프스타일 매거진 싱글즈는 2022년 1월 호 커버를 장식한 몬스타엑스 민혁의 화보와 인터뷰를 공개했다.",
				"subjectConsistencyYn": "Y"
			},
			{
				"sentenceNo": 3,
				"sentenceContent": "공개된 화보 속 민혁은 블랙과 브라운 계열의 의상을 입고 독보적인 분위기를 드러냈다.",
				"subjectConsistencyYn": "Y"
			},
			{
				"sentenceNo": 4,
				"sentenceContent": "그는 시크한 무드에 걸맞는 다채로운 포즈와 자신만의 아우라를 뽐내며 ‘화보 장인’다운 면모를 보여줬다.",
				"subjectConsistencyYn": "Y"
			},
			{
				"sentenceNo": 5,
				"sentenceContent": "민혁은 이어진 인터뷰에서 3년 만의 월드투어 소식을 알리며 설레는 마음을 드러내기도 했다.",
				"subjectConsistencyYn": "Y"
			},
			{
				"sentenceNo": 6,
				"sentenceContent": "그는 “필라델피아를 시작으로, 워싱턴 D.C, 애틀랜타, 마이애미에서 진행되는 ‘징글볼’(Jingle Ball) 투어에 참석한다. 오랫동안 보지 못했던 해외 몬베베(공식 팬클럽)를 드디어 만난다. 귀가 얼얼할 정도로 콘서트장을 꽉 채운 관객들의 함성이 그립다”며 팬들을 향한 아낌없는 애정을 드러냈다.",
				"subjectConsistencyYn": "Y"
			},
			{
				"sentenceNo": 7,
				"sentenceContent": "그에게 2021년이 어떤 해였는지 묻자 “‘더 해볼 걸’하는 후회가 없는 해”라며 “그만큼 모든 걸 쏟아부었다고 해도 과언이 아니다”라고 말했다.",
				"subjectConsistencyYn": "Y"
			},
			{
				"sentenceNo": 8,
				"sentenceContent": "이어 “새해에도 현실에 안주하지 않고, 자만하지 않으며 주어진 것들을 열심히 해낼 것”이라며 “그 사이사이에 사소하지만 작은 행복, 소중한 추억들도 가득 채워졌으면 좋겠다”라고 오는 2022년의 계획과 소망을 밝혔다.",
				"subjectConsistencyYn": "Y"
			},
			{
				"sentenceNo": 9,
				"sentenceContent": "온라인 중앙일보 '고아라' [사진 JTBC ‘뉴스룸’ 방송 캡처]",
				"subjectConsistencyYn": "N"
			}
		],
		"clickbaitClass": 0
	}
}