{
	"sourceDataInfo": {
		"newsID": "ET_M13_490807",
		"newsCategory": "연예",
		"newsSubcategory": "음악",
		"newsTitle": "케플러, 데뷔 전 글로벌 팬들로부터 사랑받다",
		"newsSubTitle": "",
		"newsContent": "데뷔를 앞둔 그룹 케플러(Kep1er)가 글로벌 팬들로부터 특별한 상을 받는다.\n케플러는 최근 글로벌 팬덤 소셜 네트워킹 플랫폼 ‘팬투(FANTOO)’가 진행한 ‘나만의 어워드’에서 9인 전원이 수상자 명단에 오르며 데뷔 전부터 막강한 팬덤의 위용을 뽐냈다. ‘나만의 어워드’는 지난 10일부터 12일까지 ‘팬투’가 글로벌 케이팝 팬을 대상으로 진행한 이벤트로, 팬들이 직접 올 한 해 열심히 활동한 자신의 아티스트에게 주고 싶은 상을 추천하는 작은 시상식이었다.\n팬투는 12월 22일부터 31일까지 신촌 유플렉스 지하 통로에 이를 기념하는 광고를 이어간다.\n팬들은 “자랑스럽다 케플러!”, “이대로 성공적인 데뷔까지 가자”, “내 사랑 상 받을 만해”, “케플러 9명 다 상 받았네! 축하해”라는 반응을 보이며 무한한 애정을 표현하며 케플러의 수상을 기뻐했다.\n이번 선물은 엠넷(Mnet) ‘걸스 플래닛999: 소녀대전’에서의 치열한 경쟁 끝 마침내 데뷔의 꿈을 이룬 케플러 멤버들에게 보내는 팬들의 격려와 응원의 메시지이기도 해 진한 감동을 남긴다.\n케플러는 오는 1월 3일 데뷔 앨범 ‘퍼스트 임팩트(FIRST IMPACT)’를 발매해 타이틀 곡 ‘와다다(WA DA DA)’로 파워풀 하면서도 걸리쉬한 케플러 표 퍼포먼스를 보여줄 예정이다.",
		"partNum": "P2",
		"useType": 0,
		"processType": "A",
		"processPattern": "99",
		"processLevel": "하",
		"sentenceCount": 6,
		"processSentencenum": 1,
		"sentenceInfo": [
			{
				"sentenceNo": 1,
				"sentenceContent": "데뷔를 앞둔 그룹 케플러(Kep1er)가 글로벌 팬들로부터 특별한 상을 받는다.",
				"sentenceSize": 44
			},
			{
				"sentenceNo": 2,
				"sentenceContent": "케플러는 최근 글로벌 팬덤 소셜 네트워킹 플랫폼 ‘팬투(FANTOO)’가 진행한 ‘나만의 어워드’에서 9인 전원이 수상자 명단에 오르며 데뷔 전부터 막강한 팬덤의 위용을 뽐냈다. ‘나만의 어워드’는 지난 10일부터 12일까지 ‘팬투’가 글로벌 케이팝 팬을 대상으로 진행한 이벤트로, 팬들이 직접 올 한 해 열심히 활동한 자신의 아티스트에게 주고 싶은 상을 추천하는 작은 시상식이었다.",
				"sentenceSize": 214
			},
			{
				"sentenceNo": 3,
				"sentenceContent": "팬투는 12월 22일부터 31일까지 신촌 유플렉스 지하 통로에 이를 기념하는 광고를 이어간다.",
				"sentenceSize": 52
			},
			{
				"sentenceNo": 4,
				"sentenceContent": "팬들은 “자랑스럽다 케플러!”, “이대로 성공적인 데뷔까지 가자”, “내 사랑 상 받을 만해”, “케플러 9명 다 상 받았네! 축하해”라는 반응을 보이며 무한한 애정을 표현하며 케플러의 수상을 기뻐했다.",
				"sentenceSize": 113
			},
			{
				"sentenceNo": 5,
				"sentenceContent": "이번 선물은 엠넷(Mnet) ‘걸스 플래닛999: 소녀대전’에서의 치열한 경쟁 끝 마침내 데뷔의 꿈을 이룬 케플러 멤버들에게 보내는 팬들의 격려와 응원의 메시지이기도 해 진한 감동을 남긴다.",
				"sentenceSize": 106
			},
			{
				"sentenceNo": 6,
				"sentenceContent": "케플러는 오는 1월 3일 데뷔 앨범 ‘퍼스트 임팩트(FIRST IMPACT)’를 발매해 타이틀 곡 ‘와다다(WA DA DA)’로 파워풀 하면서도 걸리쉬한 케플러 표 퍼포먼스를 보여줄 예정이다.",
				"sentenceSize": 107
			}
		]
	},
	"labeledDataInfo": {
		"processSentenceInfo": [
			{
				"sentenceNo": 1,
				"sentenceContent": "데뷔를 앞둔 그룹 케플러(Kep1er)가 글로벌 팬들로부터 특별한 상을 받는다.",
				"subjectConsistencyYn": "Y"
			},
			{
				"sentenceNo": 2,
				"sentenceContent": "케플러는 최근 글로벌 팬덤 소셜 네트워킹 플랫폼 ‘팬투(FANTOO)’가 진행한 ‘나만의 어워드’에서 9인 전원이 수상자 명단에 오르며 데뷔 전부터 막강한 팬덤의 위용을 뽐냈다. ‘나만의 어워드’는 지난 10일부터 12일까지 ‘팬투’가 글로벌 케이팝 팬을 대상으로 진행한 이벤트로, 팬들이 직접 올 한 해 열심히 활동한 자신의 아티스트에게 주고 싶은 상을 추천하는 작은 시상식이었다.",
				"subjectConsistencyYn": "Y"
			},
			{
				"sentenceNo": 3,
				"sentenceContent": "팬투는 12월 22일부터 31일까지 신촌 유플렉스 지하 통로에 이를 기념하는 광고를 이어간다.",
				"subjectConsistencyYn": "Y"
			},
			{
				"sentenceNo": 4,
				"sentenceContent": "팬들은 “자랑스럽다 케플러!”, “이대로 성공적인 데뷔까지 가자”, “내 사랑 상 받을 만해”, “케플러 9명 다 상 받았네! 축하해”라는 반응을 보이며 무한한 애정을 표현하며 케플러의 수상을 기뻐했다.",
				"subjectConsistencyYn": "Y"
			},
			{
				"sentenceNo": 5,
				"sentenceContent": "이번 선물은 엠넷(Mnet) ‘걸스 플래닛999: 소녀대전’에서의 치열한 경쟁 끝 마침내 데뷔의 꿈을 이룬 케플러 멤버들에게 보내는 팬들의 격려와 응원의 메시지이기도 해 진한 감동을 남긴다.",
				"subjectConsistencyYn": "Y"
			},
			{
				"sentenceNo": 6,
				"sentenceContent": "그러면서 \\\"마지막으로 옹성우였고요, 옹성우였습니다\\\"라고 말한 뒤 \\\"여러분 메리 크리스마스\\\"라고 전혀 상관없는 이야기로 동영상을 마무리한다.",
				"subjectConsistencyYn": "N"
			},
			{
				"sentenceNo": 7,
				"sentenceContent": "머릿속에 떠오르는 말을 그대로 옮긴 듯한 옹성우의 동영상은 게재된 지 두시간 만에 2만4000번 이상 재생되고, 700회 이상 공유됐으며 6800명가량이 '좋아요'를 누르며 화제를 모았다.",
				"subjectConsistencyYn": "N"
			}
		],
		"clickbaitClass": 0
	}
}