{
	"sourceDataInfo": {
		"newsID": "ET_M13_490491",
		"newsCategory": "연예",
		"newsSubcategory": "방송",
		"newsTitle": "’신과 함께2’ 이윤지 “둘째 소울이 술병만 보면 ‘엄마 거’라고 해”",
		"newsSubTitle": "",
		"newsContent": "이윤지가 남편의 퇴근 시간에 맞춰 꼭 준비하는 행동이 있다고 밝힌다.\n오늘(17일) 방송되는 채널S의 예능 프로그램 ‘신과 함께 시즌2’(채널S & SM C&C STUDIO 공동제작/ 프로듀서 김수현, 연출 진선미)에 20회 게스트로 배우 이윤지가 출연한다.\n이와 함께 그가 주문한 메뉴를 추천하는 4MC의 모습이 공개된다.\n데뷔 18년 차 배우이자 두 딸 라니, 소울이의 엄마 이윤지가 등장한다.\n이윤지는 요즘 연예계 동료보다 아이들 유치원 친구 엄마들과 더 자주 어울린다면서 4MC에게 이들과 함께 즐길 수 있는 센스 만점 메뉴 추천을 부탁한다.\n이날 이윤지는 “엄마들과 술자리가 잦은지”라는 이용진의 질문에 “술은 나에게 친목을 쌓는 중요한 매개체다. 둘째 소울이도 술병만 보면 ‘엄마 거’라고 한다”며 애주가임을 밝혀 웃음을 자아낸다.\n이어 일반인 엄마들과 친해진 계기를 묻는 말에 “아무래도 다가갈 때는 쉽지 않았다”면서 지금 엄마들에게 느끼는 감정에 대해선 “‘강철부대’에서 데스매치 하던 그 순간에 함께 훈련을 받는 전우애 같다”고 말해 얼마나 돈독한 사이가 됐는지 가늠하게 한다.\n아이 아빠 신동엽과 이용진은 과연 아이 엄마들끼리 만나면 무슨 이야기를 나누는지 궁금증을 드러낸다.\n이에 이윤지는 “남편 얘기만 한다. 입장권 같은 거다”라고 설명해 현장을 웃음바다로 만든다.\n그런가 하면 이윤지는 이날 “남편도 술자리를 좋아한다. 남편 퇴근 시간에 맞춰서 준비하는 게 있다”고 밝힌다.\nMC들은 이를 듣고 감탄을 금치 못하는 가운데, 특히 성시경은 이윤지에게 “진짜 사랑스럽다”며 깜짝 고백까지 한다고 해 호기심을 자극한다.\n과연 이윤지가 남편과의 술자리를 위해 미리 준비하는 것은 무엇일지 오늘(17일) 저녁 8시 채널S에서 확인할 수 있다.",
		"partNum": "P2",
		"useType": 0,
		"processType": "A",
		"processPattern": "99",
		"processLevel": "하",
		"sentenceCount": 12,
		"processSentencenum": 1,
		"sentenceInfo": [
			{
				"sentenceNo": 1,
				"sentenceContent": "이윤지가 남편의 퇴근 시간에 맞춰 꼭 준비하는 행동이 있다고 밝힌다.",
				"sentenceSize": 38
			},
			{
				"sentenceNo": 2,
				"sentenceContent": "오늘(17일) 방송되는 채널S의 예능 프로그램 ‘신과 함께 시즌2’(채널S & SM C&C STUDIO 공동제작/ 프로듀서 김수현, 연출 진선미)에 20회 게스트로 배우 이윤지가 출연한다.",
				"sentenceSize": 105
			},
			{
				"sentenceNo": 3,
				"sentenceContent": "이와 함께 그가 주문한 메뉴를 추천하는 4MC의 모습이 공개된다.",
				"sentenceSize": 36
			},
			{
				"sentenceNo": 4,
				"sentenceContent": "데뷔 18년 차 배우이자 두 딸 라니, 소울이의 엄마 이윤지가 등장한다.",
				"sentenceSize": 40
			},
			{
				"sentenceNo": 5,
				"sentenceContent": "이윤지는 요즘 연예계 동료보다 아이들 유치원 친구 엄마들과 더 자주 어울린다면서 4MC에게 이들과 함께 즐길 수 있는 센스 만점 메뉴 추천을 부탁한다.",
				"sentenceSize": 84
			},
			{
				"sentenceNo": 6,
				"sentenceContent": "이날 이윤지는 “엄마들과 술자리가 잦은지”라는 이용진의 질문에 “술은 나에게 친목을 쌓는 중요한 매개체다. 둘째 소울이도 술병만 보면 ‘엄마 거’라고 한다”며 애주가임을 밝혀 웃음을 자아낸다.",
				"sentenceSize": 107
			},
			{
				"sentenceNo": 7,
				"sentenceContent": "이어 일반인 엄마들과 친해진 계기를 묻는 말에 “아무래도 다가갈 때는 쉽지 않았다”면서 지금 엄마들에게 느끼는 감정에 대해선 “‘강철부대’에서 데스매치 하던 그 순간에 함께 훈련을 받는 전우애 같다”고 말해 얼마나 돈독한 사이가 됐는지 가늠하게 한다.",
				"sentenceSize": 140
			},
			{
				"sentenceNo": 8,
				"sentenceContent": "아이 아빠 신동엽과 이용진은 과연 아이 엄마들끼리 만나면 무슨 이야기를 나누는지 궁금증을 드러낸다.",
				"sentenceSize": 55
			},
			{
				"sentenceNo": 9,
				"sentenceContent": "이에 이윤지는 “남편 얘기만 한다. 입장권 같은 거다”라고 설명해 현장을 웃음바다로 만든다.",
				"sentenceSize": 51
			},
			{
				"sentenceNo": 10,
				"sentenceContent": "그런가 하면 이윤지는 이날 “남편도 술자리를 좋아한다. 남편 퇴근 시간에 맞춰서 준비하는 게 있다”고 밝힌다.",
				"sentenceSize": 61
			},
			{
				"sentenceNo": 11,
				"sentenceContent": "MC들은 이를 듣고 감탄을 금치 못하는 가운데, 특히 성시경은 이윤지에게 “진짜 사랑스럽다”며 깜짝 고백까지 한다고 해 호기심을 자극한다.",
				"sentenceSize": 77
			},
			{
				"sentenceNo": 12,
				"sentenceContent": "과연 이윤지가 남편과의 술자리를 위해 미리 준비하는 것은 무엇일지 오늘(17일) 저녁 8시 채널S에서 확인할 수 있다.",
				"sentenceSize": 66
			}
		]
	},
	"labeledDataInfo": {
		"processSentenceInfo": [
			{
				"sentenceNo": 1,
				"sentenceContent": "이윤지가 남편의 퇴근 시간에 맞춰 꼭 준비하는 행동이 있다고 밝힌다.",
				"subjectConsistencyYn": "Y"
			},
			{
				"sentenceNo": 2,
				"sentenceContent": "오늘(17일) 방송되는 채널S의 예능 프로그램 ‘신과 함께 시즌2’(채널S & SM C&C STUDIO 공동제작/ 프로듀서 김수현, 연출 진선미)에 20회 게스트로 배우 이윤지가 출연한다.",
				"subjectConsistencyYn": "Y"
			},
			{
				"sentenceNo": 3,
				"sentenceContent": "이와 함께 그가 주문한 메뉴를 추천하는 4MC의 모습이 공개된다.",
				"subjectConsistencyYn": "Y"
			},
			{
				"sentenceNo": 4,
				"sentenceContent": "데뷔 18년 차 배우이자 두 딸 라니, 소울이의 엄마 이윤지가 등장한다.",
				"subjectConsistencyYn": "Y"
			},
			{
				"sentenceNo": 5,
				"sentenceContent": "이윤지는 요즘 연예계 동료보다 아이들 유치원 친구 엄마들과 더 자주 어울린다면서 4MC에게 이들과 함께 즐길 수 있는 센스 만점 메뉴 추천을 부탁한다.",
				"subjectConsistencyYn": "Y"
			},
			{
				"sentenceNo": 6,
				"sentenceContent": "이날 이윤지는 “엄마들과 술자리가 잦은지”라는 이용진의 질문에 “술은 나에게 친목을 쌓는 중요한 매개체다. 둘째 소울이도 술병만 보면 ‘엄마 거’라고 한다”며 애주가임을 밝혀 웃음을 자아낸다.",
				"subjectConsistencyYn": "Y"
			},
			{
				"sentenceNo": 7,
				"sentenceContent": "이어 일반인 엄마들과 친해진 계기를 묻는 말에 “아무래도 다가갈 때는 쉽지 않았다”면서 지금 엄마들에게 느끼는 감정에 대해선 “‘강철부대’에서 데스매치 하던 그 순간에 함께 훈련을 받는 전우애 같다”고 말해 얼마나 돈독한 사이가 됐는지 가늠하게 한다.",
				"subjectConsistencyYn": "Y"
			},
			{
				"sentenceNo": 8,
				"sentenceContent": "아이 아빠 신동엽과 이용진은 과연 아이 엄마들끼리 만나면 무슨 이야기를 나누는지 궁금증을 드러낸다.",
				"subjectConsistencyYn": "Y"
			},
			{
				"sentenceNo": 9,
				"sentenceContent": "이에 이윤지는 “남편 얘기만 한다. 입장권 같은 거다”라고 설명해 현장을 웃음바다로 만든다.",
				"subjectConsistencyYn": "Y"
			},
			{
				"sentenceNo": 10,
				"sentenceContent": "그런가 하면 이윤지는 이날 “남편도 술자리를 좋아한다. 남편 퇴근 시간에 맞춰서 준비하는 게 있다”고 밝힌다.",
				"subjectConsistencyYn": "Y"
			},
			{
				"sentenceNo": 11,
				"sentenceContent": "MC들은 이를 듣고 감탄을 금치 못하는 가운데, 특히 성시경은 이윤지에게 “진짜 사랑스럽다”며 깜짝 고백까지 한다고 해 호기심을 자극한다.",
				"subjectConsistencyYn": "Y"
			},
			{
				"sentenceNo": 12,
				"sentenceContent": "조관우는 18일 쇼케이스를 열고 신곡과 뮤직비디오를 공개할 예정이다.",
				"subjectConsistencyYn": "N"
			}
		],
		"clickbaitClass": 0
	}
}