{
	"sourceDataInfo": {
		"newsID": "ET_M13_490754",
		"newsCategory": "연예",
		"newsSubcategory": "연예일반",
		"newsTitle": "연예인 누드 합성사진 제작·배포한 취준생, 항소심서 형량 2배 늘어",
		"newsSubTitle": "",
		"newsContent": "연예인 얼굴 사진에 나체 사진을 합성해 만든 사진을 제작·배포한 20대 취업준비생이 1심 판결에 불복하고 항소했으나 형량이 2배 늘었다.\n제주지법 형사1부(방선옥 부장판사)는 성폭력범죄의 처벌 등에 관한 특례법 위반(허위영상물편집 및 반포 등) 혐의로 기소된 A씨에 대한 항소심에서 징역 1년 6개월을 선고한 원심판결을 파기하고 징역 3년을 선고했다고 21일 밝혔다.\n재판부는 또 성폭력 치료프로그램 40시간 이수와 아동·청소년 관련 기관 등 취업제한 4년을 명했다.\n앞서 1심 선고 후 검찰과 피고인 측은 모두 항소했다.\n검찰은 원심의 형이 가볍다고, 피고인은 법원 선고가 너무 무거워 부당하다는 취지였다.\n취업준비생인 A씨는 지난해 11월 15일부터 올해 3월까지 일명 딥페이크 기술을 이용해 일반인 나체 사진과 연예인 얼굴 사진을 합성한 사진 285장을 텔레그램 채팅방을 통해 전송·배포했다.\n딥페이크는 인공 지능 기술을 활용해 기존 인물 얼굴이나, 특정 부위를 합성한 영상편집물을 뜻한다.\n항소심 재판부는 “피해자들이 아직 피해 사실도 모르고 있고, 알려질 경우 받게 될 정신적 충격과 피해의 정도는 가늠하기 어렵다”며 “사건 변론에 나타난 여러 양형 조건들을 종합하면 원심의 형이 너무 가벼워 부당하다”며 양형 이유를 밝혔다.",
		"partNum": "P2",
		"useType": 0,
		"processType": "A",
		"processPattern": "99",
		"processLevel": "하",
		"sentenceCount": 8,
		"processSentencenum": 2,
		"sentenceInfo": [
			{
				"sentenceNo": 1,
				"sentenceContent": "연예인 얼굴 사진에 나체 사진을 합성해 만든 사진을 제작·배포한 20대 취업준비생이 1심 판결에 불복하고 항소했으나 형량이 2배 늘었다.",
				"sentenceSize": 76
			},
			{
				"sentenceNo": 2,
				"sentenceContent": "제주지법 형사1부(방선옥 부장판사)는 성폭력범죄의 처벌 등에 관한 특례법 위반(허위영상물편집 및 반포 등) 혐의로 기소된 A씨에 대한 항소심에서 징역 1년 6개월을 선고한 원심판결을 파기하고 징역 3년을 선고했다고 21일 밝혔다.",
				"sentenceSize": 128
			},
			{
				"sentenceNo": 3,
				"sentenceContent": "재판부는 또 성폭력 치료프로그램 40시간 이수와 아동·청소년 관련 기관 등 취업제한 4년을 명했다.",
				"sentenceSize": 55
			},
			{
				"sentenceNo": 4,
				"sentenceContent": "앞서 1심 선고 후 검찰과 피고인 측은 모두 항소했다.",
				"sentenceSize": 30
			},
			{
				"sentenceNo": 5,
				"sentenceContent": "검찰은 원심의 형이 가볍다고, 피고인은 법원 선고가 너무 무거워 부당하다는 취지였다.",
				"sentenceSize": 47
			},
			{
				"sentenceNo": 6,
				"sentenceContent": "취업준비생인 A씨는 지난해 11월 15일부터 올해 3월까지 일명 딥페이크 기술을 이용해 일반인 나체 사진과 연예인 얼굴 사진을 합성한 사진 285장을 텔레그램 채팅방을 통해 전송·배포했다.",
				"sentenceSize": 105
			},
			{
				"sentenceNo": 7,
				"sentenceContent": "딥페이크는 인공 지능 기술을 활용해 기존 인물 얼굴이나, 특정 부위를 합성한 영상편집물을 뜻한다.",
				"sentenceSize": 54
			},
			{
				"sentenceNo": 8,
				"sentenceContent": "항소심 재판부는 “피해자들이 아직 피해 사실도 모르고 있고, 알려질 경우 받게 될 정신적 충격과 피해의 정도는 가늠하기 어렵다”며 “사건 변론에 나타난 여러 양형 조건들을 종합하면 원심의 형이 너무 가벼워 부당하다”며 양형 이유를 밝혔다.",
				"sentenceSize": 133
			}
		]
	},
	"labeledDataInfo": {
		"processSentenceInfo": [
			{
				"sentenceNo": 1,
				"sentenceContent": "연예인 얼굴 사진에 나체 사진을 합성해 만든 사진을 제작·배포한 20대 취업준비생이 1심 판결에 불복하고 항소했으나 형량이 2배 늘었다.",
				"subjectConsistencyYn": "Y"
			},
			{
				"sentenceNo": 2,
				"sentenceContent": "제주지법 형사1부(방선옥 부장판사)는 성폭력범죄의 처벌 등에 관한 특례법 위반(허위영상물편집 및 반포 등) 혐의로 기소된 A씨에 대한 항소심에서 징역 1년 6개월을 선고한 원심판결을 파기하고 징역 3년을 선고했다고 21일 밝혔다.",
				"subjectConsistencyYn": "Y"
			},
			{
				"sentenceNo": 3,
				"sentenceContent": "재판부는 또 성폭력 치료프로그램 40시간 이수와 아동·청소년 관련 기관 등 취업제한 4년을 명했다.",
				"subjectConsistencyYn": "Y"
			},
			{
				"sentenceNo": 4,
				"sentenceContent": "앞서 1심 선고 후 검찰과 피고인 측은 모두 항소했다.",
				"subjectConsistencyYn": "Y"
			},
			{
				"sentenceNo": 5,
				"sentenceContent": "검찰은 원심의 형이 가볍다고, 피고인은 법원 선고가 너무 무거워 부당하다는 취지였다.",
				"subjectConsistencyYn": "Y"
			},
			{
				"sentenceNo": 6,
				"sentenceContent": "취업준비생인 A씨는 지난해 11월 15일부터 올해 3월까지 일명 딥페이크 기술을 이용해 일반인 나체 사진과 연예인 얼굴 사진을 합성한 사진 285장을 텔레그램 채팅방을 통해 전송·배포했다.",
				"subjectConsistencyYn": "Y"
			},
			{
				"sentenceNo": 7,
				"sentenceContent": "한편 선정적 가사와 여성 비하 표현으로 논란을 빚었던 ‘쇼미더머니4’도 이날 결승전을 마지막으로 막을 내렸다.",
				"subjectConsistencyYn": "N"
			},
			{
				"sentenceNo": 8,
				"sentenceContent": "온라인 중앙일보 jstar@ '쇼미더머니4' 베이식 우승 '쇼미더머니4' 베이식 우승",
				"subjectConsistencyYn": "N"
			}
		],
		"clickbaitClass": 0
	}
}