{
	"sourceDataInfo": {
		"newsID": "ET_M13_490653",
		"newsCategory": "연예",
		"newsSubcategory": "방송",
		"newsTitle": "유영재 ‘춘정지란’으로 첫 주연 맡는다[공식]",
		"newsSubTitle": "",
		"newsContent": "배우 유영재가 ‘춘정지란’의 주연으로 돌아온다.\n소속사 제이월드는 20일 공식 보도자료를 통해 유영재가 ‘춘정지란’으로 첫 주연을 맡는다고 밝혔다. ‘춘정지란’은 노명희 작가의 웹툰 ‘춘정지란’을 원작으로 하며 노비 신분을 벗으려는 주인공이 여장 남자로 위장해 혼인하게 되면서 벌어지는 이야기를 그린다.\n유영재는 극 중 근면 성실한 선비이지만 대쪽 같은 성품의 소유자 ‘진금성’ 역을 맡는다.\n유영재는 앞서 tvN ‘철인왕후’에서 허당미 있는 금수저 캐릭터 ‘김환’ 역으로 첫 사극에 도전한 바 있다. ‘춘정지란’을 통해 또다시 사극 작품을 만나게 된 유영재는 “장난꾸러기 같은 엉뚱한 매력의 김환과 상반되는 다재다능하고 진중한 매력의 진금성으로 찾아뵐 것”이라고 전하며 연기 변신을 예고했다.\n앞서 유영재는 웹드라마 ‘김슬기천재’를 시작으로 KBS2 ‘99억의 여자’, tvN ‘철인왕후’, KBS2 ‘경찰수업’에서 안정적인 정극 연기를 선보였다.\n특히 ‘철인왕후’에서 사극 특유의 톤과 대사를 완벽히 소화해 내며 능청스러운 코믹 연기로 존재감을 발산한 유영재는 이후 ‘경찰수업’에서 한층 더 자연스러워진 연기와 센스 있는 표현력을 드러내며 신스틸러라는 평을 받았다.\n이에 ‘춘정지란’으로 첫 주연을 맡게 된 유영재가 어떤 연기로 돌아올지 관심이 높아진다.\n한편 ‘춘정지란’은 스트리밍 플랫폼 왓챠를 통해 내년 상반기 공개될 예정이다.",
		"partNum": "P2",
		"useType": 0,
		"processType": "A",
		"processPattern": "99",
		"processLevel": "하",
		"sentenceCount": 8,
		"processSentencenum": 2,
		"sentenceInfo": [
			{
				"sentenceNo": 1,
				"sentenceContent": "배우 유영재가 ‘춘정지란’의 주연으로 돌아온다.",
				"sentenceSize": 26
			},
			{
				"sentenceNo": 2,
				"sentenceContent": "소속사 제이월드는 20일 공식 보도자료를 통해 유영재가 ‘춘정지란’으로 첫 주연을 맡는다고 밝혔다. ‘춘정지란’은 노명희 작가의 웹툰 ‘춘정지란’을 원작으로 하며 노비 신분을 벗으려는 주인공이 여장 남자로 위장해 혼인하게 되면서 벌어지는 이야기를 그린다.",
				"sentenceSize": 142
			},
			{
				"sentenceNo": 3,
				"sentenceContent": "유영재는 극 중 근면 성실한 선비이지만 대쪽 같은 성품의 소유자 ‘진금성’ 역을 맡는다.",
				"sentenceSize": 49
			},
			{
				"sentenceNo": 4,
				"sentenceContent": "유영재는 앞서 tvN ‘철인왕후’에서 허당미 있는 금수저 캐릭터 ‘김환’ 역으로 첫 사극에 도전한 바 있다. ‘춘정지란’을 통해 또다시 사극 작품을 만나게 된 유영재는 “장난꾸러기 같은 엉뚱한 매력의 김환과 상반되는 다재다능하고 진중한 매력의 진금성으로 찾아뵐 것”이라고 전하며 연기 변신을 예고했다.",
				"sentenceSize": 168
			},
			{
				"sentenceNo": 5,
				"sentenceContent": "앞서 유영재는 웹드라마 ‘김슬기천재’를 시작으로 KBS2 ‘99억의 여자’, tvN ‘철인왕후’, KBS2 ‘경찰수업’에서 안정적인 정극 연기를 선보였다.",
				"sentenceSize": 86
			},
			{
				"sentenceNo": 6,
				"sentenceContent": "특히 ‘철인왕후’에서 사극 특유의 톤과 대사를 완벽히 소화해 내며 능청스러운 코믹 연기로 존재감을 발산한 유영재는 이후 ‘경찰수업’에서 한층 더 자연스러워진 연기와 센스 있는 표현력을 드러내며 신스틸러라는 평을 받았다.",
				"sentenceSize": 122
			},
			{
				"sentenceNo": 7,
				"sentenceContent": "이에 ‘춘정지란’으로 첫 주연을 맡게 된 유영재가 어떤 연기로 돌아올지 관심이 높아진다.",
				"sentenceSize": 49
			},
			{
				"sentenceNo": 8,
				"sentenceContent": "한편 ‘춘정지란’은 스트리밍 플랫폼 왓챠를 통해 내년 상반기 공개될 예정이다.",
				"sentenceSize": 43
			}
		]
	},
	"labeledDataInfo": {
		"processSentenceInfo": [
			{
				"sentenceNo": 1,
				"sentenceContent": "배우 유영재가 ‘춘정지란’의 주연으로 돌아온다.",
				"subjectConsistencyYn": "Y"
			},
			{
				"sentenceNo": 2,
				"sentenceContent": "소속사 제이월드는 20일 공식 보도자료를 통해 유영재가 ‘춘정지란’으로 첫 주연을 맡는다고 밝혔다. ‘춘정지란’은 노명희 작가의 웹툰 ‘춘정지란’을 원작으로 하며 노비 신분을 벗으려는 주인공이 여장 남자로 위장해 혼인하게 되면서 벌어지는 이야기를 그린다.",
				"subjectConsistencyYn": "Y"
			},
			{
				"sentenceNo": 3,
				"sentenceContent": "유영재는 극 중 근면 성실한 선비이지만 대쪽 같은 성품의 소유자 ‘진금성’ 역을 맡는다.",
				"subjectConsistencyYn": "Y"
			},
			{
				"sentenceNo": 4,
				"sentenceContent": "유영재는 앞서 tvN ‘철인왕후’에서 허당미 있는 금수저 캐릭터 ‘김환’ 역으로 첫 사극에 도전한 바 있다. ‘춘정지란’을 통해 또다시 사극 작품을 만나게 된 유영재는 “장난꾸러기 같은 엉뚱한 매력의 김환과 상반되는 다재다능하고 진중한 매력의 진금성으로 찾아뵐 것”이라고 전하며 연기 변신을 예고했다.",
				"subjectConsistencyYn": "Y"
			},
			{
				"sentenceNo": 5,
				"sentenceContent": "앞서 유영재는 웹드라마 ‘김슬기천재’를 시작으로 KBS2 ‘99억의 여자’, tvN ‘철인왕후’, KBS2 ‘경찰수업’에서 안정적인 정극 연기를 선보였다.",
				"subjectConsistencyYn": "Y"
			},
			{
				"sentenceNo": 6,
				"sentenceContent": "특히 ‘철인왕후’에서 사극 특유의 톤과 대사를 완벽히 소화해 내며 능청스러운 코믹 연기로 존재감을 발산한 유영재는 이후 ‘경찰수업’에서 한층 더 자연스러워진 연기와 센스 있는 표현력을 드러내며 신스틸러라는 평을 받았다.",
				"subjectConsistencyYn": "Y"
			},
			{
				"sentenceNo": 7,
				"sentenceContent": "이에 네티즌들은 \\\"채널 소녀시대 윤아, 역시 예쁘다\\\", \\\"채널 소녀시대 윤아, 소녀시대가 막걸리라니\\\", \\\"채널 소녀시대 윤아, 술 잘 마시나 보다\\\" 등의 반응을 보였다. ‘채널 소녀시대 윤아’ 온라인 중앙일보 [사진 온스타일 '채널 소녀시대' 캡처] ‘채널 소녀시대 윤아’",
				"subjectConsistencyYn": "N"
			}
		],
		"clickbaitClass": 0
	}
}