{
	"sourceDataInfo": {
		"newsID": "ET_M13_490802",
		"newsCategory": "연예",
		"newsSubcategory": "연예일반",
		"newsTitle": "티아라 지연, 영화 ‘강남’ 여주인공 낙점[공식]",
		"newsSubTitle": "",
		"newsContent": "그룹 티아라 박지연(지연)이 영화 ‘강남’ 여주인공으로 캐스팅됐다.\n영화 ‘강남’은 원인불명의 증세를 보이는 사람들이 출몰하면서 혼돈의 중심이 된 강남, 그 속에서 살아남기 위해 목숨을 건 사람들의 이야기로 새로운 한국형 좀비 영화다.\n박지연은 극중 ‘현석’(지일주 분)과 함께 좀비로부터 살아남기 위해 목숨을 건 사투를 벌이는 인물이자, 부당한 일에는 항상 그 누구보다도 강단 있게 나서는 당찬 여자 주인공 ‘민정’역을 맡았다.\n박지연은 앞서 영화 ‘고사 두 번째 이야기: 교생실습’ 드라마 KBS‘정글피쉬 2’ KBS‘드림하이 2’ 등에 출연해 다채로운 캐릭터를 선보이며 대중들의 많은 사랑을 받았다.\n최근에는 전 세계적으로 사랑을 받은 웹드라마 ‘옆집 마녀 제이’와 KBS ‘이미테이션’ 등에 출연하며 연기 활동을 이어갔다.\n또한, 영화 ‘화녀’의 주인공으로 캐스팅돼 최근 촬영을 모두 마쳤다.\n박지연은 “평소 작품에서 해보고 싶었던 액션을 이번 작품에서 보여드릴 수 있게 되어 액션스쿨에 다니며 열심히 준비했다”며 “모두가 즐길 수 있는 영화가 되도록 최선을 다해 연기에 연기하겠다. 많은 기대 부탁드린다”고 포부를 전했다.\n한편, 박지연이 출연을 확정 지은 영화 ‘강남’은 지난 10일 크랭크인 했다.",
		"partNum": "P2",
		"useType": 0,
		"processType": "A",
		"processPattern": "99",
		"processLevel": "하",
		"sentenceCount": 8,
		"processSentencenum": 1,
		"sentenceInfo": [
			{
				"sentenceNo": 1,
				"sentenceContent": "그룹 티아라 박지연(지연)이 영화 ‘강남’ 여주인공으로 캐스팅됐다.",
				"sentenceSize": 37
			},
			{
				"sentenceNo": 2,
				"sentenceContent": "영화 ‘강남’은 원인불명의 증세를 보이는 사람들이 출몰하면서 혼돈의 중심이 된 강남, 그 속에서 살아남기 위해 목숨을 건 사람들의 이야기로 새로운 한국형 좀비 영화다.",
				"sentenceSize": 93
			},
			{
				"sentenceNo": 3,
				"sentenceContent": "박지연은 극중 ‘현석’(지일주 분)과 함께 좀비로부터 살아남기 위해 목숨을 건 사투를 벌이는 인물이자, 부당한 일에는 항상 그 누구보다도 강단 있게 나서는 당찬 여자 주인공 ‘민정’역을 맡았다.",
				"sentenceSize": 108
			},
			{
				"sentenceNo": 4,
				"sentenceContent": "박지연은 앞서 영화 ‘고사 두 번째 이야기: 교생실습’ 드라마 KBS‘정글피쉬 2’ KBS‘드림하이 2’ 등에 출연해 다채로운 캐릭터를 선보이며 대중들의 많은 사랑을 받았다.",
				"sentenceSize": 97
			},
			{
				"sentenceNo": 5,
				"sentenceContent": "최근에는 전 세계적으로 사랑을 받은 웹드라마 ‘옆집 마녀 제이’와 KBS ‘이미테이션’ 등에 출연하며 연기 활동을 이어갔다.",
				"sentenceSize": 69
			},
			{
				"sentenceNo": 6,
				"sentenceContent": "또한, 영화 ‘화녀’의 주인공으로 캐스팅돼 최근 촬영을 모두 마쳤다.",
				"sentenceSize": 38
			},
			{
				"sentenceNo": 7,
				"sentenceContent": "박지연은 “평소 작품에서 해보고 싶었던 액션을 이번 작품에서 보여드릴 수 있게 되어 액션스쿨에 다니며 열심히 준비했다”며 “모두가 즐길 수 있는 영화가 되도록 최선을 다해 연기에 연기하겠다. 많은 기대 부탁드린다”고 포부를 전했다.",
				"sentenceSize": 129
			},
			{
				"sentenceNo": 8,
				"sentenceContent": "한편, 박지연이 출연을 확정 지은 영화 ‘강남’은 지난 10일 크랭크인 했다.",
				"sentenceSize": 43
			}
		]
	},
	"labeledDataInfo": {
		"processSentenceInfo": [
			{
				"sentenceNo": 1,
				"sentenceContent": "그룹 티아라 박지연(지연)이 영화 ‘강남’ 여주인공으로 캐스팅됐다.",
				"subjectConsistencyYn": "Y"
			},
			{
				"sentenceNo": 2,
				"sentenceContent": "영화 ‘강남’은 원인불명의 증세를 보이는 사람들이 출몰하면서 혼돈의 중심이 된 강남, 그 속에서 살아남기 위해 목숨을 건 사람들의 이야기로 새로운 한국형 좀비 영화다.",
				"subjectConsistencyYn": "Y"
			},
			{
				"sentenceNo": 3,
				"sentenceContent": "박지연은 극중 ‘현석’(지일주 분)과 함께 좀비로부터 살아남기 위해 목숨을 건 사투를 벌이는 인물이자, 부당한 일에는 항상 그 누구보다도 강단 있게 나서는 당찬 여자 주인공 ‘민정’역을 맡았다.",
				"subjectConsistencyYn": "Y"
			},
			{
				"sentenceNo": 4,
				"sentenceContent": "박지연은 앞서 영화 ‘고사 두 번째 이야기: 교생실습’ 드라마 KBS‘정글피쉬 2’ KBS‘드림하이 2’ 등에 출연해 다채로운 캐릭터를 선보이며 대중들의 많은 사랑을 받았다.",
				"subjectConsistencyYn": "Y"
			},
			{
				"sentenceNo": 5,
				"sentenceContent": "최근에는 전 세계적으로 사랑을 받은 웹드라마 ‘옆집 마녀 제이’와 KBS ‘이미테이션’ 등에 출연하며 연기 활동을 이어갔다.",
				"subjectConsistencyYn": "Y"
			},
			{
				"sentenceNo": 6,
				"sentenceContent": "또한, 영화 ‘화녀’의 주인공으로 캐스팅돼 최근 촬영을 모두 마쳤다.",
				"subjectConsistencyYn": "Y"
			},
			{
				"sentenceNo": 7,
				"sentenceContent": "박지연은 “평소 작품에서 해보고 싶었던 액션을 이번 작품에서 보여드릴 수 있게 되어 액션스쿨에 다니며 열심히 준비했다”며 “모두가 즐길 수 있는 영화가 되도록 최선을 다해 연기에 연기하겠다. 많은 기대 부탁드린다”고 포부를 전했다.",
				"subjectConsistencyYn": "Y"
			},
			{
				"sentenceNo": 8,
				"sentenceContent": "이를 본 박형식은 웃음을 터트렸다.",
				"subjectConsistencyYn": "N"
			},
			{
				"sentenceNo": 9,
				"sentenceContent": "한편 방탄소년단은 이날 대상과 본상을 거머쥐며 2관왕에 올랐다.",
				"subjectConsistencyYn": "N"
			}
		],
		"clickbaitClass": 0
	}
}