{
	"sourceDataInfo": {
		"newsID": "ET_M13_490741",
		"newsCategory": "연예",
		"newsSubcategory": "방송",
		"newsTitle": "‘스걸파’ 4회 관전 키워드는?",
		"newsSubTitle": "",
		"newsContent": "Mnet ‘스트릿댄스 걸스 파이터(이하 스걸파)’가 MZ세대 시청자들의 마음을 저격하며 뜨거운 인기몰이중인 가운데, 오늘(21일, 화) 방송되는 4회의 관전키워드가 눈길을 끈다.\n이 날 방송에서는 2차 미션 ‘원 팀 퍼포먼스 미션’의 최종결과가 공개된다. ‘원 팀 퍼포먼스 미션’은 ‘스걸파’가 첫 대중평가를 반영하는 미션. 무엇보다 대중평가의 반영 비율이 크기 때문에 마스터 현장평가 점수 순위가 대거 바뀔 수 있는 상황이다.\n실제 대중평가 점수가 공개되자 마스터들은 물론 참가자들 모두 경악을 감추지 못할 정도로 놀라운 결과들이 이어졌다는 후문. 참가자들은 “예상과는 너무 다른 결과”, “충격이 컸다”고 입을 모으고, 제작진 역시 “예측하기 힘든 반전들이 이어질 것이다”고 덧붙여 ‘원 팀 퍼포먼스 미션’ 최종 결과에 대한 궁금증을 증폭시킨다.\n특히 방송에 앞서 공개된 예고편에서는 웨이비팀이 하위 4팀 중 한팀으로 공개되면서, 크루들을 향한 미안한 마음에 눈물 흘리는 노제의 모습이 공개돼 이목을 사로잡는다.\n웨이비팀의 크루 트레드와 뉴니온도 눈물을 참지 못하며 “기회였고 영광이었다”, “값진 경험이었다”라 말하고, 이내 두 크루 중 한 크루를 보내야 하는 노제는 쉽게 말을 잇지 못하는 모습이 예고된 것. 이번 ‘원 팀 퍼포먼스 미션’에서는 대중평가와 마스터 점수를 합쳐 하위 4팀을 선정, 하위 4팀에 속한 8크루는 탈락 배틀을 진행해 각 팀별로 한크루씩 총 4크루가 탈락하게 된다.\n웨이비팀을 제외한 하위 4팀 중 3팀은 어떤 팀일지, 그리고 마지막 배틀에서 탈락의 고배를 마시게 될 ‘스걸파’ 크루는 누가 될지 오늘(21일, 화) 방송하는 ‘스걸파’ 4회에서 모두 확인할 수 있다.\n한편, K-여고생 댄서들의 저력을 보여주고 있는 ‘스걸파’는 굿데이터코퍼레이션이 발표한 12월 2주차 비드라마 TV 화제성 1위, 주간 콘텐츠 영향력 지수(CPI powered by RACOI) 예능 부문에서 1위를 달성했으며, 지난 3회가 평균 시청률 2.9%, 순간 최고 시청률 3.4%로 자체 최고 시청률을 경신하는 등 무서운 상승세를 이어가고 있다.",
		"partNum": "P2",
		"useType": 0,
		"processType": "A",
		"processPattern": "99",
		"processLevel": "하",
		"sentenceCount": 7,
		"processSentencenum": 2,
		"sentenceInfo": [
			{
				"sentenceNo": 1,
				"sentenceContent": "Mnet ‘스트릿댄스 걸스 파이터(이하 스걸파)’가 MZ세대 시청자들의 마음을 저격하며 뜨거운 인기몰이중인 가운데, 오늘(21일, 화) 방송되는 4회의 관전키워드가 눈길을 끈다.",
				"sentenceSize": 99
			},
			{
				"sentenceNo": 2,
				"sentenceContent": "이 날 방송에서는 2차 미션 ‘원 팀 퍼포먼스 미션’의 최종결과가 공개된다. ‘원 팀 퍼포먼스 미션’은 ‘스걸파’가 첫 대중평가를 반영하는 미션. 무엇보다 대중평가의 반영 비율이 크기 때문에 마스터 현장평가 점수 순위가 대거 바뀔 수 있는 상황이다.",
				"sentenceSize": 139
			},
			{
				"sentenceNo": 3,
				"sentenceContent": "실제 대중평가 점수가 공개되자 마스터들은 물론 참가자들 모두 경악을 감추지 못할 정도로 놀라운 결과들이 이어졌다는 후문. 참가자들은 “예상과는 너무 다른 결과”, “충격이 컸다”고 입을 모으고, 제작진 역시 “예측하기 힘든 반전들이 이어질 것이다”고 덧붙여 ‘원 팀 퍼포먼스 미션’ 최종 결과에 대한 궁금증을 증폭시킨다.",
				"sentenceSize": 179
			},
			{
				"sentenceNo": 4,
				"sentenceContent": "특히 방송에 앞서 공개된 예고편에서는 웨이비팀이 하위 4팀 중 한팀으로 공개되면서, 크루들을 향한 미안한 마음에 눈물 흘리는 노제의 모습이 공개돼 이목을 사로잡는다.",
				"sentenceSize": 92
			},
			{
				"sentenceNo": 5,
				"sentenceContent": "웨이비팀의 크루 트레드와 뉴니온도 눈물을 참지 못하며 “기회였고 영광이었다”, “값진 경험이었다”라 말하고, 이내 두 크루 중 한 크루를 보내야 하는 노제는 쉽게 말을 잇지 못하는 모습이 예고된 것. 이번 ‘원 팀 퍼포먼스 미션’에서는 대중평가와 마스터 점수를 합쳐 하위 4팀을 선정, 하위 4팀에 속한 8크루는 탈락 배틀을 진행해 각 팀별로 한크루씩 총 4크루가 탈락하게 된다.",
				"sentenceSize": 212
			},
			{
				"sentenceNo": 6,
				"sentenceContent": "웨이비팀을 제외한 하위 4팀 중 3팀은 어떤 팀일지, 그리고 마지막 배틀에서 탈락의 고배를 마시게 될 ‘스걸파’ 크루는 누가 될지 오늘(21일, 화) 방송하는 ‘스걸파’ 4회에서 모두 확인할 수 있다.",
				"sentenceSize": 112
			},
			{
				"sentenceNo": 7,
				"sentenceContent": "한편, K-여고생 댄서들의 저력을 보여주고 있는 ‘스걸파’는 굿데이터코퍼레이션이 발표한 12월 2주차 비드라마 TV 화제성 1위, 주간 콘텐츠 영향력 지수(CPI powered by RACOI) 예능 부문에서 1위를 달성했으며, 지난 3회가 평균 시청률 2.9%, 순간 최고 시청률 3.4%로 자체 최고 시청률을 경신하는 등 무서운 상승세를 이어가고 있다.",
				"sentenceSize": 199
			}
		]
	},
	"labeledDataInfo": {
		"processSentenceInfo": [
			{
				"sentenceNo": 1,
				"sentenceContent": "Mnet ‘스트릿댄스 걸스 파이터(이하 스걸파)’가 MZ세대 시청자들의 마음을 저격하며 뜨거운 인기몰이중인 가운데, 오늘(21일, 화) 방송되는 4회의 관전키워드가 눈길을 끈다.",
				"subjectConsistencyYn": "Y"
			},
			{
				"sentenceNo": 2,
				"sentenceContent": "이 날 방송에서는 2차 미션 ‘원 팀 퍼포먼스 미션’의 최종결과가 공개된다. ‘원 팀 퍼포먼스 미션’은 ‘스걸파’가 첫 대중평가를 반영하는 미션. 무엇보다 대중평가의 반영 비율이 크기 때문에 마스터 현장평가 점수 순위가 대거 바뀔 수 있는 상황이다.",
				"subjectConsistencyYn": "Y"
			},
			{
				"sentenceNo": 3,
				"sentenceContent": "실제 대중평가 점수가 공개되자 마스터들은 물론 참가자들 모두 경악을 감추지 못할 정도로 놀라운 결과들이 이어졌다는 후문. 참가자들은 “예상과는 너무 다른 결과”, “충격이 컸다”고 입을 모으고, 제작진 역시 “예측하기 힘든 반전들이 이어질 것이다”고 덧붙여 ‘원 팀 퍼포먼스 미션’ 최종 결과에 대한 궁금증을 증폭시킨다.",
				"subjectConsistencyYn": "Y"
			},
			{
				"sentenceNo": 4,
				"sentenceContent": "특히 방송에 앞서 공개된 예고편에서는 웨이비팀이 하위 4팀 중 한팀으로 공개되면서, 크루들을 향한 미안한 마음에 눈물 흘리는 노제의 모습이 공개돼 이목을 사로잡는다.",
				"subjectConsistencyYn": "Y"
			},
			{
				"sentenceNo": 5,
				"sentenceContent": "웨이비팀의 크루 트레드와 뉴니온도 눈물을 참지 못하며 “기회였고 영광이었다”, “값진 경험이었다”라 말하고, 이내 두 크루 중 한 크루를 보내야 하는 노제는 쉽게 말을 잇지 못하는 모습이 예고된 것. 이번 ‘원 팀 퍼포먼스 미션’에서는 대중평가와 마스터 점수를 합쳐 하위 4팀을 선정, 하위 4팀에 속한 8크루는 탈락 배틀을 진행해 각 팀별로 한크루씩 총 4크루가 탈락하게 된다.",
				"subjectConsistencyYn": "Y"
			},
			{
				"sentenceNo": 6,
				"sentenceContent": "취침 시에는 항시 모기장을 사용하여 모기의 접근을 차단하고, 곤충기피제 등을 사용하여 모기에 물리지 않도록 조심해야 한다. 3일 현지 언론에 따르면 올해 들어 8월 중순까지 말레이시아에서 발생한 뎅기열 환자는 7만5천795명으로 작년 같은 기간보다 26.8% 급증했다.",
				"subjectConsistencyYn": "N"
			},
			{
				"sentenceNo": 7,
				"sentenceContent": "이중 사망자는 212명으로 작년 동기 123명의 1.7배에 이르는 등 동남아시아에서 뎅기열이 기승을 부리고 있다.",
				"subjectConsistencyYn": "N"
			},
			{
				"sentenceNo": 8,
				"sentenceContent": "이에 따라 말레이시아에서는 뎅기열 확산을 막기 위해 뎅기 모기 서식지를 방치한 시설 소유주나 지방 행정당국에 책임을 묻는 제도를 도입해야 한다는 목소리가 나오고 있다.",
				"subjectConsistencyYn": "N"
			},
			{
				"sentenceNo": 9,
				"sentenceContent": "온라인 중앙일보 뎅기열 뎅기열",
				"subjectConsistencyYn": "N"
			}
		],
		"clickbaitClass": 0
	}
}