{
	"sourceDataInfo": {
		"newsID": "ET_M13_490409",
		"newsCategory": "연예",
		"newsSubcategory": "방송",
		"newsTitle": "‘오늘무해’ 오늘 마지막회, 공효진-이천희-전혜진 ‘환경삼총사’의 소감",
		"newsSubTitle": "",
		"newsContent": "KBS2 예능 ‘오늘부터 무해하게’가 마지막회를 앞두고 공효진, 이천희, 전혜진의 탄소제로 생활 소감을 전했다.\n16일 방송되는 환경예능 ‘오늘부터 무해하게’ 마지막회에서는 일상 속 무분별한 쓰레기 문제해결을 위해 두 팔을 겉어붙인 공효진, 이천희, 전혜진의 탄소제로 생활 마지막 도전기가 그려진다.\n공효진은 “있는 내내 매일매일이 고마웠다”면서 일주일의 도전을 함께 한 이천희, 전혜진에 대해 고마운 마음을 드러냈다.\n그러면서 “한 걸음의 움직임, 한 번의 손길로 정말 많은 것이 변할 수 있대요. 너무 무겁게 생각하지 마시고 가볍게 생각해주시고 응원해주세요”라고 인사를 전했다.\n이천희는 “촬영을 하면서 환경을 지킬 수 있는 방법을 많이 배워가는 것 같다”고 말했다.\n이어 “저희가 환경을 어떻게 하면 지킬 수 있는지에 관해 잘 알기 때문에 하는 건 아니고, 아름다운 지구를 좀 더 오랫동안 느끼고 보존하고 싶은 것뿐입니다. 시청자분들도 계속 함께 해주셨으면 좋겠습니다”라고 전했다.\n전혜진은 “‘오늘 무해’는 끝나지만 방송을 통해 환경에 관심을 가지게 되신 시청자분들과 앞으로도 계속 함께 하고 싶다”라고 말했다.\n이들은 죽도의 무해한 강아지 백설이를 향한 인사도 전했다.\n이들은 종이 팩 생수 홍보 광고에 이어 종이 팩을 분리배출하는 방법이 담긴 특별영상도 제작했다.\n이들의 영상은 16일 방송되는 마지막회에서 확인할 수 있다. ‘오늘부터 무해하게’ 제작진은 “탄소를 줄여보고자 시작한 프로그램이 이렇게 큰 프로젝트가 될 줄은 생각 못했다. 산림청과 E사, L사가 함께 한 ‘오늘 무해’의 마지막 결실을 지켜봐달라”고 전하며 “현재의 변화를 시작점으로 앞으로도 친환경적인 움직임이 뻗어 나가길 기대해본다”고 덧붙였다. ‘오늘부터 무해하게’ 마지막회는 16일 오후 10시40분 방송된다.",
		"partNum": "P2",
		"useType": 0,
		"processType": "A",
		"processPattern": "99",
		"processLevel": "하",
		"sentenceCount": 10,
		"processSentencenum": 2,
		"sentenceInfo": [
			{
				"sentenceNo": 1,
				"sentenceContent": "KBS2 예능 ‘오늘부터 무해하게’가 마지막회를 앞두고 공효진, 이천희, 전혜진의 탄소제로 생활 소감을 전했다.",
				"sentenceSize": 62
			},
			{
				"sentenceNo": 2,
				"sentenceContent": "16일 방송되는 환경예능 ‘오늘부터 무해하게’ 마지막회에서는 일상 속 무분별한 쓰레기 문제해결을 위해 두 팔을 겉어붙인 공효진, 이천희, 전혜진의 탄소제로 생활 마지막 도전기가 그려진다.",
				"sentenceSize": 104
			},
			{
				"sentenceNo": 3,
				"sentenceContent": "공효진은 “있는 내내 매일매일이 고마웠다”면서 일주일의 도전을 함께 한 이천희, 전혜진에 대해 고마운 마음을 드러냈다.",
				"sentenceSize": 66
			},
			{
				"sentenceNo": 4,
				"sentenceContent": "그러면서 “한 걸음의 움직임, 한 번의 손길로 정말 많은 것이 변할 수 있대요. 너무 무겁게 생각하지 마시고 가볍게 생각해주시고 응원해주세요”라고 인사를 전했다.",
				"sentenceSize": 90
			},
			{
				"sentenceNo": 5,
				"sentenceContent": "이천희는 “촬영을 하면서 환경을 지킬 수 있는 방법을 많이 배워가는 것 같다”고 말했다.",
				"sentenceSize": 49
			},
			{
				"sentenceNo": 6,
				"sentenceContent": "이어 “저희가 환경을 어떻게 하면 지킬 수 있는지에 관해 잘 알기 때문에 하는 건 아니고, 아름다운 지구를 좀 더 오랫동안 느끼고 보존하고 싶은 것뿐입니다. 시청자분들도 계속 함께 해주셨으면 좋겠습니다”라고 전했다.",
				"sentenceSize": 120
			},
			{
				"sentenceNo": 7,
				"sentenceContent": "전혜진은 “‘오늘 무해’는 끝나지만 방송을 통해 환경에 관심을 가지게 되신 시청자분들과 앞으로도 계속 함께 하고 싶다”라고 말했다.",
				"sentenceSize": 73
			},
			{
				"sentenceNo": 8,
				"sentenceContent": "이들은 죽도의 무해한 강아지 백설이를 향한 인사도 전했다.",
				"sentenceSize": 32
			},
			{
				"sentenceNo": 9,
				"sentenceContent": "이들은 종이 팩 생수 홍보 광고에 이어 종이 팩을 분리배출하는 방법이 담긴 특별영상도 제작했다.",
				"sentenceSize": 53
			},
			{
				"sentenceNo": 10,
				"sentenceContent": "이들의 영상은 16일 방송되는 마지막회에서 확인할 수 있다. ‘오늘부터 무해하게’ 제작진은 “탄소를 줄여보고자 시작한 프로그램이 이렇게 큰 프로젝트가 될 줄은 생각 못했다. 산림청과 E사, L사가 함께 한 ‘오늘 무해’의 마지막 결실을 지켜봐달라”고 전하며 “현재의 변화를 시작점으로 앞으로도 친환경적인 움직임이 뻗어 나가길 기대해본다”고 덧붙였다. ‘오늘부터 무해하게’ 마지막회는 16일 오후 10시40분 방송된다.",
				"sentenceSize": 233
			}
		]
	},
	"labeledDataInfo": {
		"processSentenceInfo": [
			{
				"sentenceNo": 1,
				"sentenceContent": "KBS2 예능 ‘오늘부터 무해하게’가 마지막회를 앞두고 공효진, 이천희, 전혜진의 탄소제로 생활 소감을 전했다.",
				"subjectConsistencyYn": "Y"
			},
			{
				"sentenceNo": 2,
				"sentenceContent": "16일 방송되는 환경예능 ‘오늘부터 무해하게’ 마지막회에서는 일상 속 무분별한 쓰레기 문제해결을 위해 두 팔을 겉어붙인 공효진, 이천희, 전혜진의 탄소제로 생활 마지막 도전기가 그려진다.",
				"subjectConsistencyYn": "Y"
			},
			{
				"sentenceNo": 3,
				"sentenceContent": "공효진은 “있는 내내 매일매일이 고마웠다”면서 일주일의 도전을 함께 한 이천희, 전혜진에 대해 고마운 마음을 드러냈다.",
				"subjectConsistencyYn": "Y"
			},
			{
				"sentenceNo": 4,
				"sentenceContent": "그러면서 “한 걸음의 움직임, 한 번의 손길로 정말 많은 것이 변할 수 있대요. 너무 무겁게 생각하지 마시고 가볍게 생각해주시고 응원해주세요”라고 인사를 전했다.",
				"subjectConsistencyYn": "Y"
			},
			{
				"sentenceNo": 5,
				"sentenceContent": "이천희는 “촬영을 하면서 환경을 지킬 수 있는 방법을 많이 배워가는 것 같다”고 말했다.",
				"subjectConsistencyYn": "Y"
			},
			{
				"sentenceNo": 6,
				"sentenceContent": "이어 “저희가 환경을 어떻게 하면 지킬 수 있는지에 관해 잘 알기 때문에 하는 건 아니고, 아름다운 지구를 좀 더 오랫동안 느끼고 보존하고 싶은 것뿐입니다. 시청자분들도 계속 함께 해주셨으면 좋겠습니다”라고 전했다.",
				"subjectConsistencyYn": "Y"
			},
			{
				"sentenceNo": 7,
				"sentenceContent": "전혜진은 “‘오늘 무해’는 끝나지만 방송을 통해 환경에 관심을 가지게 되신 시청자분들과 앞으로도 계속 함께 하고 싶다”라고 말했다.",
				"subjectConsistencyYn": "Y"
			},
			{
				"sentenceNo": 8,
				"sentenceContent": "이들은 죽도의 무해한 강아지 백설이를 향한 인사도 전했다.",
				"subjectConsistencyYn": "Y"
			},
			{
				"sentenceNo": 9,
				"sentenceContent": "스테이씨는 연말에도 다양한 활동을 통해 팬들과 만남을 이어갈 예정이다.",
				"subjectConsistencyYn": "N"
			}
		],
		"clickbaitClass": 0
	}
}