{
	"sourceDataInfo": {
		"newsID": "ET_M13_490684",
		"newsCategory": "연예",
		"newsSubcategory": "방송",
		"newsTitle": "‘꽃달’ 변우석, ‘꽃파당’ 꽃선비에서 왕세자로 “집이 엄청 커져”",
		"newsSubTitle": "",
		"newsContent": "KBS2 새 월화극 ‘꽃 피면 달 생각하고’에 출연한 배우 변우석이 ‘꽃선비’에서 왕세자로 신분이 급격히 상승한 기분을 전했다.\n변우석은 20일 온라인 중계 형식으로 열린 ‘꽃 피면 달 생각하고’의 제작발표회에 참석했다.\n이 자리에는 작품의 연출을 맡은 황인혁PD와 배우 유승호, 이혜리, 강미나가 함께 했다.\n변우석은 극중 후궁의 자식으로 적통이던 성현세자가 의문의 죽음을 맞이하면서 운명의 소용돌이에 휘말린 왕세자 이표 역을 연기했다.\n2019년 JTBC ‘조선혼담공작소 꽃파당’에서 꽃선비 도준 역할을 맡았던 변우석은 2년 만에 극중 신분이 왕세자로 급상승했다.\n또한 함께 출연하는 강미나와는 2017년 KBS 단막극 ‘직립보행의 역사’에서 함께 해 인연을 더했다.\n이번 작품에서도 변우석은 극중 병조참판 댁 무남독녀로 한애진 역 강미나와의 인연이 예상된다.\n변우석은 신분 상승에 대해 “집이 커졌고 여러 면이 좋아져 행복했다. 너무 좋았다”면서 반항기 어린 왕세자를 표현하기 위해 “표정이나 자세에 대해 고민했다. 능글맞음이나 반항하는 모습을 잘 표현하고 싶었다”고 말했다.\n유승호, 이혜리, 변우석, 강미나가 출연하는 KBS2 새 월화극 ‘꽃 피면 달 생각하고’는 20일부터 매주 월, 화요일 오후 9시30분 방송된다.",
		"partNum": "P2",
		"useType": 0,
		"processType": "A",
		"processPattern": "99",
		"processLevel": "하",
		"sentenceCount": 9,
		"processSentencenum": 2,
		"sentenceInfo": [
			{
				"sentenceNo": 1,
				"sentenceContent": "KBS2 새 월화극 ‘꽃 피면 달 생각하고’에 출연한 배우 변우석이 ‘꽃선비’에서 왕세자로 신분이 급격히 상승한 기분을 전했다.",
				"sentenceSize": 71
			},
			{
				"sentenceNo": 2,
				"sentenceContent": "변우석은 20일 온라인 중계 형식으로 열린 ‘꽃 피면 달 생각하고’의 제작발표회에 참석했다.",
				"sentenceSize": 51
			},
			{
				"sentenceNo": 3,
				"sentenceContent": "이 자리에는 작품의 연출을 맡은 황인혁PD와 배우 유승호, 이혜리, 강미나가 함께 했다.",
				"sentenceSize": 49
			},
			{
				"sentenceNo": 4,
				"sentenceContent": "변우석은 극중 후궁의 자식으로 적통이던 성현세자가 의문의 죽음을 맞이하면서 운명의 소용돌이에 휘말린 왕세자 이표 역을 연기했다.",
				"sentenceSize": 71
			},
			{
				"sentenceNo": 5,
				"sentenceContent": "2019년 JTBC ‘조선혼담공작소 꽃파당’에서 꽃선비 도준 역할을 맡았던 변우석은 2년 만에 극중 신분이 왕세자로 급상승했다.",
				"sentenceSize": 71
			},
			{
				"sentenceNo": 6,
				"sentenceContent": "또한 함께 출연하는 강미나와는 2017년 KBS 단막극 ‘직립보행의 역사’에서 함께 해 인연을 더했다.",
				"sentenceSize": 57
			},
			{
				"sentenceNo": 7,
				"sentenceContent": "이번 작품에서도 변우석은 극중 병조참판 댁 무남독녀로 한애진 역 강미나와의 인연이 예상된다.",
				"sentenceSize": 51
			},
			{
				"sentenceNo": 8,
				"sentenceContent": "변우석은 신분 상승에 대해 “집이 커졌고 여러 면이 좋아져 행복했다. 너무 좋았다”면서 반항기 어린 왕세자를 표현하기 위해 “표정이나 자세에 대해 고민했다. 능글맞음이나 반항하는 모습을 잘 표현하고 싶었다”고 말했다.",
				"sentenceSize": 121
			},
			{
				"sentenceNo": 9,
				"sentenceContent": "유승호, 이혜리, 변우석, 강미나가 출연하는 KBS2 새 월화극 ‘꽃 피면 달 생각하고’는 20일부터 매주 월, 화요일 오후 9시30분 방송된다.",
				"sentenceSize": 81
			}
		]
	},
	"labeledDataInfo": {
		"processSentenceInfo": [
			{
				"sentenceNo": 1,
				"sentenceContent": "KBS2 새 월화극 ‘꽃 피면 달 생각하고’에 출연한 배우 변우석이 ‘꽃선비’에서 왕세자로 신분이 급격히 상승한 기분을 전했다.",
				"subjectConsistencyYn": "Y"
			},
			{
				"sentenceNo": 2,
				"sentenceContent": "변우석은 20일 온라인 중계 형식으로 열린 ‘꽃 피면 달 생각하고’의 제작발표회에 참석했다.",
				"subjectConsistencyYn": "Y"
			},
			{
				"sentenceNo": 3,
				"sentenceContent": "이 자리에는 작품의 연출을 맡은 황인혁PD와 배우 유승호, 이혜리, 강미나가 함께 했다.",
				"subjectConsistencyYn": "Y"
			},
			{
				"sentenceNo": 4,
				"sentenceContent": "변우석은 극중 후궁의 자식으로 적통이던 성현세자가 의문의 죽음을 맞이하면서 운명의 소용돌이에 휘말린 왕세자 이표 역을 연기했다.",
				"subjectConsistencyYn": "Y"
			},
			{
				"sentenceNo": 5,
				"sentenceContent": "2019년 JTBC ‘조선혼담공작소 꽃파당’에서 꽃선비 도준 역할을 맡았던 변우석은 2년 만에 극중 신분이 왕세자로 급상승했다.",
				"subjectConsistencyYn": "Y"
			},
			{
				"sentenceNo": 6,
				"sentenceContent": "또한 함께 출연하는 강미나와는 2017년 KBS 단막극 ‘직립보행의 역사’에서 함께 해 인연을 더했다.",
				"subjectConsistencyYn": "Y"
			},
			{
				"sentenceNo": 7,
				"sentenceContent": "이번 작품에서도 변우석은 극중 병조참판 댁 무남독녀로 한애진 역 강미나와의 인연이 예상된다.",
				"subjectConsistencyYn": "Y"
			},
			{
				"sentenceNo": 8,
				"sentenceContent": "한편‘나는 SOLO’는 매주 수요일 밤 10시 30분 NQQ, SBS PLUS에서 만날 수 있다.",
				"subjectConsistencyYn": "N"
			}
		],
		"clickbaitClass": 0
	}
}