{
	"sourceDataInfo": {
		"newsID": "ET_M13_490779",
		"newsCategory": "연예",
		"newsSubcategory": "방송",
		"newsTitle": "‘헬로트로트’ 장혜리, 매혹의 춤사위",
		"newsSubTitle": "",
		"newsContent": "걸스데이 출신 장혜리가 댄스 스포츠 퍼포먼스로 ‘헬로트로트’를 화려하게 물들였다.\n장혜리는 지난 21일 밤 9시 40분 방송한 MBN 예능프로그램 ‘헬로트로트’에서 ‘헬로 게이트2’ 에이스 매치 ‘아트 퍼포먼스’ 부문에 참여했다.\n장혜리는 첫 등장부터 매혹적인 댄스 스포츠 의상으로 이목을 집중시켰다.\n특히 김수희의 ‘잃어버린 정’을 편곡, 탱고 리듬에 맞춰 김민재와 완벽한 댄스 스포츠 퍼포먼스를 선보여 감탄을 자아냈다.\n무대가 모두 끝난 후 김수희 감독은 “장혜리는 월드 스타가 될 수 있다”는 극찬과 함께 눈시울을 붉혔다.\n김경범 심사위원은 “트로트계 물건이 나타났다”며 “마치 루브르 박물관을 보는 듯한 느낌이었다”고 소감을 전했다.\n부활의 김태원 또한 “댄스가 정말 좋았다”면서 장혜리를 치켜세웠다. ‘아트 퍼포먼스’ 부문에 참여한 김수희 팀의 다른 팀원들도 장혜리를 향해 박수를 아끼지 않았다.\n특히 김민재는 “(장혜리가) 저를 리드해서 겨우 이 무대를 완성할 수 있었다. 정말 감사하다”고 공을 돌렸다.\n한편 ‘헬로트로트’는 1대1 매치를 진행하는 상황. 뛰어난 가창력은 물론, ‘아트 퍼포먼스’에서도 수준급 실력을 선보인 장혜리의 다음 무대에 시청자들의 관심이 집중되고 있다.",
		"partNum": "P2",
		"useType": 0,
		"processType": "A",
		"processPattern": "99",
		"processLevel": "하",
		"sentenceCount": 9,
		"processSentencenum": 1,
		"sentenceInfo": [
			{
				"sentenceNo": 1,
				"sentenceContent": "걸스데이 출신 장혜리가 댄스 스포츠 퍼포먼스로 ‘헬로트로트’를 화려하게 물들였다.",
				"sentenceSize": 45
			},
			{
				"sentenceNo": 2,
				"sentenceContent": "장혜리는 지난 21일 밤 9시 40분 방송한 MBN 예능프로그램 ‘헬로트로트’에서 ‘헬로 게이트2’ 에이스 매치 ‘아트 퍼포먼스’ 부문에 참여했다.",
				"sentenceSize": 82
			},
			{
				"sentenceNo": 3,
				"sentenceContent": "장혜리는 첫 등장부터 매혹적인 댄스 스포츠 의상으로 이목을 집중시켰다.",
				"sentenceSize": 39
			},
			{
				"sentenceNo": 4,
				"sentenceContent": "특히 김수희의 ‘잃어버린 정’을 편곡, 탱고 리듬에 맞춰 김민재와 완벽한 댄스 스포츠 퍼포먼스를 선보여 감탄을 자아냈다.",
				"sentenceSize": 67
			},
			{
				"sentenceNo": 5,
				"sentenceContent": "무대가 모두 끝난 후 김수희 감독은 “장혜리는 월드 스타가 될 수 있다”는 극찬과 함께 눈시울을 붉혔다.",
				"sentenceSize": 58
			},
			{
				"sentenceNo": 6,
				"sentenceContent": "김경범 심사위원은 “트로트계 물건이 나타났다”며 “마치 루브르 박물관을 보는 듯한 느낌이었다”고 소감을 전했다.",
				"sentenceSize": 62
			},
			{
				"sentenceNo": 7,
				"sentenceContent": "부활의 김태원 또한 “댄스가 정말 좋았다”면서 장혜리를 치켜세웠다. ‘아트 퍼포먼스’ 부문에 참여한 김수희 팀의 다른 팀원들도 장혜리를 향해 박수를 아끼지 않았다.",
				"sentenceSize": 91
			},
			{
				"sentenceNo": 8,
				"sentenceContent": "특히 김민재는 “(장혜리가) 저를 리드해서 겨우 이 무대를 완성할 수 있었다. 정말 감사하다”고 공을 돌렸다.",
				"sentenceSize": 61
			},
			{
				"sentenceNo": 9,
				"sentenceContent": "한편 ‘헬로트로트’는 1대1 매치를 진행하는 상황. 뛰어난 가창력은 물론, ‘아트 퍼포먼스’에서도 수준급 실력을 선보인 장혜리의 다음 무대에 시청자들의 관심이 집중되고 있다.",
				"sentenceSize": 97
			}
		]
	},
	"labeledDataInfo": {
		"processSentenceInfo": [
			{
				"sentenceNo": 1,
				"sentenceContent": "걸스데이 출신 장혜리가 댄스 스포츠 퍼포먼스로 ‘헬로트로트’를 화려하게 물들였다.",
				"subjectConsistencyYn": "Y"
			},
			{
				"sentenceNo": 2,
				"sentenceContent": "장혜리는 지난 21일 밤 9시 40분 방송한 MBN 예능프로그램 ‘헬로트로트’에서 ‘헬로 게이트2’ 에이스 매치 ‘아트 퍼포먼스’ 부문에 참여했다.",
				"subjectConsistencyYn": "Y"
			},
			{
				"sentenceNo": 3,
				"sentenceContent": "장혜리는 첫 등장부터 매혹적인 댄스 스포츠 의상으로 이목을 집중시켰다.",
				"subjectConsistencyYn": "Y"
			},
			{
				"sentenceNo": 4,
				"sentenceContent": "특히 김수희의 ‘잃어버린 정’을 편곡, 탱고 리듬에 맞춰 김민재와 완벽한 댄스 스포츠 퍼포먼스를 선보여 감탄을 자아냈다.",
				"subjectConsistencyYn": "Y"
			},
			{
				"sentenceNo": 5,
				"sentenceContent": "무대가 모두 끝난 후 김수희 감독은 “장혜리는 월드 스타가 될 수 있다”는 극찬과 함께 눈시울을 붉혔다.",
				"subjectConsistencyYn": "Y"
			},
			{
				"sentenceNo": 6,
				"sentenceContent": "김경범 심사위원은 “트로트계 물건이 나타났다”며 “마치 루브르 박물관을 보는 듯한 느낌이었다”고 소감을 전했다.",
				"subjectConsistencyYn": "Y"
			},
			{
				"sentenceNo": 7,
				"sentenceContent": "부활의 김태원 또한 “댄스가 정말 좋았다”면서 장혜리를 치켜세웠다. ‘아트 퍼포먼스’ 부문에 참여한 김수희 팀의 다른 팀원들도 장혜리를 향해 박수를 아끼지 않았다.",
				"subjectConsistencyYn": "Y"
			},
			{
				"sentenceNo": 8,
				"sentenceContent": "특히 김민재는 “(장혜리가) 저를 리드해서 겨우 이 무대를 완성할 수 있었다. 정말 감사하다”고 공을 돌렸다.",
				"subjectConsistencyYn": "Y"
			},
			{
				"sentenceNo": 9,
				"sentenceContent": "최근에는 ‘콘크리트 마켓(가제)’에서 아파트 마켓을 관리하는 ‘태진’ 역으로 주연 자리를 꿰차며 무서운 성장세를 증명, 다가오는 2022년에도 쉴 틈 없는 열일 행보를 예고했다.",
				"subjectConsistencyYn": "N"
			}
		],
		"clickbaitClass": 0
	}
}