{
	"sourceDataInfo": {
		"newsID": "ET_M13_490756",
		"newsCategory": "연예",
		"newsSubcategory": "방송",
		"newsTitle": "한눈에 보는 ‘공작도시’",
		"newsSubTitle": "",
		"newsContent": "JTBC 수목드라마 ‘공작도시’(극본 손세동/ 연출 전창근/ 제작 하이스토리디앤씨, JTBC스튜디오)에서 1회부터 4회까지 내용을 시간순으로 정리한 타임라인으로 흥미를 돋우고 있다.\n1st. 윤재희(수애 분), 성진가(家) 입성하다!\n먼저 윤재희는 판사 아버지가 성진그룹 부회장 정준일(김영재 분)의 비리를 덮어준 대가로 당시 연인이던 박정호(이충주 분)와 이별하고 성진가 혼외자 정준혁(김강우 분)과 정략결혼을 했다.\n청렴한 판사로 살아온 아버지의 단 한 번의 타협으로 끝없는 멸시와 핍박을 받아야 했지만 그녀는 사랑하는 남편과 아들 현우와 함께 오붓하게 살며 남편 내조부터 커리어의 역량까지 성진가(家)에 걸맞은 사람이 되도록 노력했다.\n그리고 그 시절, 그녀가 끈끈한 유대관계를 쌓아온 검찰총장 후보 조강현(정해균 분)의 처 권민선(백지원 분)은 남편의 내연녀 노영주(황선희 분)를 무참하게 폭행하는 사건이 벌어졌다.\n2nd. 둘째 며느리 윤재희의 전쟁 선포! 남편을 대통령으로 만들기 위해 권민선과 대의를 도모하게 된 윤재희는 그 첫 단계로 대한민국을 쥐고 흔들 수 있는 성진가(家)의 실세이자 시어머니 서한숙(김미숙 분)의 힘을 빼앗았다.\n바로 그녀의 친아들인 성진그룹 부회장 김영재의 분식회계를 폭로한 것. 무시로 일관하던 둘째 며느리의 역공에 치명타를 입은 서한숙은 정준일을 무죄로 꺼내주는 대신 정준혁의 대통령 취임을 돕기로 했고 그 증표로 대한민국 인사들의 치부책을 모아둔 비밀 서고의 열쇠를 넘겼다.\n서고의 새 주인이 된 윤재희의 욕망이 뜨겁게 타오르던 순간, 조력자 권민선은 남편의 성관계 동영상을 보고 자살, 새로운 위기가 드리워지고 있었다.\n여기에 김이설(이이담 분)이 아트스페이스 진의 도슨트로 지원, 윤재희의 삶에 침투하기 시작했다.\n3rd. 거듭되는 위기, 시어머니와의 주도권 전쟁! 권민선의 죽음으로 예상치 못한 상황을 맞게 된 윤재희는 설상가상으로 조강현의 성관계 동영상이 언론에 폭로될 위기까지 맞닥뜨리게 됐다.\n남편을 대통령으로 만드는 데에 절대적으로 필요한 조강현의 추락을 두고 볼 수 없기에 윤재희는 추적 끝에 동영상 속 여자 노영주가 현재 무연고 사망자란 사실을 확인했다.\n이에 윤재희는 조강현의 또 다른 내연녀 오예린(서재희 분)을 영상 속 여자로 둔갑시켜 동영상의 진실을 덮는 것으로 상황을 종결시켰다.\n성진가(家)에서 내쳐질 위기에 놓였던 윤재희는 다시 서고의 열쇠를 지킬 수 있게 됐지만 전 연인 박정호(이충주 분)와의 키스현장 사진을 들키면서 다시 한번 서한숙과 대치, 격한 몸싸움 끝에 오발탄에 맞아 총상을 입고 말았다.\n4th. 윤재희의 새 시대 그리고 수면 위로 떠오른 성진가(家)의 비밀! 멸시와 핍박 속에 살 수 없어 목숨을 걸고 덤벼든 윤재희의 충격 행동은 서한숙의 변화를 이끌었다.\n서한숙은 성진물산 지분을 윤재희의 아들에게 증여했고, 윤재희를 아트스페이스 진 대표 자리에 앉혔다.\n윤재희의 두 손을 꼭 붙잡은 서한숙의 모습은 분명 이전과는 달랐지만 속내를 알 수 없어 위태로워 보이기도 했다.\n한편, 아트스페이스 진의 도슨트가 된 김이설은 윤재희를 향한 노골적인 접근을 이어나갔다.\n남편보다 자신에게 더 관심이 있다는 말에 윤재희는 묘한 인상을 받으며 경계를 허물었지만, 남편 정준혁이 도발적인 김이설의 매력에 끌리기 시작한 것. 급기야 김이설의 휴대폰 번호를 알아내 은밀히 연락을 주고받은 정준혁과 이를 받아주는 김이설의 수상쩍은 행동까지 불안한 기류가 흐르고 있다.\n그리고 앞서 노영주의 폭행 장면이 담긴 영상을 확보한 서한숙은 이 폭행 사건을 알고 있는 노영주의 생전 동거인을 추적했고, 그 주인공이 김이설임이 밝혀지면서 그녀가 성진가(家)를 찾은 이유가 무엇일지에 시선이 쏠리고 있다.\n이렇듯 파고들수록 충격적인 인물 관계성은 물론 한 치 앞도 예측할 수 없는 파격 스토리로 사로잡고 있는 JTBC 수목드라마 ‘공작도시’는 매주 수, 목요일 밤 10시 30분에 방송된다.",
		"partNum": "P2",
		"useType": 0,
		"processType": "A",
		"processPattern": "99",
		"processLevel": "하",
		"sentenceCount": 20,
		"processSentencenum": 5,
		"sentenceInfo": [
			{
				"sentenceNo": 1,
				"sentenceContent": "JTBC 수목드라마 ‘공작도시’(극본 손세동/ 연출 전창근/ 제작 하이스토리디앤씨, JTBC스튜디오)에서 1회부터 4회까지 내용을 시간순으로 정리한 타임라인으로 흥미를 돋우고 있다.",
				"sentenceSize": 101
			},
			{
				"sentenceNo": 2,
				"sentenceContent": "1st. 윤재희(수애 분), 성진가(家) 입성하다!",
				"sentenceSize": 28
			},
			{
				"sentenceNo": 3,
				"sentenceContent": "먼저 윤재희는 판사 아버지가 성진그룹 부회장 정준일(김영재 분)의 비리를 덮어준 대가로 당시 연인이던 박정호(이충주 분)와 이별하고 성진가 혼외자 정준혁(김강우 분)과 정략결혼을 했다.",
				"sentenceSize": 103
			},
			{
				"sentenceNo": 4,
				"sentenceContent": "청렴한 판사로 살아온 아버지의 단 한 번의 타협으로 끝없는 멸시와 핍박을 받아야 했지만 그녀는 사랑하는 남편과 아들 현우와 함께 오붓하게 살며 남편 내조부터 커리어의 역량까지 성진가(家)에 걸맞은 사람이 되도록 노력했다.",
				"sentenceSize": 123
			},
			{
				"sentenceNo": 5,
				"sentenceContent": "그리고 그 시절, 그녀가 끈끈한 유대관계를 쌓아온 검찰총장 후보 조강현(정해균 분)의 처 권민선(백지원 분)은 남편의 내연녀 노영주(황선희 분)를 무참하게 폭행하는 사건이 벌어졌다.",
				"sentenceSize": 101
			},
			{
				"sentenceNo": 6,
				"sentenceContent": "2nd. 둘째 며느리 윤재희의 전쟁 선포! 남편을 대통령으로 만들기 위해 권민선과 대의를 도모하게 된 윤재희는 그 첫 단계로 대한민국을 쥐고 흔들 수 있는 성진가(家)의 실세이자 시어머니 서한숙(김미숙 분)의 힘을 빼앗았다.",
				"sentenceSize": 125
			},
			{
				"sentenceNo": 7,
				"sentenceContent": "바로 그녀의 친아들인 성진그룹 부회장 김영재의 분식회계를 폭로한 것. 무시로 일관하던 둘째 며느리의 역공에 치명타를 입은 서한숙은 정준일을 무죄로 꺼내주는 대신 정준혁의 대통령 취임을 돕기로 했고 그 증표로 대한민국 인사들의 치부책을 모아둔 비밀 서고의 열쇠를 넘겼다.",
				"sentenceSize": 150
			},
			{
				"sentenceNo": 8,
				"sentenceContent": "서고의 새 주인이 된 윤재희의 욕망이 뜨겁게 타오르던 순간, 조력자 권민선은 남편의 성관계 동영상을 보고 자살, 새로운 위기가 드리워지고 있었다.",
				"sentenceSize": 81
			},
			{
				"sentenceNo": 9,
				"sentenceContent": "여기에 김이설(이이담 분)이 아트스페이스 진의 도슨트로 지원, 윤재희의 삶에 침투하기 시작했다.",
				"sentenceSize": 53
			},
			{
				"sentenceNo": 10,
				"sentenceContent": "3rd. 거듭되는 위기, 시어머니와의 주도권 전쟁! 권민선의 죽음으로 예상치 못한 상황을 맞게 된 윤재희는 설상가상으로 조강현의 성관계 동영상이 언론에 폭로될 위기까지 맞닥뜨리게 됐다.",
				"sentenceSize": 103
			},
			{
				"sentenceNo": 11,
				"sentenceContent": "남편을 대통령으로 만드는 데에 절대적으로 필요한 조강현의 추락을 두고 볼 수 없기에 윤재희는 추적 끝에 동영상 속 여자 노영주가 현재 무연고 사망자란 사실을 확인했다.",
				"sentenceSize": 93
			},
			{
				"sentenceNo": 12,
				"sentenceContent": "이에 윤재희는 조강현의 또 다른 내연녀 오예린(서재희 분)을 영상 속 여자로 둔갑시켜 동영상의 진실을 덮는 것으로 상황을 종결시켰다.",
				"sentenceSize": 74
			},
			{
				"sentenceNo": 13,
				"sentenceContent": "성진가(家)에서 내쳐질 위기에 놓였던 윤재희는 다시 서고의 열쇠를 지킬 수 있게 됐지만 전 연인 박정호(이충주 분)와의 키스현장 사진을 들키면서 다시 한번 서한숙과 대치, 격한 몸싸움 끝에 오발탄에 맞아 총상을 입고 말았다.",
				"sentenceSize": 125
			},
			{
				"sentenceNo": 14,
				"sentenceContent": "4th. 윤재희의 새 시대 그리고 수면 위로 떠오른 성진가(家)의 비밀! 멸시와 핍박 속에 살 수 없어 목숨을 걸고 덤벼든 윤재희의 충격 행동은 서한숙의 변화를 이끌었다.",
				"sentenceSize": 95
			},
			{
				"sentenceNo": 15,
				"sentenceContent": "서한숙은 성진물산 지분을 윤재희의 아들에게 증여했고, 윤재희를 아트스페이스 진 대표 자리에 앉혔다.",
				"sentenceSize": 55
			},
			{
				"sentenceNo": 16,
				"sentenceContent": "윤재희의 두 손을 꼭 붙잡은 서한숙의 모습은 분명 이전과는 달랐지만 속내를 알 수 없어 위태로워 보이기도 했다.",
				"sentenceSize": 62
			},
			{
				"sentenceNo": 17,
				"sentenceContent": "한편, 아트스페이스 진의 도슨트가 된 김이설은 윤재희를 향한 노골적인 접근을 이어나갔다.",
				"sentenceSize": 49
			},
			{
				"sentenceNo": 18,
				"sentenceContent": "남편보다 자신에게 더 관심이 있다는 말에 윤재희는 묘한 인상을 받으며 경계를 허물었지만, 남편 정준혁이 도발적인 김이설의 매력에 끌리기 시작한 것. 급기야 김이설의 휴대폰 번호를 알아내 은밀히 연락을 주고받은 정준혁과 이를 받아주는 김이설의 수상쩍은 행동까지 불안한 기류가 흐르고 있다.",
				"sentenceSize": 160
			},
			{
				"sentenceNo": 19,
				"sentenceContent": "그리고 앞서 노영주의 폭행 장면이 담긴 영상을 확보한 서한숙은 이 폭행 사건을 알고 있는 노영주의 생전 동거인을 추적했고, 그 주인공이 김이설임이 밝혀지면서 그녀가 성진가(家)를 찾은 이유가 무엇일지에 시선이 쏠리고 있다.",
				"sentenceSize": 124
			},
			{
				"sentenceNo": 20,
				"sentenceContent": "이렇듯 파고들수록 충격적인 인물 관계성은 물론 한 치 앞도 예측할 수 없는 파격 스토리로 사로잡고 있는 JTBC 수목드라마 ‘공작도시’는 매주 수, 목요일 밤 10시 30분에 방송된다.",
				"sentenceSize": 103
			}
		]
	},
	"labeledDataInfo": {
		"processSentenceInfo": [
			{
				"sentenceNo": 1,
				"sentenceContent": "JTBC 수목드라마 ‘공작도시’(극본 손세동/ 연출 전창근/ 제작 하이스토리디앤씨, JTBC스튜디오)에서 1회부터 4회까지 내용을 시간순으로 정리한 타임라인으로 흥미를 돋우고 있다.",
				"subjectConsistencyYn": "Y"
			},
			{
				"sentenceNo": 2,
				"sentenceContent": "1st. 윤재희(수애 분), 성진가(家) 입성하다!",
				"subjectConsistencyYn": "Y"
			},
			{
				"sentenceNo": 3,
				"sentenceContent": "먼저 윤재희는 판사 아버지가 성진그룹 부회장 정준일(김영재 분)의 비리를 덮어준 대가로 당시 연인이던 박정호(이충주 분)와 이별하고 성진가 혼외자 정준혁(김강우 분)과 정략결혼을 했다.",
				"subjectConsistencyYn": "Y"
			},
			{
				"sentenceNo": 4,
				"sentenceContent": "청렴한 판사로 살아온 아버지의 단 한 번의 타협으로 끝없는 멸시와 핍박을 받아야 했지만 그녀는 사랑하는 남편과 아들 현우와 함께 오붓하게 살며 남편 내조부터 커리어의 역량까지 성진가(家)에 걸맞은 사람이 되도록 노력했다.",
				"subjectConsistencyYn": "Y"
			},
			{
				"sentenceNo": 5,
				"sentenceContent": "그리고 그 시절, 그녀가 끈끈한 유대관계를 쌓아온 검찰총장 후보 조강현(정해균 분)의 처 권민선(백지원 분)은 남편의 내연녀 노영주(황선희 분)를 무참하게 폭행하는 사건이 벌어졌다.",
				"subjectConsistencyYn": "Y"
			},
			{
				"sentenceNo": 6,
				"sentenceContent": "2nd. 둘째 며느리 윤재희의 전쟁 선포! 남편을 대통령으로 만들기 위해 권민선과 대의를 도모하게 된 윤재희는 그 첫 단계로 대한민국을 쥐고 흔들 수 있는 성진가(家)의 실세이자 시어머니 서한숙(김미숙 분)의 힘을 빼앗았다.",
				"subjectConsistencyYn": "Y"
			},
			{
				"sentenceNo": 7,
				"sentenceContent": "바로 그녀의 친아들인 성진그룹 부회장 김영재의 분식회계를 폭로한 것. 무시로 일관하던 둘째 며느리의 역공에 치명타를 입은 서한숙은 정준일을 무죄로 꺼내주는 대신 정준혁의 대통령 취임을 돕기로 했고 그 증표로 대한민국 인사들의 치부책을 모아둔 비밀 서고의 열쇠를 넘겼다.",
				"subjectConsistencyYn": "Y"
			},
			{
				"sentenceNo": 8,
				"sentenceContent": "서고의 새 주인이 된 윤재희의 욕망이 뜨겁게 타오르던 순간, 조력자 권민선은 남편의 성관계 동영상을 보고 자살, 새로운 위기가 드리워지고 있었다.",
				"subjectConsistencyYn": "Y"
			},
			{
				"sentenceNo": 9,
				"sentenceContent": "여기에 김이설(이이담 분)이 아트스페이스 진의 도슨트로 지원, 윤재희의 삶에 침투하기 시작했다.",
				"subjectConsistencyYn": "Y"
			},
			{
				"sentenceNo": 10,
				"sentenceContent": "3rd. 거듭되는 위기, 시어머니와의 주도권 전쟁! 권민선의 죽음으로 예상치 못한 상황을 맞게 된 윤재희는 설상가상으로 조강현의 성관계 동영상이 언론에 폭로될 위기까지 맞닥뜨리게 됐다.",
				"subjectConsistencyYn": "Y"
			},
			{
				"sentenceNo": 11,
				"sentenceContent": "남편을 대통령으로 만드는 데에 절대적으로 필요한 조강현의 추락을 두고 볼 수 없기에 윤재희는 추적 끝에 동영상 속 여자 노영주가 현재 무연고 사망자란 사실을 확인했다.",
				"subjectConsistencyYn": "Y"
			},
			{
				"sentenceNo": 12,
				"sentenceContent": "이에 윤재희는 조강현의 또 다른 내연녀 오예린(서재희 분)을 영상 속 여자로 둔갑시켜 동영상의 진실을 덮는 것으로 상황을 종결시켰다.",
				"subjectConsistencyYn": "Y"
			},
			{
				"sentenceNo": 13,
				"sentenceContent": "성진가(家)에서 내쳐질 위기에 놓였던 윤재희는 다시 서고의 열쇠를 지킬 수 있게 됐지만 전 연인 박정호(이충주 분)와의 키스현장 사진을 들키면서 다시 한번 서한숙과 대치, 격한 몸싸움 끝에 오발탄에 맞아 총상을 입고 말았다.",
				"subjectConsistencyYn": "Y"
			},
			{
				"sentenceNo": 14,
				"sentenceContent": "4th. 윤재희의 새 시대 그리고 수면 위로 떠오른 성진가(家)의 비밀! 멸시와 핍박 속에 살 수 없어 목숨을 걸고 덤벼든 윤재희의 충격 행동은 서한숙의 변화를 이끌었다.",
				"subjectConsistencyYn": "Y"
			},
			{
				"sentenceNo": 15,
				"sentenceContent": "서한숙은 성진물산 지분을 윤재희의 아들에게 증여했고, 윤재희를 아트스페이스 진 대표 자리에 앉혔다.",
				"subjectConsistencyYn": "Y"
			},
			{
				"sentenceNo": 16,
				"sentenceContent": "이어 “어떤 사람을 진짜로 사랑하면 어떻게 되는 줄 아냐. 용감해진다\\\"며 \\\"결혼하고도 충분히 일할 수 있다”고 조언을 건넸다.",
				"subjectConsistencyYn": "N"
			}
		],
		"clickbaitClass": 0
	}
}