{
	"sourceDataInfo": {
		"newsID": "ET_M13_490768",
		"newsCategory": "연예",
		"newsSubcategory": "연예일반",
		"newsTitle": "방탄 뷔, 휴가 중 누구 만났나…대세X대세의 만남",
		"newsSubTitle": "",
		"newsContent": "그룹 방탄소년단 멤버 뷔가 장기휴가 중 만난이는 누구일까.\n뷔는 20일 자신의 SNS 인스타그램에 통해 휴가 중 근황을 전했다.\n뷔는 거울 셀카를 통해 휴가중 만난 이를 공개했다.\n편안한 차림으로 함께 사진을 찍은 사람은 배우 최우식이었다.\n뷔와 최우식은 각별한 우정으로 유명하다.\n뷔는 최근 최우식이 주연을 맡은 SBS 월화드라마 ‘그 해 우리는’ OST를 부르기도 했다.\n최우식은 해당 드라마에서 초절정 매력남으로 여심을 사로잡고 있다.\n한편, 뷔를 비롯한 방탄소년단 멤버들은 겨울 휴가를 즐기고 있다.\n앞서 소속사 빅히트뮤직은 이달초 “방탄소년단이 ‘BTS 퍼미션 투 댄스 온 스테이지-LA’와 ‘2021 징글볼 투어’를 끝으로 올해 공식 일정을 마무리하고 지난 2019년에 이어 두 번째 공식 장기휴가를 갖는다”고 발표한 바 있다.\n이에 각종 국내 음악 시상식에는 불참한다.\n빅히트 측은 “데뷔 이후 처음으로 연말연시를 가족들과 함께 보내는 소중한 시간이기도 하다”며 “방탄소년단 멤버들이 잠시나마 평범하고 자유로운 일상을 누리며 오롯이 자신에게 집중하는 시간을 가질 수 있도록 이번 휴가 기간에도 팬 여러분의 세심한 배려를 부탁드린다”고 말했다.",
		"partNum": "P2",
		"useType": 0,
		"processType": "A",
		"processPattern": "99",
		"processLevel": "하",
		"sentenceCount": 11,
		"processSentencenum": 3,
		"sentenceInfo": [
			{
				"sentenceNo": 1,
				"sentenceContent": "그룹 방탄소년단 멤버 뷔가 장기휴가 중 만난이는 누구일까.",
				"sentenceSize": 32
			},
			{
				"sentenceNo": 2,
				"sentenceContent": "뷔는 20일 자신의 SNS 인스타그램에 통해 휴가 중 근황을 전했다.",
				"sentenceSize": 38
			},
			{
				"sentenceNo": 3,
				"sentenceContent": "뷔는 거울 셀카를 통해 휴가중 만난 이를 공개했다.",
				"sentenceSize": 28
			},
			{
				"sentenceNo": 4,
				"sentenceContent": "편안한 차림으로 함께 사진을 찍은 사람은 배우 최우식이었다.",
				"sentenceSize": 33
			},
			{
				"sentenceNo": 5,
				"sentenceContent": "뷔와 최우식은 각별한 우정으로 유명하다.",
				"sentenceSize": 22
			},
			{
				"sentenceNo": 6,
				"sentenceContent": "뷔는 최근 최우식이 주연을 맡은 SBS 월화드라마 ‘그 해 우리는’ OST를 부르기도 했다.",
				"sentenceSize": 51
			},
			{
				"sentenceNo": 7,
				"sentenceContent": "최우식은 해당 드라마에서 초절정 매력남으로 여심을 사로잡고 있다.",
				"sentenceSize": 36
			},
			{
				"sentenceNo": 8,
				"sentenceContent": "한편, 뷔를 비롯한 방탄소년단 멤버들은 겨울 휴가를 즐기고 있다.",
				"sentenceSize": 36
			},
			{
				"sentenceNo": 9,
				"sentenceContent": "앞서 소속사 빅히트뮤직은 이달초 “방탄소년단이 ‘BTS 퍼미션 투 댄스 온 스테이지-LA’와 ‘2021 징글볼 투어’를 끝으로 올해 공식 일정을 마무리하고 지난 2019년에 이어 두 번째 공식 장기휴가를 갖는다”고 발표한 바 있다.",
				"sentenceSize": 129
			},
			{
				"sentenceNo": 10,
				"sentenceContent": "이에 각종 국내 음악 시상식에는 불참한다.",
				"sentenceSize": 23
			},
			{
				"sentenceNo": 11,
				"sentenceContent": "빅히트 측은 “데뷔 이후 처음으로 연말연시를 가족들과 함께 보내는 소중한 시간이기도 하다”며 “방탄소년단 멤버들이 잠시나마 평범하고 자유로운 일상을 누리며 오롯이 자신에게 집중하는 시간을 가질 수 있도록 이번 휴가 기간에도 팬 여러분의 세심한 배려를 부탁드린다”고 말했다.",
				"sentenceSize": 152
			}
		]
	},
	"labeledDataInfo": {
		"processSentenceInfo": [
			{
				"sentenceNo": 1,
				"sentenceContent": "그룹 방탄소년단 멤버 뷔가 장기휴가 중 만난이는 누구일까.",
				"subjectConsistencyYn": "Y"
			},
			{
				"sentenceNo": 2,
				"sentenceContent": "뷔는 20일 자신의 SNS 인스타그램에 통해 휴가 중 근황을 전했다.",
				"subjectConsistencyYn": "Y"
			},
			{
				"sentenceNo": 3,
				"sentenceContent": "뷔는 거울 셀카를 통해 휴가중 만난 이를 공개했다.",
				"subjectConsistencyYn": "Y"
			},
			{
				"sentenceNo": 4,
				"sentenceContent": "편안한 차림으로 함께 사진을 찍은 사람은 배우 최우식이었다.",
				"subjectConsistencyYn": "Y"
			},
			{
				"sentenceNo": 5,
				"sentenceContent": "뷔와 최우식은 각별한 우정으로 유명하다.",
				"subjectConsistencyYn": "Y"
			},
			{
				"sentenceNo": 6,
				"sentenceContent": "뷔는 최근 최우식이 주연을 맡은 SBS 월화드라마 ‘그 해 우리는’ OST를 부르기도 했다.",
				"subjectConsistencyYn": "Y"
			},
			{
				"sentenceNo": 7,
				"sentenceContent": "최우식은 해당 드라마에서 초절정 매력남으로 여심을 사로잡고 있다.",
				"subjectConsistencyYn": "Y"
			},
			{
				"sentenceNo": 8,
				"sentenceContent": "한편, 뷔를 비롯한 방탄소년단 멤버들은 겨울 휴가를 즐기고 있다.",
				"subjectConsistencyYn": "Y"
			},
			{
				"sentenceNo": 9,
				"sentenceContent": "라디오, 예능 등 다양한 활동은 물론, 멤버 솔빈은 현재 JTBC 월화드라마 ‘IDOL [아이돌 : The Coup]’에서 연기돌 활약을 펼치는 중이다. ‘불후의 명곡’에서 천상 아이돌의 정석을 보여준 라붐은 다양한 콘텐츠로 팬들을 찾을 예정이다.",
				"subjectConsistencyYn": "N"
			}
		],
		"clickbaitClass": 0
	}
}