{
	"sourceDataInfo": {
		"newsID": "ET_M13_490806",
		"newsCategory": "연예",
		"newsSubcategory": "방송",
		"newsTitle": "‘퍼펙트라이프’ 유리상자 이세준, 열혈 아빠의 일상 공개",
		"newsSubTitle": "",
		"newsContent": "유리상자 이세준의 일상이 공개된다.\n오늘(22일) 밤 8시 방송되는 TV CHOSUN ‘퍼펙트라이프’에는 대한민국 대표 감성 듀오 유리상자의 멤버 이세준이 출연해 육아 현장부터 아내와의 첫 만남에 얽힌 이야기를 대방출한다.\n이세준은 붕어빵 두 아들의 육아는 물론 아침부터 새벽까지 일로 바쁜 ‘워킹 대디’ 일상을 ‘퍼펙트라이프’에서 최초로 공개한다.\n먼저 그는 네이버 나우 라디오 ‘그때 in 가요’ DJ로 변신해 청취자와 댓글로 소통하고 기타 치며 노래를 부를 뿐만 아니라, 작가와 피디 등 일인 다역을 거뜬히 소화해 모두의 감탄을 자아냈다.\n열정 가득한 DJ 이세준은 일정을 마치고 6살, 3살의 두 아들과 재밌게 놀아주기 위해 뭐든지 배우는 진정한 워킹 대디 면모를 보여 시선을 사로잡았다.\n박스 장난감을 만드는 법을 배우기 위해 ‘육아 마스터’ 개그맨 문용현을 초대한 것이다.\n이세준은 “늘 아이들과 어떻게 재밌게 놀아줄까 고민하다가 이거다 싶었다”라며 박스 장난감을 만드는 비법 전수를 부탁했다.\n하지만 마이너스의 손임을 보여주며 시작부터 실수를 연발하는 모습으로 스승 문용현을 당황케 해 웃음을 자아냈다.\n저질 체력에도 서프라이즈로 박스 장난감을 선보이며 영혼이 빠져나갈 때까지 최선을 다해 아이들과 논 이세준의 육아 일기는 방송을 통해 확인할 수 있다.\n한편, 이세준은 그의 팬이었던 영어 통역사 아내와의 러브스토리도 공개했다. “아내에게 먼저 대시했다”고 밝힌 그는 결혼 후 7년 반 만에 선물처럼 찾아온 첫째 아들이 태어나던 날 “아내와 같이 힘주다가 눈에 실핏줄이 다 터졌었다”라며 사랑꾼 면모를 보여 눈길을 끌었다.\n또한 “아내와 만난 지 17년 됐는데 한 번도 안 싸웠다”고 고백해 주변 사람들을 놀라게 했다.\n그와 절친인 MC 홍경민은 “가면을 벗고 좀 솔직해지면 좋겠다”며 못마땅해했고, 패널 이성미도 “와이프가 말을 안 해요?”라며 믿기 힘든 표정을 지어 웃음을 자아냈다.\n이세준의 워킹 대디 일상과 러브 스토리는 오늘(22일) 밤 8시 방송되는 TV CHOSUN ‘퍼펙트라이프’에서 확인할 수 있다.",
		"partNum": "P2",
		"useType": 0,
		"processType": "A",
		"processPattern": "99",
		"processLevel": "하",
		"sentenceCount": 13,
		"processSentencenum": 3,
		"sentenceInfo": [
			{
				"sentenceNo": 1,
				"sentenceContent": "유리상자 이세준의 일상이 공개된다.",
				"sentenceSize": 19
			},
			{
				"sentenceNo": 2,
				"sentenceContent": "오늘(22일) 밤 8시 방송되는 TV CHOSUN ‘퍼펙트라이프’에는 대한민국 대표 감성 듀오 유리상자의 멤버 이세준이 출연해 육아 현장부터 아내와의 첫 만남에 얽힌 이야기를 대방출한다.",
				"sentenceSize": 104
			},
			{
				"sentenceNo": 3,
				"sentenceContent": "이세준은 붕어빵 두 아들의 육아는 물론 아침부터 새벽까지 일로 바쁜 ‘워킹 대디’ 일상을 ‘퍼펙트라이프’에서 최초로 공개한다.",
				"sentenceSize": 70
			},
			{
				"sentenceNo": 4,
				"sentenceContent": "먼저 그는 네이버 나우 라디오 ‘그때 in 가요’ DJ로 변신해 청취자와 댓글로 소통하고 기타 치며 노래를 부를 뿐만 아니라, 작가와 피디 등 일인 다역을 거뜬히 소화해 모두의 감탄을 자아냈다.",
				"sentenceSize": 108
			},
			{
				"sentenceNo": 5,
				"sentenceContent": "열정 가득한 DJ 이세준은 일정을 마치고 6살, 3살의 두 아들과 재밌게 놀아주기 위해 뭐든지 배우는 진정한 워킹 대디 면모를 보여 시선을 사로잡았다.",
				"sentenceSize": 84
			},
			{
				"sentenceNo": 6,
				"sentenceContent": "박스 장난감을 만드는 법을 배우기 위해 ‘육아 마스터’ 개그맨 문용현을 초대한 것이다.",
				"sentenceSize": 48
			},
			{
				"sentenceNo": 7,
				"sentenceContent": "이세준은 “늘 아이들과 어떻게 재밌게 놀아줄까 고민하다가 이거다 싶었다”라며 박스 장난감을 만드는 비법 전수를 부탁했다.",
				"sentenceSize": 67
			},
			{
				"sentenceNo": 8,
				"sentenceContent": "하지만 마이너스의 손임을 보여주며 시작부터 실수를 연발하는 모습으로 스승 문용현을 당황케 해 웃음을 자아냈다.",
				"sentenceSize": 61
			},
			{
				"sentenceNo": 9,
				"sentenceContent": "저질 체력에도 서프라이즈로 박스 장난감을 선보이며 영혼이 빠져나갈 때까지 최선을 다해 아이들과 논 이세준의 육아 일기는 방송을 통해 확인할 수 있다.",
				"sentenceSize": 83
			},
			{
				"sentenceNo": 10,
				"sentenceContent": "한편, 이세준은 그의 팬이었던 영어 통역사 아내와의 러브스토리도 공개했다. “아내에게 먼저 대시했다”고 밝힌 그는 결혼 후 7년 반 만에 선물처럼 찾아온 첫째 아들이 태어나던 날 “아내와 같이 힘주다가 눈에 실핏줄이 다 터졌었다”라며 사랑꾼 면모를 보여 눈길을 끌었다.",
				"sentenceSize": 150
			},
			{
				"sentenceNo": 11,
				"sentenceContent": "또한 “아내와 만난 지 17년 됐는데 한 번도 안 싸웠다”고 고백해 주변 사람들을 놀라게 했다.",
				"sentenceSize": 53
			},
			{
				"sentenceNo": 12,
				"sentenceContent": "그와 절친인 MC 홍경민은 “가면을 벗고 좀 솔직해지면 좋겠다”며 못마땅해했고, 패널 이성미도 “와이프가 말을 안 해요?”라며 믿기 힘든 표정을 지어 웃음을 자아냈다.",
				"sentenceSize": 93
			},
			{
				"sentenceNo": 13,
				"sentenceContent": "이세준의 워킹 대디 일상과 러브 스토리는 오늘(22일) 밤 8시 방송되는 TV CHOSUN ‘퍼펙트라이프’에서 확인할 수 있다.",
				"sentenceSize": 71
			}
		]
	},
	"labeledDataInfo": {
		"processSentenceInfo": [
			{
				"sentenceNo": 1,
				"sentenceContent": "유리상자 이세준의 일상이 공개된다.",
				"subjectConsistencyYn": "Y"
			},
			{
				"sentenceNo": 2,
				"sentenceContent": "오늘(22일) 밤 8시 방송되는 TV CHOSUN ‘퍼펙트라이프’에는 대한민국 대표 감성 듀오 유리상자의 멤버 이세준이 출연해 육아 현장부터 아내와의 첫 만남에 얽힌 이야기를 대방출한다.",
				"subjectConsistencyYn": "Y"
			},
			{
				"sentenceNo": 3,
				"sentenceContent": "이세준은 붕어빵 두 아들의 육아는 물론 아침부터 새벽까지 일로 바쁜 ‘워킹 대디’ 일상을 ‘퍼펙트라이프’에서 최초로 공개한다.",
				"subjectConsistencyYn": "Y"
			},
			{
				"sentenceNo": 4,
				"sentenceContent": "먼저 그는 네이버 나우 라디오 ‘그때 in 가요’ DJ로 변신해 청취자와 댓글로 소통하고 기타 치며 노래를 부를 뿐만 아니라, 작가와 피디 등 일인 다역을 거뜬히 소화해 모두의 감탄을 자아냈다.",
				"subjectConsistencyYn": "Y"
			},
			{
				"sentenceNo": 5,
				"sentenceContent": "열정 가득한 DJ 이세준은 일정을 마치고 6살, 3살의 두 아들과 재밌게 놀아주기 위해 뭐든지 배우는 진정한 워킹 대디 면모를 보여 시선을 사로잡았다.",
				"subjectConsistencyYn": "Y"
			},
			{
				"sentenceNo": 6,
				"sentenceContent": "박스 장난감을 만드는 법을 배우기 위해 ‘육아 마스터’ 개그맨 문용현을 초대한 것이다.",
				"subjectConsistencyYn": "Y"
			},
			{
				"sentenceNo": 7,
				"sentenceContent": "이세준은 “늘 아이들과 어떻게 재밌게 놀아줄까 고민하다가 이거다 싶었다”라며 박스 장난감을 만드는 비법 전수를 부탁했다.",
				"subjectConsistencyYn": "Y"
			},
			{
				"sentenceNo": 8,
				"sentenceContent": "하지만 마이너스의 손임을 보여주며 시작부터 실수를 연발하는 모습으로 스승 문용현을 당황케 해 웃음을 자아냈다.",
				"subjectConsistencyYn": "Y"
			},
			{
				"sentenceNo": 9,
				"sentenceContent": "저질 체력에도 서프라이즈로 박스 장난감을 선보이며 영혼이 빠져나갈 때까지 최선을 다해 아이들과 논 이세준의 육아 일기는 방송을 통해 확인할 수 있다.",
				"subjectConsistencyYn": "Y"
			},
			{
				"sentenceNo": 10,
				"sentenceContent": "한편, 이세준은 그의 팬이었던 영어 통역사 아내와의 러브스토리도 공개했다. “아내에게 먼저 대시했다”고 밝힌 그는 결혼 후 7년 반 만에 선물처럼 찾아온 첫째 아들이 태어나던 날 “아내와 같이 힘주다가 눈에 실핏줄이 다 터졌었다”라며 사랑꾼 면모를 보여 눈길을 끌었다.",
				"subjectConsistencyYn": "Y"
			},
			{
				"sentenceNo": 11,
				"sentenceContent": "온라인 중앙일보 1박2일 김주혁 김준호 [사진 '1박 2일' 공식 페이스북 제공]",
				"subjectConsistencyYn": "N"
			}
		],
		"clickbaitClass": 0
	}
}