{
	"sourceDataInfo": {
		"newsID": "ET_M13_490832",
		"newsCategory": "연예",
		"newsSubcategory": "방송",
		"newsTitle": "‘내 이름은 캐디’ 안정환 “홀인원 나오는 거 아니야?”",
		"newsSubTitle": "",
		"newsContent": "‘내 이름은 캐디’에 프로 선수에게 뒤처지지 않는 ‘능력자’ 대학생이 등장한다. 22일 오후 9시에 방송되는 IHQ 예능프로그램 ‘내 이름은 캐디’ 7회에서는 서울대, 고려대, 연세대 골프 동아리 회원 백민주, 김병준, 최재우의 ‘진짜’ 실력이 낱낱이 공개된다.\n고객들은 ‘명문대 최강자’의 영예를 차지하기 위해 고도의 집중력을 선보인다.\n대학생들의 치열한 승부가 펼쳐지는 가운데, 이승철은 범상치 않은 실력을 소유한 고객에게 “프로가 왔네”라며 감탄을 아끼지 않는다.\n그가 모든 상대를 제치고 독주를 이어가자, 김성주는 “대학생 맞아요?”라며 신분(?)에 의심을 품기도 했다.\n타이거 우즈와 맞먹는 고객의 장타력을 본 안정환은 “홀인원 나오는 거 아니야?”라며 ‘내캐디’에서 처음 그려질지도 모르는 명장면에 기대를 드러낸다.\n이에 고객은 모든 게 캐디의 덕이라고 대답하는 겸손한 자세까지 자랑한다.\n이에 “보기 훈훈하다?”라는 상대 팀 캐디의 질투 섞인 견제가 되돌아왔다는 후문이다. ‘실력자’ 고객은 자진 페널티까지 자처하며 대결에 임한다.\n페널티와 갖은 방해 공작에도 그가 경기의 흐름을 쥐고 흔들자, 모두가 “속은 기분이다”라며 진땀을 흘린다.\n하지만 상대 팀 학생들 또한 점차 몸이 풀리기 시작한 듯 막판 스퍼트를 올린다고 해, 과연 예측할 수 없는 대전 끝에 누가 1등을 차지할 수 있을지 궁금해진다.\n다양한 계층 게스트가 골프 선수가 되어 MC 캐디와 함께 게임을 진행하는 독특한 포맷의 골프 예능프로그램 ‘내 이름은 캐디’는 22일 밤 9시 채널 IHQ에서 방송된다.",
		"partNum": "P2",
		"useType": 0,
		"processType": "A",
		"processPattern": "99",
		"processLevel": "하",
		"sentenceCount": 10,
		"processSentencenum": 2,
		"sentenceInfo": [
			{
				"sentenceNo": 1,
				"sentenceContent": "‘내 이름은 캐디’에 프로 선수에게 뒤처지지 않는 ‘능력자’ 대학생이 등장한다. 22일 오후 9시에 방송되는 IHQ 예능프로그램 ‘내 이름은 캐디’ 7회에서는 서울대, 고려대, 연세대 골프 동아리 회원 백민주, 김병준, 최재우의 ‘진짜’ 실력이 낱낱이 공개된다.",
				"sentenceSize": 146
			},
			{
				"sentenceNo": 2,
				"sentenceContent": "고객들은 ‘명문대 최강자’의 영예를 차지하기 위해 고도의 집중력을 선보인다.",
				"sentenceSize": 42
			},
			{
				"sentenceNo": 3,
				"sentenceContent": "대학생들의 치열한 승부가 펼쳐지는 가운데, 이승철은 범상치 않은 실력을 소유한 고객에게 “프로가 왔네”라며 감탄을 아끼지 않는다.",
				"sentenceSize": 72
			},
			{
				"sentenceNo": 4,
				"sentenceContent": "그가 모든 상대를 제치고 독주를 이어가자, 김성주는 “대학생 맞아요?”라며 신분(?)에 의심을 품기도 했다.",
				"sentenceSize": 60
			},
			{
				"sentenceNo": 5,
				"sentenceContent": "타이거 우즈와 맞먹는 고객의 장타력을 본 안정환은 “홀인원 나오는 거 아니야?”라며 ‘내캐디’에서 처음 그려질지도 모르는 명장면에 기대를 드러낸다.",
				"sentenceSize": 82
			},
			{
				"sentenceNo": 6,
				"sentenceContent": "이에 고객은 모든 게 캐디의 덕이라고 대답하는 겸손한 자세까지 자랑한다.",
				"sentenceSize": 40
			},
			{
				"sentenceNo": 7,
				"sentenceContent": "이에 “보기 훈훈하다?”라는 상대 팀 캐디의 질투 섞인 견제가 되돌아왔다는 후문이다. ‘실력자’ 고객은 자진 페널티까지 자처하며 대결에 임한다.",
				"sentenceSize": 80
			},
			{
				"sentenceNo": 8,
				"sentenceContent": "페널티와 갖은 방해 공작에도 그가 경기의 흐름을 쥐고 흔들자, 모두가 “속은 기분이다”라며 진땀을 흘린다.",
				"sentenceSize": 59
			},
			{
				"sentenceNo": 9,
				"sentenceContent": "하지만 상대 팀 학생들 또한 점차 몸이 풀리기 시작한 듯 막판 스퍼트를 올린다고 해, 과연 예측할 수 없는 대전 끝에 누가 1등을 차지할 수 있을지 궁금해진다.",
				"sentenceSize": 89
			},
			{
				"sentenceNo": 10,
				"sentenceContent": "다양한 계층 게스트가 골프 선수가 되어 MC 캐디와 함께 게임을 진행하는 독특한 포맷의 골프 예능프로그램 ‘내 이름은 캐디’는 22일 밤 9시 채널 IHQ에서 방송된다.",
				"sentenceSize": 94
			}
		]
	},
	"labeledDataInfo": {
		"processSentenceInfo": [
			{
				"sentenceNo": 1,
				"sentenceContent": "‘내 이름은 캐디’에 프로 선수에게 뒤처지지 않는 ‘능력자’ 대학생이 등장한다. 22일 오후 9시에 방송되는 IHQ 예능프로그램 ‘내 이름은 캐디’ 7회에서는 서울대, 고려대, 연세대 골프 동아리 회원 백민주, 김병준, 최재우의 ‘진짜’ 실력이 낱낱이 공개된다.",
				"subjectConsistencyYn": "Y"
			},
			{
				"sentenceNo": 2,
				"sentenceContent": "고객들은 ‘명문대 최강자’의 영예를 차지하기 위해 고도의 집중력을 선보인다.",
				"subjectConsistencyYn": "Y"
			},
			{
				"sentenceNo": 3,
				"sentenceContent": "대학생들의 치열한 승부가 펼쳐지는 가운데, 이승철은 범상치 않은 실력을 소유한 고객에게 “프로가 왔네”라며 감탄을 아끼지 않는다.",
				"subjectConsistencyYn": "Y"
			},
			{
				"sentenceNo": 4,
				"sentenceContent": "그가 모든 상대를 제치고 독주를 이어가자, 김성주는 “대학생 맞아요?”라며 신분(?)에 의심을 품기도 했다.",
				"subjectConsistencyYn": "Y"
			},
			{
				"sentenceNo": 5,
				"sentenceContent": "타이거 우즈와 맞먹는 고객의 장타력을 본 안정환은 “홀인원 나오는 거 아니야?”라며 ‘내캐디’에서 처음 그려질지도 모르는 명장면에 기대를 드러낸다.",
				"subjectConsistencyYn": "Y"
			},
			{
				"sentenceNo": 6,
				"sentenceContent": "이에 고객은 모든 게 캐디의 덕이라고 대답하는 겸손한 자세까지 자랑한다.",
				"subjectConsistencyYn": "Y"
			},
			{
				"sentenceNo": 7,
				"sentenceContent": "이에 “보기 훈훈하다?”라는 상대 팀 캐디의 질투 섞인 견제가 되돌아왔다는 후문이다. ‘실력자’ 고객은 자진 페널티까지 자처하며 대결에 임한다.",
				"subjectConsistencyYn": "Y"
			},
			{
				"sentenceNo": 8,
				"sentenceContent": "페널티와 갖은 방해 공작에도 그가 경기의 흐름을 쥐고 흔들자, 모두가 “속은 기분이다”라며 진땀을 흘린다.",
				"subjectConsistencyYn": "Y"
			},
			{
				"sentenceNo": 9,
				"sentenceContent": "특히 박지우의 아내는 연예인 못지 않은 화려한 여신 미모로 시청자들의 뜨거운 관심을 받았다.",
				"subjectConsistencyYn": "N"
			},
			{
				"sentenceNo": 10,
				"sentenceContent": "한편 '마리텔' 박지우를 본 누리꾼들은 \\\"마리텔 박지우, 대박 웃긴다\\\", \\\"마리텔 박지우, 1위 예감\\\", \\\"마리텔 박지우, 아내 너무 예쁘다\\\" 등의 반응이다.",
				"subjectConsistencyYn": "N"
			}
		],
		"clickbaitClass": 0
	}
}