{
	"sourceDataInfo": {
		"newsID": "ET_M13_490553",
		"newsCategory": "연예",
		"newsSubcategory": "방송",
		"newsTitle": "‘옷소매 붉은 끝동’ 이세영 “이준호 소중해...돕고 싶어” 눈물",
		"newsSubTitle": "",
		"newsContent": "‘옷소매 붉은 끝동’ 이세영이 이준호 생각에 눈물지었다.\n17일 오후 방송된 MBC 금토드라마 ‘옷소매 붉은 끝동’에서는 이준호가 소중하다고 눈물 흘리는 이세영의 모습이 전파를 탔다.\n이날 박상궁(차미경)을 보살피는 집에 앉아있던 저하(이준호)를 뵙지 못했다는 성덕임(이세영)에 서상궁(장혜진)은 “다 알아. 이렇게나 저하를 연모하면서 후궁 되기는 왜 싫은 건데? 제조상궁 마마 힘이 아니더라도 넌 후궁이 될 수 있어. 그저 저하께서 내미시는 손 잡기만 하면”이라고 말했다.\n성덕임은 “왜 연모하면 후궁이 돼야 해요? 전 그렇게 살고 싶지 않은데. 후궁이 돼서 무슨 좋은 꼴을 본다고. 새로운 여인들이 날마다 줄줄이 굴비처럼 들어올 걸요? 모두가 내로라 하는 사대부가 여식일 거고 젊고 어여쁠 거고. 그 꼴을 보면서 입도 뻥긋 못하고 참고 살아야 하는데. 그게 후궁 팔자인데 왜 그렇게 살아야 해요? 저하가 소중해요. 하지만 전 제 자신이 제일 소중해요. 그러니까 절대로 제 자신을 고통 속에 몰아넣지 않을 거예요. 제대로 가질 수 없는 거면 차라리 아무것도 갖지 않는 게 나으니까”라며 눈물 흘렸다.\n그런데 왜 우냐는 서상궁에 성덕임은 “저하께서 무사하시지 않으니까요. 저하께서는 평생을 노력하셨어요. 오로지 좋은 임금이 되기 위해서. 평생 동안 노력했는데 모든 게 한순간에 수포로 돌아가고 목숨까지 위태로워지셨어요. 저하를 돕고 싶은데 어떻게 해야 좋을지 모르겠어요”라고 고백했다.\n이때 나타난 박상궁은 방도를 알려준다면 해내겠냐고 말했다.\n박상궁은 성덕임에게 “네가 그분의 아드님을 지켜드리게. 나는 내 손으로 키우며 어린아이를 지키지 못했어. 평생 옛일을 곱씹으며 살았지. 아무리 후회해본들 내겐 돌이킬 수 없는 과거일 뿐이야”라고 말했다.\n성덕임의 뺨을 감싼 박상궁은 “허나 너에겐 바로 지금이지. 주상전하께서 약조를 하셨다. 세손을 끝까지 보호해 반드시 보위에 올리겠노라고. 전하께서 지금 그 기억을 잊으신 게야. 전하께서 매병에 걸리셨다면, 그래서 기억을 잃으셨다면 네가 기억을 찾아드려야만 한다. 그래야 세손 저하께서 무사히 보위에 오르실 수 있어. 전하께서 친필로 적으시고 옥새를 찍은 문서. 그 문서를 찾아내 주상전하께 보여드리렴. 그리고 말씀드려라. 사도세자 저하께서 피와 목숨으로 얻어낸 그 약조를 지키시라고”라고 전했다.\n한편 ‘옷소매 붉은 끝동’은 매주 금, 토 오후 9시 50분 MBC에서 방송된다.",
		"partNum": "P2",
		"useType": 0,
		"processType": "A",
		"processPattern": "99",
		"processLevel": "하",
		"sentenceCount": 9,
		"processSentencenum": 2,
		"sentenceInfo": [
			{
				"sentenceNo": 1,
				"sentenceContent": "‘옷소매 붉은 끝동’ 이세영이 이준호 생각에 눈물지었다.",
				"sentenceSize": 31
			},
			{
				"sentenceNo": 2,
				"sentenceContent": "17일 오후 방송된 MBC 금토드라마 ‘옷소매 붉은 끝동’에서는 이준호가 소중하다고 눈물 흘리는 이세영의 모습이 전파를 탔다.",
				"sentenceSize": 70
			},
			{
				"sentenceNo": 3,
				"sentenceContent": "이날 박상궁(차미경)을 보살피는 집에 앉아있던 저하(이준호)를 뵙지 못했다는 성덕임(이세영)에 서상궁(장혜진)은 “다 알아. 이렇게나 저하를 연모하면서 후궁 되기는 왜 싫은 건데? 제조상궁 마마 힘이 아니더라도 넌 후궁이 될 수 있어. 그저 저하께서 내미시는 손 잡기만 하면”이라고 말했다.",
				"sentenceSize": 162
			},
			{
				"sentenceNo": 4,
				"sentenceContent": "성덕임은 “왜 연모하면 후궁이 돼야 해요? 전 그렇게 살고 싶지 않은데. 후궁이 돼서 무슨 좋은 꼴을 본다고. 새로운 여인들이 날마다 줄줄이 굴비처럼 들어올 걸요? 모두가 내로라 하는 사대부가 여식일 거고 젊고 어여쁠 거고. 그 꼴을 보면서 입도 뻥긋 못하고 참고 살아야 하는데. 그게 후궁 팔자인데 왜 그렇게 살아야 해요? 저하가 소중해요. 하지만 전 제 자신이 제일 소중해요. 그러니까 절대로 제 자신을 고통 속에 몰아넣지 않을 거예요. 제대로 가질 수 없는 거면 차라리 아무것도 갖지 않는 게 나으니까”라며 눈물 흘렸다.",
				"sentenceSize": 294
			},
			{
				"sentenceNo": 5,
				"sentenceContent": "그런데 왜 우냐는 서상궁에 성덕임은 “저하께서 무사하시지 않으니까요. 저하께서는 평생을 노력하셨어요. 오로지 좋은 임금이 되기 위해서. 평생 동안 노력했는데 모든 게 한순간에 수포로 돌아가고 목숨까지 위태로워지셨어요. 저하를 돕고 싶은데 어떻게 해야 좋을지 모르겠어요”라고 고백했다.",
				"sentenceSize": 158
			},
			{
				"sentenceNo": 6,
				"sentenceContent": "이때 나타난 박상궁은 방도를 알려준다면 해내겠냐고 말했다.",
				"sentenceSize": 32
			},
			{
				"sentenceNo": 7,
				"sentenceContent": "박상궁은 성덕임에게 “네가 그분의 아드님을 지켜드리게. 나는 내 손으로 키우며 어린아이를 지키지 못했어. 평생 옛일을 곱씹으며 살았지. 아무리 후회해본들 내겐 돌이킬 수 없는 과거일 뿐이야”라고 말했다.",
				"sentenceSize": 113
			},
			{
				"sentenceNo": 8,
				"sentenceContent": "성덕임의 뺨을 감싼 박상궁은 “허나 너에겐 바로 지금이지. 주상전하께서 약조를 하셨다. 세손을 끝까지 보호해 반드시 보위에 올리겠노라고. 전하께서 지금 그 기억을 잊으신 게야. 전하께서 매병에 걸리셨다면, 그래서 기억을 잃으셨다면 네가 기억을 찾아드려야만 한다. 그래야 세손 저하께서 무사히 보위에 오르실 수 있어. 전하께서 친필로 적으시고 옥새를 찍은 문서. 그 문서를 찾아내 주상전하께 보여드리렴. 그리고 말씀드려라. 사도세자 저하께서 피와 목숨으로 얻어낸 그 약조를 지키시라고”라고 전했다.",
				"sentenceSize": 277
			},
			{
				"sentenceNo": 9,
				"sentenceContent": "한편 ‘옷소매 붉은 끝동’은 매주 금, 토 오후 9시 50분 MBC에서 방송된다.",
				"sentenceSize": 45
			}
		]
	},
	"labeledDataInfo": {
		"processSentenceInfo": [
			{
				"sentenceNo": 1,
				"sentenceContent": "‘옷소매 붉은 끝동’ 이세영이 이준호 생각에 눈물지었다.",
				"subjectConsistencyYn": "Y"
			},
			{
				"sentenceNo": 2,
				"sentenceContent": "17일 오후 방송된 MBC 금토드라마 ‘옷소매 붉은 끝동’에서는 이준호가 소중하다고 눈물 흘리는 이세영의 모습이 전파를 탔다.",
				"subjectConsistencyYn": "Y"
			},
			{
				"sentenceNo": 3,
				"sentenceContent": "이날 박상궁(차미경)을 보살피는 집에 앉아있던 저하(이준호)를 뵙지 못했다는 성덕임(이세영)에 서상궁(장혜진)은 “다 알아. 이렇게나 저하를 연모하면서 후궁 되기는 왜 싫은 건데? 제조상궁 마마 힘이 아니더라도 넌 후궁이 될 수 있어. 그저 저하께서 내미시는 손 잡기만 하면”이라고 말했다.",
				"subjectConsistencyYn": "Y"
			},
			{
				"sentenceNo": 4,
				"sentenceContent": "성덕임은 “왜 연모하면 후궁이 돼야 해요? 전 그렇게 살고 싶지 않은데. 후궁이 돼서 무슨 좋은 꼴을 본다고. 새로운 여인들이 날마다 줄줄이 굴비처럼 들어올 걸요? 모두가 내로라 하는 사대부가 여식일 거고 젊고 어여쁠 거고. 그 꼴을 보면서 입도 뻥긋 못하고 참고 살아야 하는데. 그게 후궁 팔자인데 왜 그렇게 살아야 해요? 저하가 소중해요. 하지만 전 제 자신이 제일 소중해요. 그러니까 절대로 제 자신을 고통 속에 몰아넣지 않을 거예요. 제대로 가질 수 없는 거면 차라리 아무것도 갖지 않는 게 나으니까”라며 눈물 흘렸다.",
				"subjectConsistencyYn": "Y"
			},
			{
				"sentenceNo": 5,
				"sentenceContent": "그런데 왜 우냐는 서상궁에 성덕임은 “저하께서 무사하시지 않으니까요. 저하께서는 평생을 노력하셨어요. 오로지 좋은 임금이 되기 위해서. 평생 동안 노력했는데 모든 게 한순간에 수포로 돌아가고 목숨까지 위태로워지셨어요. 저하를 돕고 싶은데 어떻게 해야 좋을지 모르겠어요”라고 고백했다.",
				"subjectConsistencyYn": "Y"
			},
			{
				"sentenceNo": 6,
				"sentenceContent": "이때 나타난 박상궁은 방도를 알려준다면 해내겠냐고 말했다.",
				"subjectConsistencyYn": "Y"
			},
			{
				"sentenceNo": 7,
				"sentenceContent": "박상궁은 성덕임에게 “네가 그분의 아드님을 지켜드리게. 나는 내 손으로 키우며 어린아이를 지키지 못했어. 평생 옛일을 곱씹으며 살았지. 아무리 후회해본들 내겐 돌이킬 수 없는 과거일 뿐이야”라고 말했다.",
				"subjectConsistencyYn": "Y"
			},
			{
				"sentenceNo": 8,
				"sentenceContent": "7년 만에 만난 그들이 서로를 좀 더 이해하고 갈등의 벽을 잘 허물어 낼 수 있을 지가 관전 포인트다.",
				"subjectConsistencyYn": "N"
			},
			{
				"sentenceNo": 9,
				"sentenceContent": "이에 세 친구와 강북구의 이러한 모습들과 결심들이 이들의 앞날에 어떤 변화를 가져다 줄지 오늘도, 내일도 파란만장할 네 사람의 이야기가 벌써부터 기다려진다.",
				"subjectConsistencyYn": "N"
			},
			{
				"sentenceNo": 10,
				"sentenceContent": "좌충우돌 청춘들의 쓰디쓴 사회생활과 매운맛 연애담을 유쾌하게 그려내며 보는 이들의 마음을 사로잡고 있는 티빙 오리지널 ‘술꾼도시여자들’ 9, 10화는 오늘(19일) 오후 4시에 티빙에서 만나볼 수 있다.",
				"subjectConsistencyYn": "N"
			}
		],
		"clickbaitClass": 0
	}
}