{
	"sourceDataInfo": {
		"newsID": "ET_M13_490320",
		"newsCategory": "연예",
		"newsSubcategory": "방송",
		"newsTitle": "신예 차유진, TVING 숏폼 ‘투투’ 주연[공식]",
		"newsSubTitle": "",
		"newsContent": "신예 배우 차유진이 ‘투투(To,two)’ 출연을 확정 지었다.\n15일 소속사 앤드마크는 차유진이 TVING 숏폼 ‘투투(To,two)’에 박지민 역으로 캐스팅되었다고 전했다. ‘투투(To,two)’는 사용자로부터 초대받은 자만 합류할 수 있는 음성 채팅 ‘투투(To,two)’라는 앱(APP)이 고등학교에 유행하자 무리에서 도태되지 않기 위한 구성원들 간의 몸부림을 그려낸 학원 범죄물이다.\n차유진은 화려한 비주얼과 재력 등 모든 걸 다 갖춘 고등학생 ‘박지민’ 역을 맡았다.\n학교에서는 물론 앱 ‘투투’에서도 인기 순위 1위인 인물을 연기할 차유진은 이번 작품에서 소년미 넘치는 마스크로 거침없는 매력을 선보일 예정이다.\n매 작품 안정적인 연기로 얼굴을 알리고 있는 그가 이번 숏폼에서는 어떤 색깔의 ‘박지민’을 그려낼지 기대가 모인다.\n한편 숏폼 ‘투투(To,two)’는 12월 17일부터 한 달간 티빙(TVING)을 통해 독점 공개된다.",
		"partNum": "P2",
		"useType": 0,
		"processType": "A",
		"processPattern": "99",
		"processLevel": "하",
		"sentenceCount": 6,
		"processSentencenum": 1,
		"sentenceInfo": [
			{
				"sentenceNo": 1,
				"sentenceContent": "신예 배우 차유진이 ‘투투(To,two)’ 출연을 확정 지었다.",
				"sentenceSize": 35
			},
			{
				"sentenceNo": 2,
				"sentenceContent": "15일 소속사 앤드마크는 차유진이 TVING 숏폼 ‘투투(To,two)’에 박지민 역으로 캐스팅되었다고 전했다. ‘투투(To,two)’는 사용자로부터 초대받은 자만 합류할 수 있는 음성 채팅 ‘투투(To,two)’라는 앱(APP)이 고등학교에 유행하자 무리에서 도태되지 않기 위한 구성원들 간의 몸부림을 그려낸 학원 범죄물이다.",
				"sentenceSize": 183
			},
			{
				"sentenceNo": 3,
				"sentenceContent": "차유진은 화려한 비주얼과 재력 등 모든 걸 다 갖춘 고등학생 ‘박지민’ 역을 맡았다.",
				"sentenceSize": 47
			},
			{
				"sentenceNo": 4,
				"sentenceContent": "학교에서는 물론 앱 ‘투투’에서도 인기 순위 1위인 인물을 연기할 차유진은 이번 작품에서 소년미 넘치는 마스크로 거침없는 매력을 선보일 예정이다.",
				"sentenceSize": 81
			},
			{
				"sentenceNo": 5,
				"sentenceContent": "매 작품 안정적인 연기로 얼굴을 알리고 있는 그가 이번 숏폼에서는 어떤 색깔의 ‘박지민’을 그려낼지 기대가 모인다.",
				"sentenceSize": 64
			},
			{
				"sentenceNo": 6,
				"sentenceContent": "한편 숏폼 ‘투투(To,two)’는 12월 17일부터 한 달간 티빙(TVING)을 통해 독점 공개된다.",
				"sentenceSize": 57
			}
		]
	},
	"labeledDataInfo": {
		"processSentenceInfo": [
			{
				"sentenceNo": 1,
				"sentenceContent": "신예 배우 차유진이 ‘투투(To,two)’ 출연을 확정 지었다.",
				"subjectConsistencyYn": "Y"
			},
			{
				"sentenceNo": 2,
				"sentenceContent": "15일 소속사 앤드마크는 차유진이 TVING 숏폼 ‘투투(To,two)’에 박지민 역으로 캐스팅되었다고 전했다. ‘투투(To,two)’는 사용자로부터 초대받은 자만 합류할 수 있는 음성 채팅 ‘투투(To,two)’라는 앱(APP)이 고등학교에 유행하자 무리에서 도태되지 않기 위한 구성원들 간의 몸부림을 그려낸 학원 범죄물이다.",
				"subjectConsistencyYn": "Y"
			},
			{
				"sentenceNo": 3,
				"sentenceContent": "차유진은 화려한 비주얼과 재력 등 모든 걸 다 갖춘 고등학생 ‘박지민’ 역을 맡았다.",
				"subjectConsistencyYn": "Y"
			},
			{
				"sentenceNo": 4,
				"sentenceContent": "학교에서는 물론 앱 ‘투투’에서도 인기 순위 1위인 인물을 연기할 차유진은 이번 작품에서 소년미 넘치는 마스크로 거침없는 매력을 선보일 예정이다.",
				"subjectConsistencyYn": "Y"
			},
			{
				"sentenceNo": 5,
				"sentenceContent": "매 작품 안정적인 연기로 얼굴을 알리고 있는 그가 이번 숏폼에서는 어떤 색깔의 ‘박지민’을 그려낼지 기대가 모인다.",
				"subjectConsistencyYn": "Y"
			},
			{
				"sentenceNo": 6,
				"sentenceContent": "무참한 폭력성과 광기로 들끓는 킬러 영화 ‘킬 리스트’(2011), 캠핑카를 타고 살인을 반복하는 어느 커플의 지독한 사랑 ‘살인을 부르는 관광객’(2012), 첨단 고층 빌딩을 무대로 인간의 탐욕과 야만성을 들추는 ‘하이-라이즈’(2015) 등 족족 괴팍하고 자극적이며 흥미롭다. ‘프리 파이어’도 다르지 않다.",
				"subjectConsistencyYn": "N"
			},
			{
				"sentenceNo": 7,
				"sentenceContent": "마구잡이식의 폭력성이 거슬리긴 하지만, 취향에만 맞다면 이만큼 신나는 오락영화도 없을 듯. 킬리언 머피, 브리 라슨 등 그 쟁쟁하고 값비싼 배우들이 1시간 넘게 등으로 기어 다니고, 절룩거리고, 아프다고 질질 짜는데 진정 가관이다.",
				"subjectConsistencyYn": "N"
			}
		],
		"clickbaitClass": 0
	}
}