{
	"sourceDataInfo": {
		"newsID": "ET_M13_490669",
		"newsCategory": "연예",
		"newsSubcategory": "방송",
		"newsTitle": "‘내 이름은 캐디’ 서울대 백민주 “출연 계기는 김성주 때문”[채널예약]",
		"newsSubTitle": "",
		"newsContent": "‘내 이름은 캐디’에서 대학생들의 골프 대격돌이 펼쳐진다.\n오는 22일 오후 9시에 방송되는 IHQ 예능프로그램 ‘내 이름은 캐디’ 7회 방송에서는 ‘캐디’ 이승철, 김성주, 안정환과 대학생들이 대한민국 최고의 ‘골프’ 명문 대학을 가린다.\n이승철, 김성주, 안정환은 캐디들의 역할이 빛을 발하는 ‘야간 골프’에 나선다.\n야심한 시각에도 열정을 끌어올리는 이들 앞에 서울대 백민주, 고려대 김병준, 연세대 최재우까지 엘리트 대학생 3인방이 찾아온다.\n매력을 발산하며 등장한 고객들은 ‘캐디즈’를 향한 팬심을 드러낸다.\n김병준은 노래방에서 생애 처음 부른 노래가 이승철의 곡이라며 들뜬 마음을 내비친다.\n백민주는 “‘내캐디’ 출연 계기는 김성주 때문”이라는 뜻밖의 사실을 고백한다. ‘찐 팬’이 털어놓는 남다른 이유에 김성주의 입꼬리가 승천하자, 안정환은 “둘이 커피숍 다녀오세요”라고 질투했다는 후문이다.\n김성주는 “‘내캐디’에서 가장 중요한 건 골프 실력”이라며 이들을 불꽃 튀는 승부의 세계로 안내한다.\n캐디들의 서포트 열정에 힘입어 불붙은 승부욕을 자랑할 대학생들의 라운딩 대결이 궁금해진다.\n다양한 계층의 게스트가 골프 선수가 되어 MC 캐디와 함께 게임을 진행하는 골프 예능프로그램 ‘내 이름은 캐디’는 오는 22일 밤 9시 채널 IHQ에서 방송된다.",
		"partNum": "P2",
		"useType": 0,
		"processType": "A",
		"processPattern": "99",
		"processLevel": "하",
		"sentenceCount": 10,
		"processSentencenum": 3,
		"sentenceInfo": [
			{
				"sentenceNo": 1,
				"sentenceContent": "‘내 이름은 캐디’에서 대학생들의 골프 대격돌이 펼쳐진다.",
				"sentenceSize": 32
			},
			{
				"sentenceNo": 2,
				"sentenceContent": "오는 22일 오후 9시에 방송되는 IHQ 예능프로그램 ‘내 이름은 캐디’ 7회 방송에서는 ‘캐디’ 이승철, 김성주, 안정환과 대학생들이 대한민국 최고의 ‘골프’ 명문 대학을 가린다.",
				"sentenceSize": 101
			},
			{
				"sentenceNo": 3,
				"sentenceContent": "이승철, 김성주, 안정환은 캐디들의 역할이 빛을 발하는 ‘야간 골프’에 나선다.",
				"sentenceSize": 44
			},
			{
				"sentenceNo": 4,
				"sentenceContent": "야심한 시각에도 열정을 끌어올리는 이들 앞에 서울대 백민주, 고려대 김병준, 연세대 최재우까지 엘리트 대학생 3인방이 찾아온다.",
				"sentenceSize": 71
			},
			{
				"sentenceNo": 5,
				"sentenceContent": "매력을 발산하며 등장한 고객들은 ‘캐디즈’를 향한 팬심을 드러낸다.",
				"sentenceSize": 37
			},
			{
				"sentenceNo": 6,
				"sentenceContent": "김병준은 노래방에서 생애 처음 부른 노래가 이승철의 곡이라며 들뜬 마음을 내비친다.",
				"sentenceSize": 46
			},
			{
				"sentenceNo": 7,
				"sentenceContent": "백민주는 “‘내캐디’ 출연 계기는 김성주 때문”이라는 뜻밖의 사실을 고백한다. ‘찐 팬’이 털어놓는 남다른 이유에 김성주의 입꼬리가 승천하자, 안정환은 “둘이 커피숍 다녀오세요”라고 질투했다는 후문이다.",
				"sentenceSize": 113
			},
			{
				"sentenceNo": 8,
				"sentenceContent": "김성주는 “‘내캐디’에서 가장 중요한 건 골프 실력”이라며 이들을 불꽃 튀는 승부의 세계로 안내한다.",
				"sentenceSize": 56
			},
			{
				"sentenceNo": 9,
				"sentenceContent": "캐디들의 서포트 열정에 힘입어 불붙은 승부욕을 자랑할 대학생들의 라운딩 대결이 궁금해진다.",
				"sentenceSize": 50
			},
			{
				"sentenceNo": 10,
				"sentenceContent": "다양한 계층의 게스트가 골프 선수가 되어 MC 캐디와 함께 게임을 진행하는 골프 예능프로그램 ‘내 이름은 캐디’는 오는 22일 밤 9시 채널 IHQ에서 방송된다.",
				"sentenceSize": 90
			}
		]
	},
	"labeledDataInfo": {
		"processSentenceInfo": [
			{
				"sentenceNo": 1,
				"sentenceContent": "‘내 이름은 캐디’에서 대학생들의 골프 대격돌이 펼쳐진다.",
				"subjectConsistencyYn": "Y"
			},
			{
				"sentenceNo": 2,
				"sentenceContent": "오는 22일 오후 9시에 방송되는 IHQ 예능프로그램 ‘내 이름은 캐디’ 7회 방송에서는 ‘캐디’ 이승철, 김성주, 안정환과 대학생들이 대한민국 최고의 ‘골프’ 명문 대학을 가린다.",
				"subjectConsistencyYn": "Y"
			},
			{
				"sentenceNo": 3,
				"sentenceContent": "이승철, 김성주, 안정환은 캐디들의 역할이 빛을 발하는 ‘야간 골프’에 나선다.",
				"subjectConsistencyYn": "Y"
			},
			{
				"sentenceNo": 4,
				"sentenceContent": "야심한 시각에도 열정을 끌어올리는 이들 앞에 서울대 백민주, 고려대 김병준, 연세대 최재우까지 엘리트 대학생 3인방이 찾아온다.",
				"subjectConsistencyYn": "Y"
			},
			{
				"sentenceNo": 5,
				"sentenceContent": "매력을 발산하며 등장한 고객들은 ‘캐디즈’를 향한 팬심을 드러낸다.",
				"subjectConsistencyYn": "Y"
			},
			{
				"sentenceNo": 6,
				"sentenceContent": "김병준은 노래방에서 생애 처음 부른 노래가 이승철의 곡이라며 들뜬 마음을 내비친다.",
				"subjectConsistencyYn": "Y"
			},
			{
				"sentenceNo": 7,
				"sentenceContent": "백민주는 “‘내캐디’ 출연 계기는 김성주 때문”이라는 뜻밖의 사실을 고백한다. ‘찐 팬’이 털어놓는 남다른 이유에 김성주의 입꼬리가 승천하자, 안정환은 “둘이 커피숍 다녀오세요”라고 질투했다는 후문이다.",
				"subjectConsistencyYn": "Y"
			},
			{
				"sentenceNo": 8,
				"sentenceContent": "이어 “이 곡을 들으시는 분들이 지금의 과정이 나를 만들어가는 순간이며, 눈앞에 마주한 무거운 일도 언젠가는 가볍게 느껴지게 되길 바란다”며 듣는 이들에게 위로와 공감이 되고 싶은 마음을 말했다.",
				"subjectConsistencyYn": "N"
			},
			{
				"sentenceNo": 9,
				"sentenceContent": "도운은 9월 27일 오후 6시 첫 디지털 싱글 ‘문득’을 발매하고 타이틀곡 ‘문득 (Duet with 송희진)’ 뮤직비디오를 공개한다.",
				"subjectConsistencyYn": "N"
			},
			{
				"sentenceNo": 10,
				"sentenceContent": "디싱 발매를 한 시간 앞둔 오후 5시에는 네이버 V LIVE(브이라이브)를 통해 팬들과 솔로 데뷔를 기념하는 시간도 마련한다.",
				"subjectConsistencyYn": "N"
			}
		],
		"clickbaitClass": 0
	}
}