{
	"sourceDataInfo": {
		"newsID": "ET_M13_490432",
		"newsCategory": "연예",
		"newsSubcategory": "방송",
		"newsTitle": "문가영 tvN ‘링크’ 출연 확정[공식]",
		"newsSubTitle": "",
		"newsContent": "배우 문가영이 tvN 새 드라마 ‘링크 : 먹고 사랑하라, 죽이게’ 출연을 확정 짓고 색다른 변신을 예고했다.\ntvN 새 드라마 ‘링크 : 먹고 사랑하라, 죽이게’는 어느 날 갑자기 한 여자의 감정을 공유(link)하게 된 남자가 그녀의 온갖 기쁨, 슬픔, 아픔을 함께 느끼며 벌어지는 감정 공유 판타지 멜로이자 휴먼 미스터리 드라마다. ‘디어 마이 프렌즈’, ‘라이프’ 등을 연출한 홍종찬 감독과 ‘수상한 파트너’, ‘내 연애의 모든 것’ 등으로 로맨스와 미스터리를 오가는 권기영 작가가 의기투합한 작품으로 화제를 모으고 있다.\n극 중 문가영은 박복한 취업 준비생 ‘노다현’ 역으로 분한다.\n각박한 현실에도 웃으면 복이 온다는 마음가짐으로 지내는 다현은 돌이킬 수 없는 한 사건을 통해 레스토랑 수셰프 ‘은계훈’(여진구)과 얽히게 된다.\n앞서 MBC 드라마 ‘그 남자의 기억법’으로 짙은 멜로 연기를 보여준 문가영은 올 초 인기리에 종영한 tvN 드라마 ‘여신강림’을 통해 국내외 호평과 화제성을 모두 잡으며 ‘차세대 글로벌 스타’로 발돋움했다.\n문가영은 이번 ‘링크 : 먹고 사랑하라, 죽이게’를 통해 판타지 멜로뿐 아니라 휴먼 드라마, 미스터리까지 폭넓은 장르를 소화하며 다시 한번 인생 캐릭터를 경신할 전망이다.\n또한 작품마다 상대 배우들과 완벽한 케미스트리를 보여준 문가영이기에 그가 여진구와 보여줄 시너지에도 기대가 높아진다.\n믿고 보는 20대 대표 배우 문가영과 여진구가 출연하는 tvN 새 드라마 ‘링크 : 먹고 사랑하라, 죽이게’는 오는 2022년 상반기 첫 방송을 앞두고 있다.",
		"partNum": "P2",
		"useType": 0,
		"processType": "A",
		"processPattern": "99",
		"processLevel": "하",
		"sentenceCount": 8,
		"processSentencenum": 2,
		"sentenceInfo": [
			{
				"sentenceNo": 1,
				"sentenceContent": "배우 문가영이 tvN 새 드라마 ‘링크 : 먹고 사랑하라, 죽이게’ 출연을 확정 짓고 색다른 변신을 예고했다.",
				"sentenceSize": 61
			},
			{
				"sentenceNo": 2,
				"sentenceContent": "tvN 새 드라마 ‘링크 : 먹고 사랑하라, 죽이게’는 어느 날 갑자기 한 여자의 감정을 공유(link)하게 된 남자가 그녀의 온갖 기쁨, 슬픔, 아픔을 함께 느끼며 벌어지는 감정 공유 판타지 멜로이자 휴먼 미스터리 드라마다. ‘디어 마이 프렌즈’, ‘라이프’ 등을 연출한 홍종찬 감독과 ‘수상한 파트너’, ‘내 연애의 모든 것’ 등으로 로맨스와 미스터리를 오가는 권기영 작가가 의기투합한 작품으로 화제를 모으고 있다.",
				"sentenceSize": 234
			},
			{
				"sentenceNo": 3,
				"sentenceContent": "극 중 문가영은 박복한 취업 준비생 ‘노다현’ 역으로 분한다.",
				"sentenceSize": 34
			},
			{
				"sentenceNo": 4,
				"sentenceContent": "각박한 현실에도 웃으면 복이 온다는 마음가짐으로 지내는 다현은 돌이킬 수 없는 한 사건을 통해 레스토랑 수셰프 ‘은계훈’(여진구)과 얽히게 된다.",
				"sentenceSize": 81
			},
			{
				"sentenceNo": 5,
				"sentenceContent": "앞서 MBC 드라마 ‘그 남자의 기억법’으로 짙은 멜로 연기를 보여준 문가영은 올 초 인기리에 종영한 tvN 드라마 ‘여신강림’을 통해 국내외 호평과 화제성을 모두 잡으며 ‘차세대 글로벌 스타’로 발돋움했다.",
				"sentenceSize": 116
			},
			{
				"sentenceNo": 6,
				"sentenceContent": "문가영은 이번 ‘링크 : 먹고 사랑하라, 죽이게’를 통해 판타지 멜로뿐 아니라 휴먼 드라마, 미스터리까지 폭넓은 장르를 소화하며 다시 한번 인생 캐릭터를 경신할 전망이다.",
				"sentenceSize": 95
			},
			{
				"sentenceNo": 7,
				"sentenceContent": "또한 작품마다 상대 배우들과 완벽한 케미스트리를 보여준 문가영이기에 그가 여진구와 보여줄 시너지에도 기대가 높아진다.",
				"sentenceSize": 65
			},
			{
				"sentenceNo": 8,
				"sentenceContent": "믿고 보는 20대 대표 배우 문가영과 여진구가 출연하는 tvN 새 드라마 ‘링크 : 먹고 사랑하라, 죽이게’는 오는 2022년 상반기 첫 방송을 앞두고 있다.",
				"sentenceSize": 88
			}
		]
	},
	"labeledDataInfo": {
		"processSentenceInfo": [
			{
				"sentenceNo": 1,
				"sentenceContent": "배우 문가영이 tvN 새 드라마 ‘링크 : 먹고 사랑하라, 죽이게’ 출연을 확정 짓고 색다른 변신을 예고했다.",
				"subjectConsistencyYn": "Y"
			},
			{
				"sentenceNo": 2,
				"sentenceContent": "tvN 새 드라마 ‘링크 : 먹고 사랑하라, 죽이게’는 어느 날 갑자기 한 여자의 감정을 공유(link)하게 된 남자가 그녀의 온갖 기쁨, 슬픔, 아픔을 함께 느끼며 벌어지는 감정 공유 판타지 멜로이자 휴먼 미스터리 드라마다. ‘디어 마이 프렌즈’, ‘라이프’ 등을 연출한 홍종찬 감독과 ‘수상한 파트너’, ‘내 연애의 모든 것’ 등으로 로맨스와 미스터리를 오가는 권기영 작가가 의기투합한 작품으로 화제를 모으고 있다.",
				"subjectConsistencyYn": "Y"
			},
			{
				"sentenceNo": 3,
				"sentenceContent": "극 중 문가영은 박복한 취업 준비생 ‘노다현’ 역으로 분한다.",
				"subjectConsistencyYn": "Y"
			},
			{
				"sentenceNo": 4,
				"sentenceContent": "각박한 현실에도 웃으면 복이 온다는 마음가짐으로 지내는 다현은 돌이킬 수 없는 한 사건을 통해 레스토랑 수셰프 ‘은계훈’(여진구)과 얽히게 된다.",
				"subjectConsistencyYn": "Y"
			},
			{
				"sentenceNo": 5,
				"sentenceContent": "앞서 MBC 드라마 ‘그 남자의 기억법’으로 짙은 멜로 연기를 보여준 문가영은 올 초 인기리에 종영한 tvN 드라마 ‘여신강림’을 통해 국내외 호평과 화제성을 모두 잡으며 ‘차세대 글로벌 스타’로 발돋움했다.",
				"subjectConsistencyYn": "Y"
			},
			{
				"sentenceNo": 6,
				"sentenceContent": "문가영은 이번 ‘링크 : 먹고 사랑하라, 죽이게’를 통해 판타지 멜로뿐 아니라 휴먼 드라마, 미스터리까지 폭넓은 장르를 소화하며 다시 한번 인생 캐릭터를 경신할 전망이다.",
				"subjectConsistencyYn": "Y"
			},
			{
				"sentenceNo": 7,
				"sentenceContent": "라이브 방송 후에는 이를 재편집한 영상들이 일주일 뒤에 업로드 된다.",
				"subjectConsistencyYn": "N"
			},
			{
				"sentenceNo": 8,
				"sentenceContent": "또한 ‘아돌라스쿨-홈커밍데이’는 준케이, 이기광과 2AM 조권, 비투비 서은광, 오마이걸 효정, (여자)아이들 미연·민니 등이 총출동하는 ‘겨울방학’ 특집 방송을 마련해, 올 연말 방송할 예정이다.",
				"subjectConsistencyYn": "N"
			}
		],
		"clickbaitClass": 0
	}
}