{
	"sourceDataInfo": {
		"newsID": "ET_M13_490632",
		"newsCategory": "연예",
		"newsSubcategory": "방송",
		"newsTitle": "‘런닝맨’ 차청화, 유재석에 “선배님 고추니까” 아찔 말실수",
		"newsSubTitle": "",
		"newsContent": "‘런닝맨’ 차청화가 말실수로 웃음을 안겼다.\n19일 오후 방송된 SBS 예능프로그램 ‘런닝맨’에서는 연말특집 레이스가 눈길을 사로잡았다.\n이날 첫 번째 미션은 환장의 연기 파티다.\n각 라운드 해당 주제를 다섯 명 중 한 명만 미션을 수행한다.\n상대 팀은 진짜가 누구인지 맞혀야 한다.\n먼저 연기에 나선 재석 팀은 한 명만 매운 청양고추를 먹은 연기를 해야 한다.\n고추를 먹은 재석 팀은 모두 괴로워하며 등장했다.\n눈가가 촉촉한 차청화에 양세찬은 “청화 누나 작정을 했구나”라고 말했다.\n전소민은 눈물을 흘려가며 매워했고 양세찬의 촉은 유재석으로 향했다.\n발음을 뭉개는 하하에 김종국은 “하하가 저렇게 말할 이유가 별로 없거든. 쟤 매운 거 잘 먹어”라고 날카롭게 말했다.\n종국 팀은 차청화로 의견을 몰았고 이때 유재석이 매운 듯 물을 계속 들이켰다.\n이에 양세찬은 “끝까지 저렇게 연기한다고?”라고 말했고 송지효 또한 유재석을 꼽았다.\n종국 팀은 끝내 차청화를 선택했고 청양고추를 진짜로 먹은 멤버는 유재석이었다.\n종국 팀의 주제는 한 명만 코끼리 코 10바퀴를 돌고 나와야 한다.\n문이 열리자 양세찬과 김종국은 쓰러지며 등장해 웃음을 자아냈다.\n송지효는 울렁거리는 듯 가슴을 부여잡고 연기를 시작했다.\n유재석은 허영지의 발바닥이 까매진 것에 의문을 품었다.\n이에 하하는 “영지 저번에 나왔을 때도 새까맸다”라고 폭로했다.\n이어 하하는 얼굴이 하얘진 양세찬을 의심했다.\n재석 팀은 양세찬을 선택했으나 코끼리 코를 돈 사람은 하도권이었다.\n하도권은 코끼리 코를 돌고 실제로 어지러워 온몸으로 티를 냈으나 양세찬의 오버 액션에 모두가 속아버렸다.\n3라운드는 팔에 한 명만 저주파 기계를 착용한다.\n차청화는 유재석에게 “제가 할게요. 선배님 고추니까. 아니 고추 먹었으니까”라고 말해 깜짝 놀라게 했다.\n한편 SBS 예능프로그램 ‘런닝맨’은 매주 일요일 오후 5시에 만나볼 수 있다.",
		"partNum": "P2",
		"useType": 0,
		"processType": "A",
		"processPattern": "99",
		"processLevel": "하",
		"sentenceCount": 24,
		"processSentencenum": 4,
		"sentenceInfo": [
			{
				"sentenceNo": 1,
				"sentenceContent": "‘런닝맨’ 차청화가 말실수로 웃음을 안겼다.",
				"sentenceSize": 24
			},
			{
				"sentenceNo": 2,
				"sentenceContent": "19일 오후 방송된 SBS 예능프로그램 ‘런닝맨’에서는 연말특집 레이스가 눈길을 사로잡았다.",
				"sentenceSize": 51
			},
			{
				"sentenceNo": 3,
				"sentenceContent": "이날 첫 번째 미션은 환장의 연기 파티다.",
				"sentenceSize": 23
			},
			{
				"sentenceNo": 4,
				"sentenceContent": "각 라운드 해당 주제를 다섯 명 중 한 명만 미션을 수행한다.",
				"sentenceSize": 34
			},
			{
				"sentenceNo": 5,
				"sentenceContent": "상대 팀은 진짜가 누구인지 맞혀야 한다.",
				"sentenceSize": 22
			},
			{
				"sentenceNo": 6,
				"sentenceContent": "먼저 연기에 나선 재석 팀은 한 명만 매운 청양고추를 먹은 연기를 해야 한다.",
				"sentenceSize": 43
			},
			{
				"sentenceNo": 7,
				"sentenceContent": "고추를 먹은 재석 팀은 모두 괴로워하며 등장했다.",
				"sentenceSize": 27
			},
			{
				"sentenceNo": 8,
				"sentenceContent": "눈가가 촉촉한 차청화에 양세찬은 “청화 누나 작정을 했구나”라고 말했다.",
				"sentenceSize": 40
			},
			{
				"sentenceNo": 9,
				"sentenceContent": "전소민은 눈물을 흘려가며 매워했고 양세찬의 촉은 유재석으로 향했다.",
				"sentenceSize": 37
			},
			{
				"sentenceNo": 10,
				"sentenceContent": "발음을 뭉개는 하하에 김종국은 “하하가 저렇게 말할 이유가 별로 없거든. 쟤 매운 거 잘 먹어”라고 날카롭게 말했다.",
				"sentenceSize": 65
			},
			{
				"sentenceNo": 11,
				"sentenceContent": "종국 팀은 차청화로 의견을 몰았고 이때 유재석이 매운 듯 물을 계속 들이켰다.",
				"sentenceSize": 43
			},
			{
				"sentenceNo": 12,
				"sentenceContent": "이에 양세찬은 “끝까지 저렇게 연기한다고?”라고 말했고 송지효 또한 유재석을 꼽았다.",
				"sentenceSize": 47
			},
			{
				"sentenceNo": 13,
				"sentenceContent": "종국 팀은 끝내 차청화를 선택했고 청양고추를 진짜로 먹은 멤버는 유재석이었다.",
				"sentenceSize": 43
			},
			{
				"sentenceNo": 14,
				"sentenceContent": "종국 팀의 주제는 한 명만 코끼리 코 10바퀴를 돌고 나와야 한다.",
				"sentenceSize": 37
			},
			{
				"sentenceNo": 15,
				"sentenceContent": "문이 열리자 양세찬과 김종국은 쓰러지며 등장해 웃음을 자아냈다.",
				"sentenceSize": 35
			},
			{
				"sentenceNo": 16,
				"sentenceContent": "송지효는 울렁거리는 듯 가슴을 부여잡고 연기를 시작했다.",
				"sentenceSize": 31
			},
			{
				"sentenceNo": 17,
				"sentenceContent": "유재석은 허영지의 발바닥이 까매진 것에 의문을 품었다.",
				"sentenceSize": 30
			},
			{
				"sentenceNo": 18,
				"sentenceContent": "이에 하하는 “영지 저번에 나왔을 때도 새까맸다”라고 폭로했다.",
				"sentenceSize": 35
			},
			{
				"sentenceNo": 19,
				"sentenceContent": "이어 하하는 얼굴이 하얘진 양세찬을 의심했다.",
				"sentenceSize": 25
			},
			{
				"sentenceNo": 20,
				"sentenceContent": "재석 팀은 양세찬을 선택했으나 코끼리 코를 돈 사람은 하도권이었다.",
				"sentenceSize": 37
			},
			{
				"sentenceNo": 21,
				"sentenceContent": "하도권은 코끼리 코를 돌고 실제로 어지러워 온몸으로 티를 냈으나 양세찬의 오버 액션에 모두가 속아버렸다.",
				"sentenceSize": 58
			},
			{
				"sentenceNo": 22,
				"sentenceContent": "3라운드는 팔에 한 명만 저주파 기계를 착용한다.",
				"sentenceSize": 27
			},
			{
				"sentenceNo": 23,
				"sentenceContent": "차청화는 유재석에게 “제가 할게요. 선배님 고추니까. 아니 고추 먹었으니까”라고 말해 깜짝 놀라게 했다.",
				"sentenceSize": 58
			},
			{
				"sentenceNo": 24,
				"sentenceContent": "한편 SBS 예능프로그램 ‘런닝맨’은 매주 일요일 오후 5시에 만나볼 수 있다.",
				"sentenceSize": 44
			}
		]
	},
	"labeledDataInfo": {
		"processSentenceInfo": [
			{
				"sentenceNo": 1,
				"sentenceContent": "‘런닝맨’ 차청화가 말실수로 웃음을 안겼다.",
				"subjectConsistencyYn": "Y"
			},
			{
				"sentenceNo": 2,
				"sentenceContent": "19일 오후 방송된 SBS 예능프로그램 ‘런닝맨’에서는 연말특집 레이스가 눈길을 사로잡았다.",
				"subjectConsistencyYn": "Y"
			},
			{
				"sentenceNo": 3,
				"sentenceContent": "이날 첫 번째 미션은 환장의 연기 파티다.",
				"subjectConsistencyYn": "Y"
			},
			{
				"sentenceNo": 4,
				"sentenceContent": "각 라운드 해당 주제를 다섯 명 중 한 명만 미션을 수행한다.",
				"subjectConsistencyYn": "Y"
			},
			{
				"sentenceNo": 5,
				"sentenceContent": "상대 팀은 진짜가 누구인지 맞혀야 한다.",
				"subjectConsistencyYn": "Y"
			},
			{
				"sentenceNo": 6,
				"sentenceContent": "먼저 연기에 나선 재석 팀은 한 명만 매운 청양고추를 먹은 연기를 해야 한다.",
				"subjectConsistencyYn": "Y"
			},
			{
				"sentenceNo": 7,
				"sentenceContent": "고추를 먹은 재석 팀은 모두 괴로워하며 등장했다.",
				"subjectConsistencyYn": "Y"
			},
			{
				"sentenceNo": 8,
				"sentenceContent": "눈가가 촉촉한 차청화에 양세찬은 “청화 누나 작정을 했구나”라고 말했다.",
				"subjectConsistencyYn": "Y"
			},
			{
				"sentenceNo": 9,
				"sentenceContent": "전소민은 눈물을 흘려가며 매워했고 양세찬의 촉은 유재석으로 향했다.",
				"subjectConsistencyYn": "Y"
			},
			{
				"sentenceNo": 10,
				"sentenceContent": "발음을 뭉개는 하하에 김종국은 “하하가 저렇게 말할 이유가 별로 없거든. 쟤 매운 거 잘 먹어”라고 날카롭게 말했다.",
				"subjectConsistencyYn": "Y"
			},
			{
				"sentenceNo": 11,
				"sentenceContent": "종국 팀은 차청화로 의견을 몰았고 이때 유재석이 매운 듯 물을 계속 들이켰다.",
				"subjectConsistencyYn": "Y"
			},
			{
				"sentenceNo": 12,
				"sentenceContent": "이에 양세찬은 “끝까지 저렇게 연기한다고?”라고 말했고 송지효 또한 유재석을 꼽았다.",
				"subjectConsistencyYn": "Y"
			},
			{
				"sentenceNo": 13,
				"sentenceContent": "종국 팀은 끝내 차청화를 선택했고 청양고추를 진짜로 먹은 멤버는 유재석이었다.",
				"subjectConsistencyYn": "Y"
			},
			{
				"sentenceNo": 14,
				"sentenceContent": "종국 팀의 주제는 한 명만 코끼리 코 10바퀴를 돌고 나와야 한다.",
				"subjectConsistencyYn": "Y"
			},
			{
				"sentenceNo": 15,
				"sentenceContent": "문이 열리자 양세찬과 김종국은 쓰러지며 등장해 웃음을 자아냈다.",
				"subjectConsistencyYn": "Y"
			},
			{
				"sentenceNo": 16,
				"sentenceContent": "송지효는 울렁거리는 듯 가슴을 부여잡고 연기를 시작했다.",
				"subjectConsistencyYn": "Y"
			},
			{
				"sentenceNo": 17,
				"sentenceContent": "유재석은 허영지의 발바닥이 까매진 것에 의문을 품었다.",
				"subjectConsistencyYn": "Y"
			},
			{
				"sentenceNo": 18,
				"sentenceContent": "이에 하하는 “영지 저번에 나왔을 때도 새까맸다”라고 폭로했다.",
				"subjectConsistencyYn": "Y"
			},
			{
				"sentenceNo": 19,
				"sentenceContent": "이어 하하는 얼굴이 하얘진 양세찬을 의심했다.",
				"subjectConsistencyYn": "Y"
			},
			{
				"sentenceNo": 20,
				"sentenceContent": "재석 팀은 양세찬을 선택했으나 코끼리 코를 돈 사람은 하도권이었다.",
				"subjectConsistencyYn": "Y"
			},
			{
				"sentenceNo": 21,
				"sentenceContent": "공연은 주말 및 일부 요일을 제외한 매일 오후 6시부터 8시까지 ‘LIVE. ON’ 공식 유튜브 채널을 통해 온라인으로 생중계되며 일부 공연은 아리랑TV 프로그램으로 제작되어 방송된다. ‘LIVE. ON’의 12월 전체 공연 라인업과 스케줄은 아리랑TV 공식 홈페이지에서 확인할 수 있다.",
				"subjectConsistencyYn": "N"
			}
		],
		"clickbaitClass": 0
	}
}