{
	"sourceDataInfo": {
		"newsID": "ET_M13_490650",
		"newsCategory": "연예",
		"newsSubcategory": "방송",
		"newsTitle": "입양·기부 아름다운 사람 정샘물 “입양한 두 딸 기특, 둘째는 영재판정”",
		"newsSubTitle": "",
		"newsContent": "메이크업 아티스트 정샘물이 두 아이를 입양했다고 밝혔다.\n19일 오후 방송된 KBS 2TV ‘슈퍼맨이 돌아왔다’에서 사유리는 젠의 돌잔치를 위해 정샘물에게 메이크업을 받으러 갔다.\n이 자리에서 아이 엄마인 정샘물과 사유리는 많은 대화를 나눴다.\n정샘물은 “마흔 셋에 첫째를 입양했다. 결혼할 때부터 아이를 많이 낳고 키우지만 입양도 하자고 (남편과) 이야기했는데, 시술이 잘 안 돼서 정한대로 하자 해 봉사하면서 입양을 했다”라고 말했다.\n이어 둘째 입양에 대해선 “첫째가 크면서 동생을 원해서 둘째를 입양했다. 둘째는 영재판정을 받았다”고 말했다.\n정샘물은 “아이가 입양 사실을 알고 있다. 친구들에게 입양 사실을 이야기한다”라며 “고마운 점은 부정적으로 생각하지 않고 다른 형태의 가족임을 건강하게 받아들이는 것”이라고 했다.\n한편, 화장품 브랜드 정샘물뷰티 (원장 정샘물)는 15일 보호시설과 한부모가정, 위탁가정 등에서 생활하고 있는 아이들을 위해 대한사회복지회(회장 김석현)에 크리스마스 사랑나누기 후원금 5000만원을 기부했다.\n후원금은 대한사회복지회가 보호중인 아동들을 위한 도서·장난감·방한용품 등 크리스마스 선물 및 파티 지원비 등으로 사용될 예정이다.\n정샘물뷰티의 크리스마스 사랑나누기 기부는 2017년 시작해 올해 5년째를 맞는다.\n이전까지는 성탄절 행사를 지원하며 아이들과 함께 즐거운 시간을 보냈으나 지난해부터 코로나19 상황을 고려해 기부금 전달로 비대면 나눔활동을 이어오고 있다.\n대한사회복지회 개인 고액기부자 모임 아너패밀리 1호 회원인 정 원장은“갈수록 상황이 어려운 가운데 하루하루 힘든 날을 보내고 있을 아이들이 크리스마스라도 따뜻하게 보내길 바란다”며 “다시 아이들을 직접 만나 함께 하는 시간을 기다리겠다”고 말했다.\n정 원장은 국내 1세대 뷰티 크리에이터로서 태국·싱가폴 등에 브랜드를 런칭하며 K-뷰티 위상을 알리고 있다.\n최근 정샘물 아트 앤 아카데미를 통해 인재 양성에 이바지 한 점 등 공로를 인정받아 중소벤처기업부장관 표창을 수상했다.",
		"partNum": "P2",
		"useType": 0,
		"processType": "A",
		"processPattern": "99",
		"processLevel": "하",
		"sentenceCount": 13,
		"processSentencenum": 1,
		"sentenceInfo": [
			{
				"sentenceNo": 1,
				"sentenceContent": "메이크업 아티스트 정샘물이 두 아이를 입양했다고 밝혔다.",
				"sentenceSize": 31
			},
			{
				"sentenceNo": 2,
				"sentenceContent": "19일 오후 방송된 KBS 2TV ‘슈퍼맨이 돌아왔다’에서 사유리는 젠의 돌잔치를 위해 정샘물에게 메이크업을 받으러 갔다.",
				"sentenceSize": 68
			},
			{
				"sentenceNo": 3,
				"sentenceContent": "이 자리에서 아이 엄마인 정샘물과 사유리는 많은 대화를 나눴다.",
				"sentenceSize": 35
			},
			{
				"sentenceNo": 4,
				"sentenceContent": "정샘물은 “마흔 셋에 첫째를 입양했다. 결혼할 때부터 아이를 많이 낳고 키우지만 입양도 하자고 (남편과) 이야기했는데, 시술이 잘 안 돼서 정한대로 하자 해 봉사하면서 입양을 했다”라고 말했다.",
				"sentenceSize": 108
			},
			{
				"sentenceNo": 5,
				"sentenceContent": "이어 둘째 입양에 대해선 “첫째가 크면서 동생을 원해서 둘째를 입양했다. 둘째는 영재판정을 받았다”고 말했다.",
				"sentenceSize": 61
			},
			{
				"sentenceNo": 6,
				"sentenceContent": "정샘물은 “아이가 입양 사실을 알고 있다. 친구들에게 입양 사실을 이야기한다”라며 “고마운 점은 부정적으로 생각하지 않고 다른 형태의 가족임을 건강하게 받아들이는 것”이라고 했다.",
				"sentenceSize": 100
			},
			{
				"sentenceNo": 7,
				"sentenceContent": "한편, 화장품 브랜드 정샘물뷰티 (원장 정샘물)는 15일 보호시설과 한부모가정, 위탁가정 등에서 생활하고 있는 아이들을 위해 대한사회복지회(회장 김석현)에 크리스마스 사랑나누기 후원금 5000만원을 기부했다.",
				"sentenceSize": 116
			},
			{
				"sentenceNo": 8,
				"sentenceContent": "후원금은 대한사회복지회가 보호중인 아동들을 위한 도서·장난감·방한용품 등 크리스마스 선물 및 파티 지원비 등으로 사용될 예정이다.",
				"sentenceSize": 72
			},
			{
				"sentenceNo": 9,
				"sentenceContent": "정샘물뷰티의 크리스마스 사랑나누기 기부는 2017년 시작해 올해 5년째를 맞는다.",
				"sentenceSize": 45
			},
			{
				"sentenceNo": 10,
				"sentenceContent": "이전까지는 성탄절 행사를 지원하며 아이들과 함께 즐거운 시간을 보냈으나 지난해부터 코로나19 상황을 고려해 기부금 전달로 비대면 나눔활동을 이어오고 있다.",
				"sentenceSize": 86
			},
			{
				"sentenceNo": 11,
				"sentenceContent": "대한사회복지회 개인 고액기부자 모임 아너패밀리 1호 회원인 정 원장은“갈수록 상황이 어려운 가운데 하루하루 힘든 날을 보내고 있을 아이들이 크리스마스라도 따뜻하게 보내길 바란다”며 “다시 아이들을 직접 만나 함께 하는 시간을 기다리겠다”고 말했다.",
				"sentenceSize": 138
			},
			{
				"sentenceNo": 12,
				"sentenceContent": "정 원장은 국내 1세대 뷰티 크리에이터로서 태국·싱가폴 등에 브랜드를 런칭하며 K-뷰티 위상을 알리고 있다.",
				"sentenceSize": 60
			},
			{
				"sentenceNo": 13,
				"sentenceContent": "최근 정샘물 아트 앤 아카데미를 통해 인재 양성에 이바지 한 점 등 공로를 인정받아 중소벤처기업부장관 표창을 수상했다.",
				"sentenceSize": 66
			}
		]
	},
	"labeledDataInfo": {
		"processSentenceInfo": [
			{
				"sentenceNo": 1,
				"sentenceContent": "메이크업 아티스트 정샘물이 두 아이를 입양했다고 밝혔다.",
				"subjectConsistencyYn": "Y"
			},
			{
				"sentenceNo": 2,
				"sentenceContent": "19일 오후 방송된 KBS 2TV ‘슈퍼맨이 돌아왔다’에서 사유리는 젠의 돌잔치를 위해 정샘물에게 메이크업을 받으러 갔다.",
				"subjectConsistencyYn": "Y"
			},
			{
				"sentenceNo": 3,
				"sentenceContent": "이 자리에서 아이 엄마인 정샘물과 사유리는 많은 대화를 나눴다.",
				"subjectConsistencyYn": "Y"
			},
			{
				"sentenceNo": 4,
				"sentenceContent": "정샘물은 “마흔 셋에 첫째를 입양했다. 결혼할 때부터 아이를 많이 낳고 키우지만 입양도 하자고 (남편과) 이야기했는데, 시술이 잘 안 돼서 정한대로 하자 해 봉사하면서 입양을 했다”라고 말했다.",
				"subjectConsistencyYn": "Y"
			},
			{
				"sentenceNo": 5,
				"sentenceContent": "이어 둘째 입양에 대해선 “첫째가 크면서 동생을 원해서 둘째를 입양했다. 둘째는 영재판정을 받았다”고 말했다.",
				"subjectConsistencyYn": "Y"
			},
			{
				"sentenceNo": 6,
				"sentenceContent": "정샘물은 “아이가 입양 사실을 알고 있다. 친구들에게 입양 사실을 이야기한다”라며 “고마운 점은 부정적으로 생각하지 않고 다른 형태의 가족임을 건강하게 받아들이는 것”이라고 했다.",
				"subjectConsistencyYn": "Y"
			},
			{
				"sentenceNo": 7,
				"sentenceContent": "한편, 화장품 브랜드 정샘물뷰티 (원장 정샘물)는 15일 보호시설과 한부모가정, 위탁가정 등에서 생활하고 있는 아이들을 위해 대한사회복지회(회장 김석현)에 크리스마스 사랑나누기 후원금 5000만원을 기부했다.",
				"subjectConsistencyYn": "Y"
			},
			{
				"sentenceNo": 8,
				"sentenceContent": "후원금은 대한사회복지회가 보호중인 아동들을 위한 도서·장난감·방한용품 등 크리스마스 선물 및 파티 지원비 등으로 사용될 예정이다.",
				"subjectConsistencyYn": "Y"
			},
			{
				"sentenceNo": 9,
				"sentenceContent": "정샘물뷰티의 크리스마스 사랑나누기 기부는 2017년 시작해 올해 5년째를 맞는다.",
				"subjectConsistencyYn": "Y"
			},
			{
				"sentenceNo": 10,
				"sentenceContent": "이전까지는 성탄절 행사를 지원하며 아이들과 함께 즐거운 시간을 보냈으나 지난해부터 코로나19 상황을 고려해 기부금 전달로 비대면 나눔활동을 이어오고 있다.",
				"subjectConsistencyYn": "Y"
			},
			{
				"sentenceNo": 11,
				"sentenceContent": "대한사회복지회 개인 고액기부자 모임 아너패밀리 1호 회원인 정 원장은“갈수록 상황이 어려운 가운데 하루하루 힘든 날을 보내고 있을 아이들이 크리스마스라도 따뜻하게 보내길 바란다”며 “다시 아이들을 직접 만나 함께 하는 시간을 기다리겠다”고 말했다.",
				"subjectConsistencyYn": "Y"
			},
			{
				"sentenceNo": 12,
				"sentenceContent": "정 원장은 국내 1세대 뷰티 크리에이터로서 태국·싱가폴 등에 브랜드를 런칭하며 K-뷰티 위상을 알리고 있다.",
				"subjectConsistencyYn": "Y"
			},
			{
				"sentenceNo": 13,
				"sentenceContent": "김상중이 언급한 장면은 지난 7월 25일 방송된 SBS ‘그것이 알고싶다’의 ‘세모자 성폭행 사건의 진실-누가 그들을 폭로자로 만드나?’편에 나온 것이다.",
				"subjectConsistencyYn": "N"
			},
			{
				"sentenceNo": 14,
				"sentenceContent": "당시 충격적인 내용의 성학대 피해를 주장하던 세 모자는 제작진이 휴식 시간에 자리를 비우자 “거짓말이라고 생각하면 어쩌지?”, “넌 아주 설득력 있었어” 등의 대화를 나누다가 마이크가 켜진 사실을 알고 깜짝 놀라는 모습을 보였다.",
				"subjectConsistencyYn": "N"
			},
			{
				"sentenceNo": 15,
				"sentenceContent": "또한 둘째 아들이 성폭행 피해에 대해 털어놓을 때 엄마인 A 씨가 웃음을 터뜨리는 장면도 포착돼 의혹을 자아낸 바 있다.",
				"subjectConsistencyYn": "N"
			}
		],
		"clickbaitClass": 0
	}
}