{
	"sourceDataInfo": {
		"newsID": "ET_M13_490312",
		"newsCategory": "연예",
		"newsSubcategory": "연예일반",
		"newsTitle": "‘가요무대’ 하이량, 박단마 ‘요 핑계 조 핑계’ 가창",
		"newsSubTitle": "",
		"newsContent": "가수 하이량이 라이브로 방송 무대를 장악했다.\n하이량은 지난 13일 방송된 KBS1 ‘가요무대’의 ‘가요산맥-탄생 100년’ 특집에 출연해 무대를 꾸몄다.\n방송에서 하이량은 박단마의 ‘요 핑계 조 핑계’를 재해석했다.\n하이량은 뛰어난 가창력과 특유의 밝은 에너지를 발산하며 시청자들의 눈과 귀를 즐겁게 만들었다.\n하이량은 꽃이 만발한 핑크 컬러의 한복과 사랑스러운 양 갈래 헤어스타일로 곡의 몰입도를 한껏 높였다.\n하이량은 한복을 찰떡 소화하며 사랑스러운 면모를 과시, 마지막까지 무대에서 눈을 뗄 수 없게 만들었다.\n지난 3월 데뷔 앨범 ‘My Destiny(마이 데스티니)’로 가요계에 첫 등장한 하이량은 가요와 팝을 접목시킨 타이틀곡 ‘내팔자 상팔자’로 신선한 매력을 어필, 남녀노소의 사랑을 이끌고 있다.\n하이량은 현재 MBN ‘헬로트로트’에서 활약 중이다.",
		"partNum": "P2",
		"useType": 0,
		"processType": "A",
		"processPattern": "99",
		"processLevel": "하",
		"sentenceCount": 8,
		"processSentencenum": 1,
		"sentenceInfo": [
			{
				"sentenceNo": 1,
				"sentenceContent": "가수 하이량이 라이브로 방송 무대를 장악했다.",
				"sentenceSize": 25
			},
			{
				"sentenceNo": 2,
				"sentenceContent": "하이량은 지난 13일 방송된 KBS1 ‘가요무대’의 ‘가요산맥-탄생 100년’ 특집에 출연해 무대를 꾸몄다.",
				"sentenceSize": 60
			},
			{
				"sentenceNo": 3,
				"sentenceContent": "방송에서 하이량은 박단마의 ‘요 핑계 조 핑계’를 재해석했다.",
				"sentenceSize": 34
			},
			{
				"sentenceNo": 4,
				"sentenceContent": "하이량은 뛰어난 가창력과 특유의 밝은 에너지를 발산하며 시청자들의 눈과 귀를 즐겁게 만들었다.",
				"sentenceSize": 52
			},
			{
				"sentenceNo": 5,
				"sentenceContent": "하이량은 꽃이 만발한 핑크 컬러의 한복과 사랑스러운 양 갈래 헤어스타일로 곡의 몰입도를 한껏 높였다.",
				"sentenceSize": 56
			},
			{
				"sentenceNo": 6,
				"sentenceContent": "하이량은 한복을 찰떡 소화하며 사랑스러운 면모를 과시, 마지막까지 무대에서 눈을 뗄 수 없게 만들었다.",
				"sentenceSize": 57
			},
			{
				"sentenceNo": 7,
				"sentenceContent": "지난 3월 데뷔 앨범 ‘My Destiny(마이 데스티니)’로 가요계에 첫 등장한 하이량은 가요와 팝을 접목시킨 타이틀곡 ‘내팔자 상팔자’로 신선한 매력을 어필, 남녀노소의 사랑을 이끌고 있다.",
				"sentenceSize": 108
			},
			{
				"sentenceNo": 8,
				"sentenceContent": "하이량은 현재 MBN ‘헬로트로트’에서 활약 중이다.",
				"sentenceSize": 29
			}
		]
	},
	"labeledDataInfo": {
		"processSentenceInfo": [
			{
				"sentenceNo": 1,
				"sentenceContent": "가수 하이량이 라이브로 방송 무대를 장악했다.",
				"subjectConsistencyYn": "Y"
			},
			{
				"sentenceNo": 2,
				"sentenceContent": "하이량은 지난 13일 방송된 KBS1 ‘가요무대’의 ‘가요산맥-탄생 100년’ 특집에 출연해 무대를 꾸몄다.",
				"subjectConsistencyYn": "Y"
			},
			{
				"sentenceNo": 3,
				"sentenceContent": "방송에서 하이량은 박단마의 ‘요 핑계 조 핑계’를 재해석했다.",
				"subjectConsistencyYn": "Y"
			},
			{
				"sentenceNo": 4,
				"sentenceContent": "하이량은 뛰어난 가창력과 특유의 밝은 에너지를 발산하며 시청자들의 눈과 귀를 즐겁게 만들었다.",
				"subjectConsistencyYn": "Y"
			},
			{
				"sentenceNo": 5,
				"sentenceContent": "하이량은 꽃이 만발한 핑크 컬러의 한복과 사랑스러운 양 갈래 헤어스타일로 곡의 몰입도를 한껏 높였다.",
				"subjectConsistencyYn": "Y"
			},
			{
				"sentenceNo": 6,
				"sentenceContent": "하이량은 한복을 찰떡 소화하며 사랑스러운 면모를 과시, 마지막까지 무대에서 눈을 뗄 수 없게 만들었다.",
				"subjectConsistencyYn": "Y"
			},
			{
				"sentenceNo": 7,
				"sentenceContent": "지난 3월 데뷔 앨범 ‘My Destiny(마이 데스티니)’로 가요계에 첫 등장한 하이량은 가요와 팝을 접목시킨 타이틀곡 ‘내팔자 상팔자’로 신선한 매력을 어필, 남녀노소의 사랑을 이끌고 있다.",
				"subjectConsistencyYn": "Y"
			},
			{
				"sentenceNo": 8,
				"sentenceContent": "또한 기간 내 예매하신 분들은 추후 티켓 재오픈시 선예매가 가능합니다.",
				"subjectConsistencyYn": "N"
			},
			{
				"sentenceNo": 9,
				"sentenceContent": "일정이 다시 잡히는 대로 재개될 예정이며 기다려 주신 팬분들께 다시 한번 죄송하다는 말씀 전해드립니다.",
				"subjectConsistencyYn": "N"
			}
		],
		"clickbaitClass": 0
	}
}