{
	"sourceDataInfo": {
		"newsID": "ET_M13_490452",
		"newsCategory": "연예",
		"newsSubcategory": "연예일반",
		"newsTitle": "‘대마 상습흡연’ 정일훈, 실형 면했다…2심서 집행유예 석방",
		"newsSubTitle": "",
		"newsContent": "비투비 전(前) 멤버 정일훈이 법정 구속 상태에서 풀려나 귀가한다. 16일 오후 2시 서울고등법원 제13형사부(부장판사 최수환)는 마약류 관리에 관한 법률위반(대마) 혐의로 기소된 정일훈의 선고 공판이 진행됐다.\n이날 선고 공판은 정일훈과 함께 대마를 흡입한 혐의를 받은 다른 피고인들의 선고도 함께 진행됐다.\n이들은 1심에서 받은 형량이 죄질에 비해 무겁고 공동 연대 책임에 대해서도 부인하며 이번 항소심을 신청했다.\n특히 정일훈은 2심 공판 시작 이후 100건에 달하는 반성문을 제출했고 그의 팬들 또한 탄원서를 재판부에 제출하며 감형을 요청한 것으로 알려졌다.\n재판부는 “검찰이 정일훈 및 피고인들의 일부 범행을 삭제 및 변경을 신청했다. 공동으로 대마를 매수한 경우에는 공동으로 범죄 수익을 추징하여야 하는데 그렇지 아니한 원심판결을 파기한다”고 운을 뗐다.\n이어 “장기간 대마를 조직적으로 매수하고 흡입해 죄질이 좋지 않다. 다만, 4명 이상이 가담한 범죄사실을 얼마 되지 않는다. 그 때마다 희망한 피고인들이 돈을 모아 구입한 것으로 보인다”고 판결의 양형기준을 설명했다.\n재판부는 정일훈에 대해 감형을 선고했다.\n재판부는 “정일훈은 범죄 기간이 길고 대마 흡연 횟수도 많지만 판매나 유통 등 영리 행위를 하지 않은 점, 2019년 1월 경 대마 구매와 흡연을 자의로 중단한 점, 벌금형 외에 다른 처벌 전력이 없는 점 등을 감안해 양형을 다시 정했다”고 설명했다.\n이로써 정일훈은 1심의 징역 2년, 추징금 1억 3,300만원보다 낮은 징역 2년 집행유예 3년, 추징금 1억 2,633만, 40시간의 약물치료 수강을 받게 됐다.\n한편, 정일훈은 2016년 7월 5일부터 2019년 1월 9일까지 다른 피고인 7명과 공모, 암호화폐를 이용해 161회에 걸쳐 1억 3000여만원을 송금하고 대마 826g 등을 매수해 흡연한 혐의를 받는다.",
		"partNum": "P2",
		"useType": 0,
		"processType": "A",
		"processPattern": "99",
		"processLevel": "하",
		"sentenceCount": 10,
		"processSentencenum": 3,
		"sentenceInfo": [
			{
				"sentenceNo": 1,
				"sentenceContent": "비투비 전(前) 멤버 정일훈이 법정 구속 상태에서 풀려나 귀가한다. 16일 오후 2시 서울고등법원 제13형사부(부장판사 최수환)는 마약류 관리에 관한 법률위반(대마) 혐의로 기소된 정일훈의 선고 공판이 진행됐다.",
				"sentenceSize": 118
			},
			{
				"sentenceNo": 2,
				"sentenceContent": "이날 선고 공판은 정일훈과 함께 대마를 흡입한 혐의를 받은 다른 피고인들의 선고도 함께 진행됐다.",
				"sentenceSize": 54
			},
			{
				"sentenceNo": 3,
				"sentenceContent": "이들은 1심에서 받은 형량이 죄질에 비해 무겁고 공동 연대 책임에 대해서도 부인하며 이번 항소심을 신청했다.",
				"sentenceSize": 60
			},
			{
				"sentenceNo": 4,
				"sentenceContent": "특히 정일훈은 2심 공판 시작 이후 100건에 달하는 반성문을 제출했고 그의 팬들 또한 탄원서를 재판부에 제출하며 감형을 요청한 것으로 알려졌다.",
				"sentenceSize": 81
			},
			{
				"sentenceNo": 5,
				"sentenceContent": "재판부는 “검찰이 정일훈 및 피고인들의 일부 범행을 삭제 및 변경을 신청했다. 공동으로 대마를 매수한 경우에는 공동으로 범죄 수익을 추징하여야 하는데 그렇지 아니한 원심판결을 파기한다”고 운을 뗐다.",
				"sentenceSize": 111
			},
			{
				"sentenceNo": 6,
				"sentenceContent": "이어 “장기간 대마를 조직적으로 매수하고 흡입해 죄질이 좋지 않다. 다만, 4명 이상이 가담한 범죄사실을 얼마 되지 않는다. 그 때마다 희망한 피고인들이 돈을 모아 구입한 것으로 보인다”고 판결의 양형기준을 설명했다.",
				"sentenceSize": 121
			},
			{
				"sentenceNo": 7,
				"sentenceContent": "재판부는 정일훈에 대해 감형을 선고했다.",
				"sentenceSize": 22
			},
			{
				"sentenceNo": 8,
				"sentenceContent": "재판부는 “정일훈은 범죄 기간이 길고 대마 흡연 횟수도 많지만 판매나 유통 등 영리 행위를 하지 않은 점, 2019년 1월 경 대마 구매와 흡연을 자의로 중단한 점, 벌금형 외에 다른 처벌 전력이 없는 점 등을 감안해 양형을 다시 정했다”고 설명했다.",
				"sentenceSize": 140
			},
			{
				"sentenceNo": 9,
				"sentenceContent": "이로써 정일훈은 1심의 징역 2년, 추징금 1억 3,300만원보다 낮은 징역 2년 집행유예 3년, 추징금 1억 2,633만, 40시간의 약물치료 수강을 받게 됐다.",
				"sentenceSize": 91
			},
			{
				"sentenceNo": 10,
				"sentenceContent": "한편, 정일훈은 2016년 7월 5일부터 2019년 1월 9일까지 다른 피고인 7명과 공모, 암호화폐를 이용해 161회에 걸쳐 1억 3000여만원을 송금하고 대마 826g 등을 매수해 흡연한 혐의를 받는다.",
				"sentenceSize": 115
			}
		]
	},
	"labeledDataInfo": {
		"processSentenceInfo": [
			{
				"sentenceNo": 1,
				"sentenceContent": "비투비 전(前) 멤버 정일훈이 법정 구속 상태에서 풀려나 귀가한다. 16일 오후 2시 서울고등법원 제13형사부(부장판사 최수환)는 마약류 관리에 관한 법률위반(대마) 혐의로 기소된 정일훈의 선고 공판이 진행됐다.",
				"subjectConsistencyYn": "Y"
			},
			{
				"sentenceNo": 2,
				"sentenceContent": "이날 선고 공판은 정일훈과 함께 대마를 흡입한 혐의를 받은 다른 피고인들의 선고도 함께 진행됐다.",
				"subjectConsistencyYn": "Y"
			},
			{
				"sentenceNo": 3,
				"sentenceContent": "이들은 1심에서 받은 형량이 죄질에 비해 무겁고 공동 연대 책임에 대해서도 부인하며 이번 항소심을 신청했다.",
				"subjectConsistencyYn": "Y"
			},
			{
				"sentenceNo": 4,
				"sentenceContent": "특히 정일훈은 2심 공판 시작 이후 100건에 달하는 반성문을 제출했고 그의 팬들 또한 탄원서를 재판부에 제출하며 감형을 요청한 것으로 알려졌다.",
				"subjectConsistencyYn": "Y"
			},
			{
				"sentenceNo": 5,
				"sentenceContent": "재판부는 “검찰이 정일훈 및 피고인들의 일부 범행을 삭제 및 변경을 신청했다. 공동으로 대마를 매수한 경우에는 공동으로 범죄 수익을 추징하여야 하는데 그렇지 아니한 원심판결을 파기한다”고 운을 뗐다.",
				"subjectConsistencyYn": "Y"
			},
			{
				"sentenceNo": 6,
				"sentenceContent": "이어 “장기간 대마를 조직적으로 매수하고 흡입해 죄질이 좋지 않다. 다만, 4명 이상이 가담한 범죄사실을 얼마 되지 않는다. 그 때마다 희망한 피고인들이 돈을 모아 구입한 것으로 보인다”고 판결의 양형기준을 설명했다.",
				"subjectConsistencyYn": "Y"
			},
			{
				"sentenceNo": 7,
				"sentenceContent": "재판부는 정일훈에 대해 감형을 선고했다.",
				"subjectConsistencyYn": "Y"
			},
			{
				"sentenceNo": 8,
				"sentenceContent": "이번에 발표한 유승우의 신곡 '예뻐서'는 스타쉽엔터테인먼트와 전속 계약 이후 첫 발표하는 곡으로 의미가 깊다. '예뻐서'는 소년에서 청년이 된 유승우의 모습을 담은 곡이다.",
				"subjectConsistencyYn": "N"
			},
			{
				"sentenceNo": 9,
				"sentenceContent": "29일 정오 온라인 음원 사이트를 통해 공개될 예정이다. '유승우 예뻐서' 온라인 중앙일보 [사진 중앙포토]",
				"subjectConsistencyYn": "N"
			}
		],
		"clickbaitClass": 0
	}
}