{
	"sourceDataInfo": {
		"newsID": "ET_M13_490439",
		"newsCategory": "연예",
		"newsSubcategory": "방송",
		"newsTitle": "‘학교 2021’ 김누림, 특급 친화력 발휘",
		"newsSubTitle": "",
		"newsContent": "신예 김누림이 김요한, 추영우와 절친 케미에 시동을 걸었다.\n김누림은 지난 15일 방송된 KBS 2TV 수목드라마 ‘학교 2021’ 7회에서 반 친구들 모두와 친밀한 관계를 유지하는 ‘전종복’ 역으로 활약했다.\n이날 종복은 미래를 철저히 준비하는 성실한 고등학생이었다.\n그는 유명 가구 회사에서 목공 인재 양성을 위한 프로젝트를 진행한다는 소식을 듣자 곧바로 관심을 보였다.\n프로젝트의 팀장이 아직 종복과 서먹한 사이였던 ‘영주’(추영우)라는 사실에 살짝 당황했지만, 우승 혜택으로 취업 가산점이 주어진다는 얘기에 망설이지 않고 지원하는 적극적인 자세를 보였다.\n종복의 특급 친화력도 끊임없이 이어졌다.\n영주와 대립 관계인 ‘기준’(김요한)이 갑작스레 프로젝트에 참여 의사를 밝히자 주변 친구들이 서로의 눈치를 보기 시작했고, 이에 종복은 특유의 둥근 성격을 발휘해 기준을 챙기며 분위기 전환을 이끌었다.\n그뿐만 아니라 종복은 자신이 참여하는 프로젝트의 팀장이라는 이유 하나만으로도 영주와의 어색함을 줄여나갔다.\n수행 평가 과제로 현장 학습이 주어지자 종복은 당연하다는 듯 영주에게 먼저 다가갔고, 자연스레 팀장이라 칭하며 “우리랑 같이 갈래?”라고 동행을 제안했다.\n마지막 남은 어색함마저 털어내며 조심스레 의견을 묻는 모습에선 영주와 더 가까워지기 위한 종복의 용기가 드러나기도. 이렇듯 김누림은 눌지고 공식 정보통이자 인싸로 자리 잡은 ‘종복’의 매력을 자연스럽게 그려내고 있다.\n미래를 위해 하루하루를 열심히 살아가는 고등학생의 현실 모멘트를 보여주다가도, 친구들간의 갈등은 특유의 둥근 성격으로 풀어나가며 감정의 간극을 줄이는 데 톡톡히 활약하고 있는 것. 이에 김누림이 앞으로 ‘종복’의 이야기를 어떻게 그려낼지 귀추가 주목된다.\n한편 김누림이 출연하는 KBS 2TV 수목드라마 ‘학교 2021’은 매주 수, 목요일 오후 9시 30분 방송된다.",
		"partNum": "P2",
		"useType": 0,
		"processType": "A",
		"processPattern": "99",
		"processLevel": "하",
		"sentenceCount": 12,
		"processSentencenum": 1,
		"sentenceInfo": [
			{
				"sentenceNo": 1,
				"sentenceContent": "신예 김누림이 김요한, 추영우와 절친 케미에 시동을 걸었다.",
				"sentenceSize": 33
			},
			{
				"sentenceNo": 2,
				"sentenceContent": "김누림은 지난 15일 방송된 KBS 2TV 수목드라마 ‘학교 2021’ 7회에서 반 친구들 모두와 친밀한 관계를 유지하는 ‘전종복’ 역으로 활약했다.",
				"sentenceSize": 83
			},
			{
				"sentenceNo": 3,
				"sentenceContent": "이날 종복은 미래를 철저히 준비하는 성실한 고등학생이었다.",
				"sentenceSize": 32
			},
			{
				"sentenceNo": 4,
				"sentenceContent": "그는 유명 가구 회사에서 목공 인재 양성을 위한 프로젝트를 진행한다는 소식을 듣자 곧바로 관심을 보였다.",
				"sentenceSize": 58
			},
			{
				"sentenceNo": 5,
				"sentenceContent": "프로젝트의 팀장이 아직 종복과 서먹한 사이였던 ‘영주’(추영우)라는 사실에 살짝 당황했지만, 우승 혜택으로 취업 가산점이 주어진다는 얘기에 망설이지 않고 지원하는 적극적인 자세를 보였다.",
				"sentenceSize": 104
			},
			{
				"sentenceNo": 6,
				"sentenceContent": "종복의 특급 친화력도 끊임없이 이어졌다.",
				"sentenceSize": 22
			},
			{
				"sentenceNo": 7,
				"sentenceContent": "영주와 대립 관계인 ‘기준’(김요한)이 갑작스레 프로젝트에 참여 의사를 밝히자 주변 친구들이 서로의 눈치를 보기 시작했고, 이에 종복은 특유의 둥근 성격을 발휘해 기준을 챙기며 분위기 전환을 이끌었다.",
				"sentenceSize": 112
			},
			{
				"sentenceNo": 8,
				"sentenceContent": "그뿐만 아니라 종복은 자신이 참여하는 프로젝트의 팀장이라는 이유 하나만으로도 영주와의 어색함을 줄여나갔다.",
				"sentenceSize": 59
			},
			{
				"sentenceNo": 9,
				"sentenceContent": "수행 평가 과제로 현장 학습이 주어지자 종복은 당연하다는 듯 영주에게 먼저 다가갔고, 자연스레 팀장이라 칭하며 “우리랑 같이 갈래?”라고 동행을 제안했다.",
				"sentenceSize": 86
			},
			{
				"sentenceNo": 10,
				"sentenceContent": "마지막 남은 어색함마저 털어내며 조심스레 의견을 묻는 모습에선 영주와 더 가까워지기 위한 종복의 용기가 드러나기도. 이렇듯 김누림은 눌지고 공식 정보통이자 인싸로 자리 잡은 ‘종복’의 매력을 자연스럽게 그려내고 있다.",
				"sentenceSize": 121
			},
			{
				"sentenceNo": 11,
				"sentenceContent": "미래를 위해 하루하루를 열심히 살아가는 고등학생의 현실 모멘트를 보여주다가도, 친구들간의 갈등은 특유의 둥근 성격으로 풀어나가며 감정의 간극을 줄이는 데 톡톡히 활약하고 있는 것. 이에 김누림이 앞으로 ‘종복’의 이야기를 어떻게 그려낼지 귀추가 주목된다.",
				"sentenceSize": 142
			},
			{
				"sentenceNo": 12,
				"sentenceContent": "한편 김누림이 출연하는 KBS 2TV 수목드라마 ‘학교 2021’은 매주 수, 목요일 오후 9시 30분 방송된다.",
				"sentenceSize": 63
			}
		]
	},
	"labeledDataInfo": {
		"processSentenceInfo": [
			{
				"sentenceNo": 1,
				"sentenceContent": "신예 김누림이 김요한, 추영우와 절친 케미에 시동을 걸었다.",
				"subjectConsistencyYn": "Y"
			},
			{
				"sentenceNo": 2,
				"sentenceContent": "김누림은 지난 15일 방송된 KBS 2TV 수목드라마 ‘학교 2021’ 7회에서 반 친구들 모두와 친밀한 관계를 유지하는 ‘전종복’ 역으로 활약했다.",
				"subjectConsistencyYn": "Y"
			},
			{
				"sentenceNo": 3,
				"sentenceContent": "이날 종복은 미래를 철저히 준비하는 성실한 고등학생이었다.",
				"subjectConsistencyYn": "Y"
			},
			{
				"sentenceNo": 4,
				"sentenceContent": "그는 유명 가구 회사에서 목공 인재 양성을 위한 프로젝트를 진행한다는 소식을 듣자 곧바로 관심을 보였다.",
				"subjectConsistencyYn": "Y"
			},
			{
				"sentenceNo": 5,
				"sentenceContent": "프로젝트의 팀장이 아직 종복과 서먹한 사이였던 ‘영주’(추영우)라는 사실에 살짝 당황했지만, 우승 혜택으로 취업 가산점이 주어진다는 얘기에 망설이지 않고 지원하는 적극적인 자세를 보였다.",
				"subjectConsistencyYn": "Y"
			},
			{
				"sentenceNo": 6,
				"sentenceContent": "종복의 특급 친화력도 끊임없이 이어졌다.",
				"subjectConsistencyYn": "Y"
			},
			{
				"sentenceNo": 7,
				"sentenceContent": "영주와 대립 관계인 ‘기준’(김요한)이 갑작스레 프로젝트에 참여 의사를 밝히자 주변 친구들이 서로의 눈치를 보기 시작했고, 이에 종복은 특유의 둥근 성격을 발휘해 기준을 챙기며 분위기 전환을 이끌었다.",
				"subjectConsistencyYn": "Y"
			},
			{
				"sentenceNo": 8,
				"sentenceContent": "그뿐만 아니라 종복은 자신이 참여하는 프로젝트의 팀장이라는 이유 하나만으로도 영주와의 어색함을 줄여나갔다.",
				"subjectConsistencyYn": "Y"
			},
			{
				"sentenceNo": 9,
				"sentenceContent": "수행 평가 과제로 현장 학습이 주어지자 종복은 당연하다는 듯 영주에게 먼저 다가갔고, 자연스레 팀장이라 칭하며 “우리랑 같이 갈래?”라고 동행을 제안했다.",
				"subjectConsistencyYn": "Y"
			},
			{
				"sentenceNo": 10,
				"sentenceContent": "마지막 남은 어색함마저 털어내며 조심스레 의견을 묻는 모습에선 영주와 더 가까워지기 위한 종복의 용기가 드러나기도. 이렇듯 김누림은 눌지고 공식 정보통이자 인싸로 자리 잡은 ‘종복’의 매력을 자연스럽게 그려내고 있다.",
				"subjectConsistencyYn": "Y"
			},
			{
				"sentenceNo": 11,
				"sentenceContent": "미래를 위해 하루하루를 열심히 살아가는 고등학생의 현실 모멘트를 보여주다가도, 친구들간의 갈등은 특유의 둥근 성격으로 풀어나가며 감정의 간극을 줄이는 데 톡톡히 활약하고 있는 것. 이에 김누림이 앞으로 ‘종복’의 이야기를 어떻게 그려낼지 귀추가 주목된다.",
				"subjectConsistencyYn": "Y"
			},
			{
				"sentenceNo": 12,
				"sentenceContent": "이어 최고의 인간 놀토를 뽑는 시간은 다수결로 이뤄졌고 박성웅을 김동현 혼자 뽑자 박성웅은 “차 막아놔라 다. 동엽이 형 거 빼고 다 막아 놔”라고 말해 폭소케 했다.",
				"subjectConsistencyYn": "N"
			},
			{
				"sentenceNo": 13,
				"sentenceContent": "오늘의 최고의 인간 놀토는 재재로 선정됐고 선물로 강냉이와 아무 때나 출연권을 얻었다.",
				"subjectConsistencyYn": "N"
			},
			{
				"sentenceNo": 14,
				"sentenceContent": "한편 ‘놀라운 토요일’은 매주 토요일 오후 7시 40분 tvN에서 방송된다.",
				"subjectConsistencyYn": "N"
			}
		],
		"clickbaitClass": 0
	}
}