{
	"sourceDataInfo": {
		"newsID": "ET_M13_490827",
		"newsCategory": "연예",
		"newsSubcategory": "방송",
		"newsTitle": "‘선녀들’ 전현무×김종민×유병재, 가상 정치 공약 발표",
		"newsSubTitle": "",
		"newsContent": "전현무, 김종민이 리더가 된 경험을 밝힌다. 22일(수) 방송되는 MBC ‘선을 넘는 녀석들 : 마스터-X’(연출 한승훈/이하 ‘선녀들’)이 요즘 대한민국 국민들의 핫이슈, 내년 3월 제20대 대통령선거를 맞는 의미 있는 특집을 선보인다.\n선거의 역사를 통해 소중한 한 표의 가치를 배우는 시간을 마련한 것이다.\n이날 전현무, 김종민, 유병재는 선거의 모든 것을 배워간다.\n이와 함께 한 번쯤 경험해 봤을 선거 출마 경험도 밝힌다.\n전현무는 “전 고3 때 반장 선거에 나갔다”라고 말하며, “거의 90% 득표율로 됐다. 그런데 알고 보니까…”라고 씁쓸하게 말하며, 인기가 아닌 다른 이유로 뽑힌 경험을 털어놓는다고. 반 친구들이 전현무를 반장으로 뽑은 이유는 무엇일까.\n이어 코요태 리더를 맡고 있는 김종민은 자신도 몰랐던 ‘코요태 리더가 된 이유’를 말해 모두의 폭소를 자아낸다. “선거를 통해 된거냐”라는 전현무의 질문에, 김종민은 “아니다”라고 단호하게 말한다.\n모두의 고개를 끄덕이게 한 김종민이 리더가 된 이유에 관심이 집중된다.\n그런가 하면, 전현무, 김종민, 유병재는 만약 정치인으로 출마한다면 어떤 공약을 내세울지도 이야기한다.\n평소 ‘선녀들’에서 권력욕을 드러낸 김종민은 “난 투명 인간이다. 나의 모든 것을 (투명하게) 공개하겠다”라며 의지를 활활 불태운다.\n이에 맞서는 전현무와 유병재는 센스 넘치는 공약도 호기심을 불러일으킨다.\n이 밖에도 이날 방송에서는 전 세계의 신기하고 다양한 선거들과 특이한 이색 공약들도 소개될 예정. 이 모든 것은 12월 22일 수요일 밤 9시 방송되는 MBC ‘선을 넘는 녀석들 : 마스터-X’에서 확인할 수 있다.",
		"partNum": "P2",
		"useType": 0,
		"processType": "A",
		"processPattern": "99",
		"processLevel": "하",
		"sentenceCount": 11,
		"processSentencenum": 1,
		"sentenceInfo": [
			{
				"sentenceNo": 1,
				"sentenceContent": "전현무, 김종민이 리더가 된 경험을 밝힌다. 22일(수) 방송되는 MBC ‘선을 넘는 녀석들 : 마스터-X’(연출 한승훈/이하 ‘선녀들’)이 요즘 대한민국 국민들의 핫이슈, 내년 3월 제20대 대통령선거를 맞는 의미 있는 특집을 선보인다.",
				"sentenceSize": 133
			},
			{
				"sentenceNo": 2,
				"sentenceContent": "선거의 역사를 통해 소중한 한 표의 가치를 배우는 시간을 마련한 것이다.",
				"sentenceSize": 40
			},
			{
				"sentenceNo": 3,
				"sentenceContent": "이날 전현무, 김종민, 유병재는 선거의 모든 것을 배워간다.",
				"sentenceSize": 33
			},
			{
				"sentenceNo": 4,
				"sentenceContent": "이와 함께 한 번쯤 경험해 봤을 선거 출마 경험도 밝힌다.",
				"sentenceSize": 32
			},
			{
				"sentenceNo": 5,
				"sentenceContent": "전현무는 “전 고3 때 반장 선거에 나갔다”라고 말하며, “거의 90% 득표율로 됐다. 그런데 알고 보니까…”라고 씁쓸하게 말하며, 인기가 아닌 다른 이유로 뽑힌 경험을 털어놓는다고. 반 친구들이 전현무를 반장으로 뽑은 이유는 무엇일까.",
				"sentenceSize": 132
			},
			{
				"sentenceNo": 6,
				"sentenceContent": "이어 코요태 리더를 맡고 있는 김종민은 자신도 몰랐던 ‘코요태 리더가 된 이유’를 말해 모두의 폭소를 자아낸다. “선거를 통해 된거냐”라는 전현무의 질문에, 김종민은 “아니다”라고 단호하게 말한다.",
				"sentenceSize": 110
			},
			{
				"sentenceNo": 7,
				"sentenceContent": "모두의 고개를 끄덕이게 한 김종민이 리더가 된 이유에 관심이 집중된다.",
				"sentenceSize": 39
			},
			{
				"sentenceNo": 8,
				"sentenceContent": "그런가 하면, 전현무, 김종민, 유병재는 만약 정치인으로 출마한다면 어떤 공약을 내세울지도 이야기한다.",
				"sentenceSize": 57
			},
			{
				"sentenceNo": 9,
				"sentenceContent": "평소 ‘선녀들’에서 권력욕을 드러낸 김종민은 “난 투명 인간이다. 나의 모든 것을 (투명하게) 공개하겠다”라며 의지를 활활 불태운다.",
				"sentenceSize": 74
			},
			{
				"sentenceNo": 10,
				"sentenceContent": "이에 맞서는 전현무와 유병재는 센스 넘치는 공약도 호기심을 불러일으킨다.",
				"sentenceSize": 40
			},
			{
				"sentenceNo": 11,
				"sentenceContent": "이 밖에도 이날 방송에서는 전 세계의 신기하고 다양한 선거들과 특이한 이색 공약들도 소개될 예정. 이 모든 것은 12월 22일 수요일 밤 9시 방송되는 MBC ‘선을 넘는 녀석들 : 마스터-X’에서 확인할 수 있다.",
				"sentenceSize": 120
			}
		]
	},
	"labeledDataInfo": {
		"processSentenceInfo": [
			{
				"sentenceNo": 1,
				"sentenceContent": "전현무, 김종민이 리더가 된 경험을 밝힌다. 22일(수) 방송되는 MBC ‘선을 넘는 녀석들 : 마스터-X’(연출 한승훈/이하 ‘선녀들’)이 요즘 대한민국 국민들의 핫이슈, 내년 3월 제20대 대통령선거를 맞는 의미 있는 특집을 선보인다.",
				"subjectConsistencyYn": "Y"
			},
			{
				"sentenceNo": 2,
				"sentenceContent": "선거의 역사를 통해 소중한 한 표의 가치를 배우는 시간을 마련한 것이다.",
				"subjectConsistencyYn": "Y"
			},
			{
				"sentenceNo": 3,
				"sentenceContent": "이날 전현무, 김종민, 유병재는 선거의 모든 것을 배워간다.",
				"subjectConsistencyYn": "Y"
			},
			{
				"sentenceNo": 4,
				"sentenceContent": "이와 함께 한 번쯤 경험해 봤을 선거 출마 경험도 밝힌다.",
				"subjectConsistencyYn": "Y"
			},
			{
				"sentenceNo": 5,
				"sentenceContent": "전현무는 “전 고3 때 반장 선거에 나갔다”라고 말하며, “거의 90% 득표율로 됐다. 그런데 알고 보니까…”라고 씁쓸하게 말하며, 인기가 아닌 다른 이유로 뽑힌 경험을 털어놓는다고. 반 친구들이 전현무를 반장으로 뽑은 이유는 무엇일까.",
				"subjectConsistencyYn": "Y"
			},
			{
				"sentenceNo": 6,
				"sentenceContent": "이어 코요태 리더를 맡고 있는 김종민은 자신도 몰랐던 ‘코요태 리더가 된 이유’를 말해 모두의 폭소를 자아낸다. “선거를 통해 된거냐”라는 전현무의 질문에, 김종민은 “아니다”라고 단호하게 말한다.",
				"subjectConsistencyYn": "Y"
			},
			{
				"sentenceNo": 7,
				"sentenceContent": "모두의 고개를 끄덕이게 한 김종민이 리더가 된 이유에 관심이 집중된다.",
				"subjectConsistencyYn": "Y"
			},
			{
				"sentenceNo": 8,
				"sentenceContent": "그런가 하면, 전현무, 김종민, 유병재는 만약 정치인으로 출마한다면 어떤 공약을 내세울지도 이야기한다.",
				"subjectConsistencyYn": "Y"
			},
			{
				"sentenceNo": 9,
				"sentenceContent": "평소 ‘선녀들’에서 권력욕을 드러낸 김종민은 “난 투명 인간이다. 나의 모든 것을 (투명하게) 공개하겠다”라며 의지를 활활 불태운다.",
				"subjectConsistencyYn": "Y"
			},
			{
				"sentenceNo": 10,
				"sentenceContent": "이에 맞서는 전현무와 유병재는 센스 넘치는 공약도 호기심을 불러일으킨다.",
				"subjectConsistencyYn": "Y"
			},
			{
				"sentenceNo": 11,
				"sentenceContent": "한편 백종원은 ‘마리텔’에서 시청자 수가 다른 출연자들에 비해 압도적으로 많아 ‘인간계’가 아닌 ‘천상계’로 분류될 정도로 높은 인기를 구가했다.",
				"subjectConsistencyYn": "N"
			},
			{
				"sentenceNo": 12,
				"sentenceContent": "온라인 중앙일보 ‘백종원 일시 하차’ [사진 중앙포토]",
				"subjectConsistencyYn": "N"
			}
		],
		"clickbaitClass": 0
	}
}