{
	"sourceDataInfo": {
		"newsID": "ET_M13_490727",
		"newsCategory": "연예",
		"newsSubcategory": "연예일반",
		"newsTitle": "2억 기부한 붐 “제 마음이 더 따뜻해져”",
		"newsSubTitle": "",
		"newsContent": "방송인 붐이 선한 영향력을 이어갔다.\n붐의 소속사 스카이이앤엠은 붐이 지난 16일 밀알복지재단(이사장 홍정길)에 장애인과 저소득가정의 의료비 및 생계비로 사용해달라며 1억원을 기부했다고 21일 밝혔다.\n붐의 이번 기부금은 밀알복지재단을 통해 청각장애아동 인공 와우수술과 청각보조기기 지급, 한부모가정 등 저소득가정의 생계비, 시청각장재아동 촉각치료에 사용된다.\n시청각장애아동을 위한 특수전문교육이 부족한 국내 상황에서 붐의 기부는 가뭄의 단비가 될 것으로 보인다.\n붐은 최근에도 돌봄 공백으로 어려움을 겪는 아동·청소년을 위해 서울 사회복지공동모금회(사랑의열매)에 1억원을 기부했다.\n붐은 “코로나19로 유난히 더 힘들었던 2021년, 소외된 이웃들에게 작은 희망을 더해 주고자 기부하게 됐다”며 “따뜻한 연말을 함께 보내고 싶은 마음으로 나눔에 동참했는데 제 마음이 더 따뜻해진 것 같다”고 전했다.\n붐은 지난 2019년 강원도 산불 피해 당시에도 2000만원의 기부금을 전달한 데 이어 지난해 3월에는 착한 임대인 운동에 동참하며 꾸준한 나눔을 진행해왔다.",
		"partNum": "P2",
		"useType": 0,
		"processType": "A",
		"processPattern": "99",
		"processLevel": "하",
		"sentenceCount": 7,
		"processSentencenum": 2,
		"sentenceInfo": [
			{
				"sentenceNo": 1,
				"sentenceContent": "방송인 붐이 선한 영향력을 이어갔다.",
				"sentenceSize": 20
			},
			{
				"sentenceNo": 2,
				"sentenceContent": "붐의 소속사 스카이이앤엠은 붐이 지난 16일 밀알복지재단(이사장 홍정길)에 장애인과 저소득가정의 의료비 및 생계비로 사용해달라며 1억원을 기부했다고 21일 밝혔다.",
				"sentenceSize": 91
			},
			{
				"sentenceNo": 3,
				"sentenceContent": "붐의 이번 기부금은 밀알복지재단을 통해 청각장애아동 인공 와우수술과 청각보조기기 지급, 한부모가정 등 저소득가정의 생계비, 시청각장재아동 촉각치료에 사용된다.",
				"sentenceSize": 88
			},
			{
				"sentenceNo": 4,
				"sentenceContent": "시청각장애아동을 위한 특수전문교육이 부족한 국내 상황에서 붐의 기부는 가뭄의 단비가 될 것으로 보인다.",
				"sentenceSize": 57
			},
			{
				"sentenceNo": 5,
				"sentenceContent": "붐은 최근에도 돌봄 공백으로 어려움을 겪는 아동·청소년을 위해 서울 사회복지공동모금회(사랑의열매)에 1억원을 기부했다.",
				"sentenceSize": 66
			},
			{
				"sentenceNo": 6,
				"sentenceContent": "붐은 “코로나19로 유난히 더 힘들었던 2021년, 소외된 이웃들에게 작은 희망을 더해 주고자 기부하게 됐다”며 “따뜻한 연말을 함께 보내고 싶은 마음으로 나눔에 동참했는데 제 마음이 더 따뜻해진 것 같다”고 전했다.",
				"sentenceSize": 121
			},
			{
				"sentenceNo": 7,
				"sentenceContent": "붐은 지난 2019년 강원도 산불 피해 당시에도 2000만원의 기부금을 전달한 데 이어 지난해 3월에는 착한 임대인 운동에 동참하며 꾸준한 나눔을 진행해왔다.",
				"sentenceSize": 88
			}
		]
	},
	"labeledDataInfo": {
		"processSentenceInfo": [
			{
				"sentenceNo": 1,
				"sentenceContent": "방송인 붐이 선한 영향력을 이어갔다.",
				"subjectConsistencyYn": "Y"
			},
			{
				"sentenceNo": 2,
				"sentenceContent": "붐의 소속사 스카이이앤엠은 붐이 지난 16일 밀알복지재단(이사장 홍정길)에 장애인과 저소득가정의 의료비 및 생계비로 사용해달라며 1억원을 기부했다고 21일 밝혔다.",
				"subjectConsistencyYn": "Y"
			},
			{
				"sentenceNo": 3,
				"sentenceContent": "붐의 이번 기부금은 밀알복지재단을 통해 청각장애아동 인공 와우수술과 청각보조기기 지급, 한부모가정 등 저소득가정의 생계비, 시청각장재아동 촉각치료에 사용된다.",
				"subjectConsistencyYn": "Y"
			},
			{
				"sentenceNo": 4,
				"sentenceContent": "시청각장애아동을 위한 특수전문교육이 부족한 국내 상황에서 붐의 기부는 가뭄의 단비가 될 것으로 보인다.",
				"subjectConsistencyYn": "Y"
			},
			{
				"sentenceNo": 5,
				"sentenceContent": "붐은 최근에도 돌봄 공백으로 어려움을 겪는 아동·청소년을 위해 서울 사회복지공동모금회(사랑의열매)에 1억원을 기부했다.",
				"subjectConsistencyYn": "Y"
			},
			{
				"sentenceNo": 6,
				"sentenceContent": "제작진은 “‘국민가수’를 사랑해주셨던 팬 여러분을 위해 TOP10과 김유하, 그리고 마스터들이 함께하는 ‘토크콘서트’를 준비했다”고 말하며 “여러분이 직접 뽑은 ‘국민가수’들의 숨겨둔 반전 매력이 여과없이 발휘될 ‘토크콘서트’에 많은 기대 부탁드린다”고 전했다.",
				"subjectConsistencyYn": "N"
			},
			{
				"sentenceNo": 7,
				"sentenceContent": "한편 ‘국민가수’ 종영 기념 스페셜 방송으로 진행되는 ‘국민가수-토크콘서트’는 6일(오늘) 밤 10시에 방송된다.",
				"subjectConsistencyYn": "N"
			}
		],
		"clickbaitClass": 0
	}
}