{
	"sourceDataInfo": {
		"newsID": "ET_M13_490816",
		"newsCategory": "연예",
		"newsSubcategory": "방송",
		"newsTitle": "새 예능 ‘요즘남자라이프-신랑수업’ 내년 1월 뜬다[공식]",
		"newsSubTitle": "",
		"newsContent": "‘대한민국 대표 완벽남’ 이승철-김찬우-김준수-영탁이 ‘전무후무’한 신랑수업에 나서며 신선한 브로맨스를 가동한다.\n이들은 2022년 1월 방송 예정인 채널A ‘요즘남자라이프-신랑수업’(이하 ‘신랑수업’)에 캐스팅돼, 멋진 신랑이자 남자로 성장해가는 리얼 드라마를 보여준다.\n대한민국 국민 모두가 궁금해하는 리얼한 일상을 전격 공개하는 것은 물론, 각양각색의 싱글, 기혼 라이프를 선보이며 시청자들의 공감대를 이끌어낼 예정인 것. 우선 ‘신랑수업’ 4인방의 맏형님인 이승철은 36년 차 국민가수이지만, 1% 부족한 ‘기혼남’의 좌충우돌 일상을 공개한다.\n특히 그는 이혼과 재혼을 모두 겪은 ‘내공’ 있는 인생 선배로서 ‘팩폭 현실 조언’도 마다치 않을 전망. ‘원조 하이틴 스타’ 김찬우는 그동안 가정을 갖는 것보다 친구과 어울리는 것을 더 좋아한 ‘반백살 피터팬’이지만, ‘신랑수업’을 계기로 결혼에 대해 진지한 자세로 임할 계획이다. ‘한류 대통령’ 김준수는 생애 첫 관찰 예능에 출연하는 만큼, 그가 보여줄 소탈하면서도 진솔한 일상 모습에 뜨거운 관심이 쏠린다.\n마지막으로 ‘대한민국 예비 사위 1순위’로 급부상한 영탁 또한 처음으로 싱글 하우스를 공개하며 ‘비혼 탈출기’에 도전하는 모습을 보여준다.\n제작진은 “결혼하고 싶은 남자와 일이 바빠 아직 결혼하지 못한 남자, 결혼이 그저 막연하게 느껴지는 남자와 결혼을 했지만 인생이 아직도 어려운 남자의 좌충우돌 리얼한 신랑수업이 신선한 브로맨스와 공감대를 형성할 것”이라며 “네 남자가 좋은 사람, 멋진 어른으로 성장해 가는 리얼 드라마를 기대해 달라”고 밝혔다.\n채널A 신규 예능 ‘요즘남자라이프-신랑수업’은 오는 2022년 1월 방송 예정이다.",
		"partNum": "P2",
		"useType": 0,
		"processType": "A",
		"processPattern": "99",
		"processLevel": "하",
		"sentenceCount": 7,
		"processSentencenum": 2,
		"sentenceInfo": [
			{
				"sentenceNo": 1,
				"sentenceContent": "‘대한민국 대표 완벽남’ 이승철-김찬우-김준수-영탁이 ‘전무후무’한 신랑수업에 나서며 신선한 브로맨스를 가동한다.",
				"sentenceSize": 63
			},
			{
				"sentenceNo": 2,
				"sentenceContent": "이들은 2022년 1월 방송 예정인 채널A ‘요즘남자라이프-신랑수업’(이하 ‘신랑수업’)에 캐스팅돼, 멋진 신랑이자 남자로 성장해가는 리얼 드라마를 보여준다.",
				"sentenceSize": 88
			},
			{
				"sentenceNo": 3,
				"sentenceContent": "대한민국 국민 모두가 궁금해하는 리얼한 일상을 전격 공개하는 것은 물론, 각양각색의 싱글, 기혼 라이프를 선보이며 시청자들의 공감대를 이끌어낼 예정인 것. 우선 ‘신랑수업’ 4인방의 맏형님인 이승철은 36년 차 국민가수이지만, 1% 부족한 ‘기혼남’의 좌충우돌 일상을 공개한다.",
				"sentenceSize": 155
			},
			{
				"sentenceNo": 4,
				"sentenceContent": "특히 그는 이혼과 재혼을 모두 겪은 ‘내공’ 있는 인생 선배로서 ‘팩폭 현실 조언’도 마다치 않을 전망. ‘원조 하이틴 스타’ 김찬우는 그동안 가정을 갖는 것보다 친구과 어울리는 것을 더 좋아한 ‘반백살 피터팬’이지만, ‘신랑수업’을 계기로 결혼에 대해 진지한 자세로 임할 계획이다. ‘한류 대통령’ 김준수는 생애 첫 관찰 예능에 출연하는 만큼, 그가 보여줄 소탈하면서도 진솔한 일상 모습에 뜨거운 관심이 쏠린다.",
				"sentenceSize": 231
			},
			{
				"sentenceNo": 5,
				"sentenceContent": "마지막으로 ‘대한민국 예비 사위 1순위’로 급부상한 영탁 또한 처음으로 싱글 하우스를 공개하며 ‘비혼 탈출기’에 도전하는 모습을 보여준다.",
				"sentenceSize": 77
			},
			{
				"sentenceNo": 6,
				"sentenceContent": "제작진은 “결혼하고 싶은 남자와 일이 바빠 아직 결혼하지 못한 남자, 결혼이 그저 막연하게 느껴지는 남자와 결혼을 했지만 인생이 아직도 어려운 남자의 좌충우돌 리얼한 신랑수업이 신선한 브로맨스와 공감대를 형성할 것”이라며 “네 남자가 좋은 사람, 멋진 어른으로 성장해 가는 리얼 드라마를 기대해 달라”고 밝혔다.",
				"sentenceSize": 174
			},
			{
				"sentenceNo": 7,
				"sentenceContent": "채널A 신규 예능 ‘요즘남자라이프-신랑수업’은 오는 2022년 1월 방송 예정이다.",
				"sentenceSize": 46
			}
		]
	},
	"labeledDataInfo": {
		"processSentenceInfo": [
			{
				"sentenceNo": 1,
				"sentenceContent": "‘대한민국 대표 완벽남’ 이승철-김찬우-김준수-영탁이 ‘전무후무’한 신랑수업에 나서며 신선한 브로맨스를 가동한다.",
				"subjectConsistencyYn": "Y"
			},
			{
				"sentenceNo": 2,
				"sentenceContent": "이들은 2022년 1월 방송 예정인 채널A ‘요즘남자라이프-신랑수업’(이하 ‘신랑수업’)에 캐스팅돼, 멋진 신랑이자 남자로 성장해가는 리얼 드라마를 보여준다.",
				"subjectConsistencyYn": "Y"
			},
			{
				"sentenceNo": 3,
				"sentenceContent": "대한민국 국민 모두가 궁금해하는 리얼한 일상을 전격 공개하는 것은 물론, 각양각색의 싱글, 기혼 라이프를 선보이며 시청자들의 공감대를 이끌어낼 예정인 것. 우선 ‘신랑수업’ 4인방의 맏형님인 이승철은 36년 차 국민가수이지만, 1% 부족한 ‘기혼남’의 좌충우돌 일상을 공개한다.",
				"subjectConsistencyYn": "Y"
			},
			{
				"sentenceNo": 4,
				"sentenceContent": "특히 그는 이혼과 재혼을 모두 겪은 ‘내공’ 있는 인생 선배로서 ‘팩폭 현실 조언’도 마다치 않을 전망. ‘원조 하이틴 스타’ 김찬우는 그동안 가정을 갖는 것보다 친구과 어울리는 것을 더 좋아한 ‘반백살 피터팬’이지만, ‘신랑수업’을 계기로 결혼에 대해 진지한 자세로 임할 계획이다. ‘한류 대통령’ 김준수는 생애 첫 관찰 예능에 출연하는 만큼, 그가 보여줄 소탈하면서도 진솔한 일상 모습에 뜨거운 관심이 쏠린다.",
				"subjectConsistencyYn": "Y"
			},
			{
				"sentenceNo": 5,
				"sentenceContent": "마지막으로 ‘대한민국 예비 사위 1순위’로 급부상한 영탁 또한 처음으로 싱글 하우스를 공개하며 ‘비혼 탈출기’에 도전하는 모습을 보여준다.",
				"subjectConsistencyYn": "Y"
			},
			{
				"sentenceNo": 6,
				"sentenceContent": "또 강용석은 \\\"아나운서를 하려면 모든 걸 다 줄 준비가 돼 있어야 한다고 하셨는데, 저도 그렇게 보이시나요?\\\"라는 김주하 앵커의 핵폭탄급 송곳 질문에는 당황해하는 모습을 보여 눈길을 끌었다.",
				"subjectConsistencyYn": "N"
			},
			{
				"sentenceNo": 7,
				"sentenceContent": "온라인 중앙일보 김주하[사진 MBN 캡처]",
				"subjectConsistencyYn": "N"
			}
		],
		"clickbaitClass": 0
	}
}