{
	"sourceDataInfo": {
		"newsID": "ET_M13_490782",
		"newsCategory": "연예",
		"newsSubcategory": "방송",
		"newsTitle": "‘꽃달’ 서예화, 사극도 톡톡",
		"newsSubTitle": "",
		"newsContent": "배우 서예화의 존재감은 사극에서도 빛났다.\n금주 첫 방송한 KBS 2TV 새 월화 드라마 ‘꽃 피면 달 생각하고’(극본 김주희, 연출 황인혁)에서 서예화가 처음으로 도전하는 사극 장르에서도 남다른 존재감을 뽐내며 눈길을 모았다. ‘꽃 피면 달 생각하고’는 역사상 가장 강력한 금주령의 시대에서 밀주꾼을 단속하는 원칙주의 감찰과 술을 빚어 인생을 바꿔보려는 밀주꾼 여인의 추격 로맨스이다.\n극 중 혜민서 수련 의녀이자 주인공 강로서(이혜리)와 밀주를 제조하는 ‘천금’ 역을 맡은 서예화는 지난 1-2회에서부터 맛깔나는 감초 연기를 펼치며 통통튀는 활력을 불어넣었다.\n평범한 혜민서 의녀로 살아가던 천금은 로서에게 밀주방을 들락날락하던 사실을 들키며 인생의 터닝포인트를 맞았다.\n바로 로서가 만든 청주로 직접 밀주 장사에 뛰어들기로 한 것. 비록 발각되는 순간 유배행일 만큼 목숨을 건 일이었지만, 딱 한 달만 버티면 돈도 벌고 면천까지 할 수 있다는 달콤한 유혹은 금이를 ‘밀벤저스’의 첫번째 파트너로 이끌었다.\n본격적인 장사가 시작되자 금이는 마음 약한 로서를 대신해 사업가 기질을 발휘하며 적극적으로 밀주 사업의 토대를 닦았다.\n그 결과 엄격한 밀주 단속 아래에서도 ‘이동 주전’이라는 사업 아이템을 성공시킨 것은 물론 왕세자 이표(변우석)까지 단골손님으로 만든 거침없는 활약은 앞으로의 이야기에 대한 궁금증을 증폭시켰다.\n이처럼 서예화는 첫 사극 도전임에도 자연스럽게 녹아드는 연기와 ‘밀주 장사’라는 이야기의 핵심을 생동감 있게 살리는 매력으로 감초 연기 장인다운 면모를 톡톡히 보여주고 있다.\n특히 로서와의 관계를 비즈니스와 ‘찐친 케미’를 적절히 조화시켜 풀어내는 모습은 뜻밖의 웃음을 자아내며 색다른 관전 포인트를 선사하기도. 맛깔나는 존재감으로 밀주 장사의 서막을 연 배우 서예화. 예측할 수 없는 전개에서 긴장과 재미를 모두 잡아낼 그의 이야기에 관심이 집중된다.\n한편, KBS 2TV ‘꽃 피면 달 생각하고’는 매주 월요일, 화요일 밤 9시 30분 방송된다.",
		"partNum": "P2",
		"useType": 0,
		"processType": "A",
		"processPattern": "99",
		"processLevel": "하",
		"sentenceCount": 10,
		"processSentencenum": 1,
		"sentenceInfo": [
			{
				"sentenceNo": 1,
				"sentenceContent": "배우 서예화의 존재감은 사극에서도 빛났다.",
				"sentenceSize": 23
			},
			{
				"sentenceNo": 2,
				"sentenceContent": "금주 첫 방송한 KBS 2TV 새 월화 드라마 ‘꽃 피면 달 생각하고’(극본 김주희, 연출 황인혁)에서 서예화가 처음으로 도전하는 사극 장르에서도 남다른 존재감을 뽐내며 눈길을 모았다. ‘꽃 피면 달 생각하고’는 역사상 가장 강력한 금주령의 시대에서 밀주꾼을 단속하는 원칙주의 감찰과 술을 빚어 인생을 바꿔보려는 밀주꾼 여인의 추격 로맨스이다.",
				"sentenceSize": 192
			},
			{
				"sentenceNo": 3,
				"sentenceContent": "극 중 혜민서 수련 의녀이자 주인공 강로서(이혜리)와 밀주를 제조하는 ‘천금’ 역을 맡은 서예화는 지난 1-2회에서부터 맛깔나는 감초 연기를 펼치며 통통튀는 활력을 불어넣었다.",
				"sentenceSize": 98
			},
			{
				"sentenceNo": 4,
				"sentenceContent": "평범한 혜민서 의녀로 살아가던 천금은 로서에게 밀주방을 들락날락하던 사실을 들키며 인생의 터닝포인트를 맞았다.",
				"sentenceSize": 61
			},
			{
				"sentenceNo": 5,
				"sentenceContent": "바로 로서가 만든 청주로 직접 밀주 장사에 뛰어들기로 한 것. 비록 발각되는 순간 유배행일 만큼 목숨을 건 일이었지만, 딱 한 달만 버티면 돈도 벌고 면천까지 할 수 있다는 달콤한 유혹은 금이를 ‘밀벤저스’의 첫번째 파트너로 이끌었다.",
				"sentenceSize": 131
			},
			{
				"sentenceNo": 6,
				"sentenceContent": "본격적인 장사가 시작되자 금이는 마음 약한 로서를 대신해 사업가 기질을 발휘하며 적극적으로 밀주 사업의 토대를 닦았다.",
				"sentenceSize": 66
			},
			{
				"sentenceNo": 7,
				"sentenceContent": "그 결과 엄격한 밀주 단속 아래에서도 ‘이동 주전’이라는 사업 아이템을 성공시킨 것은 물론 왕세자 이표(변우석)까지 단골손님으로 만든 거침없는 활약은 앞으로의 이야기에 대한 궁금증을 증폭시켰다.",
				"sentenceSize": 108
			},
			{
				"sentenceNo": 8,
				"sentenceContent": "이처럼 서예화는 첫 사극 도전임에도 자연스럽게 녹아드는 연기와 ‘밀주 장사’라는 이야기의 핵심을 생동감 있게 살리는 매력으로 감초 연기 장인다운 면모를 톡톡히 보여주고 있다.",
				"sentenceSize": 97
			},
			{
				"sentenceNo": 9,
				"sentenceContent": "특히 로서와의 관계를 비즈니스와 ‘찐친 케미’를 적절히 조화시켜 풀어내는 모습은 뜻밖의 웃음을 자아내며 색다른 관전 포인트를 선사하기도. 맛깔나는 존재감으로 밀주 장사의 서막을 연 배우 서예화. 예측할 수 없는 전개에서 긴장과 재미를 모두 잡아낼 그의 이야기에 관심이 집중된다.",
				"sentenceSize": 155
			},
			{
				"sentenceNo": 10,
				"sentenceContent": "한편, KBS 2TV ‘꽃 피면 달 생각하고’는 매주 월요일, 화요일 밤 9시 30분 방송된다.",
				"sentenceSize": 53
			}
		]
	},
	"labeledDataInfo": {
		"processSentenceInfo": [
			{
				"sentenceNo": 1,
				"sentenceContent": "배우 서예화의 존재감은 사극에서도 빛났다.",
				"subjectConsistencyYn": "Y"
			},
			{
				"sentenceNo": 2,
				"sentenceContent": "금주 첫 방송한 KBS 2TV 새 월화 드라마 ‘꽃 피면 달 생각하고’(극본 김주희, 연출 황인혁)에서 서예화가 처음으로 도전하는 사극 장르에서도 남다른 존재감을 뽐내며 눈길을 모았다. ‘꽃 피면 달 생각하고’는 역사상 가장 강력한 금주령의 시대에서 밀주꾼을 단속하는 원칙주의 감찰과 술을 빚어 인생을 바꿔보려는 밀주꾼 여인의 추격 로맨스이다.",
				"subjectConsistencyYn": "Y"
			},
			{
				"sentenceNo": 3,
				"sentenceContent": "극 중 혜민서 수련 의녀이자 주인공 강로서(이혜리)와 밀주를 제조하는 ‘천금’ 역을 맡은 서예화는 지난 1-2회에서부터 맛깔나는 감초 연기를 펼치며 통통튀는 활력을 불어넣었다.",
				"subjectConsistencyYn": "Y"
			},
			{
				"sentenceNo": 4,
				"sentenceContent": "평범한 혜민서 의녀로 살아가던 천금은 로서에게 밀주방을 들락날락하던 사실을 들키며 인생의 터닝포인트를 맞았다.",
				"subjectConsistencyYn": "Y"
			},
			{
				"sentenceNo": 5,
				"sentenceContent": "바로 로서가 만든 청주로 직접 밀주 장사에 뛰어들기로 한 것. 비록 발각되는 순간 유배행일 만큼 목숨을 건 일이었지만, 딱 한 달만 버티면 돈도 벌고 면천까지 할 수 있다는 달콤한 유혹은 금이를 ‘밀벤저스’의 첫번째 파트너로 이끌었다.",
				"subjectConsistencyYn": "Y"
			},
			{
				"sentenceNo": 6,
				"sentenceContent": "본격적인 장사가 시작되자 금이는 마음 약한 로서를 대신해 사업가 기질을 발휘하며 적극적으로 밀주 사업의 토대를 닦았다.",
				"subjectConsistencyYn": "Y"
			},
			{
				"sentenceNo": 7,
				"sentenceContent": "그 결과 엄격한 밀주 단속 아래에서도 ‘이동 주전’이라는 사업 아이템을 성공시킨 것은 물론 왕세자 이표(변우석)까지 단골손님으로 만든 거침없는 활약은 앞으로의 이야기에 대한 궁금증을 증폭시켰다.",
				"subjectConsistencyYn": "Y"
			},
			{
				"sentenceNo": 8,
				"sentenceContent": "이처럼 서예화는 첫 사극 도전임에도 자연스럽게 녹아드는 연기와 ‘밀주 장사’라는 이야기의 핵심을 생동감 있게 살리는 매력으로 감초 연기 장인다운 면모를 톡톡히 보여주고 있다.",
				"subjectConsistencyYn": "Y"
			},
			{
				"sentenceNo": 9,
				"sentenceContent": "특히 로서와의 관계를 비즈니스와 ‘찐친 케미’를 적절히 조화시켜 풀어내는 모습은 뜻밖의 웃음을 자아내며 색다른 관전 포인트를 선사하기도. 맛깔나는 존재감으로 밀주 장사의 서막을 연 배우 서예화. 예측할 수 없는 전개에서 긴장과 재미를 모두 잡아낼 그의 이야기에 관심이 집중된다.",
				"subjectConsistencyYn": "Y"
			},
			{
				"sentenceNo": 10,
				"sentenceContent": "해당 영상이 공개되자 대중들은 런웨이에서 넘어진 모델 밍시에게 애정어린 응원을 보냈다.",
				"subjectConsistencyYn": "N"
			},
			{
				"sentenceNo": 11,
				"sentenceContent": "\\\"이 장면을 자르지 않아서 더 좋다. 주변 사람들의 따뜻한 반응이 사랑스럽다\\\" \\\"능숙한 대처가 오히려 그녀의 프로페셔녈한 면모를 보여준다\\\" \\\"넘어졌음에도 여전히 아름답다\\\" 등 긍정적인 반응이 이어졌다.",
				"subjectConsistencyYn": "N"
			},
			{
				"sentenceNo": 12,
				"sentenceContent": "하지만 소셜미디어상에서 그녀가 넘어지는 장면을 공개한 CBS에 대한 비판도 제기됐다.",
				"subjectConsistencyYn": "N"
			},
			{
				"sentenceNo": 13,
				"sentenceContent": "네티즌들은 \\\"넘어지는 장면을 방송하고 백스테이지에서 우는 것을 방영한 것은 적절하지 못했다\\\" \\\"해당 장면을 편집할 수 있음에도 왜 그러지 않았느냐\\\" \\\"더 유명한 모델이 넘어졌더라도 똑같이 방영했을 것이냐\\\"며 CBS에게 항의의 목소리를 내기도 했다.",
				"subjectConsistencyYn": "N"
			}
		],
		"clickbaitClass": 0
	}
}