{
	"sourceDataInfo": {
		"newsID": "ET_M13_490466",
		"newsCategory": "연예",
		"newsSubcategory": "음악",
		"newsTitle": "가수 금잔디, 정규 앨범 발매 앞서 수록곡 ‘지름길’ 선공개",
		"newsSubTitle": "",
		"newsContent": "가수 금잔디가 독보적인 감성을 응집한 ‘지름길’을 선공개했다.\n소속사 올라엔터테인먼트에 따르면 금잔디는 16일 정오 각종 음원사이트를 통해 선공개곡 ‘지름길’을 발매했다. ‘지름길’은 오는 2022년 상반기 발매를 앞두고 있는 정규 앨범 수록곡 중 하나로, 발라드가 가미된 트로트 멜로디가 고급스럽게 편곡된 풀 오케스트라 사운드와 간절한 그리움을 역설적으로 표현한 노랫말이 매력적인 곡이다.\n작사와 작곡은 조용필의 ‘허공’, ‘미워 미워 미워’, 한혜진의 ‘갈색추억’, 한상일의 ‘웨딩드레스’, 김연자의 ‘진정인가요’ 등 히트곡을 작사, 작곡, 편곡한 작곡가 정풍송이 맡아 퀄리티를 높였다.\n또 ‘지름길’은 지난 2001년 금잔디라는 활동명에 앞서 박소희라는 이름으로 발매된 데뷔 앨범 ‘영종도 갈매기/젖은 유리창’의 수록곡으로 더 의미가 깊다.\n새롭게 재탄생 된 신곡 ‘지름길’은 금잔디의 명불허전 가창력과 한층 성숙해진 감성, 색다른 편곡이 어우러져 올겨울 리스너들의 마음을 진하게 울릴 전망이다.\n2000년 가요계에 데뷔한 금잔디는 ‘서울 가 살자’, ‘엄마의 노래’, ‘신 사랑고개’ 등 다수 히트곡을 통해 인기의 척도인 ‘고속도로 메들리 퀸’으로 우뚝 서며 비주얼과 실력을 두루 갖춘 ‘트로트 여신’으로 많은 사랑을 이끌고 있다.\n금잔디는 KBS1 ‘가요무대’ 등 다양한 방송 프로그램과 무대에서 활약했으며, 현재 MBN ‘헬로트로트’에서 프로 서포터로 강렬한 존재감을 뽐내고 있다.\n금잔디 신곡 ‘지름길’은 각종 음원사이트에서 확인할 수 있다.",
		"partNum": "P2",
		"useType": 0,
		"processType": "A",
		"processPattern": "99",
		"processLevel": "하",
		"sentenceCount": 8,
		"processSentencenum": 2,
		"sentenceInfo": [
			{
				"sentenceNo": 1,
				"sentenceContent": "가수 금잔디가 독보적인 감성을 응집한 ‘지름길’을 선공개했다.",
				"sentenceSize": 34
			},
			{
				"sentenceNo": 2,
				"sentenceContent": "소속사 올라엔터테인먼트에 따르면 금잔디는 16일 정오 각종 음원사이트를 통해 선공개곡 ‘지름길’을 발매했다. ‘지름길’은 오는 2022년 상반기 발매를 앞두고 있는 정규 앨범 수록곡 중 하나로, 발라드가 가미된 트로트 멜로디가 고급스럽게 편곡된 풀 오케스트라 사운드와 간절한 그리움을 역설적으로 표현한 노랫말이 매력적인 곡이다.",
				"sentenceSize": 183
			},
			{
				"sentenceNo": 3,
				"sentenceContent": "작사와 작곡은 조용필의 ‘허공’, ‘미워 미워 미워’, 한혜진의 ‘갈색추억’, 한상일의 ‘웨딩드레스’, 김연자의 ‘진정인가요’ 등 히트곡을 작사, 작곡, 편곡한 작곡가 정풍송이 맡아 퀄리티를 높였다.",
				"sentenceSize": 111
			},
			{
				"sentenceNo": 4,
				"sentenceContent": "또 ‘지름길’은 지난 2001년 금잔디라는 활동명에 앞서 박소희라는 이름으로 발매된 데뷔 앨범 ‘영종도 갈매기/젖은 유리창’의 수록곡으로 더 의미가 깊다.",
				"sentenceSize": 86
			},
			{
				"sentenceNo": 5,
				"sentenceContent": "새롭게 재탄생 된 신곡 ‘지름길’은 금잔디의 명불허전 가창력과 한층 성숙해진 감성, 색다른 편곡이 어우러져 올겨울 리스너들의 마음을 진하게 울릴 전망이다.",
				"sentenceSize": 86
			},
			{
				"sentenceNo": 6,
				"sentenceContent": "2000년 가요계에 데뷔한 금잔디는 ‘서울 가 살자’, ‘엄마의 노래’, ‘신 사랑고개’ 등 다수 히트곡을 통해 인기의 척도인 ‘고속도로 메들리 퀸’으로 우뚝 서며 비주얼과 실력을 두루 갖춘 ‘트로트 여신’으로 많은 사랑을 이끌고 있다.",
				"sentenceSize": 132
			},
			{
				"sentenceNo": 7,
				"sentenceContent": "금잔디는 KBS1 ‘가요무대’ 등 다양한 방송 프로그램과 무대에서 활약했으며, 현재 MBN ‘헬로트로트’에서 프로 서포터로 강렬한 존재감을 뽐내고 있다.",
				"sentenceSize": 85
			},
			{
				"sentenceNo": 8,
				"sentenceContent": "금잔디 신곡 ‘지름길’은 각종 음원사이트에서 확인할 수 있다.",
				"sentenceSize": 34
			}
		]
	},
	"labeledDataInfo": {
		"processSentenceInfo": [
			{
				"sentenceNo": 1,
				"sentenceContent": "가수 금잔디가 독보적인 감성을 응집한 ‘지름길’을 선공개했다.",
				"subjectConsistencyYn": "Y"
			},
			{
				"sentenceNo": 2,
				"sentenceContent": "소속사 올라엔터테인먼트에 따르면 금잔디는 16일 정오 각종 음원사이트를 통해 선공개곡 ‘지름길’을 발매했다. ‘지름길’은 오는 2022년 상반기 발매를 앞두고 있는 정규 앨범 수록곡 중 하나로, 발라드가 가미된 트로트 멜로디가 고급스럽게 편곡된 풀 오케스트라 사운드와 간절한 그리움을 역설적으로 표현한 노랫말이 매력적인 곡이다.",
				"subjectConsistencyYn": "Y"
			},
			{
				"sentenceNo": 3,
				"sentenceContent": "작사와 작곡은 조용필의 ‘허공’, ‘미워 미워 미워’, 한혜진의 ‘갈색추억’, 한상일의 ‘웨딩드레스’, 김연자의 ‘진정인가요’ 등 히트곡을 작사, 작곡, 편곡한 작곡가 정풍송이 맡아 퀄리티를 높였다.",
				"subjectConsistencyYn": "Y"
			},
			{
				"sentenceNo": 4,
				"sentenceContent": "또 ‘지름길’은 지난 2001년 금잔디라는 활동명에 앞서 박소희라는 이름으로 발매된 데뷔 앨범 ‘영종도 갈매기/젖은 유리창’의 수록곡으로 더 의미가 깊다.",
				"subjectConsistencyYn": "Y"
			},
			{
				"sentenceNo": 5,
				"sentenceContent": "새롭게 재탄생 된 신곡 ‘지름길’은 금잔디의 명불허전 가창력과 한층 성숙해진 감성, 색다른 편곡이 어우러져 올겨울 리스너들의 마음을 진하게 울릴 전망이다.",
				"subjectConsistencyYn": "Y"
			},
			{
				"sentenceNo": 6,
				"sentenceContent": "2000년 가요계에 데뷔한 금잔디는 ‘서울 가 살자’, ‘엄마의 노래’, ‘신 사랑고개’ 등 다수 히트곡을 통해 인기의 척도인 ‘고속도로 메들리 퀸’으로 우뚝 서며 비주얼과 실력을 두루 갖춘 ‘트로트 여신’으로 많은 사랑을 이끌고 있다.",
				"subjectConsistencyYn": "Y"
			},
			{
				"sentenceNo": 7,
				"sentenceContent": "마션은 오는 10월 8일 개봉 예정이다.",
				"subjectConsistencyYn": "N"
			}
		],
		"clickbaitClass": 0
	}
}