{
	"sourceDataInfo": {
		"newsID": "ET_M13_490811",
		"newsCategory": "연예",
		"newsSubcategory": "방송",
		"newsTitle": "‘국민가수’ 이솔로몬→이병찬, 결승전은 인생곡 진검승부",
		"newsSubTitle": "",
		"newsContent": "TOP7 박창근-김동현-이솔로몬-이병찬-박장현-고은성-손진욱이 영예의 TOP1 자리를 두고 마지막 초접전을 벌인다.\n오는 23일(목) 밤 10시 방송되는 TV CHOSUN 글로벌 K-POP 오디션 ‘내일은 국민가수’(이하 ‘국민가수’) 최종회에서는 지난 3개월 간의 경연 시간을 거쳐 드디어 영예의 TOP1이 결정되는 대망의 파이널 결승전이 가동된다.\n지난 결승전 1라운드에서 박창근-김동현-이솔로몬-이병찬-박장현-고은성-손진욱 순으로 순위가 결정된 가운데, 일곱 명의 전사들이 순위를 뒤집겠다는 필사의 각오를 갖고 최후의 일전을 펼치는 것. 무엇보다 파이널 결승전은 지난 1라운드보다 더욱 세밀하고 강력해진 배점 방식을 갖춰 긴장감을 불러 모으고 있다.\n먼저 지난 1라운드가 총 2500점 만점이었던 것과 달리, 2라운드는 총 4000점 만점으로 반영 점수를 높여 참가자의 승부욕을 불타오르게 했다.\n총점 구성은 마스터 점수와 현장 관객 점수, 지난 3주간 진행한 대국민 응원 투표 점수이며, 지난 1라운드에서 무려 180만 표가 넘게 집계됐던 실시간 문자 투표가 가장 높게 반영된다.\n특히 실시간 문자 투표 배점이 지난 1라운드 순위 결정에 결정적인 역할을 했던 만큼, 이번에도 판을 뒤집을 막강 치트키로 작용하게 될지 초미의 관심을 부르고 있는 터. 대한민국 전역을 웃고, 또 울게 만들었던 3개월 대장정의 피날레를 장식할 최후의 ‘국민가수’는 누가 차지하게 될지, 한 치의 양보 없는 역대급 결승전 무대에 국민의 시선이 집중되고 있다.\n제작진은 “파이널 결승전은 참가자의 각양각색 개인사가 담긴 특별한 선곡과 감칠맛나는 편곡, 그리고 진심을 다한 열창이 더해진 명품 콘서트가 될 것”이라며 “가슴을 먹먹하게 하는 눈물과 벅찬 웃음이 함께하는 잊지 못할 마지막 무대를 함께 해달라”고 전했다.\n한편 ‘국민가수’ TOP7은 22일(오늘) 네이버 나우(NOW.)를 통해 팬들과 직접 소통하며 실시간 문자 투표 지지를 호소하는 뜻깊은 시간을 갖는다.\n또한 ‘국민가수’는 공식 투표 모바일 앱인 ‘쿠팡’과 ‘쿠팡플레이’를 통해 마지막 대국민 응원 투표를 진행 중이다.\n대국민 응원 투표 결과는 오는 23일(목) 밤 10시 방송되는 ‘국민가수’ 최종회를 통해 발표된다.",
		"partNum": "P2",
		"useType": 0,
		"processType": "A",
		"processPattern": "99",
		"processLevel": "하",
		"sentenceCount": 10,
		"processSentencenum": 2,
		"sentenceInfo": [
			{
				"sentenceNo": 1,
				"sentenceContent": "TOP7 박창근-김동현-이솔로몬-이병찬-박장현-고은성-손진욱이 영예의 TOP1 자리를 두고 마지막 초접전을 벌인다.",
				"sentenceSize": 64
			},
			{
				"sentenceNo": 2,
				"sentenceContent": "오는 23일(목) 밤 10시 방송되는 TV CHOSUN 글로벌 K-POP 오디션 ‘내일은 국민가수’(이하 ‘국민가수’) 최종회에서는 지난 3개월 간의 경연 시간을 거쳐 드디어 영예의 TOP1이 결정되는 대망의 파이널 결승전이 가동된다.",
				"sentenceSize": 131
			},
			{
				"sentenceNo": 3,
				"sentenceContent": "지난 결승전 1라운드에서 박창근-김동현-이솔로몬-이병찬-박장현-고은성-손진욱 순으로 순위가 결정된 가운데, 일곱 명의 전사들이 순위를 뒤집겠다는 필사의 각오를 갖고 최후의 일전을 펼치는 것. 무엇보다 파이널 결승전은 지난 1라운드보다 더욱 세밀하고 강력해진 배점 방식을 갖춰 긴장감을 불러 모으고 있다.",
				"sentenceSize": 169
			},
			{
				"sentenceNo": 4,
				"sentenceContent": "먼저 지난 1라운드가 총 2500점 만점이었던 것과 달리, 2라운드는 총 4000점 만점으로 반영 점수를 높여 참가자의 승부욕을 불타오르게 했다.",
				"sentenceSize": 81
			},
			{
				"sentenceNo": 5,
				"sentenceContent": "총점 구성은 마스터 점수와 현장 관객 점수, 지난 3주간 진행한 대국민 응원 투표 점수이며, 지난 1라운드에서 무려 180만 표가 넘게 집계됐던 실시간 문자 투표가 가장 높게 반영된다.",
				"sentenceSize": 103
			},
			{
				"sentenceNo": 6,
				"sentenceContent": "특히 실시간 문자 투표 배점이 지난 1라운드 순위 결정에 결정적인 역할을 했던 만큼, 이번에도 판을 뒤집을 막강 치트키로 작용하게 될지 초미의 관심을 부르고 있는 터. 대한민국 전역을 웃고, 또 울게 만들었던 3개월 대장정의 피날레를 장식할 최후의 ‘국민가수’는 누가 차지하게 될지, 한 치의 양보 없는 역대급 결승전 무대에 국민의 시선이 집중되고 있다.",
				"sentenceSize": 198
			},
			{
				"sentenceNo": 7,
				"sentenceContent": "제작진은 “파이널 결승전은 참가자의 각양각색 개인사가 담긴 특별한 선곡과 감칠맛나는 편곡, 그리고 진심을 다한 열창이 더해진 명품 콘서트가 될 것”이라며 “가슴을 먹먹하게 하는 눈물과 벅찬 웃음이 함께하는 잊지 못할 마지막 무대를 함께 해달라”고 전했다.",
				"sentenceSize": 142
			},
			{
				"sentenceNo": 8,
				"sentenceContent": "한편 ‘국민가수’ TOP7은 22일(오늘) 네이버 나우(NOW.)를 통해 팬들과 직접 소통하며 실시간 문자 투표 지지를 호소하는 뜻깊은 시간을 갖는다.",
				"sentenceSize": 84
			},
			{
				"sentenceNo": 9,
				"sentenceContent": "또한 ‘국민가수’는 공식 투표 모바일 앱인 ‘쿠팡’과 ‘쿠팡플레이’를 통해 마지막 대국민 응원 투표를 진행 중이다.",
				"sentenceSize": 64
			},
			{
				"sentenceNo": 10,
				"sentenceContent": "대국민 응원 투표 결과는 오는 23일(목) 밤 10시 방송되는 ‘국민가수’ 최종회를 통해 발표된다.",
				"sentenceSize": 55
			}
		]
	},
	"labeledDataInfo": {
		"processSentenceInfo": [
			{
				"sentenceNo": 1,
				"sentenceContent": "TOP7 박창근-김동현-이솔로몬-이병찬-박장현-고은성-손진욱이 영예의 TOP1 자리를 두고 마지막 초접전을 벌인다.",
				"subjectConsistencyYn": "Y"
			},
			{
				"sentenceNo": 2,
				"sentenceContent": "오는 23일(목) 밤 10시 방송되는 TV CHOSUN 글로벌 K-POP 오디션 ‘내일은 국민가수’(이하 ‘국민가수’) 최종회에서는 지난 3개월 간의 경연 시간을 거쳐 드디어 영예의 TOP1이 결정되는 대망의 파이널 결승전이 가동된다.",
				"subjectConsistencyYn": "Y"
			},
			{
				"sentenceNo": 3,
				"sentenceContent": "지난 결승전 1라운드에서 박창근-김동현-이솔로몬-이병찬-박장현-고은성-손진욱 순으로 순위가 결정된 가운데, 일곱 명의 전사들이 순위를 뒤집겠다는 필사의 각오를 갖고 최후의 일전을 펼치는 것. 무엇보다 파이널 결승전은 지난 1라운드보다 더욱 세밀하고 강력해진 배점 방식을 갖춰 긴장감을 불러 모으고 있다.",
				"subjectConsistencyYn": "Y"
			},
			{
				"sentenceNo": 4,
				"sentenceContent": "먼저 지난 1라운드가 총 2500점 만점이었던 것과 달리, 2라운드는 총 4000점 만점으로 반영 점수를 높여 참가자의 승부욕을 불타오르게 했다.",
				"subjectConsistencyYn": "Y"
			},
			{
				"sentenceNo": 5,
				"sentenceContent": "총점 구성은 마스터 점수와 현장 관객 점수, 지난 3주간 진행한 대국민 응원 투표 점수이며, 지난 1라운드에서 무려 180만 표가 넘게 집계됐던 실시간 문자 투표가 가장 높게 반영된다.",
				"subjectConsistencyYn": "Y"
			},
			{
				"sentenceNo": 6,
				"sentenceContent": "특히 실시간 문자 투표 배점이 지난 1라운드 순위 결정에 결정적인 역할을 했던 만큼, 이번에도 판을 뒤집을 막강 치트키로 작용하게 될지 초미의 관심을 부르고 있는 터. 대한민국 전역을 웃고, 또 울게 만들었던 3개월 대장정의 피날레를 장식할 최후의 ‘국민가수’는 누가 차지하게 될지, 한 치의 양보 없는 역대급 결승전 무대에 국민의 시선이 집중되고 있다.",
				"subjectConsistencyYn": "Y"
			},
			{
				"sentenceNo": 7,
				"sentenceContent": "제작진은 “파이널 결승전은 참가자의 각양각색 개인사가 담긴 특별한 선곡과 감칠맛나는 편곡, 그리고 진심을 다한 열창이 더해진 명품 콘서트가 될 것”이라며 “가슴을 먹먹하게 하는 눈물과 벅찬 웃음이 함께하는 잊지 못할 마지막 무대를 함께 해달라”고 전했다.",
				"subjectConsistencyYn": "Y"
			},
			{
				"sentenceNo": 8,
				"sentenceContent": "한편 ‘국민가수’ TOP7은 22일(오늘) 네이버 나우(NOW.)를 통해 팬들과 직접 소통하며 실시간 문자 투표 지지를 호소하는 뜻깊은 시간을 갖는다.",
				"subjectConsistencyYn": "Y"
			},
			{
				"sentenceNo": 9,
				"sentenceContent": "한편 '잉여들의 히치하이킹' 2부는 28일 밤 11시10분 방송된다.",
				"subjectConsistencyYn": "N"
			},
			{
				"sentenceNo": 10,
				"sentenceContent": "잉여들의 히치하이킹 [사진 MBC ‘잉여들의 히치하이킹’ 캡처] 온라인 중앙일보",
				"subjectConsistencyYn": "N"
			}
		],
		"clickbaitClass": 0
	}
}