{
	"sourceDataInfo": {
		"newsID": "ET_M13_490666",
		"newsCategory": "연예",
		"newsSubcategory": "방송",
		"newsTitle": "‘불가살’ 한서진, 불가사의 1인2역",
		"newsSubTitle": "",
		"newsContent": "아역배우 한서진이 첫 도전하는 1인2역으로 ‘불가살에서’ 맹활약을 펼쳤다.\ntvN ‘불가살(연출: 장영우 극본: 권소라,서재원)’에서 한서진은 과거 불가살이었으나 현재 인간으로 환생한 쌍둥이 자매 ‘민상운(권나라 분)’ ‘민상연’의 어린 시절을 맡아 소름 돋는 감정연기로 안방극장에 눈도장을 찍었다.\n특히 지난 19일 방송에서 한서진은 600년전 불가살이였던 권나라로 인해 혼을 뺏기며 새로운 불가살이 된 단활(이진욱)이 복수를 위해 600년 동안 찾아다닌 민상운(권나라)의 아역과 전생을 통해 기억을 하는 언니 민상연 역으로 첫등장하며 현세 이야기의 시발점을 알렸다.\n전생을 기억하는 쌍둥이 언니 민상연은 쌍둥이 동생 어린 상운이 불가살과 마주친걸 알게 되면서 안전한 곳으로 도망을 치게 되고, 상운에게 불가살의 존재를 알리며 집에 가면 안되고 엄마에게도 연락을 하지 말라고 하지만, 언니의 말을 믿지않은 상운은 결국 엄마에게 연락해 집으로 돌아가게 되고, 곧바로 불가살이 찾아 오게 된다.\n상연은 상운에게 불가살을 죽일수 있는 방법을 알려주고 상운을 지키기 위해 엄마와 상연은 죽게 되면서 살아남는 등 쫒고 쫒기는 긴박하고 공포스러운 상황을 담담히 그려내며 안방극장을 숨죽이게 만들었다.\n이처럼 한서진은 전생을 기억하는 쌍둥이 언니 민상연과 아무것도 모르는 동생 어린 민상운으로 상반된 감정연기를 선보이며 극의 몰입도를 높였다.\n이에 매 작품 남다른 감정과 안정적인 연기력으로 활약하는 한서진이 앞으로도 보여줄 성장에 기대가 모인다.",
		"partNum": "P2",
		"useType": 0,
		"processType": "A",
		"processPattern": "99",
		"processLevel": "하",
		"sentenceCount": 7,
		"processSentencenum": 1,
		"sentenceInfo": [
			{
				"sentenceNo": 1,
				"sentenceContent": "아역배우 한서진이 첫 도전하는 1인2역으로 ‘불가살에서’ 맹활약을 펼쳤다.",
				"sentenceSize": 41
			},
			{
				"sentenceNo": 2,
				"sentenceContent": "tvN ‘불가살(연출: 장영우 극본: 권소라,서재원)’에서 한서진은 과거 불가살이었으나 현재 인간으로 환생한 쌍둥이 자매 ‘민상운(권나라 분)’ ‘민상연’의 어린 시절을 맡아 소름 돋는 감정연기로 안방극장에 눈도장을 찍었다.",
				"sentenceSize": 125
			},
			{
				"sentenceNo": 3,
				"sentenceContent": "특히 지난 19일 방송에서 한서진은 600년전 불가살이였던 권나라로 인해 혼을 뺏기며 새로운 불가살이 된 단활(이진욱)이 복수를 위해 600년 동안 찾아다닌 민상운(권나라)의 아역과 전생을 통해 기억을 하는 언니 민상연 역으로 첫등장하며 현세 이야기의 시발점을 알렸다.",
				"sentenceSize": 150
			},
			{
				"sentenceNo": 4,
				"sentenceContent": "전생을 기억하는 쌍둥이 언니 민상연은 쌍둥이 동생 어린 상운이 불가살과 마주친걸 알게 되면서 안전한 곳으로 도망을 치게 되고, 상운에게 불가살의 존재를 알리며 집에 가면 안되고 엄마에게도 연락을 하지 말라고 하지만, 언니의 말을 믿지않은 상운은 결국 엄마에게 연락해 집으로 돌아가게 되고, 곧바로 불가살이 찾아 오게 된다.",
				"sentenceSize": 180
			},
			{
				"sentenceNo": 5,
				"sentenceContent": "상연은 상운에게 불가살을 죽일수 있는 방법을 알려주고 상운을 지키기 위해 엄마와 상연은 죽게 되면서 살아남는 등 쫒고 쫒기는 긴박하고 공포스러운 상황을 담담히 그려내며 안방극장을 숨죽이게 만들었다.",
				"sentenceSize": 110
			},
			{
				"sentenceNo": 6,
				"sentenceContent": "이처럼 한서진은 전생을 기억하는 쌍둥이 언니 민상연과 아무것도 모르는 동생 어린 민상운으로 상반된 감정연기를 선보이며 극의 몰입도를 높였다.",
				"sentenceSize": 78
			},
			{
				"sentenceNo": 7,
				"sentenceContent": "이에 매 작품 남다른 감정과 안정적인 연기력으로 활약하는 한서진이 앞으로도 보여줄 성장에 기대가 모인다.",
				"sentenceSize": 58
			}
		]
	},
	"labeledDataInfo": {
		"processSentenceInfo": [
			{
				"sentenceNo": 1,
				"sentenceContent": "아역배우 한서진이 첫 도전하는 1인2역으로 ‘불가살에서’ 맹활약을 펼쳤다.",
				"subjectConsistencyYn": "Y"
			},
			{
				"sentenceNo": 2,
				"sentenceContent": "tvN ‘불가살(연출: 장영우 극본: 권소라,서재원)’에서 한서진은 과거 불가살이었으나 현재 인간으로 환생한 쌍둥이 자매 ‘민상운(권나라 분)’ ‘민상연’의 어린 시절을 맡아 소름 돋는 감정연기로 안방극장에 눈도장을 찍었다.",
				"subjectConsistencyYn": "Y"
			},
			{
				"sentenceNo": 3,
				"sentenceContent": "특히 지난 19일 방송에서 한서진은 600년전 불가살이였던 권나라로 인해 혼을 뺏기며 새로운 불가살이 된 단활(이진욱)이 복수를 위해 600년 동안 찾아다닌 민상운(권나라)의 아역과 전생을 통해 기억을 하는 언니 민상연 역으로 첫등장하며 현세 이야기의 시발점을 알렸다.",
				"subjectConsistencyYn": "Y"
			},
			{
				"sentenceNo": 4,
				"sentenceContent": "전생을 기억하는 쌍둥이 언니 민상연은 쌍둥이 동생 어린 상운이 불가살과 마주친걸 알게 되면서 안전한 곳으로 도망을 치게 되고, 상운에게 불가살의 존재를 알리며 집에 가면 안되고 엄마에게도 연락을 하지 말라고 하지만, 언니의 말을 믿지않은 상운은 결국 엄마에게 연락해 집으로 돌아가게 되고, 곧바로 불가살이 찾아 오게 된다.",
				"subjectConsistencyYn": "Y"
			},
			{
				"sentenceNo": 5,
				"sentenceContent": "상연은 상운에게 불가살을 죽일수 있는 방법을 알려주고 상운을 지키기 위해 엄마와 상연은 죽게 되면서 살아남는 등 쫒고 쫒기는 긴박하고 공포스러운 상황을 담담히 그려내며 안방극장을 숨죽이게 만들었다.",
				"subjectConsistencyYn": "Y"
			},
			{
				"sentenceNo": 6,
				"sentenceContent": "이처럼 한서진은 전생을 기억하는 쌍둥이 언니 민상연과 아무것도 모르는 동생 어린 민상운으로 상반된 감정연기를 선보이며 극의 몰입도를 높였다.",
				"subjectConsistencyYn": "Y"
			},
			{
				"sentenceNo": 7,
				"sentenceContent": "장윤정은 객석 MC들이 “잡초가 아니냐”고 의문스러워 하자 “창피하다. 아이를 낳으면서 뇌도 같이 나간 것 같다”라고 답해 웃음을 자아냈다.",
				"subjectConsistencyYn": "N"
			},
			{
				"sentenceNo": 8,
				"sentenceContent": "장윤정 온라인 중앙일보 장윤정. [사진=SBS ‘힐링캠프’]",
				"subjectConsistencyYn": "N"
			}
		],
		"clickbaitClass": 0
	}
}