{
	"sourceDataInfo": {
		"newsID": "ET_M13_490286",
		"newsCategory": "연예",
		"newsSubcategory": "음악",
		"newsTitle": "몬스타엑스, 15일 틱톡 라이브로 몬베베 만난다",
		"newsSubTitle": "",
		"newsContent": "그룹 몬스타엑스(MONSTA X)가 전 세계 팬들과 소통한다.\n몬스타엑스는 미국 서부 시간 14일 오후 7시, 같은날 미국 동부 시간 오후 10시, 한국 시간으로는 오는 15일 오후 12시 글로벌 숏폼 모바일 비디오 플랫폼 틱톡(TikTok) 공식 계정을 통해 ‘New Music Performance with Monsta X’(뉴 뮤직 퍼포먼스 위드 몬스타엑스) 라이브를 진행한다.\n몬스타엑스는 지난 10일 발매한 미국 정규 2집 ‘The Dreaming’(더 드리밍)에 관한 이야기를 나누는 것은 물론 전 세계 팬들과 소통하며 즐거운 시간을 보낼 예정이다.\n몬스타엑스의 ‘The Dreaming’은 2021년 한 해 동안 많은 것을 잃기도, 희망을 찾기도 했던 우리가 ‘음악’이라는 매개체로 연결돼 있다는 메시지가 담긴 앨범이다.\n더블 타이틀곡 ‘One Day’(원 데이)와 ‘You Problem’(유 프라블럼)을 비롯해 ‘Tied to Your Body’(타이드 투 유어 바디), ‘Better’(베러), ‘Whispers in the Dark’(위스퍼스 인 더 다크), ‘Blame Me’(블레임 미), ‘Secrets’(시크릿), ‘About Last Night’(어바웃 라스트 나잇), ‘Blow Your Mind’(블로우 유어 마인드), 앨범과 동명의 트랙인 ‘The Dreaming’까지 다채로운 10곡이 수록됐다.\n특히 이번 앨범은 빌보드에서 팬 투표로 선정된 ‘이번 주 인기 신곡’ 1위를 차지하며 몬스타엑스의 글로벌 위상을 다시금 입증했다.\n현재 미국에서 다양한 프로모션을 펼치고 있는 몬스타엑스는 현지 인기 라디오 채널 ‘102.7 KIIS FM’과 지상파 채널 ABC의 모닝 쇼 ‘굿모닝 아메리카’(Good Morning America) 출연에 이어, 미국 최대 규모의 음악 축제 ‘징글볼’(Jingle Ball) 투어에 참여하며 글로벌 행보를 이어간다.\n특히 이번 ‘징글볼’ 투어는 K팝 아티스트 최초로 세 번째 참석하는 것으로 이들이 어떤 음악과 무대를 보여줄지 기대가 높아진다.\n한편 몬스타엑스는 남다른 팬 사랑으로 유명한 만큼, 오는 15일 오후 12시(한국 시각) 라이브 방송을 통해 전 세계 몬베베(공식 팬클럽명)와 소통할 계획이다.",
		"partNum": "P2",
		"useType": 0,
		"processType": "A",
		"processPattern": "99",
		"processLevel": "하",
		"sentenceCount": 9,
		"processSentencenum": 2,
		"sentenceInfo": [
			{
				"sentenceNo": 1,
				"sentenceContent": "그룹 몬스타엑스(MONSTA X)가 전 세계 팬들과 소통한다.",
				"sentenceSize": 34
			},
			{
				"sentenceNo": 2,
				"sentenceContent": "몬스타엑스는 미국 서부 시간 14일 오후 7시, 같은날 미국 동부 시간 오후 10시, 한국 시간으로는 오는 15일 오후 12시 글로벌 숏폼 모바일 비디오 플랫폼 틱톡(TikTok) 공식 계정을 통해 ‘New Music Performance with Monsta X’(뉴 뮤직 퍼포먼스 위드 몬스타엑스) 라이브를 진행한다.",
				"sentenceSize": 179
			},
			{
				"sentenceNo": 3,
				"sentenceContent": "몬스타엑스는 지난 10일 발매한 미국 정규 2집 ‘The Dreaming’(더 드리밍)에 관한 이야기를 나누는 것은 물론 전 세계 팬들과 소통하며 즐거운 시간을 보낼 예정이다.",
				"sentenceSize": 98
			},
			{
				"sentenceNo": 4,
				"sentenceContent": "몬스타엑스의 ‘The Dreaming’은 2021년 한 해 동안 많은 것을 잃기도, 희망을 찾기도 했던 우리가 ‘음악’이라는 매개체로 연결돼 있다는 메시지가 담긴 앨범이다.",
				"sentenceSize": 96
			},
			{
				"sentenceNo": 5,
				"sentenceContent": "더블 타이틀곡 ‘One Day’(원 데이)와 ‘You Problem’(유 프라블럼)을 비롯해 ‘Tied to Your Body’(타이드 투 유어 바디), ‘Better’(베러), ‘Whispers in the Dark’(위스퍼스 인 더 다크), ‘Blame Me’(블레임 미), ‘Secrets’(시크릿), ‘About Last Night’(어바웃 라스트 나잇), ‘Blow Your Mind’(블로우 유어 마인드), 앨범과 동명의 트랙인 ‘The Dreaming’까지 다채로운 10곡이 수록됐다.",
				"sentenceSize": 278
			},
			{
				"sentenceNo": 6,
				"sentenceContent": "특히 이번 앨범은 빌보드에서 팬 투표로 선정된 ‘이번 주 인기 신곡’ 1위를 차지하며 몬스타엑스의 글로벌 위상을 다시금 입증했다.",
				"sentenceSize": 72
			},
			{
				"sentenceNo": 7,
				"sentenceContent": "현재 미국에서 다양한 프로모션을 펼치고 있는 몬스타엑스는 현지 인기 라디오 채널 ‘102.7 KIIS FM’과 지상파 채널 ABC의 모닝 쇼 ‘굿모닝 아메리카’(Good Morning America) 출연에 이어, 미국 최대 규모의 음악 축제 ‘징글볼’(Jingle Ball) 투어에 참여하며 글로벌 행보를 이어간다.",
				"sentenceSize": 177
			},
			{
				"sentenceNo": 8,
				"sentenceContent": "특히 이번 ‘징글볼’ 투어는 K팝 아티스트 최초로 세 번째 참석하는 것으로 이들이 어떤 음악과 무대를 보여줄지 기대가 높아진다.",
				"sentenceSize": 71
			},
			{
				"sentenceNo": 9,
				"sentenceContent": "한편 몬스타엑스는 남다른 팬 사랑으로 유명한 만큼, 오는 15일 오후 12시(한국 시각) 라이브 방송을 통해 전 세계 몬베베(공식 팬클럽명)와 소통할 계획이다.",
				"sentenceSize": 89
			}
		]
	},
	"labeledDataInfo": {
		"processSentenceInfo": [
			{
				"sentenceNo": 1,
				"sentenceContent": "그룹 몬스타엑스(MONSTA X)가 전 세계 팬들과 소통한다.",
				"subjectConsistencyYn": "Y"
			},
			{
				"sentenceNo": 2,
				"sentenceContent": "몬스타엑스는 미국 서부 시간 14일 오후 7시, 같은날 미국 동부 시간 오후 10시, 한국 시간으로는 오는 15일 오후 12시 글로벌 숏폼 모바일 비디오 플랫폼 틱톡(TikTok) 공식 계정을 통해 ‘New Music Performance with Monsta X’(뉴 뮤직 퍼포먼스 위드 몬스타엑스) 라이브를 진행한다.",
				"subjectConsistencyYn": "Y"
			},
			{
				"sentenceNo": 3,
				"sentenceContent": "몬스타엑스는 지난 10일 발매한 미국 정규 2집 ‘The Dreaming’(더 드리밍)에 관한 이야기를 나누는 것은 물론 전 세계 팬들과 소통하며 즐거운 시간을 보낼 예정이다.",
				"subjectConsistencyYn": "Y"
			},
			{
				"sentenceNo": 4,
				"sentenceContent": "몬스타엑스의 ‘The Dreaming’은 2021년 한 해 동안 많은 것을 잃기도, 희망을 찾기도 했던 우리가 ‘음악’이라는 매개체로 연결돼 있다는 메시지가 담긴 앨범이다.",
				"subjectConsistencyYn": "Y"
			},
			{
				"sentenceNo": 5,
				"sentenceContent": "더블 타이틀곡 ‘One Day’(원 데이)와 ‘You Problem’(유 프라블럼)을 비롯해 ‘Tied to Your Body’(타이드 투 유어 바디), ‘Better’(베러), ‘Whispers in the Dark’(위스퍼스 인 더 다크), ‘Blame Me’(블레임 미), ‘Secrets’(시크릿), ‘About Last Night’(어바웃 라스트 나잇), ‘Blow Your Mind’(블로우 유어 마인드), 앨범과 동명의 트랙인 ‘The Dreaming’까지 다채로운 10곡이 수록됐다.",
				"subjectConsistencyYn": "Y"
			},
			{
				"sentenceNo": 6,
				"sentenceContent": "특히 이번 앨범은 빌보드에서 팬 투표로 선정된 ‘이번 주 인기 신곡’ 1위를 차지하며 몬스타엑스의 글로벌 위상을 다시금 입증했다.",
				"subjectConsistencyYn": "Y"
			},
			{
				"sentenceNo": 7,
				"sentenceContent": "현재 미국에서 다양한 프로모션을 펼치고 있는 몬스타엑스는 현지 인기 라디오 채널 ‘102.7 KIIS FM’과 지상파 채널 ABC의 모닝 쇼 ‘굿모닝 아메리카’(Good Morning America) 출연에 이어, 미국 최대 규모의 음악 축제 ‘징글볼’(Jingle Ball) 투어에 참여하며 글로벌 행보를 이어간다.",
				"subjectConsistencyYn": "Y"
			},
			{
				"sentenceNo": 8,
				"sentenceContent": "한편 사실을 확인한 네티즌은 \\\"우왁 처음 알았다\\\" \\\"없는 단어였는데 어떻게 생겨나서 이렇게 많이 쓰이는 거지\\\" \\\"언젠가 표준어로 등재될 듯\\\" \\\"정이 없어서 빈정인줄...\\\" 등 반응을 보였다.",
				"subjectConsistencyYn": "N"
			}
		],
		"clickbaitClass": 0
	}
}