{
	"sourceDataInfo": {
		"newsID": "ET_M13_490476",
		"newsCategory": "연예",
		"newsSubcategory": "방송",
		"newsTitle": "위아이 김동한, 24일 첫방 왓챠 OTT 오리지널 ‘더블 트러블’ 개인 포스터 공개",
		"newsSubTitle": "",
		"newsContent": "OTT 왓챠 오리지널 음악 예능 ‘더블 트러블’ 출격을 앞두고 위아이 김동한이 강렬한 존재감을 드러냈다.\n16일 왓챠 공식 유튜브 채널을 통해 김동한의 ‘더블 트러블’ 개인 포스터가 업로드됐다.\n포스터 속 김동한은 스포티한 무드의 올블랙 스타일링으로 시크한 분위기를 드러내 단숨에 시선을 압도했다.\n여기에 볼드한 체인 네크리스와 깊이감 있는 눈빛을 더해 한층 강렬한 포스를 완성했다.\n세 장 포스터만으로 파워풀하면서도 프로페셔널한 아우라를 보여준 김동한이 ‘더블 트러블’을 통해 보여줄 새로운 매력에 대한 팬들의 궁금증이 높아지고 있다.\n김동한은 완성형 비주얼과 빈틈없는 퍼포먼스로 무장한 그룹 위아이로 활동하며 ‘4세대 대표 보이그룹’이란 존재감을 공고히 하고 있다.\n이에 김동한이 ‘더블 트러블’ 첫 대결에서 발휘할 다채로운 음악적 역량과 위아이 김동한으로서 보여주지 못했던 독보적인 색깔에 팬들의 기대감이 모인다. ‘더블 트러블’은 가요계 대표 아이돌 10인이 ‘더블 트러플’ 파트너와 함께 최고의 듀엣 무대를 만드는 음악 경연 프로그램이다.\n김동한을 비롯해 임슬옹, 장현승, 태일, 인성(SF9), 공민지, 효린, 초아, 전지우(카드), 먼데이(위클리)까지 개성 넘치는 열 명의 아이돌이 출연해 쟁쟁한 듀엣 전쟁을 펼칠 예정이다.\n김동한이 출연하는 왓챠 오리지널 음악 예능 ‘더블 트러블’은 오는 24일 오후 6시 첫 공개된다.",
		"partNum": "P2",
		"useType": 0,
		"processType": "A",
		"processPattern": "99",
		"processLevel": "하",
		"sentenceCount": 9,
		"processSentencenum": 2,
		"sentenceInfo": [
			{
				"sentenceNo": 1,
				"sentenceContent": "OTT 왓챠 오리지널 음악 예능 ‘더블 트러블’ 출격을 앞두고 위아이 김동한이 강렬한 존재감을 드러냈다.",
				"sentenceSize": 58
			},
			{
				"sentenceNo": 2,
				"sentenceContent": "16일 왓챠 공식 유튜브 채널을 통해 김동한의 ‘더블 트러블’ 개인 포스터가 업로드됐다.",
				"sentenceSize": 49
			},
			{
				"sentenceNo": 3,
				"sentenceContent": "포스터 속 김동한은 스포티한 무드의 올블랙 스타일링으로 시크한 분위기를 드러내 단숨에 시선을 압도했다.",
				"sentenceSize": 57
			},
			{
				"sentenceNo": 4,
				"sentenceContent": "여기에 볼드한 체인 네크리스와 깊이감 있는 눈빛을 더해 한층 강렬한 포스를 완성했다.",
				"sentenceSize": 47
			},
			{
				"sentenceNo": 5,
				"sentenceContent": "세 장 포스터만으로 파워풀하면서도 프로페셔널한 아우라를 보여준 김동한이 ‘더블 트러블’을 통해 보여줄 새로운 매력에 대한 팬들의 궁금증이 높아지고 있다.",
				"sentenceSize": 85
			},
			{
				"sentenceNo": 6,
				"sentenceContent": "김동한은 완성형 비주얼과 빈틈없는 퍼포먼스로 무장한 그룹 위아이로 활동하며 ‘4세대 대표 보이그룹’이란 존재감을 공고히 하고 있다.",
				"sentenceSize": 73
			},
			{
				"sentenceNo": 7,
				"sentenceContent": "이에 김동한이 ‘더블 트러블’ 첫 대결에서 발휘할 다채로운 음악적 역량과 위아이 김동한으로서 보여주지 못했던 독보적인 색깔에 팬들의 기대감이 모인다. ‘더블 트러블’은 가요계 대표 아이돌 10인이 ‘더블 트러플’ 파트너와 함께 최고의 듀엣 무대를 만드는 음악 경연 프로그램이다.",
				"sentenceSize": 155
			},
			{
				"sentenceNo": 8,
				"sentenceContent": "김동한을 비롯해 임슬옹, 장현승, 태일, 인성(SF9), 공민지, 효린, 초아, 전지우(카드), 먼데이(위클리)까지 개성 넘치는 열 명의 아이돌이 출연해 쟁쟁한 듀엣 전쟁을 펼칠 예정이다.",
				"sentenceSize": 105
			},
			{
				"sentenceNo": 9,
				"sentenceContent": "김동한이 출연하는 왓챠 오리지널 음악 예능 ‘더블 트러블’은 오는 24일 오후 6시 첫 공개된다.",
				"sentenceSize": 54
			}
		]
	},
	"labeledDataInfo": {
		"processSentenceInfo": [
			{
				"sentenceNo": 1,
				"sentenceContent": "OTT 왓챠 오리지널 음악 예능 ‘더블 트러블’ 출격을 앞두고 위아이 김동한이 강렬한 존재감을 드러냈다.",
				"subjectConsistencyYn": "Y"
			},
			{
				"sentenceNo": 2,
				"sentenceContent": "16일 왓챠 공식 유튜브 채널을 통해 김동한의 ‘더블 트러블’ 개인 포스터가 업로드됐다.",
				"subjectConsistencyYn": "Y"
			},
			{
				"sentenceNo": 3,
				"sentenceContent": "포스터 속 김동한은 스포티한 무드의 올블랙 스타일링으로 시크한 분위기를 드러내 단숨에 시선을 압도했다.",
				"subjectConsistencyYn": "Y"
			},
			{
				"sentenceNo": 4,
				"sentenceContent": "여기에 볼드한 체인 네크리스와 깊이감 있는 눈빛을 더해 한층 강렬한 포스를 완성했다.",
				"subjectConsistencyYn": "Y"
			},
			{
				"sentenceNo": 5,
				"sentenceContent": "세 장 포스터만으로 파워풀하면서도 프로페셔널한 아우라를 보여준 김동한이 ‘더블 트러블’을 통해 보여줄 새로운 매력에 대한 팬들의 궁금증이 높아지고 있다.",
				"subjectConsistencyYn": "Y"
			},
			{
				"sentenceNo": 6,
				"sentenceContent": "김동한은 완성형 비주얼과 빈틈없는 퍼포먼스로 무장한 그룹 위아이로 활동하며 ‘4세대 대표 보이그룹’이란 존재감을 공고히 하고 있다.",
				"subjectConsistencyYn": "Y"
			},
			{
				"sentenceNo": 7,
				"sentenceContent": "이에 김동한이 ‘더블 트러블’ 첫 대결에서 발휘할 다채로운 음악적 역량과 위아이 김동한으로서 보여주지 못했던 독보적인 색깔에 팬들의 기대감이 모인다. ‘더블 트러블’은 가요계 대표 아이돌 10인이 ‘더블 트러플’ 파트너와 함께 최고의 듀엣 무대를 만드는 음악 경연 프로그램이다.",
				"subjectConsistencyYn": "Y"
			},
			{
				"sentenceNo": 8,
				"sentenceContent": "짧은 시간에 배우가 오랜 기간 함께 일할 소속사를 결정하는 것은 어려운 일이라 판단해 서로 합의 끝에 2018년 9월 ~ 2019년 9월까지 함께 호흡을 맞춘 후 연장 계약에 대해 논의하기로 했습니다.",
				"subjectConsistencyYn": "N"
			},
			{
				"sentenceNo": 9,
				"sentenceContent": "이후 계약 만료 3개월 전인 2019년 6월에 연장 계약 논의를 했어야 하나, 배우의 활동이 많아졌고 배우와 회사 간의 신뢰가 두터워 함께 일하던 중 2020년이 됐습니다.",
				"subjectConsistencyYn": "N"
			},
			{
				"sentenceNo": 10,
				"sentenceContent": "그 후 배우의 요청으로 2020년 3월 ~ 2023년 3월까지 3년간 재계약을 체결했으며, 2027년 3월까지 상호 이견이 없으면 1년씩 자동 연장한다는 부속합의서도 작성했습니다.",
				"subjectConsistencyYn": "N"
			},
			{
				"sentenceNo": 11,
				"sentenceContent": "계속되는 이슈에 입장을 전해드리는 점, 양해 부탁드립니다.",
				"subjectConsistencyYn": "N"
			}
		],
		"clickbaitClass": 0
	}
}