{
	"sourceDataInfo": {
		"newsID": "ET_M13_490808",
		"newsCategory": "연예",
		"newsSubcategory": "방송",
		"newsTitle": "‘한 사람만’ 안창환, 명품 신스틸러 입증",
		"newsSubTitle": "",
		"newsContent": "안창환이 시청자의 시선을 훔쳤다.\nJTBC 월화드라마 ‘한 사람만’이 방송 첫 주부터 감각적인 연출과 빠른 전개로 호평을 받는 가운데, 남다른 존재감을 발산한 안창환에게도 이목이 쏠렸다.\n안창환은 극 중 흥신소 대표 신태일 역으로 변신해 신스틸러의 진가를 다시금 보여줬다.\n안창환은 ‘한 사람만’ 1-2회에서 반전의 캐릭터로 극의 재미를 배가시켰다.\n낡고 허름한 건물 ‘나래 청정’이라는 간판의 사무실에 근무하는 신태일은 단정한 슈트 차림, 더듬거리는 말투로 실체에 대한 호기심을 자극했다.\n공기 청정기 부품 업체가 아닌듯한 업무 내용일 이야기 나누던 중 돈을 달라는 민우천(김경남 분)의 요구에도 현금 영수증을 챙겨달라는 현실적인 부탁으로 신태일을 우리 주변의 평범한 이웃으로 느끼게 했다.\n실상은 흥신소를 운영하는 신태일의 진짜 정체가 수면 위로 드러나 앞으로 전개될 흥미로운 이야기의 포문을 열었다.\n평범한 이웃처럼 보였던 신태일은 일에서만큼은 철두철미한 모습으로 범상치 않은 카리스마를 풍겼다.\n이후 신태일은 표인숙(안은진 분)으로 인해 계획이 어그러졌음을 알게 되자 싸늘하게 굳어갔다.\n그의 눈빛은 날카롭게 빛나 섬뜩함을 유발했고, 항상 더듬거렸던 말투 대신 단호한 어조와 목소리로 “변수는 제거해야 된다”라는 명령을 민우천에게 내려 이야기의 분위기를 팽팽하게 당겼다.\n안창환을 비롯해 안은진, 김경남, 강예원, 박수영 등이 출연하는 JTBC 월화드라마 ‘한 사람만’은 매주 월, 화요일 밤 11시 방송된다.",
		"partNum": "P2",
		"useType": 0,
		"processType": "A",
		"processPattern": "99",
		"processLevel": "하",
		"sentenceCount": 11,
		"processSentencenum": 3,
		"sentenceInfo": [
			{
				"sentenceNo": 1,
				"sentenceContent": "안창환이 시청자의 시선을 훔쳤다.",
				"sentenceSize": 18
			},
			{
				"sentenceNo": 2,
				"sentenceContent": "JTBC 월화드라마 ‘한 사람만’이 방송 첫 주부터 감각적인 연출과 빠른 전개로 호평을 받는 가운데, 남다른 존재감을 발산한 안창환에게도 이목이 쏠렸다.",
				"sentenceSize": 85
			},
			{
				"sentenceNo": 3,
				"sentenceContent": "안창환은 극 중 흥신소 대표 신태일 역으로 변신해 신스틸러의 진가를 다시금 보여줬다.",
				"sentenceSize": 47
			},
			{
				"sentenceNo": 4,
				"sentenceContent": "안창환은 ‘한 사람만’ 1-2회에서 반전의 캐릭터로 극의 재미를 배가시켰다.",
				"sentenceSize": 42
			},
			{
				"sentenceNo": 5,
				"sentenceContent": "낡고 허름한 건물 ‘나래 청정’이라는 간판의 사무실에 근무하는 신태일은 단정한 슈트 차림, 더듬거리는 말투로 실체에 대한 호기심을 자극했다.",
				"sentenceSize": 78
			},
			{
				"sentenceNo": 6,
				"sentenceContent": "공기 청정기 부품 업체가 아닌듯한 업무 내용일 이야기 나누던 중 돈을 달라는 민우천(김경남 분)의 요구에도 현금 영수증을 챙겨달라는 현실적인 부탁으로 신태일을 우리 주변의 평범한 이웃으로 느끼게 했다.",
				"sentenceSize": 112
			},
			{
				"sentenceNo": 7,
				"sentenceContent": "실상은 흥신소를 운영하는 신태일의 진짜 정체가 수면 위로 드러나 앞으로 전개될 흥미로운 이야기의 포문을 열었다.",
				"sentenceSize": 62
			},
			{
				"sentenceNo": 8,
				"sentenceContent": "평범한 이웃처럼 보였던 신태일은 일에서만큼은 철두철미한 모습으로 범상치 않은 카리스마를 풍겼다.",
				"sentenceSize": 53
			},
			{
				"sentenceNo": 9,
				"sentenceContent": "이후 신태일은 표인숙(안은진 분)으로 인해 계획이 어그러졌음을 알게 되자 싸늘하게 굳어갔다.",
				"sentenceSize": 51
			},
			{
				"sentenceNo": 10,
				"sentenceContent": "그의 눈빛은 날카롭게 빛나 섬뜩함을 유발했고, 항상 더듬거렸던 말투 대신 단호한 어조와 목소리로 “변수는 제거해야 된다”라는 명령을 민우천에게 내려 이야기의 분위기를 팽팽하게 당겼다.",
				"sentenceSize": 102
			},
			{
				"sentenceNo": 11,
				"sentenceContent": "안창환을 비롯해 안은진, 김경남, 강예원, 박수영 등이 출연하는 JTBC 월화드라마 ‘한 사람만’은 매주 월, 화요일 밤 11시 방송된다.",
				"sentenceSize": 77
			}
		]
	},
	"labeledDataInfo": {
		"processSentenceInfo": [
			{
				"sentenceNo": 1,
				"sentenceContent": "안창환이 시청자의 시선을 훔쳤다.",
				"subjectConsistencyYn": "Y"
			},
			{
				"sentenceNo": 2,
				"sentenceContent": "JTBC 월화드라마 ‘한 사람만’이 방송 첫 주부터 감각적인 연출과 빠른 전개로 호평을 받는 가운데, 남다른 존재감을 발산한 안창환에게도 이목이 쏠렸다.",
				"subjectConsistencyYn": "Y"
			},
			{
				"sentenceNo": 3,
				"sentenceContent": "안창환은 극 중 흥신소 대표 신태일 역으로 변신해 신스틸러의 진가를 다시금 보여줬다.",
				"subjectConsistencyYn": "Y"
			},
			{
				"sentenceNo": 4,
				"sentenceContent": "안창환은 ‘한 사람만’ 1-2회에서 반전의 캐릭터로 극의 재미를 배가시켰다.",
				"subjectConsistencyYn": "Y"
			},
			{
				"sentenceNo": 5,
				"sentenceContent": "낡고 허름한 건물 ‘나래 청정’이라는 간판의 사무실에 근무하는 신태일은 단정한 슈트 차림, 더듬거리는 말투로 실체에 대한 호기심을 자극했다.",
				"subjectConsistencyYn": "Y"
			},
			{
				"sentenceNo": 6,
				"sentenceContent": "공기 청정기 부품 업체가 아닌듯한 업무 내용일 이야기 나누던 중 돈을 달라는 민우천(김경남 분)의 요구에도 현금 영수증을 챙겨달라는 현실적인 부탁으로 신태일을 우리 주변의 평범한 이웃으로 느끼게 했다.",
				"subjectConsistencyYn": "Y"
			},
			{
				"sentenceNo": 7,
				"sentenceContent": "실상은 흥신소를 운영하는 신태일의 진짜 정체가 수면 위로 드러나 앞으로 전개될 흥미로운 이야기의 포문을 열었다.",
				"subjectConsistencyYn": "Y"
			},
			{
				"sentenceNo": 8,
				"sentenceContent": "평범한 이웃처럼 보였던 신태일은 일에서만큼은 철두철미한 모습으로 범상치 않은 카리스마를 풍겼다.",
				"subjectConsistencyYn": "Y"
			},
			{
				"sentenceNo": 9,
				"sentenceContent": "이에 조인성은 “그럼, 얼마나 많은 사람들이 응원했는데”라며 김우빈을 뭉클하게 바라봤고, 이광수와 임주환도 “무대 뒤에서 잠깐 마주쳤는데 울컥했다”, “소름 돋았다니까”라며 말을 보태 이들의 우정을 짐작케 했다.",
				"subjectConsistencyYn": "N"
			},
			{
				"sentenceNo": 10,
				"sentenceContent": "다섯 명의 배우가 한자리에 모인 만큼 이야기 주제는 ‘연기’로 자연스럽게 흘러갔다.",
				"subjectConsistencyYn": "N"
			},
			{
				"sentenceNo": 11,
				"sentenceContent": "오는 4월 방송을 앞둔 드라마 ‘우리들의 블루스’에 출연 예정인 김우빈은 함께 출연하는 배우 김혜자, 고두심과 연기하는 소감을 전했다. “한 장면에 (선생님들과) 셋이 나오는데 대본 보자마자 긴장이 너무 많이 됐다”, “선생님들 연기하시는 거 보면 러프하게 하는데도 막 눈물 나고 너무 좋다”라고 말해 작품에 대한 기대감을 증폭시켰다.",
				"subjectConsistencyYn": "N"
			},
			{
				"sentenceNo": 12,
				"sentenceContent": "이처럼 어느덧 여유도 생기고, 업무에 완벽 적응하며 마트의 ‘프로 아르바이트생’으로 거듭난 김우빈. 차주 예고편에서는 요리를 못한다던 이광수와 함께 ‘아침 밥상 차리기’에 도전, 한껏 허둥대는 모습이 비춰져 흥미를 이끌며, 과연 김우빈이 마지막 출근일까지 아르바이트생으로서 영업 일지를 잘 마무리할 수 있을지 주목된다.",
				"subjectConsistencyYn": "N"
			}
		],
		"clickbaitClass": 0
	}
}