{
	"sourceDataInfo": {
		"newsID": "ET_M13_490457",
		"newsCategory": "연예",
		"newsSubcategory": "방송",
		"newsTitle": "‘설강화’ 정해인 “캐스팅 제안, ‘D.P.’와 일정 겹쳐 한 번 고사했었다”",
		"newsSubTitle": "",
		"newsContent": "JTBC 새 주말극 ‘설강화’에 출연한 정해인이 우여곡절의 캐스팅 과정 비화를 밝혔다.\n정해인은 16일 온라인 중계 형식으로 열린 ‘설강화’의 제작발표회에 참석했다.\n이 자리에는 연출을 맡은 조현탁PD와 상대역 지수도 함께 했다.\n정해인은 극중 명문대생으로 은영로(지수)가 다니는 호수여대의 기숙사에 부상을 입은 채 숨어든 임수호 역을 맡았다.\n두 사람은 운명적인 만남 이후 서로에게 끌리지만 수호에게 부여된 임무로 시련을 겪는다.\n정해인의 캐스팅 과정은 조PD가 먼저 비화를 공개하며 알려졌다.\n조PD는 “정해인은 출발단계부터 하고 싶었던 배우였다. 정해인을 염두에 두고 인물을 구체화했다. 그러다 한 번 제안을 했는데 고사를 했다. 그래서 심기일전해 전열을 재정비하고 엉겨붙었다”면서 “정해인이 여러 고려를 해 승낙을 해주고 당일 맥주를 마셨는데 연출로서 가장 행복한 날이었다”고 밝혔다.\n이에 다소 당황한 듯 웃음을 보인 정해인은 “원래 굉장히 하고 싶었던 작품이었다. 하지만 당시 ‘D.P.’의 촬영 중이라 일정이 겹치는 상황이었다”며 자신의 기호가 아닌 어쩔 수 없는 일정으로 인한 고사라는 사실을 알렸다.\n정해인은 “감독님과 제작진 그리고 다른 배우분들도 배려와 양해를 해주셔서 함께 할 수 있었다”고 말했다.\n정해인과 지수가 호흡을 맞추는 JTBC 새 주말극 ‘설강화’는 오는 18일 오후 10시30분 첫 방송된다.",
		"partNum": "P2",
		"useType": 0,
		"processType": "A",
		"processPattern": "99",
		"processLevel": "하",
		"sentenceCount": 10,
		"processSentencenum": 2,
		"sentenceInfo": [
			{
				"sentenceNo": 1,
				"sentenceContent": "JTBC 새 주말극 ‘설강화’에 출연한 정해인이 우여곡절의 캐스팅 과정 비화를 밝혔다.",
				"sentenceSize": 48
			},
			{
				"sentenceNo": 2,
				"sentenceContent": "정해인은 16일 온라인 중계 형식으로 열린 ‘설강화’의 제작발표회에 참석했다.",
				"sentenceSize": 43
			},
			{
				"sentenceNo": 3,
				"sentenceContent": "이 자리에는 연출을 맡은 조현탁PD와 상대역 지수도 함께 했다.",
				"sentenceSize": 35
			},
			{
				"sentenceNo": 4,
				"sentenceContent": "정해인은 극중 명문대생으로 은영로(지수)가 다니는 호수여대의 기숙사에 부상을 입은 채 숨어든 임수호 역을 맡았다.",
				"sentenceSize": 63
			},
			{
				"sentenceNo": 5,
				"sentenceContent": "두 사람은 운명적인 만남 이후 서로에게 끌리지만 수호에게 부여된 임무로 시련을 겪는다.",
				"sentenceSize": 48
			},
			{
				"sentenceNo": 6,
				"sentenceContent": "정해인의 캐스팅 과정은 조PD가 먼저 비화를 공개하며 알려졌다.",
				"sentenceSize": 35
			},
			{
				"sentenceNo": 7,
				"sentenceContent": "조PD는 “정해인은 출발단계부터 하고 싶었던 배우였다. 정해인을 염두에 두고 인물을 구체화했다. 그러다 한 번 제안을 했는데 고사를 했다. 그래서 심기일전해 전열을 재정비하고 엉겨붙었다”면서 “정해인이 여러 고려를 해 승낙을 해주고 당일 맥주를 마셨는데 연출로서 가장 행복한 날이었다”고 밝혔다.",
				"sentenceSize": 165
			},
			{
				"sentenceNo": 8,
				"sentenceContent": "이에 다소 당황한 듯 웃음을 보인 정해인은 “원래 굉장히 하고 싶었던 작품이었다. 하지만 당시 ‘D.P.’의 촬영 중이라 일정이 겹치는 상황이었다”며 자신의 기호가 아닌 어쩔 수 없는 일정으로 인한 고사라는 사실을 알렸다.",
				"sentenceSize": 124
			},
			{
				"sentenceNo": 9,
				"sentenceContent": "정해인은 “감독님과 제작진 그리고 다른 배우분들도 배려와 양해를 해주셔서 함께 할 수 있었다”고 말했다.",
				"sentenceSize": 58
			},
			{
				"sentenceNo": 10,
				"sentenceContent": "정해인과 지수가 호흡을 맞추는 JTBC 새 주말극 ‘설강화’는 오는 18일 오후 10시30분 첫 방송된다.",
				"sentenceSize": 59
			}
		]
	},
	"labeledDataInfo": {
		"processSentenceInfo": [
			{
				"sentenceNo": 1,
				"sentenceContent": "JTBC 새 주말극 ‘설강화’에 출연한 정해인이 우여곡절의 캐스팅 과정 비화를 밝혔다.",
				"subjectConsistencyYn": "Y"
			},
			{
				"sentenceNo": 2,
				"sentenceContent": "정해인은 16일 온라인 중계 형식으로 열린 ‘설강화’의 제작발표회에 참석했다.",
				"subjectConsistencyYn": "Y"
			},
			{
				"sentenceNo": 3,
				"sentenceContent": "이 자리에는 연출을 맡은 조현탁PD와 상대역 지수도 함께 했다.",
				"subjectConsistencyYn": "Y"
			},
			{
				"sentenceNo": 4,
				"sentenceContent": "정해인은 극중 명문대생으로 은영로(지수)가 다니는 호수여대의 기숙사에 부상을 입은 채 숨어든 임수호 역을 맡았다.",
				"subjectConsistencyYn": "Y"
			},
			{
				"sentenceNo": 5,
				"sentenceContent": "두 사람은 운명적인 만남 이후 서로에게 끌리지만 수호에게 부여된 임무로 시련을 겪는다.",
				"subjectConsistencyYn": "Y"
			},
			{
				"sentenceNo": 6,
				"sentenceContent": "정해인의 캐스팅 과정은 조PD가 먼저 비화를 공개하며 알려졌다.",
				"subjectConsistencyYn": "Y"
			},
			{
				"sentenceNo": 7,
				"sentenceContent": "조PD는 “정해인은 출발단계부터 하고 싶었던 배우였다. 정해인을 염두에 두고 인물을 구체화했다. 그러다 한 번 제안을 했는데 고사를 했다. 그래서 심기일전해 전열을 재정비하고 엉겨붙었다”면서 “정해인이 여러 고려를 해 승낙을 해주고 당일 맥주를 마셨는데 연출로서 가장 행복한 날이었다”고 밝혔다.",
				"subjectConsistencyYn": "Y"
			},
			{
				"sentenceNo": 8,
				"sentenceContent": "이에 다소 당황한 듯 웃음을 보인 정해인은 “원래 굉장히 하고 싶었던 작품이었다. 하지만 당시 ‘D.P.’의 촬영 중이라 일정이 겹치는 상황이었다”며 자신의 기호가 아닌 어쩔 수 없는 일정으로 인한 고사라는 사실을 알렸다.",
				"subjectConsistencyYn": "Y"
			},
			{
				"sentenceNo": 9,
				"sentenceContent": "이날 방송을 본 네티즌들은 “동생 서해영, 서인영 훈훈한 자매다” “동생 서해영, 힘들었겠다” “동생 서해영은 무슨 죄” 등의 반응을 보였다. ‘동생 서해영’ 온라인 중앙일보 [사진 KBS2 ‘해피투게더3’ 캡처] ‘동생 서해영’",
				"subjectConsistencyYn": "N"
			}
		],
		"clickbaitClass": 0
	}
}