{
	"sourceDataInfo": {
		"newsID": "ET_M13_490367",
		"newsCategory": "연예",
		"newsSubcategory": "방송",
		"newsTitle": "몬스타엑스 형원 ‘다시, 플라이’로 보여준 다재다능함",
		"newsSubTitle": "",
		"newsContent": "그룹 몬스타엑스(Monsta X) 형원이 ‘다시, 플라이’를 마친 소감을 전했다.\n형원은 15일 몬스타엑스 사회적관계망서비스(SNS)를 통해 “많이 배우고 성장할 수 있게 도와준 드라마 ‘다시, 플라이’ 끝까지 함께해 주셔서 감사합니다”라고 밝혔다.\n이어 “모든 제작진분들과 감독님 그리고 함께 연기한 배우분들까지 모두들 제게 많은 도움 주셔서 감사합니다. 잊지 않겠습니다”라며 “다음에 좋은 작품으로 또 뵙길 바라겠습니다”라고 덧붙였다.\n15일 막을 내린 카카오TV ‘다시, 플라이’는 명문 예술고등학교 한빛예고의 K-POP 동아리 ‘빌런즈’에 모인 청춘들이 꿈의 무대를 향한 과정에서 꿈과 우정을 찾아가는 하이틴 성장 뮤지컬 드라마다.\n형원은 극 중 ‘한요한’ 역을 맡아 사고로 무용수의 꿈을 잃게 된 캐릭터를 섬세한 연기로 그려냈다.\n형원은 한요한으로서 꿈 앞에서 좌절하고, 사랑 앞에서 망설이는 감정선을 보이는 한편 K-POP 동아리 ‘빌런즈’의 리더로서 화려한 펴포먼스를 선보이며 극의 몰입도를 한층 높였다.\n앞서 형원은 지난 2015년 몬스타엑스 미니 1집 ‘TRESPASS’로 데뷔했으며, 2017년 KBS 웹드라마 ‘그녀를 찾아줘’로 첫 연기를 선보였다.\n몬스타엑스로서 보여준 춤, 노래, 퍼포먼스를 비롯해 디제잉, 프로듀싱, 연기를 넘나들며 만능 엔터테이너로 자리매김한 형원이 앞으로 어떤 모습을 보여줄지 귀추가 주목된다.\n한편 형원이 속한 그룹 몬스타엑스는 지난 10일 미국 정규 2집 ‘The Dreaming’을 발매했으며 현재 미국에서 다양한 프로모션 활동을 진행하고 있다.\n오는 15일 오후 12시(한국 시각)에는 틱톡 라이브 방송을 통해 전 세계 몬베베(공식 팬클럽명)와 소통할 예정이다.",
		"partNum": "P2",
		"useType": 0,
		"processType": "A",
		"processPattern": "99",
		"processLevel": "하",
		"sentenceCount": 10,
		"processSentencenum": 1,
		"sentenceInfo": [
			{
				"sentenceNo": 1,
				"sentenceContent": "그룹 몬스타엑스(Monsta X) 형원이 ‘다시, 플라이’를 마친 소감을 전했다.",
				"sentenceSize": 45
			},
			{
				"sentenceNo": 2,
				"sentenceContent": "형원은 15일 몬스타엑스 사회적관계망서비스(SNS)를 통해 “많이 배우고 성장할 수 있게 도와준 드라마 ‘다시, 플라이’ 끝까지 함께해 주셔서 감사합니다”라고 밝혔다.",
				"sentenceSize": 93
			},
			{
				"sentenceNo": 3,
				"sentenceContent": "이어 “모든 제작진분들과 감독님 그리고 함께 연기한 배우분들까지 모두들 제게 많은 도움 주셔서 감사합니다. 잊지 않겠습니다”라며 “다음에 좋은 작품으로 또 뵙길 바라겠습니다”라고 덧붙였다.",
				"sentenceSize": 105
			},
			{
				"sentenceNo": 4,
				"sentenceContent": "15일 막을 내린 카카오TV ‘다시, 플라이’는 명문 예술고등학교 한빛예고의 K-POP 동아리 ‘빌런즈’에 모인 청춘들이 꿈의 무대를 향한 과정에서 꿈과 우정을 찾아가는 하이틴 성장 뮤지컬 드라마다.",
				"sentenceSize": 111
			},
			{
				"sentenceNo": 5,
				"sentenceContent": "형원은 극 중 ‘한요한’ 역을 맡아 사고로 무용수의 꿈을 잃게 된 캐릭터를 섬세한 연기로 그려냈다.",
				"sentenceSize": 55
			},
			{
				"sentenceNo": 6,
				"sentenceContent": "형원은 한요한으로서 꿈 앞에서 좌절하고, 사랑 앞에서 망설이는 감정선을 보이는 한편 K-POP 동아리 ‘빌런즈’의 리더로서 화려한 펴포먼스를 선보이며 극의 몰입도를 한층 높였다.",
				"sentenceSize": 99
			},
			{
				"sentenceNo": 7,
				"sentenceContent": "앞서 형원은 지난 2015년 몬스타엑스 미니 1집 ‘TRESPASS’로 데뷔했으며, 2017년 KBS 웹드라마 ‘그녀를 찾아줘’로 첫 연기를 선보였다.",
				"sentenceSize": 84
			},
			{
				"sentenceNo": 8,
				"sentenceContent": "몬스타엑스로서 보여준 춤, 노래, 퍼포먼스를 비롯해 디제잉, 프로듀싱, 연기를 넘나들며 만능 엔터테이너로 자리매김한 형원이 앞으로 어떤 모습을 보여줄지 귀추가 주목된다.",
				"sentenceSize": 94
			},
			{
				"sentenceNo": 9,
				"sentenceContent": "한편 형원이 속한 그룹 몬스타엑스는 지난 10일 미국 정규 2집 ‘The Dreaming’을 발매했으며 현재 미국에서 다양한 프로모션 활동을 진행하고 있다.",
				"sentenceSize": 87
			},
			{
				"sentenceNo": 10,
				"sentenceContent": "오는 15일 오후 12시(한국 시각)에는 틱톡 라이브 방송을 통해 전 세계 몬베베(공식 팬클럽명)와 소통할 예정이다.",
				"sentenceSize": 65
			}
		]
	},
	"labeledDataInfo": {
		"processSentenceInfo": [
			{
				"sentenceNo": 1,
				"sentenceContent": "그룹 몬스타엑스(Monsta X) 형원이 ‘다시, 플라이’를 마친 소감을 전했다.",
				"subjectConsistencyYn": "Y"
			},
			{
				"sentenceNo": 2,
				"sentenceContent": "형원은 15일 몬스타엑스 사회적관계망서비스(SNS)를 통해 “많이 배우고 성장할 수 있게 도와준 드라마 ‘다시, 플라이’ 끝까지 함께해 주셔서 감사합니다”라고 밝혔다.",
				"subjectConsistencyYn": "Y"
			},
			{
				"sentenceNo": 3,
				"sentenceContent": "이어 “모든 제작진분들과 감독님 그리고 함께 연기한 배우분들까지 모두들 제게 많은 도움 주셔서 감사합니다. 잊지 않겠습니다”라며 “다음에 좋은 작품으로 또 뵙길 바라겠습니다”라고 덧붙였다.",
				"subjectConsistencyYn": "Y"
			},
			{
				"sentenceNo": 4,
				"sentenceContent": "15일 막을 내린 카카오TV ‘다시, 플라이’는 명문 예술고등학교 한빛예고의 K-POP 동아리 ‘빌런즈’에 모인 청춘들이 꿈의 무대를 향한 과정에서 꿈과 우정을 찾아가는 하이틴 성장 뮤지컬 드라마다.",
				"subjectConsistencyYn": "Y"
			},
			{
				"sentenceNo": 5,
				"sentenceContent": "형원은 극 중 ‘한요한’ 역을 맡아 사고로 무용수의 꿈을 잃게 된 캐릭터를 섬세한 연기로 그려냈다.",
				"subjectConsistencyYn": "Y"
			},
			{
				"sentenceNo": 6,
				"sentenceContent": "형원은 한요한으로서 꿈 앞에서 좌절하고, 사랑 앞에서 망설이는 감정선을 보이는 한편 K-POP 동아리 ‘빌런즈’의 리더로서 화려한 펴포먼스를 선보이며 극의 몰입도를 한층 높였다.",
				"subjectConsistencyYn": "Y"
			},
			{
				"sentenceNo": 7,
				"sentenceContent": "앞서 형원은 지난 2015년 몬스타엑스 미니 1집 ‘TRESPASS’로 데뷔했으며, 2017년 KBS 웹드라마 ‘그녀를 찾아줘’로 첫 연기를 선보였다.",
				"subjectConsistencyYn": "Y"
			},
			{
				"sentenceNo": 8,
				"sentenceContent": "몬스타엑스로서 보여준 춤, 노래, 퍼포먼스를 비롯해 디제잉, 프로듀싱, 연기를 넘나들며 만능 엔터테이너로 자리매김한 형원이 앞으로 어떤 모습을 보여줄지 귀추가 주목된다.",
				"subjectConsistencyYn": "Y"
			},
			{
				"sentenceNo": 9,
				"sentenceContent": "한편 형원이 속한 그룹 몬스타엑스는 지난 10일 미국 정규 2집 ‘The Dreaming’을 발매했으며 현재 미국에서 다양한 프로모션 활동을 진행하고 있다.",
				"subjectConsistencyYn": "Y"
			},
			{
				"sentenceNo": 10,
				"sentenceContent": "온라인 중앙일보 [사진=중앙포토DB]",
				"subjectConsistencyYn": "N"
			}
		],
		"clickbaitClass": 0
	}
}