{
	"sourceDataInfo": {
		"newsID": "ET_M13_490624",
		"newsCategory": "연예",
		"newsSubcategory": "연예일반",
		"newsTitle": "블랙핑크 제니, 걸그룹 브랜드 평판 정상 탈환",
		"newsSubTitle": "",
		"newsContent": "블랙핑크 제니가 걸그룹 개인 브랜드 평판 정상에 올랐다.\n한국기업평판연구소(소장 구창환)는 19일 ‘12월 걸그룹 개인 브랜드 평판 빅데이터’ 분석 결과와 순위를 발표했다.\n해당 순위는 걸그룹 개인 579명을 대상으로 추출한 브랜드 빅데이터 55,538,777개를 바탕으로 매겨졌다.\n명칭은 브랜드 평판지수로 참여지수, 미디어지수, 소통지수, 커뮤니티지수가 합산된 값이다.\n브랜드 평판지수는 소비자들의 온라인 습관이 브랜드 소비에 큰 영향을 끼친다는 것을 찾아내 브랜드 빅데이터 분석을 통해서 만들어진 지표이다.\n걸그룹 개인 브랜드평판 분석을 통해 걸그룹 개인 브랜드에 대한 긍부정 평가, 미디어 관심도, 소비자들의 관심과 소통량을 측정할 수 있다.\n걸그룹 개인 브랜드평판 분석에는 브랜드 영향력을 측정한 브랜드 가치평가 분석도 포함했다.\n이번 걸그룹 개인 브랜드평판 순위에서는 블랙핑크와 에스파의 강세가 지속됐다.\n순위권에는 1위 블랙핑크 제니(브랜드평판지수 2,642,950), 2위 에스파 윈터 (브랜드평판지수 2,290,901), 3위 블랙핑크 리사(브랜드평판지수 2,002,939), 4위 에스파 카리나 (브랜드평판지수 1,839,499), 5위 블랙핑크 지수 (브랜드평판지수 1,627,479)가 이름을 올렸다.\n한국기업평판연구소 구창환 소장은 “블랙핑크 제니는 링크분석에서 ‘시크하다’ ‘공개하다’ ‘섹시하다’가 높게 나왔고, 키워드 분석에서는 ‘블랙핑크 더무비, 넷플릭스, 유튜브’가 높게 분석됐다”고 설명했다.\n한편, 12월 걸그룹 개인 브랜드 빅데이터는 지난 2021년 11월 걸그룹 개인 브랜드 빅데이터 93,180,010와 비교해 40.40% 줄어들었다.",
		"partNum": "P2",
		"useType": 0,
		"processType": "A",
		"processPattern": "99",
		"processLevel": "하",
		"sentenceCount": 11,
		"processSentencenum": 2,
		"sentenceInfo": [
			{
				"sentenceNo": 1,
				"sentenceContent": "블랙핑크 제니가 걸그룹 개인 브랜드 평판 정상에 올랐다.",
				"sentenceSize": 31
			},
			{
				"sentenceNo": 2,
				"sentenceContent": "한국기업평판연구소(소장 구창환)는 19일 ‘12월 걸그룹 개인 브랜드 평판 빅데이터’ 분석 결과와 순위를 발표했다.",
				"sentenceSize": 64
			},
			{
				"sentenceNo": 3,
				"sentenceContent": "해당 순위는 걸그룹 개인 579명을 대상으로 추출한 브랜드 빅데이터 55,538,777개를 바탕으로 매겨졌다.",
				"sentenceSize": 61
			},
			{
				"sentenceNo": 4,
				"sentenceContent": "명칭은 브랜드 평판지수로 참여지수, 미디어지수, 소통지수, 커뮤니티지수가 합산된 값이다.",
				"sentenceSize": 49
			},
			{
				"sentenceNo": 5,
				"sentenceContent": "브랜드 평판지수는 소비자들의 온라인 습관이 브랜드 소비에 큰 영향을 끼친다는 것을 찾아내 브랜드 빅데이터 분석을 통해서 만들어진 지표이다.",
				"sentenceSize": 77
			},
			{
				"sentenceNo": 6,
				"sentenceContent": "걸그룹 개인 브랜드평판 분석을 통해 걸그룹 개인 브랜드에 대한 긍부정 평가, 미디어 관심도, 소비자들의 관심과 소통량을 측정할 수 있다.",
				"sentenceSize": 76
			},
			{
				"sentenceNo": 7,
				"sentenceContent": "걸그룹 개인 브랜드평판 분석에는 브랜드 영향력을 측정한 브랜드 가치평가 분석도 포함했다.",
				"sentenceSize": 49
			},
			{
				"sentenceNo": 8,
				"sentenceContent": "이번 걸그룹 개인 브랜드평판 순위에서는 블랙핑크와 에스파의 강세가 지속됐다.",
				"sentenceSize": 42
			},
			{
				"sentenceNo": 9,
				"sentenceContent": "순위권에는 1위 블랙핑크 제니(브랜드평판지수 2,642,950), 2위 에스파 윈터 (브랜드평판지수 2,290,901), 3위 블랙핑크 리사(브랜드평판지수 2,002,939), 4위 에스파 카리나 (브랜드평판지수 1,839,499), 5위 블랙핑크 지수 (브랜드평판지수 1,627,479)가 이름을 올렸다.",
				"sentenceSize": 171
			},
			{
				"sentenceNo": 10,
				"sentenceContent": "한국기업평판연구소 구창환 소장은 “블랙핑크 제니는 링크분석에서 ‘시크하다’ ‘공개하다’ ‘섹시하다’가 높게 나왔고, 키워드 분석에서는 ‘블랙핑크 더무비, 넷플릭스, 유튜브’가 높게 분석됐다”고 설명했다.",
				"sentenceSize": 113
			},
			{
				"sentenceNo": 11,
				"sentenceContent": "한편, 12월 걸그룹 개인 브랜드 빅데이터는 지난 2021년 11월 걸그룹 개인 브랜드 빅데이터 93,180,010와 비교해 40.40% 줄어들었다.",
				"sentenceSize": 83
			}
		]
	},
	"labeledDataInfo": {
		"processSentenceInfo": [
			{
				"sentenceNo": 1,
				"sentenceContent": "블랙핑크 제니가 걸그룹 개인 브랜드 평판 정상에 올랐다.",
				"subjectConsistencyYn": "Y"
			},
			{
				"sentenceNo": 2,
				"sentenceContent": "한국기업평판연구소(소장 구창환)는 19일 ‘12월 걸그룹 개인 브랜드 평판 빅데이터’ 분석 결과와 순위를 발표했다.",
				"subjectConsistencyYn": "Y"
			},
			{
				"sentenceNo": 3,
				"sentenceContent": "해당 순위는 걸그룹 개인 579명을 대상으로 추출한 브랜드 빅데이터 55,538,777개를 바탕으로 매겨졌다.",
				"subjectConsistencyYn": "Y"
			},
			{
				"sentenceNo": 4,
				"sentenceContent": "명칭은 브랜드 평판지수로 참여지수, 미디어지수, 소통지수, 커뮤니티지수가 합산된 값이다.",
				"subjectConsistencyYn": "Y"
			},
			{
				"sentenceNo": 5,
				"sentenceContent": "브랜드 평판지수는 소비자들의 온라인 습관이 브랜드 소비에 큰 영향을 끼친다는 것을 찾아내 브랜드 빅데이터 분석을 통해서 만들어진 지표이다.",
				"subjectConsistencyYn": "Y"
			},
			{
				"sentenceNo": 6,
				"sentenceContent": "걸그룹 개인 브랜드평판 분석을 통해 걸그룹 개인 브랜드에 대한 긍부정 평가, 미디어 관심도, 소비자들의 관심과 소통량을 측정할 수 있다.",
				"subjectConsistencyYn": "Y"
			},
			{
				"sentenceNo": 7,
				"sentenceContent": "걸그룹 개인 브랜드평판 분석에는 브랜드 영향력을 측정한 브랜드 가치평가 분석도 포함했다.",
				"subjectConsistencyYn": "Y"
			},
			{
				"sentenceNo": 8,
				"sentenceContent": "이번 걸그룹 개인 브랜드평판 순위에서는 블랙핑크와 에스파의 강세가 지속됐다.",
				"subjectConsistencyYn": "Y"
			},
			{
				"sentenceNo": 9,
				"sentenceContent": "순위권에는 1위 블랙핑크 제니(브랜드평판지수 2,642,950), 2위 에스파 윈터 (브랜드평판지수 2,290,901), 3위 블랙핑크 리사(브랜드평판지수 2,002,939), 4위 에스파 카리나 (브랜드평판지수 1,839,499), 5위 블랙핑크 지수 (브랜드평판지수 1,627,479)가 이름을 올렸다.",
				"subjectConsistencyYn": "Y"
			},
			{
				"sentenceNo": 10,
				"sentenceContent": "이날 방송에 출연한 이제나는 “엄마가 사적인 이야기를 SNS에서 안 했으면 좋겠다. 단 둘이 했던 이야기를 다 SNS에 한다”라며 “엄마랑 둘이 간직하고 싶은 비밀인데 그걸 공개하는 것이 싫다”라고 말했다.",
				"subjectConsistencyYn": "N"
			},
			{
				"sentenceNo": 11,
				"sentenceContent": "또한 “제 친구는 저도 모르는 엄마의 비키니 사진을 보는 것이 너무 충격이었고 싫었다”며 “‘엄마가 저러니까 딸이 저렇지’라는 말이 제일 싫었다”고 말했다.",
				"subjectConsistencyYn": "N"
			},
			{
				"sentenceNo": 12,
				"sentenceContent": "이수진은 솔직함과 딸의 의견을 존중한 가정교육을 이어왔으나 오히려 딸에겐 가벼움과 무관심으로 받아들여진 것이다.",
				"subjectConsistencyYn": "N"
			},
			{
				"sentenceNo": 13,
				"sentenceContent": "이를 두고 오은영은 “SNS으로 만나는 불특정 다수와 유일한 딸인 본인이 크게 차이가 없다고 느끼는 것 같다”고 말했다.",
				"subjectConsistencyYn": "N"
			}
		],
		"clickbaitClass": 0
	}
}