{
	"sourceDataInfo": {
		"newsID": "ET_M13_490716",
		"newsCategory": "연예",
		"newsSubcategory": "연예일반",
		"newsTitle": "아이브, 대세 신인의 아우라[화보]",
		"newsSubTitle": "",
		"newsContent": "‘파워 신인’ 걸그룹 아이브(IVE)가 화보를 통해 6인 6색의 매력을 선보였다.\n아이브는 21일 한 패션지 화보에서 도도한 아우라가 담긴 화보와 인터뷰를 공개했다.\n아이브는 이번 화보에서 지금까지 보여주지 않았던 새로운 모습으로 다채로운 매력을 뽐냈다.\n특히 도도한 분위기를 자아내는 멤버들의 모습은 화보에서 눈을 뗄 수 없게 만들었다.\n뿐만 아니라 각자의 개성이 돋보이는 독특한 의상을 소화한 멤버들은 신인답지 않은 카리스마 넘치는 눈빛과 당당하면서도 여유로운 포즈로 다양한 콘셉트와 스타일링을 소화했다.\n아이브는 촬영 후 이어진 인터뷰에서 “동시대를 대표하는 트렌디한 음악과 퍼포먼스를 모두 보여주는 팀이 되고 싶다”면서 앞으로 아이브의 시대를 힘차게 열어가겠다는 포부를 밝혔다.\n다양한 매력을 발산한 아이브의 더 많은 화보와 인터뷰는 패션지 ‘데이즈드’ 2022년 1월호에서 볼 수 있다.\n지난 1일 데뷔한 아이브는 데뷔 앨범 ‘일레븐(ELEVEN)’으로 초동 15만장 판매를 돌파하며 역대 걸그룹 데뷔앨범 초동 1위 기록을 단숨에 넘어선 것은 물론 동명의 타이틀곡 ‘일레븐’이 국내 주요 음원사이트 상위권을 유지하고 있다.\n또한 데뷔 2주 만에 각종 음악방송에서 5개의 트로피를 휩쓸며 ‘파워 신인’의 존재감을 입증했다.",
		"partNum": "P2",
		"useType": 0,
		"processType": "A",
		"processPattern": "99",
		"processLevel": "하",
		"sentenceCount": 9,
		"processSentencenum": 2,
		"sentenceInfo": [
			{
				"sentenceNo": 1,
				"sentenceContent": "‘파워 신인’ 걸그룹 아이브(IVE)가 화보를 통해 6인 6색의 매력을 선보였다.",
				"sentenceSize": 45
			},
			{
				"sentenceNo": 2,
				"sentenceContent": "아이브는 21일 한 패션지 화보에서 도도한 아우라가 담긴 화보와 인터뷰를 공개했다.",
				"sentenceSize": 46
			},
			{
				"sentenceNo": 3,
				"sentenceContent": "아이브는 이번 화보에서 지금까지 보여주지 않았던 새로운 모습으로 다채로운 매력을 뽐냈다.",
				"sentenceSize": 49
			},
			{
				"sentenceNo": 4,
				"sentenceContent": "특히 도도한 분위기를 자아내는 멤버들의 모습은 화보에서 눈을 뗄 수 없게 만들었다.",
				"sentenceSize": 46
			},
			{
				"sentenceNo": 5,
				"sentenceContent": "뿐만 아니라 각자의 개성이 돋보이는 독특한 의상을 소화한 멤버들은 신인답지 않은 카리스마 넘치는 눈빛과 당당하면서도 여유로운 포즈로 다양한 콘셉트와 스타일링을 소화했다.",
				"sentenceSize": 94
			},
			{
				"sentenceNo": 6,
				"sentenceContent": "아이브는 촬영 후 이어진 인터뷰에서 “동시대를 대표하는 트렌디한 음악과 퍼포먼스를 모두 보여주는 팀이 되고 싶다”면서 앞으로 아이브의 시대를 힘차게 열어가겠다는 포부를 밝혔다.",
				"sentenceSize": 98
			},
			{
				"sentenceNo": 7,
				"sentenceContent": "다양한 매력을 발산한 아이브의 더 많은 화보와 인터뷰는 패션지 ‘데이즈드’ 2022년 1월호에서 볼 수 있다.",
				"sentenceSize": 61
			},
			{
				"sentenceNo": 8,
				"sentenceContent": "지난 1일 데뷔한 아이브는 데뷔 앨범 ‘일레븐(ELEVEN)’으로 초동 15만장 판매를 돌파하며 역대 걸그룹 데뷔앨범 초동 1위 기록을 단숨에 넘어선 것은 물론 동명의 타이틀곡 ‘일레븐’이 국내 주요 음원사이트 상위권을 유지하고 있다.",
				"sentenceSize": 131
			},
			{
				"sentenceNo": 9,
				"sentenceContent": "또한 데뷔 2주 만에 각종 음악방송에서 5개의 트로피를 휩쓸며 ‘파워 신인’의 존재감을 입증했다.",
				"sentenceSize": 54
			}
		]
	},
	"labeledDataInfo": {
		"processSentenceInfo": [
			{
				"sentenceNo": 1,
				"sentenceContent": "‘파워 신인’ 걸그룹 아이브(IVE)가 화보를 통해 6인 6색의 매력을 선보였다.",
				"subjectConsistencyYn": "Y"
			},
			{
				"sentenceNo": 2,
				"sentenceContent": "아이브는 21일 한 패션지 화보에서 도도한 아우라가 담긴 화보와 인터뷰를 공개했다.",
				"subjectConsistencyYn": "Y"
			},
			{
				"sentenceNo": 3,
				"sentenceContent": "아이브는 이번 화보에서 지금까지 보여주지 않았던 새로운 모습으로 다채로운 매력을 뽐냈다.",
				"subjectConsistencyYn": "Y"
			},
			{
				"sentenceNo": 4,
				"sentenceContent": "특히 도도한 분위기를 자아내는 멤버들의 모습은 화보에서 눈을 뗄 수 없게 만들었다.",
				"subjectConsistencyYn": "Y"
			},
			{
				"sentenceNo": 5,
				"sentenceContent": "뿐만 아니라 각자의 개성이 돋보이는 독특한 의상을 소화한 멤버들은 신인답지 않은 카리스마 넘치는 눈빛과 당당하면서도 여유로운 포즈로 다양한 콘셉트와 스타일링을 소화했다.",
				"subjectConsistencyYn": "Y"
			},
			{
				"sentenceNo": 6,
				"sentenceContent": "아이브는 촬영 후 이어진 인터뷰에서 “동시대를 대표하는 트렌디한 음악과 퍼포먼스를 모두 보여주는 팀이 되고 싶다”면서 앞으로 아이브의 시대를 힘차게 열어가겠다는 포부를 밝혔다.",
				"subjectConsistencyYn": "Y"
			},
			{
				"sentenceNo": 7,
				"sentenceContent": "다양한 매력을 발산한 아이브의 더 많은 화보와 인터뷰는 패션지 ‘데이즈드’ 2022년 1월호에서 볼 수 있다.",
				"subjectConsistencyYn": "Y"
			},
			{
				"sentenceNo": 8,
				"sentenceContent": "한편, SBS 새 드라마 ‘왜 오수재인가’는 2022년 상반기 방송 예정이다.",
				"subjectConsistencyYn": "N"
			}
		],
		"clickbaitClass": 0
	}
}