{
	"sourceDataInfo": {
		"newsID": "ET_M13_490364",
		"newsCategory": "연예",
		"newsSubcategory": "방송",
		"newsTitle": "‘오늘 무해’ 공효진×이천희×전혜진, 나무 심는 환경 삼총사",
		"newsSubTitle": "",
		"newsContent": "공효진, 이천희, 전혜진의 탄소제로 생활 일주일의 결실인 ‘오늘 무해 숲’이 공개된다.\n오는 16일(목) 방송하는 KBS2 환경 예능 ‘오늘부터 무해하게’(연출 구민정)(이하. ‘오늘 무해’) 최종회에서는 일상 속 무분별한 쓰레기 문제 해결을 위해 두 팔을 걷어붙이며 선한 영향력을 행사해온 ‘환경 삼총사’ 공효진, 이천희, 전혜진의 탄소제로 생활 도전기 마지막 이야기가 그려진다.\n특히 공효진, 이천희, 전혜진의 노력의 결실 ‘오늘 무해 숲’이 공개된다고 해 기대가 고조된다.\n앞서 에너지 자립섬 죽도에 입성한 환경 삼총사에게는 만개의 그루가 주어져 이목을 집중시켰다.\n그루는 ‘오늘 무해’에서 쓰인 화폐로 죽도에서 생활하며 발생하는 탄소배출량이 그루로 차감되며, 마지막 날 남은 그루만큼 산불 피해를 입은 장소에 나무가 심어진다는 최종 미션이 주어져 이들이 몇 그루를 달성할지 관심이 고조된 상황. 이 가운데 공개된 스틸에는 오늘 무해 숲을 찾은 환경 삼총사의 모습이 담겨 있어 눈길을 끈다.\n직접 나무 심기에 나선데 이어, 빼곡히 심어진 작은 나무들을 보며 흐뭇함을 감추지 못하는 환경 삼총사의 표정이 보는 이들까지 미소 짓게 한다.\n무엇보다 세 사람은 일주일간의 탄소제로 생활로 이뤄낸 결실에 “이렇게 보니까 더 뜻 깊다”면서 말을 잇지 못했다.\n더욱이 지난 방송에서는 9,900개가 남은 그루를 본 공효진, 이천희, 전혜진이 다시 1만개의 그루를 채우려는 야망을 드러낸 바. 이들이 총 몇 그루의 나무를 심는데 성공했을지, 최종 미션 결과는 ‘오늘 무해’ 마지막 회에서 확인할 수 있다.\n한편 KBS2 ‘오늘부터 무해하게’는 공효진, 이천희, 전혜진이 에너지 자립섬 죽도에서 일주일 동안 펼치는 탄소제로 생활 도전기. ‘오늘 무해’ 마지막 회는 오는 16일(목) 밤 10시 40분에 방송된다.",
		"partNum": "P2",
		"useType": 0,
		"processType": "A",
		"processPattern": "99",
		"processLevel": "하",
		"sentenceCount": 9,
		"processSentencenum": 1,
		"sentenceInfo": [
			{
				"sentenceNo": 1,
				"sentenceContent": "공효진, 이천희, 전혜진의 탄소제로 생활 일주일의 결실인 ‘오늘 무해 숲’이 공개된다.",
				"sentenceSize": 48
			},
			{
				"sentenceNo": 2,
				"sentenceContent": "오는 16일(목) 방송하는 KBS2 환경 예능 ‘오늘부터 무해하게’(연출 구민정)(이하. ‘오늘 무해’) 최종회에서는 일상 속 무분별한 쓰레기 문제 해결을 위해 두 팔을 걷어붙이며 선한 영향력을 행사해온 ‘환경 삼총사’ 공효진, 이천희, 전혜진의 탄소제로 생활 도전기 마지막 이야기가 그려진다.",
				"sentenceSize": 164
			},
			{
				"sentenceNo": 3,
				"sentenceContent": "특히 공효진, 이천희, 전혜진의 노력의 결실 ‘오늘 무해 숲’이 공개된다고 해 기대가 고조된다.",
				"sentenceSize": 53
			},
			{
				"sentenceNo": 4,
				"sentenceContent": "앞서 에너지 자립섬 죽도에 입성한 환경 삼총사에게는 만개의 그루가 주어져 이목을 집중시켰다.",
				"sentenceSize": 51
			},
			{
				"sentenceNo": 5,
				"sentenceContent": "그루는 ‘오늘 무해’에서 쓰인 화폐로 죽도에서 생활하며 발생하는 탄소배출량이 그루로 차감되며, 마지막 날 남은 그루만큼 산불 피해를 입은 장소에 나무가 심어진다는 최종 미션이 주어져 이들이 몇 그루를 달성할지 관심이 고조된 상황. 이 가운데 공개된 스틸에는 오늘 무해 숲을 찾은 환경 삼총사의 모습이 담겨 있어 눈길을 끈다.",
				"sentenceSize": 181
			},
			{
				"sentenceNo": 6,
				"sentenceContent": "직접 나무 심기에 나선데 이어, 빼곡히 심어진 작은 나무들을 보며 흐뭇함을 감추지 못하는 환경 삼총사의 표정이 보는 이들까지 미소 짓게 한다.",
				"sentenceSize": 79
			},
			{
				"sentenceNo": 7,
				"sentenceContent": "무엇보다 세 사람은 일주일간의 탄소제로 생활로 이뤄낸 결실에 “이렇게 보니까 더 뜻 깊다”면서 말을 잇지 못했다.",
				"sentenceSize": 63
			},
			{
				"sentenceNo": 8,
				"sentenceContent": "더욱이 지난 방송에서는 9,900개가 남은 그루를 본 공효진, 이천희, 전혜진이 다시 1만개의 그루를 채우려는 야망을 드러낸 바. 이들이 총 몇 그루의 나무를 심는데 성공했을지, 최종 미션 결과는 ‘오늘 무해’ 마지막 회에서 확인할 수 있다.",
				"sentenceSize": 135
			},
			{
				"sentenceNo": 9,
				"sentenceContent": "한편 KBS2 ‘오늘부터 무해하게’는 공효진, 이천희, 전혜진이 에너지 자립섬 죽도에서 일주일 동안 펼치는 탄소제로 생활 도전기. ‘오늘 무해’ 마지막 회는 오는 16일(목) 밤 10시 40분에 방송된다.",
				"sentenceSize": 114
			}
		]
	},
	"labeledDataInfo": {
		"processSentenceInfo": [
			{
				"sentenceNo": 1,
				"sentenceContent": "공효진, 이천희, 전혜진의 탄소제로 생활 일주일의 결실인 ‘오늘 무해 숲’이 공개된다.",
				"subjectConsistencyYn": "Y"
			},
			{
				"sentenceNo": 2,
				"sentenceContent": "오는 16일(목) 방송하는 KBS2 환경 예능 ‘오늘부터 무해하게’(연출 구민정)(이하. ‘오늘 무해’) 최종회에서는 일상 속 무분별한 쓰레기 문제 해결을 위해 두 팔을 걷어붙이며 선한 영향력을 행사해온 ‘환경 삼총사’ 공효진, 이천희, 전혜진의 탄소제로 생활 도전기 마지막 이야기가 그려진다.",
				"subjectConsistencyYn": "Y"
			},
			{
				"sentenceNo": 3,
				"sentenceContent": "특히 공효진, 이천희, 전혜진의 노력의 결실 ‘오늘 무해 숲’이 공개된다고 해 기대가 고조된다.",
				"subjectConsistencyYn": "Y"
			},
			{
				"sentenceNo": 4,
				"sentenceContent": "앞서 에너지 자립섬 죽도에 입성한 환경 삼총사에게는 만개의 그루가 주어져 이목을 집중시켰다.",
				"subjectConsistencyYn": "Y"
			},
			{
				"sentenceNo": 5,
				"sentenceContent": "그루는 ‘오늘 무해’에서 쓰인 화폐로 죽도에서 생활하며 발생하는 탄소배출량이 그루로 차감되며, 마지막 날 남은 그루만큼 산불 피해를 입은 장소에 나무가 심어진다는 최종 미션이 주어져 이들이 몇 그루를 달성할지 관심이 고조된 상황. 이 가운데 공개된 스틸에는 오늘 무해 숲을 찾은 환경 삼총사의 모습이 담겨 있어 눈길을 끈다.",
				"subjectConsistencyYn": "Y"
			},
			{
				"sentenceNo": 6,
				"sentenceContent": "직접 나무 심기에 나선데 이어, 빼곡히 심어진 작은 나무들을 보며 흐뭇함을 감추지 못하는 환경 삼총사의 표정이 보는 이들까지 미소 짓게 한다.",
				"subjectConsistencyYn": "Y"
			},
			{
				"sentenceNo": 7,
				"sentenceContent": "무엇보다 세 사람은 일주일간의 탄소제로 생활로 이뤄낸 결실에 “이렇게 보니까 더 뜻 깊다”면서 말을 잇지 못했다.",
				"subjectConsistencyYn": "Y"
			},
			{
				"sentenceNo": 8,
				"sentenceContent": "더욱이 지난 방송에서는 9,900개가 남은 그루를 본 공효진, 이천희, 전혜진이 다시 1만개의 그루를 채우려는 야망을 드러낸 바. 이들이 총 몇 그루의 나무를 심는데 성공했을지, 최종 미션 결과는 ‘오늘 무해’ 마지막 회에서 확인할 수 있다.",
				"subjectConsistencyYn": "Y"
			},
			{
				"sentenceNo": 9,
				"sentenceContent": "한편 김민정이 출연하는 KBS2 드라마 '장사의 신 - 객주 2015'는 지난 23일 방송을 시작으로, 매주 수, 목 오후 10시 만나볼 수 있다. '장사의 신 객주 2015' 김민정 온라인 중앙일보",
				"subjectConsistencyYn": "N"
			}
		],
		"clickbaitClass": 0
	}
}