{
	"sourceDataInfo": {
		"newsID": "ET_M13_490298",
		"newsCategory": "연예",
		"newsSubcategory": "방송",
		"newsTitle": "OBS, 장애인기업종합지원센터와 MOU",
		"newsSubTitle": "",
		"newsContent": "OBS 경인TV가 재단법인 장애인기업종합지원센터와 업무협약을 체결했다.\nOBS는 14일 경기도 부천시 오정동 OBS 본사에서 ‘장애인기업 인식개선 및 판로개척’을 지원하기 위한 업무협약을 맺었다.\n협약식에는 서기영 장애인기업종합지원센터 이사장과 김학균 OBS 대표이사 등 관계자들이 참석했다.\n이번 협약은 장애인 자립기반 제공을 위한 중장기적 관점을 가치협력과 공유체계 구축을 위해 마련됐으며, 장애인기업종합지원센터는 유망 장애인기업 추천 및 정책소개, OBS는 장애인기업 마케팅지원 및 판로개척, 인식개선 캠페인을 중점적으로 지원할 계획이다.\n이에 따라 장애인기업종합지원센터와 OBS는 장애인기업의 가치와 제품 경쟁력을 널리 알릴 수 있는 캠페인을 기획해 장애인기업의 직접적인 마케팅과 판로개척을 밀착지원해 안정적이 기업활동 및 경제주체로서의 자립기회를 제공한다는 방침이다.\n서기영 장애인기업종합지원센터 이사장은 “장애인기업이 약 10만 여개임에도 영세 소상공인 비율이 93.2%로 여전히 마케팅과 판로개척에 어려움을 겪는 기업이 많다”면서 “이번 협약을 계기로 현장의 목소리를 듣고, 다양한 지원사업 모델을 발굴해 장애인기업이 중소·중견기업으로 성장하는데 도움을 줄 것”이라고 밝혔다.",
		"partNum": "P2",
		"useType": 0,
		"processType": "A",
		"processPattern": "99",
		"processLevel": "하",
		"sentenceCount": 6,
		"processSentencenum": 1,
		"sentenceInfo": [
			{
				"sentenceNo": 1,
				"sentenceContent": "OBS 경인TV가 재단법인 장애인기업종합지원센터와 업무협약을 체결했다.",
				"sentenceSize": 39
			},
			{
				"sentenceNo": 2,
				"sentenceContent": "OBS는 14일 경기도 부천시 오정동 OBS 본사에서 ‘장애인기업 인식개선 및 판로개척’을 지원하기 위한 업무협약을 맺었다.",
				"sentenceSize": 69
			},
			{
				"sentenceNo": 3,
				"sentenceContent": "협약식에는 서기영 장애인기업종합지원센터 이사장과 김학균 OBS 대표이사 등 관계자들이 참석했다.",
				"sentenceSize": 53
			},
			{
				"sentenceNo": 4,
				"sentenceContent": "이번 협약은 장애인 자립기반 제공을 위한 중장기적 관점을 가치협력과 공유체계 구축을 위해 마련됐으며, 장애인기업종합지원센터는 유망 장애인기업 추천 및 정책소개, OBS는 장애인기업 마케팅지원 및 판로개척, 인식개선 캠페인을 중점적으로 지원할 계획이다.",
				"sentenceSize": 140
			},
			{
				"sentenceNo": 5,
				"sentenceContent": "이에 따라 장애인기업종합지원센터와 OBS는 장애인기업의 가치와 제품 경쟁력을 널리 알릴 수 있는 캠페인을 기획해 장애인기업의 직접적인 마케팅과 판로개척을 밀착지원해 안정적이 기업활동 및 경제주체로서의 자립기회를 제공한다는 방침이다.",
				"sentenceSize": 129
			},
			{
				"sentenceNo": 6,
				"sentenceContent": "서기영 장애인기업종합지원센터 이사장은 “장애인기업이 약 10만 여개임에도 영세 소상공인 비율이 93.2%로 여전히 마케팅과 판로개척에 어려움을 겪는 기업이 많다”면서 “이번 협약을 계기로 현장의 목소리를 듣고, 다양한 지원사업 모델을 발굴해 장애인기업이 중소·중견기업으로 성장하는데 도움을 줄 것”이라고 밝혔다.",
				"sentenceSize": 174
			}
		]
	},
	"labeledDataInfo": {
		"processSentenceInfo": [
			{
				"sentenceNo": 1,
				"sentenceContent": "OBS 경인TV가 재단법인 장애인기업종합지원센터와 업무협약을 체결했다.",
				"subjectConsistencyYn": "Y"
			},
			{
				"sentenceNo": 2,
				"sentenceContent": "OBS는 14일 경기도 부천시 오정동 OBS 본사에서 ‘장애인기업 인식개선 및 판로개척’을 지원하기 위한 업무협약을 맺었다.",
				"subjectConsistencyYn": "Y"
			},
			{
				"sentenceNo": 3,
				"sentenceContent": "협약식에는 서기영 장애인기업종합지원센터 이사장과 김학균 OBS 대표이사 등 관계자들이 참석했다.",
				"subjectConsistencyYn": "Y"
			},
			{
				"sentenceNo": 4,
				"sentenceContent": "이번 협약은 장애인 자립기반 제공을 위한 중장기적 관점을 가치협력과 공유체계 구축을 위해 마련됐으며, 장애인기업종합지원센터는 유망 장애인기업 추천 및 정책소개, OBS는 장애인기업 마케팅지원 및 판로개척, 인식개선 캠페인을 중점적으로 지원할 계획이다.",
				"subjectConsistencyYn": "Y"
			},
			{
				"sentenceNo": 5,
				"sentenceContent": "이에 따라 장애인기업종합지원센터와 OBS는 장애인기업의 가치와 제품 경쟁력을 널리 알릴 수 있는 캠페인을 기획해 장애인기업의 직접적인 마케팅과 판로개척을 밀착지원해 안정적이 기업활동 및 경제주체로서의 자립기회를 제공한다는 방침이다.",
				"subjectConsistencyYn": "Y"
			},
			{
				"sentenceNo": 6,
				"sentenceContent": "변기수는 “1라운드 탈락은 없다. 오랫동안 살아남겠다. 시청자들이 ‘개그가 그리웠어’라는 생각이 들도록 최선을 다하겠다”며 열정과 의욕을 불태웠다. ‘개승자’는 지난해 6월 종영한 KBS 정통 코미디 프로그램 ‘개그콘서트’ 이후 KBS 및 지상파 방송사에서 약 1년 반 만에 새롭게 제작되는 코미디 프로그램이다.",
				"subjectConsistencyYn": "N"
			},
			{
				"sentenceNo": 7,
				"sentenceContent": "코미디언들이 팀을 이뤄 다음 라운드 진출 및 최종 우승을 위해 치열한 경쟁을 펼치는 서바이벌 방식으로 진행되며, 매 라운드 시청자 개그 판정단의 투표로 생존 결과가 좌우된다.",
				"subjectConsistencyYn": "N"
			},
			{
				"sentenceNo": 8,
				"sentenceContent": "한편 ‘개승자’는 오는 11월 13일 오후 10시 30분 첫 방송된다.",
				"subjectConsistencyYn": "N"
			}
		],
		"clickbaitClass": 0
	}
}