{
	"sourceDataInfo": {
		"newsID": "ET_M13_490791",
		"newsCategory": "연예",
		"newsSubcategory": "연예일반",
		"newsTitle": "윤영미, 8㎏ 다이어트 후 세월 역행 “대학생 때 체중이죠”",
		"newsSubTitle": "",
		"newsContent": "윤영미 아나운서가 화제다.\n그는 지난 10월 체중감량 사실을 밝힌 바 있다.\n당시 “나이는 못 줄여도 체중은 줄여야지”라고 말한 그는 6주 만에 8㎏ 감량 소식을 전했다.\n22일 자신의 SNS계정을 통해 “6주 만에 8㎏ 다이어트 성공! 아까워서 버리지도 못하고 묵혀 뒀던 15년 전 원피스가 맞을 때의 짜릿함이란” 글을 시작으로 붉은색 원피스를 입고 체중감량 전후 사진을 올린 그다.\n특히 “대학생 때 몸무게로 돌아가니 몸도 마음도 젊어진 기분이네요”라는 말을 남겨 체중 감량에 대한 만족감을 전했다.\n또한 감량 후 주변에서 ‘나이가 60인데 어떻게 지금이 제일 예쁘냐’는 말을 제일 많이 듣는다고 말한 윤영미는 “지금 몸무게가 대학생 때 몸무게다. 체중이 내려가니 몸도 마음도 대학생 때로 돌아간 것 같은 기분이 들면서 요즘 삶에 새로운 희망이 생기고 세월을 역행하고 있다는 느낌이 든다”라고 전했다.\n윤영미는 “여자 나이 60이 되면 인생에 저무는 해라는 생각을 많이 하게 되는데 체중 감량에 성공한 후 내 일상이 바뀌는 걸 경험하니 저무는 해가 아닌 이제부터 떠오르는 태양 같은 존재가 되는 것 같다”며 감량 후 소감을 전했다.\n이어 동년배들에게도 희망의 메시지를 전했다.\n그는 “60이라는 나이가 결코 포기해야 하는 나이가 아니니 포기하지 마시고 저처럼 도전하셔서 꼭 새롭게 펼쳐지는 인생의 기쁨을 경험하실 수 있었으면 좋겠다”고 말했다.",
		"partNum": "P2",
		"useType": 0,
		"processType": "A",
		"processPattern": "99",
		"processLevel": "하",
		"sentenceCount": 9,
		"processSentencenum": 1,
		"sentenceInfo": [
			{
				"sentenceNo": 1,
				"sentenceContent": "윤영미 아나운서가 화제다.",
				"sentenceSize": 14
			},
			{
				"sentenceNo": 2,
				"sentenceContent": "그는 지난 10월 체중감량 사실을 밝힌 바 있다.",
				"sentenceSize": 27
			},
			{
				"sentenceNo": 3,
				"sentenceContent": "당시 “나이는 못 줄여도 체중은 줄여야지”라고 말한 그는 6주 만에 8㎏ 감량 소식을 전했다.",
				"sentenceSize": 52
			},
			{
				"sentenceNo": 4,
				"sentenceContent": "22일 자신의 SNS계정을 통해 “6주 만에 8㎏ 다이어트 성공! 아까워서 버리지도 못하고 묵혀 뒀던 15년 전 원피스가 맞을 때의 짜릿함이란” 글을 시작으로 붉은색 원피스를 입고 체중감량 전후 사진을 올린 그다.",
				"sentenceSize": 119
			},
			{
				"sentenceNo": 5,
				"sentenceContent": "특히 “대학생 때 몸무게로 돌아가니 몸도 마음도 젊어진 기분이네요”라는 말을 남겨 체중 감량에 대한 만족감을 전했다.",
				"sentenceSize": 65
			},
			{
				"sentenceNo": 6,
				"sentenceContent": "또한 감량 후 주변에서 ‘나이가 60인데 어떻게 지금이 제일 예쁘냐’는 말을 제일 많이 듣는다고 말한 윤영미는 “지금 몸무게가 대학생 때 몸무게다. 체중이 내려가니 몸도 마음도 대학생 때로 돌아간 것 같은 기분이 들면서 요즘 삶에 새로운 희망이 생기고 세월을 역행하고 있다는 느낌이 든다”라고 전했다.",
				"sentenceSize": 168
			},
			{
				"sentenceNo": 7,
				"sentenceContent": "윤영미는 “여자 나이 60이 되면 인생에 저무는 해라는 생각을 많이 하게 되는데 체중 감량에 성공한 후 내 일상이 바뀌는 걸 경험하니 저무는 해가 아닌 이제부터 떠오르는 태양 같은 존재가 되는 것 같다”며 감량 후 소감을 전했다.",
				"sentenceSize": 128
			},
			{
				"sentenceNo": 8,
				"sentenceContent": "이어 동년배들에게도 희망의 메시지를 전했다.",
				"sentenceSize": 24
			},
			{
				"sentenceNo": 9,
				"sentenceContent": "그는 “60이라는 나이가 결코 포기해야 하는 나이가 아니니 포기하지 마시고 저처럼 도전하셔서 꼭 새롭게 펼쳐지는 인생의 기쁨을 경험하실 수 있었으면 좋겠다”고 말했다.",
				"sentenceSize": 93
			}
		]
	},
	"labeledDataInfo": {
		"processSentenceInfo": [
			{
				"sentenceNo": 1,
				"sentenceContent": "윤영미 아나운서가 화제다.",
				"subjectConsistencyYn": "Y"
			},
			{
				"sentenceNo": 2,
				"sentenceContent": "그는 지난 10월 체중감량 사실을 밝힌 바 있다.",
				"subjectConsistencyYn": "Y"
			},
			{
				"sentenceNo": 3,
				"sentenceContent": "당시 “나이는 못 줄여도 체중은 줄여야지”라고 말한 그는 6주 만에 8㎏ 감량 소식을 전했다.",
				"subjectConsistencyYn": "Y"
			},
			{
				"sentenceNo": 4,
				"sentenceContent": "22일 자신의 SNS계정을 통해 “6주 만에 8㎏ 다이어트 성공! 아까워서 버리지도 못하고 묵혀 뒀던 15년 전 원피스가 맞을 때의 짜릿함이란” 글을 시작으로 붉은색 원피스를 입고 체중감량 전후 사진을 올린 그다.",
				"subjectConsistencyYn": "Y"
			},
			{
				"sentenceNo": 5,
				"sentenceContent": "특히 “대학생 때 몸무게로 돌아가니 몸도 마음도 젊어진 기분이네요”라는 말을 남겨 체중 감량에 대한 만족감을 전했다.",
				"subjectConsistencyYn": "Y"
			},
			{
				"sentenceNo": 6,
				"sentenceContent": "또한 감량 후 주변에서 ‘나이가 60인데 어떻게 지금이 제일 예쁘냐’는 말을 제일 많이 듣는다고 말한 윤영미는 “지금 몸무게가 대학생 때 몸무게다. 체중이 내려가니 몸도 마음도 대학생 때로 돌아간 것 같은 기분이 들면서 요즘 삶에 새로운 희망이 생기고 세월을 역행하고 있다는 느낌이 든다”라고 전했다.",
				"subjectConsistencyYn": "Y"
			},
			{
				"sentenceNo": 7,
				"sentenceContent": "윤영미는 “여자 나이 60이 되면 인생에 저무는 해라는 생각을 많이 하게 되는데 체중 감량에 성공한 후 내 일상이 바뀌는 걸 경험하니 저무는 해가 아닌 이제부터 떠오르는 태양 같은 존재가 되는 것 같다”며 감량 후 소감을 전했다.",
				"subjectConsistencyYn": "Y"
			},
			{
				"sentenceNo": 8,
				"sentenceContent": "이어 동년배들에게도 희망의 메시지를 전했다.",
				"subjectConsistencyYn": "Y"
			},
			{
				"sentenceNo": 9,
				"sentenceContent": "전화연결로 시작했다가 스튜디오에 초대돼 청취자 상담까지 하게 됐다는 것. 이어 김생민은 “그때 나도 모르게 ‘스튜핏’이라고 외쳤는데 반응이 좋았다”라고 말했다.",
				"subjectConsistencyYn": "N"
			}
		],
		"clickbaitClass": 0
	}
}