{
	"sourceDataInfo": {
		"newsID": "ET_M13_490801",
		"newsCategory": "연예",
		"newsSubcategory": "연예일반",
		"newsTitle": "장윤주의 스물셋 “거침없고 위태로웠던 나”",
		"newsSubTitle": "",
		"newsContent": "모델 겸 배우 장윤주가 추억에 젖었다.\n장윤주는 22일 자신의 인스타그램에 “필름으로 화보 찍던 시절. 지금 보니 아름답네요”라는 글과 함께 사진 여러 장을 공개했다.\n공개된 사진에는 앳된 얼굴을 한 스물셋 장윤주의 모습이 담겼다.\n그는 화장기 없는 수수한 얼굴에 다채로운 표정을 얹고 있다.\n또한 거침없는 동작과 위태로운 분위기가 지금과 다른 색다른 느낌을 선사한다.\n장윤주는 “맞아요. 필름 카메라예요. 스물셋이었고요. 한 편의 영화처럼. 필름으로 화보를 찍던 시절. 지금 보니 아름답네요. 보정도 없고. 사진 찍히는 과정도 못 보고, 프린트를 거쳐 잡지에 실렸다”고 말했다.\n이어 “저 땐 먹어도 살도 안 찌고, 젊음을 무기로 거침없고 똘끼로 가득했던 위태로운 20대의 나. 얼마 전 올린 사진 보고 좋아해 주셔서 피드에 올려봅니다”라고 덧붙였다.\n장윤주는 1997년 패션쇼 SFAA 컬랙션으로 데뷔해 국내를 넘어 세계에서 인정받는 모델로 성공했다.\n이후 2015년 영화 ‘베테랑’으로 연기 활동을 시작한 그는 첫 영화임에도 안정적이고 유쾌한 연기를 선보여 1300만 관객을 동원하는데 일조했다.\n최근에는 넷플릭스 오리지널 시리즈 ‘종이의 집’ 한국판에 ‘나이로비’ 역으로 캐스팅됐다는 소식을 알려 화제를 모았다.",
		"partNum": "P2",
		"useType": 0,
		"processType": "A",
		"processPattern": "99",
		"processLevel": "하",
		"sentenceCount": 10,
		"processSentencenum": 3,
		"sentenceInfo": [
			{
				"sentenceNo": 1,
				"sentenceContent": "모델 겸 배우 장윤주가 추억에 젖었다.",
				"sentenceSize": 21
			},
			{
				"sentenceNo": 2,
				"sentenceContent": "장윤주는 22일 자신의 인스타그램에 “필름으로 화보 찍던 시절. 지금 보니 아름답네요”라는 글과 함께 사진 여러 장을 공개했다.",
				"sentenceSize": 71
			},
			{
				"sentenceNo": 3,
				"sentenceContent": "공개된 사진에는 앳된 얼굴을 한 스물셋 장윤주의 모습이 담겼다.",
				"sentenceSize": 35
			},
			{
				"sentenceNo": 4,
				"sentenceContent": "그는 화장기 없는 수수한 얼굴에 다채로운 표정을 얹고 있다.",
				"sentenceSize": 33
			},
			{
				"sentenceNo": 5,
				"sentenceContent": "또한 거침없는 동작과 위태로운 분위기가 지금과 다른 색다른 느낌을 선사한다.",
				"sentenceSize": 42
			},
			{
				"sentenceNo": 6,
				"sentenceContent": "장윤주는 “맞아요. 필름 카메라예요. 스물셋이었고요. 한 편의 영화처럼. 필름으로 화보를 찍던 시절. 지금 보니 아름답네요. 보정도 없고. 사진 찍히는 과정도 못 보고, 프린트를 거쳐 잡지에 실렸다”고 말했다.",
				"sentenceSize": 117
			},
			{
				"sentenceNo": 7,
				"sentenceContent": "이어 “저 땐 먹어도 살도 안 찌고, 젊음을 무기로 거침없고 똘끼로 가득했던 위태로운 20대의 나. 얼마 전 올린 사진 보고 좋아해 주셔서 피드에 올려봅니다”라고 덧붙였다.",
				"sentenceSize": 96
			},
			{
				"sentenceNo": 8,
				"sentenceContent": "장윤주는 1997년 패션쇼 SFAA 컬랙션으로 데뷔해 국내를 넘어 세계에서 인정받는 모델로 성공했다.",
				"sentenceSize": 56
			},
			{
				"sentenceNo": 9,
				"sentenceContent": "이후 2015년 영화 ‘베테랑’으로 연기 활동을 시작한 그는 첫 영화임에도 안정적이고 유쾌한 연기를 선보여 1300만 관객을 동원하는데 일조했다.",
				"sentenceSize": 81
			},
			{
				"sentenceNo": 10,
				"sentenceContent": "최근에는 넷플릭스 오리지널 시리즈 ‘종이의 집’ 한국판에 ‘나이로비’ 역으로 캐스팅됐다는 소식을 알려 화제를 모았다.",
				"sentenceSize": 65
			}
		]
	},
	"labeledDataInfo": {
		"processSentenceInfo": [
			{
				"sentenceNo": 1,
				"sentenceContent": "모델 겸 배우 장윤주가 추억에 젖었다.",
				"subjectConsistencyYn": "Y"
			},
			{
				"sentenceNo": 2,
				"sentenceContent": "장윤주는 22일 자신의 인스타그램에 “필름으로 화보 찍던 시절. 지금 보니 아름답네요”라는 글과 함께 사진 여러 장을 공개했다.",
				"subjectConsistencyYn": "Y"
			},
			{
				"sentenceNo": 3,
				"sentenceContent": "공개된 사진에는 앳된 얼굴을 한 스물셋 장윤주의 모습이 담겼다.",
				"subjectConsistencyYn": "Y"
			},
			{
				"sentenceNo": 4,
				"sentenceContent": "그는 화장기 없는 수수한 얼굴에 다채로운 표정을 얹고 있다.",
				"subjectConsistencyYn": "Y"
			},
			{
				"sentenceNo": 5,
				"sentenceContent": "또한 거침없는 동작과 위태로운 분위기가 지금과 다른 색다른 느낌을 선사한다.",
				"subjectConsistencyYn": "Y"
			},
			{
				"sentenceNo": 6,
				"sentenceContent": "장윤주는 “맞아요. 필름 카메라예요. 스물셋이었고요. 한 편의 영화처럼. 필름으로 화보를 찍던 시절. 지금 보니 아름답네요. 보정도 없고. 사진 찍히는 과정도 못 보고, 프린트를 거쳐 잡지에 실렸다”고 말했다.",
				"subjectConsistencyYn": "Y"
			},
			{
				"sentenceNo": 7,
				"sentenceContent": "이어 “저 땐 먹어도 살도 안 찌고, 젊음을 무기로 거침없고 똘끼로 가득했던 위태로운 20대의 나. 얼마 전 올린 사진 보고 좋아해 주셔서 피드에 올려봅니다”라고 덧붙였다.",
				"subjectConsistencyYn": "Y"
			},
			{
				"sentenceNo": 8,
				"sentenceContent": "블랙넛은 이번 채팅 인증샷과 함께 신곡의 자극적인 가사로 인해 선정성 논란에 휩싸일 것으로 보여진다.",
				"subjectConsistencyYn": "N"
			},
			{
				"sentenceNo": 9,
				"sentenceContent": "블랙넛 가가라이브 온라인 중앙일보 블랙넛 가가라이브 [사진 블랙넛 인스타그램]",
				"subjectConsistencyYn": "N"
			}
		],
		"clickbaitClass": 0
	}
}