{
	"sourceDataInfo": {
		"newsID": "ET_M13_490759",
		"newsCategory": "연예",
		"newsSubcategory": "방송",
		"newsTitle": "‘지구in’ 표창원, 현재진행형 복수의 정체는",
		"newsSubTitle": "",
		"newsContent": "배성재와 표창원이 자신만의 복수방법을 공개해 눈길을 모은다.\n오늘(21일) 밤 8시 30분 방송되는 SBS플러스 ‘세상의 모든 사건 지구in’(이하 ‘지구in’)에서는 대리만족을 제대로 느끼게 해줄 전 세계 복수에 대한 모든 것이 공개된다.\n배성재는 “웬만한 일은 용서하지만, 복수를 해야 한다면 10배로 한다”는 소신을 드러낸다.\n이어 여행을 갔다가 현지에서 스노클링을 하던 중 어깨가 빠진 사고를 회상하던 배성재는 그곳의 모든 식재료를 먹어 치우는 복수를 계획 중이라 전해 웃음을 안긴다.\n또 표창원이 자신의 복수는 현재진행형이라는 무시무시한 발언을 해 주목을 받기도 한다.\n표창원은 과거 자신을 심하게 괴롭히다 못해 충격적인 행동을 한 선배가 있었다고 밝힌다.\n지금도 진행 중인 표창원만의 복수법은 이날 방송에서 볼 수 있다.\n각 나라의 글로벌 조사단이 직접 이야기해주는 전 세계 사건 사고, SBS플러스 ‘세상의 모든 사건 지구in’은 오늘(21일) 밤 8시 30분 방송된다.",
		"partNum": "P2",
		"useType": 0,
		"processType": "A",
		"processPattern": "99",
		"processLevel": "하",
		"sentenceCount": 8,
		"processSentencenum": 2,
		"sentenceInfo": [
			{
				"sentenceNo": 1,
				"sentenceContent": "배성재와 표창원이 자신만의 복수방법을 공개해 눈길을 모은다.",
				"sentenceSize": 33
			},
			{
				"sentenceNo": 2,
				"sentenceContent": "오늘(21일) 밤 8시 30분 방송되는 SBS플러스 ‘세상의 모든 사건 지구in’(이하 ‘지구in’)에서는 대리만족을 제대로 느끼게 해줄 전 세계 복수에 대한 모든 것이 공개된다.",
				"sentenceSize": 100
			},
			{
				"sentenceNo": 3,
				"sentenceContent": "배성재는 “웬만한 일은 용서하지만, 복수를 해야 한다면 10배로 한다”는 소신을 드러낸다.",
				"sentenceSize": 50
			},
			{
				"sentenceNo": 4,
				"sentenceContent": "이어 여행을 갔다가 현지에서 스노클링을 하던 중 어깨가 빠진 사고를 회상하던 배성재는 그곳의 모든 식재료를 먹어 치우는 복수를 계획 중이라 전해 웃음을 안긴다.",
				"sentenceSize": 89
			},
			{
				"sentenceNo": 5,
				"sentenceContent": "또 표창원이 자신의 복수는 현재진행형이라는 무시무시한 발언을 해 주목을 받기도 한다.",
				"sentenceSize": 47
			},
			{
				"sentenceNo": 6,
				"sentenceContent": "표창원은 과거 자신을 심하게 괴롭히다 못해 충격적인 행동을 한 선배가 있었다고 밝힌다.",
				"sentenceSize": 48
			},
			{
				"sentenceNo": 7,
				"sentenceContent": "지금도 진행 중인 표창원만의 복수법은 이날 방송에서 볼 수 있다.",
				"sentenceSize": 36
			},
			{
				"sentenceNo": 8,
				"sentenceContent": "각 나라의 글로벌 조사단이 직접 이야기해주는 전 세계 사건 사고, SBS플러스 ‘세상의 모든 사건 지구in’은 오늘(21일) 밤 8시 30분 방송된다.",
				"sentenceSize": 84
			}
		]
	},
	"labeledDataInfo": {
		"processSentenceInfo": [
			{
				"sentenceNo": 1,
				"sentenceContent": "배성재와 표창원이 자신만의 복수방법을 공개해 눈길을 모은다.",
				"subjectConsistencyYn": "Y"
			},
			{
				"sentenceNo": 2,
				"sentenceContent": "오늘(21일) 밤 8시 30분 방송되는 SBS플러스 ‘세상의 모든 사건 지구in’(이하 ‘지구in’)에서는 대리만족을 제대로 느끼게 해줄 전 세계 복수에 대한 모든 것이 공개된다.",
				"subjectConsistencyYn": "Y"
			},
			{
				"sentenceNo": 3,
				"sentenceContent": "배성재는 “웬만한 일은 용서하지만, 복수를 해야 한다면 10배로 한다”는 소신을 드러낸다.",
				"subjectConsistencyYn": "Y"
			},
			{
				"sentenceNo": 4,
				"sentenceContent": "이어 여행을 갔다가 현지에서 스노클링을 하던 중 어깨가 빠진 사고를 회상하던 배성재는 그곳의 모든 식재료를 먹어 치우는 복수를 계획 중이라 전해 웃음을 안긴다.",
				"subjectConsistencyYn": "Y"
			},
			{
				"sentenceNo": 5,
				"sentenceContent": "또 표창원이 자신의 복수는 현재진행형이라는 무시무시한 발언을 해 주목을 받기도 한다.",
				"subjectConsistencyYn": "Y"
			},
			{
				"sentenceNo": 6,
				"sentenceContent": "표창원은 과거 자신을 심하게 괴롭히다 못해 충격적인 행동을 한 선배가 있었다고 밝힌다.",
				"subjectConsistencyYn": "Y"
			},
			{
				"sentenceNo": 7,
				"sentenceContent": "온라인 중앙일보 식사 이정진[사진 SBS '식사하셨어요?' 방송화면 캡처]",
				"subjectConsistencyYn": "N"
			}
		],
		"clickbaitClass": 0
	}
}