{
	"sourceDataInfo": {
		"newsID": "ET_M13_490678",
		"newsCategory": "연예",
		"newsSubcategory": "방송",
		"newsTitle": "‘무엇이든 물어보살’, 제3회 보살 배 ‘쇼미더 남친’ 개최",
		"newsSubTitle": "",
		"newsContent": "드라마보다 더 설레는 2021 ‘보살팅’이 시작된다.\n20일 오후 8시 30분 방송되는 KBS조이 예능프로그램 ‘무엇이든 물어보살’ 144회에서는 ‘2021 물어보살 솔로 특집 보살팅’이 진행된다.\n방송에서는 사전 심사로 선정된 20명의 쏠남들이 보살들 앞에서 치열한 예선전을 치른다.\n보살 이수근과 서장훈은 각각 2명의 쏠남과 와일드 카드 1명까지 총 5명을 선발하는 방식으로 ‘쇼미더 남친’ 코너를 진행한다. 20명의 쏠남들이 ‘보살팅’에서 각양각색의 매력을 뽐내는 가운데, 한 참가자는 귀여운 외모와 감미로운 노래 실력으로 설렘 지수를 높이고, 이수근은 이 참가자에게 “개인기만 보다 OO이 좋다”라고 평가했다고 해 궁금증을 유발시킨다.\n이번 보살팅에는 보살들과 구면인 참가자들도 참가한다고. 특히 과거 외모로 많은 주목을 받은 한 참가자의 출연에 서장훈은 “얼굴이 조금 바뀌었는데 인물이 좋다”라며 반가워한다.\n이수근을 업고 푸시업을 거뜬히 성공한 참가자는 물론, 각종 악기와 비보잉, 브레이크 댄스 등으로 매력을 어필하는 참가자들이 등장하고, 서장훈과 이수근은 “잘한다”, “좋다”라며 감탄사를 연발한다.\n이수근은 목걸이 하나를 남겨놓고 마지막까지 고민했다는 후문이다.\n과연 이수근의 마지막 남은 목걸이의 행방은 어디로 갈까.\n이어 쏠남들과 쏠녀들의 설레는 첫 만남까지 공개될 ‘무엇이든 물어보살’ 144회는 20일 밤 8시 30분 방송된다.\nKBS조이는 Skylife 1번, SK Btv 80번, LG U+tv 1번, KT olleh tv 41번 그리고 KBS 모바일 앱 ‘my K’에서 시청할 수 있으며, 지역별 케이블 채널 번호는 KBS N 홈페이지에서 확인할 수 있다. ‘무엇이든 물어보살’의 더 많은 영상은 주요 온라인 채널(유튜브, 페이스북 등) 및 포털 사이트에서도 찾아볼 수 있다.",
		"partNum": "P2",
		"useType": 0,
		"processType": "A",
		"processPattern": "99",
		"processLevel": "하",
		"sentenceCount": 10,
		"processSentencenum": 2,
		"sentenceInfo": [
			{
				"sentenceNo": 1,
				"sentenceContent": "드라마보다 더 설레는 2021 ‘보살팅’이 시작된다.",
				"sentenceSize": 29
			},
			{
				"sentenceNo": 2,
				"sentenceContent": "20일 오후 8시 30분 방송되는 KBS조이 예능프로그램 ‘무엇이든 물어보살’ 144회에서는 ‘2021 물어보살 솔로 특집 보살팅’이 진행된다.",
				"sentenceSize": 80
			},
			{
				"sentenceNo": 3,
				"sentenceContent": "방송에서는 사전 심사로 선정된 20명의 쏠남들이 보살들 앞에서 치열한 예선전을 치른다.",
				"sentenceSize": 48
			},
			{
				"sentenceNo": 4,
				"sentenceContent": "보살 이수근과 서장훈은 각각 2명의 쏠남과 와일드 카드 1명까지 총 5명을 선발하는 방식으로 ‘쇼미더 남친’ 코너를 진행한다. 20명의 쏠남들이 ‘보살팅’에서 각양각색의 매력을 뽐내는 가운데, 한 참가자는 귀여운 외모와 감미로운 노래 실력으로 설렘 지수를 높이고, 이수근은 이 참가자에게 “개인기만 보다 OO이 좋다”라고 평가했다고 해 궁금증을 유발시킨다.",
				"sentenceSize": 199
			},
			{
				"sentenceNo": 5,
				"sentenceContent": "이번 보살팅에는 보살들과 구면인 참가자들도 참가한다고. 특히 과거 외모로 많은 주목을 받은 한 참가자의 출연에 서장훈은 “얼굴이 조금 바뀌었는데 인물이 좋다”라며 반가워한다.",
				"sentenceSize": 97
			},
			{
				"sentenceNo": 6,
				"sentenceContent": "이수근을 업고 푸시업을 거뜬히 성공한 참가자는 물론, 각종 악기와 비보잉, 브레이크 댄스 등으로 매력을 어필하는 참가자들이 등장하고, 서장훈과 이수근은 “잘한다”, “좋다”라며 감탄사를 연발한다.",
				"sentenceSize": 109
			},
			{
				"sentenceNo": 7,
				"sentenceContent": "이수근은 목걸이 하나를 남겨놓고 마지막까지 고민했다는 후문이다.",
				"sentenceSize": 35
			},
			{
				"sentenceNo": 8,
				"sentenceContent": "과연 이수근의 마지막 남은 목걸이의 행방은 어디로 갈까.",
				"sentenceSize": 31
			},
			{
				"sentenceNo": 9,
				"sentenceContent": "이어 쏠남들과 쏠녀들의 설레는 첫 만남까지 공개될 ‘무엇이든 물어보살’ 144회는 20일 밤 8시 30분 방송된다.",
				"sentenceSize": 64
			},
			{
				"sentenceNo": 10,
				"sentenceContent": "KBS조이는 Skylife 1번, SK Btv 80번, LG U+tv 1번, KT olleh tv 41번 그리고 KBS 모바일 앱 ‘my K’에서 시청할 수 있으며, 지역별 케이블 채널 번호는 KBS N 홈페이지에서 확인할 수 있다. ‘무엇이든 물어보살’의 더 많은 영상은 주요 온라인 채널(유튜브, 페이스북 등) 및 포털 사이트에서도 찾아볼 수 있다.",
				"sentenceSize": 197
			}
		]
	},
	"labeledDataInfo": {
		"processSentenceInfo": [
			{
				"sentenceNo": 1,
				"sentenceContent": "드라마보다 더 설레는 2021 ‘보살팅’이 시작된다.",
				"subjectConsistencyYn": "Y"
			},
			{
				"sentenceNo": 2,
				"sentenceContent": "20일 오후 8시 30분 방송되는 KBS조이 예능프로그램 ‘무엇이든 물어보살’ 144회에서는 ‘2021 물어보살 솔로 특집 보살팅’이 진행된다.",
				"subjectConsistencyYn": "Y"
			},
			{
				"sentenceNo": 3,
				"sentenceContent": "방송에서는 사전 심사로 선정된 20명의 쏠남들이 보살들 앞에서 치열한 예선전을 치른다.",
				"subjectConsistencyYn": "Y"
			},
			{
				"sentenceNo": 4,
				"sentenceContent": "보살 이수근과 서장훈은 각각 2명의 쏠남과 와일드 카드 1명까지 총 5명을 선발하는 방식으로 ‘쇼미더 남친’ 코너를 진행한다. 20명의 쏠남들이 ‘보살팅’에서 각양각색의 매력을 뽐내는 가운데, 한 참가자는 귀여운 외모와 감미로운 노래 실력으로 설렘 지수를 높이고, 이수근은 이 참가자에게 “개인기만 보다 OO이 좋다”라고 평가했다고 해 궁금증을 유발시킨다.",
				"subjectConsistencyYn": "Y"
			},
			{
				"sentenceNo": 5,
				"sentenceContent": "이번 보살팅에는 보살들과 구면인 참가자들도 참가한다고. 특히 과거 외모로 많은 주목을 받은 한 참가자의 출연에 서장훈은 “얼굴이 조금 바뀌었는데 인물이 좋다”라며 반가워한다.",
				"subjectConsistencyYn": "Y"
			},
			{
				"sentenceNo": 6,
				"sentenceContent": "이수근을 업고 푸시업을 거뜬히 성공한 참가자는 물론, 각종 악기와 비보잉, 브레이크 댄스 등으로 매력을 어필하는 참가자들이 등장하고, 서장훈과 이수근은 “잘한다”, “좋다”라며 감탄사를 연발한다.",
				"subjectConsistencyYn": "Y"
			},
			{
				"sentenceNo": 7,
				"sentenceContent": "이수근은 목걸이 하나를 남겨놓고 마지막까지 고민했다는 후문이다.",
				"subjectConsistencyYn": "Y"
			},
			{
				"sentenceNo": 8,
				"sentenceContent": "과연 이수근의 마지막 남은 목걸이의 행방은 어디로 갈까.",
				"subjectConsistencyYn": "Y"
			},
			{
				"sentenceNo": 9,
				"sentenceContent": "이 영화에서 주연을 맡은 세 배우는 이듬해 열린 팜 스프링스 국제 영화제에서 남우주연상을 수상하는 쾌거를 올리는 등 화제를 모았다.",
				"subjectConsistencyYn": "N"
			}
		],
		"clickbaitClass": 0
	}
}